timestamp, 1450, 408, -9934, 742, 494, -2051, -1128, 36535
3024.5, 1654, 297, -9896, 833, 104, -2550, -1124, 36531
3028.2, 1640, 297, -9896, 833, 104, -2550, -1124, 36533
3034.0, 1663, 308, -9978, 827, 109, -3141, -1001, 36546
3036.2, 1390, 308, -9978, 827, 109, -3141, -1001, 36546
3038.5, 1446, 308, -9978, 827, 109, -3141, -1001, 36546
3044.2, 1644, 302, -9964, 742, -43, -4751, -1093, 36527
3046.4, 1394, 302, -9964, 742, -43, -4751, -1093, 36527
3050.7, 1622, 431, -9899, 774, 74, -5521, -822, 36527
3054.5, 1605, 431, -9899, 774, 74, -5521, -822, 36521
3056.8, 1430, 431, -9899, 774, 74, -5521, -822, 36521
3062.6, 1711, 534, -10022, 688, 411, -5057, -498, 36537
3066.3, 1608, 534, -10022, 688, 411, -5057, -498, 36528
3070.6, 1637, 499, -10085, 647, 883, -3377, -358, 36528
3074.3, 1640, 499, -10085, 647, 883, -3377, -358, 36524
3076.6, 1408, 499, -10085, 647, 883, -3377, -358, 36524
3080.9, 1622, 469, -9966, 815, 1312, -1540, -669, 36524
3084.6, 1615, 469, -9966, 815, 1312, -1540, -669, 36547
3086.9, 1426, 469, -9966, 815, 1312, -1540, -669, 36547
3092.6, 1700, 396, -9926, 774, 1290, -1216, -953, 36558
3096.3, 1612, 396, -9926, 774, 1290, -1216, -953, 36555
3100.6, 1614, 406, -9885, 862, 1802, -2025, -783, 36555
3104.4, 1627, 406, -9885, 862, 1802, -2025, -783, 36554
3108.6, 1696, 369, -9885, 792, 1780, -3246, -542, 36554
3112.3, 1633, 369, -9885, 792, 1780, -3246, -542, 36527
3116.1, 1600, 369, -9885, 792, 1780, -3246, -542, 36567
3120.3, 1628, 272, -9906, 707, 1150, -3915, -406, 36567
3124.1, 1651, 272, -9906, 707, 1150, -3915, -406, 36566
3128.3, 1715, 333, -9912, 794, 831, -4471, -542, 36566
3132.0, 1625, 333, -9912, 794, 831, -4471, -542, 36577
3135.7, 1576, 333, -9912, 794, 831, -4471, -542, 36599
3140.0, 1652, 424, -9891, 762, 735, -4571, -459, 36599
3143.7, 1688, 424, -9891, 762, 735, -4571, -459, 36573
3147.9, 1689, 467, -9899, 658, 271, -4186, -564, 36573
3151.6, 1613, 467, -9899, 658, 271, -4186, -564, 36576
3153.9, 1453, 467, -9899, 658, 271, -4186, -564, 36576
3159.7, 1678, 409, -10012, 713, 109, -2563, -511, 36567
3163.4, 1647, 409, -10012, 713, 109, -2563, -511, 36552
3169.1, 1669, 444, -9978, 806, 345, -1719, -612, 36568
3172.8, 1660, 444, -9978, 806, 345, -1719, -612, 36571
3178.5, 1713, 427, -9926, 821, 783, -2826, -796, 36579
3182.2, 1628, 427, -9926, 821, 783, -2826, -796, 36599
3188.0, 1636, 403, -9918, 732, 240, -3985, -883, 36574
3191.7, 1582, 403, -9918, 732, 240, -3985, -883, 36574
3197.5, 1683, 344, -9975, 751, -170, -3390, -638, 36579
3201.2, 1576, 344, -9975, 751, -170, -3390, -638, 36578
3203.4, 1449, 344, -9975, 751, -170, -3390, -638, 36578
3209.2, 1680, 331, -10060, 820, -494, -2773, -923, 36573
3211.4, 1376, 331, -10060, 820, -494, -2773, -923, 36573
3215.6, 1609, 321, -10000, 824, -761, -3705, -1334, 36573
3219.3, 1617, 321, -10000, 824, -761, -3705, -1334, 36578
3221.6, 1366, 321, -10000, 824, -761, -3705, -1334, 36578
3225.8, 1633, 391, -9926, 681, -743, -4585, -1071, 36578
3229.5, 1632, 391, -9926, 681, -743, -4585, -1071, 36570
3231.8, 1407, 391, -9926, 681, -743, -4585, -1071, 36570
3236.0, 1617, 488, -9976, 680, -813, -3609, -231, 36570
3239.7, 1620, 488, -9976, 680, -813, -3609, -231, 36579
3242.0, 1408, 488, -9976, 680, -813, -3609, -231, 36579
3247.7, 1679, 451, -10015, 726, -1220, -2292, -87, 36599
3251.4, 1606, 451, -10015, 726, -1220, -2292, -87, 36562
3255.6, 1617, 449, -9975, 741, -1483, -2117, -809, 36562
3259.4, 1631, 449, -9975, 741, -1483, -2117, -809, 36582
3261.6, 1389, 449, -9975, 741, -1483, -2117, -809, 36582
3265.9, 1634, 409, -9911, 732, -1706, -2467, -1369, 36582
3269.7, 1638, 409, -9911, 732, -1706, -2467, -1369, 36560
3273.9, 1688, 439, -9920, 723, -1194, -2738, -1255, 36560
3277.6, 1650, 439, -9920, 723, -1194, -2738, -1255, 36550
3281.4, 1601, 439, -9920, 723, -1194, -2738, -1255, 36552
3285.7, 1625, 415, -9926, 724, -940, -2931, -1063, 36552
3289.4, 1661, 415, -9926, 724, -940, -2931, -1063, 36547
3293.6, 1684, 409, -10003, 723, -874, -2134, -577, 36547
3297.3, 1641, 409, -10003, 723, -874, -2134, -577, 36550
3301.1, 1596, 409, -10003, 723, -874, -2134, -577, 36550
3305.3, 1635, 446, -9927, 777, -594, -1378, -275, 36550
3309.0, 1642, 446, -9927, 777, -594, -1378, -275, 36554
3313.2, 1696, 417, -9914, 723, -713, -1281, -310, 36554
3317.0, 1608, 417, -9914, 723, -713, -1281, -310, 36587
3320.7, 1608, 417, -9914, 723, -713, -1281, -310, 36539
3324.9, 1652, 376, -9993, 759, -940, -953, -594, 36539
3328.7, 1664, 376, -9993, 759, -940, -953, -594, 36530
3332.9, 1658, 333, -9984, 857, -831, -818, -818, 36530
3336.6, 1595, 333, -9984, 857, -831, -818, -818, 36528
3338.9, 1464, 333, -9984, 857, -831, -818, -818, 36528
3344.6, 1659, 309, -9948, 858, -686, -1693, -1015, 36527
3348.3, 1658, 309, -9948, 858, -686, -1693, -1015, 36529
3354.1, 1691, 353, -9896, 750, -608, -2677, -770, 36563
3356.3, 1377, 353, -9896, 750, -608, -2677, -770, 36563
3358.6, 1446, 353, -9896, 750, -608, -2677, -770, 36563
3364.3, 1707, 440, -9927, 745, -621, -3198, -437, 36526
3366.5, 1382, 440, -9927, 745, -621, -3198, -437, 36526
3370.8, 1625, 440, -9927, 745, -621, -2922, -367, 36526
3374.5, 1628, 440, -9927, 745, -621, -2922, -367, 36517
3376.8, 1410, 440, -9927, 745, -621, -2922, -367, 36517
3382.5, 1653, 441, -9980, 732, -201, -1911, -538, 36527
3386.2, 1591, 441, -9980, 732, -201, -1911, -538, 36530
3390.5, 1643, 466, -10037, 724, -201, -1540, -818, 36530
3394.2, 1668, 466, -10037, 724, -201, -1540, -818, 36513
3396.5, 1376, 466, -10037, 724, -201, -1540, -818, 36513
3400.7, 1638, 488, -9979, 696, -603, -1163, -638, 36513
3404.4, 1678, 488, -9979, 696, -603, -1163, -638, 36515
3406.7, 1384, 488, -9979, 696, -603, -1163, -638, 36515
3410.9, 1637, 416, -9905, 793, -564, -853, -297, 36515
3414.6, 1625, 416, -9905, 793, -564, -853, -297, 36520
3418.9, 1654, 419, -9969, 793, -564, -853, -297, 36520
3422.6, 1645, 419, -9969, 793, -564, -853, -297, 36507
3426.4, 1604, 419, -9969, 793, -564, -853, -297, 36508
3430.6, 1623, 397, -10022, 588, -4, -1185, -695, 36508
3434.4, 1652, 397, -10022, 588, -4, -1185, -695, 36511
3438.6, 1690, 430, -9946, 588, -4, -1185, -695, 36511
3442.3, 1617, 430, -9946, 588, -4, -1185, -695, 36494
3446.1, 1619, 430, -9946, 588, -4, -1185, -695, 36506
3450.4, 1654, 471, -9960, 726, -861, 126, -323, 36506
3454.2, 1663, 471, -9960, 726, -861, 126, -323, 36530
3458.4, 1681, 421, -9970, 726, -861, 126, -323, 36530
3462.1, 1598, 421, -9970, 726, -861, 126, -323, 36513
3465.9, 1618, 421, -9970, 726, -861, 126, -323, 36486
3470.1, 1634, 396, -10061, 783, -826, 752, -1260, 36486
3473.9, 1682, 396, -10061, 783, -826, 752, -1260, 36496
3478.1, 1659, 396, -10015, 783, -826, 752, -1260, 36496
3481.8, 1597, 396, -10015, 783, -826, 752, -1260, 36489
3485.6, 1640, 396, -10015, 783, -826, 752, -1260, 36495
3489.8, 1689, 394, -9994, 733, -678, -1198, -861, 36495
3493.6, 1649, 394, -9994, 733, -678, -1198, -861, 36486
3497.9, 1663, 414, -9933, 733, -678, -1198, -861, 36486
3501.6, 1574, 414, -9933, 733, -678, -1198, -861, 36491
3503.9, 1416, 414, -9933, 733, -678, -1198, -861, 36491
3509.6, 1754, 467, -9958, 723, -612, -831, -975, 36510
3513.3, 1641, 467, -9958, 723, -612, -831, -975, 36484
3519.1, 1689, 446, -9958, 723, -612, -831, -975, 36463
3521.3, 1384, 446, -9958, 723, -612, -831, -975, 36463
3523.6, 1408, 446, -9958, 723, -612, -831, -975, 36463
3529.3, 1734, 485, -9986, 849, -914, -69, -1093, 36482
3531.5, 1428, 485, -9986, 849, -914, -69, -1093, 36482
3535.7, 1664, 410, -9993, 811, -1093, 157, -1470, 36482
3539.4, 1659, 410, -9993, 811, -1093, 157, -1470, 36485
3541.7, 1384, 410, -9993, 811, -1093, 157, -1470, 36485
3545.9, 1647, 262, -9964, 831, -1150, 542, -1763, 36485
3549.6, 1647, 262, -9964, 831, -1150, 542, -1763, 36480
3551.9, 1372, 262, -9964, 831, -1150, 542, -1763, 36480
3557.6, 1654, 198, -9941, 688, -1303, -542, -2108, 36482
3561.3, 1589, 198, -9941, 688, -1303, -542, -2108, 36477
3565.5, 1710, 396, -9867, 780, -966, -2515, -1990, 36477
3569.3, 1668, 396, -9867, 780, -966, -2515, -1990, 36484
3571.6, 1389, 396, -9867, 780, -966, -2515, -1990, 36484
3575.9, 1634, 600, -9912, 596, -1220, -3097, -980, 36484
3579.6, 1705, 600, -9912, 596, -1220, -3097, -980, 36470
3583.8, 1676, 731, -10048, 513, -857, -883, -402, 36470
3587.6, 1597, 731, -10048, 513, -857, -883, -402, 36479
3591.3, 1616, 731, -10048, 513, -857, -883, -402, 36473
3595.6, 1681, 710, -10034, 690, -660, 3119, -809, 36473
3599.3, 1651, 710, -10034, 690, -660, 3119, -809, 36493
3603.5, 1666, 489, -9867, 753, -857, 5096, -1894, 36493
3607.2, 1595, 489, -9867, 753, -857, 5096, -1894, 36480
3611.0, 1632, 489, -9867, 753, -857, 5096, -1894, 36465
3615.3, 1647, 226, -9947, 754, -1316, 4895, -2310, 36465
3619.0, 1645, 226, -9947, 754, -1316, 4895, -2310, 36477
3623.3, 1665, 88, -9940, 810, -1728, 3613, -1854, 36477
3627.0, 1604, 88, -9940, 810, -1728, 3613, -1854, 36467
3630.8, 1623, 88, -9940, 810, -1728, 3613, -1854, 36469
3635.0, 1704, 170, -9967, 869, -1671, 1115, -1106, 36469
3638.7, 1639, 170, -9967, 869, -1671, 1115, -1106, 36520
3642.9, 1637, 330, -10019, 783, -1653, -673, -546, 36520
3646.7, 1598, 330, -10019, 783, -1653, -673, -546, 36474
3649.0, 1430, 330, -10019, 783, -1653, -673, -546, 36474
3654.7, 1690, 522, -9976, 658, -853, -581, -616, 36464
3658.5, 1587, 522, -9976, 658, -853, -581, -616, 36464
3662.7, 1667, 656, -9917, 672, -621, 96, -1185, 36464
3666.4, 1607, 656, -9917, 672, -621, 96, -1185, 36528
3668.7, 1396, 656, -9917, 672, -621, 96, -1185, 36528
3674.5, 1701, 595, -9962, 708, -748, 1329, -1531, 36547
3676.7, 1395, 595, -9962, 708, -748, 1329, -1531, 36547
3681.0, 1687, 423, -10036, 714, -914, 2961, -1785, 36547
3684.7, 1652, 423, -10036, 714, -914, 2961, -1785, 36552
3687.0, 1377, 423, -10036, 714, -914, 2961, -1785, 36552
3692.8, 1645, 290, -9974, 879, -1115, 3150, -1758, 36552
3696.5, 1597, 290, -9974, 879, -1115, 3150, -1758, 36547
3700.7, 1673, 227, -9923, 899, -1448, 1609, -1583, 36547
3704.4, 1633, 227, -9923, 899, -1448, 1609, -1583, 36546
3706.7, 1385, 227, -9923, 899, -1448, 1609, -1583, 36546
3710.9, 1645, 282, -9856, 735, -1785, 411, -1076, 36546
3714.6, 1669, 282, -9856, 735, -1785, 411, -1076, 36521
3716.9, 1419, 282, -9856, 735, -1785, 411, -1076, 36521
3722.6, 1631, 453, -9917, 741, -1518, -323, -752, 36548
3726.3, 1618, 453, -9917, 741, -1518, -323, -752, 36540
3730.6, 1689, 642, -9862, 651, -1303, -664, -1001, 36540
3734.3, 1642, 642, -9862, 651, -1303, -664, -1001, 36542
3736.5, 1414, 642, -9862, 651, -1303, -664, -1001, 36542
3740.8, 1693, 720, -9875, 494, -1334, 1080, -1089, 36542
3744.5, 1664, 720, -9875, 494, -1334, 1080, -1089, 36544
3748.7, 1653, 567, -9972, 591, -1399, 4567, -1084, 36544
3752.5, 1596, 567, -9972, 591, -1399, 4567, -1084, 36545
3756.2, 1645, 567, -9972, 591, -1399, 4567, -1084, 36495
3760.4, 1694, 360, -9989, 784, -1238, 6698, -1338, 36495
3764.1, 1660, 360, -9989, 784, -1238, 6698, -1338, 36534
3768.3, 1643, 175, -9920, 988, -1067, 5061, -1872, 36534
3772.1, 1597, 175, -9920, 988, -1067, 5061, -1872, 36535
3775.8, 1621, 175, -9920, 988, -1067, 5061, -1872, 36528
3780.1, 1720, 139, -9876, 905, -1413, 2169, -1767, 36528
3783.8, 1625, 139, -9876, 905, -1413, 2169, -1767, 36526
3788.0, 1586, 222, -9899, 769, -1570, -21, -1067, 36526
3791.7, 1648, 222, -9899, 769, -1570, -21, -1067, 36519
3795.5, 1663, 222, -9899, 769, -1570, -21, -1067, 36500
3799.7, 1684, 415, -10006, 805, -1019, -1496, -511, 36500
3803.4, 1599, 415, -10006, 805, -1019, -1496, -511, 36514
3809.2, 1661, 621, -9967, 529, -835, -1802, -835, 36508
3812.9, 1562, 621, -9967, 529, -835, -1802, -835, 36506
3818.6, 1633, 696, -9996, 577, -546, 603, -1015, 36526
3822.3, 1610, 696, -9996, 577, -546, 603, -1015, 36498
3828.0, 1617, 594, -10039, 639, -236, 3482, -1080, 36501
3831.7, 1586, 594, -10039, 639, -236, 3482, -1080, 36461
3836.0, 1617, 436, -10048, 654, 144, 4760, -1596, 36461
3839.7, 1627, 436, -10048, 654, 144, 4760, -1596, 36521
3842.0, 1416, 436, -10048, 654, 144, 4760, -1596, 36521
3847.7, 1617, 305, -9914, 726, -122, 4939, -1601, 36492
3851.4, 1624, 305, -9914, 726, -122, 4939, -1601, 36484
3855.7, 1682, 236, -9909, 888, -507, 4370, -831, 36484
3859.4, 1628, 236, -9909, 888, -507, 4370, -831, 36479
3861.7, 1426, 236, -9909, 888, -507, 4370, -831, 36479
3866.0, 1677, 211, -9913, 890, -717, 2034, -511, 36479
3869.7, 1644, 211, -9913, 890, -717, 2034, -511, 36558
3872.0, 1417, 211, -9913, 890, -717, 2034, -511, 36558
3877.7, 1631, 282, -9958, 713, -481, -586, -940, 36476
3881.4, 1614, 282, -9958, 713, -481, -586, -940, 36493
3885.7, 1676, 465, -9917, 639, -459, -1277, -813, 36493
3889.4, 1621, 465, -9917, 639, -459, -1277, -813, 36402
3891.7, 1439, 465, -9917, 639, -459, -1277, -813, 36402
3896.0, 1668, 544, -9996, 592, -376, -323, -314, 36402
3899.7, 1647, 544, -9996, 592, -376, -323, -314, 36464
3903.9, 1619, 544, -10018, 576, 26, 953, -341, 36464
3907.7, 1578, 544, -10018, 576, 26, 953, -341, 36449
3911.7, 1569, 544, -10018, 576, 26, 953, -341, 36457
3917.5, 1605, 534, -9991, 687, 437, 2393, -634, 36451
3921.3, 1640, 534, -9991, 687, 437, 2393, -634, 36450
3925.5, 1674, 393, -10010, 794, 433, 3246, -1093, 36450
3929.2, 1597, 393, -10010, 794, 433, 3246, -1093, 36448
3933.5, 1620, 393, -9955, 793, 551, 2944, -1369, 36448
3937.2, 1602, 393, -9955, 793, 551, 2944, -1369, 36441
3941.0, 1642, 393, -9955, 793, 551, 2944, -1369, 36430
3945.3, 1647, 303, -9850, 827, 245, 1181, -888, 36430
3949.0, 1603, 303, -9850, 827, 245, 1181, -888, 36441
3953.3, 1607, 303, -9897, 743, 258, -660, -188, 36441
3957.0, 1607, 303, -9897, 743, 258, -660, -188, 36455
3960.7, 1625, 303, -9897, 743, 258, -660, -188, 36429
3965.0, 1661, 452, -9990, 642, 301, -1338, 48, 36429
3968.7, 1592, 452, -9990, 642, 301, -1338, 48, 36423
3972.9, 1613, 452, -10060, 575, 651, -406, -393, 36423
3976.7, 1620, 452, -10060, 575, 651, -406, -393, 36426
3979.0, 1387, 452, -10060, 575, 651, -406, -393, 36426
3984.7, 1672, 527, -9910, 574, 673, 660, -936, 36420
3988.5, 1581, 527, -9910, 574, 673, 660, -936, 36420
3992.7, 1612, 527, -9914, 696, 638, 1911, -800, 36420
3996.5, 1634, 527, -9914, 696, 638, 1911, -800, 36457
3998.8, 1386, 527, -9914, 696, 638, 1911, -800, 36457
4004.5, 1645, 353, -9946, 780, 638, 2047, -621, 36411
4006.8, 1447, 353, -9946, 780, 638, 2047, -621, 36411
4012.5, 1649, 353, -9946, 780, 638, 2047, -621, 36425
4016.2, 1630, 353, -9946, 780, 638, 2047, -621, 36411
4020.5, 1676, 258, -10023, 781, 91, 1666, -791, 36411
4024.2, 1606, 258, -10023, 781, 91, 1666, -791, 36411
4026.5, 1458, 258, -10023, 781, 91, 1666, -791, 36411
4030.7, 1655, 281, -10000, 882, 402, 446, -844, 36411
4034.4, 1616, 281, -10000, 882, 402, 446, -844, 36377
4036.7, 1463, 281, -10000, 882, 402, 446, -844, 36377
4040.9, 1680, 291, -9960, 831, 424, -800, -490, 36377
4044.6, 1602, 291, -9960, 831, 424, -800, -490, 36418
4046.9, 1473, 291, -9960, 831, 424, -800, -490, 36418
4052.6, 1647, 332, -9982, 717, 188, -546, -520, 36406
4056.3, 1659, 332, -9982, 717, 188, -546, -520, 36406
4060.6, 1669, 402, -9975, 725, 188, -546, -796, 36406
4064.3, 1601, 402, -9975, 725, 188, -546, -796, 36521
4066.6, 1476, 402, -9975, 725, 188, -546, -796, 36521
4070.8, 1671, 489, -9995, 674, 266, -1006, -726, 36521
4074.6, 1618, 489, -9995, 674, 266, -1006, -726, 36415
4078.8, 1619, 524, -9978, 654, 266, -1006, -726, 36415
4082.5, 1616, 524, -9978, 654, 266, -1006, -726, 36403
4086.3, 1624, 524, -9978, 654, 266, -1006, -726, 36392
4090.5, 1723, 452, -9982, 672, -96, 1303, -459, 36392
4094.3, 1598, 452, -9982, 672, -96, 1303, -459, 36423
4098.5, 1617, 378, -10022, 777, -96, 1303, -459, 36423
4102.2, 1631, 378, -10022, 777, -96, 1303, -459, 36386
4106.0, 1646, 378, -10022, 777, -96, 1303, -459, 36377
4110.2, 1660, 334, -9954, 841, 358, -314, -861, 36377
4113.9, 1587, 334, -9954, 841, 358, -314, -861, 36387
4118.1, 1616, 299, -9973, 827, 358, -314, -861, 36387
4121.9, 1614, 299, -9973, 827, 358, -314, -861, 36375
4125.6, 1679, 299, -9973, 827, 358, -314, -861, 36381
4129.9, 1668, 329, -9982, 714, 909, -2161, -774, 36381
4133.6, 1605, 329, -9982, 714, 909, -2161, -774, 36374
4137.8, 1646, 390, -9957, 730, 909, -2161, -774, 36374
4141.5, 1648, 390, -9957, 730, 909, -2161, -774, 36346
4143.8, 1392, 390, -9957, 730, 909, -2161, -774, 36346
4149.5, 1635, 468, -9985, 620, 721, -205, -621, 36389
4153.2, 1630, 468, -9985, 620, 721, -205, -621, 36374
4159.0, 1620, 491, -10017, 611, 472, -205, -621, 36364
4161.2, 1466, 491, -10017, 611, 472, -205, -621, 36364
4163.5, 1390, 491, -10017, 611, 472, -205, -621, 36364
4169.2, 1633, 483, -9917, 720, 774, 643, -848, 36356
4171.4, 1518, 483, -9917, 720, 774, 643, -848, 36356
4175.7, 1674, 413, -9929, 768, 901, 839, -1036, 36356
4179.4, 1565, 413, -9929, 768, 901, 839, -1036, 36362
4181.7, 1461, 413, -9929, 768, 901, 839, -1036, 36362
4187.4, 1663, 288, -9934, 716, 761, 958, -713, 36365
4191.1, 1695, 288, -9934, 716, 761, 958, -713, 36357
4195.4, 1657, 263, -9957, 876, 931, 616, -249, 36357
4199.1, 1584, 263, -9957, 876, 931, 616, -249, 36335
4201.4, 1470, 263, -9957, 876, 931, 616, -249, 36335
4205.6, 1638, 287, -9894, 733, 835, -157, -56, 36335
4209.3, 1607, 287, -9894, 733, 835, -157, -56, 36381
4211.6, 1502, 287, -9894, 733, 835, -157, -56, 36381
4215.8, 1690, 421, -9897, 744, 1045, -1119, -227, 36381
4219.5, 1621, 421, -9897, 744, 1045, -1119, -227, 36364
4221.8, 1490, 421, -9897, 744, 1045, -1119, -227, 36364
4226.0, 1695, 500, -9919, 658, 839, -962, -249, 36364
4229.7, 1631, 500, -9919, 658, 839, -962, -249, 36330
4233.9, 1582, 449, -9984, 649, 713, 796, -183, 36330
4237.7, 1635, 449, -9984, 649, 713, 796, -183, 36330
4241.4, 1630, 449, -9984, 649, 713, 796, -183, 36319
4245.7, 1664, 354, -9947, 693, 441, 2034, -581, 36319
4249.4, 1645, 354, -9947, 693, 441, 2034, -581, 36326
4253.6, 1609, 273, -9873, 824, -118, 2051, -629, 36326
4257.3, 1551, 273, -9873, 824, -118, 2051, -629, 36327
4261.0, 1810, 273, -9873, 824, -118, 2051, -629, 36329
4265.3, 1639, 138, -9918, 842, -857, 1715, -616, 36329
4269.0, 1576, 138, -9918, 842, -857, 1715, -616, 36321
4273.2, 1503, 106, -10012, 753, -1461, 796, -770, 36321
4277.0, 1668, 106, -10012, 753, -1461, 796, -770, 36339
4280.7, 1768, 106, -10012, 753, -1461, 796, -770, 36329
4284.9, 1673, 272, -9997, 753, -2034, 1211, -638, 36329
4288.7, 1563, 272, -9997, 753, -2034, 1211, -638, 36328
4292.9, 1665, 404, -9999, 878, -2379, 2257, 336, 36328
4296.6, 1626, 404, -9999, 878, -2379, 2257, 336, 36338
4298.9, 1441, 404, -9999, 878, -2379, 2257, 336, 36338
4304.6, 1620, 396, -10055, 856, -2568, 1951, 590, 36342
4308.3, 1641, 396, -10055, 856, -2568, 1951, 590, 36342
4314.0, 1582, 186, -9999, 856, -2953, 2651, -174, 36337
4317.7, 1658, 186, -9999, 856, -2953, 2651, -174, 36349
4323.5, 1620, 33, -9934, 888, -3640, 3421, -861, 36343
4325.7, 1431, 33, -9934, 888, -3640, 3421, -861, 36343
4328.0, 1449, 33, -9934, 888, -3640, 3421, -861, 36343
4333.7, 1609, 78, -9790, 891, -3972, 1719, -743, 36375
4336.0, 1427, 78, -9790, 891, -3972, 1719, -743, 36375
4338.2, 1441, 78, -9790, 891, -3972, 1719, -743, 36375
4343.9, 1593, 136, -9786, 565, -4764, 122, 669, 36310
4346.2, 1457, 136, -9786, 565, -4764, 122, 669, 36310
4350.4, 1676, 323, -9924, 949, -3626, 1281, 2047, 36310
4354.2, 1599, 323, -9924, 949, -3626, 1281, 2047, 36374
4356.5, 1475, 323, -9924, 949, -3626, 1281, 2047, 36374
4360.7, 1634, 387, -9926, 528, -4156, 1863, 1968, 36374
4364.4, 1586, 387, -9926, 528, -4156, 1863, 1968, 36396
4366.7, 1524, 387, -9926, 528, -4156, 1863, 1968, 36396
4370.9, 1699, 363, -9740, 585, -3578, 3451, 2205, 36396
4374.6, 1608, 363, -9740, 585, -3578, 3451, 2205, 36342
4376.9, 1443, 363, -9740, 585, -3578, 3451, 2205, 36342
4382.6, 1678, 296, -9693, 771, -4064, 5621, 2891, 36357
4386.3, 1685, 296, -9693, 771, -4064, 5621, 2891, 36351
4390.6, 1627, 191, -9758, 949, -3723, 4716, 2458, 36351
4394.3, 1528, 191, -9758, 949, -3723, 4716, 2458, 36363
4396.6, 1404, 191, -9758, 949, -3723, 4716, 2458, 36363
4400.9, 1751, -48, -9729, 814, -4690, 3788, 1846, 36363
4404.6, 1613, -48, -9729, 814, -4690, 3788, 1846, 36351
4408.8, 1615, -6, -9819, 1073, -3981, 4593, 1758, 36351
4412.6, 1658, -6, -9819, 1073, -3981, 4593, 1758, 36349
4416.3, 1635, -6, -9819, 1073, -3981, 4593, 1758, 36351
4420.6, 1635, 21, -9812, 884, -3810, 2957, 1815, 36351
4424.3, 1606, 21, -9812, 884, -3810, 2957, 1815, 36349
4428.5, 1655, 199, -9788, 796, -3504, 778, 2743, 36349
4432.2, 1663, 199, -9788, 796, -3504, 778, 2743, 36355
4436.0, 1631, 199, -9788, 796, -3504, 778, 2743, 36348
4440.2, 1636, 447, -9757, 582, -3250, -122, 3539, 36348
4443.9, 1617, 447, -9757, 582, -3250, -122, 3539, 36368
4448.1, 1711, 598, -9800, 434, -3430, 1229, 3950, 36368
4451.9, 1600, 598, -9800, 434, -3430, 1229, 3950, 36371
4455.6, 1568, 598, -9800, 434, -3430, 1229, 3950, 36384
4459.8, 1623, 561, -9933, 824, -2384, 3885, 3836, 36384
4463.6, 1726, 561, -9933, 824, -2384, 3885, 3836, 36381
4467.8, 1851, 278, -10030, 601, -2528, 5783, 2725, 36381
4471.5, 1661, 278, -10030, 601, -2528, 5783, 2725, 36392
4473.8, 1387, 278, -10030, 601, -2528, 5783, 2725, 36392
4479.5, 1739, 4, -10037, 760, -1977, 6921, 2358, 36401
4483.2, 1736, 4, -10037, 760, -1977, 6921, 2358, 36400
4488.9, 1365, -117, -10028, 1012, -1386, 6890, 2327, 36409
4491.2, 1151, -117, -10028, 1012, -1386, 6890, 2327, 36409
4493.4, 1222, -117, -10028, 1012, -1386, 6890, 2327, 36409
4499.2, 1643, -143, -9982, 893, -1067, 4475, 2493, 36370
4501.4, 1431, -143, -9982, 893, -1067, 4475, 2493, 36370
4505.6, 1830, -11, -9950, 760, -262, 1141, 3416, 36370
4509.3, 1713, -11, -9950, 760, -262, 1141, 3416, 36412
4511.6, 1430, -11, -9950, 760, -262, 1141, 3416, 36412
4515.8, 1509, 247, -9967, 494, 424, -1421, 4248, 36412
4519.5, 1646, 247, -9967, 494, 424, -1421, 4248, 36422
4521.8, 1517, 247, -9967, 494, 424, -1421, 4248, 36422
4526.0, 1763, 434, -10252, 520, 1854, -691, 5416, 36422
4529.7, 1621, 434, -10252, 520, 1854, -691, 5416, 36413
4532.0, 1551, 434, -10252, 520, 1854, -691, 5416, 36413
4537.7, 1582, 481, -10362, 497, 2681, 1364, 4991, 36460
4541.4, 1548, 481, -10362, 497, 2681, 1364, 4991, 36442
4545.7, 1641, 332, -10179, 169, 4716, 5175, 4396, 36442
4549.4, 1708, 332, -10179, 169, 4716, 5175, 4396, 36415
4551.7, 1504, 332, -10179, 169, 4716, 5175, 4396, 36415
4555.9, 1667, 183, -10068, 461, 7420, 10447, 5586, 36415
4559.7, 1846, 183, -10068, 461, 7420, 10447, 5586, 36434
4563.9, 1443, 183, -10068, 461, 10189, 13698, 7660, 36434
4567.7, 1528, 183, -10068, 461, 10189, 13698, 7660, 36431
4571.4, 1569, 183, -10068, 461, 10189, 13698, 7660, 36423
4575.7, 1381, -69, -10146, 901, 12018, 12622, 9100, 36423
4579.4, 1303, -69, -10146, 901, 12018, 12622, 9100, 36375
4583.6, 1521, -69, -10146, 901, 12950, 10058, 8566, 36375
4587.3, 1690, -69, -10146, 901, 12950, 10058, 8566, 36413
4591.1, 1941, -69, -10146, 901, 12950, 10058, 8566, 36400
4595.3, 1858, -247, -9990, 1027, 14455, 7778, 7551, 36400
4599.0, 1633, -247, -9990, 1027, 14455, 7778, 7551, 36422
4603.3, 1651, -247, -9990, 1027, 14932, 6028, 7551, 36422
4607.0, 1819, -247, -9990, 1027, 14932, 6028, 7551, 36431
4610.7, 1639, -247, -9990, 1027, 14932, 6028, 7551, 36387
4615.0, 1608, 21, -9948, 617, 14901, 5691, 9113, 36387
4618.7, 1728, 21, -9948, 617, 14901, 5691, 9113, 36420
4622.9, 1700, 21, -9948, 617, 16808, 7669, 10718, 36420
4626.6, 1801, 21, -9948, 617, 16808, 7669, 10718, 36422
4628.9, 1677, 21, -9948, 617, 16808, 7669, 10718, 36422
4634.6, 1402, 114, -10018, 987, 18073, 9861, 11545, 36448
4638.3, 1209, 114, -10018, 987, 18073, 9861, 11545, 36467
4644.0, 1427, 114, -10018, 987, 19652, 10154, 11453, 36467
4646.3, 1608, 114, -10018, 987, 19652, 10154, 11453, 36467
4648.5, 2188, 114, -10018, 987, 19652, 10154, 11453, 36467
4654.3, 2217, -107, -10043, 1273, 21485, 8295, 10631, 36468
4656.5, 1287, -107, -10043, 1273, 21485, 8295, 10631, 36468
4660.7, 734, -355, -10000, 1338, 21485, 8295, 10631, 36468
4664.4, 911, -355, -10000, 1338, 21485, 8295, 10631, 36489
4666.7, 1156, -355, -10000, 1338, 21485, 8295, 10631, 36489
4670.9, 1913, -610, -9957, 1266, 23012, 4239, 10784, 36489
4674.6, 1859, -610, -9957, 1266, 23012, 4239, 10784, 36487
4676.9, 1963, -610, -9957, 1266, 23012, 4239, 10784, 36487
4682.6, 1777, -463, -9788, 1269, 24854, -3482, 11458, 36511
4686.3, 1667, -463, -9788, 1269, 24854, -3482, 11458, 36545
4690.6, 1807, -229, -9640, 729, 27072, -9065, 13632, 36545
4694.3, 1485, -229, -9640, 729, 27072, -9065, 13632, 36533
4696.5, 1040, -229, -9640, 729, 27072, -9065, 13632, 36533
4700.8, 1259, -214, -9801, 895, 28162, -6903, 17710, 36533
4704.6, 1360, -214, -9801, 895, 28162, -6903, 17710, 36562
4708.8, 1815, -126, -10126, 1400, 32782, -3110, 18532, 36562
4712.5, 2127, -126, -10126, 1400, 32782, -3110, 18532, 36590
4716.3, 1827, -126, -10126, 1400, 32782, -3110, 18532, 36631
4720.5, 1090, -84, -9900, 1198, 34930, -4108, 16187, 36631
4724.3, 1397, -84, -9900, 1198, 34930, -4108, 16187, 36651
4728.5, 1703, -104, -9701, 1554, 35993, -5118, 15255, 36651
4732.2, 2273, -104, -9701, 1554, 35993, -5118, 15255, 37442
4736.0, 1870, -104, -9701, 1554, 35993, -5118, 15255, 37484
4740.3, 1389, -197, -9926, 1425, 36221, -6177, 15465, 37484
4744.0, 1367, -197, -9926, 1425, 36221, -6177, 15465, 37505
4748.2, 2089, -407, -10140, 1996, 36558, -7840, 14997, 37505
4752.0, 1848, -407, -10140, 1996, 36558, -7840, 14997, 37555
4755.7, 1920, -407, -10140, 1996, 36558, -7840, 14997, 37556
4760.0, 1794, -516, -10161, 1972, 38408, -11397, 13431, 37556
4763.7, 1422, -516, -10161, 1972, 38408, -11397, 13431, 37593
4767.9, 1190, -540, -9936, 2209, 39406, -16664, 11366, 37593
4771.7, 1866, -540, -9936, 2209, 39406, -16664, 11366, 37622
4774.0, 1751, -540, -9936, 2209, 39406, -16664, 11366, 37622
4779.7, 2023, -468, -9742, 1950, 38916, -24565, 10500, 37624
4783.5, 1672, -468, -9742, 1950, 38916, -24565, 10500, 37668
4787.7, 958, -498, -9916, 1925, 40443, -29365, 11987, 37668
4791.4, 1355, -498, -9916, 1925, 40443, -29365, 11987, 37685
4793.7, 1698, -498, -9916, 1925, 40443, -29365, 11987, 37685
4799.5, 1412, -494, -10325, 2268, 42906, -31102, 12543, 37701
4803.2, 1947, -494, -10325, 2268, 42906, -31102, 12543, 37742
4808.9, 1831, -297, -10459, 2316, 46927, -32436, 10574, 37751
4811.1, 1010, -297, -10459, 2316, 46927, -32436, 10574, 37751
4813.5, 646, -297, -10459, 2316, 46927, -32436, 10574, 37751
4819.2, 1877, -39, -10240, 1914, 50663, -32533, 8321, 37781
4821.5, 2015, -39, -10240, 1914, 50663, -32533, 8321, 37781
4825.7, 1869, 244, -10096, 1897, 53962, -28223, 8150, 37781
4829.4, 1062, 244, -10096, 1897, 53962, -28223, 8150, 37795
4831.7, 1693, 244, -10096, 1897, 53962, -28223, 8150, 37795
4835.9, 2140, 288, -10214, 2306, 55716, -24986, 8601, 37795
4839.6, 2147, 288, -10214, 2306, 55716, -24986, 8601, 37827
4841.9, 1329, 288, -10214, 2306, 55716, -24986, 8601, 37827
4847.6, 722, 279, -10354, 2702, 58245, -25598, 8334, 37829
4851.3, 1500, 279, -10354, 2702, 58245, -25598, 8334, 37885
4855.6, 1706, -111, -10555, 2956, 60682, -26416, 7428, 37885
4859.3, 1854, -111, -10555, 2956, 60682, -26416, 7428, 37953
4861.6, 2107, -111, -10555, 2956, 60682, -26416, 7428, 37953
4865.8, 2155, -314, -10404, 2831, 62843, -27313, 5893, 37953
4869.6, 1240, -314, -10404, 2831, 62843, -27313, 5893, 37946
4873.8, 499, -263, -10125, 3030, 65280, -27589, 5315, 37946
4877.5, 1224, -263, -10125, 3030, 65280, -27589, 5315, 37995
4881.3, 1741, -263, -10125, 3030, 65280, -27589, 5315, 38002
4885.5, 1845, -281, -10071, 3437, 66369, -27926, 4961, 38002
4889.3, 1899, -281, -10071, 3437, 66369, -27926, 4961, 38001
4893.5, 1842, -247, -10236, 3809, 68627, -28297, 3303, 38001
4897.2, 1210, -247, -10236, 3809, 68627, -28297, 3303, 38058
4901.0, 1348, -247, -10236, 3809, 68627, -28297, 3303, 38084
4905.2, 1748, -67, -10110, 3476, 69349, -26880, 1841, 38084
4908.9, 2647, -67, -10110, 3476, 69349, -26880, 1841, 38116
4913.1, 2192, -8, -10149, 3765, 70119, -23660, 1588, 38116
4916.9, 1083, -8, -10149, 3765, 70119, -23660, 1588, 38168
4920.6, 1181, -8, -10149, 3765, 70119, -23660, 1588, 38166
4924.8, 2396, -81, -10206, 4329, 70513, -21429, 721, 38166
4928.6, 2370, -81, -10206, 4329, 70513, -21429, 721, 38228
4932.8, 689, -124, -9853, 3884, 71768, -21844, -1176, 38228
4936.5, 625, -124, -9853, 3884, 71768, -21844, -1176, 38234
4938.8, 1420, -124, -9853, 3884, 71768, -21844, -1176, 38234
4944.5, 1785, -251, -9672, 4365, 73396, -21617, -1614, 38268
4948.2, 1349, -251, -9672, 4365, 73396, -21617, -1614, 38305
4954.0, 2026, -431, -9731, 4158, 75356, -20514, -778, 38351
4957.7, 1968, -431, -9731, 4158, 75356, -20514, -778, 38373
4963.4, 951, -328, -9945, 4062, 76773, -20405, -1189, 38406
4967.1, 763, -328, -9945, 4062, 76773, -20405, -1189, 38438
4972.8, 3036, -233, -9940, 4543, 80243, -22343, -2546, 38492
4976.5, 3196, -233, -9940, 4543, 80243, -22343, -2546, 38510
4980.8, 1377, -133, -9859, 4265, 82981, -23393, -2782, 38510
4984.5, 124, -133, -9859, 4265, 82981, -23393, -2782, 38540
4986.8, 20, -133, -9859, 4265, 82981, -23393, -2782, 38540
4991.0, 1369, -125, -9880, 4875, 85353, -22553, -1798, 38540
4994.7, 3154, -125, -9880, 4875, 85353, -22553, -1798, 38574
4997.0, 3122, -125, -9880, 4875, 85353, -22553, -1798, 38574
5002.7, 556, -260, -9850, 4532, 87693, -23883, -770, 38608
5006.4, 989, -260, -9850, 4532, 87693, -23883, -770, 38635
5010.7, 1984, -163, -9780, 4658, 90253, -26613, -1015, 38635
5014.4, 1052, -163, -9780, 4658, 90253, -26613, -1015, 38664
5016.6, 418, -163, -9780, 4658, 90253, -26613, -1015, 38664
5020.9, 1284, -218, -9887, 4677, 92235, -28801, -1443, 38664
5024.7, 2539, -218, -9887, 4677, 92235, -28801, -1443, 38713
5028.9, 2201, -359, -9863, 4467, 94147, -26731, -1251, 38713
5032.6, 770, -359, -9863, 4467, 94147, -26731, -1251, 38753
5036.4, 783, -359, -9863, 4467, 94147, -26731, -1251, 38800
5040.6, 1871, -198, -9764, 5233, 96527, -23126, -468, 38800
5044.4, 2945, -198, -9764, 5233, 96527, -23126, -468, 38871
5048.6, 2460, -66, -9779, 5199, 98981, -24202, -227, 38871
5052.3, 208, -66, -9779, 5199, 98981, -24202, -227, 38956
5056.1, 874, -66, -9779, 5199, 98981, -24202, -227, 39268
5060.3, 2129, -29, -9780, 5527, 100946, -26884, -844, 39268
5064.1, 2556, -29, -9780, 5527, 100946, -26884, -844, 39434
5068.3, 2008, -123, -9753, 5292, 101186, -26876, -1198, 39434
5072.0, 819, -123, -9753, 5292, 101186, -26876, -1198, 39814
5075.7, 917, -123, -9753, 5292, 101186, -26876, -1198, 40102
5080.0, 2022, -44, -9559, 5556, 102048, -26206, -1426, 40102
5083.7, 1524, -44, -9559, 5556, 102048, -26206, -1426, 40276
5088.0, 1404, -89, -9349, 5511, 102131, -25659, -1561, 40276
5091.7, 1718, -89, -9349, 5511, 102131, -25659, -1561, 40434
5094.0, 1854, -89, -9349, 5511, 102131, -25659, -1561, 40434
5099.7, 1659, -35, -9166, 6271, 102919, -25935, -1535, 40485
5103.5, 1535, -35, -9166, 6271, 102919, -25935, -1535, 40567
5107.7, 1462, 147, -9054, 5767, 104056, -26924, -2445, 40567
5111.5, 1889, 147, -9054, 5767, 104056, -26924, -2445, 40630
5113.8, 2521, 147, -9054, 5767, 104056, -26924, -2445, 40630
5119.5, 2113, 386, -8837, 5663, 104214, -24106, -3688, 40680
5123.2, 298, 386, -8837, 5663, 104214, -24106, -3688, 40746
5129.0, 1229, 585, -8512, 6905, 105268, -21542, -3609, 40776
5131.2, 1130, 585, -8512, 6905, 105268, -21542, -3609, 40776
5133.5, 1199, 585, -8512, 6905, 105268, -21542, -3609, 40776
5139.2, 823, 613, -8502, 6133, 106235, -20072, -2668, 40811
5141.5, 1158, 613, -8502, 6133, 106235, -20072, -2668, 40811
5145.8, 2443, 613, -8502, 6440, 107110, -15601, -1518, 40811
5149.5, 2656, 613, -8502, 6440, 107110, -15601, -1518, 40844
5151.8, 3053, 613, -8502, 6440, 107110, -15601, -1518, 40844
5156.0, 2061, 672, -8326, 6675, 107880, -11340, -923, 40844
5159.7, 217, 672, -8326, 6675, 107880, -11340, -923, 40873
5162.0, 105, 672, -8326, 6675, 107880, -11340, -923, 40873
5167.7, 2227, 552, -8073, 7604, 110317, -8990, -831, 40907
5171.4, 2971, 552, -8073, 7604, 110317, -8990, -831, 40922
5175.6, 1294, 484, -8063, 6692, 111997, -6951, -634, 40922
5179.4, 530, 484, -8063, 6692, 111997, -6951, -634, 40942
5181.6, 860, 484, -8063, 6692, 111997, -6951, -634, 40942
5185.9, 1277, 564, -7978, 7509, 113183, -8391, -2226, 40942
5189.7, 1914, 564, -7978, 7509, 113183, -8391, -2226, 40965
5193.9, 1569, 564, -7978, 7509, 113183, -8391, -2226, 40965
5197.6, 1430, 564, -7978, 7509, 113183, -8391, -2226, 41006
5201.4, 1476, 564, -7978, 7509, 113183, -8391, -2226, 41019
5205.6, 2719, 264, -7283, 7420, 114176, -8640, -6510, 41019
5209.4, 800, 264, -7283, 7420, 114176, -8640, -6510, 40996
5213.6, 1019, 264, -7283, 7420, 114176, -8640, -6510, 40996
5217.3, 1879, 264, -7283, 7420, 114176, -8640, -6510, 41047
5221.0, 2874, 264, -7283, 7420, 114176, -8640, -6510, 41046
5225.3, 2788, 532, -6889, 7936, 114364, -10500, -8181, 41046
5229.0, 1025, 532, -6889, 7936, 114364, -10500, -8181, 41027
5233.2, 265, 532, -6889, 7936, 114364, -10500, -8181, 41027
5237.0, 712, 532, -6889, 7936, 114364, -10500, -8181, 41005
5240.7, 1526, 532, -6889, 7936, 114364, -10500, -8181, 40982
5245.0, 2449, 577, -6827, 7899, 115760, -14503, -9559, 40982
5248.7, 2379, 577, -6827, 7899, 115760, -14503, -9559, 40973
5252.9, 486, 577, -6827, 7899, 115760, -14503, -9559, 40973
5256.6, 1410, 577, -6827, 7899, 115760, -14503, -9559, 40957
5258.9, 1968, 577, -6827, 7899, 115760, -14503, -9559, 40957
5264.6, 2471, 665, -6527, 7828, 116403, -7704, -10377, 40936
5268.3, 2517, 665, -6527, 7828, 116403, -7704, -10377, 40914
5274.0, 1372, 665, -6527, 8566, 117461, -3941, -10561, 40900
5277.8, 1994, 665, -6527, 8566, 117461, -3941, -10561, 40888
5283.5, 128, 675, -6250, 8566, 118673, -3368, -10517, 40869
5287.2, 725, 675, -6250, 8566, 118673, -3368, -10517, 40850
5293.0, 2198, 695, -6135, 8227, 118673, -3368, -10517, 40838
5296.7, 2051, 695, -6135, 8227, 118673, -3368, -10517, 40834
5300.9, 1498, 549, -6055, 7895, 119771, -3889, -10224, 40834
5304.6, 1376, 549, -6055, 7895, 119771, -3889, -10224, 40792
5306.9, 1329, 549, -6055, 7895, 119771, -3889, -10224, 40792
5312.6, 1191, 570, -6230, 8435, 119448, -5031, -10027, 40772
5316.7, 2312, 570, -6230, 8435, 119448, -5031, -10027, 40731
5320.9, 1781, 555, -5983, 8889, 119338, -6133, -10858, 40731
5324.7, 466, 555, -5983, 8889, 119338, -6133, -10858, 40705
5326.9, 1130, 555, -5983, 8889, 119338, -6133, -10858, 40705
5332.6, 1573, 596, -5755, 8193, 118043, -4226, -12818, 40688
5336.4, 1383, 596, -5755, 8193, 118043, -4226, -12818, 40688
5340.6, 2106, 720, -5381, 8895, 117755, -669, -14564, 40688
5344.4, 473, 720, -5381, 8895, 117755, -669, -14564, 40191
5346.7, 768, 720, -5381, 8895, 117755, -669, -14564, 40191
5351.0, 1662, 757, -5206, 8672, 118175, 30, -15277, 40191
5354.7, 2400, 757, -5206, 8672, 118175, 30, -15277, 40182
5358.9, 2450, 824, -5108, 8767, 118988, -2296, -14918, 40182
5362.7, 619, 824, -5108, 8767, 118988, -2296, -14918, 40190
5366.4, 1729, 824, -5108, 8767, 118988, -2296, -14918, 40176
5370.6, 1427, 812, -5015, 8972, 118997, -5923, -13755, 40176
5374.4, 1308, 812, -5015, 8972, 118997, -5923, -13755, 40175
5378.6, 2478, 678, -4879, 8757, 119303, -5796, -11913, 40175
5382.3, 1215, 678, -4879, 8757, 119303, -5796, -11913, 40553
5386.0, 595, 678, -4879, 8757, 119303, -5796, -11913, 40161
5390.3, 1992, 568, -4876, 9421, 121298, -2436, -10062, 40161
5394.0, 2054, 568, -4876, 9421, 121298, -2436, -10062, 40151
5398.2, 603, 522, -4858, 8708, 121675, -962, -10154, 40151
5402.0, 1945, 522, -4858, 8708, 121675, -962, -10154, 40152
5405.8, 2681, 522, -4858, 8708, 121675, -962, -10154, 40170
5410.0, 1450, 570, -4488, 9361, 120931, -2134, -13020, 40170
5413.8, 1882, 570, -4488, 9361, 120931, -2134, -13020, 40143
5418.0, 818, 549, -4074, 8928, 120069, -4081, -16038, 40143
5421.7, 1694, 549, -4074, 8928, 120069, -4081, -16038, 40144
5424.0, 1824, 549, -4074, 8928, 120069, -4081, -16038, 40144
5429.8, 2287, 729, -3747, 8779, 120135, -4125, -17500, 40128
5433.5, 2688, 729, -3747, 8779, 120135, -4125, -17500, 40121
5437.7, 236, 1100, -3576, 9451, 119246, -6978, -18252, 40121
5441.5, 759, 1100, -3576, 9451, 119246, -6978, -18252, 40133
5443.8, 1512, 1100, -3576, 9451, 119246, -6978, -18252, 40133
5449.5, 1693, 1053, -3169, 9211, 117960, -11278, -17915, 40132
5453.3, 2422, 1053, -3169, 9211, 117960, -11278, -17915, 40081
5459.0, 2001, 888, -2957, 9235, 117588, -11082, -14918, 40129
5461.2, 277, 888, -2957, 9235, 117588, -11082, -14918, 40129
5465.5, 1073, 795, -2876, 9299, 118336, -7008, -11528, 40129
5469.3, 2374, 795, -2876, 9299, 118336, -7008, -11528, 40110
5471.5, 1576, 795, -2876, 9299, 118336, -7008, -11528, 40110
5475.8, 2315, 856, -2961, 9625, 119802, -3233, -10482, 40110
5479.5, 1824, 856, -2961, 9625, 119802, -3233, -10482, 40115
5481.8, 1059, 856, -2961, 9625, 119802, -3233, -10482, 40115
5486.0, 1396, 943, -2977, 9509, 119448, -4733, -12486, 40115
5489.7, 1578, 943, -2977, 9509, 119448, -4733, -12486, 40055
5492.0, 1313, 943, -2977, 9509, 119448, -4733, -12486, 40055
5497.8, 2648, 708, -2565, 9156, 119369, -7328, -14568, 40086
5501.5, 1582, 708, -2565, 9156, 119369, -7328, -14568, 40074
5505.8, 1266, 744, -2168, 8823, 118516, -7695, -14704, 40074
5509.5, 1097, 744, -2168, 8823, 118516, -7695, -14704, 40071
5511.8, 499, 744, -2168, 8823, 118516, -7695, -14704, 40071
5516.0, 1899, 994, -1712, 9299, 116241, -9152, -15225, 40071
5519.7, 1950, 994, -1712, 9299, 116241, -9152, -15225, 40058
5523.9, 2013, 1067, -1235, 9364, 115051, -10977, -15680, 40058
5527.7, 2373, 1067, -1235, 9364, 115051, -10977, -15680, 40031
5531.4, 1308, 1067, -1235, 9364, 115051, -10977, -15680, 40029
5535.7, 1170, 1086, -1178, 9251, 114482, -10123, -16301, 40029
5539.4, 1892, 1086, -1178, 9251, 114482, -10123, -16301, 40022
5543.6, 2401, 946, -1162, 9641, 114814, -6190, -16432, 40022
5547.3, 819, 946, -1162, 9641, 114814, -6190, -16432, 40006
5551.1, 940, 946, -1162, 9641, 114814, -6190, -16432, 39991
5555.3, 1808, 1182, -1298, 9428, 114272, -3893, -16415, 39991
5559.0, 1716, 1182, -1298, 9428, 114272, -3893, -16415, 39988
5563.2, 1738, 1080, -988, 9409, 113327, -5407, -14162, 39988
5566.9, 2338, 1080, -988, 9409, 113327, -5407, -14162, 39983
5570.7, 873, 1080, -988, 9409, 113327, -5407, -14162, 39984
5575.0, 904, 960, -655, 8941, 112780, -6947, -11331, 39984
5578.7, 2414, 960, -655, 8941, 112780, -6947, -11331, 39956
5582.9, 2141, 990, -524, 9583, 110982, -12031, -10320, 39956
5586.6, 1443, 990, -524, 9583, 110982, -12031, -10320, 39939
5588.9, 1448, 990, -524, 9583, 110982, -12031, -10320, 39939
5594.6, 1327, 846, -167, 8593, 107819, -15395, -11156, 39927
5598.3, 2093, 846, -167, 8593, 107819, -15395, -11156, 39900
5604.0, 1890, 997, 261, 9140, 104511, -14446, -12722, 39887
5607.7, 997, 997, 261, 9140, 104511, -14446, -12722, 39899
5613.5, 1520, 1122, 513, 9772, 102459, -13637, -13720, 39847
5615.7, 2595, 1122, 513, 9772, 102459, -13637, -13720, 39847
5618.0, 1878, 1122, 513, 9772, 102459, -13637, -13720, 39847
5623.7, 2458, 1318, 278, 9960, 101816, -12250, -14083, 39821
5625.9, 2181, 1318, 278, 9960, 101816, -12250, -14083, 39821
5628.2, 1620, 1318, 278, 9960, 101816, -12250, -14083, 39821
5633.9, 1584, 1247, -52, 9666, 101764, -13142, -13094, 39773
5636.2, 1331, 1247, -52, 9666, 101764, -13142, -13094, 39773
5640.4, 2023, 939, -201, 8102, 103273, -11125, -10718, 39773
5644.2, 963, 939, -201, 8102, 103273, -11125, -10718, 39744
5646.5, 851, 939, -201, 8102, 103273, -11125, -10718, 39744
5650.7, 1370, 937, -177, 8607, 102556, -8071, -8610, 39744
5654.4, 1867, 937, -177, 8607, 102556, -8071, -8610, 39735
5656.7, 1780, 937, -177, 8607, 102556, -8071, -8610, 39735
5660.9, 1918, 966, 404, 9467, 100657, -11607, -8487, 39735
5664.6, 1349, 966, 404, 9467, 100657, -11607, -8487, 39712
5666.9, 1212, 966, 404, 9467, 100657, -11607, -8487, 39712
5672.6, 1106, 850, 1071, 8710, 97695, -14953, -9008, 39646
5676.3, 1744, 850, 1071, 8710, 97695, -14953, -9008, 39701
5680.6, 2787, 1007, 1277, 9659, 96190, -13973, -8973, 39701
5684.4, 748, 1007, 1277, 9659, 96190, -13973, -8973, 39658
5688.6, 2725, 896, 1201, 7962, 94422, -9940, -9493, 39658
5692.3, 1878, 896, 1201, 7962, 94422, -9940, -9493, 39643
5696.1, 547, 896, 1201, 7962, 94422, -9940, -9493, 39666
5700.3, 2211, 856, 1069, 9673, 94007, -4208, -9747, 39666
5704.1, 2074, 856, 1069, 9673, 94007, -4208, -9747, 39606
5708.3, 1243, 826, 797, 9358, 94593, -4436, -9616, 39606
5712.0, 1601, 826, 797, 9358, 94593, -4436, -9616, 39582
5715.7, 1102, 826, 797, 9358, 94593, -4436, -9616, 39521
5720.0, 1397, 687, 733, 9097, 94746, -8330, -9581, 39521
5723.7, 485, 687, 733, 9097, 94746, -8330, -9581, 39530
5727.9, 3052, 637, 1253, 8223, 93167, -11007, -9231, 39530
5731.7, 2158, 637, 1253, 8223, 93167, -11007, -9231, 39511
5734.0, 1193, 637, 1253, 8223, 93167, -11007, -9231, 39511
5739.7, 863, 959, 1652, 9203, 91714, -12171, -9375, 39491
5743.5, 1595, 959, 1652, 9203, 91714, -12171, -9375, 39465
5747.7, 1690, 1216, 2174, 8512, 89268, -14148, -10224, 39465
5751.4, 2133, 1216, 2174, 8512, 89268, -14148, -10224, 39454
5753.7, 1906, 1216, 2174, 8512, 89268, -14148, -10224, 39454
5759.4, 1389, 1262, 2675, 8619, 88617, -12145, -10307, 39451
5763.2, 1759, 1262, 2675, 8619, 88617, -12145, -10307, 39444
5768.9, 1993, 1165, 2852, 8511, 88337, -9585, -8653, 39450
5772.6, 1663, 1165, 2852, 8511, 88337, -9585, -8653, 39449
5778.3, 1349, 1165, 2759, 8762, 87243, -6610, -6011, 39441
5782.0, 1443, 1165, 2759, 8762, 87243, -6610, -6011, 39440
5787.8, 617, 1018, 2759, 8762, 87339, -7253, -4239, 39441
5791.5, 2519, 1018, 2759, 8762, 87339, -7253, -4239, 39434
5795.8, 1723, 895, 2635, 9543, 85891, -8448, -5521, 39434
5799.5, 2157, 895, 2635, 9543, 85891, -8448, -5521, 39404
5801.8, 1880, 895, 2635, 9543, 85891, -8448, -5521, 39404
5807.5, 1877, 910, 2459, 8689, 85427, -10193, -8019, 39448
5811.3, 1248, 910, 2459, 8689, 85427, -10193, -8019, 39431
5815.5, 935, 1145, 2706, 8278, 85108, -12149, -9030, 39431
5819.3, 897, 1145, 2706, 8278, 85108, -12149, -9030, 39430
5821.5, 2192, 1145, 2706, 8278, 85108, -12149, -9030, 39430
5825.8, 2050, 1427, 2981, 8480, 83957, -15194, -6190, 39430
5829.5, 1711, 1427, 2981, 8480, 83957, -15194, -6190, 39395
5831.7, 1720, 1427, 2981, 8480, 83957, -15194, -6190, 39395
5837.4, 635, 1454, 4111, 8139, 82618, -14590, -1264, 39438
5841.1, 1948, 1454, 4111, 8139, 82618, -14590, -1264, 39409
5845.4, 1724, 1131, 4111, 8139, 83695, -11278, 1995, 39409
5849.1, 1188, 1131, 4111, 8139, 83695, -11278, 1995, 39391
5851.4, 1735, 1131, 4111, 8139, 83695, -11278, 1995, 39391
5855.6, 2429, 893, 4194, 7676, 82728, -7691, -376, 39391
5859.3, 766, 893, 4194, 7676, 82728, -7691, -376, 39424
5863.5, 1704, 791, 3778, 7676, 82728, -7691, -376, 39424
5867.3, 1341, 791, 3778, 7676, 82728, -7691, -376, 39381
5871.0, 2968, 791, 3778, 7676, 82728, -7691, -376, 39367
5875.2, 1599, 1158, 3757, 7957, 82089, -10465, -15483, 39367
5879.0, 1202, 1158, 3757, 7957, 82089, -10465, -15483, 39366
5883.2, 813, 1333, 3968, 7957, 82089, -10465, -15483, 39366
5886.9, 2034, 1333, 3968, 7957, 82089, -10465, -15483, 39318
5890.6, 1579, 1333, 3968, 7957, 82089, -10465, -15483, 39303
5894.9, 1480, 1573, 4300, 7969, 82491, -14612, -11055, 39303
5898.6, 1351, 1573, 4300, 7969, 82491, -14612, -11055, 39342
5902.8, 1642, 1720, 4332, 7969, 82491, -14612, -11055, 39342
5906.6, 2427, 1720, 4332, 7969, 82491, -14612, -11055, 39343
5908.8, 572, 1720, 4332, 7969, 82491, -14612, -11055, 39343
5914.5, 2462, 1655, 4527, 7423, 80724, -10596, -1618, 39355
5918.3, 1544, 1655, 4527, 7423, 80724, -10596, -1618, 39290
5924.0, 1801, 1289, 4753, 8190, 79875, -4462, -1605, 39308
5927.7, 829, 1289, 4753, 8190, 79875, -4462, -1605, 39292
5933.4, 2182, 1233, 4935, 8041, 79875, -4462, -5928, 39511
5937.2, 2433, 1233, 4935, 8041, 79875, -4462, -5928, 39272
5942.9, 1553, 1323, 4987, 7074, 78838, 546, -5928, 39278
5946.6, 2397, 1323, 4987, 7074, 78838, 546, -5928, 39213
5950.9, 1292, 1178, 5177, 8027, 76410, 1889, -9878, 39213
5954.7, 1290, 1178, 5177, 8027, 76410, 1889, -9878, 39551
5957.0, 2073, 1178, 5177, 8027, 76410, 1889, -9878, 39551
5962.7, 991, 1441, 5285, 7532, 76406, -1211, -9992, 39542
5966.4, 1677, 1441, 5285, 7532, 76406, -1211, -9992, 39574
5970.6, 1725, 1558, 5147, 7704, 76760, -4633, -7721, 39574
5974.4, 940, 1558, 5147, 7704, 76760, -4633, -7721, 39550
5976.6, 1436, 1558, 5147, 7704, 76760, -4633, -7721, 39550
5980.9, 1855, 1437, 5375, 7532, 75382, -8846, -4217, 39550
5984.7, 1762, 1437, 5375, 7532, 75382, -8846, -4217, 39572
5987.0, 1035, 1437, 5375, 7532, 75382, -8846, -4217, 39572
5992.7, 2235, 1491, 5405, 7809, 73763, -10819, -839, 39599
5996.4, 1094, 1491, 5405, 7809, 73763, -10819, -839, 39629
6000.7, 1095, 1605, 5428, 7523, 72919, -10626, 586, 39629
6004.5, 1891, 1605, 5428, 7523, 72919, -10626, 586, 39660
6008.7, 2584, 1612, 5498, 7689, 73575, -11239, 323, 39660
6012.5, 1618, 1612, 5498, 7689, 73575, -11239, 323, 39700
6016.3, 469, 1612, 5498, 7689, 73575, -11239, 323, 39738
6020.5, 2337, 1163, 5709, 6043, 69668, -6641, 1763, 39738
6024.3, 1501, 1163, 5709, 6043, 69668, -6641, 1763, 39753
6028.5, 2065, 987, 5970, 7360, 68342, 1452, 4458, 39753
6032.3, 1592, 987, 5970, 7360, 68342, 1452, 4458, 39768
6036.0, 1612, 987, 5970, 7360, 68342, 1452, 4458, 39796
6040.2, 662, 814, 6015, 7138, 68412, 6234, 4615, 39796
6044.0, 1925, 814, 6015, 7138, 68412, 6234, 4615, 39813
6048.2, 2319, 949, 5887, 7172, 68229, 2826, 494, 39813
6051.9, 1640, 949, 5887, 7172, 68229, 2826, 494, 39852
6055.6, 820, 949, 5887, 7172, 68229, 2826, 494, 39874
6059.9, 1820, 963, 5760, 7393, 67481, -5508, -4672, 39874
6063.6, 1875, 963, 5760, 7393, 67481, -5508, -4672, 39911
6067.8, 1951, 1098, 5878, 6694, 66509, -13689, -7573, 39911
6071.6, 1025, 1098, 5878, 6694, 66509, -13689, -7573, 39897
6073.9, 936, 1098, 5878, 6694, 66509, -13689, -7573, 39897
6079.6, 1582, 1147, 6179, 6574, 65739, -16896, -6457, 39893
6083.4, 1868, 1147, 6179, 6574, 65739, -16896, -6457, 39904
6089.1, 1888, 1034, 6331, 6546, 63412, -14848, -3666, 39907
6092.8, 521, 1034, 6331, 6546, 63412, -14848, -3666, 39914
6098.6, 2861, 1106, 6553, 6510, 61854, -11865, -3430, 39303
6100.8, 1801, 1106, 6553, 6510, 61854, -11865, -3430, 39303
6103.1, 1549, 1106, 6553, 6510, 61854, -11865, -3430, 39303
6108.8, 1412, 1119, 6690, 6506, 60782, -9966, -6068, 39940
6111.0, 720, 1119, 6690, 6506, 60782, -9966, -6068, 39940
6113.3, 1922, 1119, 6690, 6506, 60782, -9966, -6068, 39940
6119.1, 1027, 1073, 6745, 6824, 61299, -12254, -8828, 39951
6121.3, 544, 1073, 6745, 6824, 61299, -12254, -8828, 39951
6125.6, 2268, 1388, 6777, 5549, 58704, -16091, -9992, 39951
6129.3, 942, 1388, 6777, 5549, 58704, -16091, -9992, 39999
6131.6, 1095, 1388, 6777, 5549, 58704, -16091, -9992, 39999
6135.8, 1141, 1891, 7060, 6211, 57921, -16073, -8321, 39999
6139.5, 1070, 1891, 7060, 6211, 57921, -16073, -8321, 40047
6141.8, 2448, 1891, 7060, 6211, 57921, -16073, -8321, 40047
6146.0, 1941, 2247, 7183, 5829, 56434, -12149, -4143, 40047
6149.7, 1615, 2247, 7183, 5829, 56434, -12149, -4143, 40059
6152.0, 660, 2247, 7183, 5829, 56434, -12149, -4143, 40059
6157.7, 2208, 2064, 7235, 5660, 53467, -822, 266, 40059
6161.4, 1556, 2064, 7235, 5660, 53467, -822, 266, 40075
6165.7, 1539, 1638, 7462, 5967, 51870, 9861, 1942, 40075
6169.4, 1594, 1638, 7462, 5967, 51870, 9861, 1942, 40105
6171.7, 1040, 1638, 7462, 5967, 51870, 9861, 1942, 40105
6176.0, 1245, 1155, 7430, 6065, 51634, 12088, 192, 40105
6179.7, 1336, 1155, 7430, 6065, 51634, 12088, 192, 40028
6183.9, 2023, 1102, 7245, 6284, 49241, 7866, -2104, 40028
6187.7, 2031, 1102, 7245, 6284, 49241, 7866, -2104, 40039
6191.4, 1722, 1102, 7245, 6284, 49241, 7866, -2104, 39956
6195.7, 527, 1570, 7533, 5558, 48173, 3066, -2323, 39956
6199.4, 2345, 1570, 7533, 5558, 48173, 3066, -2323, 39930
6203.6, 2036, 1598, 7416, 5906, 46646, -1028, -1264, 39930
6207.3, 1729, 1598, 7416, 5906, 46646, -1028, -1264, 39888
6211.1, 1395, 1598, 7416, 5906, 46646, -1028, -1264, 39859
6215.3, 1618, 1959, 7606, 5813, 44721, -2450, 183, 39859
6219.0, 1540, 1959, 7606, 5813, 44721, -2450, 183, 39831
6223.2, 999, 1771, 7587, 5785, 45019, -214, 2165, 39831
6227.0, 2270, 1771, 7587, 5785, 45019, -214, 2165, 39818
6230.7, 1750, 1771, 7587, 5785, 45019, -214, 2165, 39798
6235.0, 1935, 1357, 7555, 6059, 44157, 1049, 4042, 39798
6238.7, 1340, 1357, 7555, 6059, 44157, 1049, 4042, 39785
6242.9, 1550, 1241, 7383, 5758, 40276, -122, 3850, 39785
6246.6, 2317, 1241, 7383, 5758, 40276, -122, 3850, 39796
6248.9, 1579, 1241, 7383, 5758, 40276, -122, 3850, 39796
6254.6, 1446, 1634, 7334, 5574, 37586, -3263, 1557, 39752
6258.3, 1255, 1634, 7334, 5574, 37586, -3263, 1557, 39716
6264.1, 1659, 1672, 7590, 5528, 36133, -4593, -183, 39664
6266.3, 999, 1672, 7590, 5528, 36133, -4593, -183, 39664
6268.6, 1227, 1672, 7590, 5528, 36133, -4593, -183, 39664
6274.4, 1890, 1905, 7566, 5918, 34930, -2301, -43, 39588
6276.7, 1049, 1905, 7566, 5918, 34930, -2301, -43, 39588
6281.0, 1504, 1614, 7961, 5267, 31749, -1850, 2051, 39588
6284.7, 1775, 1614, 7961, 5267, 31749, -1850, 2051, 39500
6287.0, 1482, 1614, 7961, 5267, 31749, -1850, 2051, 39500
6292.7, 1664, 1417, 7689, 5168, 29146, -971, 5013, 39412
6296.4, 1686, 1417, 7689, 5168, 29146, -971, 5013, 39317
6300.7, 1696, 1175, 7617, 5371, 30179, -664, 6702, 39317
6304.4, 1392, 1175, 7617, 5371, 30179, -664, 6702, 39230
6306.7, 1414, 1175, 7617, 5371, 30179, -664, 6702, 39230
6311.0, 1487, 1026, 7542, 4852, 29969, -1898, 4917, 39230
6314.7, 634, 1026, 7542, 4852, 29969, -1898, 4917, 39183
6317.0, 458, 1026, 7542, 4852, 29969, -1898, 4917, 39183
6322.7, 3040, 1275, 7652, 5690, 28179, -6168, 927, 39112
6326.4, 1112, 1275, 7652, 5690, 28179, -6168, 927, 39059
6330.7, 822, 1875, 7747, 4795, 25217, -8408, -2786, 39059
6334.4, 1768, 1875, 7747, 4795, 25217, -8408, -2786, 39914
6338.6, 1953, 1875, 7747, 4856, 24592, -7210, -3412, 39914
6342.3, 2065, 1875, 7747, 4856, 24592, -7210, -3412, 38937
6346.1, 1185, 1875, 7747, 4856, 24592, -7210, -3412, 38880
6350.3, 2036, 1960, 7887, 4680, 22439, -6024, -148, 38880
6354.0, 1111, 1960, 7887, 4680, 22439, -6024, -148, 38808
6358.2, 2281, 1960, 7887, 4945, 20610, -4182, 3858, 38808
6362.0, 1135, 1960, 7887, 4945, 20610, -4182, 3858, 38773
6365.8, 1548, 1960, 7887, 4945, 20610, -4182, 3858, 38672
6370.0, 1470, 1226, 8041, 4962, 18926, -4348, 6702, 38672
6373.8, 1470, 1226, 8041, 4962, 18926, -4348, 6702, 38606
6378.0, 1871, 1226, 8041, 5139, 17587, -3876, 6746, 38606
6381.7, 1425, 1226, 8041, 5139, 17587, -3876, 6746, 38525
6384.0, 1352, 1226, 8041, 5139, 17587, -3876, 6746, 38525
6389.7, 1826, 1209, 7717, 4221, 14288, -2108, 2533, 38422
6393.5, 1874, 1209, 7717, 4221, 14288, -2108, 2533, 38366
6397.7, 1280, 1209, 7717, 4853, 9760, -1430, -3508, 38366
6401.4, 1441, 1209, 7717, 4853, 9760, -1430, -3508, 38349
6403.7, 1564, 1209, 7717, 4853, 9760, -1430, -3508, 38349
6409.4, 1839, 1831, 8145, 4840, 7608, -1417, -6755, 38230
6413.1, 1410, 1831, 8145, 4840, 7608, -1417, -6755, 38265
6418.8, 1859, 1777, 8362, 4673, 3902, 809, -6426, 38210
6422.5, 1571, 1777, 8362, 4673, 3902, 809, -6426, 38159
6428.2, 1489, 1777, 8362, 4673, 2432, 349, -3933, 38128
6432.0, 1340, 1777, 8362, 4673, 2432, 349, -3933, 38093
6437.7, 2098, 1945, 8285, 4639, 2432, 349, -1828, 38000
6441.5, 1543, 1945, 8285, 4639, 2432, 349, -1828, 38012
6445.7, 1499, 1896, 8210, 4668, -765, 1176, -1828, 38012
6449.4, 1622, 1896, 8210, 4668, -765, 1176, -1828, 37973
6451.7, 1216, 1896, 8210, 4668, -765, 1176, -1828, 37973
6455.9, 1541, 1780, 8216, 4658, -4681, 2550, -1802, 37973
6459.6, 1596, 1780, 8216, 4658, -4681, 2550, -1802, 37941
6461.9, 1341, 1780, 8216, 4658, -4681, 2550, -1802, 37941
6467.6, 1897, 1707, 8298, 4749, -13772, 3049, -3281, 37907
6471.3, 1118, 1707, 8298, 4749, -13772, 3049, -3281, 37893
6475.6, 1662, 1599, 8372, 4659, -13772, 3049, -4672, 37893
6479.3, 1730, 1599, 8372, 4659, -13772, 3049, -4672, 39664
6481.6, 1091, 1599, 8372, 4659, -13772, 3049, -4672, 39664
6485.9, 1626, 1515, 8392, 4508, -24071, 3766, -6444, 39664
6489.6, 1672, 1515, 8392, 4508, -24071, 3766, -6444, 37847
6493.8, 1588, 1467, 8388, 4488, -24071, 3766, -6444, 37847
6497.6, 1722, 1467, 8388, 4488, -24071, 3766, -6444, 37816
6501.3, 1528, 1467, 8388, 4488, -24071, 3766, -6444, 37787
6505.5, 1597, 1511, 8460, 4469, -30201, 2721, -9927, 37787
6509.3, 1752, 1511, 8460, 4469, -30201, 2721, -9927, 37794
6513.5, 1406, 1670, 8206, 4341, -30201, 2721, -9927, 37794
6517.2, 1563, 1670, 8206, 4341, -30201, 2721, -9927, 37765
6521.0, 1596, 1670, 8206, 4341, -30201, 2721, -9927, 38461
6525.3, 1636, 1802, 8206, 4721, -34077, -380, -11112, 38461
6529.0, 1498, 1802, 8206, 4721, -34077, -380, -11112, 38557
6533.3, 1690, 1931, 8103, 4859, -34077, -380, -11112, 38557
6537.0, 1587, 1931, 8103, 4859, -34077, -380, -11112, 38705
6540.7, 1496, 1931, 8103, 4859, -34077, -380, -11112, 38863
6545.0, 1526, 1928, 7983, 4728, -40771, 2695, -5219, 38863
6548.7, 1614, 1928, 7983, 4728, -40771, 2695, -5219, 39043
6552.9, 1823, 1854, 7886, 4730, -40771, 2695, -5219, 39043
6556.7, 1840, 1854, 7886, 4730, -40771, 2695, -5219, 39204
6559.0, 1152, 1854, 7886, 4730, -40771, 2695, -5219, 39204
6564.7, 1439, 1690, 7716, 4516, -48558, 354, -1334, 39354
6568.5, 2082, 1690, 7716, 4516, -48558, 354, -1334, 39488
6572.7, 1295, 1467, 7738, 4920, -48558, 354, -1334, 39488
6576.4, 1466, 1467, 7738, 4920, -48558, 354, -1334, 39608
6578.7, 1275, 1467, 7738, 4920, -48558, 354, -1334, 39608
6584.5, 1630, 1487, 7682, 4926, -52920, -3119, -2620, 39722
6586.7, 1211, 1487, 7682, 4926, -52920, -3119, -2620, 39722
6591.0, 1590, 1284, 7869, 4918, -53480, -5320, -3731, 39722
6594.7, 1554, 1284, 7869, 4918, -53480, -5320, -3731, 39808
6597.0, 1324, 1284, 7869, 4918, -53480, -5320, -3731, 39808
6602.7, 1848, 1222, 7764, 5556, -57702, -8041, -2086, 39883
6606.4, 1357, 1222, 7764, 5556, -57702, -8041, -2086, 39976
6610.7, 1459, 1188, 7582, 4874, -63342, -11095, 1058, 39976
6614.4, 1788, 1188, 7582, 4874, -63342, -11095, 1058, 40035
6616.7, 1308, 1188, 7582, 4874, -63342, -11095, 1058, 40035
6620.9, 1680, 1222, 7261, 5087, -68391, -10758, 3705, 40035
6624.6, 2160, 1222, 7261, 5087, -68391, -10758, 3705, 40113
6626.9, 1330, 1222, 7261, 5087, -68391, -10758, 3705, 40113
6632.6, 1633, 1288, 7116, 5065, -72739, -10635, 4169, 40220
6636.3, 1538, 1288, 7116, 5065, -72739, -10635, 4169, 40261
6640.6, 1637, 1280, 6844, 5446, -76944, -10526, 2397, 40261
6644.3, 1920, 1280, 6844, 5446, -76944, -10526, 2397, 40345
6646.5, 1424, 1280, 6844, 5446, -76944, -10526, 2397, 40345
6650.8, 1665, 1070, 6956, 5684, -77819, -12346, -183, 40345
6654.5, 1798, 1070, 6956, 5684, -77819, -12346, -183, 40430
6658.7, 1681, 846, 6794, 5166, -82448, -14197, -2428, 40430
6662.5, 1570, 846, 6794, 5166, -82448, -14197, -2428, 40468
6666.3, 1716, 846, 6794, 5166, -82448, -14197, -2428, 40559
6670.5, 2027, 968, 6865, 5731, -84758, -15290, -3075, 40559
6674.3, 1813, 968, 6865, 5731, -84758, -15290, -3075, 40625
6678.5, 1005, 1197, 6801, 5443, -90498, -14940, -2183, 40625
6682.2, 1279, 1197, 6801, 5443, -90498, -14940, -2183, 40685
6686.0, 2196, 1197, 6801, 5443, -90498, -14940, -2183, 40724
6690.3, 1966, 1321, 6687, 5997, -94090, -13256, 266, 40724
6694.3, 1524, 1321, 6687, 5997, -94090, -13256, 266, 40765
6698.6, 1994, 1420, 6513, 7052, -94134, -11952, 3688, 40765
6702.3, 977, 1420, 6513, 7052, -94134, -11952, 3688, 40824
6706.1, 1604, 1420, 6513, 7052, -94134, -11952, 3688, 40860
6710.3, 1837, 1552, 5987, 5261, -94396, -10364, 5411, 40860
6714.0, 1829, 1552, 5987, 5261, -94396, -10364, 5411, 40902
6718.3, 1314, 1419, 5682, 6212, -95079, -7371, 5731, 40902
6722.0, 1569, 1419, 5682, 6212, -95079, -7371, 5731, 40963
6725.7, 1754, 1419, 5682, 6212, -95079, -7371, 5731, 41000
6729.9, 1679, 1364, 5693, 6628, -97795, -7463, 5551, 41000
6733.7, 1793, 1364, 5693, 6628, -97795, -7463, 5551, 41028
6737.9, 1674, 1154, 5817, 6261, -100009, -7949, 4948, 41028
6741.6, 1387, 1154, 5817, 6261, -100009, -7949, 4948, 41096
6745.9, 1911, 968, 5924, 6602, -102031, -3123, 5245, 41096
6749.6, 1036, 968, 5924, 6602, -102031, -3123, 5245, 41121
6751.9, 778, 968, 5924, 6602, -102031, -3123, 5245, 41121
6757.6, 1748, 1355, 5758, 7515, -103623, 2940, 5639, 41151
6761.3, 1623, 1355, 5758, 7515, -103623, 2940, 5639, 41170
6765.6, 1206, 1802, 5396, 8155, -102962, 345, 5315, 41170
6769.3, 2485, 1802, 5396, 8155, -102962, 345, 5315, 41166
6771.6, 2209, 1802, 5396, 8155, -102962, 345, 5315, 41166
6775.8, 1267, 1743, 4858, 7240, -103041, -4641, 5241, 41166
6779.6, 1646, 1743, 4858, 7240, -103041, -4641, 5241, 41128
6781.8, 1469, 1743, 4858, 7240, -103041, -4641, 5241, 41128
6787.6, 1395, 1663, 4496, 6481, -103229, -2244, 6667, 41115
6791.3, 1356, 1663, 4496, 6481, -103229, -2244, 6667, 41104
6795.6, 1502, 1901, 4697, 6540, -105281, 3198, 9651, 41104
6799.3, 1932, 1901, 4697, 6540, -105281, 3198, 9651, 41116
6801.6, 1456, 1901, 4697, 6540, -105281, 3198, 9651, 41116
6805.8, 2380, 1852, 5054, 6797, -107771, 5390, 12748, 41116
6809.6, 1337, 1852, 5054, 6797, -107771, 5390, 12748, 41134
6811.8, 549, 1852, 5054, 6797, -107771, 5390, 12748, 41134
6817.6, 1406, 1532, 5338, 8351, -109941, 7923, 15268, 41094
6821.3, 1617, 1532, 5338, 8351, -109941, 7923, 15268, 41161
6825.6, 1811, 1680, 5017, 10651, -104113, 8334, 17189, 41161
6829.3, 1403, 1680, 5017, 10651, -104113, 8334, 17189, 41162
6833.6, 2006, 1581, 3887, 7814, -103553, 6912, 16087, 41162
6837.3, 1638, 1581, 3887, 7814, -103553, 6912, 16087, 41185
6841.0, 1314, 1581, 3887, 7814, -103553, 6912, 16087, 41213
6845.3, 1656, 1507, 3297, 7773, -104419, 6934, 12963, 41213
6849.0, 1667, 1507, 3297, 7773, -104419, 6934, 12963, 41261
6853.2, 1335, 1573, 3387, 7912, -105951, 3093, 11313, 41261
6857.0, 1582, 1573, 3387, 7912, -105951, 3093, 11313, 41266
6860.8, 2291, 1573, 3387, 7912, -105951, 3093, 11313, 41271
6865.0, 1323, 1617, 3815, 7631, -108051, 621, 12263, 41271
6868.8, 1740, 1617, 3815, 7631, -108051, 621, 12263, 41292
6873.0, 933, 1963, 4189, 8775, -108173, 2183, 14087, 41292
6876.7, 1520, 1963, 4189, 8775, -108173, 2183, 14087, 41294
6879.0, 1682, 1963, 4189, 8775, -108173, 2183, 14087, 41294
6884.7, 1529, 2224, 3953, 9148, -107193, 2489, 14748, 41284
6888.5, 1523, 2224, 3953, 9148, -107193, 2489, 14748, 41297
6892.7, 1802, 2109, 3382, 8190, -105237, 4808, 12980, 41297
6896.5, 1259, 2109, 3382, 8190, -105237, 4808, 12980, 41278
6898.8, 937, 2109, 3382, 8190, -105237, 4808, 12980, 41278
6904.5, 1906, 1749, 3098, 7166, -106729, 13584, 11103, 41275
6908.3, 2382, 1749, 3098, 7166, -106729, 13584, 11103, 41303
6914.0, 1202, 1825, 3240, 9385, -107421, 20265, 12503, 41318
6916.2, 1228, 1825, 3240, 9385, -107421, 20265, 12503, 41318
6920.5, 1381, 1716, 3043, 10721, -104660, 17749, 16012, 41318
6924.3, 1357, 1716, 3043, 10721, -104660, 17749, 16012, 41325
6926.5, 1541, 1716, 3043, 10721, -104660, 17749, 16012, 41325
6930.8, 1682, 1951, 2091, 9768, -101895, 12105, 17920, 41325
6934.5, 1669, 1951, 2091, 9768, -101895, 12105, 17920, 41368
6936.8, 1373, 1951, 2091, 9768, -101895, 12105, 17920, 41368
6941.0, 1737, 1800, 1624, 7270, -104651, 6960, 16218, 41368
6944.7, 1668, 1800, 1624, 7270, -104651, 6960, 16218, 41372
6947.0, 1425, 1800, 1624, 7270, -104651, 6960, 16218, 41372
6952.7, 1461, 1595, 2018, 7164, -108676, 8929, 15295, 41350
6956.4, 1600, 1595, 2018, 7164, -108676, 8929, 15295, 41361
6960.6, 1724, 1911, 2303, 10722, -109866, 10443, 15439, 41361
6964.4, 1472, 1911, 2303, 10722, -109866, 10443, 15439, 41365
6966.6, 1294, 1911, 2303, 10722, -109866, 10443, 15439, 41365
6970.9, 1632, 1450, 2432, 9336, -108759, 8955, 15741, 41365
6974.7, 1492, 1450, 2432, 9336, -108759, 8955, 15741, 41376
6978.9, 1414, 1450, 2432, 9336, -107154, 14673, 17303, 41376
6982.6, 1819, 1450, 2432, 9336, -107154, 14673, 17303, 41121
6986.4, 1691, 1450, 2432, 9336, -107154, 14673, 17303, 41413
6990.6, 2022, 1733, 1551, 11159, -105706, 13676, 18979, 41413
6994.4, 1108, 1733, 1551, 11159, -105706, 13676, 18979, 41432
6998.6, 1525, 1733, 1551, 11159, -107504, 9174, 19228, 41432
7002.3, 2128, 1733, 1551, 11159, -107504, 9174, 19228, 41444
7006.1, 1424, 1733, 1551, 11159, -107504, 9174, 19228, 41472
7010.3, 1322, 1547, 176, 8438, -109836, 11519, 16913, 41472
7014.0, 1699, 1547, 176, 8438, -109836, 11519, 16913, 41465
7018.2, 1727, 1547, 176, 8438, -109319, 12473, 14520, 41465
7021.9, 1508, 1547, 176, 8438, -109319, 12473, 14520, 41478
7025.7, 1407, 1547, 176, 8438, -109319, 12473, 14520, 41483
7030.0, 1869, 1707, 810, 8654, -110334, 7861, 14008, 41483
7033.7, 1592, 1707, 810, 8654, -110334, 7861, 14008, 41495
7037.9, 1258, 1707, 810, 8654, -113484, 4165, 15846, 41495
7041.6, 1971, 1707, 810, 8654, -113484, 4165, 15846, 41482
7043.9, 1267, 1707, 810, 8654, -113484, 4165, 15846, 41482
7049.6, 1524, 1707, 633, 11777, -111148, -2563, 17294, 41464
7053.3, 1947, 1707, 633, 11777, -111148, -2563, 17294, 41442
7059.0, 1368, 1155, -129, 9572, -107688, -7673, 17390, 41469
7062.7, 1086, 1155, -129, 9572, -107688, -7673, 17390, 41471
7068.5, 1380, 1155, -129, 9572, -107688, -7673, 18327, 41489
7070.7, 1741, 1155, -129, 9572, -107688, -7673, 18327, 41489
7073.0, 1572, 1155, -129, 9572, -107688, -7673, 18327, 41489
7078.7, 1455, 793, -585, 8304, -107211, 8715, 19114, 41093
7081.0, 1743, 793, -585, 8304, -107211, 8715, 19114, 41093
7083.2, 1752, 793, -585, 8304, -107211, 8715, 19114, 41093
7088.9, 1642, 1451, -698, 8712, -110868, 11580, 16940, 41101
7091.2, 1774, 1451, -698, 8712, -110868, 11580, 16940, 41101
7095.5, 1751, 1717, -267, 9418, -110868, 11580, 16940, 41101
7099.2, 1131, 1717, -267, 9418, -110868, 11580, 16940, 41115
7101.5, 1008, 1717, -267, 9418, -110868, 11580, 16940, 41115
7105.7, 1822, 1591, 120, 8705, -113323, 15439, 14800, 41115
7109.4, 2103, 1591, 120, 8705, -113323, 15439, 14800, 41103
7111.7, 1079, 1591, 120, 8705, -113323, 15439, 14800, 41103
7115.9, 1108, 1878, -366, 10494, -108436, 17867, 13457, 41103
7119.6, 1798, 1878, -366, 10494, -108436, 17867, 13457, 41081
7121.9, 1776, 1878, -366, 10494, -108436, 17867, 13457, 41081
7127.6, 1837, 1849, -1376, 9307, -107998, 13357, 11147, 41071
7131.3, 1771, 1849, -1376, 9307, -107998, 13357, 11147, 41045
7135.6, 1270, 1275, -1504, 9526, -107434, 4943, 11458, 41045
7139.4, 1448, 1275, -1504, 9526, -107434, 4943, 11458, 41012
7143.6, 1976, 470, -1656, 9619, -106231, 3097, 17535, 41012
7147.3, 1377, 470, -1656, 9619, -106231, 3097, 17535, 40959
7151.1, 1760, 470, -1656, 9619, -106231, 3097, 17535, 40914
7155.4, 1626, 460, -1582, 9209, -108370, 6956, 23577, 40914
7159.2, 1514, 460, -1582, 9209, -108370, 6956, 23577, 40865
7163.4, 1345, 1141, -1774, 9577, -112343, 7713, 21214, 40865
7167.1, 1884, 1141, -1774, 9577, -112343, 7713, 21214, 40900
7170.9, 1803, 1141, -1774, 9577, -112343, 7713, 21214, 40881
7175.1, 1498, 1615, -1813, 9619, -114885, 5320, 11838, 40881
7178.9, 1994, 1615, -1813, 9619, -114885, 5320, 11838, 40898
7183.1, 1453, 2073, -2079, 7841, -116810, 7013, 3176, 40898
7186.8, 1094, 2073, -2079, 7841, -116810, 7013, 3176, 40908
7190.6, 1566, 2073, -2079, 7841, -116810, 7013, 3176, 40927
7194.8, 1806, 2005, -2041, 9660, -115331, 10810, 1076, 40927
7198.5, 1656, 2005, -2041, 9660, -115331, 10810, 1076, 40957
7202.8, 1247, 1837, -1866, 9107, -113344, 11051, 8863, 40957
7206.5, 1383, 1837, -1866, 9107, -113344, 11051, 8863, 40955
7208.8, 1748, 1837, -1866, 9107, -113344, 11051, 8863, 40955
7214.5, 1816, 1699, -2598, 9397, -114443, 7700, 19420, 40887
7218.3, 1773, 1699, -2598, 9397, -114443, 7700, 19420, 40900
7224.0, 973, 946, -2771, 10013, -115497, 857, 26727, 40819
7227.7, 1537, 946, -2771, 10013, -115497, 857, 26727, 40792
7233.4, 1738, 449, -3324, 8121, -117667, 3150, 27764, 40775
7237.2, 1609, 449, -3324, 8121, -117667, 3150, 27764, 40736
7242.9, 1694, 665, -3582, 9377, -118284, 10438, 21245, 40689
7246.6, 1355, 665, -3582, 9377, -118284, 10438, 21245, 40659
7250.9, 1785, 1109, -3595, 9195, -119496, 9826, 10539, 40659
7254.6, 1660, 1109, -3595, 9195, -119496, 9826, 10539, 40630
7256.9, 1484, 1109, -3595, 9195, -119496, 9826, 10539, 40630
7262.6, 1968, 1384, -3109, 8208, -123333, 4405, 3228, 40625
7266.3, 1422, 1384, -3109, 8208, -123333, 4405, 3228, 40639
7270.6, 1394, 1372, -3093, 10182, -123390, 153, 4781, 40639
7274.3, 1550, 1372, -3093, 10182, -123390, 153, 4781, 40603
7276.6, 1806, 1372, -3093, 10182, -123390, 153, 4781, 40603
7280.8, 1807, 1363, -3618, 8681, -120791, -1618, 11965, 40603
7284.6, 1221, 1363, -3618, 8681, -120791, -1618, 11965, 40608
7286.8, 1196, 1363, -3618, 8681, -120791, -1618, 11965, 40608
7292.6, 2476, 1482, -4629, 7670, -120502, 122, 16725, 40599
7296.3, 1302, 1482, -4629, 7670, -120502, 122, 16725, 41093
7300.6, 766, 1316, -5196, 9101, -121224, 1049, 16227, 41093
7304.3, 1430, 1316, -5196, 9101, -121224, 1049, 16227, 40570
7306.6, 1918, 1316, -5196, 9101, -121224, 1049, 16227, 40570
7310.8, 1891, 938, -5289, 8867, -119115, 5534, 14529, 40570
7314.6, 1739, 938, -5289, 8867, -119115, 5534, 14529, 40538
7318.8, 1464, 780, -5697, 7374, -117960, 13886, 12858, 40538
7322.6, 1863, 780, -5697, 7374, -117960, 13886, 12858, 40464
7326.3, 1624, 780, -5697, 7374, -117960, 13886, 12858, 40417
7330.6, 1725, 785, -5726, 8450, -118888, 14665, 10242, 40417
7334.3, 1859, 785, -5726, 8450, -118888, 14665, 10242, 40349
7338.5, 1999, 723, -5312, 8807, -121233, 7835, 8452, 40349
7342.2, 1504, 723, -5312, 8807, -121233, 7835, 8452, 40367
7346.0, 1314, 723, -5312, 8807, -121233, 7835, 8452, 40327
7350.2, 1868, 652, -5086, 8566, -122305, 3031, 8951, 40327
7353.9, 1023, 652, -5086, 8566, -122305, 3031, 8951, 40298
7358.2, 1108, 804, -5507, 9006, -119518, 555, 10732, 40298
7361.9, 1734, 804, -5507, 9006, -119518, 555, 10732, 40275
7365.6, 1774, 804, -5507, 9006, -119518, 555, 10732, 40254
7369.8, 1713, 1033, -6479, 7617, -118118, -3451, 10491, 40254
7373.6, 1708, 1033, -6479, 7617, -118118, -3451, 10491, 40206
7377.8, 1477, 882, -6658, 8255, -118923, -5635, 9743, 40206
7381.5, 2258, 882, -6658, 8255, -118923, -5635, 9743, 40261
7383.8, 2117, 882, -6658, 8255, -118923, -5635, 9743, 40261
7389.5, 1023, 891, -6259, 8163, -120034, -153, 12613, 40227
7393.2, 1163, 891, -6259, 8163, -120034, -153, 12613, 40209
7399.0, 1839, 975, -6292, 8711, -118962, 8824, 16852, 40190
7401.2, 1794, 975, -6292, 8711, -118962, 8824, 16852, 40190
7403.5, 1265, 975, -6292, 8711, -118962, 8824, 16852, 40190
7409.2, 1509, 935, -7114, 8030, -115134, 12158, 18401, 40175
7411.5, 1831, 935, -7114, 8030, -115134, 12158, 18401, 40175
7415.8, 1980, 511, -7682, 6497, -111542, 12779, 16301, 40175
7419.5, 1664, 511, -7682, 6497, -111542, 12779, 16301, 40125
7421.8, 1639, 511, -7682, 6497, -111542, 12779, 16301, 40125
7427.5, 787, 133, -7642, 7483, -109853, 14424, 14621, 40204
7431.3, 1410, 133, -7642, 7483, -109853, 14424, 14621, 40198
7435.5, 1744, 311, -7387, 8410, -108353, 10609, 13085, 40198
7439.2, 1798, 311, -7387, 8410, -108353, 10609, 13085, 40195
7441.5, 2119, 311, -7387, 8410, -108353, 10609, 13085, 40195
7445.8, 2070, 559, -7396, 7708, -107784, 1351, 11357, 40195
7449.5, 1339, 559, -7396, 7708, -107784, 1351, 11357, 40233
7451.7, 924, 559, -7396, 7708, -107784, 1351, 11357, 40233
7457.5, 1682, 678, -7548, 7844, -107701, -5061, 12298, 40220
7461.2, 1942, 678, -7548, 7844, -107701, -5061, 12298, 40247
7465.4, 1816, 866, -7856, 8556, -105771, -5285, 16122, 40247
7469.1, 1532, 866, -7856, 8556, -105771, -5285, 16122, 40278
7473.4, 992, 1119, -8171, 6271, -104135, -2034, 19333, 40278
7477.1, 1679, 1119, -8171, 6271, -104135, -2034, 19333, 40281
7480.8, 2231, 1119, -8171, 6271, -104135, -2034, 19333, 40323
7485.1, 2565, 1094, -8087, 7001, -101488, 3049, 20396, 40323
7488.8, 1020, 1094, -8087, 7001, -101488, 3049, 20396, 40351
7493.0, 1082, 773, -7730, 6806, -98758, 7997, 20987, 40351
7496.7, 1515, 773, -7730, 6806, -98758, 7997, 20987, 40372
7500.5, 1105, 773, -7730, 6806, -98758, 7997, 20987, 40423
7504.7, 1695, 529, -7631, 7392, -97345, 10950, 20755, 40423
7508.5, 1756, 529, -7631, 7392, -97345, 10950, 20755, 40402
7512.7, 2131, 247, -7825, 6646, -96422, 10487, 19849, 40402
7516.4, 1773, 247, -7825, 6646, -96422, 10487, 19849, 40442
7518.7, 1079, 247, -7825, 6646, -96422, 10487, 19849, 40442
7524.4, 1560, 232, -8164, 6686, -96505, 6566, 18349, 40475
7528.2, 1764, 232, -8164, 6686, -96505, 6566, 18349, 40491
7533.9, 1260, 413, -8410, 7385, -97231, -1137, 15973, 40510
7537.6, 1746, 413, -8410, 7385, -97231, -1137, 15973, 40538
7543.4, 1865, 468, -8423, 6920, -98233, -6965, 14503, 40571
7547.1, 2360, 468, -8423, 6920, -98233, -6965, 14503, 40589
7552.8, 1408, 523, -8406, 6213, -99375, -7818, 14673, 40622
7556.5, 1677, 523, -8406, 6213, -99375, -7818, 14673, 40626
7560.8, 1390, 523, -8406, 7397, -98390, -6623, 14927, 40626
7564.5, 1008, 523, -8406, 7397, -98390, -6623, 14927, 40636
7566.8, 1451, 523, -8406, 7397, -98390, -6623, 14927, 40636
7571.0, 1797, 584, -8660, 5719, -97017, -2664, 14411, 40636
7574.7, 1350, 584, -8660, 5719, -97017, -2664, 14411, 40641
7577.0, 1507, 584, -8660, 5719, -97017, -2664, 14411, 40641
7582.7, 1423, 558, -8927, 5944, -95433, 5193, 13720, 40651
7586.4, 1376, 558, -8927, 5944, -95433, 5193, 13720, 40666
7590.6, 1830, 558, -9208, 5602, -92388, 9336, 12210, 40666
7594.4, 1926, 558, -9208, 5602, -92388, 9336, 12210, 40729
7596.6, 1966, 558, -9208, 5602, -92388, 9336, 12210, 40729
7600.9, 1825, 424, -9345, 5024, -89846, 9878, 10871, 40729
7604.7, 1206, 424, -9345, 5024, -89846, 9878, 10871, 40690
7606.9, 1271, 424, -9345, 5024, -89846, 9878, 10871, 40690
7612.6, 1821, 544, -9318, 5753, -88297, 6177, 10762, 40711
7616.4, 1210, 544, -9318, 5753, -88297, 6177, 10762, 40730
7620.6, 1316, 535, -9116, 5711, -87510, -34, 11996, 40730
7624.4, 2191, 535, -9116, 5711, -87510, -34, 11996, 40708
7626.6, 2215, 535, -9116, 5711, -87510, -34, 11996, 40708
7630.9, 1487, 342, -8947, 5178, -87724, -3373, 13641, 40708
7634.7, 891, 342, -8947, 5178, -87724, -3373, 13641, 40762
7638.9, 1111, 342, -8947, 5178, -87724, -2065, 14783, 40762
7642.6, 1592, 342, -8947, 5178, -87724, -2065, 14783, 40766
7646.4, 2659, 342, -8947, 5178, -87724, -2065, 14783, 40783
7650.7, 2897, 305, -9539, 5075, -86009, -1666, 12915, 40783
7654.4, 808, 305, -9539, 5075, -86009, -1666, 12915, 40833
7658.6, 238, 305, -9539, 5075, -86009, -485, 8710, 40833
7662.3, 1035, 305, -9539, 5075, -86009, -485, 8710, 41186
7666.1, 1709, 305, -9539, 5075, -86009, -485, 8710, 41223
7670.3, 1700, 349, -9470, 5511, -83537, 2594, 6790, 41223
7674.0, 1887, 349, -9470, 5511, -83537, 2594, 6790, 41222
7678.2, 2255, 349, -9470, 5511, -83537, 2594, 6991, 41222
7682.0, 2002, 349, -9470, 5511, -83537, 2594, 6991, 41222
7685.7, 1372, 349, -9470, 5511, -83537, 2594, 6991, 41249
7690.0, 864, 376, -9732, 5207, -79674, 3605, 7953, 41249
7693.7, 1377, 376, -9732, 5207, -79674, 3605, 7953, 41259
7697.9, 1791, 376, -9732, 5207, -79674, 3605, 8325, 41259
7701.6, 1767, 376, -9732, 5207, -79674, 3605, 8325, 41259
7703.9, 1569, 376, -9732, 5207, -79674, 3605, 8325, 41259
7709.6, 2224, 486, -9718, 4032, -75960, 3101, 8474, 41206
7713.3, 2275, 486, -9718, 4032, -75960, 3101, 8474, 41274
7719.1, 732, 486, -9718, 4032, -75960, 3101, 8496, 41281
7721.3, 654, 486, -9718, 4032, -75960, 3101, 8496, 41281
7723.6, 1420, 486, -9718, 4032, -75960, 3101, 8496, 41281
7729.3, 2622, 517, -9702, 4725, -73483, 1399, 8312, 41296
7731.6, 1705, 517, -9702, 4725, -73483, 1399, 8312, 41296
7735.9, 755, 273, -9693, 4636, -73483, 1399, 8312, 41296
7739.6, 788, 273, -9693, 4636, -73483, 1399, 8312, 41310
7741.9, 922, 273, -9693, 4636, -73483, 1399, 8312, 41310
7747.7, 1926, 29, -9754, 3958, -71444, 2835, 8351, 41254
7751.4, 2110, 29, -9754, 3958, -71444, 2835, 8351, 41253
7755.7, 1686, -3, -10054, 4371, -68207, 5573, 7463, 41253
7759.4, 1604, -3, -10054, 4371, -68207, 5573, 7463, 41252
7761.7, 1380, -3, -10054, 4371, -68207, 5573, 7463, 41252
7766.0, 1527, 158, -9906, 3399, -65752, 4580, 4939, 41252
7769.7, 1616, 158, -9906, 3399, -65752, 4580, 4939, 41258
7772.0, 1581, 158, -9906, 3399, -65752, 4580, 4939, 41258
7777.7, 1774, 292, -9718, 3803, -63176, 214, 3255, 41259
7781.4, 1919, 292, -9718, 3803, -63176, 214, 3255, 41262
7785.7, 1528, 200, -9523, 3506, -61220, -1618, 4305, 41262
7789.4, 1158, 200, -9523, 3506, -61220, -1618, 4305, 41277
7793.6, 1548, 153, -9598, 3558, -60721, 1609, 6160, 41277
7797.3, 1780, 153, -9598, 3558, -60721, 1609, 6160, 41264
7801.0, 2182, 153, -9598, 3558, -60721, 1609, 6160, 41261
7805.3, 1666, 174, -9781, 3842, -60835, 4445, 6400, 41261
7809.0, 1566, 174, -9781, 3842, -60835, 4445, 6400, 41261
7813.2, 1537, 92, -9710, 3667, -61911, 3788, 4550, 41261
7817.0, 970, 92, -9710, 3667, -61911, 3788, 4550, 41246
7820.7, 1342, 92, -9710, 3667, -61911, 3788, 4550, 41229
7825.0, 2083, -22, -9817, 3852, -61509, 2913, 2288, 41229
7828.7, 1948, -22, -9817, 3852, -61509, 2913, 2288, 41237
7832.9, 1496, -232, -9996, 3087, -58674, 2905, 721, 41237
7836.6, 1164, -232, -9996, 3087, -58674, 2905, 721, 41182
7838.9, 1155, -232, -9996, 3087, -58674, 2905, 721, 41182
7844.6, 1953, -135, -10012, 2861, -55895, 2134, -271, 41157
7848.3, 1625, -135, -10012, 2861, -55895, 2134, -271, 41138
7854.0, 1399, 132, -10107, 3613, -51446, -3386, -944, 41106
7857.7, 1582, 132, -10107, 3613, -51446, -3386, -944, 41090
7863.5, 1613, 188, -10201, 2469, -48191, -8916, -651, 41167
7867.2, 1699, 188, -10201, 2469, -48191, -8916, -651, 41042
7873.0, 1780, 151, -10202, 2588, -44717, -7953, 2275, 41032
7876.8, 1713, 151, -10202, 2588, -44717, -7953, 2275, 41027
7882.5, 1831, 224, -10311, 2676, -41978, -4130, 4296, 41055
7886.2, 1308, 224, -10311, 2676, -41978, -4130, 4296, 41029
7888.5, 1258, 224, -10311, 2676, -41978, -4130, 4296, 41029
7894.2, 1665, 199, -10204, 2673, -40259, -804, 3591, 41029
7896.5, 1608, 199, -10204, 2673, -40259, -804, 3591, 41029
7900.7, 1635, 37, -10012, 2901, -38815, 2467, 2296, 41029
7904.4, 1430, 37, -10012, 2901, -38815, 2467, 2296, 41035
7906.7, 1310, 37, -10012, 2901, -38815, 2467, 2296, 41035
7911.0, 1624, -68, -10006, 2908, -37756, 4729, 896, 41035
7914.7, 1591, -68, -10006, 2908, -37756, 4729, 896, 41013
7917.0, 1497, -68, -10006, 2908, -37756, 4729, 896, 41013
7922.7, 1542, -159, -10126, 2985, -36291, 4252, -476, 41040
7926.4, 1723, -159, -10126, 2985, -36291, 4252, -476, 41046
7930.7, 1872, -241, -10198, 2327, -33989, 1216, -669, 41046
7934.4, 1623, -241, -10198, 2327, -33989, 1216, -669, 41050
7936.7, 1229, -241, -10198, 2327, -33989, 1216, -669, 41050
7940.9, 1786, -111, -10109, 2190, -31609, -1417, -739, 41050
7944.6, 1522, -111, -10109, 2190, -31609, -1417, -739, 41038
7948.8, 1182, 153, -9978, 2373, -29645, -3027, -997, 41038
7952.6, 1468, 153, -9978, 2373, -29645, -3027, -997, 41026
7956.3, 1815, 153, -9978, 2373, -29645, -3027, -997, 41022
7960.6, 1540, 120, -10195, 2105, -27589, -2725, -1763, 41022
7964.3, 1277, 120, -10195, 2105, -27589, -2725, -1763, 41012
7968.5, 1726, 97, -10365, 1671, -24679, -236, -3167, 41012
7972.2, 1769, 97, -10365, 1671, -24679, -236, -3167, 40994
7976.0, 1656, 97, -10365, 1671, -24679, -236, -3167, 41258
7980.2, 1896, 230, -10207, 1682, -21223, 2205, -4375, 41258
7983.9, 1783, 230, -10207, 1682, -21223, 2205, -4375, 40975
7988.1, 1440, 392, -10002, 1743, -17491, 3058, -3775, 40975
7991.9, 1842, 392, -10002, 1743, -17491, 3058, -3775, 40913
7995.6, 1988, 392, -10002, 1743, -17491, 3058, -3775, 40942
7999.9, 1472, 461, -10046, 1725, -13685, 2279, -1715, 40942
8003.6, 1431, 461, -10046, 1725, -13685, 2279, -1715, 40910
8007.8, 1443, 279, -10085, 1457, -10662, 3937, 236, 40910
8011.5, 1723, 279, -10085, 1457, -10662, 3937, 236, 40905
8013.8, 1474, 279, -10085, 1457, -10662, 3937, 236, 40905
8019.5, 2174, 148, -10050, 1694, -7966, 9629, 918, 40907
8023.2, 2050, 148, -10050, 1694, -7966, 9629, 918, 40884
8029.0, 604, 212, -9974, 2197, -5985, 11922, -1347, 40822
8032.7, 1213, 212, -9974, 2197, -5985, 11922, -1347, 40848
8038.4, 2300, 120, -10015, 2242, -3346, 10670, -3876, 40793
8042.1, 2075, 120, -10015, 2242, -3346, 10670, -3876, 40807
8047.8, 1506, -110, -10104, 1781, -778, 11611, -4156, 40811
8051.9, 1360, -110, -10104, 1781, -778, 11611, -4156, 40803
8057.6, 1628, -46, -10111, 2065, 2515, 14459, -3451, 40761
8061.3, 2330, -46, -10111, 2065, 2515, 14459, -3451, 40798
8065.6, 1235, 49, -10094, 2050, 5573, 13943, -3351, 40798
8069.3, 1075, 49, -10094, 2050, 5573, 13943, -3351, 40794
8071.6, 1318, 49, -10094, 2050, 5573, 13943, -3351, 40794
8075.8, 2197, -36, -9960, 1736, 9047, 11830, -3933, 40794
8079.6, 2419, -36, -9960, 1736, 9047, 11830, -3933, 40787
8081.9, 1950, -36, -9960, 1736, 9047, 11830, -3933, 40787
8087.6, 533, -93, -10024, 2054, 13120, 10535, -4147, 40816
8091.3, 1124, -93, -10024, 2054, 13120, 10535, -4147, 40778
8095.5, 1791, -53, -10402, 1947, 17242, 9712, -4095, 40778
8099.3, 2071, -53, -10402, 1947, 17242, 9712, -4095, 40769
8101.5, 2172, -53, -10402, 1947, 17242, 9712, -4095, 40769
8105.8, 1852, -113, -10636, 2033, 22982, 8715, -3495, 40769
8109.5, 1368, -113, -10636, 2033, 22982, 8715, -3495, 40755
8113.7, 987, -35, -10500, 1737, 28801, 7590, -3180, 40755
8117.5, 1487, -35, -10500, 1737, 28801, 7590, -3180, 40765
8121.3, 2278, -35, -10500, 1737, 28801, 7590, -3180, 40747
8125.5, 1114, 66, -10451, 1986, 34261, 7923, -2961, 40747
8129.3, 1627, 66, -10451, 1986, 34261, 7923, -2961, 40747
8133.5, 1499, 151, -10455, 2650, 38316, 6895, -3513, 40747
8137.2, 444, 151, -10455, 2650, 38316, 6895, -3513, 40718
8141.0, 1166, 151, -10455, 2650, 38316, 6895, -3513, 40713
8145.3, 2659, 129, -10466, 2702, 42254, 7056, -3377, 40713
8149.0, 2748, 129, -10466, 2702, 42254, 7056, -3377, 40710
8153.3, 2260, -18, -10700, 2526, 44848, 9025, -1535, 40710
8157.0, 1106, -18, -10700, 2526, 44848, 9025, -1535, 40708
8160.7, 370, -18, -10700, 2526, 44848, 9025, -1535, 40756
8165.0, 1852, -21, -10540, 3256, 49617, 6426, -1448, 40756
8168.7, 1391, -21, -10540, 3256, 49617, 6426, -1448, 40721
8172.9, 1567, -163, -10350, 2957, 54399, 2406, -1841, 40721
8176.7, 3010, -163, -10350, 2957, 54399, 2406, -1841, 40739
8179.0, 3000, -163, -10350, 2957, 54399, 2406, -1841, 40739
8184.7, 152, -163, -10312, 3055, 58341, 3355, -743, 40738
8188.5, 1778, -163, -10312, 3055, 58341, 3355, -743, 40744
8192.7, 2955, -50, -10523, 3864, 63040, 2454, -559, 40744
8196.4, 1218, -50, -10523, 3864, 63040, 2454, -559, 40747
8198.7, 206, -50, -10523, 3864, 63040, 2454, -559, 40747
8204.5, 1128, -110, -10682, 3546, 66991, -2533, -3045, 40783
8206.7, 1327, -110, -10682, 3546, 66991, -2533, -3045, 40783
8211.0, 2342, -110, -10682, 3546, 71488, -5048, -5180, 40783
8214.7, 2472, -110, -10682, 3546, 71488, -5048, -5180, 40773
8217.0, 2157, -110, -10682, 3546, 71488, -5048, -5180, 40773
8222.7, 1193, -32, -10271, 3848, 74021, -3661, -5648, 40802
8226.4, 1262, -32, -10271, 3848, 74021, -3661, -5648, 40801
8230.7, 2135, 166, -9903, 3817, 76148, -2931, -5123, 40801
8234.4, 1828, 166, -9903, 3817, 76148, -2931, -5123, 40820
8236.7, 1308, 166, -9903, 3817, 76148, -2931, -5123, 40820
8240.9, 963, 337, -9778, 4479, 81157, -5390, -5355, 40820
8244.6, 2502, 337, -9778, 4479, 81157, -5390, -5355, 40845
8246.9, 1932, 337, -9778, 4479, 81157, -5390, -5355, 40845
8252.7, 771, 175, -10347, 4345, 85747, -6426, -6545, 40908
8256.4, 1283, 175, -10347, 4345, 85747, -6426, -6545, 40922
8260.7, 1629, 175, -10347, 4723, 91565, -5604, -7673, 40922
8264.4, 2786, 175, -10347, 4723, 91565, -5604, -7673, 40961
8266.7, 1985, 175, -10347, 4723, 91565, -5604, -7673, 40961
8270.9, 502, -8, -10206, 4916, 97288, -4830, -8338, 40961
8274.6, 666, -8, -10206, 4916, 97288, -4830, -8338, 40964
8278.8, 2814, -8, -10206, 4916, 97288, -4830, -8338, 40964
8282.6, 3216, -8, -10206, 4916, 97288, -4830, -8338, 41404
8286.3, 1605, -8, -10206, 4916, 97288, -4830, -8338, 41404
8290.5, 45, 90, -10155, 4957, 106489, -8723, -8833, 41404
8294.3, 123, 90, -10155, 4957, 106489, -8723, -8833, 41436
8298.5, 2190, 39, -10155, 4957, 106489, -8723, -8833, 41436
8302.2, 3041, 39, -10155, 4957, 106489, -8723, -8833, 41465
8306.0, 2407, 39, -10155, 4957, 106489, -8723, -8833, 41454
8310.3, 2289, 323, -10411, 5943, 113764, -8474, -9852, 41454
8314.0, 1617, 323, -10411, 5943, 113764, -8474, -9852, 41479
8318.3, 117, 323, -10411, 5943, 113764, -8474, -9852, 41479
8322.0, 915, 323, -10411, 5943, 113764, -8474, -9852, 41483
8325.7, 3141, 323, -10411, 5943, 113764, -8474, -9852, 41496
8330.0, 2089, 337, -10028, 5635, 120235, -10662, -13903, 41496
8333.7, 225, 337, -10028, 5635, 120235, -10662, -13903, 41516
8337.9, 586, 337, -10028, 5635, 120235, -10662, -13903, 41516
8341.7, 1194, 337, -10028, 5635, 120235, -10662, -13903, 41495
8344.0, 1756, 337, -10028, 5635, 120235, -10662, -13903, 41495
8349.7, 1780, 342, -10005, 6212, 128587, -5661, -11283, 41567
8353.5, 2625, 342, -10005, 6212, 128587, -5661, -11283, 41571
8357.7, 1885, 275, -10005, 6212, 128587, -5661, -11283, 41571
8361.4, 137, 275, -10005, 6212, 128587, -5661, -11283, 41583
8363.7, 1225, 275, -10005, 6212, 128587, -5661, -11283, 41583
8369.4, 2637, 174, -9979, 6586, 131610, -6247, -10937, 41586
8371.7, 1750, 174, -9979, 6586, 131610, -6247, -10937, 41586
8375.9, 952, 374, -9787, 6820, 134214, -9472, -10775, 41586
8379.6, 1446, 374, -9787, 6820, 134214, -9472, -10775, 41606
8381.9, 1441, 374, -9787, 6820, 134214, -9472, -10775, 41606
8387.6, 1803, 658, -9529, 6631, 135832, -12088, -11379, 41610
8391.3, 810, 658, -9529, 6631, 135832, -12088, -11379, 41622
8395.6, 1798, 599, -9147, 6754, 138169, -11261, -12849, 41622
8399.3, 2195, 599, -9147, 6754, 138169, -11261, -12849, 41609
8401.6, 1965, 599, -9147, 6754, 138169, -11261, -12849, 41609
8405.9, 1464, 332, -8803, 6792, 140536, -7126, -12884, 41609
8409.6, 1720, 332, -8803, 6792, 140536, -7126, -12884, 41633
8411.9, 1155, 332, -8803, 6792, 140536, -7126, -12884, 41633
8417.6, 1291, 388, -8811, 7214, 142793, -3705, -12508, 41598
8421.3, 2250, 388, -8811, 7214, 142793, -3705, -12508, 41618
8425.6, 1718, 527, -8821, 7657, 143336, -6588, -13330, 41618
8429.3, 1755, 527, -8821, 7657, 143336, -6588, -13330, 41582
8431.6, 805, 527, -8821, 7657, 143336, -6588, -13330, 41582
8435.9, 2154, 387, -8436, 7310, 143344, -11803, -14223, 41582
8439.6, 2519, 387, -8436, 7310, 143344, -11803, -14223, 41558
8443.8, 1641, 362, -8103, 7832, 143344, -13138, -13435, 41558
8447.6, 766, 362, -8103, 7832, 143344, -13138, -13435, 41553
8451.3, 1955, 362, -8103, 7832, 143344, -13138, -13435, 41550
8455.6, 1494, 397, -7893, 7359, 143344, -12302, -12355, 41550
8459.3, 474, 397, -7893, 7359, 143344, -12302, -12355, 41539
8463.6, 1246, 634, -7855, 8239, 143344, -12595, -12455, 41539
8467.3, 1946, 634, -7855, 8239, 143344, -12595, -12455, 41546
8471.1, 1999, 634, -7855, 8239, 143344, -12595, -12455, 41515
8475.3, 3018, 608, -7777, 7831, 143344, -15824, -13746, 41515
8479.1, 338, 608, -7777, 7831, 143344, -15824, -13746, 41506
8483.3, 1016, 406, -7599, 7815, 143344, -13938, -13558, 41506
8487.0, 2158, 406, -7599, 7815, 143344, -13938, -13558, 41498
8490.8, 2568, 406, -7599, 7815, 143344, -13938, -13558, 41492
8495.0, 1179, 357, -7362, 8547, 143344, -13282, -13794, 41492
8498.7, 1218, 357, -7362, 8547, 143344, -13282, -13794, 41474
8502.9, 1308, 490, -7194, 7778, 143344, -15181, -15391, 41474
8506.7, 631, 490, -7194, 7778, 143344, -15181, -15391, 41481
8509.0, 782, 490, -7194, 7778, 143344, -15181, -15391, 41481
8514.7, 2971, 778, -6970, 8559, 143344, -19683, -18646, 41453
8518.5, 1942, 778, -6970, 8559, 143344, -19683, -18646, 41422
8522.7, 909, 814, -6551, 7736, 143344, -22920, -20457, 41422
8526.5, 1577, 814, -6551, 7736, 143344, -22920, -20457, 41421
8528.8, 2153, 814, -6551, 7736, 143344, -22920, -20457, 41421
8534.5, 810, 1014, -6213, 8885, 143344, -21914, -18519, 41397
8536.8, 152, 1014, -6213, 8885, 143344, -21914, -18519, 41397
8542.5, 1326, 996, -6047, 8232, 143344, -20352, -14748, 41412
8546.2, 1753, 996, -6047, 8232, 143344, -20352, -14748, 41483
8550.5, 1536, 872, -5851, 8306, 143344, -17509, -11930, 41483
8554.2, 3105, 872, -5851, 8306, 143344, -17509, -11930, 41406
8556.5, 3015, 872, -5851, 8306, 143344, -17509, -11930, 41406
8560.7, 102, 911, -5834, 8937, 143344, -15627, -11646, 41406
8564.4, 1104, 911, -5834, 8937, 143344, -15627, -11646, 41399
8566.7, 1201, 911, -5834, 8937, 143344, -15627, -11646, 41399
8570.9, 3081, 551, -5602, 9212, 143344, -15325, -13492, 41399
8574.6, 1665, 551, -5602, 9212, 143344, -15325, -13492, 41389
8576.9, 685, 551, -5602, 9212, 143344, -15325, -13492, 41389
8582.6, 1536, 419, -5258, 8065, 143344, -14302, -14949, 41389
8586.3, 1365, 419, -5258, 8065, 143344, -14302, -14949, 41366
8590.6, 1927, 838, -5030, 9213, 143344, -16485, -17727, 41366
8594.4, 2455, 838, -5030, 9213, 143344, -16485, -17727, 41353
8598.6, 2350, 1138, -4700, 8492, 143344, -22111, -20750, 41353
8602.4, 188, 1138, -4700, 8492, 143344, -22111, -20750, 41353
8606.1, 1864, 1138, -4700, 8492, 143344, -22111, -20750, 41330
8610.4, 2000, 1374, -4141, 9687, 143344, -25559, -21573, 41330
8614.1, 1478, 1374, -4141, 9687, 143344, -25559, -21573, 41336
8618.3, 1353, 1406, -3878, 8544, 143344, -23695, -19372, 41336
8622.0, 1589, 1406, -3878, 8544, 143344, -23695, -19372, 41331
8625.7, 1480, 1406, -3878, 8544, 143344, -23695, -19372, 41293
8630.0, 2806, 1347, -3559, 9218, 143344, -18506, -16148, 41293
8633.7, 481, 1347, -3559, 9218, 143344, -18506, -16148, 41300
8637.9, 1461, 1155, -3454, 8912, 143344, -15347, -14297, 41300
8641.7, 1929, 1155, -3454, 8912, 143344, -15347, -14297, 41283
8644.0, 969, 1155, -3454, 8912, 143344, -15347, -14297, 41283
8649.7, 1410, 969, -3084, 9634, 143344, -15724, -14494, 41279
8653.5, 1835, 969, -3084, 9634, 143344, -15724, -14494, 41582
8657.7, 2610, 1104, -2983, 9098, 143344, -17775, -16861, 41582
8661.4, 2107, 1104, -2983, 9098, 143344, -17775, -16861, 41266
8663.7, 1483, 1104, -2983, 9098, 143344, -17775, -16861, 41266
8669.5, 1113, 1332, -2655, 9548, 143344, -19635, -19858, 41248
8673.2, 1932, 1332, -2655, 9548, 143344, -19635, -19858, 41214
8678.9, 969, 1657, -2583, 8847, 143344, -18895, -21879, 41202
8682.6, 1906, 1657, -2583, 8847, 143344, -18895, -21879, 41182
8688.3, 727, 1719, -2102, 9473, 143344, -18283, -21555, 41169
8692.0, 1245, 1719, -2102, 9473, 143344, -18283, -21555, 41137
8697.8, 3168, 1604, -1800, 9193, 143344, -17351, -18773, 41498
8701.5, 978, 1604, -1800, 9193, 143344, -17351, -18773, 41090
8705.8, 1371, 1269, -1544, 9458, 143344, -14953, -16113, 41090
8709.5, 1598, 1269, -1544, 9458, 143344, -14953, -16113, 41062
8711.8, 653, 1269, -1544, 9458, 143344, -14953, -16113, 41062
8717.5, 2220, 1409, -1555, 8845, 143344, -13462, -16244, 41044
8721.3, 1223, 1409, -1555, 8845, 143344, -13462, -16244, 41040
8725.5, 1401, 1243, -1268, 8404, 143344, -15684, -19801, 41040
8729.2, 1343, 1243, -1268, 8404, 143344, -15684, -19801, 40989
8731.5, 2315, 1243, -1268, 8404, 143344, -15684, -19801, 40989
8735.7, 1422, 1176, -845, 9459, 143344, -21087, -22470, 40989
8739.5, 3035, 1176, -845, 9459, 143344, -21087, -22470, 40955
8741.7, 2013, 1176, -845, 9459, 143344, -21087, -22470, 40955
8747.5, 854, 1386, -651, 9585, 143344, -23327, -22815, 40930
8751.2, 1463, 1386, -651, 9585, 143344, -23327, -22815, 40875
8755.4, 1404, 1654, -672, 8903, 143344, -21289, -22776, 40875
8759.1, 1600, 1654, -672, 8903, 143344, -21289, -22776, 40857
8761.4, 1979, 1654, -672, 8903, 143344, -21289, -22776, 40857
8765.6, 1647, 1689, -685, 8545, 143344, -18279, -23616, 40857
8769.3, 665, 1689, -685, 8545, 143344, -18279, -23616, 40817
8773.5, 1205, 1689, -410, 8809, 143344, -16467, -23498, 40817
8777.3, 3044, 1689, -410, 8809, 143344, -16467, -23498, 40721
8781.0, 1694, 1689, -410, 8809, 143344, -16467, -23498, 40745
8785.3, 1287, 1182, -35, 8682, 143344, -14288, -22483, 40745
8789.0, 1479, 1182, -35, 8682, 143344, -14288, -22483, 40705
8793.2, 1486, 1182, 364, 9171, 143344, -14608, -21984, 40705
8796.9, 2114, 1182, 364, 9171, 143344, -14608, -21984, 40673
8800.6, 1249, 1182, 364, 9171, 143344, -14608, -21984, 40606
8804.9, 2011, 1253, 590, 7704, 143344, -15058, -23183, 40606
8808.6, 1786, 1253, 590, 7704, 143344, -15058, -23183, 40621
8812.8, 720, 1253, 590, 8804, 143336, -15675, -24894, 40621
8816.6, 831, 1253, 590, 8804, 143336, -15675, -24894, 40599
8818.8, 2531, 1253, 590, 8804, 143336, -15675, -24894, 40599
8824.6, 2081, 1537, 1121, 8526, 143331, -17994, -26075, 40535
8828.3, 565, 1537, 1121, 8526, 143331, -17994, -26075, 40529
8834.0, 1157, 1523, 1474, 9236, 143213, -17898, -25874, 40481
8837.7, 1990, 1523, 1474, 9236, 143213, -17898, -25874, 40418
8843.4, 450, 1557, 1590, 7554, 143042, -12617, -24609, 40399
8847.2, 2279, 1557, 1590, 7554, 143042, -12617, -24609, 40347
8852.9, 1562, 1557, 1590, 7554, 143042, -8645, -24732, 40343
8856.6, 921, 1557, 1590, 7554, 143042, -8645, -24732, 40331
8860.9, 2146, 1808, 1661, 8673, 143112, -8645, -24732, 40331
8864.7, 1624, 1808, 1661, 8673, 143112, -8645, -24732, 40309
8867.0, 1324, 1808, 1661, 8673, 143112, -8645, -24732, 40309
8872.7, 1894, 1606, 1920, 7794, 142220, -9563, -24880, 40347
8876.4, 305, 1606, 1920, 7794, 142220, -9563, -24880, 40294
8880.6, 1419, 1456, 2322, 8312, 142032, -9563, -24880, 40294
8884.4, 2292, 1456, 2322, 8312, 142032, -9563, -24880, 40265
8886.6, 2470, 1456, 2322, 8312, 142032, -9563, -24880, 40265
8890.9, 1634, 1620, 2613, 8398, 139735, -13168, -24272, 40265
8894.7, 2225, 1620, 2613, 8398, 139735, -13168, -24272, 40254
8897.0, 1788, 1620, 2613, 8398, 139735, -13168, -24272, 40254
8902.7, 1231, 1804, 3027, 8778, 133916, -11961, -23638, 39937
8906.4, 1747, 1804, 3027, 8778, 133916, -11961, -23638, 39916
8910.7, 1351, 1788, 3265, 7527, 133229, -7748, -22737, 39916
8914.5, 1754, 1788, 3265, 7527, 133229, -7748, -22737, 39936
8918.7, 1255, 2014, 3348, 7819, 133229, -7748, -22737, 39936
8922.5, 1930, 2014, 3348, 7819, 133229, -7748, -22737, 39961
8926.3, 2402, 2014, 3348, 7819, 133229, -7748, -22737, 39967
8930.5, 872, 1816, 3468, 6910, 131090, -6186, -19679, 39967
8934.3, 1238, 1816, 3468, 6910, 131090, -6186, -19679, 39913
8938.5, 1207, 1757, 3531, 7795, 131090, -6186, -19679, 39913
8942.3, 1362, 1757, 3531, 7795, 131090, -6186, -19679, 39992
8946.0, 1789, 1757, 3531, 7795, 131090, -6186, -19679, 39994
8950.3, 690, 1831, 3906, 7470, 125078, -10010, -17793, 39994
8954.0, 3112, 1831, 3906, 7470, 125078, -10010, -17793, 40002
8958.3, 2128, 1870, 4192, 7253, 125078, -10010, -17793, 40002
8962.0, 1917, 1870, 4192, 7253, 125078, -10010, -17793, 40008
8965.8, 1427, 1870, 4192, 7253, 125078, -10010, -17793, 40036
8970.0, 916, 1800, 4387, 7855, 118293, -4563, -16205, 40036
8973.8, 1331, 1800, 4387, 7855, 118293, -4563, -16205, 40064
8978.0, 1228, 1591, 4556, 6945, 118293, -4563, -16205, 40064
8981.7, 1403, 1591, 4556, 6945, 118293, -4563, -16205, 40106
8985.5, 2527, 1591, 4556, 6945, 118293, -4563, -16205, 40169
8989.7, 1297, 1749, 4404, 6887, 111109, 1596, -17456, 40169
8993.4, 978, 1749, 4404, 6887, 111109, 1596, -17456, 40169
8999.2, 1133, 1655, 4479, 7695, 111109, 1596, -16804, 40170
9002.9, 2591, 1655, 4479, 7695, 111109, 1596, -16804, 40184
9008.6, 939, 1479, 4654, 6087, 111634, -463, -16804, 40180
9010.8, 1349, 1479, 4654, 6087, 111634, -463, -16804, 40180
9013.1, 1976, 1479, 4654, 6087, 111634, -463, -16804, 40180
9018.8, 1468, 1345, 4777, 6549, 112745, -4160, -16043, 40240
9021.0, 2670, 1345, 4777, 6549, 112745, -4160, -16043, 40240
9023.3, 2861, 1345, 4777, 6549, 112745, -4160, -16043, 40240
9029.0, 1122, 1171, 4954, 5984, 108374, -8649, -16231, 40265
9031.3, 831, 1171, 4954, 5984, 108374, -8649, -16231, 40265
9035.5, 1516, 1324, 5503, 7029, 106064, -13645, -18235, 40265
9039.3, 2126, 1324, 5503, 7029, 106064, -13645, -18235, 40309
9041.6, 1403, 1324, 5503, 7029, 106064, -13645, -18235, 40309
9045.8, 1325, 1333, 5775, 6250, 104056, -16257, -19604, 40309
9049.5, 1051, 1333, 5775, 6250, 104056, -16257, -19604, 40247
9051.8, 1602, 1333, 5775, 6250, 104056, -16257, -19604, 40247
9056.0, 1997, 1473, 5802, 5562, 100889, -14367, -20965, 40247
9059.7, 2523, 1473, 5802, 5562, 100889, -14367, -20965, 40308
9062.0, 2612, 1473, 5802, 5562, 100889, -14367, -20965, 40308
9067.7, 1210, 1497, 6037, 6649, 96172, -11047, -22080, 40346
9071.4, 642, 1497, 6037, 6649, 96172, -11047, -22080, 40373
9075.7, 2489, 1526, 6046, 6291, 94645, -12403, -23284, 40373
9079.5, 1181, 1526, 6046, 6291, 94645, -12403, -23284, 40408
9083.7, 1687, 1822, 6285, 5853, 92064, -11060, -23209, 40408
9087.5, 2349, 1822, 6285, 5853, 92064, -11060, -23209, 40433
9091.2, 2270, 1822, 6285, 5853, 92064, -11060, -23209, 40472
9095.5, 1416, 1836, 6385, 5369, 88113, -9791, -20698, 40472
9099.2, 1434, 1836, 6385, 5369, 88113, -9791, -20698, 40494
9103.4, 1429, 1615, 6934, 5114, 85165, -7070, -17132, 40494
9107.1, 2009, 1615, 6934, 5114, 85165, -7070, -17132, 40497
9110.9, 1975, 1615, 6934, 5114, 85165, -7070, -17132, 40515
9115.1, 289, 1457, 6966, 5626, 81984, -3478, -13724, 40515
9118.8, 1745, 1457, 6966, 5626, 81984, -3478, -13724, 40526
9123.1, 1842, 1992, 7209, 5866, 78725, -4348, -13580, 40526
9126.8, 2151, 1992, 7209, 5866, 78725, -4348, -13580, 40550
9129.1, 1672, 1992, 7209, 5866, 78725, -4348, -13580, 40550
9134.9, 2395, 2035, 7217, 5369, 77583, -4331, -13995, 40571
9138.6, 1406, 2035, 7217, 5369, 77583, -4331, -13995, 40548
9142.8, 997, 1920, 7283, 5151, 72407, -2012, -13969, 40548
9146.6, 2207, 1920, 7283, 5151, 72407, -2012, -13969, 40554
9148.8, 1418, 1920, 7283, 5151, 72407, -2012, -13969, 40554
9154.6, 1604, 1326, 7662, 5997, 69235, -1754, -13602, 40542
9158.3, 1517, 1326, 7662, 5997, 69235, -1754, -13602, 40525
9164.0, 1263, 1253, 7783, 5069, 64755, -4029, -12845, 40531
9167.7, 2267, 1253, 7783, 5069, 64755, -4029, -12845, 40456
9173.4, 1695, 1392, 7598, 4692, 58376, -5495, -13050, 40396
9177.2, 1127, 1392, 7598, 4692, 58376, -5495, -13050, 40336
9182.9, 1765, 1782, 7886, 4920, 54329, -6339, -12954, 40282
9186.6, 1553, 1782, 7886, 4920, 54329, -6339, -12954, 40307
9190.8, 2159, 1828, 7755, 5552, 51503, -7910, -10495, 40307
9194.6, 1180, 1828, 7755, 5552, 51503, -7910, -10495, 40256
9196.9, 1468, 1828, 7755, 5552, 51503, -7910, -10495, 40256
9202.6, 623, 1834, 7918, 4971, 51555, -11173, -7078, 40203
9206.3, 2071, 1834, 7918, 4971, 51555, -11173, -7078, 40186
9210.6, 1896, 1812, 7609, 4383, 48038, -13820, -4239, 40186
9214.3, 1238, 1812, 7609, 4383, 48038, -13820, -4239, 40130
9216.6, 1455, 1812, 7609, 4383, 48038, -13820, -4239, 40130
9220.8, 1921, 1723, 7616, 4896, 46174, -12040, -2178, 40130
9224.6, 1522, 1723, 7616, 4896, 46174, -12040, -2178, 40095
9226.8, 1329, 1723, 7616, 4896, 46174, -12040, -2178, 40095
9232.6, 1999, 1671, 7679, 4452, 44122, -7936, -1268, 40036
9236.3, 1431, 1671, 7679, 4452, 44122, -7936, -1268, 39933
9240.6, 1520, 1813, 7473, 4112, 41567, -6440, -1181, 39933
9244.3, 1508, 1813, 7473, 4112, 41567, -6440, -1181, 39842
9248.6, 1517, 1598, 7669, 4753, 39222, -7433, -1203, 39842
9252.3, 1990, 1598, 7669, 4753, 39222, -7433, -1203, 39675
9256.0, 1649, 1598, 7669, 4753, 39222, -7433, -1203, 39615
9260.3, 1564, 1641, 7923, 4049, 34051, -6895, -1141, 39615
9264.0, 1882, 1641, 7923, 4049, 34051, -6895, -1141, 39526
9268.2, 1473, 1469, 8242, 4722, 30205, -8338, -1098, 39526
9272.0, 1814, 1469, 8242, 4722, 30205, -8338, -1098, 39368
9275.8, 990, 1469, 8242, 4722, 30205, -8338, -1098, 39303
9280.0, 1604, 1663, 8203, 4539, 25808, -10360, -367, 39303
9283.8, 1796, 1663, 8203, 4539, 25808, -10360, -367, 39231
9288.0, 2256, 1734, 8099, 3960, 21980, -7385, 188, 39231
9291.7, 1547, 1734, 8099, 3960, 21980, -7385, 188, 39100
9294.0, 1367, 1734, 8099, 3960, 21980, -7385, 188, 39100
9299.8, 911, 1688, 7927, 4359, 18108, -4178, 538, 38979
9303.5, 2495, 1688, 7927, 4359, 18108, -4178, 538, 38888
9307.7, 592, 1660, 8059, 4395, 15404, -4453, 2266, 38888
9311.4, 1688, 1660, 8059, 4395, 15404, -4453, 2266, 38793
9313.7, 1518, 1660, 8059, 4395, 15404, -4453, 2266, 38793
9319.4, 2111, 1543, 8019, 4611, 14463, -5324, 4090, 38697
9323.1, 955, 1543, 8019, 4611, 14463, -5324, 4090, 38609
9328.8, 1645, 1655, 7935, 3862, 11353, -5945, 5210, 38516
9332.6, 1550, 1655, 7935, 3862, 11353, -5945, 5210, 38428
9338.3, 1964, 1530, 7973, 4025, 8719, -7258, 4882, 38363
9342.0, 1273, 1530, 7973, 4025, 8719, -7258, 4882, 38292
9347.7, 1981, 1564, 8181, 4042, 5652, -4838, 4213, 38248
9351.4, 1821, 1564, 8181, 4042, 5652, -4838, 4213, 38207
9355.7, 1063, 1376, 8348, 4188, 2410, -1526, 3145, 38207
9359.4, 2138, 1376, 8348, 4188, 2410, -1526, 3145, 38161
9361.7, 1600, 1376, 8348, 4188, 2410, -1526, 3145, 38161
9365.9, 1468, 1254, 8468, 4092, -682, 34, 1386, 38161
9369.6, 1534, 1254, 8468, 4092, -682, 34, 1386, 38123
9371.9, 1060, 1254, 8468, 4092, -682, 34, 1386, 38123
9377.6, 1394, 1475, 8398, 4213, -4265, 1701, -804, 38071
9381.3, 1987, 1475, 8398, 4213, -4265, 1701, -804, 38024
9385.6, 1611, 1576, 8432, 4102, -6466, 1819, -2948, 38024
9389.3, 1621, 1576, 8432, 4102, -6466, 1819, -2948, 38008
9391.6, 829, 1576, 8432, 4102, -6466, 1819, -2948, 38008
9395.9, 1702, 1689, 8566, 4176, -10032, 1929, -2909, 38008
9399.6, 1879, 1689, 8566, 4176, -10032, 1929, -2909, 37982
9403.8, 1349, 1689, 8566, 4176, -11799, 1885, -1194, 37982
9407.9, 1981, 1689, 8566, 4176, -11799, 1885, -1194, 37955
9411.6, 1427, 1689, 8566, 4176, -11799, 1885, -1194, 37905
9415.9, 1290, 1727, 8428, 4263, -14275, 1955, 148, 37905
9419.7, 2197, 1727, 8428, 4263, -14275, 1955, 148, 37915
9423.9, 1364, 1727, 8428, 4375, -17158, 2813, 643, 37915
9427.6, 1612, 1727, 8428, 4375, -17158, 2813, 643, 37885
9431.4, 1676, 1727, 8428, 4375, -17158, 2813, 643, 37838
9435.6, 1549, 1730, 8546, 4344, -19171, 2576, 621, 37838
9439.4, 1396, 1730, 8546, 4344, -19171, 2576, 621, 40036
9443.6, 1578, 1730, 8546, 4296, -22982, 3333, 174, 40036
9447.3, 1698, 1730, 8546, 4296, -22982, 3333, 174, 37814
9451.1, 1497, 1730, 8546, 4296, -22982, 3333, 174, 37803
9455.3, 1724, 1613, 8606, 4210, -24723, 4388, -1102, 37803
9459.0, 1546, 1613, 8606, 4210, -24723, 4388, -1102, 37797
9463.2, 1543, 1613, 8606, 4210, -26666, 3731, -1889, 37797
9467.0, 1926, 1613, 8606, 4210, -26666, 3731, -1889, 37800
9470.7, 1576, 1613, 8606, 4210, -26666, 3731, -1889, 37775
9475.0, 1510, 1688, 8288, 4316, -29116, 2848, -2279, 37775
9478.7, 1505, 1688, 8288, 4316, -29116, 2848, -2279, 37794
9482.9, 1725, 1688, 8288, 4316, -29938, 2458, -3097, 37794
9486.6, 1580, 1688, 8288, 4316, -29938, 2458, -3097, 37828
9488.9, 1105, 1688, 8288, 4316, -29938, 2458, -3097, 37828
9494.6, 1818, 1810, 8203, 4267, -32056, 2244, -3959, 37798
9496.9, 1282, 1810, 8203, 4267, -32056, 2244, -3959, 37798
9502.6, 1947, 1981, 8203, 4267, -32056, 2244, -3959, 37813
9506.3, 1506, 1981, 8203, 4267, -32056, 2244, -3959, 37817
9510.6, 1430, 1934, 8313, 4490, -34698, 1054, -3675, 37817
9514.3, 1553, 1934, 8313, 4490, -34698, 1054, -3675, 37827
9516.6, 1382, 1934, 8313, 4490, -34698, 1054, -3675, 37827
9520.8, 1535, 1870, 8365, 4904, -37122, -415, -1920, 37827
9524.6, 1627, 1870, 8365, 4904, -37122, -415, -1920, 39801
9526.8, 1518, 1870, 8365, 4904, -37122, -415, -1920, 39801
9532.6, 1646, 1719, 8436, 4462, -40434, -984, -21, 39880
9536.3, 1533, 1719, 8436, 4462, -40434, -984, -21, 39936
9540.6, 1688, 1683, 8270, 4374, -42801, 524, 511, 39936
9544.3, 1304, 1683, 8270, 4374, -42801, 524, 511, 40009
9546.6, 948, 1683, 8270, 4374, -42801, 524, 511, 40009
9550.8, 2300, 1566, 8196, 4452, -43934, 538, -507, 40009
9554.5, 1356, 1566, 8196, 4452, -43934, 538, -507, 37943
9556.8, 1135, 1566, 8196, 4452, -43934, 538, -507, 37943
9562.6, 1810, 1403, 8109, 4406, -46975, -809, -5403, 40164
9566.3, 1659, 1403, 8109, 4406, -46975, -809, -5403, 40212
9570.6, 1506, 1613, 8026, 5034, -49132, -3565, -5403, 40212
9574.3, 1470, 1613, 8026, 5034, -49132, -3565, -5403, 40341
9578.6, 2050, 1781, 8108, 4560, -53690, -5796, -6772, 40341
9582.3, 1618, 1781, 8108, 4560, -53690, -5796, -6772, 40406
9586.1, 1200, 1781, 8108, 4560, -53690, -5796, -6772, 40454
9590.3, 2179, 2046, 8047, 4660, -57475, -9065, -5236, 40454
9594.0, 1633, 2046, 8047, 4660, -57475, -9065, -5236, 40477
9598.2, 1619, 2175, 8062, 5048, -60992, -13514, -804, 40477
9602.0, 1564, 2175, 8062, 5048, -60992, -13514, -804, 40575
9605.7, 1461, 2175, 8062, 5048, -60992, -13514, -804, 40641
9609.9, 1404, 1977, 7600, 5190, -64147, -11392, 4913, 40641
9613.7, 1869, 1977, 7600, 5190, -64147, -11392, 4913, 40696
9617.9, 1972, 1835, 7001, 4910, -66986, -3307, 7962, 40696
9621.6, 1423, 1835, 7001, 4910, -66986, -3307, 7962, 40760
9623.9, 1259, 1835, 7001, 4910, -66986, -3307, 7962, 40760
9629.6, 1672, 1761, 6719, 5141, -65188, -2957, 6619, 40765
9633.3, 1854, 1761, 6719, 5141, -65188, -2957, 6619, 40806
9639.0, 1310, 1345, 6762, 5239, -68876, -9065, 2511, 40829
9642.7, 1701, 1345, 6762, 5239, -68876, -9065, 2511, 40830
9648.5, 1973, 1004, 7182, 5352, -74699, -10478, -1273, 40888
9652.2, 1563, 1004, 7182, 5352, -74699, -10478, -1273, 40913
9658.0, 1728, 1002, 7235, 5288, -79306, -9192, -4270, 40942
9661.7, 1785, 1002, 7235, 5288, -79306, -9192, -4270, 40989
9665.9, 1575, 1201, 7124, 5933, -83174, -9787, -6168, 40989
9669.6, 1154, 1201, 7124, 5933, -83174, -9787, -6168, 40999
9671.9, 948, 1201, 7124, 5933, -83174, -9787, -6168, 40999
9677.6, 1953, 1567, 6947, 5943, -85471, -13615, -6483, 41053
9681.3, 1584, 1567, 6947, 5943, -85471, -13615, -6483, 41103
9685.6, 1389, 1734, 6533, 5609, -87580, -18047, -5468, 41103
9689.3, 1533, 1734, 6533, 5609, -87580, -18047, -5468, 41171
9691.6, 1369, 1734, 6533, 5609, -87580, -18047, -5468, 41171
9695.8, 1734, 1872, 6406, 5758, -91771, -17565, -3141, 41171
9699.6, 1554, 1872, 6406, 5758, -91771, -17565, -3141, 41216
9701.8, 1029, 1872, 6406, 5758, -91771, -17565, -3141, 41216
9707.6, 1838, 2016, 6292, 6073, -93495, -15977, -402, 41257
9711.3, 1743, 2016, 6292, 6073, -93495, -15977, -402, 41249
9715.6, 1451, 2257, 6267, 6092, -96325, -15093, 2533, 41249
9719.3, 1600, 2257, 6267, 6092, -96325, -15093, 2533, 41329
9721.5, 1178, 2257, 6267, 6092, -96325, -15093, 2533, 41329
9725.8, 1528, 2059, 6168, 6120, -98421, -12845, 5700, 41329
9729.5, 1612, 2059, 6168, 6120, -98421, -12845, 5700, 41365
9733.7, 1856, 1672, 6049, 6086, -99012, -7700, 8732, 41365
9737.5, 1543, 1672, 6049, 6086, -99012, -7700, 8732, 41386
9741.2, 1621, 1672, 6049, 6086, -99012, -7700, 8732, 41428
9745.5, 1663, 1672, 5773, 6314, -100652, -3806, 9979, 41428
9749.3, 1180, 1672, 5773, 6314, -100652, -3806, 9979, 41384
9753.5, 1862, 1533, 5596, 6766, -102271, -7612, 9113, 41384
9757.2, 1690, 1533, 5596, 6766, -102271, -7612, 9113, 41391
9761.0, 1271, 1533, 5596, 6766, -102271, -7612, 9113, 41419
9765.3, 1657, 1524, 5488, 7404, -102101, -14223, 8623, 41419
9769.0, 2059, 1524, 5488, 7404, -102101, -14223, 8623, 41434
9773.3, 1166, 1582, 5261, 7124, -104249, -18935, 10233, 41434
9777.0, 1669, 1582, 5261, 7124, -104249, -18935, 10233, 41440
9780.7, 1762, 1582, 5261, 7124, -104249, -18935, 10233, 41473
9785.0, 1156, 1772, 4884, 7322, -108659, -21205, 12727, 41473
9788.7, 1356, 1772, 4884, 7322, -108659, -21205, 12727, 41453
9792.9, 1598, 1957, 4812, 7006, -111686, -19088, 14923, 41453
9796.7, 1687, 1957, 4812, 7006, -111686, -19088, 14923, 41491
9799.0, 1652, 1957, 4812, 7006, -111686, -19088, 14923, 41491
9804.7, 1867, 2401, 4577, 6917, -114858, -13063, 15426, 41484
9808.5, 1584, 2401, 4577, 6917, -114858, -13063, 15426, 41511
9812.7, 1148, 2468, 4558, 7140, -117076, -6230, 14866, 41511
9816.4, 1514, 2468, 4558, 7140, -117076, -6230, 14866, 41521
9818.7, 1574, 2468, 4558, 7140, -117076, -6230, 14866, 41521
9824.5, 1875, 2440, 4481, 7953, -115108, -1299, 15347, 41546
9826.7, 1587, 2440, 4481, 7953, -115108, -1299, 15347, 41546
9831.0, 1610, 1975, 4470, 6556, -116503, 3377, 18309, 41546
9834.7, 1197, 1975, 4470, 6556, -116503, 3377, 18309, 41545
9837.0, 1125, 1975, 4470, 6556, -116503, 3377, 18309, 41545
9842.7, 1730, 1898, 4254, 8408, -115392, 7459, 22225, 41556
9846.4, 1718, 1898, 4254, 8408, -115392, 7459, 22225, 41573
9850.7, 1760, 1823, 3931, 8237, -116582, 3605, 24530, 41573
9854.4, 1468, 1823, 3931, 8237, -116582, 3605, 24530, 41601
9856.7, 1167, 1823, 3931, 8237, -116582, 3605, 24530, 41601
9860.9, 1539, 1472, 3626, 6803, -120572, 2261, 23109, 41601
9864.6, 1975, 1472, 3626, 6803, -120572, 2261, 23109, 41617
9866.9, 1642, 1472, 3626, 6803, -120572, 2261, 23109, 41617
9872.6, 1430, 1554, 3605, 8441, -123132, 5656, 19534, 41638
9876.3, 1133, 1554, 3605, 8441, -123132, 5656, 19534, 41650
9880.6, 1458, 1929, 3168, 8676, -124339, 6081, 13685, 41650
9884.3, 1767, 1929, 3168, 8676, -124339, 6081, 13685, 41655
9886.6, 1583, 1929, 3168, 8676, -124339, 6081, 13685, 41655
9890.9, 1461, 2315, 3024, 9439, -120458, 2603, 7205, 41655
9894.6, 1800, 2315, 3024, 9439, -120458, 2603, 7205, 41666
9898.8, 1547, 2185, 2919, 6720, -121246, 7135, 6846, 41666
9902.6, 1476, 2185, 2919, 6720, -121246, 7135, 6846, 41683
9906.3, 1587, 2185, 2919, 6720, -121246, 7135, 6846, 41688
9910.6, 1176, 2313, 3343, 7902, -120205, 13847, 13742, 41688
9914.3, 1545, 2313, 3343, 7902, -120205, 13847, 13742, 41695
9918.6, 1736, 2362, 3440, 8253, -121587, 15006, 23222, 41695
9922.3, 1942, 2362, 3440, 8253, -121587, 15006, 23222, 41707
9926.1, 1679, 2362, 3440, 8253, -121587, 15006, 23222, 41715
9930.3, 1449, 2274, 3208, 9684, -125586, 9555, 28739, 41715
9934.1, 1790, 2274, 3208, 9684, -125586, 9555, 28739, 41735
9938.3, 1937, 2065, 2580, 8957, -127607, 6365, 27339, 41735
9942.0, 1452, 2065, 2580, 8957, -127607, 6365, 27339, 41744
9945.8, 1651, 2065, 2580, 8957, -127607, 6365, 27339, 41801
9950.0, 1709, 2041, 1641, 7517, -129410, 12101, 20869, 41801
9953.7, 1534, 2041, 1641, 7517, -129410, 12101, 20869, 41767
9957.9, 1557, 2106, 1299, 8598, -130897, 15334, 13103, 41767
9961.7, 1137, 2106, 1299, 8598, -130897, 15334, 13103, 41788
9964.0, 1088, 2106, 1299, 8598, -130897, 15334, 13103, 41788
9969.7, 1157, 1880, 1639, 9738, -128797, 13182, 11121, 41802
9973.5, 2109, 1880, 1639, 9738, -128797, 13182, 11121, 41762
9977.7, 2269, 1800, 1551, 9260, -128548, 10373, 16406, 41762
9981.5, 1477, 1800, 1551, 9260, -128548, 10373, 16406, 41787
9983.8, 1234, 1800, 1551, 9260, -128548, 10373, 16406, 41787
9989.5, 1561, 1696, 1179, 9571, -129095, 5263, 21792, 41789
9991.8, 1621, 1696, 1179, 9571, -129095, 5263, 21792, 41789
9997.5, 1752, 2066, 836, 7723, -130394, 7599, 23397, 41777
10001.2, 1835, 2066, 836, 7723, -130394, 7599, 23397, 41771
10005.5, 1262, 2066, 836, 8991, -130263, 13295, 20422, 41771
10009.2, 1483, 2066, 836, 8991, -130263, 13295, 20422, 41748
10011.5, 899, 2066, 836, 8991, -130263, 13295, 20422, 41748
10015.7, 1972, 2513, 162, 9160, -132083, 14870, 16476, 41748
10019.4, 1841, 2513, 162, 9160, -132083, 14870, 16476, 41736
10021.7, 1589, 2513, 162, 9160, -132083, 14870, 16476, 41736
10025.9, 1482, 2038, -4, 9354, -127878, 20217, 16760, 41736
10029.6, 1412, 2038, -4, 9354, -127878, 20217, 16760, 41698
10031.9, 1249, 2038, -4, 9354, -127878, 20217, 16760, 41698
10037.6, 1633, 1389, -636, 8685, -124728, 30336, 21376, 41679
10041.3, 1733, 1389, -636, 8685, -124728, 30336, 21376, 41699
10045.6, 1185, 1051, -758, 10043, -123031, 29676, 24946, 41699
10049.4, 1551, 1051, -758, 10043, -123031, 29676, 24946, 41697
10053.6, 2312, 1051, -758, 10043, -123031, 29676, 24946, 41697
10057.4, 1428, 1051, -758, 10043, -123031, 29676, 24946, 41710
10061.1, 1682, 1051, -758, 10043, -123031, 29676, 24946, 41742
10065.4, 2157, 532, -1046, 9777, -124746, 14603, 21722, 41742
10069.1, 1493, 532, -1046, 9777, -124746, 14603, 21722, 41734
10073.3, 1980, 532, -1046, 9777, -124746, 14603, 21722, 41734
10077.0, 1805, 532, -1046, 9777, -124746, 14603, 21722, 41727
10080.7, 945, 532, -1046, 9777, -124746, 14603, 21722, 41715
10085.0, 1531, 2003, -2036, 8984, -125573, 3163, 7507, 41715
10088.7, 1883, 2003, -2036, 8984, -125573, 3163, 7507, 41694
10092.9, 1246, 2003, -2036, 8984, -125573, 3163, 7507, 41694
10096.7, 1450, 2003, -2036, 8984, -125573, 3163, 7507, 41671
10099.0, 1406, 2003, -2036, 8984, -125573, 3163, 7507, 41671
10104.7, 1573, 2258, -1978, 8859, -122287, 1203, 5643, 40854
10108.4, 1381, 2258, -1978, 8859, -122287, 1203, 5643, 40830
10114.1, 1946, 2258, -1493, 9315, -120751, 8977, 17110, 40805
10117.8, 1759, 2258, -1493, 9315, -120751, 8977, 17110, 40814
10123.5, 1985, 1885, -1493, 9315, -119785, 15072, 28997, 40821
10127.3, 843, 1885, -1493, 9315, -119785, 15072, 28997, 40839
10133.0, 2531, 1569, -1252, 9540, -119785, 17679, 34173, 41464
10136.7, 1049, 1569, -1252, 9540, -119785, 17679, 34173, 40833
10142.5, 1410, 1363, -1537, 10919, -119194, 17679, 34173, 40868
10146.2, 1554, 1363, -1537, 10919, -119194, 17679, 34173, 40872
10148.5, 1306, 1363, -1537, 10919, -119194, 17679, 34173, 40872
10154.2, 1693, 1437, -2649, 11457, -115055, 15772, 21166, 41452
10156.5, 1518, 1437, -2649, 11457, -115055, 15772, 21166, 41452
10160.7, 1464, 1663, -3826, 7584, -115055, 15772, 21166, 41452
10164.5, 1600, 1663, -3826, 7584, -115055, 15772, 21166, 40797
10166.8, 2133, 1663, -3826, 7584, -115055, 15772, 21166, 40797
10172.5, 1124, 1502, -3729, 8043, -118936, 13173, 12464, 40747
10176.3, 1565, 1502, -3729, 8043, -118936, 13173, 12464, 40690
10180.5, 2424, 1515, -2719, 9238, -124050, 11362, 12565, 40690
10184.2, 609, 1515, -2719, 9238, -124050, 11362, 12565, 40662
10186.5, 484, 1515, -2719, 9238, -124050, 11362, 12565, 40662
10190.7, 1897, 1614, -2039, 11350, -123788, 10053, 18292, 40662
10194.5, 1642, 1614, -2039, 11350, -123788, 10053, 18292, 40648
10196.7, 1364, 1614, -2039, 11350, -123788, 10053, 18292, 40648
10202.5, 1514, 1280, -2245, 10666, -120187, 9078, 24749, 41293
10206.2, 1818, 1280, -2245, 10666, -120187, 9078, 24749, 40625
10210.4, 1947, 1161, -3640, 8944, -117076, 6995, 27545, 40625
10214.1, 1661, 1161, -3640, 8944, -117076, 6995, 27545, 40636
10216.4, 1568, 1161, -3640, 8944, -117076, 6995, 27545, 40636
10220.6, 1717, 1143, -4976, 9354, -114648, 3500, 24876, 40636
10224.3, 1479, 1143, -4976, 9354, -114648, 3500, 24876, 40623
10228.5, 1656, 1265, -5561, 8572, -112452, 3788, 19569, 40623
10232.3, 1859, 1265, -5561, 8572, -112452, 3788, 19569, 40609
10236.0, 1758, 1265, -5561, 8572, -112452, 3788, 19569, 40579
10240.3, 1099, 1591, -5363, 8682, -109849, 5932, 15483, 40579
10244.0, 1221, 1591, -5363, 8682, -109849, 5932, 15483, 40519
10248.2, 1463, 1842, -5152, 10279, -107981, 2572, 13602, 40519
10251.9, 1437, 1842, -5152, 10279, -107981, 2572, 13602, 40537
10255.6, 2407, 1842, -5152, 10279, -107981, 2572, 13602, 40513
10259.9, 2043, 1630, -5023, 8949, -107219, -1426, 14166, 40513
10263.6, 620, 1630, -5023, 8949, -107219, -1426, 14166, 40494
10267.8, 1231, 1119, -5059, 8301, -104822, 3268, 18370, 40494
10271.6, 1740, 1119, -5059, 8301, -104822, 3268, 18370, 40489
10273.8, 1742, 1119, -5059, 8301, -104822, 3268, 18370, 40489
10279.6, 1607, 784, -5123, 9741, -101300, 10189, 23546, 40504
10283.3, 1324, 784, -5123, 9741, -101300, 10189, 23546, 40570
10289.0, 1595, 909, -5374, 9104, -100932, 11261, 24929, 40575
10292.7, 1617, 909, -5374, 9104, -100932, 11261, 24929, 40610
10298.4, 1890, 1034, -5716, 10286, -99721, 4471, 21192, 40642
10302.2, 972, 1034, -5716, 10286, -99721, 4471, 21192, 40658
10307.9, 1591, 825, -5765, 7631, -100421, -1579, 16358, 40727
10311.6, 2001, 825, -5765, 7631, -100421, -1579, 16358, 40746
10315.9, 1991, 1079, -5563, 8870, -101519, -2730, 14586, 40746
10319.7, 1007, 1079, -5563, 8870, -101519, -2730, 14586, 40805
10322.0, 1153, 1079, -5563, 8870, -101519, -2730, 14586, 40805
10327.7, 1252, 1447, -5249, 8186, -103636, -4803, 14096, 40786
10331.4, 1637, 1447, -5249, 8186, -103636, -4803, 14096, 40785
10335.6, 1985, 1703, -5103, 8702, -104415, -3241, 14704, 40785
10339.4, 705, 1703, -5103, 8702, -104415, -3241, 14704, 40793
10341.6, 1291, 1703, -5103, 8702, -104415, -3241, 14704, 40793
10345.9, 1729, 1543, -5336, 8618, -103146, 761, 16441, 40793
10349.7, 1851, 1543, -5336, 8618, -103146, 761, 16441, 40815
10352.0, 1621, 1543, -5336, 8618, -103146, 761, 16441, 40815
10357.7, 1578, 1352, -6089, 9152, -99209, 5853, 18152, 40816
10361.4, 2411, 1352, -6089, 9152, -99209, 5853, 18152, 40863
10365.7, 1716, 920, -6554, 8334, -97139, 9922, 19753, 40863
10369.5, 681, 920, -6554, 8334, -97139, 9922, 19753, 40901
10373.7, 1610, 791, -6579, 8036, -95398, 10819, 20431, 40901
10377.5, 1758, 791, -6579, 8036, -95398, 10819, 20431, 40797
10381.3, 1683, 791, -6579, 8036, -95398, 10819, 20431, 40931
10385.5, 2277, 813, -6321, 8343, -96400, 8050, 19049, 40931
10389.3, 1599, 813, -6321, 8343, -96400, 8050, 19049, 40941
10393.5, 1106, 1112, -5958, 7844, -99362, 1723, 15190, 40941
10397.3, 1183, 1112, -5958, 7844, -99362, 1723, 15190, 40945
10401.0, 1084, 1112, -5958, 7844, -99362, 1723, 15190, 40974
10405.3, 1719, 1214, -5838, 9104, -97673, -5315, 11383, 40974
10409.0, 1972, 1214, -5838, 9104, -97673, -5315, 11383, 40952
10413.3, 1332, 1317, -6547, 7608, -93342, -5285, 10867, 40952
10417.0, 1560, 1317, -6547, 7608, -93342, -5285, 10867, 40962
10420.8, 1764, 1317, -6547, 7608, -93342, -5285, 10867, 40959
10425.0, 1648, 1414, -7409, 7052, -90467, 695, 11432, 40959
10428.8, 1619, 1414, -7409, 7052, -90467, 695, 11432, 40964
10433.0, 2129, 1274, -7455, 7598, -88748, 3990, 12639, 40964
10436.7, 1876, 1274, -7455, 7598, -88748, 3990, 12639, 40981
10440.5, 797, 1274, -7455, 7598, -88748, 3990, 12639, 41012
10444.7, 1407, 1077, -7118, 8005, -88652, 5761, 14223, 41012
10448.4, 2661, 1077, -7118, 8005, -88652, 5761, 14223, 41001
10454.2, 997, 867, -6934, 8852, -88512, 5932, 15273, 41007
10457.9, 759, 867, -6934, 8852, -88512, 5932, 15273, 41005
10463.6, 2898, 696, -7074, 6684, -89255, 5088, 14652, 41026
10465.8, 2809, 696, -7074, 6684, -89255, 5088, 14652, 41026
10468.1, 1305, 696, -7074, 6684, -89255, 5088, 14652, 41026
10473.8, 298, 964, -7330, 7923, -89177, 1898, 11593, 41017
10476.0, 1425, 964, -7330, 7923, -89177, 1898, 11593, 41017
10478.3, 1756, 964, -7330, 7923, -89177, 1898, 11593, 41017
10484.0, 1883, 1007, -7534, 7479, -87790, -3320, 8492, 41017
10486.3, 1801, 1007, -7534, 7479, -87790, -3320, 8492, 41017
10490.5, 1856, 1016, -7867, 5703, -85370, -2760, 8553, 41017
10494.3, 1463, 1016, -7867, 5703, -85370, -2760, 8553, 41004
10496.6, 1372, 1016, -7867, 5703, -85370, -2760, 8553, 41004
10500.8, 1622, 1140, -8171, 6993, -83918, -1671, 10412, 41004
10504.5, 1711, 1140, -8171, 6993, -83918, -1671, 10412, 41038
10506.8, 1829, 1140, -8171, 6993, -83918, -1671, 10412, 41038
10511.0, 1763, 1024, -8053, 6875, -82601, -4068, 12547, 41038
10514.7, 1437, 1024, -8053, 6875, -82601, -4068, 12547, 41058
10517.0, 1306, 1024, -8053, 6875, -82601, -4068, 12547, 41058
10522.7, 1384, 614, -7986, 5950, -81599, -1732, 14109, 41085
10526.4, 2251, 614, -7986, 5950, -81599, -1732, 14109, 41057
10530.7, 1548, 498, -8036, 6517, -81297, 1312, 13580, 41057
10534.5, 779, 498, -8036, 6517, -81297, 1312, 13580, 41171
10538.7, 1269, 585, -8052, 7085, -81476, 717, 10259, 41171
10542.5, 2035, 585, -8052, 7085, -81476, 717, 10259, 41173
10546.2, 1929, 585, -8052, 7085, -81476, 717, 10259, 41175
10550.5, 2174, 670, -7916, 5949, -82631, -1216, 5915, 41175
10554.2, 2212, 670, -7916, 5949, -82631, -1216, 5915, 41207
10558.4, 721, 974, -8117, 6795, -81966, 43, 4283, 41207
10562.1, 314, 974, -8117, 6795, -81966, 43, 4283, 41178
10565.9, 1458, 974, -8117, 6795, -81966, 43, 4283, 41192
10570.1, 2130, 1017, -8299, 6436, -80951, 1229, 6002, 41192
10573.8, 1869, 1017, -8299, 6436, -80951, 1229, 6002, 41130
10578.1, 1593, 745, -8604, 5012, -78598, 3482, 9283, 41130
10581.8, 1598, 745, -8604, 5012, -78598, 3482, 9283, 41207
10584.1, 1110, 745, -8604, 5012, -78598, 3482, 9283, 41207
10589.9, 1593, 937, -9052, 5764, -75312, 5608, 11222, 41221
10593.6, 1839, 937, -9052, 5764, -75312, 5608, 11222, 41240
10597.8, 1799, 998, -9199, 5325, -72420, 2782, 8898, 41240
10601.6, 1618, 998, -9199, 5325, -72420, 2782, 8898, 41260
10603.8, 2172, 998, -9199, 5325, -72420, 2782, 8898, 41260
10609.6, 1373, 910, -8985, 5893, -70526, -1413, 6256, 41272
10613.3, 381, 910, -8985, 5893, -70526, -1413, 6256, 41303
10619.0, 1562, 691, -9024, 5796, -68972, -1929, 7437, 41335
10622.7, 2151, 691, -9024, 5796, -68972, -1929, 7437, 41356
10628.4, 986, 847, -9308, 5501, -66400, 1084, 9327, 41367
10632.2, 920, 847, -9308, 5501, -66400, 1084, 9327, 41378
10637.9, 2294, 847, -9308, 5802, -64317, 1426, 9187, 41385
10641.6, 2057, 847, -9308, 5802, -64317, 1426, 9187, 41391
10645.8, 1651, 957, -9373, 5802, -64654, -629, 8001, 41391
10649.6, 1254, 957, -9373, 5802, -64654, -629, 8001, 41411
10651.9, 1323, 957, -9373, 5802, -64654, -629, 8001, 41411
10657.6, 2054, 990, -9206, 5415, -65284, -984, 7686, 41399
10661.3, 1483, 990, -9206, 5415, -65284, -984, 7686, 41396
10665.6, 1199, 867, -8928, 5415, -64484, 2633, 8334, 41396
10669.3, 1067, 867, -8928, 5415, -64484, 2633, 8334, 41418
10671.6, 1273, 867, -8928, 5415, -64484, 2633, 8334, 41418
10675.8, 1849, 550, -8875, 4925, -61758, 4116, 7533, 41418
10679.6, 1952, 550, -8875, 4925, -61758, 4116, 7533, 41422
10681.8, 1727, 550, -8875, 4925, -61758, 4116, 7533, 41422
10687.6, 1445, 715, -9046, 4482, -60804, 1465, 4357, 41370
10691.3, 1183, 715, -9046, 4482, -60804, 1465, 4357, 41464
10695.6, 1706, 715, -9046, 5933, -60717, -1417, 1758, 41464
10699.3, 1628, 715, -9046, 5933, -60717, -1417, 1758, 41451
10703.6, 2098, 877, -9053, 5933, -60717, -1417, 1758, 41451
10707.3, 2147, 877, -9053, 5933, -60717, -1417, 1758, 41456
10711.0, 1963, 877, -9053, 5933, -60717, -1417, 1758, 41499
10715.3, 919, 762, -9065, 4616, -59794, 1290, 2716, 41499
10719.0, 897, 762, -9065, 4616, -59794, 1290, 2716, 41478
10723.2, 1652, 856, -9236, 4616, -59794, 1290, 2716, 41478
10727.0, 1518, 856, -9236, 4616, -59794, 1290, 2716, 41499
10730.8, 1816, 856, -9236, 4616, -59794, 1290, 2716, 41524
10735.0, 2157, 977, -9368, 3788, -58730, 3430, 2712, 41524
10738.8, 1590, 977, -9368, 3788, -58730, 3430, 2712, 41529
10743.0, 1234, 899, -9215, 3788, -58730, 3430, 2712, 41529
10746.7, 1402, 899, -9215, 3788, -58730, 3430, 2712, 41523
10749.0, 1362, 899, -9215, 3788, -58730, 3430, 2712, 41523
10755.1, 1361, 730, -9224, 4581, -56587, 6020, 2209, 41548
10758.9, 1601, 730, -9224, 4581, -56587, 6020, 2209, 41295
10763.1, 1967, 730, -9224, 4581, -56587, 6020, 2209, 41295
10766.8, 2198, 730, -9224, 4581, -56587, 6020, 2209, 41302
10770.6, 1482, 730, -9224, 4581, -56587, 6020, 2209, 41325
10774.8, 1283, 423, -9303, 4475, -53708, 1483, 0, 41325
10778.6, 2102, 423, -9303, 4475, -53708, 1483, 0, 41291
10782.8, 1649, 423, -9303, 4475, -53708, 1483, 0, 41291
10786.5, 1408, 423, -9303, 4475, -53708, 1483, 0, 41269
10790.8, 1282, 424, -9275, 4450, -53463, 34, 43, 41269
10794.5, 927, 424, -9275, 4450, -53463, 34, 43, 41246
10796.8, 871, 424, -9275, 4450, -53463, 34, 43, 41246
10802.5, 1803, 502, -9492, 4415, -53130, 428, 8, 41248
10806.3, 2476, 502, -9492, 4415, -53130, 428, 8, 41239
10810.5, 1880, 518, -9630, 3968, -52527, 1198, -533, 41239
10814.2, 1100, 518, -9630, 3968, -52527, 1198, -533, 41229
10816.5, 1050, 518, -9630, 3968, -52527, 1198, -533, 41229
10820.8, 1449, 618, -9561, 3435, -50803, 4029, -1203, 41229
10824.5, 1659, 618, -9561, 3435, -50803, 4029, -1203, 41237
10826.7, 1603, 618, -9561, 3435, -50803, 4029, -1203, 41237
10832.5, 1868, 795, -9419, 4007, -49893, 6877, -966, 41218
10836.2, 1317, 795, -9419, 4007, -49893, 6877, -966, 41203
10840.5, 1295, 721, -9480, 3595, -47329, 6838, -376, 41203
10844.3, 1690, 721, -9480, 3595, -47329, 6838, -376, 41200
10846.6, 1611, 721, -9480, 3595, -47329, 6838, -376, 41200
10850.9, 1937, 601, -9735, 3318, -45290, 6746, 411, 41200
10854.6, 1823, 601, -9735, 3318, -45290, 6746, 411, 41194
10858.8, 1296, 467, -9936, 3271, -43190, 6829, 1080, 41194
10862.6, 1181, 467, -9936, 3271, -43190, 6829, 1080, 41176
10866.3, 1413, 467, -9936, 3271, -43190, 6829, 1080, 41157
10870.6, 1542, 391, -9956, 3738, -41821, 6063, 831, 41157
10874.3, 1943, 391, -9956, 3738, -41821, 6063, 831, 41163
10878.5, 1770, 282, -9890, 3638, -40241, 4786, 13, 41163
10882.2, 1644, 282, -9890, 3638, -40241, 4786, 13, 41166
10886.0, 1803, 282, -9890, 3638, -40241, 4786, 13, 41158
10890.3, 1580, 345, -9760, 3159, -38903, 5293, -192, 41158
10894.0, 1110, 345, -9760, 3159, -38903, 5293, -192, 41137
10898.3, 1233, 529, -9641, 3476, -38999, 5565, 279, 41137
10902.0, 1989, 529, -9641, 3476, -38999, 5565, 279, 41138
10905.8, 2006, 529, -9641, 3476, -38999, 5565, 279, 41109
10910.0, 1759, 558, -9619, 3568, -38995, 4746, 756, 41109
10913.7, 1438, 558, -9619, 3568, -38995, 4746, 756, 41107
10917.9, 1310, 410, -9623, 3275, -39668, 6195, 918, 41107
10921.7, 1970, 410, -9623, 3275, -39668, 6195, 918, 41110
10924.0, 1640, 410, -9623, 3275, -39668, 6195, 918, 41110
10929.7, 1403, 292, -9675, 3182, -40044, 9025, 546, 41111
10933.5, 1238, 292, -9675, 3182, -40044, 9025, 546, 41104
10937.7, 1440, 291, -9625, 3320, -39458, 10071, -546, 41104
10941.4, 1557, 291, -9625, 3320, -39458, 10071, -546, 41061
10943.7, 1632, 291, -9625, 3320, -39458, 10071, -546, 41061
10949.5, 1870, 279, -9689, 3155, -38413, 7398, -1973, 41048
10951.7, 1806, 279, -9689, 3155, -38413, 7398, -1973, 41048
10956.0, 1652, 303, -9697, 2660, -37301, 2896, -2318, 41048
10959.7, 1335, 303, -9697, 2660, -37301, 2896, -2318, 41035
10962.0, 1152, 303, -9697, 2660, -37301, 2896, -2318, 41035
10967.7, 1979, 510, -9701, 2920, -36142, -927, -1360, 41025
10971.4, 1863, 510, -9701, 2920, -36142, -927, -1360, 41002
10975.7, 1570, 597, -9783, 2684, -35429, -2760, 411, 41002
10979.4, 1508, 597, -9783, 2684, -35429, -2760, 411, 40942
10981.7, 1203, 597, -9783, 2684, -35429, -2760, 411, 40942
10985.9, 1716, 506, -9821, 2521, -34121, -1203, 1478, 40942
10989.6, 1617, 506, -9821, 2521, -34121, -1203, 1478, 40962
10991.9, 1284, 506, -9821, 2521, -34121, -1203, 1478, 40962
10997.6, 1626, 382, -9845, 2719, -32239, 2209, 1303, 40949
11001.3, 2006, 382, -9845, 2719, -32239, 2209, 1303, 40902
11005.6, 1680, 306, -9888, 2209, -31220, 4025, 183, 40902
11009.3, 1646, 306, -9888, 2209, -31220, 4025, 183, 40870
11011.5, 1577, 306, -9888, 2209, -31220, 4025, 183, 40870
11015.8, 1595, 364, -9876, 2557, -30695, 2835, -450, 40870
11019.5, 1044, 364, -9876, 2557, -30695, 2835, -450, 40892
11023.7, 1352, 493, -9875, 2561, -28949, 1478, 358, 40892
11027.5, 1855, 493, -9875, 2561, -28949, 1478, 358, 40880
11031.2, 1745, 493, -9875, 2561, -28949, 1478, 358, 40866
11035.4, 1607, 410, -10016, 2369, -27659, 1430, 1395, 40866
11039.1, 1695, 410, -10016, 2369, -27659, 1430, 1395, 40854
11043.3, 1981, 250, -10075, 2055, -25117, 4475, 1728, 40854
11047.1, 1657, 250, -10075, 2055, -25117, 4475, 1728, 40838
11050.8, 1097, 250, -10075, 2055, -25117, 4475, 1728, 40826
11055.1, 1479, 208, -10008, 2524, -22312, 5057, 1168, 40826
11058.8, 1593, 208, -10008, 2524, -22312, 5057, 1168, 40828
11063.0, 1630, 238, -10076, 2626, -20173, 730, 428, 40828
11066.7, 2064, 238, -10076, 2626, -20173, 730, 428, 40805
11070.5, 1715, 238, -10076, 2626, -20173, 730, 428, 40797
11074.7, 1180, 184, -10158, 2112, -18808, -2747, 288, 40797
11078.4, 1386, 184, -10158, 2112, -18808, -2747, 288, 40791
11084.2, 1779, 353, -10169, 2331, -18152, -3390, 1172, 40789
11087.9, 1869, 353, -10169, 2331, -18152, -3390, 1172, 40776
11093.6, 1588, 489, -10087, 2381, -17316, -4143, 1964, 40796
11097.3, 1683, 489, -10087, 2381, -17316, -4143, 1964, 40773
11103.0, 1829, 472, -9975, 2104, -16642, -3066, 2078, 40757
11106.7, 1971, 472, -9975, 2104, -16642, -3066, 2078, 40748
11111.0, 1844, 371, -9991, 2411, -16008, -577, 1658, 40748
11114.7, 733, 371, -9991, 2411, -16008, -577, 1658, 40748
11117.0, 857, 371, -9991, 2411, -16008, -577, 1658, 40748
11122.7, 1791, 284, -10009, 2450, -15251, -223, 468, 40738
11126.4, 1297, 284, -10009, 2450, -15251, -223, 468, 40724
11130.7, 1102, 163, -9976, 2182, -13435, -113, -148, 40724
11134.4, 1466, 163, -9976, 2182, -13435, -113, -148, 40715
11136.7, 1381, 163, -9976, 2182, -13435, -113, -148, 40715
11141.0, 1868, 291, -9938, 2052, -11331, 577, 279, 40715
11144.7, 1839, 291, -9938, 2052, -11331, 577, 279, 40680
11147.0, 1542, 291, -9938, 2052, -11331, 577, 279, 40680
11152.7, 2008, 562, -9844, 1933, -9922, 118, 1277, 40719
11156.4, 1674, 562, -9844, 1933, -9922, 118, 1277, 40720
11160.7, 1211, 595, -9840, 2025, -8194, 1255, 2397, 40720
11164.4, 1836, 595, -9840, 2025, -8194, 1255, 2397, 40715
11166.7, 1592, 595, -9840, 2025, -8194, 1255, 2397, 40715
11171.0, 1299, 385, -9895, 2239, -6606, 4803, 2165, 40715
11174.7, 1470, 385, -9895, 2239, -6606, 4803, 2165, 40699
11178.9, 2336, 215, -9937, 2293, -4773, 7004, 284, 40699
11182.7, 2103, 215, -9937, 2293, -4773, 7004, 284, 40697
11186.4, 1203, 215, -9937, 2293, -4773, 7004, 284, 40692
11190.6, 810, 218, -9933, 2190, -3640, 5565, -1303, 40692
11194.4, 2045, 218, -9933, 2190, -3640, 5565, -1303, 40678
11198.6, 2310, 271, -9830, 2418, -1434, 2541, -1343, 40678
11202.3, 828, 271, -9830, 2418, -1434, 2541, -1343, 40699
11206.0, 1099, 271, -9830, 2418, -1434, 2541, -1343, 40685
11210.3, 1801, 362, -9798, 1875, 332, 1163, -411, 40685
11214.0, 2421, 362, -9798, 1875, 332, 1163, -411, 40698
11218.2, 2786, 421, -10005, 2154, 4217, 3110, 450, 40698
11222.0, 1078, 421, -10005, 2154, 4217, 3110, 450, 40671
11225.8, 59, 421, -10005, 2154, 4217, 3110, 450, 40660
11230.0, 1213, 485, -10220, 1813, 9695, 5232, -157, 40660
11233.8, 2899, 485, -10220, 1813, 9695, 5232, -157, 40651
11238.0, 1929, 384, -10224, 2100, 14945, 3451, -1662, 40651
11241.7, 2210, 384, -10224, 2100, 14945, 3451, -1662, 40651
11244.0, 1891, 384, -10224, 2100, 14945, 3451, -1662, 40651
11249.7, 738, 404, -10206, 1941, 17867, 853, -1898, 40642
11253.5, 351, 404, -10206, 1941, 17867, 853, -1898, 40633
11257.7, 1895, 346, -10466, 2504, 22365, 1526, 192, 40633
11261.5, 1846, 346, -10466, 2504, 22365, 1526, 192, 40626
11263.8, 1023, 346, -10466, 2504, 22365, 1526, 192, 40626
11269.5, 2655, 318, -10798, 2277, 28315, 3097, 1312, 40619
11273.3, 2582, 318, -10798, 2277, 28315, 3097, 1312, 40561
11279.0, 1452, 370, -10833, 1893, 35214, 2909, 529, 40583
11281.2, 2173, 370, -10833, 1893, 35214, 2909, 529, 40583
11285.5, 1564, 370, -10833, 1893, 35214, 2909, 529, 40583
11289.3, 578, 370, -10833, 1893, 35214, 2909, 529, 40572
11291.5, 297, 370, -10833, 1893, 35214, 2909, 529, 40572
11295.8, 1933, 531, -10612, 1874, 42560, 1426, 1723, 40572
11299.5, 1048, 531, -10612, 1874, 42560, 1426, 1723, 40569
11301.8, 925, 531, -10612, 1874, 42560, 1426, 1723, 40569
11306.0, 2193, 485, -10760, 2536, 54522, -1614, 3018, 40569
11309.7, 1562, 485, -10760, 2536, 54522, -1614, 3018, 40561
11312.0, 465, 485, -10760, 2536, 54522, -1614, 3018, 40561
11317.7, 1793, 396, -10934, 2342, 59474, -245, 3381, 40548
11321.4, 3209, 396, -10934, 2342, 59474, -245, 3381, 40753
11325.7, 1332, 254, -10909, 3470, 59474, 682, 2218, 40753
11329.4, 251, 254, -10909, 3470, 59474, 682, 2218, 40775
11331.6, 720, 254, -10909, 3470, 59474, 682, 2218, 40775
11335.9, 2322, 138, -10906, 3291, 63228, 1938, 520, 40775
11339.6, 2512, 138, -10906, 3291, 63228, 1938, 520, 40840
11343.9, 2674, 69, -10738, 3848, 63228, 1938, 520, 40840
11347.6, 1598, 69, -10738, 3848, 63228, 1938, 520, 40821
11351.4, 259, 69, -10738, 3848, 63228, 1938, 520, 40834
11355.6, 405, 12, -10542, 4152, 64965, -1570, -2891, 40834
11359.4, 2288, 12, -10542, 4152, 64965, -1570, -2891, 40861
11363.6, 2432, 107, -10609, 4469, 64965, -1570, -2891, 40861
11367.3, 454, 107, -10609, 4469, 64965, -1570, -2891, 40875
11371.1, 1564, 107, -10609, 4469, 64965, -1570, -2891, 40902
11375.3, 2102, 305, -10663, 4424, 72595, -9331, -5923, 40902
11379.0, 2099, 305, -10663, 4424, 72595, -9331, -5923, 40918
11383.2, 2419, 510, -10495, 3936, 72595, -9331, -5923, 40918
11387.0, 936, 510, -10495, 3936, 72595, -9331, -5923, 40885
11390.7, 236, 510, -10495, 3936, 72595, -9331, -5923, 40882
11394.9, 1894, 540, -10149, 4535, 80448, -8194, -4064, 40882
11398.7, 2862, 540, -10149, 4535, 80448, -8194, -4064, 40858
11402.9, 1995, 594, -10022, 4862, 80448, -8194, -4064, 40858
11406.6, 230, 594, -10022, 4862, 80448, -8194, -4064, 40879
11408.9, 559, 594, -10022, 4862, 80448, -8194, -4064, 40879
11414.6, 2025, 443, -9957, 4738, 88074, -8561, -5796, 40862
11418.3, 2061, 443, -9957, 4738, 88074, -8561, -5796, 40874
11424.0, 1194, 421, -10033, 5474, 88074, -8561, -7879, 40872
11427.8, 1538, 421, -10033, 5474, 88074, -8561, -7879, 40862
11433.5, 2440, 518, -9917, 5428, 91797, -10290, -7879, 40870
11435.7, 1171, 518, -9917, 5428, 91797, -10290, -7879, 40870
11438.0, 275, 518, -9917, 5428, 91797, -10290, -7879, 40870
11443.7, 2782, 610, -9781, 5742, 95551, -13623, -9852, 40845
11445.9, 2929, 610, -9781, 5742, 95551, -13623, -9852, 40845
11448.2, 1857, 610, -9781, 5742, 95551, -13623, -9852, 40845
11453.9, 839, 585, -9579, 5712, 100272, -16161, -10106, 40819
11456.2, 753, 585, -9579, 5712, 100272, -16161, -10106, 40819
11460.4, 690, 646, -9939, 6246, 104546, -16962, -10255, 40819
11464.2, 2949, 646, -9939, 6246, 104546, -16962, -10255, 40819
11466.4, 3206, 646, -9939, 6246, 104546, -16962, -10255, 40819
11470.7, 852, 525, -9789, 5875, 109928, -15413, -10303, 40819
11474.4, 241, 525, -9789, 5875, 109928, -15413, -10303, 40808
11476.7, 576, 525, -9789, 5875, 109928, -15413, -10303, 40808
11480.9, 1843, 425, -9701, 5890, 116250, -11152, -10115, 40808
11484.6, 2499, 425, -9701, 5890, 116250, -11152, -10115, 40807
11486.9, 3207, 425, -9701, 5890, 116250, -11152, -10115, 40807
11492.6, 750, 588, -9480, 5648, 119960, -10447, -10368, 40795
11496.3, 323, 588, -9480, 5648, 119960, -10447, -10368, 40788
11500.6, 1921, 629, -9456, 6460, 123245, -14468, -11703, 40788
11504.4, 2165, 629, -9456, 6460, 123245, -14468, -11703, 40825
11508.6, 2003, 732, -9414, 6523, 126474, -18279, -13225, 40825
11512.3, 1743, 732, -9414, 6523, 126474, -18279, -13225, 40837
11516.1, 849, 732, -9414, 6523, 126474, -18279, -13225, 40880
11520.3, 2558, 690, -9452, 6348, 129707, -17736, -13680, 40880
11524.1, 1399, 690, -9452, 6348, 129707, -17736, -13680, 40903
11528.3, 299, 573, -9528, 6802, 133474, -12245, -13112, 40903
11532.0, 1324, 573, -9528, 6802, 133474, -12245, -13112, 40964
11535.8, 2106, 573, -9528, 6802, 133474, -12245, -13112, 41024
11540.0, 1492, 592, -9535, 7065, 138357, -7586, -13322, 41024
11543.7, 2130, 592, -9535, 7065, 138357, -7586, -13322, 41105
11547.9, 3233, 372, -9070, 6117, 141012, -5490, -13925, 41105
11551.7, 1105, 372, -9070, 6117, 141012, -5490, -13925, 41212
11554.0, 57, 372, -9070, 6117, 141012, -5490, -13925, 41212
11559.7, 2608, 387, -8800, 7389, 142465, -6545, -13890, 41245
11563.4, 2608, 387, -8800, 7389, 142465, -6545, -13890, 41295
11569.1, 944, 723, -8721, 7272, 143108, -12153, -14363, 41325
11572.8, 1959, 723, -8721, 7272, 143108, -12153, -14363, 41353
11578.5, 1859, 740, -8372, 7101, 143318, -14109, -15496, 41396
11582.3, 210, 740, -8372, 7101, 143318, -14109, -15496, 41405
11588.0, 2666, 911, -8302, 7606, 143344, -12508, -16012, 41457
11591.7, 2285, 911, -8302, 7606, 143344, -12508, -16012, 41469
11597.5, 1397, 1057, -8292, 7527, 143344, -14275, -16590, 41487
11601.2, 2505, 1057, -8292, 7527, 143344, -14275, -16590, 41498
11603.5, 1598, 1057, -8292, 7527, 143344, -14275, -16590, 41498
11609.2, 1086, 884, -8049, 7932, 143344, -16620, -16340, 41492
11611.5, 1556, 884, -8049, 7932, 143344, -16620, -16340, 41492
11615.7, 1617, 792, -7795, 7983, 143344, -17102, -14857, 41492
11619.5, 1218, 792, -7795, 7983, 143344, -17102, -14857, 41534
11621.8, 1822, 792, -7795, 7983, 143344, -17102, -14857, 41534
11627.5, 2068, 870, -7487, 7793, 143344, -18274, -14485, 41569
11631.3, 616, 870, -7487, 7793, 143344, -18274, -14485, 41583
11635.5, 1801, 1081, -7232, 7938, 143344, -20606, -16275, 41583
11639.2, 2298, 1081, -7232, 7938, 143344, -20606, -16275, 41578
11641.5, 1210, 1081, -7232, 7938, 143344, -20606, -16275, 41578
11645.7, 1156, 1198, -6879, 8010, 143344, -21065, -19298, 41578
11649.5, 1377, 1198, -6879, 8010, 143344, -21065, -19298, 41589
11651.7, 2042, 1198, -6879, 8010, 143344, -21065, -19298, 41589
11657.5, 1347, 1477, -6721, 8411, 143344, -17373, -21774, 41586
11661.3, 1163, 1477, -6721, 8411, 143344, -17373, -21774, 41598
11665.5, 2539, 1292, -6519, 8258, 143344, -13090, -22706, 41598
11669.2, 2428, 1292, -6519, 8258, 143344, -13090, -22706, 41611
11671.5, 2126, 1292, -6519, 8258, 143344, -13090, -22706, 41611
11675.8, 126, 1217, -6411, 8011, 143344, -9432, -21739, 41611
11679.5, 2261, 1217, -6411, 8011, 143344, -9432, -21739, 41598
11683.7, 1969, 1194, -6263, 8080, 143344, -9423, -20405, 41598
11687.5, 884, 1194, -6263, 8080, 143344, -9423, -20405, 41581
11691.2, 1209, 1194, -6263, 8080, 143344, -9423, -20405, 41577
11695.5, 1951, 1322, -6109, 8806, 143344, -13387, -19784, 41577
11699.3, 864, 1322, -6109, 8806, 143344, -13387, -19784, 41584
11703.5, 2435, 1378, -5748, 8482, 143344, -17544, -19797, 41584
11707.2, 2009, 1378, -5748, 8482, 143344, -17544, -19797, 41561
11711.0, 1705, 1378, -5748, 8482, 143344, -17544, -19797, 41563
11715.3, 709, 1362, -5266, 8146, 143344, -16380, -19412, 41563
11719.0, 2411, 1362, -5266, 8146, 143344, -16380, -19412, 41548
11723.3, 1051, 1395, -5012, 8669, 143344, -13308, -18917, 41548
11727.0, 1895, 1395, -5012, 8669, 143344, -13308, -18917, 41557
11730.7, 1288, 1395, -5012, 8669, 143344, -13308, -18917, 41568
11735.0, 2224, 1248, -4795, 9183, 143344, -12197, -18952, 41568
11738.7, 1908, 1248, -4795, 9183, 143344, -12197, -18952, 41520
11743.0, 375, 1214, -4530, 8554, 143344, -11362, -19145, 41520
11746.8, 1997, 1214, -4530, 8554, 143344, -11362, -19145, 41494
11752.5, 2406, 1417, -4377, 8994, 143344, -12053, -20230, 41484
11756.3, 1865, 1417, -4377, 8994, 143344, -12053, -20230, 41485
11758.6, 802, 1417, -4377, 8994, 143344, -12053, -20230, 41485
11764.3, 2099, 1505, -4054, 8346, 143344, -12976, -21240, 41466
11766.5, 326, 1505, -4054, 8346, 143344, -12976, -21240, 41466
11770.8, 1354, 1596, -3713, 9563, 143344, -12797, -20995, 41466
11774.5, 1871, 1596, -3713, 9563, 143344, -12797, -20995, 41453
11776.8, 2275, 1596, -3713, 9563, 143344, -12797, -20995, 41453
11782.5, 998, 1527, -3396, 8613, 143344, -11690, -20020, 41444
11786.2, 2305, 1527, -3396, 8613, 143344, -11690, -20020, 41412
11790.5, 1552, 1383, -2985, 9256, 143344, -9629, -19525, 41412
11794.2, 1009, 1383, -2985, 9256, 143344, -9629, -19525, 41426
11796.5, 1373, 1383, -2985, 9256, 143344, -9629, -19525, 41426
11800.7, 1953, 1265, -2837, 9221, 143344, -9082, -20029, 41426
11804.4, 1219, 1265, -2837, 9221, 143344, -9082, -20029, 41420
11806.7, 803, 1265, -2837, 9221, 143344, -9082, -20029, 41420
11810.9, 1823, 1341, -2724, 9154, 143344, -11173, -21809, 41420
11814.6, 2463, 1341, -2724, 9154, 143344, -11173, -21809, 41401
11816.9, 778, 1341, -2724, 9154, 143344, -11173, -21809, 41401
11822.6, 2284, 1460, -2443, 9414, 143344, -15452, -23332, 41385
11826.3, 2252, 1460, -2443, 9414, 143344, -15452, -23332, 41367
11830.6, 1362, 1577, -2279, 9136, 143344, -19053, -24119, 41367
11834.3, 1302, 1577, -2279, 9136, 143344, -19053, -24119, 41312
11838.5, 1653, 1577, -2279, 9136, 143344, -21170, -24539, 41312
11842.2, 1727, 1577, -2279, 9136, 143344, -21170, -24539, 41319
11846.0, 1958, 1577, -2279, 9136, 143344, -21170, -24539, 41298
11850.2, 1925, 1853, -1658, 9191, 143344, -20160, -24198, 41298
11853.9, 2425, 1853, -1658, 9191, 143344, -20160, -24198, 41297
11858.1, 494, 1853, -1658, 9191, 143344, -15120, -24216, 41297
11861.9, 2487, 1853, -1658, 9191, 143344, -15120, -24216, 41583
11865.6, 2087, 1853, -1658, 9191, 143344, -15120, -24216, 41252
11869.8, 879, 1976, -1149, 8990, 143344, -11567, -24404, 41252
11873.6, 1582, 1976, -1149, 8990, 143344, -11567, -24404, 41234
11877.8, 1812, 1976, -1149, 8990, 143344, -12175, -23726, 41234
11881.5, 1619, 1976, -1149, 8990, 143344, -12175, -23726, 41215
11883.8, 1160, 1976, -1149, 8990, 143344, -12175, -23726, 41215
11889.5, 674, 1647, -871, 9726, 143344, -15960, -21831, 41206
11893.2, 3200, 1647, -871, 9726, 143344, -15960, -21831, 41172
11899.0, 1792, 1581, -859, 9123, 143344, -18025, -20282, 41158
11902.7, 1307, 1581, -859, 9123, 143344, -18025, -20282, 41146
11908.4, 1245, 1584, -714, 8882, 143344, -16148, -20046, 41156
11912.1, 1523, 1584, -714, 8882, 143344, -16148, -20046, 41043
11917.8, 1202, 1584, -714, 8882, 143344, -16148, -20046, 41076
11921.5, 133, 1584, -714, 8882, 143344, -16148, -20046, 41061
11925.8, 1485, 1828, -485, 8646, 143344, -14350, -22094, 41061
11929.5, 2348, 1828, -485, 8646, 143344, -14350, -22094, 41046
11931.8, 2367, 1828, -485, 8646, 143344, -14350, -22094, 41046
11936.0, 1812, 1859, 31, 8484, 143239, -15553, -24872, 41046
11939.7, 876, 1859, 31, 8484, 143239, -15553, -24872, 40720
11942.0, 1263, 1859, 31, 8484, 143239, -15553, -24872, 40720
11947.7, 1362, 1932, 525, 8694, 142198, -15531, -25305, 40728
11951.4, 1290, 1932, 525, 8694, 142198, -15531, -25305, 40746
11955.7, 2787, 1970, 768, 9226, 142054, -16183, -23651, 40746
11959.4, 920, 1970, 768, 9226, 142054, -16183, -23651, 40766
11961.6, 784, 1970, 768, 9226, 142054, -16183, -23651, 40766
11965.9, 1388, 1853, 946, 8032, 141227, -14796, -21849, 40766
11969.7, 2982, 1853, 946, 8032, 141227, -14796, -21849, 40738
11971.9, 1600, 1853, 946, 8032, 141227, -14796, -21849, 40738
11977.6, 1442, 1831, 1094, 8410, 140855, -12486, -20571, 40738
11981.4, 1251, 1831, 1094, 8410, 140855, -12486, -20571, 40758
11985.6, 2750, 1803, 1189, 8348, 138317, -12486, -20571, 40758
11989.4, 1895, 1803, 1189, 8348, 138317, -12486, -20571, 40763
11991.6, 600, 1803, 1189, 8348, 138317, -12486, -20571, 40763
11995.9, 531, 1416, 1529, 8439, 136528, -8054, -21052, 40763
11999.7, 2622, 1416, 1529, 8439, 136528, -8054, -21052, 40776
12003.9, 1535, 1578, 1669, 8164, 135093, -8054, -21052, 40776
12007.6, 1604, 1578, 1669, 8164, 135093, -8054, -21052, 40790
12011.4, 2418, 1578, 1669, 8164, 135093, -8054, -21052, 40759
12015.7, 2164, 1847, 1721, 8799, 135583, -13448, -27186, 40759
12019.4, 1311, 1847, 1721, 8799, 135583, -13448, -27186, 40759
12023.6, 1443, 1804, 1841, 7189, 134047, -13448, -27186, 40759
12027.3, 984, 1804, 1841, 7189, 134047, -13448, -27186, 40768
12031.1, 1353, 1804, 1841, 7189, 134047, -13448, -27186, 40781
12035.3, 1895, 1844, 2266, 8112, 132070, -11742, -24513, 40781
12039.0, 1614, 1844, 2266, 8112, 132070, -11742, -24513, 40781
12043.2, 1339, 1914, 2716, 8310, 130241, -11742, -24513, 40781
12047.0, 2224, 1914, 2716, 8310, 130241, -11742, -24513, 40798
12050.7, 1153, 1914, 2716, 8310, 130241, -11742, -24513, 40768
12055.0, 1579, 1875, 2871, 8768, 127472, -12123, -20554, 40768
12058.7, 2660, 1875, 2871, 8768, 127472, -12123, -20554, 40760
12062.9, 2969, 1798, 2922, 7964, 124803, -10920, -20554, 40760
12066.6, 540, 1798, 2922, 7964, 124803, -10920, -20554, 40753
12068.9, 240, 1798, 2922, 7964, 124803, -10920, -20554, 40753
12074.6, 824, 1961, 2875, 6961, 122274, -7253, -27147, 40781
12078.3, 2720, 1961, 2875, 6961, 122274, -7253, -27147, 40795
12084.0, 1573, 2355, 2980, 8024, 123508, -4882, -27147, 40811
12086.3, 577, 2355, 2980, 8024, 123508, -4882, -27147, 40811
12088.5, 904, 2355, 2980, 8024, 123508, -4882, -27147, 40811
12094.3, 1646, 2439, 3173, 6413, 120498, -5853, -28289, 40794
12096.5, 1344, 2439, 3173, 6413, 120498, -5853, -28289, 40794
12100.7, 600, 2261, 3859, 8169, 118927, -9542, -22509, 40794
12104.4, 1301, 2261, 3859, 8169, 118927, -9542, -22509, 40861
12106.7, 2191, 2261, 3859, 8169, 118927, -9542, -22509, 40861
12110.9, 1475, 1942, 3993, 7907, 116460, -10307, -12766, 40861
12114.6, 2500, 1942, 3993, 7907, 116460, -10307, -12766, 40857
12116.9, 2792, 1942, 3993, 7907, 116460, -10307, -12766, 40857
12122.6, 1367, 1505, 3988, 7636, 112754, -6973, -7175, 40864
12126.3, 1557, 1505, 3988, 7636, 112754, -6973, -7175, 40915
12130.6, 1197, 1361, 3850, 6887, 109888, -1028, -8920, 40915
12134.6, 642, 1361, 3850, 6887, 109888, -1028, -8920, 40891
12136.9, 495, 1361, 3850, 6887, 109888, -1028, -8920, 40891
12142.6, 3046, 1671, 3924, 6868, 106213, 853, -16896, 40900
12146.4, 1606, 1671, 3924, 6868, 106213, 853, -16896, 40910
12150.6, 2746, 1892, 4289, 7198, 102993, -6361, -24325, 40910
12154.4, 1862, 1892, 4289, 7198, 102993, -6361, -24325, 40911
12158.6, 527, 1953, 4847, 6355, 98806, -14188, -24517, 40911
12162.3, 1525, 1953, 4847, 6355, 98806, -14188, -24517, 40917
12166.0, 2434, 1953, 4847, 6355, 98806, -14188, -24517, 40950
12170.3, 1880, 2186, 5121, 7271, 98185, -14293, -17548, 40950
12174.0, 592, 2186, 5121, 7271, 98185, -14293, -17548, 40979
12178.2, 1013, 2315, 5111, 5999, 95564, -10740, -10469, 40979
12182.0, 2199, 2315, 5111, 5999, 95564, -10740, -10469, 40999
12185.8, 1746, 2315, 5111, 5999, 95564, -10740, -10469, 41016
12190.0, 2006, 2221, 5185, 6625, 93097, -6440, -7883, 41016
12193.8, 2271, 2221, 5185, 6625, 93097, -6440, -7883, 41053
12198.0, 1653, 1740, 5327, 6144, 89881, -1347, -8771, 41053
12201.7, 1394, 1740, 5327, 6144, 89881, -1347, -8771, 41076
12204.0, 749, 1740, 5327, 6144, 89881, -1347, -8771, 41076
12209.8, 1556, 1721, 5434, 5733, 86735, 4121, -10832, 41152
12213.5, 1116, 1721, 5434, 5733, 86735, 4121, -10832, 41161
12217.7, 2427, 1871, 5624, 6903, 87050, 2183, -13527, 41161
12221.5, 2433, 1871, 5624, 6903, 87050, 2183, -13527, 41168
12223.8, 1596, 1871, 5624, 6903, 87050, 2183, -13527, 41168
12229.5, 1494, 1566, 5917, 5582, 82325, -4611, -13273, 41165
12233.2, 1537, 1566, 5917, 5582, 82325, -4611, -13273, 41209
12239.0, 2294, 1148, 6428, 6817, 80041, -7739, -10075, 41211
12242.7, 1233, 1148, 6428, 6817, 80041, -7739, -10075, 41235
12248.4, 1091, 1479, 6513, 5803, 75417, -7310, -8833, 41205
12252.2, 722, 1479, 6513, 5803, 75417, -7310, -8833, 41273
12257.9, 1962, 1698, 6401, 6317, 72919, -5849, -13304, 41301
12261.6, 1791, 1698, 6401, 6317, 72919, -5849, -13304, 41326
12265.9, 2096, 1978, 6349, 5845, 70565, -5740, -19486, 41326
12269.7, 1255, 1978, 6349, 5845, 70565, -5740, -19486, 41384
12272.0, 1159, 1978, 6349, 5845, 70565, -5740, -19486, 41384
12277.7, 2626, 2251, 6531, 4974, 70443, -7223, -22098, 41365
12281.4, 1339, 2251, 6531, 4974, 70443, -7223, -22098, 41391
12285.7, 537, 2264, 6773, 6251, 70119, -8745, -18690, 41391
12289.4, 1275, 2264, 6773, 6251, 70119, -8745, -18690, 41391
12291.6, 1001, 2264, 6773, 6251, 70119, -8745, -18690, 41391
12295.9, 2798, 2263, 6957, 5963, 66667, -9520, -11082, 41391
12299.7, 2368, 2263, 6957, 5963, 66667, -9520, -11082, 41391
12303.9, 1393, 1805, 7037, 5806, 62217, -9717, -5140, 41391
12307.6, 1149, 1805, 7037, 5806, 62217, -9717, -5140, 41382
12311.4, 1067, 1805, 7037, 5806, 62217, -9717, -5140, 41383
12315.6, 1744, 1591, 6856, 6045, 60813, -3858, -3898, 41383
12319.4, 2116, 1591, 6856, 6045, 60813, -3858, -3898, 41411
12323.6, 2003, 2052, 6642, 5068, 58940, 3311, -7389, 41411
12327.3, 1218, 2052, 6642, 5068, 58940, 3311, -7389, 41439
12331.1, 1948, 2052, 6642, 5068, 58940, 3311, -7389, 41410
12335.3, 1358, 2170, 6649, 5592, 58240, 4475, -13094, 41410
12339.0, 1921, 2170, 6649, 5592, 58240, 4475, -13094, 41467
12343.3, 2356, 2008, 7106, 5536, 55659, 1369, -14008, 41467
12347.0, 2064, 2008, 7106, 5536, 55659, 1369, -14008, 41497
12350.7, 1393, 2008, 7106, 5536, 55659, 1369, -14008, 41454
12354.9, 1479, 1776, 7321, 5810, 55305, -3675, -8881, 41454
12358.7, 2021, 1776, 7321, 5810, 55305, -3675, -8881, 41537
12363.0, 1698, 1397, 7523, 5400, 51949, -7743, -3268, 41537
12366.7, 1477, 1397, 7523, 5400, 51949, -7743, -3268, 41596
12369.0, 543, 1397, 7523, 5400, 51949, -7743, -3268, 41596
12374.8, 1346, 1238, 7743, 5441, 49932, -7455, -1391, 41522
12378.5, 1659, 1238, 7743, 5441, 49932, -7455, -1391, 41598
12382.7, 1948, 1452, 7882, 5486, 48392, -6208, -3675, 41598
12386.5, 2340, 1452, 7882, 5486, 48392, -6208, -3675, 41560
12388.8, 1080, 1452, 7882, 5486, 48392, -6208, -3675, 41560
12394.5, 1220, 1639, 7935, 5054, 46918, -7498, -8111, 41559
12398.2, 1333, 1639, 7935, 5054, 46918, -7498, -8111, 41511
12404.0, 2386, 1768, 7888, 4456, 44616, -6234, -11830, 41543
12406.2, 1338, 1768, 7888, 4456, 44616, -6234, -11830, 41543
12408.5, 626, 1768, 7888, 4456, 44616, -6234, -11830, 41543
12414.2, 1778, 1936, 8170, 4996, 44433, -6076, -11637, 41540
12416.5, 1882, 1936, 8170, 4996, 44433, -6076, -11637, 41540
12420.7, 1204, 1936, 8383, 4449, 42363, -6982, -6855, 41540
12424.5, 778, 1936, 8383, 4449, 42363, -6982, -6855, 41536
12426.7, 2027, 1936, 8383, 4449, 42363, -6982, -6855, 41536
12431.0, 2036, 2196, 8346, 5009, 40250, -5026, -669, 41536
12434.7, 1677, 2196, 8346, 5009, 40250, -5026, -669, 41536
12437.0, 966, 2196, 8346, 5009, 40250, -5026, -669, 41536
12442.7, 1903, 2257, 8148, 4234, 36943, -1426, 3416, 41508
12446.4, 847, 2257, 8148, 4234, 36943, -1426, 3416, 41464
12450.7, 2138, 2010, 8166, 4782, 35674, 2686, 3845, 41464
12454.4, 2279, 2010, 8166, 4782, 35674, 2686, 3845, 41415
12456.6, 1397, 2010, 8166, 4782, 35674, 2686, 3845, 41415
12460.9, 1102, 1896, 8320, 4677, 34694, 1960, 2288, 41415
12464.7, 1787, 1896, 8320, 4677, 34694, 1960, 2288, 41355
12468.9, 1378, 1896, 8320, 4677, 34694, 1960, 349, 41355
12472.6, 2322, 1896, 8320, 4677, 34694, 1960, 349, 41312
12476.4, 1603, 1896, 8320, 4677, 34694, 1960, 349, 41286
12480.6, 1575, 1683, 8682, 4463, 28140, -3114, 262, 41286
12484.4, 1440, 1683, 8682, 4463, 28140, -3114, 262, 41223
12488.6, 1559, 1683, 8682, 4463, 28140, -3114, 1889, 41223
12492.3, 1027, 1683, 8682, 4463, 28140, -3114, 1889, 41177
12496.0, 1563, 1683, 8682, 4463, 28140, -3114, 1889, 41154
12500.3, 1435, 1955, 8339, 4928, 25882, 2397, 2003, 41154
12504.0, 2745, 1955, 8339, 4928, 25882, 2397, 2003, 41137
12508.2, 1956, 1955, 8339, 4928, 25882, 2397, 2003, 41137
12512.0, 1709, 1955, 8339, 4928, 25882, 2397, 2003, 38870
12515.7, 212, 1955, 8339, 4928, 25882, 2397, 2003, 38797
12520.0, 2437, 1849, 8087, 4618, 19902, 2248, -3561, 38797
12523.7, 2143, 1849, 8087, 4618, 19902, 2248, -3561, 38758
12527.9, 1598, 1849, 8087, 4618, 19902, 2248, -3561, 38758
12531.6, 1239, 1849, 8087, 4618, 19902, 2248, -3561, 38687
12533.9, 1368, 1849, 8087, 4618, 19902, 2248, -3561, 38687
12539.6, 1357, 2545, 8411, 4619, 17592, 69, -2275, 38714
12543.3, 2070, 2545, 8411, 4619, 17592, 69, -2275, 38681
12549.0, 1716, 2219, 8400, 4457, 15548, -664, 1553, 38659
12552.7, 1162, 2219, 8400, 4457, 15548, -664, 1553, 38643
12558.5, 1848, 2219, 8400, 4730, 12175, 279, 4344, 38586
12562.2, 1398, 2219, 8400, 4730, 12175, 279, 4344, 38560
12568.0, 1786, 1855, 8173, 4730, 12175, 279, 4344, 38560
12571.7, 2527, 1855, 8173, 4730, 12175, 279, 4344, 38536
12575.9, 1817, 1599, 8169, 4700, 9507, 3850, 4283, 38536
12579.6, 553, 1599, 8169, 4700, 9507, 3850, 4283, 38519
12581.9, 483, 1599, 8169, 4700, 9507, 3850, 4283, 38519
12587.6, 2779, 1735, 7981, 5129, 6317, 3880, 1977, 38500
12591.3, 983, 1735, 7981, 5129, 6317, 3880, 1977, 38494
12595.5, 1254, 2119, 8006, 4775, 6435, 883, 568, 38494
12599.3, 2005, 2119, 8006, 4775, 6435, 883, 568, 38478
12601.6, 2520, 2119, 8006, 4775, 6435, 883, 568, 38478
12605.8, 1759, 1974, 7892, 3933, 3237, 297, 1588, 38478
12609.6, 1677, 1974, 7892, 3933, 3237, 297, 1588, 38490
12611.8, 1169, 1974, 7892, 3933, 3237, 297, 1588, 38490
12617.6, 1777, 1861, 8055, 4505, -1316, -415, 3968, 38466
12621.3, 1369, 1861, 8055, 4505, -1316, -415, 3968, 38459
12625.6, 1500, 1865, 8228, 4622, -3303, 1872, 4816, 38459
12629.3, 1560, 1865, 8228, 4622, -3303, 1872, 4816, 38466
12631.6, 1097, 1865, 8228, 4622, -3303, 1872, 4816, 38466
12635.8, 1597, 1928, 8201, 4722, -5613, 5775, 4073, 38466
12639.6, 1787, 1928, 8201, 4722, -5613, 5775, 4073, 38500
12643.8, 1460, 1894, 8143, 4360, -9073, 6111, 3010, 38500
12647.5, 1756, 1894, 8143, 4360, -9073, 6111, 3010, 38526
12651.3, 1639, 1894, 8143, 4360, -9073, 6111, 3010, 38565
12655.6, 1566, 1724, 8146, 4378, -12158, 5320, 2104, 38565
12659.3, 1679, 1724, 8146, 4378, -12158, 5320, 2104, 38544
12663.5, 1592, 1705, 8215, 4214, -14840, 5683, 1609, 38544
12667.2, 1802, 1705, 8215, 4214, -14840, 5683, 1609, 38534
12670.9, 1537, 1705, 8215, 4214, -14840, 5683, 1609, 38555
12675.2, 1941, 1771, 8205, 4119, -18283, 6033, 1819, 38555
12678.9, 1569, 1771, 8205, 4119, -18283, 6033, 1819, 38566
12683.1, 1589, 1890, 8117, 4290, -21490, 6934, 1990, 38566
12686.9, 1164, 1890, 8117, 4290, -21490, 6934, 1990, 38577
12690.6, 2146, 1890, 8117, 4290, -21490, 6934, 1990, 38585
12694.8, 1153, 1744, 8280, 4569, -24872, 8820, 1404, 38585
12698.6, 1807, 1744, 8280, 4569, -24872, 8820, 1404, 38605
12702.8, 1468, 1801, 8223, 4429, -28464, 8540, 406, 38605
12706.5, 1381, 1801, 8223, 4429, -28464, 8540, 406, 38603
12708.8, 1307, 1801, 8223, 4429, -28464, 8540, 406, 38603
12714.5, 1568, 1792, 8175, 4473, -30748, 8513, -564, 38635
12718.2, 1623, 1792, 8175, 4473, -30748, 8513, -564, 38662
12724.0, 1579, 2066, 8023, 4228, -31583, 10408, -1194, 38685
12727.7, 1353, 2066, 8023, 4228, -31583, 10408, -1194, 38680
12733.4, 1788, 2211, 7913, 4429, -32244, 10390, -1811, 38763
12737.1, 1561, 2211, 7913, 4429, -32244, 10390, -1811, 38801
12742.8, 1942, 2066, 8155, 4513, -32944, 7765, -1001, 38851
12746.5, 1230, 2066, 8155, 4513, -32944, 7765, -1001, 38913
12750.8, 2028, 1810, 8321, 4558, -35761, 6693, 1010, 38913
12754.5, 1659, 1810, 8321, 4558, -35761, 6693, 1010, 38921
12756.8, 1174, 1810, 8321, 4558, -35761, 6693, 1010, 38921
12761.0, 1493, 1692, 8456, 4456, -38509, 6046, 2940, 38921
12764.7, 1308, 1692, 8456, 4456, -38509, 6046, 2940, 38986
12767.0, 1315, 1692, 8456, 4456, -38509, 6046, 2940, 38986
12772.7, 1619, 1692, 8279, 4760, -42127, 5796, 3745, 39044
12776.4, 1610, 1692, 8279, 4760, -42127, 5796, 3745, 39114
12780.7, 1888, 1896, 8259, 4708, -46209, 5709, 2651, 39114
12784.4, 1315, 1896, 8259, 4708, -46209, 5709, 2651, 39203
12786.6, 965, 1896, 8259, 4708, -46209, 5709, 2651, 39203
12790.9, 1490, 1884, 8146, 4867, -49202, 3985, -437, 39203
12794.7, 1496, 1884, 8146, 4867, -49202, 3985, -437, 39300
12798.9, 1483, 2019, 7998, 5180, -52360, 2021, -3552, 39300
12802.6, 1764, 2019, 7998, 5180, -52360, 2021, -3552, 39376
12806.4, 1557, 2019, 7998, 5180, -52360, 2021, -3552, 39512
12810.6, 1460, 2084, 7848, 5070, -54705, -1054, -4602, 39512
12814.4, 1694, 2084, 7848, 5070, -54705, -1054, -4602, 39602
12818.6, 1733, 2054, 7618, 5070, -57099, -4965, -3171, 39602
12822.3, 1175, 2054, 7618, 5070, -57099, -4965, -3171, 39699
12826.1, 1376, 2054, 7618, 5070, -57099, -4965, -3171, 39754
12830.3, 2135, 1989, 7426, 5245, -59111, -9021, 170, 39754
12834.0, 1304, 1989, 7426, 5245, -59111, -9021, 170, 39886
12838.2, 1781, 1802, 7389, 4702, -63626, -6807, 2734, 39886
12841.9, 1458, 1802, 7389, 4702, -63626, -6807, 2734, 39959
12845.7, 1702, 1802, 7389, 4702, -63626, -6807, 2734, 40055
12850.0, 1589, 1745, 7345, 5391, -66159, -1701, 3403, 40055
12853.7, 1678, 1745, 7345, 5391, -66159, -1701, 3403, 40152
12857.9, 1379, 1608, 7188, 5258, -67472, -1898, 1771, 40152
12861.6, 1659, 1608, 7188, 5258, -67472, -1898, 1771, 40244
12863.9, 1944, 1608, 7188, 5258, -67472, -1898, 1771, 40244
12869.6, 1734, 1591, 7033, 5064, -71904, -4353, -1763, 38544
12873.3, 1410, 1591, 7033, 5064, -71904, -4353, -1763, 40388
12879.0, 1858, 1428, 6893, 5879, -74590, -7240, -5057, 40422
12882.8, 1408, 1428, 6893, 5879, -74590, -7240, -5057, 40510
12888.5, 1517, 1512, 6870, 6220, -76038, -11659, -6566, 40556
12890.7, 1322, 1512, 6870, 6220, -76038, -11659, -6566, 40556
12893.0, 1389, 1512, 6870, 6220, -76038, -11659, -6566, 40556
12898.7, 1503, 1999, 6464, 6169, -78838, -16082, -6006, 40615
12900.9, 1648, 1999, 6464, 6169, -78838, -16082, -6006, 40615
12903.2, 1902, 1999, 6464, 6169, -78838, -16082, -6006, 40615
12909.0, 1464, 2158, 6445, 5849, -82465, -17780, -2996, 40653
12911.2, 1102, 2158, 6445, 5849, -82465, -17780, -2996, 40653
12915.5, 1912, 2175, 6363, 5529, -83161, -15028, 866, 40653
12919.2, 1511, 2175, 6363, 5529, -83161, -15028, 866, 40757
12921.5, 1214, 2175, 6363, 5529, -83161, -15028, 866, 40757
12925.7, 1550, 1945, 6192, 5214, -87142, -8120, 2773, 40757
12929.4, 1274, 1945, 6192, 5214, -87142, -8120, 2773, 40818
12931.7, 1179, 1945, 6192, 5214, -87142, -8120, 2773, 40818
12935.9, 1659, 1727, 6424, 5968, -89093, -3001, 3136, 40818
12939.6, 1666, 1727, 6424, 5968, -89093, -3001, 3136, 40876
12941.9, 1199, 1727, 6424, 5968, -89093, -3001, 3136, 40876
12947.6, 1698, 1547, 6343, 6170, -92620, -2445, 2773, 40961
12951.3, 1978, 1547, 6343, 6170, -92620, -2445, 2773, 41011
12955.6, 1589, 1644, 6276, 6693, -95009, -4961, 1189, 41011
12959.4, 1429, 1644, 6276, 6693, -95009, -4961, 1189, 41077
12963.6, 1500, 1766, 5998, 7098, -97883, -8649, -240, 41077
12967.3, 2064, 1766, 5998, 7098, -97883, -8649, -240, 41138
12971.1, 1636, 1766, 5998, 7098, -97883, -8649, -240, 41165
12975.3, 1642, 2094, 5619, 6732, -100386, -9349, -647, 41165
12979.1, 1597, 2094, 5619, 6732, -100386, -9349, -647, 41234
12983.3, 1373, 2334, 5348, 6797, -98159, -8614, 669, 41234
12987.0, 1777, 2334, 5348, 6797, -98159, -8614, 669, 41288
12990.7, 1443, 2334, 5348, 6797, -98159, -8614, 669, 41356
12995.0, 1954, 2160, 5159, 5874, -100504, -5608, 4033, 41356
12998.7, 1572, 2160, 5159, 5874, -100504, -5608, 4033, 41410
13002.9, 1350, 1893, 5305, 6756, -101519, -1758, 8155, 41410
13006.7, 1935, 1893, 5305, 6756, -101519, -1758, 8155, 41453
13009.0, 2251, 1893, 5305, 6756, -101519, -1758, 8155, 41453
13014.7, 846, 1817, 5525, 7342, -102818, -314, 11134, 41497
13018.5, 1414, 1817, 5525, 7342, -102818, -314, 11134, 41548
13022.7, 1765, 1801, 5201, 8405, -103518, -3456, 10985, 41548
13026.5, 938, 1801, 5201, 8405, -103518, -3456, 10985, 41543
13028.8, 1495, 1801, 5201, 8405, -103518, -3456, 10985, 41543
13034.5, 1689, 2030, 4905, 7430, -107486, -9699, 8496, 41586
13038.3, 2135, 2030, 4905, 7430, -107486, -9699, 8496, 41613
13044.0, 1645, 1921, 4438, 6610, -110864, -7573, 5490, 41633
13047.7, 1417, 1921, 4438, 6610, -110864, -7573, 5490, 41679
13053.5, 1920, 1798, 4533, 7814, -110396, 555, 4935, 41735
13055.7, 1828, 1798, 4533, 7814, -110396, 555, 4935, 41735
13058.0, 1280, 1798, 4533, 7814, -110396, 555, 4935, 41735
13063.7, 1047, 2042, 4366, 7494, -108497, 8596, 6304, 41733
13065.9, 1191, 2042, 4366, 7494, -108497, 8596, 6304, 41733
13068.2, 1658, 2042, 4366, 7494, -108497, 8596, 6304, 41733
13073.9, 1467, 2191, 4214, 7987, -107057, 8982, 6308, 41790
13076.2, 1287, 2191, 4214, 7987, -107057, 8982, 6308, 41790
13080.4, 1648, 2191, 4214, 7987, -108466, 2940, 6947, 41790
13084.2, 1633, 2191, 4214, 7987, -108466, 2940, 6947, 41804
13086.5, 1387, 2191, 4214, 7987, -108466, 2940, 6947, 41804
13090.7, 2081, 2126, 4104, 8017, -111542, 1146, 9703, 41804
13094.4, 1519, 2126, 4104, 8017, -111542, 1146, 9703, 41829
13096.7, 903, 2126, 4104, 8017, -111542, 1146, 9703, 41829
13100.9, 1492, 1971, 4146, 9139, -113169, 918, 13028, 41829
13104.6, 1640, 1971, 4146, 9139, -113169, 918, 13028, 41823
13106.9, 1358, 1971, 4146, 9139, -113169, 918, 13028, 41823
13112.6, 1706, 2572, 3686, 9308, -114119, -6610, 14726, 42063
13116.3, 1627, 2572, 3686, 9308, -114119, -6610, 14726, 42050
13120.6, 1268, 2572, 2916, 6735, -117370, -5718, 13965, 42050
13124.3, 1083, 2572, 2916, 6735, -117370, -5718, 13965, 42031
13126.6, 1184, 2572, 2916, 6735, -117370, -5718, 13965, 42031
13130.8, 1759, 1907, 2992, 7872, -116486, 5761, 13755, 42031
13134.6, 1586, 1907, 2992, 7872, -116486, 5761, 13755, 42031
13138.8, 1868, 1907, 2992, 7872, -116486, 5761, 13755, 42031
13142.6, 1484, 1907, 2992, 7872, -116486, 5761, 13755, 41998
13146.3, 1188, 1907, 2992, 7872, -116486, 5761, 13755, 41976
13150.6, 1851, 1810, 3248, 9030, -118984, 15658, 17657, 41976
13154.3, 1802, 1810, 3248, 9030, -118984, 15658, 17657, 42004
13158.5, 1408, 1810, 3248, 9030, -118984, 15658, 17657, 42004
13162.2, 2007, 1810, 3248, 9030, -118984, 15658, 17657, 41998
13166.0, 2034, 1810, 3248, 9030, -118984, 15658, 17657, 42018
13170.3, 1417, 2033, 2431, 7605, -122029, 1960, 15833, 42018
13174.0, 1525, 2033, 2431, 7605, -122029, 1960, 15833, 42038
13178.3, 1109, 2033, 2431, 7605, -122029, 1960, 15833, 42038
13182.0, 1594, 2033, 2431, 7605, -122029, 1960, 15833, 42013
13185.7, 1469, 2033, 2431, 7605, -122029, 1960, 15833, 41984
13190.0, 1448, 2286, 1968, 9128, -124558, 5565, 15194, 41984
13193.7, 1949, 2286, 1968, 9128, -124558, 5565, 15194, 41978
13198.0, 1832, 2286, 1968, 9128, -124558, 5565, 15194, 41978
13201.8, 1177, 2286, 1968, 9128, -124558, 5565, 15194, 41962
13207.5, 1646, 2378, 1728, 8441, -125433, 7870, 17544, 41949
13211.3, 1091, 2378, 1728, 8441, -125433, 7870, 17544, 41869
13213.6, 1083, 2378, 1728, 8441, -125433, 7870, 17544, 41869
13219.3, 2014, 1953, 1479, 8730, -124041, 12744, 20523, 41906
13221.5, 1887, 1953, 1479, 8730, -124041, 12744, 20523, 41906
13225.8, 1347, 1630, 1137, 9683, -121346, 16607, 23629, 41906
13229.5, 1583, 1630, 1137, 9683, -121346, 16607, 23629, 41894
13231.8, 2209, 1630, 1137, 9683, -121346, 16607, 23629, 41894
13237.6, 1080, 1506, 607, 7350, -123477, 15942, 22872, 41848
13241.3, 1554, 1506, 607, 7350, -123477, 15942, 22872, 41774
13245.6, 1383, 1333, 638, 9395, -127122, 11751, 17994, 41774
13249.3, 1831, 1333, 638, 9395, -127122, 11751, 17994, 41782
13251.6, 1652, 1333, 638, 9395, -127122, 11751, 17994, 41782
13255.8, 1893, 1453, 870, 9698, -128053, 4948, 13208, 41782
13259.6, 1346, 1453, 870, 9698, -128053, 4948, 13208, 41779
13261.8, 790, 1453, 870, 9698, -128053, 4948, 13208, 41779
13267.6, 1621, 1596, 632, 8438, -129248, 5171, 10395, 41771
13271.3, 2454, 1596, 632, 8438, -129248, 5171, 10395, 41728
13275.6, 1690, 1784, 578, 11556, -125612, 7603, 11838, 41728
13279.3, 1566, 1784, 578, 11556, -125612, 7603, 11838, 41715
13281.6, 1427, 1784, 578, 11556, -125612, 7603, 11838, 41715
13285.8, 1494, 2194, -296, 9999, -122576, 6448, 16725, 41715
13289.6, 1287, 2194, -296, 9999, -122576, 6448, 16725, 41671
13293.8, 1665, 2287, -1313, 9087, -118420, 6938, 20169, 41671
13297.5, 1401, 2287, -1313, 9087, -118420, 6938, 20169, 41659
13301.2, 1282, 2287, -1313, 9087, -118420, 6938, 20169, 41652
13305.5, 1413, 1945, -1891, 7379, -118021, 9695, 21477, 41652
13309.2, 1436, 1945, -1891, 7379, -118021, 9695, 21477, 41606
13313.4, 2295, 1772, -1709, 8876, -118879, 15443, 21809, 41606
13317.2, 1860, 1772, -1709, 8876, -118879, 15443, 21809, 41572
13320.9, 1297, 1772, -1709, 8876, -118879, 15443, 21809, 41551
13325.1, 1637, 1642, -1104, 9574, -123110, 16253, 19499, 41551
13328.9, 1983, 1642, -1104, 9574, -123110, 16253, 19499, 41526
13333.1, 2038, 1390, -699, 11555, -122414, 13658, 16192, 41526
13336.8, 723, 1390, -699, 11555, -122414, 13658, 16192, 41508
13340.6, 1901, 1390, -699, 11555, -122414, 13658, 16192, 41492
13344.8, 1471, 1295, -792, 9245, -121154, 14358, 15102, 41492
13348.5, 1420, 1295, -792, 9245, -121154, 14358, 15102, 41444
13352.8, 1615, 1652, -1232, 9528, -119938, 15855, 15969, 41444
13356.5, 1904, 1652, -1232, 9528, -119938, 15855, 15969, 41397
13358.8, 1192, 1652, -1232, 9528, -119938, 15855, 15969, 41397
13364.5, 1757, 1859, -1840, 10493, -118030, 12477, 18690, 41357
13368.3, 1296, 1859, -1840, 10493, -118030, 12477, 18690, 41334
13374.0, 1770, 2099, -2620, 9488, -114198, 9174, 21345, 41287
13376.3, 1302, 2099, -2620, 9488, -114198, 9174, 21345, 41287
13378.5, 1358, 2099, -2620, 9488, -114198, 9174, 21345, 41287
13384.3, 1940, 2075, -3169, 8977, -112846, 8120, 22452, 41297
13386.5, 1379, 2075, -3169, 8977, -112846, 8120, 22452, 41297
13390.7, 1205, 1673, -2834, 8894, -112758, 5792, 22584, 41297
13394.4, 1629, 1673, -2834, 8894, -112758, 5792, 22584, 41278
13396.7, 1547, 1673, -2834, 8894, -112758, 5792, 22584, 41278
13400.9, 1794, 1328, -2228, 8110, -113778, 8146, 23559, 41278
13404.6, 1628, 1328, -2228, 8110, -113778, 8146, 23559, 41274
13406.9, 1723, 1328, -2228, 8110, -113778, 8146, 23559, 41274
13412.6, 2274, 1232, -1754, 9353, -115038, 11414, 24771, 41227
13416.3, 968, 1232, -1754, 9353, -115038, 11414, 24771, 41259
13420.6, 1665, 1303, -1819, 9718, -116582, 11545, 24202, 41259
13424.3, 1448, 1303, -1819, 9718, -116582, 11545, 24202, 41233
13426.5, 1350, 1303, -1819, 9718, -116582, 11545, 24202, 41233
13430.8, 1936, 1338, -2185, 10739, -116372, 10285, 22317, 41233
13434.6, 2233, 1338, -2185, 10739, -116372, 10285, 22317, 41211
13438.8, 1380, 1545, -3096, 8882, -117483, 9629, 21100, 41211
13442.5, 1438, 1545, -3096, 8882, -117483, 9629, 21100, 41211
13446.3, 1090, 1545, -3096, 8882, -117483, 9629, 21100, 41155
13450.5, 1680, 1618, -3689, 10119, -116543, 7507, 21131, 41155
13454.3, 1488, 1618, -3689, 10119, -116543, 7507, 21131, 41144
13458.5, 1883, 1683, -4280, 9111, -116250, 1058, 21997, 41144
13462.2, 1616, 1683, -4280, 9111, -116250, 1058, 21997, 41109
13466.0, 1300, 1683, -4280, 9111, -116250, 1058, 21997, 41090
13470.3, 1716, 1725, -4484, 8835, -116508, -1032, 21678, 41090
13474.0, 1970, 1725, -4484, 8835, -116508, -1032, 21678, 41059
13478.3, 1987, 1466, -4337, 9446, -114526, 853, 20904, 41059
13482.0, 1024, 1466, -4337, 9446, -114526, 853, 20904, 41026
13485.7, 1522, 1466, -4337, 9446, -114526, 853, 20904, 41008
13490.0, 1610, 1283, -4208, 8737, -112465, 4383, 21157, 41008
13493.7, 1550, 1283, -4208, 8737, -112465, 4383, 21157, 41003
13497.9, 1754, 1211, -4412, 8990, -109945, 7625, 21267, 41003
13501.7, 1719, 1211, -4412, 8990, -109945, 7625, 21267, 40976
13504.0, 1588, 1211, -4412, 8990, -109945, 7625, 21267, 40976
13510.1, 1378, 971, -4981, 9522, -107626, 8163, 19897, 40979
13513.8, 1546, 971, -4981, 9522, -107626, 8163, 19897, 40972
13518.0, 2660, 663, -5227, 9163, -107998, 7472, 17141, 40972
13521.8, 1089, 663, -5227, 9163, -107998, 7472, 17141, 40984
13524.1, 1389, 663, -5227, 9163, -107998, 7472, 17141, 40984
13529.8, 1099, 704, -5195, 9748, -108913, 7245, 14407, 41005
13533.6, 1878, 704, -5195, 9748, -108913, 7245, 14407, 41015
13537.8, 1085, 1178, -5269, 9914, -108383, 1986, 11213, 41015
13541.5, 1988, 1178, -5269, 9914, -108383, 1986, 11213, 41572
13545.8, 1787, 1721, -5550, 7877, -106327, -2515, 7931, 41572
13549.5, 1249, 1721, -5550, 7877, -106327, -2515, 7931, 40989
13551.8, 1321, 1721, -5550, 7877, -106327, -2515, 7931, 40989
13556.0, 1736, 1791, -5485, 8858, -104026, -3570, 7953, 40989
13559.7, 1785, 1791, -5485, 8858, -104026, -3570, 7953, 40970
13562.0, 1605, 1791, -5485, 8858, -104026, -3570, 7953, 40970
13567.7, 1906, 1710, -5596, 8413, -101274, -1557, 13195, 40940
13571.4, 1192, 1710, -5596, 8413, -101274, -1557, 13195, 40928
13575.7, 1351, 1736, -5891, 8688, -96710, 2047, 19101, 40928
13579.4, 1629, 1736, -5891, 8688, -96710, 2047, 19101, 40897
13581.7, 1371, 1736, -5891, 8688, -96710, 2047, 19101, 40897
13586.0, 2208, 1350, -6135, 8316, -95949, 3710, 21586, 40897
13589.7, 1614, 1350, -6135, 8316, -95949, 3710, 21586, 40818
13592.0, 1121, 1350, -6135, 8316, -95949, 3710, 21586, 40818
13597.7, 2016, 1018, -6020, 8301, -97257, 5656, 21499, 40834
13601.4, 1881, 1018, -6020, 8301, -97257, 5656, 21499, 40813
13605.7, 2005, 1049, -5881, 8822, -98657, 7201, 19591, 40813
13609.4, 3008, 1049, -5881, 8822, -98657, 7201, 19591, 40801
13613.6, 324, 985, -5673, 8578, -100162, 6409, 16620, 40801
13617.3, 151, 985, -5673, 8578, -100162, 6409, 16620, 40818
13621.0, 1538, 985, -5673, 8578, -100162, 6409, 16620, 40776
13625.3, 2186, 820, -5891, 10764, -96124, 6711, 16078, 40776
13629.0, 2180, 820, -5891, 10764, -96124, 6711, 16078, 40774
13633.2, 1905, 820, -6555, 6823, -93324, 7131, 17399, 40774
13637.0, 1478, 820, -6555, 6823, -93324, 7131, 17399, 40760
13640.8, 1896, 820, -6555, 6823, -93324, 7131, 17399, 40763
13645.0, 1099, 1024, -7050, 8888, -89470, 1763, 17745, 40763
13648.8, 1412, 1024, -7050, 8888, -89470, 1763, 17745, 40743
13653.0, 1656, 1241, -7442, 8478, -86993, -6348, 17382, 40743
13656.7, 1905, 1241, -7442, 8478, -86993, -6348, 17382, 40673
13659.0, 1702, 1241, -7442, 8478, -86993, -6348, 17382, 40673
13664.8, 1479, 1356, -7480, 7322, -84395, -8610, 15986, 40718
13668.5, 1475, 1356, -7480, 7322, -84395, -8610, 15986, 40696
13672.7, 1329, 1307, -7314, 7232, -82518, -4335, 15168, 40696
13676.5, 1676, 1307, -7314, 7232, -82518, -4335, 15168, 40718
13678.8, 1643, 1307, -7314, 7232, -82518, -4335, 15168, 40718
13684.5, 2149, 1331, -6884, 7445, -83432, 188, 14498, 40739
13688.2, 2568, 1331, -6884, 7445, -83432, 188, 14498, 40745
13694.0, 765, 1323, -6417, 7947, -86066, 1889, 14380, 40729
13697.7, 1283, 1323, -6417, 7947, -86066, 1889, 14380, 40745
13703.4, 1436, 1323, -6417, 7947, -87772, 1491, 15360, 40732
13707.2, 1127, 1323, -6417, 7947, -87772, 1491, 15360, 40747
13712.9, 2135, 1129, -6471, 9141, -84570, 4300, 17154, 40739
13716.6, 1200, 1129, -6471, 9141, -84570, 4300, 17154, 40709
13720.9, 1239, 960, -7109, 7344, -84570, 4300, 16524, 40709
13724.7, 1953, 960, -7109, 7344, -84570, 4300, 16524, 40750
13727.0, 1764, 960, -7109, 7344, -84570, 4300, 16524, 40750
13732.7, 1436, 1063, -7973, 6478, -81892, 6663, 15177, 40764
13736.4, 1867, 1063, -7973, 6478, -81892, 6663, 15177, 40759
13740.7, 1845, 697, -7783, 7200, -81892, 3486, 14555, 40759
13744.4, 1772, 697, -7783, 7200, -81892, 3486, 14555, 40769
13746.6, 1768, 697, -7783, 7200, -81892, 3486, 14555, 40769
13750.9, 1112, 665, -7549, 6226, -83165, -752, 12604, 40769
13754.7, 1529, 665, -7549, 6226, -83165, -752, 12604, 40765
13758.9, 2484, 888, -7451, 6973, -83165, -752, 12604, 40765
13762.6, 1443, 888, -7451, 6973, -83165, -752, 12604, 40779
13766.4, 933, 888, -7451, 6973, -83165, -752, 12604, 40795
13770.6, 1144, 946, -7345, 7207, -84045, -7853, 10189, 40795
13774.4, 1288, 946, -7345, 7207, -84045, -7853, 10189, 40802
13778.6, 1706, 812, -7669, 6397, -84045, -7853, 10189, 40802
13782.3, 1950, 812, -7669, 6397, -84045, -7853, 10189, 40812
13786.1, 1607, 812, -7669, 6397, -84045, -7853, 10189, 40815
13790.3, 1634, 846, -8195, 6088, -82115, 301, 11978, 40815
13794.1, 1719, 846, -8195, 6088, -82115, 301, 11978, 40788
13798.3, 1868, 922, -8278, 5962, -82115, 301, 11978, 40788
13802.0, 1411, 922, -8278, 5962, -82115, 301, 11978, 40841
13805.7, 1697, 922, -8278, 5962, -82115, 301, 11978, 40845
13809.9, 1948, 932, -8036, 6844, -80146, 5565, 11502, 40845
13813.7, 2169, 932, -8036, 6844, -80146, 5565, 11502, 40841
13817.9, 1240, 881, -7984, 6838, -80146, 5565, 11502, 40841
13821.6, 817, 881, -7984, 6838, -80146, 5565, 11502, 40811
13823.9, 895, 881, -7984, 6838, -80146, 5565, 11502, 40811
13829.6, 1691, 798, -8190, 6214, -78449, 7612, 10937, 40845
13833.3, 1168, 798, -8190, 6214, -78449, 7612, 10937, 40852
13839.0, 1523, 681, -8547, 6549, -78449, 7612, 10937, 40859
13842.7, 1642, 681, -8547, 6549, -78449, 7612, 10937, 40894
13848.5, 1888, 653, -8885, 5317, -76078, 5333, 9038, 40879
13852.2, 1834, 653, -8885, 5317, -76078, 5333, 9038, 40904
13858.0, 1271, 765, -8952, 5263, -74314, 3657, 6768, 40918
13861.7, 1724, 765, -8952, 5263, -74314, 3657, 6768, 40942
13865.9, 1499, 1004, -8835, 5860, -73076, -783, 5971, 40942
13869.6, 1716, 1004, -8835, 5860, -73076, -783, 5971, 40718
13871.9, 2354, 1004, -8835, 5860, -73076, -783, 5971, 40718
13877.6, 2397, 873, -8692, 6029, -72696, -5053, 8225, 40955
13881.3, 495, 873, -8692, 6029, -72696, -5053, 8225, 40981
13885.6, 423, 813, -8734, 5695, -73313, -4353, 12180, 40981
13889.3, 1676, 813, -8734, 5695, -73313, -4353, 12180, 40912
13891.6, 2014, 813, -8734, 5695, -73313, -4353, 12180, 40912
13895.8, 1811, 797, -9034, 7189, -72035, -2769, 14643, 40912
13899.6, 1534, 797, -9034, 7189, -72035, -2769, 14643, 41003
13901.9, 1617, 797, -9034, 7189, -72035, -2769, 14643, 41003
13907.6, 1645, 452, -9160, 4334, -71086, 363, 14341, 41019
13911.3, 1258, 452, -9160, 4334, -71086, 363, 14341, 40965
13915.5, 1485, 512, -9203, 4664, -68758, 6628, 11335, 40965
13919.3, 1695, 512, -9203, 4664, -68758, 6628, 11335, 41002
13921.5, 1728, 512, -9203, 4664, -68758, 6628, 11335, 41002
13925.8, 1589, 682, -9011, 5585, -64851, 5582, 7218, 41002
13929.5, 1463, 682, -9011, 5585, -64851, 5582, 7218, 40995
13933.7, 1818, 610, -8941, 4116, -64755, 1675, 3946, 40995
13937.5, 1520, 610, -8941, 4116, -64755, 1675, 3946, 40997
13941.3, 1509, 610, -8941, 4116, -64755, 1675, 3946, 40963
13945.5, 2039, 587, -8831, 4832, -64156, 1505, 4707, 40963
13949.2, 2400, 587, -8831, 4832, -64156, 1505, 4707, 40992
13953.5, 1637, 713, -8961, 4860, -64895, -341, 7253, 40992
13957.2, 725, 713, -8961, 4860, -64895, -341, 7253, 40993
13961.0, 747, 713, -8961, 4860, -64895, -341, 7253, 41007
13965.3, 1921, 687, -9248, 5280, -65936, -2664, 8579, 41007
13969.0, 2087, 687, -9248, 5280, -65936, -2664, 8579, 41016
13973.3, 2264, 512, -9396, 5020, -65595, -524, 8876, 41016
13977.0, 1597, 512, -9396, 5020, -65595, -524, 8876, 41026
13980.7, 673, 512, -9396, 5020, -65595, -524, 8876, 41052
13985.0, 1076, 375, -9442, 3663, -65149, 5875, 8159, 41052
13988.7, 1607, 375, -9442, 3663, -65149, 5875, 8159, 41033
13992.9, 2151, 516, -9394, 5194, -63022, 7643, 6055, 41033
13996.7, 1826, 516, -9394, 5194, -63022, 7643, 6055, 41050
13999.0, 1190, 516, -9394, 5194, -63022, 7643, 6055, 41050
14004.7, 1741, 589, -9341, 3808, -61850, 4672, 3902, 41055
14008.5, 1675, 589, -9341, 3808, -61850, 4672, 3902, 41065
14012.7, 1699, 558, -9317, 4232, -60769, 2283, 3955, 41065
14016.4, 2283, 558, -9317, 4232, -60769, 2283, 3955, 41062
14018.7, 2096, 558, -9317, 4232, -60769, 2283, 3955, 41062
14024.5, 933, 641, -9556, 4230, -59737, -686, 5363, 41107
14026.7, 912, 641, -9556, 4230, -59737, -686, 5363, 41107
14031.0, 1480, 775, -9607, 4089, -59632, -1938, 5363, 41107
14034.7, 1784, 775, -9607, 4089, -59632, -1938, 5363, 41076
14037.0, 1999, 775, -9607, 4089, -59632, -1938, 5363, 41076
14042.7, 2092, 719, -9540, 4287, -59260, 170, 5359, 41069
14046.4, 1163, 719, -9540, 4287, -59260, 170, 5359, 41074
14050.7, 1508, 628, -9374, 3879, -59487, 5158, 5595, 41074
14054.4, 1205, 628, -9374, 3879, -59487, 5158, 5595, 41063
14056.7, 970, 628, -9374, 3879, -59487, 5158, 5595, 41063
14060.9, 1305, 586, -9436, 4749, -58805, 7560, 5320, 41063
14064.6, 1794, 586, -9436, 4749, -58805, 7560, 5320, 41075
14066.9, 1745, 586, -9436, 4749, -58805, 7560, 5320, 41075
14072.6, 1234, 420, -9577, 3732, -58849, 7293, 3902, 41073
14076.3, 1727, 420, -9577, 3732, -58849, 7293, 3902, 41082
14080.6, 1887, 484, -9761, 3577, -57650, 7437, 1841, 41082
14084.3, 1589, 484, -9761, 3577, -57650, 7437, 1841, 41110
14086.5, 1661, 484, -9761, 3577, -57650, 7437, 1841, 41110
14090.8, 1821, 527, -9870, 3470, -56959, 5880, 104, 41110
14094.5, 1691, 527, -9870, 3470, -56959, 5880, 104, 41089
14098.7, 1172, 632, -9704, 3178, -55913, 1995, -1128, 41089
14102.5, 1183, 632, -9704, 3178, -55913, 1995, -1128, 41087
14106.2, 1676, 632, -9704, 3178, -55913, 1995, -1128, 41091
14110.4, 1616, 570, -9631, 3571, -54040, 65, -179, 41091
14114.1, 2068, 570, -9631, 3571, -54040, 65, -179, 41096
14118.4, 1957, 429, -9668, 3148, -52111, 1837, 1920, 41096
14122.1, 1705, 429, -9668, 3148, -52111, 1837, 1920, 41135
14125.8, 1398, 429, -9668, 3148, -52111, 1837, 1920, 41081
14130.1, 1095, 242, -9862, 3058, -50728, 5302, 2975, 41081
14133.8, 1749, 242, -9862, 3058, -50728, 5302, 2975, 41101
14138.1, 1873, 198, -10123, 3312, -49398, 5114, 1819, 41101
14141.8, 1063, 198, -10123, 3312, -49398, 5114, 1819, 41091
14145.6, 1070, 198, -10123, 3312, -49398, 5114, 1819, 41091
14149.8, 1492, 169, -10312, 3123, -47469, 1811, -800, 41091
14153.5, 1631, 169, -10312, 3123, -47469, 1811, -800, 41082
14157.8, 1670, 322, -10293, 2362, -45890, -853, -2244, 41082
14161.5, 1616, 322, -10293, 2362, -45890, -853, -2244, 41075
14163.8, 1554, 322, -10293, 2362, -45890, -853, -2244, 41075
14169.5, 1736, 399, -10128, 2231, -43212, -1133, -984, 41079
14173.2, 1882, 399, -10128, 2231, -43212, -1133, -984, 41094
14179.0, 1568, 561, -10077, 2539, -40027, -1483, 1386, 41054
14182.7, 1671, 561, -10077, 2539, -40027, -1483, 1386, 41026
14188.4, 1879, 548, -10262, 2600, -37686, -2765, 2813, 41020
14192.1, 1713, 548, -10262, 2600, -37686, -2765, 2813, 41002
14197.8, 996, 409, -10211, 2283, -34873, -2073, 3193, 40995
14201.5, 1389, 409, -10211, 2283, -34873, -2073, 3193, 40984
14205.8, 1476, 357, -10302, 2661, -31579, 695, 2900, 40984
14209.5, 1931, 357, -10302, 2661, -31579, 695, 2900, 40982
14211.8, 1811, 357, -10302, 2661, -31579, 695, 2900, 40982
14216.0, 1609, 338, -10230, 2488, -29282, 2318, 2113, 40982
14219.7, 1208, 338, -10230, 2488, -29282, 2318, 2113, 40983
14222.0, 1259, 338, -10230, 2488, -29282, 2318, 2113, 40983
14227.7, 1919, 309, -10137, 2919, -26836, 695, 1268, 40967
14231.4, 1801, 309, -10137, 2919, -26836, 695, 1268, 40962
14235.7, 1918, 223, -10067, 2826, -26049, -2883, 1566, 40962
14239.4, 1381, 223, -10067, 2826, -26049, -2883, 1566, 40945
14241.6, 1327, 223, -10067, 2826, -26049, -2883, 1566, 40945
14245.9, 1416, 198, -10122, 2811, -24754, -3985, 2485, 40945
14249.7, 1545, 198, -10122, 2811, -24754, -3985, 2485, 40955
14253.9, 1437, 198, -10122, 2811, -23594, -1802, 2603, 40955
14257.6, 1528, 198, -10122, 2811, -23594, -1802, 2603, 40913
14261.4, 1507, 198, -10122, 2811, -23594, -1802, 2603, 40902
14265.6, 1417, 288, -10166, 2727, -21652, -454, 835, 40902
14269.4, 1658, 288, -10166, 2727, -21652, -454, 835, 40886
14273.6, 2195, 288, -10166, 2727, -20134, -1102, -1128, 40886
14277.3, 2281, 288, -10166, 2727, -20134, -1102, -1128, 40873
14281.1, 1826, 288, -10166, 2727, -20134, -1102, -1128, 40862
14285.3, 576, 416, -9843, 2590, -19092, -1426, -1644, 40862
14289.0, 592, 416, -9843, 2590, -19092, -1426, -1644, 40811
14293.2, 1676, 416, -9843, 2590, -17968, -1658, -1028, 40811
14296.9, 1837, 416, -9843, 2590, -17968, -1658, -1028, 40835
14300.7, 1726, 416, -9843, 2590, -17968, -1658, -1028, 40823
14304.9, 1803, 417, -10037, 2205, -16572, -1570, -813, 40823
14308.7, 2010, 417, -10037, 2205, -16572, -1570, -813, 40827
14312.9, 1996, 417, -10037, 2205, -14516, -358, -1133, 40827
14316.6, 1552, 417, -10037, 2205, -14516, -358, -1133, 40381
14318.9, 1198, 417, -10037, 2205, -14516, -358, -1133, 40381
14324.6, 1293, 380, -9661, 2411, -12639, 1264, -678, 40371
14328.3, 1552, 380, -9661, 2411, -12639, 1264, -678, 40349
14334.0, 1802, 168, -9819, 2301, -10242, 2909, -524, 40306
14337.7, 1689, 168, -9819, 2301, -10242, 2909, -524, 40321
14343.5, 1577, 168, -9819, 2301, -10242, 3810, -1242, 40307
14345.7, 1448, 168, -9819, 2301, -10242, 3810, -1242, 40307
14348.0, 1681, 168, -9819, 2301, -10242, 3810, -1242, 40307
14353.7, 1770, 108, -9827, 1826, -6671, 3010, -2069, 40283
14355.9, 1454, 108, -9827, 1826, -6671, 3010, -2069, 40283
14358.2, 1325, 108, -9827, 1826, -6671, 3010, -2069, 40283
14363.9, 1549, 245, -9773, 2053, -6151, 2760, -2375, 40281
14366.2, 1487, 245, -9773, 2053, -6151, 2760, -2375, 40281
14370.5, 1728, 430, -9734, 2053, -6151, 2760, -2375, 40281
14374.2, 2094, 430, -9734, 2053, -6151, 2760, -2375, 40288
14376.5, 2015, 430, -9734, 2053, -6151, 2760, -2375, 40288
14380.7, 1497, 559, -9713, 2134, -5604, 3583, -2344, 40288
14384.4, 741, 559, -9713, 2134, -5604, 3583, -2344, 40241
14386.7, 884, 559, -9713, 2134, -5604, 3583, -2344, 40241
14390.9, 2285, 456, -9794, 2282, -4996, 3412, -2638, 40241
14394.6, 1588, 456, -9794, 2282, -4996, 3412, -2638, 40257
14396.9, 603, 456, -9794, 2282, -4996, 3412, -2638, 40257
14402.6, 1510, 424, -9966, 2237, -3666, 4646, -3241, 40225
14406.3, 1866, 424, -9966, 2237, -3666, 4646, -3241, 40164
14410.6, 1741, 274, -10076, 2075, -2008, 4646, -3241, 40164
14414.4, 1877, 274, -10076, 2075, -2008, 4646, -3241, 40198
14418.6, 1750, 256, -9967, 1798, 454, 6129, -3303, 40198
14422.3, 1516, 256, -9967, 1798, 454, 6129, -3303, 40120
14426.1, 1432, 256, -9967, 1798, 454, 6129, -3303, 40166
14430.3, 1978, 356, -9862, 2072, 2082, 7030, -3434, 40166
14434.1, 1479, 356, -9862, 2072, 2082, 7030, -3434, 40122
14438.3, 1785, 355, -10007, 2355, 3867, 5442, -3351, 40122
14442.0, 2373, 355, -10007, 2355, 3867, 5442, -3351, 40131
14445.7, 1754, 355, -10007, 2355, 3867, 5442, -3351, 40121
14450.0, 957, 196, -10153, 2095, 6063, 4055, -3482, 40121
14453.7, 548, 196, -10153, 2095, 6063, 4055, -3482, 40111
14457.9, 1662, 290, -10205, 2150, 8216, 4768, -3311, 40111
14461.7, 2665, 290, -10205, 2150, 8216, 4768, -3311, 40065
14464.0, 3089, 290, -10205, 2150, 8216, 4768, -3311, 40065
14469.7, 1127, 346, -10091, 2034, 11799, 6033, -2541, 40102
14473.4, 694, 346, -10091, 2034, 11799, 6033, -2541, 40098
14479.1, 122, 188, -10055, 2011, 14958, 6610, -1430, 40095
14482.8, 1969, 188, -10055, 2011, 14958, 6610, -1430, 40129
14488.5, 2876, -33, -10490, 2968, 18869, 3618, -2423, 40079
14492.3, 1284, -33, -10490, 2968, 18869, 3618, -2423, 40082
14498.0, 871, -238, -10683, 1659, 23039, 870, -4466, 40088
14501.7, 2608, -238, -10683, 1659, 23039, 870, -4466, 40055
14507.5, 2057, -53, -10498, 1634, 29431, 2616, -3823, 40090
14511.2, 155, -53, -10498, 1634, 29431, 2616, -3823, 40095
14513.4, 107, -53, -10498, 1634, 29431, 2616, -3823, 40095
14519.2, 2047, 341, -10443, 2673, 35928, 831, -1806, 40110
14521.4, 2276, 341, -10443, 2673, 35928, 831, -1806, 40110
14525.6, 1623, 611, -10721, 2577, 39948, -3320, -503, 40110
14529.3, 1656, 611, -10721, 2577, 39948, -3320, -503, 40152
14531.6, 2799, 611, -10721, 2577, 39948, -3320, -503, 40152
14535.8, 1005, 531, -10774, 2254, 43881, -2051, 205, 40152
14539.5, 582, 531, -10774, 2254, 43881, -2051, 205, 40142
14541.8, 349, 531, -10774, 2254, 43881, -2051, 205, 40142
14546.0, 1543, 634, -10529, 2773, 48261, 4261, 507, 40142
14549.7, 2652, 634, -10529, 2773, 48261, 4261, 507, 40160
14552.0, 1642, 634, -10529, 2773, 48261, 4261, 507, 40160
14557.7, 2015, 488, -10469, 2967, 50842, 9843, 196, 40176
14561.4, 964, 488, -10469, 2967, 50842, 9843, 196, 40182
14565.7, 562, 157, -10284, 3471, 54106, 12057, -65, 40182
14569.4, 2173, 157, -10284, 3471, 54106, 12057, -65, 40205
14571.7, 2511, 157, -10284, 3471, 54106, 12057, -65, 40205
14575.9, 2612, -37, -10455, 3751, 57383, 9432, -402, 40205
14579.7, 516, -37, -10455, 3751, 57383, 9432, -402, 40225
14583.9, 220, -5, -10332, 3922, 60515, 6006, -984, 40225
14587.6, 1413, -5, -10332, 3922, 60515, 6006, -984, 40242
14591.4, 1573, -5, -10332, 3922, 60515, 6006, -984, 40277
14595.6, 2628, 324, -10104, 3725, 62484, 3071, -1343, 40277
14599.4, 2351, 324, -10104, 3725, 62484, 3071, -1343, 40306
14603.6, 744, 250, -10082, 3867, 65136, 2051, -2012, 40306
14607.3, 683, 250, -10082, 3867, 65136, 2051, -2012, 40315
14611.0, 1603, 250, -10082, 3867, 65136, 2051, -2012, 40364
14615.3, 1104, 409, -10133, 4186, 68404, 2156, -4663, 40364
14619.0, 1295, 409, -10133, 4186, 68404, 2156, -4663, 40352
14623.2, 2786, 591, -10125, 4681, 73833, 494, -7708, 40352
14627.0, 1981, 591, -10125, 4681, 73833, 494, -7708, 40407
14630.8, 907, 591, -10125, 4681, 73833, 494, -7708, 40397
14635.0, 1187, 775, -10042, 4109, 78462, -3775, -9266, 40397
14638.8, 3035, 775, -10042, 4109, 78462, -3775, -9266, 40399
14643.0, 2123, 759, -9991, 4805, 84364, -6466, -7997, 40399
14646.7, 40, 759, -9991, 4805, 84364, -6466, -7997, 40456
14649.0, 451, 759, -9991, 4805, 84364, -6466, -7997, 40456
14654.8, 2510, 696, -10077, 4378, 88945, -6496, -6216, 40469
14658.5, 519, 696, -10077, 4378, 88945, -6496, -6216, 40493
14662.7, 2282, 597, -10087, 5118, 92996, -6825, -6698, 40493
14666.5, 2555, 597, -10087, 5118, 92996, -6825, -6698, 40549
14668.8, 1224, 597, -10087, 5118, 92996, -6825, -6698, 40549
14674.5, 1306, 557, -9891, 5703, 97235, -8325, -8684, 40534
14676.8, 1732, 557, -9891, 5703, 97235, -8325, -8684, 40534
14681.0, 2626, 477, -9871, 5529, 101895, -6575, -9782, 40534
14684.7, 2330, 477, -9871, 5529, 101895, -6575, -9782, 40571
14687.0, 1763, 477, -9871, 5529, 101895, -6575, -9782, 40571
14692.8, 638, 376, -9857, 5677, 104997, -4033, -10220, 40544
14696.5, 2411, 376, -9857, 5677, 104997, -4033, -10220, 40571
14700.8, 1736, 253, -10040, 5866, 109206, -3241, -11388, 40571
14704.5, 716, 253, -10040, 5866, 109206, -3241, -11388, 40592
14706.8, 2008, 253, -10040, 5866, 109206, -3241, -11388, 40592
14711.0, 1704, 315, -10182, 6272, 112968, -4493, -14105, 40592
14714.7, 79, 315, -10182, 6272, 112968, -4493, -14105, 40627
14717.0, 602, 315, -10182, 6272, 112968, -4493, -14105, 40627
14722.7, 2753, 437, -9961, 5980, 115523, -8487, -16843, 40639
14726.4, 1635, 437, -9961, 5980, 115523, -8487, -16843, 40641
14730.7, 3164, 574, -9882, 6223, 118441, -11642, -16616, 40641
14734.5, 2120, 574, -9882, 6223, 118441, -11642, -16616, 40659
14738.7, 113, 842, -9625, 6559, 121088, -13330, -14494, 40659
14742.5, 647, 842, -9625, 6559, 121088, -13330, -14494, 40674
14746.3, 1692, 842, -9625, 6559, 121088, -13330, -14494, 40658
14750.5, 1426, 632, -9346, 6768, 124733, -12547, -12569, 40658
14754.3, 1144, 632, -9346, 6768, 124733, -12547, -12569, 40653
14758.5, 3204, 605, -9258, 6568, 127878, -8999, -11134, 40653
14762.3, 2724, 605, -9258, 6568, 127878, -8999, -11134, 40656
14766.0, 169, 605, -9258, 6568, 127878, -8999, -11134, 40652
14770.2, 930, 507, -9147, 7125, 130954, -6776, -11602, 40652
14774.0, 3176, 507, -9147, 7125, 130954, -6776, -11602, 40659
14778.2, 1391, 463, -9058, 6910, 133260, -7774, -13816, 40659
14781.9, 322, 463, -9058, 6910, 133260, -7774, -13816, 40665
14785.6, 1161, 463, -9058, 6910, 133260, -7774, -13816, 40675
14789.9, 2840, 558, -8862, 7254, 136585, -11230, -16620, 40675
14793.6, 2553, 558, -8862, 7254, 136585, -11230, -16620, 40682
14797.8, 729, 534, -8692, 6965, 138681, -14792, -17858, 40682
14801.6, 2190, 534, -8692, 6965, 138681, -14792, -17858, 40695
14803.9, 1938, 534, -8692, 6965, 138681, -14792, -17858, 40695
14809.7, 790, 769, -8512, 7679, 141244, -16984, -17482, 40707
14813.4, 2271, 769, -8512, 7679, 141244, -16984, -17482, 40723
14819.1, 2597, 897, -8285, 7272, 142609, -16450, -16747, 40748
14822.8, 705, 897, -8285, 7272, 142609, -16450, -16747, 40824
14828.6, 1749, 833, -8090, 7828, 143182, -11939, -16314, 40828
14830.8, 2240, 833, -8090, 7828, 143182, -11939, -16314, 40828
14833.1, 1603, 833, -8090, 7828, 143182, -11939, -16314, 40828
14838.8, 2413, 857, -7857, 7728, 143340, -7975, -16927, 40857
14841.0, 2944, 857, -7857, 7728, 143340, -7975, -16927, 40857
14843.3, 1875, 857, -7857, 7728, 143340, -7975, -16927, 40857
14849.1, 1599, 695, -7784, 7728, 143344, -7236, -18642, 40887
14851.3, 943, 695, -7784, 7728, 143344, -7236, -18642, 40887
14855.6, 1745, 755, -7634, 8533, 143344, -10504, -20427, 40887
14859.3, 2943, 755, -7634, 8533, 143344, -10504, -20427, 40899
14861.6, 1426, 755, -7634, 8533, 143344, -10504, -20427, 40899
14865.8, 101, 782, -7455, 8031, 143344, -13203, -21197, 40899
14869.9, 1507, 782, -7455, 8031, 143344, -13203, -21197, 40961
14872.1, 1723, 782, -7455, 8031, 143344, -13203, -21197, 40961
14877.9, 2978, 1140, -7361, 8224, 143344, -15238, -21958, 41187
14881.6, 1214, 1140, -7361, 8224, 143344, -15238, -21958, 41165
14885.9, 939, 1176, -7227, 8497, 143344, -16327, -23021, 41165
14889.6, 2121, 1176, -7227, 8497, 143344, -16327, -23021, 41160
14893.9, 1948, 1176, -7227, 8497, 143344, -16327, -22693, 41160
14897.6, 1428, 1176, -7227, 8497, 143344, -16327, -22693, 41148
14901.3, 1903, 1176, -7227, 8497, 143344, -16327, -22693, 41169
14905.6, 938, 1172, -6663, 8426, 143344, -9699, -21477, 41169
14909.3, 1871, 1172, -6663, 8426, 143344, -9699, -21477, 41140
14913.5, 1899, 1172, -6663, 8426, 143344, -9699, -19250, 41140
14917.2, 912, 1172, -6663, 8426, 143344, -9699, -19250, 41123
14921.0, 1701, 1172, -6663, 8426, 143344, -9699, -19250, 41122
14925.3, 2173, 1068, -6230, 8833, 143344, -9235, -17307, 41122
14929.0, 1536, 1068, -6230, 8833, 143344, -9235, -17307, 41106
14933.3, 2252, 1068, -6230, 8833, 143344, -9235, -17911, 41106
14937.0, 1083, 1068, -6230, 8833, 143344, -9235, -17911, 41091
14940.7, 1904, 1068, -6230, 8833, 143344, -9235, -17911, 41251
14945.0, 1085, 1301, -5778, 9313, 143344, -15317, -20059, 41251
14948.7, 892, 1301, -5778, 9313, 143344, -15317, -20059, 41078
14952.9, 2520, 1301, -5778, 9313, 143344, -15317, -21542, 41078
14956.7, 2071, 1301, -5778, 9313, 143344, -15317, -21542, 41077
14959.0, 1923, 1301, -5778, 9313, 143344, -15317, -21542, 41077
14964.7, 723, 1427, -4980, 8251, 143344, -22750, -20589, 41059
14968.4, 344, 1427, -4980, 8251, 143344, -22750, -20589, 41058
14974.1, 2517, 1469, -4637, 9300, 143344, -17850, -17872, 41021
14977.8, 1615, 1469, -4637, 9300, 143344, -17850, -17872, 40994
14983.5, 1633, 1469, -4637, 8565, 143344, -12359, -16288, 40996
14987.3, 633, 1469, -4637, 8565, 143344, -12359, -16288, 40975
14993.0, 2157, 1418, -4350, 8565, 143344, -12359, -16288, 40941
14996.7, 1609, 1418, -4350, 8565, 143344, -12359, -16288, 40910
15002.4, 2121, 1327, -4166, 9052, 143344, -8850, -17005, 40877
15006.1, 1265, 1327, -4166, 9052, 143344, -8850, -17005, 40843
15010.4, 1015, 1170, -3949, 8779, 143344, -10312, -19101, 40843
15014.1, 2630, 1170, -3949, 8779, 143344, -10312, -19101, 40842
15016.4, 2038, 1170, -3949, 8779, 143344, -10312, -19101, 40842
15020.6, 1452, 1192, -3871, 9111, 143344, -15443, -21236, 40842
15024.3, 2388, 1192, -3871, 9111, 143344, -15443, -21236, 40818
15026.6, 984, 1192, -3871, 9111, 143344, -15443, -21236, 40818
15030.8, 1389, 1443, -3739, 9186, 143344, -22500, -22728, 40818
15034.5, 1879, 1443, -3739, 9186, 143344, -22500, -22728, 40793
15036.8, 1397, 1443, -3739, 9186, 143344, -22500, -22728, 40793
15041.0, 1930, 1769, -3345, 9045, 143344, -26845, -23940, 40793
15044.7, 610, 1769, -3345, 9045, 143344, -26845, -23940, 40778
15047.0, 915, 1769, -3345, 9045, 143344, -26845, -23940, 40778
15052.7, 1798, 1821, -3080, 8376, 143344, -24443, -23962, 40742
15056.4, 3012, 1821, -3080, 8376, 143344, -24443, -23962, 40765
15060.7, 1861, 1815, -2589, 9415, 143344, -20269, -22063, 40765
15064.4, 833, 1815, -2589, 9415, 143344, -20269, -22063, 40750
15068.6, 1214, 1605, -2450, 9467, 143344, -18545, -19556, 40750
15072.3, 1020, 1605, -2450, 9467, 143344, -18545, -19556, 40754
15076.0, 2025, 1605, -2450, 9467, 143344, -18545, -19556, 40752
15080.3, 1409, 1460, -2204, 8856, 143344, -14673, -18580, 40752
15084.0, 1288, 1460, -2204, 8856, 143344, -14673, -18580, 40746
15088.2, 2775, 1500, -2267, 8910, 143344, -11488, -21118, 40746
15092.0, 922, 1500, -2267, 8910, 143344, -11488, -21118, 40738
15095.8, 2298, 1500, -2267, 8910, 143344, -11488, -21118, 40735
15100.0, 1570, 1348, -1872, 9503, 143344, -13510, -25353, 40735
15103.8, 1948, 1348, -1872, 9503, 143344, -13510, -25353, 40737
15108.0, 923, 1406, -1433, 8824, 143344, -15072, -27589, 40737
15111.7, 2261, 1406, -1433, 8824, 143344, -15072, -27589, 40744
15114.0, 1220, 1406, -1433, 8824, 143344, -15072, -27589, 40744
15119.8, 2158, 1880, -1199, 9955, 143344, -20142, -28188, 41140
15123.5, 1753, 1880, -1199, 9955, 143344, -20142, -28188, 40774
15127.7, 2194, 2133, -1039, 8625, 143344, -27366, -28704, 40774
15131.5, 847, 2133, -1039, 8625, 143344, -27366, -28704, 40779
15133.8, 947, 2133, -1039, 8625, 143344, -27366, -28704, 40779
15139.5, 2055, 2012, -519, 8665, 143344, -24535, -26547, 40783
15143.2, 1438, 2012, -519, 8665, 143344, -24535, -26547, 40832
15149.0, 2040, 2173, -315, 8670, 143344, -17255, -22802, 40821
15152.7, 1563, 2173, -315, 8670, 143344, -17255, -22802, 40839
15158.4, 1877, 2158, -261, 9260, 143344, -16896, -21962, 40845
15162.1, 1865, 2158, -261, 9260, 143344, -16896, -21962, 40844
15167.9, 1933, 1725, 95, 7641, 143344, -16673, -22395, 40872
15171.6, 1598, 1725, 95, 7641, 143344, -16673, -22395, 40887
15175.9, 1682, 1710, 341, 9263, 143344, -12114, -22807, 40887
15179.7, 1403, 1710, 341, 9263, 143344, -12114, -22807, 40844
15182.0, 997, 1710, 341, 9263, 143344, -12114, -22807, 40844
15187.7, 2000, 1999, 495, 8016, 143344, -12775, -25152, 40931
15191.4, 870, 1999, 495, 8016, 143344, -12775, -25152, 40919
15195.7, 1770, 1984, 985, 9060, 142937, -14949, -27650, 40919
15199.4, 1349, 1984, 985, 9060, 142937, -14949, -27650, 40923
15201.7, 1478, 1984, 985, 9060, 142937, -14949, -27650, 40923
15205.9, 2338, 1977, 1301, 8749, 143060, -15680, -27457, 40923
15209.7, 659, 1977, 1301, 8749, 143060, -15680, -27457, 40921
15213.9, 2904, 1935, 1393, 8556, 142351, -13453, -25874, 40921
15217.6, 1483, 1935, 1393, 8556, 142351, -13453, -25874, 40955
15221.4, 1076, 1935, 1393, 8556, 142351, -13453, -25874, 40975
15225.6, 1633, 1861, 1412, 7896, 141096, -8916, -25629, 40975
15229.4, 981, 1861, 1412, 7896, 141096, -8916, -25629, 40979
15233.6, 1579, 1805, 1677, 8405, 140627, -5551, -27068, 40979
15237.3, 2134, 1805, 1677, 8405, 140627, -5551, -27068, 41010
15241.1, 219, 1805, 1677, 8405, 140627, -5551, -27068, 41037
15245.3, 1717, 1948, 1728, 7904, 138772, -7774, -29046, 41037
15249.0, 3190, 1948, 1728, 7904, 138772, -7774, -29046, 41028
15253.3, 1459, 2138, 1984, 8601, 135714, -14065, -30590, 41028
15257.0, 2046, 2138, 1984, 8601, 135714, -14065, -30590, 41053
15260.7, 1358, 2138, 1984, 8601, 135714, -14065, -30590, 41049
15264.9, 390, 2093, 2397, 8844, 131930, -19718, -28700, 41049
15268.7, 1835, 2093, 2397, 8844, 131930, -19718, -28700, 41111
15272.9, 1837, 2099, 2484, 8322, 130105, -18340, -24657, 41111
15276.6, 1906, 2099, 2484, 8322, 130105, -18340, -24657, 41122
15278.9, 1317, 2099, 2484, 8322, 130105, -18340, -24657, 41122
15284.6, 1409, 2081, 2560, 7804, 127743, -13295, -22334, 41134
15288.3, 1320, 2081, 2560, 7804, 127743, -13295, -22334, 41172
15294.0, 893, 1849, 2660, 7526, 124615, -7910, -23104, 41143
15297.7, 1773, 1849, 2660, 7526, 124615, -7910, -23104, 41149
15303.5, 1353, 2079, 2994, 7603, 121942, -3657, -25799, 41142
15307.2, 1165, 2079, 2994, 7603, 121942, -3657, -25799, 41147
15313.0, 2613, 2299, 3089, 8032, 122510, -5245, -28402, 41152
15316.7, 1737, 2299, 3089, 8032, 122510, -5245, -28402, 41180
15320.9, 1676, 2411, 3329, 7730, 123442, -11650, -27812, 41180
15324.6, 1914, 2411, 3329, 7730, 123442, -11650, -27812, 41165
15326.9, 2208, 2411, 3329, 7730, 123442, -11650, -27812, 41165
15332.6, 352, 2186, 3447, 6865, 121714, -16909, -23874, 41165
15336.3, 1982, 2186, 3447, 6865, 121714, -16909, -23874, 41146
15340.6, 1962, 1616, 3651, 8039, 118494, -14337, -18405, 41146
15344.3, 1226, 1616, 3651, 8039, 118494, -14337, -18405, 41165
15346.6, 1535, 1616, 3651, 8039, 118494, -14337, -18405, 41165
15350.8, 1524, 1486, 3792, 6695, 115309, -6120, -15802, 41165
15354.6, 1040, 1486, 3792, 6695, 115309, -6120, -15802, 41171
15356.9, 1467, 1486, 3792, 6695, 115309, -6120, -15802, 41171
15362.6, 1413, 1488, 4067, 7304, 113025, 2708, -19324, 41187
15366.3, 1787, 1488, 4067, 7304, 113025, 2708, -19324, 40844
15370.6, 2561, 1767, 4445, 7436, 110448, 708, -25099, 40844
15374.3, 2122, 1767, 4445, 7436, 110448, 708, -25099, 41214
15376.5, 953, 1767, 4445, 7436, 110448, 708, -25099, 41214
15380.8, 1175, 1923, 4813, 6339, 110181, -6903, -28674, 41214
15384.5, 1857, 1923, 4813, 6339, 110181, -6903, -28674, 41227
15388.7, 1839, 2139, 4837, 6589, 107206, -12118, -27252, 41227
15392.5, 2044, 2139, 4837, 6589, 107206, -12118, -27252, 41227
15396.3, 1992, 2139, 4837, 6589, 107206, -12118, -27252, 41302
15400.5, 627, 2411, 5051, 7215, 104222, -18252, -21897, 41302
15404.3, 1452, 2411, 5051, 7215, 104222, -18252, -21897, 41272
15408.5, 2550, 2331, 5316, 6696, 100547, -17264, -15448, 41272
15412.2, 715, 2331, 5316, 6696, 100547, -17264, -15448, 41291
15416.0, 1921, 2331, 5316, 6696, 100547, -17264, -15448, 41262
15420.3, 1801, 1992, 5420, 5835, 96916, -7840, -11086, 41262
15424.0, 442, 1992, 5420, 5835, 96916, -7840, -11086, 41294
15428.3, 2254, 2005, 5526, 6236, 94715, 328, -11532, 41294
15432.0, 3116, 2005, 5526, 6236, 94715, 328, -11532, 41315
15435.7, 2059, 2005, 5526, 6236, 94715, 328, -11532, 40979
15440.0, 967, 2030, 5525, 6602, 92025, 3364, -14551, 40979
15443.7, 1481, 2030, 5525, 6602, 92025, 3364, -14551, 41329
15447.9, 947, 2193, 5656, 6768, 91758, -1404, -17137, 41329
15451.7, 834, 2193, 5656, 6768, 91758, -1404, -17137, 41358
15454.0, 1737, 2193, 5656, 6768, 91758, -1404, -17137, 41358
15459.7, 2202, 2126, 5848, 5507, 88113, -5372, -15877, 41317
15463.5, 1728, 2126, 5848, 5507, 88113, -5372, -15877, 41327
15467.7, 1890, 1892, 6131, 6659, 86477, -3491, -10465, 41327
15471.4, 1009, 1892, 6131, 6659, 86477, -3491, -10465, 41327
15473.7, 1048, 1892, 6131, 6659, 86477, -3491, -10465, 41327
15479.5, 1228, 1758, 6215, 5886, 82798, 148, -5958, 41391
15481.7, 1318, 1758, 6215, 5886, 82798, 148, -5958, 41391
15486.0, 2276, 1758, 6215, 5886, 80776, 5967, -6138, 41391
15489.7, 1415, 1758, 6215, 5886, 80776, 5967, -6138, 41401
15492.0, 1449, 1758, 6215, 5886, 80776, 5967, -6138, 41401
15497.7, 1181, 1649, 6361, 6000, 79893, 5993, -10867, 41432
15501.4, 2106, 1649, 6361, 6000, 79893, 5993, -10867, 41455
15505.7, 1106, 1460, 6361, 6000, 77618, 2773, -14848, 41455
15509.4, 1493, 1460, 6361, 6000, 77618, 2773, -14848, 41479
15511.7, 1073, 1460, 6361, 6000, 77618, 2773, -14848, 41479
15515.9, 1798, 1565, 6597, 6317, 74901, -3478, -15933, 41479
15519.6, 1813, 1565, 6597, 6317, 74901, -3478, -15933, 41460
15521.9, 1300, 1565, 6597, 6317, 74901, -3478, -15933, 41460
15527.6, 1370, 1854, 6771, 6099, 71112, -10128, -14533, 41530
15531.3, 1928, 1854, 6771, 6099, 71112, -10128, -14533, 41512
15535.6, 1793, 1854, 6771, 5067, 66124, -9266, -11445, 41512
15539.3, 1918, 1854, 6771, 5067, 66124, -9266, -11445, 41675
15541.5, 666, 1854, 6771, 5067, 66124, -9266, -11445, 41675
15545.8, 1876, 2172, 7013, 6225, 64278, -3845, -8251, 41675
15549.5, 1928, 2172, 7013, 6225, 64278, -3845, -8251, 41681
15553.7, 1744, 2172, 7013, 6225, 64278, -3845, -8251, 41681
15557.5, 1614, 2172, 7013, 6225, 64278, -3845, -8251, 41692
15561.3, 1117, 2172, 7013, 6225, 64278, -3845, -8251, 41686
15565.5, 1741, 2316, 6813, 4897, 60288, 2051, -9410, 41686
15569.2, 2127, 2316, 6813, 4897, 60288, 2051, -9410, 41701
15573.5, 2132, 2316, 6813, 4897, 60288, 2051, -9410, 41701
15577.2, 1066, 2316, 6813, 4897, 60288, 2051, -9410, 41643
15581.0, 1497, 2316, 6813, 4897, 60288, 2051, -9410, 41623
15585.3, 1915, 1482, 7148, 4956, 59220, -774, -6741, 41623
15589.0, 1127, 1482, 7148, 4956, 59220, -774, -6741, 41605
15593.3, 1947, 1482, 7148, 4956, 59220, -774, -6741, 41605
15597.0, 2304, 1482, 7148, 4956, 59220, -774, -6741, 41570
15600.7, 591, 1482, 7148, 4956, 59220, -774, -6741, 41602
15605.0, 2739, 865, 8003, 5230, 51608, -12884, -1903, 41602
15608.7, 937, 865, 8003, 5230, 51608, -12884, -1903, 41586
15612.9, 1733, 865, 8003, 5230, 51608, -12884, -1903, 41586
15616.7, 1585, 865, 8003, 5230, 51608, -12884, -1903, 41577
15619.0, 1912, 865, 8003, 5230, 51608, -12884, -1903, 41577
15624.7, 996, 1828, 7643, 4696, 48208, -8522, -7853, 41567
15628.5, 161, 1828, 7643, 4696, 48208, -8522, -7853, 41497
15632.7, 2951, 1828, 7643, 4696, 48208, -8522, -7853, 41497
15636.5, 2296, 1828, 7643, 4696, 48208, -8522, -7853, 41418
15638.8, 849, 1828, 7643, 4696, 48208, -8522, -7853, 41418
15644.5, 1586, 2195, 7656, 4439, 49062, -9410, -14000, 41340
15646.8, 1321, 2195, 7656, 4439, 49062, -9410, -14000, 41340
15652.5, 2245, 2194, 7649, 4432, 46047, -11987, -14000, 41253
15656.2, 870, 2194, 7649, 4432, 46047, -11987, -14000, 41197
15660.5, 1407, 1850, 7884, 4451, 42350, -13059, -8999, 41197
15664.2, 1414, 1850, 7884, 4451, 42350, -13059, -8999, 41042
15666.5, 1149, 1850, 7884, 4451, 42350, -13059, -8999, 41042
15670.7, 1015, 1517, 8014, 4648, 40596, -10740, -2716, 41042
15674.4, 2205, 1517, 8014, 4648, 40596, -10740, -2716, 40985
15676.7, 2609, 1517, 8014, 4648, 40596, -10740, -2716, 40985
15680.9, 1093, 1664, 8207, 4367, 40421, -5783, 704, 40985
15684.6, 1917, 1664, 8207, 4367, 40421, -5783, 704, 40870
15686.9, 1821, 1664, 8207, 4367, 40421, -5783, 704, 40870
15692.6, 1342, 1593, 8303, 4707, 36859, -2839, -590, 40763
15696.3, 3035, 1593, 8303, 4707, 36859, -2839, -590, 40655
15700.6, 378, 2124, 8288, 4622, 33622, -7581, -4501, 40655
15704.3, 2087, 2124, 8288, 4622, 33622, -7581, -4501, 40570
15706.6, 2273, 2124, 8288, 4622, 33622, -7581, -4501, 40570
15710.9, 1256, 2307, 8129, 4338, 31850, -8544, -7660, 40570
15714.6, 1949, 2307, 8129, 4338, 31850, -8544, -7660, 40536
15718.9, 1358, 2516, 8282, 4061, 32454, -6540, -6671, 40536
15722.6, 1048, 2516, 8282, 4061, 32454, -6540, -6671, 40464
15726.3, 1678, 2516, 8282, 4061, 32454, -6540, -6671, 40404
15730.6, 2163, 2221, 8150, 4102, 32572, -2996, -1850, 40404
15734.3, 411, 2221, 8150, 4102, 32572, -2996, -1850, 40424
15738.6, 2464, 1835, 8371, 4808, 30831, 656, 2944, 40424
15742.3, 1102, 1835, 8371, 4808, 30831, 656, 2944, 40350
15746.1, 1520, 1835, 8371, 4808, 30831, 656, 2944, 40229
15750.3, 2325, 1450, 8493, 4411, 29505, 5171, 4904, 40229
15754.1, 1592, 1450, 8493, 4411, 29505, 5171, 4904, 40136
15758.3, 1645, 1244, 8383, 4367, 27659, 4151, 2734, 40136
15762.0, 1243, 1244, 8383, 4367, 27659, 4151, 2734, 40025
15765.8, 2097, 1244, 8383, 4367, 27659, 4151, 2734, 39978
15770.0, 1301, 1587, 8330, 4053, 22334, 3311, -1960, 39978
15773.7, 1198, 1587, 8330, 4053, 22334, 3311, -1960, 39853
15777.9, 2267, 2260, 8469, 4287, 20422, 3377, -5888, 39853
15781.7, 1705, 2260, 8469, 4287, 20422, 3377, -5888, 39715
15784.0, 1767, 2260, 8469, 4287, 20422, 3377, -5888, 39715
15789.7, 1261, 2495, 8602, 3966, 16892, 4576, -6790, 39637
15793.4, 1484, 2495, 8602, 3966, 16892, 4576, -6790, 39555
15799.1, 1639, 2218, 8568, 4025, 13234, 6111, -3469, 39458
15801.3, 1638, 2218, 8568, 4025, 13234, 6111, -3469, 39458
15803.6, 1394, 2218, 8568, 4025, 13234, 6111, -3469, 39458
15809.3, 1229, 2166, 8406, 4117, 10128, 7503, 927, 39350
15811.6, 1847, 2166, 8406, 4117, 10128, 7503, 927, 39350
15815.8, 1443, 2072, 8565, 4191, 4011, 9493, 2270, 39350
15819.6, 1476, 2072, 8565, 4191, 4011, 9493, 2270, 39289
15821.9, 1453, 2072, 8565, 4191, 4011, 9493, 2270, 39289
15827.6, 1650, 1998, 8419, 3809, -1417, 6654, 1894, 39213
15831.3, 1764, 1998, 8419, 3809, -1417, 6654, 1894, 39141
15835.5, 1572, 1700, 8584, 4332, -6536, 7065, 384, 39141
15839.3, 1788, 1700, 8584, 4332, -6536, 7065, 384, 39032
15841.5, 1418, 1700, 8584, 4332, -6536, 7065, 384, 39032
15845.8, 1536, 1773, 8561, 3911, -11681, 5871, -424, 39032
15849.6, 1705, 1773, 8561, 3911, -11681, 5871, -424, 38943
15851.9, 1521, 1773, 8561, 3911, -11681, 5871, -424, 38943
15857.6, 1647, 1942, 8478, 3968, -14743, 4681, -835, 38893
15861.3, 1667, 1942, 8478, 3968, -14743, 4681, -835, 38825
15865.6, 1388, 1984, 8344, 4153, -17285, 3316, -2126, 38825
15869.4, 1380, 1984, 8344, 4153, -17285, 3316, -2126, 38806
15873.6, 2057, 2056, 8469, 3976, -21652, 2839, -3801, 38806
15877.3, 1879, 2056, 8469, 3976, -21652, 2839, -3801, 41340
15881.1, 1608, 2056, 8469, 3976, -21652, 2839, -3801, 38851
15885.4, 1181, 1951, 8638, 4109, -26399, 2432, -4851, 38851
15889.1, 2000, 1951, 8638, 4109, -26399, 2432, -4851, 38847
15893.3, 1788, 1944, 8580, 4165, -28315, 1526, -4235, 38847
15897.0, 1544, 1944, 8580, 4165, -28315, 1526, -4235, 38887
15900.8, 1967, 1944, 8580, 4165, -28315, 1526, -4235, 38969
15905.0, 1567, 2037, 8388, 4265, -29947, 3224, -2712, 38969
15908.7, 1588, 2037, 8388, 4265, -29947, 3224, -2712, 38926
15912.9, 1912, 2127, 8259, 3976, -32108, 4585, -1496, 38926
15916.7, 1470, 2127, 8259, 3976, -32108, 4585, -1496, 38935
15919.0, 945, 2127, 8259, 3976, -32108, 4585, -1496, 38935
15924.7, 1438, 2157, 7771, 3683, -31172, 7415, -1531, 38912
15928.5, 1653, 2157, 7771, 3683, -31172, 7415, -1531, 38879
15932.7, 1634, 2242, 7517, 4225, -32637, 13050, -4471, 38879
15936.4, 1986, 2242, 7517, 4225, -32637, 13050, -4471, 38844
15938.7, 1507, 2242, 7517, 4225, -32637, 13050, -4471, 38844
15944.5, 1452, 2017, 7779, 4729, -35779, 14302, -6995, 38802
15948.2, 1567, 2017, 7779, 4729, -35779, 14302, -6995, 38777
15953.9, 1557, 1633, 8239, 4450, -37122, 10163, -5070, 38695
15957.6, 1568, 1633, 8239, 4450, -37122, 10163, -5070, 38613
15963.3, 1628, 1331, 8402, 4590, -38281, 7345, 314, 38575
15967.0, 1781, 1331, 8402, 4590, -38281, 7345, 314, 38518
15972.8, 1188, 1226, 8447, 4534, -42503, 4388, 4847, 38460
15976.5, 1876, 1226, 8447, 4534, -42503, 4388, 4847, 38415
15980.7, 1670, 1216, 8291, 4559, -48904, 1141, 6068, 38415
15984.5, 1641, 1216, 8291, 4559, -48904, 1141, 6068, 38372
15986.8, 1192, 1216, 8291, 4559, -48904, 1141, 6068, 38372
15992.5, 2064, 1420, 8005, 4700, -52903, -2926, 4108, 38314
15996.3, 1540, 1420, 8005, 4700, -52903, -2926, 4108, 38305
16000.5, 1438, 1533, 7869, 4224, -57470, -4256, 1356, 38305
16004.2, 1512, 1533, 7869, 4224, -57470, -4256, 1356, 38276
16006.5, 1005, 1533, 7869, 4224, -57470, -4256, 1356, 38276
16010.7, 1524, 1480, 7890, 4849, -60065, -4326, 271, 38276
16014.5, 1624, 1480, 7890, 4849, -60065, -4326, 271, 38263
16016.7, 1722, 1480, 7890, 4849, -60065, -4326, 271, 38263
16022.5, 1202, 1633, 7793, 4534, -61631, -5683, 2244, 38187
16026.3, 1919, 1633, 7793, 4534, -61631, -5683, 2244, 38264
16030.5, 1448, 1633, 7575, 5056, -65376, -5328, 5254, 38264
16034.2, 1458, 1633, 7575, 5056, -65376, -5328, 5254, 38311
16036.5, 1105, 1633, 7575, 5056, -65376, -5328, 5254, 38311
16040.8, 1774, 1619, 7651, 4682, -68093, -4825, 7638, 38311
16044.5, 1428, 1619, 7651, 4682, -68093, -4825, 7638, 38365
16048.7, 1689, 1500, 7621, 4730, -71965, -6203, 8802, 38365
16052.5, 1747, 1500, 7621, 4730, -71965, -6203, 8802, 38470
16056.2, 1634, 1500, 7621, 4730, -71965, -6203, 8802, 38518
16060.5, 1441, 1528, 7327, 5842, -74975, -8435, 8763, 38518
16064.3, 1702, 1528, 7327, 5842, -74975, -8435, 8763, 38624
16068.5, 1391, 1435, 7252, 5186, -78843, -10539, 7231, 38624
16072.2, 1567, 1435, 7252, 5186, -78843, -10539, 7231, 38775
16076.0, 2177, 1435, 7252, 5186, -78843, -10539, 7231, 38966
16080.3, 1216, 1428, 7010, 5021, -82872, -9878, 3771, 38966
16084.0, 1287, 1428, 7010, 5021, -82872, -9878, 3771, 39203
16088.3, 2163, 1533, 7101, 6224, -85729, -8955, 2099, 39203
16092.0, 1470, 1533, 7101, 6224, -85729, -8955, 2099, 39394
16095.7, 1757, 1533, 7101, 6224, -85729, -8955, 2099, 39539
16100.0, 1753, 1735, 6964, 5595, -87252, -7030, 3631, 39539
16103.7, 1786, 1735, 6964, 5595, -87252, -7030, 3631, 39717
16108.0, 1261, 2121, 6631, 5488, -89015, -4453, 5775, 39717
16111.8, 1660, 2121, 6631, 5488, -89015, -4453, 5775, 39867
16117.5, 1890, 2153, 6515, 5892, -91465, -5460, 7756, 41696
16121.3, 2166, 2153, 6515, 5892, -91465, -5460, 7756, 41717
16123.6, 1158, 2153, 6515, 5892, -91465, -5460, 7756, 41717
16129.3, 1598, 1952, 6552, 6283, -92335, -7030, 10215, 41746
16131.6, 1483, 1952, 6552, 6283, -92335, -7030, 10215, 41746
16135.8, 1622, 1952, 6552, 6283, -92335, -7030, 12219, 41746
16139.6, 1696, 1952, 6552, 6283, -92335, -7030, 12219, 41793
16141.9, 1394, 1952, 6552, 6283, -92335, -7030, 12219, 41793
16147.6, 1513, 1855, 6270, 5814, -100442, -6269, 12674, 41754
16151.4, 1460, 1855, 6270, 5814, -100442, -6269, 12674, 41771
16155.6, 1630, 1829, 6258, 5866, -100442, -6269, 11611, 41771
16159.4, 1755, 1829, 6258, 5866, -100442, -6269, 11611, 41788
16161.6, 1232, 1829, 6258, 5866, -100442, -6269, 11611, 41788
16165.9, 1395, 1801, 6139, 6687, -103579, -5210, 10312, 41788
16169.7, 2134, 1801, 6139, 6687, -103579, -5210, 10312, 41812
16172.0, 1930, 1801, 6139, 6687, -103579, -5210, 10312, 41812
16177.7, 1630, 1622, 6185, 7100, -104914, -1115, 10329, 41821
16181.4, 1108, 1622, 6185, 7100, -104914, -1115, 10329, 41867
16185.7, 1209, 2073, 5942, 7100, -105846, -3959, 11458, 41867
16189.5, 1907, 2073, 5942, 7100, -105846, -3959, 11458, 41838
16193.7, 1722, 2225, 5587, 6839, -105846, -3959, 11458, 41838
16197.5, 1769, 2225, 5587, 6839, -105846, -3959, 11458, 41865
16201.3, 1474, 2225, 5587, 6839, -105846, -3959, 11458, 41873
16205.5, 1197, 2010, 5292, 6172, -108304, 3246, 15658, 41873
16209.3, 1475, 2010, 5292, 6172, -108304, 3246, 15658, 41891
16213.5, 976, 2152, 4996, 6550, -108304, 3246, 15658, 41891
16217.6, 1377, 2152, 4996, 6550, -108304, 3246, 15658, 41906
16221.3, 2721, 2152, 4996, 6550, -108304, 3246, 15658, 41957
16225.6, 1169, 2204, 4975, 7528, -111205, 2318, 15527, 41957
16229.3, 1693, 2204, 4975, 7528, -111205, 2318, 15527, 41919
16233.5, 1905, 2106, 5035, 7528, -111205, 2318, 15527, 41919
16237.2, 1254, 2106, 5035, 7528, -111205, 2318, 15527, 41936
16241.0, 1251, 2106, 5035, 7528, -111205, 2318, 15527, 41958
16245.3, 1608, 1996, 4952, 6318, -112076, 2008, 18922, 41958
16249.0, 1619, 1996, 4952, 6318, -112076, 2008, 18922, 41948
16253.3, 1389, 1837, 4677, 6318, -112076, 2008, 18922, 41948
16257.0, 1491, 1837, 4677, 6318, -112076, 2008, 18922, 41984
16260.8, 1263, 1837, 4677, 6318, -112076, 2008, 18922, 41988
16265.0, 1126, 1942, 4541, 7969, -113340, 3325, 19832, 41988
16268.8, 1358, 1942, 4541, 7969, -113340, 3325, 19832, 42010
16273.0, 2268, 1899, 4362, 7969, -113340, 3325, 19832, 42010
16276.8, 1858, 1899, 4362, 7969, -113340, 3325, 19832, 41990
16282.5, 910, 2131, 3953, 9095, -111923, -2410, 19889, 42018
16286.2, 1679, 2131, 3953, 9095, -111923, -2410, 19889, 42032
16288.5, 1932, 2131, 3953, 9095, -111923, -2410, 19889, 42032
16294.2, 1448, 2301, 3430, 7454, -113751, -6409, 19687, 42049
16296.5, 712, 2301, 3430, 7454, -113751, -6409, 19687, 42049
16300.7, 1515, 2414, 3023, 8602, -114863, -6453, 19683, 42049
16304.4, 1393, 2414, 3023, 8602, -114863, -6453, 19683, 42083
16306.7, 995, 2414, 3023, 8602, -114863, -6453, 19683, 42083
16310.9, 1587, 2288, 2960, 7264, -115799, -1618, 20943, 42083
16314.6, 2160, 2288, 2960, 7264, -115799, -1618, 20943, 42069
16316.9, 2071, 2288, 2960, 7264, -115799, -1618, 20943, 42069
16322.6, 1228, 2091, 3111, 6150, -117881, 12608, 22820, 42098
16326.3, 1488, 2091, 3111, 6150, -117881, 12608, 22820, 42114
16330.5, 1108, 2047, 3785, 7495, -119671, 23008, 24994, 42114
16334.3, 1279, 2047, 3785, 7495, -119671, 23008, 24994, 42141
16336.5, 1823, 2047, 3785, 7495, -119671, 23008, 24994, 42141
16340.8, 2049, 1874, 4031, 8729, -120139, 21240, 26731, 42141
16344.6, 657, 1874, 4031, 8729, -120139, 21240, 26731, 42149
16348.8, 1303, 1807, 3461, 8123, -123630, 13440, 26333, 42149
16352.5, 1535, 1807, 3461, 8123, -123630, 13440, 26333, 42150
16356.3, 1476, 1807, 3461, 8123, -123630, 13440, 26333, 42158
16360.5, 2308, 1947, 2533, 10311, -123932, 2240, 22400, 42158
16364.3, 1466, 1947, 2533, 10311, -123932, 2240, 22400, 42159
16368.5, 1792, 1964, 1697, 8293, -127227, -6947, 17942, 42159
16372.2, 1918, 1964, 1697, 8293, -127227, -6947, 17942, 42192
16376.0, 1579, 1964, 1697, 8293, -127227, -6947, 17942, 42187
16380.3, 1365, 1973, 1702, 7590, -128828, -2874, 17618, 42187
16384.0, 1185, 1973, 1702, 7590, -128828, -2874, 17618, 42219
16388.3, 1307, 2377, 1810, 8435, -130805, 4357, 21586, 42219
16392.0, 1748, 2377, 1810, 8435, -130805, 4357, 21586, 42201
16395.7, 1633, 2377, 1810, 8435, -130805, 4357, 21586, 42190
16400.0, 1154, 2752, 1901, 9659, -130455, 5372, 25856, 42190
16403.7, 2146, 2752, 1901, 9659, -130455, 5372, 25856, 42224
16407.9, 1946, 2142, 1878, 7901, -131956, 8649, 30306, 42224
16411.7, 865, 2142, 1878, 7901, -131956, 8649, 30306, 42256
16414.0, 781, 2142, 1878, 7901, -131956, 8649, 30306, 42256
16419.7, 1781, 1768, 1687, 8976, -131090, 16279, 33928, 42275
16423.5, 1271, 1768, 1687, 8976, -131090, 16279, 33928, 42285
16427.7, 1565, 2084, 949, 10059, -129068, 13168, 33219, 42285
16431.4, 2093, 2084, 949, 10059, -129068, 13168, 33219, 42240
16433.7, 1733, 2084, 949, 10059, -129068, 13168, 33219, 42240
16439.5, 1737, 2011, -94, 9988, -127747, 4121, 27917, 42238
16443.2, 1597, 2011, -94, 9988, -127747, 4121, 27917, 42214
16448.9, 1359, 1793, -496, 9848, -125980, -1903, 23537, 42171
16451.1, 1603, 1793, -496, 9848, -125980, -1903, 23537, 42171
16453.5, 1952, 1793, -496, 9848, -125980, -1903, 23537, 42171
16459.2, 1102, 1226, -728, 7894, -122939, 5026, 25414, 42137
16461.5, 1204, 1226, -728, 7894, -122939, 5026, 25414, 42137
16465.7, 1237, 1673, -674, 9548, -119925, 11952, 28814, 42137
16469.4, 1261, 1673, -674, 9548, -119925, 11952, 28814, 42122
16471.7, 1680, 1673, -674, 9548, -119925, 11952, 28814, 42122
16475.9, 2626, 2055, -494, 8869, -122493, 6024, 27667, 42122
16479.6, 1314, 2055, -494, 8869, -122493, 6024, 27667, 42055
16481.9, 716, 2055, -494, 8869, -122493, 6024, 27667, 42055
16487.6, 1878, 2017, -114, 9491, -125757, -1675, 24749, 42022
16491.3, 1513, 2017, -114, 9491, -125757, -1675, 24749, 42023
16495.6, 1671, 2099, -340, 9803, -125332, -2629, 23690, 42023
16499.3, 1403, 2099, -340, 9803, -125332, -2629, 23690, 42016
16501.5, 1729, 2099, -340, 9803, -125332, -2629, 23690, 42016
16505.8, 1641, 2361, -1051, 8793, -124317, 1474, 23743, 42016
16509.6, 1103, 2361, -1051, 8793, -124317, 1474, 23743, 41993
16513.8, 1763, 2152, -1456, 10649, -121701, 5057, 24207, 41993
16517.5, 1507, 2152, -1456, 10649, -121701, 5057, 24207, 41909
16521.3, 1594, 2152, -1456, 10649, -121701, 5057, 24207, 41938
16525.5, 1549, 1740, -1570, 10009, -118953, 9227, 28381, 41938
16529.3, 1866, 1740, -1570, 10009, -118953, 9227, 28381, 41919
16533.5, 1550, 1772, -1878, 8951, -116696, 14078, 33473, 41919
16537.2, 1457, 1772, -1878, 8951, -116696, 14078, 33473, 41897
16541.0, 1306, 1772, -1878, 8951, -116696, 14078, 33473, 41885
16545.3, 1797, 1627, -1938, 10089, -118301, 10513, 35140, 41885
16549.0, 1501, 1627, -1938, 10089, -118301, 10513, 35140, 41875
16553.3, 1292, 1522, -1792, 8879, -119898, 4685, 33639, 41875
16557.0, 1234, 1522, -1792, 8879, -119898, 4685, 33639, 41857
16560.8, 2573, 1522, -1792, 8879, -119898, 4685, 33639, 41834
16565.0, 1583, 1765, -1837, 9240, -122252, -122, 28853, 41834
16568.7, 1104, 1765, -1837, 9240, -122252, -122, 28853, 41786
16572.9, 2115, 1665, -1584, 10089, -125507, -7004, 24141, 41786
16576.7, 1525, 1665, -1584, 10089, -125507, -7004, 24141, 41756
16579.0, 930, 1665, -1584, 10089, -125507, -7004, 24141, 41756
16584.7, 2237, 1782, -1579, 8715, -125927, -7096, 24671, 41721
16588.5, 1019, 1782, -1579, 8715, -125927, -7096, 24671, 41691
16592.7, 1259, 2439, -2430, 10593, -123337, -2695, 27685, 41691
16596.4, 1488, 2439, -2430, 10593, -123337, -2695, 27685, 41662
16598.7, 1561, 2439, -2430, 10593, -123337, -2695, 27685, 41662
16604.5, 1459, 2462, -3201, 10424, -119120, -4020, 30708, 41672
16608.2, 1465, 2462, -3201, 10424, -119120, -4020, 30708, 41686
16613.9, 1527, 2238, -4214, 8774, -112233, -354, 34926, 41680
16616.1, 1841, 2238, -4214, 8774, -112233, -354, 34926, 41680
16618.5, 1613, 2238, -4214, 8774, -112233, -354, 34926, 41680
16624.2, 1414, 1885, -5070, 7535, -108072, 9804, 36929, 41672
16626.5, 1436, 1885, -5070, 7535, -108072, 9804, 36929, 41672
16630.7, 1899, 1582, -4717, 8307, -108532, 18082, 33863, 41672
16634.4, 1858, 1582, -4717, 8307, -108532, 18082, 33863, 41682
16636.7, 1214, 1582, -4717, 8307, -108532, 18082, 33863, 41682
16640.9, 1276, 1493, -3835, 9789, -109372, 19254, 29741, 41682
16644.6, 1688, 1493, -3835, 9789, -109372, 19254, 29741, 41675
16646.9, 1367, 1493, -3835, 9789, -109372, 19254, 29741, 41675
16652.6, 1139, 1534, -3319, 10274, -106891, 13492, 27506, 41236
16656.3, 2228, 1534, -3319, 10274, -106891, 13492, 27506, 41624
16660.6, 1638, 1464, -3559, 9337, -105933, 4838, 26105, 41624
16664.3, 1278, 1464, -3559, 9337, -105933, 4838, 26105, 41222
16666.6, 1497, 1464, -3559, 9337, -105933, 4838, 26105, 41222
16670.8, 1964, 1100, -4043, 10898, -106191, -2843, 26613, 41222
16674.6, 1783, 1100, -4043, 10898, -106191, -2843, 26613, 41202
16678.8, 802, 1100, -4043, 10898, -104761, -6794, 27851, 41202
16682.6, 906, 1100, -4043, 10898, -104761, -6794, 27851, 41207
16686.3, 1672, 1100, -4043, 10898, -104761, -6794, 27851, 41188
16690.6, 1978, 1967, -5363, 8803, -103242, -7748, 26092, 41188
16694.3, 2226, 1967, -5363, 8803, -103242, -7748, 26092, 41170
16698.5, 1354, 1967, -5363, 8803, -104117, -8535, 23454, 41170
16702.2, 1481, 1967, -5363, 8803, -104117, -8535, 23454, 41137
16706.0, 1709, 1967, -5363, 8803, -104117, -8535, 23454, 41138
16710.3, 1714, 2328, -4463, 8267, -105233, -3027, 23441, 41138
16714.0, 1654, 2328, -4463, 8267, -105233, -3027, 23441, 41106
16718.3, 1287, 2328, -4463, 8267, -106620, 4952, 23979, 41106
16722.0, 1513, 2328, -4463, 8267, -106620, 4952, 23979, 41097
16725.8, 2316, 2328, -4463, 8267, -106620, 4952, 23979, 41122
16730.0, 2330, 2699, -4020, 8958, -108746, 9686, 24216, 41122
16733.7, 350, 2699, -4020, 8958, -108746, 9686, 24216, 41112
16737.9, 851, 2699, -4020, 8958, -105036, 11217, 27016, 41112
16741.7, 1558, 2699, -4020, 8958, -105036, 11217, 27016, 41116
16744.0, 1334, 2699, -4020, 8958, -105036, 11217, 27016, 41116
16749.7, 1919, 1750, -5052, 8498, -99357, 13107, 31518, 41080
16753.5, 1512, 1750, -5052, 8498, -99357, 13107, 31518, 41077
16757.7, 2096, 1750, -5052, 8498, -97879, 12057, 33644, 41077
16761.4, 1332, 1750, -5052, 8498, -97879, 12057, 33644, 41084
16763.7, 1357, 1750, -5052, 8498, -97879, 12057, 33644, 41084
16769.5, 1500, 761, -6227, 9347, -99318, 6925, 32668, 41066
16771.7, 1682, 761, -6227, 9347, -99318, 6925, 32668, 41066
16776.0, 1524, 761, -6227, 9347, -99318, 6925, 32668, 41066
16779.7, 1191, 761, -6227, 9347, -99318, 6925, 32668, 41454
16782.0, 1692, 761, -6227, 9347, -99318, 6925, 32668, 41454
16787.7, 1607, 1137, -6414, 7515, -100451, 5197, 26889, 41024
16791.4, 1654, 1137, -6414, 7515, -100451, 5197, 26889, 40994
16795.7, 1662, 1637, -6184, 8388, -103181, 2966, 16353, 40994
16799.4, 1485, 1637, -6184, 8388, -103181, 2966, 16353, 40980
16801.7, 1855, 1637, -6184, 8388, -103181, 2966, 16353, 40980
16805.9, 2229, 1750, -5556, 8401, -104524, -3329, 8990, 40980
16809.6, 710, 1750, -5556, 8401, -104524, -3329, 8990, 41020
16811.9, 662, 1750, -5556, 8401, -104524, -3329, 8990, 41020
16817.6, 1871, 2014, -5726, 7389, -105399, -3255, 15238, 40980
16821.3, 2060, 2014, -5726, 7389, -105399, -3255, 15238, 40975
16825.5, 1823, 2149, -6142, 9153, -101589, -1640, 15238, 40975
16829.3, 1241, 2149, -6142, 9153, -101589, -1640, 15238, 40973
16831.5, 1184, 2149, -6142, 9153, -101589, -1640, 15238, 40973
16835.8, 995, 2117, -6656, 7152, -99182, 83, 26355, 40973
16839.5, 1962, 2117, -6656, 7152, -99182, 83, 26355, 40981
16843.7, 1721, 1869, -7380, 8448, -94050, 4213, 26355, 40981
16847.5, 1070, 1869, -7380, 8448, -94050, 4213, 26355, 40981
16851.2, 1569, 1869, -7380, 8448, -94050, 4213, 26355, 41017
16855.4, 2067, 1511, -7985, 6407, -90857, 6033, 23568, 41017
16859.1, 1599, 1511, -7985, 6407, -90857, 6033, 23568, 40971
16863.3, 1286, 1134, -7998, 6498, -87995, 9296, 23568, 40971
16867.1, 1431, 1134, -7998, 6498, -87995, 9296, 23568, 40959
16870.9, 1876, 1134, -7998, 6498, -87995, 9296, 23568, 40947
16875.2, 2323, 988, -7622, 7007, -87820, 10154, 13798, 40947
16878.9, 2280, 988, -7622, 7007, -87820, 10154, 13798, 40928
16883.1, 838, 1103, -7272, 7021, -88783, 7328, 13798, 40928
16886.8, 709, 1103, -7272, 7021, -88783, 7328, 13798, 40922
16890.6, 1380, 1103, -7272, 7021, -88783, 7328, 13798, 40928
16894.8, 1643, 1015, -7277, 7954, -89557, 3447, 13943, 40928
16898.6, 1890, 1015, -7277, 7954, -89557, 3447, 13943, 40910
16902.8, 2193, 937, -7810, 7912, -86390, 1089, 13943, 40910
16906.5, 2235, 937, -7810, 7912, -86390, 1089, 13943, 40920
16908.8, 1355, 937, -7810, 7912, -86390, 1089, 13943, 40920
16914.5, 812, 1089, -8484, 6190, -85095, 3001, 16205, 40943
16918.2, 2187, 1089, -8484, 6190, -85095, 3001, 16205, 40947
16924.0, 1489, 1215, -8572, 7901, -83003, 3010, 16087, 40945
16927.7, 1412, 1215, -8572, 7901, -83003, 3010, 16087, 40923
16933.4, 1242, 1124, -8327, 6647, -83126, 2651, 14778, 40974
16937.1, 1759, 1124, -8327, 6647, -83126, 2651, 14778, 40981
16942.8, 2581, 1230, -8073, 6936, -82120, 6190, 13676, 41122
16946.5, 1792, 1230, -8073, 6936, -82120, 6190, 13676, 41013
16950.8, 1044, 1328, -7923, 6668, -81848, 7590, 13658, 41013
16954.5, 777, 1328, -7923, 6668, -81848, 7590, 13658, 40995
16956.8, 999, 1328, -7923, 6668, -81848, 7590, 13658, 40995
16961.0, 1717, 1375, -7995, 6957, -81000, 6125, 14000, 40995
16964.7, 1612, 1375, -7995, 6957, -81000, 6125, 14000, 41001
16967.0, 1519, 1375, -7995, 6957, -81000, 6125, 14000, 41001
16972.7, 1525, 1238, -8291, 6797, -78799, 4620, 15190, 41042
16976.4, 1460, 1238, -8291, 6797, -78799, 4620, 15190, 41007
16980.7, 1838, 1174, -8865, 5876, -76117, 4917, 15772, 41007
16984.4, 1812, 1174, -8865, 5876, -76117, 4917, 15772, 41019
16986.7, 1677, 1174, -8865, 5876, -76117, 4917, 15772, 41019
16991.0, 1718, 1133, -9009, 6104, -73321, 6155, 15295, 41019
16994.7, 1794, 1133, -9009, 6104, -73321, 6155, 15295, 41019
16998.9, 1720, 1149, -8728, 6266, -71029, 5547, 13860, 41019
17002.7, 1738, 1149, -8728, 6266, -71029, 5547, 13860, 41011
17006.4, 1173, 1149, -8728, 6266, -71029, 5547, 13860, 41006
17010.7, 530, 1018, -8398, 6131, -71033, 5009, 12954, 41006
17014.4, 1292, 1018, -8398, 6131, -71033, 5009, 12954, 41049
17018.6, 3118, 1158, -8240, 6689, -71812, 5079, 12538, 41049
17022.3, 2047, 1158, -8240, 6689, -71812, 5079, 12538, 41094
17026.1, 244, 1158, -8240, 6689, -71812, 5079, 12538, 41053
17030.3, 564, 1127, -8096, 6198, -71921, 4033, 12040, 41053
17034.0, 998, 1127, -8096, 6198, -71921, 4033, 12040, 41077
17038.2, 1327, 957, -8392, 6376, -71011, 3263, 11873, 41077
17042.0, 1947, 957, -8392, 6376, -71011, 3263, 11873, 41057
17045.8, 1952, 957, -8392, 6376, -71011, 3263, 11873, 41085
17050.0, 1718, 683, -8729, 5219, -68426, 4620, 12289, 41085
17053.8, 1400, 683, -8729, 5219, -68426, 4620, 12289, 41073
17058.0, 1673, 891, -9164, 5219, -65144, 5543, 11222, 41073
17061.7, 1646, 891, -9164, 5219, -65144, 5543, 11222, 41093
17064.0, 1490, 891, -9164, 5219, -65144, 5543, 11222, 41093
17069.7, 1690, 933, -9149, 5534, -62681, 1417, 8745, 41102
17073.5, 1521, 933, -9149, 5534, -62681, 1417, 8745, 41102
17077.7, 1972, 972, -9083, 5157, -61911, -1526, 7844, 41102
17081.5, 2590, 972, -9083, 5157, -61911, -1526, 7844, 41099
17083.8, 2179, 972, -9083, 5157, -61911, -1526, 7844, 41099
17089.5, 1241, 1000, -8772, 5268, -61867, -1990, 8964, 41059
17093.3, 870, 1000, -8772, 5268, -61867, -1990, 8964, 41094
17099.0, 983, 1043, -8672, 5878, -62939, -1369, 10915, 41086
17101.2, 1334, 1043, -8672, 5878, -62939, -1369, 10915, 41086
17105.5, 2863, 787, -8651, 5490, -62777, 2078, 12416, 41086
17109.3, 1968, 787, -8651, 5490, -62777, 2078, 12416, 41090
17111.5, 979, 787, -8651, 5490, -62777, 2078, 12416, 41090
17115.8, 816, 557, -8777, 4514, -62034, 8942, 12871, 41090
17119.5, 1119, 557, -8777, 4514, -62034, 8942, 12871, 41096
17121.8, 1454, 557, -8777, 4514, -62034, 8942, 12871, 41096
17126.0, 1691, 543, -9091, 5474, -59102, 10504, 10924, 41096
17129.7, 1654, 543, -9091, 5474, -59102, 10504, 10924, 41096
17132.0, 1668, 543, -9091, 5474, -59102, 10504, 10924, 41096
17137.7, 1707, 455, -9352, 4419, -56823, 6308, 7109, 41050
17141.4, 1566, 455, -9352, 4419, -56823, 6308, 7109, 41117
17145.7, 1728, 568, -9371, 4357, -54513, 3416, 4353, 41117
17149.4, 1590, 568, -9371, 4357, -54513, 3416, 4353, 41108
17151.6, 1671, 568, -9371, 4357, -54513, 3416, 4353, 41108
17155.9, 1603, 796, -9135, 4673, -54106, 3801, 3911, 41108
17159.7, 1984, 796, -9135, 4673, -54106, 3801, 3911, 41116
17163.9, 1834, 1083, -8959, 4735, -54889, 4554, 4812, 41116
17167.6, 1181, 1083, -8959, 4735, -54889, 4554, 4812, 41103
17171.4, 1095, 1083, -8959, 4735, -54889, 4554, 4812, 41113
17175.6, 1468, 1058, -8863, 5151, -56399, 4138, 5770, 41113
17179.4, 2030, 1058, -8863, 5151, -56399, 4138, 5770, 41122
17183.6, 2589, 669, -8769, 4612, -58009, 5346, 6615, 41122
17187.3, 1328, 669, -8769, 4612, -58009, 5346, 6615, 41127
17191.1, 1139, 669, -8769, 4612, -58009, 5346, 6615, 41142
17195.3, 1317, 707, -8876, 4415, -59159, 10145, 6615, 41142
17199.0, 990, 707, -8876, 4415, -59159, 10145, 6615, 41117
17203.2, 1533, 761, -9148, 4912, -59177, 12464, 4357, 41117
17206.9, 1971, 761, -9148, 4912, -59177, 12464, 4357, 41120
17210.7, 1382, 761, -9148, 4912, -59177, 12464, 4357, 41128
17214.9, 1223, 790, -9399, 4054, -57899, 13553, 1364, 41128
17218.7, 1568, 790, -9399, 4054, -57899, 13553, 1364, 41134
17222.9, 1860, 820, -9476, 3764, -55261, 15137, -783, 41134
17226.6, 1765, 820, -9476, 3764, -55261, 15137, -783, 41003
17228.9, 1504, 820, -9476, 3764, -55261, 15137, -783, 41003
17234.6, 1623, 801, -9373, 3786, -52680, 15815, -468, 41001
17238.3, 1768, 801, -9373, 3786, -52680, 15815, -468, 41024
17244.0, 1644, 695, -9324, 4127, -51358, 14411, 2025, 40936
17247.7, 1656, 695, -9324, 4127, -51358, 14411, 2025, 41011
17253.5, 1437, 685, -9454, 4326, -51218, 11300, 3653, 41025
17255.7, 1377, 685, -9454, 4326, -51218, 11300, 3653, 41025
17258.0, 1612, 685, -9454, 4326, -51218, 11300, 3653, 41025
17263.7, 1795, 543, -9523, 3980, -51415, 8172, 3036, 40962
17265.9, 1609, 543, -9523, 3980, -51415, 8172, 3036, 40962
17268.2, 1394, 543, -9523, 3980, -51415, 8172, 3036, 40962
17273.9, 1326, 394, -9535, 3404, -51284, 8610, 1763, 40995
17276.2, 1534, 394, -9535, 3404, -51284, 8610, 1763, 40995
17280.5, 2378, 394, -9509, 3803, -50908, 9047, 144, 40995
17284.2, 2026, 394, -9509, 3803, -50908, 9047, 144, 40977
17286.5, 1024, 394, -9509, 3803, -50908, 9047, 144, 40977
17290.7, 580, 386, -9458, 3886, -51017, 6273, -966, 40977
17294.4, 747, 386, -9458, 3886, -51017, 6273, -966, 40982
17296.7, 922, 386, -9458, 3886, -51017, 6273, -966, 40982
17300.9, 1754, 248, -9491, 3677, -50794, 4751, -857, 40982
17304.6, 1687, 248, -9491, 3677, -50794, 4751, -857, 40980
17306.9, 1647, 248, -9491, 3677, -50794, 4751, -857, 40980
17312.6, 1926, 443, -9672, 3120, -50173, 6317, -520, 40985
17316.3, 1839, 443, -9672, 3120, -50173, 6317, -520, 40974
17320.6, 1608, 661, -9796, 3140, -50225, 5521, -1723, 40974
17324.4, 1403, 661, -9796, 3140, -50225, 5521, -1723, 40972
17328.6, 1497, 661, -9796, 3140, -50225, 5521, -2817, 40972
17332.3, 1735, 661, -9796, 3140, -50225, 5521, -2817, 40969
17336.1, 2131, 661, -9796, 3140, -50225, 5521, -2817, 40977
17340.3, 1800, 556, -9616, 3009, -51105, 2975, -2327, 40977
17344.1, 1395, 556, -9616, 3009, -51105, 2975, -2327, 40962
17348.3, 1334, 556, -9616, 3009, -51105, 2975, -835, 40962
17352.0, 1328, 556, -9616, 3009, -51105, 2975, -835, 40962
17355.7, 1263, 556, -9616, 3009, -51105, 2975, -835, 40938
17360.0, 1725, 297, -9865, 3031, -50383, 9410, -104, 40938
17363.7, 1843, 297, -9865, 3031, -50383, 9410, -104, 40960
17367.9, 1633, 297, -9865, 3031, -50383, 9410, -104, 40960
17371.7, 1496, 297, -9865, 3031, -50383, 9410, -104, 40947
17374.0, 1453, 297, -9865, 3031, -50383, 9410, -104, 40947
17379.7, 1589, 261, -10018, 2907, -49604, 11064, -2935, 40947
17383.5, 1655, 261, -10018, 2907, -49604, 11064, -2935, 40967
17387.7, 2219, 261, -10018, 2907, -49604, 11064, -3946, 40967
17391.4, 1663, 261, -10018, 2907, -49604, 11064, -3946, 40933
17393.7, 1168, 261, -10018, 2907, -49604, 11064, -3946, 40933
17399.5, 1124, 488, -9899, 2702, -49202, 6676, -3206, 40922
17403.2, 1512, 488, -9899, 2702, -49202, 6676, -3206, 40925
17408.9, 1659, 439, -9945, 2713, -48558, 4913, -1478, 40922
17412.6, 1697, 439, -9945, 2713, -48558, 4913, -1478, 40914
17418.3, 1883, 439, -9945, 2713, -48558, 4913, -1478, 40846
17422.0, 1711, 439, -9945, 2713, -48558, 4913, -1478, 40903
17427.8, 1531, 235, -10052, 2053, -46345, 3084, -524, 40890
17431.5, 1642, 235, -10052, 2053, -46345, 3084, -524, 40890
17435.8, 1421, 109, -10033, 1916, -42521, 3836, 122, 40890
17439.5, 1370, 109, -10033, 1916, -42521, 3836, 122, 40867
17441.8, 1219, 109, -10033, 1916, -42521, 3836, 122, 40867
17447.5, 1558, 267, -10168, 2297, -39988, 5656, -126, 40870
17451.2, 1723, 267, -10168, 2297, -39988, 5656, -126, 40858
17455.5, 1586, 409, -10259, 2261, -37498, 4138, -1058, 40858
17459.3, 1710, 409, -10259, 2261, -37498, 4138, -1058, 40886
17461.5, 1693, 409, -10259, 2261, -37498, 4138, -1058, 40886
17465.8, 1593, 489, -10186, 1637, -34654, 2931, -927, 40886
17469.6, 1427, 489, -10186, 1637, -34654, 2931, -927, 40881
17471.8, 1335, 489, -10186, 1637, -34654, 2931, -927, 40881
17477.6, 1854, 402, -10066, 1689, -31837, 5175, 498, 40845
17481.3, 1560, 402, -10066, 1689, -31837, 5175, 498, 40864
17485.6, 1494, 471, -9977, 2023, -30227, 6553, 1264, 40864
17489.3, 1596, 471, -9977, 2023, -30227, 6553, 1264, 40861
17491.6, 1399, 471, -9977, 2023, -30227, 6553, 1264, 40861
17495.8, 1621, 397, -10171, 2182, -28687, 5438, 1373, 40861
17499.6, 1585, 397, -10171, 2182, -28687, 5438, 1373, 40835
17503.8, 1613, 366, -10247, 1938, -27838, 5298, 1588, 40835
17507.5, 1654, 366, -10247, 1938, -27838, 5298, 1588, 40850
17511.3, 1550, 366, -10247, 1938, -27838, 5298, 1588, 40851
17515.6, 2094, 345, -10204, 2148, -26381, 8916, 2690, 40851
17519.3, 1830, 345, -10204, 2148, -26381, 8916, 2690, 40865
17523.5, 1263, 226, -10141, 2242, -25786, 11445, 2205, 40865
17527.2, 1063, 226, -10141, 2242, -25786, 11445, 2205, 40876
17530.9, 1281, 226, -10141, 2242, -25786, 11445, 2205, 40868
17535.2, 1462, 183, -9908, 2225, -25401, 8920, -139, 40868
17538.9, 1728, 183, -9908, 2225, -25401, 8920, -139, 40883
17543.1, 1849, 157, -9747, 2118, -25532, 5853, -1500, 40883
17546.9, 1703, 157, -9747, 2118, -25532, 5853, -1500, 40861
17550.6, 1614, 157, -9747, 2118, -25532, 5853, -1500, 40889
17554.9, 1611, 199, -9801, 1981, -25069, 5901, -874, 40889
17558.6, 1633, 199, -9801, 1981, -25069, 5901, -874, 40897
17562.8, 1686, 287, -9982, 1734, -24859, 5897, -621, 40897
17566.5, 1596, 287, -9982, 1734, -24859, 5897, -621, 40905
17568.8, 1500, 287, -9982, 1734, -24859, 5897, -621, 40905
17574.5, 1652, 421, -9956, 1603, -25143, 3683, -1750, 40925
17578.2, 1740, 421, -9956, 1603, -25143, 3683, -1750, 40923
17584.0, 1894, 591, -9905, 1512, -25270, 2310, -3010, 40910
17586.2, 1350, 591, -9905, 1512, -25270, 2310, -3010, 40910
17588.5, 1112, 591, -9905, 1512, -25270, 2310, -3010, 40910
17594.2, 1448, 686, -9819, 1418, -24933, 3018, -3482, 40924
17596.5, 1453, 686, -9819, 1418, -24933, 3018, -3482, 40924
17600.8, 1658, 636, -9929, 1562, -24167, 4917, -3416, 40924
17604.5, 1647, 636, -9929, 1562, -24167, 4917, -3416, 40928
17606.8, 1560, 636, -9929, 1562, -24167, 4917, -3416, 40928
17612.8, 1879, 454, -9976, 1396, -23165, 7695, -3399, 40939
17616.6, 1885, 454, -9976, 1396, -23165, 7695, -3399, 40934
17620.8, 1315, 445, -9974, 1191, -22610, 10101, -3819, 40934
17624.6, 1007, 445, -9974, 1191, -22610, 10101, -3819, 40937
17626.8, 1168, 445, -9974, 1191, -22610, 10101, -3819, 40937
17632.6, 1769, 471, -9944, 1524, -21975, 11462, -4099, 40900
17636.3, 1663, 471, -9944, 1524, -21975, 11462, -4099, 40946
17640.5, 1600, 445, -10048, 1256, -21332, 13081, -3955, 40946
17644.2, 1601, 445, -10048, 1256, -21332, 13081, -3955, 40943
17646.5, 1464, 445, -10048, 1256, -21332, 13081, -3955, 40943
17650.7, 1630, 330, -9968, 1038, -20768, 15282, -3823, 40943
17654.4, 1626, 330, -9968, 1038, -20768, 15282, -3823, 40946
17658.6, 1654, 305, -9903, 1341, -20252, 14463, -4011, 40946
17662.4, 1601, 305, -9903, 1341, -20252, 14463, -4011, 40958
17666.1, 1568, 305, -9903, 1341, -20252, 14463, -4011, 40942
17670.4, 1645, 235, -9929, 1430, -20029, 11156, -4007, 40942
17674.1, 1691, 235, -9929, 1430, -20029, 11156, -4007, 40918
17678.3, 1705, 115, -9875, 1265, -19779, 9331, -3311, 40918
17682.0, 1809, 115, -9875, 1265, -19779, 9331, -3311, 40905
17685.8, 1547, 115, -9875, 1265, -19779, 9331, -3311, 40905
17690.0, 1226, 147, -9931, 1123, -19517, 8124, -2821, 40905
17693.7, 1454, 147, -9931, 1123, -19517, 8124, -2821, 40871
17697.9, 1702, 188, -10001, 1366, -19097, 6055, -2817, 40871
17701.6, 1653, 188, -10001, 1366, -19097, 6055, -2817, 40849
17703.9, 1579, 188, -10001, 1366, -19097, 6055, -2817, 40849
17709.7, 1735, 280, -9996, 1306, -17806, 3692, -3136, 40816
17713.4, 1765, 280, -9996, 1306, -17806, 3692, -3136, 40813
17719.1, 1724, 334, -9875, 729, -16734, 3876, -2887, 40791
17722.8, 1468, 334, -9875, 729, -16734, 3876, -2887, 40738
17728.5, 1595, 371, -9930, 723, -16065, 7284, -1570, 40696
17732.3, 1527, 371, -9930, 723, -16065, 7284, -1570, 40689
17738.0, 1858, 316, -10125, 1214, -15457, 10303, -1063, 40610
17741.7, 1575, 316, -10125, 1214, -15457, 10303, -1063, 40627
17747.5, 1519, 186, -10275, 1207, -14800, 10543, -2165, 40605
17751.2, 1330, 186, -10275, 1207, -14800, 10543, -2165, 40557
17753.4, 1331, 186, -10275, 1207, -14800, 10543, -2165, 40557
17759.2, 1738, 18, -10343, 1041, -13610, 9795, -3040, 40482
17761.4, 1689, 18, -10343, 1041, -13610, 9795, -3040, 40482
17765.6, 1815, 40, -10133, 775, -12398, 8903, -2458, 40482
17769.3, 1475, 40, -10133, 775, -12398, 8903, -2458, 40505
17771.6, 1045, 40, -10133, 775, -12398, 8903, -2458, 40505
17775.9, 1466, 197, -9884, 620, -10823, 6759, -861, 40505
17779.6, 2016, 197, -9884, 620, -10823, 6759, -861, 40482
17781.9, 1644, 197, -9884, 620, -10823, 6759, -861, 40482
17787.6, 1736, 397, -9843, 759, -8680, 3530, 905, 40451
17791.3, 2447, 397, -9843, 759, -8680, 3530, 905, 40455
17795.6, 1438, 420, -10057, 729, -7017, 2485, 2126, 40455
17799.3, 673, 420, -10057, 729, -7017, 2485, 2126, 40416
17801.6, 650, 420, -10057, 729, -7017, 2485, 2126, 40416
17805.8, 1553, 326, -10215, 826, -5070, 4641, 2541, 40416
17809.5, 1699, 326, -10215, 826, -5070, 4641, 2541, 40356
17813.7, 1841, 178, -10285, 1024, -3355, 6785, 1798, 40356
17817.5, 2525, 178, -10285, 1024, -3355, 6785, 1798, 40363
17821.2, 1766, 178, -10285, 1024, -3355, 6785, 1798, 40336
17825.5, 1414, 104, -10126, 866, -1163, 7896, 988, 40336
17829.2, 1120, 104, -10126, 866, -1163, 7896, 988, 40315
17833.4, 1014, 300, -10159, 1133, 1019, 7783, 1133, 40315
17837.1, 1753, 300, -10159, 1133, 1019, 7783, 1133, 40015
17840.8, 2089, 300, -10159, 1133, 1019, 7783, 1133, 40029
17845.1, 2610, 399, -10324, 1158, 3959, 4401, 1084, 40029
17848.8, 1956, 399, -10324, 1158, 3959, 4401, 1084, 40037
17853.1, 2331, 553, -10096, 517, 7249, 3080, 1977, 40037
17856.8, 1709, 553, -10096, 517, 7249, 3080, 1977, 40083
17859.1, 1486, 553, -10096, 517, 7249, 3080, 1977, 40083
17864.9, 123, 613, -10151, 845, 13020, 6221, 4466, 40059
17868.6, 117, 613, -10151, 845, 13020, 6221, 4466, 40077
17872.8, 1866, 490, -10332, 1147, 18117, 8430, 5954, 40077
17876.6, 2523, 490, -10332, 1147, 18117, 8430, 5954, 40098
17878.9, 2451, 490, -10332, 1147, 18117, 8430, 5954, 40098
17884.6, 2478, 378, -10264, 428, 22658, 10578, 5394, 40142
17888.4, 2380, 378, -10264, 428, 22658, 10578, 5394, 40176
17894.1, 1070, 671, -10295, 552, 27269, 13265, 4768, 40201
17897.8, 182, 671, -10295, 552, 27269, 13265, 4768, 40219
17903.6, 1995, 971, -10679, 1426, 30979, 12311, 5171, 40248
17905.8, 2577, 971, -10679, 1426, 30979, 12311, 5171, 40248
17908.2, 2654, 971, -10679, 1426, 30979, 12311, 5171, 40248
17913.9, 2405, 800, -11011, 1240, 35604, 12565, 6413, 40270
17916.2, 655, 800, -11011, 1240, 35604, 12565, 6413, 40270
17920.4, 62, 800, -11011, 1240, 40010, 17780, 7551, 40270
17924.1, 798, 800, -11011, 1240, 40010, 17780, 7551, 40280
17926.4, 1133, 800, -11011, 1240, 40010, 17780, 7551, 40280
17930.6, 3043, 555, -10782, 927, 45386, 20532, 7459, 40280
17934.3, 2731, 555, -10782, 927, 45386, 20532, 7459, 40303
17936.6, 1660, 555, -10782, 927, 45386, 20532, 7459, 40303
17940.8, 887, 261, -10575, 1624, 50532, 20724, 5818, 40303
17944.5, 1681, 261, -10575, 1624, 50532, 20724, 5818, 40317
17946.8, 1891, 261, -10575, 1624, 50532, 20724, 5818, 40317
17951.0, 1723, -200, -10633, 1985, 54482, 19416, 3648, 40317
17954.7, 3188, -200, -10633, 1985, 54482, 19416, 3648, 40349
17957.0, 2539, -200, -10633, 1985, 54482, 19416, 3648, 40349
17962.7, 159, -169, -10759, 2544, 58674, 16157, 1518, 40381
17966.4, 19, -169, -10759, 2544, 58674, 16157, 1518, 40432
17970.7, 1083, 34, -10987, 2492, 63272, 9743, 4, 40432
17974.4, 2879, 34, -10987, 2492, 63272, 9743, 4, 40454
17978.6, 2777, 34, -10987, 2492, 63272, 9743, 4, 40454
17982.3, 1689, 34, -10987, 2492, 63272, 9743, 4, 40493
17986.0, 2479, 34, -10987, 2492, 63272, 9743, 4, 40509
17990.3, 2027, 276, -10552, 2955, 66982, 673, -2275, 40509
17994.0, 408, 276, -10552, 2955, 66982, 673, -2275, 40502
17998.2, 1083, 276, -10552, 2955, 66982, 673, -2275, 40502
18002.0, 1907, 276, -10552, 2955, 66982, 673, -2275, 40566
18005.8, 1470, 276, -10552, 2955, 66982, 673, -2275, 40611
18010.0, 143, 551, -10497, 3298, 70950, -3176, -5289, 40611
18013.8, 2474, 551, -10497, 3298, 70950, -3176, -5289, 40648
18018.0, 2830, 551, -10497, 3298, 70950, -3176, -5289, 40648
18021.7, 1508, 551, -10497, 3298, 70950, -3176, -5289, 40670
18024.0, 1821, 551, -10497, 3298, 70950, -3176, -5289, 40670
18029.8, 1307, 491, -10235, 2977, 79061, -3119, -5661, 40697
18033.5, 2063, 491, -10235, 2977, 79061, -3119, -5661, 40740
18037.7, 1145, 491, -10235, 2977, 79061, -3119, -5661, 40740
18041.5, 248, 491, -10235, 2977, 79061, -3119, -5661, 40744
18043.8, 63, 491, -10235, 2977, 79061, -3119, -5661, 40744
18049.5, 2585, 419, -10317, 3568, 84679, -6794, -6540, 40773
18053.2, 2497, 419, -10317, 3568, 84679, -6794, -6540, 40800
18059.0, 2091, 419, -10317, 3557, 86280, -7931, -6838, 40832
18062.7, 1303, 419, -10317, 3557, 86280, -7931, -6838, 40851
18068.4, 900, 331, -10219, 3557, 86280, -7931, -6838, 40836
18072.2, 2797, 331, -10219, 3557, 86280, -7931, -6838, 40901
18077.9, 2719, 203, -10165, 3834, 89050, -7787, -7245, 40903
18081.6, 624, 203, -10165, 3834, 89050, -7787, -7245, 40918
18085.9, 65, 186, -10109, 4139, 91653, -7975, -7975, 40918
18089.7, 2443, 186, -10109, 4139, 91653, -7975, -7975, 40934
18092.0, 3191, 186, -10109, 4139, 91653, -7975, -7975, 40934
18097.7, 1130, 133, -10230, 4895, 95087, -9310, -9257, 40964
18101.4, 71, 133, -10230, 4895, 95087, -9310, -9257, 40976
18105.7, 745, 74, -10259, 3850, 97476, -10001, -11068, 40976
18109.4, 1606, 74, -10259, 3850, 97476, -10001, -11068, 40995
18111.6, 2230, 74, -10259, 3850, 97476, -10001, -11068, 40995
18115.9, 3150, 281, -10195, 4514, 101317, -10075, -12258, 40995
18119.7, 2959, 281, -10195, 4514, 101317, -10075, -12258, 41008
18123.9, 767, 631, -9865, 4608, 103479, -14105, -12521, 41008
18127.6, 161, 631, -9865, 4608, 103479, -14105, -12521, 41019
18131.4, 538, 631, -9865, 4608, 103479, -14105, -12521, 41016
18135.6, 1210, 711, -9808, 5109, 106629, -17644, -11169, 41016
18139.4, 2755, 711, -9808, 5109, 106629, -17644, -11169, 41022
18143.6, 2067, 665, -9994, 5114, 109788, -16253, -7826, 41022
18147.3, 1826, 665, -9994, 5114, 109788, -16253, -7826, 41030
18151.1, 1450, 665, -9994, 5114, 109788, -16253, -7826, 41021
18155.3, 939, 430, -10177, 4533, 113572, -10517, -6081, 41021
18159.1, 1479, 430, -10177, 4533, 113572, -10517, -6081, 41022
18163.3, 2218, 172, -10113, 5727, 118665, -6352, -6658, 41022
18167.0, 1443, 172, -10113, 5727, 118665, -6352, -6658, 41015
18170.7, 2090, 172, -10113, 5727, 118665, -6352, -6658, 41016
18175.0, 1351, -2, -10059, 5463, 121526, -8076, -8841, 41016
18178.7, 1110, -2, -10059, 5463, 121526, -8076, -8841, 41026
18183.0, 1560, -43, -9867, 6023, 123858, -14035, -11401, 41026
18186.7, 347, -43, -9867, 6023, 123858, -14035, -11401, 40995
18189.0, 1866, -43, -9867, 6023, 123858, -14035, -11401, 40995
18194.7, 2308, 138, -9829, 5686, 125087, -18475, -12162, 40987
18198.5, 790, 138, -9829, 5686, 125087, -18475, -12162, 40981
18202.7, 2108, 352, -9628, 5944, 125809, -18830, -11537, 40981
18206.5, 1557, 352, -9628, 5944, 125809, -18830, -11537, 40969
18208.8, 852, 352, -9628, 5944, 125809, -18830, -11537, 40969
18214.5, 1622, 675, -9332, 5925, 126282, -18620, -11130, 40969
18218.2, 1317, 675, -9332, 5925, 126282, -18620, -11130, 40990
18224.0, 2356, 597, -9114, 6037, 127668, -18734, -10688, 40948
18226.2, 1866, 597, -9114, 6037, 127668, -18734, -10688, 40948
18228.5, 1409, 597, -9114, 6037, 127668, -18734, -10688, 40948
18234.2, 1615, 498, -9037, 6348, 130801, -18099, -10294, 40929
18236.5, 484, 498, -9037, 6348, 130801, -18099, -10294, 40929
18240.8, 2343, 455, -8990, 6214, 132030, -16183, -11090, 40929
18244.5, 1973, 455, -8990, 6214, 132030, -16183, -11090, 40930
18246.8, 1195, 455, -8990, 6214, 132030, -16183, -11090, 40930
18251.0, 1439, 368, -8646, 6817, 133325, -15032, -11930, 40930
18254.7, 1991, 368, -8646, 6817, 133325, -15032, -11930, 40929
18257.0, 1792, 368, -8646, 6817, 133325, -15032, -11930, 40929
18262.7, 2220, 512, -8481, 7122, 135644, -16157, -11983, 40922
18266.4, 1028, 512, -8481, 7122, 135644, -16157, -11983, 40866
18270.6, 390, 564, -8233, 6766, 135902, -17832, -11458, 40866
18274.4, 1980, 564, -8233, 6766, 135902, -17832, -11458, 40929
18276.6, 2372, 564, -8233, 6766, 135902, -17832, -11458, 40929
18280.9, 2563, 791, -8137, 7188, 136926, -17981, -10605, 40929
18284.7, 462, 791, -8137, 7188, 136926, -17981, -10605, 40941
18288.9, 1687, 917, -8240, 6647, 136773, -17412, -11051, 40941
18292.6, 2250, 917, -8240, 6647, 136773, -17412, -11051, 40948
18296.4, 1532, 917, -8240, 6647, 136773, -17412, -11051, 40979
18300.6, 2614, 921, -8014, 7110, 137442, -17312, -12346, 40979
18304.4, 1264, 921, -8014, 7110, 137442, -17312, -12346, 40950
18308.6, 179, 770, -7688, 7304, 137928, -16725, -12770, 40950
18312.3, 1649, 770, -7688, 7304, 137928, -16725, -12770, 40942
18316.0, 2547, 770, -7688, 7304, 137928, -16725, -12770, 40924
18320.3, 1546, 948, -7359, 7368, 137871, -16336, -12608, 40924
18324.0, 1237, 948, -7359, 7368, 137871, -16336, -12608, 40920
18328.2, 1300, 1094, -7178, 7725, 138059, -16935, -12976, 40920
18332.0, 1981, 1094, -7178, 7725, 138059, -16935, -12976, 40912
18335.7, 2446, 1094, -7178, 7725, 138059, -16935, -12976, 40918
18340.0, 2093, 1112, -6948, 7567, 138344, -15907, -13203, 40918
18343.7, 343, 1112, -6948, 7567, 138344, -15907, -13203, 40895
18347.9, 1069, 1063, -6792, 7806, 138138, -12665, -13335, 40895
18351.6, 2048, 1063, -6792, 7806, 138138, -12665, -13335, 40935
18353.9, 2267, 1063, -6792, 7806, 138138, -12665, -13335, 40935
18359.6, 1342, 1019, -6716, 7981, 138182, -11992, -13571, 40934
18363.3, 2942, 1019, -6716, 7981, 138182, -11992, -13571, 40940
18369.0, 1035, 1054, -6616, 7945, 137819, -13357, -14595, 40945
18372.8, 2417, 1054, -6616, 7945, 137819, -13357, -14595, 40940
18378.5, 183, 1086, -6422, 8024, 138177, -14271, -15601, 40944
18382.2, 501, 1086, -6422, 8024, 138177, -14271, -15601, 40956
18388.0, 2323, 1277, -6327, 8096, 138322, -13978, -16782, 40967
18391.7, 1839, 1277, -6327, 8096, 138322, -13978, -16782, 40980
18395.9, 2478, 1228, -5995, 7972, 138217, -12902, -17040, 40980
18399.6, 1664, 1228, -5995, 7972, 138217, -12902, -17040, 40982
18401.9, 1322, 1228, -5995, 7972, 138217, -12902, -17040, 40982
18407.6, 2291, 1166, -5688, 8123, 138234, -9651, -15715, 40992
18411.3, 204, 1166, -5688, 8123, 138234, -9651, -15715, 40953
18415.6, 2711, 1006, -5462, 8595, 138344, -7866, -14192, 40953
18419.3, 492, 1006, -5462, 8595, 138344, -7866, -14192, 41002
18421.6, 221, 1006, -5462, 8595, 138344, -7866, -14192, 41002
18425.8, 1346, 959, -5287, 8667, 138361, -8658, -14087, 41002
18429.6, 1868, 959, -5287, 8667, 138361, -8658, -14087, 41014
18431.8, 2192, 959, -5287, 8667, 138361, -8658, -14087, 41014
18437.6, 1352, 1041, -5296, 8837, 138484, -12543, -16314, 41013
18441.3, 2366, 1041, -5296, 8837, 138484, -12543, -16314, 41013
18445.6, 1447, 1223, -5203, 8539, 138370, -16393, -19184, 41013
18449.4, 1063, 1223, -5203, 8539, 138370, -16393, -19184, 41016
18451.6, 2319, 1223, -5203, 8539, 138370, -16393, -19184, 41016
18455.9, 650, 1382, -4836, 8288, 138466, -15662, -20680, 41016
18459.6, 2523, 1382, -4836, 8288, 138466, -15662, -20680, 40978
18463.8, 1089, 1655, -4408, 9129, 139879, -13147, -20142, 40978
18467.6, 355, 1655, -4408, 9129, 139879, -13147, -20142, 40986
18471.3, 1940, 1655, -4408, 9129, 139879, -13147, -20142, 40994
18475.6, 2360, 1700, -4122, 8484, 139297, -13882, -18467, 40994
18479.3, 1422, 1700, -4122, 8484, 139297, -13882, -18467, 40988
18483.5, 2184, 1484, -3749, 9041, 138269, -13116, -16218, 40988
18487.2, 1126, 1484, -3749, 9041, 138269, -13116, -16218, 40993
18491.0, 1205, 1484, -3749, 9041, 138269, -13116, -16218, 41021
18495.3, 1500, 1320, -3615, 9318, 137967, -11480, -14367, 41021
18499.0, 1865, 1320, -3615, 9318, 137967, -11480, -14367, 41010
18503.3, 1872, 1412, -3480, 8664, 138260, -10185, -15041, 41010
18507.0, 2098, 1412, -3480, 8664, 138260, -10185, -15041, 41010
18510.7, 828, 1412, -3480, 8664, 138260, -10185, -15041, 40981
18515.0, 1820, 1632, -3384, 9111, 139267, -12591, -17907, 40981
18518.7, 1941, 1632, -3384, 9111, 139267, -12591, -17907, 41048
18522.9, 1608, 1767, -3072, 8956, 139923, -15347, -19915, 41048
18526.7, 948, 1767, -3072, 8956, 139923, -15347, -19915, 41037
18529.0, 1469, 1767, -3072, 8956, 139923, -15347, -19915, 41037
18534.7, 1758, 1849, -2770, 9234, 139503, -18191, -19438, 41038
18538.5, 1266, 1849, -2770, 9234, 139503, -18191, -19438, 41003
18542.7, 1982, 1709, -2327, 9615, 138352, -18887, -16480, 41003
18546.4, 2034, 1709, -2327, 9615, 138352, -18887, -16480, 41048
18548.7, 463, 1709, -2327, 9615, 138352, -18887, -16480, 41048
18554.5, 3142, 1674, -2091, 9227, 136082, -15540, -13453, 41059
18556.7, 2832, 1674, -2091, 9227, 136082, -15540, -13453, 41059
18561.0, 547, 1674, -2091, 9227, 136082, -11217, -14713, 41059
18564.7, 1406, 1674, -2091, 9227, 136082, -11217, -14713, 41050
18567.0, 1467, 1674, -2091, 9227, 136082, -11217, -14713, 41050
18572.7, 1483, 1616, -2012, 9338, 135250, -8719, -19337, 41103
18576.4, 1128, 1616, -2012, 9338, 135250, -8719, -19337, 41064
18580.7, 1476, 1698, -1817, 8903, 135250, -10714, -24832, 41064
18584.4, 2343, 1698, -1817, 8903, 135250, -10714, -24832, 41084
18586.7, 898, 1698, -1817, 8903, 135250, -10714, -24832, 41084
18590.9, 2552, 1762, -1590, 8953, 136051, -14735, -26941, 41084
18594.6, 2271, 1762, -1590, 8953, 136051, -14735, -26941, 41108
18596.9, 1427, 1762, -1590, 8953, 136051, -14735, -26941, 41108
18602.6, 1511, 1886, -1348, 9473, 135386, -18436, -24859, 41105
18606.3, 1871, 1886, -1348, 9473, 135386, -18436, -24859, 41141
18610.6, 1272, 2073, -971, 9473, 134629, -19088, -20256, 41141
18614.3, 602, 2073, -971, 9473, 134629, -19088, -20256, 41163
18616.6, 873, 2073, -971, 9473, 134629, -19088, -20256, 41163
18620.8, 3050, 2058, -770, 8825, 134450, -14792, -16419, 41163
18624.6, 1038, 2058, -770, 8825, 134450, -14792, -16419, 41182
18628.9, 1217, 1826, -525, 8825, 134450, -14792, -16419, 41182
18632.6, 1165, 1826, -525, 8825, 134450, -14792, -16419, 41206
18636.3, 1576, 1826, -525, 8825, 134450, -14792, -16419, 41209
18640.6, 1859, 1689, -496, 9382, 132236, -12805, -20593, 41209
18644.3, 1586, 1689, -496, 9382, 132236, -12805, -20593, 41187
18648.6, 2518, 1758, -399, 9382, 132236, -12805, -20593, 41187
18652.3, 1178, 1758, -399, 9382, 132236, -12805, -20593, 41219
18656.1, 1220, 1758, -399, 9382, 132236, -12805, -20593, 41204
18660.3, 1935, 1879, -183, 9118, 130644, -16774, -27969, 41204
18664.1, 1467, 1879, -183, 9118, 130644, -16774, -27969, 41215
18668.3, 1947, 1960, 231, 9118, 130644, -16774, -27969, 41215
18672.0, 1720, 1960, 231, 9118, 130644, -16774, -27969, 41209
18675.8, 816, 1960, 231, 9118, 130644, -16774, -27969, 41192
18680.0, 2140, 2099, 687, 9503, 129909, -13934, -21219, 41192
18683.7, 205, 2099, 687, 9503, 129909, -13934, -21219, 41257
18687.9, 1535, 1820, 981, 9503, 129909, -13934, -21219, 41257
18691.7, 2822, 1820, 981, 9503, 129909, -13934, -21219, 41255
18694.0, 2013, 1820, 981, 9503, 129909, -13934, -21219, 41255
18699.7, 1358, 1634, 954, 8813, 129270, -12622, -21577, 41257
18703.5, 1571, 1634, 954, 8813, 129270, -12622, -21577, 41270
18707.7, 2028, 1710, 944, 8813, 129270, -12622, -21577, 41270
18711.4, 1790, 1710, 944, 8813, 129270, -12622, -21577, 41289
18713.7, 2196, 1710, 944, 8813, 129270, -12622, -21577, 41289
18719.5, 2487, 1950, 1089, 8936, 128123, -17924, -27164, 41244
18721.7, 972, 1950, 1089, 8936, 128123, -17924, -27164, 41244
18725.9, 108, 2333, 1414, 8608, 127660, -23533, -30979, 41244
18729.6, 2331, 2333, 1414, 8608, 127660, -23533, -30979, 41333
18731.9, 3075, 2333, 1414, 8608, 127660, -23533, -30979, 41333
18737.6, 1687, 2678, 1734, 8445, 126903, -23498, -29925, 41314
18741.3, 1301, 2678, 1734, 8445, 126903, -23498, -29925, 41322
18745.5, 809, 2978, 1920, 9187, 126653, -19565, -24981, 41322
18749.3, 959, 2978, 1920, 9187, 126653, -19565, -24981, 41324
18751.5, 1944, 2978, 1920, 9187, 126653, -19565, -24981, 41324
18755.8, 2069, 2453, 2259, 7843, 125013, -13098, -17898, 41324
18759.6, 662, 2453, 2259, 7843, 125013, -13098, -17898, 41346
18761.9, 1050, 2453, 2259, 7843, 125013, -13098, -17898, 41346
18767.6, 2029, 1889, 2472, 8838, 123595, -5368, -10902, 41344
18771.3, 112, 1889, 2472, 8838, 123595, -5368, -10902, 41359
18775.6, 1849, 1610, 2307, 8517, 121342, -4042, -9800, 41359
18779.4, 2921, 1610, 2307, 8517, 121342, -4042, -9800, 41390
18783.6, 1802, 1441, 2404, 8185, 118625, -7153, -15929, 41390
18787.3, 1751, 1441, 2404, 8185, 118625, -7153, -15929, 41377
18791.1, 1309, 1441, 2404, 8185, 118625, -7153, -15929, 41404
18795.4, 700, 1555, 2683, 8283, 116805, -11808, -24181, 41404
18799.1, 2608, 1555, 2683, 8283, 116805, -11808, -24181, 41414
18803.3, 1516, 2002, 3029, 8992, 114150, -16367, -28748, 41414
18807.0, 1434, 2002, 3029, 8992, 114150, -16367, -28748, 41455
18810.7, 1959, 2002, 3029, 8992, 114150, -16367, -28748, 41084
18815.0, 769, 2437, 3287, 8541, 112946, -20322, -27720, 41084
18818.7, 2709, 2437, 3287, 8541, 112946, -20322, -27720, 41478
18822.9, 739, 2339, 3336, 7353, 113419, -20252, -22242, 41478
18826.7, 354, 2339, 3336, 7353, 113419, -20252, -22242, 41478
18829.0, 881, 2339, 3336, 7353, 113419, -20252, -22242, 41478
18834.7, 2841, 1906, 3114, 7867, 112089, -16870, -16030, 41519
18838.4, 2350, 1906, 3114, 7867, 112089, -16870, -16030, 41506
18844.1, 381, 1621, 3122, 7480, 109241, -13116, -15426, 41500
18847.8, 724, 1621, 3122, 7480, 109241, -13116, -15426, 41520
18853.5, 2279, 1606, 3561, 7868, 106441, -10215, -20580, 41522
18857.3, 2154, 1606, 3561, 7868, 106441, -10215, -20580, 41515
18863.0, 390, 1863, 4085, 7175, 104017, -9388, -25769, 41547
18866.7, 911, 1863, 4085, 7175, 104017, -9388, -25769, 41559
18872.5, 2397, 2217, 4520, 7728, 103763, -10911, -27571, 41575
18876.2, 1394, 2217, 4520, 7728, 103763, -10911, -27571, 41600
18878.5, 1073, 2217, 4520, 7728, 103763, -10911, -27571, 41600
18884.2, 480, 2487, 4490, 7343, 101807, -12398, -25331, 41624
18886.5, 391, 2487, 4490, 7343, 101807, -12398, -25331, 41624
18890.7, 2682, 2596, 4400, 7309, 100744, -10605, -20785, 41624
18894.5, 1294, 2596, 4400, 7309, 100744, -10605, -20785, 41644
18896.8, 645, 2596, 4400, 7309, 100744, -10605, -20785, 41644
18902.5, 2076, 2553, 4259, 7494, 101138, -7083, -15855, 41647
18906.3, 1278, 2553, 4259, 7494, 101138, -7083, -15855, 41664
18910.5, 665, 2130, 4219, 6690, 100263, -5403, -13055, 41664
18914.2, 895, 2130, 4219, 6690, 100263, -5403, -13055, 41671
18916.5, 1955, 2130, 4219, 6690, 100263, -5403, -13055, 41671
18920.7, 2276, 1600, 4610, 7721, 97428, -4930, -11812, 41671
18924.5, 1721, 1600, 4610, 7721, 97428, -4930, -11812, 41703
18926.7, 426, 1600, 4610, 7721, 97428, -4930, -11812, 41703
18932.5, 2966, 1524, 5012, 7064, 93871, -5289, -12009, 41693
18936.2, 2415, 1524, 5012, 7064, 93871, -5289, -12009, 41696
18940.4, 745, 1503, 5385, 6787, 93267, -5897, -13768, 41696
18944.1, 870, 1503, 5385, 6787, 93267, -5897, -13768, 41717
18946.4, 1948, 1503, 5385, 6787, 93267, -5897, -13768, 41717
18950.6, 1398, 1740, 5399, 6311, 92016, -4690, -15999, 41717
18954.3, 1116, 1740, 5399, 6311, 92016, -4690, -15999, 41734
18958.5, 2866, 2260, 5342, 6674, 90113, -6208, -18576, 41734
18962.3, 1615, 2260, 5342, 6674, 90113, -6208, -18576, 41715
18966.4, 839, 2260, 5342, 6674, 90113, -6208, -18576, 41728
18970.6, 1866, 2329, 5591, 6793, 89754, -11095, -18944, 41728
18974.4, 1291, 2329, 5591, 6793, 89754, -11095, -18944, 41739
18978.6, 1224, 2316, 5668, 6518, 88389, -12447, -15120, 41739
18982.3, 1946, 2316, 5668, 6518, 88389, -12447, -15120, 41750
18986.1, 1978, 2316, 5668, 6518, 88389, -12447, -15120, 41798
18990.3, 1250, 2169, 5773, 6083, 86031, -9651, -9883, 41798
18994.1, 322, 2169, 5773, 6083, 86031, -9651, -9883, 41746
18998.3, 2276, 2143, 5739, 5992, 83940, -3806, -7227, 41746
19002.0, 2802, 2143, 5739, 5992, 83940, -3806, -7227, 41795
19005.7, 2090, 2143, 5739, 5992, 83940, -3806, -7227, 41807
19010.0, 882, 2208, 5993, 6231, 81284, -1251, -8413, 41807
19013.7, 1161, 2208, 5993, 6231, 81284, -1251, -8413, 41798
19017.9, 2277, 2031, 6329, 5874, 77928, -980, -10889, 41798
19021.7, 757, 2031, 6329, 5874, 77928, -980, -10889, 41932
19024.0, 771, 2031, 6329, 5874, 77928, -980, -10889, 41932
19029.8, 2088, 1865, 6555, 5851, 75719, 1885, -12980, 41922
19033.5, 1162, 1865, 6555, 5851, 75719, 1885, -12980, 41914
19037.8, 460, 1795, 6676, 6505, 74704, 4602, -13352, 41914
19041.5, 1733, 1795, 6676, 6505, 74704, 4602, -13352, 41877
19045.7, 2306, 1855, 6603, 5921, 72849, 2205, -13663, 41877
19049.4, 928, 1855, 6603, 5921, 72849, 2205, -13663, 41887
19051.7, 1230, 1855, 6603, 5921, 72849, 2205, -13663, 41887
19055.9, 2033, 1529, 6671, 5573, 69944, -866, -13750, 41887
19059.6, 1701, 1529, 6671, 5573, 69944, -866, -13750, 41857
19061.9, 1842, 1529, 6671, 5573, 69944, -866, -13750, 41857
19067.6, 772, 1395, 6750, 6163, 67634, -358, -13107, 41849
19071.3, 2418, 1395, 6750, 6163, 67634, -358, -13107, 41832
19075.6, 1415, 1671, 6679, 6010, 66562, 433, -14463, 41832
19079.3, 1578, 1671, 6679, 6010, 66562, 433, -14463, 41828
19081.6, 576, 1671, 6679, 6010, 66562, 433, -14463, 41828
19085.8, 2369, 1991, 6882, 5184, 64711, 411, -17574, 41828
19089.6, 2394, 1991, 6882, 5184, 64711, 411, -17574, 41827
19091.9, 1372, 1991, 6882, 5184, 64711, 411, -17574, 41827
19097.6, 1181, 1968, 7208, 5422, 62773, -853, -18913, 41830
19101.3, 2278, 1968, 7208, 5422, 62773, -853, -18913, 41804
19105.6, 1896, 1987, 7490, 4787, 60905, 1487, -17824, 41804
19109.3, 1117, 1987, 7490, 4787, 60905, 1487, -17824, 41779
19113.5, 1767, 1987, 7490, 4787, 59514, 3136, -17233, 41779
19117.2, 1293, 1987, 7490, 4787, 59514, 3136, -17233, 41763
19121.0, 1420, 1987, 7490, 4787, 59514, 3136, -17233, 41744
19125.3, 1416, 2297, 7378, 5442, 58223, 157, -17684, 41744
19129.0, 1854, 2297, 7378, 5442, 58223, 157, -17684, 41719
19133.3, 1890, 2297, 7378, 5442, 54036, 1080, -16266, 41719
19137.0, 1788, 2297, 7378, 5442, 54036, 1080, -16266, 41713
19140.8, 1396, 2297, 7378, 5442, 54036, 1080, -16266, 41655
19145.0, 1846, 2021, 7628, 5551, 51630, 5131, -12210, 41655
19148.7, 1144, 2021, 7628, 5551, 51630, 5131, -12210, 41610
19152.9, 1492, 2021, 7628, 5551, 50457, 7280, -7883, 41610
19156.6, 1460, 2021, 7628, 5551, 50457, 7280, -7883, 41570
19158.9, 1559, 2021, 7628, 5551, 50457, 7280, -7883, 41570
19164.6, 1718, 2182, 7682, 5247, 50602, 7634, -5188, 41527
19168.4, 1150, 2182, 7682, 5247, 50602, 7634, -5188, 41492
19174.1, 1682, 1917, 7342, 4722, 48038, 8570, -3469, 41911
19177.8, 1612, 1917, 7342, 4722, 48038, 8570, -3469, 41433
19183.5, 2135, 1519, 7493, 4931, 44328, 3806, -4519, 41392
19187.3, 893, 1519, 7493, 4931, 44328, 3806, -4519, 41384
19193.0, 1878, 1519, 7493, 4931, 44328, 3806, -4519, 41379
19196.7, 2115, 1519, 7493, 4931, 44328, 3806, -4519, 41341
19202.5, 1607, 1398, 7688, 5078, 40386, -2786, -5652, 41298
19206.2, 804, 1398, 7688, 5078, 40386, -2786, -5652, 41260
19208.5, 1661, 1398, 7688, 5078, 40386, -2786, -5652, 41260
19214.2, 1440, 1567, 8114, 4767, 36991, -5591, -3145, 41241
19216.5, 1159, 1567, 8114, 4767, 36991, -5591, -3145, 41241
19220.7, 1227, 1567, 8114, 4767, 36991, -5591, -3145, 41241
19224.5, 1335, 1567, 8114, 4767, 36991, -5591, -3145, 41215
19226.8, 1993, 1567, 8114, 4767, 36991, -5591, -3145, 41215
19232.5, 1330, 1289, 8178, 4891, 35613, -3224, -3578, 41212
19236.3, 1042, 1289, 8178, 4891, 35613, -3224, -3578, 41172
19240.5, 1858, 1379, 7699, 4948, 34773, -1102, -3578, 41172
19244.3, 1977, 1379, 7699, 4948, 34773, -1102, -3578, 41125
19246.6, 1459, 1379, 7699, 4948, 34773, -1102, -3578, 41125
19250.8, 681, 1478, 7709, 5324, 34956, -888, -8312, 41125
19254.6, 1561, 1478, 7709, 5324, 34956, -888, -8312, 41087
19258.8, 1516, 1614, 7657, 4721, 33451, -6431, -8312, 41087
19262.5, 2175, 1614, 7657, 4721, 33451, -6431, -8312, 41032
19266.3, 2366, 1614, 7657, 4721, 33451, -6431, -8312, 40982
19270.5, 529, 1758, 7984, 4622, 31364, -12814, -3320, 40982
19274.3, 2215, 1758, 7984, 4622, 31364, -12814, -3320, 40948
19278.5, 1518, 1960, 7972, 4426, 29627, -14980, -3320, 40948
19282.2, 1019, 1960, 7972, 4426, 29627, -14980, -3320, 41832
19286.0, 1457, 1960, 7972, 4426, 29627, -14980, -3320, 40813
19290.3, 2356, 2032, 8165, 3914, 29286, -10683, 2778, 40813
19294.0, 1373, 2032, 8165, 3914, 29286, -10683, 2778, 40698
19298.3, 961, 1888, 8411, 4307, 28363, -5823, 2778, 40698
19302.0, 2563, 1888, 8411, 4307, 28363, -5823, 2778, 40663
19305.7, 735, 1888, 8411, 4307, 28363, -5823, 2778, 40600
19310.0, 1807, 1591, 8395, 4258, 25834, -3071, -699, 40600
19313.7, 1142, 1591, 8395, 4258, 25834, -3071, -699, 40547
19317.9, 2630, 1316, 8515, 4689, 24793, -1181, -699, 40547
19321.7, 1288, 1316, 8515, 4689, 24793, -1181, -699, 41763
19324.0, 584, 1316, 8515, 4689, 24793, -1181, -699, 41763
19329.8, 1461, 1484, 8526, 4141, 22925, -26, -1588, 40413
19333.5, 1900, 1484, 8526, 4141, 22925, -26, -1588, 40330
19337.7, 2342, 1744, 8361, 4355, 21722, -3255, -1588, 40330
19341.5, 1213, 1744, 8361, 4355, 21722, -3255, -1588, 40335
19343.8, 1195, 1744, 8361, 4355, 21722, -3255, -1588, 40335
19349.5, 1678, 1810, 8462, 4110, 19110, 2200, 1951, 40277
19353.3, 1529, 1810, 8462, 4110, 19110, 2200, 1951, 40211
19359.0, 1850, 1713, 8580, 3786, 18699, 2200, 1951, 40098
19361.3, 1395, 1713, 8580, 3786, 18699, 2200, 1951, 40098
19363.5, 1023, 1713, 8580, 3786, 18699, 2200, 1951, 40098
19369.3, 1851, 1680, 8515, 3821, 16861, 6650, 673, 40032
19371.5, 1457, 1680, 8515, 3821, 16861, 6650, 673, 40032
19375.8, 1356, 1758, 8757, 4362, 14223, 6326, -1146, 40032
19379.5, 1510, 1758, 8757, 4362, 14223, 6326, -1146, 39975
19381.8, 1345, 1758, 8757, 4362, 14223, 6326, -1146, 39975
19387.5, 1524, 2026, 8804, 3959, 11488, 3010, -1159, 39924
19391.2, 2396, 2026, 8804, 3959, 11488, 3010, -1159, 39921
19395.5, 1582, 2146, 8738, 3545, 6916, 3246, -398, 39921
19399.2, 1972, 2146, 8738, 3545, 6916, 3246, -398, 39827
19401.5, 1421, 2146, 8738, 3545, 6916, 3246, -398, 39827
19405.7, 1145, 2082, 8734, 4380, 4235, 3114, 796, 39827
19409.4, 1887, 2082, 8734, 4380, 4235, 3114, 796, 39745
19411.7, 1546, 2082, 8734, 4380, 4235, 3114, 796, 39745
19415.9, 1259, 2155, 8603, 4033, 1785, 5267, 1741, 39745
19419.6, 1524, 2155, 8603, 4033, 1785, 5267, 1741, 39681
19423.9, 2480, 2081, 8508, 4438, -275, 5836, 1697, 39681
19427.6, 929, 2081, 8508, 4438, -275, 5836, 1697, 39588
19431.4, 1467, 2081, 8508, 4438, -275, 5836, 1697, 39549
19435.6, 2037, 1933, 8551, 4339, -3845, 5267, 966, 39549
19439.4, 2029, 1933, 8551, 4339, -3845, 5267, 966, 39484
19443.6, 1223, 1771, 8743, 4186, -5219, 3696, 424, 39484
19447.4, 1284, 1771, 8743, 4186, -5219, 3696, 424, 39399
19451.1, 1784, 1771, 8743, 4186, -5219, 3696, 424, 39334
19455.4, 1698, 1920, 8631, 3975, -7433, 2581, -52, 39334
19459.1, 1597, 1920, 8631, 3975, -7433, 2581, -52, 39266
19463.4, 1946, 1915, 8701, 4274, -9563, 332, -1404, 39266
19467.1, 1694, 1915, 8701, 4274, -9563, 332, -1404, 39216
19470.9, 1708, 1915, 8701, 4274, -9563, 332, -1404, 39148
19475.1, 2025, 1864, 8720, 4012, -13523, -271, -2905, 39148
19478.8, 1087, 1864, 8720, 4012, -13523, -271, -2905, 39075
19483.1, 1676, 1744, 8703, 4179, -16397, -227, -3552, 39075
19486.8, 1425, 1744, 8703, 4179, -16397, -227, -3552, 39000
19490.6, 1687, 1744, 8703, 4179, -16397, -227, -3552, 38908
19494.8, 1505, 2009, 8444, 4554, -19154, 393, -3640, 38908
19498.5, 1882, 2009, 8444, 4554, -19154, 393, -3640, 38864
19502.8, 1732, 2165, 8267, 4086, -23152, 490, -3885, 38864
19506.5, 1670, 2165, 8267, 4086, -23152, 490, -3885, 38740
19508.8, 1351, 2165, 8267, 4086, -23152, 490, -3885, 38740
19514.6, 1695, 2219, 8416, 4011, -26823, -393, -3381, 38620
19518.3, 1340, 2219, 8416, 4011, -26823, -393, -3381, 38562
19524.0, 1830, 2163, 8452, 4201, -30389, 161, -1863, 38498
19526.3, 1377, 2163, 8452, 4201, -30389, 161, -1863, 38498
19528.5, 1278, 2163, 8452, 4201, -30389, 161, -1863, 38498
19534.3, 1634, 2185, 8516, 4189, -33189, 1260, 301, 38435
19536.5, 1519, 2185, 8516, 4189, -33189, 1260, 301, 38435
19540.7, 1447, 2314, 8215, 4049, -34156, 3237, 2113, 38435
19544.4, 1345, 2314, 8215, 4049, -34156, 3237, 2113, 38404
19546.7, 1096, 2314, 8215, 4049, -34156, 3237, 2113, 38404
19550.9, 1971, 2026, 8065, 3932, -35324, 6317, 1819, 38404
19554.6, 1519, 2026, 8065, 3932, -35324, 6317, 1819, 38320
19556.9, 1115, 2026, 8065, 3932, -35324, 6317, 1819, 38320
19562.6, 1634, 1695, 8064, 4183, -38141, 8225, 188, 38290
19566.3, 1442, 1695, 8064, 4183, -38141, 8225, 188, 38210
19570.6, 1686, 1470, 8358, 4331, -41296, 7638, -275, 38210
19574.3, 1736, 1470, 8358, 4331, -41296, 7638, -275, 38193
19576.6, 1472, 1470, 8358, 4331, -41296, 7638, -275, 38193
19580.9, 1654, 1470, 8369, 4252, -45793, 6903, 1434, 38193
19584.6, 1147, 1470, 8369, 4252, -45793, 6903, 1434, 38151
19588.8, 1622, 1602, 8303, 4730, -48681, 3819, 4147, 38151
19592.6, 1826, 1602, 8303, 4730, -48681, 3819, 4147, 40148
19596.3, 1737, 1602, 8303, 4730, -48681, 3819, 4147, 40235
19600.6, 1932, 1722, 8073, 4682, -51958, -1583, 6418, 40235
19604.3, 1207, 1722, 8073, 4682, -51958, -1583, 6418, 40310
19608.5, 1155, 1737, 7768, 4231, -53721, -4475, 7901, 40310
19612.2, 1925, 1737, 7768, 4231, -53721, -4475, 7901, 40400
19616.0, 2109, 1737, 7768, 4231, -53721, -4475, 7901, 40489
19620.3, 1298, 1616, 7646, 4383, -56819, -4449, 8382, 40489
19624.0, 2023, 1616, 7646, 4383, -56819, -4449, 8382, 40557
19628.3, 1285, 1380, 7414, 5014, -60231, -5394, 7245, 40557
19632.0, 1549, 1380, 7414, 5014, -60231, -5394, 7245, 40613
19635.8, 1677, 1380, 7414, 5014, -60231, -5394, 7245, 40699
19640.0, 1170, 1365, 7415, 4771, -62554, -4208, 5031, 40699
19643.7, 1276, 1365, 7415, 4771, -62554, -4208, 5031, 40801
19647.9, 1706, 1340, 7560, 4563, -64965, -3342, 3478, 40801
19651.7, 1578, 1340, 7560, 4563, -64965, -3342, 3478, 40919
19654.0, 1285, 1340, 7560, 4563, -64965, -3342, 3478, 40919
19659.7, 1944, 1612, 7484, 5204, -70421, -3644, 3508, 40955
19663.5, 1578, 1612, 7484, 5204, -70421, -3644, 3508, 41026
19667.7, 1611, 1960, 7409, 5130, -75566, -6916, 4843, 41026
19671.4, 1463, 1960, 7409, 5130, -75566, -6916, 4843, 41100
19673.7, 1778, 1960, 7409, 5130, -75566, -6916, 4843, 41100
19679.4, 1880, 2092, 7232, 5257, -78554, -8828, 6326, 41173
19681.7, 1491, 2092, 7232, 5257, -78554, -8828, 6326, 41173
19685.9, 1496, 1847, 6946, 5462, -81660, -10263, 7525, 41173
19689.6, 1507, 1847, 6946, 5462, -81660, -10263, 7525, 41246
19691.9, 1085, 1847, 6946, 5462, -81660, -10263, 7525, 41246
19697.6, 2168, 1738, 6826, 5444, -84119, -10552, 7332, 41311
19701.3, 1438, 1738, 6826, 5444, -84119, -10552, 7332, 41369
19705.6, 1195, 1630, 6386, 5937, -85423, -9358, 7074, 41369
19709.3, 1943, 1630, 6386, 5937, -85423, -9358, 7074, 41422
19711.6, 1167, 1630, 6386, 5937, -85423, -9358, 7074, 41422
19715.8, 1559, 1503, 6490, 5719, -87518, -9848, 7866, 41422
19719.6, 1966, 1503, 6490, 5719, -87518, -9848, 7866, 41472
19721.9, 1779, 1503, 6490, 5719, -87518, -9848, 7866, 41472
19727.6, 1443, 1732, 6503, 5315, -90598, -7778, 9428, 41557
19731.3, 795, 1732, 6503, 5315, -90598, -7778, 9428, 41593
19735.6, 1888, 1959, 6526, 6192, -94934, -8312, 9616, 41593
19739.3, 2360, 1959, 6526, 6192, -94934, -8312, 9616, 41650
19741.5, 1391, 1959, 6526, 6192, -94934, -8312, 9616, 41650
19745.7, 1305, 2121, 6559, 6088, -98574, -11073, 10145, 41650
19749.5, 2179, 2121, 6559, 6088, -98574, -11073, 10145, 41653
19753.7, 1863, 2121, 6559, 6088, -98574, -9419, 11825, 41653
19757.5, 1398, 2121, 6559, 6088, -98574, -9419, 11825, 41673
19761.3, 1341, 2121, 6559, 6088, -98574, -9419, 11825, 41691
19765.5, 1538, 2344, 5985, 5969, -100027, -5538, 13588, 41691
19769.3, 1337, 2344, 5985, 5969, -100027, -5538, 13588, 41723
19773.5, 1901, 2344, 5985, 5969, -100027, -2918, 15518, 41723
19777.2, 1556, 2344, 5985, 5969, -100027, -2918, 15518, 41766
19781.0, 1504, 2344, 5985, 5969, -100027, -2918, 15518, 41809
19785.3, 1069, 1953, 5727, 5584, -107880, 1321, 17596, 41809
19789.0, 1834, 1953, 5727, 5584, -107880, 1321, 17596, 41823
19793.3, 2235, 1953, 5727, 5584, -110593, 6593, 19250, 41823
19797.0, 1215, 1953, 5727, 5584, -110593, 6593, 19250, 41835
19800.7, 1035, 1953, 5727, 5584, -110593, 6593, 19250, 41870
19805.0, 2669, 1679, 5679, 7672, -108987, 9034, 19692, 41870
19808.7, 1548, 1679, 5679, 7672, -108987, 9034, 19692, 41907
19812.9, 1317, 1679, 5679, 7672, -108987, 7306, 18480, 41907
19816.7, 1533, 1679, 5679, 7672, -108987, 7306, 18480, 41942
19819.0, 1066, 1679, 5679, 7672, -108987, 7306, 18480, 41942
19824.7, 1277, 2228, 4866, 6968, -110663, 3202, 16843, 41961
19828.5, 1106, 2228, 4866, 6968, -110663, 3202, 16843, 41961
19832.7, 1969, 2228, 4866, 6968, -112465, 1146, 17929, 41961
19836.4, 1948, 2228, 4866, 6968, -112465, 1146, 17929, 41953
19838.7, 1101, 2228, 4866, 6968, -112465, 1146, 17929, 41953
19844.5, 1479, 2051, 4636, 7119, -113817, 2865, 21656, 41968
19846.7, 1304, 2051, 4636, 7119, -113817, 2865, 21656, 41968
19851.0, 1550, 1838, 4502, 6821, -113817, 2865, 21656, 41968
19854.7, 1484, 1838, 4502, 6821, -113817, 2865, 21656, 41999
19857.0, 861, 1838, 4502, 6821, -113817, 2865, 21656, 41999
19862.7, 2275, 1902, 4349, 7351, -113913, 5040, 24872, 42018
19866.4, 1791, 1902, 4349, 7351, -113913, 5040, 24872, 40699
19870.7, 1295, 1999, 4177, 6601, -118218, 6033, 24452, 40699
19874.4, 1791, 1999, 4177, 6601, -118218, 6033, 24452, 42066
19876.7, 1438, 1999, 4177, 6601, -118218, 6033, 24452, 42066
19880.9, 1343, 2106, 4143, 7995, -120323, 4134, 21459, 42066
19884.6, 1253, 2106, 4143, 7995, -120323, 4134, 21459, 42075
19886.9, 1221, 2106, 4143, 7995, -120323, 4134, 21459, 42075
19892.6, 1321, 2082, 4162, 7619, -121351, 4090, 19556, 42110
19896.3, 1144, 2082, 4162, 7619, -121351, 4090, 19556, 42137
19900.5, 1994, 2160, 4049, 8474, -118420, 5648, 20431, 42137
19904.3, 1563, 2160, 4049, 8474, -118420, 5648, 20431, 42134
19906.5, 1418, 2160, 4049, 8474, -118420, 5648, 20431, 42134
19910.8, 1938, 2337, 3680, 8026, -117619, 5530, 23774, 42134
19914.5, 1334, 2337, 3680, 8026, -117619, 5530, 23774, 42137
19918.7, 1713, 2261, 3350, 7527, -119054, 4506, 27851, 42137
19922.5, 774, 2261, 3350, 7527, -119054, 4506, 27851, 42146
19926.3, 1681, 2261, 3350, 7527, -119054, 4506, 27851, 42146
19930.5, 1544, 2042, 3287, 7310, -121675, 8544, 31137, 42146
19934.2, 1822, 2042, 3287, 7310, -121675, 8544, 31137, 42162
19938.5, 2094, 2263, 3241, 9703, -121937, 11226, 32436, 42162
19942.2, 690, 2263, 3241, 9703, -121937, 11226, 32436, 42181
19946.0, 1709, 2263, 3241, 9703, -121937, 11226, 32436, 42167
19950.3, 1836, 2176, 2764, 8079, -125162, 8920, 30966, 42167
19954.0, 1673, 2176, 2764, 8079, -125162, 8920, 30966, 42211
19958.3, 1459, 1947, 2746, 8362, -124908, 10828, 29221, 42211
19962.0, 1716, 1947, 2746, 8362, -124908, 10828, 29221, 42235
19965.7, 850, 1947, 2746, 8362, -124908, 10828, 29221, 42253
19970.0, 1676, 2050, 2333, 8050, -125560, 15837, 29273, 42253
19973.7, 1778, 2050, 2333, 8050, -125560, 15837, 29273, 42266
19977.9, 1932, 2041, 2368, 9318, -123683, 16511, 29553, 42266
19981.7, 1493, 2041, 2368, 9318, -123683, 16511, 29553, 42286
19984.0, 1380, 2041, 2368, 9318, -123683, 16511, 29553, 42286
19989.7, 1303, 2143, 2203, 9046, -122856, 14302, 30817, 42249
19993.5, 1182, 2143, 2203, 9046, -122856, 14302, 30817, 42297
19997.7, 1348, 2333, 1727, 9788, -120944, 8605, 32077, 42297
20001.4, 1517, 2333, 1727, 9788, -120944, 8605, 32077, 42293
20003.7, 1314, 2333, 1727, 9788, -120944, 8605, 32077, 42293
20009.5, 1827, 2020, 1301, 8256, -122453, 2222, 33184, 42302
20011.7, 1535, 2020, 1301, 8256, -122453, 2222, 33184, 42302
20016.0, 1932, 1470, 1305, 7274, -126509, 4108, 33793, 42302
20019.8, 1900, 1470, 1305, 7274, -126509, 4108, 33793, 42317
20022.0, 1682, 1470, 1305, 7274, -126509, 4108, 33793, 42317
20027.8, 1259, 1397, 1752, 8488, -131151, 10985, 33206, 42316
20031.5, 1542, 1397, 1752, 8488, -131151, 10985, 33206, 41870
20035.7, 1691, 1967, 1741, 11248, -128570, 12512, 29304, 41870
20039.4, 1209, 1967, 1741, 11248, -128570, 12512, 29304, 42314
20041.7, 709, 1967, 1741, 11248, -128570, 12512, 29304, 42314
20045.9, 2251, 2415, 1080, 9355, -125708, 10360, 23332, 42314
20049.6, 1359, 2415, 1080, 9355, -125708, 10360, 23332, 42312
20051.9, 1223, 2415, 1080, 9355, -125708, 10360, 23332, 42312
20057.6, 1562, 2402, 494, 8669, -123814, 12928, 20072, 42333
20061.3, 1584, 2402, 494, 8669, -123814, 12928, 20072, 42336
20065.6, 1825, 2417, 108, 9250, -122712, 16196, 23975, 42336
20069.3, 1825, 2417, 108, 9250, -122712, 16196, 23975, 42331
20071.6, 1252, 2417, 108, 9250, -122712, 16196, 23975, 42331
20075.9, 1245, 2361, -205, 7429, -124383, 19875, 30800, 42331
20079.6, 1806, 2361, -205, 7429, -124383, 19875, 30800, 42302
20083.9, 1181, 2110, 23, 8863, -126553, 23021, 35643, 42302
20087.6, 1472, 2110, 23, 8863, -126553, 23021, 35643, 42346
20091.3, 2361, 2110, 23, 8863, -126553, 23021, 35643, 42346
20095.6, 1842, 1747, 232, 10915, -127507, 19919, 37275, 42346
20099.4, 863, 1747, 232, 10915, -127507, 19919, 37275, 42350
20103.6, 1255, 1585, 120, 9299, -128154, 11554, 35556, 42350
20107.3, 1925, 1585, 120, 9299, -128154, 11554, 35556, 41961
20111.1, 1573, 1585, 120, 9299, -128154, 11554, 35556, 42298
20115.3, 1967, 1437, -224, 9324, -128198, 5635, 31920, 42298
20119.1, 1555, 1437, -224, 9324, -128198, 5635, 31920, 41960
20123.3, 1598, 1603, -589, 9960, -130123, 1596, 28761, 41960
20127.0, 1176, 1603, -589, 9960, -130123, 1596, 28761, 41964
20130.7, 1612, 1603, -589, 9960, -130123, 1596, 28761, 42245
20135.0, 1760, 1997, -1165, 11017, -128285, 1413, 27501, 42245
20138.7, 1957, 1997, -1165, 11017, -128285, 1413, 27501, 41989
20142.9, 1350, 2638, -1802, 10002, -124847, 5280, 27654, 41989
20146.7, 1153, 2638, -1802, 10002, -124847, 5280, 27654, 41954
20149.0, 1403, 2638, -1802, 10002, -124847, 5280, 27654, 41954
20154.7, 1674, 2497, -2348, 8535, -123328, 12009, 29054, 41930
20158.5, 1295, 2497, -2348, 8535, -123328, 12009, 29054, 41928
20162.7, 1597, 1914, -2110, 8097, -123770, 22111, 33723, 41928
20166.4, 1840, 1914, -2110, 8097, -123770, 22111, 33723, 41882
20168.7, 1353, 1914, -2110, 8097, -123770, 22111, 33723, 41882
20174.5, 1626, 1599, -1686, 8076, -126325, 29680, 37612, 41881
20176.7, 1257, 1599, -1686, 8076, -126325, 29680, 37612, 41881
20180.9, 1724, 1630, -1459, 11237, -127563, 24277, 35718, 41881
20184.6, 2638, 1630, -1459, 11237, -127563, 24277, 35718, 41897
20186.9, 1789, 1630, -1459, 11237, -127563, 24277, 35718, 41897
20192.6, 1417, 1398, -1660, 9151, -129755, 11948, 28503, 41906
20196.3, 1366, 1398, -1660, 9151, -129755, 11948, 28503, 41928
20200.5, 1691, 1056, -2281, 10851, -127432, 10202, 21971, 41928
20204.3, 1481, 1056, -2281, 10851, -127432, 10202, 21971, 41940
20206.6, 1678, 1056, -2281, 10851, -127432, 10202, 21971, 41940
20210.8, 1358, 1108, -3065, 11106, -119793, 12740, 20764, 41940
20214.6, 1510, 1108, -3065, 11106, -119793, 12740, 20764, 41933
20216.9, 1446, 1108, -3065, 11106, -119793, 12740, 20764, 41933
20222.6, 1677, 1710, -4165, 8771, -116503, 11563, 20737, 41896
20226.3, 2024, 1710, -4165, 8771, -116503, 11563, 20737, 41857
20230.6, 1655, 1393, -3940, 8921, -118822, 5936, 22107, 41857
20234.4, 1471, 1393, -3940, 8921, -118822, 5936, 22107, 41854
20238.6, 1258, 1630, -3379, 8930, -121110, 4401, 26211, 41854
20242.3, 2260, 1630, -3379, 8930, -121110, 4401, 26211, 41828
20246.1, 1269, 1630, -3379, 8930, -121110, 4401, 26211, 41815
20250.4, 1571, 2038, -2989, 8596, -123692, 6785, 28122, 41815
20254.2, 1508, 2038, -2989, 8596, -123692, 6785, 28122, 41791
20258.4, 1411, 1987, -2700, 10516, -123350, 4112, 27103, 41791
20262.1, 2100, 1987, -2700, 10516, -123350, 4112, 27103, 41783
20265.9, 2200, 1987, -2700, 10516, -123350, 4112, 27103, 41754
20270.1, 275, 1625, -3011, 8861, -121425, 4243, 28796, 41754
20273.9, 1136, 1625, -3011, 8861, -121425, 4243, 28796, 41802
20278.1, 1908, 1588, -4185, 9638, -119312, 9555, 31811, 41802
20281.8, 1762, 1588, -4185, 9638, -119312, 9555, 31811, 41797
20285.6, 1739, 1588, -4185, 9638, -119312, 9555, 31811, 41801
20289.8, 1440, 1572, -5123, 8980, -117934, 10491, 31417, 41801
20293.5, 1724, 1572, -5123, 8980, -117934, 10491, 31417, 42007
20297.8, 1896, 1459, -5219, 7400, -118831, 15203, 28499, 42007
20301.5, 2055, 1459, -5219, 7400, -118831, 15203, 28499, 41827
20303.8, 1482, 1459, -5219, 7400, -118831, 15203, 28499, 41827
20309.5, 1504, 1343, -4663, 8921, -121285, 18852, 26425, 41816
20313.3, 1602, 1343, -4663, 8921, -121285, 18852, 26425, 41826
20319.0, 1169, 1011, -4124, 10220, -118087, 14813, 26526, 41846
20322.7, 2604, 1011, -4124, 10220, -118087, 14813, 26526, 41780
20328.4, 1950, 923, -4249, 6688, -118385, 14131, 27646, 41763
20332.2, 915, 923, -4249, 6688, -118385, 14131, 27646, 41758
20337.9, 815, 1077, -4545, 10233, -119645, 9331, 26871, 41756
20341.6, 1522, 1077, -4545, 10233, -119645, 9331, 26871, 41733
20345.9, 1674, 1077, -4545, 9117, -118835, -783, 25668, 41733
20349.6, 1959, 1077, -4545, 9117, -118835, -783, 25668, 41697
20351.9, 2078, 1077, -4545, 9117, -118835, -783, 25668, 41697
20357.9, 1667, 1359, -6006, 6783, -117199, 87, 24539, 41688
20361.7, 1262, 1359, -6006, 6783, -117199, 87, 24539, 41709
20365.9, 1194, 1580, -6445, 9028, -116026, 2288, 23690, 41709
20369.7, 1624, 1580, -6445, 9028, -116026, 2288, 23690, 41670
20371.9, 1541, 1580, -6445, 9028, -116026, 2288, 23690, 41670
20377.6, 2135, 1505, -6589, 7550, -116175, 1684, 24496, 41720
20381.4, 1885, 1505, -6589, 7550, -116175, 1684, 24496, 41717
20385.6, 1922, 1233, -6560, 7958, -117225, 7560, 26302, 41717
20389.4, 1929, 1233, -6560, 7958, -117225, 7560, 26302, 41636
20391.6, 1268, 1233, -6560, 7958, -117225, 7560, 26302, 41636
20395.9, 1565, 958, -6449, 7715, -118214, 12398, 27020, 41636
20399.7, 1684, 958, -6449, 7715, -118214, 12398, 27020, 41677
20403.9, 1390, 958, -6449, 7715, -118214, 12398, 27020, 41677
20407.6, 1910, 958, -6449, 7715, -118214, 12398, 27020, 41715
20411.4, 1752, 958, -6449, 7715, -118214, 12398, 27020, 41671
20415.6, 1560, 988, -6320, 7317, -119321, 12342, 22251, 41671
20419.4, 1600, 988, -6320, 7317, -119321, 12342, 22251, 41731
20423.6, 1635, 988, -6320, 7317, -119321, 12342, 22251, 41731
20427.3, 1709, 988, -6320, 7317, -119321, 12342, 22251, 41703
20431.1, 1530, 988, -6320, 7317, -119321, 12342, 22251, 41659
20435.3, 864, 734, -6786, 8488, -119045, 6120, 21927, 41659
20439.0, 1605, 734, -6786, 8488, -119045, 6120, 21927, 41585
20443.2, 2206, 734, -6786, 8488, -119045, 6120, 21927, 41585
20447.0, 2087, 734, -6786, 8488, -119045, 6120, 21927, 41630
20450.8, 1475, 734, -6786, 8488, -119045, 6120, 21927, 41606
20455.0, 1278, 864, -8193, 6819, -114920, 6348, 20969, 41606
20458.8, 1609, 864, -8193, 6819, -114920, 6348, 20969, 41587
20463.0, 1903, 864, -8193, 6819, -114920, 6348, 20969, 41587
20466.7, 1943, 864, -8193, 6819, -114920, 6348, 20969, 41527
20469.0, 1569, 864, -8193, 6819, -114920, 6348, 20969, 41527
20474.8, 1682, 754, -8020, 6932, -113961, 9804, 17237, 41553
20478.5, 2165, 754, -8020, 6932, -113961, 9804, 17237, 41580
20482.7, 1241, 754, -8020, 6932, -113961, 9804, 17237, 41580
20486.4, 1231, 754, -8020, 6932, -113961, 9804, 17237, 41594
20488.7, 1356, 754, -8020, 6932, -113961, 9804, 17237, 41594
20494.4, 1964, 612, -7863, 8054, -112798, 7078, 18764, 41606
20496.7, 1791, 612, -7863, 8054, -112798, 7078, 18764, 41606
20500.9, 1710, 512, -8053, 6530, -111993, 4746, 18764, 41606
20504.7, 1549, 512, -8053, 6530, -111993, 4746, 18764, 41603
20507.0, 1175, 512, -8053, 6530, -111993, 4746, 18764, 41603
20512.7, 1081, 753, -8714, 5974, -110120, 7555, 19775, 41616
20516.4, 1553, 753, -8714, 5974, -110120, 7555, 19775, 41595
20520.6, 1953, 915, -9250, 7113, -104822, 6203, 18169, 41595
20524.4, 2215, 915, -9250, 7113, -104822, 6203, 18169, 41584
20526.6, 1610, 915, -9250, 7113, -104822, 6203, 18169, 41584
20530.9, 1346, 664, -9474, 5624, -100902, 3456, 16839, 41584
20534.7, 1379, 664, -9474, 5624, -100902, 3456, 16839, 41576
20537.0, 1364, 664, -9474, 5624, -100902, 3456, 16839, 41576
20542.7, 2484, 705, -9455, 6504, -97817, 2948, 18497, 41588
20546.4, 2507, 705, -9455, 6504, -97817, 2948, 18497, 41569
20550.7, 1936, 577, -9442, 6027, -95722, -533, 21892, 41569
20554.5, 772, 577, -9442, 6027, -95722, -533, 21892, 41562
20558.7, 830, 538, -9340, 5990, -95975, -3342, 24264, 41562
20562.4, 1248, 538, -9340, 5990, -95975, -3342, 24264, 41548
20566.2, 1502, 538, -9340, 5990, -95975, -3342, 24264, 41544
20570.4, 2300, 470, -9208, 5877, -94925, -4768, 25322, 41544
20574.2, 1919, 470, -9208, 5877, -94925, -4768, 25322, 41526
20578.4, 871, 491, -9211, 5346, -93097, -4593, 25567, 41526
20582.1, 1746, 491, -9211, 5346, -93097, -4593, 25567, 41517
20585.8, 1697, 491, -9211, 5346, -93097, -4593, 25567, 41510
20590.1, 1646, 610, -9535, 6198, -91027, -4112, 25248, 41510
20593.8, 1841, 610, -9535, 6198, -91027, -4112, 25248, 41510
20598.0, 1998, 440, -9683, 5819, -88932, -4423, 25484, 41510
20601.8, 2662, 440, -9683, 5819, -88932, -4423, 25484, 41510
20604.1, 2188, 440, -9683, 5819, -88932, -4423, 25484, 41510
20609.8, 297, 412, -9667, 5336, -87287, -2139, 26438, 41487
20613.5, 608, 412, -9667, 5336, -87287, -2139, 26438, 41515
20617.7, 2193, 318, -9583, 5724, -86289, -778, 26740, 41515
20621.5, 2401, 318, -9583, 5724, -86289, -778, 26740, 41524
20623.8, 1838, 318, -9583, 5724, -86289, -778, 26740, 41524
20629.5, 1411, 213, -9507, 5321, -85160, -1071, 25445, 41527
20633.2, 1070, 213, -9507, 5321, -85160, -1071, 25445, 41523
20639.0, 1647, 257, -9437, 4851, -82688, -993, 22899, 41534
20642.7, 2044, 257, -9437, 4851, -82688, -993, 22899, 41524
20648.4, 2808, 187, -9381, 4630, -80991, -748, 20370, 41564
20652.2, 2129, 187, -9381, 4630, -80991, -748, 20370, 41488
20657.9, 323, 445, -9344, 4747, -79954, -616, 18222, 41484
20661.6, 746, 445, -9344, 4747, -79954, -616, 18222, 41479
20665.9, 1651, 673, -9345, 5251, -78462, -1675, 16957, 41479
20669.7, 1827, 673, -9345, 5251, -78462, -1675, 16957, 41481
20671.9, 1750, 673, -9345, 5251, -78462, -1675, 16957, 41481
20677.6, 2257, 572, -9329, 4734, -76581, -962, 18545, 41496
20681.4, 1699, 572, -9329, 4734, -76581, -962, 18545, 41531
20685.6, 1446, 655, -9491, 4209, -75343, 980, 20077, 41531
20689.4, 1389, 655, -9491, 4209, -75343, 980, 20077, 41520
20691.6, 1242, 655, -9491, 4209, -75343, 980, 20077, 41520
20695.9, 1458, 527, -9528, 4542, -74122, 1483, 20050, 41520
20699.7, 1633, 527, -9528, 4542, -74122, 1483, 20050, 41529
20701.9, 1582, 527, -9528, 4542, -74122, 1483, 20050, 41529
20707.6, 1856, 259, -9256, 3774, -72608, 2130, 19193, 41536
20711.4, 1928, 259, -9256, 3774, -72608, 2130, 19193, 41544
20715.6, 2026, 85, -9078, 4089, -71965, 2795, 18007, 41544
20719.4, 1996, 85, -9078, 4089, -71965, 2795, 18007, 41538
20721.7, 1446, 85, -9078, 4089, -71965, 2795, 18007, 41538
20725.9, 405, 66, -9041, 4106, -73151, -240, 15798, 41538
20729.7, 1323, 66, -9041, 4106, -73151, -240, 15798, 41535
20733.9, 1888, 196, -8939, 4703, -74494, -2528, 13882, 41535
20737.6, 2168, 196, -8939, 4703, -74494, -2528, 13882, 41526
20741.4, 2235, 196, -8939, 4703, -74494, -2528, 13882, 41540
20745.7, 1678, 244, -9090, 4018, -76848, -3548, 11943, 41540
20749.4, 961, 244, -9090, 4018, -76848, -3548, 11943, 41520
20753.6, 1158, 245, -9158, 4148, -78178, -3338, 9349, 41520
20757.3, 1551, 245, -9158, 4148, -78178, -3338, 9349, 41498
20761.1, 1784, 245, -9158, 4148, -78178, -3338, 9349, 41498
20765.3, 2099, 275, -9445, 4237, -77806, -2174, 7052, 41498
20769.0, 1920, 275, -9445, 4237, -77806, -2174, 7052, 41483
20773.2, 1686, 335, -9447, 2548, -77657, 393, 5385, 41483
20777.0, 1394, 335, -9447, 2548, -77657, 393, 5385, 41475
20780.7, 1207, 335, -9447, 2548, -77657, 393, 5385, 41543
20785.0, 1358, 315, -9358, 3008, -75876, 2213, 4952, 41543
20788.7, 1763, 315, -9358, 3008, -75876, 2213, 4952, 41454
20792.9, 1943, 278, -9574, 2812, -74581, 2638, 5368, 41454
20796.6, 1741, 278, -9574, 2812, -74581, 2638, 5368, 41453
20798.9, 1717, 278, -9574, 2812, -74581, 2638, 5368, 41453
20804.6, 1877, 281, -9926, 2701, -73461, 660, 4611, 41443
20808.3, 1611, 281, -9926, 2701, -73461, 660, 4611, 41462
20814.1, 1657, 123, -9891, 2851, -72136, -2191, 4086, 41415
20816.3, 1353, 123, -9891, 2851, -72136, -2191, 4086, 41415
20818.6, 1102, 123, -9891, 2851, -72136, -2191, 4086, 41415
20824.3, 1274, -21, -10000, 3029, -69900, -2935, 4550, 41401
20826.6, 1277, -21, -10000, 3029, -69900, -2935, 4550, 41401
20830.9, 1823, -69, -10206, 2955, -66417, -1666, 4825, 41401
20834.6, 1958, -69, -10206, 2955, -66417, -1666, 4825, 41384
20836.9, 1958, -69, -10206, 2955, -66417, -1666, 4825, 41384
20842.7, 2107, -76, -10092, 2275, -64261, 13, 3959, 41355
20846.4, 807, -76, -10092, 2275, -64261, 13, 3959, 41323
20850.7, 754, -108, -10165, 2528, -61758, 3955, 3565, 41323
20854.4, 1739, -108, -10165, 2528, -61758, 3955, 3565, 41363
20856.7, 1754, -108, -10165, 2528, -61758, 3955, 3565, 41363
20861.0, 2101, -180, -10403, 2521, -60389, 6676, 2918, 41363
20864.7, 2563, -180, -10403, 2521, -60389, 6676, 2918, 41301
20867.0, 2130, -180, -10403, 2521, -60389, 6676, 2918, 41301
20872.7, 651, -166, -10606, 2100, -59041, 6864, 1220, 41349
20876.4, 950, -166, -10606, 2100, -59041, 6864, 1220, 41334
20880.7, 1861, -143, -10594, 2988, -54942, 3508, -726, 41334
20884.4, 1885, -143, -10594, 2988, -54942, 3508, -726, 41346
20888.6, 1694, -331, -10703, 2103, -53161, 542, -1872, 41346
20892.3, 1489, -331, -10703, 2103, -53161, 542, -1872, 41349
20896.0, 1567, -331, -10703, 2103, -53161, 542, -1872, 41348
20900.3, 1657, -251, -10747, 1919, -49223, -218, -866, 41348
20904.0, 1722, -251, -10747, 1919, -49223, -218, -866, 41310
20908.2, 1752, -153, -10845, 2064, -44940, -4458, 266, 41310
20912.0, 1636, -153, -10845, 2064, -44940, -4458, 266, 41359
20915.7, 1555, -153, -10845, 2064, -44940, -4458, 266, 41338
20920.0, 1563, -53, -11048, 1703, -39646, -9196, -446, 41338
20923.7, 1920, -53, -11048, 1703, -39646, -9196, -446, 41342
20927.9, 3046, -58, -11033, 1289, -34838, -6873, -1518, 41342
20931.6, 1756, -58, -11033, 1289, -34838, -6873, -1518, 41331
20933.9, 708, -58, -11033, 1289, -34838, -6873, -1518, 41331
20939.6, 342, -14, -10928, 1619, -30432, -1146, -883, 41315
20943.3, 1755, -14, -10928, 1619, -30432, -1146, -883, 41517
20949.0, 2710, -77, -10959, 2022, -25598, 188, 284, 41306
20952.7, 2345, -77, -10959, 2022, -25598, 188, 284, 41297
20958.5, 1017, -157, -10826, 1343, -21140, -2104, 1063, 41291
20962.2, 713, -157, -10826, 1343, -21140, -2104, 1063, 41313
20968.0, 1795, -284, -10584, 1667, -15597, -2187, 3123, 41270
20971.8, 1807, -284, -10584, 1667, -15597, -2187, 3123, 41250
20977.5, 1782, -284, -10584, 1667, -15597, -1391, 5276, 41235
20981.2, 1744, -284, -10584, 1667, -15597, -1391, 5276, 41184
20983.5, 1456, -284, -10584, 1667, -15597, -1391, 5276, 41184
20989.2, 2089, -272, -10703, 1298, -4602, -2340, 5665, 41198
20991.5, 1873, -272, -10703, 1298, -4602, -2340, 5665, 41198
20995.7, 1817, -272, -10703, 1298, -4602, -3500, 4746, 41198
20999.4, 1176, -272, -10703, 1298, -4602, -3500, 4746, 41193
21001.7, 1152, -272, -10703, 1298, -4602, -3500, 4746, 41193
21006.0, 1203, -203, -10757, 1004, 5950, -1666, 4427, 41193
21009.7, 953, -203, -10757, 1004, 5950, -1666, 4427, 41198
21012.0, 1902, -203, -10757, 1004, 5950, -1666, 4427, 41198
21017.7, 2667, -143, -10623, 1874, 10443, 1303, 4952, 41230
21021.4, 178, -143, -10623, 1874, 10443, 1303, 4952, 41201
21025.7, 524, -224, -10517, 1874, 13864, 3010, 4843, 41201
21029.4, 1736, -224, -10517, 1874, 13864, 3010, 4843, 41197
21031.7, 2362, -224, -10517, 1874, 13864, 3010, 4843, 41197
21035.9, 2167, -314, -10527, 2234, 16699, 1119, 3521, 41197
21039.6, 1178, -314, -10527, 2234, 16699, 1119, 3521, 41202
21043.8, 674, -439, -10538, 2234, 16699, 1119, 3521, 41202
21047.6, 2134, -439, -10538, 2234, 16699, 1119, 3521, 41197
21051.3, 2633, -439, -10538, 2234, 16699, 1119, 3521, 41195
21055.6, 1671, -525, -10375, 1747, 24075, -3097, 1653, 41195
21059.3, 1170, -525, -10375, 1747, 24075, -3097, 1653, 41190
21063.5, 1401, -266, -10462, 1747, 24075, -3097, 1653, 41190
21067.2, 1320, -266, -10462, 1747, 24075, -3097, 1653, 41195
21071.0, 949, -266, -10462, 1747, 24075, -3097, 1653, 41192
21075.2, 2758, 14, -10587, 2076, 33324, -10395, 2073, 41192
21078.9, 3043, 14, -10587, 2076, 33324, -10395, 2073, 41224
21083.1, 822, 227, -10714, 2070, 33324, -10395, 2073, 41224
21086.9, 1625, 227, -10714, 2070, 33324, -10395, 2073, 41188
21090.6, 1740, 227, -10714, 2070, 33324, -10395, 2073, 41201
21094.9, 573, 204, -10694, 1538, 43440, -7481, 3749, 41201
21098.6, 197, 204, -10694, 1538, 43440, -7481, 3749, 41186
21102.8, 1418, 123, -10630, 2172, 43440, -7481, 3749, 41186
21106.5, 2563, 123, -10630, 2172, 43440, -7481, 3749, 41348
21108.8, 2411, 123, -10630, 2172, 43440, -7481, 3749, 41348
21114.5, 2668, -81, -10875, 2422, 53756, -3587, 4873, 41189
21118.2, 1671, -81, -10875, 2422, 53756, -3587, 4873, 41196
21124.0, 672, -172, -10847, 2152, 53756, 1443, 4449, 41195
21127.7, 1387, -172, -10847, 2152, 53756, 1443, 4449, 41234
21133.4, 2440, -238, -10691, 2175, 56259, 1443, 4449, 41214
21137.1, 1130, -238, -10691, 2175, 56259, 1443, 4449, 41205
21142.8, 1147, -535, -10594, 3035, 58700, 10312, 4480, 41223
21146.5, 1537, -535, -10594, 3035, 58700, 10312, 4480, 41213
21150.8, 1221, -750, -10434, 3787, 62287, 13479, 2786, 41213
21154.5, 2546, -750, -10434, 3787, 62287, 13479, 2786, 41216
21156.8, 2226, -750, -10434, 3787, 62287, 13479, 2786, 41216
21161.0, 1945, -932, -10072, 3485, 64952, 6090, 135, 41216
21164.7, 1234, -932, -10072, 3485, 64952, 6090, 135, 41233
21167.0, 675, -932, -10072, 3485, 64952, 6090, 135, 41233
21172.7, 850, -1180, -9725, 3425, 65429, -2441, 345, 41198
21176.4, 2082, -1180, -9725, 3425, 65429, -2441, 345, 41194
21180.7, 2795, -999, -10038, 3668, 65770, -8758, 2725, 41194
21184.4, 1799, -999, -10038, 3668, 65770, -8758, 2725, 41198
21186.6, 792, -999, -10038, 3668, 65770, -8758, 2725, 41198
21190.9, 2930, -673, -10274, 3555, 67314, -16073, 3556, 41198
21194.7, 1881, -673, -10274, 3555, 67314, -16073, 3556, 41209
21198.9, 167, -617, -10228, 3071, 72123, -20532, 3578, 41209
21202.6, 231, -617, -10228, 3071, 72123, -20532, 3578, 41198
21206.4, 1110, -617, -10228, 3071, 72123, -20532, 3578, 41212
21210.6, 2557, -617, -10019, 2813, 75308, -18690, 4445, 41212
21214.4, 2628, -617, -10019, 2813, 75308, -18690, 4445, 41226
21218.6, 929, -583, -9789, 3056, 78755, -13715, 5950, 41226
21222.3, 1444, -583, -9789, 3056, 78755, -13715, 5950, 41238
21226.0, 2315, -583, -9789, 3056, 78755, -13715, 5950, 41250
21230.3, 1970, -618, -9801, 3824, 81188, -13575, 7586, 41250
21234.0, 1070, -618, -9801, 3824, 81188, -13575, 7586, 41276
21238.3, 823, -707, -9771, 4702, 83143, -17482, 9533, 41276
21242.0, 2393, -707, -9771, 4702, 83143, -17482, 9533, 41269
21245.7, 2194, -707, -9771, 4702, 83143, -17482, 9533, 41296
21250.0, 1619, -907, -9465, 4387, 83961, -17452, 11821, 41296
21253.7, 2108, -907, -9465, 4387, 83961, -17452, 11821, 41299
21257.9, 947, -1115, -9011, 4446, 83856, -10955, 13330, 41299
21261.6, 191, -1115, -9011, 4446, 83856, -10955, 13330, 41320
21263.9, 490, -1115, -9011, 4446, 83856, -10955, 13330, 41320
