timestamp, 1189, -1887, -9655, -2057, 279, -564, 113, 31777
2688.3, 1169, -1887, -9655, -2057, 279, -564, 113, 31774
2694.0, 1113, -1823, -9579, -2051, 503, -1789, 713, 31750
2697.8, 1127, -1823, -9579, -2051, 503, -1789, 713, 31778
2703.5, 1137, -1935, -9507, -2151, 231, -2191, 1631, 31778
2705.8, 33, -1935, -9507, -2151, 231, -2191, 1631, 31778
2708.1, 6, -1935, -9507, -2151, 231, -2191, 1631, 31778
2713.9, 1267, -1966, -9480, -2121, 279, -1356, 2187, 31775
2716.1, 39, -1966, -9480, -2121, 279, -1356, 2187, 31775
2718.4, 5, -1966, -9480, -2121, 279, -1356, 2187, 31775
2724.1, 1226, -1942, -9500, -2199, -4, -52, 2051, 31746
2726.4, 37, -1942, -9500, -2199, -4, -52, 2051, 31746
2730.7, 1116, -1942, -9500, -2228, -581, 1448, 1653, 31746
2734.4, 1161, -1942, -9500, -2228, -581, 1448, 1653, 31774
2736.7, 37, -1942, -9500, -2228, -581, 1448, 1653, 31774
2740.9, 1129, -1834, -9548, -2163, -756, 2598, 1557, 31774
2744.7, 1166, -1834, -9548, -2163, -756, 2598, 1557, 31777
2746.9, 38, -1834, -9548, -2163, -756, 2598, 1557, 31777
2752.6, 1276, -1910, -9469, -2176, -345, 2620, 1063, 31772
2756.4, 1207, -1910, -9469, -2176, -345, 2620, 1063, 31805
2760.6, 1128, -1932, -9482, -1943, -1036, 2869, 1391, 31805
2764.4, 1163, -1932, -9482, -1943, -1036, 2869, 1391, 31779
2766.6, 38, -1932, -9482, -1943, -1036, 2869, 1391, 31779
2770.9, 1053, -1976, -9589, -1931, -1505, 2038, 1907, 31779
2774.7, 1167, -1976, -9589, -1931, -1505, 2038, 1907, 31773
2778.9, 1052, -1976, -9589, -1931, -1505, 2038, 1907, 31773
2782.6, 1105, -1976, -9589, -1931, -1505, 2038, 1907, 31786
2786.4, 1201, -1976, -9589, -1931, -1505, 2038, 1907, 31768
2790.7, 1124, -2007, -9567, -2091, -892, -743, 1570, 31768
2794.4, 1151, -2007, -9567, -2091, -892, -743, 1570, 31778
2798.6, 1118, -2007, -9567, -2091, -892, -743, 1570, 31778
2802.3, 1156, -2007, -9567, -2091, -892, -743, 1570, 31790
2806.1, 1100, -2007, -9567, -2091, -892, -743, 1570, 31786
2810.3, 1171, -1978, -9509, -2297, -1229, -2108, 1382, 31786
2814.0, 1147, -1978, -9509, -2297, -1229, -2108, 1382, 31787
2818.2, 1159, -1978, -9509, -2297, -1229, -2108, 1382, 31787
2822.0, 1134, -1978, -9509, -2297, -1229, -2108, 1382, 31813
2825.7, 1154, -1978, -9509, -2297, -1229, -2108, 1382, 31757
2830.0, 1065, -1948, -9577, -2248, -962, 1351, 1806, 31757
2833.7, 1165, -1948, -9577, -2248, -962, 1351, 1806, 31803
2837.9, 1078, -1948, -9577, -2248, -962, 1351, 1806, 31803
2841.6, 1155, -1948, -9577, -2248, -962, 1351, 1806, 31806
2843.9, 33, -1948, -9577, -2248, -962, 1351, 1806, 31806
2849.6, 1037, -2035, -9659, -2170, -1500, 4060, 2773, 31785
2853.3, 1116, -2035, -9659, -2170, -1500, 4060, 2773, 31786
2859.0, 1044, -2035, -9804, -2160, -1776, 4471, 2940, 31788
2862.8, 1102, -2035, -9804, -2160, -1776, 4471, 2940, 31787
2868.5, 1218, -2024, -9804, -2160, -1776, 4471, 2940, 31792
2870.7, 37, -2024, -9804, -2160, -1776, 4471, 2940, 31792
2873.0, 6, -2024, -9804, -2160, -1776, 4471, 2940, 31792
2878.7, 1219, -1970, -9845, -2149, -1474, 2751, 2327, 31794
2881.0, 37, -1970, -9845, -2149, -1474, 2751, 2327, 31794
2883.2, 6, -1970, -9845, -2149, -1474, 2751, 2327, 31794
2888.9, 1250, -1937, -9860, -2185, -686, 192, 1592, 31794
2891.2, 40, -1937, -9860, -2185, -686, 192, 1592, 31794
2895.4, 1073, -1899, -9837, -2169, 848, -2432, 1592, 31794
2899.2, 1140, -1899, -9837, -2169, 848, -2432, 1592, 31778
2901.5, 34, -1899, -9837, -2169, 848, -2432, 1592, 31778
2905.7, 1130, -1886, -9812, -2146, 568, -4558, 1898, 31778
2909.4, 1180, -1886, -9812, -2146, 568, -4558, 1898, 31780
2911.7, 39, -1886, -9812, -2146, 568, -4558, 1898, 31780
2915.9, 1101, -1895, -9833, -2370, 389, -5000, 2550, 31780
2919.6, 1189, -1895, -9833, -2370, 389, -5000, 2550, 31795
2921.9, 39, -1895, -9833, -2370, 389, -5000, 2550, 31795
2927.6, 1273, -1984, -9875, -2387, 1662, -4156, 2887, 31787
2931.3, 1176, -1984, -9875, -2387, 1662, -4156, 2887, 31784
2935.6, 1070, -1968, -9827, -2406, 1811, -3316, 2905, 31784
2939.4, 1165, -1968, -9827, -2406, 1811, -3316, 2905, 31780
2943.6, 1021, -1913, -9814, -2319, 1395, -2546, 3154, 31780
2947.3, 1192, -1913, -9814, -2319, 1395, -2546, 3154, 31784
2951.1, 1143, -1913, -9814, -2319, 1395, -2546, 3154, 31794
2955.4, 1037, -2060, -9717, -2376, 1623, -2152, 2979, 31794
2959.2, 1180, -2060, -9717, -2376, 1623, -2152, 2979, 31776
2963.4, 1066, -2230, -9649, -2284, 1706, -2454, 2756, 31776
2967.1, 1172, -2230, -9649, -2284, 1706, -2454, 2756, 31781
2970.9, 1198, -2230, -9649, -2284, 1706, -2454, 2756, 31772
2975.1, 1000, -2387, -9587, -2093, 1728, -3408, 2725, 31772
2978.9, 1151, -2387, -9587, -2093, 1728, -3408, 2725, 31778
2983.1, 1033, -2483, -9598, -2006, 1767, -6059, 2791, 31778
2986.8, 1201, -2483, -9598, -2006, 1767, -6059, 2791, 31783
2990.6, 1158, -2483, -9598, -2006, 1767, -6059, 2791, 31756
2994.8, 1127, -2479, -9574, -1893, 2235, -9677, 2117, 31756
2998.6, 1184, -2479, -9574, -1893, 2235, -9677, 2117, 31779
3002.8, 1094, -2341, -9413, -1960, 1824, -12919, 853, 31779
3006.6, 1118, -2341, -9413, -1960, 1824, -12919, 853, 31773
3008.9, 31, -2341, -9413, -1960, 1824, -12919, 853, 31773
3014.6, 1182, -2173, -9359, -2061, 1225, -13864, -52, 31780
3018.3, 1133, -2173, -9359, -2061, 1225, -13864, -52, 31789
3024.1, 1092, -1912, -9393, -2197, 1303, -13431, -485, 31786
3027.8, 1169, -1912, -9393, -2197, 1303, -13431, -485, 31777
3033.5, 1195, -1703, -9220, -2249, 962, -11615, -306, 31787
3035.8, 36, -1703, -9220, -2249, 962, -11615, -306, 31787
3038.0, 7, -1703, -9220, -2249, 962, -11615, -306, 31787
3043.7, 1244, -1663, -9168, -2257, 634, -7857, 870, 31821
3045.9, 37, -1663, -9168, -2257, 634, -7857, 870, 31821
3050.2, 999, -1704, -9247, -2109, -174, -4633, 2620, 31821
3054.0, 1139, -1704, -9247, -2109, -174, -4633, 2620, 31785
3056.2, 34, -1704, -9247, -2109, -174, -4633, 2620, 31785
3060.5, 1090, -1893, -9346, -2063, -481, -3110, 3727, 31785
3064.2, 1171, -1893, -9346, -2063, -481, -3110, 3727, 31785
3066.5, 37, -1893, -9346, -2063, -481, -3110, 3727, 31785
3070.7, 1103, -1926, -9386, -2122, 743, -1675, 4235, 31785
3074.4, 1184, -1926, -9386, -2122, 743, -1675, 4235, 31791
3076.7, 36, -1926, -9386, -2122, 743, -1675, 4235, 31791
3080.9, 1202, -1997, -9511, -1806, 17, 131, 4025, 31791
3084.6, 1169, -1997, -9511, -1806, 17, 131, 4025, 31792
3086.9, 38, -1997, -9511, -1806, 17, 131, 4025, 31792
3092.6, 1292, -2024, -9458, -1797, -1347, 323, 2699, 31795
3096.3, 1170, -2024, -9458, -1797, -1347, 323, 2699, 31820
3100.6, 996, -2065, -9562, -1961, -2620, -1413, 1509, 31820
3104.3, 1161, -2065, -9562, -1961, -2620, -1413, 1509, 31832
3108.5, 1048, -1892, -9672, -2094, -1889, -2428, 988, 31832
3112.2, 1223, -1892, -9672, -2094, -1889, -2428, 988, 31799
3116.0, 1086, -1892, -9672, -2094, -1889, -2428, 988, 31829
3120.3, 1066, -1890, -9614, -2088, -1666, -2471, 349, 31829
3124.0, 1176, -1890, -9614, -2088, -1666, -2471, 349, 31791
3128.3, 1153, -2005, -9582, -2127, -1662, -2130, 113, 31791
3132.0, 1202, -2005, -9582, -2127, -1662, -2130, 113, 31774
3135.8, 1169, -2005, -9582, -2127, -1662, -2130, 113, 31803
3140.0, 1094, -2078, -9521, -2177, -1763, -1133, 778, 31803
3143.7, 1159, -2078, -9521, -2177, -1763, -1133, 778, 31742
3147.9, 1153, -2141, -9517, -2061, -2117, 428, 1006, 31742
3151.7, 1115, -2141, -9517, -2061, -2117, 428, 1006, 31787
3154.0, 33, -2141, -9517, -2061, -2117, 428, 1006, 31787
3159.8, 1116, -2236, -9515, -2020, -2344, -30, -341, 31765
3163.5, 1191, -2236, -9515, -2020, -2344, -30, -341, 31800
3167.7, 1038, -2167, -9457, -1984, -2511, -1518, -1785, 31800
3171.5, 1114, -2167, -9457, -1984, -2511, -1518, -1785, 31782
3173.8, 33, -2167, -9457, -1984, -2511, -1518, -1785, 31782
3179.5, 1117, -2012, -9481, -1881, -2152, -3508, -3036, 31803
3183.3, 1158, -2012, -9481, -1881, -2152, -3508, -3036, 31793
3189.0, 1231, -1812, -9474, -1904, -1609, -5206, -4016, 31797
3191.3, 38, -1812, -9474, -1904, -1609, -5206, -4016, 31797
3193.5, 6, -1812, -9474, -1904, -1609, -5206, -4016, 31797
3199.3, 1258, -1680, -9266, -2079, -2047, -4585, -3626, 31772
3201.5, 36, -1680, -9266, -2079, -2047, -4585, -3626, 31772
3205.8, 1095, -1780, -9275, -2104, -2852, -1986, -2261, 31772
3209.5, 1163, -1780, -9275, -2104, -2852, -1986, -2261, 31803
3211.8, 36, -1780, -9275, -2104, -2852, -1986, -2261, 31803
3217.5, 1274, -1925, -9260, -2134, -3010, 524, -1246, 31797
3221.2, 1173, -1925, -9260, -2134, -3010, 524, -1246, 31801
3225.5, 1041, -1945, -9362, -2136, -3714, 2712, -1229, 31801
3229.2, 1160, -1945, -9362, -2136, -3714, 2712, -1229, 31838
3231.5, 34, -1945, -9362, -2136, -3714, 2712, -1229, 31838
3235.7, 1111, -2109, -9431, -2077, -3425, 3294, -2139, 31838
3239.4, 1173, -2109, -9431, -2077, -3425, 3294, -2139, 31800
3241.7, 36, -2109, -9431, -2077, -3425, 3294, -2139, 31800
3245.9, 1020, -2207, -9435, -1949, -3005, 1631, -2992, 31800
3249.6, 1171, -2207, -9435, -1949, -3005, 1631, -2992, 31795
3253.9, 1124, -2288, -9349, -2017, -2944, -1334, -3850, 31795
3257.6, 1169, -2288, -9349, -2017, -2944, -1334, -3850, 31797
3261.3, 1177, -2288, -9349, -2017, -2944, -1334, -3850, 31784
3265.6, 971, -2310, -9255, -2006, -2541, -3513, -4116, 31784
3269.4, 1155, -2310, -9255, -2006, -2541, -3513, -4116, 31789
3273.6, 1127, -2349, -9314, -2096, -2817, -4694, -4221, 31789
3277.3, 1193, -2349, -9314, -2096, -2817, -4694, -4221, 31791
3281.1, 1173, -2349, -9314, -2096, -2817, -4694, -4221, 31785
3285.4, 1046, -2230, -9455, -2192, -2913, -4865, -4628, 31785
3289.1, 1160, -2230, -9455, -2192, -2913, -4865, -4628, 31789
3293.3, 1144, -2036, -9541, -2306, -2668, -3972, -5293, 31789
3297.0, 1185, -2036, -9541, -2306, -2668, -3972, -5293, 31793
3300.8, 1159, -2036, -9541, -2306, -2668, -3972, -5293, 31778
3305.0, 1072, -1992, -9438, -2252, -2161, -2800, -5626, 31778
3308.7, 1174, -1992, -9438, -2252, -2161, -2800, -5626, 31784
3312.9, 1129, -2025, -9399, -2120, -2139, -2126, -5009, 31784
3316.7, 1127, -2025, -9399, -2120, -2139, -2126, -5009, 31814
3319.0, 34, -2025, -9399, -2120, -2139, -2126, -5009, 31814
3324.7, 997, -2074, -9451, -2047, -3040, -2572, -4125, 31820
3328.5, 1161, -2074, -9451, -2047, -3040, -2572, -4125, 31780
3332.7, 1074, -2147, -9517, -2044, -2633, -4405, -4449, 31780
3336.4, 1133, -2147, -9517, -2044, -2633, -4405, -4449, 31810
3338.7, 35, -2147, -9517, -2044, -2633, -4405, -4449, 31810
3344.5, 1121, -2203, -9564, -1997, -2240, -6203, -5407, 31778
3348.3, 1200, -2203, -9564, -1997, -2240, -6203, -5407, 31791
3354.0, 1229, -2239, -9595, -2044, -3010, -7398, -5740, 31781
3356.3, 35, -2239, -9595, -2044, -3010, -7398, -5740, 31781
3358.5, 8, -2239, -9595, -2044, -3010, -7398, -5740, 31781
3364.3, 1239, -2205, -9732, -2123, -2686, -7813, -6243, 31782
3366.5, 36, -2205, -9732, -2123, -2686, -7813, -6243, 31782
3370.8, 1049, -2205, -9732, -2123, -1859, -8128, -7056, 31782
3374.6, 1157, -2205, -9732, -2123, -1859, -8128, -7056, 31769
3376.8, 34, -2205, -9732, -2123, -1859, -8128, -7056, 31769
3382.6, 1270, -2215, -9711, -2077, -1260, -9603, -8198, 31805
3386.3, 1310, -2215, -9711, -2077, -1260, -9603, -8198, 31770
3390.6, 1124, -2273, -9830, -1965, 2747, -14048, -9992, 31770
3394.3, 1123, -2273, -9830, -1965, 2747, -14048, -9992, 31774
3396.6, 30, -2273, -9830, -1965, 2747, -14048, -9992, 31774
3400.8, 873, -2390, -9981, -1685, 7643, -21057, -12083, 31774
3404.6, 1183, -2390, -9981, -1685, 7643, -21057, -12083, 31769
3406.9, 42, -2390, -9981, -1685, 7643, -21057, -12083, 31769
3412.6, 1227, -2291, -9969, -1626, 11292, -27912, -14179, 31780
3416.4, 1175, -2291, -9969, -1626, 11292, -27912, -14179, 31784
3420.7, 1072, -2291, -9969, -1743, 13794, -31189, -14630, 31784
3424.4, 1230, -2291, -9969, -1743, 13794, -31189, -14630, 31794
3428.6, 1182, -2132, -9602, -1743, 13794, -31189, -14630, 31794
3432.3, 1220, -2132, -9602, -1743, 13794, -31189, -14630, 31785
3436.0, 1171, -2132, -9602, -1743, 13794, -31189, -14630, 31826
3440.3, 1025, -2059, -9357, -1287, 17745, -42088, -16712, 31826
3444.0, 1102, -2059, -9357, -1287, 17745, -42088, -16712, 31838
3448.2, 1034, -1878, -9157, -1028, 17745, -42088, -16712, 31838
3452.0, 1095, -1878, -9157, -1028, 17745, -42088, -16712, 31854
3455.7, 1175, -1878, -9157, -1028, 17745, -42088, -16712, 31899
3460.0, 1186, -1596, -8856, -1703, 18340, -55270, -17924, 31899
3463.7, 1168, -1596, -8856, -1703, 18340, -55270, -17924, 31893
3467.9, 1143, -1259, -8557, -2700, 18340, -55270, -17924, 31893
3471.6, 1185, -1259, -8557, -2700, 18340, -55270, -17924, 31899
3473.9, 37, -1259, -8557, -2700, 18340, -55270, -17924, 31899
3479.6, 1105, -1350, -8535, -2683, 20282, -39401, -7691, 31931
3483.3, 1213, -1350, -8535, -2683, 20282, -39401, -7691, 31959
3489.0, 1080, -1766, -8656, -2463, 20282, -23305, -3565, 31977
3492.8, 1197, -1766, -8656, -2463, 20282, -23305, -3565, 31993
3498.5, 1019, -2098, -9029, -2695, 17220, -23305, -3565, 32022
3502.2, 1118, -2098, -9029, -2695, 17220, -23305, -3565, 32029
3508.0, 1047, -2257, -9171, -2624, 15225, -4598, -988, 32036
3511.8, 1092, -2257, -9171, -2624, 15225, -4598, -988, 32044
3517.5, 1257, -2556, -9227, -1842, 13733, 7980, 284, 32049
3521.2, 1115, -2556, -9227, -1842, 13733, 7980, 284, 32050
3523.5, 35, -2556, -9227, -1842, 13733, 7980, 284, 32050
3529.3, 1186, -2847, -9299, -856, 11803, 8238, 1207, 32051
3531.5, 32, -2847, -9299, -856, 11803, 8238, 1207, 32051
3535.7, 1112, -3043, -9600, -443, 8706, -581, 1675, 32051
3539.4, 1094, -3043, -9600, -443, 8706, -581, 1675, 32044
3541.7, 29, -3043, -9600, -443, 8706, -581, 1675, 32044
3546.0, 1087, -3077, -9999, -550, 7210, -11239, -284, 32044
3549.7, 1124, -3077, -9999, -550, 7210, -11239, -284, 32045
3552.0, 32, -3077, -9999, -550, 7210, -11239, -284, 32045
3557.7, 1267, -2686, -9832, -941, 8233, -16778, -3333, 32048
3561.4, 1154, -2686, -9832, -941, 8233, -16778, -3333, 32064
3565.7, 990, -1925, -9531, -1116, 8255, -16944, -6168, 32064
3569.4, 1122, -1925, -9531, -1116, 8255, -16944, -6168, 32047
3571.7, 33, -1925, -9531, -1116, 8255, -16944, -6168, 32047
3575.9, 1165, -1309, -9397, -1159, 9795, -14722, -7481, 32047
3579.6, 1200, -1309, -9397, -1159, 9795, -14722, -7481, 32052
3583.8, 991, -897, -9471, -1301, 10522, -13667, -6225, 32052
3587.6, 1118, -897, -9471, -1301, 10522, -13667, -6225, 32038
3591.3, 1269, -897, -9471, -1301, 10522, -13667, -6225, 32015
3595.6, 1155, -899, -9644, -1849, 8964, -10255, -3259, 32015
3599.3, 1036, -899, -9644, -1849, 8964, -10255, -3259, 32042
3603.5, 1052, -1434, -9812, -2135, 8649, -2078, 424, 32042
3607.2, 1047, -1434, -9812, -2135, 8649, -2078, 424, 32042
3611.0, 1114, -1434, -9812, -2135, 8649, -2078, 424, 32038
3615.2, 1122, -2073, -9852, -1995, 7752, 6803, 2760, 32038
3618.9, 1266, -2073, -9852, -1995, 7752, 6803, 2760, 32062
3623.1, 1036, -2562, -9906, -1500, 8754, 12770, 1898, 32062
3626.9, 1149, -2562, -9906, -1500, 8754, 12770, 1898, 32031
3630.6, 1105, -2562, -9906, -1500, 8754, 12770, 1898, 32050
3634.9, 1164, -2742, -9932, -991, 8378, 15938, -555, 32050
3638.6, 1472, -2742, -9932, -991, 8378, 15938, -555, 32028
3642.8, 1094, -2367, -10182, -945, 9896, 17290, -2279, 32028
3646.5, 1059, -2367, -10182, -945, 9896, 17290, -2279, 32015
3648.8, 31, -2367, -10182, -945, 9896, 17290, -2279, 32015
3654.5, 1004, -1812, -10034, -622, 14678, 13956, -3101, 32008
3658.2, 1443, -1812, -10034, -622, 14678, 13956, -3101, 32005
3664.0, 1119, -1199, -9849, -562, 16712, 5858, -4554, 31994
3667.7, 1023, -1199, -9849, -562, 16712, 5858, -4554, 31954
3673.4, 1187, -751, -9893, -587, 19276, -1592, -6335, 31993
3677.1, 1082, -751, -9893, -587, 19276, -1592, -6335, 31989
3682.8, 1197, -558, -9881, -1226, 19127, -74, -6076, 31966
3686.5, 1115, -558, -9881, -1226, 19127, -74, -6076, 31969
3690.8, 1010, -717, -9977, -1733, 21455, 10745, -3189, 31969
3694.5, 1044, -717, -9977, -1733, 21455, 10745, -3189, 31963
3696.8, 27, -717, -9977, -1733, 21455, 10745, -3189, 31963
3701.0, 980, -992, -10131, -1641, 25690, 19053, -371, 31963
3704.7, 1151, -992, -10131, -1641, 25690, 19053, -371, 31939
3707.0, 32, -992, -10131, -1641, 25690, 19053, -371, 31939
3712.7, 1078, -1098, -10143, -1935, 28472, 20339, -507, 31925
3716.4, 1068, -1098, -10143, -1935, 28472, 20339, -507, 31920
3720.7, 1213, -1551, -10385, -1453, 30905, 20357, -1627, 31920
3724.4, 1206, -1551, -10385, -1453, 30905, 20357, -1627, 31903
3726.6, 38, -1551, -10385, -1453, 30905, 20357, -1627, 31903
3730.9, 870, -1956, -10488, -870, 35687, 18589, -1531, 31903
3734.7, 1085, -1956, -10488, -870, 35687, 18589, -1531, 31908
3738.9, 1138, -2017, -10493, -1085, 36448, 17084, 183, 31908
3742.6, 1176, -2017, -10493, -1085, 36448, 17084, 183, 31886
3746.4, 1094, -2017, -10493, -1085, 36448, 17084, 183, 31875
3750.6, 950, -1922, -10584, -1411, 41020, 17299, 743, 31875
3754.4, 1150, -1922, -10584, -1411, 41020, 17299, 743, 31868
3758.6, 991, -1509, -10584, -1054, 48510, 16502, -717, 31868
3762.3, 1110, -1509, -10584, -1054, 48510, 16502, -717, 31857
3766.0, 1191, -1509, -10584, -1054, 48510, 16502, -717, 31843
3770.3, 1119, -1219, -10344, -1333, 50470, 13991, -2940, 31843
3774.0, 1123, -1219, -10344, -1333, 50470, 13991, -2940, 31842
3778.3, 952, -1282, -10362, -1453, 52863, 12298, -3430, 31842
3782.0, 1104, -1282, -10362, -1453, 52863, 12298, -3430, 31821
3785.7, 1078, -1282, -10362, -1453, 52863, 12298, -3430, 31795
3790.0, 890, -1289, -10524, -1197, 58822, 16808, -1938, 31795
3793.7, 1110, -1289, -10524, -1197, 58822, 16808, -1938, 31776
3797.9, 1238, -1074, -10588, -1490, 60235, 25506, -1089, 31776
3801.6, 1116, -1074, -10588, -1490, 60235, 25506, -1089, 31751
3803.9, 33, -1074, -10588, -1490, 60235, 25506, -1089, 31751
3809.6, 982, -1055, -10859, -1423, 63219, 35206, -2126, 31698
3813.3, 1176, -1055, -10859, -1423, 63219, 35206, -2126, 31695
3819.0, 1067, -1446, -10850, -531, 68491, 44030, -1854, 31682
3822.8, 1067, -1446, -10850, -531, 68491, 44030, -1854, 31674
3828.5, 932, -1837, -11099, 350, 69616, 46003, 853, 31652
3832.2, 990, -1837, -11099, 350, 69616, 46003, 853, 31636
3838.0, 1150, -1917, -10989, 627, 74284, 38609, 2301, 31596
3841.7, 1089, -1917, -10989, 627, 74284, 38609, 2301, 31615
3846.0, 1058, -1935, -10457, 220, 77819, 26018, 376, 31615
3849.7, 1020, -1935, -10457, 220, 77819, 26018, 376, 31605
3852.0, 28, -1935, -10457, 220, 77819, 26018, 376, 31605
3857.7, 1199, -1919, -10336, -487, 81188, 21919, -2340, 31591
3861.4, 1215, -1919, -10336, -487, 81188, 21919, -2340, 31576
3865.7, 941, -2032, -10298, -704, 80720, 33359, -3036, 31576
3869.4, 1039, -2032, -10298, -704, 80720, 33359, -3036, 31575
3871.7, 30, -2032, -10298, -704, 80720, 33359, -3036, 31575
3875.9, 1026, -2522, -10347, 69, 80553, 52837, -962, 31575
3879.6, 1056, -2522, -10347, 69, 80553, 52837, -962, 31575
3881.9, 33, -2522, -10347, 69, 80553, 52837, -962, 31575
3887.6, 1034, -2544, -10521, 1170, 81144, 62169, 1076, 31570
3891.3, 974, -2544, -10521, 1170, 81144, 62169, 1076, 31594
3895.6, 1073, -2133, -10563, 1570, 82190, 57142, -511, 31594
3899.4, 1089, -2133, -10563, 1570, 82190, 57142, -511, 31579
3901.7, 32, -2133, -10563, 1570, 82190, 57142, -511, 31579
3905.9, 681, -1924, -10405, 1558, 86871, 47780, -2616, 31579
3909.6, 1021, -1924, -10405, 1558, 86871, 47780, -2616, 31596
3913.8, 771, -1851, -10520, 1333, 88945, 41746, -2432, 31596
3917.6, 1213, -1851, -10520, 1333, 88945, 41746, -2432, 31571
3921.3, 1103, -1851, -10520, 1333, 88945, 41746, -2432, 31624
3925.6, 950, -1925, -10171, 1032, 88730, 41694, 402, 31624
3929.3, 985, -1925, -10171, 1032, 88730, 41694, 402, 31625
3933.5, 903, -1925, -10451, 1362, 90962, 44415, 3425, 31625
3937.2, 1497, -1925, -10451, 1362, 90962, 44415, 3425, 31633
3941.0, 1214, -1925, -10451, 1362, 90962, 44415, 3425, 31646
3945.3, 870, -2132, -10092, 1874, 91977, 42998, 4628, 31646
3949.0, 1013, -2132, -10092, 1874, 91977, 42998, 4628, 31602
3953.3, 936, -2724, -10024, 2493, 92768, 42595, 7074, 31602
3957.0, 1166, -2724, -10024, 2493, 92768, 42595, 7074, 31683
3960.7, 1063, -2724, -10024, 2493, 92768, 42595, 7074, 31714
3965.0, 772, -3077, -10065, 2702, 93364, 43860, 11410, 31714
3968.7, 1052, -3077, -10065, 2702, 93364, 43860, 11410, 31716
3972.9, 815, -3077, -10267, 2562, 92729, 44621, 13182, 31716
3977.0, 646, -3077, -10267, 2562, 92729, 44621, 13182, 31785
3980.8, 1015, -3077, -10267, 2562, 92729, 44621, 13182, 31834
3985.1, 971, -2663, -10421, 2778, 90393, 40443, 9524, 31834
3988.8, 967, -2663, -10421, 2778, 90393, 40443, 9524, 31884
3993.0, 912, -2403, -10429, 3132, 92480, 32869, 2869, 31884
3996.8, 1215, -2403, -10429, 3132, 92480, 32869, 2869, 31905
4001.0, 928, -2403, -10429, 3132, 92480, 32869, 2869, 31905
4004.7, 967, -2403, -10429, 3132, 92480, 32869, 2869, 31970
4007.0, 26, -2403, -10429, 3132, 92480, 32869, 2869, 31970
4012.7, 1119, -2191, -10219, 3207, 93657, 23174, 3198, 32012
4016.4, 1058, -2191, -10219, 3207, 93657, 23174, 3198, 32065
4020.7, 986, -2035, -9999, 3032, 93259, 13899, 3198, 32065
4024.5, 1089, -2035, -9999, 3032, 93259, 13899, 3198, 32109
4026.7, 35, -2035, -9999, 3032, 93259, 13899, 3198, 32109
4031.0, 680, -2084, -9854, 3460, 92274, 6575, 14953, 32109
4034.7, 1082, -2084, -9854, 3460, 92274, 6575, 14953, 32164
4037.0, 33, -2084, -9854, 3460, 92274, 6575, 14953, 32164
4042.7, 1076, -2109, -9707, 3278, 92637, 3298, 19525, 32234
4046.4, 1101, -2109, -9707, 3278, 92637, 3298, 19525, 32252
4050.7, 1100, -2466, -9795, 3125, 92637, 3298, 22833, 32252
4054.4, 1401, -2466, -9795, 3125, 92637, 3298, 22833, 32285
4056.6, 66, -2466, -9795, 3125, 92637, 3298, 22833, 32285
4060.9, 652, -2766, -10003, 3053, 91819, 11222, 22540, 32285
4064.7, 1054, -2766, -10003, 3053, 91819, 11222, 22540, 32325
4068.9, 804, -2722, -10481, 2995, 91819, 11222, 22540, 32325
4072.6, 1463, -2722, -10481, 2995, 91819, 11222, 22540, 32828
4076.4, 1541, -2722, -10481, 2995, 91819, 11222, 22540, 32818
4080.6, 793, -2736, -10607, 3226, 93862, 14905, 15435, 32818
4084.4, 1017, -2736, -10607, 3226, 93862, 14905, 15435, 32819
4088.6, 973, -2698, -10579, 2904, 93862, 14905, 15435, 32819
4092.3, 1046, -2698, -10579, 2904, 93862, 14905, 15435, 32832
4096.1, 1035, -2698, -10579, 2904, 93862, 14905, 15435, 32853
4100.3, 972, -2782, -10475, 4239, 96067, 13724, 14958, 32853
4104.0, 1118, -2782, -10475, 4239, 96067, 13724, 14958, 32808
4108.2, 946, -2924, -10267, 3756, 96067, 13724, 14958, 32808
4111.9, 1116, -2924, -10267, 3756, 96067, 13724, 14958, 32895
4115.7, 1052, -2924, -10267, 3756, 96067, 13724, 14958, 32883
4119.9, 1065, -2757, -10458, 3648, 95170, 17679, 17342, 32883
4123.7, 981, -2757, -10458, 3648, 95170, 17679, 17342, 32885
4127.9, 1022, -2528, -10509, 4593, 95170, 17679, 17342, 32885
4131.6, 1116, -2528, -10509, 4593, 95170, 17679, 17342, 32922
4133.9, 34, -2528, -10509, 4593, 95170, 17679, 17342, 32922
4139.6, 1580, -2228, -10618, 3969, 94029, 12066, 17329, 32891
4143.3, 1191, -2228, -10618, 3969, 94029, 12066, 17329, 32897
4149.0, 875, -2192, -10404, 4466, 97953, 12066, 17329, 32902
4152.8, 1206, -2192, -10404, 4466, 97953, 12066, 17329, 32903
4158.5, 1217, -2338, -9960, 4177, 99830, 10478, 19705, 32876
4160.7, 43, -2338, -9960, 4177, 99830, 10478, 19705, 32876
4163.0, 6, -2338, -9960, 4177, 99830, 10478, 19705, 32876
4168.7, 1174, -2669, -9729, 3594, 97249, 17194, 24622, 32925
4170.9, 38, -2669, -9729, 3594, 97249, 17194, 24622, 32925
4173.2, 5, -2669, -9729, 3594, 97249, 17194, 24622, 32925
4178.9, 1162, -2822, -9818, 4094, 95070, 27716, 27947, 32954
4181.2, 57, -2822, -9818, 4094, 95070, 27716, 27947, 32954
4185.5, 1067, -2975, -10008, 4785, 97052, 31609, 26639, 32954
4189.2, 1971, -2975, -10008, 4785, 97052, 31609, 26639, 32925
4191.5, 380, -2975, -10008, 4785, 97052, 31609, 26639, 32925
4195.7, 685, -3051, -10087, 4412, 97800, 32082, 25051, 32925
4199.4, 995, -3051, -10087, 4412, 97800, 32082, 25051, 32943
4201.7, 30, -3051, -10087, 4412, 97800, 32082, 25051, 32943
4205.9, 1318, -2835, -9754, 5307, 100932, 28787, 23669, 32943
4209.6, 1853, -2835, -9754, 5307, 100932, 28787, 23669, 32935
4211.9, 310, -2835, -9754, 5307, 100932, 28787, 23669, 32935
4217.6, 901, -2643, -9303, 4734, 100810, 23971, 23730, 32940
4221.3, 1289, -2643, -9303, 4734, 100810, 23971, 23730, 32933
4225.6, 1102, -2609, -8680, 5128, 102376, 22050, 25580, 32933
4229.4, 1232, -2609, -8680, 5128, 102376, 22050, 25580, 32936
4233.6, 771, -2872, -7989, 5100, 100421, 23892, 31780, 32936
4237.3, 940, -2872, -7989, 5100, 100421, 23892, 31780, 32930
4241.1, 1619, -2872, -7989, 5100, 100421, 23892, 31780, 32933
4245.4, 1426, -2805, -8383, 5532, 100609, 28577, 37826, 32933
4249.1, 1024, -2805, -8383, 5532, 100609, 28577, 37826, 32929
4253.3, 560, -2825, -8429, 5922, 100092, 25637, 39047, 32929
4257.0, 1345, -2825, -8429, 5922, 100092, 25637, 39047, 32913
4260.7, 1541, -2825, -8429, 5922, 100092, 25637, 39047, 32928
4265.0, 960, -2884, -8295, 5334, 101759, 19959, 38470, 32928
4268.7, 1226, -2884, -8295, 5334, 101759, 19959, 38470, 32928
4272.9, 909, -3076, -8064, 5131, 103199, 17102, 39476, 32928
4276.7, 995, -3076, -8064, 5131, 103199, 17102, 39476, 32923
4279.0, 37, -3076, -8064, 5131, 103199, 17102, 39476, 32923
4284.7, 1073, -3293, -7715, 4858, 105342, 18917, 42145, 32816
4288.5, 906, -3293, -7715, 4858, 105342, 18917, 42145, 32935
4292.7, 1478, -3768, -7841, 4651, 104927, 29238, 46813, 32935
4296.4, 1088, -3768, -7841, 4651, 104927, 29238, 46813, 32901
4298.7, 127, -3768, -7841, 4651, 104927, 29238, 46813, 32901
4304.5, 839, -4308, -7840, 5739, 104962, 40416, 50304, 32898
4308.2, 1073, -4308, -7840, 5739, 104962, 40416, 50304, 32907
4313.9, 989, -4658, -7463, 7054, 105872, 44096, 50042, 32874
4317.6, 1096, -4658, -7463, 7054, 105872, 44096, 50042, 32871
4323.3, 1092, -4195, -7411, 7231, 105644, 38859, 45903, 32872
4327.0, 1476, -4195, -7411, 7231, 105644, 38859, 45903, 32874
4332.8, 921, -3074, -6529, 6364, 108759, 21796, 38220, 32879
4336.5, 1163, -3074, -6529, 6364, 108759, 21796, 38220, 32870
4340.8, 784, -2889, -6547, 5873, 113139, 10924, 36037, 32870
4344.5, 1730, -2889, -6547, 5873, 113139, 10924, 36037, 32869
4346.8, 182, -2889, -6547, 5873, 113139, 10924, 36037, 32869
4352.5, 1194, -2712, -6892, 6248, 114683, 8400, 43838, 32879
4356.3, 908, -2712, -6892, 6248, 114683, 8400, 43838, 32799
4360.5, 1505, -3643, -5084, 5072, 116783, 16301, 57449, 32799
4364.3, 1762, -3643, -5084, 5072, 116783, 16301, 57449, 32821
4366.5, 172, -3643, -5084, 5072, 116783, 16301, 57449, 32821
4370.8, 1023, -4246, -5365, 5671, 116613, 29772, 69852, 32821
4374.6, 929, -4246, -5365, 5671, 116613, 29772, 69852, 32807
4376.8, 28, -4246, -5365, 5671, 116613, 29772, 69852, 32807
4382.6, 1489, -4691, -6689, 7835, 118258, 38382, 73138, 32796
4386.3, 1331, -4691, -6689, 7835, 118258, 38382, 73138, 32829
4390.6, 1004, -5307, -6279, 7950, 116271, 42875, 67747, 32829
4394.4, 1034, -5307, -6279, 7950, 116271, 42875, 67747, 32773
4396.6, 33, -5307, -6279, 7950, 116271, 42875, 67747, 32773
4400.9, 733, -4596, -5620, 6273, 117251, 39559, 59680, 32773
4404.6, 1496, -4596, -5620, 6273, 117251, 39559, 59680, 32814
4408.8, 1093, -4036, -5479, 7048, 119658, 22605, 54207, 32814
4412.6, 955, -4036, -5479, 7048, 119658, 22605, 54207, 32821
4416.3, 1061, -4036, -5479, 7048, 119658, 22605, 54207, 32781
4420.6, 706, -4207, -5730, 7439, 125232, 10994, 56088, 32781
4424.3, 1674, -4207, -5730, 7439, 125232, 10994, 56088, 32797
4428.5, 921, -4513, -4442, 6478, 126877, 19521, 65853, 32797
4432.2, 1055, -4513, -4442, 6478, 126877, 19521, 65853, 32769
4435.9, 1325, -4513, -4442, 6478, 126877, 19521, 65853, 32769
4440.2, 1082, -5085, -5203, 7511, 130442, 28564, 72508, 32769
4443.9, 1011, -5085, -5203, 7511, 130442, 28564, 72508, 32750
4448.1, 932, -5262, -4219, 7234, 129261, 34178, 73886, 32750
4451.9, 1179, -5262, -4219, 7234, 129261, 34178, 73886, 32742
4455.6, 1160, -5262, -4219, 7234, 129261, 34178, 73886, 32769
4459.9, 1278, -4726, -4764, 8413, 127896, 32143, 72376, 32769
4463.6, 961, -4726, -4764, 8413, 127896, 32143, 72376, 32720
4467.8, 918, -4012, -3001, 8176, 127345, 17837, 67209, 32720
4471.5, 1064, -4012, -3001, 8176, 127345, 17837, 67209, 32713
4473.8, 82, -4012, -3001, 8176, 127345, 17837, 67209, 32713
4479.5, 1046, -3870, -3476, 6851, 128132, 7503, 68981, 32717
4483.2, 1010, -3870, -3476, 6851, 128132, 7503, 68981, 32732
4489.0, 1166, -4618, -3714, 7861, 131309, 9603, 77583, 32726
4491.2, 72, -4618, -3714, 7861, 131309, 9603, 77583, 32726
4493.5, 11, -4618, -3714, 7861, 131309, 9603, 77583, 32726
4499.2, 1254, -5091, -2899, 7878, 131400, 8951, 83826, 32775
4501.5, 298, -5091, -2899, 7878, 131400, 8951, 83826, 32775
4505.8, 1108, -5383, -2715, 7293, 130381, 13868, 88271, 32775
4509.5, 1328, -5383, -2715, 7293, 130381, 13868, 88271, 32740
4511.8, 117, -5383, -2715, 7293, 130381, 13868, 88271, 32740
4517.5, 980, -5580, -3113, 6847, 129611, 21503, 88350, 32746
4521.3, 1220, -5580, -3113, 6847, 129611, 21503, 88350, 32737
4525.5, 558, -5727, -3431, 6901, 129593, 24032, 80960, 32737
4529.3, 1596, -5727, -3431, 6901, 129593, 24032, 80960, 32728
4531.5, 1255, -5727, -3431, 6901, 129593, 24032, 80960, 32728
4535.8, 1320, -5936, -2568, 6522, 130652, 19525, 74091, 32728
4539.5, 1111, -5936, -2568, 6522, 130652, 19525, 74091, 32720
4541.7, 50, -5936, -2568, 6522, 130652, 19525, 74091, 32720
4547.5, 1284, -5794, -1561, 7205, 132927, 16682, 72683, 32726
4551.3, 1766, -5794, -1561, 7205, 132927, 16682, 72683, 32722
4555.5, 1016, -5722, -1317, 8447, 131645, 12088, 75364, 32722
4559.3, 1199, -5722, -1317, 8447, 131645, 12088, 75364, 32712
4563.5, 838, -5722, -1317, 8447, 128780, 9288, 77609, 32712
4567.2, 1020, -5722, -1317, 8447, 128780, 9288, 77609, 32716
4571.0, 1497, -5722, -1317, 8447, 128780, 9288, 77609, 32747
4575.3, 1159, -5231, -1532, 8096, 128714, 6763, 75128, 32747
4579.0, 1508, -5231, -1532, 8096, 128714, 6763, 75128, 32740
4583.3, 963, -5231, -1532, 8096, 126947, 8426, 72158, 32740
4587.0, 911, -5231, -1532, 8096, 126947, 8426, 72158, 32741
4590.8, 1428, -5231, -1532, 8096, 126947, 8426, 72158, 32752
4595.0, 1853, -5035, -1216, 5327, 128137, 11799, 70749, 32752
4598.7, 1625, -5035, -1216, 5327, 128137, 11799, 70749, 32772
4602.9, 828, -5035, -1216, 5327, 128137, 14218, 71326, 32772
4606.6, 1119, -5035, -1216, 5327, 128137, 14218, 71326, 32783
4608.9, 220, -5035, -1216, 5327, 128137, 14218, 71326, 32783
4614.7, 883, -5331, -463, 7073, 130495, 16568, 70294, 32763
4618.4, 1456, -5331, -463, 7073, 130495, 16568, 70294, 32796
4624.1, 1510, -5423, 169, 8484, 128749, 17815, 68859, 32796
4627.8, 1149, -5423, 169, 8484, 128749, 17815, 68859, 32806
4633.5, 771, -5467, 460, 8320, 125599, 13829, 69344, 32822
4637.3, 844, -5467, 460, 8320, 125599, 13829, 69344, 32825
4643.0, 1797, -5467, 460, 8320, 125599, 13829, 69344, 32850
4646.7, 1145, -5467, 460, 8320, 125599, 13829, 69344, 32860
4652.5, 1070, -5324, 443, 6605, 125043, 13129, 70766, 32866
4656.2, 1016, -5324, 443, 6605, 125043, 13129, 70766, 32883
4658.5, 41, -5324, 443, 6605, 125043, 13129, 70766, 32883
4664.2, 1222, -5152, 183, 6345, 127257, 19263, 66256, 32888
4666.5, 50, -5152, 183, 6345, 127257, 19263, 66256, 32888
4670.7, 1181, -4831, 181, 6345, 127257, 19263, 66256, 32888
4674.5, 1198, -4831, 181, 6345, 127257, 19263, 66256, 32919
4676.8, 56, -4831, 181, 6345, 127257, 19263, 66256, 32919
4682.5, 1110, -5035, 923, 6970, 129821, 15168, 61399, 32906
4686.3, 1131, -5035, 923, 6970, 129821, 15168, 61399, 32918
4690.5, 999, -5490, 1383, 7097, 127493, 15636, 61058, 32918
4694.3, 1097, -5490, 1383, 7097, 127493, 15636, 61058, 32933
4696.5, 51, -5490, 1383, 7097, 127493, 15636, 61058, 32933
4700.8, 753, -5349, 1542, 7657, 128552, 16935, 61430, 32933
4704.6, 975, -5349, 1542, 7657, 128552, 16935, 61430, 33355
4708.8, 717, -5235, 1709, 7642, 127017, 16962, 60949, 33355
4712.5, 1408, -5235, 1709, 7642, 127017, 16962, 60949, 33351
4716.3, 1153, -5235, 1709, 7642, 127017, 16962, 60949, 33358
4720.5, 1161, -5238, 1651, 6948, 126317, 16524, 60594, 33358
4724.3, 1142, -5238, 1651, 6948, 126317, 16524, 60594, 33358
4728.5, 876, -5148, 1438, 6699, 125105, 14302, 62020, 33358
4732.2, 957, -5148, 1438, 6699, 125105, 14302, 62020, 33364
4736.0, 1032, -5148, 1438, 6699, 125105, 14302, 62020, 33298
4740.3, 801, -5021, 1579, 6836, 126859, 7183, 59063, 33298
4744.0, 1701, -5021, 1579, 6836, 126859, 7183, 59063, 33366
4748.2, 1039, -5134, 2210, 7361, 127983, 4558, 55169, 33366
4752.0, 962, -5134, 2210, 7361, 127983, 4558, 55169, 33372
4755.7, 1489, -5134, 2210, 7361, 127983, 4558, 55169, 33373
4760.0, 865, -5413, 2391, 7487, 126032, 6125, 53997, 33373
4763.7, 1013, -5413, 2391, 7487, 126032, 6125, 53997, 33356
4767.9, 963, -5517, 2489, 7764, 122852, 4217, 54067, 33356
4771.7, 966, -5517, 2489, 7764, 122852, 4217, 54067, 33383
4774.0, 89, -5517, 2489, 7764, 122852, 4217, 54067, 33383
4779.7, 1101, -4785, 2671, 7405, 120130, 472, 52903, 33391
4783.5, 877, -4785, 2671, 7405, 120130, 472, 52903, 33393
4787.7, 804, -5012, 2954, 6861, 118468, -940, 51052, 33393
4791.4, 1038, -5012, 2954, 6861, 118468, -940, 51052, 33430
4793.7, 40, -5012, 2954, 6861, 118468, -940, 51052, 33430
4799.5, 921, -5389, 2788, 6620, 121753, -4392, 49692, 33413
4803.2, 1529, -5389, 2788, 6620, 121753, -4392, 49692, 33407
4808.9, 1175, -5380, 2821, 5288, 122602, -1601, 50155, 33410
4811.1, 39, -5380, 2821, 5288, 122602, -1601, 50155, 33410
4813.5, 14, -5380, 2821, 5288, 122602, -1601, 50155, 33410
4819.2, 918, -5242, 3096, 5666, 123197, 7415, 50798, 33386
4821.5, 38, -5242, 3096, 5666, 123197, 7415, 50798, 33386
4825.7, 1068, -5394, 3296, 7125, 122891, 11278, 45439, 33386
4829.4, 1392, -5394, 3296, 7125, 122891, 11278, 45439, 33400
4831.7, 68, -5394, 3296, 7125, 122891, 11278, 45439, 33400
4835.9, 702, -5227, 4396, 7133, 119216, 7665, 39056, 33400
4839.6, 1057, -5227, 4396, 7133, 119216, 7665, 39056, 33390
4841.9, 41, -5227, 4396, 7133, 119216, 7665, 39056, 33390
4847.6, 1351, -5259, 4647, 7006, 118118, 936, 38798, 33373
4851.3, 1195, -5259, 4647, 7006, 118118, 936, 38798, 33393
4855.6, 628, -5221, 4713, 5905, 113900, -6461, 42267, 33393
4859.3, 918, -5221, 4713, 5905, 113900, -6461, 42267, 33422
4861.6, 28, -5221, 4713, 5905, 113900, -6461, 42267, 33422
4865.8, 1361, -5356, 4743, 5309, 116779, -11799, 45662, 33422
4869.6, 1365, -5356, 4743, 5309, 116779, -11799, 45662, 33389
4873.8, 861, -4975, 4570, 3415, 116683, -7848, 46135, 33389
4877.5, 1169, -4975, 4570, 3415, 116683, -7848, 46135, 33401
4881.3, 1142, -4975, 4570, 3415, 116683, -7848, 46135, 33420
4885.5, 808, -4957, 4532, 5791, 120450, 5110, 42901, 33420
4889.3, 1091, -4957, 4532, 5791, 120450, 5110, 42901, 33278
4893.5, 733, -4315, 5334, 6193, 120686, 15544, 36833, 33278
4897.2, 1037, -4315, 5334, 6193, 120686, 15544, 36833, 33431
4901.0, 1071, -4315, 5334, 6193, 120686, 15544, 36833, 33387
4905.2, 1207, -4843, 6243, 5886, 111634, 8986, 35363, 33387
4908.9, 1004, -4843, 6243, 5886, 111634, 8986, 35363, 33447
4913.1, 683, -5037, 6635, 5094, 112522, 3631, 43286, 33447
4916.9, 1172, -5037, 6635, 5094, 112522, 3631, 43286, 33440
4920.6, 1457, -5037, 6635, 5094, 112522, 3631, 43286, 33419
4924.9, 911, -5395, 5695, 4875, 109061, 4965, 52212, 33419
4928.6, 1068, -5395, 5695, 4875, 109061, 4965, 52212, 33407
4932.8, 778, -5433, 5204, 5072, 109424, 2528, 53030, 33407
4936.5, 1421, -5433, 5204, 5072, 109424, 2528, 53030, 33397
4938.8, 285, -5433, 5204, 5072, 109424, 2528, 53030, 33397
4944.5, 686, -4989, 5305, 4473, 107582, -2296, 48812, 33358
4948.3, 1027, -4989, 5305, 4473, 107582, -2296, 48812, 33341
4954.0, 779, -4869, 5664, 5562, 104796, 34, 43597, 33321
4957.7, 918, -4869, 5664, 5562, 104796, 34, 43597, 33314
4963.4, 1170, -4835, 6452, 4993, 97988, 2677, 40924, 33332
4967.1, 1125, -4835, 6452, 4993, 97988, 2677, 40924, 33305
4972.8, 1075, -4433, 6821, 4755, 88949, 2922, 43833, 33285
4976.5, 1016, -4433, 6821, 4755, 88949, 2922, 43833, 33277
4980.8, 622, -4290, 6422, 4016, 86460, 4217, 48475, 33277
4984.5, 1303, -4290, 6422, 4016, 86460, 4217, 48475, 33233
4986.8, 401, -4290, 6422, 4016, 86460, 4217, 48475, 33233
4991.0, 850, -3899, 6580, 2081, 83808, 11672, 49867, 33233
4994.7, 1011, -3899, 6580, 2081, 83808, 11672, 49867, 33235
4997.0, 27, -3899, 6580, 2081, 83808, 11672, 49867, 33235
5002.7, 1038, -4117, 6748, 4237, 84101, 15715, 46213, 33220
5006.4, 1012, -4117, 6748, 4237, 84101, 15715, 46213, 33222
5010.7, 867, -4442, 7235, 4447, 89723, 22671, 41182, 33222
5014.4, 1036, -4442, 7235, 4447, 89723, 22671, 41182, 33223
5016.6, 29, -4442, 7235, 4447, 89723, 22671, 41182, 33223
5020.9, 964, -4046, 7160, 3427, 78821, 41033, 36689, 33223
5024.7, 955, -4046, 7160, 3427, 78821, 41033, 36689, 33211
5028.9, 868, -4836, 7478, 5420, 77329, 43838, 36177, 33211
5032.6, 1046, -4836, 7478, 5420, 77329, 43838, 36177, 33212
5036.4, 985, -4836, 7478, 5420, 77329, 43838, 36177, 33211
5040.6, 953, -3667, 7174, 3717, 70827, 37949, 34952, 33211
5044.4, 1081, -3667, 7174, 3717, 70827, 37949, 34952, 33228
5048.6, 811, -4776, 7301, 3337, 64799, 30082, 37765, 33228
5052.3, 923, -4776, 7301, 3337, 64799, 30082, 37765, 33220
5056.1, 1140, -4776, 7301, 3337, 64799, 30082, 37765, 33223
5060.3, 1135, -4792, 6989, 3022, 63399, 27641, 42066, 33223
5064.1, 1064, -4792, 6989, 3022, 63399, 27641, 42066, 33235
5068.3, 909, -4950, 6585, 2393, 55471, 31364, 43129, 33235
5072.0, 1111, -4950, 6585, 2393, 55471, 31364, 43129, 33254
5075.7, 1052, -4950, 6585, 2393, 55471, 31364, 43129, 33266
5080.0, 995, -4342, 7126, 3428, 52776, 30647, 40101, 33266
5083.7, 1133, -4342, 7126, 3428, 52776, 30647, 40101, 33273
5088.0, 821, -3847, 7588, 4119, 50978, 32883, 37660, 33273
5091.7, 1048, -3847, 7588, 4119, 50978, 32883, 37660, 33291
5094.0, 38, -3847, 7588, 4119, 50978, 32883, 37660, 33291
5099.7, 995, -4643, 7579, 4045, 48331, 36190, 35713, 33241
5103.5, 1060, -4643, 7579, 4045, 48331, 36190, 35713, 33264
5107.7, 906, -4892, 6981, 2934, 45907, 46773, 33639, 33264
5111.5, 1084, -4892, 6981, 2934, 45907, 46773, 33639, 33301
5113.8, 39, -4892, 6981, 2934, 45907, 46773, 33639, 33301
5119.5, 1053, -5256, 6406, 3502, 37503, 46839, 26281, 33350
5123.2, 1127, -5256, 6406, 3502, 37503, 46839, 26281, 33406
5129.0, 1185, -4179, 8305, 3168, 34431, 39240, 20497, 33469
5131.2, 36, -4179, 8305, 3168, 34431, 39240, 20497, 33469
5133.5, 12, -4179, 8305, 3168, 34431, 39240, 20497, 33469
5139.2, 1200, -2961, 9763, 2251, 48869, 15898, 8028, 33510
5141.5, 37, -2961, 9763, 2251, 48869, 15898, 8028, 33510
5145.8, 778, -2961, 9763, 2912, 51407, 12062, 6807, 33510
5149.5, 1305, -2961, 9763, 2912, 51407, 12062, 6807, 33617
5151.8, 50, -2961, 9763, 2912, 51407, 12062, 6807, 33617
5156.0, 1045, -5440, 6752, 3651, 45561, 16380, 13444, 33617
5159.7, 1154, -5440, 6752, 3651, 45561, 16380, 13444, 33666
5162.0, 34, -5440, 6752, 3651, 45561, 16380, 13444, 33666
5167.7, 1183, -4872, 7390, 3534, 37783, 11191, 16113, 33737
5171.4, 1288, -4872, 7390, 3534, 37783, 11191, 16113, 33811
5175.6, 993, -4533, 7179, 3603, 32261, 7503, 22413, 33811
5179.4, 1074, -4533, 7179, 3603, 32261, 7503, 22413, 33860
5181.6, 54, -4533, 7179, 3603, 32261, 7503, 22413, 33860
5185.9, 882, -4846, 7944, 3820, 30030, 3635, 22934, 33860
5189.7, 1133, -4846, 7944, 3820, 30030, 3635, 22934, 33946
5193.9, 953, -4846, 7944, 3820, 30030, 3635, 22934, 33946
5197.6, 1087, -4846, 7944, 3820, 30030, 3635, 22934, 34028
5201.4, 1791, -4846, 7944, 3820, 30030, 3635, 22934, 34097
5205.6, 1006, -4123, 8900, 2508, 15255, 9121, 25799, 34097
5209.4, 1023, -4123, 8900, 2508, 15255, 9121, 25799, 34187
5213.6, 918, -4123, 8900, 2508, 15255, 9121, 25799, 34187
5217.3, 1009, -4123, 8900, 2508, 15255, 9121, 25799, 34235
5221.0, 1174, -4123, 8900, 2508, 15255, 9121, 25799, 34309
5225.3, 1021, -4533, 9552, 1756, 196, 2891, 3745, 34309
5229.0, 1020, -4533, 9552, 1756, 196, 2891, 3745, 34400
5233.2, 1313, -4533, 9552, 1756, 196, 2891, 3745, 34400
5237.0, 1125, -4533, 9552, 1756, 196, 2891, 3745, 34484
5240.7, 1121, -4533, 9552, 1756, 196, 2891, 3745, 34557
5245.0, 1004, -4769, 7959, 2360, -18545, 8977, 5315, 34557
5248.7, 1058, -4769, 7959, 2360, -18545, 8977, 5315, 34630
5252.9, 1076, -4769, 7959, 2360, -18545, 8977, 5315, 34630
5256.6, 1214, -4769, 7959, 2360, -18545, 8977, 5315, 34701
5258.9, 45, -4769, 7959, 2360, -18545, 8977, 5315, 34701
5264.6, 977, -4499, 7797, 3157, -32716, 14818, 2559, 33701
5268.3, 946, -4499, 7797, 3157, -32716, 14818, 2559, 33706
5274.0, 1123, -4499, 8065, 3038, -36938, 11064, 349, 33713
5277.8, 1173, -4499, 8065, 3038, -36938, 11064, 349, 33727
5283.5, 1029, -4085, 8065, 3038, -39231, 4812, 1369, 33735
5287.2, 1006, -4085, 8065, 3038, -39231, 4812, 1369, 33749
5293.0, 1148, -3905, 8203, 3163, -39231, 4812, 1369, 33747
5296.7, 1098, -3905, 8203, 3163, -39231, 4812, 1369, 33775
5300.9, 924, -3915, 8358, 3025, -41593, 2826, 4108, 33775
5304.6, 1114, -3915, 8358, 3025, -41593, 2826, 4108, 33774
5306.9, 36, -3915, 8358, 3025, -41593, 2826, 4108, 33774
5312.6, 1154, -4169, 8097, 2858, -45750, 783, 3836, 33838
5316.3, 1059, -4169, 8097, 2858, -45750, 783, 3836, 33852
5320.6, 906, -4220, 8243, 3305, -48471, -3386, 2270, 33852
5324.3, 1133, -4220, 8243, 3305, -48471, -3386, 2270, 33880
5326.6, 38, -4220, 8243, 3305, -48471, -3386, 2270, 33880
5330.8, 963, -4091, 8255, 2830, -50059, -8780, 1172, 33880
5334.9, 725, -4091, 8255, 2830, -50059, -8780, 1172, 33962
5337.2, 29, -4091, 8255, 2830, -50059, -8780, 1172, 33962
5342.9, 1214, -4314, 8360, 2394, -52286, -14625, 804, 34020
5346.6, 1099, -4314, 8360, 2394, -52286, -14625, 804, 34104
5350.9, 1042, -4874, 8111, 2602, -54430, -21302, -1767, 34104
5354.7, 1051, -4874, 8111, 2602, -54430, -21302, -1767, 34198
5358.9, 877, -4110, 8140, 2445, -58429, -25322, -3123, 34198
5362.6, 1099, -4110, 8140, 2445, -58429, -25322, -3123, 34282
5366.4, 1197, -4110, 8140, 2445, -58429, -25322, -3123, 34375
5370.6, 1031, -4100, 8107, 4130, -62047, -35438, -975, 34375
5374.4, 1024, -4100, 8107, 4130, -62047, -35438, -975, 34478
5378.6, 924, -3949, 8136, 2757, -62029, -46550, 5263, 34478
5382.3, 1095, -3949, 8136, 2757, -62029, -46550, 5263, 34572
5386.0, 1049, -3949, 8136, 2757, -62029, -46550, 5263, 34665
5390.3, 848, -3819, 8917, 3284, -55357, -61802, 5416, 34665
5394.0, 1035, -3819, 8917, 3284, -55357, -61802, 5416, 34733
5398.2, 829, -3597, 8810, 3946, -56167, -74196, 5333, 34733
5402.0, 951, -3597, 8810, 3946, -56167, -74196, 5333, 34834
5405.8, 1026, -3597, 8810, 3946, -56167, -74196, 5333, 34900
5410.0, 927, -4064, 8989, 3954, -58004, -90143, 2169, 34900
5413.8, 1018, -4064, 8989, 3954, -58004, -90143, 2169, 34953
5418.0, 1007, -4898, 9132, 3204, -52430, -95179, -2406, 34953
5421.7, 1056, -4898, 9132, 3204, -52430, -95179, -2406, 34970
5424.0, 33, -4898, 9132, 3204, -52430, -95179, -2406, 34970
5429.8, 951, -2303, 10028, 2637, -49442, -88262, -6234, 35041
5433.5, 1060, -2303, 10028, 2637, -49442, -88262, -6234, 35062
5437.7, 827, -1533, 9069, 3396, -54517, -82115, -16480, 35062
5441.5, 1116, -1533, 9069, 3396, -54517, -82115, -16480, 35090
5443.8, 42, -1533, 9069, 3396, -54517, -82115, -16480, 35090
5449.5, 857, -976, 9203, 2668, -51280, -66697, -28538, 35138
5453.3, 1109, -976, 9203, 2668, -51280, -66697, -28538, 35123
5459.0, 1098, -1546, 8377, 3458, -43838, -40320, -36308, 35149
5461.2, 31, -1546, 8377, 3458, -43838, -40320, -36308, 35149
5465.5, 628, -1591, 8724, 3439, -49311, -13645, -40556, 35149
5469.3, 1021, -1591, 8724, 3439, -49311, -13645, -40556, 35153
5471.5, 30, -1591, 8724, 3439, -49311, -13645, -40556, 35153
5475.8, 866, -2753, 8032, 4152, -60918, 9682, -34974, 35153
5479.5, 1021, -2753, 8032, 4152, -60918, 9682, -34974, 35166
5481.8, 31, -2753, 8032, 4152, -60918, 9682, -34974, 35166
5486.0, 884, -3860, 7677, 4183, -72372, 23183, -24662, 35166
5489.7, 1069, -3860, 7677, 4183, -72372, 23183, -24662, 35169
5492.0, 29, -3860, 7677, 4183, -72372, 23183, -24662, 35169
5497.8, 1097, -4548, 7003, 4242, -80387, 24679, -17023, 35136
5501.5, 1034, -4548, 7003, 4242, -80387, 24679, -17023, 35028
5505.8, 837, -4628, 6736, 3941, -75483, 26377, -16480, 35028
5509.5, 998, -4628, 6736, 3941, -75483, 26377, -16480, 34990
5511.8, 28, -4628, 6736, 3941, -75483, 26377, -16480, 34990
5516.0, 796, -4360, 5959, 4130, -80991, 33635, -25152, 34990
5519.7, 1085, -4360, 5959, 4130, -80991, 33635, -25152, 34892
5523.9, 813, -4248, 6724, 4475, -88271, 37454, -38973, 34892
5527.7, 1076, -4248, 6724, 4475, -88271, 37454, -38973, 34791
5531.4, 1043, -4248, 6724, 4475, -88271, 37454, -38973, 34694
5535.7, 554, -4616, 7068, 5560, -94545, 34904, -48073, 34694
5539.4, 986, -4616, 7068, 5560, -94545, 34904, -48073, 34650
5543.6, 908, -5228, 7091, 5331, -100591, 28171, -50182, 34650
5547.3, 1250, -5228, 7091, 5331, -100591, 28171, -50182, 34618
5551.1, 1035, -5228, 7091, 5331, -100591, 28171, -50182, 34596
5555.3, 699, -5165, 6454, 5065, -107854, 16073, -51306, 34596
5559.0, 1076, -5165, 6454, 5065, -107854, 16073, -51306, 34585
5563.2, 956, -4744, 6005, 5066, -105360, 8876, -54517, 34585
5566.9, 1080, -4744, 6005, 5066, -105360, 8876, -54517, 34572
5570.7, 1092, -4744, 6005, 5066, -105360, 8876, -54517, 34576
5575.0, 907, -4257, 5836, 4771, -107092, 8255, -60647, 34576
5578.7, 1091, -4257, 5836, 4771, -107092, 8255, -60647, 34574
5582.9, 931, -4248, 5601, 4833, -114933, 14437, -66894, 34574
5586.6, 928, -4248, 5601, 4833, -114933, 14437, -66894, 34282
5588.9, 29, -4248, 5601, 4833, -114933, 14437, -66894, 34282
5594.6, 855, -4170, 5667, 4075, -128329, 23979, -71164, 34595
5598.3, 1070, -4170, 5667, 4075, -128329, 23979, -71164, 34633
5604.0, 930, -3677, 5148, 5139, -129790, 24347, -73396, 34669
5607.7, 1047, -3677, 5148, 5139, -129790, 24347, -73396, 34699
5613.5, 1046, -3775, 5390, 6211, -120716, 16030, -72481, 34741
5615.7, 32, -3775, 5390, 6211, -120716, 16030, -72481, 34741
5618.0, 4, -3775, 5390, 6211, -120716, 16030, -72481, 34741
5623.7, 1280, -4322, 5344, 5300, -123530, 15295, -68237, 34747
5625.9, 50, -4322, 5344, 5300, -123530, 15295, -68237, 34747
5628.2, 7, -4322, 5344, 5300, -123530, 15295, -68237, 34747
5633.9, 1155, -4698, 4457, 6333, -125498, 26985, -63315, 34806
5636.2, 33, -4698, 4457, 6333, -125498, 26985, -63315, 34806
5640.4, 865, -4557, 3483, 7805, -121985, 26062, -64790, 34806
5644.2, 1201, -4557, 3483, 7805, -121985, 26062, -64790, 34826
5646.5, 41, -4557, 3483, 7805, -121985, 26062, -64790, 34826
5650.7, 858, -4667, 3565, 7017, -123858, 8041, -67555, 34826
5654.4, 1119, -4667, 3565, 7017, -123858, 8041, -67555, 34846
5656.7, 31, -4667, 3565, 7017, -123858, 8041, -67555, 34846
5660.9, 1069, -5155, 3743, 6061, -124422, -10066, -63456, 34846
5664.6, 1145, -5155, 3743, 6061, -124422, -10066, -63456, 34894
5666.9, 33, -5155, 3743, 6061, -124422, -10066, -63456, 34894
5672.6, 1107, -4908, 3559, 3573, -135474, -17132, -57212, 34875
5676.3, 976, -4908, 3559, 3573, -135474, -17132, -57212, 34886
5680.6, 854, -4597, 3638, 4422, -140737, -14065, -56823, 34886
5684.4, 1020, -4597, 3638, 4422, -140737, -14065, -56823, 34875
5688.6, 798, -4465, 3677, 6401, -137084, -4383, -67047, 34875
5692.3, 1022, -4465, 3677, 6401, -137084, -4383, -67047, 34936
5696.1, 1039, -4465, 3677, 6401, -137084, -4383, -67047, 34928
5700.4, 680, -5143, 3500, 6506, -133780, 6230, -75754, 34928
5704.1, 1014, -5143, 3500, 6506, -133780, 6230, -75754, 34929
5708.3, 1420, -5665, 3155, 7231, -130140, 20641, -72179, 34929
5712.0, 1366, -5665, 3155, 7231, -130140, 20641, -72179, 34897
5715.7, 1081, -5665, 3155, 7231, -130140, 20641, -72179, 34914
5720.0, 829, -5395, 1967, 8367, -133334, 17417, -66995, 34914
5723.7, 1085, -5395, 1967, 8367, -133334, 17417, -66995, 34911
5727.9, 873, -5365, 2361, 7106, -138243, 323, -69283, 34911
5731.7, 991, -5365, 2361, 7106, -138243, 323, -69283, 34885
5734.0, 31, -5365, 2361, 7106, -138243, 323, -69283, 34885
5739.7, 872, -5617, 2364, 6208, -142286, -10482, -76008, 34925
5743.5, 1011, -5617, 2364, 6208, -142286, -10482, -76008, 34938
5747.7, 764, -5508, 2750, 5074, -143331, -10600, -82610, 34938
5751.4, 1030, -5508, 2750, 5074, -143331, -10600, -82610, 34971
5753.7, 30, -5508, 2750, 5074, -143331, -10600, -82610, 34971
5759.5, 814, -5763, 2152, 7033, -143344, -11694, -87532, 35001
5763.3, 1070, -5763, 2152, 7033, -143344, -11694, -87532, 35027
5769.0, 868, -5662, 1921, 7869, -143344, -16432, -88617, 35055
5772.7, 992, -5662, 1921, 7869, -143344, -16432, -88617, 35081
5778.5, 1299, -5737, 1306, 6618, -143344, -16533, -82150, 35104
5780.7, 66, -5737, 1306, 6618, -143344, -16533, -82150, 35104
5783.0, 5, -5737, 1306, 6618, -143344, -16533, -82150, 35104
5788.7, 955, -5450, 1369, 8127, -143344, -22212, -81210, 35117
5790.9, 29, -5450, 1369, 8127, -143344, -22212, -81210, 35117
5793.2, 7, -5450, 1369, 8127, -143344, -22212, -81210, 35117
5798.9, 1417, -5240, 1808, 5821, -143344, -26193, -86315, 35107
5801.2, 101, -5240, 1808, 5821, -143344, -26193, -86315, 35107
5805.4, 803, -5240, 1808, 5821, -143344, -20724, -87873, 35107
5809.2, 1170, -5240, 1808, 5821, -143344, -20724, -87873, 35092
5811.5, 51, -5240, 1808, 5821, -143344, -20724, -87873, 35092
5815.7, 948, -5379, 754, 5745, -143344, -10053, -86215, 35092
5819.4, 1171, -5379, 754, 5745, -143344, -10053, -86215, 35066
5821.7, 51, -5379, 754, 5745, -143344, -10053, -86215, 35066
5825.9, 815, -5352, 179, 3616, -143344, 6781, -83721, 35066
5829.6, 968, -5352, 179, 3616, -143344, 6781, -83721, 34194
5831.9, 36, -5352, 179, 3616, -143344, 6781, -83721, 34194
5837.6, 1134, -4950, -2190, 8530, -143344, 16415, -83607, 34190
5841.3, 963, -4950, -2190, 8530, -143344, 16415, -83607, 34130
5845.6, 671, -4950, -2190, 10709, -143344, -2848, -89929, 34130
5849.3, 1001, -4950, -2190, 10709, -143344, -2848, -89929, 34239
5851.6, 41, -4950, -2190, 10709, -143344, -2848, -89929, 34239
5855.9, 957, -5587, 149, 9173, -143344, -25069, -93609, 34239
5859.6, 1160, -5587, 149, 9173, -143344, -25069, -93609, 34217
5863.8, 1025, -5587, 149, 9173, -143344, -25069, -93609, 34217
5867.6, 1076, -5587, 149, 9173, -143344, -25069, -93609, 34219
5871.3, 1048, -5587, 149, 9173, -143344, -25069, -93609, 34209
5875.6, 1167, -5264, -1275, 4502, -143344, -28306, -80536, 34209
5879.4, 1147, -5264, -1275, 4502, -143344, -28306, -80536, 34213
5883.6, 842, -5264, -1275, 4502, -143344, -28306, -80536, 34213
5887.3, 1070, -5264, -1275, 4502, -143344, -28306, -80536, 34873
5891.1, 1190, -5264, -1275, 4502, -143344, -28306, -80536, 34215
5895.3, 779, -4824, -3692, 4262, -143344, -7577, -83266, 34215
5899.1, 1184, -4824, -3692, 4262, -143344, -7577, -83266, 34191
5903.3, 840, -4824, -3692, 4262, -143344, -7577, -83266, 34191
5907.0, 1231, -4824, -3692, 4262, -143344, -7577, -83266, 34170
5910.8, 1209, -4824, -3692, 4262, -143344, -7577, -83266, 34197
5915.0, 846, -4910, -4401, 12291, -143344, 13584, -86779, 34197
5918.7, 1100, -4910, -4401, 12291, -143344, 13584, -86779, 34156
5923.0, 1042, -4910, -4401, 12291, -143344, 13584, -86779, 34156
5926.8, 1219, -4910, -4401, 12291, -143344, 13584, -86779, 34155
5932.5, 879, -5032, -3677, 9658, -143344, -3080, -84972, 34158
5936.3, 952, -5032, -3677, 9658, -143344, -3080, -84972, 34158
5938.6, 28, -5032, -3677, 9658, -143344, -3080, -84972, 34158
5944.3, 1389, -5151, -3416, 6237, -143344, -5267, -77675, 34183
5946.5, 122, -5151, -3416, 6237, -143344, -5267, -77675, 34183
5950.8, 1235, -5005, -3919, 4966, -143344, 332, -72669, 34183
5954.5, 995, -5005, -3919, 4966, -143344, 332, -72669, 34194
5956.8, 32, -5005, -3919, 4966, -143344, 332, -72669, 34194
5962.6, 1042, -5091, -4836, 6005, -143213, 971, -78641, 34198
5966.3, 929, -5091, -4836, 6005, -143213, 971, -78641, 34214
5970.6, 1011, -5830, -5332, 4852, -141494, 9515, -86587, 34214
5974.3, 1386, -5830, -5332, 4852, -141494, 9515, -86587, 34199
5976.6, 168, -5830, -5332, 4852, -141494, 9515, -86587, 34199
5980.8, 808, -5837, -6272, 6716, -138072, 27790, -90808, 34199
5984.6, 1551, -5837, -6272, 6716, -138072, 27790, -90808, 34191
5986.8, 447, -5837, -6272, 6716, -138072, 27790, -90808, 34191
5992.6, 989, -5283, -6823, 8993, -134362, 36028, -94484, 34181
5996.3, 1039, -5283, -6823, 8993, -134362, 36028, -94484, 34170
6000.6, 923, -4506, -6449, 8075, -136664, 26775, -99265, 34170
6004.3, 1493, -4506, -6449, 8075, -136664, 26775, -99265, 34182
6006.6, 575, -4506, -6449, 8075, -136664, 26775, -99265, 34182
6010.8, 1027, -4413, -5710, 7661, -135482, 15330, -100070, 34182
6014.6, 1464, -4413, -5710, 7661, -135482, 15330, -100070, 34169
6018.8, 715, -4727, -5558, 5168, -136939, 15588, -94002, 34169
6022.5, 975, -4727, -5558, 5168, -136939, 15588, -94002, 34203
6026.3, 1116, -4727, -5558, 5168, -136939, 15588, -94002, 34168
6030.5, 1008, -4749, -6178, 4797, -133028, 25497, -86862, 34168
6034.2, 1690, -4749, -6178, 4797, -133028, 25497, -86862, 34163
6038.4, 923, -4132, -7034, 3800, -130950, 31959, -86184, 34163
6042.2, 977, -4132, -7034, 3800, -130950, 31959, -86184, 34165
6045.9, 1218, -4132, -7034, 3800, -130950, 31959, -86184, 34183
6050.2, 650, -3675, -7469, 5308, -128421, 37196, -91250, 34183
6053.9, 1533, -3675, -7469, 5308, -128421, 37196, -91250, 34183
6058.1, 1326, -3857, -7197, 9133, -125070, 34825, -94755, 34183
6061.8, 1397, -3857, -7197, 9133, -125070, 34825, -94755, 34247
6065.6, 1366, -3857, -7197, 9133, -125070, 34825, -94755, 34207
6069.8, 1101, -4262, -6843, 7954, -127043, 28634, -87899, 34207
6073.5, 1227, -4262, -6843, 7954, -127043, 28634, -87899, 34215
6077.8, 733, -4975, -7052, 7200, -128622, 25406, -74594, 34215
6081.5, 1148, -4975, -7052, 7200, -128622, 25406, -74594, 34226
6083.8, 436, -4975, -7052, 7200, -128622, 25406, -74594, 34226
6089.6, 1190, -5417, -7395, 6200, -127021, 20352, -67743, 34230
6093.3, 987, -5417, -7395, 6200, -127021, 20352, -67743, 34214
6099.0, 1655, -5568, -7818, 2307, -124514, 24754, -71248, 34234
6101.3, 440, -5568, -7818, 2307, -124514, 24754, -71248, 34234
6103.5, 65, -5568, -7818, 2307, -124514, 24754, -71248, 34234
6109.3, 1268, -5653, -8186, 1705, -119316, 44551, -81800, 34194
6111.5, 330, -5653, -8186, 1705, -119316, 44551, -81800, 34194
6115.8, 875, -5656, -9278, 3537, -115751, 65770, -92348, 34194
6119.5, 1472, -5656, -9278, 3537, -115751, 65770, -92348, 34181
6121.8, 510, -5656, -9278, 3537, -115751, 65770, -92348, 34181
6127.5, 1290, -4607, -10100, 5731, -111993, 71528, -101462, 34173
6131.2, 1211, -4607, -10100, 5731, -111993, 71528, -101462, 34170
6135.5, 1130, -4045, -9769, 8653, -106392, 55747, -107613, 34170
6139.2, 1100, -4045, -9769, 8653, -106392, 55747, -107613, 34163
6141.5, 43, -4045, -9769, 8653, -106392, 55747, -107613, 34163
6145.7, 681, -4100, -8365, 7205, -106366, 33285, -101204, 34163
6149.4, 1324, -4100, -8365, 7205, -106366, 33285, -101204, 34171
6151.7, 243, -4100, -8365, 7205, -106366, 33285, -101204, 34171
6155.9, 847, -4108, -7772, 5662, -108313, 22395, -83240, 34171
6159.6, 994, -4108, -7772, 5662, -108313, 22395, -83240, 34184
6163.9, 984, -3867, -7972, 4657, -110251, 15977, -69139, 34184
6167.6, 1189, -3867, -7972, 4657, -110251, 15977, -69139, 34200
6171.3, 1126, -3867, -7972, 4657, -110251, 15977, -69139, 34205
6175.5, 1182, -3465, -8517, 3582, -110693, 10648, -68513, 34205
6179.3, 1552, -3465, -8517, 3582, -110693, 10648, -68513, 34193
6183.5, 1143, -3842, -8577, 4961, -108199, 6676, -75417, 34193
6187.2, 1274, -3842, -8577, 4961, -108199, 6676, -75417, 34227
6191.0, 1179, -3842, -8577, 4961, -108199, 6676, -75417, 34232
6195.3, 944, -3850, -8694, 4868, -111643, 7315, -77797, 34232
6199.0, 1556, -3850, -8694, 4868, -111643, 7315, -77797, 34229
6203.3, 1221, -3887, -8458, 5021, -112395, 5652, -72556, 34229
6207.0, 1323, -3887, -8458, 5021, -112395, 5652, -72556, 34199
6210.7, 1388, -3887, -8458, 5021, -112395, 5652, -72556, 34230
6215.0, 1171, -4064, -8248, 3543, -113003, 4248, -62519, 34230
6218.7, 1276, -4064, -8248, 3543, -113003, 4248, -62519, 34215
6222.9, 928, -4328, -8539, 4262, -110129, 9909, -53323, 34215
6226.7, 1028, -4328, -8539, 4262, -110129, 9909, -53323, 34203
6229.0, 172, -4328, -8539, 4262, -110129, 9909, -53323, 34203
6234.7, 1409, -4735, -9180, 3432, -114753, 19683, -49976, 34191
6238.5, 1296, -4735, -9180, 3432, -114753, 19683, -49976, 34193
6242.7, 849, -4727, -9845, 4816, -116066, 22986, -55064, 34193
6246.4, 1152, -4727, -9845, 4816, -116066, 22986, -55064, 34199
6248.7, 343, -4727, -9845, 4816, -116066, 22986, -55064, 34199
6254.4, 1339, -4520, -9326, 5690, -114499, 4042, -67634, 34209
6258.2, 955, -4520, -9326, 5690, -114499, 4042, -67634, 34229
6263.9, 1385, -3851, -8416, 4207, -116293, -19534, -75413, 34240
6266.1, 322, -3851, -8416, 4207, -116293, -19534, -75413, 34240
6268.5, 34, -3851, -8416, 4207, -116293, -19534, -75413, 34240
6274.2, 1536, -3235, -8467, 4589, -115738, -38168, -71746, 34243
6276.5, 513, -3235, -8467, 4589, -115738, -38168, -71746, 34243
6280.7, 1143, -3068, -8640, 2645, -116818, -53472, -60861, 34243
6284.4, 1470, -3068, -8640, 2645, -116818, -53472, -60861, 34235
6286.7, 633, -3068, -8640, 2645, -116818, -53472, -60861, 34235
6290.9, 896, -3309, -9043, 964, -117400, -50221, -47631, 34235
6294.6, 1419, -3309, -9043, 964, -117400, -50221, -47631, 34231
6296.9, 545, -3309, -9043, 964, -117400, -50221, -47631, 34231
6302.6, 1466, -3577, -9816, 2435, -114193, -36291, -38911, 34229
6306.3, 1442, -3577, -9816, 2435, -114193, -36291, -38911, 34211
6310.6, 1049, -3647, -10019, 2350, -113476, -27711, -37774, 34211
6314.3, 1203, -3647, -10019, 2350, -113476, -27711, -37774, 34185
6316.5, 466, -3647, -10019, 2350, -113476, -27711, -37774, 34185
6320.8, 1131, -3664, -9974, 2025, -115208, -23795, -40683, 34185
6324.6, 1563, -3664, -9974, 2025, -115208, -23795, -40683, 34179
6328.8, 1277, -3664, -9736, 3058, -112837, -26871, -45570, 34179
6332.5, 1349, -3664, -9736, 3058, -112837, -26871, -45570, 34161
6336.3, 1377, -3664, -9736, 3058, -112837, -26871, -45570, 34159
6340.5, 1105, -3375, -9785, 2569, -114661, -35083, -49622, 34159
6344.3, 1372, -3375, -9785, 2569, -114661, -35083, -49622, 34148
6348.5, 1034, -3375, -9763, 999, -114679, -43002, -51923, 34148
6352.2, 1425, -3375, -9763, 999, -114679, -43002, -51923, 33763
6356.0, 1415, -3375, -9763, 999, -114679, -43002, -51923, 33737
6360.3, 1168, -2379, -9796, 505, -109634, -48642, -53620, 33737
6364.0, 1295, -2379, -9796, 505, -109634, -48642, -53620, 33707
6368.2, 960, -2379, -10012, -27, -107779, -48943, -53660, 33707
6372.0, 1336, -2379, -10012, -27, -107779, -48943, -53660, 33643
6375.7, 1399, -2379, -10012, -27, -107779, -48943, -53660, 33651
6380.0, 952, -2041, -10505, -430, -107653, -41256, -49254, 33651
6383.7, 1337, -2041, -10505, -430, -107653, -41256, -49254, 33633
6387.9, 997, -2041, -10785, -647, -104831, -34313, -42617, 33633
6391.7, 1266, -2041, -10785, -647, -104831, -34313, -42617, 33603
6394.0, 53, -2041, -10785, -647, -104831, -34313, -42617, 33603
6399.7, 1068, -2215, -10788, -689, -98110, -33569, -38321, 33643
6403.5, 1357, -2215, -10788, -689, -98110, -33569, -38321, 33582
6407.7, 1064, -2215, -10658, -763, -93057, -31977, -35228, 33582
6411.4, 1237, -2215, -10658, -763, -93057, -31977, -35228, 33576
6413.7, 79, -2215, -10658, -763, -93057, -31977, -35228, 33576
6419.5, 1052, -2330, -10874, -475, -85467, -30069, -35101, 33564
6423.2, 1157, -2330, -10874, -475, -85467, -30069, -35101, 33560
6428.9, 1157, -2063, -10889, -477, -79586, -29689, -38715, 33574
6431.1, 51, -2063, -10889, -477, -79586, -29689, -38715, 33574
6433.5, 53, -2063, -10889, -477, -79586, -29689, -38715, 33574
6439.2, 1376, -1551, -10990, -900, -73995, -28249, -42031, 33583
6441.5, 71, -1551, -10990, -900, -73995, -28249, -42031, 33583
6445.7, 735, -1551, -10990, -900, -73995, -28249, -42031, 33583
6449.4, 1211, -1551, -10990, -900, -73995, -28249, -42031, 33584
6451.7, 72, -1551, -10990, -900, -73995, -28249, -42031, 33584
6456.0, 1124, -966, -10865, -1204, -67936, -24767, -40071, 33584
6459.7, 1305, -966, -10865, -1204, -67936, -24767, -40071, 33606
6462.0, 131, -966, -10865, -1204, -67936, -24767, -40071, 33606
6467.7, 1418, -745, -10831, -1140, -55712, -26897, -33530, 33615
6471.4, 1275, -745, -10831, -1140, -55712, -26897, -33530, 33582
6475.7, 847, -1043, -10876, -1331, -55712, -26355, -24207, 33582
6479.4, 1235, -1043, -10876, -1331, -55712, -26355, -24207, 33542
6481.7, 66, -1043, -10876, -1331, -55712, -26355, -24207, 33542
6485.9, 907, -1555, -10902, -1046, -38526, -23800, -16139, 33542
6489.6, 1316, -1555, -10902, -1046, -38526, -23800, -16139, 33576
6493.8, 1060, -2091, -10816, -1083, -38526, -23800, -16139, 33576
6497.6, 1535, -2091, -10816, -1083, -38526, -23800, -16139, 33534
6501.3, 1264, -2091, -10816, -1083, -38526, -23800, -16139, 33577
6505.6, 704, -2099, -10675, -1783, -25340, -13816, -19972, 33577
6509.3, 1100, -2099, -10675, -1783, -25340, -13816, -19972, 33554
6513.5, 752, -1844, -10866, -1474, -25340, -13816, -19972, 33554
6517.2, 1307, -1844, -10866, -1474, -25340, -13816, -19972, 33577
6521.0, 1218, -1844, -10866, -1474, -25340, -13816, -19972, 33587
6525.2, 910, -1666, -11071, -239, -16437, -7949, -22706, 33587
6528.9, 1264, -1666, -11071, -239, -16437, -7949, -22706, 33597
6533.1, 941, -1582, -10908, 388, -16437, -7949, -22706, 33597
6536.9, 1165, -1582, -10908, 388, -16437, -7949, -22706, 33866
6540.6, 1192, -1582, -10908, 388, -16437, -7949, -22706, 33624
6544.9, 1000, -1895, -10581, 720, -3731, -37266, -8863, 33624
6548.6, 1200, -1895, -10581, 720, -3731, -37266, -8863, 33566
6552.8, 1016, -2393, -10343, 1055, -3731, -37266, -8863, 33566
6556.5, 1275, -2393, -10343, 1055, -3731, -37266, -8863, 33620
6558.8, 166, -2393, -10343, 1055, -3731, -37266, -8863, 33620
6564.5, 941, -2746, -10057, 270, -713, -47115, -3220, 33617
6568.2, 1015, -2746, -10057, 270, -713, -47115, -3220, 33613
6574.0, 1159, -2718, -10204, -123, 1041, -47115, -3220, 33615
6577.7, 1179, -2718, -10204, -123, 1041, -47115, -3220, 33632
6583.4, 1178, -2024, -10398, -872, 1929, -42534, -9489, 33648
6587.1, 1196, -2024, -10398, -872, 1929, -42534, -9489, 33661
6592.8, 1185, -1569, -10234, -1017, 9721, -39878, -16857, 33672
6596.5, 1016, -1569, -10234, -1017, 9721, -39878, -16857, 33684
6600.8, 969, -1064, -10231, -1045, 12372, -35512, -16730, 33684
6604.5, 1249, -1064, -10231, -1045, 12372, -35512, -16730, 33701
6606.8, 74, -1064, -10231, -1045, 12372, -35512, -16730, 33701
6611.0, 835, -853, -10692, -292, 15102, -33092, -10587, 33701
6614.7, 1067, -853, -10692, -292, 15102, -33092, -10587, 33705
6617.0, 35, -853, -10692, -292, 15102, -33092, -10587, 33705
6622.7, 1116, -891, -10646, -59, 18602, -34917, -2463, 33733
6626.4, 1016, -891, -10646, -59, 18602, -34917, -2463, 33713
6630.7, 926, -1268, -10664, 384, 21949, -34379, 5359, 33713
6634.4, 984, -1268, -10664, 384, 21949, -34379, 5359, 33714
6636.6, 29, -1268, -10664, 384, 21949, -34379, 5359, 33714
6640.9, 730, -1715, -10577, 425, 22942, -30078, 9843, 33714
6644.7, 1084, -1715, -10577, 425, 22942, -30078, 9843, 33709
6648.9, 1764, -1905, -10731, -257, 22146, -24373, 8474, 33709
6652.6, 1407, -1905, -10731, -257, 22146, -24373, 8474, 33702
6656.4, 1000, -1905, -10731, -257, 22146, -24373, 8474, 33682
6660.6, 514, -1828, -10715, -625, 24565, -20960, 3040, 33682
6664.4, 936, -1828, -10715, -625, 24565, -20960, 3040, 33688
6668.6, 889, -1591, -10974, -494, 29907, -23494, -2139, 33688
6672.3, 1156, -1591, -10974, -494, 29907, -23494, -2139, 33685
6676.0, 1050, -1591, -10974, -494, 29907, -23494, -2139, 33685
6680.3, 1251, -1433, -10870, -312, 36903, -27199, -1780, 33685
6684.0, 1577, -1433, -10870, -312, 36903, -27199, -1780, 33681
6688.2, 765, -1342, -10560, -670, 40482, -24478, 5302, 33681
6692.0, 886, -1342, -10560, -670, 40482, -24478, 5302, 33686
6695.7, 954, -1342, -10560, -670, 40482, -24478, 5302, 33709
6700.0, 785, -1371, -10551, 222, 46502, -18585, 11480, 33709
6703.7, 1060, -1371, -10551, 222, 46502, -18585, 11480, 33692
6707.9, 1287, -1472, -10526, 1101, 49744, -14328, 11580, 33692
6711.6, 1444, -1472, -10526, 1101, 49744, -14328, 11580, 33671
6713.9, 103, -1472, -10526, 1101, 49744, -14328, 11580, 33671
6719.6, 798, -1526, -10475, 620, 47018, -4821, 9349, 33718
6723.3, 1059, -1526, -10475, 620, 47018, -4821, 9349, 33727
6729.0, 909, -1436, -10756, 918, 46261, 6916, 7100, 33730
6732.7, 1508, -1436, -10756, 918, 46261, 6916, 7100, 33774
6738.8, 878, -1543, -10760, 2400, 48773, 6155, 4274, 33754
6742.5, 977, -1543, -10760, 2400, 48773, 6155, 4274, 33796
6748.2, 1225, -1801, -10375, 2262, 48878, -3941, 4291, 33771
6752.0, 1667, -1801, -10375, 2262, 48878, -3941, 4291, 33790
6757.7, 1133, -1957, -10168, 1654, 49482, -9874, 8102, 33799
6761.4, 1070, -1957, -10168, 1654, 49482, -9874, 8102, 33815
6765.6, 766, -2072, -10314, 1303, 51337, -7966, 11366, 33815
6769.4, 982, -2072, -10314, 1303, 51337, -7966, 11366, 33810
6771.7, 31, -2072, -10314, 1303, 51337, -7966, 11366, 33810
6776.0, 699, -2274, -10824, 471, 52137, 5254, 11226, 33810
6779.7, 1145, -2274, -10824, 471, 52137, 5254, 11226, 33823
6782.0, 40, -2274, -10824, 471, 52137, 5254, 11226, 33823
6787.7, 1268, -2629, -11320, 267, 50068, 29203, 8561, 33830
6791.4, 1169, -2629, -11320, 267, 50068, 29203, 8561, 33849
6795.7, 983, -2673, -11206, 1918, 52172, 46795, 3062, 33849
6799.4, 998, -2673, -11206, 1918, 52172, 46795, 3062, 33837
6801.7, 32, -2673, -11206, 1918, 52172, 46795, 3062, 33837
6806.0, 687, -2364, -10753, 3135, 49359, 42341, -3731, 33837
6809.7, 1142, -2364, -10753, 3135, 49359, 42341, -3731, 33842
6813.9, 1274, -1992, -10383, 3011, 51695, 23979, -7175, 33842
6817.7, 1298, -1992, -10383, 3011, 51695, 23979, -7175, 33856
6821.4, 1028, -1992, -10383, 3011, 51695, 23979, -7175, 33863
6825.7, 801, -2088, -10264, 2615, 54123, 10990, -1255, 33863
6829.4, 1051, -2088, -10264, 2615, 54123, 10990, -1255, 33886
6833.6, 1067, -2378, -10893, 1655, 51218, 15969, 10561, 33886
6837.3, 1301, -2378, -10893, 1655, 51218, 15969, 10561, 33901
6841.1, 1295, -2378, -10893, 1655, 51218, 15969, 10561, 33912
6845.3, 958, -2736, -11867, 1141, 48278, 31544, 17229, 33912
6849.0, 1073, -2736, -11867, 1141, 48278, 31544, 17229, 33935
6853.2, 989, -2823, -12263, 1091, 49184, 45605, 13221, 33935
6857.0, 1148, -2823, -12263, 1091, 49184, 45605, 13221, 33950
6860.8, 1057, -2823, -12263, 1091, 49184, 45605, 13221, 33953
6865.0, 947, -2868, -11903, 1281, 51122, 56976, 4226, 33953
6868.8, 1021, -2868, -11903, 1281, 51122, 56976, 4226, 33984
6873.0, 903, -2810, -11036, 1920, 53625, 65626, -1548, 33984
6876.7, 1071, -2810, -11036, 1920, 53625, 65626, -1548, 33984
6879.0, 40, -2810, -11036, 1920, 53625, 65626, -1548, 33984
6884.7, 1020, -2640, -10739, 2511, 53747, 67336, -1264, 33979
6888.5, 1014, -2640, -10739, 2511, 53747, 67336, -1264, 33980
6892.7, 935, -2388, -10593, 2984, 56434, 63644, 2555, 33980
6896.5, 1100, -2388, -10593, 2984, 56434, 63644, 2555, 33983
6898.8, 39, -2388, -10593, 2984, 56434, 63644, 2555, 33983
6904.5, 796, -2048, -10375, 2247, 53139, 58914, 6903, 33979
6908.3, 902, -2048, -10375, 2247, 53139, 58914, 6903, 33994
6914.0, 1389, -2062, -10227, 2511, 56079, 54053, 10329, 33964
6916.2, 67, -2062, -10227, 2511, 56079, 54053, 10329, 33964
6920.5, 774, -1875, -10021, 2168, 56932, 48747, 13698, 33964
6924.3, 1034, -1875, -10021, 2168, 56932, 48747, 13698, 33975
6926.5, 32, -1875, -10021, 2168, 56932, 48747, 13698, 33975
6930.8, 900, -1923, -9903, 1521, 57698, 48156, 17596, 33975
6934.5, 1313, -1923, -9903, 1521, 57698, 48156, 17596, 33973
6936.8, 161, -1923, -9903, 1521, 57698, 48156, 17596, 33973
6941.0, 787, -2088, -9607, 1582, 60502, 52662, 21722, 33973
6944.7, 988, -2088, -9607, 1582, 60502, 52662, 21722, 33979
6947.0, 30, -2088, -9607, 1582, 60502, 52662, 21722, 33979
6952.7, 1450, -2285, -9637, 1470, 62489, 59172, 25051, 33994
6956.4, 1268, -2285, -9637, 1470, 62489, 59172, 25051, 34026
6960.7, 1086, -2347, -9513, 1841, 64834, 63364, 27659, 34026
6964.4, 1152, -2347, -9513, 1841, 64834, 63364, 27659, 34021
6966.6, 41, -2347, -9513, 1841, 64834, 63364, 27659, 34021
6970.9, 632, -2425, -9598, 2997, 67481, 61054, 29829, 34021
6974.7, 1202, -2425, -9598, 2997, 67481, 61054, 29829, 34052
6978.9, 1725, -2425, -9598, 2997, 68325, 51735, 33692, 34052
6982.6, 1138, -2425, -9598, 2997, 68325, 51735, 33692, 34067
6986.4, 835, -2425, -9598, 2997, 68325, 51735, 33692, 34070
6990.6, 888, -2185, -9078, 3647, 68636, 37262, 37944, 34070
6994.4, 1272, -2185, -9078, 3647, 68636, 37262, 37944, 34054
6998.6, 1906, -2185, -9078, 3647, 71519, 24872, 42525, 34054
7002.3, 1151, -2185, -9078, 3647, 71519, 24872, 42525, 34060
7006.1, 949, -2185, -9078, 3647, 71519, 24872, 42525, 34048
7010.3, 762, -1848, -8891, 1320, 69388, 25672, 48169, 34048
7014.0, 1034, -1848, -8891, 1320, 69388, 25672, 48169, 34021
7018.2, 1955, -1848, -8891, 1320, 76655, 34484, 54023, 34021
7021.9, 1181, -1848, -8891, 1320, 76655, 34484, 54023, 34010
7025.7, 909, -1848, -8891, 1320, 76655, 34484, 54023, 33969
7029.9, 737, -2004, -11208, 1710, 69441, 45150, 57282, 33969
7033.7, 1130, -2004, -11208, 1710, 69441, 45150, 57282, 33989
7037.9, 1299, -2004, -11208, 1710, 83804, 43505, 58809, 33989
7041.6, 1154, -2004, -11208, 1710, 83804, 43505, 58809, 33965
7043.9, 47, -2004, -11208, 1710, 83804, 43505, 58809, 33965
7049.6, 934, -3144, -9707, 3060, 77758, 41125, 66662, 33969
7053.3, 1066, -3144, -9707, 3060, 77758, 41125, 66662, 33918
7059.0, 837, -3329, -9707, 3985, 81901, 37866, 75443, 33898
7062.8, 1626, -3329, -9707, 3985, 81901, 37866, 75443, 33862
7068.5, 1128, -3329, -9707, 3985, 81901, 37866, 77040, 33849
7070.7, 38, -3329, -9707, 3985, 81901, 37866, 77040, 33849
7073.0, 12, -3329, -9707, 3985, 81901, 37866, 77040, 33849
7078.7, 1436, -3352, -9704, 3640, 89325, 19508, 77088, 33837
7080.9, 94, -3352, -9704, 3640, 89325, 19508, 77088, 33837
7083.2, 85, -3352, -9704, 3640, 89325, 19508, 77088, 33837
7088.9, 1141, -3930, -9585, 2784, 89544, 28411, 79328, 33802
7091.2, 38, -3930, -9585, 2784, 89544, 28411, 79328, 33802
7095.5, 637, -4250, -9882, 2809, 89544, 28411, 79328, 33802
7099.2, 1366, -4250, -9882, 2809, 89544, 28411, 79328, 33772
7101.5, 122, -4250, -9882, 2809, 89544, 28411, 79328, 33772
7105.7, 872, -4661, -10133, 3711, 93630, 33058, 79096, 33772
7109.4, 1137, -4661, -10133, 3711, 93630, 33058, 79096, 33728
7111.7, 37, -4661, -10133, 3711, 93630, 33058, 79096, 33728
7115.9, 641, -4894, -9800, 3624, 96649, 31264, 77289, 33728
7119.6, 1664, -4894, -9800, 3624, 96649, 31264, 77289, 33702
7121.9, 149, -4894, -9800, 3624, 96649, 31264, 77289, 33702
7127.6, 1219, -4376, -9781, 2791, 94912, 30962, 72713, 33664
7131.3, 1003, -4376, -9781, 2791, 94912, 30962, 72713, 33618
7135.6, 785, -4449, -9821, 3291, 100425, 29531, 72713, 33618
7139.4, 1291, -4449, -9821, 3291, 100425, 29531, 72713, 33591
7143.6, 1033, -4733, -9547, 3629, 106428, 31736, 73304, 33591
7147.3, 986, -4733, -9547, 3629, 106428, 31736, 73304, 33564
7151.1, 1308, -4733, -9547, 3629, 106428, 31736, 73304, 33538
7155.4, 1129, -5210, -9310, 3957, 106279, 41396, 80636, 33538
7159.1, 974, -5210, -9310, 3957, 106279, 41396, 80636, 33518
7163.3, 1015, -5142, -9426, 5149, 108269, 43698, 85554, 33518
7167.0, 1108, -5142, -9426, 5149, 108269, 43698, 85554, 33478
7170.7, 1013, -5142, -9426, 5149, 108269, 43698, 85554, 33455
7175.0, 951, -4652, -9186, 4864, 109608, 32047, 81879, 33455
7178.7, 1056, -4652, -9186, 4864, 109608, 32047, 81879, 33417
7182.9, 579, -4529, -8334, 3225, 109578, 22977, 78016, 33417
7186.7, 1079, -4529, -8334, 3225, 109578, 22977, 78016, 33381
7189.0, 41, -4529, -8334, 3225, 109578, 22977, 78016, 33381
7194.8, 989, -4512, -7841, 3024, 111756, 24430, 81511, 33359
7198.5, 1041, -4512, -7841, 3024, 111756, 24430, 81511, 33310
7202.7, 861, -4615, -8050, 3570, 111791, 32511, 88792, 33310
7206.5, 1343, -4615, -8050, 3570, 111791, 32511, 88792, 33346
7208.8, 780, -4615, -8050, 3570, 111791, 32511, 88792, 33346
7214.5, 610, -5310, -7804, 4406, 112264, 42372, 96072, 33333
7218.3, 1005, -5310, -7804, 4406, 112264, 42372, 96072, 33332
7224.0, 697, -5690, -7756, 5191, 110619, 50877, 100687, 33356
7227.7, 1045, -5690, -7756, 5191, 110619, 50877, 100687, 33325
7233.5, 1157, -5334, -7312, 5834, 106852, 47395, 98119, 33329
7235.7, 70, -5334, -7312, 5834, 106852, 47395, 98119, 33329
7238.0, 329, -5334, -7312, 5834, 106852, 47395, 98119, 33329
7243.7, 1035, -4518, -6766, 5273, 107163, 31994, 90804, 33323
7245.9, 33, -4518, -6766, 5273, 107163, 31994, 90804, 33323
7248.2, 12, -4518, -6766, 5273, 107163, 31994, 90804, 33323
7253.9, 1670, -4092, -6032, 4453, 110068, 16612, 89793, 33298
7256.2, 211, -4092, -6032, 4453, 110068, 16612, 89793, 33298
7260.4, 788, -4170, -5711, 3489, 108812, 12941, 100171, 33298
7264.2, 1363, -4170, -5711, 3489, 108812, 12941, 100171, 33309
7266.5, 74, -4170, -5711, 3489, 108812, 12941, 100171, 33309
7270.7, 894, -4424, -5743, 4618, 112286, 14118, 114723, 33309
7274.4, 1095, -4424, -5743, 4618, 112286, 14118, 114723, 33287
7276.7, 32, -4424, -5743, 4618, 112286, 14118, 114723, 33287
7280.9, 930, -4725, -5749, 5109, 111643, 16704, 126185, 33287
7284.6, 1219, -4725, -5749, 5109, 111643, 16704, 126185, 33969
7286.9, 42, -4725, -5749, 5109, 111643, 16704, 126185, 33969
7292.6, 1376, -5048, -5879, 6331, 110326, 18195, 131046, 33250
7296.3, 995, -5048, -5879, 6331, 110326, 18195, 131046, 33243
7300.6, 1144, -5118, -5312, 6680, 109486, 9992, 129602, 33243
7304.4, 1419, -5118, -5312, 6680, 109486, 9992, 129602, 33237
7308.6, 671, -4935, -4727, 5307, 108344, 463, 128408, 33237
7312.3, 1152, -4935, -4727, 5307, 108344, 463, 128408, 33221
7316.1, 1118, -4935, -4727, 5307, 108344, 463, 128408, 33234
7320.3, 1481, -5090, -4625, 4706, 112539, -7021, 129580, 33234
7324.1, 1275, -5090, -4625, 4706, 112539, -7021, 129580, 33233
7328.3, 761, -5557, -4736, 5120, 118678, -7472, 134091, 33233
7332.0, 1092, -5557, -4736, 5120, 118678, -7472, 134091, 33194
7335.7, 898, -5557, -4736, 5120, 118678, -7472, 134091, 33231
7340.0, 1432, -5666, -5165, 5459, 117741, -1736, 137626, 33231
7343.7, 1682, -5666, -5165, 5459, 117741, -1736, 137626, 33222
7347.9, 781, -5618, -4837, 7023, 119421, -2660, 136895, 33222
7351.7, 1113, -5618, -4837, 7023, 119421, -2660, 136895, 33217
7354.0, 34, -5618, -4837, 7023, 119421, -2660, 136895, 33217
7359.7, 806, -5440, -3953, 6937, 122261, -17548, 133448, 33211
7363.5, 1465, -5440, -3953, 6937, 122261, -17548, 133448, 33196
7367.7, 1049, -5541, -3022, 6302, 126548, -31867, 133492, 33196
7371.4, 959, -5541, -3022, 6302, 126548, -31867, 133492, 33198
7373.7, 62, -5541, -3022, 6302, 126548, -31867, 133492, 33198
7379.5, 1109, -5648, -2419, 5766, 130228, -36925, 138991, 33189
7383.3, 836, -5648, -2419, 5766, 130228, -36925, 138991, 33174
7389.0, 1601, -6190, -2658, 5158, 132363, -32169, 142657, 33164
7392.7, 1552, -6190, -2658, 5158, 132363, -32169, 142657, 33175
7398.5, 1090, -6751, -2758, 5337, 136287, -23682, 143305, 33175
7400.7, 33, -6751, -2758, 5337, 136287, -23682, 143305, 33175
7403.0, 5, -6751, -2758, 5337, 136287, -23682, 143305, 33175
7408.7, 1542, -7204, -3096, 5315, 137587, -13707, 139827, 33174
7410.9, 185, -7204, -3096, 5315, 137587, -13707, 139827, 33174
7415.2, 1075, -7467, -2852, 6668, 139289, -8015, 129681, 33174
7419.0, 1024, -7467, -2852, 6668, 139289, -8015, 129681, 33186
7421.2, 33, -7467, -2852, 6668, 139289, -8015, 129681, 33186
7425.5, 1084, -7309, -2149, 7313, 141052, -12888, 118293, 33186
7429.2, 1200, -7309, -2149, 7313, 141052, -12888, 118293, 33198
7431.5, 47, -7309, -2149, 7313, 141052, -12888, 118293, 33198
7435.7, 955, -6536, -1344, 6822, 142596, -26049, 111061, 33198
7439.4, 1605, -6536, -1344, 6822, 142596, -26049, 111061, 33219
7441.7, 141, -6536, -1344, 6822, 142596, -26049, 111061, 33219
7445.9, 772, -6317, -763, 6395, 143261, -43230, 110404, 33219
7449.6, 984, -6317, -763, 6395, 143261, -43230, 110404, 33217
7451.9, 28, -6317, -763, 6395, 143261, -43230, 110404, 33217
7457.6, 1706, -5909, -71, 5730, 143344, -53970, 115427, 33202
7461.3, 1374, -5909, -71, 5730, 143344, -53970, 115427, 33179
7465.6, 895, -5466, 51, 5723, 143344, -51818, 122375, 33179
7469.3, 795, -5466, 51, 5723, 143344, -51818, 122375, 33202
7473.5, 1617, -5346, 404, 6538, 143344, -46012, 124606, 33202
7477.2, 1781, -5346, 404, 6538, 143344, -46012, 124606, 33192
7481.0, 960, -5346, 404, 6538, 143344, -46012, 124606, 33186
7485.3, 913, -5800, 1034, 6744, 143344, -42490, 123731, 33186
7489.0, 972, -5800, 1034, 6744, 143344, -42490, 123731, 33152
7493.3, 1172, -6407, 1634, 6067, 143344, -35206, 124567, 33152
7497.0, 1058, -6407, 1634, 6067, 143344, -35206, 124567, 33690
7500.8, 1024, -6407, 1634, 6067, 143344, -35206, 124567, 33733
7505.0, 1165, -7040, 1537, 5641, 143344, -22894, 124129, 33733
7508.7, 1274, -7040, 1537, 5641, 143344, -22894, 124129, 33721
7512.9, 605, -7314, 1061, 5455, 143344, -15063, 118673, 33721
7516.6, 766, -7314, 1061, 5455, 143344, -15063, 118673, 33722
7518.9, 41, -7314, 1061, 5455, 143344, -15063, 118673, 33722
7524.7, 2609, -6920, 704, 5078, 143344, -15671, 108156, 33734
7528.4, 1288, -6920, 704, 5078, 143344, -15671, 108156, 33762
7534.1, 807, -6537, 1195, 6180, 143344, -22680, 98771, 33243
7537.8, 859, -6537, 1195, 6180, 143344, -22680, 98771, 33748
7543.5, 675, -5937, 2306, 7477, 143344, -32957, 94715, 33802
7547.3, 772, -5937, 2306, 7477, 143344, -32957, 94715, 33721
7553.0, 1374, -5766, 3306, 7926, 143344, -41878, 97030, 33821
7556.7, 961, -5766, 3306, 7926, 143344, -41878, 97030, 33845
7562.5, 1496, -5766, 3951, 7272, 143344, -42923, 103741, 33789
7566.2, 1122, -5766, 3951, 7272, 143344, -42923, 103741, 33849
7568.5, 34, -5766, 3951, 7272, 143344, -42923, 103741, 33849
7574.2, 1116, -6136, 3286, 4922, 142701, -30091, 109525, 33880
7576.5, 41, -6136, 3286, 4922, 142701, -30091, 109525, 33880
7580.8, 772, -6179, 2411, 4237, 143104, -15085, 108541, 33880
7584.5, 1382, -6179, 2411, 4237, 143104, -15085, 108541, 33843
7586.8, 312, -6179, 2411, 4237, 143104, -15085, 108541, 33843
7592.5, 1140, -6259, 2320, 4637, 143344, -7621, 98942, 33851
7596.3, 918, -6259, 2320, 4637, 143344, -7621, 98942, 33869
7600.5, 1157, -6370, 2928, 5629, 143344, -4217, 88735, 33869
7604.3, 1090, -6370, 2928, 5629, 143344, -4217, 88735, 33877
7606.5, 41, -6370, 2928, 5629, 143344, -4217, 88735, 33877
7610.8, 675, -6228, 3891, 6705, 143182, -5753, 83327, 33877
7614.6, 1164, -6228, 3891, 6705, 143182, -5753, 83327, 33896
7618.8, 1157, -6228, 3891, 6705, 143182, -5753, 83327, 33896
7622.5, 1062, -6228, 3891, 6705, 143182, -5753, 83327, 33955
7626.3, 1116, -6228, 3891, 6705, 143182, -5753, 83327, 33941
7630.5, 711, -5575, 4990, 7337, 138348, -26648, 79026, 33941
7634.3, 1103, -5575, 4990, 7337, 138348, -26648, 79026, 33961
7638.5, 634, -5575, 4990, 7337, 138348, -26648, 79026, 33961
7642.2, 1072, -5575, 4990, 7337, 138348, -26648, 79026, 33983
7646.0, 1861, -5575, 4990, 7337, 138348, -26648, 79026, 33997
7650.3, 707, -4609, 4881, 3079, 137333, -28503, 76349, 33997
7654.0, 1142, -4609, 4881, 3079, 137333, -28503, 76349, 34025
7658.3, 891, -4609, 4881, 3079, 137333, -28503, 76349, 34025
7662.0, 878, -4609, 4881, 3079, 137333, -28503, 76349, 34093
7665.7, 1156, -4609, 4881, 3079, 137333, -28503, 76349, 34058
7670.0, 1362, -4502, 5821, 4267, 143204, -5206, 73413, 34058
7673.7, 937, -4502, 5821, 4267, 143204, -5206, 73413, 34078
7677.9, 878, -4502, 5821, 4267, 143204, -5206, 73413, 34078
7681.7, 1159, -4502, 5821, 4267, 143204, -5206, 73413, 34100
7684.0, 408, -4502, 5821, 4267, 143204, -5206, 73413, 34100
7689.7, 759, -5174, 6312, 6203, 141231, 1588, 77618, 34081
7693.5, 940, -5174, 6312, 6203, 141231, 1588, 77618, 34103
7697.7, 791, -5174, 6312, 6203, 141231, 1588, 77618, 34103
7701.4, 1062, -5174, 6312, 6203, 141231, 1588, 77618, 34113
7703.7, 31, -5174, 6312, 6203, 141231, 1588, 77618, 34113
7709.5, 757, -4486, 6636, 5342, 131641, -28534, 78020, 34121
7713.2, 1120, -4486, 6636, 5342, 131641, -28534, 78020, 34150
7718.9, 1080, -4486, 6636, 5342, 131641, -28534, 78020, 34153
7721.1, 37, -4486, 6636, 5342, 131641, -28534, 78020, 34153
7723.5, 5, -4486, 6636, 5342, 131641, -28534, 78020, 34153
7729.2, 1139, -4243, 6702, 4150, 128285, -43317, 77268, 34168
7731.5, 375, -4243, 6702, 4150, 128285, -43317, 77268, 34168
7735.7, 1017, -4302, 6858, 4259, 128285, -43317, 77268, 34168
7739.4, 1159, -4302, 6858, 4259, 128285, -43317, 77268, 34189
7741.7, 48, -4302, 6858, 4259, 128285, -43317, 77268, 34189
7745.9, 768, -3850, 6606, 4246, 126500, -45128, 75693, 34189
7749.6, 973, -3850, 6606, 4246, 126500, -45128, 75693, 34218
7751.9, 37, -3850, 6606, 4246, 126500, -45128, 75693, 34218
7757.6, 1096, -3135, 6897, 4938, 124273, -44428, 74993, 34281
7761.3, 1571, -3135, 6897, 4938, 124273, -44428, 74993, 34236
7765.5, 951, -3126, 7853, 5335, 113441, -33661, 73956, 34236
7769.3, 1101, -3126, 7853, 5335, 113441, -33661, 73956, 34277
7771.5, 42, -3126, 7853, 5335, 113441, -33661, 73956, 34277
7775.8, 1028, -3595, 7367, 4593, 96404, -26486, 68167, 34277
7779.6, 1226, -3595, 7367, 4593, 96404, -26486, 68167, 34291
7783.8, 1392, -4140, 6864, 3647, 97774, -15653, 66098, 34291
7787.5, 1423, -4140, 6864, 3647, 97774, -15653, 66098, 34293
7791.3, 1265, -4140, 6864, 3647, 97774, -15653, 66098, 33789
7795.5, 857, -4642, 7018, 2425, 98872, -3517, 65429, 33789
7799.3, 1377, -4642, 7018, 2425, 98872, -3517, 65429, 34287
7803.5, 1016, -5157, 5781, 3650, 92773, 4790, 60415, 34287
7807.2, 1572, -5157, 5781, 3650, 92773, 4790, 60415, 34293
7811.0, 1109, -5157, 5781, 3650, 92773, 4790, 60415, 34282
7815.3, 757, -4490, 5387, 5435, 89268, -3784, 48926, 34282
7819.0, 1312, -4490, 5387, 5435, 89268, -3784, 48926, 34290
7823.3, 1109, -3381, 6075, 5127, 85965, -24132, 40828, 34290
7827.0, 1201, -3381, 6075, 5127, 85965, -24132, 40828, 34282
7830.7, 2088, -3381, 6075, 5127, 85965, -24132, 40828, 34269
7835.0, 1584, -4596, 7328, 5781, 77810, -46375, 41134, 34269
7838.7, 1122, -4596, 7328, 5781, 77810, -46375, 41134, 34290
7842.9, 848, -3090, 8545, 3697, 87243, -72376, 37511, 34290
7846.7, 1164, -3090, 8545, 3697, 87243, -72376, 37511, 34288
7849.0, 1169, -3090, 8545, 3697, 87243, -72376, 37511, 34288
7854.7, 1021, -2909, 5853, 4133, 95315, -57269, 32729, 34285
7858.5, 930, -2909, 5853, 4133, 95315, -57269, 32729, 34324
7862.7, 2284, -4270, 7473, 3663, 87510, -31014, 13103, 34324
7866.4, 1463, -4270, 7473, 3663, 87510, -31014, 13103, 34369
7868.7, 97, -4270, 7473, 3663, 87510, -31014, 13103, 34369
7874.5, 1007, -4593, 6839, 2633, 73562, -21897, -11834, 34432
7878.2, 1195, -4593, 6839, 2633, 73562, -21897, -11834, 34500
7883.9, 1100, -4755, 7109, 3906, 76996, -19845, -24767, 34533
7886.2, 70, -4755, 7109, 3906, 76996, -19845, -24767, 34533
7888.5, 32, -4755, 7109, 3906, 76996, -19845, -24767, 34533
7894.2, 1285, -3313, 6623, 3371, 78112, -29496, -35971, 34548
7896.5, 73, -3313, 6623, 3371, 78112, -29496, -35971, 34548
7900.7, 1952, -3909, 5860, 3711, 66518, -34506, -27501, 34548
7904.4, 1361, -3909, 5860, 3711, 66518, -34506, -27501, 34528
7906.7, 75, -3909, 5860, 3711, 66518, -34506, -27501, 34528
7910.9, 706, -2916, 5366, 3257, 39563, -42556, -11357, 34528
7914.6, 961, -2916, 5366, 3257, 39563, -42556, -11357, 34490
7916.9, 45, -2916, 5366, 3257, 39563, -42556, -11357, 34490
7922.6, 1663, -2868, 7256, 3016, 23752, -47679, -5311, 34445
7926.3, 1355, -2868, 7256, 3016, 23752, -47679, -5311, 34354
7930.6, 968, -2934, 8286, 1752, 22907, -58083, -3946, 34354
7934.3, 1004, -2934, 8286, 1752, 22907, -58083, -3946, 34162
7936.6, 43, -2934, 8286, 1752, 22907, -58083, -3946, 34162
7940.9, 679, -3856, 8071, 1728, 28175, -49385, -7008, 34162
7944.6, 992, -3856, 8071, 1728, 28175, -49385, -7008, 33955
7948.8, 2498, -3617, 7511, 2615, 25143, -42945, -8487, 33955
7952.6, 1455, -3617, 7511, 2615, 25143, -42945, -8487, 33763
7956.3, 983, -3617, 7511, 2615, 25143, -42945, -8487, 33560
7960.5, 666, -3599, 8233, 2354, 19648, -38649, -10495, 33560
7964.3, 1015, -3599, 8233, 2354, 19648, -38649, -10495, 33369
7968.5, 778, -3087, 8127, 3997, 13562, -37205, -10500, 33369
7972.2, 997, -3087, 8127, 3997, 13562, -37205, -10500, 33133
7976.0, 999, -3087, 8127, 3997, 13562, -37205, -10500, 33056
7980.3, 860, -2542, 9533, 3213, 4274, -40290, -6965, 33056
7984.0, 1697, -2542, 9533, 3213, 4274, -40290, -6965, 32945
7988.3, 899, -2836, 8529, 2939, -7328, -37266, -686, 32945
7992.0, 1249, -2836, 8529, 2939, -7328, -37266, -686, 32853
7995.7, 966, -2836, 8529, 2939, -7328, -37266, -686, 32746
8000.0, 819, -3101, 9121, 2249, -16410, -28945, 4821, 32746
8003.7, 1266, -3101, 9121, 2249, -16410, -28945, 4821, 32722
8007.9, 739, -3866, 9342, 2717, -23590, -24163, 6846, 32722
8011.7, 1028, -3866, 9342, 2717, -23590, -24163, 6846, 32704
8014.0, 32, -3866, 9342, 2717, -23590, -24163, 6846, 32704
8019.7, 905, -3973, 8380, 2699, -25484, -24181, 3548, 32709
8023.5, 1140, -3973, 8380, 2699, -25484, -24181, 3548, 32713
8027.7, 625, -3339, 9778, 2358, -26333, -24027, 2607, 32713
8031.4, 1255, -3339, 9778, 2358, -26333, -24027, 2607, 32634
8033.7, 649, -3339, 9778, 2358, -26333, -24027, 2607, 32634
8039.5, 1307, -3290, 9653, 3263, -27921, -21499, 5346, 32695
8041.7, 53, -3290, 9653, 3263, -27921, -21499, 5346, 32695
8046.0, 1021, -3407, 9619, 3436, -30065, -19932, 9944, 32695
8049.7, 1591, -3407, 9619, 3436, -30065, -19932, 9944, 32698
8052.0, 234, -3407, 9619, 3436, -30065, -19932, 9944, 32698
8057.7, 1198, -3617, 9614, 3396, -30756, -21214, 13772, 32706
8061.4, 1097, -3617, 9614, 3396, -30756, -21214, 13772, 32713
8065.7, 1116, -3932, 9507, 3317, -32344, -25699, 16257, 32713
8069.4, 1489, -3932, 9507, 3317, -32344, -25699, 16257, 32707
8071.7, 204, -3932, 9507, 3317, -32344, -25699, 16257, 32707
8075.9, 1089, -3806, 9384, 2903, -36190, -28857, 17084, 32707
8079.6, 1216, -3806, 9384, 2903, -36190, -28857, 17084, 32530
8081.9, 145, -3806, 9384, 2903, -36190, -28857, 17084, 32530
8087.6, 1436, -3496, 8940, 3047, -41576, -29277, 16187, 32491
8091.3, 1306, -3496, 8940, 3047, -41576, -29277, 16187, 32499
8095.6, 923, -2696, 8449, 2392, -46664, -24776, 13383, 32499
8099.3, 1230, -2696, 8449, 2392, -46664, -24776, 13383, 32468
8101.5, 340, -2696, 8449, 2392, -46664, -24776, 13383, 32468
8105.8, 1086, -2559, 9179, 2040, -53861, -15220, 8938, 32468
8109.5, 1154, -2559, 9179, 2040, -53861, -15220, 8938, 32449
8113.7, 1498, -2560, 8013, 3658, -62104, -2275, 5862, 32449
8117.5, 1522, -2560, 8013, 3658, -62104, -2275, 5862, 32389
8121.3, 1134, -2560, 8013, 3658, -62104, -2275, 5862, 32402
8125.5, 1148, -3195, 10170, 985, -65354, 10539, 4291, 32402
8129.3, 1271, -3195, 10170, 985, -65354, 10539, 4291, 32333
8133.5, 1142, -3366, 8749, 2246, -69038, 19897, 1854, 32333
8137.2, 1440, -3366, 8749, 2246, -69038, 19897, 1854, 32363
8141.3, 1380, -3366, 8749, 2246, -69038, 19897, 1854, 32351
8145.6, 1059, -3646, 8549, 3805, -69664, 30341, 1548, 32351
8149.4, 1372, -3646, 8549, 3805, -69664, 30341, 1548, 32354
8153.6, 1351, -3364, 8340, 3753, -70911, 39948, 3355, 32354
8157.3, 1343, -3364, 8340, 3753, -70911, 39948, 3355, 32364
8161.1, 1250, -3364, 8340, 3753, -70911, 39948, 3355, 32359
8165.3, 1196, -2349, 8561, 4523, -73991, 42530, 2301, 32359
8169.0, 1341, -2349, 8561, 4523, -73991, 42530, 2301, 32363
8173.3, 1284, -1922, 8983, 3908, -72897, 30691, -2869, 32363
8177.0, 866, -1922, 8983, 3908, -72897, 30691, -2869, 32386
8180.7, 851, -1922, 8983, 3908, -72897, 30691, -2869, 32397
8184.9, 1455, -1202, 8801, 2285, -51153, 22115, 240, 32397
8188.7, 1641, -1202, 8801, 2285, -51153, 22115, 240, 32444
8192.9, 1496, -1834, 8842, 1545, -41974, 30765, 11506, 32444
8196.6, 1614, -1834, 8842, 1545, -41974, 30765, 11506, 32480
8200.9, 1592, -1834, 8842, 1545, -40075, 46095, 21573, 32480
8204.7, 1835, -1834, 8842, 1545, -40075, 46095, 21573, 32542
8206.9, 876, -1834, 8842, 1545, -40075, 46095, 21573, 32542
8212.7, 1747, -2128, 8323, 1931, -37428, 65879, 12118, 32633
8216.4, 1784, -2128, 8323, 1931, -37428, 65879, 12118, 32722
8220.7, 1081, -3231, 7693, 3407, -30096, 82378, -11668, 32722
8224.4, 1473, -3231, 7693, 3407, -30096, 82378, -11668, 32841
8226.7, 381, -3231, 7693, 3407, -30096, 82378, -11668, 32841
8231.0, 1168, -4414, 7723, 4155, -37695, 83664, -30017, 32841
8234.7, 1294, -4414, 7723, 4155, -37695, 83664, -30017, 32901
8237.0, 259, -4414, 7723, 4155, -37695, 83664, -30017, 32901
8242.7, 1380, -4722, 7656, 5407, -54915, 69318, -35735, 32910
8246.4, 1400, -4722, 7656, 5407, -54915, 69318, -35735, 32856
8250.7, 1294, -4722, 7656, 5407, -64191, 49639, -30809, 32856
8254.4, 1293, -4722, 7656, 5407, -64191, 49639, -30809, 32836
8256.7, 104, -4722, 7656, 5407, -64191, 49639, -30809, 32836
8260.9, 801, -3997, 8413, 4258, -74258, 32944, -23008, 32836
8264.7, 1317, -3997, 8413, 4258, -74258, 32944, -23008, 32570
8268.9, 784, -3997, 8413, 4258, -74258, 32944, -23008, 32570
8272.7, 1259, -3997, 8413, 4258, -74258, 32944, -23008, 32918
8276.4, 1266, -3997, 8413, 4258, -74258, 32944, -23008, 33000
8280.7, 907, -3763, 7478, 4514, -93565, 23489, -33832, 33000
8284.4, 1139, -3763, 7478, 4514, -93565, 23489, -33832, 33083
8288.6, 863, -3763, 7478, 4514, -93565, 23489, -33832, 33083
8292.3, 1195, -3763, 7478, 4514, -93565, 23489, -33832, 33190
8296.0, 1122, -3763, 7478, 4514, -93565, 23489, -33832, 33222
8300.3, 900, -3967, 5994, 4106, -110986, 49980, -54399, 33222
8304.0, 996, -3967, 5994, 4106, -110986, 49980, -54399, 33238
8308.2, 1080, -4055, 5994, 4106, -110986, 49980, -54399, 33238
8312.0, 1120, -4055, 5994, 4106, -110986, 49980, -54399, 33345
8315.8, 1120, -4055, 5994, 4106, -110986, 49980, -54399, 33432
8320.0, 686, -3424, 5637, 4460, -140798, 80895, -81393, 33432
8323.8, 1113, -3424, 5637, 4460, -140798, 80895, -81393, 33529
8328.0, 755, -2437, 5637, 4460, -140798, 80895, -81393, 33529
8331.7, 1088, -2437, 5637, 4460, -140798, 80895, -81393, 33659
8334.0, 36, -2437, 5637, 4460, -140798, 80895, -81393, 33659
8339.7, 823, -1698, 6096, 6738, -143344, 98281, -96605, 33731
8343.5, 1097, -1698, 6096, 6738, -143344, 98281, -96605, 33802
8347.7, 769, -1634, 6096, 6738, -143344, 98281, -96605, 33802
8351.5, 995, -1634, 6096, 6738, -143344, 98281, -96605, 33926
8353.8, 34, -1634, 6096, 6738, -143344, 98281, -96605, 33926
8359.5, 919, -4125, 5772, 4549, -139643, 36505, -33701, 34031
8363.3, 1144, -4125, 5772, 4549, -139643, 36505, -33701, 34113
8369.0, 1108, -4125, 5772, 4549, -139643, 36505, -33701, 34227
8371.2, 34, -4125, 5772, 4549, -139643, 36505, -33701, 34227
8375.5, 608, -6091, 4810, 2576, -137294, 18987, -10460, 34227
8379.3, 1018, -6091, 4810, 2576, -137294, 18987, -10460, 34258
8381.5, 33, -6091, 4810, 2576, -137294, 18987, -10460, 34258
8385.8, 998, -6416, 2868, 5246, -128399, 16542, -16459, 34258
8389.5, 1081, -6416, 2868, 5246, -128399, 16542, -16459, 34320
8391.8, 31, -6416, 2868, 5246, -128399, 16542, -16459, 34320
8396.0, 649, -5838, 2501, 5648, -128561, 11134, -48554, 34320
8399.7, 1514, -5838, 2501, 5648, -128561, 11134, -48554, 34378
8402.0, 811, -5838, 2501, 5648, -128561, 11134, -48554, 34378
8407.7, 1275, -5329, 3369, 5878, -136510, -2528, -74979, 34433
8411.4, 1065, -5329, 3369, 5878, -136510, -2528, -74979, 34465
8415.6, 677, -4686, 4667, 7583, -132617, -20339, -82185, 34465
8419.4, 1014, -4686, 4667, 7583, -132617, -20339, -82185, 34490
8421.6, 53, -4686, 4667, 7583, -132617, -20339, -82185, 34490
8425.9, 629, -4639, 5687, 5790, -133019, -22833, -77521, 34490
8429.7, 1076, -4639, 5687, 5790, -133019, -22833, -77521, 34512
8433.9, 1021, -4566, 5138, 4133, -140964, -13663, -67327, 34512
8437.6, 1172, -4566, 5138, 4133, -140964, -13663, -67327, 34551
8441.4, 1321, -4566, 5138, 4133, -140964, -13663, -67327, 34557
8445.6, 787, -4226, 4439, 5453, -132258, -5508, -64593, 34557
8449.4, 1212, -4226, 4439, 5453, -132258, -5508, -64593, 34571
8453.6, 826, -4326, 3347, 5937, -133754, 245, -73304, 34571
8457.3, 1222, -4326, 3347, 5937, -133754, 245, -73304, 34588
8461.1, 1203, -4326, 3347, 5937, -133754, 245, -73304, 34595
8465.3, 748, -4627, 2914, 6926, -136235, 6540, -81743, 34595
8469.0, 1153, -4627, 2914, 6926, -136235, 6540, -81743, 34611
8473.2, 911, -4694, 2662, 6866, -141634, 914, -85585, 34611
8476.9, 1237, -4694, 2662, 6866, -141634, 914, -85585, 34610
8480.7, 1468, -4694, 2662, 6866, -141634, 914, -85585, 34596
8485.0, 867, -4648, 2927, 5965, -143344, -16752, -90502, 34596
8488.7, 1013, -4648, 2927, 5965, -143344, -16752, -90502, 34562
8492.9, 814, -4537, 2590, 6791, -142889, -26727, -92922, 34562
8496.6, 1482, -4537, 2590, 6791, -142889, -26727, -92922, 34558
8498.9, 177, -4537, 2590, 6791, -142889, -26727, -92922, 34558
8504.6, 959, -4430, 2446, 6247, -143204, -21590, -92510, 34511
8508.3, 1243, -4430, 2446, 6247, -143204, -21590, -92510, 34516
8514.0, 855, -4461, 1704, 5936, -143344, -9231, -88153, 34484
8517.8, 1232, -4461, 1704, 5936, -143344, -9231, -88153, 34467
8523.5, 1457, -4875, 1580, 7814, -143244, -5131, -85571, 34447
8525.7, 91, -4875, 1580, 7814, -143244, -5131, -85571, 34447
8528.0, 10, -4875, 1580, 7814, -143244, -5131, -85571, 34447
8533.7, 1167, -4874, 1470, 5449, -143322, -4865, -85095, 34463
8536.0, 44, -4874, 1470, 5449, -143322, -4865, -85095, 34463
8538.2, 65, -4874, 1470, 5449, -143322, -4865, -85095, 34463
8543.9, 1213, -5711, 92, 9071, -143196, -10005, -86958, 34426
8546.2, 43, -5711, 92, 9071, -143196, -10005, -86958, 34426
8550.5, 783, -5816, -5, 5494, -143305, -13392, -90419, 34426
8554.2, 1371, -5816, -5, 5494, -143305, -13392, -90419, 34417
8556.5, 351, -5816, -5, 5494, -143305, -13392, -90419, 34417
8560.7, 997, -5137, -1314, 6134, -143344, -3815, -92209, 34417
8564.4, 1240, -5137, -1314, 6134, -143344, -3815, -92209, 34410
8566.7, 186, -5137, -1314, 6134, -143344, -3815, -92209, 34410
8570.9, 993, -4322, -1256, 8936, -143344, -11917, -99620, 34410
8574.6, 1147, -4322, -1256, 8936, -143344, -11917, -99620, 34407
8576.9, 41, -4322, -1256, 8936, -143344, -11917, -99620, 34407
8582.6, 1865, -4220, -463, 7642, -143344, -28752, -107250, 34401
8586.3, 1758, -4220, -463, 7642, -143344, -28752, -107250, 33882
8590.6, 1002, -5414, 59, 9646, -143344, -33670, -101160, 33882
8594.4, 1046, -5414, 59, 9646, -143344, -33670, -101160, 33892
8598.6, 1027, -6157, -1220, 7353, -143344, -24776, -86368, 33892
8602.3, 1380, -6157, -1220, 7353, -143344, -24776, -86368, 33896
8606.1, 1252, -6157, -1220, 7353, -143344, -24776, -86368, 33887
8610.4, 724, -5204, -2548, 5875, -143344, -18808, -80829, 33887
8614.2, 1250, -5204, -2548, 5875, -143344, -18808, -80829, 33817
8618.4, 894, -4253, -3148, 5769, -143344, -25449, -90052, 33817
8622.1, 1339, -4253, -3148, 5769, -143344, -25449, -90052, 33844
8625.9, 1156, -4253, -3148, 5769, -143344, -25449, -90052, 33824
8630.1, 909, -4243, -3332, 8238, -143344, -31973, -102752, 33824
8633.9, 1276, -4243, -3332, 8238, -143344, -31973, -102752, 33815
8638.1, 1178, -4401, -2813, 6616, -143344, -29339, -104691, 33815
8641.8, 1761, -4401, -2813, 6616, -143344, -29339, -104691, 33756
8645.6, 1263, -4401, -2813, 6616, -143344, -29339, -104691, 33814
8649.8, 663, -4439, -2904, 7414, -143344, -25147, -94615, 33814
8653.5, 1159, -4439, -2904, 7414, -143344, -25147, -94615, 33824
8657.8, 878, -4660, -3126, 6620, -143344, -23900, -84662, 33824
8661.5, 1982, -4660, -3126, 6620, -143344, -23900, -84662, 33822
8663.8, 1291, -4660, -3126, 6620, -143344, -23900, -84662, 33822
8669.6, 1221, -5273, -3731, 5726, -143344, -10530, -80881, 33854
8673.3, 1116, -5273, -3731, 5726, -143344, -10530, -80881, 33818
8679.0, 841, -5812, -4463, 8204, -143344, 6190, -83778, 33792
8682.8, 1334, -5812, -4463, 8204, -143344, 6190, -83778, 33775
8688.5, 1394, -5773, -5357, 6248, -143344, 13886, -91950, 33780
8690.8, 229, -5773, -5357, 6248, -143344, 13886, -91950, 33780
8693.0, 882, -5773, -5357, 6248, -143344, 13886, -91950, 33780
8698.7, 1308, -4950, -5876, 6531, -143344, 15010, -101357, 33769
8700.9, 66, -4950, -5876, 6531, -143344, 15010, -101357, 33769
8703.2, 257, -4950, -5876, 6531, -143344, 15010, -101357, 33769
8708.9, 1486, -4399, -5736, 8224, -143344, 818, -111826, 33778
8711.2, 345, -4399, -5736, 8224, -143344, 818, -111826, 33778
8715.4, 1066, -4370, -5093, 6000, -143344, -6448, -114618, 33778
8719.2, 1356, -4370, -5093, 6000, -143344, -6448, -114618, 33773
8721.5, 264, -4370, -5093, 6000, -143344, -6448, -114618, 33773
8725.7, 989, -4627, -5178, 7445, -143252, 2576, -104227, 33773
8729.4, 1580, -4627, -5178, 7445, -143252, 2576, -104227, 33771
8731.7, 1114, -4627, -5178, 7445, -143252, 2576, -104227, 33771
8735.9, 1178, -4680, -5986, 6600, -143322, 9222, -92808, 33771
8739.6, 1420, -4680, -5986, 6600, -143322, 9222, -92808, 33768
8741.9, 680, -4680, -5986, 6600, -143322, 9222, -92808, 33768
8747.6, 1389, -5318, -6185, 6425, -143252, 16660, -90441, 33764
8751.3, 1375, -5318, -6185, 6425, -143252, 16660, -90441, 33764
8755.6, 1107, -5526, -6881, 5162, -143322, 34392, -92611, 33764
8759.4, 1290, -5526, -6881, 5162, -143322, 34392, -92611, 33763
8761.6, 181, -5526, -6881, 5162, -143322, 34392, -92611, 33763
8765.9, 1099, -4993, -7621, 6464, -143336, 43610, -101637, 33763
8769.6, 1475, -4993, -7621, 6464, -143336, 43610, -101637, 33752
8773.8, 1363, -4426, -7849, 7441, -140610, 29921, -115488, 33752
8777.6, 1289, -4426, -7849, 7441, -140610, 29921, -115488, 33744
8781.3, 1295, -4426, -7849, 7441, -140610, 29921, -115488, 33741
8785.6, 1369, -4188, -6837, 7160, -136510, 12114, -119876, 33741
8789.4, 1998, -4188, -6837, 7160, -136510, 12114, -119876, 33728
8793.6, 1132, -3692, -7067, 7453, -138169, 5411, -108847, 33728
8797.3, 975, -3692, -7067, 7453, -138169, 5411, -108847, 33721
8801.1, 902, -3692, -7067, 7453, -138169, 5411, -108847, 33708
8805.3, 1037, -3789, -6742, 9017, -139700, -1036, -93399, 33708
8809.1, 1724, -3789, -6742, 9017, -139700, -1036, -93399, 33706
8813.3, 1444, -4149, -7024, 5398, -142496, 2012, -80645, 33706
8817.0, 1256, -4149, -7024, 5398, -142496, 2012, -80645, 33696
8820.7, 1407, -4149, -7024, 5398, -142496, 2012, -80645, 33892
8825.0, 1009, -4298, -7272, 5355, -143344, 13068, -75526, 33892
8828.7, 1617, -4298, -7272, 5355, -143344, 13068, -75526, 33702
8833.0, 1478, -4609, -7752, 5635, -141380, 14621, -79153, 33702
8836.8, 1304, -4609, -7752, 5635, -141380, 14621, -79153, 33698
8839.1, 106, -4609, -7752, 5635, -141380, 14621, -79153, 33698
8844.8, 1114, -4687, -8650, 5849, -137224, 12289, -84578, 33698
8848.6, 1696, -4687, -8650, 5849, -137224, 12289, -84578, 33703
8852.8, 1269, -4634, -9071, 5350, -131326, 7643, -86057, 33703
8856.5, 1265, -4634, -9071, 5350, -131326, 7643, -86057, 33706
8860.7, 779, -4634, -9071, 5350, -131326, 7643, -86057, 33706
8864.4, 1245, -4634, -9071, 5350, -131326, 7643, -86057, 33684
8866.7, 211, -4634, -9071, 5350, -131326, 7643, -86057, 33684
8870.9, 1225, -4593, -9652, 6203, -125612, 5985, -74616, 33684
8874.6, 1399, -4593, -9652, 6203, -125612, 5985, -74616, 33716
8876.9, 457, -4593, -9652, 6203, -125612, 5985, -74616, 33716
8882.6, 1348, -4805, -8938, 7920, -134091, 3014, -65647, 33702
8886.3, 853, -4805, -8938, 7920, -134091, 3014, -65647, 33704
8890.6, 1824, -4605, -8343, 5686, -134091, 3014, -63302, 33704
8894.3, 1857, -4605, -8343, 5686, -134091, 3014, -63302, 33716
8896.6, 362, -4605, -8343, 5686, -134091, 3014, -63302, 33716
8900.9, 943, -4304, -7857, 6184, -126177, -15006, -69830, 33716
8904.6, 1225, -4304, -7857, 6184, -126177, -15006, -69830, 33684
8906.9, 133, -4304, -7857, 6184, -126177, -15006, -69830, 33684
8912.6, 1662, -4084, -8282, 4557, -121316, -15894, -73098, 33670
8916.3, 1337, -4084, -8282, 4557, -121316, -15894, -73098, 33653
8920.6, 1226, -4059, -8864, 3213, -116267, -5757, -69397, 33653
8924.4, 1505, -4059, -8864, 3213, -116267, -5757, -69397, 33620
8928.6, 1144, -3859, -10068, 3352, -116267, -5757, -69397, 33620
8932.3, 1499, -3859, -10068, 3352, -116267, -5757, -69397, 33636
8936.1, 1284, -3859, -10068, 3352, -116267, -5757, -69397, 33633
8940.3, 1152, -4146, -9941, 5385, -113218, 2047, -52365, 33633
8944.1, 1572, -4146, -9941, 5385, -113218, 2047, -52365, 33583
8948.3, 1772, -4381, -9283, 6215, -113218, 2047, -52365, 33583
8952.0, 1806, -4381, -9283, 6215, -113218, 2047, -52365, 33654
8955.8, 1144, -4381, -9283, 6215, -113218, 2047, -52365, 33659
8960.0, 811, -4231, -8943, 6401, -122493, -13497, -45325, 33659
8963.7, 1590, -4231, -8943, 6401, -122493, -13497, -45325, 33660
8967.9, 1313, -4070, -8421, 4863, -122493, -13497, -45325, 33660
8971.6, 1539, -4070, -8421, 4863, -122493, -13497, -45325, 33628
8973.9, 954, -4070, -8421, 4863, -122493, -13497, -45325, 33628
8979.7, 1359, -4056, -8240, 4676, -116490, -28516, -52710, 33653
8983.4, 1615, -4056, -8240, 4676, -116490, -28516, -52710, 33664
8989.1, 1096, -4259, -8309, 2830, -116490, -28516, -51743, 33662
8992.8, 1593, -4259, -8309, 2830, -116490, -28516, -51743, 33663
8998.5, 1178, -4418, -8857, 3348, -114106, -16388, -51743, 33651
9002.3, 1697, -4418, -8857, 3348, -114106, -16388, -51743, 33678
9008.0, 1310, -3955, -9850, 3477, -115510, -5368, -50470, 33629
9011.7, 1013, -3955, -9850, 3477, -115510, -5368, -50470, 33616
9017.5, 1446, -3504, -10160, 3693, -112553, -4668, -52111, 33594
9021.2, 1178, -3504, -10160, 3693, -112553, -4668, -52111, 33573
9023.5, 329, -3504, -10160, 3693, -112553, -4668, -52111, 33573
9029.2, 1724, -3297, -9748, 2173, -112010, -4515, -51140, 33560
9031.5, 475, -3297, -9748, 2173, -112010, -4515, -51140, 33560
9035.7, 1097, -3292, -9588, 1441, -112924, 5538, -44096, 33560
9039.5, 1502, -3292, -9588, 1441, -112924, 5538, -44096, 33589
9041.8, 362, -3292, -9588, 1441, -112924, 5538, -44096, 33589
9047.5, 1725, -3328, -9671, 3202, -111594, 8601, -37275, 33538
9051.3, 1387, -3328, -9671, 3202, -111594, 8601, -37275, 33542
9055.5, 1063, -3013, -10076, 3575, -112955, -3329, -35219, 33542
9059.3, 1430, -3013, -10076, 3575, -112955, -3329, -35219, 33533
9061.5, 325, -3013, -10076, 3575, -112955, -3329, -35219, 33533
9065.8, 1290, -2846, -10327, 3616, -109840, -19342, -36995, 33533
9069.6, 1613, -2846, -10327, 3616, -109840, -19342, -36995, 33535
9073.8, 1086, -2841, -10182, 3024, -106554, -30564, -38404, 33535
9077.5, 1507, -2841, -10182, 3024, -106554, -30564, -38404, 33579
9081.3, 1463, -2841, -10182, 3024, -106554, -30564, -38404, 33587
9085.5, 1265, -2741, -9952, 1216, -107727, -28630, -36474, 33587
9089.3, 1602, -2741, -9952, 1216, -107727, -28630, -36474, 33555
9093.5, 1263, -2442, -10095, 948, -106834, -19123, -34046, 33555
9097.2, 1493, -2442, -10095, 948, -106834, -19123, -34046, 33634
9101.0, 1439, -2442, -10095, 948, -106834, -19123, -34046, 33614
9105.3, 1245, -2204, -10476, 1250, -105220, -12814, -34558, 33614
9109.0, 1673, -2204, -10476, 1250, -105220, -12814, -34558, 33607
9113.3, 1282, -2067, -10666, 1366, -103461, -10508, -35766, 33607
9117.0, 1332, -2067, -10666, 1366, -103461, -10508, -35766, 33630
9120.7, 1324, -2067, -10666, 1366, -103461, -10508, -35766, 33587
9125.0, 1266, -2109, -10560, 898, -103142, -9003, -33801, 33587
9128.7, 1576, -2109, -10560, 898, -103142, -9003, -33801, 33577
9132.9, 1183, -2097, -10294, 583, -100407, -11607, -29216, 33577
9136.7, 1376, -2097, -10294, 583, -100407, -11607, -29216, 33513
9139.0, 514, -2097, -10294, 583, -100407, -11607, -29216, 33513
9144.7, 1192, -1936, -10383, -191, -94536, -19722, -25966, 33549
9148.5, 1537, -1936, -10383, -191, -94536, -19722, -25966, 33568
9152.7, 991, -1861, -10748, -32, -87208, -25970, -24434, 33568
9156.4, 1315, -1861, -10748, -32, -87208, -25970, -24434, 33494
9158.7, 518, -1861, -10748, -32, -87208, -25970, -24434, 33494
9164.5, 1151, -1777, -10980, -400, -84001, -26897, -23620, 33536
9168.3, 1529, -1777, -10980, -400, -84001, -26897, -23620, 33570
9174.0, 1631, -1783, -11222, -223, -78108, -23655, -22334, 33504
9176.3, 409, -1783, -11222, -223, -78108, -23655, -22334, 33504
9178.5, 408, -1783, -11222, -223, -78108, -23655, -22334, 33504
9184.3, 1641, -1727, -10909, 249, -71388, -19950, -20449, 33457
9186.5, 414, -1727, -10909, 249, -71388, -19950, -20449, 33457
9190.8, 1438, -1512, -10651, 582, -65976, -15369, -17911, 33457
9194.5, 1539, -1512, -10651, 582, -65976, -15369, -17911, 33466
9196.8, 412, -1512, -10651, 582, -65976, -15369, -17911, 33466
9202.5, 1605, -1513, -10405, 463, -62716, -13116, -16375, 33470
9206.2, 1414, -1513, -10405, 463, -62716, -13116, -16375, 33465
9210.5, 1201, -1872, -10495, 912, -56280, -13676, -14669, 33465
9214.2, 1494, -1872, -10495, 912, -56280, -13676, -14669, 33460
9216.5, 462, -1872, -10495, 912, -56280, -13676, -14669, 33460
9220.7, 1230, -2249, -10500, 1386, -48847, -16970, -13120, 33460
9224.4, 1626, -2249, -10500, 1386, -48847, -16970, -13120, 33487
9226.7, 456, -2249, -10500, 1386, -48847, -16970, -13120, 33487
9230.9, 1134, -2207, -10431, 1671, -44691, -18445, -12145, 33487
9234.6, 1682, -2207, -10431, 1671, -44691, -18445, -12145, 33488
9238.9, 1478, -2234, -10439, 1907, -42009, -19136, -11200, 33488
9242.6, 1475, -2234, -10439, 1907, -42009, -19136, -11200, 33509
9246.4, 1383, -2234, -10439, 1907, -42009, -19136, -11200, 33528
9250.6, 1127, -2237, -10590, 1134, -40285, -22177, -10473, 33528
9254.4, 1525, -2237, -10590, 1134, -40285, -22177, -10473, 33539
9258.6, 1479, -2600, -10713, 926, -34348, -26884, -9734, 33539
9262.3, 1513, -2600, -10713, 926, -34348, -26884, -9734, 33570
9266.1, 1456, -2600, -10713, 926, -34348, -26884, -9734, 33596
9270.4, 1353, -2715, -10197, 169, -28805, -30529, -8395, 33596
9274.2, 1633, -2715, -10197, 169, -28805, -30529, -8395, 33615
9278.4, 1384, -2362, -10094, -131, -21827, -31097, -8041, 33615
9282.1, 1508, -2362, -10094, -131, -21827, -31097, -8041, 33656
9285.9, 1380, -2362, -10094, -131, -21827, -31097, -8041, 33670
9290.1, 1192, -1663, -9487, -792, -20820, -34965, -11138, 33670
9293.9, 1549, -1663, -9487, -792, -20820, -34965, -11138, 33704
9298.1, 1752, -902, -9725, -1140, -16362, -41379, -16231, 33704
9301.8, 1231, -902, -9725, -1140, -16362, -41379, -16231, 33768
9305.6, 1034, -902, -9725, -1140, -16362, -41379, -16231, 33757
9309.8, 901, -500, -10219, -824, -8833, -43685, -19097, 33757
9313.6, 1408, -500, -10219, -824, -8833, -43685, -19097, 33787
9317.9, 1392, -142, -10658, -1071, -5775, -38211, -15737, 33787
9321.6, 1378, -142, -10658, -1071, -5775, -38211, -15737, 33820
9323.9, 351, -142, -10658, -1071, -5775, -38211, -15737, 33820
9329.6, 1520, -428, -10846, -1131, -4169, -29715, -8098, 33811
9333.3, 1660, -428, -10846, -1131, -4169, -29715, -8098, 33846
9339.1, 1204, -911, -11013, -841, 1876, -26364, -1889, 33853
9341.3, 44, -911, -11013, -841, 1876, -26364, -1889, 33853
9343.6, 13, -911, -11013, -841, 1876, -26364, -1889, 33853
9349.3, 1417, -1182, -11148, -172, 11878, -27379, -1194, 33865
9351.6, 216, -1182, -11148, -172, 11878, -27379, -1194, 33865
9355.8, 1269, -1036, -10796, -1095, 13619, -25340, -3027, 33865
9359.6, 1367, -1036, -10796, -1095, 13619, -25340, -3027, 33895
9361.9, 128, -1036, -10796, -1095, 13619, -25340, -3027, 33895
9367.6, 1215, -1198, -10710, -883, 18230, -17439, -3298, 33887
9371.4, 1262, -1198, -10710, -883, 18230, -17439, -3298, 33886
9375.6, 1233, -1144, -10700, -573, 21302, -10438, -3364, 33886
9379.4, 1599, -1144, -10700, -573, 21302, -10438, -3364, 33903
9381.7, 675, -1144, -10700, -573, 21302, -10438, -3364, 33903
9385.9, 1142, -1325, -10532, 99, 23113, -6986, -4917, 33903
9389.7, 1337, -1325, -10532, 99, 23113, -6986, -4917, 33899
9393.9, 1332, -1325, -10532, 99, 22667, -4445, -5293, 33899
9397.6, 1220, -1325, -10532, 99, 22667, -4445, -5293, 33927
9401.4, 1362, -1325, -10532, 99, 22667, -4445, -5293, 33853
9405.6, 2077, -1491, -10730, 1441, 22094, -7472, -5114, 33853
9409.4, 1632, -1491, -10730, 1441, 22094, -7472, -5114, 33904
9413.6, 577, -1491, -10730, 1441, 23367, -15877, -6068, 33904
9417.3, 910, -1491, -10730, 1441, 23367, -15877, -6068, 33919
9421.1, 1477, -1491, -10730, 1441, 23367, -15877, -6068, 33936
9425.3, 1137, -1515, -10703, 1849, 26718, -21245, -6125, 33936
9429.0, 1452, -1515, -10703, 1849, 26718, -21245, -6125, 33935
9433.3, 1045, -1515, -10703, 1849, 23717, -16878, -4191, 33935
9437.0, 1624, -1515, -10703, 1849, 23717, -16878, -4191, 33948
9440.7, 1711, -1515, -10703, 1849, 23717, -16878, -4191, 33970
9445.0, 1417, -1457, -10167, 256, 22321, -10631, -3281, 33970
9448.7, 1196, -1457, -10167, 256, 22321, -10631, -3281, 34005
9453.0, 1078, -1457, -10167, 256, 24675, -15518, -6606, 34005
9456.7, 1211, -1457, -10167, 256, 24675, -15518, -6606, 33968
9459.0, 42, -1457, -10167, 256, 24675, -15518, -6606, 33968
9464.8, 1270, -1295, -10208, 737, 31111, -22868, -9730, 33971
9468.5, 1633, -1295, -10208, 737, 31111, -22868, -9730, 33976
9472.7, 981, -1295, -10208, 737, 32008, -18130, -8071, 33976
9476.5, 1334, -1295, -10208, 737, 32008, -18130, -8071, 33980
9478.8, 106, -1295, -10208, 737, 32008, -18130, -8071, 33980
9484.5, 1408, -787, -10085, -142, 33884, -5302, -4698, 33987
9488.2, 1593, -787, -10085, -142, 33884, -5302, -4698, 34021
9494.0, 1394, -787, -10085, -142, 36706, 104, -4602, 34005
9496.2, 78, -787, -10085, -142, 36706, 104, -4602, 34005
9498.5, 5, -787, -10085, -142, 36706, 104, -4602, 34005
9504.3, 2050, -734, -10328, 1601, 36623, 3237, -4217, 34021
9506.5, 1069, -734, -10328, 1601, 36623, 3237, -4217, 34021
9510.8, 1158, -951, -10328, 1601, 36623, 3237, -4217, 34021
9514.5, 1101, -951, -10328, 1601, 36623, 3237, -4217, 34021
9516.8, 393, -951, -10328, 1601, 36623, 3237, -4217, 34021
9521.0, 1549, -1504, -10237, 1814, 36501, 13094, 223, 34021
9524.7, 1432, -1504, -10237, 1814, 36501, 13094, 223, 34038
9527.0, 217, -1504, -10237, 1814, 36501, 13094, 223, 34038
9532.7, 1185, -2182, -9891, 1730, 37682, 19543, 2835, 34032
9536.4, 1308, -2182, -9891, 1730, 37682, 19543, 2835, 34033
9540.6, 1957, -2331, -9869, 1215, 38028, 19171, 2835, 34033
9544.4, 2286, -2331, -9869, 1215, 38028, 19171, 2835, 34040
9546.6, 786, -2331, -9869, 1215, 38028, 19171, 2835, 34040
9550.9, 742, -2041, -10150, 1118, 41396, 15977, -3010, 34040
9555.0, 650, -2041, -10150, 1118, 41396, 15977, -3010, 34034
9559.2, 1837, -1512, -10501, 1048, 45373, 14638, -9808, 34034
9563.0, 1970, -1512, -10501, 1048, 45373, 14638, -9808, 34042
9566.7, 2030, -1512, -10501, 1048, 45373, 14638, -9808, 33999
9572.4, 1051, -1450, -10187, 1259, 47740, 28433, -6015, 34028
9576.2, 851, -1450, -10187, 1259, 47740, 28433, -6015, 34024
9580.4, 1290, -1594, -9854, 2026, 46940, 28433, -6015, 34024
9584.1, 2201, -1594, -9854, 2026, 46940, 28433, -6015, 34026
9588.3, 1302, -1674, -9697, 3452, 51503, 28844, -1470, 34026
9592.1, 987, -1674, -9697, 3452, 51503, 28844, -1470, 33887
9595.8, 1341, -1674, -9697, 3452, 51503, 28844, -1470, 34019
9600.1, 967, -1739, -9406, 2800, 47994, 22413, -538, 34019
9603.8, 943, -1739, -9406, 2800, 47994, 22413, -538, 34012
9608.0, 1681, -2028, -9963, 1841, 48865, 21087, 275, 34012
9611.7, 2028, -2028, -9963, 1841, 48865, 21087, 275, 34017
9615.5, 1166, -2028, -9963, 1841, 48865, 21087, 275, 34044
9619.7, 931, -2216, -10113, 1092, 51153, 25143, 1824, 34044
9623.4, 1407, -2216, -10113, 1092, 51153, 25143, 1824, 33981
9629.2, 1453, -2090, -10094, 32, 52382, 31902, 1675, 34002
9632.9, 1476, -2090, -10094, 32, 52382, 31902, 1675, 34003
9638.6, 706, -2270, -9871, 1426, 60686, 40066, -402, 34005
9642.3, 1527, -2270, -9871, 1426, 60686, 40066, -402, 34015
9648.0, 1147, -2411, -9667, 3456, 62305, 45500, -398, 34019
9651.7, 946, -2411, -9667, 3456, 62305, 45500, -398, 34009
9656.0, 787, -2524, -9539, 3485, 56797, 46030, 3211, 34009
9659.7, 1679, -2524, -9539, 3485, 56797, 46030, 3211, 34004
9662.0, 383, -2524, -9539, 3485, 56797, 46030, 3211, 34004
9667.7, 1518, -2534, -9504, 3559, 59059, 40675, 7078, 34022
9671.4, 1378, -2534, -9504, 3559, 59059, 40675, 7078, 34008
9675.7, 965, -2339, -9936, 2726, 56735, 35783, 9590, 34008
9679.4, 959, -2339, -9936, 2726, 56735, 35783, 9590, 34001
9681.7, 27, -2339, -9936, 2726, 56735, 35783, 9590, 34001
9686.0, 1775, -2222, -10689, 2394, 57812, 34462, 8697, 34001
9689.7, 2028, -2222, -10689, 2394, 57812, 34462, 8697, 33997
9692.0, 982, -2222, -10689, 2394, 57812, 34462, 8697, 33997
9697.8, 1163, -2626, -10345, 1786, 58030, 42153, 7638, 33985
9701.5, 1032, -2626, -10345, 1786, 58030, 42153, 7638, 33993
9705.8, 1018, -3005, -10570, 2001, 56018, 61045, 9305, 33993
9709.5, 1035, -3005, -10570, 2001, 56018, 61045, 9305, 33956
9711.8, 865, -3005, -10570, 2001, 56018, 61045, 9305, 33956
9716.0, 1834, -3164, -10881, 2480, 53773, 76318, 8911, 33956
9719.7, 1119, -3164, -10881, 2480, 53773, 76318, 8911, 33997
9723.9, 550, -3102, -11113, 2000, 51949, 82085, 5958, 33997
9727.7, 1162, -3102, -11113, 2000, 51949, 82085, 5958, 33997
9731.4, 1345, -3102, -11113, 2000, 51949, 82085, 5958, 34006
9735.6, 2063, -2761, -11700, 2326, 55690, 81953, 3858, 34006
9739.4, 1721, -2761, -11700, 2326, 55690, 81953, 3858, 33981
9743.6, 892, -2474, -11890, 2318, 55681, 78746, 3692, 33981
9747.3, 919, -2474, -11890, 2318, 55681, 78746, 3692, 34007
9751.0, 1303, -2474, -11890, 2318, 55681, 78746, 3692, 33814
9755.3, 2001, -2475, -11634, 1950, 57274, 79718, 7923, 33814
9759.0, 1924, -2475, -11634, 1950, 57274, 79718, 7923, 33789
9763.2, 689, -2529, -11355, 2089, 60039, 84950, 13763, 33789
9767.0, 941, -2529, -11355, 2089, 60039, 84950, 13763, 33806
9770.8, 1035, -2529, -11355, 2089, 60039, 84950, 13763, 33749
9775.0, 1420, -2298, -11964, 2187, 58682, 88113, 15636, 33749
9778.8, 2277, -2298, -11964, 2187, 58682, 88113, 15636, 33729
9783.0, 867, -2198, -12361, 3454, 62375, 84311, 13693, 33729
9786.7, 971, -2198, -12361, 3454, 62375, 84311, 13693, 33718
9789.0, 30, -2198, -12361, 3454, 62375, 84311, 13693, 33718
9794.8, 890, -1859, -12539, 3392, 60424, 75115, 12801, 33704
9798.5, 1243, -1859, -12539, 3392, 60424, 75115, 12801, 33699
9802.7, 1069, -1707, -11711, 2538, 59229, 65862, 17491, 33699
9806.5, 1185, -1707, -11711, 2538, 59229, 65862, 17491, 33689
9808.8, 91, -1707, -11711, 2538, 59229, 65862, 17491, 33689
9814.5, 1488, -2019, -10945, 505, 61456, 62983, 28499, 33678
9818.3, 1004, -2019, -10945, 505, 61456, 62983, 28499, 33677
9824.0, 1387, -2453, -11311, -625, 67686, 74306, 39743, 33650
9826.2, 80, -2453, -11311, -625, 67686, 74306, 39743, 33650
9830.5, 1043, -3057, -12158, 786, 74323, 95560, 43838, 33650
9834.3, 1078, -3057, -12158, 786, 74323, 95560, 43838, 33622
9836.5, 39, -3057, -12158, 786, 74323, 95560, 43838, 33622
9840.8, 1274, -3201, -11916, 2714, 75767, 108851, 39428, 33622
9844.5, 1744, -3201, -11916, 2714, 75767, 108851, 39428, 33577
9846.8, 356, -3201, -11916, 2714, 75767, 108851, 39428, 33577
9851.0, 700, -2853, -11297, 3923, 74608, 100805, 32878, 33577
9854.7, 1075, -2853, -11297, 3923, 74608, 100805, 32878, 33557
9857.0, 263, -2853, -11297, 3923, 74608, 100805, 32878, 33557
9862.7, 1811, -2431, -10352, 5599, 79630, 72438, 33149, 33533
9866.4, 1075, -2431, -10352, 5599, 79630, 72438, 33149, 33494
9870.7, 635, -2070, -9563, 3823, 76537, 43238, 44857, 33494
9874.4, 1403, -2070, -9563, 3823, 76537, 43238, 44857, 33519
9876.6, 192, -2070, -9563, 3823, 76537, 43238, 44857, 33519
9880.9, 1259, -2159, -9552, 1964, 79516, 35184, 65206, 33519
9884.7, 1352, -2159, -9552, 1964, 79516, 35184, 65206, 33484
9888.9, 608, -2833, -9937, 1113, 83699, 47355, 82535, 33484
9892.7, 1432, -2833, -9937, 1113, 83699, 47355, 82535, 33447
9896.4, 1071, -2833, -9937, 1113, 83699, 47355, 82535, 33489
9900.7, 1609, -3775, -10310, 1827, 87667, 67905, 86849, 33489
9904.4, 1024, -3775, -10310, 1827, 87667, 67905, 86849, 33955
9908.6, 894, -4091, -10244, 3148, 85663, 81761, 80663, 33955
9912.3, 1594, -4091, -10244, 3148, 85663, 81761, 80663, 33501
9916.1, 1608, -4091, -10244, 3148, 85663, 81761, 80663, 33496
9920.3, 846, -3820, -10001, 3414, 82907, 81323, 71650, 33496
9924.0, 1121, -3820, -10001, 3414, 82907, 81323, 71650, 33484
9928.2, 1735, -3827, -9147, 4946, 88306, 67752, 70394, 33484
9932.0, 1649, -3827, -9147, 4946, 88306, 67752, 70394, 33523
9935.7, 931, -3827, -9147, 4946, 88306, 67752, 70394, 33469
9940.0, 781, -3592, -8755, 5708, 88472, 50282, 81061, 33469
9943.7, 1436, -3592, -8755, 5708, 88472, 50282, 81061, 33431
9947.9, 895, -2973, -8556, 5051, 86805, 33062, 94269, 33431
9951.6, 1238, -2973, -8556, 5051, 86805, 33062, 94269, 33463
9953.9, 61, -2973, -8556, 5051, 86805, 33062, 94269, 33463
9959.6, 856, -2734, -8697, 3519, 88582, 16695, 102682, 33459
9963.3, 1576, -2734, -8697, 3519, 88582, 16695, 102682, 33456
9969.0, 1011, -3084, -8446, 2276, 97502, 9038, 108169, 33489
9972.8, 972, -3084, -8446, 2276, 97502, 9038, 108169, 33451
9978.5, 1572, -3522, -8382, 837, 100246, 20335, 116341, 33459
9980.7, 76, -3522, -8382, 837, 100246, 20335, 116341, 33459
9983.0, 17, -3522, -8382, 837, 100246, 20335, 116341, 33459
9988.7, 1683, -4267, -8222, 1692, 105439, 38181, 123149, 33460
9990.9, 374, -4267, -8222, 1692, 105439, 38181, 123149, 33460
9993.2, 59, -4267, -8222, 1692, 105439, 38181, 123149, 33460
9998.9, 1316, -5096, -7783, 3993, 110146, 49923, 125787, 33447
10001.2, 326, -5096, -7783, 3993, 110146, 49923, 125787, 33447
10005.4, 1129, -5096, -7783, 7828, 113318, 49871, 125385, 33447
10009.2, 1149, -5096, -7783, 7828, 113318, 49871, 125385, 33475
10011.4, 40, -5096, -7783, 7828, 113318, 49871, 125385, 33475
10015.7, 1091, -4619, -6744, 6823, 102993, 35153, 121574, 33475
10019.4, 957, -4619, -6744, 6823, 102993, 35153, 121574, 33494
10021.7, 334, -4619, -6744, 6823, 102993, 35153, 121574, 33494
10025.9, 1174, -4349, -6550, 3236, 99843, 21608, 120502, 33494
10029.6, 1169, -4349, -6550, 3236, 99843, 21608, 120502, 33506
10031.9, 162, -4349, -6550, 3236, 99843, 21608, 120502, 33506
10037.6, 1255, -4267, -6614, 4022, 113905, 10710, 123263, 33541
10041.3, 1204, -4267, -6614, 4022, 113905, 10710, 123263, 33510
10045.6, 1313, -4523, -6538, 2898, 115151, 9695, 129305, 33510
10049.4, 1154, -4523, -6538, 2898, 115151, 9695, 129305, 33500
10053.6, 1514, -4523, -6538, 2898, 115151, 9695, 129305, 33500
10057.3, 1170, -4523, -6538, 2898, 115151, 9695, 129305, 33486
10061.1, 1234, -4523, -6538, 2898, 115151, 9695, 129305, 33466
10065.4, 1515, -5207, -5959, 6252, 121662, 20291, 140089, 33466
10069.1, 1208, -5207, -5959, 6252, 121662, 20291, 140089, 33456
10073.3, 765, -5207, -5959, 6252, 121662, 20291, 140089, 33456
10077.0, 1723, -5207, -5959, 6252, 121662, 20291, 140089, 33445
10080.8, 1170, -5207, -5959, 6252, 121662, 20291, 140089, 33421
10085.0, 971, -5129, -4496, 4885, 119120, 2585, 140986, 33421
10088.7, 1420, -5129, -4496, 4885, 119120, 2585, 140986, 33406
10092.9, 878, -5129, -4496, 4885, 119120, 2585, 140986, 33406
10096.7, 1628, -5129, -4496, 4885, 119120, 2585, 140986, 33390
10099.0, 473, -5129, -4496, 4885, 119120, 2585, 140986, 33390
10104.7, 860, -4905, -4222, 4924, 122642, -6225, 143051, 33381
10108.5, 1070, -4905, -4222, 4924, 122642, -6225, 143051, 33440
10112.7, 1973, -4905, -4222, 4924, 122642, -6225, 143051, 33440
10116.4, 1644, -4905, -4222, 4924, 122642, -6225, 143051, 33441
10118.7, 316, -4905, -4222, 4924, 122642, -6225, 143051, 33441
10124.5, 894, -5197, -4188, 5181, 128955, -5516, 143344, 33480
10128.3, 1460, -5197, -4188, 5181, 128955, -5516, 143344, 33479
10134.0, 1245, -5759, -3540, 6123, 132293, -8566, 143344, 33453
10137.7, 1280, -5759, -3540, 6123, 132293, -8566, 143344, 33447
10143.5, 1085, -5759, -3540, 6123, 132293, -8566, 143344, 33449
10145.7, 36, -5759, -3540, 6123, 132293, -8566, 143344, 33449
10148.0, 107, -5759, -3540, 6123, 132293, -8566, 143344, 33449
10153.7, 1808, -6552, -2975, 6102, 130245, -8102, 143344, 33399
10155.9, 155, -6552, -2975, 6102, 130245, -8102, 143344, 33399
10158.2, 16, -6552, -2975, 6102, 130245, -8102, 143344, 33399
10163.9, 1450, -6658, -2912, 6404, 127017, -17351, 143314, 33373
10166.2, 258, -6658, -2912, 6404, 127017, -17351, 143314, 33373
10170.4, 1666, -6336, -2772, 5816, 127017, -17351, 143314, 33373
10174.2, 1364, -6336, -2772, 5816, 127017, -17351, 143314, 33369
10176.5, 53, -6336, -2772, 5816, 127017, -17351, 143314, 33369
10180.7, 823, -6332, -2133, 5331, 132376, -28717, 143178, 33369
10184.4, 1261, -6332, -2133, 5331, 132376, -28717, 143178, 33351
10186.7, 298, -6332, -2133, 5331, 132376, -28717, 143178, 33351
10190.9, 2014, -6449, -2013, 5174, 135334, -29820, 142732, 33351
10194.6, 1475, -6449, -2013, 5174, 135334, -29820, 142732, 33341
10196.9, 74, -6449, -2013, 5174, 135334, -29820, 142732, 33341
10202.6, 1162, -6882, -1980, 4902, 132735, -26801, 142916, 33324
10206.3, 1297, -6882, -1980, 4902, 132735, -26801, 142916, 33324
10210.6, 1070, -7599, -1886, 6829, 135185, -25760, 143270, 33324
10214.4, 1766, -7599, -1886, 6829, 135185, -25760, 143270, 33356
10218.6, 1320, -7619, -1496, 6144, 132297, -25646, 143248, 33356
10222.3, 855, -7619, -1496, 6144, 132297, -25646, 143248, 33329
10226.1, 1766, -7619, -1496, 6144, 132297, -25646, 143248, 33310
10230.3, 1387, -7956, -1581, 5505, 130600, -21315, 139647, 33310
10234.1, 1301, -7956, -1581, 5505, 130600, -21315, 139647, 33313
10238.3, 828, -7737, -1511, 5755, 133824, -18020, 129222, 33313
10242.0, 1230, -7737, -1511, 5755, 133824, -18020, 129222, 33303
10245.7, 1517, -7737, -1511, 5755, 133824, -18020, 129222, 33294
10250.0, 1128, -7479, -1552, 4712, 130748, -15072, 118061, 33294
10253.7, 963, -7479, -1552, 4712, 130748, -15072, 118061, 33281
10257.9, 1704, -7197, -1243, 4530, 132945, -13737, 111266, 33281
10261.7, 1847, -7197, -1243, 4530, 132945, -13737, 111266, 33275
10264.0, 716, -7197, -1243, 4530, 132945, -13737, 111266, 33275
10269.7, 822, -6825, -1173, 5126, 135334, -14905, 110474, 33258
10273.5, 1082, -6825, -1173, 5126, 135334, -14905, 110474, 33254
10277.7, 1253, -6890, -566, 7925, 139836, -22452, 112203, 33254
10281.4, 1287, -6890, -566, 7925, 139836, -22452, 112203, 33383
10283.7, 139, -6890, -566, 7925, 139836, -22452, 112203, 33383
10289.5, 1195, -7092, 471, 6293, 132105, -28547, 114788, 33390
10293.2, 1976, -7092, 471, 6293, 132105, -28547, 114788, 33393
10298.9, 820, -7412, 989, 4982, 125603, -23157, 117321, 33389
10302.6, 955, -7412, 989, 4982, 125603, -23157, 117321, 33389
10308.3, 1460, -7170, 872, 5967, 127480, -20925, 113572, 33389
10312.0, 1489, -7170, 872, 5967, 127480, -20925, 113572, 33381
10317.7, 1519, -6872, 390, 5425, 127078, -22102, 103662, 33387
10321.5, 1965, -6872, 390, 5425, 127078, -22102, 103662, 33377
10325.7, 922, -6332, 300, 4338, 125866, -19477, 95691, 33377
10329.5, 785, -6332, 300, 4338, 125866, -19477, 95691, 33402
10331.8, 24, -6332, 300, 4338, 125866, -19477, 95691, 33402
10337.5, 2124, -6050, 911, 5465, 125542, -22330, 91565, 33415
10341.3, 1983, -6050, 911, 5465, 125542, -22330, 91565, 33440
10345.5, 779, -5637, 2120, 6253, 125455, -30796, 91662, 33440
10349.2, 1364, -5637, 2120, 6253, 125455, -30796, 91662, 33403
10351.5, 80, -5637, 2120, 6253, 125455, -30796, 91662, 33403
10355.8, 1254, -5181, 2988, 5848, 124829, -37643, 95477, 33403
10359.6, 985, -5181, 2988, 5848, 124829, -37643, 95477, 33482
10361.8, 31, -5181, 2988, 5848, 124829, -37643, 95477, 33482
10367.6, 1001, -5116, 3245, 5405, 125057, -37511, 100622, 33501
10371.3, 1041, -5116, 3245, 5405, 125057, -37511, 100622, 33507
10375.6, 1388, -5378, 3396, 5050, 128845, -32314, 104747, 33507
10379.3, 2118, -5378, 3396, 5050, 128845, -32314, 104747, 33502
10383.5, 1509, -5194, 3150, 4674, 131540, -16730, 108891, 33502
10387.2, 850, -5194, 3150, 4674, 131540, -16730, 108891, 33499
10391.0, 846, -5194, 3150, 4674, 131540, -16730, 108891, 33430
10395.2, 813, -5398, 2833, 5958, 130162, 3001, 110063, 33430
10398.9, 1699, -5398, 2833, 5958, 130162, 3001, 110063, 33488
10403.1, 1296, -5547, 3246, 6829, 126242, 7669, 106699, 33488
10406.9, 2413, -5547, 3246, 6829, 126242, 7669, 106699, 33490
10410.6, 1073, -5547, 3246, 6829, 126242, 7669, 106699, 33481
10414.9, 660, -5723, 4155, 6622, 121478, -1636, 104743, 33481
10418.6, 1497, -5723, 4155, 6622, 121478, -1636, 104743, 33539
10422.8, 778, -6192, 4887, 6000, 120502, -15470, 106235, 33539
10426.5, 1238, -6192, 4887, 6000, 120502, -15470, 106235, 33528
10428.8, 1034, -6192, 4887, 6000, 120502, -15470, 106235, 33528
10434.5, 1369, -6050, 4870, 5408, 121303, -24815, 107451, 33553
10438.2, 846, -6050, 4870, 5408, 121303, -24815, 107451, 33574
10444.0, 1719, -5828, 4603, 5373, 123416, -27291, 103435, 33602
10447.7, 2045, -5828, 4603, 5373, 123416, -27291, 103435, 33628
10453.4, 676, -5788, 4408, 5722, 122646, -25681, 96269, 33646
10457.1, 1023, -5788, 4408, 5722, 122646, -25681, 96269, 33613
10462.8, 1692, -5571, 4338, 5254, 125258, -22588, 89916, 33690
10466.5, 890, -5571, 4338, 5254, 125258, -22588, 89916, 33719
10470.8, 1316, -4995, 5206, 4703, 124952, -21472, 86136, 33719
10474.5, 1165, -4995, 5206, 4703, 124952, -21472, 86136, 33736
10476.8, 259, -4995, 5206, 4703, 124952, -21472, 86136, 33736
10481.0, 1011, -5366, 6293, 4613, 127747, -20707, 87173, 33736
10484.7, 968, -5366, 6293, 4613, 127747, -20707, 87173, 33774
10487.0, 87, -5366, 6293, 4613, 127747, -20707, 87173, 33774
10492.7, 2649, -5091, 6669, 4732, 128412, -19574, 91946, 33763
10496.4, 1053, -5091, 6669, 4732, 128412, -19574, 91946, 33835
10500.7, 707, -5078, 6705, 5244, 125520, -19705, 90581, 33835
10504.4, 1985, -5078, 6705, 5244, 125520, -19705, 90581, 33859
10506.6, 1016, -5078, 6705, 5244, 125520, -19705, 90581, 33859
10510.9, 765, -5059, 7290, 4326, 122488, -20641, 84688, 33859
10514.7, 1073, -5059, 7290, 4326, 122488, -20641, 84688, 33389
10516.9, 76, -5059, 7290, 4326, 122488, -20641, 84688, 33389
10522.6, 1394, -4954, 7161, 3695, 117387, -22597, 78694, 33905
10526.4, 1663, -4954, 7161, 3695, 117387, -22597, 78694, 33932
10530.6, 964, -4451, 7263, 4073, 119159, -23922, 73453, 33932
10534.4, 1294, -4451, 7263, 4073, 119159, -23922, 73453, 33967
10536.6, 76, -4451, 7263, 4073, 119159, -23922, 73453, 33967
10540.9, 895, -3525, 7429, 4801, 122362, -28984, 70377, 33967
10544.7, 976, -3525, 7429, 4801, 122362, -28984, 70377, 34010
10548.9, 857, -3404, 8135, 5254, 119198, -40959, 71768, 34010
10552.6, 1229, -3404, 8135, 5254, 119198, -40959, 71768, 34044
10556.4, 1671, -3404, 8135, 5254, 119198, -40959, 71768, 34062
10560.7, 990, -3551, 8712, 4605, 112951, -48738, 76638, 34062
10564.4, 1075, -3551, 8712, 4605, 112951, -48738, 76638, 34104
10568.6, 960, -3257, 8069, 3926, 104306, -40150, 82653, 34104
10572.3, 1002, -3257, 8069, 3926, 104306, -40150, 82653, 34134
10576.1, 975, -3257, 8069, 3926, 104306, -40150, 82653, 34172
10580.3, 676, -3686, 7431, 3772, 95870, -28547, 81861, 34172
10584.0, 2396, -3686, 7431, 3772, 95870, -28547, 81861, 34198
10588.2, 1822, -4340, 6937, 3092, 86359, -20007, 78523, 34198
10592.0, 945, -4340, 6937, 3092, 86359, -20007, 78523, 34223
10595.7, 1087, -4340, 6937, 3092, 86359, -20007, 78523, 34259
10600.0, 1030, -4324, 6479, 3083, 84998, -7332, 77044, 34259
10603.7, 1101, -4324, 6479, 3083, 84998, -7332, 77044, 34252
10607.9, 1204, -3808, 6471, 4028, 84609, 6571, 72963, 34252
10611.6, 1179, -3808, 6471, 4028, 84609, 6571, 72963, 34232
10613.9, 80, -3808, 6471, 4028, 84609, 6571, 72963, 34232
10619.6, 1053, -3162, 6310, 4617, 75133, 1491, 65254, 34217
10623.3, 1237, -3162, 6310, 4617, 75133, 1491, 65254, 34202
10629.0, 1680, -3148, 7603, 4434, 71081, -10858, 60489, 34193
10631.3, 232, -3148, 7603, 4434, 71081, -10858, 60489, 34193
10633.5, 60, -3148, 7603, 4434, 71081, -10858, 60489, 34193
10639.3, 1581, -2821, 6903, 4355, 70653, -22802, 63272, 34214
10641.5, 1984, -2821, 6903, 4355, 70653, -22802, 63272, 34214
10645.8, 1969, -2821, 6903, 4355, 73002, -25239, 70359, 34214
10649.5, 1156, -2821, 6903, 4355, 73002, -25239, 70359, 34158
10651.8, 48, -2821, 6903, 4355, 73002, -25239, 70359, 34158
10657.5, 1200, -3550, 7208, 4877, 69769, -21814, 73278, 34135
10661.2, 1029, -3550, 7208, 4877, 69769, -21814, 73278, 34122
10665.5, 1471, -3549, 6923, 4877, 64409, -27584, 59990, 34122
10669.2, 1118, -3549, 6923, 4877, 64409, -27584, 59990, 34104
10671.5, 159, -3549, 6923, 4877, 64409, -27584, 59990, 34104
10675.7, 2474, -3903, 6518, 4340, 62786, -34716, 42350, 34104
10679.4, 1362, -3903, 6518, 4340, 62786, -34716, 42350, 34123
10681.7, 76, -3903, 6518, 4340, 62786, -34716, 42350, 34123
10685.9, 833, -4164, 7264, 3552, 58402, -22063, 27261, 34123
10689.6, 1014, -4164, 7264, 3552, 58402, -22063, 27261, 34118
10693.9, 1366, -4164, 7264, 3552, 58402, -22063, 27261, 34118
10697.6, 1268, -4164, 7264, 3552, 58402, -22063, 27261, 33690
10701.3, 872, -4164, 7264, 3552, 58402, -22063, 27261, 34133
10705.6, 2190, -3203, 3561, 4668, 5110, 9533, 2196, 34133
10709.4, 1191, -3203, 3561, 4668, 5110, 9533, 2196, 34128
10713.6, 821, -3203, 3561, 4668, 5110, 9533, 2196, 34128
10717.3, 2321, -3203, 3561, 4668, 5110, 9533, 2196, 34143
10721.1, 2185, -3203, 3561, 4668, 5110, 9533, 2196, 34218
10725.3, 714, -3810, 6639, 2714, 49013, -38693, 25506, 34218
10729.1, 929, -3810, 6639, 2714, 49013, -38693, 25506, 34237
10733.3, 1069, -3810, 6639, 2714, 49013, -38693, 25506, 34237
10737.0, 1084, -3810, 6639, 2714, 49013, -38693, 25506, 34292
10740.7, 1207, -3810, 6639, 2714, 49013, -38693, 25506, 34322
10745.0, 732, -4118, 8205, 2304, 49547, -41033, 13462, 34322
10748.7, 1428, -4118, 8205, 2304, 49547, -41033, 13462, 34338
10752.9, 1341, -4118, 8205, 2304, 49547, -41033, 13462, 34338
10756.7, 1114, -4118, 8205, 2304, 49547, -41033, 13462, 34335
10759.0, 37, -4118, 8205, 2304, 49547, -41033, 13462, 34335
10764.7, 953, -3167, 8560, 3577, 37148, -48165, -2533, 34338
10768.5, 823, -3167, 8560, 3577, 37148, -48165, -2533, 34266
10772.7, 1862, -3167, 8560, 3577, 37148, -48165, -2533, 34266
10776.4, 1393, -3167, 8560, 3577, 37148, -48165, -2533, 34167
10778.7, 67, -3167, 8560, 3577, 37148, -48165, -2533, 34167
10784.5, 623, -2909, 7195, 3920, 15023, -49897, -3688, 34030
10788.3, 1002, -2909, 7195, 3920, 15023, -49897, -3688, 33897
10794.0, 1449, -2909, 7195, 3920, 15023, -49897, -3688, 33718
10796.3, 831, -2909, 7195, 3920, 15023, -49897, -3688, 33718
10798.5, 84, -2909, 7195, 3920, 15023, -49897, -3688, 33718
10804.3, 1020, -2961, 8860, 2581, 4598, -51897, 406, 33488
10806.5, 35, -2961, 8860, 2581, 4598, -51897, 406, 33488
10810.7, 852, -3311, 9762, 2705, -761, -55278, 3723, 33488
10814.4, 1007, -3311, 9762, 2705, -761, -55278, 3723, 33286
10816.7, 35, -3311, 9762, 2705, -761, -55278, 3723, 33286
10820.9, 1050, -3071, 10261, 1810, -2913, -52185, 1382, 33286
10824.6, 999, -3071, 10261, 1810, -2913, -52185, 1382, 33101
10826.9, 36, -3071, 10261, 1810, -2913, -52185, 1382, 33101
10832.6, 1110, -2797, 9647, 2453, -7183, -42862, -2891, 32958
10836.3, 1598, -2797, 9647, 2453, -7183, -42862, -2891, 32885
10840.6, 808, -2696, 10192, 1934, -18519, -33421, -2388, 32885
10844.3, 1125, -2696, 10192, 1934, -18519, -33421, -2388, 32825
10846.6, 470, -2696, 10192, 1934, -18519, -33421, -2388, 32825
10850.9, 1181, -3072, 9083, 2795, -25926, -28262, 2905, 32825
10854.6, 1093, -3072, 9083, 2795, -25926, -28262, 2905, 32840
10858.8, 1112, -3456, 8794, 2760, -31443, -25966, 4554, 32840
10862.6, 1369, -3456, 8794, 2760, -31443, -25966, 4554, 32825
10866.3, 1515, -3456, 8794, 2760, -31443, -25966, 4554, 32829
10870.6, 882, -3611, 9618, 2322, -35048, -20934, 5455, 32829
10874.3, 1019, -3611, 9618, 2322, -35048, -20934, 5455, 34214
10878.5, 1009, -3360, 9829, 3180, -34825, -15557, 3771, 34214
10882.2, 1681, -3360, 9829, 3180, -34825, -15557, 3771, 32837
10886.0, 1634, -3360, 9829, 3180, -34825, -15557, 3771, 32831
10890.3, 1130, -3116, 10138, 3561, -33569, -11130, 104, 32831
10894.0, 1199, -3116, 10138, 3561, -33569, -11130, 104, 32748
10898.3, 837, -2800, 10505, 3442, -32156, -9940, -2848, 32748
10902.0, 1274, -2800, 10505, 3442, -32156, -9940, -2848, 32717
10905.8, 1317, -2800, 10505, 3442, -32156, -9940, -2848, 32672
10910.0, 878, -2622, 10253, 3235, -32209, -15483, -4138, 32672
10913.7, 1572, -2622, 10253, 3235, -32209, -15483, -4138, 32615
10917.9, 1317, -2756, 10110, 3165, -32038, -21542, -2065, 32615
10921.7, 1464, -2756, 10110, 3165, -32038, -21542, -2065, 32619
10924.0, 179, -2756, 10110, 3165, -32038, -21542, -2065, 32619
10930.0, 1186, -2825, 9794, 3463, -32029, -26915, 1386, 32604
10933.8, 1307, -2825, 9794, 3463, -32029, -26915, 1386, 32591
10938.0, 1206, -2758, 9754, 3110, -35249, -26731, 1653, 32591
10941.8, 1378, -2758, 9754, 3110, -35249, -26731, 1653, 32624
10944.0, 199, -2758, 9754, 3110, -35249, -26731, 1653, 32624
10949.8, 1396, -3530, 9170, 2612, -38102, -26876, -4099, 32603
10952.0, 593, -3530, 9170, 2612, -38102, -26876, -4099, 32603
10957.8, 1376, -2918, 8834, 3057, -40023, -17443, -7306, 32565
10961.5, 1444, -2918, 8834, 3057, -40023, -17443, -7306, 32541
10965.8, 1107, -3050, 9439, 2707, -42258, -6273, -6496, 32541
10969.5, 1237, -3050, 9439, 2707, -42258, -6273, -6496, 32545
10971.8, 80, -3050, 9439, 2707, -42258, -6273, -6496, 32545
10976.0, 1750, -2510, 8478, 3064, -45754, 2673, -4777, 32545
10979.7, 1448, -2510, 8478, 3064, -45754, 2673, -4777, 32507
10982.0, 393, -2510, 8478, 3064, -45754, 2673, -4777, 32507
10987.7, 1506, -2156, 8101, 3521, -49307, -660, -9887, 32500
10991.4, 1352, -2156, 8101, 3521, -49307, -660, -9887, 32525
10995.7, 911, -1927, 7972, 4015, -51695, 914, -22067, 32525
10999.4, 1354, -1927, 7972, 4015, -51695, 914, -22067, 32498
11001.6, 565, -1927, 7972, 4015, -51695, 914, -22067, 32498
11005.9, 1260, -1764, 8854, 4526, -51315, 9839, -32008, 32498
11009.7, 1207, -1764, 8854, 4526, -51315, 9839, -32008, 32490
11013.9, 1037, -1387, 9659, 3182, -35508, 11663, -31465, 32490
11017.6, 1218, -1387, 9659, 3182, -35508, 11663, -31465, 32473
11021.4, 1258, -1387, 9659, 3182, -35508, 11663, -31465, 32450
11025.6, 734, -1462, 9996, 2819, -8610, 10981, -28381, 32450
11029.4, 1068, -1462, 9996, 2819, -8610, 10981, -28381, 32432
11033.6, 980, -820, 10128, 2853, -4458, 10053, -18086, 32432
11037.3, 1190, -820, 10128, 2853, -4458, 10053, -18086, 32458
11041.0, 1247, -820, 10128, 2853, -4458, 10053, -18086, 32433
11045.3, 885, -1045, 9752, 2485, -6680, 26451, -19959, 32433
11049.0, 1222, -1045, 9752, 2485, -6680, 26451, -19959, 32433
11053.2, 935, -1487, 9851, 3665, -18563, 52649, -29907, 32433
11057.0, 1316, -1487, 9851, 3665, -18563, 52649, -29907, 32465
11060.7, 1479, -1487, 9851, 3665, -18563, 52649, -29907, 32508
11065.0, 914, -1852, 8995, 4186, -27751, 69532, -37511, 32508
11068.7, 1035, -1852, 8995, 4186, -27751, 69532, -37511, 32554
11072.9, 806, -2708, 7140, 4994, -38898, 76699, -43466, 32554
11076.6, 1110, -2708, 7140, 4994, -38898, 76699, -43466, 32653
11078.9, 37, -2708, 7140, 4994, -38898, 76699, -43466, 32653
11084.6, 806, -3525, 7236, 4295, -44205, 68964, -48213, 32709
11088.3, 1021, -3525, 7236, 4295, -44205, 68964, -48213, 32789
11094.0, 863, -4326, 7295, 4424, -57387, 57444, -49381, 32872
11097.8, 1087, -4326, 7295, 4424, -57387, 57444, -49381, 32949
11103.5, 600, -4331, 7420, 5337, -63320, 47644, -44831, 33017
11107.2, 1124, -4331, 7420, 5337, -63320, 47644, -44831, 33094
11113.0, 1069, -3914, 6887, 4409, -73081, 35341, -43098, 33154
11116.7, 1003, -3914, 6887, 4409, -73081, 35341, -43098, 33203
11121.0, 746, -3551, 6629, 3537, -80326, 25471, -48782, 33203
11124.7, 1058, -3551, 6629, 3537, -80326, 25471, -48782, 33276
11127.0, 42, -3551, 6629, 3537, -80326, 25471, -48782, 33276
11132.7, 1081, -3281, 6723, 3600, -77893, 22505, -56416, 33356
11136.4, 1188, -3281, 6723, 3600, -77893, 22505, -56416, 33467
11140.7, 865, -3115, 6748, 4049, -81428, 25546, -63193, 33467
11144.4, 1066, -3115, 6748, 4049, -81428, 25546, -63193, 33538
11146.7, 46, -3115, 6748, 4049, -81428, 25546, -63193, 33538
11150.9, 708, -3140, 6742, 4712, -89990, 27160, -68789, 33538
11154.6, 941, -3140, 6742, 4712, -89990, 27160, -68789, 33562
11156.9, 43, -3140, 6742, 4712, -89990, 27160, -68789, 33562
11162.6, 1204, -3420, 6995, 4974, -97284, 23047, -70079, 33615
11166.3, 986, -3420, 6995, 4974, -97284, 23047, -70079, 33714
11170.6, 873, -3710, 6948, 4925, -107044, 17233, -68093, 33714
11174.4, 1201, -3710, 6948, 4925, -107044, 17233, -68093, 33787
11176.6, 64, -3710, 6948, 4925, -107044, 17233, -68093, 33787
11180.9, 738, -4086, 6479, 4913, -111450, 12608, -65726, 33787
11184.6, 1249, -4086, 6479, 4913, -111450, 12608, -65726, 33845
11188.8, 795, -4258, 5968, 4265, -112811, 13427, -66636, 33845
11192.6, 1014, -4258, 5968, 4265, -112811, 13427, -66636, 33946
11196.3, 1230, -4258, 5968, 4265, -112811, 13427, -66636, 34025
11200.6, 1029, -4185, 5658, 4200, -118166, 17552, -71510, 34025
11204.3, 1066, -4185, 5658, 4200, -118166, 17552, -71510, 34042
11208.5, 894, -3707, 5245, 5078, -123853, 18812, -78978, 34042
11212.2, 1011, -3707, 5245, 5078, -123853, 18812, -78978, 34085
11216.0, 1043, -3707, 5245, 5078, -123853, 18812, -78978, 34134
11220.3, 768, -3631, 5697, 6266, -125866, 9520, -87409, 34134
11224.0, 1003, -3631, 5697, 6266, -125866, 9520, -87409, 34149
11228.3, 808, -3957, 6136, 4446, -131641, 546, -87825, 34149
11232.0, 1115, -3957, 6136, 4446, -131641, 546, -87825, 34211
11235.7, 899, -3957, 6136, 4446, -131641, 546, -87825, 34250
11240.0, 761, -3732, 5567, 2394, -135167, 5162, -78138, 34250
11243.7, 795, -3732, 5567, 2394, -135167, 5162, -78138, 34286
11247.9, 1229, -3003, 4808, 4153, -130805, 12464, -72683, 34286
11251.7, 1788, -3003, 4808, 4153, -130805, 12464, -72683, 34310
11254.0, 861, -3003, 4808, 4153, -130805, 12464, -72683, 34310
11259.7, 726, -3324, 4782, 6869, -125271, 20532, -74069, 34332
11263.5, 978, -3324, 4782, 6869, -125271, 20532, -74069, 34363
11267.7, 1013, -4305, 4728, 6019, -133133, 34825, -70591, 34363
11271.4, 1141, -4305, 4728, 6019, -133133, 34825, -70591, 34367
11273.7, 37, -4305, 4728, 6019, -133133, 34825, -70591, 34367
11279.5, 1201, -5401, 3821, 5255, -140308, 40303, -60852, 34382
11281.7, 53, -5401, 3821, 5255, -140308, 40303, -60852, 34382
11286.0, 1000, -5401, 3821, 5255, -140308, 40303, -55926, 34382
11289.7, 1168, -5401, 3821, 5255, -140308, 40303, -55926, 34401
11292.0, 54, -5401, 3821, 5255, -140308, 40303, -55926, 34401
11297.7, 1122, -5804, 2797, 6155, -135876, -1916, -63158, 34403
11301.4, 1125, -5804, 2797, 6155, -135876, -1916, -63158, 34408
11305.7, 616, -5266, 2544, 4293, -135876, -9078, -73120, 34408
11309.4, 1125, -5266, 2544, 4293, -135876, -9078, -73120, 34427
11311.7, 168, -5266, 2544, 4293, -135876, -9078, -73120, 34427
11315.9, 1823, -4966, 3194, 4348, -134734, -1063, -78532, 34427
11319.6, 1310, -4966, 3194, 4348, -134734, -1063, -78532, 34398
11321.9, 58, -4966, 3194, 4348, -134734, -1063, -78532, 34398
11327.6, 1139, -5187, 3191, 7898, -138094, 8513, -76808, 34392
11331.3, 1302, -5187, 3191, 7898, -138094, 8513, -76808, 34385
11335.6, 1589, -5491, 2830, 8700, -142246, 7214, -71930, 34385
11339.3, 1281, -5491, 2830, 8700, -142246, 7214, -71930, 34374
11341.6, 304, -5491, 2830, 8700, -142246, 7214, -71930, 34374
11345.9, 992, -5751, 1606, 7176, -137447, -14485, -70898, 34374
11349.6, 1046, -5751, 1606, 7176, -137447, -14485, -70898, 34357
11353.9, 724, -5703, 897, 8626, -137447, -14485, -70898, 34357
11357.6, 1199, -5703, 897, 8626, -137447, -14485, -70898, 34296
11361.3, 1004, -5703, 897, 8626, -137447, -14485, -70898, 34313
11365.6, 1040, -5437, 976, 5737, -143344, -47031, -78081, 34313
11369.4, 1310, -5437, 976, 5737, -143344, -47031, -78081, 34301
11373.6, 889, -5134, 1591, 4084, -143344, -47031, -78081, 34301
11377.3, 982, -5134, 1591, 4084, -143344, -47031, -78081, 34288
11381.1, 1681, -5134, 1591, 4084, -143344, -47031, -78081, 34248
11385.3, 974, -4737, 1758, 10034, -142841, -44704, -85768, 34248
11389.1, 1239, -4737, 1758, 10034, -142841, -44704, -85768, 34278
11393.3, 1319, -4514, 1731, 10034, -142841, -44704, -85768, 34278
11397.0, 1177, -4514, 1731, 10034, -142841, -44704, -85768, 34301
11400.8, 1150, -4514, 1731, 10034, -142841, -44704, -85768, 34338
11405.0, 892, -4710, 1220, 7140, -143139, -24040, -74118, 34338
11408.7, 1071, -4710, 1220, 7140, -143139, -24040, -74118, 34373
11412.9, 620, -5307, 108, 7140, -143139, -24040, -74118, 34373
11416.7, 1268, -5307, 108, 7140, -143139, -24040, -74118, 34342
11419.0, 73, -5307, 108, 7140, -143139, -24040, -74118, 34342
11424.7, 908, -5426, -1103, 4395, -142557, -22907, -73593, 34349
11428.5, 1290, -5426, -1103, 4395, -142557, -22907, -73593, 34346
11432.7, 674, -5361, -1597, 6019, -142557, -22907, -73593, 34346
11436.4, 1347, -5361, -1597, 6019, -142557, -22907, -73593, 34342
11438.7, 70, -5361, -1597, 6019, -142557, -22907, -73593, 34342
11444.5, 1610, -4931, -1192, 6055, -143091, -24762, -85300, 34338
11446.7, 774, -4931, -1192, 6055, -143091, -24762, -85300, 34338
11450.9, 1294, -4983, -251, 7935, -142815, -22588, -95245, 34338
11454.6, 1388, -4983, -251, 7935, -142815, -22588, -95245, 34331
11456.9, 394, -4983, -251, 7935, -142815, -22588, -95245, 34331
11462.6, 1385, -5133, 26, 9052, -140343, -21958, -94488, 34583
11466.3, 1197, -5133, 26, 9052, -140343, -21958, -94488, 34566
11470.5, 884, -4517, -892, 6663, -142417, -20182, -87965, 34566
11474.3, 1067, -4517, -892, 6663, -142417, -20182, -87965, 34554
11476.6, 480, -4517, -892, 6663, -142417, -20182, -87965, 34554
11480.8, 1094, -4576, -1269, 8827, -139774, -30065, -87313, 34554
11484.6, 1674, -4576, -1269, 8827, -139774, -30065, -87313, 34560
11486.9, 1022, -4576, -1269, 8827, -139774, -30065, -87313, 34560
11492.6, 1173, -4560, -1510, 5566, -141463, -33031, -88341, 34521
11496.3, 1075, -4560, -1510, 5566, -141463, -33031, -88341, 34472
11500.6, 1280, -4576, -2395, 7121, -142539, -18839, -86512, 34472
11504.4, 1065, -4576, -2395, 7121, -142539, -18839, -86512, 34513
11508.6, 964, -4729, -2191, 7009, -143056, -16161, -88743, 34513
11512.3, 1911, -4729, -2191, 7009, -143056, -16161, -88743, 34506
11516.1, 1798, -4729, -2191, 7009, -143056, -16161, -88743, 34499
11520.3, 1171, -4728, -2070, 7015, -143287, -14446, -90703, 34499
11524.1, 1032, -4728, -2070, 7015, -143287, -14446, -90703, 34533
11528.3, 588, -4658, -2149, 8626, -143174, -17154, -91504, 34533
11532.0, 1656, -4658, -2149, 8626, -143174, -17154, -91504, 34503
11535.7, 1577, -4658, -2149, 8626, -143174, -17154, -91504, 34496
11540.0, 968, -4898, -2618, 7355, -143301, -15579, -89439, 34496
11543.7, 1181, -4898, -2618, 7355, -143301, -15579, -89439, 34496
11547.9, 1247, -5029, -3348, 8178, -143274, -13413, -85471, 34496
11551.7, 1469, -5029, -3348, 8178, -143274, -13413, -85471, 34495
11554.0, 179, -5029, -3348, 8178, -143274, -13413, -85471, 34495
11559.7, 947, -5018, -4184, 5924, -143331, -10749, -86053, 34482
11563.4, 1082, -5018, -4184, 5924, -143331, -10749, -86053, 34477
11569.1, 680, -5040, -4587, 6870, -141065, -5919, -91141, 34460
11572.8, 1067, -5040, -4587, 6870, -141065, -5919, -91141, 34474
11578.5, 1050, -4978, -4421, 5725, -142587, 323, -95569, 34446
11582.3, 1335, -4978, -4421, 5725, -142587, 323, -95569, 34420
11588.0, 1102, -5175, -4517, 7317, -143344, 7135, -97235, 34407
11591.7, 1489, -5175, -4517, 7317, -143344, 7135, -97235, 34390
11597.4, 1499, -5210, -4348, 7790, -143344, 5565, -97437, 34379
11601.1, 1531, -5210, -4348, 7790, -143344, 5565, -97437, 34370
11603.4, 359, -5210, -4348, 7790, -143344, 5565, -97437, 34370
11609.2, 1182, -5075, -4900, 8296, -142671, 4182, -95499, 34354
11611.4, 792, -5075, -4900, 8296, -142671, 4182, -95499, 34354
11615.7, 1163, -5303, -5109, 9428, -140321, -3565, -94169, 34354
11619.4, 940, -5303, -5109, 9428, -140321, -3565, -94169, 34342
11621.7, 30, -5303, -5109, 9428, -140321, -3565, -94169, 34342
11627.4, 1470, -5243, -5354, 7655, -140137, -8141, -92821, 34330
11631.1, 1631, -5243, -5354, 7655, -140137, -8141, -92821, 34330
11635.4, 1013, -4608, -6031, 6465, -142307, -5451, -91382, 34330
11639.1, 971, -4608, -6031, 6465, -142307, -5451, -91382, 34320
11641.4, 54, -4608, -6031, 6465, -142307, -5451, -91382, 34320
11645.6, 1463, -3983, -6013, 5626, -142434, -5805, -93504, 34320
11649.3, 1386, -3983, -6013, 5626, -142434, -5805, -93504, 34320
11651.6, 452, -3983, -6013, 5626, -142434, -5805, -93504, 34320
11655.8, 822, -4150, -5569, 5513, -141717, -2458, -93000, 34320
11659.5, 1191, -4150, -5569, 5513, -141717, -2458, -93000, 34283
11663.8, 1179, -4703, -5598, 5966, -140907, 11729, -84990, 34283
11667.5, 1399, -4703, -5598, 5966, -140907, 11729, -84990, 34308
11671.3, 1313, -4703, -5598, 5966, -140907, 11729, -84990, 34309
11675.5, 1198, -5122, -6544, 7954, -140964, 22404, -78033, 34309
11679.3, 1016, -5122, -6544, 7954, -140964, 22404, -78033, 34279
11683.5, 1306, -5114, -6903, 9897, -141397, 16139, -79880, 34279
11687.3, 1563, -5114, -6903, 9897, -141397, 16139, -79880, 34252
11691.0, 1123, -5114, -6903, 9897, -141397, 16139, -79880, 34232
11695.3, 1205, -5092, -6865, 8602, -142898, 7835, -84850, 34232
11699.0, 1300, -5092, -6865, 8602, -142898, 7835, -84850, 34209
11703.2, 830, -4408, -6956, 6863, -143344, 4830, -86840, 34209
11706.9, 1507, -4408, -6956, 6863, -143344, 4830, -86840, 34170
11710.6, 1371, -4408, -6956, 6863, -143344, 4830, -86840, 34119
11714.9, 1002, -3816, -6560, 4791, -143344, -5153, -89050, 34119
11718.6, 1433, -3816, -6560, 4791, -143344, -5153, -89050, 34125
11722.8, 913, -3866, -6647, 4256, -140291, -7892, -86438, 34125
11726.6, 1369, -3866, -6647, 4256, -140291, -7892, -86438, 34104
11728.8, 134, -3866, -6647, 4256, -140291, -7892, -86438, 34104
11734.6, 1437, -4159, -7590, 3993, -139398, 2450, -78690, 34080
11738.3, 1232, -4159, -7590, 3993, -139398, 2450, -78690, 34067
11744.0, 1062, -4555, -8575, 4674, -138624, 18738, -72298, 34051
11747.7, 1392, -4555, -8575, 4674, -138624, 18738, -72298, 34067
11753.4, 1109, -4909, -9119, 8373, -136344, 26919, -70653, 34039
11757.1, 1379, -4909, -9119, 8373, -136344, 26919, -70653, 34046
11762.9, 1742, -4825, -9081, 8231, -141148, 26324, -71934, 34049
11766.6, 1900, -4825, -9081, 8231, -141148, 26324, -71934, 34077
11770.9, 749, -4172, -8926, 7394, -143231, 20829, -73947, 34077
11774.7, 871, -4172, -8926, 7394, -143231, 20829, -73947, 34044
11777.0, 37, -4172, -8926, 7394, -143231, 20829, -73947, 34044
11782.7, 2264, -3404, -8088, 7264, -140881, -4191, -77237, 34001
11786.4, 1645, -3404, -8088, 7264, -140881, -4191, -77237, 34003
11790.6, 616, -2749, -8075, 3342, -139674, -24609, -75732, 34003
11794.4, 909, -2749, -8075, 3342, -139674, -24609, -75732, 33976
11796.6, 316, -2749, -8075, 3342, -139674, -24609, -75732, 33976
11800.9, 1423, -2644, -8337, 2376, -135207, -23196, -67463, 33976
11804.7, 1230, -2644, -8337, 2376, -135207, -23196, -67463, 33953
11807.0, 617, -2644, -8337, 2376, -135207, -23196, -67463, 33953
11812.7, 1636, -3196, -9175, 1300, -131265, -5066, -55825, 33940
11816.4, 1428, -3196, -9175, 1300, -131265, -5066, -55825, 33921
11820.7, 958, -4488, -10168, 2291, -128316, 23415, -46611, 33921
11824.5, 1524, -4488, -10168, 2291, -128316, 23415, -46611, 33910
11828.7, 795, -4488, -10168, 2291, -128683, 45277, -44875, 33910
11832.5, 1184, -4488, -10168, 2291, -128683, 45277, -44875, 33896
11836.2, 1321, -4488, -10168, 2291, -128683, 45277, -44875, 33906
11840.5, 1063, -4786, -11255, 7666, -129147, 43597, -54137, 33906
11844.2, 1630, -4786, -11255, 7666, -129147, 43597, -54137, 33923
11848.4, 1482, -4786, -11255, 7666, -130254, 20352, -64296, 33923
11852.1, 1703, -4786, -11255, 7666, -130254, 20352, -64296, 33951
11855.8, 1102, -4786, -11255, 7666, -130254, 20352, -64296, 33975
11860.1, 649, -3153, -9455, 5970, -127909, -8728, -66120, 33975
11863.8, 1696, -3153, -9455, 5970, -127909, -8728, -66120, 33989
11868.1, 1121, -3153, -9455, 5970, -122366, -29890, -58634, 33989
11871.8, 1166, -3153, -9455, 5970, -122366, -29890, -58634, 33989
11874.1, 90, -3153, -9455, 5970, -122366, -29890, -58634, 33989
11879.9, 1336, -3099, -9199, 494, -117986, -28477, -46782, 34035
11883.6, 1728, -3099, -9199, 494, -117986, -28477, -46782, 34044
11887.8, 962, -3099, -9199, 494, -111384, -13090, -40902, 34044
11891.6, 1586, -3099, -9199, 494, -111384, -13090, -40902, 34044
11893.9, 717, -3099, -9199, 494, -111384, -13090, -40902, 34044
11899.6, 1152, -2761, -10515, 1045, -110374, 559, -43396, 34050
11903.4, 1501, -2761, -10515, 1045, -110374, 559, -43396, 34009
11909.1, 1064, -2552, -10792, 3083, -109573, 8579, -48191, 34002
11912.8, 1483, -2552, -10792, 3083, -109573, 8579, -48191, 33975
11918.5, 1541, -2552, -10792, 3083, -112019, 7389, -46887, 33961
11920.8, 536, -2552, -10792, 3083, -112019, 7389, -46887, 33961
11923.1, 827, -2552, -10792, 3083, -112019, 7389, -46887, 33961
11928.8, 1596, -2547, -10723, 4964, -117076, -1408, -38360, 33956
11931.0, 585, -2547, -10723, 4964, -117076, -1408, -38360, 33956
11933.3, 873, -2547, -10723, 4964, -117076, -1408, -38360, 33956
11939.0, 1753, -2750, -10179, 4596, -118538, -15286, -31474, 33983
11941.3, 750, -2750, -10179, 4596, -118538, -15286, -31474, 33983
11945.5, 1391, -3152, -10179, 4596, -118538, -15286, -31474, 33983
11949.3, 1675, -3152, -10179, 4596, -118538, -15286, -31474, 33968
11951.6, 715, -3152, -10179, 4596, -118538, -15286, -31474, 33968
11955.8, 1076, -3553, -9654, 3345, -120786, -31666, -30756, 33968
11959.5, 1486, -3553, -9654, 3345, -120786, -31666, -30756, 33982
11961.8, 838, -3553, -9654, 3345, -120786, -31666, -30756, 33982
11966.0, 1524, -3996, -9558, 2545, -118376, -43387, -35044, 33982
11969.7, 1596, -3996, -9558, 2545, -118376, -43387, -35044, 34006
11972.0, 988, -3996, -9558, 2545, -118376, -43387, -35044, 34006
11977.7, 1808, -4134, -10057, 1410, -115375, -27099, -33591, 34037
11981.4, 1695, -4134, -10057, 1410, -115375, -27099, -33591, 34064
11985.6, 1303, -3579, -10311, -279, -115375, -27099, -33591, 34064
11989.4, 1519, -3579, -10311, -279, -115375, -27099, -33591, 34035
11991.6, 648, -3579, -10311, -279, -115375, -27099, -33591, 34035
11995.9, 1256, -2851, -10401, 888, -105163, -20287, -38535, 34035
11999.7, 1624, -2851, -10401, 888, -105163, -20287, -38535, 34099
12003.9, 1337, -1984, -10167, 576, -105163, -20287, -38535, 34099
12007.6, 1747, -1984, -10167, 576, -105163, -20287, -38535, 34092
12011.4, 1635, -1984, -10167, 576, -105163, -20287, -38535, 34091
12015.7, 1080, -1375, -10154, -497, -98710, -16445, -38386, 34091
12019.4, 1530, -1375, -10154, -497, -98710, -16445, -38386, 34093
12023.6, 1326, -1071, -10267, -1172, -98710, -16445, -38386, 34093
12027.3, 1756, -1071, -10267, -1172, -98710, -16445, -38386, 34067
12031.1, 1614, -1071, -10267, -1172, -98710, -16445, -38386, 34064
12035.3, 1297, -1125, -10543, -1292, -87278, -9270, -27239, 34064
12039.0, 1652, -1125, -10543, -1292, -87278, -9270, -27239, 34053
12043.2, 1554, -1495, -10533, -1445, -87278, -9270, -27239, 34053
12047.0, 1719, -1495, -10533, -1445, -87278, -9270, -27239, 34044
12050.7, 1547, -1495, -10533, -1445, -87278, -9270, -27239, 34032
12055.0, 1140, -1749, -10511, -2137, -83240, 9975, -12578, 34032
12058.7, 1685, -1749, -10511, -2137, -83240, 9975, -12578, 34046
12062.9, 1357, -1753, -10284, -1380, -74988, 9975, -12578, 34046
12066.6, 1695, -1753, -10284, -1380, -74988, 9975, -12578, 34047
12068.9, 872, -1753, -10284, -1380, -74988, 9975, -12578, 34047
12074.6, 1419, -1232, -10742, -468, -68824, 9909, -17946, 33802
12078.3, 1660, -1232, -10742, -468, -68824, 9909, -17946, 33800
12084.1, 1739, -742, -10749, 169, -65004, 9909, -17946, 33795
12086.3, 503, -742, -10749, 169, -65004, 9909, -17946, 33795
12088.6, 646, -742, -10749, 169, -65004, 9909, -17946, 33795
12094.3, 1550, -677, -10667, 671, -60642, 1653, -21079, 33787
12096.5, 339, -677, -10667, 671, -60642, 1653, -21079, 33787
12100.8, 1222, -856, -10609, 1060, -53962, -7030, -16095, 33787
12104.5, 1605, -856, -10609, 1060, -53962, -7030, -16095, 33794
12106.8, 622, -856, -10609, 1060, -53962, -7030, -16095, 33794
12112.5, 1842, -1389, -10491, 594, -50453, -7853, -6615, 33783
12116.2, 1554, -1389, -10491, 594, -50453, -7853, -6615, 33794
12120.5, 1080, -1890, -10518, -101, -49468, 2336, 349, 33794
12124.2, 1285, -1890, -10518, -101, -49468, 2336, 349, 33781
12126.5, 229, -1890, -10518, -101, -49468, 2336, 349, 33781
12130.7, 1453, -2151, -10432, 450, -45535, 14293, -905, 33781
12134.4, 1631, -2151, -10432, 450, -45535, 14293, -905, 33777
12136.7, 559, -2151, -10432, 450, -45535, 14293, -905, 33777
12140.9, 1078, -2044, -10313, 416, -43553, 20484, -8028, 33777
12144.6, 1252, -2044, -10313, 416, -43553, 20484, -8028, 33813
12148.9, 1414, -1753, -10524, 735, -41112, 21424, -14717, 33813
12152.6, 1875, -1753, -10524, 735, -41112, 21424, -14717, 33790
12156.4, 1578, -1753, -10524, 735, -41112, 21424, -14717, 33806
12160.6, 1125, -1849, -10802, 1454, -39869, 12145, -16677, 33806
12164.4, 1441, -1849, -10802, 1454, -39869, 12145, -16677, 33824
12168.6, 1418, -2487, -11304, 1086, -38837, -6899, -13540, 33824
12172.3, 1520, -2487, -11304, 1086, -38837, -6899, -13540, 33829
12176.1, 1293, -2487, -11304, 1086, -38837, -6899, -13540, 33844
12180.4, 1290, -2903, -11141, 571, -28901, -24911, -7910, 33844
12184.2, 1194, -2903, -11141, 571, -28901, -24911, -7910, 33872
12188.4, 1530, -2545, -10187, 147, -19657, -35871, -5468, 33872
12192.1, 1529, -2545, -10187, 147, -19657, -35871, -5468, 33880
12195.9, 1501, -2545, -10187, 147, -19657, -35871, -5468, 33909
12200.1, 1134, -2018, -9504, -354, -15089, -44962, -9957, 33909
12203.9, 1453, -2018, -9504, -354, -15089, -44962, -9957, 33909
12208.1, 1327, -1444, -9862, -964, -12718, -50208, -14380, 33909
12211.8, 1716, -1444, -9862, -964, -12718, -50208, -14380, 33911
12215.6, 1116, -1444, -9862, -964, -12718, -50208, -14380, 33928
12219.8, 765, -1069, -10819, -860, -6243, -48974, -13269, 33928
12223.6, 1229, -1069, -10819, -860, -6243, -48974, -13269, 33967
12227.9, 1220, -857, -11295, -1043, -1588, -42871, -8351, 33967
12231.6, 1154, -857, -11295, -1043, -1588, -42871, -8351, 33968
12233.9, 52, -857, -11295, -1043, -1588, -42871, -8351, 33968
12239.6, 1534, -1049, -11072, -370, 4580, -35814, -3469, 33981
12243.3, 1774, -1049, -11072, -370, 4580, -35814, -3469, 33970
12249.1, 1491, -1259, -10475, -232, 9690, -30384, 384, 33969
12251.3, 91, -1259, -10475, -232, 9690, -30384, 384, 33969
12253.6, 10, -1259, -10475, -232, 9690, -30384, 384, 33969
12259.3, 1631, -1350, -10315, -329, 10946, -23984, 2161, 33976
12261.6, 664, -1350, -10315, -329, 10946, -23984, 2161, 33976
12265.8, 1512, -1427, -10171, 427, 13711, -21214, 568, 33976
12269.6, 1364, -1427, -10171, 427, 13711, -21214, 568, 33982
12271.9, 67, -1427, -10171, 427, 13711, -21214, 568, 33982
12277.6, 1305, -1482, -10256, 438, 13492, -25721, -3154, 33823
12281.4, 991, -1482, -10256, 438, 13492, -25721, -3154, 34006
12285.6, 1032, -1666, -10464, 402, 17872, -31688, -5075, 34006
12289.4, 1405, -1666, -10464, 402, 17872, -31688, -5075, 33973
12291.7, 392, -1666, -10464, 402, 17872, -31688, -5075, 33973
12295.9, 1116, -1663, -10631, -90, 21577, -34116, -3482, 33973
12299.7, 1084, -1663, -10631, -90, 21577, -34116, -3482, 33981
12303.9, 1405, -1503, -10741, -555, 26324, -32821, -586, 33981
12308.0, 1253, -1503, -10741, -555, 26324, -32821, -586, 33999
12311.7, 1208, -1503, -10741, -555, 26324, -32821, -586, 33994
12317.5, 1342, -1346, -11026, -415, 33075, -29212, 266, 34004
12321.2, 1168, -1346, -11026, -415, 33075, -29212, 266, 34015
12325.4, 1673, -1156, -10756, -1299, 37783, -22627, -301, 34015
12329.1, 2053, -1156, -10756, -1299, 37783, -22627, -301, 34022
12333.3, 1216, -1240, -10216, -1022, 45063, -13707, -266, 34022
12337.1, 882, -1240, -10216, -1022, 45063, -13707, -266, 34042
12340.8, 948, -1240, -10216, -1022, 45063, -13707, -266, 34049
12345.1, 1483, -1246, -9988, -75, 47819, -7476, 433, 34049
12348.8, 2284, -1246, -9988, -75, 47819, -7476, 433, 34048
12353.0, 1319, -1252, -10473, 507, 47587, -6195, 1172, 34048
12356.7, 796, -1252, -10473, 507, 47587, -6195, 1172, 34060
12360.5, 798, -1252, -10473, 507, 47587, -6195, 1172, 34065
12364.7, 1227, -1349, -10752, 787, 50820, -8916, 1833, 34065
12368.4, 1946, -1349, -10752, 787, 50820, -8916, 1833, 34059
12374.2, 1685, -1576, -10507, 1149, 56832, -11445, 4178, 34063
12377.9, 1240, -1576, -10507, 1149, 56832, -11445, 4178, 34055
12383.6, 556, -2028, -10310, 874, 57129, -7385, 7748, 34055
12387.3, 1316, -2028, -10310, 874, 57129, -7385, 7748, 34034
12393.0, 2684, -2138, -10600, 1538, 60004, 3600, 9476, 34032
12396.7, 1531, -2138, -10600, 1538, 60004, 3600, 9476, 34081
12399.0, 72, -2138, -10600, 1538, 60004, 3600, 9476, 34081
12404.8, 757, -2038, -10472, 1577, 56630, 12149, 6020, 34017
12407.0, 19, -2038, -10472, 1577, 56630, 12149, 6020, 34017
12412.8, 2544, -2021, -10656, 1200, 56232, 19552, 682, 34051
12416.5, 1879, -2021, -10656, 1200, 56232, 19552, 682, 34042
12420.8, 960, -2011, -10731, 1396, 54592, 25130, -2467, 34042
12424.5, 1060, -2011, -10731, 1396, 54592, 25130, -2467, 34049
12426.8, 38, -2011, -10731, 1396, 54592, 25130, -2467, 34049
12431.0, 1732, -1808, -11401, 2085, 56346, 23082, -4746, 34049
12434.7, 1246, -1808, -11401, 2085, 56346, 23082, -4746, 34053
12437.0, 41, -1808, -11401, 2085, 56346, 23082, -4746, 34053
12442.7, 891, -2005, -10872, 2120, 57759, 14153, -5118, 34083
12446.4, 971, -2005, -10872, 2120, 57759, 14153, -5118, 34100
12450.6, 2416, -2152, -10520, 1137, 59868, 12442, -507, 34100
12454.4, 2324, -2152, -10520, 1137, 59868, 12442, -507, 34117
12456.6, 632, -2152, -10520, 1137, 59868, 12442, -507, 34117
12460.9, 491, -2310, -10762, 1122, 61202, 21669, 4375, 34117
12464.7, 924, -2310, -10762, 1122, 61202, 21669, 4375, 34162
12468.9, 1367, -2310, -10762, 1122, 61202, 38386, 4335, 34162
12472.6, 2249, -2310, -10762, 1122, 61202, 38386, 4335, 34151
12476.4, 2040, -2310, -10762, 1122, 61202, 38386, 4335, 34165
12480.6, 700, -2100, -11603, 966, 61452, 52737, -336, 34165
12484.4, 728, -2100, -11603, 966, 61452, 52737, -336, 34150
12488.6, 915, -2100, -11603, 966, 61452, 56079, -4410, 34150
12492.3, 2366, -2100, -11603, 966, 61452, 56079, -4410, 34184
12496.0, 2613, -2100, -11603, 966, 61452, 56079, -4410, 34189
12500.3, 701, -2033, -11483, 2315, 60809, 47071, -2152, 34189
12504.0, 685, -2033, -11483, 2315, 60809, 47071, -2152, 33981
12508.2, 889, -2033, -11483, 2315, 60809, 47071, 1636, 33981
12512.0, 2064, -2033, -11483, 2315, 60809, 47071, 1636, 34223
12515.7, 2015, -2033, -11483, 2315, 60809, 47071, 1636, 34239
12520.0, 928, -1575, -10771, 2106, 73190, -2344, 7896, 34239
12523.7, 921, -1575, -10771, 2106, 73190, -2344, 7896, 34249
12527.9, 739, -1575, -10771, 2106, 73190, -2344, 18694, 34249
12531.6, 881, -1575, -10771, 2106, 73190, -2344, 18694, 34265
12533.9, 585, -1575, -10771, 2106, 73190, -2344, 18694, 34265
12539.6, 1907, -2049, -12309, 400, 74901, 31911, 26066, 34264
12543.3, 978, -2049, -12309, 400, 74901, 31911, 26066, 34312
12549.0, 542, -2696, -12224, 1040, 79346, 55952, 24552, 34320
12552.8, 1502, -2696, -12224, 1040, 79346, 55952, 24552, 34351
12558.5, 1358, -2696, -12224, 906, 78401, 76117, 20400, 34356
12562.2, 1008, -2696, -12224, 906, 78401, 76117, 20400, 34367
12568.0, 1138, -3331, -11138, 906, 78401, 76117, 20400, 34323
12571.7, 1288, -3331, -11138, 906, 78401, 76117, 20400, 34388
12575.9, 1450, -3267, -10761, 2170, 74476, 84031, 18939, 34388
12579.6, 1159, -3267, -10761, 2170, 74476, 84031, 18939, 34371
12581.9, 38, -3267, -10761, 2170, 74476, 84031, 18939, 34371
12587.6, 878, -2525, -11636, 3490, 76861, 64759, 15947, 34368
12591.3, 1930, -2525, -11636, 3490, 76861, 64759, 15947, 34371
12595.6, 2399, -2075, -11574, 2493, 81892, 38859, 17023, 34371
12599.3, 1520, -2075, -11574, 2493, 81892, 38859, 17023, 34375
12601.6, 79, -2075, -11574, 2493, 81892, 38859, 17023, 34375
12605.8, 507, -2243, -11032, 1969, 86486, 32082, 28713, 34375
12609.6, 922, -2243, -11032, 1969, 86486, 32082, 28713, 34081
12611.8, 59, -2243, -11032, 1969, 86486, 32082, 28713, 34081
12617.6, 2756, -2538, -11194, 2484, 89754, 40031, 41698, 34404
12621.3, 1508, -2538, -11194, 2484, 89754, 40031, 41698, 34398
12625.6, 485, -2992, -11203, 2398, 90682, 56250, 48081, 34398
12629.4, 904, -2992, -11203, 2398, 90682, 56250, 48081, 34423
12631.6, 29, -2992, -11203, 2398, 90682, 56250, 48081, 34423
12635.9, 1207, -3220, -11420, 2237, 86683, 74415, 45938, 34423
12639.6, 2783, -3220, -11420, 2237, 86683, 74415, 45938, 34461
12643.8, 1199, -3035, -10913, 3507, 88542, 75736, 37822, 34461
12647.6, 862, -3035, -10913, 3507, 88542, 75736, 37822, 34444
12651.3, 1017, -3035, -10913, 3507, 88542, 75736, 37822, 34433
12655.6, 1701, -2350, -10354, 2925, 85226, 54189, 32279, 34433
12659.3, 2032, -2350, -10354, 2925, 85226, 54189, 32279, 34417
12663.5, 1231, -2699, -9293, 2897, 98242, 29413, 38504, 34417
12667.2, 906, -2699, -9293, 2897, 98242, 29413, 38504, 34380
12671.0, 860, -2699, -9293, 2897, 98242, 29413, 38504, 34395
12675.3, 1099, -3038, -8921, 1018, 98355, 29326, 58779, 34395
12679.0, 2466, -3038, -8921, 1018, 98355, 29326, 58779, 34383
12683.3, 1189, -2891, -10192, 2739, 101694, 45106, 74122, 34383
12687.0, 967, -2891, -10192, 2739, 101694, 45106, 74122, 34363
12690.7, 1064, -2891, -10192, 2739, 101694, 45106, 74122, 34367
12695.0, 1379, -2928, -10286, 3895, 104231, 49359, 70587, 34367
12698.7, 1400, -2928, -10286, 3895, 104231, 49359, 70587, 34089
12702.9, 899, -3421, -9018, 4360, 105636, 55139, 63276, 34089
12706.7, 1001, -3421, -9018, 4360, 105636, 55139, 63276, 34105
12709.0, 629, -3421, -9018, 4360, 105636, 55139, 63276, 34105
12714.7, 651, -3409, -7890, 3580, 94978, 66689, 65529, 34104
12718.5, 1670, -3409, -7890, 3580, 94978, 66689, 65529, 34097
12722.7, 956, -2983, -8150, 3300, 92874, 58324, 70053, 34097
12726.4, 1016, -2983, -8150, 3300, 92874, 58324, 70053, 34005
12728.7, 37, -2983, -8150, 3300, 92874, 58324, 70053, 34005
12734.5, 2249, -2489, -8391, 3174, 102652, 29151, 73873, 34050
12736.7, 1607, -2489, -8391, 3174, 102652, 29151, 73873, 34050
12741.0, 838, -2574, -8222, 2914, 107963, 13138, 85458, 34050
12744.7, 1192, -2574, -8222, 2914, 107963, 13138, 85458, 34040
12747.0, 57, -2574, -8222, 2914, 107963, 13138, 85458, 34040
12752.7, 1273, -2953, -8240, 3843, 109140, 20269, 104043, 34036
12756.4, 1832, -2953, -8240, 3843, 109140, 20269, 104043, 34032
12760.7, 1030, -3333, -7960, 4316, 110772, 29820, 116569, 34032
12764.4, 903, -3333, -7960, 4316, 110772, 29820, 116569, 34028
12766.7, 30, -3333, -7960, 4316, 110772, 29820, 116569, 34028
12770.9, 1348, -4240, -7942, 3457, 108287, 42451, 119461, 34028
12774.6, 2090, -4240, -7942, 3457, 108287, 42451, 119461, 34021
12776.9, 718, -4240, -7942, 3457, 108287, 42451, 119461, 34021
12782.6, 1029, -4609, -8402, 3722, 103159, 61054, 117317, 34007
12786.3, 1467, -4609, -8402, 3722, 103159, 61054, 117317, 34003
12790.6, 1547, -4329, -8492, 5266, 100832, 57956, 107836, 34003
12794.3, 1188, -4329, -8492, 5266, 100832, 57956, 107836, 33998
12796.6, 44, -4329, -8492, 5266, 100832, 57956, 107836, 33998
12800.8, 1723, -4144, -7998, 3625, 100626, 34510, 103951, 33998
12804.6, 1789, -4144, -7998, 3625, 100626, 34510, 103951, 33981
12808.9, 812, -4659, -7738, 4098, 110033, 19919, 115322, 33981
12812.6, 1058, -4659, -7738, 4098, 110033, 19919, 115322, 33982
12816.3, 1061, -4659, -7738, 4098, 110033, 19919, 115322, 33978
12820.6, 1681, -5289, -7803, 5448, 113393, 18042, 132625, 33978
12824.3, 2127, -5289, -7803, 5448, 113393, 18042, 132625, 33980
12828.6, 1252, -5809, -8049, 5117, 104454, 27869, 140964, 33980
12832.3, 1041, -5809, -8049, 5117, 104454, 27869, 140964, 33966
12836.1, 776, -5809, -8049, 5117, 104454, 27869, 140964, 33962
12840.3, 1288, -6093, -8285, 4473, 98307, 40023, 139157, 33962
12844.1, 2333, -6093, -8285, 4473, 98307, 40023, 139157, 33949
12848.3, 812, -6031, -8387, 4537, 99506, 43251, 126750, 33949
12852.0, 1136, -6031, -8387, 4537, 99506, 43251, 126750, 33942
12855.8, 1087, -6031, -8387, 4537, 99506, 43251, 126750, 33942
12860.0, 1809, -5770, -7786, 4651, 100976, 33613, 112343, 33942
12863.7, 1811, -5770, -7786, 4651, 100976, 33613, 112343, 33946
12867.9, 552, -5481, -6866, 3893, 99598, 19744, 109814, 33946
12871.7, 1106, -5481, -6866, 3893, 99598, 19744, 109814, 33924
12874.0, 139, -5481, -6866, 3893, 99598, 19744, 109814, 33924
12879.7, 1133, -5475, -6097, 4862, 103912, 6650, 120467, 33918
12883.5, 1673, -5475, -6097, 4862, 103912, 6650, 120467, 33912
12887.7, 995, -5844, -5769, 4738, 105071, 883, 135093, 33912
12891.4, 1003, -5844, -5769, 4738, 105071, 883, 135093, 33912
12893.7, 31, -5844, -5769, 4738, 105071, 883, 135093, 33912
12899.5, 1242, -6300, -5678, 3553, 100591, 13947, 142224, 33909
12901.7, 71, -6300, -5678, 3553, 100591, 13947, 142224, 33909
12905.9, 1862, -6330, -6038, 4223, 99843, 30284, 140579, 33909
12909.6, 1435, -6330, -6038, 4223, 99843, 30284, 140579, 33886
12911.9, 87, -6330, -6038, 4223, 99843, 30284, 140579, 33886
12917.6, 1680, -5952, -5362, 5062, 101716, 32069, 125258, 33912
12921.3, 1080, -5952, -5362, 5062, 101716, 32069, 125258, 33896
12925.5, 881, -5685, -4486, 4967, 98789, 25213, 112229, 33896
12929.3, 2119, -5685, -4486, 4967, 98789, 25213, 112229, 33892
12931.5, 870, -5685, -4486, 4967, 98789, 25213, 112229, 33892
12935.8, 780, -5576, -3692, 4658, 95625, 14407, 112172, 33892
12939.6, 1345, -5576, -3692, 4658, 95625, 14407, 112172, 33846
12941.9, 671, -5576, -3692, 4658, 95625, 14407, 112172, 33846
12947.6, 1540, -5764, -3667, 4268, 94497, 5626, 124746, 33859
12951.3, 973, -5764, -3667, 4268, 94497, 5626, 124746, 33847
12955.6, 1178, -6046, -3929, 5097, 98426, 1181, 137871, 33847
12959.4, 1391, -6046, -3929, 5097, 98426, 1181, 137871, 33854
12963.6, 1026, -6333, -4109, 4899, 97397, 909, 142032, 33854
12967.3, 1352, -6333, -4109, 4899, 97397, 909, 142032, 33850
12971.1, 1690, -6333, -4109, 4899, 97397, 909, 142032, 33803
12975.4, 888, -6617, -4160, 4183, 93679, 8058, 139507, 33803
12979.1, 1235, -6617, -4160, 4183, 93679, 8058, 139507, 33783
12983.3, 1390, -6596, -4428, 5438, 94571, 11313, 128167, 33783
12987.0, 996, -6596, -4428, 5438, 94571, 11313, 128167, 33760
12990.7, 1424, -6596, -4428, 5438, 94571, 11313, 128167, 33740
12995.0, 1320, -6380, -3925, 5071, 95022, 4913, 114906, 33740
12998.7, 1038, -6380, -3925, 5071, 95022, 4913, 114906, 33740
13002.9, 893, -6230, -3357, 4342, 95787, -481, 110768, 33740
13006.7, 1539, -6230, -3357, 4342, 95787, -481, 110768, 33730
13009.0, 343, -6230, -3357, 4342, 95787, -481, 110768, 33730
13014.7, 922, -6014, -2874, 4968, 99594, -9003, 114749, 33730
13018.5, 1295, -6014, -2874, 4968, 99594, -9003, 114749, 33729
13022.7, 735, -6055, -2412, 4980, 100009, -18900, 121451, 33729
13026.4, 2225, -6055, -2412, 4980, 100009, -18900, 121451, 33708
13028.7, 1375, -6055, -2412, 4980, 100009, -18900, 121451, 33708
13034.4, 754, -6098, -2130, 6320, 102241, -28350, 126325, 33735
13038.2, 1014, -6098, -2130, 6320, 102241, -28350, 126325, 33727
13043.9, 1024, -6181, -1856, 6346, 101296, -37581, 125752, 33735
13047.6, 1177, -6181, -1856, 6346, 101296, -37581, 125752, 33714
13053.3, 1121, -6229, -1626, 6355, 99712, -41221, 122116, 33696
13057.0, 1064, -6229, -1626, 6355, 99712, -41221, 122116, 33651
13062.8, 1319, -6229, -1316, 5433, 97025, -37734, 117545, 33661
13066.5, 1119, -6229, -1316, 5433, 97025, -37734, 117545, 33649
13070.8, 755, -6320, -1316, 5433, 96702, -28455, 112115, 33649
13074.5, 1422, -6320, -1316, 5433, 96702, -28455, 112115, 33626
13076.8, 736, -6320, -1316, 5433, 96702, -28455, 112115, 33626
13082.5, 1011, -6271, -1503, 5298, 98058, -20855, 105627, 33924
13086.3, 1475, -6271, -1503, 5298, 98058, -20855, 105627, 33588
13090.5, 1087, -6258, -1503, 5298, 98701, -20142, 98312, 33588
13094.3, 1000, -6258, -1503, 5298, 98701, -20142, 98312, 33578
13096.5, 38, -6258, -1503, 5298, 98701, -20142, 98312, 33578
13100.8, 1018, -6067, -881, 6321, 99598, -27527, 92751, 33578
13104.6, 1541, -6067, -881, 6321, 99598, -27527, 92751, 33578
13106.8, 872, -6067, -881, 6321, 99598, -27527, 92751, 33578
13112.6, 1897, -5659, -167, 6209, 100701, -39511, 92874, 33592
13116.3, 1427, -5659, -167, 6209, 100701, -39511, 92874, 33554
13120.6, 993, -5633, 370, 6431, 102201, -51722, 99353, 33554
13124.4, 1488, -5633, 370, 6431, 102201, -51722, 99353, 33545
13128.6, 657, -5633, 370, 6431, 102201, -51722, 99353, 33545
13132.3, 792, -5633, 370, 6431, 102201, -51722, 99353, 33548
13136.1, 1739, -5633, 370, 6431, 102201, -51722, 99353, 33541
13140.3, 1027, -6013, 929, 4990, 103942, -48226, 116525, 33541
13144.1, 1431, -6013, 929, 4990, 103942, -48226, 116525, 33572
13148.3, 1053, -6013, 929, 4990, 103942, -48226, 116525, 33572
13152.0, 1130, -6013, 929, 4990, 103942, -48226, 116525, 33585
13155.7, 1260, -6013, 929, 4990, 103942, -48226, 116525, 33594
13160.0, 1223, -6442, 360, 6141, 111345, -29649, 105233, 33594
13163.7, 1278, -6442, 360, 6141, 111345, -29649, 105233, 33613
13167.9, 489, -6442, 360, 6141, 111345, -29649, 105233, 33613
13171.7, 1259, -6442, 360, 6141, 111345, -29649, 105233, 33594
13174.0, 1126, -6442, 360, 6141, 111345, -29649, 105233, 33594
13179.7, 1056, -6117, 1337, 6115, 112395, -28857, 83852, 33582
13183.5, 1232, -6117, 1337, 6115, 112395, -28857, 83852, 33613
13187.7, 1280, -6117, 1337, 6115, 112395, -28857, 83852, 33613
13191.4, 958, -6117, 1337, 6115, 112395, -28857, 83852, 33605
13193.7, 32, -6117, 1337, 6115, 112395, -28857, 83852, 33605
13199.4, 1346, -5796, 2707, 5330, 116425, -49617, 85230, 33604
13203.2, 1031, -5796, 2707, 5330, 116425, -49617, 85230, 33613
13208.9, 1027, -5796, 2707, 5356, 118406, -49867, 90104, 33569
13212.6, 1501, -5796, 2707, 5356, 118406, -49867, 90104, 33622
13218.3, 975, -5556, 2340, 5356, 118406, -49867, 90104, 33626
13222.0, 1486, -5556, 2340, 5356, 118406, -49867, 90104, 33656
13227.8, 2045, -5534, 2266, 7523, 121281, -45290, 90865, 33661
13231.5, 1255, -5534, 2266, 7523, 121281, -45290, 90865, 33684
13235.8, 747, -5921, 2449, 6787, 117986, -43846, 85663, 33684
13239.5, 1289, -5921, 2449, 6787, 117986, -43846, 85663, 33735
13241.8, 66, -5921, 2449, 6787, 117986, -43846, 85663, 33735
13247.5, 1491, -6151, 2348, 4477, 111971, -29479, 82041, 33734
13251.3, 1745, -6151, 2348, 4477, 111971, -29479, 82041, 33750
13255.5, 1200, -6528, 2029, 4605, 108374, -15916, 79521, 33750
13259.2, 993, -6528, 2029, 4605, 108374, -15916, 79521, 33774
13261.5, 48, -6528, 2029, 4605, 108374, -15916, 79521, 33774
13265.8, 899, -6518, 2263, 6324, 111586, -17697, 72888, 33774
13269.5, 1967, -6518, 2263, 6324, 111586, -17697, 72888, 33785
13271.7, 1983, -6518, 2263, 6324, 111586, -17697, 72888, 33785
13277.5, 1508, -6054, 2939, 6269, 112535, -27129, 62694, 33812
13281.3, 899, -6054, 2939, 6269, 112535, -27129, 62694, 33836
13285.5, 953, -5812, 4842, 7467, 119281, -38986, 54666, 33836
13289.2, 1548, -5812, 4842, 7467, 119281, -38986, 54666, 33854
13293.5, 2023, -5290, 4869, 4140, 112194, -44210, 54036, 33854
13297.2, 1066, -5290, 4869, 4140, 112194, -44210, 54036, 33907
13301.0, 1167, -5290, 4869, 4140, 112194, -44210, 54036, 33890
13305.3, 654, -4217, 4392, 5761, 111126, -40701, 54670, 33890
13309.0, 1147, -4217, 4392, 5761, 111126, -40701, 54670, 33906
13313.3, 723, -3672, 4486, 5596, 106734, -35735, 56381, 33906
13317.0, 968, -3672, 4486, 5596, 106734, -35735, 56381, 33915
13320.8, 1820, -3672, 4486, 5596, 106734, -35735, 56381, 34404
13325.0, 778, -3816, 5084, 5220, 105321, -28958, 59470, 34404
13328.7, 1166, -3816, 5084, 5220, 105321, -28958, 59470, 34441
13332.9, 966, -4670, 5788, 5074, 104787, -18681, 66102, 34441
13336.6, 1505, -4670, 5788, 5074, 104787, -18681, 66102, 34453
13338.9, 459, -4670, 5788, 5074, 104787, -18681, 66102, 34453
13344.7, 715, -5690, 5755, 5283, 102936, -7310, 72529, 34464
13348.4, 1150, -5690, 5755, 5283, 102936, -7310, 72529, 34493
13354.1, 611, -6400, 5313, 4405, 102577, -179, 73264, 34513
13357.8, 1589, -6400, 5313, 4405, 102577, -179, 73264, 34531
13363.5, 1038, -6346, 4797, 5473, 101602, 669, 67336, 34542
13367.3, 955, -6346, 4797, 5473, 101602, 669, 67336, 34574
13373.0, 1584, -5340, 4766, 7790, 105679, -10298, 54150, 34609
13376.7, 1407, -5340, 4766, 7790, 105679, -10298, 54150, 34642
13382.5, 1014, -4487, 5828, 7049, 101252, -28197, 39384, 34674
13386.2, 919, -4487, 5828, 7049, 101252, -28197, 39384, 34705
13388.5, 28, -4487, 5828, 7049, 101252, -28197, 39384, 34705
13394.2, 1060, -4052, 7015, 5449, 96549, -40775, 37153, 34749
13396.5, 28, -4052, 7015, 5449, 96549, -40775, 37153, 34749
13400.7, 734, -4442, 7630, 4153, 93355, -42858, 48580, 34749
13404.5, 1137, -4442, 7630, 4153, 93355, -42858, 48580, 34763
13406.8, 259, -4442, 7630, 4153, 93355, -42858, 48580, 34763
13412.5, 1226, -4868, 7360, 3317, 92099, -32856, 60769, 34780
13416.3, 1218, -4868, 7360, 3317, 92099, -32856, 60769, 34764
13420.5, 559, -5485, 6410, 3303, 93062, -18016, 62318, 34764
13424.3, 1657, -5485, 6410, 3303, 93062, -18016, 62318, 34766
13426.5, 889, -5485, 6410, 3303, 93062, -18016, 62318, 34766
13430.8, 973, -5495, 6250, 4307, 94549, -6125, 54211, 34766
13434.6, 1146, -5495, 6250, 4307, 94549, -6125, 54211, 34744
13438.8, 986, -5090, 6704, 6862, 93814, -7726, 42298, 34744
13442.5, 948, -5090, 6704, 6862, 93814, -7726, 42298, 34730
13446.3, 1019, -5090, 6704, 6862, 93814, -7726, 42298, 34708
13450.5, 1781, -4660, 7622, 7027, 90332, -20392, 35162, 34708
13454.3, 1160, -4660, 7622, 7027, 90332, -20392, 35162, 34726
13458.5, 876, -4576, 8337, 6038, 87510, -38456, 39126, 34726
13462.2, 1164, -4576, 8337, 6038, 87510, -38456, 39126, 34667
13466.0, 980, -4576, 8337, 6038, 87510, -38456, 39126, 34667
13470.3, 785, -4240, 8582, 3849, 85423, -51192, 49639, 34667
13474.0, 1195, -4240, 8582, 3849, 85423, -51192, 49639, 34631
13478.2, 749, -4347, 7698, 1714, 82478, -35871, 56749, 34631
13482.0, 1058, -4347, 7698, 1714, 82478, -35871, 56749, 34599
13485.7, 1067, -4347, 7698, 1714, 82478, -35871, 56749, 34571
13490.0, 1013, -4601, 7080, 1951, 84014, -14726, 55930, 34571
13493.7, 1173, -4601, 7080, 1951, 84014, -14726, 55930, 34551
13497.9, 1063, -4436, 6894, 4136, 84841, -555, 51035, 34551
13501.7, 1008, -4436, 6894, 4136, 84841, -555, 51035, 34479
13504.0, 32, -4436, 6894, 4136, 84841, -555, 51035, 34479
13509.7, 788, -3550, 7088, 6465, 82045, 4790, 42652, 34393
13513.5, 1047, -3550, 7088, 6465, 82045, 4790, 42652, 34325
13517.7, 1182, -2939, 8099, 7193, 69738, 3329, 37174, 34325
13521.4, 981, -2939, 8099, 7193, 69738, 3329, 37174, 34232
13523.7, 30, -2939, 8099, 7193, 69738, 3329, 37174, 34232
13529.5, 1042, -2975, 8280, 5170, 56158, -3491, 43943, 34121
13533.2, 980, -2975, 8280, 5170, 56158, -3491, 43943, 33965
13538.9, 1111, -4797, 8013, 3265, 51647, -4637, 59920, 33947
13541.1, 38, -4797, 8013, 3265, 51647, -4637, 59920, 33947
13543.5, 22, -4797, 8013, 3265, 51647, -4637, 59920, 33947
13549.2, 1127, -5333, 7388, 2065, 45513, 9266, 65179, 33883
13551.5, 35, -5333, 7388, 2065, 45513, 9266, 65179, 33883
13555.7, 844, -5157, 6491, 2331, 38242, 18064, 49272, 33883
13559.4, 1244, -5157, 6491, 2331, 38242, 18064, 49272, 33859
13561.7, 548, -5157, 6491, 2331, 38242, 18064, 49272, 33859
13565.9, 864, -3457, 7429, 7422, 42040, 14131, 29448, 33859
13569.6, 1179, -3457, 7429, 7422, 42040, 14131, 29448, 33842
13571.9, 60, -3457, 7429, 7422, 42040, 14131, 29448, 33842
13577.6, 1620, -4008, 7322, 5903, 78847, -33469, 23717, 33848
13581.3, 1178, -4008, 7322, 5903, 78847, -33469, 23717, 33842
13585.6, 871, -4192, 7310, 5783, 87715, -51586, 23931, 33842
13589.3, 1057, -4192, 7310, 5783, 87715, -51586, 23931, 33838
13591.6, 65, -4192, 7310, 5783, 87715, -51586, 23931, 33838
13595.8, 1038, -2526, 7609, 3842, 90218, -38181, 27803, 33838
13599.6, 1074, -2526, 7609, 3842, 90218, -38181, 27803, 33845
13603.8, 996, -1929, 10186, -2388, 56871, -9152, 31312, 33845
13607.5, 1122, -1929, 10186, -2388, 56871, -9152, 31312, 33847
13611.3, 1075, -1929, 10186, -2388, 56871, -9152, 31312, 33846
13615.5, 1034, -894, 7316, 3410, 21052, 51542, 17784, 33846
13619.3, 1133, -894, 7316, 3410, 21052, 51542, 17784, 33884
13623.5, 1057, -2694, 8554, 1000, 28704, 53870, -15238, 33884
13627.2, 1089, -2694, 8554, 1000, 28704, 53870, -15238, 33929
13631.3, 772, -2694, 8554, 1000, 28704, 53870, -15238, 33979
13635.6, 919, -7354, 5468, 3224, 45120, 38933, -29431, 33979
13639.3, 1091, -7354, 5468, 3224, 45120, 38933, -29431, 34055
13643.6, 1029, -5043, 8099, 5538, 38119, 34755, -17684, 34055
13647.3, 1051, -5043, 8099, 5538, 38119, 34755, -17684, 34135
13651.1, 903, -5043, 8099, 5538, 38119, 34755, -17684, 34219
13655.3, 1084, -2976, 4845, 5370, 14800, 21547, 6737, 34219
13659.0, 1114, -2976, 4845, 5370, 14800, 21547, 6737, 34337
13663.2, 952, -3122, 7979, 6842, 36886, -28197, 2021, 34337
13667.0, 1000, -3122, 7979, 6842, 36886, -28197, 2021, 34372
13670.7, 1020, -3122, 7979, 6842, 36886, -28197, 2021, 34350
13675.0, 919, -4329, 8699, 4448, 27072, -37573, 7231, 34350
13678.7, 1078, -4329, 8699, 4448, 27072, -37573, 7231, 34317
13682.9, 720, -2486, 9184, 3803, 31281, -36610, 11943, 34317
13686.6, 947, -2486, 9184, 3803, 31281, -36610, 11943, 34252
13688.9, 36, -2486, 9184, 3803, 31281, -36610, 11943, 34252
13694.6, 964, -3332, 7292, 3129, 29382, -48878, 11768, 34214
13698.3, 1003, -3332, 7292, 3129, 29382, -48878, 11768, 34142
13704.1, 1034, -3159, 7041, 2337, 28744, -41046, 11694, 34025
13706.3, 32, -3159, 7041, 2337, 28744, -41046, 11694, 34025
13708.6, 13, -3159, 7041, 2337, 28744, -41046, 11694, 34025
13714.3, 1087, -5337, 7342, 4914, 31552, -41711, 17075, 33934
13716.6, 32, -5337, 7342, 4914, 31552, -41711, 17075, 33934
13720.8, 955, -5337, 7342, 4914, 31552, -57116, 14087, 33934
13724.6, 1071, -5337, 7342, 4914, 31552, -57116, 14087, 33959
13726.9, 32, -5337, 7342, 4914, 31552, -57116, 14087, 33959
13732.6, 1115, -4198, 7271, 2822, 20033, -55585, 8216, 33917
13736.4, 1040, -4198, 7271, 2822, 20033, -55585, 8216, 33862
13740.6, 920, -5081, 7688, 5176, 13549, -65175, 3316, 33862
13744.4, 995, -5081, 7688, 5176, 13549, -65175, 3316, 33762
13746.6, 27, -5081, 7688, 5176, 13549, -65175, 3316, 33762
13750.9, 968, -4051, 9431, 3564, 8728, -63972, 5569, 33762
13754.7, 1032, -4051, 9431, 3564, 8728, -63972, 5569, 33700
13758.9, 924, -3299, 9050, 3529, 8728, -63972, 5569, 33700
13762.6, 990, -3299, 9050, 3529, 8728, -63972, 5569, 33613
13766.4, 1061, -3299, 9050, 3529, 8728, -63972, 5569, 33524
13770.6, 871, -2804, 9129, 1867, -4151, -47885, 8106, 33524
13774.4, 1091, -2804, 9129, 1867, -4151, -47885, 8106, 33389
13778.6, 944, -2986, 8492, 2825, -4151, -47885, 8106, 33389
13782.3, 1027, -2986, 8492, 2825, -4151, -47885, 8106, 33328
13786.1, 992, -2986, 8492, 2825, -4151, -47885, 8106, 33238
13790.3, 908, -3503, 8306, 3649, -14004, -26504, 3311, 33238
13794.0, 968, -3503, 8306, 3649, -14004, -26504, 3311, 33161
13798.3, 782, -3795, 10221, 2842, -14004, -26504, 3311, 33161
13802.0, 963, -3795, 10221, 2842, -14004, -26504, 3311, 33114
13805.7, 1066, -3795, 10221, 2842, -14004, -26504, 3311, 33042
13809.9, 818, -3746, 10089, 3436, -19403, -13680, -9056, 33042
13813.7, 1034, -3746, 10089, 3436, -19403, -13680, -9056, 33004
13817.9, 810, -3830, 9425, 3673, -19403, -13680, -9056, 33004
13821.6, 976, -3830, 9425, 3673, -19403, -13680, -9056, 32950
13823.9, 30, -3830, 9425, 3673, -19403, -13680, -9056, 32950
13829.6, 838, -4050, 9081, 3458, -23358, -14796, -18755, 32947
13833.3, 1109, -4050, 9081, 3458, -23358, -14796, -18755, 32927
13839.0, 814, -4146, 9023, 3217, -23358, -17684, -15347, 32918
13842.8, 1008, -4146, 9023, 3217, -23358, -17684, -15347, 32907
13848.5, 989, -4743, 9189, 3741, -25900, -17684, -15347, 32903
13852.2, 1045, -4743, 9189, 3741, -25900, -17684, -15347, 32902
13858.0, 1094, -3421, 9815, 3489, -30489, -19053, -8303, 32887
13861.7, 1072, -3421, 9815, 3489, -30489, -19053, -8303, 32895
13865.9, 821, -3710, 9259, 3396, -34768, -23078, -7345, 32895
13869.6, 992, -3710, 9259, 3396, -34768, -23078, -7345, 32906
13871.9, 27, -3710, 9259, 3396, -34768, -23078, -7345, 32906
13877.6, 1072, 1150, 12664, 3598, -48103, -18309, -10088, 34372
13881.3, 1051, 1150, 12664, 3598, -48103, -18309, -10088, 32912
13885.6, 982, -3550, 8670, 3936, -54452, -11808, -4348, 32912
13889.4, 1081, -3550, 8670, 3936, -54452, -11808, -4348, 32927
13891.6, 28, -3550, 8670, 3936, -54452, -11808, -4348, 32927
13895.9, 917, -2982, 9131, 1638, -61911, -15724, -6921, 32927
13899.6, 1068, -2982, 9131, 1638, -61911, -15724, -6921, 32927
13901.9, 28, -2982, 9131, 1638, -61911, -15724, -6921, 32927
13907.6, 1093, -2677, 8633, 2955, -68447, -8168, -9861, 32921
13911.3, 1004, -2677, 8633, 2955, -68447, -8168, -9861, 32922
13915.6, 665, -2591, 8513, 2584, -75273, 3150, -10828, 32922
13919.3, 997, -2591, 8513, 2584, -75273, 3150, -10828, 32870
13921.5, 26, -2591, 8513, 2584, -75273, 3150, -10828, 32870
13925.8, 820, -2233, 8117, 2272, -73426, 16091, -13063, 32870
13929.5, 1033, -2233, 8117, 2272, -73426, 16091, -13063, 32918
13933.7, 546, -4021, 6751, 3589, -58779, 15023, -24338, 32918
13937.5, 1046, -4021, 6751, 3589, -58779, 15023, -24338, 33177
13941.2, 1138, -4021, 6751, 3589, -58779, 15023, -24338, 32923
13945.4, 921, -2328, 7599, 4217, -58849, 18856, -43138, 32923
13949.1, 1043, -2328, 7599, 4217, -58849, 18856, -43138, 33363
13953.3, 691, -1660, 8132, 4335, -63504, 31714, -46340, 33363
13957.1, 1061, -1660, 8132, 4335, -63504, 31714, -46340, 33497
13960.8, 1073, -1660, 8132, 4335, -63504, 31714, -46340, 32910
13965.1, 1010, -1900, 8057, 5052, -53913, 38443, -32379, 32910
13968.8, 1066, -1900, 8057, 5052, -53913, 38443, -32379, 33824
13973.0, 949, -2186, 8823, 4062, -32458, 23445, -4755, 33824
13976.7, 1025, -2186, 8823, 4062, -32458, 23445, -4755, 33967
13980.5, 1043, -2186, 8823, 4062, -32458, 23445, -4755, 34111
13984.7, 880, -3390, 8548, 4496, -45601, 20282, 7135, 34111
13988.4, 1114, -3390, 8548, 4496, -45601, 20282, 7135, 34264
13994.2, 955, -3083, 7946, 4333, -57571, 23249, 3644, 34299
13997.9, 999, -3083, 7946, 4333, -57571, 23249, 3644, 34391
14003.6, 971, -3384, 7638, 4461, -64121, 28442, -9940, 32873
14007.3, 1088, -3384, 7638, 4461, -64121, 28442, -9940, 34532
14013.0, 919, -3446, 6792, 4131, -66487, 33744, -25734, 34609
14016.7, 1169, -3446, 6792, 4131, -66487, 33744, -25734, 34575
14021.0, 923, -3682, 6259, 4681, -64418, 36234, -36986, 34575
14024.7, 998, -3682, 6259, 4681, -64418, 36234, -36986, 34697
14027.0, 29, -3682, 6259, 4681, -64418, 36234, -36986, 34697
14032.7, 1003, -3823, 5344, 6086, -48786, 35341, -41974, 34739
14036.4, 998, -3823, 5344, 6086, -48786, 35341, -41974, 34757
14040.7, 657, -4062, 5766, 6225, -46463, 26696, -45400, 34757
14044.4, 1031, -4062, 5766, 6225, -46463, 26696, -45400, 34808
14046.7, 28, -4062, 5766, 6225, -46463, 26696, -45400, 34808
14051.0, 769, -4222, 6401, 4582, -67450, 17894, -45439, 34808
14054.7, 996, -4222, 6401, 4582, -67450, 17894, -45439, 34819
14057.0, 27, -4222, 6401, 4582, -67450, 17894, -45439, 34819
14062.7, 1074, -3950, 6948, 3327, -86525, 12508, -41795, 34821
14066.4, 1079, -3950, 6948, 3327, -86525, 12508, -41795, 34791
14070.7, 893, -3678, 6803, 3664, -89045, 10937, -39051, 34791
14074.4, 906, -3678, 6803, 3664, -89045, 10937, -39051, 34744
14076.7, 28, -3678, 6803, 3664, -89045, 10937, -39051, 34744
14081.0, 832, -3591, 5957, 5026, -67047, 17972, -40504, 34744
14084.7, 1069, -3591, 5957, 5026, -67047, 17972, -40504, 34681
14088.9, 646, -4149, 5928, 5178, -58079, 30336, -48020, 34681
14092.7, 945, -4149, 5928, 5178, -58079, 30336, -48020, 34614
14096.4, 968, -4149, 5928, 5178, -58079, 30336, -48020, 34549
14100.6, 730, -5124, 5633, 4639, -77600, 45238, -56805, 34549
14104.4, 1010, -5124, 5633, 4639, -77600, 45238, -56805, 34558
14108.6, 894, -5265, 5411, 4881, -92790, 53865, -62992, 34558
14112.3, 912, -5265, 5411, 4881, -92790, 53865, -62992, 34518
14116.0, 925, -5265, 5411, 4881, -92790, 53865, -62992, 34486
14120.3, 870, -4783, 5347, 5493, -96321, 44770, -69896, 34486
14124.0, 980, -4783, 5347, 5493, -96321, 44770, -69896, 34464
14128.2, 623, -4679, 5745, 4646, -99047, 27952, -73628, 34464
14132.0, 845, -4679, 5745, 4646, -99047, 27952, -73628, 34428
14135.8, 981, -4679, 5745, 4646, -99047, 27952, -73628, 34358
14140.0, 1143, -4798, 5599, 4504, -100941, 20024, -72451, 34358
14143.8, 1031, -4798, 5599, 4504, -100941, 20024, -72451, 34426
14148.0, 805, -4488, 5764, 5057, -104831, 20921, -72591, 34426
14151.7, 922, -4488, 5764, 5057, -104831, 20921, -72591, 34435
14154.0, 25, -4488, 5764, 5057, -104831, 20921, -72591, 34435
14159.8, 905, -4239, 6039, 6562, -111328, 16485, -79595, 34480
14163.5, 995, -4239, 6039, 6562, -111328, 16485, -79595, 34541
14167.7, 691, -3922, 6614, 7035, -117216, 6173, -86241, 34541
14171.5, 847, -3922, 6614, 7035, -117216, 6173, -86241, 34602
14173.8, 22, -3922, 6614, 7035, -117216, 6173, -86241, 34602
14179.5, 645, -4042, 6284, 6504, -122593, 713, -83121, 34663
14183.3, 917, -4042, 6284, 6504, -122593, 713, -83121, 34734
14189.0, 1071, -4185, 5349, 4843, -126614, 3574, -72858, 34823
14191.2, 33, -4185, 5349, 4843, -126614, 3574, -72858, 34823
14195.5, 701, -3946, 3872, 4516, -131361, 4156, -65319, 34823
14199.3, 1024, -3946, 3872, 4516, -131361, 4156, -65319, 34876
14201.5, 33, -3946, 3872, 4516, -131361, 4156, -65319, 34876
14205.8, 1028, -3537, 3439, 6606, -126159, -5718, -68316, 34876
14209.5, 1090, -3537, 3439, 6606, -126159, -5718, -68316, 34949
14211.8, 34, -3537, 3439, 6606, -126159, -5718, -68316, 34949
14216.0, 738, -3940, 4342, 5924, -129602, -17495, -75933, 34949
14219.7, 1357, -3940, 4342, 5924, -129602, -17495, -75933, 34955
14222.0, 154, -3940, 4342, 5924, -129602, -17495, -75933, 34955
14227.8, 957, -4733, 4451, 4527, -139700, -13755, -73094, 34949
14231.5, 1071, -4733, 4451, 4527, -139700, -13755, -73094, 34809
14235.8, 989, -5006, 3737, 7763, -136900, -12048, -66002, 34809
14239.5, 1117, -5006, 3737, 7763, -136900, -12048, -66002, 34852
14241.8, 39, -5006, 3737, 7763, -136900, -12048, -66002, 34852
14246.0, 669, -4968, 2715, 5812, -141284, -18305, -66461, 34852
14249.7, 1126, -4968, 2715, 5812, -141284, -18305, -66461, 34827
14253.9, 937, -4968, 2715, 5870, -139875, -17312, -70075, 34827
14257.7, 960, -4968, 2715, 5870, -139875, -17312, -70075, 34832
14261.4, 1242, -4968, 2715, 5870, -139875, -17312, -70075, 34815
14265.7, 993, -4617, 1018, 5960, -142054, -15995, -75491, 34815
14269.4, 1267, -4617, 1018, 5960, -142054, -15995, -75491, 34773
14273.6, 641, -4617, 1018, 7621, -138694, -23660, -85025, 34773
14277.3, 1004, -4617, 1018, 7621, -138694, -23660, -85025, 34758
14281.1, 1218, -4617, 1018, 7621, -138694, -23660, -85025, 34739
14285.3, 886, -4767, 1834, 6342, -136322, -28910, -88612, 34739
14289.0, 1336, -4767, 1834, 6342, -136322, -28910, -88612, 34721
14293.2, 1499, -4767, 1834, 7025, -140619, -17491, -80221, 34721
14296.9, 1148, -4767, 1834, 7025, -140619, -17491, -80221, 34709
14300.7, 1261, -4767, 1834, 7025, -140619, -17491, -80221, 34705
14305.0, 982, -5306, 719, 8014, -142867, -14323, -73439, 34705
14308.7, 1039, -5306, 719, 8014, -142867, -14323, -73439, 34692
14312.9, 753, -5306, 719, 4507, -143296, -18152, -74953, 34692
14316.6, 1170, -5306, 719, 4507, -143296, -18152, -74953, 34678
14318.9, 97, -5306, 719, 4507, -143296, -18152, -74953, 34678
14324.6, 1069, -5103, -530, 6788, -142618, -21017, -79980, 34662
14328.3, 1338, -5103, -530, 6788, -142618, -21017, -79980, 34612
14334.0, 973, -5259, -625, 7731, -143056, -26932, -86241, 34620
14337.7, 938, -5259, -625, 7731, -143056, -26932, -86241, 34613
14343.5, 1740, -5259, -625, 7731, -143095, -22514, -88253, 34590
14345.7, 638, -5259, -625, 7731, -143095, -22514, -88253, 34590
14348.0, 347, -5259, -625, 7731, -143095, -22514, -88253, 34590
14353.7, 1153, -6022, -593, 7956, -142762, -9266, -86162, 34582
14355.9, 46, -6022, -593, 7956, -142762, -9266, -86162, 34582
14358.2, 13, -6022, -593, 7956, -142762, -9266, -86162, 34582
14363.9, 1152, -6707, -2464, 6151, -142937, 5048, -88179, 34572
14366.2, 100, -6707, -2464, 6151, -142937, 5048, -88179, 34572
14370.4, 993, -6523, -2464, 6151, -142937, 5048, -88179, 34572
14374.2, 2047, -6523, -2464, 6151, -142937, 5048, -88179, 34573
14376.5, 984, -6523, -2464, 6151, -142937, 5048, -88179, 34573
14380.7, 1178, -6043, -2731, 7308, -143235, 5022, -99274, 34573
14384.4, 1377, -6043, -2731, 7308, -143235, 5022, -99274, 34551
14386.7, 138, -6043, -2731, 7308, -143235, 5022, -99274, 34551
14390.9, 1049, -5358, -2054, 7433, -143344, -7258, -116862, 34551
14394.6, 1549, -5358, -2054, 7433, -143344, -7258, -116862, 34554
14396.9, 284, -5358, -2054, 7433, -143344, -7258, -116862, 34554
14402.6, 1484, -4888, -1320, 10005, -143344, -42460, -109788, 34551
14406.3, 1187, -4888, -1320, 10005, -143344, -42460, -109788, 34541
14410.6, 989, -4204, -1018, 8971, -143344, -42460, -97209, 34541
14414.4, 1263, -4204, -1018, 8971, -143344, -42460, -97209, 34550
14418.6, 1322, -4344, -541, 6614, -143099, -43855, -97209, 34550
14422.3, 1498, -4344, -541, 6614, -143099, -43855, -97209, 34531
14426.1, 1545, -4344, -541, 6614, -143099, -43855, -97209, 34533
14430.4, 887, -4989, -981, 4517, -142929, -20352, -83476, 34533
14434.1, 1505, -4989, -981, 4517, -142929, -20352, -83476, 34542
14438.3, 877, -5364, -2749, 5584, -143244, 16432, -83476, 34542
14442.0, 1083, -5364, -2749, 5584, -143244, 16432, -83476, 34515
14445.7, 1349, -5364, -2749, 5584, -143244, 16432, -83476, 34492
14450.0, 897, -5678, -4129, 7604, -142579, 38378, -115978, 34492
14453.7, 1548, -5678, -4129, 7604, -142579, 38378, -115978, 34479
14457.9, 1425, -5703, -4660, 5522, -143099, 56451, -115978, 34479
14461.7, 1078, -5703, -4660, 5522, -143099, 56451, -115978, 34470
14464.0, 34, -5703, -4660, 5522, -143099, 56451, -115978, 34470
14469.7, 1464, -5513, -4768, 8166, -143344, 63337, -125280, 34489
14473.4, 1384, -5513, -4768, 8166, -143344, 63337, -125280, 34399
14479.1, 925, -5369, -4205, 8429, -141297, 45868, -129405, 34483
14482.8, 802, -5369, -4205, 8429, -141297, 45868, -129405, 34507
14488.5, 1146, -5440, -3480, 6695, -141516, 31036, -125135, 34418
14492.3, 1091, -5440, -3480, 6695, -141516, 31036, -125135, 34442
14498.0, 759, -5105, -4288, 9375, -138453, 22177, -118730, 34429
14501.7, 1028, -5105, -4288, 9375, -138453, 22177, -118730, 34437
14507.5, 1091, -4560, -4174, 8523, -136952, 4983, -120712, 34435
14511.2, 1191, -4560, -4174, 8523, -136952, 4983, -120712, 34433
14513.5, 45, -4560, -4174, 8523, -136952, 4983, -120712, 34433
14519.2, 1185, -4308, -4535, 5744, -140146, 4987, -121272, 34438
14521.5, 301, -4308, -4535, 5744, -140146, 4987, -121272, 34438
14525.7, 1069, -4077, -4942, 6920, -142732, 13527, -117562, 34438
14529.5, 1241, -4077, -4942, 6920, -142732, 13527, -117562, 34429
14531.7, 595, -4077, -4942, 6920, -142732, 13527, -117562, 34429
14537.5, 1192, -3993, -4837, 6610, -143327, 14061, -112758, 34434
14541.3, 1121, -3993, -4837, 6610, -143327, 14061, -112758, 34430
14545.5, 1130, -4677, -5032, 7476, -143305, 15238, -103776, 34430
14549.3, 1461, -4677, -5032, 7476, -143305, 15238, -103776, 34437
14551.5, 438, -4677, -5032, 7476, -143305, 15238, -103776, 34437
14555.8, 854, -5030, -5818, 7037, -143340, 17736, -94103, 34437
14559.5, 1336, -5030, -5818, 7037, -143340, 17736, -94103, 34320
14561.7, 916, -5030, -5818, 7037, -143340, 17736, -94103, 34320
14567.4, 1206, -5188, -5803, 7956, -143344, 13361, -92712, 34312
14571.1, 1174, -5188, -5803, 7956, -143344, 13361, -92712, 34309
14575.4, 898, -5100, -6556, 6266, -142859, 8723, -97498, 34309
14579.1, 1327, -5100, -6556, 6266, -142859, 8723, -97498, 34293
14581.4, 439, -5100, -6556, 6266, -142859, 8723, -97498, 34293
14585.6, 628, -4949, -6926, 5078, -143139, 15527, -100779, 34293
14589.3, 1473, -4949, -6926, 5078, -143139, 15527, -100779, 34289
14593.5, 1310, -4694, -7307, 6230, -143003, 19709, -103750, 34289
14597.3, 1269, -4694, -7307, 6230, -143003, 19709, -103750, 34230
14601.0, 1317, -4694, -7307, 6230, -143003, 19709, -103750, 34276
14605.2, 784, -4575, -7000, 7068, -141752, 10832, -105185, 34276
14609.0, 1739, -4575, -7000, 7068, -141752, 10832, -105185, 34236
14613.2, 917, -4802, -6807, 5691, -142487, 5105, -98929, 34236
14616.9, 1026, -4802, -6807, 5691, -142487, 5105, -98929, 34240
14620.6, 1125, -4802, -6807, 5691, -142487, 5105, -98929, 34229
14624.9, 1225, -5099, -7627, 5096, -139687, 6090, -87855, 34229
14628.6, 1188, -5099, -7627, 5096, -139687, 6090, -87855, 34226
14632.8, 945, -5176, -8454, 4855, -137167, 5810, -78943, 34226
14636.6, 1280, -5176, -8454, 4855, -137167, 5810, -78943, 34445
14638.8, 106, -5176, -8454, 4855, -137167, 5810, -78943, 34445
14644.5, 902, -5216, -9187, 5696, -132665, 3495, -76205, 34183
14648.3, 1350, -5216, -9187, 5696, -132665, 3495, -76205, 34182
14654.0, 811, -5257, -9004, 5922, -127721, 721, -79963, 34171
14657.7, 1014, -5257, -9004, 5922, -127721, 721, -79963, 34209
14663.4, 1148, -4679, -8575, 4424, -127878, 2104, -83800, 34170
14667.1, 1204, -4679, -8575, 4424, -127878, 2104, -83800, 34178
14672.9, 956, -4255, -8190, 4602, -127310, -131, -84653, 34182
14676.6, 1786, -4255, -8190, 4602, -127310, -131, -84653, 34165
14680.9, 1181, -4094, -7988, 5165, -125975, -6724, -81586, 34165
14684.7, 1045, -4094, -7988, 5165, -125975, -6724, -81586, 34185
14687.0, 39, -4094, -7988, 5165, -125975, -6724, -81586, 34185
14692.7, 1491, -4320, -8650, 4325, -125713, -6046, -72569, 34192
14696.4, 1585, -4320, -8650, 4325, -125713, -6046, -72569, 34193
14700.6, 1242, -4552, -9379, 3850, -123000, 1574, -62703, 34193
14704.4, 1204, -4552, -9379, 3850, -123000, 1574, -62703, 34178
14706.6, 456, -4552, -9379, 3850, -123000, 1574, -62703, 34178
14710.9, 1504, -4642, -9869, 3537, -122042, 7901, -58459, 34178
14714.7, 1432, -4642, -9869, 3537, -122042, 7901, -58459, 34171
14717.0, 787, -4642, -9869, 3537, -122042, 7901, -58459, 34171
14722.7, 1226, -4729, -9524, 4762, -118441, 8754, -61986, 34171
14726.4, 1465, -4729, -9524, 4762, -118441, 8754, -61986, 34155
14730.7, 1608, -4685, -8863, 4164, -117991, 6943, -67844, 34155
14734.5, 1068, -4685, -8863, 4164, -117991, 6943, -67844, 34159
14738.7, 602, -4622, -8593, 4730, -121679, 7665, -68977, 34159
14742.5, 1219, -4622, -8593, 4730, -121679, 7665, -68977, 34151
14746.3, 1533, -4622, -8593, 4730, -121679, 7665, -68977, 34152
14750.5, 1551, -4146, -8766, 4887, -121574, 415, -66190, 34152
14754.3, 1377, -4146, -8766, 4887, -121574, 415, -66190, 34325
14758.5, 959, -3422, -9260, 2892, -124125, -11755, -63211, 34325
14762.3, 1183, -3422, -9260, 2892, -124125, -11755, -63211, 34156
14766.0, 1166, -3422, -9260, 2892, -124125, -11755, -63211, 34130
14770.2, 1252, -3698, -9263, 4508, -117234, -23253, -58866, 34130
14774.0, 1206, -3698, -9263, 4508, -117234, -23253, -58866, 34165
14778.2, 996, -4422, -9436, 3271, -116171, -23367, -49368, 34165
14781.9, 1441, -4422, -9436, 3271, -116171, -23367, -49368, 34171
14785.6, 1309, -4422, -9436, 3271, -116171, -23367, -49368, 34165
14789.9, 1028, -4735, -9485, 1899, -121758, -3430, -36164, 34165
14793.6, 1079, -4735, -9485, 1899, -121758, -3430, -36164, 34289
14797.8, 806, -4542, -9820, 2931, -122173, 14459, -32996, 34289
14801.6, 1263, -4542, -9820, 2931, -122173, 14459, -32996, 34166
14803.9, 166, -4542, -9820, 2931, -122173, 14459, -32996, 34166
14809.6, 951, -4080, -9719, 3013, -125835, 11257, -43348, 34147
14813.4, 1052, -4080, -9719, 3013, -125835, 11257, -43348, 34155
14819.1, 739, -3557, -9356, 3783, -123665, -2099, -55322, 34149
14822.8, 1221, -3557, -9356, 3783, -123665, -2099, -55322, 34152
14828.6, 1149, -2877, -9378, 3146, -122475, -18545, -59942, 34158
14830.8, 37, -2877, -9378, 3146, -122475, -18545, -59942, 34158
14833.1, 10, -2877, -9378, 3146, -122475, -18545, -59942, 34158
14838.8, 1000, -2431, -9692, 2842, -119255, -34090, -56219, 34146
14841.0, 342, -2431, -9692, 2842, -119255, -34090, -56219, 34146
14843.3, 466, -2431, -9692, 2842, -119255, -34090, -56219, 34146
14849.0, 1314, -2484, -10064, 1589, -119168, -42298, -47640, 34191
14851.3, 491, -2484, -10064, 1589, -119168, -42298, -47640, 34191
14855.5, 1098, -2731, -10823, 181, -120240, -35109, -37271, 34191
14859.3, 1243, -2731, -10823, 181, -120240, -35109, -37271, 34160
14861.6, 589, -2731, -10823, 181, -120240, -35109, -37271, 34160
14865.8, 1224, -2640, -11385, -425, -120703, -17701, -29776, 34160
14869.5, 1394, -2640, -11385, -425, -120703, -17701, -29776, 34151
14871.8, 598, -2640, -11385, -425, -120703, -17701, -29776, 34151
14876.0, 1229, -2492, -11360, -346, -120493, -3946, -28770, 34151
14879.7, 1443, -2492, -11360, -346, -120493, -3946, -28770, 34147
14882.0, 625, -2492, -11360, -346, -120493, -3946, -28770, 34147
14887.7, 1336, -2559, -11186, 423, -115510, -1150, -31036, 34155
14891.4, 1403, -2559, -11186, 423, -115510, -1150, -31036, 34137
14895.7, 1231, -2240, -11010, 206, -110667, -6348, -33976, 34137
14899.4, 1257, -2240, -11010, 206, -110667, -6348, -33976, 34146
14901.7, 381, -2240, -11010, 206, -110667, -6348, -33976, 34146
14906.0, 1102, -1888, -10798, 11, -105561, -13212, -35503, 34146
14909.7, 1139, -1888, -10798, 11, -105561, -13212, -35503, 34134
14913.9, 933, -1888, -10798, 11, -99510, -18572, -33832, 34134
14917.7, 1357, -1888, -10798, 11, -99510, -18572, -33832, 34138
14921.4, 1492, -1888, -10798, 11, -99510, -18572, -33832, 34118
14925.7, 1263, -996, -11087, -1249, -91137, -20217, -32204, 34118
14929.4, 1307, -996, -11087, -1249, -91137, -20217, -32204, 34111
14933.6, 936, -996, -11087, -1249, -83594, -21166, -30839, 34111
14937.3, 1441, -996, -11087, -1249, -83594, -21166, -30839, 34122
14941.1, 1506, -996, -11087, -1249, -83594, -21166, -30839, 34096
14945.3, 1048, -49, -10755, -1078, -76025, -25690, -28416, 34096
14949.0, 1289, -49, -10755, -1078, -76025, -25690, -28416, 34078
14953.2, 1075, -49, -10755, -1078, -70889, -27212, -21980, 34078
14957.0, 1454, -49, -10755, -1078, -70889, -27212, -21980, 34061
14960.7, 1439, -49, -10755, -1078, -70889, -27212, -21980, 34027
14964.9, 1036, -973, -10448, -1906, -64379, -17141, -11908, 34027
14968.7, 1264, -973, -10448, -1906, -64379, -17141, -11908, 34018
14972.9, 1205, -973, -10448, -1906, -61522, 1653, -4064, 34018
14976.6, 1438, -973, -10448, -1906, -61522, 1653, -4064, 34048
14978.9, 225, -973, -10448, -1906, -61522, 1653, -4064, 34048
14984.6, 1097, -2064, -11038, -712, -57724, 14319, -3342, 34004
14988.7, 933, -2064, -11038, -712, -57724, 14319, -3342, 34020
14994.4, 1262, -2064, -11038, -712, -54644, 12753, -9760, 33983
14996.6, 386, -2064, -11038, -712, -54644, 12753, -9760, 33983
15000.9, 1234, -2115, -10893, 130, -54644, 12753, -9760, 33983
15004.6, 1205, -2115, -10893, 130, -54644, 12753, -9760, 33945
15006.9, 306, -2115, -10893, 130, -54644, 12753, -9760, 33945
15012.6, 1411, -2003, -10243, 378, -51328, 1404, -17399, 33971
15016.3, 1349, -2003, -10243, 378, -51328, 1404, -17399, 33970
15020.6, 986, -1836, -9779, 659, -44988, -15146, -20632, 33970
15024.3, 1184, -1836, -9779, 659, -44988, -15146, -20632, 33971
15026.6, 243, -1836, -9779, 659, -44988, -15146, -20632, 33971
15030.8, 1249, -1528, -9736, -175, -41060, -28831, -18795, 33971
15034.5, 1258, -1528, -9736, -175, -41060, -28831, -18795, 33992
15036.8, 431, -1528, -9736, -175, -41060, -28831, -18795, 33992
15041.0, 1279, -1444, -9799, -842, -37975, -32069, -14669, 33992
15044.7, 1236, -1444, -9799, -842, -37975, -32069, -14669, 33952
15047.0, 443, -1444, -9799, -842, -37975, -32069, -14669, 33952
15052.7, 1380, -1627, -10004, -1138, -36216, -26967, -11243, 33942
15056.4, 1336, -1627, -10004, -1138, -36216, -26967, -11243, 33947
15060.7, 1039, -2024, -10130, -720, -33088, -16310, -10224, 33947
15064.4, 1238, -2024, -10130, -720, -33088, -16310, -10224, 33928
15068.6, 949, -2023, -10106, -32, -32239, -7188, -10902, 33928
15072.3, 1299, -2023, -10106, -32, -32239, -7188, -10902, 33930
15076.0, 1299, -2023, -10106, -32, -32239, -7188, -10902, 33941
15080.3, 1116, -2190, -10033, 748, -30240, -10053, -14380, 33941
15084.0, 1224, -2190, -10033, 748, -30240, -10053, -14380, 33906
15088.2, 1110, -2243, -9693, 695, -25939, -21310, -16949, 33906
15092.0, 1344, -2243, -9693, 695, -25939, -21310, -16949, 33898
15095.8, 1389, -2243, -9693, 695, -25939, -21310, -16949, 33892
15100.0, 934, -2333, -9676, 707, -23113, -29054, -15150, 33892
15103.8, 1250, -2333, -9676, 707, -23113, -29054, -15150, 33900
15108.0, 938, -2562, -9999, 744, -22098, -31496, -12132, 33900
15111.7, 1385, -2562, -9999, 744, -22098, -31496, -12132, 33861
15114.0, 271, -2562, -9999, 744, -22098, -31496, -12132, 33861
15119.8, 860, -2857, -10076, 546, -21293, -30621, -10775, 33857
15123.5, 1284, -2857, -10076, 546, -21293, -30621, -10775, 33842
15127.7, 1083, -2932, -9918, 374, -19189, -27121, -10788, 33842
15131.5, 1333, -2932, -9918, 374, -19189, -27121, -10788, 33811
15133.8, 327, -2932, -9918, 374, -19189, -27121, -10788, 33811
15139.5, 900, -2816, -9932, 199, -18252, -23686, -12315, 33828
15143.2, 1349, -2816, -9932, 199, -18252, -23686, -12315, 33822
15149.0, 1134, -2633, -9907, -135, -20059, -23559, -14035, 33832
15152.7, 1348, -2633, -9907, -135, -20059, -23559, -14035, 33837
15158.4, 1388, -2379, -10040, -678, -19692, -25484, -14372, 33841
15162.2, 1348, -2379, -10040, -678, -19692, -25484, -14372, 33836
15167.9, 1210, -2164, -10073, -732, -17054, -27939, -14516, 33834
15171.6, 1242, -2164, -10073, -732, -17054, -27939, -14516, 33822
15175.9, 1094, -1850, -10013, -899, -15124, -32699, -14232, 33822
15179.6, 1236, -1850, -10013, -899, -15124, -32699, -14232, 33810
15181.9, 210, -1850, -10013, -899, -15124, -32699, -14232, 33810
15187.6, 1484, -1515, -9760, -1186, -10771, -38640, -14166, 33804
15191.4, 1232, -1515, -9760, -1186, -10771, -38640, -14166, 33750
15195.6, 1049, -1288, -9859, -1724, -7612, -40198, -13781, 33750
15199.4, 1154, -1288, -9859, -1724, -7612, -40198, -13781, 33720
15201.6, 68, -1288, -9859, -1724, -7612, -40198, -13781, 33720
15205.9, 1177, -999, -10089, -1817, -2808, -35774, -13396, 33720
15209.7, 1352, -999, -10089, -1817, -2808, -35774, -13396, 33669
15213.9, 1186, -809, -10138, -2322, -2546, -29505, -13462, 33669
15217.6, 1463, -809, -10138, -2322, -2546, -29505, -13462, 33616
15221.4, 1202, -809, -10138, -2322, -2546, -29505, -13462, 33561
15225.6, 785, -1218, -10208, -1628, 2511, -22977, -11348, 33561
15229.4, 1197, -1218, -10208, -1628, 2511, -22977, -11348, 33529
15233.6, 1027, -1508, -10325, -939, 5853, -19110, -6286, 33529
15237.3, 1378, -1508, -10325, -939, 5853, -19110, -6286, 33456
15241.1, 1426, -1508, -10325, -939, 5853, -19110, -6286, 33406
15245.3, 1131, -1825, -10357, -886, 6877, -14770, -1526, 33406
15249.0, 1061, -1825, -10357, -886, 6877, -14770, -1526, 33384
15253.3, 977, -2109, -10281, -1352, 6956, -11694, -594, 33384
15257.0, 1036, -2109, -10281, -1352, 6956, -11694, -594, 33360
15260.7, 1213, -2109, -10281, -1352, 6956, -11694, -594, 33341
15265.0, 880, -2189, -10545, -447, 13116, -11952, -3819, 33341
15268.7, 1483, -2189, -10545, -447, 13116, -11952, -3819, 33287
15273.0, 1313, -1879, -10615, -205, 12788, -17023, -7888, 33287
15276.7, 1340, -1879, -10615, -205, 12788, -17023, -7888, 33315
15279.0, 74, -1879, -10615, -205, 12788, -17023, -7888, 33315
15284.7, 1377, -1465, -10476, -897, 14599, -25480, -10622, 33313
15288.5, 1417, -1465, -10476, -897, 14599, -25480, -10622, 33299
15292.7, 569, -1370, -10413, -1033, 19902, -32778, -11589, 33299
15296.5, 1003, -1370, -10413, -1033, 19902, -32778, -11589, 33299
15298.8, 956, -1370, -10413, -1033, 19902, -32778, -11589, 33299
15304.5, 1352, -1315, -10400, -1443, 23279, -29242, -7901, 33306
15308.2, 925, -1315, -10400, -1443, 23279, -29242, -7901, 33299
15313.9, 846, -1183, -10826, -1893, 24491, -15225, -2183, 33307
15316.2, 21, -1183, -10826, -1893, 24491, -15225, -2183, 33307
15318.5, 28, -1183, -10826, -1893, 24491, -15225, -2183, 33307
15324.2, 2181, -1389, -11157, -1570, 28932, 686, 857, 33302
15326.5, 1873, -1389, -11157, -1570, 28932, 686, 857, 33302
15330.7, 1005, -1605, -10610, -1649, 30074, 11913, 3600, 33302
15334.5, 815, -1605, -10610, -1649, 30074, 11913, 3600, 33294
15336.7, 20, -1605, -10610, -1649, 30074, 11913, 3600, 33294
15341.0, 1383, -1661, -10360, -1184, 30572, 13265, 4510, 33294
15344.7, 1918, -1661, -10360, -1184, 30572, 13265, 4510, 33298
15347.0, 1018, -1661, -10360, -1184, 30572, 13265, 4510, 33298
15352.7, 1566, -1780, -10106, 82, 38531, 5005, 2489, 33276
15356.4, 1420, -1780, -10106, 82, 38531, 5005, 2489, 33291
15360.7, 634, -1440, -10164, -510, 35897, 3867, 2826, 33291
15364.4, 919, -1440, -10164, -510, 35897, 3867, 2826, 33302
15366.6, 29, -1440, -10164, -510, 35897, 3867, 2826, 33302
15370.9, 2118, -1195, -10570, -504, 35626, 15242, 5083, 33302
15374.7, 1751, -1195, -10570, -504, 35626, 15242, 5083, 33305
15378.9, 860, -1229, -10789, -750, 35477, 26337, 5315, 33305
15382.6, 813, -1229, -10789, -750, 35477, 26337, 5315, 33326
15386.4, 1126, -1229, -10789, -750, 35477, 26337, 5315, 33350
15390.7, 2214, -1831, -10601, -190, 35109, 36505, 5451, 33350
15394.4, 1584, -1831, -10601, -190, 35109, 36505, 5451, 33373
15398.6, 910, -2505, -10110, 418, 32585, 48178, 8789, 33373
15402.3, 1093, -2505, -10110, 418, 32585, 48178, 8789, 33396
15406.0, 1183, -2505, -10110, 418, 32585, 48178, 8789, 33422
15410.3, 1015, -2788, -10503, 1318, 29667, 55318, 10298, 33422
15414.0, 1430, -2788, -10503, 1318, 29667, 55318, 10298, 33444
15418.2, 1193, -2468, -10402, 2545, 28962, 43335, 5298, 33444
15422.0, 1071, -2468, -10402, 2545, 28962, 43335, 5298, 33466
15425.7, 1947, -2468, -10402, 2545, 28962, 43335, 5298, 33495
15429.9, 1809, -2044, -10348, 2092, 28796, 20790, -1133, 33495
15433.7, 1672, -2044, -10348, 2092, 28796, 20790, -1133, 33458
15437.9, 865, -1993, -9946, 1249, 30909, 9760, -997, 33458
15441.6, 999, -1993, -9946, 1249, 30909, 9760, -997, 33540
15443.9, 167, -1993, -9946, 1249, 30909, 9760, -997, 33540
15449.6, 1810, -2111, -9835, 201, 27904, 16795, 4685, 33565
15453.3, 1739, -2111, -9835, 201, 27904, 16795, 4685, 33570
15459.0, 1160, -2231, -9856, 491, 27847, 30870, 8225, 33594
15462.7, 1130, -2231, -9856, 491, 27847, 30870, 8225, 33613
15468.5, 1287, -2237, -9990, 973, 27532, 38653, 6444, 33608
15472.2, 2514, -2237, -9990, 973, 27532, 38653, 6444, 33694
15478.0, 985, -2027, -9810, 681, 26040, 42753, 5311, 33736
15481.7, 740, -2027, -9810, 681, 26040, 42753, 5311, 33780
15485.9, 1283, -2027, -9810, 681, 27576, 44052, 6396, 33780
15489.6, 2270, -2027, -9810, 681, 27576, 44052, 6396, 33841
15491.9, 2238, -2027, -9810, 681, 27576, 44052, 6396, 33841
15497.6, 1262, -2096, -9875, 2132, 31640, 38995, 8093, 33850
15501.3, 763, -2096, -9875, 2132, 31640, 38995, 8093, 33879
15505.5, 634, -2096, -9875, 2132, 32244, 34291, 11908, 33879
15509.3, 1709, -2096, -9875, 2132, 32244, 34291, 11908, 33908
15511.6, 1320, -2096, -9875, 2132, 32244, 34291, 11908, 33908
15515.8, 1359, -2388, -9888, 1677, 33709, 35101, 15850, 33908
15519.6, 1057, -2388, -9888, 1677, 33709, 35101, 15850, 33921
15521.8, 30, -2388, -9888, 1677, 33709, 35101, 15850, 33921
15527.6, 1424, -2257, -10404, 946, 33141, 36094, 14975, 33962
15531.3, 1658, -2257, -10404, 946, 33141, 36094, 14975, 33978
15535.6, 1528, -2131, -10711, 1165, 37559, 33092, 10250, 33978
15539.3, 1037, -2131, -10711, 1165, 37559, 33092, 10250, 33923
15541.5, 32, -2131, -10711, 1165, 37559, 33092, 10250, 33923
15545.8, 970, -2340, -10677, 1405, 42411, 30743, 8006, 33923
15549.6, 2633, -2340, -10677, 1405, 42411, 30743, 8006, 34000
15553.8, 3044, -2340, -10677, 1405, 42411, 30743, 8006, 34000
15557.5, 2499, -2340, -10677, 1405, 42411, 30743, 8006, 33999
15561.3, 1517, -2340, -10677, 1405, 42411, 30743, 8006, 34001
15565.6, 1508, -2603, -10737, 710, 46747, 46165, 17176, 34001
15569.3, 1864, -2603, -10737, 710, 46747, 46165, 17176, 34011
15573.5, 822, -2603, -10737, 710, 46747, 46165, 17176, 34011
15577.2, 829, -2603, -10737, 710, 46747, 46165, 17176, 33994
15581.0, 1145, -2603, -10737, 710, 46747, 46165, 17176, 34029
15585.2, 1071, -2699, -11876, 1320, 48690, 76616, 12232, 34029
15588.9, 1294, -2699, -11876, 1320, 48690, 76616, 12232, 34034
15593.1, 734, -2699, -11876, 1320, 48690, 76616, 12232, 34034
15596.9, 909, -2699, -11876, 1320, 48690, 76616, 12232, 33350
15600.6, 851, -2699, -11876, 1320, 48690, 76616, 12232, 34056
15604.8, 988, -1930, -11608, 2465, 54132, 65451, 1986, 34056
15608.6, 1087, -1930, -11608, 2465, 54132, 65451, 1986, 34064
15612.8, 1005, -1930, -11608, 2465, 54132, 65451, 1986, 34064
15616.5, 797, -1930, -11608, 2465, 54132, 65451, 1986, 34066
15618.8, 22, -1930, -11608, 2465, 54132, 65451, 1986, 34066
15624.5, 1067, -1981, -11921, -891, 59255, 54806, 15680, 34089
15628.2, 1061, -1981, -11921, -891, 59255, 54806, 15680, 34064
15634.0, 1712, -1981, -11921, -1472, 62716, 71672, 26149, 34058
15637.7, 1319, -1981, -11921, -1472, 62716, 71672, 26149, 34068
15643.4, 799, -2541, -13017, -1472, 62716, 71672, 26149, 34059
15647.1, 1299, -2541, -13017, -1472, 62716, 71672, 26149, 34065
15652.8, 846, -2813, -14012, -1395, 69156, 95315, 30406, 34118
15656.5, 614, -2813, -14012, -1395, 69156, 95315, 30406, 34071
15660.8, 1736, -2682, -13481, 548, 79691, 110614, 25944, 34071
15664.5, 2467, -2682, -13481, 548, 79691, 110614, 25944, 34080
15666.8, 840, -2682, -13481, 548, 79691, 110614, 25944, 34080
15671.0, 635, -2220, -12446, 2820, 85685, 97410, 16087, 34080
15674.7, 863, -2220, -12446, 2820, 85685, 97410, 16087, 34069
15677.0, 28, -2220, -12446, 2820, 85685, 97410, 16087, 34069
15682.7, 2316, -1998, -11697, 2645, 87912, 66409, 14210, 34071
15686.4, 1906, -1998, -11697, 2645, 87912, 66409, 14210, 34040
15690.7, 695, -2434, -11258, 1514, 89737, 50431, 29019, 34040
15694.4, 804, -2434, -11258, 1514, 89737, 50431, 29019, 34054
15696.6, 276, -2434, -11258, 1514, 89737, 50431, 29019, 34054
15700.8, 1849, -2867, -11751, 741, 87755, 53756, 50090, 34054
15704.6, 1835, -2867, -11751, 741, 87755, 53756, 50090, 34012
15708.8, 782, -3250, -12001, -279, 89859, 61557, 60450, 34012
15712.5, 837, -3250, -12001, -279, 89859, 61557, 60450, 33986
15716.2, 904, -3250, -12001, -279, 89859, 61557, 60450, 33947
15720.5, 1450, -3358, -11997, 391, 97179, 67962, 57357, 33947
15724.2, 1838, -3358, -11997, 391, 97179, 67962, 57357, 33967
15728.4, 1226, -3060, -11563, 1998, 103207, 68526, 48488, 33967
15732.2, 1214, -3060, -11563, 1998, 103207, 68526, 48488, 33956
15735.9, 950, -3060, -11563, 1998, 103207, 68526, 48488, 33961
15740.1, 642, -2503, -11188, 2200, 99003, 60620, 44608, 33961
15743.9, 1366, -2503, -11188, 2200, 99003, 60620, 44608, 33942
15748.1, 872, -2637, -9979, 2738, 100670, 49455, 52575, 33942
15751.8, 1294, -2637, -9979, 2738, 100670, 49455, 52575, 33977
15755.6, 1223, -2637, -9979, 2738, 100670, 49455, 52575, 33969
15759.8, 1293, -3078, -9288, 2970, 100062, 37831, 71606, 33969
15763.5, 1238, -3078, -9288, 2970, 100062, 37831, 71606, 33972
15767.8, 1227, -3267, -9617, 2465, 97734, 31084, 89597, 33972
15771.5, 1019, -3267, -9617, 2465, 97734, 31084, 89597, 34005
15773.8, 297, -3267, -9617, 2465, 97734, 31084, 89597, 34005
15779.5, 1145, -3718, -10013, 2235, 100337, 35844, 97550, 33928
15783.3, 1152, -3718, -10013, 2235, 100337, 35844, 97550, 33899
15789.0, 1008, -3586, -10994, 1813, 97568, 43278, 93727, 33899
15792.7, 1392, -3586, -10994, 1813, 97568, 43278, 93727, 34208
15798.5, 969, -3561, -10710, 1428, 96632, 42512, 85633, 34131
15800.7, 30, -3561, -10710, 1428, 96632, 42512, 85633, 34131
15803.0, 8, -3561, -10710, 1428, 96632, 42512, 85633, 34131
15808.7, 1323, -3541, -9780, 1138, 100906, 32887, 85830, 34192
15810.9, 274, -3541, -9780, 1138, 100906, 32887, 85830, 34192
15813.2, 84, -3541, -9780, 1138, 100906, 32887, 85830, 34192
15818.9, 1847, -3511, -9238, 2488, 110680, 20147, 96150, 34194
15821.2, 956, -3511, -9238, 2488, 110680, 20147, 96150, 34194
15825.5, 1359, -3486, -9111, 3048, 112942, 12241, 112084, 34194
15829.2, 788, -3486, -9111, 3048, 112942, 12241, 112084, 34201
15831.5, 64, -3486, -9111, 3048, 112942, 12241, 112084, 34201
15835.7, 2260, -3802, -9573, 3403, 114508, 13199, 124720, 34201
15839.4, 1832, -3802, -9573, 3403, 114508, 13199, 124720, 34207
15841.7, 181, -3802, -9573, 3403, 114508, 13199, 124720, 34207
15845.9, 815, -4418, -9584, 5055, 117308, 16345, 129607, 34207
15849.6, 1858, -4418, -9584, 5055, 117308, 16345, 129607, 34214
15851.9, 1288, -4418, -9584, 5055, 117308, 16345, 129607, 34214
15857.6, 1695, -4747, -9445, 3026, 105990, 22557, 127349, 34205
15861.3, 870, -4747, -9445, 3026, 105990, 22557, 127349, 34205
15865.6, 989, -4788, -9568, 701, 99095, 30319, 122252, 34205
15869.3, 1826, -4788, -9568, 701, 99095, 30319, 122252, 34199
15871.5, 722, -4788, -9568, 701, 99095, 30319, 122252, 34199
15875.8, 953, -4267, -9697, 1850, 111940, 22028, 114819, 34199
15879.5, 942, -4267, -9697, 1850, 111940, 22028, 114819, 34198
15883.7, 1719, -4173, -8784, 1813, 124177, 2629, 112771, 34198
15887.5, 1367, -4173, -8784, 1813, 124177, 2629, 112771, 34210
15891.2, 1022, -4173, -8784, 1813, 124177, 2629, 112771, 34212
15895.5, 1722, -4330, -8126, 2682, 131851, -1233, 126916, 34212
15899.3, 1476, -4330, -8126, 2682, 131851, -1233, 126916, 34223
15903.5, 1125, -4707, -8096, 4800, 133864, 3412, 140417, 34223
15907.2, 1009, -4707, -8096, 4800, 133864, 3412, 140417, 34168
15911.0, 763, -4707, -8096, 4800, 133864, 3412, 140417, 34190
15915.3, 1990, -5119, -7590, 3384, 129795, 14306, 143344, 34190
15919.0, 1849, -5119, -7590, 3384, 129795, 14306, 143344, 34182
15923.3, 1249, -5314, -7393, 2495, 127878, 32423, 143226, 34182
15927.0, 970, -5314, -7393, 2495, 127878, 32423, 143226, 34186
15930.7, 904, -5314, -7393, 2495, 127878, 32423, 143226, 34172
15935.0, 1711, -4974, -7303, 3711, 129379, 37153, 134034, 34172
15938.7, 1994, -4974, -7303, 3711, 129379, 37153, 134034, 34180
15943.0, 775, -4694, -6496, 4157, 133207, 21411, 122655, 34180
15946.8, 866, -4694, -6496, 4157, 133207, 21411, 122655, 34214
15950.5, 954, -4694, -6496, 4157, 133207, 21411, 122655, 34175
15954.8, 1794, -4607, -5295, 2819, 135215, 1837, 128320, 34175
15958.6, 2295, -4607, -5295, 2819, 135215, 1837, 128320, 34179
15962.8, 945, -5048, -4838, 4231, 140964, -9051, 140299, 34179
15966.5, 1103, -5048, -4838, 4231, 140964, -9051, 140299, 34189
15970.7, 1032, -5837, -4374, 5053, 142972, -13777, 143344, 34189
15974.4, 1660, -5837, -4374, 5053, 142972, -13777, 143344, 34191
15976.7, 600, -5837, -4374, 5053, 142972, -13777, 143344, 34191
15980.9, 1110, -6557, -4552, 2397, 136423, 4278, 143344, 34191
15984.6, 1453, -6557, -4552, 2397, 136423, 4278, 143344, 34206
15986.9, 278, -6557, -4552, 2397, 136423, 4278, 143344, 34206
15992.6, 1885, -6862, -5044, 4916, 138357, 28945, 143344, 34214
15996.3, 884, -6862, -5044, 4916, 138357, 28945, 143344, 34223
16000.6, 724, -6622, -4557, 5675, 134052, 31867, 140750, 34223
16004.3, 1742, -6622, -4557, 5675, 134052, 31867, 140750, 34230
16006.6, 1031, -6622, -4557, 5675, 134052, 31867, 140750, 34230
16010.8, 1188, -6235, -3366, 4233, 129125, 24080, 129847, 34230
16014.6, 868, -6235, -3366, 4233, 129125, 24080, 129847, 34240
16016.8, 33, -6235, -3366, 4233, 129125, 24080, 129847, 34240
16022.6, 1236, -6136, -2596, 4896, 128189, 14424, 134870, 34268
16026.3, 1622, -6136, -2596, 4896, 128189, 14424, 134870, 34282
16030.6, 1557, -6278, -2453, 5494, 128613, -5013, 141931, 34282
16034.3, 1031, -6278, -2453, 5494, 128613, -5013, 141931, 34327
16036.6, 45, -6278, -2453, 5494, 128613, -5013, 141931, 34327
16040.9, 1234, -6608, -2368, 4460, 129248, -16695, 143344, 34327
16044.6, 1231, -6608, -2368, 4460, 129248, -16695, 143344, 34300
16048.8, 2991, -6890, -2694, 4996, 126570, -13995, 143344, 34300
16052.6, 1905, -6890, -2694, 4996, 126570, -13995, 143344, 34311
16056.3, 876, -6890, -2694, 4996, 126570, -13995, 143344, 34328
16060.6, 1074, -6993, -2797, 6086, 126820, -12941, 143344, 34328
16064.3, 1625, -6993, -2797, 6086, 126820, -12941, 143344, 34339
16068.5, 1852, -6781, -2331, 5022, 125057, -12762, 142828, 34339
16072.2, 972, -6781, -2331, 5022, 125057, -12762, 142828, 34344
16076.0, 1512, -6781, -2331, 5022, 125057, -12762, 142828, 34341
16080.2, 1731, -6288, -1888, 4685, 125070, -10202, 139626, 34341
16083.9, 1040, -6288, -1888, 4685, 125070, -10202, 139626, 34348
16088.1, 1278, -5943, -1613, 3786, 123451, -12333, 138873, 34348
16091.9, 1182, -5943, -1613, 3786, 123451, -12333, 138873, 34350
16095.6, 1150, -5943, -1613, 3786, 123451, -12333, 138873, 34405
16099.8, 1747, -6010, -833, 4085, 126850, -17649, 141909, 34405
16103.6, 1387, -6010, -833, 4085, 126850, -17649, 141909, 34398
16107.8, 954, -5903, -856, 3597, 125590, -20912, 143239, 34398
16111.5, 1606, -5903, -856, 3597, 125590, -20912, 143239, 34421
16113.8, 89, -5903, -856, 3597, 125590, -20912, 143239, 34421
16119.5, 1200, -5846, -575, 5114, 132254, -28910, 143344, 34434
16123.2, 1077, -5846, -575, 5114, 132254, -28910, 143344, 34426
16128.9, 2178, -5842, -23, 5490, 134848, -40915, 143344, 34418
16131.2, 1232, -5842, -23, 5490, 134848, -40915, 143344, 34418
16133.4, 145, -5842, -23, 5490, 134848, -40915, 143344, 34418
16139.2, 1174, -6020, 523, 6921, 137757, -47998, 143344, 34409
16141.4, 38, -6020, 523, 6921, 137757, -47998, 143344, 34409
16145.6, 758, -6020, 523, 6921, 137757, -47421, 143344, 34409
16149.3, 1865, -6020, 523, 6921, 137757, -47421, 143344, 34398
16151.6, 1358, -6020, 523, 6921, 137757, -47421, 143344, 34398
16155.8, 1029, -6163, 979, 6391, 129589, -41173, 143344, 34398
16159.5, 1678, -6163, 979, 6391, 129589, -41173, 143344, 34387
16161.8, 546, -6163, 979, 6391, 129589, -41173, 143344, 34387
16166.0, 936, -6232, 1111, 5090, 130337, -38347, 143296, 34387
16169.7, 852, -6232, 1111, 5090, 130337, -38347, 143296, 34370
16172.0, 96, -6232, 1111, 5090, 130337, -38347, 143296, 34370
16177.7, 1368, -6547, 1489, 6622, 132516, -41204, 140361, 34354
16181.4, 1502, -6547, 1489, 6622, 132516, -41204, 140361, 34338
16185.7, 842, -6435, 1489, 6622, 125341, -41300, 136747, 34338
16189.4, 1385, -6435, 1489, 6622, 125341, -41300, 136747, 34318
16191.7, 897, -6435, 1489, 6622, 125341, -41300, 136747, 34318
16195.9, 810, -6969, 2158, 6178, 121679, -38084, 139499, 34318
16199.7, 1079, -6969, 2158, 6178, 121679, -38084, 139499, 34332
16203.9, 1478, -7046, 2158, 6178, 121679, -38084, 139499, 34332
16207.7, 1503, -7046, 2158, 6178, 121679, -38084, 139499, 34329
16211.4, 1246, -7046, 2158, 6178, 121679, -38084, 139499, 34317
16215.7, 865, -6865, 2300, 5623, 119946, -54351, 136397, 34317
16219.4, 1448, -6865, 2300, 5623, 119946, -54351, 136397, 34337
16223.6, 1092, -6887, 2300, 5623, 119946, -54351, 136397, 34337
16227.3, 1095, -6887, 2300, 5623, 119946, -54351, 136397, 34311
16231.1, 1033, -6887, 2300, 5623, 119946, -54351, 136397, 34295
16235.3, 1153, -6668, 1532, 5094, 119194, -33639, 124011, 34295
16239.0, 1396, -6668, 1532, 5094, 119194, -33639, 124011, 34307
16243.3, 533, -6433, 1532, 5094, 119194, -33639, 124011, 34307
16247.0, 1162, -6433, 1532, 5094, 119194, -33639, 124011, 34294
16250.7, 1427, -6433, 1532, 5094, 119194, -33639, 124011, 34287
16254.9, 1233, -6047, 1833, 6370, 123805, -35424, 106441, 34287
16258.7, 1387, -6047, 1833, 6370, 123805, -35424, 106441, 34215
16262.9, 1344, -5480, 2541, 6370, 123805, -35424, 106441, 34215
16266.6, 967, -5480, 2541, 6370, 123805, -35424, 106441, 34285
16268.9, 26, -5480, 2541, 6370, 123805, -35424, 106441, 34285
16274.6, 1273, -5193, 3493, 6021, 121513, -50510, 107101, 34291
16278.3, 1161, -5193, 3493, 6021, 121513, -50510, 107101, 34320
16284.0, 1476, -5075, 4394, 6021, 121513, -50510, 107101, 34354
16286.3, 809, -5075, 4394, 6021, 121513, -50510, 107101, 34354
16288.5, 656, -5075, 4394, 6021, 121513, -50510, 107101, 34354
16294.3, 1184, -5196, 4633, 5070, 119894, -54080, 113108, 34457
16296.5, 39, -5196, 4633, 5070, 119894, -54080, 113108, 34457
16300.8, 509, -5545, 4730, 4007, 120121, -45745, 119426, 34457
16304.5, 1042, -5545, 4730, 4007, 120121, -45745, 119426, 34425
16306.8, 271, -5545, 4730, 4007, 120121, -45745, 119426, 34425
16312.5, 1288, -5496, 4086, 4344, 121710, -28175, 119373, 34483
16316.2, 1850, -5496, 4086, 4344, 121710, -28175, 119373, 34487
16320.5, 1200, -5338, 3887, 5679, 123512, -16533, 110260, 34487
16324.2, 927, -5338, 3887, 5679, 123512, -16533, 110260, 34516
16326.5, 28, -5338, 3887, 5679, 123512, -16533, 110260, 34516
16330.7, 865, -5320, 4381, 4987, 122016, -13173, 98710, 34516
16334.4, 924, -5320, 4381, 4987, 122016, -13173, 98710, 34530
16336.7, 27, -5320, 4381, 4987, 122016, -13173, 98710, 34530
16340.9, 1795, -5074, 5034, 4389, 118761, -13168, 93902, 34530
16344.6, 1525, -5074, 5034, 4389, 118761, -13168, 93902, 34550
16348.8, 1008, -4877, 5627, 5958, 120848, -21271, 92979, 34550
16352.6, 967, -4877, 5627, 5958, 120848, -21271, 92979, 34505
16356.3, 1114, -4877, 5627, 5958, 120848, -21271, 92979, 34580
16360.6, 865, -4764, 6349, 5254, 118253, -28424, 91460, 34580
16364.3, 1101, -4764, 6349, 5254, 118253, -28424, 91460, 34564
16368.5, 799, -4816, 6464, 4259, 115773, -25392, 92033, 34564
16372.2, 1240, -4816, 6464, 4259, 115773, -25392, 92033, 34628
16376.3, 744, -4816, 6464, 4259, 115773, -25392, 92033, 34619
16380.6, 595, -4141, 5503, 4429, 114583, -20138, 93346, 34619
16384.3, 907, -4141, 5503, 4429, 114583, -20138, 93346, 34647
16388.6, 1990, -3662, 6059, 4325, 114320, -23529, 90056, 34647
16392.3, 1573, -3662, 6059, 4325, 114320, -23529, 90056, 34654
16396.1, 1289, -3662, 6059, 4325, 114320, -23529, 90056, 34668
16400.3, 724, -3512, 6820, 3943, 116941, -23607, 89019, 34668
16404.0, 1024, -3512, 6820, 3943, 116941, -23607, 89019, 34479
16408.2, 1121, -3835, 7168, 4615, 113778, -18419, 90200, 34479
16412.0, 967, -3835, 7168, 4615, 113778, -18419, 90200, 34681
16415.7, 1683, -3835, 7168, 4615, 113778, -18419, 90200, 34687
16419.9, 1809, -4195, 7569, 4677, 111258, -15015, 88262, 34687
16423.7, 1159, -4195, 7569, 4677, 111258, -15015, 88262, 34701
16427.9, 784, -4696, 7667, 3488, 104712, -8452, 84259, 34701
16431.6, 865, -4696, 7667, 3488, 104712, -8452, 84259, 34456
16433.9, 24, -4696, 7667, 3488, 104712, -8452, 84259, 34456
16439.6, 1245, -4471, 7092, 3217, 99086, -406, 78532, 34723
16443.3, 1588, -4471, 7092, 3217, 99086, -406, 78532, 34727
16449.1, 1177, -4293, 6911, 4091, 100429, -6545, 70499, 34750
16451.3, 142, -4293, 6911, 4091, 100429, -6545, 70499, 34750
16453.6, 61, -4293, 6911, 4091, 100429, -6545, 70499, 34750
16459.3, 1015, -3610, 7386, 3217, 104113, -14437, 66991, 34782
16461.6, 28, -3610, 7386, 3217, 104113, -14437, 66991, 34782
16465.8, 810, -3645, 7592, 3434, 102127, -14739, 68487, 34782
16469.6, 1774, -3645, 7592, 3434, 102127, -14739, 68487, 34758
16471.8, 1303, -3645, 7592, 3434, 102127, -14739, 68487, 34758
16477.6, 1088, -3876, 7225, 5019, 97634, -19784, 71173, 34751
16481.3, 913, -3876, 7225, 5019, 97634, -19784, 71173, 34756
16485.6, 905, -3279, 7505, 6212, 95844, -32983, 70582, 34756
16489.3, 1337, -3279, 7505, 6212, 95844, -32983, 70582, 34735
16491.6, 215, -3279, 7505, 6212, 95844, -32983, 70582, 34735
16495.8, 997, -2696, 7794, 6690, 91657, -46060, 67275, 34735
16499.6, 988, -2696, 7794, 6690, 91657, -46060, 67275, 34752
16501.8, 28, -2696, 7794, 6690, 91657, -46060, 67275, 34752
16507.6, 1360, -1963, 7970, 2614, 78681, -51201, 65087, 34755
16511.3, 1229, -1963, 7970, 2614, 78681, -51201, 65087, 34734
16515.6, 910, -2938, 7963, -356, 67774, -28744, 69567, 34734
16519.3, 1230, -2938, 7963, -356, 67774, -28744, 69567, 34741
16523.6, 1006, -2895, 6592, 1022, 67371, 6400, 73855, 34741
16527.3, 1111, -2895, 6592, 1022, 67371, 6400, 73855, 34751
16531.0, 1061, -2895, 6592, 1022, 67371, 6400, 73855, 34695
16535.3, 1137, -2589, 6948, 3562, 70849, 15850, 68224, 34695
16539.0, 1966, -2589, 6948, 3562, 70849, 15850, 68224, 34667
16543.2, 1352, -3993, 14512, 2077, 94794, -28984, 22654, 34667
16547.0, 1086, -3993, 14512, 2077, 94794, -28984, 22654, 34630
16550.8, 1058, -3993, 14512, 2077, 94794, -28984, 22654, 34516
16555.0, 958, -4219, 9372, 2915, 110321, -49053, 1806, 34516
16558.8, 1175, -4219, 9372, 2915, 110321, -49053, 1806, 34543
16563.0, 995, -3306, 7739, 5422, 110133, -49915, 17964, 34543
16566.7, 950, -3306, 7739, 5422, 110133, -49915, 17964, 34486
16569.0, 38, -3306, 7739, 5422, 110133, -49915, 17964, 34486
16574.8, 1260, -1657, 7383, 3720, 111118, -53218, 40036, 34423
16578.5, 1019, -1657, 7383, 3720, 111118, -53218, 40036, 34398
16582.7, 444, -1807, 8173, 4812, 111678, -70097, 45920, 34398
16586.5, 1128, -1807, 8173, 4812, 111678, -70097, 45920, 34283
16588.8, 1093, -1807, 8173, 4812, 111678, -70097, 45920, 34283
16594.5, 906, -2459, 8563, 3022, 116162, -84408, 29199, 34134
16598.2, 1086, -2459, 8563, 3022, 116162, -84408, 29199, 34046
16604.0, 1271, -3367, 9071, 929, 110011, -65280, 18419, 33902
16607.7, 1058, -3367, 9071, 929, 110011, -65280, 18419, 33765
16613.4, 1707, -4593, 9233, 1003, 108099, -40211, 11624, 33691
16617.2, 1200, -4593, 9233, 1003, 108099, -40211, 11624, 33530
16622.9, 1335, -4420, 7485, 3047, 105898, -36680, 19280, 33420
16626.6, 1164, -4420, 7485, 3047, 105898, -36680, 19280, 33299
16630.9, 1173, -3799, 7427, 4919, 92397, -54959, 28862, 33299
16634.6, 1273, -3799, 7427, 4919, 92397, -54959, 28862, 33190
16636.9, 35, -3799, 7427, 4919, 92397, -54959, 28862, 33190
16642.6, 1341, -3040, 7625, 2775, 71847, -78690, 32003, 33140
16646.4, 1259, -3040, 7625, 2775, 71847, -78690, 32003, 33087
16650.6, 1146, -2634, 8943, 1593, 57344, -77731, 31041, 33087
16654.4, 1120, -2634, 8943, 1593, 57344, -77731, 31041, 33028
16656.6, 30, -2634, 8943, 1593, 57344, -77731, 31041, 33028
16660.9, 1235, -2653, 9626, 544, 41878, -54806, 28179, 33028
16664.7, 1367, -2653, 9626, 544, 41878, -54806, 28179, 32990
16668.9, 1281, -2653, 9626, 2567, 32086, -42516, 22019, 32990
16672.6, 1191, -2653, 9626, 2567, 32086, -42516, 22019, 32915
16676.4, 1200, -2653, 9626, 2567, 32086, -42516, 22019, 32873
16680.6, 1164, -2837, 7705, 1354, 28577, -39817, 19088, 32873
16684.4, 1178, -2837, 7705, 1354, 28577, -39817, 19088, 32822
16688.6, 1232, -2837, 7705, 1147, 21175, -36413, 13794, 32822
16692.3, 1195, -2837, 7705, 1147, 21175, -36413, 13794, 32775
16696.1, 1212, -2837, 7705, 1147, 21175, -36413, 13794, 32733
16700.3, 1123, -2879, 8888, 168, 18572, -30568, 12136, 32733
16704.1, 1120, -2879, 8888, 168, 18572, -30568, 12136, 32718
16708.3, 1320, -2879, 8888, 1509, 9375, -26329, 10473, 32718
16712.0, 1203, -2879, 8888, 1509, 9375, -26329, 10473, 32704
16715.7, 1266, -2879, 8888, 1509, 9375, -26329, 10473, 32705
16720.0, 1174, -830, 10995, 1538, 3018, -27667, 7800, 32705
16723.7, 1159, -830, 10995, 1538, 3018, -27667, 7800, 32700
16728.0, 1111, -830, 10995, 319, -9454, -19875, 12197, 32700
16731.7, 1121, -830, 10995, 319, -9454, -19875, 12197, 32678
16734.0, 28, -830, 10995, 319, -9454, -19875, 12197, 32678
16739.7, 1209, -1393, 10055, 2866, -15732, -15338, 14757, 32649
16743.5, 1167, -1393, 10055, 2866, -15732, -15338, 14757, 32598
16747.7, 1137, -1393, 10055, 494, -21048, -13890, 12862, 32598
16751.5, 1143, -1393, 10055, 494, -21048, -13890, 12862, 32509
16753.8, 29, -1393, 10055, 494, -21048, -13890, 12862, 32509
16759.5, 1213, -2923, 10555, 105, -27103, -4361, 13195, 32439
16763.2, 1171, -2923, 10555, 105, -27103, -4361, 13195, 32411
16769.0, 1235, -2923, 10555, 970, -31469, 3465, 12241, 32314
16771.2, 30, -2923, 10555, 970, -31469, 3465, 12241, 32314
16773.5, 6, -2923, 10555, 970, -31469, 3465, 12241, 32314
16779.2, 1243, -2281, 10473, 1586, -34335, 4921, 11716, 32233
16781.5, 29, -2281, 10473, 1586, -34335, 4921, 11716, 32233
16785.8, 1092, -2281, 10473, 1586, -34335, 4921, 11716, 32233
16789.5, 1221, -2281, 10473, 1586, -34335, 4921, 11716, 32140
16791.8, 31, -2281, 10473, 1586, -34335, 4921, 11716, 32140
16796.0, 1213, -1765, 10365, 2425, -35516, 2353, 12307, 32140
16799.7, 1170, -1765, 10365, 2425, -35516, 2353, 12307, 32078
16802.0, 27, -1765, 10365, 2425, -35516, 2353, 12307, 32078
16807.7, 1244, -1202, 10465, 2452, -38089, -12438, 13571, 32056
16811.4, 1136, -1202, 10465, 2452, -38089, -12438, 13571, 32098
16815.6, 1150, -1223, 10475, 1959, -41672, -12438, 13571, 32098
16819.4, 1113, -1223, 10475, 1959, -41672, -12438, 13571, 32085
16821.6, 27, -1223, 10475, 1959, -41672, -12438, 13571, 32085
16825.9, 1129, -1509, 10134, 1317, -46454, -19311, 11987, 32085
16829.7, 1137, -1509, 10134, 1317, -46454, -19311, 11987, 32114
16833.9, 1152, -1380, 9738, 201, -51687, -19311, 11987, 32114
16837.6, 1135, -1380, 9738, 201, -51687, -19311, 11987, 32134
16841.4, 1125, -1380, 9738, 201, -51687, -19311, 11987, 32602
16845.6, 1112, -1392, 9492, 855, -55103, 3867, 1715, 32602
16849.4, 1116, -1392, 9492, 855, -55103, 3867, 1715, 32606
16853.6, 1125, -987, 9850, 1899, -57750, 3867, 1715, 32606
16857.3, 1105, -987, 9850, 1899, -57750, 3867, 1715, 32604
16861.0, 1194, -987, 9850, 1899, -57750, 3867, 1715, 32600
16865.3, 1184, -850, 10274, 2435, -59654, 3224, -10355, 32600
16869.0, 1188, -850, 10274, 2435, -59654, 3224, -10355, 32568
16873.2, 1127, -1016, 10202, 2337, -61600, 3224, -10355, 32568
16877.0, 1099, -1016, 10202, 2337, -61600, 3224, -10355, 32587
16880.7, 1107, -1016, 10202, 2337, -61600, 3224, -10355, 32598
16885.0, 1168, -1391, 10587, 1169, -66684, -183, -19044, 32598
16888.7, 1122, -1391, 10587, 1169, -66684, -183, -19044, 32578
16892.9, 1134, -2303, 9578, 1739, -71156, -183, -19044, 32578
16896.6, 1088, -2303, 9578, 1739, -71156, -183, -19044, 32530
16898.9, 27, -2303, 9578, 1739, -71156, -183, -19044, 32530
16904.6, 1233, -2469, 8379, 589, -75539, 9620, -26924, 32549
16908.3, 1160, -2469, 8379, 589, -75539, 9620, -26924, 32537
16914.0, 1189, -1258, 10259, 1641, -70552, 28884, -26924, 32526
16917.8, 1114, -1258, 10259, 1641, -70552, 28884, -26924, 32517
16923.5, 1153, -948, 10961, 2166, -69476, 36549, -22098, 32504
16927.2, 1057, -948, 10961, 2166, -69476, 36549, -22098, 32493
16933.0, 1235, -1609, 9990, 2709, -71917, 40285, -20422, 32474
16936.7, 1143, -1609, 9990, 2709, -71917, 40285, -20422, 32451
16940.9, 1153, -2174, 10707, 2093, -73383, 45833, -25567, 32451
16944.6, 1185, -2174, 10707, 2093, -73383, 45833, -25567, 32434
16946.9, 29, -2174, 10707, 2093, -73383, 45833, -25567, 32434
16952.6, 1272, -1657, 9326, 3223, -81420, 48204, -28022, 32408
16956.3, 1169, -1657, 9326, 3223, -81420, 48204, -28022, 32387
16960.6, 1138, -2226, 9552, 3774, -88848, 47062, -28035, 32387
16964.3, 1195, -2226, 9552, 3774, -88848, 47062, -28035, 32357
16966.6, 30, -2226, 9552, 3774, -88848, 47062, -28035, 32357
16970.8, 1168, -2430, 8791, 3468, -98859, 47246, -33727, 32357
16974.6, 1150, -2430, 8791, 3468, -98859, 47246, -33727, 32352
16976.8, 27, -2430, 8791, 3468, -98859, 47246, -33727, 32352
16982.6, 1218, -1603, 8140, 3010, -108199, 61959, -40998, 32338
16986.3, 1143, -1603, 8140, 3010, -108199, 61959, -40998, 32312
16990.6, 1148, -1552, 8538, 3141, -104743, 75255, -41353, 32312
16994.4, 1142, -1552, 8538, 3141, -104743, 75255, -41353, 32337
16996.6, 28, -1552, 8538, 3141, -104743, 75255, -41353, 32337
17000.9, 1147, -1721, 8325, 4368, -81791, 73811, -30621, 32337
17004.6, 1176, -1721, 8325, 4368, -81791, 73811, -30621, 32353
17008.8, 1131, -1959, 8258, 4340, -60389, 49114, -31784, 32353
17012.6, 1144, -1959, 8258, 4340, -60389, 49114, -31784, 32368
17016.3, 1115, -1959, 8258, 4340, -60389, 49114, -31784, 32397
17020.6, 1123, -2962, 8184, 4476, -54662, 25791, -44796, 32397
17024.3, 1131, -2962, 8184, 4476, -54662, 25791, -44796, 32434
17028.5, 1090, -3453, 7191, 4019, -43015, 19022, -56552, 32434
17032.2, 1067, -3453, 7191, 4019, -43015, 19022, -56552, 32442
17036.0, 1067, -3453, 7191, 4019, -43015, 19022, -56552, 32516
17040.3, 1019, -3110, 6746, 2547, -38448, 26022, -64912, 32516
17044.0, 1069, -3110, 6746, 2547, -38448, 26022, -64912, 32567
17048.3, 945, -2826, 7253, 2639, -59990, 35954, -73365, 32567
17052.0, 1023, -2826, 7253, 2639, -59990, 35954, -73365, 32641
17055.7, 1023, -2826, 7253, 2639, -59990, 35954, -73365, 32719
17060.0, 855, -2728, 7639, 3624, -75294, 42643, -76257, 32719
17063.7, 1017, -2728, 7639, 3624, -75294, 42643, -76257, 32783
17067.9, 789, -2391, 7566, 4569, -73986, 42600, -71379, 32783
17071.7, 937, -2391, 7566, 4569, -73986, 42600, -71379, 32779
17074.0, 25, -2391, 7566, 4569, -73986, 42600, -71379, 32779
17079.7, 846, -1910, 7375, 4749, -71641, 32799, -65971, 32906
17083.5, 847, -1910, 7375, 4749, -71641, 32799, -65971, 32935
17087.7, 896, -1951, 6570, 4283, -62721, 20457, -65092, 32935
17091.4, 967, -1951, 6570, 4283, -62721, 20457, -65092, 32945
17093.7, 24, -1951, 6570, 4283, -62721, 20457, -65092, 32945
17099.5, 967, -2150, 7369, 2115, -74888, 30161, -66667, 33014
17101.7, 22, -2150, 7369, 2115, -74888, 30161, -66667, 33014
17106.0, 756, -3610, 6734, 1378, -95669, 71510, -66098, 33014
17109.7, 1033, -3610, 6734, 1378, -95669, 71510, -66098, 33028
17112.0, 25, -3610, 6734, 1378, -95669, 71510, -66098, 33028
17117.7, 1003, -3990, 5620, 3110, -102949, 113957, -62931, 33069
17121.4, 880, -3990, 5620, 3110, -102949, 113957, -62931, 33137
17125.7, 592, -3595, 5142, 6609, -97117, 111616, -67559, 33137
17129.4, 926, -3595, 5142, 6609, -97117, 111616, -67559, 33240
17131.7, 22, -3595, 5142, 6609, -97117, 111616, -67559, 33240
17135.9, 810, -3711, 5762, 7511, -91316, 67756, -75841, 33240
17139.6, 986, -3711, 5762, 7511, -91316, 67756, -75841, 33305
17141.9, 26, -3711, 5762, 7511, -91316, 67756, -75841, 33305
17147.6, 979, -4411, 6607, 5389, -102026, 24845, -75631, 33398
17151.3, 888, -4411, 6607, 5389, -102026, 24845, -75631, 33470
17155.6, 722, -4622, 6769, 5215, -103347, 3071, -66159, 33470
17159.3, 987, -4622, 6769, 5215, -103347, 3071, -66159, 33585
17161.6, 26, -4622, 6769, 5215, -103347, 3071, -66159, 33585
17165.8, 598, -4120, 6370, 4470, -103242, -9323, -61224, 33585
17169.6, 1007, -4120, 6370, 4470, -103242, -9323, -61224, 33669
17173.9, 813, -3774, 5905, 4462, -105697, -16511, -65910, 33669
17177.6, 1075, -3774, 5905, 4462, -105697, -16511, -65910, 33743
17181.3, 981, -3774, 5905, 4462, -105697, -16511, -65910, 32408
17185.6, 749, -3537, 5794, 5143, -99957, -16371, -73772, 32408
17189.3, 968, -3537, 5794, 5143, -99957, -16371, -73772, 33895
17193.6, 1066, -3502, 5367, 4131, -106235, -6300, -78453, 33895
17197.3, 984, -3502, 5367, 4131, -106235, -6300, -78453, 33960
17201.1, 914, -3502, 5367, 4131, -106235, -6300, -78453, 34054
17205.3, 817, -3647, 4721, 5145, -111629, 1430, -76848, 34054
17209.1, 1092, -3647, 4721, 5145, -111629, 1430, -76848, 34169
17213.3, 844, -4082, 4536, 6506, -105303, -5101, -73842, 34169
17217.0, 1025, -4082, 4536, 6506, -105303, -5101, -73842, 34303
17220.8, 1052, -4082, 4536, 6506, -105303, -5101, -73842, 34408
17225.0, 979, -4701, 4210, 3545, -113629, -7730, -70753, 34408
17228.7, 1218, -4701, 4210, 3545, -113629, -7730, -70753, 34595
17232.9, 834, -5337, 3726, 5000, -115064, 1623, -68631, 34595
17236.7, 1077, -5337, 3726, 5000, -115064, 1623, -68631, 34729
17239.0, 370, -5337, 3726, 5000, -115064, 1623, -68631, 34729
17244.7, 939, -5097, 3247, 6129, -113620, 3333, -76410, 34830
17248.5, 1074, -5097, 3247, 6129, -113620, 3333, -76410, 34908
17252.7, 923, -4721, 3344, 5749, -116932, -4576, -88975, 34908
17256.4, 1273, -4721, 3344, 5749, -116932, -4576, -88975, 34985
17258.7, 631, -4721, 3344, 5749, -116932, -4576, -88975, 34985
17264.5, 1198, -4906, 4089, 6373, -114289, -14726, -95905, 35089
17266.7, 67, -4906, 4089, 6373, -114289, -14726, -95905, 35089
17270.9, 792, -5280, 4060, 6242, -114014, -18519, -94711, 35089
17274.6, 1164, -5280, 4060, 6242, -114014, -18519, -94711, 35147
17276.9, 39, -5280, 4060, 6242, -114014, -18519, -94711, 35147
17282.6, 1170, -5233, 3387, 5932, -116648, -16704, -90340, 35204
17286.3, 964, -5233, 3387, 5932, -116648, -16704, -90340, 35241
17290.5, 753, -4928, 2567, 6044, -117807, -16463, -90743, 35241
17294.3, 1260, -4928, 2567, 6044, -117807, -16463, -90743, 35299
17296.5, 100, -4928, 2567, 6044, -117807, -16463, -90743, 35299
17300.8, 886, -4791, 2435, 6011, -118625, -15028, -96264, 35299
17304.6, 1303, -4791, 2435, 6011, -118625, -15028, -96264, 35323
17306.9, 89, -4791, 2435, 6011, -118625, -15028, -96264, 35323
17312.6, 1179, -4999, 2435, 6373, -120218, -6881, -100959, 35380
17316.3, 1033, -4999, 2435, 6373, -120218, -6881, -100959, 35370
17320.5, 1225, -5014, 2385, 6862, -124063, -1045, -102525, 35370
17324.3, 1064, -5014, 2385, 6862, -124063, -1045, -102525, 35382
17326.5, 62, -5014, 2385, 6862, -124063, -1045, -102525, 35382
17330.8, 1191, -5170, 2254, 7896, -124077, -6488, -102455, 35382
17334.5, 1262, -5170, 2254, 7896, -124077, -6488, -102455, 35392
17338.7, 1057, -5170, 2254, 7896, -118441, -14415, -100442, 35392
17342.5, 1278, -5170, 2254, 7896, -118441, -14415, -100442, 35420
17346.3, 992, -5170, 2254, 7896, -118441, -14415, -100442, 35419
17350.5, 860, -6011, 1879, 5178, -122099, -7682, -95210, 35419
17354.2, 1224, -6011, 1879, 5178, -122099, -7682, -95210, 35423
17358.5, 1022, -6011, 1879, 5178, -120878, -3237, -95604, 35423
17362.2, 1491, -6011, 1879, 5178, -120878, -3237, -95604, 35384
17366.0, 1156, -6011, 1879, 5178, -120878, -3237, -95604, 35433
17370.3, 966, -5468, 1185, 7826, -117715, -14271, -106183, 35433
17374.0, 1527, -5468, 1185, 7826, -117715, -14271, -106183, 35416
17378.3, 1277, -5468, 1185, 7826, -120559, -11138, -109591, 35416
17382.0, 1127, -5468, 1185, 7826, -120559, -11138, -109591, 35414
17385.7, 1232, -5468, 1185, 7826, -120559, -11138, -109591, 35391
17390.0, 1092, -5927, 882, 8480, -121211, -2926, -104034, 35391
17393.7, 1538, -5927, 882, 8480, -121211, -2926, -104034, 35388
17397.9, 1291, -5927, 882, 8480, -124540, -14617, -103277, 35388
17401.7, 1017, -5927, 882, 8480, -124540, -14617, -103277, 35392
17404.0, 30, -5927, 882, 8480, -124540, -14617, -103277, 35392
17409.7, 1025, -5526, 1241, 7289, -125682, -25887, -105281, 35374
17413.5, 1051, -5526, 1241, 7289, -125682, -25887, -105281, 35406
17419.2, 1008, -5526, 1241, 7289, -130810, -20523, -103816, 35337
17421.5, 64, -5526, 1241, 7289, -130810, -20523, -103816, 35337
17425.7, 1035, -5750, 1305, 6606, -130810, -20523, -103816, 35337
17429.4, 1465, -5750, 1305, 6606, -130810, -20523, -103816, 34544
17431.7, 711, -5750, 1305, 6606, -130810, -20523, -103816, 34544
17435.9, 1215, -5640, 641, 6966, -136764, -11646, -102529, 34544
17439.6, 1335, -5640, 641, 6966, -136764, -11646, -102529, 34533
17441.9, 71, -5640, 641, 6966, -136764, -11646, -102529, 34533
17447.6, 1097, -6020, 416, 7582, -133299, -11484, -103575, 34517
17451.3, 1185, -6020, 416, 7582, -133299, -11484, -103575, 34502
17455.6, 830, -6591, -135, 5759, -135150, -4681, -100937, 34502
17459.3, 1347, -6591, -135, 5759, -135150, -4681, -100937, 34434
17461.5, 103, -6591, -135, 5759, -135150, -4681, -100937, 34434
17465.8, 1058, -6598, -1158, 7466, -136567, 3495, -97476, 34434
17469.6, 1362, -6598, -1158, 7466, -136567, 3495, -97476, 34510
17471.8, 164, -6598, -1158, 7466, -136567, 3495, -97476, 34510
17477.6, 1058, -6077, -1559, 7782, -139000, -7144, -103579, 34469
17481.3, 1413, -6077, -1559, 7782, -139000, -7144, -103579, 34445
17485.6, 1138, -5836, -911, 7511, -140111, -23988, -114224, 34445
17489.3, 1075, -5836, -911, 7511, -140111, -23988, -114224, 34445
17491.6, 34, -5836, -911, 7511, -140111, -23988, -114224, 34445
17495.9, 1128, -5997, -417, 6923, -138663, -29474, -117453, 34445
17499.6, 1672, -5997, -417, 6923, -138663, -29474, -117453, 34439
17503.8, 1303, -6095, -965, 6984, -139927, -21065, -111559, 34439
17507.6, 1142, -6095, -965, 6984, -139927, -21065, -111559, 34981
17511.3, 1218, -6095, -965, 6984, -139927, -21065, -111559, 34435
17515.5, 1266, -5703, -2112, 6722, -142351, -11099, -105159, 34435
17519.3, 1099, -5703, -2112, 6722, -142351, -11099, -105159, 34402
17523.5, 1251, -5575, -2984, 8024, -142251, -10001, -105181, 34402
17527.2, 1521, -5575, -2984, 8024, -142251, -10001, -105181, 34387
17531.0, 1461, -5575, -2984, 8024, -142251, -10001, -105181, 34372
17535.2, 1244, -5927, -3260, 7846, -143025, -12744, -106607, 34372
17538.9, 1099, -5927, -3260, 7846, -143025, -12744, -106607, 34349
17543.1, 724, -5790, -3236, 7453, -143344, -10014, -105084, 34349
17546.9, 1263, -5790, -3236, 7453, -143344, -10014, -105084, 34295
17550.6, 1628, -5790, -3236, 7453, -143344, -10014, -105084, 34294
17554.8, 1013, -5411, -3552, 7313, -143344, -13921, -104397, 34294
17558.6, 1323, -5411, -3552, 7313, -143344, -13921, -104397, 34285
17562.8, 890, -5106, -3740, 6230, -143344, -22264, -104892, 34285
17566.5, 1140, -5106, -3740, 6230, -143344, -22264, -104892, 34269
17568.8, 338, -5106, -3740, 6230, -143344, -22264, -104892, 34269
17574.5, 1133, -4972, -4455, 6363, -142434, -24010, -103391, 34297
17578.2, 1235, -4972, -4455, 6363, -142434, -24010, -103391, 34244
17584.0, 1745, -4734, -5249, 5679, -142548, -20024, -101650, 34238
17586.2, 679, -4734, -5249, 5679, -142548, -20024, -101650, 34238
17588.5, 265, -4734, -5249, 5679, -142548, -20024, -101650, 34238
17594.2, 1589, -4660, -5834, 6494, -142719, -12210, -100224, 34219
17596.5, 1219, -4660, -5834, 6494, -142719, -12210, -100224, 34219
17600.8, 1265, -4482, -6231, 8164, -143204, -6855, -99375, 34219
17604.5, 1093, -4482, -6231, 8164, -143204, -6855, -99375, 34203
17606.8, 149, -4482, -6231, 8164, -143204, -6855, -99375, 34203
17612.5, 1027, -4512, -5952, 7718, -143344, -4943, -97861, 34180
17616.3, 1300, -4512, -5952, 7718, -143344, -4943, -97861, 34162
17620.5, 981, -5112, -5767, 6369, -143344, 1719, -95004, 34162
17624.2, 1788, -5112, -5767, 6369, -143344, 1719, -95004, 34151
17626.5, 823, -5112, -5767, 6369, -143344, 1719, -95004, 34151
17630.8, 1231, -5092, -5805, 5764, -143344, 9773, -92974, 34151
17634.6, 1689, -5092, -5805, 5764, -143344, 9773, -92974, 34135
17636.8, 522, -5092, -5805, 5764, -143344, 9773, -92974, 34135
17642.6, 1135, -4617, -6408, 6783, -143344, 7345, -96925, 34152
17646.3, 1460, -4617, -6408, 6783, -143344, 7345, -96925, 34070
17650.6, 1328, -4529, -6613, 7590, -143327, -6387, -103321, 34070
17654.3, 1219, -4529, -6613, 7590, -143327, -6387, -103321, 34073
17658.5, 726, -4505, -7001, 7596, -143252, -13645, -102752, 34073
17662.2, 1140, -4505, -7001, 7596, -143252, -13645, -102752, 34046
17666.0, 1365, -4505, -7001, 7596, -143252, -13645, -102752, 34042
17670.2, 1029, -4369, -7252, 6920, -143121, -14717, -95232, 34042
17673.9, 1542, -4369, -7252, 6920, -143121, -14717, -95232, 34021
17678.1, 963, -4222, -6939, 5184, -143270, -14341, -90192, 34021
17681.9, 1438, -4222, -6939, 5184, -143270, -14341, -90192, 34024
17685.6, 1899, -4222, -6939, 5184, -143270, -14341, -90192, 34024
17689.8, 1089, -4506, -6594, 5164, -143336, -10727, -89137, 34024
17693.6, 1438, -4506, -6594, 5164, -143336, -10727, -89137, 34039
17697.8, 1359, -4722, -7021, 4750, -143344, -1098, -89509, 34039
17701.5, 1083, -4722, -7021, 4750, -143344, -1098, -89509, 33999
17703.8, 57, -4722, -7021, 4750, -143344, -1098, -89509, 33999
17709.5, 1152, -4783, -7587, 5309, -143344, 10740, -90520, 33985
17713.2, 1379, -4783, -7587, 5309, -143344, 10740, -90520, 33974
17719.0, 914, -4344, -8012, 6327, -143344, 12643, -93101, 33957
17722.7, 1159, -4344, -8012, 6327, -143344, 12643, -93101, 33939
17728.4, 928, -3835, -7906, 6958, -143344, 4825, -94365, 33963
17732.1, 1296, -3835, -7906, 6958, -143344, 4825, -94365, 33909
17737.8, 1461, -3216, -7253, 6975, -143344, -11156, -92077, 33888
17741.5, 1050, -3216, -7253, 6975, -143344, -11156, -92077, 33889
17745.8, 1430, -3297, -7144, 6906, -143344, -28249, -84626, 33889
17749.8, 1792, -3297, -7144, 6906, -143344, -28249, -84626, 33889
17752.1, 262, -3297, -7144, 6906, -143344, -28249, -84626, 33889
17757.8, 1034, -4281, -7189, 4389, -143344, -30196, -72630, 33869
17761.5, 1282, -4281, -7189, 4389, -143344, -30196, -72630, 33855
17765.8, 1266, -4707, -8702, 2414, -143344, -6829, -61338, 33855
17769.5, 1408, -4707, -8702, 2414, -143344, -6829, -61338, 33826
17771.8, 424, -4707, -8702, 2414, -143344, -6829, -61338, 33826
17777.5, 1064, -5272, -9572, 3875, -143344, 12976, -63937, 33812
17781.3, 1134, -5272, -9572, 3875, -143344, 12976, -63937, 33798
17785.5, 1226, -5150, -9731, 3916, -143344, 21643, -74914, 33798
17789.3, 1915, -5150, -9731, 3916, -143344, 21643, -74914, 33751
17791.5, 743, -5150, -9731, 3916, -143344, 21643, -74914, 33751
17795.8, 969, -4798, -9552, 6544, -143344, 15255, -86285, 33751
17799.6, 1112, -4798, -9552, 6544, -143344, 15255, -86285, 33777
17803.8, 770, -3565, -8854, 6386, -143344, -8395, -93906, 33777
17807.5, 1075, -3565, -8854, 6386, -143344, -8395, -93906, 33756
17811.3, 1572, -3565, -8854, 6386, -143344, -8395, -93906, 33721
17815.5, 1191, -2901, -8780, 5124, -143344, -31815, -92182, 33721
17819.3, 1243, -2901, -8780, 5124, -143344, -31815, -92182, 33694
17823.5, 928, -2644, -9262, 2645, -143344, -45137, -83940, 33694
17827.2, 1171, -2644, -9262, 2645, -143344, -45137, -83940, 33718
17831.0, 1404, -2644, -9262, 2645, -143344, -45137, -83940, 33721
17835.3, 1130, -3145, -10306, 2575, -143344, -45356, -74831, 33721
17839.0, 1302, -3145, -10306, 2575, -143344, -45356, -74831, 33709
17843.3, 1178, -3212, -11066, 808, -143344, -30459, -65556, 33709
17847.0, 1642, -3212, -11066, 808, -143344, -30459, -65556, 33736
17850.7, 1701, -3212, -11066, 808, -143344, -30459, -65556, 33752
17855.0, 747, -2810, -11300, -570, -143344, -10434, -60310, 33752
17858.7, 857, -2810, -11300, -570, -143344, -10434, -60310, 33705
17862.9, 837, -1842, -11363, -240, -142955, -7078, -63989, 33705
17866.6, 1427, -1842, -11363, -240, -142955, -7078, -63989, 33695
17868.9, 318, -1842, -11363, -240, -142955, -7078, -63989, 33695
17874.6, 1645, -725, -11540, -1868, -134349, -14380, -71379, 33690
17878.4, 1537, -725, -11540, -1868, -134349, -14380, -71379, 33680
17884.1, 1091, -212, -11420, -2793, -121775, -9310, -70775, 33656
17887.8, 1137, -212, -11420, -2793, -121775, -9310, -70775, 33637
17893.5, 1045, -143, -11917, -1096, -108493, 1986, -60800, 33621
17897.3, 1256, -143, -11917, -1096, -108493, 1986, -60800, 33633
17903.0, 1238, -266, -12159, -716, -99130, 7122, -47889, 33625
17906.7, 1292, -266, -12159, -716, -99130, 7122, -47889, 33624
17912.4, 1317, -266, -12159, -690, -92593, 10775, -36225, 33628
17916.1, 1312, -266, -12159, -690, -92593, 10775, -36225, 33639
17920.4, 1276, -457, -12333, -690, -86941, 13851, -29221, 33639
17924.1, 1343, -457, -12333, -690, -86941, 13851, -29221, 33644
17926.4, 458, -457, -12333, -690, -86941, 13851, -29221, 33644
17930.6, 1962, -1061, -11979, 571, -82496, 11659, -27751, 33644
17934.3, 1357, -1061, -11979, 571, -82496, 11659, -27751, 33675
17936.6, 84, -1061, -11979, 571, -82496, 11659, -27751, 33675
17940.8, 1046, -2140, -11512, 1759, -78576, 1347, -29894, 33675
17944.5, 1277, -2140, -11512, 1759, -78576, 1347, -29894, 33646
17946.8, 425, -2140, -11512, 1759, -78576, 1347, -29894, 33646
17951.0, 1465, -2550, -11497, 1139, -73098, -10062, -33793, 33646
17954.7, 1422, -2550, -11497, 1139, -73098, -10062, -33793, 33641
17957.0, 298, -2550, -11497, 1139, -73098, -10062, -33793, 33641
17962.7, 1294, -2431, -11328, -232, -70149, -11922, -36934, 33634
17966.4, 1273, -2431, -11328, -232, -70149, -11922, -36934, 33645
17970.7, 1281, -1842, -11403, -1125, -68736, -7078, -39078, 33645
17974.4, 1374, -1842, -11403, -1125, -68736, -7078, -39078, 33652
17978.6, 963, -1842, -11403, -1125, -68736, -7078, -39078, 33652
17982.3, 1189, -1842, -11403, -1125, -68736, -7078, -39078, 33619
17986.1, 1315, -1842, -11403, -1125, -68736, -7078, -39078, 33647
17990.3, 994, -1616, -10826, 382, -52719, -16082, -37183, 33647
17994.0, 1163, -1616, -10826, 382, -52719, -16082, -37183, 33650
17998.2, 816, -1616, -10826, 382, -52719, -16082, -37183, 33650
18002.0, 1183, -1616, -10826, 382, -52719, -16082, -37183, 33645
18005.8, 1256, -1616, -10826, 382, -52719, -16082, -37183, 33611
18010.0, 1107, -1624, -10422, 709, -43055, -27309, -17434, 33611
18013.8, 1147, -1624, -10422, 709, -43055, -27309, -17434, 33649
18018.0, 1035, -1624, -10422, 709, -43055, -27309, -17434, 33649
18021.7, 1222, -1624, -10422, 709, -43055, -27309, -17434, 33664
18024.0, 43, -1624, -10422, 709, -43055, -27309, -17434, 33664
18029.7, 1016, -1706, -10696, 132, -34213, -20978, -13689, 33676
18033.5, 1101, -1706, -10696, 132, -34213, -20978, -13689, 33693
18037.7, 972, -1706, -10696, 132, -34213, -20978, -13689, 33693
18041.4, 1226, -1706, -10696, 132, -34213, -20978, -13689, 33663
18043.7, 42, -1706, -10696, 132, -34213, -20978, -13689, 33663
18049.4, 1020, -2028, -10951, 1476, -26652, -15028, -9231, 33346
18053.1, 1170, -2028, -10951, 1476, -26652, -15028, -9231, 33328
18058.8, 843, -2028, -10951, 2410, -22763, -24229, -3955, 33328
18062.5, 1080, -2028, -10951, 2410, -22763, -24229, -3955, 33294
18068.2, 1189, -2221, -10713, 2410, -22763, -24229, -3955, 33283
18072.0, 1160, -2221, -10713, 2410, -22763, -24229, -3955, 33299
18077.7, 1141, -2696, -10507, 1789, -20449, -35153, 1767, 33261
18081.5, 1055, -2696, -10507, 1789, -20449, -35153, 1767, 33242
18085.7, 875, -3199, -10274, 1474, -13886, -41733, 5398, 33242
18089.4, 1037, -3199, -10274, 1474, -13886, -41733, 5398, 33236
18091.7, 39, -3199, -10274, 1474, -13886, -41733, 5398, 33236
18095.9, 990, -3103, -10370, 495, -11392, -41611, 9384, 33236
18099.6, 1138, -3103, -10370, 495, -11392, -41611, 9384, 33183
18101.9, 44, -3103, -10370, 495, -11392, -41611, 9384, 33183
18107.6, 1193, -2919, -10534, 408, -12320, -43107, 7061, 33227
18111.3, 1177, -2919, -10534, 408, -12320, -43107, 7061, 33155
18115.6, 1023, -2363, -10540, 3, -7949, -47640, 1054, 33155
18119.3, 1015, -2363, -10540, 3, -7949, -47640, 1054, 33195
18121.6, 35, -2363, -10540, 3, -7949, -47640, 1054, 33195
18125.9, 1126, -1994, -10179, -111, -5740, -51284, 1386, 33195
18129.6, 1080, -1994, -10179, -111, -5740, -51284, 1386, 33190
18133.8, 910, -1453, -10025, 32, -1303, -51582, 7542, 33190
18137.6, 1141, -1453, -10025, 32, -1303, -51582, 7542, 33172
18141.3, 1125, -1453, -10025, 32, -1303, -51582, 7542, 33192
18145.5, 1055, -625, -10331, -163, 564, -50663, 10066, 33192
18149.3, 1046, -625, -10331, -163, 564, -50663, 10066, 33163
18153.5, 994, -52, -10231, -1003, 503, -45448, 8758, 33163
18157.2, 1141, -52, -10231, -1003, 503, -45448, 8758, 33614
18161.0, 1159, -52, -10231, -1003, 503, -45448, 8758, 33149
18165.3, 927, 78, -10505, -1779, -3591, -32388, 8859, 33149
18169.0, 1070, 78, -10505, -1779, -3591, -32388, 8859, 33143
18173.3, 736, -401, -10515, -1884, -2826, -15010, 12223, 33143
18177.0, 1212, -401, -10515, -1884, -2826, -15010, 12223, 33138
18180.7, 1182, -401, -10515, -1884, -2826, -15010, 12223, 33155
18185.0, 1086, -736, -10903, -1652, -1986, -577, 17058, 33155
18188.7, 1119, -736, -10903, -1652, -1986, -577, 17058, 33120
18192.9, 949, -1293, -10700, -558, -1456, 10360, 21862, 33120
18196.7, 1097, -1293, -10700, -558, -1456, 10360, 21862, 33104
18199.0, 37, -1293, -10700, -558, -1456, 10360, 21862, 33104
18204.7, 919, -1822, -10538, 980, -621, 12215, 24951, 33103
18208.5, 1098, -1822, -10538, 980, -621, 12215, 24951, 33074
18212.7, 873, -2169, -10448, 1261, -2887, 3591, 23428, 33074
18216.4, 1174, -2169, -10448, 1261, -2887, 3591, 23428, 33079
18218.7, 42, -2169, -10448, 1261, -2887, 3591, 23428, 33079
18224.5, 1184, -2415, -10471, 1155, -1885, -11685, 17102, 33075
18226.7, 38, -2415, -10471, 1155, -1885, -11685, 17102, 33075
18231.0, 1154, -2362, -10295, 1417, -1697, -25979, 11116, 33075
18234.7, 1160, -2362, -10295, 1417, -1697, -25979, 11116, 33063
18237.0, 39, -2362, -10295, 1417, -1697, -25979, 11116, 33063
18242.7, 1260, -1826, -10280, 757, -2747, -34055, 8172, 33062
18246.4, 1173, -1826, -10280, 757, -2747, -34055, 8172, 33051
18250.7, 950, -1482, -10173, 5, -5648, -35074, 7621, 33051
18254.4, 1075, -1482, -10173, 5, -5648, -35074, 7621, 33046
18256.7, 35, -1482, -10173, 5, -5648, -35074, 7621, 33046
18260.9, 1069, -1291, -10004, -130, -5341, -32664, 7280, 33046
18264.6, 1113, -1291, -10004, -130, -5341, -32664, 7280, 33032
18266.9, 35, -1291, -10004, -130, -5341, -32664, 7280, 33032
18272.6, 1271, -1371, -9830, -115, -2983, -29855, 6221, 33025
18276.3, 1167, -1371, -9830, -115, -2983, -29855, 6221, 33017
18280.6, 922, -1478, -9603, -590, -5175, -21792, 5643, 33017
18284.3, 1107, -1478, -9603, -590, -5175, -21792, 5643, 33020
18286.5, 35, -1478, -9603, -590, -5175, -21792, 5643, 33020
18290.8, 878, -1465, -9502, -485, -6129, -8496, 5967, 33020
18294.5, 1042, -1465, -9502, -485, -6129, -8496, 5967, 33035
18298.7, 1002, -1168, -9465, 508, -6094, 8, 4501, 33035
18302.5, 1146, -1168, -9465, 508, -6094, 8, 4501, 33006
18306.2, 1063, -1168, -9465, 508, -6094, 8, 4501, 33002
18310.4, 914, -968, -9154, 531, -10277, 1264, 2051, 33002
18314.1, 1115, -968, -9154, 531, -10277, 1264, 2051, 32991
18318.3, 1008, -1324, -9114, 711, -14621, 2624, 3591, 32991
18322.1, 1172, -1324, -9114, 711, -14621, 2624, 3591, 32979
18325.8, 1131, -1324, -9114, 711, -14621, 2624, 3591, 32977
18330.1, 948, -1841, -9669, 858, -14498, 349, 6111, 32977
