timestamp, 1731, 395, -9955, 988, 8190, 7918, 8885, 38549
4100.0, 1524, 361, -10024, 983, 9003, 7280, 8413, 38549
4103.7, 1619, 361, -10024, 983, 9003, 7280, 8413, 38608
4108.0, 1503, 317, -10036, 1030, 9253, 5718, 8413, 38608
4111.8, 1201, 317, -10036, 1030, 9253, 5718, 8413, 38599
4115.5, 1471, 317, -10036, 1030, 9253, 5718, 8413, 38594
4119.8, 1717, 358, -10067, 1198, 9861, 3508, 7940, 38594
4123.5, 1866, 358, -10067, 1198, 9861, 3508, 7940, 38582
4127.7, 2008, 520, -10049, 911, 11663, 1159, 7940, 38582
4131.5, 1574, 520, -10049, 911, 11663, 1159, 7940, 38618
4133.8, 1096, 520, -10049, 911, 11663, 1159, 7940, 38618
4139.6, 1710, 634, -10022, 882, 13081, 4917, 9450, 38616
4143.3, 1648, 634, -10022, 882, 13081, 4917, 9450, 38470
4149.0, 1682, 585, -9989, 999, 13470, 4917, 9450, 38679
4152.7, 1733, 585, -9989, 999, 13470, 4917, 9450, 38433
4158.5, 1709, 342, -9976, 1245, 13497, 5088, 9082, 38465
4160.7, 1407, 342, -9976, 1245, 13497, 5088, 9082, 38465
4163.0, 1188, 342, -9976, 1245, 13497, 5088, 9082, 38465
4168.7, 1611, 204, -9879, 1384, 14065, 2073, 7253, 38458
4170.9, 1109, 204, -9879, 1384, 14065, 2073, 7253, 38458
4173.2, 1413, 204, -9879, 1384, 14065, 2073, 7253, 38458
4178.9, 1401, 142, -9936, 1292, 15741, -1316, 6523, 38439
4181.2, 1043, 142, -9936, 1292, 15741, -1316, 6523, 38439
4185.5, 1268, 262, -10073, 1082, 17421, -4103, 7336, 38439
4189.2, 1524, 262, -10073, 1082, 17421, -4103, 7336, 38432
4191.5, 1511, 262, -10073, 1082, 17421, -4103, 7336, 38432
4195.7, 1894, 590, -10118, 774, 19097, -4808, 8631, 38432
4199.4, 1650, 590, -10118, 774, 19097, -4808, 8631, 38424
4201.7, 1451, 590, -10118, 774, 19097, -4808, 8631, 38424
4205.9, 1789, 818, -10035, 1058, 20422, -1658, 10136, 38424
4209.6, 1791, 818, -10035, 1058, 20422, -1658, 10136, 38425
4211.9, 1501, 818, -10035, 1058, 20422, -1658, 10136, 38425
4217.6, 1525, 732, -9960, 1152, 20912, 1640, 10154, 38406
4221.3, 1685, 732, -9960, 1152, 20912, 1640, 10154, 38405
4225.6, 1727, 437, -9942, 1075, 21280, 2292, 8570, 38405
4229.3, 1475, 437, -9942, 1075, 21280, 2292, 8570, 38406
4231.5, 1554, 437, -9942, 1075, 21280, 2292, 8570, 38406
4235.8, 1530, 229, -9929, 1624, 22212, 17, 7144, 38406
4239.6, 1899, 229, -9929, 1624, 22212, 17, 7144, 38401
4243.8, 1787, 157, -10009, 1579, 22925, -5241, 6514, 38401
4247.5, 1677, 157, -10009, 1579, 22925, -5241, 6514, 38398
4251.3, 1196, 157, -10009, 1579, 22925, -5241, 6514, 38392
4255.5, 1146, 307, -10131, 1471, 24461, -7848, 7433, 38392
4259.3, 1633, 307, -10131, 1471, 24461, -7848, 7433, 38583
4263.5, 1924, 336, -10274, 1459, 26902, -6278, 9086, 38583
4267.2, 2093, 336, -10274, 1459, 26902, -6278, 9086, 38396
4271.0, 1710, 336, -10274, 1459, 26902, -6278, 9086, 38371
4275.3, 1372, 393, -10202, 1478, 28971, -3683, 8999, 38371
4279.0, 1263, 393, -10202, 1478, 28971, -3683, 8999, 38356
4283.3, 2053, 463, -10055, 1809, 30778, -4396, 6146, 38356
4287.0, 2065, 463, -10055, 1809, 30778, -4396, 6146, 38348
4290.7, 1953, 463, -10055, 1809, 30778, -4396, 6146, 38330
4295.0, 1380, 262, -10004, 1835, 30778, -8124, 3101, 38330
4298.7, 1820, 262, -10004, 1835, 30778, -8124, 3101, 38310
4303.0, 1375, 200, -10143, 1828, 31264, -10408, 503, 38310
4306.8, 1199, 200, -10143, 1828, 31264, -10408, 503, 38317
4310.5, 1032, 200, -10143, 1828, 31264, -10408, 503, 38317
4314.8, 2086, 259, -10210, 2045, 33749, -10548, -419, 38317
4318.5, 2003, 259, -10210, 2045, 33749, -10548, -419, 38312
4322.8, 1460, 230, -10283, 1973, 37713, -10517, 577, 38312
4326.5, 1543, 230, -10283, 1973, 37713, -10517, 577, 38339
4330.7, 2061, 341, -10176, 1592, 40255, -11130, 1229, 38339
4334.4, 1735, 341, -10176, 1592, 40255, -11130, 1229, 38293
4336.7, 1337, 341, -10176, 1592, 40255, -11130, 1229, 38293
4340.9, 1503, 560, -10194, 1911, 42009, -11497, 1001, 38293
4344.6, 1393, 560, -10194, 1911, 42009, -11497, 1001, 38303
4346.9, 1079, 560, -10194, 1911, 42009, -11497, 1001, 38303
4352.6, 1789, 504, -10292, 2312, 44175, -11983, 826, 38293
4356.3, 1682, 504, -10292, 2312, 44175, -11983, 826, 38287
4360.6, 1218, 190, -10429, 2216, 47307, -11226, 100, 38287
4364.3, 1620, 190, -10429, 2216, 47307, -11226, 100, 38285
4366.5, 2284, 190, -10429, 2216, 47307, -11226, 100, 38285
4370.8, 2128, 71, -10283, 1944, 49083, -9406, -783, 38285
4374.6, 1326, 71, -10283, 1944, 49083, -9406, -783, 38293
4376.8, 837, 71, -10283, 1944, 49083, -9406, -783, 38293
4382.6, 1386, 305, -10094, 2222, 49315, -8273, -809, 38273
4386.3, 1912, 305, -10094, 2222, 49315, -8273, -809, 38289
4390.5, 2017, 425, -9963, 2827, 49840, -10106, -223, 38289
4394.3, 1807, 425, -9963, 2827, 49840, -10106, -223, 38279
4396.5, 1495, 425, -9963, 2827, 49840, -10106, -223, 38279
4400.8, 1729, 333, -9759, 2172, 49888, -14197, -249, 38279
4404.5, 1712, 333, -9759, 2172, 49888, -14197, -249, 38263
4408.7, 1524, 177, -9729, 2788, 48449, -14783, -144, 38263
4412.5, 1518, 177, -9729, 2788, 48449, -14783, -144, 38264
4416.3, 1879, 177, -9729, 2788, 48449, -14783, -144, 38263
4420.5, 2116, -17, -9827, 2928, 47797, -13978, -380, 38263
4424.2, 1595, -17, -9827, 2928, 47797, -13978, -380, 38259
4428.5, 1020, 46, -9943, 3117, 47692, -14170, -1911, 38259
4432.2, 1038, 46, -9943, 3117, 47692, -14170, -1911, 38257
4436.0, 1613, 46, -9943, 3117, 47692, -14170, -1911, 38262
4440.2, 1695, 110, -9651, 3192, 46174, -14932, -3062, 38262
4443.9, 1646, 110, -9651, 3192, 46174, -14932, -3062, 38267
4448.1, 1611, 36, -9662, 3113, 45050, -15505, -3920, 38267
4451.9, 1649, 36, -9662, 3113, 45050, -15505, -3920, 38304
4455.6, 1700, 36, -9662, 3113, 45050, -15505, -3920, 38292
4459.8, 1965, 41, -9433, 2846, 45435, -12923, -4598, 38292
4463.6, 1821, 41, -9433, 2846, 45435, -12923, -4598, 38306
4467.8, 1713, 267, -9457, 3029, 44109, -12263, -4650, 38306
4471.5, 1846, 267, -9457, 3029, 44109, -12263, -4650, 38320
4473.8, 1434, 267, -9457, 3029, 44109, -12263, -4650, 38320
4479.5, 1238, 197, -9292, 3383, 42950, -14892, -4073, 38340
4483.2, 1723, 197, -9292, 3383, 42950, -14892, -4073, 38345
4489.0, 1716, 172, -9407, 3573, 41655, -16476, -3657, 38408
4491.2, 1394, 172, -9407, 3573, 41655, -16476, -3657, 38408
4493.5, 1213, 172, -9407, 3573, 41655, -16476, -3657, 38408
4499.2, 1524, 95, -9633, 3087, 42608, -16638, -4186, 38384
4501.4, 1624, 95, -9633, 3087, 42608, -16638, -4186, 38384
4505.7, 2057, 100, -9540, 3238, 42425, -17964, -5350, 38384
4509.4, 1412, 100, -9540, 3238, 42425, -17964, -5350, 38392
4511.7, 1030, 100, -9540, 3238, 42425, -17964, -5350, 38392
4517.4, 1269, 188, -9457, 3294, 41611, -20510, -5468, 38399
4521.1, 1232, 188, -9457, 3294, 41611, -20510, -5468, 38409
4525.4, 1599, 176, -9482, 3359, 40491, -21940, -4488, 38409
4529.1, 1870, 176, -9482, 3359, 40491, -21940, -4488, 38420
4531.4, 1639, 176, -9482, 3359, 40491, -21940, -4488, 38420
4535.6, 1832, 99, -9323, 2880, 40561, -20330, -2909, 38420
4539.3, 2133, 99, -9323, 2880, 40561, -20330, -2909, 38442
4541.6, 2225, 99, -9323, 2880, 40561, -20330, -2909, 38442
4545.8, 1743, 197, -9392, 3382, 39677, -18996, -1924, 38442
4549.5, 1821, 197, -9392, 3382, 39677, -18996, -1924, 38449
4553.8, 960, 197, -9392, 3382, 38102, -20904, -2156, 38449
4557.5, 842, 197, -9392, 3382, 38102, -20904, -2156, 38457
4561.3, 1867, 197, -9392, 3382, 38102, -20904, -2156, 38455
4565.6, 1936, 495, -9497, 3631, 37489, -21805, -2992, 38455
4569.3, 1276, 495, -9497, 3631, 37489, -21805, -2992, 38465
4573.6, 1110, 495, -9497, 3631, 36829, -18265, -3255, 38465
4577.3, 1683, 495, -9497, 3631, 36829, -18265, -3255, 38463
4581.0, 1722, 495, -9497, 3631, 36829, -18265, -3255, 38467
4585.3, 1742, 427, -9123, 3278, 34493, -14210, -3189, 38467
4589.0, 2200, 427, -9123, 3278, 34493, -14210, -3189, 38477
4593.3, 1644, 427, -9123, 3278, 32012, -12928, -3062, 38477
4597.0, 1472, 427, -9123, 3278, 32012, -12928, -3062, 38474
4600.8, 1455, 427, -9123, 3278, 32012, -12928, -3062, 38490
4605.0, 1364, 333, -9071, 3519, 29579, -12565, -2415, 38490
4608.8, 1481, 333, -9071, 3519, 29579, -12565, -2415, 38479
4613.0, 1714, 333, -9071, 3519, 28035, -12097, -1824, 38479
4616.7, 2077, 333, -9071, 3519, 28035, -12097, -1824, 38519
4620.5, 1888, 333, -9071, 3519, 28035, -12097, -1824, 38526
4624.7, 1697, 271, -9080, 3388, 26600, -11537, -1579, 38526
4628.4, 1652, 271, -9080, 3388, 26600, -11537, -1579, 38512
4634.2, 1422, 429, -9112, 3832, 24355, -13339, -1894, 38507
4637.9, 1291, 429, -9112, 3832, 24355, -13339, -1894, 38537
4643.6, 1576, 429, -9112, 3832, 24355, -13339, -2091, 38546
4645.8, 1276, 429, -9112, 3832, 24355, -13339, -2091, 38546
4648.1, 1386, 429, -9112, 3832, 24355, -13339, -2091, 38546
4653.8, 1635, 477, -9142, 3930, 22430, -14533, -1741, 38549
4656.0, 1312, 477, -9142, 3930, 22430, -14533, -1741, 38549
4658.3, 1598, 477, -9142, 3930, 22430, -14533, -1741, 38549
4664.0, 2310, 416, -9132, 3473, 21267, -9918, -1872, 38560
4666.3, 1505, 416, -9132, 3473, 21267, -9918, -1872, 38560
4670.5, 680, 546, -9147, 3428, 21267, -9918, -1872, 38560
4674.3, 1285, 546, -9147, 3428, 21267, -9918, -1872, 39763
4676.6, 1869, 546, -9147, 3428, 21267, -9918, -1872, 39763
4680.8, 1754, 681, -9033, 3400, 20667, -7918, -2310, 39763
4684.5, 1134, 681, -9033, 3400, 20667, -7918, -2310, 39816
4686.8, 1006, 681, -9033, 3400, 20667, -7918, -2310, 39816
4691.0, 1581, 708, -8994, 3501, 21442, -8478, -1636, 39816
4694.7, 1935, 708, -8994, 3501, 21442, -8478, -1636, 39898
4697.0, 1684, 708, -8994, 3501, 21442, -8478, -1636, 39898
4702.7, 1351, 573, -9080, 3465, 21687, -8553, -446, 39976
4706.4, 1672, 573, -9080, 3465, 21687, -8553, -446, 40044
4710.7, 1674, 674, -9199, 3617, 21739, -9030, 144, 40044
4714.4, 1801, 674, -9199, 3617, 21739, -9030, 144, 40106
4716.7, 1602, 674, -9199, 3617, 21739, -9030, 144, 40106
4721.0, 1809, 707, -9139, 3639, 22255, -9231, 1487, 40106
4724.7, 1684, 707, -9139, 3639, 22255, -9231, 1487, 40166
4728.9, 2490, 646, -8951, 3538, 21446, -7065, 1487, 40166
4732.7, 1716, 646, -8951, 3538, 21446, -7065, 1487, 40242
4736.5, 1496, 646, -8951, 3538, 21446, -7065, 1487, 40268
4740.7, 1180, 700, -8879, 3696, 20409, -4720, 1146, 40268
4744.5, 917, 700, -8879, 3696, 20409, -4720, 1146, 40291
4748.7, 1856, 812, -8827, 4204, 18357, -3609, 1146, 40291
4752.5, 1831, 812, -8827, 4204, 18357, -3609, 1146, 40343
4756.2, 1588, 812, -8827, 4204, 18357, -3609, 1146, 40388
4760.5, 1193, 725, -8774, 3951, 16603, -2401, 555, 40388
4764.2, 1379, 725, -8774, 3951, 16603, -2401, 555, 40415
4768.4, 1862, 624, -8767, 3836, 14555, 1544, 555, 40415
4772.1, 1870, 624, -8767, 3836, 14555, 1544, 555, 40438
4775.9, 1918, 624, -8767, 3836, 14555, 1544, 555, 40479
4780.1, 1993, 588, -8760, 4170, 12801, 4318, -1679, 40479
4783.8, 1668, 588, -8760, 4170, 12801, 4318, -1679, 40471
4788.1, 1766, 595, -8669, 3986, 10784, 3863, -1679, 40471
4791.8, 1202, 595, -8669, 3986, 10784, 3863, -1679, 40510
4794.1, 1016, 595, -8669, 3986, 10784, 3863, -1679, 40510
4799.8, 2091, 713, -8618, 4135, 9646, 2174, -2178, 40543
4803.6, 1541, 713, -8618, 4135, 9646, 2174, -2178, 40575
4807.8, 1237, 704, -8752, 4204, 9607, 1986, -1579, 40575
4811.5, 1718, 704, -8752, 4204, 9607, 1986, -1579, 38820
4815.8, 1883, 612, -8894, 4023, 9213, 4672, -1150, 38820
4819.5, 1295, 612, -8894, 4023, 9213, 4672, -1150, 40593
4821.8, 1144, 612, -8894, 4023, 9213, 4672, -1150, 40593
4826.0, 1489, 600, -8889, 3997, 8903, 7892, -1854, 40593
4829.7, 1829, 600, -8889, 3997, 8903, 7892, -1854, 40611
4832.0, 1509, 600, -8889, 3997, 8903, 7892, -1854, 40611
4837.7, 1383, 744, -8812, 4119, 8579, 8960, -3001, 40636
4841.4, 1608, 744, -8812, 4119, 8579, 8960, -3001, 40695
4845.6, 1727, 745, -8811, 4251, 7923, 8054, -3377, 40695
4849.4, 1636, 745, -8811, 4251, 7923, 8054, -3377, 40677
4851.7, 1506, 745, -8811, 4251, 7923, 8054, -3377, 40677
4856.0, 1730, 529, -8849, 4018, 8058, 7783, -2808, 40677
4859.7, 1518, 529, -8849, 4018, 8058, 7783, -2808, 40687
4862.0, 1275, 529, -8849, 4018, 8058, 7783, -2808, 40687
4867.7, 2006, 474, -8868, 4021, 7866, 9021, -1986, 40688
4871.4, 1941, 474, -8868, 4021, 7866, 9021, -1986, 40703
4875.7, 1892, 509, -8895, 4379, 7783, 8203, -1623, 40703
4879.4, 1859, 509, -8895, 4379, 7783, 8203, -1623, 40720
4883.6, 688, 448, -8904, 4135, 7393, 6273, -2038, 40720
4887.3, 675, 448, -8904, 4135, 7393, 6273, -2038, 40744
4891.0, 2092, 448, -8904, 4135, 7393, 6273, -2038, 40696
4895.3, 2190, 377, -8983, 4526, 7577, 5792, -2275, 40696
4899.0, 1602, 377, -8983, 4526, 7577, 5792, -2275, 40762
4903.2, 1290, 207, -9050, 4137, 7441, 6225, -2511, 40762
4907.0, 1376, 207, -9050, 4137, 7441, 6225, -2511, 40754
4910.8, 1497, 207, -9050, 4137, 7441, 6225, -2511, 40783
4915.0, 1655, 294, -9058, 4027, 7284, 7546, -2970, 40783
4918.8, 1934, 294, -9058, 4027, 7284, 7546, -2970, 40809
4923.0, 2386, 564, -9052, 4256, 7319, 7577, -3220, 40809
4926.7, 1528, 564, -9052, 4256, 7319, 7577, -3220, 40823
4929.0, 1187, 564, -9052, 4256, 7319, 7577, -3220, 40823
4934.8, 1127, 522, -9060, 4106, 7135, 6715, -2393, 40044
4938.5, 1767, 522, -9060, 4106, 7135, 6715, -2393, 40857
4942.7, 2054, 498, -9068, 4205, 7258, 6295, -896, 40857
4946.5, 1764, 498, -9068, 4205, 7258, 6295, -896, 40829
4948.8, 1341, 498, -9068, 4205, 7258, 6295, -896, 40829
4954.5, 1495, 523, -9022, 4412, 7315, 5166, -21, 40865
4958.2, 2185, 523, -9022, 4412, 7315, 5166, -21, 40891
4964.0, 1845, 413, -8998, 4557, 6873, 3605, 113, 40900
4967.7, 948, 413, -8998, 4557, 6873, 3605, 113, 40888
4973.4, 1370, 283, -8973, 4685, 6116, 2944, -30, 40926
4977.1, 2056, 283, -8973, 4685, 6116, 2944, -30, 40947
4982.9, 2088, 269, -9041, 4599, 6151, 3648, -822, 40963
4986.6, 958, 269, -9041, 4599, 6151, 3648, -822, 41013
4990.9, 1018, 401, -8987, 4280, 6278, 5140, -1863, 41013
4994.7, 1377, 401, -8987, 4280, 6278, 5140, -1863, 41026
4997.0, 1455, 401, -8987, 4280, 6278, 5140, -1863, 41026
5002.7, 2163, 579, -8938, 4479, 6619, 5578, -2388, 41036
5006.4, 1787, 579, -8938, 4479, 6619, 5578, -2388, 41056
5010.6, 1057, 574, -8834, 4376, 8168, 6676, -1522, 41056
5014.4, 2391, 574, -8834, 4376, 8168, 6676, -1522, 41045
5016.6, 2364, 574, -8834, 4376, 8168, 6676, -1522, 41045
5020.9, 1020, 626, -8894, 4472, 9231, 8430, -284, 41045
5024.7, 1122, 626, -8894, 4472, 9231, 8430, -284, 41090
5028.9, 1659, 520, -9006, 4858, 10430, 7188, 245, 41090
5032.6, 1217, 520, -9006, 4858, 10430, 7188, 245, 41111
5036.4, 1270, 520, -9006, 4858, 10430, 7188, 245, 41129
5040.6, 1840, 343, -9096, 4634, 11803, 5324, 363, 41129
5044.4, 2032, 343, -9096, 4634, 11803, 5324, 363, 41168
5048.6, 1962, 339, -9056, 4663, 13413, 4939, 682, 41168
5052.3, 1856, 339, -9056, 4663, 13413, 4939, 682, 41151
5056.1, 1499, 339, -9056, 4663, 13413, 4939, 682, 41172
5060.3, 1479, 453, -8990, 4782, 14586, 3670, 752, 41172
5064.0, 1529, 453, -8990, 4782, 14586, 3670, 752, 41186
5068.3, 2015, 492, -9069, 5067, 16489, 2432, 669, 41186
5072.0, 1258, 492, -9069, 5067, 16489, 2432, 669, 41209
5075.7, 1119, 492, -9069, 5067, 16489, 2432, 669, 41217
5079.9, 1588, 427, -9023, 4853, 18274, 1920, 69, 41217
5083.7, 1962, 427, -9023, 4853, 18274, 1920, 69, 41228
5087.9, 1317, 442, -9027, 4856, 19801, 2528, -196, 41228
5091.6, 1293, 442, -9027, 4856, 19801, 2528, -196, 41244
5093.9, 1374, 442, -9027, 4856, 19801, 2528, -196, 41244
5099.6, 2015, 621, -9014, 4799, 22015, 4523, 91, 41266
5103.3, 2315, 621, -9014, 4799, 22015, 4523, 91, 41287
5109.0, 1179, 489, -9029, 5461, 21831, 3381, 48, 41297
5112.7, 1675, 489, -9029, 5461, 21831, 3381, 48, 41308
5118.5, 2395, 268, -8749, 5613, 23021, 1741, 34, 41324
5122.6, 2064, 268, -8749, 5613, 23021, 1741, 34, 41352
5128.3, 401, 172, -8825, 5428, 23861, 1553, 78, 41362
5132.1, 463, 172, -8825, 5428, 23861, 1553, 78, 41414
5137.8, 2827, 179, -8902, 5603, 24806, 774, -669, 41396
5141.5, 2178, 179, -8902, 5603, 24806, 774, -669, 41420
5145.8, 799, 179, -8902, 5483, 26071, 590, -1776, 41420
5149.5, 683, 179, -8902, 5483, 26071, 590, -1776, 41424
5151.8, 830, 179, -8902, 5483, 26071, 590, -1776, 41424
5156.0, 2698, 291, -8692, 5516, 28534, 813, -2410, 41424
5159.7, 2209, 291, -8692, 5516, 28534, 813, -2410, 41436
5162.0, 1202, 291, -8692, 5516, 28534, 813, -2410, 41436
5167.8, 2216, 315, -8983, 5638, 29824, -551, -2983, 41459
5171.5, 2194, 315, -8983, 5638, 29824, -551, -2983, 41479
5175.8, 1217, 381, -8717, 5805, 32047, -2760, -2856, 41479
5179.5, 917, 381, -8717, 5805, 32047, -2760, -2856, 41483
5181.8, 966, 381, -8717, 5805, 32047, -2760, -2856, 41483
5186.0, 1936, 464, -8745, 5802, 33972, -4733, -2270, 41483
5189.7, 1229, 464, -8745, 5802, 33972, -4733, -2270, 41496
5194.0, 2023, 464, -8745, 5802, 33972, -4733, -2270, 41496
5197.8, 2069, 464, -8745, 5802, 33972, -4733, -2270, 41511
5201.5, 1894, 464, -8745, 5802, 33972, -4733, -2270, 41534
5205.8, 1377, 341, -8562, 5943, 38916, -2305, -441, 41534
5209.5, 1361, 341, -8562, 5943, 38916, -2305, -441, 41539
5213.8, 1568, 341, -8562, 5943, 38916, -2305, -441, 41539
5217.5, 1137, 341, -8562, 5943, 38916, -2305, -441, 41546
5221.3, 477, 341, -8562, 5943, 38916, -2305, -441, 41546
5225.5, 2016, 259, -8575, 6231, 43313, -529, -1382, 41546
5229.3, 2228, 259, -8575, 6231, 43313, -529, -1382, 41555
5233.5, 1934, 259, -8575, 6231, 43313, -529, -1382, 41555
5237.3, 1706, 259, -8575, 6231, 43313, -529, -1382, 41560
5241.0, 1599, 259, -8575, 6231, 43313, -529, -1382, 41570
5245.2, 2673, 293, -8371, 6244, 47211, -2686, -1500, 41570
5249.0, 1774, 293, -8371, 6244, 47211, -2686, -1500, 41589
5253.2, 597, 293, -8371, 6244, 47211, -2686, -1500, 41589
5256.9, 931, 293, -8371, 6244, 47211, -2686, -1500, 41588
5260.7, 2038, 293, -8371, 6244, 47211, -2686, -1500, 41605
5264.9, 1815, 213, -8362, 6472, 50899, -3495, -704, 41605
5268.6, 1885, 213, -8362, 6472, 50899, -3495, -704, 41609
5272.8, 1439, 213, -8362, 6472, 50899, -3495, -704, 41609
5276.6, 724, 213, -8362, 6472, 50899, -3495, -704, 41607
5278.8, 974, 213, -8362, 6472, 50899, -3495, -704, 41607
5284.6, 2055, 298, -8109, 6613, 54053, -6037, -866, 41615
5288.3, 1831, 298, -8109, 6613, 54053, -6037, -866, 41627
5294.0, 1375, 298, -8109, 6613, 54053, -6037, -866, 41650
5296.2, 1320, 298, -8109, 6613, 54053, -6037, -866, 41650
5298.5, 1962, 298, -8109, 6613, 54053, -6037, -866, 41650
5304.2, 2380, 274, -8082, 6465, 55384, -4725, 328, 41735
5306.5, 1619, 274, -8082, 6465, 55384, -4725, 328, 41735
5310.7, 427, 262, -8018, 6895, 57055, -4725, 328, 41735
5314.5, 1331, 262, -8018, 6895, 57055, -4725, 328, 41732
5316.8, 1455, 262, -8018, 6895, 57055, -4725, 328, 41732
5321.0, 2059, 285, -8056, 7009, 58901, -6033, 577, 41732
5324.7, 1680, 285, -8056, 7009, 58901, -6033, 577, 41721
5327.0, 863, 285, -8056, 7009, 58901, -6033, 577, 41721
5332.7, 1406, 290, -8056, 6874, 60603, -6168, 699, 41729
5336.4, 2217, 290, -8056, 6874, 60603, -6168, 699, 41722
5340.7, 2298, 370, -8068, 7039, 63219, -5578, 634, 41722
5344.4, 1059, 370, -8068, 7039, 63219, -5578, 634, 41748
5346.7, 722, 370, -8068, 7039, 63219, -5578, 634, 41748
5351.0, 1803, 364, -8044, 7130, 64072, -6002, 647, 41748
5354.7, 2263, 364, -8044, 7130, 64072, -6002, 647, 41724
5359.0, 1572, 434, -7802, 7146, 66649, -7183, 1028, 41724
5362.7, 1707, 434, -7802, 7146, 66649, -7183, 1028, 41723
5366.4, 1845, 434, -7802, 7146, 66649, -7183, 1028, 41733
5370.7, 1200, 458, -7815, 7058, 68461, -7892, 1063, 41733
5374.4, 1402, 458, -7815, 7058, 68461, -7892, 1063, 41732
5378.6, 2374, 508, -7758, 7193, 70171, -7546, 927, 41732
5382.3, 926, 508, -7758, 7193, 70171, -7546, 927, 41735
5386.0, 1130, 508, -7758, 7193, 70171, -7546, 927, 41765
5390.3, 2205, 565, -7655, 6864, 71506, -6356, 673, 41765
5394.0, 1996, 565, -7655, 6864, 71506, -6356, 673, 41745
5398.2, 1269, 628, -7542, 7480, 72976, -5521, 551, 41745
5402.0, 1114, 628, -7542, 7480, 72976, -5521, 551, 41737
5405.8, 1356, 628, -7542, 7480, 72976, -5521, 551, 41761
5410.0, 2087, 460, -7426, 7558, 74131, -6623, 993, 41761
5413.8, 2393, 460, -7426, 7558, 74131, -6623, 993, 41751
5418.0, 1738, 332, -7297, 7411, 75207, -5718, 2253, 41751
5421.7, 1246, 332, -7297, 7411, 75207, -5718, 2253, 41750
5424.0, 980, 332, -7297, 7411, 75207, -5718, 2253, 41750
5429.7, 1654, 495, -7291, 7541, 76786, -5425, 2721, 41708
5433.5, 1864, 495, -7291, 7541, 76786, -5425, 2721, 41759
5437.7, 2091, 599, -7213, 7613, 77548, -6396, 1439, 41759
5441.5, 2763, 599, -7213, 7613, 77548, -6396, 1439, 41756
5443.8, 2141, 599, -7213, 7613, 77548, -6396, 1439, 41756
5449.5, 188, 579, -7031, 7431, 78287, -6291, 144, 41762
5453.3, 1205, 579, -7031, 7431, 78287, -6291, 144, 41777
5459.0, 2501, 582, -6930, 7972, 78851, -5766, 13, 41762
5461.2, 1458, 582, -6930, 7972, 78851, -5766, 13, 41762
5465.5, 985, 591, -6805, 7824, 80041, -5110, 349, 41762
5469.2, 1861, 591, -6805, 7824, 80041, -5110, 349, 41766
5471.5, 2269, 591, -6805, 7824, 80041, -5110, 349, 41766
5475.7, 1485, 563, -6801, 7693, 81691, -4112, 551, 41766
5479.5, 1153, 563, -6801, 7693, 81691, -4112, 551, 41751
5481.7, 1573, 563, -6801, 7693, 81691, -4112, 551, 41751
5486.0, 1509, 601, -6799, 7828, 82583, -4716, 656, 41751
5489.7, 1623, 601, -6799, 7828, 82583, -4716, 656, 41769
5492.0, 1729, 601, -6799, 7828, 82583, -4716, 656, 41769
5497.7, 1495, 611, -6754, 8333, 83135, -5455, 546, 41769
5501.4, 1837, 611, -6754, 8333, 83135, -5455, 546, 41771
5505.7, 1768, 685, -6516, 8131, 83660, -5044, -218, 41771
5509.4, 1252, 685, -6516, 8131, 83660, -5044, -218, 41744
5511.7, 1386, 685, -6516, 8131, 83660, -5044, -218, 41744
5515.9, 2146, 563, -6308, 8321, 83861, -2358, -699, 41744
5519.7, 1761, 563, -6308, 8321, 83861, -2358, -699, 41775
5523.9, 1508, 586, -6141, 8325, 84408, -940, -826, 41775
5527.6, 1197, 586, -6141, 8325, 84408, -940, -826, 41771
5531.4, 1826, 586, -6141, 8325, 84408, -940, -826, 41774
5535.6, 2052, 595, -6052, 8592, 85707, -4375, -1719, 41774
5539.4, 1027, 595, -6052, 8592, 85707, -4375, -1719, 41777
5543.6, 854, 528, -5880, 8276, 86026, -6370, -2030, 41777
5547.3, 1724, 528, -5880, 8276, 86026, -6370, -2030, 41777
5551.1, 2941, 528, -5880, 8276, 86026, -6370, -2030, 41792
5555.3, 2795, 672, -5966, 8904, 87501, -7109, -2318, 41792
5559.0, 443, 672, -5966, 8904, 87501, -7109, -2318, 41784
5563.2, 659, 683, -6011, 8477, 87632, -9056, -2878, 41784
5566.9, 1714, 683, -6011, 8477, 87632, -9056, -2878, 41776
5570.7, 1229, 683, -6011, 8477, 87632, -9056, -2878, 41786
5574.9, 2332, 672, -5790, 8804, 89255, -8172, -2804, 41786
5578.7, 2207, 672, -5790, 8804, 89255, -8172, -2804, 41790
5582.9, 672, 745, -5748, 8304, 89780, -4808, -2756, 41790
5586.6, 1803, 745, -5748, 8304, 89780, -4808, -2756, 41787
5588.9, 1736, 745, -5748, 8304, 89780, -4808, -2756, 41787
5594.6, 1682, 726, -5566, 8940, 89487, -3290, -3250, 41733
5598.3, 1546, 726, -5566, 8940, 89487, -3290, -3250, 41774
5604.0, 1733, 495, -5356, 9104, 89667, -3443, -3548, 41765
5607.7, 1662, 495, -5356, 9104, 89667, -3443, -3548, 41774
5613.5, 2323, 554, -5322, 8839, 90170, -3421, -3836, 41765
5615.7, 1229, 554, -5322, 8839, 90170, -3421, -3836, 41765
5618.0, 391, 554, -5322, 8839, 90170, -3421, -3836, 41765
5623.7, 2140, 725, -5278, 9068, 91176, -4637, -4344, 41769
5625.9, 1108, 725, -5278, 9068, 91176, -4637, -4344, 41769
5628.2, 587, 725, -5278, 9068, 91176, -4637, -4344, 41769
5633.9, 2044, 779, -5230, 8788, 92318, -7065, -4821, 41720
5636.2, 2233, 779, -5230, 8788, 92318, -7065, -4821, 41720
5640.4, 1758, 769, -5141, 8408, 92878, -7564, -5171, 41720
5644.2, 1609, 769, -5141, 8408, 92878, -7564, -5171, 41793
5646.4, 1829, 769, -5141, 8408, 92878, -7564, -5171, 41793
5650.7, 1682, 665, -4872, 9244, 93259, -7958, -5127, 41793
5654.4, 823, 665, -4872, 9244, 93259, -7958, -5127, 41792
5656.7, 1073, 665, -4872, 9244, 93259, -7958, -5127, 41792
5660.9, 2380, 505, -4689, 8969, 94116, -6418, -4340, 41792
5664.6, 1669, 505, -4689, 8969, 94116, -6418, -4340, 41799
5666.9, 1417, 505, -4689, 8969, 94116, -6418, -4340, 41799
5672.6, 1805, 646, -4653, 9287, 95455, -3123, -4746, 41841
5676.3, 612, 646, -4653, 9287, 95455, -3123, -4746, 41806
5680.6, 1352, 742, -4416, 8924, 95569, -3447, -6291, 41806
5684.3, 1783, 742, -4416, 8924, 95569, -3447, -6291, 41818
5686.5, 2123, 742, -4416, 8924, 95569, -3447, -6291, 41818
5690.8, 2163, 675, -4042, 8727, 95074, -5193, -6728, 41818
5694.5, 1525, 675, -4042, 8727, 95074, -5193, -6728, 41802
5698.7, 1050, 719, -3863, 9557, 95131, -7210, -6050, 41802
5702.4, 1421, 719, -3863, 9557, 95131, -7210, -6050, 41822
5706.1, 1774, 719, -3863, 9557, 95131, -7210, -6050, 41850
5710.4, 2053, 756, -3818, 9235, 95328, -8776, -6103, 41850
5714.1, 1502, 756, -3818, 9235, 95328, -8776, -6103, 41852
5718.3, 1237, 981, -3712, 8892, 95481, -7249, -7310, 41852
5722.1, 1538, 981, -3712, 8892, 95481, -7249, -7310, 41769
5725.8, 1648, 981, -3712, 8892, 95481, -7249, -7310, 41841
5730.1, 1495, 1015, -3479, 9775, 96352, -7966, -7975, 41841
5733.8, 1935, 1015, -3479, 9775, 96352, -7966, -7975, 41845
5738.0, 1371, 1012, -3338, 8760, 96111, -8194, -7608, 41845
5741.7, 2047, 1012, -3338, 8760, 96111, -8194, -7608, 41823
5745.5, 2133, 1012, -3338, 8760, 96111, -8194, -7608, 41857
5749.7, 1019, 1027, -3099, 9376, 95604, -6216, -7551, 41857
5753.4, 1432, 1027, -3099, 9376, 95604, -6216, -7551, 41852
5759.1, 1894, 1078, -2817, 9294, 95590, -4851, -8120, 41850
5762.9, 1721, 1078, -2817, 9294, 95590, -4851, -8120, 41861
5768.6, 1669, 1121, -2490, 9147, 94930, -1924, -8229, 41865
5772.3, 1600, 1121, -2490, 9147, 94930, -1924, -8229, 41868
5778.0, 1076, 1121, -2490, 9147, 94252, -3276, -7249, 41854
5781.7, 1658, 1121, -2490, 9147, 94252, -3276, -7249, 41851
5786.0, 1677, 963, -2233, 9727, 92786, -5390, -5823, 41851
5789.7, 1922, 963, -2233, 9727, 92786, -5390, -5823, 41839
5792.0, 1367, 963, -2233, 9727, 92786, -5390, -5823, 41839
5797.7, 1976, 853, -1954, 9315, 90480, -5761, -5560, 41827
5801.4, 1339, 853, -1954, 9315, 90480, -5761, -5560, 41805
5805.7, 1561, 847, -1881, 9561, 88971, -6628, -7183, 41805
5809.4, 1992, 847, -1881, 9561, 88971, -6628, -7183, 41780
5811.7, 2341, 847, -1881, 9561, 88971, -6628, -7183, 41780
5816.0, 515, 970, -1904, 9828, 87050, -6772, -10994, 41780
5819.7, 921, 970, -1904, 9828, 87050, -6772, -10994, 41766
5822.0, 1572, 970, -1904, 9828, 87050, -6772, -10994, 41766
5827.7, 1547, 1139, -1500, 9530, 87098, -7341, -12639, 41753
5831.4, 2072, 1139, -1500, 9530, 87098, -7341, -12639, 41753
5835.7, 2285, 973, -1500, 9530, 86416, -6895, -10075, 41753
5839.4, 1887, 973, -1500, 9530, 86416, -6895, -10075, 41094
5841.7, 1239, 973, -1500, 9530, 86416, -6895, -10075, 41094
5846.0, 685, 1010, -1331, 9568, 86678, -7756, -7568, 41094
5849.7, 1568, 1010, -1331, 9568, 86678, -7756, -7568, 41051
5854.0, 1510, 1223, -1331, 9568, 86678, -7756, -7568, 41051
5857.7, 2714, 1223, -1331, 9568, 86678, -7756, -7568, 41030
5861.5, 1322, 1223, -1331, 9568, 86678, -7756, -7568, 41005
5865.8, 965, 833, -1512, 9384, 85550, -10351, -6750, 41005
5869.5, 1309, 833, -1512, 9384, 85550, -10351, -6750, 40991
5873.7, 1908, 833, -1512, 9384, 85550, -10351, -6750, 40991
5877.5, 1654, 833, -1512, 9384, 85550, -10351, -6750, 40934
5881.2, 1309, 833, -1512, 9384, 85550, -10351, -6750, 40972
5885.5, 2479, 824, -1524, 9111, 83340, -4515, -10180, 40972
5889.2, 1704, 824, -1524, 9111, 83340, -4515, -10180, 40958
5893.4, 1279, 824, -1524, 9111, 83340, -4515, -10180, 40958
5897.1, 1324, 824, -1524, 9111, 83340, -4515, -10180, 40957
5900.9, 1558, 824, -1524, 9111, 83340, -4515, -10180, 41588
5905.1, 1007, 1046, -830, 9288, 82452, -4860, -10504, 41588
5908.8, 586, 1046, -830, 9288, 82452, -4860, -10504, 40942
5913.1, 2645, 1046, -830, 9288, 82452, -4860, -10504, 40942
5916.8, 2493, 1046, -830, 9288, 82452, -4860, -10504, 40923
5919.1, 1803, 1046, -830, 9288, 82452, -4860, -10504, 40923
5924.8, 1909, 927, -656, 9372, 81560, -7293, -6138, 40903
5928.6, 695, 927, -656, 9372, 81560, -7293, -6138, 40912
5932.8, 1567, 682, -656, 9372, 81560, -7293, -6138, 40912
5936.5, 736, 682, -656, 9372, 81560, -7293, -6138, 40876
5938.8, 1097, 682, -656, 9372, 81560, -7293, -6138, 40876
5944.6, 2287, 698, -791, 9067, 80768, -5118, -5884, 40863
5946.8, 1690, 698, -791, 9067, 80768, -5118, -5884, 40863
5951.0, 1321, 733, -661, 9953, 80247, -5293, -7542, 40863
5954.7, 1317, 733, -661, 9953, 80247, -5293, -7542, 40860
5957.0, 1674, 733, -661, 9953, 80247, -5293, -7542, 40860
5962.7, 1846, 685, -685, 9777, 80426, -8697, -9113, 40819
5966.4, 732, 685, -685, 9777, 80426, -8697, -9113, 40784
5970.6, 1799, 631, -606, 9126, 80510, -9305, -9262, 40784
5974.4, 1193, 631, -606, 9126, 80510, -9305, -9262, 40821
5976.6, 1250, 631, -606, 9126, 80510, -9305, -9262, 40821
5980.9, 1589, 817, -594, 9754, 81883, -10530, -9248, 40821
5984.6, 1521, 817, -594, 9754, 81883, -10530, -9248, 40811
5986.9, 1629, 817, -594, 9754, 81883, -10530, -9248, 40811
5992.6, 2118, 860, -515, 9063, 81201, -13663, -9542, 40818
5996.4, 1206, 860, -515, 9063, 81201, -13663, -9542, 40783
6000.6, 1846, 882, -171, 9302, 80588, -14704, -9611, 40783
6004.4, 960, 882, -171, 9302, 80588, -14704, -9611, 40774
6006.6, 1754, 882, -171, 9302, 80588, -14704, -9611, 40774
6010.8, 1548, 824, 205, 10192, 82093, -14643, -9030, 40774
6014.6, 1075, 824, 205, 10192, 82093, -14643, -9030, 40764
6018.8, 1961, 1069, 330, 9098, 81341, -14113, -8474, 40764
6022.5, 1799, 1069, 330, 9098, 81341, -14113, -8474, 40760
6026.2, 2092, 1069, 330, 9098, 81341, -14113, -8474, 40713
6030.5, 1122, 1301, 587, 9349, 80195, -13396, -8837, 40713
6034.2, 1548, 1301, 587, 9349, 80195, -13396, -8837, 40754
6038.4, 1209, 1382, 978, 8602, 78764, -10640, -8833, 40754
6042.2, 2146, 1382, 978, 8602, 78764, -10640, -8833, 40754
6045.9, 1984, 1382, 978, 8602, 78764, -10640, -8833, 40752
6050.1, 1099, 1476, 1416, 9156, 78672, -5665, -7621, 40752
6053.9, 1404, 1476, 1416, 9156, 78672, -5665, -7621, 40747
6058.1, 2253, 1679, 1667, 9294, 79057, -4108, -5438, 40747
6061.8, 1952, 1679, 1667, 9294, 79057, -4108, -5438, 40733
6065.6, 1297, 1679, 1667, 9294, 79057, -4108, -5438, 40733
6069.8, 1132, 1557, 1890, 9738, 80050, -6160, -3106, 40733
6073.5, 2168, 1557, 1890, 9738, 80050, -6160, -3106, 40704
6077.8, 1269, 1405, 1772, 8838, 78825, -6820, -1054, 40704
6081.5, 1587, 1405, 1772, 8838, 78825, -6820, -1054, 40692
6083.8, 2008, 1405, 1772, 8838, 78825, -6820, -1054, 40692
6089.5, 1267, 1189, 1777, 9626, 78633, -4843, -332, 40681
6093.3, 1064, 1189, 1777, 9626, 78633, -4843, -332, 40668
6099.0, 2298, 1038, 1988, 9228, 79359, -4571, -778, 40658
6101.3, 1949, 1038, 1988, 9228, 79359, -4571, -778, 40658
6103.5, 1755, 1038, 1988, 9228, 79359, -4571, -778, 40658
6109.3, 999, 1186, 2026, 9521, 79683, -4291, -3386, 40660
6111.5, 774, 1186, 2026, 9521, 79683, -4291, -3386, 40660
6115.7, 1744, 1526, 2143, 9470, 80833, -5726, -6763, 40660
6119.4, 2101, 1526, 2143, 9470, 80833, -5726, -6763, 40622
6121.7, 2199, 1526, 2143, 9470, 80833, -5726, -6763, 40622
6125.9, 2086, 1573, 2491, 8425, 79656, -7153, -7595, 40622
6129.6, 1680, 1573, 2491, 8425, 79656, -7153, -7595, 40592
6131.9, 1297, 1573, 2491, 8425, 79656, -7153, -7595, 40592
6137.6, 1916, 1780, 2737, 9461, 79153, -5455, -5328, 40566
6141.3, 1571, 1780, 2737, 9461, 79153, -5455, -5328, 40510
6145.6, 1622, 1692, 2909, 8877, 78103, -5158, -2624, 40510
6149.3, 1114, 1692, 2909, 8877, 78103, -5158, -2624, 40506
6151.5, 691, 1692, 2909, 8877, 78103, -5158, -2624, 40506
6155.8, 1807, 1491, 2941, 8892, 77613, -1968, -804, 40506
6159.6, 1698, 1491, 2941, 8892, 77613, -1968, -804, 40474
6163.8, 1642, 1127, 3092, 9674, 78694, 1561, 284, 40474
6167.5, 2653, 1127, 3092, 9674, 78694, 1561, 284, 40446
6171.3, 1907, 1127, 3092, 9674, 78694, 1561, 284, 40449
6175.5, 205, 982, 2869, 8554, 78475, 2183, -253, 40449
6179.3, 2281, 982, 2869, 8554, 78475, 2183, -253, 40403
6183.5, 1898, 1083, 2858, 9557, 78475, 17, -2975, 40403
6187.2, 2001, 1083, 2858, 9557, 78475, 17, -2975, 40364
6191.0, 1361, 1083, 2858, 9557, 78475, 17, -2975, 40345
6195.3, 1984, 1123, 3048, 8611, 77088, -3220, -5630, 40345
6199.0, 1573, 1123, 3048, 8611, 77088, -3220, -5630, 40325
6203.2, 1712, 1400, 3229, 8676, 77246, -4970, -6335, 40325
6207.0, 1795, 1400, 3229, 8676, 77246, -4970, -6335, 40290
6210.7, 1561, 1400, 3229, 8676, 77246, -4970, -6335, 40214
6215.0, 1732, 1280, 3647, 8589, 76878, -5000, -4501, 40214
6218.7, 1227, 1280, 3647, 8589, 76878, -5000, -4501, 40252
6222.9, 1443, 1213, 3678, 8670, 77898, -2983, -1946, 40252
6226.7, 1932, 1213, 3678, 8670, 77898, -2983, -1946, 40231
6229.0, 1392, 1213, 3678, 8670, 77898, -2983, -1946, 40231
6234.7, 1652, 1222, 3675, 8334, 77346, -415, -1176, 40203
6238.5, 928, 1222, 3675, 8334, 77346, -415, -1176, 40192
6242.7, 1964, 1200, 3744, 8699, 76008, -65, -2428, 40192
6246.4, 2369, 1200, 3744, 8699, 76008, -65, -2428, 40176
6248.7, 1874, 1200, 3744, 8699, 76008, -65, -2428, 40176
6254.5, 463, 1094, 3904, 8598, 75216, -336, -3570, 40157
6258.2, 2068, 1094, 3904, 8598, 75216, -336, -3570, 40138
6263.9, 1864, 1055, 3759, 8733, 76384, -363, -3854, 40130
6266.1, 1086, 1055, 3759, 8733, 76384, -363, -3854, 40130
6268.5, 1038, 1055, 3759, 8733, 76384, -363, -3854, 40130
6274.2, 1653, 1079, 3842, 8102, 76200, -1084, -3473, 40111
6276.5, 2497, 1079, 3842, 8102, 76200, -1084, -3473, 40111
6280.7, 1083, 1183, 4028, 7768, 75553, -2038, -3430, 40111
6284.4, 1132, 1183, 4028, 7768, 75553, -2038, -3430, 40112
6286.7, 1887, 1183, 4028, 7768, 75553, -2038, -3430, 40112
6290.9, 1799, 1118, 4245, 8277, 74441, -529, -3801, 40112
6294.6, 1377, 1118, 4245, 8277, 74441, -529, -3801, 40093
6296.9, 1316, 1118, 4245, 8277, 74441, -529, -3801, 40093
6302.6, 1189, 1137, 4488, 8028, 72302, 1176, -3696, 40074
6306.3, 2095, 1137, 4488, 8028, 72302, 1176, -3696, 40062
6310.6, 1559, 1235, 4760, 8443, 73798, 1557, -3841, 40062
6314.3, 1319, 1235, 4760, 8443, 73798, 1557, -3841, 40068
6316.5, 1385, 1235, 4760, 8443, 73798, 1557, -3841, 40068
6320.8, 1874, 1266, 4677, 8016, 72949, -564, -3990, 40068
6324.6, 2249, 1266, 4677, 8016, 72949, -564, -3990, 40037
6328.8, 1591, 1266, 4677, 7590, 70801, -3128, -3517, 40037
6332.5, 1090, 1266, 4677, 7590, 70801, -3128, -3517, 40055
6336.3, 1691, 1266, 4677, 7590, 70801, -3128, -3517, 40052
6340.5, 886, 1240, 5133, 8305, 70009, -3202, -1540, 40052
6344.3, 1470, 1240, 5133, 8305, 70009, -3202, -1540, 39720
6348.5, 2430, 1240, 5133, 7453, 68032, -1246, 13, 39720
6352.2, 1697, 1240, 5133, 7453, 68032, -1246, 13, 39721
6356.0, 1378, 1240, 5133, 7453, 68032, -1246, 13, 39720
6360.2, 1902, 1576, 5246, 7579, 66829, 634, -638, 39720
6363.9, 1843, 1576, 5246, 7579, 66829, 634, -638, 39720
6368.1, 1181, 1576, 5246, 7619, 67669, 590, -1889, 39720
6371.9, 523, 1576, 5246, 7619, 67669, 590, -1889, 40018
6375.6, 2243, 1576, 5246, 7619, 67669, 590, -1889, 39723
6379.8, 2142, 1508, 5514, 7549, 68758, 1303, -2143, 39723
6383.6, 1907, 1508, 5514, 7549, 68758, 1303, -2143, 39740
6387.8, 1123, 1508, 5514, 6954, 65866, 1273, -1942, 39740
6391.5, 1572, 1508, 5514, 6954, 65866, 1273, -1942, 39743
6393.8, 1670, 1508, 5514, 6954, 65866, 1273, -1942, 39743
6399.6, 1122, 1051, 5997, 7394, 64571, 1859, -520, 39789
6403.3, 1598, 1051, 5997, 7394, 64571, 1859, -520, 39751
6409.1, 1447, 1030, 6058, 7577, 62961, 1706, 135, 39763
6412.8, 2419, 1030, 6058, 7577, 62961, 1706, 135, 39790
6418.5, 1224, 1106, 6093, 7152, 60454, -1281, -2261, 39798
6422.3, 2353, 1106, 6093, 7152, 60454, -1281, -2261, 39833
6428.0, 513, 1106, 6093, 7152, 60454, -3885, -5993, 39874
6431.7, 1425, 1106, 6093, 7152, 60454, -3885, -5993, 39854
6437.5, 2664, 1227, 6050, 7663, 59925, -3885, -5993, 39855
6441.1, 1544, 1227, 6050, 7663, 59925, -3885, -5993, 39882
6445.4, 1443, 1528, 6115, 6847, 59247, -5779, -7966, 39882
6449.1, 2246, 1528, 6115, 6847, 59247, -5779, -7966, 39887
6451.4, 1638, 1528, 6115, 6847, 59247, -5779, -7966, 39887
6455.6, 1301, 1734, 6062, 6797, 57610, -6361, -7551, 39887
6459.3, 1122, 1734, 6062, 6797, 57610, -6361, -7551, 39870
6461.6, 1130, 1734, 6062, 6797, 57610, -6361, -7551, 39870
6465.8, 1992, 1669, 6281, 7099, 55287, -5232, -573, 39870
6469.5, 2055, 1669, 6281, 7099, 55287, -5232, -573, 39877
6471.8, 944, 1669, 6281, 7099, 55287, -5232, -573, 39877
6476.0, 1422, 1551, 6329, 7117, 51967, 227, 1133, 39877
6479.7, 1535, 1551, 6329, 7117, 51967, 227, 1133, 39842
6484.0, 1533, 1308, 6241, 6845, 51967, 227, 1133, 39842
6487.8, 2168, 1308, 6241, 6845, 51967, 227, 1133, 39894
6491.5, 1738, 1308, 6241, 6845, 51967, 227, 1133, 39850
6495.8, 983, 1104, 6442, 7625, 48265, -1653, -1255, 39850
6499.5, 1366, 1104, 6442, 7625, 48265, -1653, -1255, 39931
6503.7, 2552, 994, 6228, 6995, 48265, -1653, -1255, 39931
6507.5, 1599, 994, 6228, 6995, 48265, -1653, -1255, 39922
6511.3, 1464, 994, 6228, 6995, 48265, -1653, -1255, 39981
6515.5, 1970, 1179, 6350, 6810, 43356, -2563, -5582, 39981
6519.6, 1586, 1179, 6350, 6810, 43356, -2563, -5582, 39999
6523.9, 1470, 1249, 6413, 6349, 43356, -2563, -5582, 39999
6527.6, 1678, 1249, 6413, 6349, 43356, -2563, -5582, 40017
6531.3, 1091, 1249, 6413, 6349, 43356, -2563, -5582, 40028
6535.6, 1260, 1191, 6653, 6963, 43120, -5442, -4991, 40028
6539.3, 2022, 1191, 6653, 6963, 43120, -5442, -4991, 40048
6543.5, 2415, 1161, 6647, 6677, 43120, -5442, -4991, 40048
6547.2, 596, 1161, 6647, 6677, 43120, -5442, -4991, 40015
6550.9, 1277, 1161, 6647, 6677, 43120, -5442, -4991, 40060
6555.2, 2463, 1065, 6583, 6515, 40504, -6444, -2060, 40060
6558.9, 1926, 1065, 6583, 6515, 40504, -6444, -2060, 40071
6563.1, 1802, 972, 6741, 6735, 40504, -6444, -2060, 40071
6566.9, 982, 972, 6741, 6735, 40504, -6444, -2060, 40090
6570.6, 1406, 972, 6741, 6735, 40504, -6444, -2060, 40078
6574.8, 1284, 829, 6860, 6692, 36348, -14100, -5538, 40078
6578.6, 1898, 829, 6860, 6692, 36348, -14100, -5538, 40129
6582.8, 1618, 865, 6850, 6967, 36348, -14100, -5538, 40129
6586.5, 1203, 865, 6850, 6967, 36348, -14100, -5538, 40117
6590.7, 2384, 1019, 6684, 5967, 34064, -14687, -7192, 40117
6594.5, 1214, 1019, 6684, 5967, 34064, -14687, -7192, 40127
6596.8, 1019, 1019, 6684, 5967, 34064, -14687, -7192, 40127
6602.5, 2368, 1316, 6780, 6180, 31933, -14883, -6916, 40100
6606.3, 1035, 1316, 6780, 6180, 31933, -14883, -6916, 40127
6610.5, 1833, 1290, 6775, 6576, 30708, -15592, -4628, 40127
6614.2, 1298, 1290, 6775, 6576, 30708, -15592, -4628, 40125
6616.5, 363, 1290, 6775, 6576, 30708, -15592, -4628, 40125
6620.7, 2209, 1342, 6880, 6434, 29649, -17368, -4165, 40125
6624.5, 1685, 1342, 6880, 6434, 29649, -17368, -4165, 40143
6626.8, 845, 1342, 6880, 6434, 29649, -17368, -4165, 40143
6632.5, 1723, 1422, 6972, 5986, 28525, -15903, -4445, 40187
6636.3, 1488, 1422, 6972, 5986, 28525, -15903, -4445, 40180
6640.5, 1671, 1374, 7037, 6075, 27107, -14953, -4440, 40180
6644.3, 1705, 1374, 7037, 6075, 27107, -14953, -4440, 40157
6646.5, 1630, 1374, 7037, 6075, 27107, -14953, -4440, 40157
6650.8, 1574, 1481, 7209, 6156, 27055, -14389, -4309, 40157
6654.5, 1172, 1481, 7209, 6156, 27055, -14389, -4309, 40137
6658.7, 2072, 1325, 7313, 6609, 26543, -14065, -3040, 40137
6662.5, 2360, 1325, 7313, 6609, 26543, -14065, -3040, 40116
6666.2, 832, 1325, 7313, 6609, 26543, -14065, -3040, 40113
6670.4, 1986, 1377, 7164, 5662, 26727, -11397, -1181, 40113
6674.1, 1336, 1377, 7164, 5662, 26727, -11397, -1181, 40099
6678.3, 1077, 1344, 6926, 6605, 26801, -9235, -2581, 40099
6682.1, 2047, 1344, 6926, 6605, 26801, -9235, -2581, 40057
6685.8, 1476, 1344, 6926, 6605, 26801, -9235, -2581, 40050
6690.1, 1639, 1182, 7214, 6575, 26350, -10342, -5499, 40050
6693.8, 1534, 1182, 7214, 6575, 26350, -10342, -5499, 40046
6698.0, 2467, 1452, 7061, 6224, 25392, -12569, -6597, 40046
6701.7, 1441, 1452, 7061, 6224, 25392, -12569, -6597, 40049
6705.5, 729, 1452, 7061, 6224, 25392, -12569, -6597, 40101
6709.7, 2220, 1354, 7345, 6120, 25314, -13514, -6658, 40101
6713.4, 1658, 1354, 7345, 6120, 25314, -13514, -6658, 40035
6719.2, 1465, 1584, 7411, 6587, 26075, -14555, -5928, 40025
6722.9, 1622, 1584, 7411, 6587, 26075, -14555, -5928, 40000
6728.6, 1717, 1602, 7383, 6064, 26779, -13247, -4838, 39978
6732.3, 2204, 1602, 7383, 6064, 26779, -13247, -4838, 39945
6738.0, 1679, 1619, 7377, 5813, 26215, -11405, -4081, 39944
6741.7, 1469, 1619, 7377, 5813, 26215, -11405, -4081, 39884
6746.0, 951, 1549, 7527, 6422, 27777, -13230, -3661, 39884
6749.7, 2059, 1549, 7527, 6422, 27777, -13230, -3661, 39894
6752.0, 1359, 1549, 7527, 6422, 27777, -13230, -3661, 39894
6757.7, 1580, 1442, 7445, 5948, 28017, -13860, -3093, 39871
6761.4, 1669, 1442, 7445, 5948, 28017, -13860, -3093, 39862
6765.7, 2018, 1418, 7549, 5956, 27234, -12967, -2559, 39862
6769.4, 1567, 1418, 7549, 5956, 27234, -12967, -2559, 39848
6771.7, 1089, 1418, 7549, 5956, 27234, -12967, -2559, 39848
6776.0, 1179, 1473, 7489, 5789, 27182, -12464, -2568, 39848
6779.7, 1618, 1473, 7489, 5789, 27182, -12464, -2568, 39822
6782.0, 1577, 1473, 7489, 5789, 27182, -12464, -2568, 39822
6787.7, 1794, 1481, 7485, 5886, 27681, -10368, -2813, 39785
6791.4, 1635, 1481, 7485, 5886, 27681, -10368, -2813, 39753
6795.7, 1677, 1428, 7571, 5496, 27239, -9590, -3075, 39753
6799.4, 1841, 1428, 7571, 5496, 27239, -9590, -3075, 39746
6801.7, 1407, 1428, 7571, 5496, 27239, -9590, -3075, 39746
6806.0, 1422, 1427, 7767, 5485, 25436, -7971, -3806, 39746
6809.7, 1608, 1427, 7767, 5485, 25436, -7971, -3806, 39718
6813.9, 1982, 1529, 8137, 5839, 25073, -7857, -4851, 39718
6817.7, 1258, 1529, 8137, 5839, 25073, -7857, -4851, 39654
6821.4, 1931, 1529, 8137, 5839, 25073, -7857, -4851, 39599
6825.6, 1736, 1731, 7895, 5102, 23275, -7485, -5114, 39599
6829.4, 1905, 1731, 7895, 5102, 23275, -7485, -5114, 39595
6833.6, 2059, 1685, 8106, 5385, 21420, -4357, -5403, 39595
6837.3, 513, 1685, 8106, 5385, 21420, -4357, -5403, 39576
6841.0, 1484, 1685, 8106, 5385, 21420, -4357, -5403, 39543
6845.3, 1899, 1798, 7957, 5778, 20930, -5652, -4760, 39543
6849.0, 1967, 1798, 7957, 5778, 20930, -5652, -4760, 39518
6853.2, 1812, 1752, 8019, 5217, 19770, -4186, -3255, 39518
6857.0, 1754, 1752, 8019, 5217, 19770, -4186, -3255, 39477
6860.8, 1669, 1752, 8019, 5217, 19770, -4186, -3255, 39454
6865.0, 1312, 1819, 7865, 5428, 17609, -1290, -1859, 39454
6868.8, 1636, 1819, 7865, 5428, 17609, -1290, -1859, 39429
6873.0, 1903, 1833, 7800, 5694, 16297, -3889, -691, 39429
6876.7, 1879, 1833, 7800, 5694, 16297, -3889, -691, 39409
6879.0, 1489, 1833, 7800, 5694, 16297, -3889, -691, 39409
6884.8, 1586, 1852, 7962, 5241, 14673, -3224, 170, 39405
6888.5, 1409, 1852, 7962, 5241, 14673, -3224, 170, 39346
6892.7, 1650, 1550, 7966, 5512, 11742, -1863, 341, 39346
6896.5, 1858, 1550, 7966, 5512, 11742, -1863, 341, 39296
6898.8, 1669, 1550, 7966, 5512, 11742, -1863, 341, 39296
6904.5, 1945, 1678, 7755, 5063, 9397, -2476, 284, 39256
6908.2, 1491, 1678, 7755, 5063, 9397, -2476, 284, 39212
6913.9, 1852, 1427, 7915, 5522, 5967, -1176, -564, 39189
6916.2, 1508, 1427, 7915, 5522, 5967, -1176, -564, 39189
6920.4, 1537, 1478, 8106, 4966, 4182, -376, -1286, 39189
6924.2, 1772, 1478, 8106, 4966, 4182, -376, -1286, 39198
6926.5, 1234, 1478, 8106, 4966, 4182, -376, -1286, 39198
6930.7, 1729, 1737, 7953, 5174, 2165, 612, -1133, 39198
6934.5, 2005, 1737, 7953, 5174, 2165, 612, -1133, 39123
6936.7, 1139, 1737, 7953, 5174, 2165, 612, -1133, 39123
6941.0, 1531, 1588, 7844, 5112, -1264, 384, -1246, 39123
6944.7, 1609, 1588, 7844, 5112, -1264, 384, -1246, 39094
6947.0, 1290, 1588, 7844, 5112, -1264, 384, -1246, 39094
6952.7, 1818, 1644, 7844, 4908, -3075, -555, -1688, 39056
6956.4, 1610, 1644, 7844, 4908, -3075, -555, -1688, 38461
6960.7, 1775, 1597, 7934, 4744, -6300, -227, -1846, 38461
6964.4, 1615, 1597, 7934, 4744, -6300, -227, -1846, 38455
6966.6, 1189, 1597, 7934, 4744, -6300, -227, -1846, 38455
6970.9, 1764, 1519, 8002, 4931, -10088, 139, -1553, 38455
6974.7, 1593, 1519, 8002, 4931, -10088, 139, -1553, 38469
6978.9, 1870, 1519, 8002, 4931, -13427, 1329, -975, 38469
6982.6, 1656, 1519, 8002, 4931, -13427, 1329, -975, 38452
6986.4, 1542, 1519, 8002, 4931, -13427, 1329, -975, 38480
6990.6, 1568, 1541, 7849, 4949, -16717, 3535, 30, 38480
6994.4, 1741, 1541, 7849, 4949, -16717, 3535, 30, 38478
6998.6, 1920, 1541, 7849, 4949, -21030, 5993, 971, 38478
7002.3, 1453, 1541, 7849, 4949, -21030, 5993, 971, 38492
7006.1, 1487, 1541, 7849, 4949, -21030, 5993, 971, 38517
7010.3, 1667, 1592, 7480, 5202, -24316, 6947, 975, 38517
7014.0, 1658, 1592, 7480, 5202, -24316, 6947, 975, 38552
7018.2, 1636, 1592, 7480, 5202, -27016, 10141, 1036, 38552
7021.9, 1520, 1592, 7480, 5202, -27016, 10141, 1036, 38577
7025.7, 1752, 1592, 7480, 5202, -27016, 10141, 1036, 38563
7030.0, 1668, 1561, 7335, 4615, -30673, 16419, 1089, 38563
7033.7, 1614, 1561, 7335, 4615, -30673, 16419, 1089, 38629
7037.9, 1610, 1561, 7335, 4615, -34808, 19311, 800, 38629
7041.6, 1634, 1561, 7335, 4615, -34808, 19311, 800, 38681
7043.9, 1290, 1561, 7335, 4615, -34808, 19311, 800, 38681
7049.6, 1595, 1258, 7694, 5209, -37958, 20440, 813, 38756
7053.3, 1628, 1258, 7694, 5209, -37958, 20440, 813, 38814
7059.0, 1804, 1149, 7835, 5017, -41515, 19390, 1898, 38932
7062.7, 1619, 1149, 7835, 5017, -41515, 19390, 1898, 39040
7068.5, 1735, 1149, 7835, 5017, -41515, 19390, 1898, 39156
7070.7, 1471, 1149, 7835, 5017, -41515, 19390, 1898, 39156
7073.0, 1528, 1149, 7835, 5017, -41515, 19390, 1898, 39156
7078.7, 1490, 1104, 7806, 5446, -43986, 11292, 4742, 39257
7080.9, 938, 1104, 7806, 5446, -43986, 11292, 4742, 39257
7083.2, 1249, 1104, 7806, 5446, -43986, 11292, 4742, 39257
7088.9, 1677, 1155, 7762, 5241, -51538, 6606, 5735, 39369
7091.2, 1310, 1155, 7762, 5241, -51538, 6606, 5735, 39369
7095.4, 1685, 1228, 7509, 5766, -51538, 6606, 5735, 39369
7099.2, 1647, 1228, 7509, 5766, -51538, 6606, 5735, 39463
7101.5, 1342, 1228, 7509, 5766, -51538, 6606, 5735, 39463
7105.7, 1610, 1198, 7314, 5535, -54272, 4506, 6273, 39463
7109.4, 1664, 1198, 7314, 5535, -54272, 4506, 6273, 39556
7111.7, 1246, 1198, 7314, 5535, -54272, 4506, 6273, 39556
7115.9, 1652, 1239, 7115, 4840, -58639, 7424, 6724, 39556
7119.6, 1547, 1239, 7115, 4840, -58639, 7424, 6724, 39649
7121.9, 1283, 1239, 7115, 4840, -58639, 7424, 6724, 39649
7127.6, 1632, 1168, 6971, 5639, -63469, 8614, 6728, 39734
7131.3, 1664, 1168, 6971, 5639, -63469, 8614, 6728, 39814
7135.6, 1527, 1068, 7027, 5906, -67756, 2502, 5206, 39814
7139.4, 1552, 1068, 7027, 5906, -67756, 2502, 5206, 39888
7143.6, 1740, 930, 7101, 6047, -70582, -2253, 3351, 39888
7147.3, 1694, 930, 7101, 6047, -70582, -2253, 3351, 39944
7151.1, 1107, 930, 7101, 6047, -70582, -2253, 3351, 39988
7155.3, 1677, 869, 7092, 6127, -72643, -5801, 1885, 39988
7159.1, 1590, 869, 7092, 6127, -72643, -5801, 1885, 40028
7163.3, 1522, 1083, 6865, 6393, -75631, -8903, 1242, 40028
7167.0, 1556, 1083, 6865, 6393, -75631, -8903, 1242, 40083
7170.7, 1654, 1083, 6865, 6393, -75631, -8903, 1242, 40123
7175.0, 1582, 1329, 6726, 6140, -76563, -11108, 1264, 40123
7178.7, 1640, 1329, 6726, 6140, -76563, -11108, 1264, 40154
7182.9, 1757, 1668, 6479, 5275, -80584, -12158, 1802, 40154
7186.7, 1423, 1668, 6479, 5275, -80584, -12158, 1802, 40193
7189.0, 1237, 1668, 6479, 5275, -80584, -12158, 1802, 40193
7194.6, 1669, 1672, 6460, 5734, -85243, -11751, 1745, 40225
7198.4, 1619, 1672, 6460, 5734, -85243, -11751, 1745, 40261
7204.1, 1582, 1572, 6552, 6059, -88013, -9397, 1916, 40252
7207.8, 1466, 1572, 6552, 6059, -88013, -9397, 1916, 40326
7213.5, 1645, 1449, 6610, 6398, -92130, -5950, 2296, 40357
7217.3, 1650, 1449, 6610, 6398, -92130, -5950, 2296, 40376
7223.0, 1883, 1490, 6501, 6678, -93210, -6111, 2664, 40374
7226.7, 1697, 1490, 6501, 6678, -93210, -6111, 2664, 40412
7232.5, 1064, 1505, 6162, 6838, -96133, -6173, 3885, 40418
7236.2, 1404, 1505, 6162, 6838, -96133, -6173, 3885, 40415
7238.4, 1481, 1505, 6162, 6838, -96133, -6173, 3885, 40415
7244.2, 1548, 1411, 5738, 6590, -96133, -1360, 5958, 40435
7246.4, 1341, 1411, 5738, 6590, -96133, -1360, 5958, 40435
7250.6, 1632, 1684, 5277, 6671, -96072, 2900, 7555, 40435
7254.3, 1696, 1684, 5277, 6671, -96072, 2900, 7555, 40420
7256.6, 1398, 1684, 5277, 6671, -96072, 2900, 7555, 40420
7260.8, 1289, 1508, 4893, 6430, -98539, 1868, 6903, 40420
7264.5, 1784, 1508, 4893, 6430, -98539, 1868, 6903, 40420
7266.8, 1805, 1508, 4893, 6430, -98539, 1868, 6903, 40420
7271.0, 1648, 1348, 5042, 7188, -100792, -441, 5801, 40420
7274.7, 1876, 1348, 5042, 7188, -100792, -441, 5801, 40376
7277.0, 1397, 1348, 5042, 7188, -100792, -441, 5801, 40376
7282.7, 1085, 1379, 5134, 7368, -104476, -2537, 4869, 40408
7286.4, 1697, 1379, 5134, 7368, -104476, -2537, 4869, 40402
7290.6, 1873, 1268, 5064, 7907, -105111, -3946, 4388, 40402
7294.4, 1286, 1268, 5064, 7907, -105111, -3946, 4388, 40390
7296.6, 1334, 1268, 5064, 7907, -105111, -3946, 4388, 40390
7300.9, 1758, 1358, 5051, 7384, -106112, -3101, 4956, 40390
7304.6, 1285, 1358, 5051, 7384, -106112, -3101, 4956, 40385
7308.8, 1512, 1488, 4572, 7390, -106559, -1570, 6028, 40385
7312.5, 1371, 1488, 4572, 7390, -106559, -1570, 6028, 40314
7316.2, 1237, 1488, 4572, 7390, -106559, -1570, 6028, 40361
7320.5, 1880, 1657, 4238, 8011, -105605, -3591, 6886, 40361
7324.2, 1765, 1657, 4238, 8011, -105605, -3591, 6886, 40405
7328.4, 1697, 1543, 3948, 7064, -108274, -4182, 7691, 40405
7332.2, 1381, 1543, 3948, 7064, -108274, -4182, 7691, 40315
7335.9, 1646, 1543, 3948, 7064, -108274, -4182, 7691, 40359
7340.2, 1761, 1258, 4007, 7648, -111734, -2940, 8054, 40359
7343.9, 1291, 1258, 4007, 7648, -111734, -2940, 8054, 40389
7348.1, 1493, 1361, 4205, 8523, -112207, -1859, 7490, 40389
7351.8, 1712, 1361, 4205, 8523, -112207, -1859, 7490, 40362
7355.6, 1356, 1361, 4205, 8523, -112207, -1859, 7490, 40380
7359.8, 1248, 1655, 3806, 7582, -113813, 26, 4760, 40380
7363.5, 1759, 1655, 3806, 7582, -113813, 26, 4760, 40384
7367.8, 1452, 1727, 3796, 8912, -113458, 468, 2043, 40384
7371.5, 1544, 1727, 3796, 8912, -113458, 468, 2043, 40391
7373.8, 1360, 1727, 3796, 8912, -113458, 468, 2043, 40391
7379.5, 1509, 1597, 3567, 7911, -113852, 2301, 3508, 40391
7383.3, 1507, 1597, 3567, 7911, -113852, 2301, 3508, 40409
7389.0, 1619, 1800, 3292, 7823, -112916, 8203, 6671, 40422
7392.7, 1190, 1800, 3292, 7823, -112916, 8203, 6671, 40453
7398.4, 2263, 1741, 2974, 8516, -113191, 11121, 8771, 40473
7400.7, 1960, 1741, 2974, 8516, -113191, 11121, 8771, 40473
7403.0, 1572, 1741, 2974, 8516, -113191, 11121, 8771, 40473
7408.7, 1446, 1411, 2948, 9148, -114736, 10403, 9117, 40499
7411.0, 1368, 1411, 2948, 9148, -114736, 10403, 9117, 40499
7415.2, 1572, 1395, 2832, 8809, -115663, 8264, 8798, 40499
7419.0, 1451, 1395, 2832, 8809, -115663, 8264, 8798, 40480
7421.2, 1559, 1395, 2832, 8809, -115663, 8264, 8798, 40480
7425.5, 1509, 1933, 2394, 8613, -117938, 6409, 6387, 40480
7429.2, 1658, 1933, 2394, 8613, -117938, 6409, 6387, 40512
7431.5, 1816, 1933, 2394, 8613, -117938, 6409, 6387, 40512
7435.7, 1496, 1976, 2133, 8793, -119181, 2463, 2878, 40512
7439.4, 1764, 1976, 2133, 8793, -119181, 2463, 2878, 40525
7441.7, 1403, 1976, 2133, 8793, -119181, 2463, 2878, 40525
7445.9, 1564, 1439, 2240, 9432, -116551, 2086, 3710, 40525
7449.6, 1470, 1439, 2240, 9432, -116551, 2086, 3710, 40533
7451.9, 1281, 1439, 2240, 9432, -116551, 2086, 3710, 40533
7457.6, 1707, 1182, 2102, 8663, -114066, 8155, 9695, 40557
7461.3, 2266, 1182, 2102, 8663, -114066, 8155, 9695, 40599
7465.6, 1830, 1481, 1439, 10272, -112281, 9703, 14087, 40599
7469.3, 1972, 1481, 1439, 10272, -112281, 9703, 14087, 40596
7473.5, 1509, 1567, 852, 9591, -112417, 3521, 12648, 40596
7477.2, 1333, 1567, 852, 9591, -112417, 3521, 12648, 40619
7481.0, 1587, 1567, 852, 9591, -112417, 3521, 12648, 40619
7485.2, 1735, 1727, 547, 8921, -111787, 2778, 8001, 40619
7488.9, 1580, 1727, 547, 8921, -111787, 2778, 8001, 40664
7493.1, 1681, 1582, 587, 8163, -112714, 6265, 4213, 40664
7496.9, 1858, 1582, 587, 8163, -112714, 6265, 4213, 40699
7500.6, 1618, 1582, 587, 8163, -112714, 6265, 4213, 40725
7504.8, 1344, 1396, 1092, 7722, -117488, 8916, 3801, 40725
7508.6, 1962, 1396, 1092, 7722, -117488, 8916, 3801, 40722
7512.8, 1807, 1347, 1588, 10195, -118455, 8470, 6728, 40722
7516.5, 1474, 1347, 1588, 10195, -118455, 8470, 6728, 40782
7518.8, 1345, 1347, 1588, 10195, -118455, 8470, 6728, 40782
7524.5, 1376, 1354, 1223, 11328, -115208, 5490, 9962, 40773
7528.2, 1828, 1354, 1223, 11328, -115208, 5490, 9962, 40776
7534.0, 1717, 1251, 305, 10340, -109486, 2314, 11313, 40814
7537.7, 1806, 1251, 305, 10340, -109486, 2314, 11313, 40770
7543.4, 1727, 1169, -610, 7805, -109459, 5070, 12044, 40752
7547.1, 1802, 1169, -610, 7805, -109459, 5070, 12044, 40315
7552.8, 1415, 1604, -1065, 9342, -110667, 6361, 10163, 40722
7556.5, 1504, 1604, -1065, 9342, -110667, 6361, 10163, 40803
7560.8, 1711, 1604, -1065, 9342, -113051, 3661, 7428, 40803
7564.5, 1733, 1604, -1065, 9342, -113051, 3661, 7428, 40728
7566.8, 1321, 1604, -1065, 9342, -113051, 3661, 7428, 40728
7571.0, 1493, 1734, -166, 9303, -115567, 3959, 7568, 40728
7574.7, 1762, 1734, -166, 9303, -115567, 3959, 7568, 40702
7577.0, 1641, 1734, -166, 9303, -115567, 3959, 7568, 40702
7582.7, 1792, 1638, 208, 10253, -115961, 5083, 10364, 40678
7586.4, 1488, 1638, 208, 10253, -115961, 5083, 10364, 40669
7590.7, 1431, 1638, -315, 10688, -113288, 5311, 13768, 40669
7594.4, 1633, 1638, -315, 10688, -113288, 5311, 13768, 40602
7596.6, 1701, 1638, -315, 10688, -113288, 5311, 13768, 40602
7600.9, 1787, 1406, -1380, 8904, -111669, 5512, 14083, 40602
7604.7, 1370, 1406, -1380, 8904, -111669, 5512, 14083, 40669
7606.9, 1373, 1406, -1380, 8904, -111669, 5512, 14083, 40669
7612.6, 1345, 1077, -2064, 9924, -108943, 7730, 12718, 40651
7616.4, 1729, 1077, -2064, 9924, -108943, 7730, 12718, 40646
7620.6, 2035, 1123, -2374, 9993, -106764, 8325, 12862, 40646
7624.4, 1574, 1123, -2374, 9993, -106764, 8325, 12862, 40625
7626.6, 1295, 1123, -2374, 9993, -106764, 8325, 12862, 40625
7630.9, 1584, 1324, -2540, 9460, -107219, 4961, 12442, 40625
7634.6, 2019, 1324, -2540, 9460, -107219, 4961, 12442, 40599
7638.8, 1634, 1324, -2540, 9460, -107219, 4961, 11165, 40599
7642.5, 1654, 1324, -2540, 9460, -107219, 4961, 11165, 40810
7646.2, 2009, 1324, -2540, 9460, -107219, 4961, 11165, 40610
7650.5, 1480, 1293, -1929, 9455, -109626, 1968, 11016, 40610
7654.2, 1658, 1293, -1929, 9455, -109626, 1968, 11016, 40597
7658.4, 1338, 1293, -1929, 9455, -109626, 1968, 11016, 40597
7662.1, 1656, 1293, -1929, 9455, -109626, 1968, 11016, 40598
7665.9, 1627, 1293, -1929, 9455, -109626, 1968, 11016, 40609
7670.1, 1704, 1311, -1826, 9442, -108024, 3933, 11939, 40609
7673.9, 1747, 1311, -1826, 9442, -108024, 3933, 11939, 40597
7678.1, 1529, 1311, -1826, 9442, -108024, 3933, 11939, 40597
7681.8, 1526, 1311, -1826, 9442, -108024, 3933, 11939, 40612
7685.6, 1554, 1311, -1826, 9442, -108024, 3933, 11939, 40611
7689.8, 1495, 1049, -2800, 9795, -102582, -529, 16253, 40611
7693.5, 1519, 1049, -2800, 9795, -102582, -529, 16253, 40621
7697.8, 1486, 1049, -2800, 9795, -102582, -529, 16253, 40621
7701.5, 1835, 1049, -2800, 9795, -102582, -529, 16253, 40630
7703.8, 1652, 1049, -2800, 9795, -102582, -529, 16253, 40630
7709.5, 1988, 1077, -3874, 9503, -101961, 2624, 16808, 40628
7713.3, 1379, 1077, -3874, 9503, -101961, 2624, 16808, 40614
7719.0, 1701, 1077, -3874, 9503, -101961, 2624, 16808, 40605
7721.3, 1462, 1077, -3874, 9503, -101961, 2624, 16808, 40605
7723.5, 1077, 1077, -3874, 9503, -101961, 2624, 16808, 40605
7729.3, 1471, 1110, -3582, 9084, -102871, 2016, 11685, 40583
7731.5, 1425, 1110, -3582, 9084, -102871, 2016, 11685, 40583
7735.7, 1810, 1363, -3227, 9893, -103186, 2016, 11685, 40583
7739.4, 2061, 1363, -3227, 9893, -103186, 2016, 11685, 40582
7741.7, 1229, 1363, -3227, 9893, -103186, 2016, 11685, 40582
7745.9, 1790, 1193, -2941, 9517, -103396, -419, 11738, 40582
7749.6, 1798, 1193, -2941, 9517, -103396, -419, 11738, 40562
7751.9, 1395, 1193, -2941, 9517, -103396, -419, 11738, 40562
7757.7, 1282, 1238, -3212, 9506, -102066, 1154, 14835, 40529
7761.4, 1685, 1238, -3212, 9506, -102066, 1154, 14835, 40519
7765.7, 1649, 1165, -3779, 9418, -99462, 4340, 17522, 40519
7769.4, 1654, 1165, -3779, 9418, -99462, 4340, 17522, 40529
7771.7, 1772, 1165, -3779, 9418, -99462, 4340, 17522, 40529
7775.9, 1655, 1038, -4127, 8755, -98434, 10005, 19171, 40529
7779.6, 1404, 1038, -4127, 8755, -98434, 10005, 19171, 40549
7783.9, 1627, 1240, -4381, 10129, -98246, 12477, 19031, 40549
7787.6, 1583, 1240, -4381, 10129, -98246, 12477, 19031, 40483
7791.3, 1849, 1240, -4381, 10129, -98246, 12477, 19031, 40503
7795.6, 2071, 1135, -4187, 9219, -98789, 6702, 16585, 40503
7799.4, 1603, 1135, -4187, 9219, -98789, 6702, 16585, 40510
7803.6, 1466, 1114, -4108, 8632, -100517, 5000, 14477, 40510
7807.3, 1196, 1114, -4108, 8632, -100517, 5000, 14477, 40514
7811.1, 1559, 1114, -4108, 8632, -100517, 5000, 14477, 40503
7815.3, 2076, 1183, -4103, 9832, -100114, 5009, 13160, 40503
7819.1, 1374, 1183, -4103, 9832, -100114, 5009, 13160, 40498
7823.3, 1464, 1114, -4063, 8946, -101208, 2550, 13225, 40498
7827.0, 1763, 1114, -4063, 8946, -101208, 2550, 13225, 40497
7830.7, 1708, 1114, -4063, 8946, -101208, 2550, 13225, 40478
7835.0, 1618, 1138, -4604, 8989, -100858, 1933, 14603, 40478
7838.7, 1252, 1138, -4604, 8989, -100858, 1933, 14603, 40474
7842.9, 1704, 1156, -5419, 9391, -97756, 1150, 14923, 40474
7846.7, 1477, 1156, -5419, 9391, -97756, 1150, 14923, 40506
7849.0, 1215, 1156, -5419, 9391, -97756, 1150, 14923, 40506
7854.7, 2260, 1061, -5935, 8331, -95367, 1308, 12377, 40450
7858.5, 1443, 1061, -5935, 8331, -95367, 1308, 12377, 40449
7862.7, 985, 821, -5995, 8073, -93893, 3758, 9528, 40449
7866.4, 1659, 821, -5995, 8073, -93893, 3758, 9528, 40450
7868.7, 1560, 821, -5995, 8073, -93893, 3758, 9528, 40450
7874.5, 1816, 869, -5659, 9040, -93517, 3898, 9008, 40455
7878.3, 1954, 869, -5659, 9040, -93517, 3898, 9008, 40451
7884.0, 1400, 988, -5428, 8258, -93224, 1211, 9988, 40475
7886.3, 925, 988, -5428, 8258, -93224, 1211, 9988, 40475
7888.5, 1056, 988, -5428, 8258, -93224, 1211, 9988, 40475
7894.3, 1556, 1181, -5480, 8133, -93377, 1172, 11515, 40454
7896.5, 1263, 1181, -5480, 8133, -93377, 1172, 11515, 40454
7900.7, 1839, 1232, -5670, 8677, -92182, 1049, 12534, 40454
7904.8, 1547, 1232, -5670, 8677, -92182, 1049, 12534, 40433
7907.1, 1586, 1232, -5670, 8677, -92182, 1049, 12534, 40433
7912.8, 1460, 973, -6171, 7920, -90017, 2874, 13387, 40430
7916.5, 1579, 973, -6171, 7920, -90017, 2874, 13387, 40434
7920.8, 1596, 651, -6579, 7757, -87195, 9218, 14455, 40434
7924.5, 1868, 651, -6579, 7757, -87195, 9218, 14455, 40432
7926.8, 1719, 651, -6579, 7757, -87195, 9218, 14455, 40432
7931.0, 1923, 614, -6723, 7824, -87037, 14415, 14892, 40432
7934.7, 1323, 614, -6723, 7824, -87037, 14415, 14892, 40422
7939.0, 1211, 879, -6551, 7789, -89076, 14997, 13164, 40422
7942.7, 1832, 879, -6551, 7789, -89076, 14997, 13164, 40438
7946.5, 2440, 879, -6551, 7789, -89076, 14997, 13164, 40464
7950.8, 1413, 1003, -6201, 8389, -91202, 12035, 10758, 40464
7954.5, 798, 1003, -6201, 8389, -91202, 12035, 10758, 40434
7958.7, 1638, 955, -6203, 8207, -92633, 10701, 10185, 40434
7962.5, 1619, 955, -6203, 8207, -92633, 10701, 10185, 40415
7966.3, 1166, 955, -6203, 8207, -92633, 10701, 10185, 40426
7970.5, 1734, 772, -6546, 8325, -89426, 11716, 11685, 40426
7974.3, 1759, 772, -6546, 8325, -89426, 11716, 11685, 40437
7978.5, 1739, 578, -7316, 7310, -85375, 13763, 13610, 40437
7982.2, 1882, 578, -7316, 7310, -85375, 13763, 13610, 40451
7986.0, 1640, 578, -7316, 7310, -85375, 13763, 13610, 40389
7990.2, 1589, 576, -7910, 7215, -83445, 15317, 13440, 40389
7994.0, 1567, 576, -7910, 7215, -83445, 15317, 13440, 40477
7998.2, 1640, 645, -7669, 7598, -83091, 16091, 10767, 40477
8001.9, 1864, 645, -7669, 7598, -83091, 16091, 10767, 40492
8005.6, 1608, 645, -7669, 7598, -83091, 16091, 10767, 40527
8009.9, 1248, 694, -7206, 7233, -83629, 15658, 8023, 40527
8013.6, 1943, 694, -7206, 7233, -83629, 15658, 8023, 40522
8017.8, 2210, 864, -6897, 7612, -84290, 14310, 6794, 40522
8021.6, 1650, 864, -6897, 7612, -84290, 14310, 6794, 40544
8023.8, 965, 864, -6897, 7612, -84290, 14310, 6794, 40544
8029.6, 1521, 723, -6818, 7245, -85068, 12180, 6938, 40569
8033.3, 1624, 723, -6818, 7245, -85068, 12180, 6938, 40585
8039.0, 1762, 652, -7115, 7648, -84784, 12985, 7975, 40610
8041.2, 1714, 652, -7115, 7648, -84784, 12985, 7975, 40610
8043.5, 1457, 652, -7115, 7648, -84784, 12985, 7975, 40610
8049.2, 1534, 522, -7410, 6627, -84119, 14450, 7892, 40616
8051.5, 1204, 522, -7410, 6627, -84119, 14450, 7892, 40616
8055.7, 1470, 342, -7655, 6789, -82155, 16472, 7196, 40616
8059.5, 1647, 342, -7655, 6789, -82155, 16472, 7196, 40627
8061.7, 1533, 342, -7655, 6789, -82155, 16472, 7196, 40627
8066.0, 1596, 515, -7855, 6855, -79954, 17242, 6343, 40627
8069.7, 1438, 515, -7855, 6855, -79954, 17242, 6343, 40628
8072.0, 1383, 515, -7855, 6855, -79954, 17242, 6343, 40628
8077.7, 1796, 457, -7969, 6894, -80164, 13483, 4366, 41284
8081.4, 1504, 457, -7969, 6894, -80164, 13483, 4366, 41314
8085.7, 1686, 284, -8038, 6421, -79665, 8623, 4248, 41314
8089.4, 1725, 284, -8038, 6421, -79665, 8623, 4248, 41334
8091.6, 1589, 284, -8038, 6421, -79665, 8623, 4248, 41334
8095.8, 1426, 522, -8323, 5895, -78414, 10522, 5285, 41334
8099.6, 1759, 522, -8323, 5895, -78414, 10522, 5285, 41333
8101.8, 2027, 522, -8323, 5895, -78414, 10522, 5285, 41333
8107.6, 1831, 662, -8273, 6416, -78703, 12713, 3850, 41386
8111.3, 1045, 662, -8273, 6416, -78703, 12713, 3850, 41391
8115.6, 818, 720, -8063, 6347, -79683, 11712, 1251, 41391
8119.3, 1896, 720, -8063, 6347, -79683, 11712, 1251, 41409
8123.6, 1722, 445, -7977, 6765, -79683, 12573, 778, 41409
8127.3, 1181, 445, -7977, 6765, -79683, 12573, 778, 41426
8131.0, 1490, 445, -7977, 6765, -79683, 12573, 778, 41428
8135.3, 2127, 59, -8268, 6111, -77324, 14183, 2638, 41428
8139.0, 1423, 59, -8268, 6111, -77324, 14183, 2638, 41370
8143.2, 1255, 111, -8740, 5581, -74713, 15093, 3631, 41370
8147.0, 1536, 111, -8740, 5581, -74713, 15093, 3631, 41437
8150.7, 1765, 111, -8740, 5581, -74713, 15093, 3631, 41446
8155.0, 1785, 241, -9032, 5901, -70009, 13860, 2117, 41446
8158.7, 1621, 241, -9032, 5901, -70009, 13860, 2117, 41462
8162.9, 1909, 394, -9116, 4963, -67800, 13212, -826, 41462
8166.6, 1575, 394, -9116, 4963, -67800, 13212, -826, 41476
8168.9, 1103, 394, -9116, 4963, -67800, 13212, -826, 41476
8174.6, 1657, 640, -8772, 5882, -67117, 12845, -2708, 41507
8178.3, 1734, 640, -8772, 5882, -67117, 12845, -2708, 41531
8184.0, 1679, 436, -8603, 5797, -68736, 9778, -1649, 41545
8187.7, 1631, 436, -8603, 5797, -68736, 9778, -1649, 41593
8193.5, 1720, 412, -8863, 5126, -67441, 10417, 1741, 41598
8197.2, 1691, 412, -8863, 5126, -67441, 10417, 1741, 41602
8203.0, 2438, 412, -8863, 5126, -68990, 15102, 3110, 41608
8206.7, 1988, 412, -8863, 5126, -68990, 15102, 3110, 41638
8210.9, 708, 643, -8971, 5536, -71414, 15710, 883, 41638
8214.6, 606, 643, -8971, 5536, -71414, 15710, 883, 41623
8216.9, 917, 643, -8971, 5536, -71414, 15710, 883, 41623
8222.6, 1780, 559, -8801, 5847, -71799, 14984, -1933, 41634
8226.3, 1920, 559, -8801, 5847, -71799, 14984, -1933, 41628
8230.6, 1684, 206, -8793, 5868, -71020, 17802, -3600, 41628
8234.3, 1648, 206, -8793, 5868, -71020, 17802, -3600, 41622
8236.6, 1507, 206, -8793, 5868, -71020, 17802, -3600, 41622
8240.8, 1483, -187, -9004, 4797, -68478, 20278, -4151, 41622
8244.6, 1407, -187, -9004, 4797, -68478, 20278, -4151, 41605
8246.8, 1208, -187, -9004, 4797, -68478, 20278, -4151, 41605
8252.6, 2062, -212, -8933, 4713, -66584, 19368, -3766, 41602
8256.3, 1768, -212, -8933, 4713, -66584, 19368, -3766, 41526
8260.6, 1490, -56, -8933, 4713, -65612, 14337, -3482, 41526
8264.4, 1225, -56, -8933, 4713, -65612, 14337, -3482, 41583
8266.6, 1075, -56, -8933, 4713, -65612, 14337, -3482, 41583
8270.9, 1741, -68, -9291, 4959, -64142, 6370, -3740, 41583
8274.6, 1866, -68, -9291, 4959, -64142, 6370, -3740, 41580
8278.8, 1883, -68, -9291, 4959, -64142, 6370, -3740, 41580
8282.6, 1710, -68, -9291, 4959, -64142, 6370, -3740, 41580
8286.3, 1322, -68, -9291, 4959, -64142, 6370, -3740, 41580
8290.6, 1323, -95, -9888, 4232, -61062, 1719, -4182, 41580
8294.3, 1560, -95, -9888, 4232, -61062, 1719, -4182, 41577
8298.5, 1834, 141, -9888, 4232, -61062, 1719, -4182, 41577
8302.2, 1991, 141, -9888, 4232, -61062, 1719, -4182, 41334
8306.0, 1748, 141, -9888, 4232, -61062, 1719, -4182, 41567
8310.3, 1319, 200, -9530, 4036, -59413, 6470, -5267, 41567
8314.0, 1819, 200, -9530, 4036, -59413, 6470, -5267, 41571
8318.3, 1941, 251, -9530, 4036, -59413, 6470, -5267, 41571
8322.0, 1610, 251, -9530, 4036, -59413, 6470, -5267, 41565
8325.7, 1224, 251, -9530, 4036, -59413, 6470, -5267, 41575
8330.0, 1258, 205, -9468, 4206, -57965, 5796, -4042, 41575
8333.7, 1481, 205, -9468, 4206, -57965, 5796, -4042, 41573
8337.9, 1824, 10, -9468, 4206, -57965, 5796, -4042, 41573
8341.7, 1589, 10, -9468, 4206, -57965, 5796, -4042, 41428
8344.0, 1436, 10, -9468, 4206, -57965, 5796, -4042, 41428
8349.7, 1449, -165, -9618, 3956, -55375, 8163, -3473, 41593
8353.5, 1686, -165, -9618, 3956, -55375, 8163, -3473, 41590
8357.7, 1901, -157, -9618, 3956, -55375, 8163, -3473, 41590
8361.4, 1673, -157, -9618, 3956, -55375, 8163, -3473, 41600
8363.7, 1444, -157, -9618, 3956, -55375, 8163, -3473, 41600
8369.5, 1673, -125, -9739, 4060, -53677, 4703, -4156, 41631
8371.7, 1522, -125, -9739, 4060, -53677, 4703, -4156, 41631
8376.0, 1892, -85, -9746, 3736, -52185, 2156, -4318, 41631
8379.7, 1803, -85, -9746, 3736, -52185, 2156, -4318, 41597
8382.0, 1316, -85, -9746, 3736, -52185, 2156, -4318, 41597
8387.7, 1178, 92, -9744, 3787, -50864, 1728, -3447, 41590
8391.4, 1427, 92, -9744, 3787, -50864, 1728, -3447, 41574
8395.7, 1826, 230, -9848, 4036, -49805, 345, -2926, 41574
8399.4, 1687, 230, -9848, 4036, -49805, 345, -2926, 41551
8401.7, 1417, 230, -9848, 4036, -49805, 345, -2926, 41551
8405.9, 1746, 272, -9780, 3445, -48042, -691, -2979, 41551
8409.6, 1705, 272, -9780, 3445, -48042, -691, -2979, 41561
8411.9, 1343, 272, -9780, 3445, -48042, -691, -2979, 41561
8417.6, 1849, 241, -9682, 3334, -46397, 1548, -2716, 41550
8421.3, 1771, 241, -9682, 3334, -46397, 1548, -2716, 41540
8425.6, 1302, 214, -9718, 3762, -44905, 3858, -2463, 41540
8429.3, 1277, 214, -9718, 3762, -44905, 3858, -2463, 41546
8431.6, 1222, 214, -9718, 3762, -44905, 3858, -2463, 41546
8435.9, 1593, -77, -9522, 3335, -44590, 5337, -2738, 41546
8439.6, 1666, -77, -9522, 3335, -44590, 5337, -2738, 41527
8443.9, 1861, -96, -9780, 3725, -43133, 6750, -2423, 41527
8447.6, 1718, -96, -9780, 3725, -43133, 6750, -2423, 41520
8451.3, 1571, -96, -9780, 3725, -43133, 6750, -2423, 41516
8455.6, 1562, -41, -9894, 3509, -41830, 7131, -2231, 41516
8459.3, 1589, -41, -9894, 3509, -41830, 7131, -2231, 41514
8463.6, 1667, 47, -9692, 3524, -42801, 4620, -3167, 41514
8467.3, 1615, 47, -9692, 3524, -42801, 4620, -3167, 41507
8471.1, 1603, 47, -9692, 3524, -42801, 4620, -3167, 41508
8475.3, 1739, -63, -9401, 3384, -42420, -2415, -3574, 41508
8479.1, 1734, -63, -9401, 3384, -42420, -2415, -3574, 41537
8483.3, 1550, -101, -9313, 2988, -42836, -7048, -2699, 41537
8487.0, 1687, -101, -9313, 2988, -42836, -7048, -2699, 41496
8490.8, 2136, -101, -9313, 2988, -42836, -7048, -2699, 41505
8495.0, 1479, 15, -9497, 3075, -43146, -5543, -1640, 41505
8498.7, 1215, 15, -9497, 3075, -43146, -5543, -1640, 41472
8502.9, 1541, -26, -9834, 3425, -42516, -861, -1623, 41472
8506.7, 1467, -26, -9834, 3425, -42516, -861, -1623, 41459
8509.0, 1233, -26, -9834, 3425, -42516, -861, -1623, 41459
8514.7, 1678, -233, -10100, 3455, -41939, 1701, -2975, 41452
8518.5, 1680, -233, -10100, 3455, -41939, 1701, -2975, 41464
8522.7, 1734, -283, -10054, 2868, -39274, 1911, -4169, 41464
8526.4, 1671, -283, -10054, 2868, -39274, 1911, -4169, 41431
8528.7, 1542, -283, -10054, 2868, -39274, 1911, -4169, 41431
8534.5, 2048, 22, -9981, 2624, -36746, 1452, -3753, 41441
8536.7, 1330, 22, -9981, 2624, -36746, 1452, -3753, 41441
8540.9, 1209, 256, -9723, 2877, -35739, -393, -2660, 41441
8544.6, 1230, 256, -9723, 2877, -35739, -393, -2660, 41388
8546.9, 1272, 256, -9723, 2877, -35739, -393, -2660, 41388
8552.6, 1800, 203, -9766, 2805, -35004, -2843, -1513, 41377
8556.3, 1771, 203, -9766, 2805, -35004, -2843, -1513, 41360
8560.5, 1633, 75, -9947, 2208, -33368, -3071, -966, 41360
8564.3, 1679, 75, -9947, 2208, -33368, -3071, -966, 41313
8566.6, 1392, 75, -9947, 2208, -33368, -3071, -966, 41313
8570.8, 1563, 126, -10110, 1959, -31369, 1973, -1019, 41313
8574.6, 1548, 126, -10110, 1959, -31369, 1973, -1019, 41331
8576.9, 1473, 126, -10110, 1959, -31369, 1973, -1019, 41331
8582.6, 1643, 168, -10044, 2428, -29474, 7822, -1277, 41364
8586.3, 1191, 168, -10044, 2428, -29474, 7822, -1277, 41316
8590.6, 1560, -1, -9908, 2432, -27510, 10088, -1391, 41316
8594.3, 1815, -1, -9908, 2432, -27510, 10088, -1391, 41294
8596.5, 1460, -1, -9908, 2432, -27510, 10088, -1391, 41294
8600.7, 2136, -160, -10030, 2324, -25117, 9826, -1408, 41294
8604.5, 1782, -160, -10030, 2324, -25117, 9826, -1408, 41277
8608.7, 1105, -84, -10231, 2306, -22947, 8295, -1995, 41277
8612.5, 1248, -84, -10231, 2306, -22947, 8295, -1995, 41235
8616.3, 1909, -84, -10231, 2306, -22947, 8295, -1995, 41231
8620.5, 1779, 238, -10357, 2676, -20212, 5665, -2664, 41231
8624.2, 2023, 238, -10357, 2676, -20212, 5665, -2664, 41225
8628.5, 1477, 321, -10356, 1829, -16795, 5153, -2489, 41225
8632.2, 789, 321, -10356, 1829, -16795, 5153, -2489, 41207
8636.0, 1689, 321, -10356, 1829, -16795, 5153, -2489, 41219
8640.3, 2024, 357, -10218, 1795, -13094, 9082, -1903, 41219
8644.0, 1299, 357, -10218, 1795, -13094, 9082, -1903, 41169
8648.3, 1935, 528, -10084, 2129, -9524, 13116, -1618, 41169
8652.0, 2181, 528, -10084, 2129, -9524, 13116, -1618, 40688
8655.7, 1305, 528, -10084, 2129, -9524, 13116, -1618, 41126
8660.0, 661, 455, -10154, 1823, -6273, 15518, -1566, 41126
8663.7, 1099, 455, -10154, 1823, -6273, 15518, -1566, 40675
8668.0, 2233, 244, -10208, 1893, -2099, 16795, -1596, 40675
8671.8, 2303, 244, -10208, 1893, -2099, 16795, -1596, 40656
8675.5, 1840, 244, -10208, 1893, -2099, 16795, -1596, 40663
8679.8, 1742, 129, -10189, 1986, 2331, 16852, -1609, 40663
8683.5, 1398, 129, -10189, 1986, 2331, 16852, -1609, 40679
8687.8, 1325, 54, -10122, 2313, 6020, 15194, -1181, 40679
8691.5, 1330, 54, -10122, 2313, 6020, 15194, -1181, 40638
8695.7, 1772, -19, -10168, 2274, 11007, 12814, -358, 40638
8699.4, 1256, -19, -10168, 2274, 11007, 12814, -358, 40650
8701.7, 1198, -19, -10168, 2274, 11007, 12814, -358, 40650
8705.9, 2192, -103, -10228, 2107, 15933, 10767, -52, 40650
8709.6, 2128, -103, -10228, 2107, 15933, 10767, -52, 40651
8711.9, 1413, -103, -10228, 2107, 15933, 10767, -52, 40651
8717.6, 1070, 0, -10165, 2522, 19512, 8947, -310, 40659
8721.3, 1893, 0, -10165, 2522, 19512, 8947, -310, 40682
8725.6, 1828, -156, -10473, 2739, 23419, 6965, -866, 40682
8729.3, 1393, -156, -10473, 2739, 23419, 6965, -866, 40692
8731.5, 924, -156, -10473, 2739, 23419, 6965, -866, 40692
8735.8, 1628, -220, -10491, 2528, 27488, 4987, -2139, 40692
8739.6, 1499, -220, -10491, 2528, 27488, 4987, -2139, 40720
8741.8, 1295, -220, -10491, 2528, 27488, 4987, -2139, 40720
8747.6, 1198, 28, -10347, 2696, 32082, 3263, -1920, 40740
8751.3, 1557, 28, -10347, 2696, 32082, 3263, -1920, 40734
8755.5, 2393, 195, -10439, 3029, 36116, 1920, 476, 40734
8759.3, 1816, 195, -10439, 3029, 36116, 1920, 476, 40779
8761.5, 1890, 195, -10439, 3029, 36116, 1920, 476, 40779
8765.8, 1483, 125, -10334, 2855, 40950, 2524, 2314, 40779
8769.5, 779, 125, -10334, 2855, 40950, 2524, 2314, 40815
8773.7, 1767, 68, -10390, 2953, 44980, 3605, 1846, 40815
8777.5, 2523, 68, -10390, 2953, 44980, 3605, 1846, 40838
8781.3, 1377, 68, -10390, 2953, 44980, 3605, 1846, 40865
8785.5, 505, 32, -10151, 3146, 48292, 4593, 664, 40865
8789.2, 1800, 32, -10151, 3146, 48292, 4593, 664, 40893
8793.5, 3163, -25, -9865, 3518, 51888, 4869, 669, 40893
8797.2, 1704, -25, -9865, 3518, 51888, 4869, 669, 40892
8801.0, 149, -25, -9865, 3518, 51888, 4869, 669, 40936
8805.2, 419, -162, -9838, 3683, 54316, 4655, 1955, 40936
8808.9, 2451, -162, -9838, 3683, 54316, 4655, 1955, 40976
8813.1, 2320, -261, -9975, 4097, 57383, 4073, 2721, 40976
8816.9, 1727, -261, -9975, 4097, 57383, 4073, 2721, 41007
8820.6, 1488, -261, -9975, 4097, 57383, 4073, 2721, 41041
8824.8, 1467, -218, -10046, 3663, 60699, 2642, 2143, 41041
8828.6, 2165, -218, -10046, 3663, 60699, 2642, 2143, 41078
8832.8, 2060, -159, -10022, 4025, 65857, 1233, 1382, 41078
8836.5, 1585, -159, -10022, 4025, 65857, 1233, 1382, 41053
8838.8, 907, -159, -10022, 4025, 65857, 1233, 1382, 41053
8844.5, 794, -56, -10080, 4211, 70163, -1500, 730, 41146
8848.2, 1560, -56, -10080, 4211, 70163, -1500, 730, 41185
8854.0, 3023, -56, -9954, 4627, 74446, -5779, 804, 41215
8856.2, 3238, -56, -9954, 4627, 74446, -5779, 804, 41215
8858.5, 2640, -56, -9954, 4627, 74446, -5779, 804, 41215
8864.2, 102, -134, -10087, 4655, 79070, -7647, 1828, 41265
8866.4, 493, -134, -10087, 4655, 79070, -7647, 1828, 41265
8870.7, 2054, -134, -10087, 4655, 79070, -7647, 1828, 41265
8874.4, 1434, -134, -10087, 4655, 79070, -7647, 1828, 41262
8876.7, 1211, -134, -10087, 4655, 79070, -7647, 1828, 41262
8882.4, 2136, -43, -10219, 4891, 83174, -7800, 1255, 41300
8886.1, 1589, -43, -10219, 4891, 83174, -7800, 1255, 41322
8890.4, 1709, 4, -10287, 4818, 87575, -7476, 1255, 41322
8894.1, 1389, 4, -10287, 4818, 87575, -7476, 1255, 41371
8896.4, 1682, 4, -10287, 4818, 87575, -7476, 1255, 41371
8900.6, 1793, 118, -10103, 4894, 92550, -7310, -1036, 41371
8904.3, 1434, 118, -10103, 4894, 92550, -7310, -1036, 41373
8906.6, 1633, 118, -10103, 4894, 92550, -7310, -1036, 41373
8910.8, 1656, 185, -10224, 5073, 103391, -11751, 48, 41373
8914.5, 645, 185, -10224, 5073, 103391, -11751, 48, 41419
8918.8, 2524, -22, -9973, 5096, 103391, -11751, 48, 41419
8922.5, 2241, -22, -9973, 5096, 103391, -11751, 48, 41402
8926.3, 1255, -22, -9973, 5096, 103391, -11751, 48, 41489
8930.6, 583, -55, -10209, 5512, 112124, -13322, 2117, 41489
8934.3, 2280, -55, -10209, 5512, 112124, -13322, 2117, 41528
8938.6, 1776, -53, -10296, 5609, 112124, -13322, 2117, 41528
8942.3, 680, -53, -10296, 5609, 112124, -13322, 2117, 41568
8946.0, 2189, -53, -10296, 5609, 112124, -13322, 2117, 41594
8950.2, 1965, -84, -10180, 5740, 119675, -13142, -918, 41594
8954.0, 718, -84, -10180, 5740, 119675, -13142, -918, 41620
8958.2, 1344, -10, -10080, 5849, 119675, -13142, -918, 41620
8961.9, 3019, -10, -10080, 5849, 119675, -13142, -918, 41662
8965.6, 2581, -10, -10080, 5849, 119675, -13142, -918, 41691
8969.9, 431, 23, -9932, 5821, 126067, -12206, -1395, 41691
8973.6, 806, 23, -9932, 5821, 126067, -12206, -1395, 41721
8977.8, 1971, -17, -9698, 6013, 126067, -12206, -1395, 41721
8981.6, 2196, -17, -9698, 6013, 126067, -12206, -1395, 41761
8983.9, 1602, -17, -9698, 6013, 126067, -12206, -1395, 41761
8989.6, 1782, 75, -9415, 6287, 130836, -18012, -901, 41828
8993.4, 1478, 75, -9415, 6287, 130836, -18012, -901, 41825
8999.1, 872, 116, -9327, 6274, 130836, -18012, -748, 41867
9002.8, 1153, 116, -9327, 6274, 130836, -18012, -748, 41898
9008.6, 1291, 247, -9357, 6774, 133382, -16852, -748, 41954
9010.8, 1985, 247, -9357, 6774, 133382, -16852, -748, 41954
9013.1, 2247, 247, -9357, 6774, 133382, -16852, -748, 41954
9018.8, 1429, 365, -9284, 6619, 136244, -14953, -1548, 42005
9021.0, 708, 365, -9284, 6619, 136244, -14953, -1548, 42005
9023.3, 555, 365, -9284, 6619, 136244, -14953, -1548, 42005
9029.1, 2342, 212, -9001, 6695, 138484, -11313, -2134, 42053
9031.3, 2026, 212, -9001, 6695, 138484, -11313, -2134, 42053
9035.6, 993, 229, -8697, 7340, 140986, -6790, -1640, 42053
9039.3, 1517, 229, -8697, 7340, 140986, -6790, -1640, 42105
9041.6, 1778, 229, -8697, 7340, 140986, -6790, -1640, 42105
9045.8, 1481, 196, -8631, 7091, 141984, -5433, -1089, 42105
9049.5, 1391, 196, -8631, 7091, 141984, -5433, -1089, 42165
9051.8, 1708, 196, -8631, 7091, 141984, -5433, -1089, 42165
9056.0, 1942, 114, -8388, 7452, 142395, -9218, -1513, 42165
9059.7, 2801, 114, -8388, 7452, 142395, -9218, -1513, 42186
9062.0, 2195, 114, -8388, 7452, 142395, -9218, -1513, 42186
9067.7, 90, -4, -8014, 7534, 142662, -11453, -2533, 42219
9071.4, 1504, -4, -8014, 7534, 142662, -11453, -2533, 42250
9075.7, 1679, 56, -7722, 7711, 143007, -10937, -3031, 42250
9079.4, 1533, 56, -7722, 7711, 143007, -10937, -3031, 42287
9081.7, 2520, 56, -7722, 7711, 143007, -10937, -3031, 42287
9086.0, 2106, 151, -7447, 7680, 143292, -12066, -3176, 42287
9089.7, 778, 151, -7447, 7680, 143292, -12066, -3176, 42306
9093.9, 1705, 131, -7271, 8022, 143073, -15360, -4007, 42306
9097.7, 1469, 131, -7271, 8022, 143073, -15360, -4007, 42331
9101.4, 1012, 131, -7271, 8022, 143073, -15360, -4007, 42320
9105.7, 1419, 141, -6897, 8210, 143252, -18668, -4856, 42320
9109.4, 1971, 141, -6897, 8210, 143252, -18668, -4856, 42407
9113.6, 1978, 250, -6783, 7498, 143270, -18055, -4983, 42407
9117.3, 1486, 250, -6783, 7498, 143270, -18055, -4983, 42415
9121.1, 1567, 250, -6783, 7498, 143270, -18055, -4983, 42437
9125.3, 2139, 298, -6675, 7690, 143318, -16375, -5241, 42437
9129.0, 1301, 298, -6675, 7690, 143318, -16375, -5241, 42445
9133.2, 735, 282, -6650, 8164, 143252, -17119, -5928, 42445
9137.0, 2229, 282, -6650, 8164, 143252, -17119, -5928, 42469
9140.7, 2412, 282, -6650, 8164, 143252, -17119, -5928, 42505
9144.9, 841, 291, -6360, 8200, 143279, -19469, -6803, 42505
9148.7, 1522, 291, -6360, 8200, 143279, -19469, -6803, 42506
9152.9, 1749, 102, -6090, 8513, 143244, -22264, -6803, 42506
9156.6, 1702, 102, -6090, 8513, 143244, -22264, -6803, 42547
9158.9, 1053, 102, -6090, 8513, 143244, -22264, -6803, 42547
9164.6, 2137, 169, -5864, 8315, 143314, -23502, -5906, 42535
9168.3, 2051, 169, -5864, 8315, 143314, -23502, -5906, 42013
9174.1, 1406, 445, -5878, 8251, 143331, -23157, -5783, 42007
9176.3, 2369, 445, -5878, 8251, 143331, -23157, -5783, 42007
9178.5, 2365, 445, -5878, 8251, 143331, -23157, -5783, 42007
9184.3, 1494, 646, -5771, 8596, 143261, -23305, -6930, 41985
9186.5, 1666, 646, -5771, 8596, 143261, -23305, -6930, 41985
9190.7, 1515, 771, -5653, 8192, 143314, -22465, -7813, 41985
9194.4, 997, 771, -5653, 8192, 143314, -22465, -7813, 41993
9196.7, 650, 771, -5653, 8192, 143314, -22465, -7813, 41993
9200.9, 2343, 663, -5498, 8442, 143344, -19407, -6711, 41993
9204.6, 1874, 663, -5498, 8442, 143344, -19407, -6711, 41983
9206.9, 750, 663, -5498, 8442, 143344, -19407, -6711, 41983
9212.6, 2717, 486, -5230, 8380, 143344, -17723, -3447, 41994
9216.3, 709, 486, -5230, 8380, 143344, -17723, -3447, 41993
9220.6, 1412, 397, -4962, 8531, 143292, -18524, -258, 41993
9224.3, 2011, 397, -4962, 8531, 143292, -18524, -258, 41986
9226.5, 2164, 397, -4962, 8531, 143292, -18524, -258, 41986
9230.8, 1544, 358, -4655, 9178, 142657, -22960, 783, 41986
9234.6, 1867, 358, -4655, 9178, 142657, -22960, 783, 41957
9238.8, 1512, 466, -4485, 8486, 141174, -27186, -717, 41957
9242.5, 381, 466, -4485, 8486, 141174, -27186, -717, 41875
9246.3, 1635, 466, -4485, 8486, 141174, -27186, -717, 41918
9250.5, 1775, 506, -4207, 9151, 141109, -26959, -2926, 41918
9254.3, 2772, 506, -4207, 9151, 141109, -26959, -2926, 41864
9258.5, 2278, 640, -3800, 8371, 138672, -24793, -3950, 41864
9262.2, 1520, 640, -3800, 8371, 138672, -24793, -3950, 41821
9266.0, 622, 640, -3800, 8371, 138672, -24793, -3950, 41779
9270.3, 1566, 687, -3434, 9443, 138339, -24382, -2878, 41779
9274.0, 1179, 687, -3434, 9443, 138339, -24382, -2878, 41749
9278.3, 1905, 752, -3402, 8723, 138383, -23336, -778, 41749
9282.0, 1594, 752, -3402, 8723, 138383, -23336, -778, 42280
9285.7, 1421, 752, -3402, 8723, 138383, -23336, -778, 41688
9290.0, 1896, 873, -3354, 8431, 136694, -22312, -568, 41688
9293.7, 1530, 873, -3354, 8431, 136694, -22312, -568, 41616
9297.9, 1665, 745, -2971, 9101, 135539, -23428, -1666, 41616
9301.7, 1701, 745, -2971, 9101, 135539, -23428, -1666, 41556
9304.0, 1838, 745, -2971, 9101, 135539, -23428, -1666, 41556
9309.7, 2233, 710, -2691, 9508, 134012, -25812, -2926, 41543
9313.5, 1181, 710, -2691, 9508, 134012, -25812, -2926, 41449
9317.7, 631, 670, -2299, 9134, 132262, -27856, -4370, 41449
9321.8, 2033, 670, -2299, 9134, 132262, -27856, -4370, 41388
9324.0, 1719, 670, -2299, 9134, 132262, -27856, -4370, 41388
9329.8, 1996, 1052, -2143, 9368, 131672, -27777, -5827, 41351
9333.6, 1741, 1052, -2143, 9368, 131672, -27777, -5827, 41325
9337.8, 1600, 1207, -2021, 9131, 131501, -26534, -7910, 41325
9341.5, 700, 1207, -2021, 9131, 131501, -26534, -7910, 41282
9345.8, 1877, 1402, -1813, 8331, 129742, -26399, -9410, 41282
9349.5, 1201, 1402, -1813, 8331, 129742, -26399, -9410, 41229
9351.8, 2195, 1402, -1813, 8331, 129742, -26399, -9410, 41229
9356.0, 2064, 1597, -1338, 9159, 129327, -26407, -8627, 41229
9359.7, 1823, 1597, -1338, 9159, 129327, -26407, -8627, 41174
9362.0, 1653, 1597, -1338, 9159, 129327, -26407, -8627, 41174
9367.7, 1795, 1430, -943, 9201, 127760, -27488, -5236, 41120
9371.4, 860, 1430, -943, 9201, 127760, -27488, -5236, 42104
9375.7, 1108, 1521, -786, 9169, 127336, -25839, -2152, 42104
9379.4, 1383, 1521, -786, 9169, 127336, -25839, -2152, 40990
9381.6, 1832, 1521, -786, 9169, 127336, -25839, -2152, 40990
9385.9, 1766, 1409, -737, 9278, 125949, -22947, -2712, 40990
9389.6, 1761, 1409, -737, 9278, 125949, -22947, -2712, 40946
9391.9, 2243, 1409, -737, 9278, 125949, -22947, -2712, 40946
9397.6, 2114, 1283, -385, 8769, 124820, -20628, -5779, 40890
9401.4, 1530, 1283, -385, 8769, 124820, -20628, -5779, 42013
9405.6, 915, 1354, -355, 8609, 123342, -15054, -9086, 42013
9409.4, 1621, 1354, -355, 8609, 123342, -15054, -9086, 40783
9413.6, 869, 1354, -355, 8609, 123525, -13383, -11222, 40783
9417.3, 1164, 1354, -355, 8609, 123525, -13383, -11222, 40775
9421.1, 2787, 1354, -355, 8609, 123525, -13383, -11222, 40730
9425.3, 1288, 1593, 211, 9049, 121180, -16721, -11173, 40730
9429.0, 1784, 1593, 211, 9049, 121180, -16721, -11173, 40673
9433.3, 1159, 1593, 211, 9049, 120922, -19294, -8955, 40673
9437.0, 1465, 1593, 211, 9049, 120922, -19294, -8955, 40629
9440.7, 1716, 1593, 211, 9049, 120922, -19294, -8955, 40574
9444.9, 1130, 1566, 500, 8132, 119133, -17185, -6693, 40574
9448.7, 2376, 1566, 500, 8132, 119133, -17185, -6693, 40541
9452.9, 2094, 1566, 500, 8132, 118673, -16209, -7739, 40541
9456.6, 1133, 1566, 500, 8132, 118673, -16209, -7739, 40486
9458.9, 1082, 1566, 500, 8132, 118673, -16209, -7739, 40486
9464.6, 1884, 1459, 537, 8478, 116556, -16861, -10802, 40459
9468.3, 1066, 1459, 537, 8478, 116556, -16861, -10802, 40426
9474.0, 2007, 1564, 675, 8327, 115248, -12145, -13925, 40389
9477.7, 2072, 1564, 675, 8327, 115248, -12145, -13925, 40374
9483.5, 1042, 1613, 972, 9461, 114578, -10141, -15863, 40338
9487.2, 1905, 1613, 972, 9461, 114578, -10141, -15863, 40360
9493.0, 2253, 1613, 972, 9461, 114578, -10141, -15863, 40307
9496.7, 1757, 1613, 972, 9461, 114578, -10141, -15863, 40306
9500.9, 1684, 1712, 1178, 8971, 113646, -11388, -15728, 40306
9504.6, 1110, 1712, 1178, 8971, 113646, -11388, -15728, 40291
9506.9, 754, 1712, 1178, 8971, 113646, -11388, -15728, 40291
9512.6, 1338, 1569, 1345, 9135, 113983, -9826, -14516, 40272
9516.3, 2116, 1569, 1345, 9135, 113983, -9826, -14516, 40275
9520.6, 1513, 1486, 1463, 8416, 113301, -6978, -13295, 40275
9524.3, 1379, 1486, 1463, 8416, 113301, -6978, -13295, 40277
9526.6, 924, 1486, 1463, 8416, 113301, -6978, -13295, 40277
9530.8, 1736, 1569, 1601, 8215, 110470, -6361, -13702, 40277
9534.6, 1573, 1569, 1601, 8215, 110470, -6361, -13702, 40270
9536.9, 1361, 1569, 1601, 8215, 110470, -6361, -13702, 40270
9542.6, 1705, 1554, 2051, 9000, 109674, -6448, -15185, 40304
9546.3, 1743, 1554, 2051, 9000, 109674, -6448, -15185, 40289
9550.6, 1430, 1713, 2234, 9196, 110273, -6286, -16550, 40289
9554.3, 1056, 1713, 2234, 9196, 110273, -6286, -16550, 40293
9556.5, 711, 1713, 2234, 9196, 110273, -6286, -16550, 40293
9560.7, 2234, 1823, 2458, 8616, 109569, -7511, -17312, 40293
9564.5, 2141, 1823, 2458, 8616, 109569, -7511, -17312, 40302
9568.7, 1471, 1655, 2669, 8335, 108799, -7446, -16384, 40302
9572.5, 1273, 1655, 2669, 8335, 108799, -7446, -16384, 40317
9576.2, 1708, 1655, 2669, 8335, 108799, -7446, -16384, 40347
9580.4, 1215, 1532, 2763, 8069, 106651, -7008, -15080, 40347
9584.1, 1557, 1532, 2763, 8069, 106651, -7008, -15080, 40269
9588.3, 2297, 1656, 2782, 8898, 104835, -7350, -15566, 40269
9592.1, 748, 1656, 2782, 8898, 104835, -7350, -15566, 40359
9595.8, 1656, 1656, 2782, 8898, 104835, -7350, -15566, 40369
9600.0, 1846, 1773, 2958, 8252, 102577, -7490, -17640, 40369
9603.8, 1284, 1773, 2958, 8252, 102577, -7490, -17640, 40362
9608.0, 1586, 1932, 3487, 8002, 101650, -5963, -19482, 40362
9611.7, 1541, 1932, 3487, 8002, 101650, -5963, -19482, 40391
9615.5, 1598, 1932, 3487, 8002, 101650, -5963, -19482, 40414
9619.7, 1425, 2039, 3713, 8326, 100784, -5840, -19114, 40414
9623.4, 1900, 2039, 3713, 8326, 100784, -5840, -19114, 40407
9629.1, 1746, 1987, 3835, 7594, 97852, -6650, -16695, 40426
9632.9, 1524, 1987, 3835, 7594, 97852, -6650, -16695, 40440
9638.6, 1211, 2078, 4051, 7926, 95770, -4475, -14424, 40448
9642.3, 1545, 2078, 4051, 7926, 95770, -4475, -14424, 40478
9648.0, 1144, 1966, 4082, 7877, 94615, -1028, -13890, 40504
9651.7, 2378, 1966, 4082, 7877, 94615, -1028, -13890, 40528
9656.0, 1605, 1926, 4153, 7797, 91622, 2585, -14455, 40528
9659.7, 1830, 1926, 4153, 7797, 91622, 2585, -14455, 40553
9662.0, 1249, 1926, 4153, 7797, 91622, 2585, -14455, 40553
9667.7, 1134, 1938, 4210, 8162, 89430, 3250, -15198, 40577
9671.4, 502, 1938, 4210, 8162, 89430, 3250, -15198, 40562
9675.7, 2959, 1698, 4348, 7709, 88183, 2432, -14634, 40562
9679.4, 1936, 1698, 4348, 7709, 88183, 2432, -14634, 40614
9681.7, 1169, 1698, 4348, 7709, 88183, 2432, -14634, 40614
9686.0, 1892, 1686, 4262, 7655, 85462, 2786, -13068, 40614
9689.7, 1431, 1686, 4262, 7655, 85462, 2786, -13068, 40634
9692.0, 1229, 1686, 4262, 7655, 85462, 2786, -13068, 40634
9697.7, 1095, 1611, 4420, 7673, 83738, 796, -12040, 40653
9701.4, 1563, 1611, 4420, 7673, 83738, 796, -12040, 40658
9705.7, 1775, 1586, 4573, 7366, 80755, -542, -12013, 40658
9709.4, 1479, 1586, 4573, 7366, 80755, -542, -12013, 40671
9711.7, 730, 1586, 4573, 7366, 80755, -542, -12013, 40671
9716.0, 2387, 1531, 4919, 7454, 78353, -1557, -12114, 40671
9719.7, 1168, 1531, 4919, 7454, 78353, -1557, -12114, 40719
9724.0, 1485, 1676, 5048, 7725, 76362, -2957, -11278, 40719
9727.7, 892, 1676, 5048, 7725, 76362, -2957, -11278, 40731
9731.4, 1911, 1676, 5048, 7725, 76362, -2957, -11278, 40736
9735.7, 2309, 1685, 5025, 8076, 76358, -4760, -9646, 40736
9739.4, 1744, 1685, 5025, 8076, 76358, -4760, -9646, 40769
9743.6, 1410, 1697, 5005, 6927, 73711, -4882, -7437, 40769
9747.3, 1546, 1697, 5005, 6927, 73711, -4882, -7437, 40794
9751.0, 1536, 1697, 5005, 6927, 73711, -4882, -7437, 40792
9755.3, 1855, 1581, 4977, 6617, 71331, -1369, -5866, 40792
9759.0, 1533, 1581, 4977, 6617, 71331, -1369, -5866, 40746
9763.2, 1641, 1393, 5107, 7301, 71405, 1780, -4313, 40746
9767.0, 1815, 1393, 5107, 7301, 71405, 1780, -4313, 40809
9770.8, 1627, 1393, 5107, 7301, 71405, 1780, -4313, 40814
9775.0, 1512, 1228, 5218, 6687, 69524, 1001, -3241, 40814
9778.8, 2037, 1228, 5218, 6687, 69524, 1001, -3241, 40840
9783.0, 1309, 1098, 5408, 7741, 68671, -3045, -2891, 40840
9786.7, 752, 1098, 5408, 7741, 68671, -3045, -2891, 41191
9789.0, 1271, 1098, 5408, 7741, 68671, -3045, -2891, 41191
9794.7, 1861, 1194, 5381, 6528, 65254, -6654, -3255, 41208
9798.5, 1364, 1194, 5381, 6528, 65254, -6654, -3255, 41221
9802.7, 2750, 1347, 5699, 6730, 63766, -7511, -4803, 41221
9806.5, 2113, 1347, 5699, 6730, 63766, -7511, -4803, 41237
9808.8, 768, 1347, 5699, 6730, 63766, -7511, -4803, 41237
9814.5, 2359, 1385, 5864, 6532, 60787, -5639, -5936, 41257
9818.3, 1529, 1385, 5864, 6532, 60787, -5639, -5936, 41273
9824.0, 1466, 1469, 6004, 7013, 59325, -2655, -5796, 41299
9826.2, 1544, 1469, 6004, 7013, 59325, -2655, -5796, 41299
9830.5, 1766, 1586, 6055, 6511, 57803, -13, -4812, 41299
9834.3, 1446, 1586, 6055, 6511, 57803, -13, -4812, 41332
9836.5, 935, 1586, 6055, 6511, 57803, -13, -4812, 41332
9840.8, 1516, 1640, 6113, 6380, 55992, 56, -4064, 41332
9844.5, 1410, 1640, 6113, 6380, 55992, 56, -4064, 41357
9846.8, 1426, 1640, 6113, 6380, 55992, 56, -4064, 41357
9851.0, 1748, 1298, 6302, 6547, 54373, -3517, -4313, 41357
9854.7, 1830, 1298, 6302, 6547, 54373, -3517, -4313, 41342
9857.0, 1698, 1298, 6302, 6547, 54373, -3517, -4313, 41342
9862.7, 1568, 1073, 6334, 6719, 51936, -7700, -5271, 41311
9866.4, 1530, 1073, 6334, 6719, 51936, -7700, -5271, 41345
9870.7, 1769, 1017, 6501, 6997, 49298, -14866, -7319, 41345
9874.4, 818, 1017, 6501, 6997, 49298, -14866, -7319, 41318
9876.7, 1231, 1017, 6501, 6997, 49298, -14866, -7319, 41318
9880.9, 2206, 1331, 6812, 6445, 45413, -19814, -9988, 41318
9884.7, 1189, 1331, 6812, 6445, 45413, -19814, -9988, 41368
9888.9, 1927, 1423, 6886, 6467, 42801, -23839, -12412, 41368
9892.6, 2299, 1423, 6886, 6467, 42801, -23839, -12412, 41359
9896.4, 1377, 1423, 6886, 6467, 42801, -23839, -12412, 41389
9900.6, 1376, 2161, 6895, 5884, 40675, -24727, -12486, 41389
9904.4, 2076, 2161, 6895, 5884, 40675, -24727, -12486, 41395
9908.6, 1778, 2233, 6875, 6261, 39226, -22986, -10259, 41395
9912.3, 1769, 2233, 6875, 6261, 39226, -22986, -10259, 41395
9916.1, 1272, 2233, 6875, 6261, 39226, -22986, -10259, 41008
9920.3, 1626, 2304, 6869, 6069, 34978, -19534, -8400, 41008
9924.0, 1665, 2304, 6869, 6069, 34978, -19534, -8400, 41378
9928.2, 1754, 2327, 7303, 5943, 33088, -15986, -7245, 41378
9931.9, 1993, 2327, 7303, 5943, 33088, -15986, -7245, 41336
9935.7, 1150, 2327, 7303, 5943, 33088, -15986, -7245, 41373
9939.9, 2265, 2003, 7512, 5968, 30327, -14310, -5928, 41373
9943.7, 813, 2003, 7512, 5968, 30327, -14310, -5928, 41325
9947.9, 2023, 1847, 7533, 5800, 29693, -13790, -3570, 41325
9951.6, 1118, 1847, 7533, 5800, 29693, -13790, -3570, 41310
9953.9, 1085, 1847, 7533, 5800, 29693, -13790, -3570, 41310
9959.6, 1453, 2036, 7346, 6078, 28175, -10635, -2021, 41240
9963.3, 985, 2036, 7346, 6078, 28175, -10635, -2021, 41257
9969.0, 1955, 2021, 7216, 6151, 25773, -11257, -1553, 41202
9972.7, 1134, 2021, 7216, 6151, 25773, -11257, -1553, 41148
9978.5, 2097, 2033, 7316, 5782, 25055, -13063, -568, 41142
9980.7, 1544, 2033, 7316, 5782, 25055, -13063, -568, 41142
9983.0, 1127, 2033, 7316, 5782, 25055, -13063, -568, 41142
9988.7, 2321, 1953, 7325, 5383, 22592, -10618, 100, 41061
9990.9, 2021, 1953, 7325, 5383, 22592, -10618, 100, 41061
9993.2, 1194, 1953, 7325, 5383, 22592, -10618, 100, 41061
9998.9, 481, 1724, 7274, 6188, 21573, -9787, -450, 40991
10001.2, 1037, 1724, 7274, 6188, 21573, -9787, -450, 40991
10005.5, 2076, 1724, 7274, 6188, 21577, -10071, -678, 40991
10009.2, 1423, 1724, 7274, 6188, 21577, -10071, -678, 40891
10011.5, 1200, 1724, 7274, 6188, 21577, -10071, -678, 40891
10015.7, 2258, 1654, 7229, 5730, 20427, -13120, -546, 40891
10019.4, 1103, 1654, 7229, 5730, 20427, -13120, -546, 40818
10021.7, 714, 1654, 7229, 5730, 20427, -13120, -546, 40818
10025.9, 1657, 1657, 7265, 5842, 19206, -13698, -196, 40818
10029.6, 2051, 1657, 7265, 5842, 19206, -13698, -196, 40720
10031.9, 1530, 1657, 7265, 5842, 19206, -13698, -196, 40720
10037.6, 1540, 1912, 7116, 5488, 17194, -12092, -126, 40677
10041.3, 1660, 1912, 7116, 5488, 17194, -12092, -126, 40591
10045.6, 1906, 1947, 7312, 5732, 16397, -7214, 4, 40591
10049.3, 328, 1947, 7312, 5732, 16397, -7214, 4, 40516
10051.5, 634, 1947, 7312, 5732, 16397, -7214, 4, 40516
10055.8, 2607, 1851, 7470, 5735, 13571, -3513, 476, 40516
10059.5, 1342, 1851, 7470, 5735, 13571, -3513, 476, 40454
10063.7, 1794, 1851, 7470, 5735, 13571, -3513, 1399, 40454
10067.4, 1240, 1851, 7470, 5735, 13571, -3513, 1399, 40372
10071.1, 851, 1851, 7470, 5735, 13571, -3513, 1399, 40327
10075.4, 2669, 1376, 7436, 5290, 12180, -5136, 1583, 40327
10079.1, 872, 1376, 7436, 5290, 12180, -5136, 1583, 40234
10083.3, 1870, 1376, 7436, 5290, 12180, -5136, 1583, 40234
10087.1, 2113, 1376, 7436, 5290, 12180, -5136, 1583, 40198
10090.8, 471, 1376, 7436, 5290, 12180, -5136, 1583, 40133
10095.1, 2014, 1778, 7506, 5451, 10101, -7910, -2213, 40133
10098.8, 2009, 1778, 7506, 5451, 10101, -7910, -2213, 40076
10103.0, 1723, 1778, 7506, 5451, 10101, -7910, -2213, 40076
10106.7, 1354, 1778, 7506, 5451, 10101, -7910, -2213, 39997
10110.5, 2064, 1778, 7506, 5451, 10101, -7910, -2213, 39938
10114.7, 865, 1789, 7706, 5760, 9511, -419, -1636, 39938
10118.4, 933, 1789, 7706, 5760, 9511, -419, -1636, 39889
10124.1, 2124, 1661, 7671, 5855, 8640, -245, 196, 39865
10127.9, 2076, 1661, 7671, 5855, 8640, -245, 196, 39802
10133.6, 1767, 1661, 7671, 5796, 6816, 1067, 363, 39776
10137.3, 880, 1661, 7671, 5796, 6816, 1067, 363, 39727
10143.0, 1743, 1698, 7548, 5796, 6816, 1067, 363, 39707
10146.7, 1531, 1698, 7548, 5796, 6816, 1067, 363, 39691
10151.0, 1572, 1548, 7677, 5794, 5757, -223, -2117, 39691
10154.7, 1453, 1548, 7677, 5794, 5757, -223, -2117, 39670
10157.0, 1418, 1548, 7677, 5794, 5757, -223, -2117, 39670
10162.7, 2017, 1679, 7695, 5845, 4340, 271, -5158, 39633
10166.4, 1915, 1679, 7695, 5845, 4340, 271, -5158, 39657
10170.7, 1254, 2023, 7782, 5368, 2463, -888, -6448, 39657
10174.4, 1386, 2023, 7782, 5368, 2463, -888, -6448, 39574
10176.7, 1217, 2023, 7782, 5368, 2463, -888, -6448, 39574
10181.0, 1520, 2236, 7941, 5911, 1723, -1006, -5499, 39574
10184.7, 1891, 2236, 7941, 5911, 1723, -1006, -5499, 39541
10187.0, 1491, 2236, 7941, 5911, 1723, -1006, -5499, 39541
10192.7, 1796, 2129, 8037, 5280, 275, 459, -3167, 39490
10196.4, 1201, 2129, 8037, 5280, 275, 459, -3167, 39472
10200.7, 1576, 2041, 8030, 5135, -888, 2091, -1238, 39472
10204.4, 1626, 2041, 8030, 5135, -888, 2091, -1238, 39443
10206.7, 1294, 2041, 8030, 5135, -888, 2091, -1238, 39443
10211.0, 1719, 1989, 8026, 5486, -2585, 4466, -975, 39443
10214.7, 1359, 1989, 8026, 5486, -2585, 4466, -975, 39423
10219.0, 1676, 1977, 8074, 5566, -4379, 4370, -1942, 39423
10222.7, 1661, 1977, 8074, 5566, -4379, 4370, -1942, 39410
10226.5, 1388, 1977, 8074, 5566, -4379, 4370, -1942, 39408
10230.8, 1815, 2000, 8078, 5398, -7035, 4388, -2988, 39408
10234.5, 1442, 2000, 8078, 5398, -7035, 4388, -2988, 39401
10238.7, 1991, 2119, 7903, 5482, -10163, 4904, -3285, 39401
10242.5, 1598, 2119, 7903, 5482, -10163, 4904, -3285, 39349
10246.2, 1351, 2119, 7903, 5482, -10163, 4904, -3285, 39352
10250.5, 1883, 2189, 7882, 5452, -13265, 5530, -2677, 39352
10254.2, 1522, 2189, 7882, 5452, -13265, 5530, -2677, 39354
10258.4, 1736, 2023, 7813, 5428, -16725, 6330, -1281, 39354
10262.1, 1637, 2023, 7813, 5428, -16725, 6330, -1281, 39322
10265.9, 1336, 2023, 7813, 5428, -16725, 6330, -1281, 39294
10270.1, 1501, 1922, 7630, 5561, -18672, 6899, -48, 39294
10273.8, 1586, 1922, 7630, 5561, -18672, 6899, -48, 39280
10278.1, 1650, 2050, 7333, 5245, -19915, 7253, -656, 39280
10281.8, 1622, 2050, 7333, 5245, -19915, 7253, -656, 39258
10284.1, 1347, 2050, 7333, 5245, -19915, 7253, -656, 39258
10289.9, 1656, 2142, 7152, 5508, -21442, 9642, -2681, 39241
10293.6, 1503, 2142, 7152, 5508, -21442, 9642, -2681, 39234
10297.9, 1689, 2190, 7079, 5252, -23682, 12359, -3928, 39234
10301.6, 1681, 2190, 7079, 5252, -23682, 12359, -3928, 39246
10303.9, 1240, 2190, 7079, 5252, -23682, 12359, -3928, 39246
10309.6, 1749, 2075, 7182, 5550, -26372, 13969, -2673, 39216
10311.9, 1320, 2075, 7182, 5550, -26372, 13969, -2673, 39216
10317.6, 1522, 1911, 7176, 5468, -28897, 14008, 476, 39201
10321.3, 1665, 1911, 7176, 5468, -28897, 14008, 476, 39193
10325.6, 1644, 1729, 7052, 5288, -31955, 13658, 3246, 39193
10329.3, 1645, 1729, 7052, 5288, -31955, 13658, 3246, 39175
10331.6, 1333, 1729, 7052, 5288, -31955, 13658, 3246, 39175
10335.8, 1653, 1455, 7113, 5103, -36068, 14520, 3723, 39175
10339.5, 1916, 1455, 7113, 5103, -36068, 14520, 3723, 39166
10341.8, 1156, 1455, 7113, 5103, -36068, 14520, 3723, 39166
10346.0, 1615, 1251, 6913, 5710, -40298, 14175, 2283, 39166
10349.7, 1599, 1251, 6913, 5710, -40298, 14175, 2283, 40483
10352.0, 1255, 1251, 6913, 5710, -40298, 14175, 2283, 40483
10357.7, 1632, 997, 6999, 5997, -43960, 11930, 686, 40559
10361.4, 1575, 997, 6999, 5997, -43960, 11930, 686, 40671
10365.7, 1790, 1058, 7027, 5218, -48974, 12005, 192, 40671
10369.5, 1479, 1058, 7027, 5218, -48974, 12005, 192, 40713
10373.7, 1550, 1152, 6934, 5870, -51927, 10215, 201, 40713
10377.5, 1793, 1152, 6934, 5870, -51927, 10215, 201, 40764
10381.2, 1617, 1152, 6934, 5870, -51927, 10215, 201, 40831
10385.5, 1633, 1164, 6808, 6211, -53590, 3797, 699, 40831
10389.2, 1451, 1164, 6808, 6211, -53590, 3797, 699, 40896
10393.4, 1570, 1048, 6545, 5776, -57300, -293, 1570, 40896
10397.1, 1686, 1048, 6545, 5776, -57300, -293, 1570, 40964
10400.8, 1427, 1048, 6545, 5776, -57300, -293, 1570, 40995
10405.1, 1679, 1255, 6263, 6274, -60590, -1255, 266, 40995
10408.8, 1843, 1255, 6263, 6274, -60590, -1255, 266, 41046
10413.1, 1634, 1423, 6433, 6166, -64344, -2336, -905, 41046
10416.8, 1591, 1423, 6433, 6166, -64344, -2336, -905, 41073
10419.1, 1505, 1423, 6433, 6166, -64344, -2336, -905, 41073
10424.9, 1505, 1441, 6361, 6064, -68001, -1811, -835, 41121
10428.6, 1544, 1441, 6361, 6064, -68001, -1811, -835, 41126
10432.8, 1594, 1520, 6437, 6260, -70998, -1006, 349, 41126
10436.6, 1177, 1520, 6437, 6260, -70998, -1006, 349, 41199
10438.9, 1141, 1520, 6437, 6260, -70998, -1006, 349, 41199
10444.6, 1670, 1408, 6412, 6710, -73168, -485, 2043, 41230
10448.4, 1376, 1408, 6412, 6710, -73168, -485, 2043, 41242
10454.1, 1514, 1426, 6351, 6501, -73610, 1163, 3320, 41258
10457.8, 2199, 1426, 6351, 6501, -73610, 1163, 3320, 41282
10463.5, 1507, 1475, 6155, 6447, -75106, 813, 3696, 41300
10465.8, 1083, 1475, 6155, 6447, -75106, 813, 3696, 41300
10468.1, 1261, 1475, 6155, 6447, -75106, 813, 3696, 41300
10473.8, 1899, 1583, 6106, 6863, -78987, -3854, 3736, 41310
10476.0, 1407, 1583, 6106, 6863, -78987, -3854, 3736, 41310
10478.3, 1260, 1583, 6106, 6863, -78987, -3854, 3736, 41310
10484.0, 1583, 1592, 5994, 7093, -80737, -8526, 4742, 41332
10486.3, 1387, 1592, 5994, 7093, -80737, -8526, 4742, 41332
10490.5, 1641, 1669, 5821, 6858, -82710, -7931, 6234, 41332
10494.3, 1725, 1669, 5821, 6858, -82710, -7931, 6234, 41342
10496.6, 1402, 1669, 5821, 6858, -82710, -7931, 6234, 41342
10500.8, 1530, 1794, 5809, 6930, -83235, -7280, 8421, 41342
10504.5, 1507, 1794, 5809, 6930, -83235, -7280, 8421, 41350
10506.8, 1681, 1794, 5809, 6930, -83235, -7280, 8421, 41350
10511.0, 1503, 1693, 5642, 7339, -83493, -6750, 11401, 41350
10514.7, 1459, 1693, 5642, 7339, -83493, -6750, 11401, 41362
10517.0, 1312, 1693, 5642, 7339, -83493, -6750, 11401, 41362
10522.7, 1893, 1736, 5382, 6810, -84977, -3325, 13090, 41371
10526.4, 1469, 1736, 5382, 6810, -84977, -3325, 13090, 41403
10530.6, 1754, 1837, 5308, 6793, -86818, 118, 12000, 41403
10534.4, 1570, 1837, 5308, 6793, -86818, 118, 12000, 41434
10536.6, 1436, 1837, 5308, 6793, -86818, 118, 12000, 41434
10540.9, 2023, 1617, 5499, 6814, -89688, 2117, 10600, 41434
10544.6, 1489, 1617, 5499, 6814, -89688, 2117, 10600, 41432
10548.8, 1156, 1494, 5544, 7113, -92313, 3430, 10346, 41432
10552.5, 1633, 1494, 5544, 7113, -92313, 3430, 10346, 41431
10556.2, 1749, 1494, 5544, 7113, -92313, 3430, 10346, 41441
10560.5, 1868, 1669, 5423, 8916, -90813, 1732, 10062, 41441
10564.2, 1712, 1669, 5423, 8916, -90813, 1732, 10062, 41434
10568.4, 1416, 1748, 5018, 7112, -94567, -3338, 9117, 41434
10572.1, 1595, 1748, 5018, 7112, -94567, -3338, 9117, 41433
10575.9, 1720, 1748, 5018, 7112, -94567, -3338, 9117, 41424
10580.1, 1538, 1494, 4949, 7555, -94322, -4655, 9196, 41424
10583.9, 1500, 1494, 4949, 7555, -94322, -4655, 9196, 41430
10588.1, 1584, 1601, 4621, 7890, -95083, -1089, 11222, 41430
10591.8, 1661, 1601, 4621, 7890, -95083, -1089, 11222, 41444
10595.6, 1742, 1601, 4621, 7890, -95083, -1089, 11222, 41442
10599.8, 1594, 1849, 4317, 8282, -95538, -1496, 11869, 41442
10603.5, 1392, 1849, 4317, 8282, -95538, -1496, 11869, 41455
10607.8, 1530, 1918, 3939, 7332, -96811, -2835, 10333, 41455
10611.5, 1377, 1918, 3939, 7332, -96811, -2835, 10333, 41418
10613.8, 1519, 1918, 3939, 7332, -96811, -2835, 10333, 41418
10619.5, 1533, 2073, 3957, 8200, -99808, -2598, 9170, 41490
10623.3, 1948, 2073, 3957, 8200, -99808, -2598, 9170, 41499
10629.0, 1365, 1807, 3742, 8719, -100648, -2379, 9677, 41513
10631.3, 1264, 1807, 3742, 8719, -100648, -2379, 9677, 41513
10633.5, 1415, 1807, 3742, 8719, -100648, -2379, 9677, 41513
10639.3, 1758, 1860, 3595, 7416, -103759, -1675, 10263, 41528
10641.5, 1308, 1860, 3595, 7416, -103759, -1675, 10263, 41528
10645.7, 1698, 1860, 3595, 7416, -105758, 1181, 9493, 41528
10649.4, 1682, 1860, 3595, 7416, -105758, 1181, 9493, 41546
10651.7, 1339, 1860, 3595, 7416, -105758, 1181, 9493, 41546
10655.9, 1566, 1779, 3443, 7299, -104187, 4948, 9305, 41546
10659.6, 1460, 1779, 3443, 7299, -104187, 4948, 9305, 41541
10661.9, 1612, 1779, 3443, 7299, -104187, 4948, 9305, 41541
10667.6, 1233, 1603, 3355, 9071, -102013, 7691, 10723, 41561
10671.3, 1345, 1603, 3355, 9071, -102013, 7691, 10723, 41563
10675.6, 1831, 1704, 3355, 9071, -99839, 5324, 10867, 41563
10679.3, 1808, 1704, 3355, 9071, -99839, 5324, 10867, 41592
10681.5, 1411, 1704, 3355, 9071, -99839, 5324, 10867, 41592
10685.8, 1559, 1966, 2772, 7957, -101816, -826, 11471, 41592
10689.6, 2166, 1966, 2772, 7957, -101816, -826, 11471, 41617
10693.8, 1786, 1741, 2498, 7957, -101816, -826, 11471, 41617
10697.5, 1322, 1741, 2498, 7957, -101816, -826, 11471, 41609
10701.3, 1584, 1741, 2498, 7957, -101816, -826, 11471, 41635
10705.5, 1839, 1691, 2217, 8823, -108099, 538, 12035, 41635
10709.6, 1496, 1691, 2217, 8823, -108099, 538, 12035, 41628
10713.8, 1534, 2110, 1965, 8823, -108099, 538, 12035, 41628
10717.5, 1550, 2110, 1965, 8823, -108099, 538, 12035, 41679
10721.2, 1645, 2110, 1965, 8823, -108099, 538, 12035, 41685
10725.5, 1693, 1930, 2155, 8490, -111905, 2445, 5481, 41685
10729.2, 1375, 1930, 2155, 8490, -111905, 2445, 5481, 41684
10733.4, 1480, 1930, 2155, 8490, -111905, 2445, 5481, 41684
10737.2, 1600, 1930, 2155, 8490, -111905, 2445, 5481, 41640
10740.9, 1470, 1930, 2155, 8490, -111905, 2445, 5481, 41680
10745.2, 1467, 1432, 1975, 9558, -104100, 19770, 16725, 41680
10748.9, 1935, 1432, 1975, 9558, -104100, 19770, 16725, 41692
10753.1, 1852, 1432, 1975, 9558, -104100, 19770, 16725, 41692
10756.8, 2036, 1432, 1975, 9558, -104100, 19770, 16725, 41702
10760.6, 1427, 1432, 1975, 9558, -104100, 19770, 16725, 41705
10764.8, 1432, 1332, 750, 10149, -108156, 2935, 16638, 41705
10768.5, 1236, 1332, 750, 10149, -108156, 2935, 16638, 41699
10772.8, 1773, 1332, 750, 10149, -108156, 2935, 16638, 41699
10776.5, 1994, 1332, 750, 10149, -108156, 2935, 16638, 41699
10778.8, 1634, 1332, 750, 10149, -108156, 2935, 16638, 41699
10784.5, 1479, 1921, -137, 8337, -110628, 2314, 4825, 41698
10788.3, 1437, 1921, -137, 8337, -110628, 2314, 4825, 41708
10794.0, 1558, 2151, -137, 8337, -110628, 2314, 4825, 41722
10796.3, 1250, 2151, -137, 8337, -110628, 2314, 4825, 41722
10798.5, 1218, 2151, -137, 8337, -110628, 2314, 4825, 41722
10804.3, 1636, 1841, 409, 9125, -110330, 3233, 4650, 41729
10806.5, 1791, 1841, 409, 9125, -110330, 3233, 4650, 41729
10810.7, 1405, 1453, 628, 8785, -111192, 7402, 11506, 41729
10814.4, 1392, 1453, 628, 8785, -111192, 7402, 11506, 41751
10816.7, 1806, 1453, 628, 8785, -111192, 7402, 11506, 41751
10820.9, 1994, 1038, 683, 10179, -108974, 11825, 18755, 41751
10824.6, 1487, 1038, 683, 10179, -108974, 11825, 18755, 41805
10826.9, 1266, 1038, 683, 10179, -108974, 11825, 18755, 41805
10832.6, 1512, 1069, 326, 10057, -109678, 12442, 22877, 41760
10836.3, 1987, 1069, 326, 10057, -109678, 12442, 22877, 41779
10840.6, 1606, 1782, -567, 10878, -107526, 6978, 20155, 41779
10844.3, 1464, 1782, -567, 10878, -107526, 6978, 20155, 41777
10846.6, 1383, 1782, -567, 10878, -107526, 6978, 20155, 41777
10850.9, 1810, 2010, -1454, 8846, -109626, 113, 12670, 41777
10854.6, 1733, 2010, -1454, 8846, -109626, 113, 12670, 41549
10858.8, 1679, 2071, -1542, 7535, -111713, 1478, 7599, 41549
10862.6, 1495, 2071, -1542, 7535, -111713, 1478, 7599, 41519
10866.3, 1612, 2071, -1542, 7535, -111713, 1478, 7599, 41469
10870.5, 1567, 2120, -1109, 8813, -111818, 7774, 9620, 41469
10874.3, 1230, 2120, -1109, 8813, -111818, 7774, 9620, 41527
10878.5, 1590, 1900, -816, 9432, -112386, 9778, 16052, 41527
10882.2, 1711, 1900, -816, 9432, -112386, 9778, 16052, 41503
10886.0, 1979, 1900, -816, 9432, -112386, 9778, 16052, 41502
10890.3, 1913, 1162, -334, 10180, -109901, 8947, 23244, 41502
10894.0, 1741, 1162, -334, 10180, -109901, 8947, 23244, 41501
10898.3, 1199, 753, -789, 10149, -108121, 10736, 27755, 41501
10902.0, 1503, 753, -789, 10149, -108121, 10736, 27755, 41515
10905.8, 1507, 753, -789, 10149, -108121, 10736, 27755, 41523
10910.0, 1565, 901, -1902, 10577, -106156, 7879, 25130, 41523
10913.7, 1638, 901, -1902, 10577, -106156, 7879, 25130, 41522
10918.0, 1813, 1186, -2711, 9260, -105802, 472, 17198, 41522
10921.8, 1783, 1186, -2711, 9260, -105802, 472, 17198, 41577
10925.5, 1261, 1186, -2711, 9260, -105802, 472, 17198, 41529
10929.8, 1663, 1380, -2987, 8895, -107539, -2384, 10172, 41529
10933.5, 1747, 1380, -2987, 8895, -107539, -2384, 10172, 41501
10937.8, 1811, 1617, -2498, 8614, -110746, 1579, 9051, 41501
10941.5, 1303, 1617, -2498, 8614, -110746, 1579, 9051, 41486
10943.8, 1174, 1617, -2498, 8614, -110746, 1579, 9051, 41486
10949.5, 1878, 2018, -2043, 8834, -112391, 8194, 11825, 41429
10951.8, 1350, 2018, -2043, 8834, -112391, 8194, 11825, 41429
10957.5, 1487, 2065, -1597, 10690, -109403, 10390, 15277, 41442
10961.2, 1735, 2065, -1597, 10690, -109403, 10390, 15277, 41435
10965.5, 1947, 1634, -1834, 9125, -108580, 9756, 19547, 41435
10969.2, 1326, 1634, -1834, 9125, -108580, 9756, 19547, 41427
10971.5, 1364, 1634, -1834, 9125, -108580, 9756, 19547, 41427
10975.7, 1925, 1329, -2522, 9084, -108471, 10298, 22912, 41427
10979.4, 1126, 1329, -2522, 9084, -108471, 10298, 22912, 41445
10981.7, 1144, 1329, -2522, 9084, -108471, 10298, 22912, 41445
10985.9, 1643, 1173, -3276, 10432, -107289, 9472, 23765, 41445
10989.6, 1811, 1173, -3276, 10432, -107289, 9472, 23765, 41441
10991.9, 1978, 1173, -3276, 10432, -107289, 9472, 23765, 41441
10997.6, 1210, 1109, -3890, 9733, -106117, 6711, 20904, 41435
11001.3, 1308, 1109, -3890, 9733, -106117, 6711, 20904, 41415
11005.6, 1600, 1058, -4361, 8536, -105863, 7975, 16218, 41415
11009.3, 1756, 1058, -4361, 8536, -105863, 7975, 16218, 41445
11011.5, 1649, 1058, -4361, 8536, -105863, 7975, 16218, 41445
11015.8, 1708, 1241, -4256, 9669, -105137, 8636, 12193, 41445
11019.5, 1614, 1241, -4256, 9669, -105137, 8636, 12193, 41437
11023.7, 1498, 1350, -3826, 8481, -107053, 5175, 10360, 41437
11027.4, 1968, 1350, -3826, 8481, -107053, 5175, 10360, 41427
11031.1, 1342, 1350, -3826, 8481, -107053, 5175, 10360, 41432
11035.4, 1711, 1471, -3349, 9237, -108453, 1338, 11497, 41432
11039.1, 1641, 1471, -3349, 9237, -108453, 1338, 11497, 41427
11043.3, 1847, 1619, -3208, 10161, -107040, -2506, 15067, 41427
11047.1, 1662, 1619, -3208, 10161, -107040, -2506, 15067, 41426
11050.8, 1421, 1619, -3208, 10161, -107040, -2506, 15067, 41390
11055.1, 1494, 1541, -3818, 9580, -104179, -3250, 19158, 41390
11058.8, 1352, 1541, -3818, 9580, -104179, -3250, 19158, 41346
11063.0, 1493, 1342, -4686, 8833, -101567, 468, 22448, 41346
11066.7, 1661, 1342, -4686, 8833, -101567, 468, 22448, 41353
11070.5, 1645, 1342, -4686, 8833, -101567, 468, 22448, 41347
11074.7, 1766, 1369, -5602, 8644, -99279, 7284, 23375, 41347
11078.4, 1790, 1369, -5602, 8644, -99279, 7284, 23375, 41334
11084.2, 1329, 1424, -5927, 8215, -98421, 12692, 20584, 41315
11087.9, 1688, 1424, -5927, 8215, -98421, 12692, 20584, 41301
11093.6, 1418, 1231, -5343, 8280, -100451, 15430, 16362, 41332
11097.3, 2069, 1231, -5343, 8280, -100451, 15430, 16362, 41306
11103.0, 1267, 1084, -4570, 9387, -103627, 15688, 13938, 41309
11106.7, 1970, 1084, -4570, 9387, -103627, 15688, 13938, 41287
11111.0, 1639, 1060, -4239, 9655, -104187, 10771, 13427, 41287
11114.7, 809, 1060, -4239, 9655, -104187, 10771, 13427, 41270
11117.0, 658, 1060, -4239, 9655, -104187, 10771, 13427, 41270
11122.7, 2016, 1044, -4593, 10015, -102162, 2843, 13746, 41284
11126.4, 1819, 1044, -4593, 10015, -102162, 2843, 13746, 41277
11130.7, 1589, 1127, -5483, 8378, -99572, -3224, 15212, 41277
11134.4, 1675, 1127, -5483, 8378, -99572, -3224, 15212, 41263
11136.7, 1439, 1127, -5483, 8378, -99572, -3224, 15212, 41263
11141.0, 2302, 1212, -6315, 7920, -97170, -3565, 16402, 41263
11144.7, 1573, 1212, -6315, 7920, -97170, -3565, 16402, 41261
11147.0, 1060, 1212, -6315, 7920, -97170, -3565, 16402, 41261
11152.7, 1224, 1287, -6676, 8324, -96829, -380, 16227, 41240
11156.4, 1578, 1287, -6676, 8324, -96829, -380, 16227, 41214
11160.7, 1606, 1357, -6411, 8146, -97275, 5293, 14975, 41214
11164.4, 1585, 1357, -6411, 8146, -97275, 5293, 14975, 41176
11166.7, 1532, 1357, -6411, 8146, -97275, 5293, 14975, 41176
11171.0, 2469, 1413, -5925, 8060, -98780, 11830, 13676, 41176
11174.7, 1494, 1413, -5925, 8060, -98780, 11830, 13676, 41171
11178.9, 983, 1344, -5604, 8360, -101151, 13637, 12315, 41171
11182.7, 1201, 1344, -5604, 8360, -101151, 13637, 12315, 41204
11186.4, 1790, 1344, -5604, 8360, -101151, 13637, 12315, 41197
11190.7, 2093, 929, -5493, 9544, -98758, 10189, 12713, 41197
11194.4, 1525, 929, -5493, 9544, -98758, 10189, 12713, 41218
11198.6, 1162, 842, -5910, 7095, -97634, 6663, 14669, 41218
11202.3, 1614, 842, -5910, 7095, -97634, 6663, 14669, 41207
11206.0, 1606, 842, -5910, 7095, -97634, 6663, 14669, 41214
11210.3, 1542, 1051, -6531, 7862, -97349, 1723, 14722, 41214
11214.0, 1824, 1051, -6531, 7862, -97349, 1723, 14722, 41192
11218.2, 1800, 1051, -6708, 7952, -97227, -2563, 14258, 41192
11222.0, 1694, 1051, -6708, 7952, -97227, -2563, 14258, 41213
11225.7, 1445, 1051, -6708, 7952, -97227, -2563, 14258, 41139
11229.9, 1500, 984, -6909, 7310, -97358, -1465, 14372, 41139
11233.7, 1640, 984, -6909, 7310, -97358, -1465, 14372, 41127
11237.9, 1757, 984, -6903, 7443, -96929, 2480, 14214, 41127
11241.6, 1708, 984, -6903, 7443, -96929, 2480, 14214, 41109
11243.9, 1584, 984, -6903, 7443, -96929, 2480, 14214, 41109
11249.6, 2104, 909, -6781, 7387, -99283, 7332, 14507, 41098
11253.3, 2466, 909, -6781, 7387, -99283, 7332, 14507, 41095
11259.0, 719, 803, -6601, 8129, -101637, 9970, 14722, 41136
11262.7, 808, 803, -6601, 8129, -101637, 9970, 14722, 41112
11268.5, 1575, 643, -6949, 7788, -102936, 11064, 14140, 41121
11272.2, 2171, 643, -6949, 7788, -102936, 11064, 14140, 41122
11278.0, 1568, 643, -6949, 7788, -102936, 11243, 12066, 41133
11281.7, 1555, 643, -6949, 7788, -102936, 11243, 12066, 41144
11285.9, 1391, 808, -7738, 7475, -98754, 11243, 12066, 41144
11289.6, 1561, 808, -7738, 7475, -98754, 11243, 12066, 41143
11291.9, 1552, 808, -7738, 7475, -98754, 11243, 12066, 41143
11297.6, 1622, 864, -8618, 6276, -91631, 2756, 8583, 41144
11301.3, 1770, 864, -8618, 6276, -91631, 2756, 8583, 41155
11305.5, 1707, 615, -8992, 6297, -85357, 2756, 8583, 41155
11309.3, 1707, 615, -8992, 6297, -85357, 2756, 8583, 41138
11311.6, 1718, 615, -8992, 6297, -85357, 2756, 8583, 41138
11315.9, 1589, 399, -8480, 5874, -81608, -2865, 16730, 41138
11319.6, 822, 399, -8480, 5874, -81608, -2865, 16730, 41150
11321.9, 844, 399, -8480, 5874, -81608, -2865, 16730, 41150
11327.6, 2084, 419, -8014, 6844, -80772, -3010, 17858, 41146
11331.3, 2643, 419, -8014, 6844, -80772, -3010, 17858, 41156
11335.6, 1152, 525, -7960, 7427, -80772, 1049, 14945, 41156
11339.3, 802, 525, -7960, 7427, -80772, 1049, 14945, 41178
11341.6, 922, 525, -7960, 7427, -80772, 1049, 14945, 41178
11345.9, 1400, 547, -8454, 5966, -80173, 7205, 10465, 41178
11349.6, 1608, 547, -8454, 5966, -80173, 7205, 10465, 41198
11353.9, 1712, 666, -8727, 7153, -80173, 7205, 10465, 41198
11357.6, 1802, 666, -8727, 7153, -80173, 7205, 10465, 41222
11361.3, 1854, 666, -8727, 7153, -80173, 7205, 10465, 41188
11365.6, 1954, 457, -8544, 6225, -76454, 10408, 11948, 41188
11369.3, 1802, 457, -8544, 6225, -76454, 10408, 11948, 41247
11373.6, 1119, 416, -8341, 5675, -76454, 10408, 11948, 41247
11377.3, 1406, 416, -8341, 5675, -76454, 10408, 11948, 41254
11381.1, 1520, 416, -8341, 5675, -76454, 10408, 11948, 41276
11385.3, 1043, 469, -8191, 6640, -74494, 1894, 17530, 41276
11389.1, 1394, 469, -8191, 6640, -74494, 1894, 17530, 41293
11393.3, 2733, 348, -8228, 6272, -74494, 1894, 17530, 41293
11397.0, 2345, 348, -8228, 6272, -74494, 1894, 17530, 41294
11400.8, 1286, 348, -8228, 6272, -74494, 1894, 17530, 41276
11405.0, 844, 361, -8444, 6376, -73706, 2428, 12880, 41276
11408.7, 1268, 361, -8444, 6376, -73706, 2428, 12880, 41325
11412.9, 1330, 403, -8644, 6391, -73706, 2428, 12880, 41325
11416.7, 1433, 403, -8644, 6391, -73706, 2428, 12880, 41352
11419.0, 1636, 403, -8644, 6391, -73706, 2428, 12880, 41352
11424.7, 1901, 605, -8856, 6481, -68657, 3657, 8308, 41382
11428.5, 1482, 605, -8856, 6481, -68657, 3657, 8308, 41404
11432.7, 1553, 979, -9084, 5339, -68657, 3657, 8308, 41404
11436.4, 1663, 979, -9084, 5339, -68657, 3657, 8308, 41430
11438.7, 1612, 979, -9084, 5339, -68657, 3657, 8308, 41430
11444.5, 1631, 1260, -8894, 5507, -66142, 5643, 9078, 41484
11446.7, 1683, 1260, -8894, 5507, -66142, 5643, 9078, 41484
11450.9, 2339, 1294, -8487, 5385, -65162, 9559, 12385, 41484
11454.6, 1336, 1294, -8487, 5385, -65162, 9559, 12385, 41548
11456.9, 733, 1294, -8487, 5385, -65162, 9559, 12385, 41548
11462.6, 1331, 1183, -8279, 5866, -65459, 14026, 16192, 42053
11466.3, 1190, 1183, -8279, 5866, -65459, 14026, 16192, 42042
11470.5, 1767, 842, -8495, 6712, -66238, 16087, 17027, 42042
11474.3, 1966, 842, -8495, 6712, -66238, 16087, 17027, 42035
11476.5, 1551, 842, -8495, 6712, -66238, 16087, 17027, 42035
11480.8, 2011, 275, -8737, 5663, -67161, 18217, 14376, 42035
11484.6, 2408, 275, -8737, 5663, -67161, 18217, 14376, 41651
11486.9, 1385, 275, -8737, 5663, -67161, 18217, 14376, 41651
11492.6, 484, -34, -8870, 5716, -66938, 22054, 10342, 42017
11496.3, 1014, -34, -8870, 5716, -66938, 22054, 10342, 41987
11500.6, 1805, 117, -9122, 5944, -66557, 20278, 5280, 41987
11504.4, 1852, 117, -9122, 5944, -66557, 20278, 5280, 42018
11508.6, 1794, 256, -9154, 5324, -64002, 12022, 433, 42018
11512.3, 1745, 256, -9154, 5324, -64002, 12022, 433, 42018
11516.1, 1891, 256, -9154, 5324, -64002, 12022, 433, 42016
11520.3, 1830, 388, -9122, 4289, -61408, 6146, -804, 42016
11524.1, 1236, 388, -9122, 4289, -61408, 6146, -804, 41792
11528.3, 1518, 724, -9239, 4983, -59645, 2673, 1146, 41792
11532.0, 1611, 724, -9239, 4983, -59645, 2673, 1146, 42040
11535.7, 1347, 724, -9239, 4983, -59645, 2673, 1146, 42050
11540.0, 1984, 705, -9243, 4840, -58197, 721, 3010, 42050
11543.7, 1503, 705, -9243, 4840, -58197, 721, 3010, 42054
11547.9, 1082, 401, -9349, 4570, -56840, 4261, 3972, 42054
11551.7, 1275, 401, -9349, 4570, -56840, 4261, 3972, 42053
11554.0, 1496, 401, -9349, 4570, -56840, 4261, 3972, 42053
11559.6, 1817, 271, -9452, 4584, -54920, 10386, 3263, 42037
11563.4, 1749, 271, -9452, 4584, -54920, 10386, 3263, 42034
11569.1, 2089, 270, -9396, 4501, -54460, 13085, 765, 42010
11572.8, 1058, 270, -9396, 4501, -54460, 13085, 765, 42004
11578.5, 1471, 305, -9332, 4883, -54662, 11983, -1653, 41998
11582.3, 1512, 305, -9332, 4883, -54662, 11983, -1653, 41991
11588.0, 1690, 149, -9424, 4515, -53997, 10618, -1697, 41976
11591.7, 1467, 149, -9424, 4515, -53997, 10618, -1697, 41988
11597.5, 1470, -28, -9694, 3931, -52815, 11593, -699, 41943
11601.2, 1531, -28, -9694, 3931, -52815, 11593, -699, 41924
11603.4, 1397, -28, -9694, 3931, -52815, 11593, -699, 41924
11609.2, 1618, -168, -9838, 4021, -49792, 11077, -419, 41922
11611.4, 1646, -168, -9838, 4021, -49792, 11077, -419, 41922
11615.6, 1882, -120, -9869, 4167, -46813, 7463, -975, 41922
11619.3, 1698, -120, -9869, 4167, -46813, 7463, -975, 41903
11621.6, 1328, -120, -9869, 4167, -46813, 7463, -975, 41903
11625.8, 1949, -28, -9772, 3717, -45789, 4961, -1579, 41903
11629.5, 1683, -28, -9772, 3717, -45789, 4961, -1579, 41896
11631.8, 1319, -28, -9772, 3717, -45789, 4961, -1579, 41896
11636.0, 1178, 196, -9712, 3963, -44730, 4536, -1728, 41896
11639.7, 1128, 196, -9712, 3963, -44730, 4536, -1728, 41885
11642.0, 1090, 196, -9712, 3963, -44730, 4536, -1728, 41885
11647.7, 2107, 243, -9744, 3898, -44065, 5941, -1251, 41873
11651.4, 2140, 243, -9744, 3898, -44065, 5941, -1251, 41868
11655.6, 1228, 90, -9741, 3713, -43265, 9113, -227, 41868
11659.4, 1149, 90, -9741, 3713, -43265, 9113, -227, 41878
11661.6, 1290, 90, -9741, 3713, -43265, 9113, -227, 41878
11665.9, 1750, 31, -9808, 3878, -42923, 12022, 69, 41878
11669.7, 1616, 31, -9808, 3878, -42923, 12022, 69, 41832
11673.9, 1901, -88, -9834, 3707, -41799, 11974, -739, 41832
11677.6, 1729, -88, -9834, 3707, -41799, 11974, -739, 41854
11681.4, 1828, -88, -9834, 3707, -41799, 11974, -739, 41800
11685.6, 1578, -217, -9738, 3498, -40412, 10959, -2003, 41800
11689.4, 1287, -217, -9738, 3498, -40412, 10959, -2003, 41764
11693.6, 1266, 21, -9752, 3492, -38876, 9983, -2703, 41764
11697.3, 1319, 21, -9752, 3492, -38876, 9983, -2703, 41757
11701.1, 1479, 21, -9752, 3492, -38876, 9983, -2703, 42017
11705.3, 1876, 137, -9726, 3232, -36260, 7638, -2541, 42017
11709.0, 2167, 137, -9726, 3232, -36260, 7638, -2541, 41714
11713.2, 1673, 89, -9589, 3147, -33788, 5429, -1706, 41714
11717.0, 1296, 89, -9589, 3147, -33788, 5429, -1706, 41679
11720.8, 1086, 89, -9589, 3147, -33788, 5429, -1706, 41654
11725.0, 1627, -69, -9559, 3078, -32502, 5735, -109, 41654
11728.8, 1855, -69, -9559, 3078, -32502, 5735, -109, 41659
11733.0, 1825, -171, -9757, 3440, -31552, 4361, -441, 41659
11736.7, 1526, -171, -9757, 3440, -31552, 4361, -441, 41597
11739.0, 1406, -171, -9757, 3440, -31552, 4361, -441, 41597
11744.8, 1970, -120, -9792, 2700, -30835, 3403, -1049, 41560
11748.5, 1436, -120, -9792, 2700, -30835, 3403, -1049, 41545
11752.7, 1430, -68, -9640, 3420, -30656, 2708, -726, 41545
11756.5, 2015, -68, -9640, 3420, -30656, 2708, -726, 41526
11758.8, 1691, -68, -9640, 3420, -30656, 2708, -726, 41526
11764.5, 817, 46, -9598, 3092, -31399, 433, -1329, 41505
11766.8, 952, 46, -9598, 3092, -31399, 433, -1329, 41505
11771.0, 1892, -98, -9767, 3276, -31618, 1903, -664, 41505
11774.7, 1507, -98, -9767, 3276, -31618, 1903, -664, 41520
11777.0, 1193, -98, -9767, 3276, -31618, 1903, -664, 41520
11782.8, 1616, -226, -9920, 2662, -29802, 3657, -756, 41455
11786.5, 1740, -226, -9920, 2662, -29802, 3657, -756, 41444
11790.8, 1701, -113, -9836, 2879, -28416, 3167, -2257, 41444
11794.5, 1683, -113, -9836, 2879, -28416, 3167, -2257, 41426
11796.8, 1438, -113, -9836, 2879, -28416, 3167, -2257, 41426
11801.0, 1596, 70, -9793, 2924, -28000, 249, -2800, 41426
11804.7, 1613, 70, -9793, 2924, -28000, 249, -2800, 41411
11807.0, 1503, 70, -9793, 2924, -28000, 249, -2800, 41411
11812.8, 1622, 24, -9826, 2442, -27234, -2848, -1601, 41384
11816.5, 1613, 24, -9826, 2442, -27234, -2848, -1601, 41358
11820.8, 1903, -181, -9988, 3062, -26079, -5713, -1225, 41358
11824.5, 1971, -181, -9988, 3062, -26079, -5713, -1225, 41336
11828.8, 1730, -181, -9988, 3062, -26044, -6387, -1679, 41336
11832.5, 1151, -181, -9988, 3062, -26044, -6387, -1679, 41350
11836.3, 1119, -181, -9988, 3062, -26044, -6387, -1679, 41303
11840.6, 1421, -13, -9929, 2777, -25484, -2056, -65, 41303
11844.3, 2089, -13, -9929, 2777, -25484, -2056, -65, 41289
11848.5, 2153, -13, -9929, 2777, -25239, 3941, 498, 41289
11852.3, 1239, -13, -9929, 2777, -25239, 3941, 498, 41283
11856.0, 1008, -13, -9929, 2777, -25239, 3941, 498, 41255
11860.3, 1381, 16, -9756, 2642, -24776, 8658, -354, 41255
11864.0, 1594, 16, -9756, 2642, -24776, 8658, -354, 41234
11868.3, 1985, 16, -9756, 2642, -24342, 8080, -2624, 41234
11872.0, 1869, 16, -9756, 2642, -24342, 8080, -2624, 41207
11875.8, 1398, 16, -9756, 2642, -24342, 8080, -2624, 41220
11880.0, 1544, -68, -9753, 3063, -23367, 4278, -4370, 41220
11883.8, 1815, -68, -9753, 3063, -23367, 4278, -4370, 41183
11888.0, 1858, -68, -9753, 3063, -19819, 1907, -3250, 41183
11891.7, 1887, -68, -9753, 3063, -19819, 1907, -3250, 41213
11895.5, 1338, -68, -9753, 3063, -19819, 1907, -3250, 41158
11899.7, 1554, 17, -9822, 1622, -14188, 4204, -804, 41158
11903.4, 1847, 17, -9822, 1622, -14188, 4204, -804, 41162
11909.1, 1378, 211, -9729, 2768, -10255, 5250, 161, 41147
11912.9, 2067, 211, -9729, 2768, -10255, 5250, 161, 41134
11918.6, 1786, 211, -9729, 2768, -10255, 761, -1154, 41135
11920.8, 1798, 211, -9729, 2768, -10255, 761, -1154, 41135
11923.1, 1409, 211, -9729, 2768, -10255, 761, -1154, 41135
11928.8, 1368, 142, -9949, 2584, -2948, -2244, -3823, 41149
11931.1, 689, 142, -9949, 2584, -2948, -2244, -3823, 41149
11933.3, 904, 142, -9949, 2584, -2948, -2244, -3823, 41149
11939.0, 2613, 116, -10293, 1973, 3084, 2454, -2874, 41115
11941.3, 1875, 116, -10293, 1973, 3084, 2454, -2874, 41115
11945.5, 1177, -5, -10371, 1973, 3084, 2454, -2874, 41115
11949.3, 1242, -5, -10371, 1973, 3084, 2454, -2874, 41106
11951.6, 1055, -5, -10371, 1973, 3084, 2454, -2874, 41106
11955.8, 3117, 43, -10287, 2426, 11090, 9760, 275, 41106
11959.5, 2387, 43, -10287, 2426, 11090, 9760, 275, 41096
11961.8, 743, 43, -10287, 2426, 11090, 9760, 275, 41096
11966.0, 363, 98, -10111, 2444, 16949, 8421, 135, 41096
11969.7, 1551, 98, -10111, 2444, 16949, 8421, 135, 41062
11972.0, 2452, 98, -10111, 2444, 16949, 8421, 135, 41062
11977.7, 601, -50, -10361, 3184, 23432, 888, -4217, 41061
11981.4, 1001, -50, -10361, 3184, 23432, 888, -4217, 41052
11985.7, 2667, 136, -10617, 2343, 28472, 888, -4217, 41052
11989.4, 2067, 136, -10617, 2343, 28472, 888, -4217, 41040
11991.7, 1095, 136, -10617, 2343, 28472, 888, -4217, 41040
11996.0, 883, 192, -10621, 2923, 35210, -748, -437, 41040
11999.7, 1240, 192, -10621, 2923, 35210, -748, -437, 41038
12004.0, 1576, 277, -10508, 3120, 40990, -748, -437, 41038
12007.7, 2254, 277, -10508, 3120, 40990, -748, -437, 41002
12011.5, 2560, 277, -10508, 3120, 40990, -748, -437, 40979
12015.7, 1617, 187, -10570, 2932, 47346, -2030, -1071, 40979
12019.5, 937, 187, -10570, 2932, 47346, -2030, -1071, 40976
12023.7, 1892, 159, -10465, 3441, 51459, -2030, -1071, 40976
12027.5, 1509, 159, -10465, 3441, 51459, -2030, -1071, 41254
12031.2, 894, 159, -10465, 3441, 51459, -2030, -1071, 40926
12035.5, 1989, 248, -10453, 4219, 56027, -3080, -3430, 40926
12039.2, 2234, 248, -10453, 4219, 56027, -3080, -3430, 41299
12043.4, 694, 3, -10470, 3970, 60345, -3080, -3430, 41299
12047.1, 694, 3, -10470, 3970, 60345, -3080, -3430, 41298
12050.9, 1496, 3, -10470, 3970, 60345, -3080, -3430, 41315
12055.1, 2316, 23, -10409, 4110, 63985, 3885, -2948, 41315
12058.8, 2261, 23, -10409, 4110, 63985, 3885, -2948, 41296
12063.1, 1801, 182, -10217, 4435, 69497, 3885, -2948, 41296
12066.8, 2305, 182, -10217, 4435, 69497, 3885, -2948, 41343
12069.1, 2002, 182, -10217, 4435, 69497, 3885, -2948, 41343
12074.8, 517, 214, -9751, 4463, 72949, -1303, -4230, 41354
12078.6, 478, 214, -9751, 4463, 72949, -1303, -4230, 41371
12082.8, 3010, 192, -9695, 5211, 75649, -1303, -4230, 41371
12086.9, 1917, 192, -9695, 5211, 75649, -1303, -4230, 41365
12092.6, 742, -47, -10021, 5030, 79516, -3850, -4856, 41382
12096.3, 1249, -47, -10021, 5030, 79516, -3850, -4856, 41395
12100.5, 2805, -59, -10153, 4945, 82575, -1386, -6558, 41395
12104.3, 2202, -59, -10153, 4945, 82575, -1386, -6558, 41404
12106.6, 1104, -59, -10153, 4945, 82575, -1386, -6558, 41404
12110.8, 1103, 28, -10015, 5666, 87575, -853, -8382, 41404
12114.6, 2598, 28, -10015, 5666, 87575, -853, -8382, 41427
12116.8, 2195, 28, -10015, 5666, 87575, -853, -8382, 41427
12122.6, 402, 80, -9938, 5699, 93858, -5241, -10150, 41396
12126.3, 2475, 80, -9938, 5699, 93858, -5241, -10150, 41451
12130.6, 1557, 183, -9943, 5571, 98307, -12044, -11607, 41451
12134.3, 1458, 183, -9943, 5571, 98307, -12044, -11607, 41462
12136.5, 1288, 183, -9943, 5571, 98307, -12044, -11607, 41462
12140.8, 1830, 205, -10035, 5904, 102661, -17075, -12013, 41462
12144.6, 925, 205, -10035, 5904, 102661, -17075, -12013, 41464
12148.8, 1323, 273, -10036, 5752, 107281, -16992, -12127, 41464
12152.5, 1318, 273, -10036, 5752, 107281, -16992, -12127, 41493
12156.3, 1979, 273, -10036, 5752, 107281, -16992, -12127, 41515
12160.5, 2199, 428, -10123, 6190, 111971, -15863, -12709, 41515
12164.2, 3050, 428, -10123, 6190, 111971, -15863, -12709, 41485
12168.5, 1124, 333, -9708, 5939, 116630, -14918, -12713, 41485
12172.2, 53, 333, -9708, 5939, 116630, -14918, -12713, 41565
12176.0, 1647, 333, -9708, 5939, 116630, -14918, -12713, 41586
12180.3, 2315, 153, -9868, 6425, 120318, -13160, -12188, 41586
12184.0, 1761, 153, -9868, 6425, 120318, -13160, -12188, 41607
12188.3, 1318, 171, -9809, 6639, 125258, -12937, -12622, 41607
12192.0, 1231, 171, -9809, 6639, 125258, -12937, -12622, 41655
12195.7, 2056, 171, -9809, 6639, 125258, -12937, -12622, 41668
12200.0, 2404, 263, -9879, 6527, 129558, -13658, -14170, 41668
12203.7, 1340, 263, -9879, 6527, 129558, -13658, -14170, 41658
12207.9, 1822, 301, -9805, 6527, 132547, -14437, -15365, 41658
12211.7, 378, 301, -9805, 6527, 132547, -14437, -15365, 41722
12214.0, 339, 301, -9805, 6527, 132547, -14437, -15365, 41722
12219.7, 2026, 291, -9668, 6952, 136169, -14315, -14866, 41755
12223.5, 1771, 291, -9668, 6952, 136169, -14315, -14866, 41786
12227.7, 2118, 389, -9511, 6707, 140387, -13956, -13637, 41786
12231.4, 1456, 389, -9511, 6707, 140387, -13956, -13637, 41856
12233.7, 598, 389, -9511, 6707, 140387, -13956, -13637, 41856
12239.5, 1791, 307, -9306, 6987, 142132, -14529, -12985, 41870
12243.2, 2688, 307, -9306, 6987, 142132, -14529, -12985, 41907
12248.9, 1413, 547, -9116, 7473, 142824, -17097, -12950, 41955
12251.1, 946, 547, -9116, 7473, 142824, -17097, -12950, 41955
12253.5, 996, 547, -9116, 7473, 142824, -17097, -12950, 41955
12259.2, 905, 722, -8900, 7373, 143261, -19556, -13470, 41993
12261.5, 951, 722, -8900, 7373, 143261, -19556, -13470, 41993
12265.7, 2152, 561, -8522, 7570, 143344, -18392, -12595, 41993
12269.4, 2648, 561, -8522, 7570, 143344, -18392, -12595, 42022
12271.7, 2310, 561, -8522, 7570, 143344, -18392, -12595, 42022
12275.9, 580, 626, -8476, 7166, 143344, -12910, -10915, 42022
12279.6, 801, 626, -8476, 7166, 143344, -12910, -10915, 42054
12281.9, 1614, 626, -8476, 7166, 143344, -12910, -10915, 42054
12287.6, 2755, 574, -8177, 8205, 143344, -9568, -11007, 42024
12291.3, 2194, 574, -8177, 8205, 143344, -9568, -11007, 42090
12295.6, 1837, 339, -8029, 7214, 143344, -7918, -11602, 42090
12299.3, 831, 339, -8029, 7214, 143344, -7918, -11602, 42125
12301.6, 53, 339, -8029, 7214, 143344, -7918, -11602, 42125
12305.8, 1448, 382, -7780, 8423, 143344, -10434, -12976, 42125
12309.6, 2515, 382, -7780, 8423, 143344, -10434, -12976, 42149
12313.8, 1810, 510, -7591, 7707, 143344, -16008, -14787, 42149
12317.6, 2059, 510, -7591, 7707, 143344, -16008, -14787, 42142
12321.3, 1778, 510, -7591, 7707, 143344, -16008, -14787, 42185
12325.6, 2005, 771, -7280, 7839, 143344, -18134, -15338, 42185
12329.3, 1555, 771, -7280, 7839, 143344, -18134, -15338, 42192
12333.5, 1014, 914, -7016, 8653, 143344, -20120, -14673, 42192
12337.2, 1496, 914, -7016, 8653, 143344, -20120, -14673, 42210
12341.0, 2695, 914, -7016, 8653, 143344, -20120, -14673, 42206
12345.3, 1784, 963, -6640, 7508, 143344, -20186, -12731, 42206
12349.0, 349, 963, -6640, 7508, 143344, -20186, -12731, 42205
12353.3, 1414, 1087, -6499, 8415, 143344, -17154, -10294, 42205
12357.0, 1648, 1087, -6499, 8415, 143344, -17154, -10294, 42209
12360.8, 2115, 1087, -6499, 8415, 143344, -17154, -10294, 42223
12365.0, 1551, 930, -6117, 8398, 143344, -16682, -8850, 42223
12368.7, 1725, 930, -6117, 8398, 143344, -16682, -8850, 42221
12372.9, 1131, 678, -5964, 8579, 143344, -14603, -8360, 42221
12376.7, 2321, 678, -5964, 8579, 143344, -14603, -8360, 42213
12379.0, 3180, 678, -5964, 8579, 143344, -14603, -8360, 42213
12384.7, 138, 526, -5724, 9052, 143344, -15566, -9030, 42198
12388.4, 1203, 526, -5724, 9052, 143344, -15566, -9030, 42203
12394.1, 1901, 659, -5661, 9311, 143344, -19644, -11235, 42253
12397.8, 1566, 659, -5661, 9311, 143344, -19644, -11235, 42215
12403.5, 1344, 933, -5443, 8496, 143344, -21980, -14048, 42212
12405.8, 1358, 933, -5443, 8496, 143344, -21980, -14048, 42212
12408.0, 1348, 933, -5443, 8496, 143344, -21980, -14048, 42212
12413.8, 2018, 1293, -5229, 9064, 143344, -23170, -15435, 42227
12416.0, 1667, 1293, -5229, 9064, 143344, -23170, -15435, 42227
12418.3, 1111, 1293, -5229, 9064, 143344, -23170, -15435, 42227
12424.0, 1775, 1549, -4917, 8836, 143344, -24828, -14363, 42227
12426.2, 2101, 1549, -4917, 8836, 143344, -24828, -14363, 42227
12430.5, 1141, 1549, -4917, 8587, 143344, -23235, -10837, 42227
12434.2, 2262, 1549, -4917, 8587, 143344, -23235, -10837, 42243
12436.5, 2099, 1549, -4917, 8587, 143344, -23235, -10837, 42243
12440.7, 372, 1442, -4463, 8869, 143344, -19101, -7083, 42243
12444.4, 1246, 1442, -4463, 8869, 143344, -19101, -7083, 42280
12446.7, 997, 1442, -4463, 8869, 143344, -19101, -7083, 42280
12452.5, 2942, 1197, -4224, 9378, 143344, -17942, -6693, 42234
12456.2, 1355, 1197, -4224, 9378, 143344, -17942, -6693, 42220
12460.4, 1633, 839, -3827, 9454, 143344, -16275, -7971, 42220
12464.1, 1100, 839, -3827, 9454, 143344, -16275, -7971, 42210
12466.4, 1414, 839, -3827, 9454, 143344, -16275, -7971, 42210
12470.6, 2488, 808, -3409, 9107, 143344, -15023, -9743, 42210
12474.3, 398, 808, -3409, 9107, 143344, -15023, -9743, 42224
12478.6, 1856, 808, -3409, 9107, 143344, -15023, -9743, 42224
12482.3, 1767, 808, -3409, 9107, 143344, -15023, -9743, 42212
12486.0, 2245, 808, -3409, 9107, 143344, -15023, -9743, 42194
12490.3, 2678, 1409, -2723, 8193, 143344, -18471, -15522, 42194
12494.0, 185, 1409, -2723, 8193, 143344, -18471, -15522, 42098
12498.2, 898, 1409, -2723, 8193, 143344, -18471, -15522, 42098
12501.9, 1477, 1409, -2723, 8193, 143344, -18471, -15522, 42190
12505.7, 1881, 1409, -2723, 8193, 143344, -18471, -15522, 42143
12509.9, 2281, 1536, -1859, 9342, 143344, -23822, -13610, 42143
12513.6, 1636, 1536, -1859, 9342, 143344, -23822, -13610, 42109
12517.9, 1337, 1536, -1859, 9342, 143344, -23822, -13610, 42109
12521.6, 1017, 1536, -1859, 9342, 143344, -23822, -13610, 42113
12523.9, 1603, 1536, -1859, 9342, 143344, -23822, -13610, 42113
12529.7, 1741, 1255, -1302, 8885, 143344, -20221, -10163, 42044
12533.4, 490, 1255, -1302, 8885, 143344, -20221, -10163, 42026
12539.1, 2624, 1255, -1198, 9732, 143344, -19499, -12600, 41965
12542.8, 1766, 1255, -1198, 9732, 143344, -19499, -12600, 42014
12548.6, 1389, 1442, -1198, 9732, 143344, -21835, -17264, 42008
12552.3, 756, 1442, -1198, 9732, 143344, -21835, -17264, 42005
12558.0, 2147, 1503, -1112, 9243, 143344, -21914, -21149, 42000
12561.7, 1576, 1503, -1112, 9243, 143344, -21914, -21149, 41980
12566.0, 1341, 1803, -853, 9165, 143344, -21914, -21149, 41980
12569.7, 1792, 1803, -853, 9165, 143344, -21914, -21149, 41987
12572.0, 1650, 1803, -853, 9165, 143344, -21914, -21149, 41987
12577.7, 1714, 1928, -649, 8982, 143344, -21770, -22317, 41986
12581.4, 1676, 1928, -649, 8982, 143344, -21770, -22317, 41978
12585.6, 1551, 1894, -332, 8580, 143344, -21009, -20409, 41978
12589.4, 967, 1894, -332, 8580, 143344, -21009, -20409, 41963
12591.7, 1482, 1894, -332, 8580, 143344, -21009, -20409, 41963
12596.0, 2100, 1811, -93, 9046, 143344, -17259, -17981, 41963
12599.7, 1636, 1811, -93, 9046, 143344, -17259, -17981, 41937
12602.0, 1235, 1811, -93, 9046, 143344, -17259, -17981, 41937
12607.7, 968, 1788, 65, 8868, 143344, -12407, -17220, 40438
12611.4, 1754, 1788, 65, 8868, 143344, -12407, -17220, 41902
12615.7, 1385, 1735, 278, 8971, 143344, -10412, -19084, 41902
12619.4, 2173, 1735, 278, 8971, 143344, -10412, -19084, 40403
12621.7, 1642, 1735, 278, 8971, 143344, -10412, -19084, 40403
12626.0, 2497, 1668, 465, 9568, 143344, -12114, -21420, 40403
12629.7, 1425, 1668, 465, 9568, 143344, -12114, -21420, 40369
12633.9, 937, 1398, 501, 8457, 143344, -13855, -22045, 40369
12637.7, 1719, 1398, 501, 8457, 143344, -13855, -22045, 40359
12641.4, 1578, 1398, 501, 8457, 143344, -13855, -22045, 40354
12645.7, 1719, 1593, 576, 8613, 143344, -15400, -22242, 40354
12649.4, 1454, 1593, 576, 8613, 143344, -15400, -22242, 40355
12653.6, 1171, 1712, 924, 7839, 143344, -13273, -22837, 40355
12657.3, 625, 1712, 924, 7839, 143344, -13273, -22837, 40324
12661.1, 2080, 1712, 924, 7839, 143344, -13273, -22837, 40357
12665.3, 2864, 1927, 1272, 8892, 143344, -11685, -23489, 40357
12669.0, 1310, 1927, 1272, 8892, 143344, -11685, -23489, 40357
12673.2, 2265, 1768, 1409, 8662, 143344, -11611, -23205, 40357
12677.0, 1482, 1768, 1409, 8662, 143344, -11611, -23205, 40364
12680.8, 1145, 1768, 1409, 8662, 143344, -11611, -23205, 40425
12685.0, 1360, 1417, 1658, 7773, 143266, -10001, -22356, 40425
12688.8, 1438, 1417, 1658, 7773, 143266, -10001, -22356, 40422
12693.0, 1932, 1360, 1788, 7791, 143086, -7065, -22483, 40422
12696.7, 1782, 1360, 1788, 7791, 143086, -7065, -22483, 40427
12699.0, 1503, 1360, 1788, 7791, 143086, -7065, -22483, 40427
12704.7, 906, 1307, 2154, 7627, 140422, -6352, -24412, 40435
12708.5, 1259, 1307, 2154, 7627, 140422, -6352, -24412, 40457
12712.7, 2263, 1326, 2687, 7842, 138204, -5985, -26211, 40457
12716.4, 611, 1326, 2687, 7842, 138204, -5985, -26211, 40466
12718.7, 1221, 1326, 2687, 7842, 138204, -5985, -26211, 40466
12724.4, 1282, 1470, 2922, 7986, 136335, -5963, -27208, 40487
12728.1, 2149, 1470, 2922, 7986, 136335, -5963, -27208, 40507
12733.8, 1197, 1644, 3046, 7651, 133273, -6947, -28031, 40550
12736.1, 1385, 1644, 3046, 7651, 133273, -6947, -28031, 40550
12738.3, 2218, 1644, 3046, 7651, 133273, -6947, -28031, 40550
12744.1, 1425, 1898, 3202, 7648, 130705, -9025, -28446, 40565
12746.3, 978, 1898, 3202, 7648, 130705, -9025, -28446, 40565
12750.6, 1651, 1916, 3428, 7024, 127883, -9638, -27646, 40565
12754.3, 1294, 1916, 3428, 7024, 127883, -9638, -27646, 40556
12756.6, 1026, 1916, 3428, 7024, 127883, -9638, -27646, 40556
12760.8, 2080, 1789, 3602, 6829, 123722, -5726, -25283, 40556
12764.5, 2203, 1789, 3602, 6829, 123722, -5726, -25283, 40566
12766.8, 1198, 1789, 3602, 6829, 123722, -5726, -25283, 40566
12772.5, 1591, 1975, 3808, 7383, 120152, -1675, -22798, 40582
12776.2, 1261, 1975, 3808, 7383, 120152, -1675, -22798, 40606
12780.5, 1772, 2004, 3895, 8021, 119400, -1666, -21954, 40606
12784.2, 1736, 2004, 3895, 8021, 119400, -1666, -21954, 40667
12786.5, 1598, 2004, 3895, 8021, 119400, -1666, -21954, 40667
12790.7, 2113, 1943, 4018, 6382, 114513, -2410, -21551, 40667
12794.4, 1549, 1943, 4018, 6382, 114513, -2410, -21551, 40622
12798.7, 1662, 1782, 4291, 6765, 108742, -1023, -20707, 40622
12802.4, 1692, 1782, 4291, 6765, 108742, -1023, -20707, 40632
12806.1, 1512, 1782, 4291, 6765, 108742, -1023, -20707, 40639
12810.3, 1584, 1429, 4676, 6884, 103527, 844, -18379, 40639
12814.1, 1537, 1429, 4676, 6884, 103527, 844, -18379, 40649
12818.3, 1517, 1420, 4732, 7189, 99865, -314, -17386, 40649
12822.0, 1253, 1420, 4732, 7189, 99865, -314, -17386, 40658
12825.8, 1747, 1420, 4732, 7189, 99865, -314, -17386, 40676
12830.0, 2571, 1308, 4804, 6681, 93950, -4340, -18265, 40676
12833.7, 814, 1308, 4804, 6681, 93950, -4340, -18265, 40697
12838.0, 1761, 1462, 5059, 6113, 88310, -7975, -20099, 40697
12841.8, 1806, 1462, 5059, 6113, 88310, -7975, -20099, 40712
12845.5, 938, 1462, 5059, 6113, 88310, -7975, -20099, 40738
12849.8, 2176, 1695, 5226, 6732, 86433, -11782, -21857, 40738
12853.5, 1635, 1695, 5226, 6732, 86433, -11782, -21857, 40744
12857.7, 2099, 1729, 5321, 6138, 83174, -13488, -21704, 40744
12861.5, 1557, 1729, 5321, 6138, 83174, -13488, -21704, 40759
12863.7, 763, 1729, 5321, 6138, 83174, -13488, -21704, 40759
12869.5, 1945, 1861, 5465, 5335, 77329, -11335, -19009, 40772
12873.2, 2343, 1861, 5465, 5335, 77329, -11335, -19009, 40799
12878.9, 894, 1808, 5604, 6072, 75736, -7931, -14831, 40834
12882.6, 995, 1808, 5604, 6072, 75736, -7931, -14831, 40857
12888.3, 2161, 1640, 5495, 6253, 71514, -7196, -11882, 40894
12892.0, 1686, 1640, 5495, 6253, 71514, -7196, -11882, 40915
12897.7, 1902, 1561, 5630, 6364, 67603, -10128, -10823, 40941
12901.5, 2019, 1561, 5630, 6364, 67603, -10128, -10823, 40965
12905.7, 1274, 993, 5848, 6026, 63845, -13908, -11475, 40965
12909.5, 1299, 993, 5848, 6026, 63845, -13908, -11475, 40970
12911.8, 1182, 993, 5848, 6026, 63845, -13908, -11475, 40970
12917.5, 2008, 987, 5836, 6489, 60813, -12385, -11449, 40970
12921.3, 1399, 987, 5836, 6489, 60813, -12385, -11449, 41010
12925.5, 1223, 1064, 5946, 6215, 59855, -15133, -11856, 41010
12929.3, 2084, 1064, 5946, 6215, 59855, -15133, -11856, 41029
12931.6, 2026, 1064, 5946, 6215, 59855, -15133, -11856, 41029
12935.8, 2142, 1194, 6096, 5400, 53922, -18742, -12490, 41029
12939.6, 1620, 1194, 6096, 5400, 53922, -18742, -12490, 41054
12941.9, 526, 1194, 6096, 5400, 53922, -18742, -12490, 41054
12947.6, 2439, 1347, 6302, 6281, 49254, -21455, -13816, 41017
12951.3, 2709, 1347, 6302, 6281, 49254, -21455, -13816, 41083
12955.6, 1789, 1600, 6680, 6115, 45623, -20580, -14726, 41083
12959.3, 1101, 1600, 6680, 6115, 45623, -20580, -14726, 41092
12961.5, 1029, 1600, 6680, 6115, 45623, -20580, -14726, 41092
12965.8, 1839, 1683, 6893, 5231, 42643, -14577, -13921, 41092
12969.5, 2177, 1683, 6893, 5231, 42643, -14577, -13921, 41127
12973.7, 915, 1838, 7130, 5910, 39633, -10845, -11270, 41127
12977.5, 953, 1838, 7130, 5910, 39633, -10845, -11270, 41178
12981.3, 1261, 1838, 7130, 5910, 39633, -10845, -11270, 41166
12985.5, 2006, 1917, 7116, 6562, 38916, -11462, -7227, 41166
12989.2, 1914, 1917, 7116, 6562, 38916, -11462, -7227, 41199
12993.5, 1711, 1417, 7025, 4915, 34891, -13825, -5735, 41199
12997.2, 2067, 1417, 7025, 4915, 34891, -13825, -5735, 41226
13001.0, 2007, 1417, 7025, 4915, 34891, -13825, -5735, 41226
13005.3, 1258, 1223, 7151, 6204, 32708, -13378, -6081, 41226
13009.0, 746, 1223, 7151, 6204, 32708, -13378, -6081, 41225
13013.3, 1754, 1128, 7104, 6409, 32091, -12718, -7888, 41225
13017.0, 1595, 1128, 7104, 6409, 32091, -12718, -7888, 41272
13020.7, 2195, 1128, 7104, 6409, 32091, -12718, -7888, 41300
13025.0, 1086, 1139, 7217, 5612, 30446, -14678, -11633, 41300
13028.7, 2124, 1139, 7217, 5612, 30446, -14678, -11633, 41320
13033.0, 1659, 1332, 7457, 5892, 28993, -21450, -14984, 41320
13036.8, 1697, 1332, 7457, 5892, 28993, -21450, -14984, 41355
13040.5, 1429, 1332, 7457, 5892, 28993, -21450, -14984, 41371
13044.8, 2225, 1595, 7564, 6181, 27702, -27930, -15544, 41371
13048.5, 1098, 1595, 7564, 6181, 27702, -27930, -15544, 41378
13052.8, 1571, 1717, 7670, 5748, 26521, -27580, -13645, 41378
13056.5, 2018, 1717, 7670, 5748, 26521, -27580, -13645, 41391
13060.7, 1602, 1717, 7670, 5748, 27751, -25222, -10115, 41391
13064.4, 1277, 1717, 7670, 5748, 27751, -25222, -10115, 41412
13066.7, 1116, 1717, 7670, 5748, 27751, -25222, -10115, 41412
13070.9, 1510, 1981, 7700, 5714, 26819, -23572, -8220, 41412
13074.6, 1946, 1981, 7700, 5714, 26819, -23572, -8220, 41424
13076.9, 1285, 1981, 7700, 5714, 26819, -23572, -8220, 41424
13082.6, 2017, 2221, 7401, 5359, 24110, -19377, -7319, 41474
13086.3, 1612, 2221, 7401, 5359, 24110, -19377, -7319, 41466
13090.5, 1310, 2170, 7602, 5359, 23690, -15487, -5508, 41466
13094.3, 1599, 2170, 7602, 5359, 23690, -15487, -5508, 41478
13096.5, 1661, 2170, 7602, 5359, 23690, -15487, -5508, 41478
13100.8, 2602, 1975, 7716, 5232, 22185, -13230, -5005, 41478
13104.6, 1736, 1975, 7716, 5232, 22185, -13230, -5005, 41500
13106.8, 118, 1975, 7716, 5232, 22185, -13230, -5005, 41500
13112.6, 1766, 1995, 7905, 5756, 20637, -8557, -4655, 41520
13116.3, 1575, 1995, 7905, 5756, 20637, -8557, -4655, 41544
13120.6, 1775, 1995, 7905, 5754, 21170, -6090, -3950, 41544
13124.3, 1916, 1995, 7905, 5754, 21170, -6090, -3950, 41568
13126.6, 1414, 1995, 7905, 5754, 21170, -6090, -3950, 41568
13130.8, 1436, 1826, 7880, 5311, 19569, -6982, -3303, 41568
13134.6, 2005, 1826, 7880, 5311, 19569, -6982, -3303, 41579
13138.8, 1518, 1826, 7880, 5311, 19569, -6982, -3303, 41579
13142.5, 1945, 1826, 7880, 5311, 19569, -6982, -3303, 41572
13146.3, 1402, 1826, 7880, 5311, 19569, -6982, -3303, 41596
13150.6, 1413, 1515, 7805, 5313, 19184, -8841, -1701, 41596
13154.3, 1807, 1515, 7805, 5313, 19184, -8841, -1701, 41600
13158.5, 1642, 1515, 7805, 5313, 19184, -8841, -1701, 41600
13162.2, 1867, 1515, 7805, 5313, 19184, -8841, -1701, 41614
13165.9, 1375, 1515, 7805, 5313, 19184, -8841, -1701, 41552
13170.2, 1692, 1968, 7855, 5067, 16419, -7896, -3880, 41552
13173.9, 1311, 1968, 7855, 5067, 16419, -7896, -3880, 41619
13178.1, 1800, 1968, 7855, 5067, 16419, -7896, -3880, 41619
13181.9, 1679, 1968, 7855, 5067, 16419, -7896, -3880, 40212
13185.6, 1294, 1968, 7855, 5067, 16419, -7896, -3880, 40156
13189.8, 1823, 1901, 8303, 5048, 14840, -4309, -3845, 40156
13193.6, 1926, 1901, 8303, 5048, 14840, -4309, -3845, 40107
13197.8, 1410, 1901, 8303, 5048, 14840, -4309, -3845, 40107
13201.5, 1275, 1901, 8303, 5048, 14840, -4309, -3845, 40036
13203.8, 1206, 1901, 8303, 5048, 14840, -4309, -3845, 40036
13209.5, 2008, 1896, 8114, 5339, 13746, -2240, -1106, 39988
13213.2, 1469, 1896, 8114, 5339, 13746, -2240, -1106, 39937
13219.0, 1908, 1896, 8114, 5339, 13746, -2240, -1106, 39876
13221.2, 1162, 1896, 8114, 5339, 13746, -2240, -1106, 39876
13223.5, 1405, 1896, 8114, 5339, 13746, -2240, -1106, 39876
13229.2, 1439, 2054, 8011, 4568, 12219, -608, -275, 39814
13231.4, 1079, 2054, 8011, 4568, 12219, -608, -275, 39814
13235.7, 1607, 1948, 8024, 5108, 10526, 839, 205, 39814
13239.4, 1846, 1948, 8024, 5108, 10526, 839, 205, 39763
13241.7, 1478, 1948, 8024, 5108, 10526, 839, 205, 39763
13247.4, 1415, 1925, 8076, 4877, 8518, 1189, 481, 39701
13251.1, 1997, 1925, 8076, 4877, 8518, 1189, 481, 39692
13255.4, 1656, 1823, 8122, 4701, 5013, 5088, -314, 39692
13259.1, 1687, 1823, 8122, 4701, 5013, 5088, -314, 39626
13261.4, 1354, 1823, 8122, 4701, 5013, 5088, -314, 39626
13265.6, 1583, 1683, 8138, 5083, 2148, 6724, -1798, 39626
13269.3, 1258, 1683, 8138, 5083, 2148, 6724, -1798, 39593
13271.6, 1069, 1683, 8138, 5083, 2148, 6724, -1798, 39593
13275.8, 1756, 1602, 8204, 5008, -511, 7481, -3062, 39593
13279.5, 1675, 1602, 8204, 5008, -511, 7481, -3062, 39559
13283.8, 1761, 1709, 8187, 4839, -2174, 8732, -4060, 39559
13287.5, 1858, 1709, 8187, 4839, -2174, 8732, -4060, 39541
13291.3, 1573, 1709, 8187, 4839, -2174, 8732, -4060, 39537
13295.6, 1668, 1913, 8038, 4755, -4878, 8916, -4055, 39537
13299.3, 1611, 1913, 8038, 4755, -4878, 8916, -4055, 39559
13303.6, 1641, 2132, 8053, 4776, -7695, 9231, -3198, 39559
13307.3, 1671, 2132, 8053, 4776, -7695, 9231, -3198, 39531
13311.0, 1377, 2132, 8053, 4776, -7695, 9231, -3198, 39589
13315.2, 1891, 2171, 8006, 5204, -9839, 9673, -1605, 39589
13319.0, 1585, 2171, 8006, 5204, -9839, 9673, -1605, 39552
13323.2, 1616, 2022, 7929, 4769, -13597, 9555, 424, 39552
13326.9, 1594, 2022, 7929, 4769, -13597, 9555, 424, 39572
13330.6, 1498, 2022, 7929, 4769, -13597, 9555, 424, 39595
13334.9, 1710, 1916, 7790, 4932, -15343, 10530, 2463, 39595
13338.6, 1552, 1916, 7790, 4932, -15343, 10530, 2463, 39639
13342.8, 1865, 1978, 7590, 4564, -18226, 14490, 3626, 39639
13346.6, 1351, 1978, 7590, 4564, -18226, 14490, 3626, 39690
13348.9, 1287, 1978, 7590, 4564, -18226, 14490, 3626, 39690
13354.6, 1817, 2033, 7478, 4942, -21892, 20072, 2861, 39766
13358.3, 1711, 2033, 7478, 4942, -21892, 20072, 2861, 39804
13364.0, 1648, 1888, 7502, 5303, -25283, 22242, 1666, 39855
13367.7, 1462, 1888, 7502, 5303, -25283, 22242, 1666, 39926
13373.4, 1615, 1692, 7587, 5166, -29094, 23270, 1561, 39976
13377.2, 1339, 1692, 7587, 5166, -29094, 23270, 1561, 40079
13382.9, 1930, 1405, 7627, 4838, -32869, 20462, 2318, 40133
13386.6, 1659, 1405, 7627, 4838, -32869, 20462, 2318, 40206
13390.9, 1717, 1430, 7642, 5060, -36868, 18554, 3679, 40206
13394.6, 1808, 1430, 7642, 5060, -36868, 18554, 3679, 40304
13396.9, 1247, 1430, 7642, 5060, -36868, 18554, 3679, 40304
13402.6, 1591, 1560, 7417, 5406, -40543, 17172, 5595, 40403
13406.3, 1446, 1560, 7417, 5406, -40543, 17172, 5595, 40505
13410.6, 1716, 1735, 7167, 5311, -44542, 15759, 6313, 40505
13414.3, 1732, 1735, 7167, 5311, -44542, 15759, 6313, 40599
13416.6, 1178, 1735, 7167, 5311, -44542, 15759, 6313, 40599
13420.8, 1569, 1642, 7104, 5066, -47950, 16563, 5845, 40599
13424.6, 1623, 1642, 7104, 5066, -47950, 16563, 5845, 40697
13426.8, 1326, 1642, 7104, 5066, -47950, 16563, 5845, 40697
13432.6, 1747, 1474, 7071, 4931, -51411, 18922, 5652, 40791
13436.3, 1836, 1474, 7071, 4931, -51411, 18922, 5652, 40849
13440.5, 1243, 1333, 7161, 5529, -55419, 16463, 4760, 40849
13444.2, 1598, 1333, 7161, 5529, -55419, 16463, 4760, 40914
13446.5, 1532, 1333, 7161, 5529, -55419, 16463, 4760, 40914
13450.7, 1640, 1117, 7088, 5852, -59794, 14603, 2896, 40914
13454.4, 1540, 1117, 7088, 5852, -59794, 14603, 2896, 40983
13458.6, 1671, 1169, 6992, 5987, -62764, 9756, 1150, 40983
13462.4, 1523, 1169, 6992, 5987, -62764, 9756, 1150, 41052
13466.5, 1569, 1169, 6992, 5987, -62764, 9756, 1150, 41102
13470.7, 1362, 1186, 6823, 5721, -65214, 6899, 1369, 41102
13474.5, 1813, 1186, 6823, 5721, -65214, 6899, 1369, 41196
13478.7, 1485, 1331, 6894, 5685, -68189, 1850, 1951, 41196
13482.5, 1726, 1331, 6894, 5685, -68189, 1850, 1951, 41241
13486.2, 1469, 1331, 6894, 5685, -68189, 1850, 1951, 41308
13490.5, 1945, 1381, 6626, 5866, -72184, -3329, 1837, 41308
13494.2, 1535, 1381, 6626, 5866, -72184, -3329, 1837, 41380
13498.4, 1627, 1456, 6636, 6258, -76047, -2839, 1540, 41380
13502.1, 1488, 1456, 6636, 6258, -76047, -2839, 1540, 41386
13505.9, 1817, 1456, 6636, 6258, -76047, -2839, 1540, 41468
13510.1, 1761, 1645, 6672, 6179, -78169, 332, 1225, 41468
13513.8, 1284, 1645, 6672, 6179, -78169, 332, 1225, 41521
13518.1, 1644, 1779, 6604, 6122, -80076, 4344, 2388, 41521
13521.8, 1694, 1779, 6604, 6122, -80076, 4344, 2388, 41565
13524.1, 1477, 1779, 6604, 6122, -80076, 4344, 2388, 41565
13529.8, 1675, 1768, 6467, 6479, -81621, 5232, 4554, 41611
13533.6, 1902, 1768, 6467, 6479, -81621, 5232, 4554, 41635
13537.8, 1421, 1477, 6391, 6244, -85300, 4650, 6916, 41635
13541.5, 1546, 1477, 6391, 6244, -85300, 4650, 6916, 41688
13545.8, 1523, 1436, 6125, 6266, -89002, 3583, 7695, 41688
13549.5, 1476, 1436, 6125, 6266, -89002, 3583, 7695, 41708
13551.8, 1221, 1436, 6125, 6266, -89002, 3583, 7695, 41708
13556.0, 1452, 1411, 5917, 7533, -90117, 2756, 6759, 41708
13559.7, 1539, 1411, 5917, 7533, -90117, 2756, 6759, 41726
13562.0, 1224, 1411, 5917, 7533, -90117, 2756, 6759, 41726
13567.7, 1571, 1612, 5882, 7004, -92489, -1325, 4983, 41769
13571.4, 1522, 1612, 5882, 7004, -92489, -1325, 4983, 41770
13575.7, 1496, 1542, 5900, 6320, -93679, -2541, 4698, 41770
13579.4, 1772, 1542, 5900, 6320, -93679, -2541, 4698, 41778
13581.7, 1172, 1542, 5900, 6320, -93679, -2541, 4698, 41778
13585.9, 1418, 1590, 5728, 7006, -94313, 3403, 8338, 41778
13589.7, 1492, 1590, 5728, 7006, -94313, 3403, 8338, 41795
13592.0, 1247, 1590, 5728, 7006, -94313, 3403, 8338, 41795
13597.7, 1591, 1587, 5415, 7191, -94007, 4392, 12705, 41810
13601.4, 1917, 1587, 5415, 7191, -94007, 4392, 12705, 41815
13605.7, 1430, 1408, 5070, 6750, -96750, 4851, 14757, 41815
13609.4, 1504, 1408, 5070, 6750, -96750, 4851, 14757, 41819
13613.6, 1513, 1246, 4860, 8052, -98443, 4090, 13847, 41819
13617.3, 1526, 1246, 4860, 8052, -98443, 4090, 13847, 41852
13621.0, 1481, 1246, 4860, 8052, -98443, 4090, 13847, 41828
13625.3, 1940, 1151, 4905, 7818, -101099, -183, 11961, 41828
13629.0, 2018, 1151, 4905, 7818, -101099, -183, 11961, 41816
13633.2, 1026, 1151, 4657, 7386, -105386, -3259, 10220, 41816
13637.0, 1509, 1151, 4657, 7386, -105386, -3259, 10220, 41838
13640.8, 1891, 1151, 4657, 7386, -105386, -3259, 10220, 41843
13645.0, 1566, 1411, 4403, 7997, -106371, -6820, 8513, 41843
13648.8, 1496, 1411, 4403, 7997, -106371, -6820, 8513, 41856
13653.0, 1625, 1411, 4223, 7594, -105268, -4703, 7870, 41856
13656.7, 1419, 1411, 4223, 7594, -105268, -4703, 7870, 41856
13659.0, 1110, 1411, 4223, 7594, -105268, -4703, 7870, 41856
13664.7, 1682, 1524, 4118, 6839, -104734, 5985, 9222, 41841
13668.5, 1787, 1524, 4118, 6839, -104734, 5985, 9222, 41837
13672.7, 1461, 1524, 4019, 8108, -105754, 10320, 11943, 41837
13676.5, 1766, 1524, 4019, 8108, -105754, 10320, 11943, 41840
13678.8, 1439, 1524, 4019, 8108, -105754, 10320, 11943, 41840
13684.5, 1381, 1460, 4012, 8708, -107193, 5547, 15745, 41837
13688.2, 1429, 1460, 4012, 8708, -107193, 5547, 15745, 41847
13694.0, 1580, 1517, 3522, 8578, -107757, 2563, 19333, 41825
13697.7, 1428, 1517, 3522, 8578, -107757, 2563, 19333, 41812
13703.4, 1805, 1517, 3522, 8578, -109543, -376, 18839, 41814
13707.2, 1771, 1517, 3522, 8578, -109543, -376, 18839, 41795
13712.9, 1545, 1568, 3007, 8120, -113226, -3058, 14822, 41793
13716.6, 1602, 1568, 3007, 8120, -113226, -3058, 14822, 41810
13720.9, 1722, 1324, 2900, 7176, -113226, -3058, 11978, 41810
13724.7, 1370, 1324, 2900, 7176, -113226, -3058, 11978, 41798
13727.0, 1357, 1324, 2900, 7176, -113226, -3058, 11978, 41798
13732.7, 1273, 1381, 2964, 8201, -111704, 4051, 11672, 41810
13736.4, 1512, 1381, 2964, 8201, -111704, 4051, 11672, 41794
13740.7, 1614, 1640, 3034, 9355, -111704, 5976, 14687, 41794
13744.4, 1712, 1640, 3034, 9355, -111704, 5976, 14687, 41791
13746.6, 1348, 1640, 3034, 9355, -111704, 5976, 14687, 41791
13750.9, 1384, 1962, 2761, 8793, -108173, 5928, 19919, 41791
13754.7, 1265, 1962, 2761, 8793, -108173, 5928, 19919, 41786
13758.9, 2118, 1843, 2507, 8706, -108173, 5928, 19919, 41786
13762.6, 1906, 1843, 2507, 8706, -108173, 5928, 19919, 41794
13766.4, 1444, 1843, 2507, 8706, -108173, 5928, 19919, 41789
13770.6, 1376, 1439, 2076, 7889, -113506, 10290, 27309, 41789
13774.4, 1878, 1439, 2076, 7889, -113506, 10290, 27309, 41760
13778.6, 1478, 1202, 1776, 7654, -113506, 10290, 27309, 41760
13782.3, 1844, 1202, 1776, 7654, -113506, 10290, 27309, 41793
13786.0, 1725, 1202, 1776, 7654, -113506, 10290, 27309, 41793
13790.3, 1006, 1330, 1769, 10027, -117186, 7840, 14035, 41793
13794.0, 1383, 1330, 1769, 10027, -117186, 7840, 14035, 41863
13798.3, 1880, 1575, 1658, 8921, -117186, 7840, 14035, 41863
13802.0, 1728, 1575, 1658, 8921, -117186, 7840, 14035, 41857
13805.7, 1499, 1575, 1658, 8921, -117186, 7840, 14035, 41853
13809.9, 1544, 1624, 1692, 9329, -114727, 4073, 10657, 41853
13813.7, 1562, 1624, 1692, 9329, -114727, 4073, 10657, 41826
13817.9, 1795, 1326, 1706, 8277, -114727, 4073, 10657, 41826
13821.6, 1768, 1326, 1706, 8277, -114727, 4073, 10657, 41812
13823.9, 1349, 1326, 1706, 8277, -114727, 4073, 10657, 41812
13829.6, 1423, 1296, 1687, 8753, -115668, 10802, 24320, 41821
13833.3, 1569, 1296, 1687, 8753, -115668, 10802, 24320, 41822
13839.0, 1716, 1637, 1113, 9166, -115668, 10802, 24320, 41789
13842.7, 2260, 1637, 1113, 9166, -115668, 10802, 24320, 41841
13848.5, 1450, 1805, 617, 10400, -114093, 3972, 22312, 41854
13852.2, 1494, 1805, 617, 10400, -114093, 3972, 22312, 41856
13858.0, 1235, 1577, -2, 9215, -116101, 1811, 16769, 41859
13861.7, 1599, 1577, -2, 9215, -116101, 1811, 16769, 41805
13865.9, 1812, 1590, 132, 8548, -117028, 5748, 13055, 41805
13869.6, 1676, 1590, 132, 8548, -117028, 5748, 13055, 41841
13871.9, 1343, 1590, 132, 8548, -117028, 5748, 13055, 41841
13877.6, 1496, 1859, 50, 9153, -118367, 6750, 11834, 41830
13881.3, 1483, 1859, 50, 9153, -118367, 6750, 11834, 41747
13885.6, 1639, 1727, 230, 9300, -119575, 5140, 13365, 41747
13889.3, 1352, 1727, 230, 9300, -119575, 5140, 13365, 41798
13891.5, 1072, 1727, 230, 9300, -119575, 5140, 13365, 41798
13895.8, 1655, 1379, 397, 9384, -119645, 7249, 17649, 41798
13899.6, 1267, 1379, 397, 9384, -119645, 7249, 17649, 41799
13901.9, 2438, 1379, 397, 9384, -119645, 7249, 17649, 41799
13907.6, 1248, 1388, 97, 11027, -115891, 7490, 21022, 41787
13911.3, 1516, 1388, 97, 11027, -115891, 7490, 21022, 41790
13915.6, 1579, 1229, -757, 10591, -113725, 2520, 21127, 41790
13919.3, 1593, 1229, -757, 10591, -113725, 2520, 21127, 41751
13921.5, 1556, 1229, -757, 10591, -113725, 2520, 21127, 41751
13925.8, 1608, 1554, -1699, 8939, -113169, -2410, 17054, 41751
13929.5, 1396, 1554, -1699, 8939, -113169, -2410, 17054, 41755
13933.7, 1578, 1951, -2104, 8603, -111546, -485, 12237, 41755
13937.5, 1532, 1951, -2104, 8603, -111546, -485, 12237, 41756
13941.2, 1636, 1951, -2104, 8603, -111546, -485, 12237, 41765
13945.4, 1333, 2137, -1737, 8692, -112850, 3946, 11230, 41765
13949.1, 1477, 2137, -1737, 8692, -112850, 3946, 11230, 41764
13953.4, 1598, 2073, -1115, 9710, -115165, 6195, 15662, 41764
13957.1, 1594, 2073, -1115, 9710, -115165, 6195, 15662, 41801
13960.9, 1995, 2073, -1115, 9710, -115165, 6195, 15662, 41750
13965.2, 1347, 1517, -920, 10290, -115418, 8019, 23139, 41750
13968.9, 1437, 1517, -920, 10290, -115418, 8019, 23139, 41725
13973.1, 1621, 904, -1144, 9576, -114430, 12153, 28267, 41725
13976.8, 1574, 904, -1144, 9576, -114430, 12153, 28267, 41705
13980.6, 1416, 904, -1144, 9576, -114430, 12153, 28267, 41686
13984.8, 1714, 661, -1819, 9822, -112981, 14967, 27077, 41686
13988.6, 2092, 661, -1819, 9822, -112981, 14967, 27077, 41659
13992.8, 1339, 451, -2129, 9665, -113218, 14345, 20965, 41659
13996.5, 1357, 451, -2129, 9665, -113218, 14345, 20965, 41665
13998.8, 1232, 451, -2129, 9665, -113218, 14345, 20965, 41665
14004.5, 1517, 694, -2225, 9518, -115821, 12578, 13912, 41623
14008.2, 1396, 694, -2225, 9518, -115821, 12578, 13912, 41617
14014.0, 1900, 1226, -2070, 10213, -119596, 6085, 8535, 41572
14017.7, 1518, 1226, -2070, 10213, -119596, 6085, 8535, 41616
14023.4, 1582, 1758, -2054, 9993, -121876, -4326, 6549, 41592
14027.1, 1800, 1758, -2054, 9993, -121876, -4326, 6549, 41587
14032.8, 1501, 2097, -2166, 9306, -122462, -13125, 8325, 41547
14036.6, 1465, 2097, -2166, 9306, -122462, -13125, 8325, 41608
14040.8, 1669, 2090, -2654, 8701, -120870, -11751, 14140, 41608
14044.5, 1467, 2090, -2654, 8701, -120870, -11751, 14140, 41600
14046.8, 1251, 2090, -2654, 8701, -120870, -11751, 14140, 41600
14051.0, 1399, 2053, -2961, 8769, -117523, -3001, 21503, 41600
14054.7, 1466, 2053, -2961, 8769, -117523, -3001, 21503, 41591
14057.0, 1287, 2053, -2961, 8769, -117523, -3001, 21503, 41591
14062.7, 1689, 1907, -3620, 9067, -114311, 2078, 26403, 41618
14066.4, 1726, 1907, -3620, 9067, -114311, 2078, 26403, 41589
14070.6, 1828, 1579, -4060, 9673, -111638, 3001, 27768, 41589
14074.4, 1435, 1579, -4060, 9673, -111638, 3001, 27768, 41579
14076.7, 1287, 1579, -4060, 9673, -111638, 3001, 27768, 41579
14081.0, 2058, 1086, -4424, 9147, -111629, 5560, 26880, 41579
14084.7, 858, 1086, -4424, 9147, -111629, 5560, 26880, 41841
14088.9, 1262, 792, -4599, 9830, -111323, 10740, 24395, 41841
14092.7, 1576, 792, -4599, 9830, -111323, 10740, 24395, 41547
14096.4, 1717, 792, -4599, 9830, -111323, 10740, 24395, 41526
14100.7, 1405, 661, -4554, 9489, -111769, 13838, 21293, 41526
14104.4, 1529, 661, -4554, 9489, -111769, 13838, 21293, 41445
14108.6, 1574, 1047, -4788, 9013, -111161, 8535, 17067, 41445
14112.3, 1595, 1047, -4788, 9013, -111161, 8535, 17067, 41477
14116.0, 1460, 1047, -4788, 9013, -111161, 8535, 17067, 41472
14120.3, 1697, 1308, -4990, 9224, -110706, -2340, 13558, 41472
14124.0, 1610, 1308, -4990, 9224, -110706, -2340, 13558, 41422
14128.2, 1301, 1217, -4962, 7856, -111083, -8754, 13654, 41422
14132.0, 1583, 1217, -4962, 7856, -111083, -8754, 13654, 41401
14135.8, 1828, 1217, -4962, 7856, -111083, -8754, 13654, 41387
14140.0, 1778, 1170, -4786, 8106, -111306, -4873, 17736, 41387
14143.8, 2192, 1170, -4786, 8106, -111306, -4873, 17736, 41380
14148.0, 1049, 1259, -4884, 9260, -111555, -349, 21660, 41380
14151.7, 1548, 1259, -4884, 9260, -111555, -349, 21660, 41359
14154.0, 1616, 1259, -4884, 9260, -111555, -349, 21660, 41359
14159.7, 1268, 1023, -5210, 9527, -108716, 1496, 22842, 41330
14163.5, 1597, 1023, -5210, 9527, -108716, 1496, 22842, 41334
14167.7, 1711, 741, -5823, 7624, -106130, 7008, 22658, 41334
14171.5, 1847, 741, -5823, 7624, -106130, 7008, 22658, 41327
14173.8, 1074, 741, -5823, 7624, -106130, 7008, 22658, 41327
14179.5, 1515, 894, -6254, 8377, -105229, 11112, 21385, 41316
14183.2, 1800, 894, -6254, 8377, -105229, 11112, 21385, 41314
14189.0, 1493, 930, -6371, 9355, -105596, 6531, 19420, 41314
14191.2, 1496, 930, -6371, 9355, -105596, 6531, 19420, 41314
14195.5, 1464, 957, -6377, 8443, -105049, 1343, 18655, 41314
14199.3, 1680, 957, -6377, 8443, -105049, 1343, 18655, 41305
14201.5, 1566, 957, -6377, 8443, -105049, 1343, 18655, 41305
14205.8, 1851, 1101, -6361, 8161, -105496, -713, 18594, 41305
14209.5, 1819, 1101, -6361, 8161, -105496, -713, 18594, 41327
14211.8, 1602, 1101, -6361, 8161, -105496, -713, 18594, 41327
14216.0, 1650, 1033, -6471, 8971, -106322, -3478, 18528, 41327
14219.7, 1485, 1033, -6471, 8971, -106322, -3478, 18528, 41322
14222.0, 1335, 1033, -6471, 8971, -106322, -3478, 18528, 41322
14227.7, 1573, 1095, -6281, 7526, -106183, -1102, 19801, 41617
14231.4, 1403, 1095, -6281, 7526, -106183, -1102, 19801, 41301
14235.7, 1646, 1472, -6303, 8578, -105102, 1898, 20939, 41301
14239.4, 1678, 1472, -6303, 8578, -105102, 1898, 20939, 41273
14241.6, 1528, 1472, -6303, 8578, -105102, 1898, 20939, 41273
14245.9, 1640, 1269, -6358, 8484, -105964, -166, 21940, 41273
14249.6, 1240, 1269, -6358, 8484, -105964, -166, 21940, 41255
14253.8, 1087, 1269, -6358, 8484, -104708, -2581, 23905, 41255
14257.5, 1559, 1269, -6358, 8484, -104708, -2581, 23905, 41310
14261.3, 1777, 1269, -6358, 8484, -104708, -2581, 23905, 41280
14265.5, 1473, 862, -7271, 8207, -103636, -4055, 25021, 41280
14269.2, 1658, 862, -7271, 8207, -103636, -4055, 25021, 41296
14273.4, 2073, 862, -7271, 8207, -100928, -4563, 23161, 41296
14277.2, 1510, 862, -7271, 8207, -100928, -4563, 23161, 41322
14280.9, 1715, 862, -7271, 8207, -100928, -4563, 23161, 41338
14285.2, 1252, 958, -7917, 7154, -99817, -4173, 18751, 41338
14288.9, 1549, 958, -7917, 7154, -99817, -4173, 18751, 41308
14293.1, 2100, 958, -7917, 7154, -97397, -3587, 15479, 41308
14296.8, 1658, 958, -7917, 7154, -97397, -3587, 15479, 41320
14300.6, 1561, 958, -7917, 7154, -97397, -3587, 15479, 41295
14304.8, 1538, 752, -7628, 6490, -94930, 2344, 15898, 41295
14308.5, 1280, 752, -7628, 6490, -94930, 2344, 15898, 41294
14312.8, 1461, 752, -7628, 6490, -90660, 6781, 17054, 41294
14316.5, 2132, 752, -7628, 6490, -90660, 6781, 17054, 41547
14318.8, 2526, 752, -7628, 6490, -90660, 6781, 17054, 41547
14324.5, 709, 816, -8027, 6956, -87820, 3718, 16922, 41287
14328.3, 281, 816, -8027, 6956, -87820, 3718, 16922, 41297
14334.0, 1443, 625, -8237, 7079, -85751, -262, 16371, 41291
14337.7, 2170, 625, -8237, 7079, -85751, -262, 16371, 41263
14343.4, 1988, 625, -8237, 7079, -85751, -262, 16563, 41271
14347.1, 1439, 625, -8237, 7079, -85751, -262, 16563, 41269
14352.8, 1210, 571, -8466, 6673, -83931, -2034, 16563, 41264
14356.5, 1154, 571, -8466, 6673, -83931, -2034, 16563, 41270
14360.8, 1752, 812, -8643, 6887, -83034, -4423, 16984, 41270
14364.5, 1710, 812, -8643, 6887, -83034, -4423, 16984, 41260
14366.8, 1548, 812, -8643, 6887, -83034, -4423, 16984, 41260
14372.5, 1379, 829, -8646, 7024, -81415, -7231, 16927, 41330
14376.3, 1684, 829, -8646, 7024, -81415, -7231, 16927, 41290
14380.5, 1950, 851, -8617, 6497, -80216, -3963, 17557, 41290
14384.3, 1206, 851, -8617, 6497, -80216, -3963, 17557, 41274
14386.5, 1153, 851, -8617, 6497, -80216, -3963, 17557, 41274
14390.8, 1868, 892, -8655, 6681, -79411, 2051, 18082, 41274
14394.6, 1817, 892, -8655, 6681, -79411, 2051, 18082, 41266
14396.9, 1589, 892, -8655, 6681, -79411, 2051, 18082, 41266
14402.6, 1353, 839, -8539, 6757, -77342, 6995, 16297, 41265
14406.3, 2031, 839, -8539, 6757, -77342, 6995, 16297, 41238
14410.6, 1793, 784, -8431, 6556, -76047, 9305, 16297, 41238
14414.3, 1332, 784, -8431, 6556, -76047, 9305, 16297, 41246
14416.5, 1173, 784, -8431, 6556, -76047, 9305, 16297, 41246
14420.8, 2127, 736, -8253, 6569, -75553, 6313, 14818, 41246
14424.6, 2222, 736, -8253, 6569, -75553, 6313, 14818, 41528
14428.8, 1343, 632, -8292, 6848, -74997, 13, 14818, 41528
14432.5, 1345, 632, -8292, 6848, -74997, 13, 14818, 41533
14436.3, 1676, 632, -8292, 6848, -74997, 13, 14818, 41513
14440.5, 2047, 604, -8397, 6176, -74446, -2922, 15067, 41513
14444.3, 1977, 604, -8397, 6176, -74446, -2922, 15067, 41527
14448.5, 1661, 712, -8508, 6334, -74314, -2555, 15067, 41527
14452.2, 1680, 712, -8508, 6334, -74314, -2555, 15067, 41527
14456.0, 2195, 712, -8508, 6334, -74314, -2555, 15067, 41529
14460.3, 1752, 747, -8535, 6055, -73348, 78, 12390, 41529
14464.0, 1278, 747, -8535, 6055, -73348, 78, 12390, 41525
14468.3, 2002, 844, -8496, 6083, -73015, 78, 12390, 41525
14472.0, 1295, 844, -8496, 6083, -73015, 78, 12390, 41507
14475.7, 1123, 844, -8496, 6083, -73015, 78, 12390, 41499
14480.0, 1216, 893, -8660, 5989, -70600, 4042, 10084, 41499
14483.7, 1283, 893, -8660, 5989, -70600, 4042, 10084, 41499
14488.0, 1809, 963, -8871, 5543, -68456, 4042, 10084, 41499
14491.8, 1806, 963, -8871, 5543, -68456, 4042, 10084, 41495
14495.5, 1635, 963, -8871, 5543, -68456, 4042, 10084, 41508
14499.8, 1582, 881, -8984, 5535, -65866, 2235, 9108, 41508
14503.5, 1901, 881, -8984, 5535, -65866, 2235, 9108, 41465
14507.8, 2116, 719, -9102, 5065, -62812, 2235, 9108, 41465
14511.5, 1283, 719, -9102, 5065, -62812, 2235, 9108, 41491
14515.7, 1273, 704, -9208, 5042, -60782, 3858, 8478, 41491
14519.4, 1747, 704, -9208, 5042, -60782, 3858, 8478, 41503
14521.7, 1531, 704, -9208, 5042, -60782, 3858, 8478, 41503
14525.9, 1113, 701, -9207, 5618, -59072, 3605, 7096, 41503
14529.6, 1616, 701, -9207, 5618, -59072, 3605, 7096, 41499
14531.9, 1614, 701, -9207, 5618, -59072, 3605, 7096, 41499
14537.6, 1453, 459, -9090, 5307, -57269, 3320, 6361, 41356
14541.3, 1544, 459, -9090, 5307, -57269, 3320, 6361, 41501
14545.6, 1935, 326, -9083, 4685, -55366, 5512, 6658, 41501
14549.3, 2252, 326, -9083, 4685, -55366, 5512, 6658, 41493
14551.5, 2000, 326, -9083, 4685, -55366, 5512, 6658, 41493
14555.8, 865, 410, -9334, 5059, -51656, 6453, 6238, 41493
14559.6, 514, 410, -9334, 5059, -51656, 6453, 6238, 41490
14561.8, 753, 410, -9334, 5059, -51656, 6453, 6238, 41490
14567.6, 1792, 488, -9537, 4785, -48803, 3889, 3915, 41475
14571.3, 2153, 488, -9537, 4785, -48803, 3889, 3915, 41469
14575.5, 1410, 428, -9367, 4657, -46515, 2283, 2143, 41469
14579.3, 1192, 428, -9367, 4657, -46515, 2283, 2143, 41456
14581.5, 1120, 428, -9367, 4657, -46515, 2283, 2143, 41456
14585.8, 1469, 423, -9385, 4728, -44284, 2559, 2450, 41456
14589.5, 1602, 423, -9385, 4728, -44284, 2559, 2450, 41468
14593.7, 1635, 384, -9613, 4741, -42088, 157, 3049, 41468
14597.5, 1752, 384, -9613, 4741, -42088, 157, 3049, 41451
14601.3, 1567, 384, -9613, 4741, -42088, 157, 3049, 41443
14605.5, 1552, 364, -9673, 4208, -40395, -1369, 3010, 41443
14609.2, 1660, 364, -9673, 4208, -40395, -1369, 3010, 41429
14613.5, 1396, 440, -9577, 4415, -38461, 1675, 2782, 41429
14617.2, 2092, 440, -9577, 4415, -38461, 1675, 2782, 41433
14621.0, 1884, 440, -9577, 4415, -38461, 1675, 2782, 41421
14625.2, 888, 543, -9637, 4679, -37279, 5254, 1903, 41421
14628.9, 762, 543, -9637, 4679, -37279, 5254, 1903, 41445
14633.1, 1570, 461, -9677, 4658, -35823, 6173, 564, 41445
14636.9, 1478, 461, -9677, 4658, -35823, 6173, 564, 41423
14640.6, 1620, 461, -9677, 4658, -35823, 6173, 564, 41419
14644.8, 1764, 357, -9536, 4192, -34711, 7533, 17, 41419
14648.6, 1643, 357, -9536, 4192, -34711, 7533, 17, 41409
14652.8, 1545, 392, -9420, 4443, -33110, 8601, -43, 41409
14656.5, 1552, 392, -9420, 4443, -33110, 8601, -43, 41408
14658.8, 1474, 392, -9420, 4443, -33110, 8601, -43, 41408
14664.5, 1777, 299, -9253, 4429, -32537, 6755, -218, 41413
14668.2, 1633, 299, -9253, 4429, -32537, 6755, -218, 41430
14674.0, 1542, 139, -9093, 4361, -31986, 3565, 74, 41399
14676.2, 1376, 139, -9093, 4361, -31986, 3565, 74, 41399
14678.5, 1303, 139, -9093, 4361, -31986, 3565, 74, 41399
14684.2, 1549, -46, -9220, 4666, -31811, 1189, 65, 41372
14686.4, 1343, -46, -9220, 4666, -31811, 1189, 65, 41372
14690.7, 1417, -50, -9375, 4397, -32428, -1084, -997, 41372
14694.5, 1378, -50, -9375, 4397, -32428, -1084, -997, 41377
14696.8, 1615, -50, -9375, 4397, -32428, -1084, -997, 41377
14702.5, 1932, 61, -9327, 4021, -32498, -2445, -2708, 41363
14706.3, 1012, 61, -9327, 4021, -32498, -2445, -2708, 41341
14710.5, 1402, 269, -9187, 3860, -32664, -3325, -3618, 41341
14714.2, 1543, 269, -9187, 3860, -32664, -3325, -3618, 41499
14716.5, 1452, 269, -9187, 3860, -32664, -3325, -3618, 41499
14720.8, 1591, 345, -9177, 3949, -32147, -4970, -3272, 41499
14724.5, 1437, 345, -9177, 3949, -32147, -4970, -3272, 41313
14726.8, 1269, 345, -9177, 3949, -32147, -4970, -3272, 41313
14732.5, 1893, 235, -9279, 3308, -31859, -6396, -2572, 41301
14736.3, 1375, 235, -9279, 3308, -31859, -6396, -2572, 41284
14740.5, 1542, 169, -9305, 3273, -29960, -5586, -1701, 41284
14744.2, 1595, 169, -9305, 3273, -29960, -5586, -1701, 41292
14748.5, 1243, 184, -9397, 3538, -28424, -3644, -647, 41292
14752.2, 1554, 184, -9397, 3538, -28424, -3644, -647, 41247
14756.0, 1802, 184, -9397, 3538, -28424, -3644, -647, 41220
14760.3, 2076, 28, -9521, 3213, -27366, -2476, -538, 41220
14764.0, 1510, 28, -9521, 3213, -27366, -2476, -538, 41204
14768.3, 1166, 5, -9460, 3105, -27422, -1535, -1216, 41204
14772.0, 1520, 5, -9460, 3105, -27422, -1535, -1216, 41168
14775.8, 1561, 5, -9460, 3105, -27422, -1535, -1216, 41493
14780.0, 1829, 38, -9436, 3628, -27064, -2454, -1229, 41493
14783.7, 1537, 38, -9436, 3628, -27064, -2454, -1229, 41139
14787.9, 1392, -28, -9515, 3040, -26473, -4685, -673, 41139
14791.6, 1454, -28, -9515, 3040, -26473, -4685, -673, 41065
14793.9, 1546, -28, -9515, 3040, -26473, -4685, -673, 41065
14799.7, 1669, -15, -9656, 2801, -24977, -3893, 476, 41094
14803.4, 1482, -15, -9656, 2801, -24977, -3893, 476, 41055
14809.1, 2061, 145, -9586, 2991, -23966, -1574, 1802, 41061
14813.1, 1732, 145, -9586, 2991, -23966, -1574, 1802, 41030
14818.9, 1691, 332, -9668, 2900, -22995, -1154, 2191, 41017
14822.6, 2236, 332, -9668, 2900, -22995, -1154, 2191, 40926
14828.3, 868, 114, -9758, 3193, -21967, -65, 2148, 40979
14832.0, 508, 114, -9758, 3193, -21967, -65, 2148, 40928
14837.7, 1745, 166, -9876, 3319, -21879, 984, 1308, 40925
14841.4, 1620, 166, -9876, 3319, -21879, 984, 1308, 40912
14845.7, 1652, 166, -9887, 3028, -20939, 1531, 1448, 40912
14849.4, 1734, 166, -9887, 3028, -20939, 1531, 1448, 40897
14851.7, 1605, 166, -9887, 3028, -20939, 1531, 1448, 40897
14855.9, 1700, -41, -9786, 2800, -20173, 188, 2178, 40897
14859.6, 1838, -41, -9786, 2800, -20173, 188, 2178, 41409
14861.9, 1607, -41, -9786, 2800, -20173, 188, 2178, 41409
14867.6, 1359, 107, -9572, 3385, -18690, -5346, 1334, 40873
14871.3, 1738, 107, -9572, 3385, -18690, -5346, 1334, 40864
14875.6, 2103, 278, -9614, 2881, -18716, -9240, 699, 40864
14879.3, 1355, 278, -9614, 2881, -18716, -9240, 699, 40848
14881.5, 1166, 278, -9614, 2881, -18716, -9240, 699, 40848
14885.8, 1621, 288, -9784, 2984, -18384, -7848, 1623, 40848
14889.6, 1436, 288, -9784, 2984, -18384, -7848, 1623, 40865
14893.8, 1021, 288, -9784, 2984, -18384, -7848, 1623, 40865
14897.5, 1337, 288, -9784, 2984, -18384, -7848, 1623, 40850
14901.3, 1687, 288, -9784, 2984, -18384, -7848, 1623, 40842
14905.5, 1719, 119, -9854, 3136, -16082, -4134, 65, 40842
14909.3, 2372, 119, -9854, 3136, -16082, -4134, 65, 40830
14913.5, 1431, 119, -9854, 3136, -16082, -4134, 65, 40830
14917.2, 821, 119, -9854, 3136, -16082, -4134, 65, 40837
14921.0, 1037, 119, -9854, 3136, -16082, -4134, 65, 40814
14925.3, 1659, 344, -9443, 2888, -10745, -2086, 354, 40814
14929.0, 2373, 344, -9443, 2888, -10745, -2086, 354, 40804
14933.3, 1804, 344, -9443, 2888, -10745, -2086, 2047, 40804
14937.0, 1052, 344, -9443, 2888, -10745, -2086, 2047, 40800
14940.7, 1306, 344, -9443, 2888, -10745, -2086, 2047, 40806
14945.0, 2273, 209, -9818, 2786, -7131, -3924, 2581, 40806
14948.7, 2527, 209, -9818, 2786, -7131, -3924, 2581, 40780
14952.9, 1189, 209, -9818, 2786, -7131, -3924, 2581, 40780
14956.7, 865, 209, -9818, 2786, -7131, -3924, 2581, 40788
14959.0, 972, 209, -9818, 2786, -7131, -3924, 2581, 40788
14964.7, 1624, 215, -9850, 3242, -3311, -1570, 288, 40770
14968.5, 1131, 215, -9850, 3242, -3311, -1570, 288, 40770
14972.7, 2144, 215, -9850, 3242, -3311, -1570, -555, 40770
14976.4, 1654, 215, -9850, 3242, -3311, -1570, -555, 40781
14978.7, 1323, 215, -9850, 3242, -3311, -1570, -555, 40781
14984.5, 1520, 398, -9783, 2963, 2703, 4458, -1049, 40758
14988.2, 1895, 398, -9783, 2963, 2703, 4458, -1049, 40751
14993.9, 2700, 398, -9783, 2963, 2703, 4458, -778, 40739
14996.1, 1902, 398, -9783, 2963, 2703, 4458, -778, 40739
14998.5, 1291, 398, -9783, 2963, 2703, 4458, -778, 40739
15004.2, 1888, 617, -9881, 3607, 9358, 5683, -559, 40702
15006.5, 932, 617, -9881, 3607, 9358, 5683, -559, 40702
15010.7, 650, 296, -10165, 3135, 9358, 5683, -559, 40702
15014.4, 1921, 296, -10165, 3135, 9358, 5683, -559, 40727
15016.7, 1519, 296, -10165, 3135, 9358, 5683, -559, 40727
15020.9, 1110, 7, -10319, 3549, 14927, 9288, -1601, 40727
15024.6, 1545, 7, -10319, 3549, 14927, 9288, -1601, 40683
15026.9, 1616, 7, -10319, 3549, 14927, 9288, -1601, 40683
15032.6, 1213, -82, -10295, 2962, 21065, 10565, -3202, 40688
15036.3, 1505, -82, -10295, 2962, 21065, 10565, -3202, 40752
15040.5, 2752, 155, -10062, 3148, 27182, 8286, -3298, 40752
15044.3, 2854, 155, -10062, 3148, 27182, 8286, -3298, 40725
15046.5, 2046, 155, -10062, 3148, 27182, 8286, -3298, 40725
15050.8, 185, 418, -10256, 3415, 33311, 3556, -1505, 40725
15054.5, 1316, 418, -10256, 3415, 33311, 3556, -1505, 40748
15056.8, 1731, 418, -10256, 3415, 33311, 3556, -1505, 40748
15062.5, 1058, 232, -10526, 3443, 39703, -1837, -612, 40780
15066.3, 1625, 232, -10526, 3443, 39703, -1837, -612, 40763
15070.5, 1238, 205, -10557, 4150, 44555, -5718, -2756, 40763
15074.3, 1599, 205, -10557, 4150, 44555, -5718, -2756, 40811
15078.5, 1879, 179, -10533, 3432, 50103, -3793, -4208, 40811
15082.2, 1725, 179, -10533, 3432, 50103, -3793, -4208, 40836
15086.0, 3077, 179, -10533, 3432, 50103, -3793, -4208, 40853
15090.3, 1512, 443, -10386, 4247, 55384, -918, -4423, 40853
15094.0, 57, 443, -10386, 4247, 55384, -918, -4423, 40887
15098.3, 1676, 524, -10246, 4486, 59527, -1373, -5110, 40887
15102.0, 2666, 524, -10246, 4486, 59527, -1373, -5110, 40907
15105.7, 2501, 524, -10246, 4486, 59527, -1373, -5110, 40924
15110.0, 1612, 196, -10231, 4746, 63504, 419, -5363, 40924
15113.7, 1010, 196, -10231, 4746, 63504, 419, -5363, 40945
15117.9, 618, 245, -10220, 4607, 67389, 5796, -6715, 40945
15121.7, 2505, 245, -10220, 4607, 67389, 5796, -6715, 40961
15124.0, 2700, 245, -10220, 4607, 67389, 5796, -6715, 40961
15129.7, 905, 511, -10165, 5231, 71173, 6006, -9253, 40972
15133.5, 808, 511, -10165, 5231, 71173, 6006, -9253, 41007
15137.7, 2271, 451, -10074, 5215, 76012, 2003, -10368, 41007
15141.4, 1612, 451, -10074, 5215, 76012, 2003, -10368, 41006
15143.7, 471, 451, -10074, 5215, 76012, 2003, -10368, 41006
15149.5, 2049, 349, -10146, 4898, 81966, 874, -10723, 41003
15153.2, 1873, 349, -10146, 4898, 81966, 874, -10723, 41034
15158.9, 2704, 421, -10261, 5523, 87580, 2419, -11532, 41048
15161.1, 2859, 421, -10261, 5523, 87580, 2419, -11532, 41048
15163.5, 2677, 421, -10261, 5523, 87580, 2419, -11532, 41048
15169.2, 300, 407, -10241, 5786, 93364, 437, -13046, 41065
15171.5, 33, 407, -10241, 5786, 93364, 437, -13046, 41065
15175.7, 916, 336, -10146, 6301, 97371, -2708, -14271, 41065
15179.4, 2792, 336, -10146, 6301, 97371, -2708, -14271, 41080
15181.7, 3185, 336, -10146, 6301, 97371, -2708, -14271, 41080
15185.9, 1776, 309, -9884, 6489, 102547, -3845, -14949, 41080
15189.6, 36, 309, -9884, 6489, 102547, -3845, -14949, 41095
15191.9, 327, 309, -9884, 6489, 102547, -3845, -14949, 41095
15197.6, 2819, 339, -9815, 6052, 106344, -1308, -15373, 41112
15201.3, 2908, 339, -9815, 6052, 106344, -1308, -15373, 41117
15205.6, 1019, 439, -9665, 6537, 111013, 332, -16043, 41117
15209.3, 1117, 439, -9665, 6537, 111013, 332, -16043, 41135
15211.6, 1590, 439, -9665, 6537, 111013, 332, -16043, 41135
15215.9, 1129, 549, -9868, 6685, 114539, -2865, -17535, 41135
15219.6, 1712, 549, -9868, 6685, 114539, -2865, -17535, 41153
15223.8, 2092, 449, -9760, 6978, 118498, -8255, -19189, 41153
15227.6, 179, 449, -9760, 6978, 118498, -8255, -19189, 41175
15231.3, 1270, 449, -9760, 6978, 118498, -8255, -19189, 41190
15235.5, 2393, 543, -9529, 6377, 122116, -10132, -20300, 41190
15239.3, 2469, 543, -9529, 6377, 122116, -10132, -20300, 41199
15243.5, 1335, 637, -9294, 7146, 126443, -7787, -20995, 41199
15247.2, 2238, 637, -9294, 7146, 126443, -7787, -20995, 41240
15251.0, 2599, 637, -9294, 7146, 126443, -7787, -20995, 41224
15255.3, 784, 770, -9052, 6996, 129580, -3613, -21674, 41224
15259.0, 788, 770, -9052, 6996, 129580, -3613, -21674, 41240
15263.3, 1018, 820, -8919, 7722, 132227, -476, -22584, 41240
15267.0, 2199, 820, -8919, 7722, 132227, -476, -22584, 41236
15270.8, 2634, 820, -8919, 7722, 132227, -476, -22584, 41246
15275.0, 979, 847, -8670, 7768, 137062, 1246, -22540, 41246
15278.7, 1241, 847, -8670, 7768, 137062, 1246, -22540, 41255
15282.9, 2481, 666, -8577, 7636, 139814, 3185, -22584, 41255
15286.7, 1093, 666, -8577, 7636, 139814, 3185, -22584, 41268
15289.0, 141, 666, -8577, 7636, 139814, 3185, -22584, 41268
15294.7, 1975, 316, -8425, 8289, 142452, 2371, -21647, 41298
15298.5, 2274, 316, -8425, 8289, 142452, 2371, -21647, 41345
15302.7, 2072, 372, -8573, 7730, 143309, 468, -21131, 41345
15306.4, 1963, 372, -8573, 7730, 143309, 468, -21131, 41386
15308.7, 1074, 372, -8573, 7730, 143309, 468, -21131, 41386
15314.4, 1045, 696, -8355, 7907, 143344, -2629, -24049, 41454
15316.7, 1676, 696, -8355, 7907, 143344, -2629, -24049, 41454
15320.9, 2881, 934, -7980, 8223, 143344, -7131, -28009, 41454
15324.6, 1050, 934, -7980, 8223, 143344, -7131, -28009, 41490
15326.9, 108, 934, -7980, 8223, 143344, -7131, -28009, 41490
15332.6, 1921, 1101, -7512, 7625, 143344, -7183, -28954, 41505
15336.3, 1177, 1101, -7512, 7625, 143344, -7183, -28954, 41542
15340.6, 925, 1228, -7255, 8343, 143344, -3132, -26316, 41542
15344.3, 1631, 1228, -7255, 8343, 143344, -3132, -26316, 41567
15346.6, 2513, 1228, -7255, 8343, 143344, -3132, -26316, 41567
15350.8, 1411, 1071, -6970, 8254, 143344, -1133, -22028, 41567
15354.6, 2199, 1071, -6970, 8254, 143344, -1133, -22028, 41580
15356.9, 2672, 1071, -6970, 8254, 143344, -1133, -22028, 41580
15362.6, 113, 753, -6824, 8010, 143344, 1028, -18335, 41561
15366.3, 1189, 753, -6824, 8010, 143344, 1028, -18335, 41610
15370.6, 2094, 591, -6740, 8938, 143344, 844, -17500, 41610
15374.3, 1845, 591, -6740, 8938, 143344, 844, -17500, 41610
15376.5, 2056, 591, -6740, 8938, 143344, 844, -17500, 41610
15380.7, 1377, 544, -6723, 8492, 143344, -5066, -20637, 41610
15384.5, 1388, 544, -6723, 8492, 143344, -5066, -20637, 41632
15388.7, 1762, 533, -6481, 8828, 143344, -10653, -25222, 41632
15392.5, 470, 533, -6481, 8828, 143344, -10653, -25222, 41034
15396.2, 1294, 533, -6481, 8828, 143344, -10653, -25222, 41628
15400.4, 2824, 800, -6343, 9084, 143344, -13663, -27685, 41628
15404.1, 1424, 800, -6343, 9084, 143344, -13663, -27685, 41642
15408.3, 986, 1187, -6269, 8181, 143344, -13750, -28376, 41642
15412.1, 694, 1187, -6269, 8181, 143344, -13750, -28376, 41695
15415.8, 2202, 1187, -6269, 8181, 143344, -13750, -28376, 41715
15420.0, 2974, 1147, -5821, 8388, 143344, -12950, -26731, 41715
15423.8, 2175, 1147, -5821, 8388, 143344, -12950, -26731, 41743
15428.0, 99, 1332, -5684, 8602, 143344, -11265, -23756, 41743
15431.7, 1144, 1332, -5684, 8602, 143344, -11265, -23756, 41768
15435.5, 2120, 1332, -5684, 8602, 143344, -11265, -23756, 41791
15439.7, 2257, 1357, -5411, 8743, 143344, -10110, -21975, 41791
15443.4, 1800, 1357, -5411, 8743, 143344, -10110, -21975, 41810
15449.1, 1190, 1255, -5096, 8408, 143344, -8588, -21573, 41847
15452.9, 806, 1255, -5096, 8408, 143344, -8588, -21573, 41869
15458.6, 2410, 1217, -4721, 8716, 143344, -8614, -21612, 41915
15462.3, 1372, 1217, -4721, 8716, 143344, -8614, -21612, 41932
15468.0, 1462, 1242, -4426, 9000, 143344, -11327, -21315, 41931
15471.7, 2574, 1242, -4426, 9000, 143344, -11327, -21315, 41963
15476.0, 1450, 1242, -4426, 9000, 143344, -15645, -19591, 41963
15479.7, 913, 1242, -4426, 9000, 143344, -15645, -19591, 41968
15482.0, 1489, 1242, -4426, 9000, 143344, -15645, -19591, 41968
15487.7, 1789, 1230, -4208, 8242, 143344, -15518, -17325, 41992
15491.4, 1481, 1230, -4208, 8242, 143344, -15518, -17325, 41993
15495.7, 1127, 1082, -4018, 8242, 143344, -10399, -16279, 41993
15499.4, 2293, 1082, -4018, 8242, 143344, -10399, -16279, 41991
15501.7, 2307, 1082, -4018, 8242, 143344, -10399, -16279, 41991
15506.0, 507, 1117, -3959, 8743, 143344, -9227, -18292, 41991
15509.7, 1227, 1117, -3959, 8743, 143344, -9227, -18292, 41951
15512.0, 2525, 1117, -3959, 8743, 143344, -9227, -18292, 41951
15517.7, 1478, 877, -3403, 8744, 143344, -10495, -21477, 41966
15521.4, 1883, 877, -3403, 8744, 143344, -10495, -21477, 41955
15525.7, 1871, 877, -3403, 9310, 143344, -14162, -23349, 41955
15529.4, 847, 877, -3403, 9310, 143344, -14162, -23349, 41940
15531.7, 1250, 877, -3403, 9310, 143344, -14162, -23349, 41940
15536.0, 2248, 1127, -2825, 7661, 143344, -17110, -23984, 41940
15539.7, 894, 1127, -2825, 7661, 143344, -17110, -23984, 41934
15544.0, 1475, 1127, -2825, 7661, 143344, -17110, -23984, 41934
15547.7, 2164, 1127, -2825, 7661, 143344, -17110, -23984, 41911
15551.4, 1885, 1127, -2825, 7661, 143344, -17110, -23984, 41861
15555.7, 2225, 1542, -2035, 8526, 143344, -22885, -22912, 41861
15559.4, 1198, 1542, -2035, 8526, 143344, -22885, -22912, 41908
15563.6, 1205, 1542, -2035, 8526, 143344, -22885, -22912, 41908
15567.3, 566, 1542, -2035, 8526, 143344, -22885, -22912, 40969
15571.0, 1637, 1542, -2035, 8526, 143344, -22885, -22912, 41889
15575.3, 2720, 1591, -1472, 9504, 143344, -15737, -19324, 41889
15579.0, 1912, 1591, -1472, 9504, 143344, -15737, -19324, 40918
15583.2, 1096, 1591, -1472, 9504, 143344, -15737, -19324, 40918
15587.0, 1476, 1591, -1472, 9504, 143344, -15737, -19324, 40915
15590.8, 1688, 1591, -1472, 9504, 143344, -15737, -19324, 40885
15595.0, 2452, 1436, -884, 9242, 143344, -17027, -20173, 40885
15598.8, 1703, 1436, -884, 9242, 143344, -17027, -20173, 40915
15603.0, 1197, 1436, -884, 9242, 143344, -17027, -20173, 40915
15606.7, 773, 1436, -884, 9242, 143344, -17027, -20173, 40903
15609.0, 1663, 1436, -884, 9242, 143344, -17027, -20173, 40903
15614.7, 1074, 1668, -549, 9084, 143344, -15203, -22216, 40896
15618.5, 1942, 1668, -549, 9084, 143344, -15203, -22216, 41696
15622.7, 1709, 1668, -549, 9084, 143344, -15203, -22216, 41696
15626.5, 1216, 1668, -549, 9084, 143344, -15203, -22216, 40889
15628.8, 688, 1668, -549, 9084, 143344, -15203, -22216, 40889
15634.5, 2574, 1414, -165, 8331, 143344, -18335, -21442, 40902
15638.3, 2646, 1414, -165, 8331, 143344, -18335, -21442, 40905
15644.0, 739, 1414, -165, 8331, 143344, -18335, -21442, 40937
15646.2, 1165, 1414, -165, 8331, 143344, -18335, -21442, 40937
15650.5, 2108, 1337, 33, 8704, 142776, -16266, -21092, 40937
15654.2, 1745, 1337, 33, 8704, 142776, -16266, -21092, 40920
15656.5, 1870, 1337, 33, 8704, 142776, -16266, -21092, 40920
15660.7, 1274, 1398, 323, 8824, 141380, -16817, -22754, 40920
15664.5, 670, 1398, 323, 8824, 141380, -16817, -22754, 40915
15666.7, 459, 1398, 323, 8824, 141380, -16817, -22754, 40915
15671.0, 2157, 1647, 686, 8542, 138751, -18147, -25878, 40915
15674.7, 1955, 1647, 686, 8542, 138751, -18147, -25878, 40934
15677.0, 2664, 1647, 686, 8542, 138751, -18147, -25878, 40934
15682.7, 1519, 1780, 924, 8870, 137722, -20164, -28381, 40952
15686.4, 2030, 1780, 924, 8870, 137722, -20164, -28381, 40972
15690.7, 979, 1982, 1202, 8707, 135657, -20050, -27917, 40972
15694.4, 1417, 1982, 1202, 8707, 135657, -20050, -27917, 40995
15696.7, 2554, 1982, 1202, 8707, 135657, -20050, -27917, 40995
15700.9, 1278, 1922, 1380, 8611, 135264, -17802, -24185, 40995
15704.7, 1226, 1922, 1380, 8611, 135264, -17802, -24185, 41017
15708.9, 1233, 1710, 1256, 7923, 133649, -13081, -19670, 41017
15712.6, 2246, 1710, 1256, 7923, 133649, -13081, -19670, 41029
15716.4, 1814, 1710, 1256, 7923, 133649, -13081, -19670, 41043
15720.6, 2123, 1455, 1314, 8149, 131895, -11318, -18191, 41043
15724.4, 447, 1455, 1314, 8149, 131895, -11318, -18191, 41051
15728.6, 1414, 1316, 1430, 8527, 131090, -10570, -20243, 41051
15732.3, 2106, 1316, 1430, 8527, 131090, -10570, -20243, 41072
15736.1, 1837, 1316, 1430, 8527, 131090, -10570, -20243, 41133
15740.3, 2373, 1567, 1634, 8720, 130705, -10460, -24417, 41133
15744.0, 807, 1567, 1634, 8720, 130705, -10460, -24417, 41111
15748.2, 1224, 1649, 2048, 7672, 129585, -12092, -27059, 41111
15751.9, 2481, 1649, 2048, 7672, 129585, -12092, -27059, 41128
15755.7, 1244, 1649, 2048, 7672, 129585, -12092, -27059, 41133
15759.9, 1257, 1486, 2522, 7551, 127524, -12893, -26079, 41133
15763.7, 1065, 1486, 2522, 7551, 127524, -12893, -26079, 41151
15767.9, 2772, 1587, 2672, 8835, 126982, -11502, -22794, 41151
15771.6, 1494, 1587, 2672, 8835, 126982, -11502, -22794, 41165
15773.9, 1027, 1587, 2672, 8835, 126982, -11502, -22794, 41165
15779.6, 781, 1593, 2890, 7593, 125722, -10346, -21582, 41210
15783.3, 2326, 1593, 2890, 7593, 125722, -10346, -21582, 41229
15789.0, 2200, 1552, 3066, 8249, 126330, -8281, -23310, 41257
15792.7, 3106, 1552, 3066, 8249, 126330, -8281, -23310, 41222
15798.5, 1376, 1439, 3291, 7925, 123718, -8754, -25589, 41307
15800.7, 211, 1439, 3291, 7925, 123718, -8754, -25589, 41307
15803.0, 14, 1439, 3291, 7925, 123718, -8754, -25589, 41307
15808.7, 2314, 1585, 3546, 7919, 122865, -10312, -27352, 41311
15810.9, 3032, 1585, 3546, 7919, 122865, -10312, -27352, 41311
15813.2, 1867, 1585, 3546, 7919, 122865, -10312, -27352, 41311
15818.9, 2067, 1898, 3663, 7280, 120743, -7310, -28337, 41314
15821.2, 1584, 1898, 3663, 7280, 120743, -7310, -28337, 41314
15825.5, 1183, 2153, 3968, 7658, 119671, -5928, -28346, 41314
15829.2, 1820, 2153, 3968, 7658, 119671, -5928, -28346, 41341
15831.5, 1588, 2153, 3968, 7658, 119671, -5928, -28346, 41341
15835.7, 1609, 1892, 4399, 6526, 116254, -4921, -25699, 41341
15839.4, 1661, 1892, 4399, 6526, 116254, -4921, -25699, 41347
15841.7, 1221, 1892, 4399, 6526, 116254, -4921, -25699, 41347
15845.9, 281, 1680, 4886, 6961, 114062, -2506, -21779, 41347
15849.6, 2202, 1680, 4886, 6961, 114062, -2506, -21779, 41381
15851.9, 3132, 1680, 4886, 6961, 114062, -2506, -21779, 41381
15857.6, 1849, 1634, 5179, 7037, 111083, -1627, -19959, 41402
15861.3, 1643, 1634, 5179, 7037, 111083, -1627, -19959, 41430
15865.6, 1370, 1801, 5536, 7191, 107311, -4571, -20829, 41430
15869.3, 1526, 1801, 5536, 7191, 107311, -4571, -20829, 41432
15871.5, 1731, 1801, 5536, 7191, 107311, -4571, -20829, 41432
15875.8, 2217, 2057, 5864, 6454, 103479, -6645, -21831, 41432
15879.5, 1276, 2057, 5864, 6454, 103479, -6645, -21831, 41464
15883.7, 1514, 2438, 5949, 5859, 98075, -4983, -21590, 41464
15887.4, 1294, 2438, 5949, 5859, 98075, -4983, -21590, 41518
15891.1, 1621, 2438, 5949, 5859, 98075, -4983, -21590, 41519
15895.4, 2475, 2498, 6057, 6839, 93425, -5355, -19687, 41519
15899.1, 1840, 2498, 6057, 6839, 93425, -5355, -19687, 41563
15903.3, 789, 2481, 5997, 7250, 90297, -7770, -15212, 41563
15907.1, 990, 2481, 5997, 7250, 90297, -7770, -15212, 41591
15910.8, 2557, 2481, 5997, 7250, 90297, -7770, -15212, 41597
15915.1, 1671, 2327, 5915, 5821, 87427, -7188, -10714, 41597
15918.8, 2395, 2327, 5915, 5821, 87427, -7188, -10714, 41609
15923.0, 1507, 2078, 5794, 5853, 82163, 17, -7288, 41609
15926.7, 1374, 2078, 5794, 5853, 82163, 17, -7288, 41626
15930.5, 1609, 2078, 5794, 5853, 82163, 17, -7288, 41635
15934.7, 1480, 2049, 5764, 6397, 79866, 5341, -6466, 41635
15938.4, 1711, 2049, 5764, 6397, 79866, 5341, -6466, 41652
15944.1, 1953, 1845, 5648, 6302, 77430, 6247, -8015, 41672
15947.9, 1201, 1845, 5648, 6302, 77430, 6247, -8015, 41681
15953.6, 1690, 1728, 5720, 6376, 74188, 2953, -10075, 41710
15957.3, 1612, 1728, 5720, 6376, 74188, 2953, -10075, 41730
15963.0, 1991, 1541, 5768, 6546, 73798, -870, -9437, 41759
15966.7, 2661, 1541, 5768, 6546, 73798, -870, -9437, 41730
15971.0, 879, 1311, 5896, 5834, 70311, -2397, -6540, 41730
15974.7, 1812, 1311, 5896, 5834, 70311, -2397, -6540, 41828
15977.0, 1620, 1311, 5896, 5834, 70311, -2397, -6540, 41828
15982.7, 1264, 1126, 6077, 6082, 68977, -4431, -4011, 41822
15986.4, 2065, 1126, 6077, 6082, 68977, -4431, -4011, 41824
15990.7, 2247, 918, 6217, 5948, 64107, -12762, -6483, 41824
15994.4, 1809, 918, 6217, 5948, 64107, -12762, -6483, 41825
15996.7, 832, 918, 6217, 5948, 64107, -12762, -6483, 41825
16001.0, 1195, 963, 6494, 5699, 59750, -17653, -10749, 41825
16004.7, 1760, 963, 6494, 5699, 59750, -17653, -10749, 41840
16007.0, 1506, 963, 6494, 5699, 59750, -17653, -10749, 41840
16012.7, 1803, 1116, 6734, 5435, 55572, -20943, -12797, 41831
16016.4, 1802, 1116, 6734, 5435, 55572, -20943, -12797, 41857
16020.7, 432, 1506, 6824, 5907, 51857, -26556, -11799, 41857
16024.4, 2028, 1506, 6824, 5907, 51857, -26556, -11799, 41867
16026.7, 2110, 1506, 6824, 5907, 51857, -26556, -11799, 41867
16031.0, 2206, 1696, 6739, 6141, 50545, -31041, -8793, 41867
16034.7, 1823, 1696, 6739, 6141, 50545, -31041, -8793, 41864
16039.0, 1276, 1627, 6838, 4545, 48755, -26044, -5123, 41864
16042.7, 1820, 1627, 6838, 4545, 48755, -26044, -5123, 41895
16046.5, 838, 1627, 6838, 4545, 48755, -26044, -5123, 41875
16050.8, 1643, 1162, 6854, 5843, 48589, -18629, -4423, 41875
16054.5, 2266, 1162, 6854, 5843, 48589, -18629, -4423, 41869
16058.7, 693, 906, 6987, 5794, 47600, -15960, -6645, 41869
16062.5, 1151, 906, 6987, 5794, 47600, -15960, -6645, 41876
16066.2, 2312, 906, 6987, 5794, 47600, -15960, -6645, 41903
16070.5, 2680, 1036, 7229, 5402, 47675, -17719, -9537, 41903
16074.2, 244, 1036, 7229, 5402, 47675, -17719, -9537, 41899
16078.4, 284, 1150, 7722, 6194, 47198, -21223, -9607, 41899
16082.1, 959, 1150, 7722, 6194, 47198, -21223, -9607, 41894
16085.9, 3182, 1150, 7722, 6194, 47198, -21223, -9607, 41884
16090.1, 1720, 1654, 7914, 4996, 45343, -22920, -8216, 41884
16093.8, 2317, 1654, 7914, 4996, 45343, -22920, -8216, 41804
16098.1, 944, 1648, 7951, 5227, 43741, -21118, -6256, 41804
16101.8, 1335, 1648, 7951, 5227, 43741, -21118, -6256, 41854
16104.1, 1069, 1648, 7951, 5227, 43741, -21118, -6256, 41854
16109.8, 1644, 1901, 7910, 5126, 43483, -16546, -5035, 41855
16113.6, 2514, 1901, 7910, 5126, 43483, -16546, -5035, 41746
16117.8, 926, 2290, 7744, 4653, 43571, -9393, -5385, 41746
16121.5, 1420, 2290, 7744, 4653, 43571, -9393, -5385, 41813
16123.8, 1315, 2290, 7744, 4653, 43571, -9393, -5385, 41813
16129.6, 1123, 2066, 8275, 5105, 41729, -8264, -5621, 41800
16131.8, 1474, 2066, 8275, 5105, 41729, -8264, -5621, 41800
16136.0, 2195, 2066, 8275, 5105, 41729, -8264, -2756, 41800
16139.7, 1959, 2066, 8275, 5105, 41729, -8264, -2756, 39968
16142.0, 792, 2066, 8275, 5105, 41729, -8264, -2756, 39968
16147.7, 1992, 2056, 8800, 4676, 36177, -8036, 1666, 39878
16151.4, 1490, 2056, 8800, 4676, 36177, -8036, 1666, 39806
16155.6, 1213, 2041, 9012, 4831, 36177, -8036, 4221, 39806
16159.4, 2152, 2041, 9012, 4831, 36177, -8036, 4221, 39720
16161.6, 1933, 2041, 9012, 4831, 36177, -8036, 4221, 39720
16165.9, 1694, 2315, 8700, 4981, 30384, -4348, 2957, 39720
16169.6, 1522, 2315, 8700, 4981, 30384, -4348, 2957, 39652
16171.9, 1308, 2315, 8700, 4981, 30384, -4348, 2957, 39652
16177.6, 2002, 2437, 8473, 4588, 28962, -4550, 573, 39589
16181.4, 1270, 2437, 8473, 4588, 28962, -4550, 573, 39499
16185.6, 2037, 2651, 8558, 4202, 25445, -1351, -78, 39499
16189.4, 808, 2651, 8558, 4202, 25445, -1351, -78, 39381
16191.6, 1046, 2651, 8558, 4202, 25445, -1351, -78, 39381
16195.8, 1741, 2365, 8550, 4988, 25506, -2121, 1531, 39381
16199.6, 1515, 2365, 8550, 4988, 25506, -2121, 1531, 39280
16203.8, 1524, 2589, 8498, 5201, 25506, -2121, 1531, 39280
16207.8, 2113, 2589, 8498, 5201, 25506, -2121, 1531, 39159
16211.6, 1727, 2589, 8498, 5201, 25506, -2121, 1531, 39091
16215.8, 1919, 2431, 8496, 4593, 19075, -5950, 4812, 39091
16219.5, 1601, 2431, 8496, 4593, 19075, -5950, 4812, 39012
16223.7, 1523, 2237, 8430, 4593, 19075, -5950, 4812, 39012
16227.5, 1498, 2237, 8430, 4593, 19075, -5950, 4812, 38958
16231.3, 2010, 2237, 8430, 4593, 19075, -5950, 4812, 38876
16235.5, 1513, 2174, 8202, 4947, 11996, -4795, 1618, 38876
16239.3, 1735, 2174, 8202, 4947, 11996, -4795, 1618, 38801
16243.5, 989, 2226, 8255, 4947, 11996, -4795, 1618, 38801
16247.3, 1996, 2226, 8255, 4947, 11996, -4795, 1618, 38777
16251.0, 1992, 2226, 8255, 4947, 11996, -4795, 1618, 38782
16255.3, 1703, 2337, 8146, 4620, 4812, -6601, -603, 38782
16259.0, 1497, 2337, 8146, 4620, 4812, -6601, -603, 38769
16263.2, 1615, 2297, 8112, 4620, 4812, -6601, -603, 38769
16266.9, 1821, 2297, 8112, 4620, 4812, -6601, -603, 38756
16270.6, 1651, 2297, 8112, 4620, 4812, -6601, -603, 38767
16274.9, 1676, 2187, 8143, 4782, -43, -4121, 3329, 38767
16278.7, 1657, 2187, 8143, 4782, -43, -4121, 3329, 38796
16282.9, 1370, 2067, 8017, 4782, -43, -4121, 3329, 38796
16286.6, 1260, 2067, 8017, 4782, -43, -4121, 3329, 38779
16290.8, 2583, 1922, 7871, 4542, -3657, -6440, 4361, 38779
16294.5, 1866, 1922, 7871, 4542, -3657, -6440, 4361, 38780
16296.8, 1414, 1922, 7871, 4542, -3657, -6440, 4361, 38780
16301.0, 1849, 1912, 7853, 4348, -6138, -7332, 4073, 38780
16304.7, 1271, 1912, 7853, 4348, -6138, -7332, 4073, 38750
16307.0, 1421, 1912, 7853, 4348, -6138, -7332, 4073, 38750
16312.7, 1388, 1910, 7709, 4415, -8526, -6378, 3023, 38745
16316.4, 1665, 1910, 7709, 4415, -8526, -6378, 3023, 38705
16320.7, 1934, 1859, 7722, 4400, -11703, -2655, 2428, 38705
16324.4, 1763, 1859, 7722, 4400, -11703, -2655, 2428, 38713
16326.6, 1510, 1859, 7722, 4400, -11703, -2655, 2428, 38713
16330.9, 1232, 1645, 7799, 4487, -14236, 1636, 2506, 38713
16334.7, 1589, 1645, 7799, 4487, -14236, 1636, 2506, 38717
16336.9, 1259, 1645, 7799, 4487, -14236, 1636, 2506, 38717
16342.6, 1820, 1544, 7756, 4801, -18392, 2909, 3683, 38706
16346.4, 1283, 1544, 7756, 4801, -18392, 2909, 3683, 38668
16350.6, 1709, 1676, 7597, 4710, -20103, 3373, 4235, 38668
16354.4, 1801, 1676, 7597, 4710, -20103, 3373, 4235, 38696
16356.6, 1013, 1676, 7597, 4710, -20103, 3373, 4235, 38696
16360.9, 2131, 1752, 7401, 4395, -22185, 5534, 3333, 38696
16364.7, 1293, 1752, 7401, 4395, -22185, 5534, 3333, 38702
16368.9, 1322, 1904, 7372, 4801, -23130, 9358, 2078, 38702
16372.6, 2213, 1904, 7372, 4801, -23130, 9358, 2078, 38698
16376.4, 1935, 1904, 7372, 4801, -23130, 9358, 2078, 38722
16380.7, 1097, 1788, 7537, 4831, -24137, 11327, 1846, 38722
16384.4, 1822, 1788, 7537, 4831, -24137, 11327, 1846, 38727
16388.6, 1870, 1640, 7682, 4728, -26241, 12530, 3027, 38727
16392.3, 1527, 1640, 7682, 4728, -26241, 12530, 3027, 38751
16396.1, 1651, 1640, 7682, 4728, -26241, 12530, 3027, 38793
16400.3, 1594, 1439, 7760, 4868, -26981, 13396, 4952, 38793
16404.0, 1313, 1439, 7760, 4868, -26981, 13396, 4952, 38807
16408.2, 1812, 1499, 7849, 4948, -29956, 12587, 6234, 38807
16412.0, 1660, 1499, 7849, 4948, -29956, 12587, 6234, 38843
16415.7, 1536, 1499, 7849, 4948, -29956, 12587, 6234, 38878
16419.9, 1830, 1677, 7810, 4945, -32668, 10578, 5486, 38878
16423.7, 1760, 1677, 7810, 4945, -32668, 10578, 5486, 38922
16427.9, 1616, 1875, 7846, 4894, -34917, 9380, 3928, 38922
16431.6, 1541, 1875, 7846, 4894, -34917, 9380, 3928, 38995
16433.9, 1421, 1875, 7846, 4894, -34917, 9380, 3928, 38995
16439.6, 1771, 1974, 7869, 4846, -37669, 10364, 2524, 39069
16443.3, 1691, 1974, 7869, 4846, -37669, 10364, 2524, 39150
16449.1, 1352, 1861, 8006, 5064, -40465, 12394, 1894, 39225
16451.3, 1635, 1861, 8006, 5064, -40465, 12394, 1894, 39225
16453.6, 1374, 1861, 8006, 5064, -40465, 12394, 1894, 39225
16459.3, 1911, 1968, 8019, 5526, -41615, 12508, 2240, 39337
16461.5, 1536, 1968, 8019, 5526, -41615, 12508, 2240, 39337
16465.8, 1743, 2218, 7849, 5109, -43899, 11195, 2458, 39337
16469.5, 1481, 2218, 7849, 5109, -43899, 11195, 2458, 39450
16471.8, 1319, 2218, 7849, 5109, -43899, 11195, 2458, 39450
16477.5, 1729, 2263, 7914, 5193, -46590, 9686, 2563, 39567
16481.2, 1346, 2263, 7914, 5193, -46590, 9686, 2563, 39699
16485.5, 1686, 2253, 7840, 5271, -48077, 9200, 3180, 39699
16489.2, 1846, 2253, 7840, 5271, -48077, 9200, 3180, 39805
16491.5, 1360, 2253, 7840, 5271, -48077, 9200, 3180, 39805
16495.7, 1505, 2238, 7659, 5463, -49346, 10088, 3635, 39805
16499.4, 1398, 2238, 7659, 5463, -49346, 10088, 3635, 39872
16501.7, 1367, 2238, 7659, 5463, -49346, 10088, 3635, 39872
16505.9, 1922, 2232, 7559, 5834, -51625, 8185, 3688, 39872
16509.6, 1817, 2232, 7559, 5834, -51625, 8185, 3688, 39987
16513.9, 1690, 2112, 7519, 5609, -54719, 5263, 4414, 39987
16517.6, 1571, 2112, 7519, 5609, -54719, 5263, 4414, 40075
16521.4, 1507, 2112, 7519, 5609, -54719, 5263, 4414, 40150
16525.6, 1516, 2298, 7359, 5690, -56941, 2681, 5547, 40150
16529.4, 1716, 2298, 7359, 5690, -56941, 2681, 5547, 40207
16533.6, 1780, 2324, 7327, 5460, -59741, 1286, 5779, 40207
16537.3, 1935, 2324, 7327, 5460, -59741, 1286, 5779, 40318
16541.1, 1606, 2324, 7327, 5460, -59741, 1286, 5779, 40411
16545.3, 1378, 2190, 7194, 5578, -61509, 1080, 5936, 40411
16549.1, 1772, 2190, 7194, 5578, -61509, 1080, 5936, 40513
16553.3, 1910, 1982, 7254, 5781, -63311, -953, 6650, 40513
16557.0, 1506, 1982, 7254, 5781, -63311, -953, 6650, 40627
16560.7, 1673, 1982, 7254, 5781, -63311, -953, 6650, 40672
16565.0, 1419, 2023, 7071, 5870, -66409, -2213, 7170, 40672
16568.7, 1546, 2023, 7071, 5870, -66409, -2213, 7170, 40773
16572.9, 1849, 2128, 6832, 5999, -67931, -4935, 6422, 40773
16576.7, 1982, 2128, 6832, 5999, -67931, -4935, 6422, 40853
16579.0, 1462, 2128, 6832, 5999, -67931, -4935, 6422, 40853
16584.7, 1480, 2210, 6602, 5865, -70696, -4895, 5455, 40938
16588.4, 2122, 2210, 6602, 5865, -70696, -4895, 5455, 41002
16594.1, 1723, 2327, 6458, 6452, -72446, -2086, 5775, 41027
16597.8, 1587, 2327, 6458, 6452, -72446, -2086, 5775, 38722
16603.5, 1717, 2215, 6383, 6267, -74446, -1058, 8115, 41127
16607.3, 1604, 2215, 6383, 6267, -74446, -1058, 8115, 41118
16613.0, 1624, 1910, 6089, 5678, -76358, 2594, 11392, 41234
16616.7, 1547, 1910, 6089, 5678, -76358, 2594, 11392, 41297
16622.4, 1783, 1657, 5905, 6165, -77911, 8071, 12937, 41344
16626.1, 1211, 1657, 5905, 6165, -77911, 8071, 12937, 41392
16630.4, 1839, 1502, 5828, 6071, -80965, 10268, 10723, 41392
16634.1, 1865, 1502, 5828, 6071, -80965, 10268, 10723, 41461
16636.4, 1142, 1502, 5828, 6071, -80965, 10268, 10723, 41461
16640.6, 1452, 1428, 5829, 6782, -84815, 7564, 5880, 41461
16644.3, 1862, 1428, 5829, 6782, -84815, 7564, 5880, 38995
16646.6, 1190, 1428, 5829, 6782, -84815, 7564, 5880, 38995
16650.8, 1193, 1526, 5874, 7454, -85646, -271, 2502, 38995
16654.5, 1557, 1526, 5874, 7454, -85646, -271, 2502, 41587
16656.8, 1260, 1526, 5874, 7454, -85646, -271, 2502, 41587
16661.0, 2218, 1803, 5763, 6210, -89317, -3810, 2292, 41587
16664.7, 1922, 1803, 5763, 6210, -89317, -3810, 2292, 41580
16669.0, 1425, 1803, 5763, 6210, -91775, -3653, 4480, 41580
16672.8, 1489, 1803, 5763, 6210, -91775, -3653, 4480, 41683
16676.5, 1877, 1803, 5763, 6210, -91775, -3653, 4480, 41736
16680.8, 1466, 1853, 5408, 7375, -93289, -5871, 9410, 41736
16684.5, 1297, 1853, 5408, 7375, -93289, -5871, 9410, 41785
16688.7, 1815, 1853, 5408, 7375, -94199, -3018, 13352, 41785
16692.5, 1682, 1853, 5408, 7375, -94199, -3018, 13352, 42240
16696.3, 1407, 1853, 5408, 7375, -94199, -3018, 13352, 42238
16700.5, 1416, 1908, 4637, 6798, -96255, 468, 13702, 42238
16704.3, 1544, 1908, 4637, 6798, -96255, 468, 13702, 42240
16708.5, 1728, 1908, 4637, 6798, -98762, -2008, 11677, 42240
16712.3, 1271, 1908, 4637, 6798, -98762, -2008, 11677, 42230
16716.0, 1525, 1908, 4637, 6798, -98762, -2008, 11677, 42255
16720.3, 2028, 1679, 4809, 7047, -104161, -6221, 9900, 42255
16724.0, 1447, 1679, 4809, 7047, -104161, -6221, 9900, 42274
16728.2, 1530, 1679, 4809, 7047, -105806, -6776, 9371, 42274
16731.9, 1564, 1679, 4809, 7047, -105806, -6776, 9371, 42271
16735.6, 1751, 1679, 4809, 7047, -105806, -6776, 9371, 42295
16739.9, 1469, 1883, 4768, 6943, -107587, -1540, 9209, 42295
16743.6, 1455, 1883, 4768, 6943, -107587, -1540, 9209, 42268
16747.8, 1897, 1883, 4768, 6943, -109547, 3154, 8373, 42268
16751.6, 1387, 1883, 4768, 6943, -109547, 3154, 8373, 42285
16753.8, 1117, 1883, 4768, 6943, -109547, 3154, 8373, 42285
16759.5, 1664, 2819, 4421, 7667, -111223, 870, 9476, 42303
16763.3, 1475, 2819, 4421, 7667, -111223, 870, 9476, 42305
16769.0, 1456, 2819, 4421, 7667, -114254, 4611, 15373, 42326
16771.2, 1072, 2819, 4421, 7667, -114254, 4611, 15373, 42326
16773.5, 1239, 2819, 4421, 7667, -114254, 4611, 15373, 42326
16779.3, 1722, 2906, 3856, 7391, -115974, 12433, 22785, 42341
16781.5, 1359, 2906, 3856, 7391, -115974, 12433, 22785, 42341
16785.8, 1479, 2638, 3856, 7391, -115974, 12433, 22785, 42341
16789.5, 1598, 2638, 3856, 7391, -115974, 12433, 22785, 42356
16791.8, 1310, 2638, 3856, 7391, -115974, 12433, 22785, 42356
16796.0, 1924, 2289, 3567, 8578, -117698, 15592, 28052, 42356
16799.7, 1713, 2289, 3567, 8578, -117698, 15592, 28052, 42360
16802.0, 987, 2289, 3567, 8578, -117698, 15592, 28052, 42360
16807.7, 1659, 1961, 2986, 8625, -116534, 14586, 23957, 42383
16811.4, 1793, 1961, 2986, 8625, -116534, 14586, 23957, 42375
16815.6, 1898, 1405, 2660, 8931, -115003, 14652, 23957, 42375
16819.4, 1684, 1405, 2660, 8931, -115003, 14652, 23957, 42411
16821.6, 890, 1405, 2660, 8931, -115003, 14652, 23957, 42411
16825.9, 1669, 1570, 2569, 9455, -113493, 10495, 17972, 42411
16829.6, 1887, 1570, 2569, 9455, -113493, 10495, 17972, 42436
16831.9, 1212, 1570, 2569, 9455, -113493, 10495, 17972, 42436
16837.6, 1535, 1666, 2122, 8123, -116158, -2060, 16143, 42426
16841.4, 1200, 1666, 2122, 8123, -116158, -2060, 16143, 42472
16845.6, 1670, 1715, 2144, 8048, -116158, -2060, 15920, 42472
16849.4, 2009, 1715, 2144, 8048, -116158, -2060, 15920, 42495
16853.6, 1378, 1993, 2235, 8819, -118271, -4991, 15920, 42495
16857.3, 1949, 1993, 2235, 8819, -118271, -4991, 15920, 42503
16861.0, 1736, 1993, 2235, 8819, -118271, -4991, 15920, 42521
16865.3, 1250, 2232, 2224, 7988, -122545, -7953, 15579, 42521
16869.0, 1492, 2232, 2224, 7988, -122545, -7953, 15579, 42542
16873.2, 1589, 2417, 2079, 8083, -125529, -7144, 14897, 42542
16877.0, 1361, 2417, 2079, 8083, -125529, -7144, 14897, 42567
16880.7, 1250, 2417, 2079, 8083, -125529, -7144, 14897, 42563
16884.9, 1776, 2426, 2005, 10153, -120852, -1715, 15697, 42563
16888.7, 1521, 2426, 2005, 10153, -120852, -1715, 15697, 42544
16892.9, 1575, 2268, 1715, 8967, -116600, 5337, 19788, 42544
16896.6, 1584, 2268, 1715, 8967, -116600, 5337, 19788, 42577
16898.9, 1680, 2268, 1715, 8967, -116600, 5337, 19788, 42577
16904.6, 1856, 2100, 1271, 9034, -115274, 7966, 24951, 42581
16908.3, 1653, 2100, 1271, 9034, -115274, 7966, 24951, 42594
16914.0, 1540, 1741, 838, 9231, -117160, 6186, 28656, 42628
16917.7, 1523, 1741, 838, 9231, -117160, 6186, 28656, 42602
16923.5, 1627, 1694, 517, 7685, -120821, 7078, 27781, 42585
16927.2, 1215, 1694, 517, 7685, -120821, 7078, 27781, 42584
16932.9, 1459, 1960, 473, 8466, -123608, 9135, 21127, 42579
16936.6, 1870, 1960, 473, 8466, -123608, 9135, 21127, 42577
16940.9, 1466, 2069, 701, 10318, -124497, 3053, 13098, 42577
16944.6, 1709, 2069, 701, 10318, -124497, 3053, 13098, 42519
16946.9, 1318, 2069, 701, 10318, -124497, 3053, 13098, 42519
16952.6, 1562, 2030, 706, 9295, -125800, -4825, 9489, 42577
16956.3, 1596, 2030, 706, 9295, -125800, -4825, 9489, 42573
16960.6, 1170, 1865, 717, 10559, -120738, -5757, 12403, 42573
16964.3, 1863, 1865, 717, 10559, -120738, -5757, 12403, 42575
16966.5, 2315, 1865, 717, 10559, -120738, -5757, 12403, 42575
16970.8, 1250, 2060, 277, 8806, -119098, -1373, 19609, 42575
16974.6, 1291, 2060, 277, 8806, -119098, -1373, 19609, 42583
16976.8, 1844, 2060, 277, 8806, -119098, -1373, 19609, 42583
16982.6, 1545, 2553, -436, 9765, -117588, 1526, 24163, 42579
16986.3, 1704, 2553, -436, 9765, -117588, 1526, 24163, 42546
16990.6, 1588, 2632, -878, 10472, -116420, 568, 25454, 42546
16994.3, 1502, 2632, -878, 10472, -116420, 568, 25454, 42528
16996.5, 1324, 2632, -878, 10472, -116420, 568, 25454, 42528
17000.8, 1600, 2770, -1653, 8663, -116053, 4703, 24482, 42528
17004.5, 1662, 2770, -1653, 8663, -116053, 4703, 24482, 42507
17008.7, 1500, 2880, -1718, 8530, -114355, 10526, 22177, 42507
17012.4, 1469, 2880, -1718, 8530, -114355, 10526, 22177, 42481
17016.2, 1686, 2880, -1718, 8530, -114355, 10526, 22177, 42447
17020.4, 1600, 2113, -1447, 8784, -116184, 13142, 22413, 42447
17024.1, 1282, 2113, -1447, 8784, -116184, 13142, 22413, 42421
17028.4, 1720, 1360, -1083, 10539, -115059, 13917, 26224, 42421
17032.1, 1560, 1360, -1083, 10539, -115059, 13917, 26224, 42379
17035.8, 1460, 1360, -1083, 10539, -115059, 13917, 26224, 42373
17040.1, 1691, 923, -1064, 9926, -115143, 11502, 29732, 42373
17043.8, 2126, 923, -1064, 9926, -115143, 11502, 29732, 42340
17048.1, 1240, 1263, -1444, 10899, -113349, 4340, 27864, 42340
17051.8, 1841, 1263, -1444, 10899, -113349, 4340, 27864, 42310
17055.6, 1795, 1263, -1444, 10899, -113349, 4340, 27864, 42310
17059.8, 1397, 1861, -2094, 10359, -112439, -4405, 21367, 42310
17063.6, 1758, 1861, -2094, 10359, -112439, -4405, 21367, 42299
17067.8, 1596, 2501, -2613, 9533, -112014, -9686, 15588, 42299
17071.5, 1345, 2501, -2613, 9533, -112014, -9686, 15588, 42276
17073.8, 1289, 2501, -2613, 9533, -112014, -9686, 15588, 42276
17079.5, 1606, 2672, -2754, 8284, -111279, -4620, 15422, 42276
17083.2, 1532, 2672, -2754, 8284, -111279, -4620, 15422, 42260
17088.9, 1640, 2956, -2834, 8274, -109998, 8824, 20199, 42218
17092.7, 1655, 2956, -2834, 8274, -109998, 8824, 20199, 42194
17098.4, 1730, 2645, -2590, 9038, -110339, 18607, 25406, 42165
17102.1, 1528, 2645, -2590, 9038, -110339, 18607, 25406, 42109
17107.8, 2029, 1750, -2156, 9198, -109564, 25598, 30424, 42063
17111.5, 493, 1750, -2156, 9198, -109564, 25598, 30424, 42020
17115.8, 1340, 1229, -2475, 10198, -105894, 30533, 32887, 42020
17119.5, 1494, 1229, -2475, 10198, -105894, 30533, 32887, 41927
17121.8, 1379, 1229, -2475, 10198, -105894, 30533, 32887, 41927
17126.0, 1808, 833, -3055, 10138, -104091, 24386, 29352, 41927
17129.7, 1813, 833, -3055, 10138, -104091, 24386, 29352, 41964
17132.0, 2277, 833, -3055, 10138, -104091, 24386, 29352, 41964
17137.7, 1115, 945, -3784, 9438, -104275, 10106, 21210, 41981
17141.4, 1459, 945, -3784, 9438, -104275, 10106, 21210, 41991
17145.7, 1442, 1224, -4075, 10299, -105644, -4278, 13755, 41991
17149.4, 1665, 1224, -4075, 10299, -105644, -4278, 13755, 42010
17151.6, 1634, 1224, -4075, 10299, -105644, -4278, 13755, 42010
17155.9, 1787, 2025, -4182, 8674, -106681, -10101, 10902, 42010
17159.6, 1856, 2025, -4182, 8674, -106681, -10101, 10902, 42003
17163.8, 1675, 2814, -4033, 8496, -108641, -6938, 11204, 42003
17167.5, 1529, 2814, -4033, 8496, -108641, -6938, 11204, 42012
17171.3, 1345, 2814, -4033, 8496, -108641, -6938, 11204, 41998
17175.5, 1954, 2963, -3698, 8909, -106987, 398, 15273, 41998
17179.2, 987, 2963, -3698, 8909, -106987, 398, 15273, 42012
17183.4, 1288, 2803, -3601, 9186, -103269, 11217, 22374, 42012
17187.2, 1655, 2803, -3601, 9186, -103269, 11217, 22374, 41933
17190.9, 1635, 2803, -3601, 9186, -103269, 11217, 22374, 41919
17195.2, 1761, 1932, -3844, 8796, -100053, 20925, 29343, 41919
17198.9, 2050, 1932, -3844, 8796, -100053, 20925, 29343, 41874
17203.1, 1140, 1331, -4472, 9597, -96540, 26018, 32839, 41874
17206.8, 1574, 1331, -4472, 9597, -96540, 26018, 32839, 41863
17210.6, 1832, 1331, -4472, 9597, -96540, 26018, 32839, 41836
17214.8, 1559, 990, -5093, 9144, -95888, 24307, 30017, 41836
17218.5, 1529, 990, -5093, 9144, -95888, 24307, 30017, 41831
17222.8, 1408, 1042, -5454, 9412, -97030, 17907, 22129, 41831
17226.5, 1683, 1042, -5454, 9412, -97030, 17907, 22129, 41847
17228.8, 1372, 1042, -5454, 9412, -97030, 17907, 22129, 41847
17234.5, 1807, 1170, -5319, 8963, -98404, 9051, 14227, 41837
17238.3, 2029, 1170, -5319, 8963, -98404, 9051, 14227, 41821
17244.0, 973, 1612, -5245, 9224, -99887, 774, 9865, 41833
17247.7, 1367, 1612, -5245, 9224, -99887, 774, 9865, 41806
17253.4, 1985, 1910, -5136, 9716, -97529, -5989, 9970, 41850
17257.1, 1251, 1910, -5136, 9716, -97529, -5989, 9970, 41850
17262.8, 1462, 2215, -5300, 7994, -95096, -4213, 14450, 41826
17266.5, 1578, 2215, -5300, 7994, -95096, -4213, 14450, 41814
17270.8, 1831, 2316, -5595, 8124, -93215, 4278, 19823, 41814
17274.5, 1751, 2316, -5595, 8124, -93215, 4278, 19823, 41799
17276.8, 1467, 2316, -5595, 8124, -93215, 4278, 19823, 41799
17282.5, 1359, 2144, -5904, 8095, -91425, 11913, 23227, 42260
17286.3, 1713, 2144, -5904, 8095, -91425, 11913, 23227, 41768
17290.5, 2311, 1651, -5940, 7872, -91832, 18099, 24390, 41768
17294.3, 1619, 1651, -5940, 7872, -91832, 18099, 24390, 41733
17296.5, 566, 1651, -5940, 7872, -91832, 18099, 24390, 41733
17300.8, 1778, 1256, -5865, 7885, -93241, 22072, 23787, 41733
17304.6, 2008, 1256, -5865, 7885, -93241, 22072, 23787, 41695
17306.9, 1030, 1256, -5865, 7885, -93241, 22072, 23787, 41695
17312.6, 1315, 796, -5880, 9496, -92970, 19779, 21332, 41678
17316.3, 1629, 796, -5880, 9496, -92970, 19779, 21332, 41665
17320.6, 1869, 385, -5931, 8282, -91880, 15330, 18891, 41665
17324.3, 1948, 385, -5931, 8282, -91880, 15330, 18891, 41646
17326.5, 1705, 385, -5931, 8282, -91880, 15330, 18891, 41646
17330.8, 1455, 754, -6309, 8066, -91303, 11020, 16332, 41646
17334.6, 1531, 754, -6309, 8066, -91303, 11020, 16332, 41643
17338.8, 1651, 754, -6309, 8066, -91303, -34, 13370, 41643
17342.5, 1255, 754, -6309, 8066, -91303, -34, 13370, 41341
17346.3, 2038, 754, -6309, 8066, -91303, -34, 13370, 41314
17350.5, 1700, 1191, -6908, 6918, -90708, -7179, 12110, 41314
17354.3, 1099, 1191, -6908, 6918, -90708, -7179, 12110, 41317
17358.5, 1807, 1191, -6908, 6918, -90708, -3504, 12442, 41317
17362.2, 1951, 1191, -6908, 6918, -90708, -3504, 12442, 41309
17366.0, 1506, 1191, -6908, 6918, -90708, -3504, 12442, 41304
17370.3, 1484, 1639, -7068, 7951, -90126, 1448, 13540, 41304
17374.0, 1063, 1639, -7068, 7951, -90126, 1448, 13540, 41278
17378.3, 1888, 1639, -7068, 7951, -87960, 8474, 15872, 41278
17382.0, 1461, 1639, -7068, 7951, -87960, 8474, 15872, 41347
17385.7, 1391, 1639, -7068, 7951, -87960, 8474, 15872, 41336
17390.0, 1406, 1180, -7399, 7140, -84071, 17509, 18497, 41336
17393.7, 1756, 1180, -7399, 7140, -84071, 17509, 18497, 41345
17398.0, 1697, 1180, -7399, 7140, -81380, 18948, 19438, 41345
17401.8, 1722, 1180, -7399, 7140, -81380, 18948, 19438, 41333
17405.5, 1689, 1180, -7399, 7140, -81380, 18948, 19438, 41389
17409.8, 1739, 677, -7591, 7307, -80781, 12976, 18160, 41389
17413.5, 1659, 677, -7591, 7307, -80781, 12976, 18160, 41401
17417.8, 1214, 677, -7591, 7307, -81485, 6326, 16620, 41401
17421.5, 1631, 677, -7591, 7307, -81485, 6326, 16620, 41420
17425.7, 1654, 460, -7594, 7862, -81485, 6326, 16620, 41420
17429.4, 1702, 460, -7594, 7862, -81485, 6326, 16620, 41451
17431.7, 1552, 460, -7594, 7862, -81485, 6326, 16620, 41451
17435.9, 1975, 610, -7646, 7719, -82128, 1084, 14875, 41451
17439.6, 1837, 610, -7646, 7719, -82128, 1084, 14875, 41430
17441.9, 1586, 610, -7646, 7719, -82128, 1084, 14875, 41430
17447.6, 1360, 858, -7782, 6974, -83231, -1194, 12753, 41465
17451.3, 1123, 858, -7782, 6974, -83231, -1194, 12753, 41477
17455.6, 1434, 1213, -7812, 6677, -84517, 196, 10526, 41477
17459.3, 1123, 1213, -7812, 6677, -84517, 196, 10526, 41495
17461.5, 1435, 1213, -7812, 6677, -84517, 196, 10526, 41495
17465.8, 2019, 1280, -7642, 7010, -83891, 3675, 9467, 41495
17469.6, 1681, 1280, -7642, 7010, -83891, 3675, 9467, 41493
17471.8, 1378, 1280, -7642, 7010, -83891, 3675, 9467, 41493
17477.6, 2057, 1153, -7559, 6595, -80943, 8505, 11423, 41508
17481.3, 1206, 1153, -7559, 6595, -80943, 8505, 11423, 41519
17485.5, 1263, 1110, -7888, 6064, -79591, 12678, 14962, 41519
17489.3, 1761, 1110, -7888, 6064, -79591, 12678, 14962, 41516
17491.5, 1920, 1110, -7888, 6064, -79591, 12678, 14962, 41516
17495.8, 1823, 942, -8219, 7021, -78353, 11458, 16813, 41516
17499.5, 1450, 942, -8219, 7021, -78353, 11458, 16813, 41495
17503.7, 1493, 815, -8437, 6503, -77946, 7765, 16480, 41495
17507.5, 1529, 815, -8437, 6503, -77946, 7765, 16480, 41536
17511.3, 1677, 815, -8437, 6503, -77946, 7765, 16480, 41525
17515.5, 1400, 854, -8572, 6417, -76519, 6063, 14875, 41525
17519.2, 1936, 854, -8572, 6417, -76519, 6063, 14875, 41536
17523.5, 2059, 917, -8642, 6269, -73068, 4620, 12958, 41536
17527.2, 1450, 917, -8642, 6269, -73068, 4620, 12958, 41547
17531.0, 1055, 917, -8642, 6269, -73068, 4620, 12958, 41567
17535.2, 1206, 875, -8542, 5532, -70438, 4186, 11935, 41567
17538.9, 1624, 875, -8542, 5532, -70438, 4186, 11935, 41532
17543.1, 1717, 667, -8353, 5823, -67472, 7656, 12972, 41532
17546.9, 1511, 667, -8353, 5823, -67472, 7656, 12972, 41593
17550.6, 1434, 667, -8353, 5823, -67472, 7656, 12972, 41600
17554.8, 1480, 598, -8503, 5781, -66291, 11257, 14485, 41600
17558.6, 1695, 598, -8503, 5781, -66291, 11257, 14485, 41596
17562.8, 1801, 571, -8773, 6384, -65206, 9568, 13308, 41596
17566.9, 1688, 571, -8773, 6384, -65206, 9568, 13308, 41608
17572.7, 1721, 505, -8910, 5778, -66155, 6641, 10675, 41612
17576.4, 1266, 505, -8910, 5778, -66155, 6641, 10675, 41317
17578.7, 1466, 505, -8910, 5778, -66155, 6641, 10675, 41317
17584.4, 1650, 689, -8962, 6187, -66295, 3478, 8435, 41655
17586.7, 1114, 689, -8962, 6187, -66295, 3478, 8435, 41655
17590.9, 1324, 733, -8753, 5640, -66794, 87, 7708, 41655
17594.7, 1761, 733, -8753, 5640, -66794, 87, 7708, 41652
17597.0, 1883, 733, -8753, 5640, -66794, 87, 7708, 41652
17602.7, 2195, 658, -8519, 5378, -66256, 1448, 9065, 41666
17606.4, 985, 658, -8519, 5378, -66256, 1448, 9065, 41713
17610.6, 616, 903, -8574, 5727, -65704, 5215, 10123, 41713
17614.4, 1300, 903, -8574, 5727, -65704, 5215, 10123, 41686
17616.6, 1706, 903, -8574, 5727, -65704, 5215, 10123, 41686
17620.9, 2045, 1117, -8874, 5970, -64191, 6575, 7914, 41686
17624.7, 1699, 1117, -8874, 5970, -64191, 6575, 7914, 41712
17627.0, 1347, 1117, -8874, 5970, -64191, 6575, 7914, 41712
17632.7, 1497, 979, -9110, 4852, -63049, 8461, 5468, 41721
17636.4, 1571, 979, -9110, 4852, -63049, 8461, 5468, 41727
17640.7, 1516, 857, -9263, 5184, -60695, 12915, 5271, 41727
17644.5, 1586, 857, -9263, 5184, -60695, 12915, 5271, 41742
17648.7, 1784, 836, -9418, 4957, -57729, 14463, 6370, 41742
17652.5, 1720, 836, -9418, 4957, -57729, 14463, 6370, 41777
17656.3, 1498, 836, -9418, 4957, -57729, 14463, 6370, 41789
17660.5, 1739, 749, -9337, 5057, -55725, 13453, 6842, 41789
17664.3, 1702, 749, -9337, 5057, -55725, 13453, 6842, 41809
17668.5, 1692, 626, -9122, 5135, -55007, 11187, 6269, 41809
17672.2, 1471, 626, -9122, 5135, -55007, 11187, 6269, 41801
17676.0, 1190, 626, -9122, 5135, -55007, 11187, 6269, 41830
17680.2, 1965, 483, -8906, 5292, -55174, 10845, 5643, 41830
17684.0, 1845, 483, -8906, 5292, -55174, 10845, 5643, 41802
17688.2, 1561, 317, -8812, 5341, -54701, 12394, 4628, 41802
17691.9, 1428, 317, -8812, 5341, -54701, 12394, 4628, 41791
17695.6, 1539, 317, -8812, 5341, -54701, 12394, 4628, 41791
17699.9, 1321, 236, -8875, 4860, -54351, 13374, 2808, 41791
17703.6, 1302, 236, -8875, 4860, -54351, 13374, 2808, 41793
17707.8, 1814, 325, -9090, 5257, -53756, 12158, 485, 41793
17711.6, 2301, 325, -9090, 5257, -53756, 12158, 485, 41516
17713.9, 1826, 325, -9090, 5257, -53756, 12158, 485, 41516
17719.5, 733, 321, -9159, 4596, -53423, 11340, -1115, 41763
17723.3, 1639, 321, -9159, 4596, -53423, 11340, -1115, 41772
17729.0, 1852, 397, -9309, 4308, -51809, 12381, -1452, 41775
17732.7, 1590, 397, -9309, 4308, -51809, 12381, -1452, 41784
17738.4, 1488, 389, -9427, 4347, -50059, 12136, -1701, 41783
17742.1, 1782, 389, -9427, 4347, -50059, 12136, -1701, 41749
17747.9, 1780, 370, -9549, 4219, -48817, 11068, -2117, 41786
17751.6, 1506, 370, -9549, 4219, -48817, 11068, -2117, 41772
17755.8, 1472, 327, -9588, 4199, -47434, 9445, -2113, 41772
17759.6, 1788, 327, -9588, 4199, -47434, 9445, -2113, 41768
17761.8, 1709, 327, -9588, 4199, -47434, 9445, -2113, 41768
17767.6, 1519, 238, -9539, 3997, -46607, 7476, -1277, 41791
17771.3, 1269, 238, -9539, 3997, -46607, 7476, -1277, 41743
17775.6, 1338, 208, -9562, 4137, -45465, 6706, -625, 41743
17779.3, 1648, 208, -9562, 4137, -45465, 6706, -625, 41726
17781.6, 1654, 208, -9562, 4137, -45465, 6706, -625, 41726
17785.8, 1977, 181, -9711, 4138, -43260, 5661, -1181, 41726
17789.6, 1722, 181, -9711, 4138, -43260, 5661, -1181, 41703
17791.8, 1431, 181, -9711, 4138, -43260, 5661, -1181, 41703
17797.6, 1291, 241, -9654, 3464, -41917, 6615, -1968, 41667
17801.3, 1741, 241, -9654, 3464, -41917, 6615, -1968, 41661
17805.6, 1737, 383, -9641, 3864, -39349, 8505, -2152, 41661
17809.3, 1657, 383, -9641, 3864, -39349, 8505, -2152, 41642
17811.6, 1419, 383, -9641, 3864, -39349, 8505, -2152, 41642
17815.8, 1364, 323, -9623, 3663, -37901, 9345, -2095, 41642
17819.6, 2369, 323, -9623, 3663, -37901, 9345, -2095, 41632
17823.8, 2219, 247, -9650, 3734, -36938, 9415, -2240, 41632
17827.5, 862, 247, -9650, 3734, -36938, 9415, -2240, 41634
17831.2, 749, 247, -9650, 3734, -36938, 9415, -2240, 41597
17835.5, 1396, 190, -9619, 3732, -35271, 9380, -1763, 41597
17839.2, 1689, 190, -9619, 3732, -35271, 9380, -1763, 41593
17843.4, 1928, 106, -9690, 3607, -33110, 7608, -1706, 41593
17847.1, 1586, 106, -9690, 3607, -33110, 7608, -1706, 41586
17850.9, 1466, 106, -9690, 3607, -33110, 7608, -1706, 41587
17855.1, 1656, 150, -9714, 3315, -31802, 5600, -1693, 41587
17858.9, 1856, 150, -9714, 3315, -31802, 5600, -1693, 41608
17863.1, 1856, 257, -9658, 3446, -30590, 3880, -1308, 41608
17866.8, 1436, 257, -9658, 3446, -30590, 3880, -1308, 41525
17870.6, 1805, 257, -9658, 3446, -30590, 3880, -1308, 41577
17874.8, 1483, 212, -9734, 3318, -29334, 2222, -958, 41577
17878.5, 1054, 212, -9734, 3318, -29334, 2222, -958, 41592
17882.8, 1518, 152, -9830, 3454, -27908, 1382, -1483, 41592
17886.5, 1759, 152, -9830, 3454, -27908, 1382, -1483, 41520
17888.8, 1882, 152, -9830, 3454, -27908, 1382, -1483, 41520
17894.5, 1635, 298, -9943, 3043, -26766, 2563, -2485, 41565
17898.3, 1294, 298, -9943, 3043, -26766, 2563, -2485, 41575
17904.0, 1478, 358, -9860, 3190, -25217, 4650, -2957, 41528
17906.3, 1375, 358, -9860, 3190, -25217, 4650, -2957, 41528
17908.5, 1712, 358, -9860, 3190, -25217, 4650, -2957, 41528
17914.3, 1809, 363, -9724, 3313, -24115, 6028, -2861, 41527
17916.5, 1402, 363, -9724, 3313, -24115, 6028, -2861, 41527
17920.8, 1294, 363, -9724, 3313, -22693, 6562, -2178, 41527
17924.5, 1405, 363, -9724, 3313, -22693, 6562, -2178, 41129
17926.8, 1460, 363, -9724, 3313, -22693, 6562, -2178, 41129
17932.5, 1820, 151, -9675, 3012, -21542, 6107, -1194, 41124
17936.2, 1664, 151, -9675, 3012, -21542, 6107, -1194, 41140
17940.5, 1544, 23, -9721, 3012, -20689, 3311, -1058, 41140
17944.2, 1814, 23, -9721, 3012, -20689, 3311, -1058, 41105
17946.5, 1779, 23, -9721, 3012, -20689, 3311, -1058, 41105
17950.7, 1197, 46, -9812, 3255, -20225, -1640, -1995, 41105
17954.4, 1096, 46, -9812, 3255, -20225, -1640, -1995, 41101
17956.7, 1495, 46, -9812, 3255, -20225, -1640, -1995, 41101
17960.9, 1736, 168, -9929, 3128, -19329, -5670, -2673, 41101
17964.6, 1740, 168, -9929, 3128, -19329, -5670, -2673, 41095
17968.9, 1684, 168, -9929, 3128, -19329, -5670, -2673, 41095
17972.6, 1562, 168, -9929, 3128, -19329, -5670, -2673, 41081
17976.4, 1562, 168, -9929, 3128, -19329, -5670, -2673, 41073
17980.6, 1703, 400, -9675, 2685, -17185, -2590, -1903, 41073
17984.4, 1676, 400, -9675, 2685, -17185, -2590, -1903, 41071
17988.6, 1620, 400, -9675, 2685, -17185, -2590, -1903, 41071
17992.3, 2014, 400, -9675, 2685, -17185, -2590, -1903, 41048
17996.1, 1859, 400, -9675, 2685, -17185, -2590, -1903, 41065
18000.3, 886, 279, -9570, 3183, -16038, 5718, -1141, 41065
18004.1, 845, 279, -9570, 3183, -16038, 5718, -1141, 41028
18008.3, 1776, 279, -9570, 3183, -16038, 5718, -1141, 41028
18012.0, 1742, 279, -9570, 3183, -16038, 5718, -1141, 41011
18015.7, 1671, 279, -9570, 3183, -16038, 5718, -1141, 41001
18020.0, 1867, -61, -9608, 2911, -16524, 4983, -3434, 41001
18023.7, 1877, -61, -9608, 2911, -16524, 4983, -3434, 41002
18027.9, 1468, -61, -9608, 2911, -16524, 4983, -3434, 41002
18031.7, 1336, -61, -9608, 2911, -16524, 4983, -3434, 40987
18034.0, 1386, -61, -9608, 2911, -16524, 4983, -3434, 40987
18039.7, 1724, 144, -9427, 3380, -16323, -284, -2139, 40928
18043.5, 1758, 144, -9427, 3380, -16323, -284, -2139, 40967
18047.7, 1676, 144, -9427, 3380, -16323, -284, -2139, 40967
18051.4, 1812, 144, -9427, 3380, -16323, -284, -2139, 40952
18053.7, 1578, 144, -9427, 3380, -16323, -284, -2139, 40952
18059.5, 1041, 226, -9610, 2930, -15111, -153, -1233, 40957
18063.2, 2021, 226, -9610, 2930, -15111, -153, -1233, 40946
18068.9, 1573, 226, -9610, 2930, -15111, -153, -1233, 40929
18071.1, 1184, 226, -9610, 2930, -15111, -153, -1233, 40929
18073.5, 1221, 226, -9610, 2930, -15111, -153, -1233, 40929
18079.2, 1587, 248, -9683, 2842, -13501, 4445, -1592, 40920
18081.5, 1500, 248, -9683, 2842, -13501, 4445, -1592, 40920
18085.7, 1648, 159, -9635, 2674, -11296, 7791, -2362, 40920
18089.4, 1648, 159, -9635, 2674, -11296, 7791, -2362, 40906
18091.7, 1586, 159, -9635, 2674, -11296, 7791, -2362, 40906
18095.9, 1698, 203, -9533, 2983, -9380, 6133, -3088, 40906
18099.6, 1694, 203, -9533, 2983, -9380, 6133, -3088, 40923
18101.9, 1588, 203, -9533, 2983, -9380, 6133, -3088, 40923
18107.6, 1580, 156, -9487, 2672, -8850, 2226, -2786, 40885
18111.3, 1423, 156, -9487, 2672, -8850, 2226, -2786, 40876
18115.6, 1394, 148, -9598, 2933, -8128, 227, -1579, 40876
18119.3, 1710, 148, -9598, 2933, -8128, 227, -1579, 40863
18121.6, 1525, 148, -9598, 2933, -8128, 227, -1579, 40863
18125.9, 1339, 142, -9695, 2833, -7595, -879, -730, 40863
18129.6, 1416, 142, -9695, 2833, -7595, -879, -730, 40858
18133.8, 1782, 135, -9747, 2697, -7035, -1093, -1041, 40858
18137.6, 1925, 135, -9747, 2697, -7035, -1093, -1041, 40868
18141.3, 1767, 135, -9747, 2697, -7035, -1093, -1041, 40853
18145.6, 1749, 266, -9699, 2780, -5770, -161, -2191, 40853
18149.3, 1603, 266, -9699, 2780, -5770, -161, -2191, 41144
18153.5, 1297, 363, -9620, 2559, -4921, 1614, -3150, 41144
18157.2, 1239, 363, -9620, 2559, -4921, 1614, -3150, 40843
18161.0, 1444, 363, -9620, 2559, -4921, 1614, -3150, 40804
18165.3, 2054, 464, -9582, 2527, -4379, 2791, -3381, 40804
18169.0, 1799, 464, -9582, 2527, -4379, 2791, -3381, 40831
18173.3, 1931, 370, -9722, 2681, -3727, 3539, -3220, 40831
18177.0, 1519, 370, -9722, 2681, -3727, 3539, -3220, 40813
18180.8, 1300, 370, -9722, 2681, -3727, 3539, -3220, 40821
18185.0, 1970, 296, -9878, 2515, -2108, 4821, -3080, 40821
18188.7, 1774, 296, -9878, 2515, -2108, 4821, -3080, 40809
18192.9, 643, 237, -9900, 2387, -888, 5901, -3053, 40809
18196.7, 982, 237, -9900, 2387, -888, 5901, -3053, 40811
18199.0, 1814, 237, -9900, 2387, -888, 5901, -3053, 40811
18204.7, 1934, 281, -9799, 2568, 608, 4851, -2708, 41073
18208.5, 1878, 281, -9799, 2568, 608, 4851, -2708, 40788
18212.7, 2241, 219, -9750, 2421, 2541, 3876, -1701, 40788
18216.4, 1590, 219, -9750, 2421, 2541, 3876, -1701, 40766
18218.7, 1099, 219, -9750, 2421, 2541, 3876, -1701, 40766
18224.4, 1061, 216, -9871, 2196, 3631, 4996, -1084, 40774
18226.7, 1229, 216, -9871, 2196, 3631, 4996, -1084, 40774
18230.9, 1770, 171, -10092, 2792, 6269, 6571, -1334, 40774
18234.6, 2438, 171, -10092, 2792, 6269, 6571, -1334, 40774
18236.9, 1782, 171, -10092, 2792, 6269, 6571, -1334, 40774
18242.6, 1761, 131, -10077, 2638, 8841, 7669, -1806, 40763
18246.3, 1883, 131, -10077, 2638, 8841, 7669, -1806, 40700
18250.6, 601, 12, -10088, 2824, 11383, 8277, -1421, 40700
18254.3, 290, 12, -10088, 2824, 11383, 8277, -1421, 40745
18256.6, 877, 12, -10088, 2824, 11383, 8277, -1421, 40745
18260.8, 2915, -122, -10086, 2840, 14586, 6610, -988, 40745
18264.6, 1634, -122, -10086, 2840, 14586, 6610, -988, 40727
18266.9, 629, -122, -10086, 2840, 14586, 6610, -988, 40727
18272.6, 2339, 19, -10147, 2393, 18379, 4405, -839, 40722
18276.3, 2479, 19, -10147, 2393, 18379, 4405, -839, 40744
18280.6, 1217, 171, -10244, 2312, 22076, 857, -314, 40744
18284.3, 1788, 171, -10244, 2312, 22076, 857, -314, 40699
18286.5, 1423, 171, -10244, 2312, 22076, 857, -314, 40699
18290.7, 680, 276, -10251, 3197, 26906, -4125, -555, 40699
18294.5, 360, 276, -10251, 3197, 26906, -4125, -555, 40688
18298.7, 1825, 422, -10381, 3108, 30975, -4475, 161, 40688
18302.5, 2222, 422, -10381, 3108, 30975, -4475, 161, 40689
18306.2, 2232, 422, -10381, 3108, 30975, -4475, 161, 40660
18310.4, 1774, 235, -10475, 3089, 35416, -1054, 1662, 40660
18314.1, 1409, 235, -10475, 3089, 35416, -1054, 1662, 40682
18318.3, 1546, 177, -10238, 3324, 39900, 310, 1478, 40682
18322.1, 1661, 177, -10238, 3324, 39900, 310, 1478, 40688
18325.8, 1832, 177, -10238, 3324, 39900, 310, 1478, 40687
18330.0, 1749, 121, -10017, 3568, 45080, -1618, 608, 40687
18333.8, 1685, 121, -10017, 3568, 45080, -1618, 608, 40711
18338.0, 1908, 162, -10071, 3686, 48747, -2747, 1439, 40711
18341.7, 1081, 162, -10071, 3686, 48747, -2747, 1439, 40694
18345.5, 936, 162, -10071, 3686, 48747, -2747, 1439, 40696
18349.7, 2686, 222, -10241, 3885, 52045, -3150, 2296, 40696
18353.4, 2622, 222, -10241, 3885, 52045, -3150, 2296, 40682
18359.1, 87, 299, -10134, 4457, 56429, -2546, 1644, 40713
18362.9, 1258, 299, -10134, 4457, 56429, -2546, 1644, 40853
18368.6, 1753, 261, -10206, 4526, 60507, -2765, -288, 40722
18372.3, 906, 261, -10206, 4526, 60507, -2765, -288, 40737
18378.0, 2679, 23, -10057, 4344, 66470, -3250, -1889, 40745
18381.7, 1707, 23, -10057, 4344, 66470, -3250, -1889, 40789
18386.0, 584, 85, -10085, 4222, 72114, -4808, -2016, 40789
18389.7, 1963, 85, -10085, 4222, 72114, -4808, -2016, 40784
18392.0, 1730, 85, -10085, 4222, 72114, -4808, -2016, 40784
18397.7, 1810, 239, -10402, 5002, 77500, -9467, -2528, 40759
18401.4, 2278, 239, -10402, 5002, 77500, -9467, -2528, 40799
18405.7, 2005, 360, -10347, 4829, 83349, -13912, -3150, 40799
18409.4, 1280, 360, -10347, 4829, 83349, -13912, -3150, 40810
18411.7, 534, 360, -10347, 4829, 83349, -13912, -3150, 40810
18415.9, 1297, 571, -10242, 4998, 88603, -11077, -2353, 40810
18419.7, 2769, 571, -10242, 4998, 88603, -11077, -2353, 40831
18421.9, 2123, 571, -10242, 4998, 88603, -11077, -2353, 40831
18427.6, 197, 470, -10137, 5904, 93591, -6483, -1395, 40876
18431.4, 969, 470, -10137, 5904, 93591, -6483, -1395, 40863
18435.6, 2164, 147, -10096, 6157, 98530, -5508, -2169, 40863
18439.4, 1932, 147, -10096, 6157, 98530, -5508, -2169, 40900
18441.7, 1494, 147, -10096, 6157, 98530, -5508, -2169, 40900
18446.0, 1723, 34, -10004, 5888, 103098, -7857, -4567, 40900
18449.7, 1791, 34, -10004, 5888, 103098, -7857, -4567, 40893
18454.0, 1664, 133, -9964, 6249, 106957, -11086, -6527, 40893
18457.7, 2057, 133, -9964, 6249, 106957, -11086, -6527, 40911
18461.4, 1768, 133, -9964, 6249, 106957, -11086, -6527, 40929
18465.7, 570, 321, -10025, 6303, 110750, -15807, -8220, 40929
18469.4, 3027, 321, -10025, 6303, 110750, -15807, -8220, 40943
18473.6, 2935, 285, -9853, 6513, 115558, -19924, -9196, 40943
18477.3, 286, 285, -9853, 6513, 115558, -19924, -9196, 40972
18481.0, 31, 285, -9853, 6513, 115558, -19924, -9196, 41630
18485.3, 1928, 360, -9789, 6566, 119868, -19683, -8907, 41630
18489.0, 1357, 360, -9789, 6566, 119868, -19683, -8907, 41727
18493.2, 1558, 381, -9917, 6452, 124252, -16633, -8535, 41727
18497.0, 2101, 381, -9917, 6452, 124252, -16633, -8535, 41794
18500.8, 2266, 381, -9917, 6452, 124252, -16633, -8535, 41852
18505.0, 1203, 565, -9931, 6978, 129497, -15439, -10172, 41852
18508.8, 2160, 565, -9931, 6978, 129497, -15439, -10172, 41882
18513.0, 1449, 479, -9614, 6879, 133531, -16205, -12626, 41882
18516.7, 858, 479, -9614, 6879, 133531, -16205, -12626, 41961
18519.0, 1510, 479, -9614, 6879, 133531, -16205, -12626, 41961
18524.7, 1545, 453, -9256, 7345, 137827, -15150, -13116, 41998
18528.5, 2635, 453, -9256, 7345, 137827, -15150, -13116, 42048
18532.7, 2019, 589, -9140, 7278, 141809, -16008, -12390, 42048
18536.5, 355, 589, -9140, 7278, 141809, -16008, -12390, 42065
18538.8, 586, 589, -9140, 7278, 141809, -16008, -12390, 42065
18544.5, 1111, 637, -9061, 7504, 143204, -18235, -11125, 42115
18548.3, 1764, 637, -9061, 7504, 143204, -18235, -11125, 42145
18554.0, 1897, 547, -8913, 7239, 143344, -19272, -10285, 42168
18556.2, 2104, 547, -8913, 7239, 143344, -19272, -10285, 42168
18560.5, 2267, 547, -8913, 7239, 143344, -19272, -10285, 42168
18564.3, 2179, 547, -8913, 7239, 143344, -19272, -10285, 42209
18566.5, 1475, 547, -8913, 7239, 143344, -19272, -10285, 42209
18570.8, 488, 601, -8852, 7609, 143344, -20112, -14118, 42209
18574.5, 1981, 601, -8852, 7609, 143344, -20112, -14118, 42229
18576.8, 1629, 601, -8852, 7609, 143344, -20112, -14118, 42229
18581.0, 1998, 711, -8611, 7896, 143344, -17902, -15273, 42229
18584.7, 1945, 711, -8611, 7896, 143344, -17902, -15273, 42245
18587.0, 1025, 711, -8611, 7896, 143344, -17902, -15273, 42245
18592.7, 558, 778, -8302, 8052, 143344, -15321, -15023, 42259
18596.4, 2972, 778, -8302, 8052, 143344, -15321, -15023, 42255
18600.7, 2643, 771, -8222, 8121, 143344, -12057, -14485, 42255
18604.4, 188, 771, -8222, 8121, 143344, -12057, -14485, 42257
18606.7, 68, 771, -8222, 8121, 143344, -12057, -14485, 42257
18610.9, 1638, 720, -8035, 7326, 143344, -12162, -15028, 42257
18614.7, 2194, 720, -8035, 7326, 143344, -12162, -15028, 42264
18618.9, 2357, 794, -7801, 8724, 143344, -12162, -15028, 42264
18622.6, 2285, 794, -7801, 8724, 143344, -12162, -15028, 42279
18626.4, 1980, 794, -7801, 8724, 143344, -12162, -15028, 42268
18630.6, 932, 945, -7390, 7618, 143344, -16935, -17474, 42268
18634.4, 2250, 945, -7390, 7618, 143344, -16935, -17474, 42277
18638.6, 1498, 1007, -6915, 8552, 143344, -16935, -17474, 42277
18642.3, 213, 1007, -6915, 8552, 143344, -16935, -17474, 42283
18646.1, 1858, 1007, -6915, 8552, 143344, -16935, -17474, 42293
18650.3, 1678, 1095, -6553, 9431, 143344, -17224, -16174, 42293
18654.0, 1890, 1095, -6553, 9431, 143344, -17224, -16174, 42301
18658.2, 2086, 1027, -6273, 8490, 143344, -17224, -16174, 42301
18661.9, 1304, 1027, -6273, 8490, 143344, -17224, -16174, 42301
18665.7, 726, 1027, -6273, 8490, 143344, -17224, -16174, 42285
18669.9, 2142, 872, -6101, 8064, 143344, -17128, -14148, 42285
18673.7, 2321, 872, -6101, 8064, 143344, -17128, -14148, 42312
18677.9, 1350, 970, -6094, 9088, 143344, -17128, -14148, 42312
18681.6, 2376, 970, -6094, 9088, 143344, -17128, -14148, 42278
18683.9, 1690, 970, -6094, 9088, 143344, -17128, -14148, 42278
18689.6, 960, 1077, -5778, 8235, 143344, -20943, -18983, 42280
18693.3, 2218, 1077, -5778, 8235, 143344, -20943, -18983, 42260
18699.0, 2213, 1216, -5392, 9317, 143344, -21914, -19884, 42220
18702.7, 856, 1216, -5392, 9317, 143344, -21914, -19884, 42189
18708.5, 1648, 1310, -4917, 8606, 143344, -21914, -19884, 42123
18710.7, 1695, 1310, -4917, 8606, 143344, -21914, -19884, 42123
18713.0, 1397, 1310, -4917, 8606, 143344, -21914, -19884, 42123
18718.7, 1764, 1298, -4526, 9363, 143344, -21407, -18248, 42160
18720.9, 1460, 1298, -4526, 9363, 143344, -21407, -18248, 42160
18723.2, 1237, 1298, -4526, 9363, 143344, -21407, -18248, 42160
18728.9, 2484, 1271, -4269, 8779, 143344, -21359, -14503, 42164
18731.2, 2363, 1271, -4269, 8779, 143344, -21359, -14503, 42164
18735.5, 539, 1441, -4207, 9263, 143344, -22356, -12587, 42164
18739.2, 947, 1441, -4207, 9263, 143344, -22356, -12587, 42125
18741.5, 1647, 1441, -4207, 9263, 143344, -22356, -12587, 42125
18745.7, 1531, 1434, -4073, 9647, 143344, -24517, -13431, 42125
18749.4, 1816, 1434, -4073, 9647, 143344, -24517, -13431, 42072
18751.7, 1381, 1434, -4073, 9647, 143344, -24517, -13431, 42072
18755.9, 2484, 1520, -3734, 8935, 143344, -23599, -14608, 42072
18759.6, 1293, 1520, -3734, 8935, 143344, -23599, -14608, 42064
18761.9, 911, 1520, -3734, 8935, 143344, -23599, -14608, 42064
18767.6, 1246, 1566, -3562, 8685, 143344, -21289, -15325, 42033
18771.3, 1828, 1566, -3562, 8685, 143344, -21289, -15325, 42018
18775.6, 1096, 1480, -3162, 9430, 143344, -21984, -15439, 42018
18779.4, 2326, 1480, -3162, 9430, 143344, -21984, -15439, 41994
18783.6, 1892, 1339, -2855, 8991, 143344, -19827, -14000, 41994
18787.3, 1221, 1339, -2855, 8991, 143344, -19827, -14000, 41955
18791.1, 1665, 1339, -2855, 8991, 143344, -19827, -14000, 41939
18795.3, 1264, 1374, -2499, 9402, 143344, -16472, -13133, 41939
18799.1, 2118, 1374, -2499, 9402, 143344, -16472, -13133, 41911
18803.3, 1046, 1573, -2333, 9385, 143344, -17412, -14695, 41911
18807.0, 1189, 1573, -2333, 9385, 143344, -17412, -14695, 41883
18810.7, 1857, 1573, -2333, 9385, 143344, -17412, -14695, 41850
18815.0, 2231, 1497, -2040, 8580, 143344, -20484, -16953, 41850
18818.7, 1200, 1497, -2040, 8580, 143344, -20484, -16953, 41810
18822.9, 1221, 1342, -1650, 8875, 143344, -22317, -17382, 41810
18826.7, 2095, 1342, -1650, 8875, 143344, -22317, -17382, 41774
18829.0, 2203, 1342, -1650, 8875, 143344, -22317, -17382, 41774
18834.6, 1656, 1409, -1254, 9159, 143344, -23415, -16152, 41736
18838.4, 1784, 1409, -1254, 9159, 143344, -23415, -16152, 41700
18844.1, 1408, 1666, -1010, 8521, 143344, -21739, -16249, 41656
18847.8, 806, 1666, -1010, 8521, 143344, -21739, -16249, 41620
18853.5, 2036, 1609, -503, 9211, 143344, -20212, -17145, 41593
18857.3, 1765, 1609, -503, 9211, 143344, -20212, -17145, 41570
18863.0, 1308, 1772, -301, 8190, 143344, -17351, -17920, 41555
18866.7, 1094, 1772, -301, 8190, 143344, -17351, -17920, 41519
18872.5, 3184, 1867, 17, 8775, 143344, -17316, -19280, 41466
18876.2, 895, 1867, 17, 8775, 143344, -17316, -19280, 41356
18878.5, 147, 1867, 17, 8775, 143344, -17316, -19280, 41356
18884.2, 600, 1861, 90, 9349, 143344, -18830, -19018, 41383
18886.4, 917, 1861, 90, 9349, 143344, -18830, -19018, 41383
18890.7, 3049, 1911, 142, 9159, 143344, -19477, -17377, 41383
18894.4, 1928, 1911, 142, 9159, 143344, -19477, -17377, 41345
18896.7, 1326, 1911, 142, 9159, 143344, -19477, -17377, 41345
18902.4, 1031, 1864, 98, 8394, 143257, -18655, -14945, 41296
18906.1, 1788, 1864, 98, 8394, 143257, -18655, -14945, 41216
18910.4, 1821, 1625, 99, 8051, 143108, -16283, -12871, 41216
18914.1, 2111, 1625, 99, 8051, 143108, -16283, -12871, 41192
18916.4, 1526, 1625, 99, 8051, 143108, -16283, -12871, 41192
18920.6, 1728, 1449, 196, 8167, 141953, -12202, -13860, 41192
18924.3, 1939, 1449, 196, 8167, 141953, -12202, -13860, 41167
18926.6, 888, 1449, 196, 8167, 141953, -12202, -13860, 41167
18930.8, 1042, 1366, 561, 9258, 141262, -11497, -18493, 41167
18934.5, 1007, 1366, 561, 9258, 141262, -11497, -18493, 41140
18938.8, 2622, 1611, 833, 8973, 140724, -13777, -23804, 41140
18942.5, 2388, 1611, 833, 8973, 140724, -13777, -23804, 41131
18946.6, 906, 1611, 833, 8973, 140724, -13777, -23804, 41072
18950.9, 1484, 2043, 1057, 7704, 138064, -18042, -27182, 41072
18954.6, 2128, 2043, 1057, 7704, 138064, -18042, -27182, 41019
18958.8, 1487, 2184, 1417, 9134, 137180, -23935, -24911, 41019
18962.6, 1906, 2184, 1417, 9134, 137180, -23935, -24911, 40956
18966.3, 1266, 2184, 1417, 9134, 137180, -23935, -24911, 40939
18970.6, 1514, 2081, 1306, 7430, 134056, -24421, -18261, 40939
18974.3, 1724, 2081, 1306, 7430, 134056, -24421, -18261, 40899
18978.5, 2730, 1768, 1494, 8210, 133601, -16231, -11480, 40899
18982.2, 88, 1768, 1494, 8210, 133601, -16231, -11480, 40877
18986.0, 2048, 1768, 1494, 8210, 133601, -16231, -11480, 40842
18990.2, 1833, 1731, 1300, 8874, 132306, -10325, -9388, 40842
18993.9, 1180, 1731, 1300, 8874, 132306, -10325, -9388, 40763
18998.2, 2340, 1578, 1624, 7934, 130858, -13295, -12184, 40763
19001.9, 2265, 1578, 1624, 7934, 130858, -13295, -12184, 40813
19005.6, 1497, 1578, 1624, 7934, 130858, -13295, -12184, 40839
19009.8, 1555, 1253, 1810, 7913, 129825, -12508, -16205, 40839
19013.6, 1648, 1253, 1810, 7913, 129825, -12508, -16205, 40771
19017.8, 1533, 1246, 2191, 7167, 127437, -9581, -19320, 40771
19021.5, 1142, 1246, 2191, 7167, 127437, -9581, -19320, 40796
19023.8, 1452, 1246, 2191, 7167, 127437, -9581, -19320, 40796
19029.5, 1768, 1800, 2432, 8197, 125940, -7840, -21923, 40827
19033.2, 305, 1800, 2432, 8197, 125940, -7840, -21923, 40809
19039.0, 2976, 2122, 2799, 8078, 123175, -12871, -22947, 40824
19041.2, 2391, 2122, 2799, 8078, 123175, -12871, -22947, 40824
19043.5, 942, 2122, 2799, 8078, 123175, -12871, -22947, 40824
19049.2, 2210, 1987, 3321, 7726, 121360, -13987, -20575, 40822
19051.5, 1747, 1987, 3321, 7726, 121360, -13987, -20575, 40822
19055.8, 1548, 1934, 3525, 7539, 119400, -8058, -16393, 40822
19059.5, 1213, 1934, 3525, 7539, 119400, -8058, -16393, 41385
19061.8, 1418, 1934, 3525, 7539, 119400, -8058, -16393, 41385
19067.5, 2297, 2039, 3613, 7110, 116862, -2353, -14752, 41419
19071.3, 1680, 2039, 3613, 7110, 116862, -2353, -14752, 41438
19075.5, 1194, 2018, 3839, 6924, 113484, -1535, -16021, 41438
19079.2, 1843, 2018, 3839, 6924, 113484, -1535, -16021, 41452
19081.5, 2244, 2018, 3839, 6924, 113484, -1535, -16021, 41452
19085.8, 1066, 1952, 4349, 7211, 110037, -2174, -16839, 41452
19089.5, 1830, 1952, 4349, 7211, 110037, -2174, -16839, 41526
19091.7, 1525, 1952, 4349, 7211, 110037, -2174, -16839, 41526
19097.5, 1422, 2246, 4552, 8083, 107491, -4182, -16266, 41543
19101.2, 2052, 2246, 4552, 8083, 107491, -4182, -16266, 41576
19105.4, 1702, 2242, 4729, 6683, 105426, -7888, -15072, 41576
19109.1, 1342, 2242, 4729, 6683, 105426, -7888, -15072, 41603
19113.4, 1457, 2242, 4729, 6683, 104524, -5967, -13269, 41603
19117.1, 1840, 2242, 4729, 6683, 104524, -5967, -13269, 41603
19120.8, 1578, 2242, 4729, 6683, 104524, -5967, -13269, 41664
19125.1, 1639, 2224, 4920, 6453, 101086, -4226, -11707, 41664
19128.8, 2325, 2224, 4920, 6453, 101086, -4226, -11707, 41676
19133.0, 1728, 2224, 4920, 6453, 97664, -4624, -11095, 41676
19136.7, 1661, 2224, 4920, 6453, 97664, -4624, -11095, 41683
19140.5, 1700, 2224, 4920, 6453, 97664, -4624, -11095, 41663
19144.7, 1361, 1926, 5227, 6345, 93547, -3215, -11563, 41663
19148.5, 1570, 1926, 5227, 6345, 93547, -3215, -11563, 41714
19152.7, 1801, 1926, 5227, 6345, 89570, -1277, -12591, 41714
19156.4, 1754, 1926, 5227, 6345, 89570, -1277, -12591, 41732
19158.7, 1247, 1926, 5227, 6345, 89570, -1277, -12591, 41732
19164.4, 1626, 2021, 5413, 6879, 84911, -3854, -13483, 41745
19168.2, 1844, 2021, 5413, 6879, 84911, -3854, -13483, 41791
19173.9, 1373, 1997, 5507, 6292, 81625, -8920, -14022, 41775
19177.6, 1419, 1997, 5507, 6292, 81625, -8920, -14022, 41802
19183.4, 2026, 2184, 5555, 6190, 77626, -11904, -13960, 41795
19187.1, 1943, 2184, 5555, 6190, 77626, -11904, -13960, 41837
19192.8, 1986, 2184, 5555, 6190, 77626, -11904, -13960, 40877
19196.5, 1382, 2184, 5555, 6190, 77626, -11904, -13960, 41865
19200.8, 1594, 2181, 5767, 6309, 73540, -13160, -12867, 41865
19204.5, 1501, 2181, 5767, 6309, 73540, -13160, -12867, 41901
19206.8, 1251, 2181, 5767, 6309, 73540, -13160, -12867, 41901
19211.0, 1981, 2221, 5834, 5956, 70193, -9091, -10662, 41901
19214.7, 1739, 2221, 5834, 5956, 70193, -9091, -10662, 41843
19217.0, 897, 2221, 5834, 5956, 70193, -9091, -10662, 41843
19222.7, 1934, 2459, 5819, 6658, 70587, -3955, -8920, 41906
19226.4, 1623, 2459, 5819, 6658, 70587, -3955, -8920, 41910
19230.6, 2189, 2248, 5726, 5955, 67905, -2240, -7564, 41910
19234.4, 1459, 2248, 5726, 5955, 67905, -2240, -7564, 41871
19236.6, 1487, 2248, 5726, 5955, 67905, -2240, -7564, 41871
19240.9, 2085, 1817, 5851, 6473, 66098, -538, -4865, 41871
19244.7, 1300, 1817, 5851, 6473, 66098, -538, -4865, 41887
19246.9, 885, 1817, 5851, 6473, 66098, -538, -4865, 41887
19252.6, 1381, 1382, 5759, 5891, 61924, -2423, -2441, 41881
19256.4, 1627, 1382, 5759, 5891, 61924, -2423, -2441, 41874
19260.6, 2190, 1211, 5854, 6620, 61924, -2423, -2441, 41874
19264.4, 1856, 1211, 5854, 6620, 61924, -2423, -2441, 41871
19266.6, 1334, 1211, 5854, 6620, 61924, -2423, -2441, 41871
19270.9, 1107, 1218, 6080, 6352, 55506, -19482, -11646, 41871
19274.7, 1612, 1218, 6080, 6352, 55506, -19482, -11646, 41858
19278.9, 1439, 1033, 6221, 6274, 55506, -19482, -11646, 41858
19282.6, 2348, 1033, 6221, 6274, 55506, -19482, -11646, 41805
19286.4, 2552, 1033, 6221, 6274, 55506, -19482, -11646, 41883
19290.7, 612, 1511, 6811, 5844, 49980, -28656, -15422, 41883
19294.4, 318, 1511, 6811, 5844, 49980, -28656, -15422, 41878
19298.6, 1919, 1606, 6823, 5831, 49980, -28656, -15422, 41878
19302.3, 2320, 1606, 6823, 5831, 49980, -28656, -15422, 41871
19306.0, 1848, 1606, 6823, 5831, 49980, -28656, -15422, 41892
19310.3, 2185, 1875, 7110, 6132, 48160, -20374, -11585, 41892
19314.0, 1570, 1875, 7110, 6132, 48160, -20374, -11585, 41901
19318.2, 1685, 2076, 6928, 5090, 48160, -20374, -11585, 41901
19322.0, 1303, 2076, 6928, 5090, 48160, -20374, -11585, 41603
19325.7, 1651, 2076, 6928, 5090, 48160, -20374, -11585, 41961
19329.9, 1312, 2111, 7073, 5358, 45553, -13540, -10255, 41961
19333.7, 2023, 2111, 7073, 5358, 45553, -13540, -10255, 41939
19337.9, 1622, 1805, 7365, 5627, 45645, -13540, -10255, 41939
19341.6, 1813, 1805, 7365, 5627, 45645, -13540, -10255, 41948
19343.9, 1403, 1805, 7365, 5627, 45645, -13540, -10255, 41948
19349.6, 1396, 1846, 7448, 5290, 44481, -18099, -10963, 41961
19353.3, 1402, 1846, 7448, 5290, 44481, -18099, -10963, 41953
19359.1, 2205, 1613, 7701, 5447, 41834, -18099, -10963, 41910
19361.3, 1363, 1613, 7701, 5447, 41834, -18099, -10963, 41910
19363.6, 1289, 1613, 7701, 5447, 41834, -18099, -10963, 41910
19369.3, 1889, 2047, 7929, 5267, 39988, -17434, -12692, 41958
19371.5, 772, 2047, 7929, 5267, 39988, -17434, -12692, 41958
19375.8, 1266, 2397, 8099, 5476, 39826, -16113, -12845, 41958
19379.5, 1531, 2397, 8099, 5476, 39826, -16113, -12845, 41955
19381.8, 1860, 2397, 8099, 5476, 39826, -16113, -12845, 41955
19387.5, 1071, 2596, 8113, 5339, 39760, -14192, -10014, 41955
19391.2, 1947, 2596, 8113, 5339, 39760, -14192, -10014, 41975
19395.5, 1771, 2726, 7951, 4581, 36864, -10609, -6816, 41975
19399.2, 1775, 2726, 7951, 4581, 36864, -10609, -6816, 41936
19401.5, 1704, 2726, 7951, 4581, 36864, -10609, -6816, 41936
19405.7, 2107, 2589, 8074, 5040, 36326, -3701, -4681, 41936
19409.4, 565, 2589, 8074, 5040, 36326, -3701, -4681, 41935
19411.7, 522, 2589, 8074, 5040, 36326, -3701, -4681, 41935
19415.9, 1644, 2415, 8072, 4459, 33714, -1076, -5048, 41935
19419.6, 1971, 2415, 8072, 4459, 33714, -1076, -5048, 41941
19423.9, 1620, 2459, 8215, 5638, 33574, -2887, -6755, 41941
19427.6, 1607, 2459, 8215, 5638, 33574, -2887, -6755, 41930
19431.4, 1373, 2459, 8215, 5638, 33574, -2887, -6755, 41940
19435.6, 1897, 2352, 8276, 4674, 30008, -4510, -7393, 41940
19439.4, 1822, 2352, 8276, 4674, 30008, -4510, -7393, 41941
19443.6, 1628, 2117, 8730, 4609, 28696, -2979, -6343, 41941
19447.3, 995, 2117, 8730, 4609, 28696, -2979, -6343, 41921
19451.1, 1922, 2117, 8730, 4609, 28696, -2979, -6343, 41875
19455.3, 1822, 2332, 8481, 5262, 27641, -1684, -4970, 41875
19459.1, 1400, 2332, 8481, 5262, 27641, -1684, -4970, 41824
19463.3, 1413, 2457, 8321, 5251, 27081, -3653, -4488, 41824
19467.0, 2302, 2457, 8321, 5251, 27081, -3653, -4488, 41709
19470.7, 1873, 2457, 8321, 5251, 27081, -3653, -4488, 41674
19475.0, 1956, 2492, 7993, 4633, 24697, -3867, -4878, 41674
19478.7, 745, 2492, 7993, 4633, 24697, -3867, -4878, 41600
19482.9, 1357, 2556, 7799, 4597, 23787, -2677, -5153, 41600
19486.7, 2032, 2556, 7799, 4597, 23787, -2677, -5153, 41528
19489.0, 1695, 2556, 7799, 4597, 23787, -2677, -5153, 41528
19494.7, 1398, 2545, 7826, 4986, 21997, -3928, -3911, 41435
19498.5, 1370, 2545, 7826, 4986, 21997, -3928, -3911, 41320
19502.7, 1774, 2520, 7939, 4561, 17395, -5210, -1903, 41320
19506.4, 1925, 2520, 7939, 4561, 17395, -5210, -1903, 41213
19508.7, 1592, 2520, 7939, 4561, 17395, -5210, -1903, 41213
19514.5, 1625, 2224, 8288, 4523, 15185, -4475, -437, 41123
19518.2, 2173, 2224, 8288, 4523, 15185, -4475, -437, 40966
19523.9, 1308, 1926, 8313, 4710, 12941, -2450, -126, 40825
19526.1, 1306, 1926, 8313, 4710, 12941, -2450, -126, 40825
19528.5, 1012, 1926, 8313, 4710, 12941, -2450, -126, 40825
19534.2, 1764, 1724, 8268, 4790, 10933, -1478, -1255, 40684
19536.5, 1678, 1724, 8268, 4790, 10933, -1478, -1255, 40684
19540.7, 1763, 1766, 8332, 4805, 8085, -800, -2537, 40684
19544.4, 1676, 1766, 8332, 4805, 8085, -800, -2537, 40565
19546.7, 1217, 1766, 8332, 4805, 8085, -800, -2537, 40565
19550.9, 2386, 1779, 7998, 4660, 7096, -2218, -2905, 40565
19554.6, 1074, 1779, 7998, 4660, 7096, -2218, -2905, 40448
19556.9, 903, 1779, 7998, 4660, 7096, -2218, -2905, 40448
19562.6, 1770, 1758, 7925, 4922, 5468, -2279, -4165, 40321
19566.3, 1414, 1758, 7925, 4922, 5468, -2279, -4165, 40202
19570.5, 1922, 1889, 7953, 4661, 4865, -3342, -5735, 40202
19574.3, 1747, 1889, 7953, 4661, 4865, -3342, -5735, 40101
19576.6, 1674, 1889, 7953, 4661, 4865, -3342, -5735, 40101
19580.9, 1688, 2006, 8003, 4798, 2944, -2900, -6313, 40101
19584.6, 1492, 2006, 8003, 4798, 2944, -2900, -6313, 39943
19588.8, 1236, 1987, 8095, 4485, 774, -1496, -5888, 39943
19592.6, 1942, 1987, 8095, 4485, 774, -1496, -5888, 39817
19596.3, 1524, 1987, 8095, 4485, 774, -1496, -5888, 39670
19600.6, 1334, 2062, 8021, 5228, 428, -1758, -5582, 39670
19604.3, 1600, 2062, 8021, 5228, 428, -1758, -5582, 39535
19608.5, 1538, 1938, 8086, 4717, -1609, -310, -5158, 39535
19612.2, 1810, 1938, 8086, 4717, -1609, -310, -5158, 38981
19616.0, 2058, 1938, 8086, 4717, -1609, -310, -5158, 38993
19620.3, 1589, 1750, 8144, 4520, -3482, 2043, -4427, 38993
19624.0, 1687, 1750, 8144, 4520, -3482, 2043, -4427, 39006
19628.3, 1791, 1786, 8077, 4693, -5398, 2940, -3644, 39006
19632.0, 1720, 1786, 8077, 4693, -5398, 2940, -3644, 38973
19635.8, 1121, 1786, 8077, 4693, -5398, 2940, -3644, 39016
19640.0, 1418, 1980, 7924, 4923, -7021, 2966, -4095, 39016
19643.7, 1914, 1980, 7924, 4923, -7021, 2966, -4095, 39018
19647.9, 1457, 2017, 7968, 4913, -6151, 3141, -5407, 39018
19651.7, 1972, 2017, 7968, 4913, -6151, 3141, -5407, 39025
19654.0, 1896, 2017, 7968, 4913, -6151, 3141, -5407, 39025
19659.7, 1154, 1942, 8076, 4604, -7809, 4436, -5635, 39007
19663.5, 1598, 1942, 8076, 4604, -7809, 4436, -5635, 39045
19667.7, 1703, 1890, 8126, 4895, -9944, 3154, -4611, 39045
19671.4, 1843, 1890, 8126, 4895, -9944, 3154, -4611, 39057
19673.7, 1723, 1890, 8126, 4895, -9944, 3154, -4611, 39057
19679.5, 1380, 1859, 8258, 4724, -12022, 2896, -3644, 39097
19681.7, 1374, 1859, 8258, 4724, -12022, 2896, -3644, 39097
19686.0, 1588, 1819, 8161, 4788, -13868, 4790, -4563, 39097
19689.7, 1690, 1819, 8161, 4788, -13868, 4790, -4563, 39117
19692.0, 1534, 1819, 8161, 4788, -13868, 4790, -4563, 39117
19697.7, 1446, 1962, 8048, 4798, -14800, 5950, -6584, 39102
19701.4, 1804, 1962, 8048, 4798, -14800, 5950, -6584, 39110
19705.7, 1887, 2108, 8015, 4912, -15273, 7332, -8977, 39110
19709.4, 1462, 2108, 8015, 4912, -15273, 7332, -8977, 39106
19711.7, 1350, 2108, 8015, 4912, -15273, 7332, -8977, 39106
19715.9, 1950, 2199, 8164, 4640, -16651, 6619, -9467, 39106
19719.6, 1259, 2199, 8164, 4640, -16651, 6619, -9467, 39122
19721.9, 1151, 2199, 8164, 4640, -16651, 6619, -9467, 39122
19727.6, 1844, 2369, 8080, 4909, -17145, 7183, -8001, 39123
19731.3, 1424, 2369, 8080, 4909, -17145, 7183, -8001, 39139
19735.6, 1662, 2432, 8080, 5055, -17701, 8176, -6374, 39139
19739.3, 1869, 2432, 8080, 5055, -17701, 8176, -6374, 39183
19741.5, 1595, 2432, 8080, 5055, -17701, 8176, -6374, 39183
19745.8, 1304, 2412, 7940, 4598, -20234, 9476, -5740, 39183
19749.5, 1473, 2412, 7940, 4598, -20234, 9476, -5740, 39166
19753.7, 1526, 2412, 7940, 4598, -20234, 10080, -5460, 39166
19757.5, 1536, 2412, 7940, 4598, -20234, 10080, -5460, 39168
19761.2, 2008, 2412, 7940, 4598, -20234, 10080, -5460, 39208
19765.4, 1719, 1945, 8139, 4864, -23655, 10880, -4392, 39208
19769.1, 1692, 1945, 8139, 4864, -23655, 10880, -4392, 39228
19773.3, 1608, 1945, 8139, 4864, -23655, 10880, -3854, 39228
19777.1, 1521, 1945, 8139, 4864, -23655, 10880, -3854, 39251
19780.8, 1748, 1945, 8139, 4864, -23655, 10880, -3854, 39283
19785.1, 1380, 1875, 8168, 4945, -27834, 9550, -4375, 39283
19788.8, 1458, 1875, 8168, 4945, -27834, 9550, -4375, 39313
19793.0, 1896, 1875, 8168, 4945, -27834, 9550, -4510, 39313
19796.7, 1608, 1875, 8168, 4945, -27834, 9550, -4510, 39315
19800.5, 1245, 1875, 8168, 4945, -27834, 9550, -4510, 39411
19804.7, 2097, 2069, 8176, 5045, -32353, 9165, -3819, 39411
19808.4, 1387, 2069, 8176, 5045, -32353, 9165, -3819, 39444
19814.1, 1735, 2129, 8091, 5340, -33950, 8010, -1693, 39553
19817.9, 1633, 2129, 8091, 5340, -33950, 8010, -1693, 39662
19823.6, 1838, 2129, 8091, 5008, -36019, 7910, 1719, 39761
19827.3, 1525, 2129, 8091, 5008, -36019, 7910, 1719, 39778
19833.0, 1512, 1989, 7925, 5008, -37839, 9782, 4943, 39893
19836.7, 1457, 1989, 7925, 5008, -37839, 9782, 4943, 40002
19841.0, 1686, 1923, 7697, 5173, -37839, 9782, 4943, 40002
19844.7, 1820, 1923, 7697, 5173, -37839, 9782, 4943, 40127
19847.0, 1490, 1923, 7697, 5173, -37839, 9782, 4943, 40127
19852.7, 1617, 1765, 7621, 5237, -40018, 11768, 6601, 40255
19856.4, 1572, 1765, 7621, 5237, -40018, 11768, 6601, 40304
19860.7, 1503, 1660, 7396, 5066, -43020, 12272, 5818, 40304
19864.4, 1385, 1660, 7396, 5066, -43020, 12272, 5818, 40379
19866.7, 1311, 1660, 7396, 5066, -43020, 12272, 5818, 40379
19871.0, 1733, 1499, 7419, 5431, -45955, 11414, 2843, 40379
19874.7, 1362, 1499, 7419, 5431, -45955, 11414, 2843, 40454
19877.0, 1245, 1499, 7419, 5431, -45955, 11414, 2843, 40454
19882.7, 1848, 1298, 7524, 5633, -48768, 7568, -288, 40523
19886.4, 1675, 1298, 7524, 5633, -48768, 7568, -288, 40605
19890.7, 1680, 1371, 7718, 5416, -51936, 3928, -1596, 40605
19894.4, 1575, 1371, 7718, 5416, -51936, 3928, -1596, 40661
19896.7, 1140, 1371, 7718, 5416, -51936, 3928, -1596, 40661
19901.0, 1657, 1821, 7538, 5420, -55305, 2222, -516, 40661
19904.7, 1533, 1821, 7538, 5420, -55305, 2222, -516, 40725
19908.9, 1682, 2078, 7426, 6031, -56928, 634, 3390, 40725
19912.7, 1612, 2078, 7426, 6031, -56928, 634, 3390, 40782
19916.4, 1829, 2078, 7426, 6031, -56928, 634, 3390, 40845
19920.6, 1516, 2113, 7240, 5344, -60546, 2738, 8456, 40845
19924.4, 1265, 2113, 7240, 5344, -60546, 2738, 8456, 40906
19928.6, 1734, 1837, 6919, 5439, -64055, 6461, 11418, 40906
19932.3, 1553, 1837, 6919, 5439, -64055, 6461, 11418, 40919
19936.0, 1475, 1837, 6919, 5439, -64055, 6461, 11418, 41025
19940.3, 1318, 1418, 6709, 6002, -65464, 7923, 10600, 41025
19944.0, 2003, 1418, 6709, 6002, -65464, 7923, 10600, 41078
19948.2, 1915, 1253, 6546, 6035, -68732, 6899, 8063, 41078
19952.0, 1817, 1253, 6546, 6035, -68732, 6899, 8063, 41133
19955.8, 1631, 1253, 6546, 6035, -68732, 6899, 8063, 41158
19960.0, 1029, 1068, 6540, 5931, -72613, 3482, 4974, 41158
19963.8, 1730, 1068, 6540, 5931, -72613, 3482, 4974, 41229
19968.0, 1895, 1162, 6636, 6435, -75159, -3088, 2800, 41229
19971.7, 1544, 1162, 6636, 6435, -75159, -3088, 2800, 41250
19974.0, 1349, 1162, 6636, 6435, -75159, -3088, 2800, 41250
19979.7, 2348, 1401, 6728, 6647, -77482, -8640, 3373, 41358
19983.5, 1488, 1401, 6728, 6647, -77482, -8640, 3373, 41410
19987.7, 1556, 1657, 6497, 6075, -80558, -9393, 5372, 41410
19991.5, 1531, 1657, 6497, 6075, -80558, -9393, 5372, 41452
19993.8, 1365, 1657, 6497, 6075, -80558, -9393, 5372, 41452
19999.5, 1528, 1960, 6203, 6229, -82325, -8041, 6706, 41519
20003.3, 1539, 1960, 6203, 6229, -82325, -8041, 6706, 41585
20009.0, 1929, 1993, 6055, 6034, -83896, -4991, 7249, 41561
20011.2, 1745, 1993, 6055, 6034, -83896, -4991, 7249, 41561
20015.5, 1410, 1972, 5818, 5803, -87186, -1251, 7061, 41561
20019.3, 1714, 1972, 5818, 5803, -87186, -1251, 7061, 41649
20021.5, 1629, 1972, 5818, 5803, -87186, -1251, 7061, 41649
20025.8, 1108, 1746, 5899, 6061, -89308, -56, 6855, 41649
20029.5, 1660, 1746, 5899, 6061, -89308, -56, 6855, 41660
20031.8, 1676, 1746, 5899, 6061, -89308, -56, 6855, 41660
20036.0, 1524, 1643, 5953, 7259, -91465, -1894, 7848, 41660
20039.7, 1460, 1643, 5953, 7259, -91465, -1894, 7848, 41680
20042.0, 1490, 1643, 5953, 7259, -91465, -1894, 7848, 41680
20047.8, 1827, 1746, 5738, 6682, -94987, -6321, 8557, 41737
20051.5, 1367, 1746, 5738, 6682, -94987, -6321, 8557, 41740
20055.8, 1505, 1708, 5657, 5895, -98535, -4935, 8815, 41740
20059.5, 1484, 1708, 5657, 5895, -98535, -4935, 8815, 41752
20061.8, 1605, 1708, 5657, 5895, -98535, -4935, 8815, 41752
20066.0, 1504, 1798, 5698, 7347, -99300, -634, 10285, 41752
20069.7, 1302, 1798, 5698, 7347, -99300, -634, 10285, 41784
20073.9, 1981, 1876, 5161, 7560, -100657, -306, 12232, 41784
20077.7, 1507, 1876, 5161, 7560, -100657, -306, 12232, 41777
20081.4, 1521, 1876, 5161, 7560, -100657, -306, 12232, 41821
20085.7, 1283, 1883, 4660, 7691, -98916, -3517, 12967, 41821
20089.4, 1721, 1883, 4660, 7691, -98916, -3517, 12967, 41827
20093.6, 1723, 1731, 4336, 6738, -101786, -3058, 13851, 41827
20097.3, 1428, 1731, 4336, 6738, -101786, -3058, 13851, 41846
20101.1, 1593, 1731, 4336, 6738, -101786, -3058, 13851, 41887
20105.3, 1464, 1774, 4261, 6748, -104546, -2590, 14144, 41887
20109.0, 1520, 1774, 4261, 6748, -104546, -2590, 14144, 41887
20113.2, 2014, 1831, 4335, 6929, -109823, -4366, 12915, 41887
20116.9, 1659, 1831, 4335, 6929, -109823, -4366, 12915, 41898
20120.7, 1523, 1831, 4335, 6929, -109823, -4366, 12915, 41926
20124.9, 1793, 2002, 4661, 7532, -112946, -4987, 11165, 41926
20128.7, 1447, 2002, 4661, 7532, -112946, -4987, 11165, 41943
20132.9, 1321, 2060, 4469, 8187, -112977, -2515, 10574, 41943
20136.6, 1646, 2060, 4469, 8187, -112977, -2515, 10574, 41963
20138.9, 1701, 2060, 4469, 8187, -112977, -2515, 10574, 41963
20144.6, 1681, 2355, 4290, 8516, -110308, 1260, 12482, 41959
20148.3, 1877, 2355, 4290, 8516, -110308, 1260, 12482, 41965
20154.0, 1519, 2460, 3703, 7322, -111188, 2913, 16647, 41971
20157.7, 1285, 2460, 3703, 7322, -111188, 2913, 16647, 41988
20163.5, 1546, 1928, 3446, 7698, -111393, 3285, 22439, 41967
20165.7, 1654, 1928, 3446, 7698, -111393, 3285, 22439, 41967
20168.0, 2003, 1928, 3446, 7698, -111393, 3285, 22439, 41967
20173.7, 1464, 1626, 3072, 7919, -112010, 4287, 27427, 41963
20175.9, 1356, 1626, 3072, 7919, -112010, 4287, 27427, 41963
20178.2, 1436, 1626, 3072, 7919, -112010, 4287, 27427, 41963
20183.9, 1480, 1469, 2656, 7159, -115156, 5376, 26425, 41969
20186.2, 968, 1469, 2656, 7159, -115156, 5376, 26425, 41969
20190.4, 2182, 1422, 2946, 7894, -119470, 4038, 20396, 41969
20194.2, 1804, 1422, 2946, 7894, -119470, 4038, 20396, 42067
20196.5, 1110, 1422, 2946, 7894, -119470, 4038, 20396, 42067
20200.7, 1699, 1478, 2961, 7807, -125227, 874, 13737, 42067
20204.4, 1803, 1478, 2961, 7807, -125227, 874, 13737, 42081
20206.7, 1352, 1478, 2961, 7807, -125227, 874, 13737, 42081
20210.9, 1454, 1366, 3409, 8678, -125870, -664, 9905, 42081
20214.6, 1784, 1366, 3409, 8678, -125870, -664, 9905, 42061
20216.9, 1580, 1366, 3409, 8678, -125870, -664, 9905, 42061
20222.6, 1454, 1714, 3317, 8625, -126408, 2043, 11607, 42076
20226.3, 1080, 1714, 3317, 8625, -126408, 2043, 11607, 42064
20230.6, 1647, 2427, 2584, 8883, -125892, 3145, 15247, 42064
20234.4, 1930, 2427, 2584, 8883, -125892, 3145, 15247, 42069
20238.6, 1528, 2517, 2176, 8837, -123902, 1907, 19320, 42069
20242.3, 1213, 2517, 2176, 8837, -123902, 1907, 19320, 42043
20246.1, 2006, 2517, 2176, 8837, -123902, 1907, 19320, 42031
20250.3, 2106, 2271, 1430, 7649, -123206, 6076, 24049, 42031
20254.1, 1482, 2271, 1430, 7649, -123206, 6076, 24049, 42030
20258.3, 848, 1978, 1008, 9184, -122554, 10180, 27239, 42030
20262.0, 1434, 1978, 1008, 9184, -122554, 10180, 27239, 42037
20265.7, 2205, 1978, 1008, 9184, -122554, 10180, 27239, 42013
20270.0, 2098, 1808, 698, 8957, -123433, 8343, 26145, 42013
20273.7, 1606, 1808, 698, 8957, -123433, 8343, 26145, 41986
20277.9, 1338, 1604, 718, 8206, -127148, 5980, 22903, 41986
20281.7, 1536, 1604, 718, 8206, -127148, 5980, 22903, 41979
20284.0, 1546, 1604, 718, 8206, -127148, 5980, 22903, 41979
20289.6, 1793, 1436, 1089, 9080, -127489, 6251, 20532, 41981
20293.4, 1507, 1436, 1089, 9080, -127489, 6251, 20532, 41986
20299.1, 1757, 1467, 1206, 9458, -129230, 9664, 20816, 42027
20302.8, 1810, 1467, 1206, 9458, -129230, 9664, 20816, 41959
20308.5, 1442, 1933, 1006, 11332, -125927, 5569, 22216, 41939
20312.3, 1258, 1933, 1006, 11332, -125927, 5569, 22216, 41939
20318.0, 1841, 2184, 236, 8773, -126168, -669, 23992, 41932
20321.7, 1720, 2184, 236, 8773, -126168, -669, 23992, 41925
20327.8, 1474, 2184, 236, 8773, -123438, -376, 25882, 41929
20331.6, 1450, 2184, 236, 8773, -123438, -376, 25882, 41942
20335.8, 1530, 2222, -381, 9442, -123167, 2169, 28678, 41942
20339.6, 1592, 2222, -381, 9442, -123167, 2169, 28678, 41959
20341.9, 1474, 2222, -381, 9442, -123167, 2169, 28678, 41959
20347.6, 1668, 2142, -926, 7780, -125039, 7301, 30100, 41965
20351.3, 1152, 2142, -926, 7780, -125039, 7301, 30100, 41903
20355.6, 1759, 1985, -1167, 7780, -125805, 12954, 31076, 41903
20359.3, 2197, 1985, -1167, 7780, -125805, 12954, 31076, 41960
20361.6, 1647, 1985, -1167, 7780, -125805, 12954, 31076, 41960
20365.8, 1456, 1633, -206, 9982, -127638, 16192, 32694, 41960
20369.6, 1620, 1633, -206, 9982, -127638, 16192, 32694, 41939
20371.8, 1288, 1633, -206, 9982, -127638, 16192, 32694, 41939
20377.6, 1450, 1297, -299, 9547, -127043, 13829, 31837, 41922
20381.3, 1918, 1297, -299, 9547, -127043, 13829, 31837, 41927
20385.5, 1640, 1297, -299, 8973, -128583, 10823, 27873, 41927
20389.2, 1821, 1297, -299, 8973, -128583, 10823, 27873, 41914
20391.5, 1620, 1297, -299, 8973, -128583, 10823, 27873, 41914
20395.7, 1921, 1524, -993, 10213, -129554, 6505, 24837, 41914
20399.4, 1295, 1524, -993, 10213, -129554, 6505, 24837, 41902
20403.6, 1419, 1524, -993, 10213, -129554, 6505, 24837, 41902
20407.4, 1621, 1524, -993, 10213, -129554, 6505, 24837, 41856
20411.1, 1734, 1524, -993, 10213, -129554, 6505, 24837, 41878
20415.4, 1581, 2264, -2425, 8236, -127577, -901, 25012, 41878
20419.1, 1920, 2264, -2425, 8236, -127577, -901, 25012, 41891
20423.3, 1561, 2264, -2425, 8236, -127577, -901, 25012, 41891
20427.0, 1539, 2264, -2425, 8236, -127577, -901, 25012, 41905
20430.7, 1569, 2264, -2425, 8236, -127577, -901, 25012, 41894
20435.0, 1431, 1733, -2059, 9913, -129576, 9611, 30441, 41894
20438.7, 1646, 1733, -2059, 9913, -129576, 9611, 30441, 41892
20442.9, 1663, 1733, -2059, 9913, -129576, 9611, 30441, 41892
20446.7, 1884, 1733, -2059, 9913, -129576, 9611, 30441, 41834
20449.0, 1601, 1733, -2059, 9913, -129576, 9611, 30441, 41834
20454.7, 1890, 1233, -2081, 9732, -129926, 13011, 30787, 41876
20458.5, 1458, 1233, -2081, 9732, -129926, 13011, 30787, 41865
20462.7, 1056, 1233, -2081, 9732, -129926, 13011, 30787, 41865
20466.4, 1286, 1233, -2081, 9732, -129926, 13011, 30787, 41843
20468.7, 1094, 1233, -2081, 9732, -129926, 13011, 30787, 41843
20474.5, 2284, 1807, -3634, 9282, -128167, 2996, 24539, 41832
20478.2, 1518, 1807, -3634, 9282, -128167, 2996, 24539, 41809
20483.9, 1355, 1807, -3634, 8812, -129909, -5617, 20943, 41740
20487.6, 1803, 1807, -3634, 8812, -129909, -5617, 20943, 41756
20493.3, 1796, 1680, -4210, 8812, -129909, -5617, 20943, 41727
20497.0, 1258, 1680, -4210, 8812, -129909, -5617, 20943, 41701
20502.8, 1247, 1754, -4387, 8778, -129462, -5223, 21980, 41724
20506.5, 937, 1754, -4387, 8778, -129462, -5223, 21980, 41689
20510.7, 2037, 1959, -4753, 9362, -127703, -761, 24285, 41689
20514.5, 2116, 1959, -4753, 9362, -127703, -761, 24285, 41693
20516.8, 1834, 1959, -4753, 9362, -127703, -761, 24285, 41693
20522.5, 1582, 1708, -4485, 8217, -127686, 2493, 25699, 41669
20526.3, 1947, 1708, -4485, 8217, -127686, 2493, 25699, 41674
20530.5, 1981, 1297, -4246, 10170, -126207, 7853, 28074, 41674
20534.2, 1168, 1297, -4246, 10170, -126207, 7853, 28074, 41657
20536.5, 693, 1297, -4246, 10170, -126207, 7853, 28074, 41657
20540.8, 1612, 1066, -4585, 8670, -122593, 15435, 29973, 41657
20544.5, 1732, 1066, -4585, 8670, -122593, 15435, 29973, 41641
20546.8, 1806, 1066, -4585, 8670, -122593, 15435, 29973, 41641
20552.5, 1246, 1266, -5338, 7607, -120581, 25384, 28039, 41570
20556.3, 1760, 1266, -5338, 7607, -120581, 25384, 28039, 41615
20560.5, 1572, 1331, -5507, 8833, -120353, 27562, 22964, 41615
20564.2, 1122, 1331, -5507, 8833, -120353, 27562, 22964, 41588
20568.5, 1648, 1188, -5319, 8951, -122397, 20374, 19945, 41588
20572.2, 2368, 1188, -5319, 8951, -122397, 20374, 19945, 41559
20576.0, 1385, 1188, -5319, 8951, -122397, 20374, 19945, 41563
20580.3, 1226, 1037, -5197, 9142, -123888, 13413, 21170, 41563
20584.0, 1619, 1037, -5197, 9142, -123888, 13413, 21170, 41537
20588.3, 1615, 1153, -5571, 10060, -121591, 5521, 24154, 41537
20592.0, 1457, 1153, -5571, 10060, -121591, 5521, 24154, 41522
20595.8, 1237, 1153, -5571, 10060, -121591, 5521, 24154, 41499
20600.0, 1751, 1470, -6072, 8132, -118721, -3863, 26333, 41499
20603.7, 1806, 1470, -6072, 8132, -118721, -3863, 26333, 41902
20607.9, 2170, 1380, -6425, 8468, -113458, -7599, 28433, 41902
20611.6, 1887, 1380, -6425, 8468, -113458, -7599, 28433, 41492
20613.9, 913, 1380, -6425, 8468, -113458, -7599, 28433, 41492
20619.7, 1168, 1441, -6677, 7898, -110886, -6759, 32064, 41503
20623.4, 1322, 1441, -6677, 7898, -110886, -6759, 32064, 41515
20629.1, 1638, 1404, -6796, 8170, -109438, -2270, 34379, 41552
20632.8, 1966, 1404, -6796, 8170, -109438, -2270, 34379, 41510
20638.5, 1519, 1284, -6710, 7491, -108908, 6072, 34147, 41498
20642.2, 1266, 1284, -6710, 7491, -108908, 6072, 34147, 41481
20647.9, 1578, 1406, -6779, 8333, -109451, 10543, 31150, 41453
20651.7, 1941, 1406, -6779, 8333, -109451, 10543, 31150, 41458
20657.4, 1353, 1098, -6718, 9131, -109783, 7660, 27821, 41472
20661.1, 1278, 1098, -6718, 9131, -109783, 7660, 27821, 41421
20663.4, 1131, 1098, -6718, 9131, -109783, 7660, 27821, 41421
20669.1, 1394, 1013, -6765, 7702, -109363, 5678, 27799, 41401
20671.4, 1562, 1013, -6765, 7702, -109363, 5678, 27799, 41401
20675.6, 1714, 1200, -7109, 8830, -106366, 2283, 29422, 41401
20679.3, 1725, 1200, -7109, 8830, -106366, 2283, 29422, 41393
20681.6, 1495, 1200, -7109, 8830, -106366, 2283, 29422, 41393
20685.8, 1394, 1313, -7285, 7202, -104187, -4138, 30314, 41393
20689.5, 1327, 1313, -7285, 7202, -104187, -4138, 30314, 41382
20691.8, 1296, 1313, -7285, 7202, -104187, -4138, 30314, 41382
20696.0, 1603, 1413, -7293, 6929, -103579, -5543, 30306, 41382
20699.7, 2031, 1413, -7293, 6929, -103579, -5543, 30306, 41384
20702.0, 2089, 1413, -7293, 6929, -103579, -5543, 30306, 41384
20707.7, 1086, 1569, -7138, 7134, -104590, -3871, 29956, 41368
20711.4, 968, 1569, -7138, 7134, -104590, -3871, 29956, 41331
20715.7, 1776, 1635, -7051, 7960, -106594, -69, 29741, 41331
20719.4, 1665, 1635, -7051, 7960, -106594, -69, 29741, 41362
20721.7, 1494, 1635, -7051, 7960, -106594, -69, 29741, 41362
20726.0, 2755, 1298, -7087, 7731, -107639, 4396, 30721, 41362
20729.7, 1453, 1298, -7087, 7731, -107639, 4396, 30721, 41343
20733.9, 195, 1109, -7380, 6779, -107954, 12398, 32375, 41343
20737.7, 784, 1109, -7380, 6779, -107954, 12398, 32375, 41338
20741.4, 1802, 1109, -7380, 6779, -107954, 12398, 32375, 41315
20745.6, 2031, 988, -7884, 7675, -106668, 14844, 31172, 41315
20749.4, 1675, 988, -7884, 7675, -106668, 14844, 31172, 41360
20753.6, 1410, 694, -8115, 6279, -104472, 10548, 28114, 41360
20757.3, 1442, 694, -8115, 6279, -104472, 10548, 28114, 41351
20761.1, 1802, 694, -8115, 6279, -104472, 10548, 28114, 41335
20765.3, 2054, 505, -8434, 6695, -100543, 7581, 25598, 41335
20769.0, 1976, 505, -8434, 6695, -100543, 7581, 25598, 41350
20773.2, 761, 486, -8561, 6853, -98285, 1955, 24036, 41350
20777.0, 1170, 486, -8561, 6853, -98285, 1955, 24036, 41380
20780.7, 1761, 486, -8561, 6853, -98285, 1955, 24036, 41341
20784.9, 1297, 663, -8763, 7265, -97515, -4440, 22251, 41341
20788.7, 1349, 663, -8763, 7265, -97515, -4440, 22251, 41365
20792.9, 1743, 672, -8928, 6749, -96312, -7551, 20440, 41365
20796.6, 2107, 672, -8928, 6749, -96312, -7551, 20440, 41369
20798.9, 1695, 672, -8928, 6749, -96312, -7551, 20440, 41369
20804.6, 1213, 876, -9031, 5883, -96067, -4558, 18567, 41351
20808.3, 1421, 876, -9031, 5883, -96067, -4558, 18567, 41310
20814.1, 1821, 1153, -8988, 6599, -95625, -2458, 16765, 41341
20816.3, 1939, 1153, -8988, 6599, -95625, -2458, 16765, 41341
20818.6, 1960, 1153, -8988, 6599, -95625, -2458, 16765, 41341
20824.3, 1662, 1082, -8676, 5885, -94514, -2835, 16830, 41335
20826.5, 819, 1082, -8676, 5885, -94514, -2835, 16830, 41335
20830.8, 501, 735, -8694, 6432, -93525, -83, 19775, 41335
20834.5, 1314, 735, -8694, 6432, -93525, -83, 19775, 41341
20836.8, 1481, 735, -8694, 6432, -93525, -83, 19775, 41341
20842.5, 2038, 456, -8876, 6277, -91220, 2288, 22710, 41443
20846.2, 2140, 456, -8876, 6277, -91220, 2288, 22710, 41348
20850.5, 1869, 343, -9197, 5012, -90957, 2563, 22553, 41348
20854.2, 1635, 343, -9197, 5012, -90957, 2563, 22553, 41461
20856.5, 1525, 343, -9197, 5012, -90957, 2563, 22553, 41461
20860.7, 855, 513, -9380, 5913, -91189, 993, 19219, 41461
20864.4, 1198, 513, -9380, 5913, -91189, 993, 19219, 41461
20866.7, 1511, 513, -9380, 5913, -91189, 993, 19219, 41461
20870.9, 2021, 559, -9406, 6029, -88507, -4742, 14354, 41461
20874.6, 1836, 559, -9406, 6029, -88507, -4742, 14354, 41458
20878.9, 1525, 604, -9412, 4683, -87252, -7888, 11563, 41458
20882.6, 1779, 604, -9412, 4683, -87252, -7888, 11563, 41463
20886.4, 1618, 604, -9412, 4683, -87252, -7888, 11563, 41461
20890.6, 1047, 686, -9445, 5456, -85585, -6702, 12180, 41461
20894.4, 1852, 686, -9445, 5456, -85585, -6702, 12180, 41460
20898.6, 1545, 629, -9600, 5750, -84158, -5731, 13851, 41460
20902.3, 1298, 629, -9600, 5750, -84158, -5731, 13851, 41469
20906.1, 1456, 629, -9600, 5750, -84158, -5731, 13851, 41316
20910.3, 1707, 615, -9723, 5190, -82955, -3001, 13969, 41316
20914.1, 1670, 615, -9723, 5190, -82955, -3001, 13969, 41484
20918.3, 1476, 736, -9601, 4515, -82185, 1299, 11335, 41484
20922.0, 1570, 736, -9601, 4515, -82185, 1299, 11335, 41471
20925.7, 1860, 736, -9601, 4515, -82185, 1299, 11335, 41462
20930.0, 2320, 727, -9385, 4737, -80510, 1137, 7507, 41462
20933.7, 1609, 727, -9385, 4737, -80510, 1137, 7507, 41485
20937.9, 588, 616, -9187, 5113, -79871, -3281, 5079, 41485
20941.7, 1631, 616, -9187, 5113, -79871, -3281, 5079, 41446
20944.0, 2032, 616, -9187, 5113, -79871, -3281, 5079, 41446
20949.7, 1616, 498, -9290, 5194, -79341, -6693, 4847, 41443
20953.5, 1287, 498, -9290, 5194, -79341, -6693, 4847, 41442
20957.7, 1416, 404, -9515, 4230, -78038, -5184, 4830, 41442
20961.4, 1246, 404, -9515, 4230, -78038, -5184, 4830, 41421
20963.7, 1251, 404, -9515, 4230, -78038, -5184, 4830, 41421
20969.5, 1820, 557, -9758, 4592, -76410, -2734, 3587, 41437
20973.2, 1796, 557, -9758, 4592, -76410, -2734, 3587, 41441
20978.9, 1917, 573, -9769, 3979, -75032, -3898, 774, 41440
20981.1, 1633, 573, -9769, 3979, -75032, -3898, 774, 41440
20983.5, 1370, 573, -9769, 3979, -75032, -3898, 774, 41440
20989.2, 1286, 420, -9666, 3853, -73448, -3180, -1251, 41451
20991.5, 1506, 420, -9666, 3853, -73448, -3180, -1251, 41451
20995.7, 1685, 420, -9666, 3853, -73448, -3180, -1828, 41451
20999.4, 1362, 420, -9666, 3853, -73448, -3180, -1828, 41407
21001.7, 1357, 420, -9666, 3853, -73448, -3180, -1828, 41407
21005.9, 1951, 434, -9824, 4177, -67376, -5407, -1894, 41407
21009.6, 1951, 434, -9824, 4177, -67376, -5407, -1894, 41427
21011.9, 1607, 434, -9824, 4177, -67376, -5407, -1894, 41427
21017.6, 1235, 256, -9942, 3659, -65993, -7866, -1785, 41429
21021.3, 1276, 256, -9942, 3659, -65993, -7866, -1785, 41433
21025.6, 1705, 218, -9929, 3123, -64033, -8649, -1675, 41433
21029.3, 1757, 218, -9929, 3123, -64033, -8649, -1675, 41464
21031.6, 1946, 218, -9929, 3123, -64033, -8649, -1675, 41464
21035.9, 2347, 238, -9996, 3739, -61741, -7564, -2191, 41464
21039.6, 1574, 238, -9996, 3739, -61741, -7564, -2191, 41409
21043.8, 772, 293, -10022, 2969, -61741, -7564, -2191, 41409
21047.6, 1113, 293, -10022, 2969, -61741, -7564, -2191, 41433
21051.3, 1499, 293, -10022, 2969, -61741, -7564, -2191, 41423
21055.6, 1510, 366, -10073, 3172, -55012, -6453, -2926, 41423
21059.3, 1588, 366, -10073, 3172, -55012, -6453, -2926, 41422
21063.5, 1757, 390, -10431, 3422, -55012, -6453, -2926, 41422
21067.2, 1807, 390, -10431, 3422, -55012, -6453, -2926, 41429
21071.0, 1976, 390, -10431, 3422, -55012, -6453, -2926, 41426
21075.3, 1659, 116, -10355, 2416, -48178, -6868, -3110, 41426
21079.0, 1369, 116, -10355, 2416, -48178, -6868, -3110, 41426
21083.3, 1430, 87, -10013, 2030, -48178, -6868, -3110, 41426
21087.0, 1679, 87, -10013, 2030, -48178, -6868, -3110, 41419
21090.8, 1878, 87, -10013, 2030, -48178, -6868, -3110, 41431
21095.0, 1405, 102, -9893, 2935, -40101, -6230, -1364, 41431
21098.7, 1479, 102, -9893, 2935, -40101, -6230, -1364, 41464
21102.9, 2320, -23, -10056, 2686, -40101, -6230, -1364, 41464
21106.7, 1577, -23, -10056, 2686, -40101, -6230, -1364, 41443
21109.0, 749, -23, -10056, 2686, -40101, -6230, -1364, 41443
21114.7, 1463, -90, -10393, 2633, -32270, -4558, -2498, 41446
21118.5, 1846, -90, -10393, 2633, -32270, -4558, -2498, 41447
21122.7, 2125, 96, -10532, 2641, -32270, -4558, -2498, 41447
