timestamp, 1205, -1417, -9803, 858, 2760, -1098, 5411, 42070
3126.0, 1195, -1417, -9803, 858, 2760, -1098, 5411, 42124
3130.3, 1206, -1360, -9881, 817, 2598, -3031, 5136, 42124
3134.1, 1196, -1360, -9881, 817, 2598, -3031, 5136, 42128
3138.3, 1216, -1307, -9881, 945, 2436, -3766, 4921, 42128
3142.0, 1205, -1307, -9881, 945, 2436, -3766, 4921, 42117
3145.8, 1231, -1307, -9881, 945, 2436, -3766, 4921, 42139
3150.0, 1221, -1134, -10021, 902, 1942, -2804, 4974, 42139
3153.8, 1214, -1134, -10021, 902, 1942, -2804, 4974, 42109
3158.0, 1233, -1118, -10227, 803, 2432, -1443, 5306, 42109
3161.7, 1183, -1118, -10227, 803, 2432, -1443, 5306, 42103
3165.5, 1187, -1118, -10227, 803, 2432, -1443, 5306, 42127
3169.7, 1237, -1198, -10040, 643, 3556, -721, 5066, 42127
3173.4, 1212, -1198, -10040, 643, 3556, -721, 5066, 42142
3179.2, 1248, -1411, -9836, 839, 3268, -1111, 4011, 42093
3182.9, 1192, -1411, -9836, 839, 3268, -1111, 4011, 42107
3188.6, 1320, -1596, -9659, 953, 3040, -1986, 3556, 42087
3190.8, 36, -1596, -9659, 953, 3040, -1986, 3556, 42087
3193.1, 7, -1596, -9659, 953, 3040, -1986, 3556, 42087
3198.8, 1325, -1616, -9741, 940, 2091, -2191, 4186, 42102
3201.0, 36, -1616, -9741, 940, 2091, -2191, 4186, 42102
3203.3, 7, -1616, -9741, 940, 2091, -2191, 4186, 42102
3209.0, 1337, -1462, -9843, 963, 761, -1588, 4471, 42087
3211.3, 36, -1462, -9843, 963, 761, -1588, 4471, 42087
3215.5, 1238, -1393, -9948, 1016, 577, -1701, 3688, 42087
3219.3, 1207, -1393, -9948, 1016, 577, -1701, 3688, 42086
3221.6, 31, -1393, -9948, 1016, 577, -1701, 3688, 42086
3225.8, 1255, -1402, -9809, 990, 179, -1675, 2384, 42086
3229.5, 1216, -1402, -9809, 990, 179, -1675, 2384, 41839
3231.8, 32, -1402, -9809, 990, 179, -1675, 2384, 41839
3236.0, 1232, -1351, -9736, 1094, -17, -2498, 1111, 41839
3239.7, 1216, -1351, -9736, 1094, -17, -2498, 1111, 41793
3242.0, 33, -1351, -9736, 1094, -17, -2498, 1111, 41793
3247.7, 1361, -1321, -9643, 1098, 664, -3771, 804, 41761
3251.4, 1216, -1321, -9643, 1098, 664, -3771, 804, 41767
3255.7, 1219, -1336, -9576, 1033, -314, -3670, 1036, 41767
3259.5, 1191, -1336, -9576, 1033, -314, -3670, 1036, 42060
3263.7, 1202, -1407, -9616, 1134, -262, -2572, 870, 42060
3267.5, 1186, -1407, -9616, 1134, -262, -2572, 870, 41748
3271.2, 1185, -1407, -9616, 1134, -262, -2572, 870, 41732
3275.4, 1222, -1457, -9554, 1146, -1080, -643, 555, 41732
3279.2, 1212, -1457, -9554, 1146, -1080, -643, 555, 41724
3283.4, 1225, -1578, -9589, 1167, -2686, -126, -498, 41724
3287.1, 1198, -1578, -9589, 1167, -2686, -126, -498, 41740
3290.9, 1182, -1578, -9589, 1167, -2686, -126, -498, 41712
3295.1, 1217, -1692, -9620, 1254, -2502, -2205, -2248, 41712
3298.9, 1191, -1692, -9620, 1254, -2502, -2205, -2248, 41701
3303.1, 1243, -1646, -9527, 1237, -3281, -4020, -3259, 41701
3306.9, 1167, -1646, -9527, 1237, -3281, -4020, -3259, 41685
3310.6, 1178, -1646, -9527, 1237, -3281, -4020, -3259, 41677
3314.9, 1197, -1510, -9553, 1199, -4025, -5219, -3972, 41677
3318.6, 1205, -1510, -9553, 1199, -4025, -5219, -3972, 41672
3322.9, 1213, -1367, -9604, 1170, -3526, -5184, -4528, 41672
3326.6, 1158, -1367, -9604, 1170, -3526, -5184, -4528, 41653
3328.9, 30, -1367, -9604, 1170, -3526, -5184, -4528, 41653
3334.7, 1220, -1341, -9589, 1012, -3985, -3395, -4965, 41647
3338.4, 1192, -1341, -9589, 1012, -3985, -3395, -4965, 41652
3344.2, 1245, -1260, -9554, 1076, -4256, -2126, -5731, 41631
3347.9, 1184, -1260, -9554, 1076, -4256, -2126, -5731, 41623
3353.6, 1286, -1319, -9564, 1165, -3539, -1601, -6282, 41605
3355.8, 34, -1319, -9564, 1165, -3539, -1601, -6282, 41605
3358.1, 7, -1319, -9564, 1165, -3539, -1601, -6282, 41605
3363.9, 1269, -1441, -9579, 1052, -4357, 48, -5718, 41609
3366.1, 31, -1441, -9579, 1052, -4357, 48, -5718, 41609
3370.4, 1188, -1441, -9579, 1052, -4357, 48, -5718, 41609
3374.2, 1219, -1441, -9579, 1052, -4357, 48, -5718, 41592
3376.4, 33, -1441, -9579, 1052, -4357, 48, -5718, 41592
3380.6, 1229, -1542, -9571, 999, -5005, 1102, -6514, 41592
3384.3, 1234, -1542, -9571, 999, -5005, 1102, -6514, 41587
3386.6, 31, -1542, -9571, 999, -5005, 1102, -6514, 41587
3390.8, 1214, -1585, -9543, 1064, -6969, -166, -8023, 41587
3394.5, 1207, -1585, -9543, 1064, -6969, -166, -8023, 41582
3396.8, 30, -1585, -9543, 1064, -6969, -166, -8023, 41582
3401.1, 1194, -1612, -9635, 912, -7345, -1819, -8776, 41582
3404.8, 1173, -1612, -9635, 912, -7345, -1819, -8776, 41580
3407.1, 29, -1612, -9635, 912, -7345, -1819, -8776, 41580
3412.9, 1288, -1450, -9609, 754, -7573, -2493, -8890, 41573
3416.6, 1169, -1450, -9609, 754, -7573, -2493, -8890, 41561
3420.9, 1189, -1450, -9609, 675, -8172, -2191, -8785, 41561
3424.6, 1216, -1450, -9609, 675, -8172, -2191, -8785, 41561
3428.9, 1194, -1268, -9535, 675, -8172, -2191, -8785, 41561
3432.6, 1191, -1268, -9535, 675, -8172, -2191, -8785, 41553
3436.4, 1162, -1268, -9535, 675, -8172, -2191, -8785, 41577
3440.6, 1213, -1152, -9551, 498, -10242, 358, -10180, 41577
3444.3, 1210, -1152, -9551, 498, -10242, 358, -10180, 41546
3448.5, 1239, -1087, -9574, 498, -10242, 358, -10180, 41546
3452.3, 1165, -1087, -9574, 498, -10242, 358, -10180, 41553
3456.1, 1184, -1087, -9574, 498, -10242, 358, -10180, 41547
3460.3, 1202, -1195, -9770, 340, -10854, 4195, -9913, 41547
3464.1, 1186, -1195, -9770, 340, -10854, 4195, -9913, 41499
3468.3, 1194, -1301, -9929, 340, -10854, 4195, -9913, 41499
3472.0, 1198, -1301, -9929, 340, -10854, 4195, -9913, 41541
3475.8, 1217, -1301, -9929, 340, -10854, 4195, -9913, 41534
3480.1, 1228, -1339, -9873, 136, -10338, 2283, -11143, 41534
3483.8, 1220, -1339, -9873, 136, -10338, 2283, -11143, 41530
3488.0, 1223, -1325, -9873, 136, -10338, 2283, -11143, 41530
3491.7, 1175, -1325, -9873, 136, -10338, 2283, -11143, 41551
3495.5, 1216, -1325, -9873, 136, -10338, 2283, -11143, 41531
3499.7, 1272, -1277, -9906, -135, -9296, 629, -12451, 41531
3503.4, 1233, -1277, -9906, -135, -9296, 629, -12451, 41546
3509.1, 1232, -1170, -9994, -135, -8544, -2047, -13829, 41535
3512.9, 1182, -1170, -9994, -135, -8544, -2047, -13829, 41538
3518.6, 1324, -1214, -10118, 226, -8544, -2047, -13829, 41540
3520.8, 35, -1214, -10118, 226, -8544, -2047, -13829, 41540
3523.2, 7, -1214, -10118, 226, -8544, -2047, -13829, 41540
3528.9, 1313, -1384, -10236, 561, -7980, -4799, -14940, 41531
3531.2, 33, -1384, -10236, 561, -7980, -4799, -14940, 41531
3535.4, 1227, -1592, -10342, 683, -6553, -8356, -15063, 41531
3539.1, 1218, -1592, -10342, 683, -6553, -8356, -15063, 41543
3541.4, 30, -1592, -10342, 683, -6553, -8356, -15063, 41543
3545.6, 1219, -1550, -10284, 835, -3714, -14437, -15247, 41543
3549.3, 1210, -1550, -10284, 835, -3714, -14437, -15247, 41550
3551.6, 30, -1550, -10284, 835, -3714, -14437, -15247, 41550
3555.8, 1238, -1336, -10223, 896, -2922, -22426, -15724, 41550
3559.5, 1207, -1336, -10223, 896, -2922, -22426, -15724, 41541
3561.8, 30, -1336, -10223, 896, -2922, -22426, -15724, 41541
3566.0, 1237, -1015, -9899, 766, -564, -24933, -15627, 41541
3569.7, 1204, -1015, -9899, 766, -564, -24933, -15627, 41549
3574.0, 1242, -753, -9930, 763, 472, -23056, -14862, 41549
3577.8, 1194, -753, -9930, 763, 472, -23056, -14862, 41548
3581.5, 1201, -753, -9930, 763, 472, -23056, -14862, 41565
3585.8, 1194, -494, -9782, 586, 1347, -19897, -14590, 41565
3589.5, 1217, -494, -9782, 586, 1347, -19897, -14590, 41553
3593.7, 1223, -374, -9712, 567, 1863, -15842, -14284, 41553
3597.5, 1183, -374, -9712, 567, 1863, -15842, -14284, 41541
3601.3, 1191, -374, -9712, 567, 1863, -15842, -14284, 41557
3605.5, 1203, -576, -9568, 834, 1430, -11208, -13602, 41557
3609.3, 1192, -576, -9568, 834, 1430, -11208, -13602, 41569
3613.5, 1196, -651, -9705, 726, 1771, -8321, -12718, 41569
3617.3, 1172, -651, -9705, 726, 1771, -8321, -12718, 41554
3621.0, 1189, -651, -9705, 726, 1771, -8321, -12718, 41582
3625.2, 1236, -684, -9803, 775, 2025, -7341, -12293, 41582
3629.0, 1225, -684, -9803, 775, 2025, -7341, -12293, 41556
3633.2, 1224, -766, -9809, 728, 2537, -6383, -11493, 41556
3636.9, 1206, -766, -9809, 728, 2537, -6383, -11493, 41554
3640.6, 1191, -766, -9809, 728, 2537, -6383, -11493, 41549
3644.9, 1223, -826, -9866, 711, 1785, -4550, -10491, 41549
3648.6, 1200, -826, -9866, 711, 1785, -4550, -10491, 41557
3652.8, 1199, -854, -9875, 754, 1588, -3801, -10543, 41557
3656.6, 1172, -854, -9875, 754, 1588, -3801, -10543, 41550
3658.8, 33, -854, -9875, 754, 1588, -3801, -10543, 41550
3664.6, 1218, -853, -9962, 704, 1487, -3705, -10902, 41560
3668.4, 1171, -853, -9962, 704, 1487, -3705, -10902, 41563
3674.1, 1319, -897, -10019, 744, 699, -3500, -10977, 41576
3676.4, 34, -897, -10019, 744, 699, -3500, -10977, 41576
3678.6, 7, -897, -10019, 744, 699, -3500, -10977, 41576
3684.4, 1299, -846, -10057, 804, 284, -5210, -11191, 41574
3686.6, 32, -846, -10057, 804, 284, -5210, -11191, 41574
3690.9, 1178, -765, -10049, 849, 503, -8299, -11607, 41574
3694.7, 1164, -765, -10049, 849, 503, -8299, -11607, 41583
3697.0, 30, -765, -10049, 849, 503, -8299, -11607, 41583
3702.7, 1298, -697, -10101, 781, 656, -9966, -11318, 41598
3706.4, 1182, -697, -10101, 781, 656, -9966, -11318, 41612
3710.6, 1223, -586, -10197, 778, 1216, -10277, -10408, 41612
3714.3, 1217, -586, -10197, 778, 1216, -10277, -10408, 41640
3716.6, 32, -586, -10197, 778, 1216, -10277, -10408, 41640
3720.8, 1215, -477, -10141, 859, 1658, -9962, -9366, 41640
3724.5, 1190, -477, -10141, 859, 1658, -9962, -9366, 41619
3726.8, 30, -477, -10141, 859, 1658, -9962, -9366, 41619
3731.0, 1214, -452, -10010, 897, 2139, -9572, -9192, 41619
3734.8, 1178, -452, -10010, 897, 2139, -9572, -9192, 41761
3739.1, 1184, -361, -9893, 827, 2708, -8636, -9397, 41761
3742.8, 1201, -361, -9893, 827, 2708, -8636, -9397, 41759
3746.6, 1167, -361, -9893, 827, 2708, -8636, -9397, 41753
3750.8, 1216, -332, -9894, 797, 2056, -7494, -9581, 41753
3754.5, 1218, -332, -9894, 797, 2056, -7494, -9581, 41729
3758.8, 1206, -449, -9822, 899, 608, -6553, -9441, 41729
3762.5, 1181, -449, -9822, 899, 608, -6553, -9441, 41752
3766.3, 1177, -449, -9822, 899, 608, -6553, -9441, 41751
3770.6, 1207, -530, -9843, 710, 678, -4764, -8540, 41751
3774.3, 1240, -530, -9843, 710, 678, -4764, -8540, 41754
3778.5, 1212, -528, -10057, 862, 944, -2331, -6956, 41754
3782.3, 1159, -528, -10057, 862, 944, -2331, -6956, 41660
3786.0, 1183, -528, -10057, 862, 944, -2331, -6956, 41741
3790.3, 1200, -495, -10181, 857, 1513, -1771, -6094, 41741
3794.0, 1190, -495, -10181, 857, 1513, -1771, -6094, 41756
3798.2, 1220, -527, -10197, 828, 1798, -1470, -5805, 41756
3801.9, 1196, -527, -10197, 828, 1798, -1470, -5805, 41761
3805.7, 1206, -527, -10197, 828, 1798, -1470, -5805, 41789
3809.9, 1217, -564, -10195, 909, 2537, -717, -5416, 41789
3813.6, 1195, -564, -10195, 909, 2537, -717, -5416, 41758
3817.8, 1207, -586, -10167, 808, 2664, 188, -4812, 41758
3821.6, 1159, -586, -10167, 808, 2664, 188, -4812, 41766
3823.8, 32, -586, -10167, 808, 2664, 188, -4812, 41766
3829.6, 1279, -706, -10172, 764, 3136, -336, -4698, 41756
3833.3, 1187, -706, -10172, 764, 3136, -336, -4698, 41738
3839.0, 1277, -684, -10096, 842, 3434, -2773, -4991, 41776
3841.2, 36, -684, -10096, 842, 3434, -2773, -4991, 41776
3843.5, 6, -684, -10096, 842, 3434, -2773, -4991, 41776
3849.2, 1292, -677, -10034, 862, 2970, -5945, -4886, 41771
3851.5, 35, -677, -10034, 862, 2970, -5945, -4886, 41771
3855.7, 1223, -506, -10002, 750, 2795, -6431, -4361, 41771
3859.5, 1180, -506, -10002, 750, 2795, -6431, -4361, 41710
3861.8, 30, -506, -10002, 750, 2795, -6431, -4361, 41710
3866.0, 1241, -410, -10080, 792, 2804, -3941, -3565, 41710
3869.7, 1229, -410, -10080, 792, 2804, -3941, -3565, 41779
3872.0, 33, -410, -10080, 792, 2804, -3941, -3565, 41779
3877.7, 1302, -433, -10217, 1048, 2419, -4445, -3180, 41784
3881.4, 1184, -433, -10217, 1048, 2419, -4445, -3180, 41791
3885.7, 1214, -411, -10268, 920, 2358, -7074, -3360, 41791
3889.7, 826, -411, -10268, 920, 2358, -7074, -3360, 41787
3892.0, 19, -411, -10268, 920, 2358, -7074, -3360, 41787
3897.7, 1293, -355, -10181, 838, 2865, -8316, -3950, 41791
3901.5, 1198, -355, -10181, 838, 2865, -8316, -3950, 41806
3905.7, 1217, -253, -9960, 742, 2563, -8378, -4405, 41806
3909.5, 1183, -253, -9960, 742, 2563, -8378, -4405, 41800
3913.7, 1205, -253, -9960, 676, 2441, -6855, -4064, 41800
3917.5, 1175, -253, -9960, 676, 2441, -6855, -4064, 41808
3921.3, 1188, -253, -9960, 676, 2441, -6855, -4064, 41814
3925.5, 1203, -506, -9838, 751, 2021, -5070, -3220, 41814
3929.3, 1193, -506, -9838, 751, 2021, -5070, -3220, 41819
3933.5, 1218, -506, -9979, 902, 1981, -4878, -2922, 41819
3937.2, 1186, -506, -9979, 902, 1981, -4878, -2922, 41820
3941.0, 1181, -506, -9979, 902, 1981, -4878, -2922, 41859
3945.3, 1198, -404, -10048, 945, 2379, -6951, -3228, 41859
3949.0, 1193, -404, -10048, 945, 2379, -6951, -3228, 41836
3953.3, 1182, -404, -9907, 760, 3171, -9262, -3766, 41836
3957.0, 1202, -404, -9907, 760, 3171, -9262, -3766, 41846
3960.7, 1194, -404, -9907, 760, 3171, -9262, -3766, 41847
3965.0, 1247, -165, -9801, 727, 3771, -9349, -4086, 41847
3968.7, 1199, -165, -9801, 727, 3771, -9349, -4086, 41849
3972.9, 1212, -165, -9772, 873, 3622, -7861, -4318, 41849
3976.7, 1142, -165, -9772, 873, 3622, -7861, -4318, 41861
3979.0, 29, -165, -9772, 873, 3622, -7861, -4318, 41861
3984.8, 1214, -291, -9860, 866, 3788, -7647, -4392, 41870
3988.5, 1197, -291, -9860, 866, 3788, -7647, -4392, 41880
3992.7, 1219, -291, -9919, 994, 4235, -7245, -3806, 41880
3996.5, 1125, -291, -9919, 994, 4235, -7245, -3806, 41923
3998.8, 29, -291, -9919, 994, 4235, -7245, -3806, 41923
4004.5, 1287, -165, -10109, 1085, 4882, -6199, -3342, 41901
4006.8, 34, -165, -10109, 1085, 4882, -6199, -3342, 41901
4012.5, 1309, -165, -10109, 1085, 4882, -6199, -3342, 41908
4016.2, 1205, -165, -10109, 1085, 4882, -6199, -3342, 41891
4020.5, 1215, -153, -10141, 1100, 6291, -4917, -3066, 41891
4024.2, 1201, -153, -10141, 1100, 6291, -4917, -3066, 41895
4026.5, 33, -153, -10141, 1100, 6291, -4917, -3066, 41895
4030.7, 1223, -225, -10269, 1001, 7901, -3928, -2607, 41895
4034.4, 1196, -225, -10269, 1001, 7901, -3928, -2607, 41931
4036.7, 32, -225, -10269, 1001, 7901, -3928, -2607, 41931
4040.9, 1223, -174, -10210, 893, 9275, -2861, -3110, 41931
4044.6, 1190, -174, -10210, 893, 9275, -2861, -3110, 41944
4046.9, 32, -174, -10210, 893, 9275, -2861, -3110, 41944
4052.6, 1300, -357, -9927, 845, 10823, -2323, -3386, 41879
4056.3, 1209, -357, -9927, 845, 10823, -2323, -3386, 41987
4060.6, 1228, -739, -9787, 802, 10823, -2323, -3535, 41987
4064.4, 1172, -739, -9787, 802, 10823, -2323, -3535, 41958
4068.6, 1196, -842, -9911, 1069, 10500, -4545, -3535, 41958
4072.3, 1201, -842, -9911, 1069, 10500, -4545, -3535, 41966
4076.1, 1233, -842, -9911, 1069, 10500, -4545, -3535, 41990
4080.3, 1256, -634, -10080, 1226, 10928, -8623, -3570, 41990
4084.1, 1178, -634, -10080, 1226, 10928, -8623, -3570, 41978
4088.3, 1220, -360, -10161, 1200, 10622, -12919, -3570, 41978
4092.0, 1211, -360, -10161, 1200, 10622, -12919, -3570, 41990
4095.8, 1205, -360, -10161, 1200, 10622, -12919, -3570, 41992
4100.0, 1225, 22, -9940, 812, 10745, -12897, -2900, 41992
4103.7, 1196, 22, -9940, 812, 10745, -12897, -2900, 42035
4108.0, 1199, 120, -9771, 666, 10373, -6895, -2900, 42035
4111.8, 1176, 120, -9771, 666, 10373, -6895, -2900, 41991
4115.5, 1221, 120, -9771, 666, 10373, -6895, -2900, 41998
4119.8, 1198, -111, -9845, 1089, 10443, -2568, -1496, 41998
4123.5, 1202, -111, -9845, 1089, 10443, -2568, -1496, 41984
4127.7, 1221, -352, -9987, 932, 9428, -2948, -1496, 41984
4131.5, 1166, -352, -9987, 932, 9428, -2948, -1496, 41962
4133.8, 30, -352, -9987, 932, 9428, -2948, -1496, 41962
4139.6, 1221, -548, -9978, 908, 9323, -4261, -1548, 41999
4143.3, 1200, -548, -9978, 908, 9323, -4261, -1548, 41992
4149.0, 1204, -702, -9876, 1115, 9213, -4261, -1548, 41994
4152.8, 1153, -702, -9876, 1115, 9213, -4261, -1548, 41996
4158.5, 1271, -677, -9797, 1047, 9073, -7153, -2476, 41989
4160.7, 37, -677, -9797, 1047, 9073, -7153, -2476, 41989
4163.0, 5, -677, -9797, 1047, 9073, -7153, -2476, 41989
4168.7, 1307, -482, -9730, 1008, 7931, -9511, -3250, 41980
4170.9, 37, -482, -9730, 1008, 7931, -9511, -3250, 41980
4173.2, 5, -482, -9730, 1008, 7931, -9511, -3250, 41980
4178.9, 1301, -323, -9796, 1004, 6326, -10981, -3552, 41972
4181.2, 37, -323, -9796, 1004, 6326, -10981, -3552, 41972
4185.5, 1195, -75, -9863, 714, 6090, -10959, -3880, 41972
4189.2, 1208, -75, -9863, 714, 6090, -10959, -3880, 41960
4191.5, 32, -75, -9863, 714, 6090, -10959, -3880, 41960
4195.8, 1266, 89, -9860, 865, 5700, -8706, -3841, 41960
4199.5, 1191, 89, -9860, 865, 5700, -8706, -3841, 41977
4201.8, 32, 89, -9860, 865, 5700, -8706, -3841, 41977
4207.5, 1328, 54, -9826, 942, 5495, -7231, -3460, 41964
4211.2, 1194, 54, -9826, 942, 5495, -7231, -3460, 41901
4215.5, 1228, -8, -9818, 866, 4580, -5919, -2638, 41901
4219.2, 1187, -8, -9818, 866, 4580, -5919, -2638, 41980
4221.5, 34, -8, -9818, 866, 4580, -5919, -2638, 41980
4225.7, 1295, -109, -9822, 1031, 3758, -4707, -2336, 41980
4229.4, 1204, -109, -9822, 1031, 3758, -4707, -2336, 41963
4233.7, 1226, -147, -9756, 958, 3123, -4182, -2200, 41963
4237.4, 1203, -147, -9756, 958, 3123, -4182, -2200, 41963
4241.2, 1188, -147, -9756, 958, 3123, -4182, -2200, 41973
4245.5, 1193, -183, -9812, 851, 1894, -3110, -2222, 41973
4249.2, 1206, -183, -9812, 851, 1894, -3110, -2222, 41951
4253.5, 1216, -235, -9956, 891, 1242, -2568, -2651, 41951
4257.2, 1216, -235, -9956, 891, 1242, -2568, -2651, 41952
4260.9, 1251, -235, -9956, 891, 1242, -2568, -2651, 41957
4265.2, 1219, -276, -9929, 794, 398, -2782, -3355, 41957
4268.9, 1200, -276, -9929, 794, 398, -2782, -3355, 41981
4273.2, 1212, -435, -9844, 842, -13, -3272, -3871, 41981
4276.9, 1212, -435, -9844, 842, -13, -3272, -3871, 41884
4280.7, 1183, -435, -9844, 842, -13, -3272, -3871, 41892
4284.9, 1185, -458, -9807, 765, -437, -3574, -3705, 41892
4288.7, 1195, -458, -9807, 765, -437, -3574, -3705, 41880
4292.9, 1227, -382, -9986, 980, -328, -3972, -3010, 41880
4296.6, 1166, -382, -9986, 980, -328, -3972, -3010, 41867
4298.9, 30, -382, -9986, 980, -328, -3972, -3010, 41867
4304.6, 1259, -285, -9996, 1049, -341, -5302, -2791, 41875
4308.3, 1202, -285, -9996, 1049, -341, -5302, -2791, 41888
4314.0, 1209, -195, -9973, 911, -201, -5691, -2624, 41906
4317.8, 1163, -195, -9973, 911, -201, -5691, -2624, 41849
4323.5, 1290, -198, -9974, 990, -249, -4676, -2690, 41880
4325.7, 36, -198, -9974, 990, -249, -4676, -2690, 41880
4328.1, 6, -198, -9974, 990, -249, -4676, -2690, 41880
4333.8, 1309, -147, -9917, 1130, -205, -4711, -2975, 41872
4336.1, 37, -147, -9917, 1130, -205, -4711, -2975, 41872
4338.3, 5, -147, -9917, 1130, -205, -4711, -2975, 41872
4344.1, 1285, -98, -9876, 912, -888, -4077, -3045, 41870
4346.3, 37, -98, -9876, 912, -888, -4077, -3045, 41870
4350.6, 1200, -174, -9873, 899, -796, -1863, -2721, 41870
4354.3, 1179, -174, -9873, 899, -796, -1863, -2721, 41864
4356.6, 32, -174, -9873, 899, -796, -1863, -2721, 41864
4360.9, 1221, -337, -9887, 958, -988, -520, -2498, 41864
4364.7, 1191, -337, -9887, 958, -988, -520, -2498, 41859
4366.9, 35, -337, -9887, 958, -988, -520, -2498, 41859
4372.6, 1318, -449, -9879, 1049, -1544, -931, -2620, 41858
4376.4, 1244, -449, -9879, 1049, -1544, -931, -2620, 41858
4380.6, 1218, -412, -9821, 1107, -1325, -2248, -2458, 41858
4384.4, 1189, -412, -9821, 1107, -1325, -2248, -2458, 41864
4386.6, 35, -412, -9821, 1107, -1325, -2248, -2458, 41864
4390.9, 1206, -291, -9905, 997, -1745, -3241, -1938, 41864
4394.7, 1211, -291, -9905, 997, -1745, -3241, -1938, 41851
4398.9, 1228, -202, -10008, 1083, -1434, -3596, -1745, 41851
4402.6, 1233, -202, -10008, 1083, -1434, -3596, -1745, 41859
4406.4, 1262, -202, -10008, 1083, -1434, -3596, -1745, 41863
4410.6, 1223, -212, -10051, 1119, -909, -4493, -2169, 41863
4414.4, 1210, -212, -10051, 1119, -909, -4493, -2169, 41859
4418.6, 1243, 4, -9840, 924, -1076, -4445, -2804, 41859
4422.3, 1242, 4, -9840, 924, -1076, -4445, -2804, 41901
4426.1, 1195, 4, -9840, 924, -1076, -4445, -2804, 41872
4430.3, 1212, -31, -9737, 908, -1693, -3097, -3136, 41872
4434.0, 1213, -31, -9737, 908, -1693, -3097, -3136, 41864
4438.3, 1230, -233, -9827, 1181, -1627, -1741, -2813, 41864
4442.0, 1208, -233, -9827, 1181, -1627, -1741, -2813, 41876
4445.8, 1213, -233, -9827, 1181, -1627, -1741, -2813, 41879
4450.0, 1209, -453, -10001, 1077, -2624, -341, -1960, 41879
4453.8, 1176, -453, -10001, 1077, -2624, -341, -1960, 41868
4458.0, 1193, -546, -10011, 1100, -1946, -144, -1789, 41868
4461.7, 1180, -546, -10011, 1100, -1946, -144, -1789, 41895
4464.0, 30, -546, -10011, 1100, -1946, -144, -1789, 41895
4469.7, 1235, -434, -9887, 1118, -1596, -1732, -2113, 41873
4473.5, 1203, -434, -9887, 1118, -1596, -1732, -2113, 41876
4477.7, 1232, -273, -9854, 1140, -1627, -3513, -2467, 41876
4481.5, 1195, -273, -9854, 1140, -1627, -3513, -2467, 41875
4483.8, 32, -273, -9854, 1140, -1627, -3513, -2467, 41875
4489.5, 1327, -165, -9902, 1067, -1456, -4134, -2760, 41896
4491.8, 36, -165, -9902, 1067, -1456, -4134, -2760, 41896
4496.0, 1239, -151, -9965, 1130, -459, -4020, -2791, 41896
4499.8, 1207, -151, -9965, 1130, -459, -4020, -2791, 41868
4502.0, 34, -151, -9965, 1130, -459, -4020, -2791, 41868
4507.8, 1315, -121, -10135, 1079, 1176, -3202, -1960, 41875
4511.5, 1220, -121, -10135, 1079, 1176, -3202, -1960, 41873
4515.8, 1237, -94, -10107, 975, 3469, -1798, -1067, 41873
4519.5, 1192, -94, -10107, 975, 3469, -1798, -1067, 41880
4521.8, 33, -94, -10107, 975, 3469, -1798, -1067, 41880
4526.0, 1220, -174, -9918, 1074, 4987, -962, -1601, 41880
4529.8, 1187, -174, -9918, 1074, 4987, -962, -1601, 41873
4532.0, 34, -174, -9918, 1074, 4987, -962, -1601, 41873
4537.8, 1321, -221, -9723, 1107, 4768, 0, -2410, 41863
4541.5, 1185, -221, -9723, 1107, 4768, 0, -2410, 41885
4545.8, 1195, -410, -9752, 1219, 3981, 616, -1999, 41885
4549.5, 1208, -410, -9752, 1219, 3981, 616, -1999, 41870
4553.8, 1227, -410, -9752, 1219, 4340, -717, -756, 41870
4557.5, 1202, -410, -9752, 1219, 4340, -717, -756, 41879
4561.3, 1181, -410, -9752, 1219, 4340, -717, -756, 41880
4565.6, 1187, -259, -10293, 1122, 6475, -1806, 717, 41880
4569.3, 1195, -259, -10293, 1122, 6475, -1806, 717, 41883
4573.6, 1222, -259, -10293, 1122, 8789, -1360, 1049, 41883
4577.3, 1208, -259, -10293, 1122, 8789, -1360, 1049, 41887
4581.0, 1229, -259, -10293, 1122, 8789, -1360, 1049, 41884
4585.2, 1239, -247, -10070, 1092, 9695, -673, -419, 41884
4589.0, 1177, -247, -10070, 1092, 9695, -673, -419, 41884
4593.3, 1201, -247, -10070, 1092, 11397, -179, -927, 41884
4597.0, 1228, -247, -10070, 1092, 11397, -179, -927, 41878
4600.8, 1179, -247, -10070, 1092, 11397, -179, -927, 41885
4605.0, 1229, -445, -10179, 1064, 15155, -367, 1032, 41885
4608.8, 1197, -445, -10179, 1064, 15155, -367, 1032, 41855
4613.0, 1200, -445, -10179, 1064, 19604, -3259, 2800, 41855
4616.7, 1161, -445, -10179, 1064, 19604, -3259, 2800, 41885
4620.5, 1201, -445, -10179, 1064, 19604, -3259, 2800, 41880
4624.7, 1238, -267, -10523, 864, 25410, -6925, 2913, 41880
4628.5, 1197, -267, -10523, 864, 25410, -6925, 2913, 41862
4632.7, 1165, -267, -10523, 864, 31605, -9699, 2992, 41862
4636.4, 1142, -267, -10523, 864, 31605, -9699, 2992, 41859
4638.7, 30, -267, -10523, 864, 31605, -9699, 2992, 41859
4644.4, 1306, -390, -10442, 784, 36663, -11515, 2992, 41849
4646.7, 35, -390, -10442, 784, 36663, -11515, 2992, 41849
4652.4, 1318, -527, -10281, 1093, 36663, -11515, 2992, 41828
4656.1, 1103, -527, -10281, 1093, 36663, -11515, 2992, 41839
4658.4, 28, -527, -10281, 1093, 36663, -11515, 2992, 41839
4664.1, 1321, -762, -10289, 1443, 43860, -12604, 4449, 41838
4666.4, 34, -762, -10289, 1443, 43860, -12604, 4449, 41838
4670.6, 1220, -780, -10043, 1271, 43860, -12604, 4449, 41838
4674.3, 1208, -780, -10043, 1271, 43860, -12604, 4449, 41829
4676.6, 32, -780, -10043, 1271, 43860, -12604, 4449, 41829
4680.8, 1221, -777, -9890, 1648, 45929, -13462, 6024, 41829
4684.5, 1169, -777, -9890, 1648, 45929, -13462, 6024, 41849
4686.8, 31, -777, -9890, 1648, 45929, -13462, 6024, 41849
4691.0, 1243, -908, -9985, 2031, 47408, -15010, 6934, 41849
4694.8, 1186, -908, -9985, 2031, 47408, -15010, 6934, 41825
4697.1, 32, -908, -9985, 2031, 47408, -15010, 6934, 41825
4702.8, 1315, -831, -9960, 2193, 46997, -16555, 8540, 41815
4706.6, 1213, -831, -9960, 2193, 46997, -16555, 8540, 41804
4710.8, 1196, -659, -9907, 2388, 48208, -17417, 8540, 41804
4714.5, 1211, -659, -9907, 2388, 48208, -17417, 8540, 41795
4718.7, 1213, -521, -9964, 2115, 48939, -14765, 11523, 41795
4722.5, 1212, -521, -9964, 2115, 48939, -14765, 11523, 41779
4726.2, 1266, -521, -9964, 2115, 48939, -14765, 11523, 41733
4730.5, 1245, -441, -10005, 2174, 49958, -7021, 15807, 41733
4734.2, 1218, -441, -10005, 2174, 49958, -7021, 15807, 41770
4738.4, 1207, -540, -10125, 2487, 50912, -516, 19495, 41770
4742.1, 1197, -540, -10125, 2487, 50912, -516, 19495, 41753
4745.9, 1189, -540, -10125, 2487, 50912, -516, 19495, 41741
4750.1, 1200, -833, -10248, 2721, 53117, 3416, 21682, 41741
4753.9, 1166, -833, -10248, 2721, 53117, 3416, 21682, 41701
4758.1, 1263, -1208, -10162, 2922, 55589, 3307, 22395, 41701
4761.9, 1234, -1208, -10162, 2922, 55589, 3307, 22395, 41706
4765.6, 1184, -1208, -10162, 2922, 55589, 3307, 22395, 41689
4769.9, 1228, -1322, -10080, 3303, 59247, -651, 23113, 41689
4773.6, 1240, -1322, -10080, 3303, 59247, -651, 23113, 41663
4777.8, 1164, -1255, -10247, 3507, 61867, -4895, 25537, 41663
4781.6, 1171, -1255, -10247, 3507, 61867, -4895, 25537, 41685
4783.8, 33, -1255, -10247, 3507, 61867, -4895, 25537, 41685
4789.6, 1259, -1117, -10440, 3236, 66846, -7735, 28949, 41627
4793.3, 1173, -1117, -10440, 3236, 66846, -7735, 28949, 41595
4799.0, 1222, -1130, -10442, 3246, 71676, -11060, 31771, 41573
4802.7, 1208, -1130, -10442, 3246, 71676, -11060, 31771, 41549
4808.4, 1311, -1173, -10252, 3866, 77163, -16222, 33408, 41537
4812.2, 1229, -1173, -10252, 3866, 77163, -16222, 33408, 41508
4817.9, 1269, -1068, -10073, 3876, 79796, -20711, 35000, 41423
4821.6, 1172, -1068, -10073, 3876, 79796, -20711, 35000, 41475
4825.9, 1189, -818, -10100, 3634, 81236, -20864, 36877, 41475
4829.7, 1188, -818, -10100, 3634, 81236, -20864, 36877, 41422
4832.0, 31, -818, -10100, 3634, 81236, -20864, 36877, 41422
4837.7, 1316, -812, -9829, 3681, 81800, -15741, 39222, 41448
4841.4, 1203, -812, -9829, 3681, 81800, -15741, 39222, 41422
4845.7, 1217, -1130, -9745, 3777, 82255, -9611, 41711, 41422
4849.5, 1146, -1130, -9745, 3777, 82255, -9611, 41711, 41421
4851.8, 29, -1130, -9745, 3777, 82255, -9611, 41711, 41421
4856.0, 1189, -1449, -9750, 4109, 82439, -6746, 43348, 41421
4859.8, 1186, -1449, -9750, 4109, 82439, -6746, 43348, 41575
4862.0, 33, -1449, -9750, 4109, 82439, -6746, 43348, 41575
4867.8, 1339, -1664, -9722, 4201, 84828, -8378, 44411, 41535
4871.5, 1217, -1664, -9722, 4201, 84828, -8378, 44411, 41587
4875.8, 1190, -1625, -9421, 4347, 87212, -10963, 46227, 41587
4879.5, 1207, -1625, -9421, 4347, 87212, -10963, 46227, 41597
4883.7, 1215, -1439, -9238, 4482, 87510, -11335, 48519, 41597
4887.5, 1167, -1439, -9238, 4482, 87510, -11335, 48519, 41603
4891.2, 1183, -1439, -9238, 4482, 87510, -11335, 48519, 41586
4895.5, 1235, -1179, -9124, 4464, 89732, -8106, 51148, 41586
4899.3, 1155, -1179, -9124, 4464, 89732, -8106, 51148, 41617
4903.5, 1176, -958, -8926, 4678, 90660, -1951, 53559, 41617
4907.3, 1159, -958, -8926, 4678, 90660, -1951, 53559, 41619
4911.1, 1204, -958, -8926, 4678, 90660, -1951, 53559, 41626
4915.3, 1204, -1313, -8824, 5513, 91071, 2008, 56018, 41626
4919.1, 1212, -1313, -8824, 5513, 91071, 2008, 56018, 41660
4923.3, 1193, -1858, -8993, 5529, 92410, -2651, 58547, 41660
4927.1, 1204, -1858, -8993, 5529, 92410, -2651, 58547, 41637
4930.8, 1202, -1858, -8993, 5529, 92410, -2651, 58547, 41628
4935.1, 1149, -2296, -8868, 5632, 92690, -6916, 60804, 41628
4938.9, 1180, -2296, -8868, 5632, 92690, -6916, 60804, 41622
4943.1, 1264, -2400, -8770, 5782, 93862, -10880, 62734, 41622
4946.9, 1130, -2400, -8770, 5782, 93862, -10880, 62734, 41626
4950.7, 1190, -2400, -8770, 5782, 93862, -10880, 62734, 41623
4954.9, 1147, -2218, -8986, 5642, 95805, -15807, 63858, 41623
4958.7, 1227, -2218, -8986, 5642, 95805, -15807, 63858, 41629
4962.9, 1331, -2082, -8793, 5502, 97152, -21118, 63561, 41629
4966.6, 1148, -2082, -8793, 5502, 97152, -21118, 63561, 41633
4970.9, 1221, -2175, -8507, 5554, 99147, -22654, 64116, 41633
4974.6, 1175, -2175, -8507, 5554, 99147, -22654, 64116, 41640
4976.9, 38, -2175, -8507, 5554, 99147, -22654, 64116, 41640
4982.6, 1262, -2133, -8545, 5716, 98487, -22667, 65735, 41630
4986.3, 1126, -2133, -8545, 5716, 98487, -22667, 65735, 41621
4990.6, 1156, -2092, -8488, 5593, 98093, -23249, 66181, 41621
4994.4, 1186, -2092, -8488, 5593, 98093, -23249, 66181, 41628
4996.7, 35, -2092, -8488, 5593, 98093, -23249, 66181, 41628
5000.9, 1148, -2135, -8203, 5707, 98605, -22702, 65901, 41628
5004.6, 1124, -2135, -8203, 5707, 98605, -22702, 65901, 41649
5006.9, 35, -2135, -8203, 5707, 98605, -22702, 65901, 41649
5012.6, 1201, -2180, -7848, 5592, 95205, -17894, 65538, 41616
5016.3, 924, -2180, -7848, 5592, 95205, -17894, 65538, 41617
5020.6, 948, -2324, -7797, 6197, 93573, -11786, 65490, 41617
5024.4, 514, -2324, -7797, 6197, 93573, -11786, 65490, 41643
5026.7, 20, -2324, -7797, 6197, 93573, -11786, 65490, 41643
5030.9, 1282, -2377, -7835, 6122, 91395, -11580, 66111, 41643
5034.6, 979, -2377, -7835, 6122, 91395, -11580, 66111, 41613
5038.8, 1042, -2536, -7904, 6307, 91158, -15605, 66457, 41613
5042.6, 842, -2536, -7904, 6307, 91158, -15605, 66457, 41614
5046.3, 590, -2536, -7904, 6307, 91158, -15605, 66457, 41611
5050.6, 518, -2554, -7905, 6556, 93438, -20680, 66006, 41611
5054.4, 910, -2554, -7905, 6556, 93438, -20680, 66006, 41627
5058.6, 1565, -2414, -7817, 6059, 91627, -22951, 64589, 41627
5062.4, 661, -2414, -7817, 6059, 91627, -22951, 64589, 41603
5066.1, 923, -2414, -7817, 6059, 91627, -22951, 64589, 41627
5070.4, 869, -2377, -7659, 6291, 92309, -23590, 62716, 41627
5074.2, 620, -2377, -7659, 6291, 92309, -23590, 62716, 41597
5078.4, 819, -2240, -7520, 6305, 91027, -23284, 61544, 41597
5082.1, 541, -2240, -7520, 6305, 91027, -23284, 61544, 41594
5085.9, 477, -2240, -7520, 6305, 91027, -23284, 61544, 41593
5090.2, 1828, -2263, -7428, 6074, 90209, -19954, 61115, 41593
5094.0, 262, -2263, -7428, 6074, 90209, -19954, 61115, 41589
5098.2, 428, -2480, -7447, 6268, 92760, -14424, 62607, 41589
5102.0, 580, -2480, -7447, 6268, 92760, -14424, 62607, 41586
5105.7, 1079, -2480, -7447, 6268, 92760, -14424, 62607, 41629
5110.0, 512, -2654, -7727, 6043, 91985, -7021, 63985, 41629
5113.7, 576, -2654, -7727, 6043, 91985, -7021, 63985, 41588
5117.9, 537, -2910, -7847, 6635, 94768, -3517, 64304, 41588
5121.6, 236, -2910, -7847, 6635, 94768, -3517, 64304, 41576
5123.9, 20, -2910, -7847, 6635, 94768, -3517, 64304, 41576
5129.6, 1405, -2871, -7558, 6721, 97161, -4357, 63219, 41565
5131.9, 898, -2871, -7558, 6721, 97161, -4357, 63219, 41565
5137.6, 902, -2871, -7558, 6981, 100491, -4121, 59675, 41534
5141.3, 252, -2871, -7558, 6981, 100491, -4121, 59675, 41561
5145.6, 1260, -2738, -7129, 6981, 102206, 476, 56215, 41561
5149.3, 1404, -2738, -7129, 6981, 102206, 476, 56215, 41559
5151.6, 822, -2738, -7129, 6981, 102206, 476, 56215, 41559
5155.9, 1173, -2750, -6293, 6964, 100937, 8071, 55103, 41559
5159.7, 943, -2750, -6293, 6964, 100937, 8071, 55103, 41539
5161.9, 799, -2750, -6293, 6964, 100937, 8071, 55103, 41539
5167.6, 981, -2799, -6047, 7112, 100320, 14656, 54889, 41550
5171.4, 299, -2799, -6047, 7112, 100320, 14656, 54889, 41519
5175.6, 1268, -2799, -6029, 7774, 101033, 16454, 55003, 41519
5179.4, 1358, -2799, -6029, 7774, 101033, 16454, 55003, 41504
5181.6, 1309, -2799, -6029, 7774, 101033, 16454, 55003, 41504
5185.9, 1864, -3312, -5908, 7983, 100403, 16668, 55484, 41504
5189.7, 652, -3312, -5908, 7983, 100403, 16668, 55484, 41481
5193.9, 1137, -3312, -5908, 7983, 100403, 16668, 55484, 41481
5197.7, 1726, -3312, -5908, 7983, 100403, 16668, 55484, 41478
5201.5, 1430, -3312, -5908, 7983, 100403, 16668, 55484, 41468
5205.7, 921, -3046, -5613, 8434, 102044, 9235, 51218, 41468
5209.5, 715, -3046, -5613, 8434, 102044, 9235, 51218, 41432
5213.7, 1275, -3046, -5613, 8434, 102044, 9235, 51218, 41432
5217.5, 1507, -3046, -5613, 8434, 102044, 9235, 51218, 41439
5221.2, 1701, -3046, -5613, 8434, 102044, 9235, 51218, 41434
5225.5, 1163, -3020, -4811, 8754, 102442, 3036, 48152, 41434
5229.3, 1193, -3020, -4811, 8754, 102442, 3036, 48152, 41420
5233.5, 1449, -3020, -4811, 8754, 102442, 3036, 48152, 41420
5237.3, 1605, -3020, -4811, 8754, 102442, 3036, 48152, 41396
5241.0, 1158, -3020, -4811, 8754, 102442, 3036, 48152, 41350
5245.3, 1716, -2991, -4756, 8548, 104096, 7266, 53415, 41350
5249.1, 1889, -2991, -4756, 8548, 104096, 7266, 53415, 41359
5253.3, 1657, -2991, -4756, 8548, 104096, 7266, 54727, 41359
5257.1, 1090, -2991, -4756, 8548, 104096, 7266, 54727, 41347
5260.9, 1015, -2991, -4756, 8548, 104096, 7266, 54727, 41332
5265.2, 1481, -3330, -4330, 8656, 107889, 11217, 53922, 41332
5268.9, 1892, -3330, -4330, 8656, 107889, 11217, 53922, 41335
5273.2, 2033, -3330, -4330, 8656, 107889, 13072, 51227, 41335
5276.9, 1666, -3330, -4330, 8656, 107889, 13072, 51227, 41294
5280.9, 760, -3330, -4330, 8656, 107889, 13072, 51227, 41257
5285.2, 1187, -3590, -3846, 8946, 108847, 12136, 49114, 41257
5289.0, 1498, -3590, -3846, 8946, 108847, 12136, 49114, 41259
5293.2, 1449, -3590, -3846, 8946, 109914, 10609, 48313, 41259
5297.0, 1347, -3590, -3846, 8946, 109914, 10609, 48313, 41259
5302.7, 1784, -3504, -3552, 8681, 109914, 10609, 48313, 41243
5306.4, 1646, -3504, -3552, 8681, 109914, 10609, 48313, 41252
5310.7, 2069, -3513, -3150, 8623, 109529, 10622, 47351, 41252
5314.5, 1016, -3513, -3150, 8623, 109529, 10622, 47351, 41221
5316.8, 403, -3513, -3150, 8623, 109529, 10622, 47351, 41221
5321.0, 1252, -3559, -2678, 8696, 107408, 11847, 46375, 41221
5324.7, 1838, -3559, -2678, 8696, 107408, 11847, 46375, 41204
5327.0, 1256, -3559, -2678, 8696, 107408, 11847, 46375, 41204
5332.7, 1708, -3571, -2330, 8659, 105382, 11677, 44778, 41214
5336.4, 1670, -3571, -2330, 8659, 105382, 11677, 44778, 41200
5340.7, 1205, -3694, -1975, 9013, 104262, 10907, 42893, 41200
5344.5, 1594, -3694, -1975, 9013, 104262, 10907, 42893, 41190
5346.8, 1651, -3694, -1975, 9013, 104262, 10907, 42893, 41190
5351.0, 2380, -3841, -1741, 9209, 102980, 10342, 41046, 41190
5354.8, 2020, -3841, -1741, 9209, 102980, 10342, 41046, 41209
5359.1, 957, -3911, -1880, 9041, 102398, 8575, 39651, 41209
5362.8, 551, -3911, -1880, 9041, 102398, 8575, 39651, 41171
5366.6, 1318, -3911, -1880, 9041, 102398, 8575, 39651, 41174
5370.8, 2087, -4003, -2082, 9073, 103907, 4991, 38334, 41174
5374.5, 1484, -4003, -2082, 9073, 103907, 4991, 38334, 41157
5378.7, 1777, -3879, -2190, 9196, 105430, 2493, 36750, 41157
5382.5, 2059, -3879, -2190, 9196, 105430, 2493, 36750, 41161
5386.2, 1788, -3879, -2190, 9196, 105430, 2493, 36750, 41155
5390.5, 1313, -3479, -2187, 8428, 104008, 1561, 34554, 41155
5394.3, 1701, -3479, -2187, 8428, 104008, 1561, 34554, 41127
5398.5, 2003, -3226, -1989, 8428, 106104, 118, 32913, 41127
5402.3, 1524, -3226, -1989, 8428, 106104, 118, 32913, 41151
5406.0, 1042, -3226, -1989, 8428, 106104, 118, 32913, 41151
5410.2, 1540, -3064, -1651, 8507, 106204, 1207, 33648, 41151
5414.0, 1428, -3064, -1651, 8507, 106204, 1207, 33648, 41060
5418.2, 2029, -3314, -1400, 7995, 103339, 4659, 35381, 41060
5421.9, 2177, -3314, -1400, 7995, 103339, 4659, 35381, 41054
5425.6, 1660, -3314, -1400, 7995, 103339, 4659, 35381, 41043
5429.9, 1242, -3849, -1024, 8583, 101112, 6488, 37306, 41043
5433.6, 1159, -3849, -1024, 8583, 101112, 6488, 37306, 41043
5437.9, 996, -4009, -676, 8811, 100280, 5066, 38023, 41043
5441.6, 999, -4009, -676, 8811, 100280, 5066, 38023, 41065
5443.9, 1388, -4009, -676, 8811, 100280, 5066, 38023, 41065
5449.7, 2223, -4054, -851, 8933, 101751, 3920, 36912, 41046
5453.4, 1188, -4054, -851, 8933, 101751, 3920, 36912, 41033
5459.2, 2268, -3844, -868, 8141, 98089, 1995, 32397, 41010
5461.4, 1404, -3844, -868, 8141, 98089, 1995, 32397, 41010
5465.7, 1277, -3740, -723, 8356, 98758, -800, 27252, 41010
5469.4, 1296, -3740, -723, 8356, 98758, -800, 27252, 41047
5471.7, 1020, -3740, -723, 8356, 98758, -800, 27252, 41047
5477.4, 1895, -3470, -439, 8330, 99305, -1338, 24754, 41029
5481.2, 813, -3470, -439, 8330, 99305, -1338, 24754, 41032
5485.4, 1308, -3437, -418, 8167, 98054, 196, 24749, 41032
5489.2, 2500, -3437, -418, 8167, 98054, 196, 24749, 41030
5491.5, 2255, -3437, -418, 8167, 98054, 196, 24749, 41030
5495.7, 1579, -3422, -271, 8219, 98167, 1146, 27020, 41030
5499.5, 1668, -3422, -271, 8219, 98167, 1146, 27020, 41033
5501.7, 1182, -3422, -271, 8219, 98167, 1146, 27020, 41033
5507.5, 1576, -3747, -66, 8263, 97004, 3736, 29977, 41028
5511.3, 1745, -3747, -66, 8263, 97004, 3736, 29977, 41032
5515.5, 820, -3878, 212, 7792, 94243, 5079, 32318, 41032
5519.3, 1358, -3878, 212, 7792, 94243, 5079, 32318, 41043
5521.5, 2012, -3878, 212, 7792, 94243, 5079, 32318, 41043
5525.8, 1740, -4030, 334, 7962, 93171, 3644, 32165, 41043
5529.6, 1285, -4030, 334, 7962, 93171, 3644, 32165, 41035
5533.8, 1998, -4139, 737, 9068, 96527, 7109, 30953, 41035
5537.5, 2018, -4139, 737, 9068, 96527, 7109, 30953, 41031
5541.3, 1812, -4139, 737, 9068, 96527, 7109, 30953, 41030
5545.5, 2358, -4014, 573, 8361, 91684, 9927, 27742, 41030
5549.3, 1437, -4014, 573, 8361, 91684, 9927, 27742, 41027
5553.6, 950, -4287, 800, 8448, 91508, 3723, 24937, 41027
5557.3, 1793, -4287, 800, 8448, 91508, 3723, 24937, 41025
5561.1, 1574, -4287, 800, 8448, 91508, 3723, 24937, 41039
5565.3, 1477, -4398, 1147, 8439, 91644, -30, 24859, 41039
5569.1, 1763, -4398, 1147, 8439, 91644, -30, 24859, 41024
5573.3, 1960, -4258, 1204, 7520, 87422, -1246, 24600, 41024
5577.0, 1488, -4258, 1204, 7520, 87422, -1246, 24600, 41023
5580.8, 1415, -4258, 1204, 7520, 87422, -1246, 24600, 41020
5585.0, 1266, -3934, 1387, 7338, 86184, -1513, 23481, 41020
5588.7, 1487, -3934, 1387, 7338, 86184, -1513, 23481, 41030
5593.0, 2813, -4024, 1869, 8122, 87033, 398, 22435, 41030
5596.8, 1877, -4024, 1869, 8122, 87033, 398, 22435, 41022
5600.5, 743, -4024, 1869, 8122, 87033, 398, 22435, 41047
5604.8, 2092, -4128, 1931, 7650, 82111, 4344, 21429, 41047
5608.6, 1694, -4128, 1931, 7650, 82111, 4344, 21429, 41023
5612.8, 1787, -4274, 1996, 7973, 82028, 6593, 21070, 41023
5616.5, 1563, -4274, 1996, 7973, 82028, 6593, 21070, 41028
5618.8, 846, -4274, 1996, 7973, 82028, 6593, 21070, 41028
5624.6, 2078, -4262, 1947, 8352, 81385, 6685, 20869, 41025
5626.9, 1528, -4262, 1947, 8352, 81385, 6685, 20869, 41025
5632.6, 1761, -4241, 1923, 8087, 79591, 5092, 19394, 41034
5636.3, 1570, -4241, 1923, 8087, 79591, 5092, 19394, 41015
5640.6, 1227, -4201, 2196, 8081, 79000, 2113, 17911, 41015
5644.3, 1010, -4201, 2196, 8081, 79000, 2113, 17911, 41017
5646.6, 1245, -4201, 2196, 8081, 79000, 2113, 17911, 41017
5650.9, 1899, -4134, 2204, 8169, 78921, 708, 16537, 41017
5654.7, 2016, -4134, 2204, 8169, 78921, 708, 16537, 40980
5656.9, 1515, -4134, 2204, 8169, 78921, 708, 16537, 40980
5662.6, 1663, -3851, 2313, 7773, 77920, 1920, 15737, 41034
5666.4, 1065, -3851, 2313, 7773, 77920, 1920, 15737, 41014
5670.7, 1832, -3699, 2327, 7553, 76533, 2926, 15058, 41014
5674.5, 2010, -3699, 2327, 7553, 76533, 2926, 15058, 41014
5676.8, 1334, -3699, 2327, 7553, 76533, 2926, 15058, 41014
5681.0, 1655, -3673, 2709, 7762, 75671, 2493, 15317, 41014
5684.7, 1745, -3673, 2709, 7762, 75671, 2493, 15317, 40968
5688.9, 1778, -3688, 2933, 7871, 72796, 2379, 16494, 40968
5692.7, 1513, -3688, 2933, 7871, 72796, 2379, 16494, 41029
5696.5, 1142, -3688, 2933, 7871, 72796, 2379, 16494, 41009
5700.7, 1502, -3712, 3049, 7664, 70933, 1198, 18370, 41009
5704.5, 2411, -3712, 3049, 7664, 70933, 1198, 18370, 41023
5708.7, 1981, -3803, 3218, 7612, 70254, -1364, 19464, 41023
5712.5, 1494, -3803, 3218, 7612, 70254, -1364, 19464, 41044
5716.2, 1489, -3803, 3218, 7612, 70254, -1364, 19464, 41015
5720.5, 1497, -3872, 3309, 7292, 69169, -2091, 19731, 41015
5724.3, 1717, -3872, 3309, 7292, 69169, -2091, 19731, 41024
5728.5, 1889, -4043, 3357, 7340, 67476, -490, 19215, 41024
5732.3, 1139, -4043, 3357, 7340, 67476, -490, 19215, 41017
5736.0, 1386, -4043, 3357, 7340, 67476, -490, 19215, 41035
5740.3, 1747, -4210, 3263, 7188, 67699, 83, 18182, 41035
5744.1, 1993, -4210, 3263, 7188, 67699, 83, 18182, 41024
5748.3, 1474, -4337, 3446, 7718, 68911, 1316, 16174, 41024
5752.0, 1467, -4337, 3446, 7718, 68911, 1316, 16174, 41027
5755.8, 1603, -4337, 3446, 7718, 68911, 1316, 16174, 41021
5760.1, 2309, -4164, 3388, 7700, 66899, 1745, 12928, 41021
5763.9, 1760, -4164, 3388, 7700, 66899, 1745, 12928, 41021
5768.1, 869, -3905, 3637, 7813, 67306, 1067, 11200, 41021
5771.8, 1523, -3905, 3637, 7813, 67306, 1067, 11200, 41018
5777.6, 2270, -3905, 3637, 7813, 64331, 1015, 11370, 41053
5781.3, 904, -3905, 3637, 7813, 64331, 1015, 11370, 41037
5785.6, 1021, -3728, 3626, 7513, 64331, 1015, 12158, 41037
5789.4, 1514, -3728, 3626, 7513, 64331, 1015, 12158, 41036
5791.7, 1597, -3728, 3626, 7513, 64331, 1015, 12158, 41036
5795.9, 2647, -3600, 3805, 7442, 62550, -2646, 13247, 41036
5799.6, 2273, -3600, 3805, 7442, 62550, -2646, 13247, 41032
5801.9, 1461, -3600, 3805, 7442, 62550, -2646, 13247, 41032
5807.6, 856, -3477, 4085, 7477, 59146, -2498, 12578, 41026
5811.3, 1835, -3477, 4085, 7477, 59146, -2498, 12578, 41030
5815.6, 1904, -3697, 4331, 7639, 59452, -3596, 13142, 41030
5819.4, 1601, -3697, 4331, 7639, 59452, -3596, 13142, 41048
5821.6, 1680, -3697, 4331, 7639, 59452, -3596, 13142, 41048
5825.9, 1319, -3885, 4550, 7689, 57794, -5420, 14332, 41048
5829.6, 1710, -3885, 4550, 7689, 57794, -5420, 14332, 41025
5831.9, 1671, -3885, 4550, 7689, 57794, -5420, 14332, 41025
5837.6, 1496, -4051, 4322, 7045, 57370, -8019, 14372, 41034
5841.3, 1210, -4051, 4322, 7045, 57370, -8019, 14372, 40997
5845.6, 1395, -4051, 4322, 7045, 56932, -7678, 12823, 40997
5849.4, 1865, -4051, 4322, 7045, 56932, -7678, 12823, 41036
5853.6, 1609, -3980, 4526, 6893, 56932, -7678, 12823, 41036
5857.4, 1679, -3980, 4526, 6893, 56932, -7678, 12823, 41030
5861.1, 1760, -3980, 4526, 6893, 56932, -7678, 12823, 41028
5865.4, 2096, -3922, 4667, 7380, 53913, 2384, 9835, 41028
5869.1, 864, -3922, 4667, 7380, 53913, 2384, 9835, 41017
5873.3, 1210, -3839, 4735, 7380, 53913, 2384, 9835, 41017
5877.0, 1600, -3839, 4735, 7380, 53913, 2384, 9835, 41052
5880.7, 2193, -3839, 4735, 7380, 53913, 2384, 9835, 41020
5885.0, 1856, -3732, 4945, 7484, 52583, -3451, 8968, 41020
5888.7, 1216, -3732, 4945, 7484, 52583, -3451, 8968, 41021
5892.9, 1338, -3742, 5258, 7570, 52583, -3451, 8968, 41021
5896.7, 1281, -3742, 5258, 7570, 52583, -3451, 8968, 41015
5899.0, 1876, -3742, 5258, 7570, 52583, -3451, 8968, 41015
5904.8, 1468, -3601, 5422, 7214, 48523, -9515, 11467, 41022
5908.5, 1343, -3601, 5422, 7214, 48523, -9515, 11467, 41022
5912.7, 2287, -3607, 5522, 6835, 48523, -9515, 11467, 41022
5916.5, 1334, -3607, 5522, 6835, 48523, -9515, 11467, 41015
5918.8, 142, -3607, 5522, 6835, 48523, -9515, 11467, 41015
5924.6, 1911, -3535, 5380, 6335, 46493, -4287, 15636, 41055
5928.3, 2134, -3535, 5380, 6335, 46493, -4287, 15636, 40983
5934.1, 1866, -3623, 5175, 6335, 47106, 279, 15750, 41037
5937.8, 1980, -3623, 5175, 6335, 47106, 279, 15750, 41014
5943.5, 1026, -3863, 5410, 6597, 47106, 279, 15750, 41019
5945.7, 1223, -3863, 5410, 6597, 47106, 279, 15750, 41019
5948.0, 1183, -3863, 5410, 6597, 47106, 279, 15750, 41019
5953.7, 1781, -4035, 5467, 6622, 44262, 5521, 14564, 41028
5956.0, 1820, -4035, 5467, 6622, 44262, 5521, 14564, 41028
5960.2, 2299, -4176, 5538, 7191, 44153, 5783, 14052, 41028
5964.0, 1165, -4176, 5538, 7191, 44153, 5783, 14052, 41076
5966.2, 599, -4176, 5538, 7191, 44153, 5783, 14052, 41076
5970.5, 1462, -3863, 5520, 7035, 41580, 1662, 13571, 41076
5974.2, 2767, -3863, 5520, 7035, 41580, 1662, 13571, 41085
5976.5, 1649, -3863, 5520, 7035, 41580, 1662, 13571, 41085
5980.8, 1271, -3782, 5660, 7213, 41165, -2918, 13011, 41085
5984.5, 1299, -3782, 5660, 7213, 41165, -2918, 13011, 41092
5986.8, 1171, -3782, 5660, 7213, 41165, -2918, 13011, 41092
5992.6, 2131, -3732, 5859, 7372, 41545, -4760, 13545, 41094
5996.3, 1981, -3732, 5859, 7372, 41545, -4760, 13545, 41099
6000.6, 762, -3217, 5568, 6674, 40395, -6212, 13637, 41099
6004.3, 2474, -3217, 5568, 6674, 40395, -6212, 13637, 41105
6006.6, 1752, -3217, 5568, 6674, 40395, -6212, 13637, 41105
6010.9, 1716, -3305, 5865, 6390, 37218, -8036, 13982, 41105
6014.7, 2027, -3305, 5865, 6390, 37218, -8036, 13982, 41147
6018.9, 1233, -3586, 6099, 6882, 38373, -8430, 16218, 41147
6022.6, 1359, -3586, 6099, 6882, 38373, -8430, 16218, 41112
6026.4, 1556, -3586, 6099, 6882, 38373, -8430, 16218, 41107
6030.6, 1803, -3633, 5863, 6385, 39533, -6129, 17714, 41107
6034.4, 1597, -3633, 5863, 6385, 39533, -6129, 17714, 41122
6038.6, 1881, -3905, 5767, 5953, 38032, -3237, 17123, 41122
6042.3, 1853, -3905, 5767, 5953, 38032, -3237, 17123, 41121
6046.1, 1638, -3905, 5767, 5953, 38032, -3237, 17123, 41138
6050.3, 1599, -3536, 5831, 5755, 34541, 214, 13387, 41138
6054.0, 2041, -3536, 5831, 5755, 34541, 214, 13387, 41175
6058.2, 1316, -3680, 6336, 6599, 34851, 354, 9375, 41175
6062.0, 1897, -3680, 6336, 6599, 34851, 354, 9375, 41141
6065.7, 1895, -3680, 6336, 6599, 34851, 354, 9375, 41143
6069.9, 1467, -3838, 6396, 6350, 33740, 1181, 7253, 41143
6073.7, 1685, -3838, 6396, 6350, 33740, 1181, 7253, 41151
6077.9, 1470, -3736, 6672, 6474, 34086, 1334, 7078, 41151
6081.6, 2210, -3736, 6672, 6474, 34086, 1334, 7078, 41131
6083.9, 1898, -3736, 6672, 6474, 34086, 1334, 7078, 41131
6089.6, 1455, -3618, 6479, 6586, 34908, -1596, 8150, 41146
6093.3, 1609, -3618, 6479, 6586, 34908, -1596, 8150, 41151
6099.0, 1478, -3728, 6410, 6318, 33534, -5460, 8413, 41163
6101.3, 1243, -3728, 6410, 6318, 33534, -5460, 8413, 41163
6103.5, 1318, -3728, 6410, 6318, 33534, -5460, 8413, 41163
6109.3, 2034, -3702, 6676, 6200, 33123, -5818, 7818, 41185
6111.5, 1336, -3702, 6676, 6200, 33123, -5818, 7818, 41185
6115.8, 1659, -3541, 6608, 5976, 28569, -6015, 6921, 41185
6119.5, 1791, -3541, 6608, 5976, 28569, -6015, 6921, 41173
6121.8, 1313, -3541, 6608, 5976, 28569, -6015, 6921, 41173
6127.5, 1843, -3440, 7049, 5917, 27134, -6221, 7249, 41156
6131.2, 1854, -3440, 7049, 5917, 27134, -6221, 7249, 41174
6135.5, 1757, -3409, 6945, 6183, 26079, -3736, 8531, 41174
6139.2, 1580, -3409, 6945, 6183, 26079, -3736, 8531, 41183
6141.5, 1154, -3409, 6945, 6183, 26079, -3736, 8531, 41183
6145.7, 1429, -3537, 6661, 6231, 24469, -3661, 7599, 41183
6149.4, 1660, -3537, 6661, 6231, 24469, -3661, 7599, 41187
6151.7, 1466, -3537, 6661, 6231, 24469, -3661, 7599, 41187
6155.9, 2287, -3483, 6702, 5920, 24959, -5713, 6015, 41187
6159.6, 1705, -3483, 6702, 5920, 24959, -5713, 6015, 41035
6163.9, 1434, -3714, 6763, 5968, 23257, -5980, 5446, 41035
6167.6, 1432, -3714, 6763, 5968, 23257, -5980, 5446, 41201
6171.3, 1807, -3714, 6763, 5968, 23257, -5980, 5446, 41202
6175.6, 1965, -3540, 7025, 5515, 21092, -7166, 4996, 41202
6179.4, 1523, -3540, 7025, 5515, 21092, -7166, 4996, 41208
6183.6, 1741, -3214, 7210, 5374, 17587, -7433, 4200, 41208
6187.4, 1752, -3214, 7210, 5374, 17587, -7433, 4200, 41209
6191.2, 1859, -3214, 7210, 5374, 17587, -7433, 4200, 41223
6195.5, 1548, -2790, 7353, 5043, 11681, -5442, 4799, 41223
6199.2, 1657, -2790, 7353, 5043, 11681, -5442, 4799, 41231
6203.4, 1628, -2954, 7237, 5544, 6956, -2205, 6160, 41231
6207.1, 1595, -2954, 7237, 5544, 6956, -2205, 6160, 41253
6210.9, 1263, -2954, 7237, 5544, 6956, -2205, 6160, 41241
6215.1, 1846, -3180, 7105, 5421, 3495, 708, 6794, 41241
6218.9, 2041, -3180, 7105, 5421, 3495, 708, 6794, 41250
6223.1, 1910, -3311, 6942, 5391, -2406, 3338, 5521, 41250
6226.8, 1617, -3311, 6942, 5391, -2406, 3338, 5521, 41249
6230.6, 1316, -3311, 6942, 5391, -2406, 3338, 5521, 41259
6234.8, 1634, -3194, 6792, 5276, -8347, 4768, 4130, 41259
6238.5, 1957, -3194, 6792, 5276, -8347, 4768, 4130, 41273
6242.8, 1948, -3077, 6869, 5453, -14249, 6212, 2765, 41273
6246.5, 1639, -3077, 6869, 5453, -14249, 6212, 2765, 41261
6248.8, 1179, -3077, 6869, 5453, -14249, 6212, 2765, 41261
6254.6, 1553, -3091, 6881, 5201, -21118, 6190, 594, 41263
6258.3, 1527, -3091, 6881, 5201, -21118, 6190, 594, 41275
6264.0, 1760, -3114, 6910, 4863, -26889, 6864, -1115, 41268
6266.3, 1317, -3114, 6910, 4863, -26889, 6864, -1115, 41268
6268.5, 1190, -3114, 6910, 4863, -26889, 6864, -1115, 41268
6274.3, 1487, -3026, 6826, 5029, -30607, 8631, -1750, 41261
6276.5, 1498, -3026, 6826, 5029, -30607, 8631, -1750, 41261
6280.8, 2002, -2928, 6586, 5182, -33548, 9979, -2432, 41261
6284.6, 1717, -2928, 6586, 5182, -33548, 9979, -2432, 41252
6286.9, 1155, -2928, 6586, 5182, -33548, 9979, -2432, 41252
6292.6, 1913, -2851, 6502, 5240, -35923, 9835, -4961, 41277
6296.3, 1627, -2851, 6502, 5240, -35923, 9835, -4961, 41239
6300.6, 1753, -2776, 6482, 5570, -38876, 8833, -8281, 41239
6304.3, 1731, -2776, 6482, 5570, -38876, 8833, -8281, 41228
6306.6, 1300, -2776, 6482, 5570, -38876, 8833, -8281, 41228
6310.9, 1516, -2725, 6427, 5750, -44398, 8933, -12442, 41228
6314.7, 1363, -2725, 6427, 5750, -44398, 8933, -12442, 41230
6317.0, 1027, -2725, 6427, 5750, -44398, 8933, -12442, 41230
6322.7, 2203, -3110, 6247, 5946, -50020, 10250, -15964, 41231
6326.4, 1810, -3110, 6247, 5946, -50020, 10250, -15964, 41235
6330.7, 1891, -3334, 6177, 6028, -53975, 9966, -18340, 41235
6334.5, 1959, -3334, 6177, 6028, -53975, 9966, -18340, 41181
6338.7, 1698, -3334, 5943, 5877, -58805, 9913, -21153, 41181
6342.5, 1665, -3334, 5943, 5877, -58805, 9913, -21153, 41227
6346.2, 1805, -3334, 5943, 5877, -58805, 9913, -21153, 41235
6350.5, 1930, -3361, 5708, 6047, -62353, 8470, -25314, 41235
6354.3, 1826, -3361, 5708, 6047, -62353, 8470, -25314, 41228
6358.5, 1936, -3361, 6038, 6256, -68220, 3648, -29361, 41228
6362.3, 1878, -3361, 6038, 6256, -68220, 3648, -29361, 41236
6366.0, 1765, -3361, 6038, 6256, -68220, 3648, -29361, 41241
6370.3, 1981, -3114, 6069, 5896, -79779, 1421, -31636, 41241
6374.1, 1802, -3114, 6069, 5896, -79779, 1421, -31636, 41248
6378.3, 1837, -2858, 5977, 6112, -85340, 1771, -30708, 41248
6382.1, 1776, -2858, 5977, 6112, -85340, 1771, -30708, 41289
6385.8, 1643, -2858, 5977, 6112, -85340, 1771, -30708, 41301
6390.1, 1619, -2443, 5997, 6029, -87746, 1522, -28888, 41301
6393.8, 1543, -2443, 5997, 6029, -87746, 1522, -28888, 41249
6398.0, 2581, -2387, 5814, 6071, -93495, 5783, -29575, 41249
6401.7, 1988, -2387, 5814, 6071, -93495, 5783, -29575, 41306
6405.5, 1759, -2387, 5814, 6071, -93495, 5783, -29575, 41292
6409.7, 1902, -2753, 5500, 6711, -93429, 14783, -31391, 41292
6413.4, 1917, -2753, 5500, 6711, -93429, 14783, -31391, 41318
6419.2, 1825, -3225, 5052, 7214, -92593, 21459, -33145, 41319
6422.9, 1619, -3225, 5052, 7214, -92593, 21459, -33145, 41323
6428.6, 1819, -3225, 5052, 7214, -97218, 15614, -35411, 41339
6430.8, 1269, -3225, 5052, 7214, -97218, 15614, -35411, 41339
6433.2, 1610, -3225, 5052, 7214, -97218, 15614, -35411, 41339
6438.9, 2038, -4026, 4592, 5838, -103011, 6107, -36501, 41342
6441.2, 1260, -4026, 4592, 5838, -103011, 6107, -36501, 41342
6445.4, 1649, -4322, 4592, 5838, -103011, 6107, -36501, 41342
6449.1, 1514, -4322, 4592, 5838, -103011, 6107, -36501, 41348
6451.4, 1144, -4322, 4592, 5838, -103011, 6107, -36501, 41348
6455.6, 1547, -3869, 4713, 6604, -107906, 1242, -37713, 41348
6459.3, 1935, -3869, 4713, 6604, -107906, 1242, -37713, 41371
6461.6, 1376, -3869, 4713, 6604, -107906, 1242, -37713, 41371
6465.8, 1231, -3381, 4891, 6489, -108611, -3801, -38238, 41371
6469.5, 1590, -3381, 4891, 6489, -108611, -3801, -38238, 41381
6471.8, 1086, -3381, 4891, 6489, -108611, -3801, -38238, 41381
6476.0, 1387, -2928, 4917, 6794, -106392, 6798, -39056, 41381
6479.7, 1840, -2928, 4917, 6794, -106392, 6798, -39056, 41249
6484.0, 1553, -2732, 4531, 7409, -106392, 6798, -39056, 41249
6487.8, 1076, -2732, 4531, 7409, -106392, 6798, -39056, 41203
6491.5, 1668, -2732, 4531, 7409, -106392, 6798, -39056, 41220
6495.8, 2312, -3196, 4073, 8246, -101584, 16104, -41620, 41220
6499.5, 1315, -3196, 4073, 8246, -101584, 16104, -41620, 41205
6503.7, 1402, -3958, 3421, 7847, -101584, 16104, -41620, 41205
6507.5, 1663, -3958, 3421, 7847, -101584, 16104, -41620, 41197
6511.3, 1488, -3958, 3421, 7847, -101584, 16104, -41620, 41429
6515.5, 1492, -4707, 2456, 7652, -102949, 656, -39931, 41429
6519.3, 1440, -4707, 2456, 7652, -102949, 656, -39931, 41174
6523.5, 1514, -5118, 2583, 7779, -102949, 656, -39931, 41174
6527.2, 1398, -5118, 2583, 7779, -102949, 656, -39931, 41148
6531.0, 1688, -5118, 2583, 7779, -102949, 656, -39931, 41137
6535.2, 1336, -4584, 2683, 7618, -108501, -15570, -45133, 41137
6539.0, 1437, -4584, 2683, 7618, -108501, -15570, -45133, 41155
6543.2, 1463, -4077, 3167, 7962, -108501, -15570, -45133, 41155
6546.9, 1368, -4077, 3167, 7962, -108501, -15570, -45133, 41117
6550.6, 1822, -4077, 3167, 7962, -108501, -15570, -45133, 41102
6554.9, 1521, -3699, 3489, 7904, -111236, -13693, -46572, 41102
6558.6, 482, -3699, 3489, 7904, -111236, -13693, -46572, 41083
6562.8, 1659, -3346, 3269, 7700, -111236, -13693, -46572, 41083
6566.6, 1802, -3346, 3269, 7700, -111236, -13693, -46572, 41064
6568.8, 1668, -3346, 3269, 7700, -111236, -13693, -46572, 41064
6574.6, 1520, -3571, 2898, 8636, -97065, -1505, -44262, 41031
6578.3, 1417, -3571, 2898, 8636, -97065, -1505, -44262, 41012
6584.0, 1967, -4146, 2338, 9586, -97065, -1505, -44262, 40995
6586.2, 1832, -4146, 2338, 9586, -97065, -1505, -44262, 40995
6588.5, 1764, -4146, 2338, 9586, -97065, -1505, -44262, 40995
6594.2, 3251, -4610, 1193, 7658, -103234, 4344, -44748, 40983
6596.5, 3244, -4610, 1193, 7658, -103234, 4344, -44748, 40983
6600.7, 2777, -5003, 893, 7161, -102061, -4816, -47381, 40983
6604.5, 1733, -5003, 893, 7161, -102061, -4816, -47381, 40949
6606.7, 1130, -5003, 893, 7161, -102061, -4816, -47381, 40949
6611.0, 889, -5154, 1587, 9019, -97209, -12350, -48033, 40949
6614.8, 829, -5154, 1587, 9019, -97209, -12350, -48033, 40932
6617.0, 714, -5154, 1587, 9019, -97209, -12350, -48033, 40932
6622.8, 871, -4687, 1753, 8149, -104656, -13164, -48707, 40908
6626.5, 317, -4687, 1753, 8149, -104656, -13164, -48707, 40889
6630.8, 452, -4239, 1807, 7591, -105391, -16944, -50151, 40889
6634.5, 824, -4239, 1807, 7591, -105391, -16944, -50151, 40823
6636.8, 974, -4239, 1807, 7591, -105391, -16944, -50151, 40823
6641.0, 1141, -3906, 1891, 9011, -99130, -17329, -49902, 40823
6644.7, 1398, -3906, 1891, 9011, -99130, -17329, -49902, 40820
6649.0, 1052, -3600, 1247, 9503, -96759, -4497, -48462, 40820
6652.8, 1314, -3600, 1247, 9503, -96759, -4497, -48462, 40803
6656.5, 1454, -3600, 1247, 9503, -96759, -4497, -48462, 40759
6660.8, 1569, -3766, 24, 9020, -93044, 7332, -49608, 40759
6664.5, 1361, -3766, 24, 9020, -93044, 7332, -49608, 40752
6668.8, 1290, -4473, -425, 8679, -86998, 2782, -50680, 40752
6672.5, 1471, -4473, -425, 8679, -86998, 2782, -50680, 40700
6676.3, 1573, -4473, -425, 8679, -86998, 2782, -50680, 40663
6680.6, 1436, -5067, -652, 7537, -92537, -7096, -50571, 40663
6684.3, 1579, -5067, -652, 7537, -92537, -7096, -50571, 40688
6688.5, 1500, -4923, 54, 7895, -98285, -14043, -49893, 40688
6692.3, 1514, -4923, 54, 7895, -98285, -14043, -49893, 40664
6696.4, 1778, -4923, 54, 7895, -98285, -14043, -49893, 40646
6700.6, 1077, -4707, 870, 9229, -98268, -16078, -50116, 40646
6704.4, 654, -4707, 870, 9229, -98268, -16078, -50116, 40676
6708.6, 1429, -4600, 705, 9080, -98981, -12849, -50545, 40676
6712.3, 1726, -4600, 705, 9080, -98981, -12849, -50545, 40623
6716.1, 1518, -4600, 705, 9080, -98981, -12849, -50545, 40626
6720.4, 1428, -4515, -253, 8273, -94580, -6794, -51061, 40626
6724.2, 1470, -4515, -253, 8273, -94580, -6794, -51061, 40586
6728.4, 1286, -3997, -1157, 8158, -91736, -4130, -52605, 40586
6732.1, 1278, -3997, -1157, 8158, -91736, -4130, -52605, 40580
6737.9, 2011, -3525, -1553, 9221, -87059, -5438, -55204, 40566
6741.6, 1945, -3525, -1553, 9221, -87059, -5438, -55204, 40585
6745.9, 1688, -3396, -1392, 9035, -87225, -6580, -55296, 40585
6749.7, 1735, -3396, -1392, 9035, -87225, -6580, -55296, 40560
6751.9, 1392, -3396, -1392, 9035, -87225, -6580, -55296, 40560
6757.6, 1470, -3714, -1189, 7720, -92239, -5543, -53598, 40549
6761.4, 1717, -3714, -1189, 7720, -92239, -5543, -53598, 40544
6765.6, 1621, -4247, -697, 8248, -96059, -5131, -50772, 40544
6769.4, 1919, -4247, -697, 8248, -96059, -5131, -50772, 40541
6771.7, 1454, -4247, -697, 8248, -96059, -5131, -50772, 40541
6776.0, 1708, -4579, -459, 8690, -101042, -4313, -48471, 40541
6779.7, 1713, -4579, -459, 8690, -101042, -4313, -48471, 40563
6782.0, 1144, -4579, -459, 8690, -101042, -4313, -48471, 40563
6787.7, 1147, -5100, -1031, 9424, -99817, -2883, -47858, 40564
6791.4, 1324, -5100, -1031, 9424, -99817, -2883, -47858, 40569
6795.6, 1538, -5239, -2172, 9650, -91465, -1071, -49766, 40569
6799.4, 1650, -5239, -2172, 9650, -91465, -1071, -49766, 40563
6801.7, 1343, -5239, -2172, 9650, -91465, -1071, -49766, 40563
6806.0, 1886, -5007, -3408, 8499, -89054, -367, -57274, 40563
6809.7, 1841, -5007, -3408, 8499, -89054, -367, -57274, 40562
6813.9, 1722, -4465, -3527, 7986, -89793, -5569, -66540, 40562
6817.7, 1533, -4465, -3527, 7986, -89793, -5569, -66540, 40563
6821.4, 1385, -4465, -3527, 7986, -89793, -5569, -66540, 40561
6825.7, 1526, -3647, -3050, 8679, -87921, -12989, -70009, 40561
6829.5, 1411, -3647, -3050, 8679, -87921, -12989, -70009, 40563
6833.7, 1323, -2959, -2274, 8562, -88372, -15107, -65013, 40563
6837.4, 1257, -2959, -2274, 8562, -88372, -15107, -65013, 40545
6841.2, 1610, -2959, -2274, 8562, -88372, -15107, -65013, 40535
6845.4, 1966, -2693, -1920, 8107, -92064, -10626, -57221, 40535
6849.2, 2217, -2693, -1920, 8107, -92064, -10626, -57221, 40532
6853.4, 2192, -3037, -2075, 8747, -93967, -2861, -51385, 40532
6857.1, 1896, -3037, -2075, 8747, -93967, -2861, -51385, 40520
6860.9, 1563, -3037, -2075, 8747, -93967, -2861, -51385, 40516
6865.1, 1408, -3885, -2871, 9430, -92226, 6571, -47915, 40516
6868.8, 1500, -3885, -2871, 9430, -92226, 6571, -47915, 40506
6873.0, 1594, -4581, -4308, 8845, -90612, 8334, -47977, 40506
6876.8, 1314, -4581, -4308, 8845, -90612, 8334, -47977, 40515
6879.1, 1295, -4581, -4308, 8845, -90612, 8334, -47977, 40515
6884.9, 2202, -4779, -4711, 8658, -88004, -3618, -52859, 40519
6888.6, 1889, -4779, -4711, 8658, -88004, -3618, -52859, 40539
6892.9, 1840, -4066, -4207, 8259, -86420, -15360, -59934, 40539
6896.6, 1618, -4066, -4207, 8259, -86420, -15360, -59934, 40542
6898.9, 1468, -4066, -4207, 8259, -86420, -15360, -59934, 40542
6904.7, 2092, -3099, -3407, 8261, -85707, -19665, -64501, 40548
6908.4, 1725, -3099, -3407, 8261, -85707, -19665, -64501, 40564
6914.1, 720, -2716, -2949, 7907, -88376, -18690, -63346, 40564
6916.4, 739, -2716, -2949, 7907, -88376, -18690, -63346, 40564
6920.6, 2066, -2855, -3190, 8452, -84828, -14008, -56477, 40564
6924.3, 2589, -2855, -3190, 8452, -84828, -14008, -56477, 40549
6926.6, 1983, -2855, -3190, 8452, -84828, -14008, -56477, 40549
6930.8, 1650, -2947, -4118, 8263, -83148, -6343, -49092, 40549
6934.5, 1679, -2947, -4118, 8263, -83148, -6343, -49092, 40559
6936.8, 1318, -2947, -4118, 8263, -83148, -6343, -49092, 40559
6941.0, 1667, -3397, -5386, 7579, -81634, 2957, -46432, 40559
6944.7, 1681, -3397, -5386, 7579, -81634, 2957, -46432, 40541
6947.0, 1297, -3397, -5386, 7579, -81634, 2957, -46432, 40541
6952.8, 1817, -3896, -5979, 7272, -82356, 4458, -47990, 40529
6956.5, 1533, -3896, -5979, 7272, -82356, 4458, -47990, 40547
6960.8, 1577, -4134, -5584, 7695, -82850, 214, -50453, 40547
6964.5, 1610, -4134, -5584, 7695, -82850, 214, -50453, 40545
6966.8, 1328, -4134, -5584, 7695, -82850, 214, -50453, 40545
6971.0, 1547, -4027, -4646, 8199, -84775, -4003, -50991, 40545
6974.8, 1546, -4027, -4646, 8199, -84775, -4003, -50991, 40547
6979.0, 1975, -4027, -4646, 8199, -87081, -8360, -51258, 40547
6982.8, 1707, -4027, -4646, 8199, -87081, -8360, -51258, 40555
6986.5, 1172, -4027, -4646, 8199, -87081, -8360, -51258, 40542
6990.8, 1401, -3665, -3875, 8260, -87068, -11112, -52955, 40542
6994.5, 1621, -3665, -3875, 8260, -87068, -11112, -52955, 40543
6998.7, 1460, -3665, -3875, 8260, -82233, -7678, -55375, 40543
7002.5, 1410, -3665, -3875, 8260, -82233, -7678, -55375, 40542
7006.3, 1864, -3665, -3875, 8260, -82233, -7678, -55375, 40560
7010.5, 2411, -3097, -5611, 7821, -80706, -2336, -59054, 40560
7014.3, 1974, -3097, -5611, 7821, -80706, -2336, -59054, 40575
7018.5, 1728, -3097, -5611, 7821, -77495, -625, -61929, 40575
7022.3, 1816, -3097, -5611, 7821, -77495, -625, -61929, 40667
7026.0, 1564, -3097, -5611, 7821, -77495, -625, -61929, 40594
7030.2, 1601, -2629, -6945, 6637, -76410, -4016, -61001, 40594
7034.0, 1567, -2629, -6945, 6637, -76410, -4016, -61001, 40670
7038.2, 1732, -2629, -6945, 6637, -77167, -8054, -54793, 40670
7041.9, 1649, -2629, -6945, 6637, -77167, -8054, -54793, 40675
7045.6, 1645, -2629, -6945, 6637, -77167, -8054, -54793, 40687
7049.9, 1720, -2715, -5732, 6990, -79298, -9174, -45723, 40687
7053.6, 1657, -2715, -5732, 6990, -79298, -9174, -45723, 40724
7057.9, 1657, -2715, -5732, 6990, -82981, -6571, -39983, 40724
7061.6, 1608, -2715, -5732, 6990, -82981, -6571, -39983, 40717
7063.9, 1354, -2715, -5732, 6990, -82981, -6571, -39983, 40717
7069.6, 1564, -2756, -5340, 7853, -85773, -4112, -39970, 40745
7071.9, 1375, -2756, -5340, 7853, -85773, -4112, -39970, 40745
7077.6, 1723, -3196, -5510, 7853, -85773, -4112, -39970, 40748
7081.3, 1746, -3196, -5510, 7853, -85773, -4112, -39970, 40776
7085.6, 2168, -3400, -5721, 8223, -85283, -2948, -44625, 40776
7089.3, 1964, -3400, -5721, 8223, -85283, -2948, -44625, 40795
7091.6, 1482, -3400, -5721, 8223, -85283, -2948, -44625, 40795
7095.8, 1666, -3194, -6140, 7635, -87133, 1618, -53227, 40795
7099.5, 1565, -3194, -6140, 7635, -87133, 1618, -53227, 40806
7101.8, 1278, -3194, -6140, 7635, -87133, 1618, -53227, 40806
7106.0, 1757, -3163, -6661, 7164, -84635, 6461, -61727, 40806
7109.8, 1671, -3163, -6661, 7164, -84635, 6461, -61727, 40766
7112.0, 1415, -3163, -6661, 7164, -84635, 6461, -61727, 40766
7117.8, 1689, -3042, -7266, 6420, -80842, 4764, -64121, 40829
7121.5, 1482, -3042, -7266, 6420, -80842, 4764, -64121, 40829
7125.8, 1699, -2749, -7361, 5783, -82614, 918, -60262, 40829
7129.5, 1650, -2749, -7361, 5783, -82614, 918, -60262, 40834
7131.8, 1304, -2749, -7361, 5783, -82614, 918, -60262, 40834
7136.0, 1743, -2528, -6517, 6234, -83778, -2353, -52973, 40834
7139.7, 1952, -2528, -6517, 6234, -83778, -2353, -52973, 40824
7144.0, 1418, -2465, -6108, 6431, -86442, -1806, -46480, 40824
7147.7, 1864, -2465, -6108, 6431, -86442, -1806, -46480, 40829
7151.5, 2392, -2465, -6108, 6431, -86442, -1806, -46480, 40828
7155.7, 1846, -2686, -6569, 6748, -89273, 3591, -44030, 40828
7159.5, 1864, -2686, -6569, 6748, -89273, 3591, -44030, 40822
7163.7, 1507, -2924, -7521, 6980, -87619, 8211, -46213, 40822
7167.5, 1145, -2924, -7521, 6980, -87619, 8211, -46213, 40768
7171.2, 1188, -2924, -7521, 6980, -87619, 8211, -46213, 40828
7175.5, 2031, -2855, -8404, 6544, -81936, 9603, -57361, 40828
7179.3, 1909, -2855, -8404, 6544, -81936, 9603, -57361, 40840
7183.5, 2209, -2539, -8720, 5965, -79302, 5906, -57361, 40840
7187.3, 1460, -2539, -8720, 5965, -79302, 5906, -57361, 40852
7191.0, 1171, -2539, -8720, 5965, -79302, 5906, -57361, 40855
7195.3, 2151, -2015, -8361, 6114, -72455, -3360, -53905, 40855
7199.1, 2126, -2015, -8361, 6114, -72455, -3360, -53905, 40864
7203.3, 1918, -1317, -8073, 4944, -68194, -6798, -53905, 40864
7207.0, 2011, -1317, -8073, 4944, -68194, -6798, -53905, 40663
7210.8, 1821, -1317, -8073, 4944, -68194, -6798, -53905, 40871
7215.1, 1350, -1223, -7991, 4202, -66536, 9826, -40263, 40871
7218.9, 1158, -1223, -7991, 4202, -66536, 9826, -40263, 40868
7223.1, 1492, -1529, -8227, 4789, -65359, 9826, -40263, 40868
7226.9, 1847, -1529, -8227, 4789, -65359, 9826, -40263, 40860
7232.6, 2155, -2130, -8434, 5803, -66046, 17649, -35993, 40871
7236.3, 1584, -2130, -8434, 5803, -66046, 17649, -35993, 40833
7240.6, 1734, -2982, -8748, 6540, -67144, 21267, -34423, 40833
7244.4, 1842, -2982, -8748, 6540, -67144, 21267, -34423, 40823
7246.6, 1608, -2982, -8748, 6540, -67144, 21267, -34423, 40823
7250.9, 1444, -3693, -8736, 6546, -69436, 20685, -35866, 40823
7254.6, 1437, -3693, -8736, 6546, -69436, 20685, -35866, 40796
7256.9, 1266, -3693, -8736, 6546, -69436, 20685, -35866, 40796
7262.6, 1662, -4106, -8815, 6788, -68351, 13908, -39541, 40786
7266.3, 1683, -4106, -8815, 6788, -68351, 13908, -39541, 40737
7270.6, 1674, -3937, -8521, 6497, -66229, 6243, -42188, 40737
7274.4, 1529, -3937, -8521, 6497, -66229, 6243, -42188, 40708
7276.6, 1365, -3937, -8521, 6497, -66229, 6243, -42188, 40708
7280.9, 1910, -3358, -8316, 6136, -67957, 756, -44205, 40708
7284.6, 1648, -3358, -8316, 6136, -67957, 756, -44205, 40672
7286.9, 1439, -3358, -8316, 6136, -67957, 756, -44205, 40672
7292.6, 1660, -2889, -7905, 6816, -68846, -6833, -44791, 40643
7296.3, 1589, -2889, -7905, 6816, -68846, -6833, -44791, 40644
7300.6, 1258, -2550, -7857, 6633, -71593, -10924, -43247, 40644
7304.4, 1823, -2550, -7857, 6633, -71593, -10924, -43247, 40640
7308.6, 2176, -2492, -8079, 6605, -74529, -11217, -40714, 40640
7312.3, 1879, -2492, -8079, 6605, -74529, -11217, -40714, 40578
7316.1, 1758, -2492, -8079, 6605, -74529, -11217, -40714, 40627
7320.3, 1680, -2417, -8721, 6161, -74800, -11519, -38522, 40627
7324.1, 1606, -2417, -8721, 6161, -74800, -11519, -38522, 40653
7328.3, 1687, -2286, -9055, 5090, -74061, -7848, -36579, 40653
7332.0, 1640, -2286, -9055, 5090, -74061, -7848, -36579, 40608
7335.7, 1689, -2286, -9055, 5090, -74061, -7848, -36579, 40604
7340.0, 1733, -2333, -9142, 4508, -74148, -5875, -35595, 40604
7343.7, 1536, -2333, -9142, 4508, -74148, -5875, -35595, 40609
7347.9, 1477, -2392, -8639, 4642, -72591, -8583, -34248, 40609
7351.7, 1574, -2392, -8639, 4642, -72591, -8583, -34248, 40601
7354.0, 1380, -2392, -8639, 4642, -72591, -8583, -34248, 40601
7359.8, 1970, -2119, -8344, 4037, -71943, -6934, -30984, 40586
7363.5, 1607, -2119, -8344, 4037, -71943, -6934, -30984, 40634
7367.7, 1370, -1920, -8940, 4875, -69244, -4436, -28052, 40634
7371.5, 1262, -1920, -8940, 4875, -69244, -4436, -28052, 40591
7373.8, 1201, -1920, -8940, 4875, -69244, -4436, -28052, 40591
7379.6, 2214, -1284, -9473, 4144, -67691, -6435, -28783, 40587
7383.3, 1938, -1284, -9473, 4144, -67691, -6435, -28783, 40589
7389.1, 1750, -931, -9607, 3765, -66693, -9073, -32239, 40604
7392.8, 1580, -931, -9607, 3765, -66693, -9073, -32239, 40610
7398.5, 1576, -778, -9573, 3414, -64877, -9922, -32476, 40643
7400.7, 1286, -778, -9573, 3414, -64877, -9922, -32476, 40643
7403.0, 1266, -778, -9573, 3414, -64877, -9922, -32476, 40643
7408.7, 1267, -781, -9685, 2757, -64558, -6391, -28009, 40632
7410.9, 1138, -781, -9685, 2757, -64558, -6391, -28009, 40632
7415.2, 2173, -1287, -9703, 3287, -62042, -3320, -21560, 40632
7419.0, 1650, -1287, -9703, 3287, -62042, -3320, -21560, 40651
7421.2, 1448, -1287, -9703, 3287, -62042, -3320, -21560, 40651
7425.5, 1652, -1501, -9806, 3393, -59737, -2502, -18090, 40651
7429.2, 1600, -1501, -9806, 3393, -59737, -2502, -18090, 40642
7431.5, 1386, -1501, -9806, 3393, -59737, -2502, -18090, 40642
7435.7, 2403, -1677, -9832, 3718, -57055, -1679, -19407, 40642
7439.4, 2094, -1677, -9832, 3718, -57055, -1679, -19407, 40652
7441.7, 1391, -1677, -9832, 3718, -57055, -1679, -19407, 40652
7445.9, 1503, -1747, -10091, 3297, -55042, -1063, -22089, 40652
7449.6, 1539, -1747, -10091, 3297, -55042, -1063, -22089, 40678
7451.9, 1199, -1747, -10091, 3297, -55042, -1063, -22089, 40678
7457.6, 1637, -1691, -10153, 4034, -50348, -594, -22907, 40679
7461.3, 1566, -1691, -10153, 4034, -50348, -594, -22907, 40871
7465.6, 1851, -1542, -9859, 4045, -47732, -4812, -22177, 40871
7469.4, 1543, -1542, -9859, 4045, -47732, -4812, -22177, 40744
7473.6, 1246, -1549, -9457, 4119, -45715, -9366, -21096, 40744
7477.3, 1451, -1549, -9457, 4119, -45715, -9366, -21096, 40760
7481.1, 1699, -1549, -9457, 4119, -45715, -9366, -21096, 40785
7485.3, 1968, -1569, -9514, 4416, -45006, -11900, -19941, 40785
7489.1, 1750, -1569, -9514, 4416, -45006, -11900, -19941, 40834
7493.3, 1775, -1450, -9688, 4350, -43685, -12416, -18270, 40834
7497.0, 1667, -1450, -9688, 4350, -43685, -12416, -18270, 40835
7500.8, 1725, -1450, -9688, 4350, -43685, -12416, -18270, 40849
7505.0, 1397, -1291, -9671, 3909, -42066, -9682, -15728, 40849
7508.7, 1381, -1291, -9671, 3909, -42066, -9682, -15728, 40856
7512.9, 1630, -1325, -9463, 3700, -39765, -5919, -14315, 40856
7516.6, 1698, -1325, -9463, 3700, -39765, -5919, -14315, 40875
7518.9, 1206, -1325, -9463, 3700, -39765, -5919, -14315, 40875
7524.7, 2064, -1269, -9347, 3793, -37166, -3338, -14240, 40860
7528.4, 2004, -1269, -9347, 3793, -37166, -3338, -14240, 40874
7534.1, 1672, -1162, -9437, 3662, -34689, -201, -14109, 40865
7537.8, 1566, -1162, -9437, 3662, -34689, -201, -14109, 40896
7543.5, 1921, -1040, -9540, 3340, -32559, 1115, -13737, 40902
7547.3, 1711, -1040, -9540, 3340, -32559, 1115, -13737, 40919
7553.0, 1727, -985, -9548, 3499, -29334, -2060, -13015, 40929
7556.7, 1589, -985, -9548, 3499, -29334, -2060, -13015, 40941
7562.5, 1665, -985, -9548, 3008, -28647, -4388, -10885, 40967
7566.2, 1719, -985, -9548, 3008, -28647, -4388, -10885, 40978
7568.5, 1285, -985, -9548, 3008, -28647, -4388, -10885, 40978
7574.2, 2010, -1099, -9500, 3064, -27650, -3189, -8141, 41003
7576.5, 1627, -1099, -9500, 3064, -27650, -3189, -8141, 41003
7580.8, 2078, -1099, -9874, 3501, -25147, -787, -6343, 41003
7584.6, 1699, -1099, -9874, 3501, -25147, -787, -6343, 41026
7586.9, 1201, -1099, -9874, 3501, -25147, -787, -6343, 41026
7592.6, 1460, -1088, -10214, 3260, -22255, -1172, -6860, 41031
7596.3, 1671, -1088, -10214, 3260, -22255, -1172, -6860, 41051
7600.6, 1927, -1088, -10106, 2575, -20475, -4221, -8750, 41051
7604.4, 2109, -1088, -10106, 2575, -20475, -4221, -8750, 41063
7606.6, 1545, -1088, -10106, 2575, -20475, -4221, -8750, 41063
7610.9, 1885, -719, -9836, 2490, -17167, -6755, -9507, 41063
7614.6, 1576, -719, -9836, 2490, -17167, -6755, -9507, 42008
7618.9, 1876, -719, -9836, 2490, -17167, -6755, -9507, 42008
7622.6, 2051, -719, -9836, 2490, -17167, -6755, -9507, 42032
7626.3, 2043, -719, -9836, 2490, -17167, -6755, -9507, 42053
7630.6, 2048, -806, -10475, 2123, -12727, 2169, -1811, 42053
7634.4, 1897, -806, -10475, 2123, -12727, 2169, -1811, 42087
7638.6, 1459, -806, -10475, 2123, -12727, 2169, -1811, 42087
7642.3, 1425, -806, -10475, 2123, -12727, 2169, -1811, 42084
7646.1, 1512, -806, -10475, 2123, -12727, 2169, -1811, 42101
7650.3, 2532, -1481, -9829, 3166, -6470, 1854, -1710, 42101
7654.1, 2494, -1481, -9829, 3166, -6470, 1854, -1710, 42108
7658.3, 1934, -1481, -9829, 3166, -6470, 1854, -1710, 42108
7662.0, 1708, -1481, -9829, 3166, -6470, 1854, -1710, 42147
7665.7, 1552, -1481, -9829, 3166, -6470, 1854, -1710, 42145
7670.0, 1515, -1252, -10254, 3294, -1697, -5818, -2673, 42145
7673.7, 1590, -1252, -10254, 3294, -1697, -5818, -2673, 42165
7677.9, 2258, -1252, -10254, 3294, -1697, -5818, -2673, 42165
7681.7, 1829, -1252, -10254, 3294, -1697, -5818, -2673, 42175
7684.0, 775, -1252, -10254, 3294, -1697, -5818, -2673, 42175
7689.8, 1698, -713, -9722, 2875, 4436, -15496, 1141, 42191
7693.5, 2054, -713, -9722, 2875, 4436, -15496, 1141, 42184
7697.7, 1963, -713, -9722, 2875, 4436, -15496, 1141, 42184
7701.5, 1553, -713, -9722, 2875, 4436, -15496, 1141, 42180
7703.8, 567, -713, -9722, 2875, 4436, -15496, 1141, 42180
7709.6, 2392, -772, -10012, 2756, 8032, -1063, 7341, 42184
7713.3, 2369, -772, -10012, 2756, 8032, -1063, 7341, 42182
7719.0, 1138, -772, -10012, 2756, 8032, -1063, 7341, 42208
7721.3, 878, -772, -10012, 2756, 8032, -1063, 7341, 42208
7723.5, 1218, -772, -10012, 2756, 8032, -1063, 7341, 42208
7729.2, 1731, -1412, -10194, 3245, 11427, -441, 8220, 42154
7731.5, 980, -1412, -10194, 3245, 11427, -441, 8220, 42154
7735.7, 1809, -1884, -10279, 3043, 16927, -441, 8220, 42154
7739.5, 1474, -1884, -10279, 3043, 16927, -441, 8220, 42156
7741.7, 1110, -1884, -10279, 3043, 16927, -441, 8220, 42156
7745.9, 1978, -1945, -10106, 3254, 23695, -6956, 10058, 42156
7749.6, 1535, -1945, -10106, 3254, 23695, -6956, 10058, 42138
7751.9, 880, -1945, -10106, 3254, 23695, -6956, 10058, 42138
7757.6, 2277, -1729, -10040, 3463, 31964, -17163, 12888, 42158
7761.3, 2162, -1729, -10040, 3463, 31964, -17163, 12888, 42070
7765.5, 1522, -1313, -9940, 3485, 37656, -24097, 15824, 42070
7769.3, 1071, -1313, -9940, 3485, 37656, -24097, 15824, 42110
7771.5, 794, -1313, -9940, 3485, 37656, -24097, 15824, 42110
7775.8, 2165, -1019, -10243, 3098, 44468, -25213, 19197, 42110
7779.6, 1334, -1019, -10243, 3098, 44468, -25213, 19197, 42096
7783.8, 2071, -1188, -10366, 3396, 52452, -23266, 21735, 42096
7787.5, 1636, -1188, -10366, 3396, 52452, -23266, 21735, 42076
7791.3, 1109, -1188, -10366, 3396, 52452, -23266, 21735, 42080
7795.5, 1582, -1441, -9937, 3384, 56897, -19044, 24408, 42080
7799.3, 2350, -1441, -9937, 3384, 56897, -19044, 24408, 42059
7803.5, 2203, -1792, -9692, 3890, 61539, -16340, 27226, 42059
7807.2, 987, -1792, -9692, 3890, 61539, -16340, 27226, 42040
7811.0, 2359, -1792, -9692, 3890, 61539, -16340, 27226, 42023
7815.3, 1547, -1866, -9727, 4061, 66942, -14127, 30726, 42023
7819.0, 1267, -1866, -9727, 4061, 66942, -14127, 30726, 41999
7823.3, 912, -1954, -10065, 4366, 74144, -11677, 35245, 41999
7827.0, 1323, -1954, -10065, 4366, 74144, -11677, 35245, 41982
7830.7, 1741, -1954, -10065, 4366, 74144, -11677, 35245, 41965
7835.0, 2005, -1847, -10069, 4574, 80860, -12958, 38268, 41965
7838.7, 2000, -1847, -10069, 4574, 80860, -12958, 38268, 41924
7842.9, 2081, -1843, -9790, 4610, 86293, -12665, 40692, 41924
7846.7, 732, -1843, -9790, 4610, 86293, -12665, 40692, 41904
7849.0, 261, -1843, -9790, 4610, 86293, -12665, 40692, 41904
7854.8, 1354, -1826, -9811, 4557, 91272, -8373, 44704, 41883
7858.5, 1948, -1826, -9811, 4557, 91272, -8373, 44704, 41849
7862.7, 2085, -1953, -9759, 4751, 96693, -4375, 49464, 41849
7866.5, 2108, -1953, -9759, 4751, 96693, -4375, 49464, 41802
7868.8, 1378, -1953, -9759, 4751, 96693, -4375, 49464, 41802
7874.6, 1129, -2171, -9791, 5563, 101379, -4029, 53104, 41816
7878.3, 1056, -2171, -9791, 5563, 101379, -4029, 53104, 41801
7884.0, 1900, -2227, -9767, 5778, 105653, -4641, 55257, 41783
7886.3, 1448, -2227, -9767, 5778, 105653, -4641, 55257, 41783
7888.6, 1559, -2227, -9767, 5778, 105653, -4641, 55257, 41783
7894.3, 1122, -2289, -9685, 5935, 108580, -5166, 56735, 41789
7896.6, 1082, -2289, -9685, 5935, 108580, -5166, 56735, 41789
7900.8, 1825, -2307, -9597, 6181, 112347, -6741, 58612, 41789
7904.6, 1116, -2307, -9597, 6181, 112347, -6741, 58612, 41752
7906.9, 1339, -2307, -9597, 6181, 112347, -6741, 58612, 41752
7912.6, 1586, -2380, -9622, 6279, 115436, -7122, 61299, 41740
7916.4, 1910, -2380, -9622, 6279, 115436, -7122, 61299, 41729
7920.6, 2440, -2653, -9559, 6582, 118971, -7914, 64672, 41729
7924.4, 1158, -2653, -9559, 6582, 118971, -7914, 64672, 41716
7926.6, 360, -2653, -9559, 6582, 118971, -7914, 64672, 41716
7930.9, 1279, -2877, -9058, 6482, 121766, -9611, 68176, 41716
7934.7, 2337, -2877, -9058, 6482, 121766, -9611, 68176, 41699
7938.9, 1642, -3007, -8788, 6576, 123985, -11712, 71598, 41699
7942.6, 969, -3007, -8788, 6576, 123985, -11712, 71598, 41649
7946.4, 1339, -3007, -8788, 6576, 123985, -11712, 71598, 41688
7950.6, 1585, -2829, -8885, 6759, 128605, -14735, 73006, 41688
7954.4, 2018, -2829, -8885, 6759, 128605, -14735, 73006, 41676
7958.6, 1618, -2709, -8648, 6612, 131282, -15032, 73273, 41676
7962.3, 1314, -2709, -8648, 6612, 131282, -15032, 73273, 41651
7966.1, 2411, -2709, -8648, 6612, 131282, -15032, 73273, 41617
7970.3, 2133, -2706, -8385, 6372, 132057, -10998, 74459, 41617
7974.0, 1244, -2706, -8385, 6372, 132057, -10998, 74459, 41654
7978.3, 820, -2857, -8219, 7393, 136055, -8299, 77386, 41654
7982.0, 1268, -2857, -8219, 7393, 136055, -8299, 77386, 41647
7985.7, 1391, -2857, -8219, 7393, 136055, -8299, 77386, 41674
7990.0, 1200, -2862, -8127, 7286, 138230, -10198, 80615, 41674
7993.7, 1302, -2862, -8127, 7286, 138230, -10198, 80615, 41673
7998.0, 2392, -2708, -7903, 7009, 139735, -8815, 83310, 41673
8001.7, 2359, -2708, -7903, 7009, 139735, -8815, 83310, 41620
8004.0, 1416, -2708, -7903, 7009, 139735, -8815, 83310, 41620
8009.7, 986, -2717, -7692, 7692, 140229, -5411, 84434, 41630
8013.5, 1807, -2717, -7692, 7692, 140229, -5411, 84434, 41621
8017.7, 2451, -2839, -7279, 7604, 141870, -4825, 84727, 41621
8021.5, 1506, -2839, -7279, 7604, 141870, -4825, 84727, 41628
8023.8, 970, -2839, -7279, 7604, 141870, -4825, 84727, 41628
8029.5, 1666, -2968, -7168, 7068, 142902, -4431, 85256, 41618
8033.2, 1070, -2968, -7168, 7068, 142902, -4431, 85256, 41612
8038.9, 932, -3178, -6927, 7804, 143283, -3189, 86836, 41622
8041.2, 986, -3178, -6927, 7804, 143283, -3189, 86836, 41622
8043.5, 1923, -3178, -6927, 7804, 143283, -3189, 86836, 41622
8049.2, 1802, -3209, -6683, 7468, 143344, -2191, 88428, 41602
8051.5, 1174, -3209, -6683, 7468, 143344, -2191, 88428, 41602
8055.7, 2242, -3176, -6634, 7825, 143344, 13, 89566, 41602
8059.5, 1009, -3176, -6634, 7825, 143344, 13, 89566, 41592
8061.7, 741, -3176, -6634, 7825, 143344, 13, 89566, 41592
8066.0, 892, -3087, -6466, 8193, 143344, 271, 89640, 41592
8069.7, 1138, -3087, -6466, 8193, 143344, 271, 89640, 41588
8072.0, 944, -3087, -6466, 8193, 143344, 271, 89640, 41588
8077.7, 2379, -3182, -6116, 8125, 143344, -726, 89163, 41587
8081.4, 1944, -3182, -6116, 8125, 143344, -726, 89163, 41574
8085.7, 1728, -3168, -5970, 8003, 143344, 245, 88748, 41574
8089.5, 1075, -3168, -5970, 8003, 143344, 245, 88748, 41592
8091.7, 996, -3168, -5970, 8003, 143344, 245, 88748, 41592
8096.0, 1938, -3018, -5465, 8307, 143344, 2056, 87772, 41592
8100.1, 2340, -3018, -5465, 8307, 143344, 2056, 87772, 41561
8104.3, 1840, -3123, -5291, 8190, 142819, 3106, 86766, 41561
8108.1, 813, -3123, -5291, 8190, 142819, 3106, 86766, 41553
8111.8, 955, -3123, -5291, 8190, 142819, 3106, 86766, 41548
8117.6, 1667, -3309, -4761, 7964, 142977, 5026, 86543, 41538
8121.3, 1904, -3309, -4761, 7964, 142977, 5026, 86543, 41532
8125.6, 2065, -3477, -4496, 8050, 141660, 7481, 86967, 41532
8129.4, 1781, -3477, -4496, 8050, 141660, 7481, 86967, 41473
8133.6, 1321, -3745, -4386, 8349, 142469, 10561, 86377, 41473
8137.3, 1276, -3745, -4386, 8349, 142469, 10561, 86377, 41521
8141.1, 2458, -3745, -4386, 8349, 142469, 10561, 86377, 41502
8145.4, 1546, -3759, -4234, 8027, 141126, 12171, 83695, 41502
8149.1, 1501, -3759, -4234, 8027, 141126, 12171, 83695, 41503
8153.3, 1500, -3784, -4076, 8134, 141581, 10333, 79044, 41503
8157.0, 816, -3784, -4076, 8134, 141581, 10333, 79044, 41387
8160.7, 1424, -3784, -4076, 8134, 141581, 10333, 79044, 41382
8165.0, 1949, -3544, -3611, 8300, 141892, 9008, 74231, 41382
8168.7, 1880, -3544, -3611, 8300, 141892, 9008, 74231, 41390
8172.9, 2019, -3212, -3198, 7812, 139866, 12070, 70491, 41390
8176.7, 1332, -3212, -3198, 7812, 139866, 12070, 70491, 41358
8179.0, 901, -3212, -3198, 7812, 139866, 12070, 70491, 41358
8184.8, 2236, -3086, -2848, 7577, 135723, 16113, 68627, 41376
8188.5, 1649, -3086, -2848, 7577, 135723, 16113, 68627, 41373
8192.7, 2006, -3180, -2461, 7833, 131960, 19263, 68885, 41373
8196.5, 1313, -3180, -2461, 7833, 131960, 19263, 68885, 41387
8198.7, 1016, -3180, -2461, 7833, 131960, 19263, 68885, 41387
8204.5, 940, -3478, -2250, 8057, 130508, 20046, 69708, 41402
8206.7, 745, -3478, -2250, 8057, 130508, 20046, 69708, 41402
8211.0, 2950, -3478, -2250, 8057, 125437, 19714, 68706, 41402
8214.7, 1598, -3478, -2250, 8057, 125437, 19714, 68706, 41395
8217.0, 1142, -3478, -2250, 8057, 125437, 19714, 68706, 41395
8222.7, 2529, -3638, -1930, 7757, 122191, 20204, 64650, 41412
8226.4, 1439, -3638, -1930, 7757, 122191, 20204, 64650, 41366
8230.7, 364, -3683, -1712, 8289, 119391, 22702, 59137, 41366
8234.4, 1535, -3683, -1712, 8289, 119391, 22702, 59137, 41400
8236.7, 2703, -3683, -1712, 8289, 119391, 22702, 59137, 41400
8240.9, 2675, -3476, -1426, 8179, 113183, 21857, 52548, 41400
8244.6, 1335, -3476, -1426, 8179, 113183, 21857, 52548, 41369
8246.9, 758, -3476, -1426, 8179, 113183, 21857, 52548, 41369
8252.6, 1205, -3434, -1133, 7908, 116578, 18195, 49057, 41431
8256.3, 192, -3434, -1133, 7908, 116578, 18195, 49057, 41436
8260.6, 1374, -3662, -1133, 7908, 116495, 20120, 49525, 41436
8264.4, 3212, -3662, -1133, 7908, 116495, 20120, 49525, 41432
8266.7, 2575, -3662, -1133, 7908, 116495, 20120, 49525, 41432
8270.9, 1997, -3728, -1208, 7252, 108908, 24054, 48182, 41432
8274.6, 1439, -3728, -1208, 7252, 108908, 24054, 48182, 41450
8278.8, 1744, -3728, -1208, 7252, 108908, 24054, 48182, 41450
8282.6, 1006, -3728, -1208, 7252, 108908, 24054, 48182, 41444
8286.4, 1076, -3728, -1208, 7252, 108908, 24054, 48182, 41407
8290.6, 1966, -3586, -1052, 8353, 110719, 21888, 44997, 41407
8294.4, 1152, -3586, -1052, 8353, 110719, 21888, 44997, 41460
8298.6, 1747, -3587, -1052, 8353, 110719, 21888, 44997, 41460
8302.3, 1751, -3587, -1052, 8353, 110719, 21888, 44997, 41460
8306.1, 1764, -3587, -1052, 8353, 110719, 21888, 44997, 41459
8310.4, 2231, -3098, -253, 7841, 101392, 11331, 38391, 41459
8314.1, 2213, -3098, -253, 7841, 101392, 11331, 38391, 41497
8318.3, 1431, -3098, -253, 7841, 101392, 11331, 38391, 41497
8322.0, 964, -3098, -253, 7841, 101392, 11331, 38391, 41456
8325.7, 1962, -3098, -253, 7841, 101392, 11331, 38391, 41451
8330.0, 2239, -2840, 297, 8252, 98627, 5586, 38360, 41451
8333.7, 1625, -2840, 297, 8252, 98627, 5586, 38360, 41468
8337.9, 1118, -3004, 297, 8252, 98627, 5586, 38360, 41468
8341.7, 1667, -3004, 297, 8252, 98627, 5586, 38360, 41459
8344.0, 1334, -3004, 297, 8252, 98627, 5586, 38360, 41459
8349.7, 1436, -3251, 231, 7263, 90717, 8828, 41803, 41464
8353.4, 1947, -3251, 231, 7263, 90717, 8828, 41803, 41499
8359.1, 1483, -3626, 231, 7263, 86547, 10364, 40220, 41469
8362.8, 984, -3626, 231, 7263, 86547, 10364, 40220, 41464
8368.5, 2819, -3904, 330, 7649, 86547, 10364, 40220, 41471
8370.8, 2157, -3904, 330, 7649, 86547, 10364, 40220, 41471
8373.0, 1645, -3904, 330, 7649, 86547, 10364, 40220, 41471
8378.8, 1310, -4211, 711, 8267, 87007, 11655, 38719, 41448
8381.0, 435, -4211, 711, 8267, 87007, 11655, 38719, 41448
8383.3, 1013, -4211, 711, 8267, 87007, 11655, 38719, 41448
8389.0, 1160, -4600, 522, 8488, 86385, 10504, 36129, 41485
8391.3, 818, -4600, 522, 8488, 86385, 10504, 36129, 41485
8395.5, 2820, -4365, 416, 7957, 85252, 5425, 31483, 41485
8399.3, 2266, -4365, 416, 7957, 85252, 5425, 31483, 41488
8401.6, 891, -4365, 416, 7957, 85252, 5425, 31483, 41488
8405.9, 1404, -4086, 516, 8014, 83218, -1141, 26202, 41488
8409.6, 2285, -4086, 516, 8014, 83218, -1141, 26202, 41475
8411.9, 1369, -4086, 516, 8014, 83218, -1141, 26202, 41475
8417.6, 1429, -3916, 838, 7822, 82925, -6365, 23205, 41498
8421.3, 820, -3916, 838, 7822, 82925, -6365, 23205, 41476
8425.6, 1252, -3900, 1164, 8212, 84845, -3976, 24285, 41476
8429.4, 1287, -3900, 1164, 8212, 84845, -3976, 24285, 41459
8433.6, 3215, -3792, 1284, 7935, 82732, 319, 25301, 41459
8437.3, 1607, -3792, 1284, 7935, 82732, 319, 25301, 41444
8441.1, 1118, -3792, 1284, 7935, 82732, 319, 25301, 41443
8445.3, 659, -3614, 1397, 7989, 81770, 1513, 24736, 41443
8449.1, 1651, -3614, 1397, 7989, 81770, 1513, 24736, 41431
8453.3, 2789, -3747, 1785, 8417, 85130, 2485, 25086, 41431
8457.0, 1257, -3747, 1785, 8417, 85130, 2485, 25086, 41424
8460.8, 1860, -3747, 1785, 8417, 85130, 2485, 25086, 41412
8465.0, 1241, -3984, 1894, 7259, 78755, 1032, 25926, 41412
8468.7, 1114, -3984, 1894, 7259, 78755, 1032, 25926, 41417
8473.0, 2332, -4226, 2337, 7717, 80593, -2541, 27471, 41417
8476.8, 2309, -4226, 2337, 7717, 80593, -2541, 27471, 41408
8480.5, 1273, -4226, 2337, 7717, 80593, -2541, 27471, 41414
8484.8, 1427, -4390, 2730, 8144, 80606, -4466, 27764, 41414
8488.5, 725, -4390, 2730, 8144, 80606, -4466, 27764, 41420
8492.8, 2333, -4376, 2734, 7246, 76043, -6146, 25716, 41420
8496.5, 2255, -4376, 2734, 7246, 76043, -6146, 25716, 41390
8498.8, 1776, -4376, 2734, 7246, 76043, -6146, 25716, 41390
8504.6, 2054, -4237, 2966, 7121, 76200, -8566, 22527, 41390
8508.3, 1379, -4237, 2966, 7121, 76200, -8566, 22527, 41388
8514.0, 995, -4164, 3335, 7339, 76165, -6864, 20234, 41399
8517.8, 2079, -4164, 3335, 7339, 76165, -6864, 20234, 41376
8523.5, 1933, -4205, 3472, 7484, 74183, -3793, 19399, 41382
8525.7, 2234, -4205, 3472, 7484, 74183, -3793, 19399, 41382
8528.0, 2319, -4205, 3472, 7484, 74183, -3793, 19399, 41382
8533.7, 1792, -4141, 3765, 7674, 72481, -3010, 19836, 41364
8535.9, 809, -4141, 3765, 7674, 72481, -3010, 19836, 41364
8538.2, 681, -4141, 3765, 7674, 72481, -3010, 19836, 41364
8543.9, 1477, -4268, 3825, 8022, 69992, -4147, 18576, 41369
8546.2, 1552, -4268, 3825, 8022, 69992, -4147, 18576, 41369
8550.5, 1877, -4749, 4154, 8142, 70744, -6527, 18983, 41369
8554.2, 1796, -4749, 4154, 8142, 70744, -6527, 18983, 41354
8556.5, 1129, -4749, 4154, 8142, 70744, -6527, 18983, 41354
8560.7, 1456, -4858, 3588, 6937, 65717, -8544, 20615, 41354
8564.4, 1928, -4858, 3588, 6937, 65717, -8544, 20615, 41349
8566.7, 1579, -4858, 3588, 6937, 65717, -8544, 20615, 41349
8570.9, 1641, -4734, 3667, 7043, 66238, -10377, 20444, 41349
8574.6, 1537, -4734, 3667, 7043, 66238, -10377, 20444, 41354
8576.9, 984, -4734, 3667, 7043, 66238, -10377, 20444, 41354
8582.6, 1812, -4123, 3935, 6918, 64842, -12175, 17285, 41366
8586.3, 2218, -4123, 3935, 6918, 64842, -12175, 17285, 41336
8590.6, 2282, -4212, 4283, 7292, 65818, -9323, 13103, 41336
8594.4, 1757, -4212, 4283, 7292, 65818, -9323, 13103, 41305
8598.6, 1232, -4218, 4432, 7566, 65691, -2760, 12836, 41305
8602.3, 1870, -4218, 4432, 7566, 65691, -2760, 12836, 41320
8606.1, 1726, -4218, 4432, 7566, 65691, -2760, 12836, 41326
8610.3, 770, -4179, 3857, 7133, 62322, -1360, 13532, 41326
8614.1, 2038, -4179, 3857, 7133, 62322, -1360, 13532, 41314
8618.3, 1375, -4538, 4134, 7068, 64142, -4016, 13593, 41314
8622.0, 1384, -4538, 4134, 7068, 64142, -4016, 13593, 41263
8625.7, 2379, -4538, 4134, 7068, 64142, -4016, 13593, 41305
8630.0, 1319, -4262, 4039, 6737, 60030, -1898, 13133, 41305
8633.7, 2339, -4262, 4039, 6737, 60030, -1898, 13133, 41303
8637.9, 2019, -4159, 4083, 6889, 57287, -1924, 10014, 41303
8641.7, 1361, -4159, 4083, 6889, 57287, -1924, 10014, 41296
8644.0, 961, -4159, 4083, 6889, 57287, -1924, 10014, 41296
8649.8, 1461, -4280, 4531, 6591, 59457, -4943, 7826, 41305
8653.5, 2160, -4280, 4531, 6591, 59457, -4943, 7826, 41290
8657.7, 1371, -4231, 4638, 6528, 55563, -2467, 7105, 41290
8661.5, 2245, -4231, 4638, 6528, 55563, -2467, 7105, 41291
8663.8, 977, -4231, 4638, 6528, 55563, -2467, 7105, 41291
8669.6, 1258, -3854, 4644, 6704, 52115, -2165, 5858, 41295
8673.3, 2372, -3854, 4644, 6704, 52115, -2165, 5858, 41283
8679.0, 1950, -3808, 4885, 7253, 52133, -2848, 4217, 41287
8682.8, 1457, -3808, 4885, 7253, 52133, -2848, 4217, 41285
8688.5, 1484, -3844, 4878, 6899, 47749, -1763, 3460, 41284
8690.7, 1214, -3844, 4878, 6899, 47749, -1763, 3460, 41284
8693.0, 801, -3844, 4878, 6899, 47749, -1763, 3460, 41284
8698.7, 1813, -3696, 4869, 6840, 45036, 314, 4379, 41286
8700.9, 1673, -3696, 4869, 6840, 45036, 314, 4379, 41286
8703.2, 1791, -3696, 4869, 6840, 45036, 314, 4379, 41286
8708.9, 1401, -3475, 4817, 7186, 42372, -131, 5508, 41340
8711.2, 1090, -3475, 4817, 7186, 42372, -131, 5508, 41340
8715.4, 1501, -3513, 4977, 7040, 38811, -1544, 5915, 41340
8719.2, 1309, -3513, 4977, 7040, 38811, -1544, 5915, 41341
8721.5, 980, -3513, 4977, 7040, 38811, -1544, 5915, 41341
8725.7, 2462, -3789, 5182, 6876, 37529, -3167, 6387, 41341
8729.4, 2521, -3789, 5182, 6876, 37529, -3167, 6387, 41350
8731.7, 1436, -3789, 5182, 6876, 37529, -3167, 6387, 41350
8735.9, 466, -3903, 5246, 6282, 33635, -5053, 6895, 41350
8739.6, 2186, -3903, 5246, 6282, 33635, -5053, 6895, 41360
8741.9, 2522, -3903, 5246, 6282, 33635, -5053, 6895, 41360
8747.6, 951, -4092, 5269, 6430, 33128, -4081, 7704, 41365
8751.3, 2102, -4092, 5269, 6430, 33128, -4081, 7704, 41371
8755.6, 2394, -4174, 5151, 6969, 34794, -809, 8400, 41371
8759.4, 433, -4174, 5151, 6969, 34794, -809, 8400, 41374
8763.6, 1201, -4174, 5151, 6751, 33027, 1644, 6776, 41374
8767.3, 2678, -4174, 5151, 6751, 33027, 1644, 6776, 41385
8771.1, 961, -4174, 5151, 6751, 33027, 1644, 6776, 41386
8775.3, 1008, -4338, 4956, 6685, 31846, -476, 3648, 41386
8779.1, 2081, -4338, 4956, 6685, 31846, -476, 3648, 41390
8783.3, 1134, -4338, 4956, 6838, 30012, -3311, 450, 41390
8787.0, 2117, -4338, 4956, 6838, 30012, -3311, 450, 41271
8790.7, 2374, -4338, 4956, 6838, 30012, -3311, 450, 41404
8795.0, 1873, -3571, 5863, 6881, 27488, -4948, -205, 41404
8798.7, 1309, -3571, 5863, 6881, 27488, -4948, -205, 41414
8802.9, 1171, -3571, 5863, 6799, 28070, -6558, 2747, 41414
8806.7, 1487, -3571, 5863, 6799, 28070, -6558, 2747, 41415
8809.0, 1457, -3571, 5863, 6799, 28070, -6558, 2747, 41415
8814.8, 2122, -3245, 6044, 6600, 25686, -6225, 7039, 41418
8818.5, 1067, -3245, 6044, 6600, 25686, -6225, 7039, 41405
8822.7, 1728, -3245, 6044, 6551, 23988, -6527, 9143, 41405
8826.5, 1982, -3245, 6044, 6551, 23988, -6527, 9143, 41406
8828.8, 1499, -3245, 6044, 6551, 23988, -6527, 9143, 41406
8834.6, 1270, -3841, 5955, 6401, 22426, -4930, 10338, 41408
8838.3, 2153, -3841, 5955, 6401, 22426, -4930, 10338, 41411
8844.0, 1195, -4317, 5914, 6730, 21372, -1684, 10158, 41413
8847.8, 1454, -4317, 5914, 6730, 21372, -1684, 10158, 41411
8853.5, 2054, -4317, 5914, 6730, 18839, -2349, 7791, 41371
8855.7, 1495, -4317, 5914, 6730, 18839, -2349, 7791, 41371
8858.0, 954, -4317, 5914, 6730, 18839, -2349, 7791, 41371
8863.7, 2287, -4281, 6089, 6968, 20514, -6811, 5705, 41419
8865.9, 1666, -4281, 6089, 6968, 20514, -6811, 5705, 41419
8870.2, 1381, -4333, 6089, 6968, 20514, -6811, 5705, 41419
8874.0, 1658, -4333, 6089, 6968, 20514, -6811, 5705, 41417
8876.2, 1468, -4333, 6089, 6968, 20514, -6811, 5705, 41417
8880.5, 1731, -4213, 6166, 6977, 21052, -11353, 5324, 41417
8884.2, 1510, -4213, 6166, 6977, 21052, -11353, 5324, 41410
8886.5, 1301, -4213, 6166, 6977, 21052, -11353, 5324, 41410
8890.7, 1718, -3833, 6174, 6526, 19040, -11208, 6737, 41410
8894.4, 1593, -3833, 6174, 6526, 19040, -11208, 6737, 41367
8896.7, 1329, -3833, 6174, 6526, 19040, -11208, 6737, 41367
8900.9, 1731, -3351, 6195, 6312, 15632, -8421, 6803, 41367
8904.6, 1333, -3351, 6195, 6312, 15632, -8421, 6803, 41413
8906.9, 748, -3351, 6195, 6312, 15632, -8421, 6803, 41413
8912.6, 2709, -3319, 6334, 6512, 13269, -6216, 6050, 41415
8916.3, 1718, -3319, 6334, 6512, 13269, -6216, 6050, 41409
8920.6, 1678, -3737, 6566, 6281, 11515, -2839, 7008, 41409
8924.4, 1685, -3737, 6566, 6281, 11515, -2839, 7008, 41411
8928.6, 1814, -3989, 6440, 6344, 11515, -2839, 7008, 41411
8932.3, 1541, -3989, 6440, 6344, 11515, -2839, 7008, 41412
8936.1, 1371, -3989, 6440, 6344, 11515, -2839, 7008, 41415
8940.3, 1589, -4197, 6332, 6622, 8063, -6090, 7463, 41415
8944.1, 1379, -4197, 6332, 6622, 8063, -6090, 7463, 41412
8948.3, 1958, -4374, 6157, 6431, 8063, -6090, 7463, 41412
8952.0, 1752, -4374, 6157, 6431, 8063, -6090, 7463, 41413
8955.8, 1670, -4374, 6157, 6431, 8063, -6090, 7463, 41422
8960.0, 1796, -4342, 6251, 6604, 3045, -8404, 4808, 41422
8963.7, 1486, -4342, 6251, 6604, 3045, -8404, 4808, 41410
8967.9, 1732, -3997, 6243, 6235, 3045, -8404, 4808, 41410
8971.6, 1850, -3997, 6243, 6235, 3045, -8404, 4808, 41415
8973.9, 1289, -3997, 6243, 6235, 3045, -8404, 4808, 41415
8979.7, 1844, -3665, 6326, 6145, 542, -11593, 2730, 41416
8983.4, 1628, -3665, 6326, 6145, 542, -11593, 2730, 41416
8989.1, 1597, -3432, 6337, 5976, -1295, -11593, 2730, 41417
8992.8, 1527, -3432, 6337, 5976, -1295, -11593, 2730, 41419
8998.5, 1708, -3433, 6118, 6041, -3858, -7428, 691, 41427
9002.2, 1687, -3433, 6118, 6041, -3858, -7428, 691, 41429
9008.0, 1400, -3301, 6154, 6043, -6986, -3075, -1496, 41470
9011.7, 1753, -3301, 6154, 6043, -6986, -3075, -1496, 41433
9017.5, 2024, -3375, 6020, 5810, -13400, -1360, -4396, 41437
9021.2, 1657, -3375, 6020, 5810, -13400, -1360, -4396, 41433
9023.5, 1099, -3375, 6020, 5810, -13400, -1360, -4396, 41433
9029.2, 1791, -3476, 6195, 5557, -19158, 166, -6335, 41444
9031.5, 1338, -3476, 6195, 5557, -19158, 166, -6335, 41444
9035.7, 1697, -3582, 5998, 5571, -23555, 2703, -6702, 41444
9039.5, 1608, -3582, 5998, 5571, -23555, 2703, -6702, 41452
9041.8, 1103, -3582, 5998, 5571, -23555, 2703, -6702, 41452
9047.5, 1815, -3867, 5837, 5874, -26259, 3110, -7065, 41463
9051.3, 1658, -3867, 5837, 5874, -26259, 3110, -7065, 41418
9055.5, 1805, -3963, 5596, 5854, -29785, 1470, -8977, 41418
9059.3, 2079, -3963, 5596, 5854, -29785, 1470, -8977, 41507
9061.5, 1487, -3963, 5596, 5854, -29785, 1470, -8977, 41507
9065.8, 2034, -3818, 5547, 5863, -35289, 555, -12280, 41507
9069.6, 1613, -3818, 5547, 5863, -35289, 555, -12280, 41489
9073.8, 1707, -3830, 5553, 6251, -39244, -2423, -16563, 41489
9077.5, 1667, -3830, 5553, 6251, -39244, -2423, -16563, 41506
9081.3, 1637, -3830, 5553, 6251, -39244, -2423, -16563, 41551
9085.6, 1987, -3805, 5639, 6403, -42188, -6199, -20829, 41551
9089.4, 1898, -3805, 5639, 6403, -42188, -6199, -20829, 41535
9093.6, 1961, -3512, 5405, 6297, -46743, -7463, -24465, 41535
9097.3, 1573, -3512, 5405, 6297, -46743, -7463, -24465, 41553
9101.1, 1687, -3512, 5405, 6297, -46743, -7463, -24465, 41499
9105.4, 1751, -2887, 5419, 5760, -54338, -8662, -27729, 41499
9109.1, 1607, -2887, 5419, 5760, -54338, -8662, -27729, 41579
9113.3, 1722, -2363, 5536, 5602, -59623, -6615, -28941, 41579
9117.0, 1688, -2363, 5536, 5602, -59623, -6615, -28941, 41627
9120.8, 1923, -2363, 5536, 5602, -59623, -6615, -28941, 41554
9125.0, 2091, -2097, 5646, 6209, -65394, 1251, -27335, 41554
9128.7, 1962, -2097, 5646, 6209, -65394, 1251, -27335, 41616
9132.9, 1730, -2380, 5349, 6156, -75032, 10163, -25970, 41616
9136.7, 1864, -2380, 5349, 6156, -75032, 10163, -25970, 41652
9139.0, 1365, -2380, 5349, 6156, -75032, 10163, -25970, 41652
9144.8, 1697, -3181, 4965, 6596, -77443, 16209, -25401, 41606
9148.5, 1844, -3181, 4965, 6596, -77443, 16209, -25401, 41639
9152.7, 2144, -4123, 4459, 7183, -77220, 17574, -25541, 41639
9156.5, 1582, -4123, 4459, 7183, -77220, 17574, -25541, 41656
9158.8, 741, -4123, 4459, 7183, -77220, 17574, -25541, 41656
9164.5, 1764, -4624, 3809, 6396, -86302, 11392, -29054, 41663
9168.3, 1672, -4624, 3809, 6396, -86302, 11392, -29054, 41666
9174.0, 1765, -4700, 3731, 5944, -89308, 1019, -33989, 41685
9176.3, 1274, -4700, 3731, 5944, -89308, 1019, -33989, 41685
9178.5, 1181, -4700, 3731, 5944, -89308, 1019, -33989, 41685
9184.3, 2092, -4025, 4146, 6705, -89592, -1303, -38399, 41665
9186.5, 1655, -4025, 4146, 6705, -89592, -1303, -38399, 41665
9190.8, 1269, -3205, 4234, 6706, -100267, -2108, -43448, 41665
9194.6, 1293, -3205, 4234, 6706, -100267, -2108, -43448, 41711
9196.8, 1158, -3205, 4234, 6706, -100267, -2108, -43448, 41711
9202.6, 1481, -2944, 4344, 6257, -101471, -3066, -44914, 41707
9206.3, 1609, -2944, 4344, 6257, -101471, -3066, -44914, 41704
9210.6, 1614, -2788, 4402, 6801, -100521, 7651, -42210, 41704
9214.3, 1169, -2788, 4402, 6801, -100521, 7651, -42210, 41715
9216.6, 1445, -2788, 4402, 6801, -100521, 7651, -42210, 41715
9220.9, 1974, -2842, 3791, 7539, -109289, 18160, -41414, 41715
9224.7, 1602, -2842, 3791, 7539, -109289, 18160, -41414, 41716
9227.0, 1547, -2842, 3791, 7539, -109289, 18160, -41414, 41716
9232.7, 1721, -3222, 3354, 7804, -111266, 14529, -41554, 41687
9236.4, 1581, -3222, 3354, 7804, -111266, 14529, -41554, 41734
9240.7, 1523, -3812, 3056, 7849, -108335, 4983, -40994, 41734
9244.5, 1393, -3812, 3056, 7849, -108335, 4983, -40994, 41720
9248.7, 1608, -4570, 2764, 6616, -114307, -5118, -42346, 41720
9252.5, 1577, -4570, 2764, 6616, -114307, -5118, -42346, 41696
9256.2, 1840, -4570, 2764, 6616, -114307, -5118, -42346, 41444
9260.5, 1938, -4846, 2834, 6775, -115685, -6912, -44490, 41444
9264.3, 1131, -4846, 2834, 6775, -115685, -6912, -44490, 41369
9268.5, 1188, -4537, 2678, 7626, -114876, -5101, -47193, 41369
9272.2, 1533, -4537, 2678, 7626, -114876, -5101, -47193, 41355
9276.0, 1527, -4537, 2678, 7626, -114876, -5101, -47193, 41339
9280.3, 1348, -4532, 2190, 8251, -110566, -3876, -50160, 41339
9284.1, 1577, -4532, 2190, 8251, -110566, -3876, -50160, 41305
9288.3, 1514, -4364, 1854, 7944, -113909, 1767, -51940, 41305
9292.0, 1450, -4364, 1854, 7944, -113909, 1767, -51940, 41281
9295.8, 1528, -4364, 1854, 7944, -113909, 1767, -51940, 41260
9300.0, 1896, -3605, 1398, 7181, -121959, 2480, -54552, 41260
9303.8, 1695, -3605, 1398, 7181, -121959, 2480, -54552, 41211
9308.0, 1721, -3258, 2181, 8076, -122532, -6422, -56477, 41211
9311.7, 1624, -3258, 2181, 8076, -122532, -6422, -56477, 41175
9315.5, 1460, -3258, 2181, 8076, -122532, -6422, -56477, 41126
9319.7, 1374, -3748, 2472, 8468, -118962, -15093, -56075, 41126
9323.4, 1562, -3748, 2472, 8468, -118962, -15093, -56075, 41094
9329.2, 1356, -4800, 2188, 8746, -114749, -13838, -53248, 41055
9332.9, 1312, -4800, 2188, 8746, -114749, -13838, -53248, 41014
9338.6, 1488, -5048, 991, 7947, -119120, -11528, -53052, 40966
9340.8, 1231, -5048, 991, 7947, -119120, -11528, -53052, 40966
9343.2, 1385, -5048, 991, 7947, -119120, -11528, -53052, 40966
9348.9, 1679, -4776, 349, 7528, -118179, -11808, -56770, 40932
9351.2, 1512, -4776, 349, 7528, -118179, -11808, -56770, 40932
9355.4, 1475, -4328, 61, 8257, -117216, -7988, -60371, 40932
9359.2, 1361, -4328, 61, 8257, -117216, -7988, -60371, 40888
9361.5, 1290, -4328, 61, 8257, -117216, -7988, -60371, 40888
9365.7, 1324, -4004, -215, 8618, -115112, -6072, -62467, 40888
9369.5, 1558, -4004, -215, 8618, -115112, -6072, -62467, 40888
9371.8, 1510, -4004, -215, 8618, -115112, -6072, -62467, 40888
9377.5, 1926, -3899, -215, 8247, -113078, -7406, -61207, 40852
9381.3, 1500, -3899, -215, 8247, -113078, -7406, -61207, 40834
9385.5, 1503, -3681, -297, 7965, -116897, -7498, -59802, 40834
9389.3, 1179, -3681, -297, 7965, -116897, -7498, -59802, 40816
9391.6, 1259, -3681, -297, 7965, -116897, -7498, -59802, 40816
9395.8, 1604, -3674, 252, 8998, -114578, -9891, -59115, 40816
9399.6, 1677, -3674, 252, 8998, -114578, -9891, -59115, 40795
9403.8, 1629, -3674, 252, 8998, -117855, -12490, -59737, 40795
9407.5, 1824, -3674, 252, 8998, -117855, -12490, -59737, 40778
9411.3, 1478, -3674, 252, 8998, -117855, -12490, -59737, 40763
9415.5, 1894, -4143, 116, 8302, -119815, -10189, -60498, 40763
9419.3, 1745, -4143, 116, 8302, -119815, -10189, -60498, 40751
9423.5, 1527, -4143, 116, 8302, -117903, -3701, -58109, 40751
9427.2, 1648, -4143, 116, 8302, -117903, -3701, -58109, 40726
9431.0, 1060, -4143, 116, 8302, -117903, -3701, -58109, 40734
9435.2, 1418, -5397, -2016, 8460, -115252, -1198, -56062, 40734
9438.9, 1681, -5397, -2016, 8460, -115252, -1198, -56062, 40719
9443.1, 1633, -5397, -2016, 8460, -108178, -1150, -54530, 40719
9446.9, 1696, -5397, -2016, 8460, -108178, -1150, -54530, 40728
9450.6, 1725, -5397, -2016, 8460, -108178, -1150, -54530, 40718
9454.9, 1314, -5133, -3273, 8216, -109884, -4725, -57663, 40718
9458.6, 1141, -5133, -3273, 8216, -109884, -4725, -57663, 40709
9462.8, 1698, -5133, -3273, 8216, -108357, -14669, -64401, 40709
9466.5, 1689, -5133, -3273, 8216, -108357, -14669, -64401, 40692
9468.8, 1237, -5133, -3273, 8216, -108357, -14669, -64401, 40692
9474.5, 1551, -3460, -1209, 8624, -106270, -17771, -67590, 40698
9478.2, 1530, -3460, -1209, 8624, -106270, -17771, -67590, 40697
9484.0, 1451, -3111, -843, 8090, -112780, -10080, -65875, 40694
9488.1, 2155, -3111, -843, 8090, -112780, -10080, -65875, 40710
9493.8, 1929, -3111, -843, 8090, -114504, -3574, -60817, 40687
9496.1, 1446, -3111, -843, 8090, -114504, -3574, -60817, 40687
9498.3, 1222, -3111, -843, 8090, -114504, -3574, -60817, 40687
9504.0, 1276, -3517, -954, 9314, -115493, -293, -55209, 40677
9506.3, 1277, -3517, -954, 9314, -115493, -293, -55209, 40677
9510.6, 1887, -4323, -1740, 9405, -115493, -293, -55209, 40677
9514.3, 1321, -4323, -1740, 9405, -115493, -293, -55209, 40687
9516.6, 1068, -4323, -1740, 9405, -115493, -293, -55209, 40687
9520.9, 1546, -5618, -2817, 8108, -118061, 2134, -50785, 40687
9524.7, 1493, -5618, -2817, 8108, -118061, 2134, -50785, 40691
9526.9, 1262, -5618, -2817, 8108, -118061, 2134, -50785, 40691
9532.6, 1588, -6267, -3890, 8689, -114915, 546, -49587, 40692
9536.4, 1640, -6267, -3890, 8689, -114915, 546, -49587, 40638
9540.6, 1773, -5278, -4038, 8793, -110754, -3915, -54784, 40638
9544.4, 1655, -5278, -4038, 8793, -110754, -3915, -54784, 40687
9546.6, 1351, -5278, -4038, 8793, -110754, -3915, -54784, 40687
9550.9, 1565, -4473, -3663, 8063, -111091, -9988, -65888, 40687
9554.7, 1433, -4473, -3663, 8063, -111091, -9988, -65888, 40693
9558.9, 2233, -4000, -2909, 8303, -109739, -16913, -73129, 40693
9562.7, 1830, -4000, -2909, 8303, -109739, -16913, -73129, 40709
9566.5, 1542, -4000, -2909, 8303, -109739, -16913, -73129, 40724
9570.7, 1581, -3514, -2907, 8864, -105889, -16852, -71186, 40724
9574.5, 1645, -3514, -2907, 8864, -105889, -16852, -71186, 40694
9578.7, 1860, -3472, -3596, 8203, -107705, -11401, -62900, 40694
9582.5, 1641, -3472, -3596, 8203, -107705, -11401, -62900, 40661
9586.2, 1541, -3472, -3596, 8203, -107705, -11401, -62900, 40662
9590.5, 1704, -3808, -4761, 7744, -111979, -10049, -55012, 40662
9594.3, 1533, -3808, -4761, 7744, -111979, -10049, -55012, 40708
9598.5, 1996, -3952, -4853, 8433, -109879, -12543, -49241, 40708
9602.3, 1784, -3952, -4853, 8433, -109879, -12543, -49241, 40700
9606.0, 1503, -3952, -4853, 8433, -109879, -12543, -49241, 40711
9610.3, 1159, -3804, -4984, 7960, -113362, -10942, -49197, 40711
9614.1, 1080, -3804, -4984, 7960, -113362, -10942, -49197, 40721
9618.3, 1784, -4030, -4786, 8408, -112251, -10784, -49197, 40721
9622.0, 2221, -4030, -4786, 8408, -112251, -10784, -49197, 40742
9625.8, 2136, -4030, -4786, 8408, -112251, -10784, -49197, 40743
9630.1, 1401, -3784, -4596, 8504, -105859, -14065, -53528, 40743
9633.8, 1271, -3784, -4596, 8504, -105859, -14065, -53528, 40750
9638.0, 1796, -3419, -5288, 7449, -103719, -10762, -53528, 40750
9641.7, 1895, -3419, -5288, 7449, -103719, -10762, -53528, 40766
9645.5, 1738, -3419, -5288, 7449, -103719, -10762, -53528, 40753
9649.7, 1805, -3448, -6003, 6985, -101764, -5783, -54977, 40753
9653.5, 1913, -3448, -6003, 6985, -101764, -5783, -54977, 40737
9657.6, 1877, -3522, -6445, 6932, -101051, -7686, -54977, 40737
9661.4, 1507, -3522, -6445, 6932, -101051, -7686, -54977, 40763
9663.7, 1338, -3522, -6445, 6932, -101051, -7686, -54977, 40763
9669.4, 1708, -3582, -6491, 7168, -100626, -10675, -51179, 40771
9671.7, 1398, -3582, -6491, 7168, -100626, -10675, -51179, 40771
9677.4, 1737, -3522, -6417, 7092, -99239, -9773, -45601, 40785
9681.1, 1658, -3522, -6417, 7092, -99239, -9773, -45601, 40808
9685.4, 1846, -3502, -6410, 6720, -102542, -6138, -42801, 40808
9689.2, 1785, -3502, -6410, 6720, -102542, -6138, -42801, 40795
9691.4, 1433, -3502, -6410, 6720, -102542, -6138, -42801, 40795
9695.6, 1494, -3760, -6242, 7820, -102875, -5040, -42188, 40795
9699.3, 1532, -3760, -6242, 7820, -102875, -5040, -42188, 40808
9701.6, 1471, -3760, -6242, 7820, -102875, -5040, -42188, 40808
9705.8, 1693, -3709, -6314, 8474, -97117, -6536, -42521, 40808
9709.5, 1192, -3709, -6314, 8474, -97117, -6536, -42521, 40825
9711.8, 1164, -3709, -6314, 8474, -97117, -6536, -42521, 40825
9716.0, 1770, -3198, -6745, 7096, -96505, -5241, -46782, 40825
9719.8, 2196, -3198, -6745, 7096, -96505, -5241, -46782, 40838
9724.1, 1847, -3007, -6793, 7040, -93009, -4178, -54972, 40838
9727.8, 1685, -3007, -6793, 7040, -93009, -4178, -54972, 40845
9731.6, 1972, -3007, -6793, 7040, -93009, -4178, -54972, 40845
9735.8, 1810, -2759, -6771, 6821, -90555, -2261, -58818, 40845
9739.6, 1632, -2759, -6771, 6821, -90555, -2261, -58818, 40886
9743.8, 1577, -2815, -7335, 6165, -90791, 752, -55187, 40886
9747.6, 1496, -2815, -7335, 6165, -90791, 752, -55187, 40901
9751.3, 1519, -2815, -7335, 6165, -90791, 752, -55187, 40912
9755.6, 1690, -3198, -7391, 6311, -88748, -1189, -46581, 40912
9759.3, 1717, -3198, -7391, 6311, -88748, -1189, -46581, 40865
9763.5, 1867, -3355, -7107, 5906, -89583, -2323, -39283, 40865
9767.3, 1787, -3355, -7107, 5906, -89583, -2323, -39283, 40940
9771.1, 1545, -3355, -7107, 5906, -89583, -2323, -39283, 40934
9775.3, 1371, -3603, -6844, 6721, -90485, -332, -37249, 40934
9779.1, 1567, -3603, -6844, 6721, -90485, -332, -37249, 40938
9783.3, 1960, -3604, -6759, 6725, -91644, 1496, -40276, 40938
9787.0, 1828, -3604, -6759, 6725, -91644, 1496, -40276, 40920
9790.8, 1839, -3604, -6759, 6725, -91644, 1496, -40276, 40923
9795.1, 1579, -3490, -7085, 7090, -91968, 2786, -46419, 40923
9798.8, 1473, -3490, -7085, 7090, -91968, 2786, -46419, 40926
9803.0, 1606, -3238, -7633, 7207, -83808, 1343, -51210, 40926
9806.7, 1797, -3238, -7633, 7207, -83808, 1343, -51210, 40931
9810.5, 1746, -3238, -7633, 7207, -83808, 1343, -51210, 41056
9814.7, 1936, -2688, -8306, 5618, -84889, -787, -54338, 41056
9818.5, 1781, -2688, -8306, 5618, -84889, -787, -54338, 41059
9822.7, 1712, -2359, -7880, 6003, -83905, -6133, -54841, 41059
9826.4, 1553, -2359, -7880, 6003, -83905, -6133, -54841, 41060
9830.6, 1531, -1801, -7613, 5701, -84268, -8911, -49145, 41060
9834.3, 1374, -1801, -7613, 5701, -84268, -8911, -49145, 41041
9836.6, 1227, -1801, -7613, 5701, -84268, -8911, -49145, 41041
9840.8, 1794, -1958, -7449, 5332, -87322, -7091, -41270, 41041
9844.5, 1965, -1958, -7449, 5332, -87322, -7091, -41270, 41033
9846.8, 1699, -1958, -7449, 5332, -87322, -7091, -41270, 41033
9851.0, 1656, -2447, -7615, 5490, -89216, -3342, -34803, 41033
9854.8, 1243, -2447, -7615, 5490, -89216, -3342, -34803, 41041
9857.0, 590, -2447, -7615, 5490, -89216, -3342, -34803, 41041
9862.8, 1589, -2647, -8302, 5745, -89658, 5140, -32121, 41033
9866.5, 2516, -2647, -8302, 5745, -89658, 5140, -32121, 40995
9870.8, 1952, -2867, -9003, 5830, -90830, 10710, -35967, 40995
9874.5, 1863, -2867, -9003, 5830, -90830, 10710, -35967, 41045
9876.8, 1677, -2867, -9003, 5830, -90830, 10710, -35967, 41045
9881.0, 1528, -3055, -9211, 5981, -86888, 7192, -42875, 41045
9884.7, 1442, -3055, -9211, 5981, -86888, 7192, -42875, 41001
9889.0, 1583, -2840, -9084, 4875, -84718, 1373, -47679, 41001
9892.7, 1592, -2840, -9084, 4875, -84718, 1373, -47679, 41044
9896.4, 1540, -2840, -9084, 4875, -84718, 1373, -47679, 41062
9900.7, 1715, -2473, -8819, 4881, -81590, -5460, -47683, 41062
9904.5, 1567, -2473, -8819, 4881, -81590, -5460, -47683, 41072
9908.7, 1557, -1945, -8606, 4767, -79175, -11156, -44196, 41072
9912.5, 1778, -1945, -8606, 4767, -79175, -11156, -44196, 41069
9916.3, 1846, -1945, -8606, 4767, -79175, -11156, -44196, 41080
9920.5, 1613, -1626, -8827, 4395, -77241, -11650, -39353, 41080
9924.3, 1746, -1626, -8827, 4395, -77241, -11650, -39353, 41080
9928.5, 1798, -1610, -9114, 4550, -77451, -8260, -36203, 41080
9932.3, 1454, -1610, -9114, 4550, -77451, -8260, -36203, 41103
9936.0, 1396, -1610, -9114, 4550, -77451, -8260, -36203, 41103
9940.3, 1874, -1886, -9312, 4616, -76375, -6072, -35302, 41103
9944.1, 2212, -1886, -9312, 4616, -76375, -6072, -35302, 41129
9948.3, 1820, -2244, -9378, 4691, -76883, -2747, -35123, 41129
9952.0, 1558, -2244, -9378, 4691, -76883, -2747, -35123, 41135
9955.8, 1388, -2244, -9378, 4691, -76883, -2747, -35123, 41131
9960.1, 1442, -2525, -9236, 4523, -76940, 568, -35626, 41131
9963.8, 1636, -2525, -9236, 4523, -76940, 568, -35626, 41134
9968.1, 1327, -2712, -9401, 4884, -78278, 2616, -36273, 41134
9971.8, 1910, -2712, -9401, 4884, -78278, 2616, -36273, 41151
9977.6, 2621, -2712, -8885, 5480, -78178, 988, -36829, 41181
9981.3, 1280, -2712, -8885, 5480, -78178, 988, -36829, 41172
9983.6, 1234, -2712, -8885, 5480, -78178, 988, -36829, 41172
9989.3, 1589, -2553, -9491, 5730, -71007, -4396, -36824, 41189
9991.6, 1135, -2553, -9491, 5730, -71007, -4396, -36824, 41189
9995.8, 1598, -2553, -9491, 4077, -63687, -10701, -37581, 41189
9999.6, 1508, -2553, -9491, 4077, -63687, -10701, -37581, 41210
10001.9, 1176, -2553, -9491, 4077, -63687, -10701, -37581, 41210
10007.6, 1847, -1131, -9712, 3548, -60870, -20357, -41462, 41212
10011.3, 1719, -1131, -9712, 3548, -60870, -20357, -41462, 41245
10015.5, 1745, -1131, -8877, 4083, -57470, -25178, -41786, 41245
10019.3, 1718, -1131, -8877, 4083, -57470, -25178, -41786, 41259
10021.6, 1320, -1131, -8877, 4083, -57470, -25178, -41786, 41259
10025.8, 1610, -1189, -9221, 4076, -59019, -16327, -33762, 41259
10029.6, 1444, -1189, -9221, 4076, -59019, -16327, -33762, 41272
10031.9, 1180, -1189, -9221, 4076, -59019, -16327, -33762, 41272
10037.6, 1599, -1517, -9731, 4458, -60822, -6833, -25042, 41328
10041.3, 1861, -1517, -9731, 4458, -60822, -6833, -25042, 41315
10045.6, 1773, -2009, -10003, 4457, -61876, -4904, -23161, 41315
10049.4, 1601, -2009, -10003, 4457, -61876, -4904, -23161, 41342
10053.6, 1874, -2009, -10003, 4457, -61876, -4904, -23161, 41342
10057.3, 2198, -2009, -10003, 4457, -61876, -4904, -23161, 41369
10061.1, 1676, -2009, -10003, 4457, -61876, -4904, -23161, 41385
10065.4, 1594, -2510, -9902, 4125, -60669, -1588, -30861, 41385
10069.2, 1953, -2510, -9902, 4125, -60669, -1588, -30861, 41388
10073.4, 1640, -2510, -9902, 4125, -60669, -1588, -30861, 41388
10077.1, 1810, -2510, -9902, 4125, -60669, -1588, -30861, 41410
10080.9, 1757, -2510, -9902, 4125, -60669, -1588, -30861, 41434
10085.1, 1378, -1354, -9948, 3049, -50593, -15662, -29592, 41434
10088.9, 1582, -1354, -9948, 3049, -50593, -15662, -29592, 41413
10093.1, 1777, -1354, -9948, 3049, -50593, -15662, -29592, 41413
10096.8, 1699, -1354, -9948, 3049, -50593, -15662, -29592, 41418
10100.6, 1681, -1354, -9948, 3049, -50593, -15662, -29592, 41434
10104.8, 1719, -1159, -9620, 2621, -42718, -24749, -21122, 41434
10108.5, 1583, -1159, -9620, 2621, -42718, -24749, -21122, 41432
10112.8, 1356, -1159, -9620, 2621, -42718, -24749, -21122, 41432
10116.5, 1538, -1159, -9620, 2621, -42718, -24749, -21122, 41477
10118.8, 1488, -1159, -9620, 2621, -42718, -24749, -21122, 41477
10124.5, 2264, -1391, -10336, 3471, -38811, -10657, -17005, 41510
10128.3, 1531, -1391, -10336, 3471, -38811, -10657, -17005, 41514
10134.0, 1737, -1445, -10543, 3556, -36772, -7105, -18230, 41548
10137.7, 1891, -1445, -10543, 3556, -36772, -7105, -18230, 41571
10143.5, 1901, -1445, -10543, 3556, -36772, -7105, -18230, 41585
10145.7, 1381, -1445, -10543, 3556, -36772, -7105, -18230, 41585
10148.1, 1335, -1445, -10543, 3556, -36772, -7105, -18230, 41585
10153.8, 1627, -1429, -10341, 3687, -34869, -5206, -19368, 41618
10156.1, 1030, -1429, -10341, 3687, -34869, -5206, -19368, 41618
10158.3, 1171, -1429, -10341, 3687, -34869, -5206, -19368, 41618
10164.1, 1972, -1356, -10032, 3771, -31614, -8588, -16830, 41640
10166.4, 1162, -1356, -10032, 3771, -31614, -8588, -16830, 41640
10170.6, 1758, -1223, -9869, 3352, -30034, -8588, -16830, 41640
10174.4, 1153, -1223, -9869, 3352, -30034, -8588, -16830, 41664
10176.7, 421, -1223, -9869, 3352, -30034, -8588, -16830, 41664
10181.0, 2396, -1150, -9784, 3215, -26289, -10675, -13195, 41664
10184.7, 2621, -1150, -9784, 3215, -26289, -10675, -13195, 41723
10187.0, 1589, -1150, -9784, 3215, -26289, -10675, -13195, 41723
10192.7, 1658, -1030, -9826, 3118, -22724, -12582, -9957, 41709
10196.4, 1569, -1030, -9826, 3118, -22724, -12582, -9957, 41726
10200.6, 1842, -978, -10149, 3114, -17710, -12775, -8785, 41726
10204.4, 1693, -978, -10149, 3114, -17710, -12775, -8785, 41742
10206.6, 1042, -978, -10149, 3114, -17710, -12775, -8785, 41742
10210.9, 1966, -1103, -10147, 2489, -14118, -7013, -7848, 41742
10214.7, 1820, -1103, -10147, 2489, -14118, -7013, -7848, 41756
10218.9, 1384, -1172, -10227, 2739, -11178, -2078, -7393, 41756
10222.6, 1519, -1172, -10227, 2739, -11178, -2078, -7393, 41769
10226.4, 1755, -1172, -10227, 2739, -11178, -2078, -7393, 41727
10230.6, 2495, -1360, -9964, 3376, -6969, -3386, -7131, 41727
10234.4, 1807, -1360, -9964, 3376, -6969, -3386, -7131, 41795
10238.6, 1681, -1473, -10082, 3619, -3815, -5591, -4659, 41795
10242.3, 1208, -1473, -10082, 3619, -3815, -5591, -4659, 41804
10246.1, 1324, -1473, -10082, 3619, -3815, -5591, -4659, 41823
10250.3, 1617, -1296, -10479, 3728, 2541, -7568, -65, 41823
10254.0, 2064, -1296, -10479, 3728, 2541, -7568, -65, 41831
10258.2, 2344, -556, -10085, 3111, 4847, -12530, 3023, 41831
10262.0, 2016, -556, -10085, 3111, 4847, -12530, 3023, 41853
10265.8, 972, -556, -10085, 3111, 4847, -12530, 3023, 41877
10270.0, 1855, -198, -9621, 2848, 9305, -15684, 3421, 41877
10273.8, 2217, -198, -9621, 2848, 9305, -15684, 3421, 41903
10278.0, 1520, -307, -9713, 2102, 14761, -8741, 4720, 41903
10281.7, 1103, -307, -9713, 2102, 14761, -8741, 4720, 41917
10284.0, 960, -307, -9713, 2102, 14761, -8741, 4720, 41917
10289.8, 2089, -766, -10332, 2376, 17403, 3574, 7721, 41938
10293.5, 2129, -766, -10332, 2376, 17403, 3574, 7721, 41955
10297.7, 1241, -1326, -10530, 3243, 21306, 10263, 10640, 41955
10301.5, 1487, -1326, -10530, 3243, 21306, 10263, 10640, 41981
10303.8, 1550, -1326, -10530, 3243, 21306, 10263, 10640, 41981
10309.5, 1434, -1905, -10529, 3353, 26158, 10430, 12097, 42008
10311.8, 774, -1905, -10529, 3353, 26158, 10430, 12097, 42008
10316.0, 2065, -2132, -10377, 3382, 30922, 7651, 12985, 42008
10319.8, 2051, -2132, -10377, 3382, 30922, 7651, 12985, 42030
10322.0, 686, -2132, -10377, 3382, 30922, 7651, 12985, 42030
10327.8, 1395, -2089, -10354, 3845, 36418, 2248, 13545, 42068
10331.5, 1230, -2089, -10354, 3845, 36418, 2248, 13545, 42140
10335.8, 2214, -1758, -10490, 4152, 43387, -6978, 14547, 42140
10339.5, 1697, -1758, -10490, 4152, 43387, -6978, 14547, 42122
10341.8, 1126, -1758, -10490, 4152, 43387, -6978, 14547, 42122
10346.0, 2443, -1368, -10493, 3721, 50930, -15299, 17902, 42122
10349.7, 1623, -1368, -10493, 3721, 50930, -15299, 17902, 42098
10352.0, 395, -1368, -10493, 3721, 50930, -15299, 17902, 42098
10357.7, 1566, -1073, -10386, 3445, 56792, -17858, 22010, 42085
10361.4, 2042, -1073, -10386, 3445, 56792, -17858, 22010, 42089
10365.7, 2071, -1100, -10207, 3419, 62511, -13112, 25156, 42089
10369.5, 1039, -1100, -10207, 3419, 62511, -13112, 25156, 42042
10373.7, 1219, -1223, -10327, 3472, 67021, -2139, 27934, 42042
10377.5, 1985, -1223, -10327, 3472, 67021, -2139, 27934, 42079
10381.3, 2431, -1223, -10327, 3472, 67021, -2139, 27934, 42069
10385.5, 863, -1527, -10326, 3978, 72074, 7310, 30069, 42069
10389.3, 953, -1527, -10326, 3978, 72074, 7310, 30069, 42071
10393.5, 1687, -1957, -10136, 4658, 77447, 8737, 31456, 42071
10397.3, 1841, -1957, -10136, 4658, 77447, 8737, 31456, 42251
10401.0, 1864, -1957, -10136, 4658, 77447, 8737, 31456, 42059
10405.3, 2477, -2117, -9994, 4749, 82246, 7048, 34077, 42059
10409.1, 1626, -2117, -9994, 4749, 82246, 7048, 34077, 42058
10413.3, 1974, -2048, -10070, 4864, 88647, 6842, 38553, 42058
10417.0, 1090, -2048, -10070, 4864, 88647, 6842, 38553, 42056
10420.8, 1256, -2048, -10070, 4864, 88647, 6842, 38553, 42078
10425.0, 2382, -1980, -10215, 5286, 93775, 4099, 42263, 42078
10428.8, 1715, -1980, -10215, 5286, 93775, 4099, 42263, 42050
10433.0, 783, -1875, -10121, 5197, 99366, -988, 44227, 42050
10436.7, 1456, -1875, -10121, 5197, 99366, -988, 44227, 42050
10440.5, 1265, -1875, -10121, 5197, 99366, -988, 44227, 42051
10444.7, 2150, -1835, -9809, 4948, 103190, -1054, 46310, 42051
10448.4, 2069, -1835, -9809, 4948, 103190, -1054, 46310, 42071
10454.2, 1124, -2066, -9722, 5615, 106283, 2121, 49180, 42067
10457.9, 881, -2066, -9722, 5615, 106283, 2121, 49180, 42052
10463.6, 2463, -2155, -9654, 5383, 110667, 1929, 51949, 42013
10465.8, 2758, -2155, -9654, 5383, 110667, 1929, 51949, 42013
10468.1, 2044, -2155, -9654, 5383, 110667, 1929, 51949, 42013
10473.9, 1444, -2282, -9608, 5581, 114631, 1439, 54158, 42053
10476.1, 865, -2282, -9608, 5581, 114631, 1439, 54158, 42053
10478.4, 906, -2282, -9608, 5581, 114631, 1439, 54158, 42053
10484.1, 1175, -2376, -9397, 5743, 117352, 1540, 55777, 42039
10486.4, 1078, -2376, -9397, 5743, 117352, 1540, 55777, 42039
10490.6, 1487, -2614, -9152, 5953, 119496, 148, 57186, 42039
10494.3, 1681, -2614, -9152, 5953, 119496, 148, 57186, 42044
10496.6, 1592, -2614, -9152, 5953, 119496, 148, 57186, 42044
10500.8, 1912, -2870, -9117, 6466, 123915, -2638, 59269, 42044
10504.5, 1020, -2870, -9117, 6466, 123915, -2638, 59269, 42032
10506.8, 817, -2870, -9117, 6466, 123915, -2638, 59269, 42032
10511.0, 2610, -2894, -9001, 6408, 126636, -4239, 63049, 42032
10514.8, 2211, -2894, -9001, 6408, 126636, -4239, 63049, 42032
10517.0, 1381, -2894, -9001, 6408, 126636, -4239, 63049, 42032
10522.8, 1538, -2890, -8935, 6684, 127454, -6986, 66194, 42031
10526.5, 1117, -2890, -8935, 6684, 127454, -6986, 66194, 42028
10530.8, 1239, -2784, -8603, 6664, 131663, -10557, 67533, 42028
10534.5, 1652, -2784, -8603, 6664, 131663, -10557, 67533, 42021
10538.7, 2413, -2742, -8372, 6556, 132350, -10290, 68649, 42021
10542.5, 1709, -2742, -8372, 6556, 132350, -10290, 68649, 42021
10546.2, 1024, -2742, -8372, 6556, 132350, -10290, 68649, 42018
10550.5, 2112, -2830, -7968, 6798, 133203, -7183, 69576, 42018
10554.3, 1338, -2830, -7968, 6798, 133203, -7183, 69576, 42020
10558.5, 1404, -2797, -7700, 7052, 134564, -4178, 70447, 42020
10562.3, 2056, -2797, -7700, 7052, 134564, -4178, 70447, 42013
10566.0, 2120, -2797, -7700, 7052, 134564, -4178, 70447, 42008
10570.3, 1145, -2846, -7669, 7140, 135736, -1771, 71514, 42008
10574.1, 784, -2846, -7669, 7140, 135736, -1771, 71514, 42008
10578.3, 1383, -3025, -7389, 7270, 136462, -1732, 73383, 42008
10582.0, 2815, -3025, -7389, 7270, 136462, -1732, 73383, 42009
10585.8, 1397, -3025, -7389, 7270, 136462, -1732, 73383, 42005
10590.1, 2059, -3120, -7195, 7264, 136672, -2506, 75868, 42005
10593.8, 2291, -3120, -7195, 7264, 136672, -2506, 75868, 42005
10598.0, 1270, -3097, -7068, 7567, 138335, -870, 78786, 42005
10601.7, 1267, -3097, -7068, 7567, 138335, -870, 78786, 41987
10605.5, 1464, -3097, -7068, 7567, 138335, -870, 78786, 41995
10609.7, 1102, -3235, -7025, 6956, 137066, 411, 80107, 41995
10613.4, 1736, -3235, -7025, 6956, 137066, 411, 80107, 41989
10619.2, 1405, -3285, -6715, 7199, 136974, 1028, 79967, 41979
10622.9, 1122, -3285, -6715, 7199, 136974, 1028, 79967, 42002
10628.6, 1844, -3142, -6439, 7646, 138471, 3556, 79678, 41966
10630.8, 1580, -3142, -6439, 7646, 138471, 3556, 79678, 41966
10633.2, 1562, -3142, -6439, 7646, 138471, 3556, 79678, 41966
10638.9, 2081, -3190, -6222, 7526, 137263, 6116, 79276, 41966
10641.2, 1573, -3190, -6222, 7526, 137263, 6116, 79276, 41966
10645.4, 1730, -3190, -6222, 7526, 137263, 6116, 79267, 41966
10649.2, 1230, -3190, -6222, 7526, 137263, 6116, 79267, 41948
10651.4, 1073, -3190, -6222, 7526, 137263, 6116, 79267, 41948
10655.6, 1947, -3308, -6001, 7638, 138842, 3946, 80216, 41948
10659.3, 1570, -3308, -6001, 7638, 138842, 3946, 80216, 41920
10661.6, 1155, -3308, -6001, 7638, 138842, 3946, 80216, 41920
10665.8, 1696, -3506, -5673, 8136, 136874, 4353, 81052, 41920
10669.5, 1038, -3506, -5673, 8136, 136874, 4353, 81052, 41938
10671.8, 266, -3506, -5673, 8136, 136874, 4353, 81052, 41938
10676.0, 2148, -3505, -5511, 7596, 134852, 6138, 80116, 41938
10679.7, 3049, -3505, -5511, 7596, 134852, 6138, 80116, 41928
10682.0, 1904, -3505, -5511, 7596, 134852, 6138, 80116, 41928
10687.7, 986, -3273, -5000, 7776, 133457, 4742, 77399, 41873
10691.4, 2102, -3273, -5000, 7776, 133457, 4742, 77399, 41942
10695.6, 2050, -3273, -5000, 7984, 131015, 5110, 76813, 41942
10699.4, 1054, -3273, -5000, 7984, 131015, 5110, 76813, 41913
10703.6, 1718, -3365, -4569, 7984, 131015, 5110, 76813, 41913
10707.3, 2228, -3365, -4569, 7984, 131015, 5110, 76813, 41900
10711.1, 1412, -3365, -4569, 7984, 131015, 5110, 76813, 41896
10715.3, 1494, -3369, -4451, 7768, 127909, 4795, 79263, 41896
10719.0, 1613, -3369, -4451, 7768, 127909, 4795, 79263, 41884
10723.2, 1410, -3455, -4261, 7768, 127909, 4795, 79263, 41884
10727.0, 1430, -3455, -4261, 7768, 127909, 4795, 79263, 41882
10730.8, 2024, -3455, -4261, 7768, 127909, 4795, 79263, 41815
10735.0, 2551, -3470, -4040, 7739, 123630, 4834, 76909, 41815
10738.8, 1200, -3470, -4040, 7739, 123630, 4834, 76909, 41879
10743.0, 1077, -3434, -4002, 7739, 123630, 4834, 76909, 41879
10746.7, 1034, -3434, -4002, 7739, 123630, 4834, 76909, 41857
10749.0, 1424, -3434, -4002, 7739, 123630, 4834, 76909, 41857
10754.8, 2629, -3439, -3765, 7679, 122917, 8198, 71668, 41845
10758.5, 2243, -3439, -3765, 7679, 122917, 8198, 71668, 41846
10762.7, 1103, -3375, -3631, 7679, 122917, 8198, 71668, 41846
10766.5, 641, -3375, -3631, 7679, 122917, 8198, 71668, 41839
10768.8, 100, -3375, -3631, 7679, 122917, 8198, 71668, 41839
10774.5, 775, -3628, -3611, 7282, 124838, 11904, 69231, 41837
10778.2, 3174, -3628, -3611, 7282, 124838, 11904, 69231, 41823
10784.0, 1827, -3854, -3229, 7282, 118301, 14275, 67424, 41825
10787.7, 1296, -3854, -3229, 7282, 118301, 14275, 67424, 41820
10793.4, 2278, -3920, -3262, 7345, 118301, 14275, 67424, 41807
10797.2, 1355, -3920, -3262, 7345, 118301, 14275, 67424, 41807
10802.9, 1759, -3589, -2651, 8482, 117610, 13116, 65109, 41790
10806.6, 1180, -3589, -2651, 8482, 117610, 13116, 65109, 41799
10810.9, 1041, -3622, -2280, 8460, 115200, 5639, 62686, 41799
10814.7, 1642, -3622, -2280, 8460, 115200, 5639, 62686, 41784
10817.0, 1741, -3622, -2280, 8460, 115200, 5639, 62686, 41784
10822.7, 1681, -3906, -1780, 7874, 114276, 109, 62764, 41760
10826.4, 1803, -3906, -1780, 7874, 114276, 109, 62764, 41791
10830.7, 2058, -3657, -1632, 7645, 110947, 1299, 62331, 41791
10834.5, 1542, -3657, -1632, 7645, 110947, 1299, 62331, 41780
10836.7, 892, -3657, -1632, 7645, 110947, 1299, 62331, 41780
10841.0, 1685, -3643, -1309, 7593, 106616, 3657, 57615, 41780
10844.8, 2054, -3643, -1309, 7593, 106616, 3657, 57615, 42002
10849.1, 2603, -3890, -803, 8033, 106126, 5368, 54377, 42002
10852.8, 1321, -3890, -803, 8033, 106126, 5368, 54377, 41812
10856.6, 1739, -3890, -803, 8033, 106126, 5368, 54377, 41790
10860.8, 2528, -4119, -914, 8129, 104634, 8400, 53227, 41790
10864.5, 940, -4119, -914, 8129, 104634, 8400, 53227, 41771
10868.7, 838, -4268, -1086, 8072, 106287, 10110, 51971, 41771
10872.5, 2057, -4268, -1086, 8072, 106287, 10110, 51971, 41814
10876.3, 2717, -4268, -1086, 8072, 106287, 10110, 51971, 41773
10880.5, 1414, -4192, -1244, 7474, 102709, 6168, 47793, 41773
10884.3, 715, -4192, -1244, 7474, 102709, 6168, 47793, 41777
10888.5, 2409, -4125, -699, 7756, 103439, 1675, 42923, 41777
10892.3, 2231, -4125, -699, 7756, 103439, 1675, 42923, 41779
10896.3, 1740, -4125, -699, 7756, 103439, 1675, 42923, 41784
10900.6, 1526, -3904, -343, 7954, 101829, 2681, 39021, 41784
10904.4, 884, -3904, -343, 7954, 101829, 2681, 39021, 41757
10908.6, 1393, -3957, -174, 7473, 100329, 4554, 37205, 41757
10912.4, 1726, -3957, -174, 7473, 100329, 4554, 37205, 41777
10916.2, 1199, -3957, -174, 7473, 100329, 4554, 37205, 41775
10920.5, 2080, -3839, 233, 7528, 102582, 8163, 39970, 41775
10924.2, 1866, -3839, 233, 7528, 102582, 8163, 39970, 41789
10928.4, 1320, -3573, 125, 7887, 98605, 7940, 40915, 41789
10932.2, 1384, -3573, 125, 7887, 98605, 7940, 40915, 41737
10937.9, 2093, -3567, 728, 7611, 96098, 5328, 39524, 41706
10941.6, 2155, -3567, 728, 7611, 96098, 5328, 39524, 41711
10943.9, 1644, -3567, 728, 7611, 96098, 5328, 39524, 41711
10949.6, 1942, -3640, 1205, 7438, 94785, 4943, 39240, 41697
10951.9, 1855, -3640, 1205, 7438, 94785, 4943, 39240, 41697
10957.6, 834, -3936, 1230, 7359, 93508, 6444, 40438, 41687
10961.3, 1230, -3936, 1230, 7359, 93508, 6444, 40438, 41673
10965.6, 2258, -4629, 1000, 7389, 95744, 8019, 42035, 41673
10969.3, 1360, -4629, 1000, 7389, 95744, 8019, 42035, 41699
10971.6, 779, -4629, 1000, 7389, 95744, 8019, 42035, 41699
10975.9, 1974, -4882, 869, 7494, 96763, 8526, 41698, 41699
10979.6, 2692, -4882, 869, 7494, 96763, 8526, 41698, 41657
10981.8, 1971, -4882, 869, 7494, 96763, 8526, 41698, 41657
10987.6, 1694, -4572, 1173, 6735, 94370, 4296, 36890, 41650
10991.3, 2367, -4572, 1173, 6735, 94370, 4296, 36890, 41644
10995.6, 2162, -4242, 1910, 7343, 95306, 494, 32091, 41644
10999.3, 1376, -4242, 1910, 7343, 95306, 494, 32091, 41624
11001.6, 1089, -4242, 1910, 7343, 95306, 494, 32091, 41624
11005.9, 994, -4156, 2529, 7165, 95744, 3775, 30026, 41624
11009.7, 1669, -4156, 2529, 7165, 95744, 3775, 30026, 41620
11011.9, 1938, -4156, 2529, 7165, 95744, 3775, 30026, 41620
11017.7, 1710, -4247, 2716, 6723, 93945, 11226, 31351, 41647
11021.5, 1102, -4247, 2716, 6723, 93945, 11226, 31351, 41611
11025.7, 734, -4475, 2680, 7424, 92388, 11427, 31163, 41611
11029.5, 1123, -4475, 2680, 7424, 92388, 11427, 31163, 41604
11033.7, 357, -4424, 3136, 7909, 94099, 6160, 30231, 41604
11037.5, 2138, -4424, 3136, 7909, 94099, 6160, 30231, 41587
11041.2, 1687, -4424, 3136, 7909, 94099, 6160, 30231, 41574
11045.5, 123, -4491, 2976, 7573, 91605, 2677, 28696, 41574
11049.2, 1244, -4491, 2976, 7573, 91605, 2677, 28696, 41574
11053.5, 2415, -4590, 3130, 8164, 97314, 1758, 28267, 41574
11057.3, 423, -4590, 3130, 8164, 97314, 1758, 28267, 41589
11061.0, 666, -4590, 3130, 8164, 97314, 1758, 28267, 41551
11065.3, 1308, -4232, 2620, 7607, 93337, 253, 27654, 41551
11069.0, 618, -4232, 2620, 7607, 93337, 253, 27654, 41545
11073.2, 1715, -4168, 2950, 7804, 93661, -3482, 26709, 41545
11076.9, 2522, -4168, 2950, 7804, 93661, -3482, 26709, 41540
11080.7, 1357, -4168, 2950, 7804, 93661, -3482, 26709, 41503
11084.9, 1289, -3750, 3299, 7931, 89627, -5512, 27199, 41503
11088.6, 1327, -3750, 3299, 7931, 89627, -5512, 27199, 41528
11092.8, 1083, -3686, 3682, 8324, 84215, -6571, 27895, 41528
11096.6, 944, -3686, 3682, 8324, 84215, -6571, 27895, 41521
11098.8, 1065, -3686, 3682, 8324, 84215, -6571, 27895, 41521
11104.6, 2575, -3875, 3937, 8057, 80960, -9861, 30551, 41515
11108.3, 1138, -3875, 3937, 8057, 80960, -9861, 30551, 41529
11114.0, 911, -4004, 3646, 8216, 77920, -10933, 33263, 41502
11116.2, 882, -4004, 3646, 8216, 77920, -10933, 33263, 41502
11118.5, 1078, -4004, 3646, 8216, 77920, -10933, 33263, 41502
11124.2, 2468, -4059, 3263, 8486, 78641, -9852, 32624, 41491
11126.5, 1890, -4059, 3263, 8486, 78641, -9852, 32624, 41491
11130.7, 1607, -3996, 2998, 7845, 74958, -9266, 27247, 41491
11134.5, 2575, -3996, 2998, 7845, 74958, -9266, 27247, 41483
11136.8, 2218, -3996, 2998, 7845, 74958, -9266, 27247, 41483
11141.0, 940, -3922, 3129, 7179, 74258, -11764, 22877, 41483
11144.7, 842, -3922, 3129, 7179, 74258, -11764, 22877, 41482
11147.0, 1238, -3922, 3129, 7179, 74258, -11764, 22877, 41482
11152.7, 1936, -3829, 3445, 7336, 74139, -9651, 23100, 41476
11156.4, 1962, -3829, 3445, 7336, 74139, -9651, 23100, 41438
11160.7, 1678, -3887, 3632, 7173, 70618, -5525, 23375, 41438
11164.5, 925, -3887, 3632, 7173, 70618, -5525, 23375, 41480
11166.8, 1764, -3887, 3632, 7173, 70618, -5525, 23375, 41480
11171.0, 2356, -3897, 3928, 7276, 69401, -8168, 22290, 41480
11174.7, 731, -3897, 3928, 7276, 69401, -8168, 22290, 41472
11178.9, 2678, -3908, 4238, 7053, 67717, -14621, 19355, 41472
11182.7, 1816, -3908, 4238, 7053, 67717, -14621, 19355, 41461
11186.4, 1974, -3908, 4238, 7053, 67717, -14621, 19355, 41444
11190.7, 988, -4049, 4336, 7146, 67485, -15233, 16091, 41444
11194.5, 1354, -4049, 4336, 7146, 67485, -15233, 16091, 41461
11198.7, 1907, -3986, 4028, 7261, 68636, -9633, 14564, 41461
11202.5, 2510, -3986, 4028, 7261, 68636, -9633, 14564, 41471
11206.2, 1825, -3986, 4028, 7261, 68636, -9633, 14564, 41463
11210.5, 1721, -3869, 3862, 7290, 68071, -9428, 12657, 41463
11214.2, 1424, -3869, 3862, 7290, 68071, -9428, 12657, 41456
11218.4, 1775, -3579, 4258, 7152, 66837, -14792, 11480, 41456
11222.1, 2279, -3579, 4258, 7152, 66837, -14792, 11480, 41454
11225.9, 1862, -3579, 4258, 7152, 66837, -14792, 11480, 41455
11230.1, 1817, -3479, 4612, 7183, 63561, -13545, 9839, 41455
11233.8, 2683, -3479, 4612, 7183, 63561, -13545, 9839, 41442
11238.1, 2113, -3551, 5034, 7393, 61727, -10924, 7756, 41442
11241.8, 1250, -3551, 5034, 7393, 61727, -10924, 7756, 41437
11244.1, 967, -3551, 5034, 7393, 61727, -10924, 7756, 41437
11249.9, 1965, -3597, 5498, 6982, 60800, -12473, 5976, 41433
11253.6, 1748, -3597, 5498, 6982, 60800, -12473, 5976, 41426
11257.9, 1977, -3738, 5352, 7400, 57733, -11572, 4637, 41426
11261.6, 1689, -3738, 5352, 7400, 57733, -11572, 4637, 41422
11263.9, 1710, -3738, 5352, 7400, 57733, -11572, 4637, 41422
11269.7, 1273, -3575, 5221, 7229, 54915, -7765, 2869, 41413
11273.4, 2429, -3575, 5221, 7229, 54915, -7765, 2869, 41405
11279.2, 1305, -3494, 4895, 7342, 52303, -7608, 559, 41411
11281.4, 1254, -3494, 4895, 7342, 52303, -7608, 559, 41411
11285.7, 1574, -3494, 4895, 7342, 52303, -7608, 559, 41411
11289.4, 1489, -3494, 4895, 7342, 52303, -7608, 559, 41431
11291.7, 1390, -3494, 4895, 7342, 52303, -7608, 559, 41431
11297.4, 2352, -3410, 5145, 6805, 49635, -10718, -271, 41403
11301.2, 2274, -3410, 5145, 6805, 49635, -10718, -271, 41407
11305.4, 1575, -3211, 5525, 7097, 46038, -11873, -271, 41407
11309.1, 2033, -3211, 5525, 7097, 46038, -11873, -271, 41409
11311.4, 2102, -3211, 5525, 7097, 46038, -11873, -271, 41409
11315.6, 1076, -2750, 5596, 7001, 43991, -14000, 4125, 41409
11319.3, 2596, -2750, 5596, 7001, 43991, -14000, 4125, 41414
11321.6, 2329, -2750, 5596, 7001, 43991, -14000, 4125, 41414
11325.8, 1817, -2507, 5840, 6827, 43133, -14319, 6225, 41414
11329.5, 1625, -2507, 5840, 6827, 43133, -14319, 6225, 41405
11331.8, 1517, -2507, 5840, 6827, 43133, -14319, 6225, 41405
11336.0, 2305, -2311, 5955, 6805, 38596, -11082, 7490, 41405
11339.7, 2284, -2311, 5955, 6805, 38596, -11082, 7490, 41388
11343.9, 1855, -2111, 6213, 6255, 38596, -11082, 7490, 41388
11347.7, 2286, -2111, 6213, 6255, 38596, -11082, 7490, 41407
11351.4, 2651, -2111, 6213, 6255, 38596, -11082, 7490, 41406
11355.6, 2752, -2301, 6120, 6854, 29229, -5215, 11576, 41406
11359.4, 2593, -2301, 6120, 6854, 29229, -5215, 11576, 41399
11363.6, 2408, -2583, 6111, 7135, 29229, -5215, 11576, 41399
11367.3, 2689, -2583, 6111, 7135, 29229, -5215, 11576, 41483
11371.1, 2982, -2583, 6111, 7135, 29229, -5215, 11576, 41392
11375.3, 2482, -2875, 5694, 7017, 18615, -3920, 12665, 41392
11379.0, 2345, -2875, 5694, 7017, 18615, -3920, 12665, 41395
11383.2, 1258, -3102, 5570, 7145, 18615, -3920, 12665, 41395
11386.9, 1743, -3102, 5570, 7145, 18615, -3920, 12665, 41407
11390.7, 1497, -3102, 5570, 7145, 18615, -3920, 12665, 41409
11394.9, 803, -3565, 5557, 7217, 8141, -5796, 11366, 41409
11398.7, 595, -3565, 5557, 7217, 8141, -5796, 11366, 41392
11402.9, 539, -3669, 5500, 6935, 8141, -5796, 11366, 41392
11406.6, 294, -3669, 5500, 6935, 8141, -5796, 11366, 41387
11408.9, 90, -3669, 5500, 6935, 8141, -5796, 11366, 41387
11414.6, 434, -3547, 5502, 6689, -4007, -975, 6107, 41379
11418.3, 683, -3547, 5502, 6689, -4007, -975, 6107, 41412
11424.0, 362, -3570, 5624, 6474, -4007, -975, 2165, 41332
11427.8, 528, -3570, 5624, 6474, -4007, -975, 2165, 41380
11433.5, 545, -3323, 5687, 6257, -8185, 2778, 2165, 41352
11435.7, 30, -3323, 5687, 6257, -8185, 2778, 2165, 41352
11438.0, 123, -3323, 5687, 6257, -8185, 2778, 2165, 41352
11443.7, 823, -3062, 5513, 6080, -12162, 5630, -2099, 41369
11445.9, 599, -3062, 5513, 6080, -12162, 5630, -2099, 41369
11448.2, 773, -3062, 5513, 6080, -12162, 5630, -2099, 41369
11453.9, 1196, -3198, 5517, 6075, -16349, 7927, -6352, 41368
11456.2, 706, -3198, 5517, 6075, -16349, 7927, -6352, 41368
11460.5, 1025, -3363, 5582, 6481, -17894, 10233, -8596, 41368
11464.2, 934, -3363, 5582, 6481, -17894, 10233, -8596, 41373
11466.5, 855, -3363, 5582, 6481, -17894, 10233, -8596, 41373
11470.7, 2273, -3126, 5406, 6401, -19473, 8115, -8990, 41373
11474.4, 1713, -3126, 5406, 6401, -19473, 8115, -8990, 41422
11476.7, 1333, -3126, 5406, 6401, -19473, 8115, -8990, 41422
11480.9, 1610, -2869, 5527, 6221, -21892, 3561, -9130, 41422
11484.6, 1848, -2869, 5527, 6221, -21892, 3561, -9130, 41399
11486.9, 1461, -2869, 5527, 6221, -21892, 3561, -9130, 41399
11492.6, 1645, -2543, 5568, 6509, -22794, 240, -9813, 41419
11496.3, 1523, -2543, 5568, 6509, -22794, 240, -9813, 41376
11500.6, 2003, -2405, 5482, 6602, -25322, -2638, -12114, 41376
11504.4, 1311, -2405, 5482, 6602, -25322, -2638, -12114, 41439
11508.6, 1699, -2390, 5760, 6730, -28236, -2795, -14748, 41439
11512.3, 1457, -2390, 5760, 6730, -28236, -2795, -14748, 41448
11516.1, 1039, -2390, 5760, 6730, -28236, -2795, -14748, 41452
11520.4, 1669, -2176, 5742, 6835, -34213, 2200, -15107, 41452
11524.1, 2367, -2176, 5742, 6835, -34213, 2200, -15107, 41475
11528.3, 1715, -2375, 5631, 7088, -42705, 8903, -14000, 41475
11532.0, 1396, -2375, 5631, 7088, -42705, 8903, -14000, 41457
11535.7, 1401, -2375, 5631, 7088, -42705, 8903, -14000, 41438
11540.0, 1478, -2690, 5448, 6999, -50995, 10136, -12630, 41438
11543.7, 1742, -2690, 5448, 6999, -50995, 10136, -12630, 41452
11547.9, 1466, -2895, 5048, 7024, -54504, 8671, -12092, 41452
11551.7, 1472, -2895, 5048, 7024, -54504, 8671, -12092, 41450
11554.0, 1322, -2895, 5048, 7024, -54504, 8671, -12092, 41450
11559.8, 1715, -3122, 4832, 6647, -59859, 5915, -13422, 41436
11563.5, 1651, -3122, 4832, 6647, -59859, 5915, -13422, 41425
11567.7, 1607, -3142, 4786, 6346, -62064, 2856, -15724, 41425
11571.5, 1675, -3142, 4786, 6346, -62064, 2856, -15724, 41432
11573.8, 1459, -3142, 4786, 6346, -62064, 2856, -15724, 41432
11579.6, 1530, -2490, 4853, 6306, -62756, 944, -17819, 41444
11583.3, 1841, -2490, 4853, 6306, -62756, 944, -17819, 41424
11589.0, 2290, -2162, 5128, 6872, -64383, 3727, -19814, 41429
11592.7, 1694, -2162, 5128, 6872, -64383, 3727, -19814, 41418
11598.5, 1779, -2405, 5023, 7032, -67148, 8706, -20304, 41422
11600.7, 1612, -2405, 5023, 7032, -67148, 8706, -20304, 41422
11603.0, 2063, -2405, 5023, 7032, -67148, 8706, -20304, 41422
11608.7, 1726, -2901, 4939, 7584, -65914, 13203, -18200, 41423
11610.9, 1212, -2901, 4939, 7584, -65914, 13203, -18200, 41423
11613.2, 1361, -2901, 4939, 7584, -65914, 13203, -18200, 41423
11618.9, 1837, -3358, 4398, 7505, -70324, 12713, -17080, 41418
11621.2, 1347, -3358, 4398, 7505, -70324, 12713, -17080, 41418
11625.4, 1722, -3669, 4366, 7428, -73413, 8264, -17128, 41418
11629.2, 2036, -3669, 4366, 7428, -73413, 8264, -17128, 41414
11631.5, 1771, -3669, 4366, 7428, -73413, 8264, -17128, 41414
11635.7, 1860, -3519, 4412, 7392, -80072, 1785, -18655, 41414
11639.4, 1830, -3519, 4412, 7392, -80072, 1785, -18655, 41405
11641.7, 1620, -3519, 4412, 7392, -80072, 1785, -18655, 41405
11645.9, 1546, -3464, 4719, 7435, -82605, -5320, -21135, 41405
11649.6, 1843, -3464, 4719, 7435, -82605, -5320, -21135, 41409
11651.9, 1728, -3464, 4719, 7435, -82605, -5320, -21135, 41409
11657.6, 1409, -3544, 4819, 7251, -86101, -7402, -23069, 41401
11661.3, 1024, -3544, 4819, 7251, -86101, -7402, -23069, 41406
11665.6, 1912, -4048, 4512, 7526, -84898, -1798, -24609, 41406
11669.4, 2625, -4048, 4512, 7526, -84898, -1798, -24609, 41405
11673.6, 1861, -4244, 3960, 8042, -84329, 7953, -26652, 41405
11677.3, 1781, -4244, 3960, 8042, -84329, 7953, -26652, 41401
11681.1, 1784, -4244, 3960, 8042, -84329, 7953, -26652, 41388
11685.3, 1616, -4348, 3112, 8352, -83218, 8776, -29789, 41388
11689.1, 1584, -4348, 3112, 8352, -83218, 8776, -29789, 41403
11693.3, 1597, -4408, 2997, 7497, -81700, 166, -31859, 41403
11697.0, 1532, -4408, 2997, 7497, -81700, 166, -31859, 41384
11700.7, 1524, -4408, 2997, 7497, -81700, 166, -31859, 41386
11705.0, 1753, -4280, 3153, 6614, -86381, -5398, -33163, 41386
11708.7, 2103, -4280, 3153, 6614, -86381, -5398, -33163, 41364
11712.9, 2254, -3827, 3870, 6842, -92348, -2975, -34344, 41364
11716.7, 1709, -3827, 3870, 6842, -92348, -2975, -34344, 41362
11719.0, 1254, -3827, 3870, 6842, -92348, -2975, -34344, 41362
11724.8, 1591, -3751, 4366, 7567, -92563, -1728, -34930, 41362
11728.5, 1409, -3751, 4366, 7567, -92563, -1728, -34930, 41392
11732.7, 1651, -4312, 4405, 7903, -91784, -699, -33933, 41392
11736.5, 2127, -4312, 4405, 7903, -91784, -699, -33933, 41359
11738.8, 2004, -4312, 4405, 7903, -91784, -699, -33933, 41359
11744.6, 2063, -4625, 3653, 7907, -95013, 4418, -32834, 41361
11748.3, 1671, -4625, 3653, 7907, -95013, 4418, -32834, 41360
11754.1, 1722, -4635, 2673, 8566, -92401, 5083, -33867, 41334
11757.8, 1785, -4635, 2673, 8566, -92401, 5083, -33867, 41359
11763.5, 1766, -4865, 1953, 8551, -90598, -3797, -37769, 41339
11765.7, 1412, -4865, 1953, 8551, -90598, -3797, -37769, 41339
11768.0, 1477, -4865, 1953, 8551, -90598, -3797, -37769, 41339
11773.7, 1661, -5154, 1624, 7947, -90935, -12508, -41733, 41341
11775.9, 1636, -5154, 1624, 7947, -90935, -12508, -41733, 41341
11780.2, 1763, -4846, 1668, 7849, -91250, -15111, -43545, 41341
11784.0, 1547, -4846, 1668, 7849, -91250, -15111, -43545, 41354
11786.2, 1234, -4846, 1668, 7849, -91250, -15111, -43545, 41354
11790.5, 1848, -3948, 1890, 7355, -96050, -18003, -45645, 41354
11794.2, 1607, -3948, 1890, 7355, -96050, -18003, -45645, 41335
11796.5, 1187, -3948, 1890, 7355, -96050, -18003, -45645, 41335
11800.7, 1486, -2901, 2603, 7674, -98211, -18410, -46008, 41335
11804.4, 1579, -2901, 2603, 7674, -98211, -18410, -46008, 41296
11806.7, 1325, -2901, 2603, 7674, -98211, -18410, -46008, 41296
11810.9, 1376, -2478, 2867, 8595, -97371, -12442, -42083, 41296
11814.6, 2217, -2478, 2867, 8595, -97371, -12442, -42083, 41290
11816.9, 2087, -2478, 2867, 8595, -97371, -12442, -42083, 41290
11822.6, 1611, -2766, 2352, 8520, -97962, -2773, -36151, 41270
11826.3, 1426, -2766, 2352, 8520, -97962, -2773, -36151, 41266
11830.6, 1633, -3517, 1485, 8392, -98579, 1592, -31776, 41266
11834.4, 1754, -3517, 1485, 8392, -98579, 1592, -31776, 41237
11838.6, 1544, -3517, 1485, 8392, -99012, -1439, -30638, 41237
11842.3, 1956, -3517, 1485, 8392, -99012, -1439, -30638, 41210
11846.1, 1768, -3517, 1485, 8392, -99012, -1439, -30638, 41198
11850.3, 1590, -5010, 52, 8568, -97428, -3762, -31500, 41198
11854.1, 1526, -5010, 52, 8568, -97428, -3762, -31500, 41179
11858.3, 1648, -5010, 52, 8568, -94278, -5250, -34528, 41179
11862.0, 1737, -5010, 52, 8568, -94278, -5250, -34528, 41154
11865.8, 1788, -5010, 52, 8568, -94278, -5250, -34528, 41139
11870.0, 1639, -5193, -771, 7822, -96155, -11086, -40167, 41139
11873.7, 1601, -5193, -771, 7822, -96155, -11086, -40167, 41127
11877.9, 1737, -5193, -771, 7822, -95779, -18506, -46699, 41127
11881.6, 1757, -5193, -771, 7822, -95779, -18506, -46699, 41086
11883.9, 1306, -5193, -771, 7822, -95779, -18506, -46699, 41086
11889.7, 1679, -3932, 292, 8089, -96365, -17552, -50619, 41060
11893.4, 1634, -3932, 292, 8089, -96365, -17552, -50619, 41037
11899.1, 1321, -3547, 607, 8057, -96645, -9913, -50444, 41013
11902.8, 996, -3547, 607, 8057, -96645, -9913, -50444, 40998
11908.5, 1869, -3386, -159, 8873, -94462, -1793, -45977, 40963
11912.3, 2245, -3386, -159, 8873, -94462, -1793, -45977, 40919
11918.0, 1896, -3386, -159, 8873, -94462, -1793, -45977, 40904
11921.7, 1912, -3386, -159, 8873, -94462, -1793, -45977, 40874
11927.5, 1523, -3526, -1269, 9812, -92296, 6938, -39834, 40848
11931.2, 1357, -3526, -1269, 9812, -92296, 6938, -39834, 40857
11933.5, 1310, -3526, -1269, 9812, -92296, 6938, -39834, 40857
11939.2, 1719, -3613, -1883, 8706, -90629, -6107, -42162, 40809
11941.5, 1422, -3613, -1883, 8706, -90629, -6107, -42162, 40809
11945.8, 1647, -4338, -1883, 8706, -90629, -6107, -42162, 40809
11949.6, 1795, -4338, -1883, 8706, -90629, -6107, -42162, 40810
11951.9, 1363, -4338, -1883, 8706, -90629, -6107, -42162, 40810
11957.6, 1672, -4757, -1138, 8215, -93184, -12171, -45032, 40764
11961.3, 1581, -4757, -1138, 8215, -93184, -12171, -45032, 40750
11965.6, 1545, -4841, -426, 8290, -97397, -11257, -46686, 40750
11969.4, 1673, -4841, -426, 8290, -97397, -11257, -46686, 40727
11971.6, 1325, -4841, -426, 8290, -97397, -11257, -46686, 40727
11975.9, 1438, -4955, -75, 8518, -94890, -11930, -45846, 40727
11979.6, 1606, -4955, -75, 8518, -94890, -11930, -45846, 40713
11983.9, 1451, -4932, -607, 8713, -92795, -8614, -42954, 40713
11987.6, 1303, -4932, -607, 8713, -92795, -8614, -42954, 40724
11991.3, 1448, -4932, -607, 8713, -92795, -8614, -42954, 40686
11995.6, 1979, -4465, -1582, 8988, -89041, -2826, -43317, 40686
11999.4, 2182, -4465, -1582, 8988, -89041, -2826, -43317, 40701
12003.6, 1558, -4016, -2184, 8747, -87597, -1701, -49188, 40701
12007.3, 1349, -4016, -2184, 8747, -87597, -1701, -49188, 40696
12011.1, 1552, -4016, -2184, 8747, -87597, -1701, -49188, 40695
12015.3, 1914, -3844, -2270, 8915, -87794, -1701, -54854, 40695
12019.1, 1853, -3844, -2270, 8915, -87794, -1701, -54854, 40646
12023.3, 1535, -3982, -2032, 8577, -90528, -2030, -55370, 40646
12027.0, 1632, -3982, -2032, 8577, -90528, -2030, -55370, 40670
12030.7, 1940, -3982, -2032, 8577, -90528, -2030, -55370, 40670
12035.0, 1690, -4348, -1661, 8862, -92939, -3880, -51306, 40670
12038.7, 1483, -4348, -1661, 8862, -92939, -3880, -51306, 40558
12042.9, 1856, -4420, -1642, 9061, -98019, -5175, -46563, 40558
12046.7, 1596, -4420, -1642, 9061, -98019, -5175, -46563, 40535
12049.0, 1253, -4420, -1642, 9061, -98019, -5175, -46563, 40535
12054.8, 1673, -4555, -1935, 9746, -93639, -8216, -43676, 40558
12058.5, 1628, -4555, -1935, 9746, -93639, -8216, -43676, 40532
12062.7, 1734, -4380, -2850, 8575, -93836, -8863, -43601, 40532
12066.5, 1601, -4380, -2850, 8575, -93836, -8863, -43601, 40574
12068.8, 1483, -4380, -2850, 8575, -93836, -8863, -43601, 40574
12074.6, 1706, -4007, -3119, 8402, -92152, -9975, -47001, 40568
12078.3, 1066, -4007, -3119, 8402, -92152, -9975, -47001, 40569
12084.0, 1625, -3369, -2822, 8186, -95030, -13370, -52019, 40588
12086.3, 2060, -3369, -2822, 8186, -95030, -13370, -52019, 40588
12088.5, 1801, -3369, -2822, 8186, -95030, -13370, -52019, 40588
12094.2, 1834, -3363, -2388, 8522, -92257, -14253, -52999, 40559
12096.5, 1686, -3363, -2388, 8522, -92257, -14253, -52999, 40559
12100.7, 1911, -3647, -2815, 8678, -91421, -7813, -47578, 40559
12104.4, 1498, -3647, -2815, 8678, -91421, -7813, -47578, 40564
12106.7, 1112, -3647, -2815, 8678, -91421, -7813, -47578, 40564
12110.9, 1554, -3804, -4107, 7710, -94260, 279, -42744, 40564
12114.6, 1811, -3804, -4107, 7710, -94260, 279, -42744, 40565
12116.9, 1542, -3804, -4107, 7710, -94260, 279, -42744, 40565
12122.6, 2073, -3885, -4631, 7164, -93792, 446, -42315, 40574
12126.3, 1685, -3885, -4631, 7164, -93792, 446, -42315, 40585
12130.5, 1574, -3885, -4492, 7147, -95621, -713, -44157, 40585
12134.3, 1600, -3885, -4492, 7147, -95621, -713, -44157, 40600
12136.5, 1309, -3885, -4492, 7147, -95621, -713, -44157, 40600
12140.8, 1595, -4076, -4230, 8523, -95162, 743, -44126, 40600
12144.6, 1866, -4076, -4230, 8523, -95162, 743, -44126, 40610
12148.8, 1706, -3762, -4048, 8139, -94309, -1172, -42976, 40610
12152.5, 1270, -3762, -4048, 8139, -94309, -1172, -42976, 40611
12156.3, 1266, -3762, -4048, 8139, -94309, -1172, -42976, 40621
12160.5, 1751, -3556, -4437, 7814, -97227, -2550, -44590, 40621
12164.3, 1332, -3556, -4437, 7814, -97227, -2550, -44590, 40640
12168.5, 1109, -3497, -4271, 8382, -94326, -6033, -47066, 40640
12172.2, 2261, -3497, -4271, 8382, -94326, -6033, -47066, 40653
12176.0, 2286, -3497, -4271, 8382, -94326, -6033, -47066, 40714
12180.3, 2200, -3385, -4574, 8456, -94116, -7262, -48418, 40714
12184.0, 1618, -3385, -4574, 8456, -94116, -7262, -48418, 40709
12188.3, 1515, -3332, -5394, 7563, -91557, -1522, -47990, 40709
12192.0, 1391, -3332, -5394, 7563, -91557, -1522, -47990, 40734
12195.7, 1509, -3332, -5394, 7563, -91557, -1522, -47990, 40746
12200.0, 1930, -3366, -6397, 6154, -91268, 3399, -46778, 40746
12203.7, 1955, -3366, -6397, 6154, -91268, 3399, -46778, 40754
12207.9, 1640, -3664, -6409, 6399, -91679, -962, -45596, 40754
12211.7, 1596, -3664, -6409, 6399, -91679, -962, -45596, 40766
12214.0, 1369, -3664, -6409, 6399, -91679, -962, -45596, 40766
12219.8, 1754, -3873, -5508, 7302, -92629, -4151, -41108, 40805
12223.5, 1633, -3873, -5508, 7302, -92629, -4151, -41108, 40781
12227.7, 1606, -3899, -5075, 7561, -97130, 1010, -35914, 40781
12231.5, 1515, -3899, -5075, 7561, -97130, 1010, -35914, 40789
12233.8, 1253, -3899, -5075, 7561, -97130, 1010, -35914, 40789
12239.6, 1474, -4117, -5283, 8375, -99064, 1763, -35131, 40785
12243.3, 1263, -4117, -5283, 8375, -99064, 1763, -35131, 40779
12249.0, 2076, -3830, -5262, 8423, -97984, -4033, -39852, 40803
12251.3, 2188, -3830, -5262, 8423, -97984, -4033, -39852, 40803
12253.6, 1819, -3830, -5262, 8423, -97984, -4033, -39852, 40803
12259.3, 1423, -3320, -5362, 7786, -103584, -6072, -48375, 40802
12261.6, 974, -3320, -5362, 7786, -103584, -6072, -48375, 40802
12265.8, 1706, -3186, -5356, 8514, -102792, -8198, -54845, 40802
12269.6, 1926, -3186, -5356, 8514, -102792, -8198, -54845, 40770
12271.9, 1501, -3186, -5356, 8514, -102792, -8198, -54845, 40770
12277.6, 1971, -2762, -6020, 7529, -103579, -9008, -54732, 40820
12281.4, 1909, -2762, -6020, 7529, -103579, -9008, -54732, 40803
12285.6, 2043, -2657, -6926, 6309, -101576, -8653, -50317, 40803
12289.4, 1574, -2657, -6926, 6309, -101576, -8653, -50317, 40828
12291.6, 1260, -2657, -6926, 6309, -101576, -8653, -50317, 40828
12295.9, 1715, -2641, -7409, 5525, -101029, -8610, -44455, 40828
12299.7, 1612, -2641, -7409, 5525, -101029, -8610, -44455, 40824
12303.9, 1709, -2600, -7187, 5361, -102381, -5306, -39821, 40824
12308.0, 1558, -2600, -7187, 5361, -102381, -5306, -39821, 40862
12311.7, 1661, -2600, -7187, 5361, -102381, -5306, -39821, 40889
12317.5, 1604, -2995, -6944, 6071, -103627, 2638, -35788, 40917
12321.2, 1535, -2995, -6944, 6071, -103627, 2638, -35788, 40962
12325.4, 1584, -3268, -6966, 7046, -104376, 6304, -33998, 40962
12329.1, 1741, -3268, -6966, 7046, -104376, 6304, -33998, 40947
12333.4, 1943, -3151, -7149, 7220, -105666, 3657, -37778, 40947
12337.1, 1649, -3151, -7149, 7220, -105666, 3657, -37778, 40960
12340.8, 1741, -3151, -7149, 7220, -105666, 3657, -37778, 40972
12345.1, 1554, -3186, -7347, 7635, -105194, -144, -43663, 40972
12348.8, 1564, -3186, -7347, 7635, -105194, -144, -43663, 40969
12353.0, 1417, -2870, -7820, 6473, -106506, -3605, -48939, 40969
12356.7, 1947, -2870, -7820, 6473, -106506, -3605, -48939, 40984
12360.5, 2079, -2870, -7820, 6473, -106506, -3605, -48939, 40995
12364.7, 1752, -2478, -8152, 5843, -105583, -3701, -52474, 40995
12368.5, 1771, -2478, -8152, 5843, -105583, -3701, -52474, 40997
12372.7, 1697, -2168, -8224, 5341, -101484, -5582, -50654, 40997
12376.4, 1641, -2168, -8224, 5341, -101484, -5582, -50654, 41007
12378.7, 1254, -2168, -8224, 5341, -101484, -5582, -50654, 41007
12384.5, 1658, -1785, -8435, 4019, -100246, -5993, -46406, 41004
12388.2, 1788, -1785, -8435, 4019, -100246, -5993, -46406, 40995
12394.0, 1742, -1895, -8376, 4820, -97380, -3456, -41589, 40997
12397.7, 1553, -1895, -8376, 4820, -97380, -3456, -41589, 41002
12403.4, 1522, -2112, -8426, 4992, -95888, 866, -37861, 41010
12407.1, 1419, -2112, -8426, 4992, -95888, 866, -37861, 41020
12412.8, 1674, -2522, -8620, 4840, -96006, 6260, -36251, 41027
12416.5, 1787, -2522, -8620, 4840, -96006, 6260, -36251, 41083
12420.8, 1576, -2522, -8877, 5968, -95704, 7918, -37258, 41083
12424.5, 1667, -2522, -8877, 5968, -95704, 7918, -37258, 41045
12426.8, 1652, -2522, -8877, 5968, -95704, 7918, -37258, 41045
12431.0, 1215, -2976, -8981, 6296, -92169, 3902, -40810, 41045
12434.7, 1565, -2976, -8981, 6296, -92169, 3902, -40810, 41115
12437.0, 1604, -2976, -8981, 6296, -92169, 3902, -40810, 41115
12442.7, 2304, -2663, -9240, 5956, -91220, 301, -44533, 41116
12446.4, 2070, -2663, -9240, 5956, -91220, 301, -44533, 41130
12450.6, 1642, -2297, -9564, 5857, -87352, -5840, -47307, 41130
12454.4, 1343, -2297, -9564, 5857, -87352, -5840, -47307, 41090
12456.6, 1027, -2297, -9564, 5857, -87352, -5840, -47307, 41090
12460.9, 1670, -1919, -9586, 4015, -84460, -13558, -47955, 41090
12464.7, 1934, -1919, -9586, 4015, -84460, -13558, -47955, 41157
12468.9, 1810, -1919, -9586, 4015, -84460, -13558, -45850, 41157
12472.6, 1650, -1919, -9586, 4015, -84460, -13558, -45850, 41166
12476.4, 1719, -1919, -9586, 4015, -84460, -13558, -45850, 41168
12480.6, 1752, -2242, -8924, 4506, -77569, -11064, -40578, 41168
12484.4, 1619, -2242, -8924, 4506, -77569, -11064, -40578, 41205
12488.6, 1652, -2242, -8924, 4506, -77569, -11064, -36724, 41205
12492.3, 1673, -2242, -8924, 4506, -77569, -11064, -36724, 41183
12496.1, 1883, -2242, -8924, 4506, -77569, -11064, -36724, 41191
12500.3, 1762, -2651, -8918, 4627, -79153, 5083, -36943, 41191
12504.0, 1646, -2651, -8918, 4627, -79153, 5083, -36943, 41201
12508.2, 1733, -2651, -8918, 4627, -79153, 5083, -36943, 41201
12512.0, 1347, -2651, -8918, 4627, -79153, 5083, -36943, 41215
12515.7, 1390, -2651, -8918, 4627, -79153, 5083, -36943, 41163
12520.0, 1910, -3148, -8642, 6149, -83611, 4628, -40469, 41163
12523.7, 1729, -3148, -8642, 6149, -83611, 4628, -40469, 41234
12527.9, 1304, -3148, -8642, 6149, -83611, 4628, -40469, 41234
12531.6, 2460, -3148, -8642, 6149, -83611, 4628, -40469, 41280
12533.9, 1943, -3148, -8642, 6149, -83611, 4628, -40469, 41280
12539.6, 1964, -2343, -9266, 5881, -85108, -13588, -45465, 41215
12543.3, 1721, -2343, -9266, 5881, -85108, -13588, -45465, 41262
12549.0, 1539, -1440, -9538, 4040, -81468, -17570, -46397, 41303
12552.8, 1521, -1440, -9538, 4040, -81468, -17570, -46397, 41272
12558.5, 1754, -1440, -9538, 4040, -80435, -21354, -44406, 41315
12562.2, 1634, -1440, -9538, 4040, -80435, -21354, -44406, 41322
12567.9, 1741, -803, -9465, 2605, -80435, -21354, -44406, 41330
12571.7, 1648, -803, -9465, 2605, -80435, -21354, -44406, 41351
12575.9, 1780, -775, -8930, 3111, -75474, -24692, -39856, 41351
12579.6, 1648, -775, -8930, 3111, -75474, -24692, -39856, 41357
12581.9, 1126, -775, -8930, 3111, -75474, -24692, -39856, 41357
12587.6, 1780, -760, -8951, 2191, -75548, -17360, -32366, 41304
12591.3, 1733, -760, -8951, 2191, -75548, -17360, -32366, 41399
12595.6, 1810, -1131, -9692, 2532, -75868, -691, -26237, 41399
12599.4, 1588, -1131, -9692, 2532, -75868, -691, -26237, 41386
12601.6, 905, -1131, -9692, 2532, -75868, -691, -26237, 41386
12605.9, 1777, -1631, -10036, 3090, -76603, 10732, -26211, 41386
12609.6, 2130, -1631, -10036, 3090, -76603, 10732, -26211, 41395
12611.9, 1439, -1631, -10036, 3090, -76603, 10732, -26211, 41395
12617.6, 2156, -2163, -10131, 3649, -77084, 12941, -28897, 41390
12621.3, 1509, -2163, -10131, 3649, -77084, 12941, -28897, 41399
12625.6, 1663, -2362, -10186, 4353, -74511, 6790, -30187, 41399
12629.4, 1677, -2362, -10186, 4353, -74511, 6790, -30187, 41083
12631.7, 1323, -2362, -10186, 4353, -74511, 6790, -30187, 41083
12635.9, 2112, -1816, -9923, 3842, -74853, -3473, -31132, 41083
12639.6, 1885, -1816, -9923, 3842, -74853, -3473, -31132, 41957
12643.8, 1816, -1217, -9737, 3094, -74979, -12718, -33184, 41957
12647.6, 1594, -1217, -9737, 3094, -74979, -12718, -33184, 41987
12651.4, 1725, -1217, -9737, 3094, -74979, -12718, -33184, 42041
12655.6, 2168, -904, -9625, 3000, -74354, -18090, -34020, 42041
12659.4, 2056, -904, -9625, 3000, -74354, -18090, -34020, 42064
12663.6, 1871, -579, -9773, 1986, -74861, -16734, -32659, 42064
12667.3, 1706, -579, -9773, 1986, -74861, -16734, -32659, 42101
12671.1, 1746, -579, -9773, 1986, -74861, -16734, -32659, 42137
12675.3, 1835, -510, -10143, 1922, -73549, -10578, -30533, 42137
12679.1, 1671, -510, -10143, 1922, -73549, -10578, -30533, 42185
12683.3, 1883, -458, -10222, 1737, -71558, -4309, -28976, 42185
12687.0, 1858, -458, -10222, 1737, -71558, -4309, -28976, 42211
12690.7, 1684, -458, -10222, 1737, -71558, -4309, -28976, 42272
12695.0, 1816, -513, -10241, 1228, -68229, -551, -27379, 42272
12698.7, 1905, -513, -10241, 1228, -68229, -551, -27379, 42328
12702.9, 2011, -841, -10111, 1575, -63932, 170, -25734, 42328
12706.7, 1973, -841, -10111, 1575, -63932, 170, -25734, 42393
12709.0, 1072, -841, -10111, 1575, -63932, 170, -25734, 42393
12714.8, 1628, -956, -10006, 1981, -59877, 581, -23445, 42416
12718.5, 1646, -956, -10006, 1981, -59877, 581, -23445, 42460
12722.7, 2044, -935, -10314, 2260, -56810, -713, -21634, 42460
12726.5, 2253, -935, -10314, 2260, -56810, -713, -21634, 42540
12728.8, 1281, -935, -10314, 2260, -56810, -713, -21634, 42540
12734.5, 1838, -714, -10289, 2308, -55436, -4195, -22610, 42582
12736.8, 900, -714, -10289, 2308, -55436, -4195, -22610, 42582
12742.6, 1784, -504, -10319, 2211, -51901, -9502, -24404, 42647
12746.3, 1892, -504, -10319, 2211, -51901, -9502, -24404, 42629
12750.6, 2037, -345, -10197, 1205, -49687, -11808, -23577, 42629
12754.3, 1707, -345, -10197, 1205, -49687, -11808, -23577, 42736
12756.6, 1091, -345, -10197, 1205, -49687, -11808, -23577, 42736
12760.8, 2097, -455, -10190, 890, -46878, -10662, -19994, 42736
12764.6, 1585, -455, -10190, 890, -46878, -10662, -19994, 42781
12766.9, 659, -455, -10190, 890, -46878, -10662, -19994, 42781
12772.6, 1954, -625, -10320, 1284, -43225, -10202, -17128, 42827
12776.4, 1708, -625, -10320, 1284, -43225, -10202, -17128, 42868
12780.6, 1790, -671, -10460, 819, -41033, -7078, -14997, 42868
12784.4, 1841, -671, -10460, 819, -41033, -7078, -14997, 42915
12786.6, 1118, -671, -10460, 819, -41033, -7078, -14997, 42915
12790.9, 1771, -917, -10706, 1119, -35586, -3985, -13532, 42915
12794.7, 1940, -917, -10706, 1119, -35586, -3985, -13532, 42937
12798.9, 2131, -937, -10627, 1808, -30004, -7301, -13908, 42937
12802.6, 1544, -937, -10627, 1808, -30004, -7301, -13908, 42974
12806.4, 1669, -937, -10627, 1808, -30004, -7301, -13908, 42997
12810.6, 2194, -859, -10636, 1549, -26241, -10045, -13435, 42997
12814.4, 1479, -859, -10636, 1549, -26241, -10045, -13435, 43017
12818.6, 1846, -821, -10829, 1508, -19639, -9327, -10745, 43017
12822.3, 1999, -821, -10829, 1508, -19639, -9327, -10745, 43036
12826.1, 1724, -821, -10829, 1508, -19639, -9327, -10745, 43069
12830.3, 2035, -597, -10753, 1741, -13168, -13011, -8929, 43069
12834.0, 2151, -597, -10753, 1741, -13168, -13011, -8929, 43074
12838.2, 1254, -255, -10328, 1529, -8159, -19950, -7507, 43074
12841.9, 1617, -255, -10328, 1529, -8159, -19950, -7507, 43089
12845.7, 1954, -255, -10328, 1529, -8159, -19950, -7507, 43090
12850.0, 1687, -332, -10220, 1177, -3430, -19127, -3968, 43090
12853.7, 1452, -332, -10220, 1177, -3430, -19127, -3968, 43092
12857.9, 2076, -658, -10353, 1454, 2143, -11423, 358, 43092
12861.6, 2107, -658, -10353, 1454, 2143, -11423, 358, 43093
12863.9, 1234, -658, -10353, 1454, 2143, -11423, 358, 43093
12869.6, 1682, -835, -10511, 1759, 7525, -6160, 2695, 43106
12873.3, 898, -835, -10511, 1759, 7525, -6160, 2695, 43064
12879.0, 1992, -841, -10518, 1829, 13912, -4335, 3574, 43010
12882.7, 2104, -841, -10518, 1829, 13912, -4335, 3574, 42963
12888.5, 1432, -952, -10430, 1896, 21319, -3605, 4978, 42908
12890.7, 486, -952, -10430, 1896, 21319, -3605, 4978, 42908
12893.0, 871, -952, -10430, 1896, 21319, -3605, 4978, 42908
12898.7, 2036, -688, -10299, 1908, 27051, -3303, 7529, 42863
12900.9, 260, -688, -10299, 1908, 27051, -3303, 7529, 42863
12903.2, 19, -688, -10299, 1908, 27051, -3303, 7529, 42863
12908.9, 1803, -474, -10320, 1590, 33193, -1308, 11322, 42793
12911.2, 764, -474, -10320, 1590, 33193, -1308, 11322, 42793
12915.4, 1800, -672, -10582, 2270, 40937, 638, 15903, 42793
12919.2, 2184, -672, -10582, 2270, 40937, 638, 15903, 42803
12921.5, 1468, -672, -10582, 2270, 40937, 638, 15903, 42803
12925.7, 1814, -880, -10774, 2259, 48353, -1916, 18331, 42803
12929.5, 1538, -880, -10774, 2259, 48353, -1916, 18331, 42781
12931.7, 260, -880, -10774, 2259, 48353, -1916, 18331, 42781
12935.9, 1758, -961, -10652, 2280, 55992, -4685, 19294, 42781
12939.6, 1996, -961, -10652, 2280, 55992, -4685, 19294, 42759
12941.9, 1100, -961, -10652, 2280, 55992, -4685, 19294, 42759
12947.6, 1652, -917, -10468, 2101, 63040, -4646, 20947, 42714
12951.3, 1883, -917, -10468, 2101, 63040, -4646, 20947, 42744
12955.6, 1625, -971, -10460, 2308, 70018, -4501, 24102, 42744
12959.4, 1865, -971, -10460, 2308, 70018, -4501, 24102, 42732
12963.6, 1269, -1025, -10723, 2577, 78046, -3867, 28595, 42732
12967.3, 1129, -1025, -10723, 2577, 78046, -3867, 28595, 42755
12971.1, 1555, -1025, -10723, 2577, 78046, -3867, 28595, 42740
12975.4, 2092, -1116, -10700, 3079, 83712, -4856, 32423, 42740
12979.1, 2144, -1116, -10700, 3079, 83712, -4856, 32423, 42707
12983.3, 1895, -1189, -10629, 3133, 90003, -6820, 34199, 42707
12987.0, 1158, -1189, -10629, 3133, 90003, -6820, 34199, 42727
12990.7, 2025, -1189, -10629, 3133, 90003, -6820, 34199, 42717
12995.0, 1255, -1167, -10727, 3093, 95153, -5897, 35389, 42717
12998.7, 428, -1167, -10727, 3093, 95153, -5897, 35389, 42675
13002.9, 2131, -1229, -10711, 3275, 100757, -3898, 37419, 42675
13006.7, 1868, -1229, -10711, 3275, 100757, -3898, 37419, 42698
13009.0, 704, -1229, -10711, 3275, 100757, -3898, 37419, 42698
13014.8, 2178, -1384, -10744, 3709, 106987, -3263, 40583, 42665
13018.5, 987, -1384, -10744, 3709, 106987, -3263, 40583, 42620
13022.7, 1034, -1476, -10671, 3827, 112001, -6553, 43628, 42620
13026.5, 2276, -1476, -10671, 3827, 112001, -6553, 43628, 42658
13028.8, 1737, -1476, -10671, 3827, 112001, -6553, 43628, 42658
13034.6, 929, -1421, -10552, 3860, 117733, -9511, 45623, 42603
13038.3, 1422, -1421, -10552, 3860, 117733, -9511, 45623, 42637
13044.0, 1942, -1259, -10337, 4043, 122379, -4081, 47963, 42619
13047.8, 1609, -1259, -10337, 4043, 122379, -4081, 47963, 42620
13053.5, 1340, -1398, -10558, 4106, 125446, 3998, 50763, 42616
13055.7, 469, -1398, -10558, 4106, 125446, 3998, 50763, 42616
13058.0, 593, -1398, -10558, 4106, 125446, 3998, 50763, 42616
13063.7, 1121, -1615, -10330, 4333, 131711, 8697, 53135, 42622
13065.9, 654, -1615, -10330, 4333, 131711, 8697, 53135, 42622
13068.2, 808, -1615, -10330, 4333, 131711, 8697, 53135, 42622
13074.0, 1806, -1965, -10215, 4696, 134835, 9502, 54889, 42615
13076.2, 758, -1965, -10215, 4696, 134835, 9502, 54889, 42615
13080.5, 1646, -1965, -10215, 4696, 138457, 7691, 56945, 42615
13084.2, 1359, -1965, -10215, 4696, 138457, 7691, 56945, 42601
13086.5, 526, -1965, -10215, 4696, 138457, 7691, 56945, 42601
13090.7, 907, -2469, -9912, 5311, 139459, 3788, 59155, 42601
13094.4, 1985, -2469, -9912, 5311, 139459, 3788, 59155, 42559
13096.7, 1629, -2469, -9912, 5311, 139459, 3788, 59155, 42559
13100.9, 1451, -2637, -9559, 5919, 142356, -1098, 62191, 42559
13104.6, 1113, -2637, -9559, 5919, 142356, -1098, 62191, 42600
13106.9, 472, -2637, -9559, 5919, 142356, -1098, 62191, 42600
13112.6, 1908, -2528, -9538, 6016, 142911, -5888, 64024, 42581
13116.3, 978, -2528, -9538, 6016, 142911, -5888, 64024, 42571
13120.6, 762, -2528, -9538, 6088, 143209, -9301, 63810, 42571
13124.4, 1928, -2528, -9538, 6088, 143209, -9301, 63810, 42520
13128.6, 1818, -2263, -9406, 6088, 143209, -9301, 63810, 42520
13132.3, 1945, -2263, -9406, 6088, 143209, -9301, 63810, 42553
13136.1, 1360, -2263, -9406, 6088, 143209, -9301, 63810, 42536
13140.3, 1411, -2242, -8997, 5729, 143344, -9598, 65836, 42536
13144.1, 1820, -2242, -8997, 5729, 143344, -9598, 65836, 42536
13148.3, 1378, -2248, -8997, 5729, 143344, -9598, 65836, 42536
13152.0, 777, -2248, -8997, 5729, 143344, -9598, 65836, 42551
13155.7, 1030, -2248, -8997, 5729, 143344, -9598, 65836, 42519
13160.0, 1497, -2426, -8583, 6522, 143344, 323, 71169, 42519
13163.7, 1701, -2426, -8583, 6522, 143344, 323, 71169, 42513
13167.9, 2349, -2691, -8313, 6522, 143344, 323, 71169, 42513
13171.7, 1790, -2691, -8313, 6522, 143344, 323, 71169, 42508
13174.0, 1046, -2691, -8313, 6522, 143344, 323, 71169, 42508
13179.8, 1303, -2919, -7984, 6589, 143344, 6273, 77465, 42124
13183.5, 1109, -2919, -7984, 6589, 143344, 6273, 77465, 42124
13187.7, 1290, -2848, -8224, 6589, 143344, 6273, 77465, 42124
13191.5, 2111, -2848, -8224, 6589, 143344, 6273, 77465, 42112
13193.8, 1405, -2848, -8224, 6589, 143344, 6273, 77465, 42112
13199.6, 1416, -2837, -7914, 6877, 143344, 713, 78221, 42098
13203.3, 270, -2837, -7914, 6877, 143344, 713, 78221, 42082
13209.1, 2004, -2912, -7914, 6877, 143344, 1386, 78392, 42063
13212.8, 2836, -2912, -7914, 6877, 143344, 1386, 78392, 42048
13218.5, 1964, -2874, -7712, 7003, 143344, 1386, 78392, 42016
13220.7, 1261, -2874, -7712, 7003, 143344, 1386, 78392, 42016
13223.0, 905, -2874, -7712, 7003, 143344, 1386, 78392, 42016
13228.8, 722, -2802, -7208, 7269, 143344, 4248, 78803, 42004
13231.0, 209, -2802, -7208, 7269, 143344, 4248, 78803, 42004
13235.3, 1889, -2791, -6815, 7259, 143344, 6645, 80033, 42004
13239.0, 2580, -2791, -6815, 7259, 143344, 6645, 80033, 41985
13241.3, 1586, -2791, -6815, 7259, 143344, 6645, 80033, 41985
13245.6, 1926, -3116, -6375, 7654, 143344, 4283, 82732, 41985
13249.3, 1357, -3116, -6375, 7654, 143344, 4283, 82732, 41979
13251.6, 324, -3116, -6375, 7654, 143344, 4283, 82732, 41979
13255.8, 1561, -3430, -6214, 7396, 143344, 4554, 85795, 41979
13259.6, 1967, -3430, -6214, 7396, 143344, 4554, 85795, 41994
13261.9, 1573, -3430, -6214, 7396, 143344, 4554, 85795, 41994
13267.6, 1311, -3564, -6204, 7864, 143344, 5757, 86932, 41951
13271.3, 329, -3564, -6204, 7864, 143344, 5757, 86932, 41960
13275.6, 1404, -3503, -6104, 7532, 143344, 1636, 84088, 41960
13279.3, 3160, -3503, -6104, 7532, 143344, 1636, 84088, 41944
13281.6, 2424, -3503, -6104, 7532, 143344, 1636, 84088, 41944
13285.9, 1508, -3308, -5603, 7967, 143344, 1080, 81048, 41944
13289.7, 1352, -3308, -5603, 7967, 143344, 1080, 81048, 41928
13293.9, 1439, -2947, -5387, 8138, 143344, 5110, 78961, 41928
13297.6, 1651, -2947, -5387, 8138, 143344, 5110, 78961, 41923
13301.4, 1722, -2947, -5387, 8138, 143344, 5110, 78961, 41947
13305.7, 1577, -2934, -5018, 7689, 143344, 7000, 77797, 41947
13309.5, 1056, -2934, -5018, 7689, 143344, 7000, 77797, 41906
13313.7, 2199, -3175, -4749, 7704, 143344, 6978, 78563, 41906
13317.5, 1815, -3175, -4749, 7704, 143344, 6978, 78563, 41906
13321.3, 1481, -3175, -4749, 7704, 143344, 6978, 78563, 41889
13325.5, 1944, -3330, -4161, 8399, 143344, 9108, 82067, 41889
13329.3, 1665, -3330, -4161, 8399, 143344, 9108, 82067, 41865
13333.5, 1304, -3245, -4323, 8413, 143344, 7905, 82719, 41865
13337.2, 570, -3245, -4323, 8413, 143344, 7905, 82719, 41855
13341.0, 1473, -3245, -4323, 8413, 143344, 7905, 82719, 41885
13345.3, 2854, -3479, -4033, 8414, 143344, 4655, 81341, 41885
13349.1, 2825, -3479, -4033, 8414, 143344, 4655, 81341, 41836
13353.3, 1375, -3337, -3888, 8116, 143344, 5600, 80177, 41836
13357.0, 434, -3337, -3888, 8116, 143344, 5600, 80177, 41821
13360.8, 1263, -3337, -3888, 8116, 143344, 5600, 80177, 41819
13365.1, 1381, -2962, -3894, 8266, 143344, 5906, 78151, 41819
13368.9, 1991, -2962, -3894, 8266, 143344, 5906, 78151, 41792
13373.1, 1887, -3086, -3347, 8176, 143344, 3723, 76349, 41792
13376.8, 811, -3086, -3347, 8176, 143344, 3723, 76349, 41801
13382.6, 1254, -3452, -3074, 7988, 143344, 4830, 76585, 41799
13386.3, 3149, -3452, -3074, 7988, 143344, 4830, 76585, 41794
13390.5, 2081, -3644, -2779, 8593, 143344, 7643, 77565, 41794
13394.3, 1233, -3644, -2779, 8593, 143344, 7643, 77565, 41797
13396.6, 1028, -3644, -2779, 8593, 143344, 7643, 77565, 41797
13400.8, 1353, -3772, -2767, 8011, 142872, 7730, 75828, 41797
13404.6, 1036, -3772, -2767, 8011, 142872, 7730, 75828, 41788
13406.9, 1033, -3772, -2767, 8011, 142872, 7730, 75828, 41788
13412.6, 1821, -3936, -2249, 7747, 142574, 7350, 72490, 41770
13416.3, 1536, -3936, -2249, 7747, 142574, 7350, 72490, 41765
13420.5, 2174, -3754, -1977, 8102, 141642, 5341, 69664, 41765
13424.3, 1171, -3754, -1977, 8102, 141642, 5341, 69664, 41784
13426.5, 157, -3754, -1977, 8102, 141642, 5341, 69664, 41784
13430.8, 989, -3405, -1617, 7977, 138982, 2397, 66772, 41784
13434.6, 2819, -3405, -1617, 7977, 138982, 2397, 66772, 41762
13438.8, 2239, -3228, -1288, 8050, 136550, 1452, 64405, 41762
13442.5, 1449, -3228, -1288, 8050, 136550, 1452, 64405, 41747
13446.3, 2292, -3228, -1288, 8050, 136550, 1452, 64405, 41765
13450.5, 1211, -3256, -833, 8199, 135097, 2817, 63447, 41765
13454.3, 1582, -3256, -833, 8199, 135097, 2817, 63447, 41749
13458.5, 2731, -3253, -506, 7879, 129178, 3675, 63119, 41749
13462.2, 1468, -3253, -506, 7879, 129178, 3675, 63119, 41739
13466.0, 971, -3253, -506, 7879, 129178, 3675, 63119, 41734
13470.3, 1160, -3556, -281, 8029, 127493, 2021, 63372, 41734
13474.0, 1512, -3556, -281, 8029, 127493, 2021, 63372, 41729
13478.3, 2122, -3749, -138, 8216, 128854, 1487, 64383, 41729
13482.0, 2778, -3749, -138, 8216, 128854, 1487, 64383, 41729
13485.7, 1732, -3749, -138, 8216, 128854, 1487, 64383, 41738
13490.0, 1108, -3887, -539, 7895, 125057, 3556, 62064, 41738
13493.7, 1226, -3887, -539, 7895, 125057, 3556, 62064, 41715
13497.9, 1731, -3838, -353, 7765, 124518, 8150, 58354, 41715
13501.7, 1731, -3838, -353, 7765, 124518, 8150, 58354, 41733
13504.0, 1295, -3838, -353, 7765, 124518, 8150, 58354, 41733
13509.8, 1967, -3476, -221, 7522, 119929, 4392, 53773, 41713
13513.5, 1922, -3476, -221, 7522, 119929, 4392, 53773, 41719
13517.7, 1514, -3351, 484, 7619, 118630, -1308, 50615, 41719
13521.5, 707, -3351, 484, 7619, 118630, -1308, 50615, 41704
13523.8, 1025, -3351, 484, 7619, 118630, -1308, 50615, 41704
13529.6, 2976, -3102, 965, 7389, 115663, 2301, 49783, 41740
13533.3, 2202, -3102, 965, 7389, 115663, 2301, 49783, 41716
13539.0, 1444, -3438, 1254, 7581, 108873, 6855, 48414, 41731
13541.3, 343, -3438, 1254, 7581, 108873, 6855, 48414, 41731
13543.5, 948, -3438, 1254, 7581, 108873, 6855, 48414, 41731
13549.3, 1804, -3701, 1398, 7440, 106760, 8758, 49215, 41707
13551.5, 1065, -3701, 1398, 7440, 106760, 8758, 49215, 41707
13555.8, 2221, -3867, 1010, 7725, 104039, 7590, 50020, 41707
13559.6, 2050, -3867, 1010, 7725, 104039, 7590, 50020, 41711
13561.9, 1270, -3867, 1010, 7725, 104039, 7590, 50020, 41711
13567.6, 1175, -4055, 897, 7536, 101221, 3141, 47767, 41716
13571.3, 1844, -4055, 897, 7536, 101221, 3141, 47767, 41712
13575.6, 1910, -3972, 1066, 7331, 98600, 2607, 42941, 41712
13579.3, 2289, -3972, 1066, 7331, 98600, 2607, 42941, 41718
13581.6, 1400, -3972, 1066, 7331, 98600, 2607, 42941, 41718
13585.9, 768, -3828, 1308, 7644, 98084, 2191, 36571, 41718
13589.7, 1011, -3828, 1308, 7644, 98084, 2191, 36571, 41688
13592.0, 1068, -3828, 1308, 7644, 98084, 2191, 36571, 41688
13597.7, 2625, -3617, 1679, 7537, 95643, 1889, 31767, 41716
13601.4, 1384, -3617, 1679, 7537, 95643, 1889, 31767, 41709
13605.7, 579, -3183, 1905, 7204, 87378, 962, 28083, 41709
13609.4, 2155, -3183, 1905, 7204, 87378, 962, 28083, 41713
13613.6, 2486, -3043, 2523, 7466, 85878, 1395, 27873, 41713
13617.3, 884, -3043, 2523, 7466, 85878, 1395, 27873, 41794
13621.1, 2147, -3043, 2523, 7466, 85878, 1395, 27873, 41700
13625.3, 1932, -3369, 2663, 7581, 80912, 1876, 30446, 41700
13629.0, 940, -3369, 2663, 7581, 80912, 1876, 30446, 41685
13633.2, 1015, -3369, 2487, 7575, 80601, 1531, 33736, 41685
13637.0, 2368, -3369, 2487, 7575, 80601, 1531, 33736, 41684
13640.8, 1959, -3369, 2487, 7575, 80601, 1531, 33736, 41689
13645.0, 1942, -3767, 2286, 7501, 78296, 3180, 33959, 41689
13648.8, 1088, -3767, 2286, 7501, 78296, 3180, 33959, 41679
13653.0, 1096, -3767, 2281, 7649, 75666, 4392, 28573, 41679
13656.7, 1413, -3767, 2281, 7649, 75666, 4392, 28573, 41687
13659.0, 1568, -3767, 2281, 7649, 75666, 4392, 28573, 41687
13664.8, 2549, -3515, 2858, 7467, 72306, 1824, 22369, 41661
13668.5, 969, -3515, 2858, 7467, 72306, 1824, 22369, 41666
13672.7, 950, -3515, 3622, 7382, 69126, 638, 20484, 41666
13676.5, 1284, -3515, 3622, 7382, 69126, 638, 20484, 41666
13678.8, 759, -3515, 3622, 7382, 69126, 638, 20484, 41666
13684.8, 2375, -3733, 3846, 7641, 70526, -1268, 23769, 41658
13688.6, 1596, -3733, 3846, 7641, 70526, -1268, 23769, 41663
13692.8, 1677, -3897, 3465, 7358, 67498, -962, 26438, 41663
13696.5, 1335, -3897, 3465, 7358, 67498, -962, 26438, 41657
13700.8, 2015, -3897, 3465, 7358, 67498, -962, 26438, 41657
13704.6, 2015, -3897, 3465, 7358, 67498, -962, 26438, 41649
13706.8, 1471, -3897, 3465, 7358, 67498, -962, 26438, 41649
13712.6, 1850, -4082, 3504, 7055, 66549, 428, 21481, 41644
13716.3, 1140, -4082, 3504, 7055, 66549, 428, 21481, 41643
13720.6, 1367, -4223, 3726, 7246, 63884, -1146, 21481, 41643
13724.4, 1147, -4223, 3726, 7246, 63884, -1146, 21481, 41645
13726.7, 1114, -4223, 3726, 7246, 63884, -1146, 21481, 41645
13730.9, 1241, -4080, 3988, 7578, 65735, -1207, 14704, 41645
13734.6, 1614, -4080, 3988, 7578, 65735, -1207, 14704, 41390
13736.9, 2870, -4080, 3988, 7578, 65735, -1207, 14704, 41390
13742.6, 367, -3738, 4035, 7702, 60997, -4322, 11628, 41387
13746.3, 934, -3738, 4035, 7702, 60997, -4322, 11628, 41377
13750.6, 2335, -3541, 4205, 7600, 60997, -5416, 11318, 41377
13754.4, 2237, -3541, 4205, 7600, 60997, -5416, 11318, 41366
13756.7, 1440, -3541, 4205, 7600, 60997, -5416, 11318, 41366
13760.9, 978, -3522, 4689, 7940, 58044, -3600, 12263, 41366
13764.6, 2065, -3522, 4689, 7940, 58044, -3600, 12263, 41369
13768.9, 1600, -3418, 4715, 7548, 58044, -3600, 12263, 41369
13772.6, 1254, -3418, 4715, 7548, 58044, -3600, 12263, 41366
13776.3, 1247, -3418, 4715, 7548, 58044, -3600, 12263, 41359
13780.6, 2487, -3642, 4875, 7267, 54977, -5053, 13326, 41359
13784.4, 1439, -3642, 4875, 7267, 54977, -5053, 13326, 41365
13788.6, 1540, -3801, 4877, 6695, 54977, -5053, 13326, 41365
13792.3, 1104, -3801, 4877, 6695, 54977, -5053, 13326, 41361
13796.1, 1682, -3801, 4877, 6695, 54977, -5053, 13326, 41366
13800.3, 2049, -3798, 4959, 6815, 57304, -2082, 12377, 41366
13804.1, 1779, -3798, 4959, 6815, 57304, -2082, 12377, 41354
13808.3, 1013, -3736, 5203, 7427, 57304, -2082, 12377, 41354
13812.0, 1256, -3736, 5203, 7427, 57304, -2082, 12377, 41344
13815.8, 1843, -3736, 5203, 7427, 57304, -2082, 12377, 41348
13820.0, 1228, -3801, 5093, 7117, 54517, -4970, 7258, 41348
13823.7, 989, -3801, 5093, 7117, 54517, -4970, 7258, 41376
13827.9, 2631, -3629, 5616, 7344, 54517, -4970, 7258, 41376
13831.7, 2062, -3629, 5616, 7344, 54517, -4970, 7258, 41345
13834.0, 1501, -3629, 5616, 7344, 54517, -4970, 7258, 41345
13839.8, 1953, -3416, 5552, 7331, 50300, -6221, 7542, 41351
13843.5, 1341, -3416, 5552, 7331, 50300, -6221, 7542, 41324
13847.8, 1557, -3574, 5437, 7422, 50300, -6221, 7542, 41324
13851.5, 1738, -3574, 5437, 7422, 50300, -6221, 7542, 41364
13853.8, 1399, -3574, 5437, 7422, 50300, -6221, 7542, 41364
13859.5, 1527, -3625, 5441, 7454, 50759, -10500, 7406, 41354
13861.8, 1410, -3625, 5441, 7454, 50759, -10500, 7406, 41354
13867.5, 1495, -3645, 5168, 6963, 48768, -12512, 5954, 41369
13871.2, 2462, -3645, 5168, 6963, 48768, -12512, 5954, 41332
13875.5, 707, -3504, 5392, 6744, 46988, -12827, 4020, 41332
13879.2, 852, -3504, 5392, 6744, 46988, -12827, 4020, 41364
13881.5, 1786, -3504, 5392, 6744, 46988, -12827, 4020, 41364
13885.7, 2110, -3010, 5785, 6366, 43816, -11987, 2896, 41364
13889.4, 1505, -3010, 5785, 6366, 43816, -11987, 2896, 41377
13891.7, 933, -3010, 5785, 6366, 43816, -11987, 2896, 41377
13895.9, 1649, -3068, 5824, 6500, 41952, -8701, 4733, 41377
13899.6, 2316, -3068, 5824, 6500, 41952, -8701, 4733, 41389
13901.9, 1668, -3068, 5824, 6500, 41952, -8701, 4733, 41389
13907.6, 2312, -3120, 5839, 6502, 37463, -1351, 5551, 41408
13911.3, 1719, -3120, 5839, 6502, 37463, -1351, 5551, 41392
13915.5, 1276, -3174, 5719, 6719, 35774, 1260, 5013, 41392
13919.3, 563, -3174, 5719, 6719, 35774, 1260, 5013, 41394
13921.5, 755, -3174, 5719, 6719, 35774, 1260, 5013, 41394
13925.8, 3025, -3550, 5578, 6973, 34786, -1115, 4296, 41394
13929.6, 1994, -3550, 5578, 6973, 34786, -1115, 4296, 41413
13933.8, 1877, -3622, 5589, 6946, 33828, -3482, 3548, 41413
13937.5, 1116, -3622, 5589, 6946, 33828, -3482, 3548, 41409
13941.3, 1865, -3622, 5589, 6946, 33828, -3482, 3548, 41420
13945.5, 1691, -3369, 5679, 6754, 28656, -6365, 2498, 41420
13949.3, 1297, -3369, 5679, 6754, 28656, -6365, 2498, 41416
13953.5, 1427, -3111, 5860, 6573, 24662, -9524, 2576, 41416
13957.2, 1610, -3111, 5860, 6573, 24662, -9524, 2576, 41421
13961.0, 1858, -3111, 5860, 6573, 24662, -9524, 2576, 41418
13965.3, 1421, -2893, 5938, 6424, 23314, -9227, 3206, 41418
13969.0, 1565, -2893, 5938, 6424, 23314, -9227, 3206, 41432
13973.3, 1788, -3000, 5891, 6069, 19661, -7721, 2730, 41432
13977.0, 2322, -3000, 5891, 6069, 19661, -7721, 2730, 41421
13980.7, 1755, -3000, 5891, 6069, 19661, -7721, 2730, 41429
13985.0, 1761, -3376, 5855, 6029, 16126, -6641, 1566, 41429
13988.7, 1376, -3376, 5855, 6029, 16126, -6641, 1566, 41431
13992.9, 1485, -3773, 5848, 6473, 13457, -6479, 1168, 41431
13996.7, 1633, -3773, 5848, 6473, 13457, -6479, 1168, 41438
13999.0, 1338, -3773, 5848, 6473, 13457, -6479, 1168, 41438
14004.8, 1741, -3899, 5875, 6495, 9003, -8194, -218, 41451
14008.5, 1201, -3899, 5875, 6495, 9003, -8194, -218, 41451
14012.7, 1824, -3537, 6177, 6236, 4392, -9222, -756, 41451
14016.5, 2075, -3537, 6177, 6236, 4392, -9222, -756, 41461
14018.7, 1310, -3537, 6177, 6236, 4392, -9222, -756, 41461
14024.5, 1693, -3154, 6069, 6247, 463, -9957, -564, 41464
14026.7, 1391, -3154, 6069, 6247, 463, -9957, -564, 41464
14031.0, 1852, -3104, 5853, 6300, -2786, -8540, -774, 41464
14034.7, 1633, -3104, 5853, 6300, -2786, -8540, -774, 41436
14037.0, 1443, -3104, 5853, 6300, -2786, -8540, -774, 41436
14042.7, 1773, -3366, 5801, 6087, -6925, -4970, -1745, 41483
14046.4, 1602, -3366, 5801, 6087, -6925, -4970, -1745, 41495
14050.7, 1787, -3429, 6036, 5918, -12040, -1413, -3513, 41495
14054.4, 1576, -3429, 6036, 5918, -12040, -1413, -3513, 41376
14056.7, 1364, -3429, 6036, 5918, -12040, -1413, -3513, 41376
14060.9, 1615, -3346, 6117, 6078, -17570, 424, -5145, 41376
14064.6, 1538, -3346, 6117, 6078, -17570, 424, -5145, 41531
14066.9, 1618, -3346, 6117, 6078, -17570, 424, -5145, 41531
14072.6, 1990, -3206, 6115, 6177, -22409, 1325, -6676, 41516
14076.3, 1950, -3206, 6115, 6177, -22409, 1325, -6676, 41527
14080.6, 1686, -3265, 6094, 6407, -26145, 2594, -7726, 41527
14084.4, 1503, -3265, 6094, 6407, -26145, 2594, -7726, 41538
14086.7, 1362, -3265, 6094, 6407, -26145, 2594, -7726, 41538
14090.9, 1795, -3338, 5749, 6394, -29610, 3556, -9375, 41538
14094.6, 1431, -3338, 5749, 6394, -29610, 3556, -9375, 41551
14098.8, 1887, -3405, 5659, 6397, -33552, 1159, -12692, 41551
14102.6, 1924, -3405, 5659, 6397, -33552, 1159, -12692, 41558
14106.4, 2132, -3405, 5659, 6397, -33552, 1159, -12692, 41586
14110.6, 1625, -3414, 5626, 6383, -35061, -2117, -15820, 41586
14114.4, 1498, -3414, 5626, 6383, -35061, -2117, -15820, 41600
14118.6, 1585, -3313, 5605, 6432, -35289, -2261, -18016, 41600
14122.3, 1598, -3313, 5605, 6432, -35289, -2261, -18016, 41599
14126.1, 1672, -3313, 5605, 6432, -35289, -2261, -18016, 41621
14130.3, 1839, -3287, 5618, 6373, -37358, -179, -20702, 41621
14134.1, 1751, -3287, 5618, 6373, -37358, -179, -20702, 41633
14138.3, 1472, -2989, 5729, 6192, -43352, 1268, -22247, 41633
14142.0, 1583, -2989, 5729, 6192, -43352, 1268, -22247, 41622
14145.7, 1830, -2989, 5729, 6192, -43352, 1268, -22247, 41656
14150.0, 1420, -2812, 5772, 6551, -47001, 2086, -21503, 41656
14153.7, 1235, -2812, 5772, 6551, -47001, 2086, -21503, 41679
14157.9, 1921, -2765, 5825, 6801, -50256, 2935, -20956, 41679
14161.7, 2053, -2765, 5825, 6801, -50256, 2935, -20956, 41700
14164.0, 1162, -2765, 5825, 6801, -50256, 2935, -20956, 41700
14169.8, 1360, -2928, 5695, 6781, -55423, 6667, -21538, 41710
14173.5, 1917, -2928, 5695, 6781, -55423, 6667, -21538, 41686
14177.7, 1828, -3070, 5487, 6585, -61290, 10373, -21691, 41686
14181.5, 1480, -3070, 5487, 6585, -61290, 10373, -21691, 41749
14183.8, 1070, -3070, 5487, 6585, -61290, 10373, -21691, 41749
14189.5, 1820, -3300, 5294, 6883, -65241, 11943, -21494, 41746
14191.8, 1450, -3300, 5294, 6883, -65241, 11943, -21494, 41746
14197.6, 1806, -3404, 5179, 6617, -67988, 11983, -22413, 41756
14201.3, 1482, -3404, 5179, 6617, -67988, 11983, -22413, 41770
14205.6, 1763, -3535, 4983, 6576, -71969, 11930, -24662, 41770
14209.3, 1419, -3535, 4983, 6576, -71969, 11930, -24662, 41778
14211.6, 928, -3535, 4983, 6576, -71969, 11930, -24662, 41778
14215.8, 1863, -3602, 4723, 7291, -73724, 13676, -27396, 41778
14219.6, 1896, -3602, 4723, 7291, -73724, 13676, -27396, 41723
14221.9, 1427, -3602, 4723, 7291, -73724, 13676, -27396, 41723
14227.6, 1213, -3486, 4398, 7094, -76550, 15369, -30021, 41818
14231.4, 1647, -3486, 4398, 7094, -76550, 15369, -30021, 41811
14235.6, 1679, -3532, 4168, 6794, -80741, 14070, -31850, 41811
14239.4, 1478, -3532, 4168, 6794, -80741, 14070, -31850, 41801
14241.6, 1355, -3532, 4168, 6794, -80741, 14070, -31850, 41801
14245.9, 1415, -3360, 4386, 6985, -84460, 12153, -31627, 41801
14249.7, 1233, -3360, 4386, 6985, -84460, 12153, -31627, 41809
14253.9, 1785, -3360, 4386, 6985, -89373, 11125, -30135, 41809
14257.6, 1893, -3360, 4386, 6985, -89373, 11125, -30135, 41492
14261.4, 2291, -3360, 4386, 6985, -89373, 11125, -30135, 41532
14265.6, 1665, -2922, 4315, 7351, -93687, 7630, -29531, 41532
14269.4, 1325, -2922, 4315, 7351, -93687, 7630, -29531, 41480
14273.6, 1191, -2922, 4315, 7351, -91460, 2655, -29719, 41480
14277.3, 1591, -2922, 4315, 7351, -91460, 2655, -29719, 41472
14281.1, 1529, -2922, 4315, 7351, -91460, 2655, -29719, 41460
14285.3, 1578, -4280, 3667, 7557, -89793, 5643, -30774, 41460
14289.0, 1564, -4280, 3667, 7557, -89793, 5643, -30774, 41449
14293.2, 1662, -4280, 3667, 7557, -95122, 12355, -34650, 41449
14296.9, 1614, -4280, 3667, 7557, -95122, 12355, -34650, 41475
14300.7, 1561, -4280, 3667, 7557, -95122, 12355, -34650, 41453
14304.9, 1676, -3805, 2733, 7466, -93307, 9878, -39121, 41453
14308.7, 1635, -3805, 2733, 7466, -93307, 9878, -39121, 41450
14312.9, 1669, -3805, 2733, 7466, -92773, 3517, -40530, 41450
14316.6, 1511, -3805, 2733, 7466, -92773, 3517, -40530, 41466
14318.9, 1176, -3805, 2733, 7466, -92773, 3517, -40530, 41466
14324.6, 1599, -3467, 3116, 7113, -99611, 2165, -39309, 41433
14328.3, 1455, -3467, 3116, 7113, -99611, 2165, -39309, 41414
14334.0, 1784, -3655, 3364, 7042, -104542, 2817, -37927, 41421
14337.8, 1860, -3655, 3364, 7042, -104542, 2817, -37927, 41401
14343.5, 2085, -3655, 3364, 7042, -104542, 3062, -37096, 41388
14345.8, 1768, -3655, 3364, 7042, -104542, 3062, -37096, 41388
14348.0, 1626, -3655, 3364, 7042, -104542, 3062, -37096, 41388
14353.7, 1376, -4162, 3399, 8407, -100180, 5626, -38032, 41621
14355.9, 1290, -4162, 3399, 8407, -100180, 5626, -38032, 41621
14358.2, 1574, -4162, 3399, 8407, -100180, 5626, -38032, 41621
14363.9, 1603, -4603, 2748, 9184, -102731, 1194, -41418, 41364
14366.2, 1092, -4603, 2748, 9184, -102731, 1194, -41418, 41364
14370.5, 1325, -4963, 1700, 8028, -102731, 1194, -41418, 41364
14374.2, 1461, -4963, 1700, 8028, -102731, 1194, -41418, 41361
14376.5, 1467, -4963, 1700, 8028, -102731, 1194, -41418, 41361
14380.7, 1580, -5274, 1211, 7401, -105150, -9690, -44441, 41361
14384.5, 1526, -5274, 1211, 7401, -105150, -9690, -44441, 41277
14386.7, 1609, -5274, 1211, 7401, -105150, -9690, -44441, 41277
14390.9, 1281, -4652, 1392, 7894, -104599, -11165, -46393, 41277
14394.6, 1198, -4652, 1392, 7894, -104599, -11165, -46393, 41307
14396.9, 1134, -4652, 1392, 7894, -104599, -11165, -46393, 41307
14402.6, 1766, -3750, 1441, 7713, -107071, -8898, -55077, 41267
14406.3, 2049, -3750, 1441, 7713, -107071, -8898, -55077, 41279
14410.6, 1410, -3423, 1951, 7980, -100880, -8273, -55077, 41279
14414.4, 1445, -3423, 1951, 7980, -100880, -8273, -55077, 41236
14418.6, 2105, -3281, 1831, 8458, -99944, 2498, -54263, 41236
14422.4, 1899, -3281, 1831, 8458, -99944, 2498, -54263, 41224
14426.2, 1533, -3281, 1831, 8458, -99944, 2498, -54263, 41198
14430.4, 1400, -3343, 1226, 8207, -106878, 9397, -51892, 41198
14434.2, 1779, -3343, 1226, 8207, -106878, 9397, -51892, 41172
14438.4, 2245, -3657, 996, 8493, -109249, 2073, -48808, 41172
14442.1, 2034, -3657, 996, 8493, -109249, 2073, -48808, 41164
14445.9, 1505, -3657, 996, 8493, -109249, 2073, -48808, 41141
14450.1, 1589, -4062, 898, 8727, -112736, -6715, -45859, 41141
14453.9, 2090, -4062, 898, 8727, -112736, -6715, -45859, 41119
14458.1, 1894, -4529, 538, 8123, -116578, -10504, -45470, 41119
14461.8, 1223, -4529, 538, 8123, -116578, -10504, -45470, 41109
14465.6, 1387, -4529, 538, 8123, -116578, -10504, -45470, 41076
14469.8, 1780, -4698, 418, 7983, -118393, -11943, -47749, 41076
14473.5, 1705, -4698, 418, 7983, -118393, -11943, -47749, 41073
14477.8, 1869, -4636, -78, 7750, -115200, -10950, -51752, 41073
14481.5, 1849, -4636, -78, 7750, -115200, -10950, -51752, 41054
14483.8, 1298, -4636, -78, 7750, -115200, -10950, -51752, 41054
14489.6, 1799, -4591, -235, 7976, -113638, -4431, -53957, 41029
14493.3, 1699, -4591, -235, 7976, -113638, -4431, -53957, 41032
14499.0, 1425, -4163, -896, 7583, -116932, -1601, -56420, 40989
14502.8, 1326, -4163, -896, 7583, -116932, -1601, -56420, 40973
14508.5, 1279, -4029, -734, 9050, -111516, -7831, -57676, 40971
14510.7, 1179, -4029, -734, 9050, -111516, -7831, -57676, 40971
14513.0, 1905, -4029, -734, 9050, -111516, -7831, -57676, 40971
14518.7, 2245, -3931, -1019, 8863, -111831, -10351, -57519, 40964
14520.9, 2167, -3931, -1019, 8863, -111831, -10351, -57519, 40964
14523.2, 1849, -3931, -1019, 8863, -111831, -10351, -57519, 40964
14528.9, 1644, -3894, -1570, 7378, -120765, -5993, -58114, 40959
14531.2, 1505, -3894, -1570, 7378, -120765, -5993, -58114, 40959
14535.4, 1653, -3696, -1487, 8404, -122493, -6807, -58359, 40959
14539.2, 1185, -3696, -1487, 8404, -122493, -6807, -58359, 40915
14541.5, 1008, -3696, -1487, 8404, -122493, -6807, -58359, 40915
14545.7, 1454, -3646, -1235, 8094, -125481, -15557, -57466, 40915
14549.5, 1761, -3646, -1235, 8094, -125481, -15557, -57466, 40943
14551.8, 1530, -3646, -1235, 8094, -125481, -15557, -57466, 40943
14557.5, 1600, -4227, -1616, 7633, -123600, -14647, -54425, 40940
14561.2, 1416, -4227, -1616, 7633, -123600, -14647, -54425, 40942
14565.5, 1466, -4209, -2355, 8670, -121596, -4204, -51280, 40942
14569.2, 1400, -4209, -2355, 8670, -121596, -4204, -51280, 40902
14571.5, 1291, -4209, -2355, 8670, -121596, -4204, -51280, 40902
14575.7, 1944, -3679, -3341, 8688, -121876, 3591, -54522, 40902
14579.4, 1550, -3679, -3341, 8688, -121876, 3591, -54522, 40932
14583.6, 1912, -3672, -3549, 8266, -122423, -288, -60879, 40932
14587.4, 1158, -3672, -3549, 8266, -122423, -288, -60879, 40920
14591.1, 939, -3672, -3549, 8266, -122423, -288, -60879, 40938
14595.4, 1897, -4396, -3651, 9185, -112938, -9130, -62349, 40938
14599.2, 2414, -4396, -3651, 9185, -112938, -9130, -62349, 40946
14603.4, 1865, -4578, -3731, 8298, -110138, -11799, -57882, 40946
14607.1, 2080, -4578, -3731, 8298, -110138, -11799, -57882, 40888
14610.9, 1745, -4578, -3731, 8298, -110138, -11799, -57882, 40918
14615.1, 1604, -4225, -4504, 7584, -114456, -9830, -57418, 40918
14618.9, 1712, -4225, -4504, 7584, -114456, -9830, -57418, 40890
14623.1, 1801, -3856, -3869, 7925, -114609, -15378, -60459, 40890
14626.8, 1412, -3856, -3869, 7925, -114609, -15378, -60459, 40874
14630.6, 1047, -3856, -3869, 7925, -114609, -15378, -60459, 40828
14634.8, 1391, -3641, -3675, 7444, -117951, -16244, -61080, 40828
14638.5, 1589, -3641, -3675, 7444, -117951, -16244, -61080, 40872
14642.8, 1947, -3792, -3709, 8331, -112793, -10653, -58083, 40872
14646.5, 1863, -3792, -3709, 8331, -112793, -10653, -58083, 41224
14648.8, 1361, -3792, -3709, 8331, -112793, -10653, -58083, 41224
14654.6, 1175, -3564, -4242, 8303, -112631, -1526, -54425, 40886
14658.3, 1578, -3564, -4242, 8303, -112631, -1526, -54425, 40865
14664.1, 1632, -3504, -4856, 7825, -116040, 5018, -56394, 40898
14667.8, 1663, -3504, -4856, 7825, -116040, 5018, -56394, 40900
14673.5, 1656, -4046, -4587, 9270, -113134, 1093, -59172, 40910
14675.7, 1801, -4046, -4587, 9270, -113134, 1093, -59172, 40910
14678.0, 2193, -4046, -4587, 9270, -113134, 1093, -59172, 40910
14683.7, 1883, -4109, -4699, 9375, -112833, -2196, -59977, 40921
14685.9, 1355, -4109, -4699, 9375, -112833, -2196, -59977, 40921
14690.3, 1542, -3982, -5052, 8467, -114303, -5215, -61867, 40921
14694.0, 1587, -3982, -5052, 8467, -114303, -5215, -61867, 40917
14696.3, 1363, -3982, -5052, 8467, -114303, -5215, -61867, 40917
14700.6, 1345, -4080, -5037, 7430, -115506, -12398, -65039, 40917
14704.3, 1559, -4080, -5037, 7430, -115506, -12398, -65039, 40877
14706.6, 1516, -4080, -5037, 7430, -115506, -12398, -65039, 40877
14710.9, 1591, -4486, -5135, 7447, -114749, -19014, -64786, 40877
14714.7, 1553, -4486, -5135, 7447, -114749, -19014, -64786, 40912
14717.0, 1373, -4486, -5135, 7447, -114749, -19014, -64786, 40912
14722.7, 1558, -3991, -5054, 7899, -110378, -15636, -59570, 40888
14726.5, 2005, -3991, -5054, 7899, -110378, -15636, -59570, 40913
14730.7, 1725, -2869, -5803, 6713, -114303, -8478, -58315, 40913
14734.5, 1601, -2869, -5803, 6713, -114303, -8478, -58315, 40922
14738.7, 1646, -2821, -5712, 8465, -105146, -11274, -60935, 40922
14742.5, 1568, -2821, -5712, 8465, -105146, -11274, -60935, 40913
14746.3, 1491, -2821, -5712, 8465, -105146, -11274, -60935, 40853
14750.5, 1841, -2616, -5949, 7125, -104402, -12595, -61898, 40853
14754.3, 1461, -2616, -5949, 7125, -104402, -12595, -61898, 40909
14758.5, 1631, -2715, -6453, 7050, -106834, -5661, -61885, 40909
14762.2, 1906, -2715, -6453, 7050, -106834, -5661, -61885, 40902
14766.0, 2033, -2715, -6453, 7050, -106834, -5661, -61885, 40899
14770.2, 1809, -2784, -6138, 8140, -108051, -4676, -60752, 40899
14774.0, 1655, -2784, -6138, 8140, -108051, -4676, -60752, 40924
14778.3, 1477, -3121, -6164, 7611, -108764, -6676, -58507, 40924
14782.0, 1689, -3121, -6164, 7611, -108764, -6676, -58507, 40913
14785.8, 1945, -3121, -6164, 7611, -108764, -6676, -58507, 40917
14790.0, 1695, -3586, -6504, 7103, -108532, -6081, -56105, 40917
14793.8, 1677, -3586, -6504, 7103, -108532, -6081, -56105, 40920
14798.0, 1871, -3539, -6751, 6688, -109687, -5985, -56473, 40920
14801.7, 1600, -3539, -6751, 6688, -109687, -5985, -56473, 41278
14805.5, 1452, -3539, -6751, 6688, -109687, -5985, -56473, 41286
14809.7, 1743, -3385, -6659, 6882, -108427, -10552, -58774, 41286
14813.4, 1642, -3385, -6659, 6882, -108427, -10552, -58774, 41300
14819.2, 1613, -3296, -6934, 6931, -103264, -17194, -59969, 41331
14822.9, 1334, -3296, -6934, 6931, -103264, -17194, -59969, 41302
14828.6, 1571, -2701, -7363, 6086, -103041, -17797, -59785, 41302
14830.8, 1364, -2701, -7363, 6086, -103041, -17797, -59785, 41302
14833.1, 1870, -2701, -7363, 6086, -103041, -17797, -59785, 41302
14838.8, 1616, -2219, -7829, 6379, -103925, -15933, -59855, 41314
14841.0, 1158, -2219, -7829, 6379, -103925, -15933, -59855, 41314
14843.3, 1276, -2219, -7829, 6379, -103925, -15933, -59855, 41314
14849.0, 1808, -2038, -7773, 6796, -103947, -16682, -58656, 41293
14851.3, 1396, -2038, -7773, 6796, -103947, -16682, -58656, 41293
14855.5, 1588, -2038, -7773, 6351, -106918, -14087, -55690, 41293
14859.3, 1471, -2038, -7773, 6351, -106918, -14087, -55690, 41311
14861.6, 1338, -2038, -7773, 6351, -106918, -14087, -55690, 41311
14865.8, 1561, -2467, -7764, 6522, -110054, -11068, -52260, 41311
14869.5, 1720, -2467, -7764, 6522, -110054, -11068, -52260, 41301
14871.8, 1507, -2467, -7764, 6522, -110054, -11068, -52260, 41301
14876.0, 2028, -2830, -7931, 6448, -110081, -9550, -50155, 41301
14879.7, 1858, -2830, -7931, 6448, -110081, -9550, -50155, 41296
14882.0, 1278, -2830, -7931, 6448, -110081, -9550, -50155, 41296
14887.7, 1485, -2648, -8341, 6141, -111349, -7844, -51258, 41337
14891.4, 1916, -2648, -8341, 6141, -111349, -7844, -51258, 41371
14895.7, 1679, -2613, -8833, 6081, -105531, -10425, -54889, 41371
14899.5, 1535, -2613, -8833, 6081, -105531, -10425, -54889, 41366
14903.7, 1861, -2613, -8833, 6081, -105531, -10425, -58083, 41366
14907.5, 1744, -2613, -8833, 6081, -105531, -10425, -58083, 41415
14911.2, 1745, -2613, -8833, 6081, -105531, -10425, -58083, 41414
14915.4, 1573, -2040, -9107, 4851, -96990, -18681, -58971, 41414
14919.2, 1629, -2040, -9107, 4851, -96990, -18681, -58971, 41395
14923.4, 1716, -2040, -9107, 4851, -96990, -18681, -56862, 41395
14927.1, 1738, -2040, -9107, 4851, -96990, -18681, -56862, 41454
14930.9, 1761, -2040, -9107, 4851, -96990, -18681, -56862, 41473
14935.1, 1864, -1541, -8533, 4883, -95289, -17902, -52745, 41473
14938.8, 1559, -1541, -8533, 4883, -95289, -17902, -52745, 41482
14943.1, 1434, -1541, -8533, 4883, -95289, -17902, -52745, 41482
14946.8, 1524, -1541, -8533, 4883, -95289, -17902, -52745, 41538
14949.1, 1405, -1541, -8533, 4883, -95289, -17902, -52745, 41538
14954.9, 1833, -2033, -8832, 5287, -100311, -7813, -46708, 41502
14958.6, 1426, -2033, -8832, 5287, -100311, -7813, -46708, 41505
14962.8, 1589, -2033, -8832, 5287, -100311, -7813, -47583, 41505
14966.6, 1783, -2033, -8832, 5287, -100311, -7813, -47583, 41510
14968.8, 2003, -2033, -8832, 5287, -100311, -7813, -47583, 41510
14974.6, 2249, -2238, -9272, 5660, -101777, -8207, -49556, 41485
14978.3, 1888, -2238, -9272, 5660, -101777, -8207, -49556, 41516
14984.0, 1432, -2198, -9396, 5797, -100963, -13304, -51214, 41512
14987.7, 1272, -2198, -9396, 5797, -100963, -13304, -51214, 41514
14993.4, 1686, -2198, -9396, 5797, -100963, -13304, -51214, 41546
14997.2, 1428, -2198, -9396, 5797, -100963, -13304, -51214, 41523
15002.9, 1792, -1876, -9382, 4965, -93079, -21779, -51800, 41523
15006.6, 1680, -1876, -9382, 4965, -93079, -21779, -51800, 41541
15010.9, 1768, -1209, -9550, 3715, -89824, -28175, -52080, 41541
15014.7, 1729, -1209, -9550, 3715, -89824, -28175, -52080, 41547
15016.9, 1331, -1209, -9550, 3715, -89824, -28175, -52080, 41547
15022.6, 1721, -969, -9274, 3714, -87479, -28179, -50685, 41560
15026.4, 1609, -969, -9274, 3714, -87479, -28179, -50685, 41574
15030.6, 1676, -854, -9178, 3877, -85042, -23319, -45111, 41574
15034.4, 1665, -854, -9178, 3877, -85042, -23319, -45111, 41590
15036.7, 1239, -854, -9178, 3877, -85042, -23319, -45111, 41590
15040.9, 1517, -1015, -9464, 3800, -86018, -17832, -38325, 41590
15044.7, 1587, -1015, -9464, 3800, -86018, -17832, -38325, 41595
15047.0, 1278, -1015, -9464, 3800, -86018, -17832, -38325, 41595
15052.7, 1996, -1523, -9609, 3869, -86429, -12639, -34921, 41616
15056.4, 1723, -1523, -9609, 3869, -86429, -12639, -34921, 41616
15060.7, 1655, -2157, -9590, 4152, -87987, -8351, -36068, 41616
15064.5, 1736, -2157, -9590, 4152, -87987, -8351, -36068, 41630
15068.7, 1866, -2463, -9495, 4717, -90283, -5477, -38614, 41630
15072.5, 1619, -2463, -9495, 4717, -90283, -5477, -38614, 41622
15076.2, 1491, -2463, -9495, 4717, -90283, -5477, -38614, 41633
15080.5, 1592, -2246, -9662, 5082, -90550, -8990, -40276, 41633
15084.3, 2289, -2246, -9662, 5082, -90550, -8990, -40276, 41641
15088.5, 2321, -1471, -9854, 5301, -86035, -20597, -41510, 41641
15092.6, 1138, -1471, -9854, 5301, -86035, -20597, -41510, 41670
15096.4, 1614, -1471, -9854, 5301, -86035, -20597, -41510, 41662
15100.6, 1652, -424, -9999, 4009, -85200, -31513, -42433, 41662
15104.4, 1799, -424, -9999, 4009, -85200, -31513, -42433, 41670
15108.6, 1867, 212, -9847, 2342, -82946, -34322, -42101, 41670
15112.3, 1616, 212, -9847, 2342, -82946, -34322, -42101, 41682
15116.1, 1643, 212, -9847, 2342, -82946, -34322, -42101, 41692
15120.3, 1781, 388, -9927, 1478, -80680, -28739, -38255, 41692
15124.1, 1739, 388, -9927, 1478, -80680, -28739, -38255, 41691
15128.3, 1814, 343, -10107, 1336, -77421, -17894, -31570, 41691
15132.0, 1667, 343, -10107, 1336, -77421, -17894, -31570, 41702
15135.8, 1627, 343, -10107, 1336, -77421, -17894, -31570, 41710
15140.0, 1687, -251, -10291, 1520, -74052, -5057, -25104, 41710
15143.8, 1855, -251, -10291, 1520, -74052, -5057, -25104, 41732
15148.0, 1956, -952, -10675, 2240, -69655, 2935, -22094, 41732
15151.8, 1541, -952, -10675, 2240, -69655, 2935, -22094, 41751
15157.5, 1749, -1419, -10622, 2811, -66514, 2327, -23056, 41786
15161.2, 1551, -1419, -10622, 2811, -66514, 2327, -23056, 41788
15163.5, 1141, -1419, -10622, 2811, -66514, 2327, -23056, 41788
15169.3, 2399, -1468, -10435, 3261, -64724, -6256, -26364, 41808
15171.5, 1765, -1468, -10435, 3261, -64724, -6256, -26364, 41808
15175.7, 1974, -1052, -10184, 3439, -62331, -16126, -28227, 41808
15179.5, 1893, -1052, -10184, 3439, -62331, -16126, -28227, 41823
15181.8, 1086, -1052, -10184, 3439, -62331, -16126, -28227, 41823
15187.5, 1865, -343, -10467, 3010, -59929, -22623, -26381, 41870
15191.2, 1640, -343, -10467, 3010, -59929, -22623, -26381, 41851
15195.5, 1696, 445, -10278, 1959, -57715, -26307, -23165, 41851
15199.2, 1842, 445, -10278, 1959, -57715, -26307, -23165, 41864
15201.5, 1266, 445, -10278, 1959, -57715, -26307, -23165, 41864
15205.7, 1974, 654, -10137, 1643, -55152, -27112, -21197, 41864
15209.4, 1763, 654, -10137, 1643, -55152, -27112, -21197, 41869
15211.7, 1293, 654, -10137, 1643, -55152, -27112, -21197, 41869
15215.9, 2013, 464, -9930, 1141, -52877, -21424, -19714, 41869
15219.6, 1835, 464, -9930, 1141, -52877, -21424, -19714, 41899
15223.8, 1862, 288, -10086, 1072, -51586, -8837, -17185, 41899
15227.6, 1886, 288, -10086, 1072, -51586, -8837, -17185, 41891
15231.3, 1962, 288, -10086, 1072, -51586, -8837, -17185, 41899
15235.6, 1996, -171, -10653, 1557, -48340, -1815, -15343, 41899
15239.4, 1748, -171, -10653, 1557, -48340, -1815, -15343, 41925
15243.6, 1969, -662, -10745, 1797, -43383, -2896, -15190, 41925
15247.3, 2057, -662, -10745, 1797, -43383, -2896, -15190, 41945
15251.1, 1775, -662, -10745, 1797, -43383, -2896, -15190, 41973
15255.3, 1940, -845, -10811, 2037, -37223, -10412, -15833, 41973
15259.1, 1965, -845, -10811, 2037, -37223, -10412, -15833, 41936
15263.3, 2015, -650, -10345, 1984, -33368, -22050, -16520, 41936
15267.0, 2106, -650, -10345, 1984, -33368, -22050, -16520, 42030
15270.8, 1931, -650, -10345, 1984, -33368, -22050, -16520, 42070
15275.0, 1792, -326, -10210, 2126, -27856, -32594, -14774, 42070
15278.7, 1963, -326, -10210, 2126, -27856, -32594, -14774, 42114
15282.9, 2188, 184, -10326, 1770, -23489, -38395, -11012, 42114
15286.7, 1408, 184, -10326, 1770, -23489, -38395, -11012, 42153
15289.0, 403, 184, -10326, 1770, -23489, -38395, -11012, 42153
15294.8, 2018, 570, -10390, 1083, -20449, -36251, -7739, 42199
15298.5, 1696, 570, -10390, 1083, -20449, -36251, -7739, 42259
15302.8, 2023, 616, -10406, 1057, -16988, -29181, -6230, 42259
15306.5, 1543, 616, -10406, 1057, -16988, -29181, -6230, 42312
15308.8, 614, 616, -10406, 1057, -16988, -29181, -6230, 42312
15314.5, 2144, 530, -10444, 1021, -12307, -22387, -6002, 42366
15316.8, 1038, 530, -10444, 1021, -12307, -22387, -6002, 42366
15322.5, 2081, 113, -10528, 1228, -7896, -17596, -6278, 42434
15326.2, 1849, 113, -10528, 1228, -7896, -17596, -6278, 42474
15330.5, 1578, -305, -10576, 1310, -4090, -14932, -5792, 42474
15334.2, 1823, -305, -10576, 1310, -4090, -14932, -5792, 42509
15336.5, 695, -305, -10576, 1310, -4090, -14932, -5792, 42509
15340.7, 1422, -495, -10464, 1737, 1041, -14875, -3443, 42509
15344.4, 2322, -495, -10464, 1737, 1041, -14875, -3443, 42580
15346.7, 1916, -495, -10464, 1737, 1041, -14875, -3443, 42580
15350.9, 1933, -313, -10580, 2135, 5788, -18629, -468, 42580
15354.6, 1817, -313, -10580, 2135, 5788, -18629, -468, 42642
15356.9, 973, -313, -10580, 2135, 5788, -18629, -468, 42642
15362.6, 1727, 352, -10764, 1858, 11900, -20085, 2331, 42695
15366.3, 1866, 352, -10764, 1858, 11900, -20085, 2331, 42695
15370.6, 1577, 993, -10686, 699, 17815, -15452, 5136, 42695
15374.4, 1719, 993, -10686, 699, 17815, -15452, 5136, 42695
15376.6, 737, 993, -10686, 699, 17815, -15452, 5136, 42695
15380.9, 1739, 894, -10333, 1027, 24023, -9156, 6776, 42695
15384.6, 1723, 894, -10333, 1027, 24023, -9156, 6776, 43133
15388.8, 2142, 397, -10216, 1551, 29802, -4138, 8115, 43133
15392.6, 1947, 397, -10216, 1551, 29802, -4138, 8115, 43100
15396.3, 1374, 397, -10216, 1551, 29802, -4138, 8115, 43079
15400.6, 1671, -17, -10485, 1631, 32108, 3933, 10727, 43079
15404.4, 1387, -17, -10485, 1631, 32108, 3933, 10727, 43041
15408.6, 1889, -257, -10907, 2159, 40053, 7065, 13313, 43041
15412.3, 2438, -257, -10907, 2159, 40053, 7065, 13313, 43016
15416.1, 2089, -257, -10907, 2159, 40053, 7065, 13313, 42951
15420.3, 1255, -81, -10831, 2244, 45911, -778, 14188, 42951
15424.1, 771, -81, -10831, 2244, 45911, -778, 14188, 42968
15428.3, 1903, 147, -10645, 2143, 53445, -7914, 15684, 42968
15432.0, 1993, 147, -10645, 2143, 53445, -7914, 15684, 42937
15435.7, 2185, 147, -10645, 2143, 53445, -7914, 15684, 42894
15440.0, 2270, 165, -10631, 1696, 58135, -5836, 19219, 42894
15443.7, 1387, 165, -10631, 1696, 58135, -5836, 19219, 42877
15447.9, 1087, -25, -10951, 1744, 64182, 1049, 22102, 42877
15451.7, 1207, -25, -10951, 1744, 64182, 1049, 22102, 42815
15454.0, 557, -25, -10951, 1744, 64182, 1049, 22102, 42815
15459.8, 2124, -436, -10986, 2385, 72910, 3228, 23222, 42776
15463.5, 1790, -436, -10986, 2385, 72910, 3228, 23222, 42740
15467.7, 1453, -719, -10822, 2662, 77329, 2213, 23747, 42740
15471.5, 846, -719, -10822, 2662, 77329, 2213, 23747, 42693
15473.7, 440, -719, -10822, 2662, 77329, 2213, 23747, 42693
15479.5, 2210, -955, -10646, 3421, 83708, -358, 26337, 42698
15481.7, 845, -955, -10646, 3421, 83708, -358, 26337, 42698
15486.0, 1513, -955, -10646, 3421, 88162, -3093, 30030, 42698
15489.7, 1763, -955, -10646, 3421, 88162, -3093, 30030, 42668
15492.0, 1202, -955, -10646, 3421, 88162, -3093, 30030, 42668
15497.7, 1341, -568, -10730, 3185, 93486, -3346, 33049, 42579
15501.5, 895, -568, -10730, 3185, 93486, -3346, 33049, 42606
15505.7, 2386, -394, -10622, 3185, 97949, 2677, 35241, 42606
15509.4, 2465, -394, -10622, 3185, 97949, 2677, 35241, 42576
15511.7, 904, -394, -10622, 3185, 97949, 2677, 35241, 42576
15515.9, 1556, -384, -10382, 3501, 103006, 11388, 37039, 42576
15519.6, 1491, -384, -10382, 3501, 103006, 11388, 37039, 42556
15521.9, 1109, -384, -10382, 3501, 103006, 11388, 37039, 42556
15527.6, 772, -649, -10323, 3902, 109219, 16494, 38579, 42511
15531.3, 1322, -649, -10323, 3902, 109219, 16494, 38579, 42517
15535.5, 1360, -649, -10323, 4614, 116070, 13715, 39673, 42517
15539.3, 1266, -649, -10323, 4614, 116070, 13715, 39673, 42493
15541.5, 1190, -649, -10323, 4614, 116070, 13715, 39673, 42493
15545.8, 2925, -532, -10114, 4381, 119054, 8290, 41453, 42493
15549.6, 1713, -532, -10114, 4381, 119054, 8290, 41453, 42472
15553.8, 1096, -532, -10114, 4381, 119054, 8290, 41453, 42472
15557.5, 1045, -532, -10114, 4381, 119054, 8290, 41453, 42464
15561.3, 932, -532, -10114, 4381, 119054, 8290, 41453, 42448
15565.6, 2116, -742, -9915, 3969, 125092, 18559, 50571, 42448
15569.4, 1842, -742, -9915, 3969, 125092, 18559, 50571, 42451
15573.6, 1350, -742, -9915, 3969, 125092, 18559, 50571, 42451
15577.3, 1300, -742, -9915, 3969, 125092, 18559, 50571, 42420
15581.1, 635, -742, -9915, 3969, 125092, 18559, 50571, 42409
15585.4, 1119, -1514, -9874, 5101, 134568, 23642, 55016, 42409
15589.2, 2139, -1514, -9874, 5101, 134568, 23642, 55016, 42405
15593.4, 2381, -1514, -9874, 5101, 134568, 23642, 55016, 42405
15597.1, 1127, -1514, -9874, 5101, 134568, 23642, 55016, 42401
15600.9, 796, -1514, -9874, 5101, 134568, 23642, 55016, 42390
15605.1, 1537, -1906, -9711, 5751, 141244, 21363, 57654, 42390
15608.9, 2176, -1906, -9711, 5751, 141244, 21363, 57654, 42409
15613.1, 1583, -1906, -9711, 5751, 141244, 21363, 57654, 42409
15616.8, 1313, -1906, -9711, 5751, 141244, 21363, 57654, 42366
15620.6, 1037, -1906, -9711, 5751, 141244, 21363, 57654, 42352
15624.8, 1563, -1950, -9643, 6207, 143274, 14227, 59741, 42352
15628.6, 2587, -1950, -9643, 6207, 143274, 14227, 59741, 42348
15632.8, 1939, -1950, -9643, 6207, 143274, 14227, 59741, 42348
15636.5, 687, -1950, -9643, 6207, 143274, 14227, 59741, 42332
15638.8, 62, -1950, -9643, 6207, 143274, 14227, 59741, 42332
15644.5, 2381, -1734, -9673, 6268, 143344, 10605, 60480, 42304
15646.8, 1364, -1734, -9673, 6268, 143344, 10605, 60480, 42304
15652.5, 1652, -1703, -9485, 6408, 143344, 4943, 60480, 42316
15656.2, 2165, -1703, -9485, 6408, 143344, 4943, 60480, 42271
15660.5, 1610, -1825, -9136, 6330, 143344, 3150, 63132, 42271
15664.2, 868, -1825, -9136, 6330, 143344, 3150, 63132, 42260
15666.5, 440, -1825, -9136, 6330, 143344, 3150, 63132, 42260
15670.7, 1785, -2014, -8888, 6763, 143344, 5118, 67721, 42260
15674.4, 2207, -2014, -8888, 6763, 143344, 5118, 67721, 42238
15676.7, 1547, -2014, -8888, 6763, 143344, 5118, 67721, 42238
15680.9, 811, -1959, -8833, 6534, 143344, 5796, 71506, 42238
15684.6, 1336, -1959, -8833, 6534, 143344, 5796, 71506, 42220
15686.9, 1265, -1959, -8833, 6534, 143344, 5796, 71506, 42220
15692.6, 1415, -2019, -8666, 6646, 143344, 7840, 73011, 42239
15696.3, 1328, -2019, -8666, 6646, 143344, 7840, 73011, 42226
15700.6, 2853, -2087, -8374, 6595, 143344, 13287, 73089, 42226
15704.4, 1871, -2087, -8374, 6595, 143344, 13287, 73089, 42151
15708.6, 1363, -2355, -8120, 7128, 143344, 17049, 71987, 42151
15712.3, 1258, -2355, -8120, 7128, 143344, 17049, 71987, 42227
15716.1, 1834, -2355, -8120, 7128, 143344, 17049, 71987, 42198
15720.3, 1249, -2654, -7680, 7776, 143344, 17845, 72079, 42198
15724.1, 1213, -2654, -7680, 7776, 143344, 17845, 72079, 42187
15728.3, 2064, -3003, -7303, 7266, 143344, 17767, 74293, 42187
15732.0, 1304, -3003, -7303, 7266, 143344, 17767, 74293, 42206
15735.8, 664, -3003, -7303, 7266, 143344, 17767, 74293, 42153
15740.0, 2404, -3171, -6902, 8038, 143344, 16870, 78186, 42153
15743.7, 1871, -3171, -6902, 8038, 143344, 16870, 78186, 42134
15748.0, 1931, -2930, -6671, 7962, 143344, 14573, 80610, 42134
15751.8, 922, -2930, -6671, 7962, 143344, 14573, 80610, 42129
15755.5, 1030, -2930, -6671, 7962, 143344, 14573, 80610, 42110
15759.8, 2366, -2684, -6498, 7630, 143344, 13733, 79565, 42110
15763.5, 1243, -2684, -6498, 7630, 143344, 13733, 79565, 42085
15767.8, 1672, -2644, -5984, 8167, 143344, 11930, 76856, 42085
15771.5, 1641, -2644, -5984, 8167, 143344, 11930, 76856, 42081
15773.8, 1118, -2644, -5984, 8167, 143344, 11930, 76856, 42081
15779.6, 2759, -2812, -5481, 8745, 143344, 11978, 76261, 42039
15783.3, 1988, -2812, -5481, 8745, 143344, 11978, 76261, 42074
15789.0, 1252, -2832, -5389, 8489, 143344, 13925, 77710, 42035
15792.8, 1191, -2832, -5389, 8489, 143344, 13925, 77710, 42027
15798.5, 1096, -2885, -5218, 8888, 143344, 13698, 79560, 41993
15800.7, 722, -2885, -5218, 8888, 143344, 13698, 79560, 41993
15803.0, 130, -2885, -5218, 8888, 143344, 13698, 79560, 41993
15808.7, 2346, -2730, -5015, 8115, 143344, 14057, 80593, 41988
15811.0, 1867, -2730, -5015, 8115, 143344, 14057, 80593, 41988
15813.2, 1340, -2730, -5015, 8115, 143344, 14057, 80593, 41988
15818.9, 1350, -2532, -4407, 8678, 143344, 15627, 80505, 41963
15821.2, 1880, -2532, -4407, 8678, 143344, 15627, 80505, 41963
15825.5, 2206, -2638, -3786, 8655, 143344, 16822, 80790, 41963
15829.2, 2088, -2638, -3786, 8655, 143344, 16822, 80790, 41945
15831.5, 1452, -2638, -3786, 8655, 143344, 16822, 80790, 41945
15835.8, 903, -2969, -3261, 8675, 143344, 20042, 83218, 41945
15839.5, 1168, -2969, -3261, 8675, 143344, 20042, 83218, 41880
15841.8, 1587, -2969, -3261, 8675, 143344, 20042, 83218, 41880
15847.6, 1876, -3281, -3281, 8052, 143344, 20584, 84272, 41899
15851.3, 1235, -3281, -3281, 8052, 143344, 20584, 84272, 41859
15855.6, 2390, -3474, -2799, 8292, 143344, 18699, 83590, 41859
15859.3, 764, -3474, -2799, 8292, 143344, 18699, 83590, 41852
15861.6, 424, -3474, -2799, 8292, 143344, 18699, 83590, 41852
15865.9, 1588, -3722, -2822, 9076, 143344, 17036, 81236, 41852
15869.7, 2517, -3722, -2822, 9076, 143344, 17036, 81236, 42332
15873.9, 1293, -3860, -2613, 9113, 143344, 15120, 78431, 42332
15877.6, 1240, -3860, -2613, 9113, 143344, 15120, 78431, 41817
15881.4, 3012, -3860, -2613, 9113, 143344, 15120, 78431, 41789
15885.6, 1855, -3615, -2961, 8157, 143344, 14695, 74726, 41789
15889.4, 813, -3615, -2961, 8157, 143344, 14695, 74726, 41290
15893.6, 1705, -3463, -2815, 8639, 143344, 13453, 69756, 41290
15897.3, 1315, -3463, -2815, 8639, 143344, 13453, 69756, 41290
15901.1, 1778, -3463, -2815, 8639, 143344, 13453, 69756, 41308
15905.3, 2025, -3146, -2496, 8687, 143344, 11510, 66225, 41308
15909.0, 1223, -3146, -2496, 8687, 143344, 11510, 66225, 41286
15913.2, 1180, -2891, -2102, 8329, 143344, 10320, 65761, 41286
15917.0, 1690, -2891, -2102, 8329, 143344, 10320, 65761, 41292
15920.7, 2699, -2891, -2102, 8329, 143344, 10320, 65761, 41291
15924.9, 787, -2693, -1514, 7878, 143344, 9148, 67336, 41291
15928.7, 1512, -2693, -1514, 7878, 143344, 9148, 67336, 41311
15932.9, 1956, -2950, -1186, 8365, 143344, 11274, 71361, 41311
15936.6, 1932, -2950, -1186, 8365, 143344, 11274, 71361, 41310
15938.9, 1194, -2950, -1186, 8365, 143344, 11274, 71361, 41310
15944.6, 1554, -3262, -821, 8647, 143344, 13829, 73330, 41323
15948.3, 1887, -3262, -821, 8647, 143344, 13829, 73330, 41334
15954.0, 1432, -3285, -926, 8240, 143344, 14888, 70832, 41342
15957.8, 2223, -3285, -926, 8240, 143344, 14888, 70832, 41375
15963.5, 1147, -3417, -835, 8292, 143344, 13378, 65630, 41314
15965.8, 1155, -3417, -835, 8292, 143344, 13378, 65630, 41314
15968.0, 1007, -3417, -835, 8292, 143344, 13378, 65630, 41314
15973.7, 1981, -3621, -442, 8511, 143344, 11090, 60170, 41366
15975.9, 947, -3621, -442, 8511, 143344, 11090, 60170, 41366
15978.2, 399, -3621, -442, 8511, 143344, 11090, 60170, 41366
15983.9, 2973, -3612, -200, 7874, 143344, 6956, 57029, 41395
15986.2, 2489, -3612, -200, 7874, 143344, 6956, 57029, 41395
15990.4, 1782, -3415, 128, 7578, 143292, 4060, 55432, 41395
15994.2, 1293, -3415, 128, 7578, 143292, 4060, 55432, 41348
15996.5, 534, -3415, 128, 7578, 143292, 4060, 55432, 41348
16000.7, 1437, -3470, 536, 7794, 142828, 3570, 53922, 41348
16004.4, 1543, -3470, 536, 7794, 142828, 3570, 53922, 41382
16006.7, 1277, -3470, 536, 7794, 142828, 3570, 53922, 41382
16010.9, 2377, -3218, 937, 7619, 140116, 7297, 52365, 41382
16014.6, 1909, -3218, 937, 7619, 140116, 7297, 52365, 41381
16016.9, 1094, -3218, 937, 7619, 140116, 7297, 52365, 41381
16022.6, 1254, -3042, 1118, 7818, 133964, 8806, 48887, 41390
16026.3, 2663, -3042, 1118, 7818, 133964, 8806, 48887, 41400
16030.6, 1321, -3092, 1536, 8109, 133089, 4213, 45456, 41400
16034.4, 2466, -3092, 1536, 8109, 133089, 4213, 45456, 41402
16038.6, 2067, -3164, 1550, 8307, 131829, 3644, 44538, 41402
16042.4, 494, -3164, 1550, 8307, 131829, 3644, 44538, 41399
16046.1, 1610, -3164, 1550, 8307, 131829, 3644, 44538, 41404
16050.4, 2505, -3372, 1189, 7895, 127537, 5127, 43772, 41404
16054.1, 2351, -3372, 1189, 7895, 127537, 5127, 43772, 41393
16058.3, 1656, -3563, 1353, 7664, 125201, 1854, 42880, 41393
16062.0, 1195, -3563, 1353, 7664, 125201, 1854, 42880, 41398
16065.7, 1595, -3563, 1353, 7664, 125201, 1854, 42880, 41403
16070.0, 2031, -3598, 1459, 6970, 121298, -485, 41366, 41403
16073.7, 1472, -3598, 1459, 6970, 121298, -485, 41366, 41398
16077.9, 1133, -3598, 1958, 6707, 117790, -2550, 39471, 41398
16081.7, 1749, -3598, 1958, 6707, 117790, -2550, 39471, 41399
16084.0, 1087, -3598, 1958, 6707, 117790, -2550, 39471, 41399
16089.8, 1772, -3263, 2562, 6771, 115418, -2467, 37629, 41425
16093.5, 2619, -3263, 2562, 6771, 115418, -2467, 37629, 41436
16097.7, 1511, -3091, 2853, 7546, 114114, 1067, 35149, 41436
16101.5, 930, -3091, 2853, 7546, 114114, 1067, 35149, 41438
16103.8, 1416, -3091, 2853, 7546, 114114, 1067, 35149, 41438
16109.6, 1411, -3119, 2711, 7348, 110566, 3893, 32016, 41448
16113.3, 1210, -3119, 2711, 7348, 110566, 3893, 32016, 41456
16119.0, 681, -3366, 2459, 6924, 107276, 4790, 29011, 41455
16122.8, 2628, -3366, 2459, 6924, 107276, 4790, 29011, 41471
16128.5, 2172, -3366, 2459, 7377, 105115, 4392, 27339, 41486
16130.7, 840, -3366, 2459, 7377, 105115, 4392, 27339, 41486
16133.0, 647, -3366, 2459, 7377, 105115, 4392, 27339, 41486
16138.7, 1641, -3263, 2614, 7410, 99974, 3578, 26530, 41492
16140.9, 1930, -3263, 2614, 7410, 99974, 3578, 26530, 41492
16145.2, 1953, -3263, 2614, 7410, 99974, 3578, 26530, 41492
16149.0, 1275, -3263, 2614, 7410, 99974, 3578, 26530, 41456
16151.2, 661, -3263, 2614, 7410, 99974, 3578, 26530, 41456
16155.5, 1879, -2978, 3175, 7100, 96085, -3206, 26202, 41456
16159.2, 1226, -2978, 3175, 7100, 96085, -3206, 26202, 41500
16161.5, 715, -2978, 3175, 7100, 96085, -3206, 26202, 41500
16165.7, 2129, -2981, 3905, 6689, 92012, -10421, 27527, 41500
16169.5, 2277, -2981, 3905, 6689, 92012, -10421, 27527, 41498
16171.8, 1845, -2981, 3905, 6689, 92012, -10421, 27527, 41498
16177.5, 1498, -2985, 4522, 6647, 82868, -4029, 28503, 41489
16181.2, 831, -2985, 4522, 6647, 82868, -4029, 28503, 41334
16185.5, 1768, -2871, 4573, 7082, 81651, -3972, 27694, 41334
16189.2, 1916, -2871, 4573, 7082, 81651, -3972, 27694, 41510
16191.5, 2035, -2871, 4573, 7082, 81651, -3972, 27694, 41510
16195.8, 2092, -3040, 4311, 7015, 80475, -4103, 26880, 41510
16199.5, 625, -3040, 4311, 7015, 80475, -4103, 26880, 41502
16203.8, 1095, -3358, 4158, 6503, 80475, -4103, 26880, 41502
16207.5, 1588, -3358, 4158, 6503, 80475, -4103, 26880, 41521
16211.2, 2043, -3358, 4158, 6503, 80475, -4103, 26880, 41511
16215.5, 2215, -3750, 4040, 6841, 75032, -1137, 22597, 41511
16219.2, 1135, -3750, 4040, 6841, 75032, -1137, 22597, 41504
16223.4, 1734, -3728, 4619, 7018, 75032, -1137, 22597, 41504
16227.2, 1512, -3728, 4619, 7018, 75032, -1137, 22597, 41470
16230.9, 1357, -3728, 4619, 7018, 75032, -1137, 22597, 41454
16235.2, 1456, -3575, 4911, 6553, 70079, -8351, 17548, 41454
16238.9, 1240, -3575, 4911, 6553, 70079, -8351, 17548, 41497
16243.1, 2160, -3381, 5495, 6480, 70079, -8351, 17548, 41497
16246.8, 1793, -3381, 5495, 6480, 70079, -8351, 17548, 41390
16250.6, 1787, -3381, 5495, 6480, 70079, -8351, 17548, 41483
16254.8, 1449, -3324, 6111, 6253, 64549, -8106, 15028, 41483
16258.5, 992, -3324, 6111, 6253, 64549, -8106, 15028, 41447
16262.8, 2442, -3453, 6212, 6491, 64549, -8106, 15028, 41447
16266.5, 1203, -3453, 6212, 6491, 64549, -8106, 15028, 41477
16268.8, 443, -3453, 6212, 6491, 64549, -8106, 15028, 41477
16274.6, 1855, -3631, 5959, 6841, 63574, -5219, 14897, 41463
16278.3, 2629, -3631, 5959, 6841, 63574, -5219, 14897, 41458
16284.0, 1357, -3924, 5356, 7043, 63574, -5219, 14897, 41443
16286.3, 388, -3924, 5356, 7043, 63574, -5219, 14897, 41443
16288.5, 600, -3924, 5356, 7043, 63574, -5219, 14897, 41443
16294.3, 2586, -3805, 5398, 6659, 60065, -7914, 11712, 41444
16296.5, 1642, -3805, 5398, 6659, 60065, -7914, 11712, 41444
16300.8, 1346, -3491, 5552, 6507, 55887, -9594, 6492, 41444
16304.5, 1779, -3491, 5552, 6507, 55887, -9594, 6492, 41453
16306.8, 1469, -3491, 5552, 6507, 55887, -9594, 6492, 41453
16312.6, 1579, -3263, 6172, 6489, 53800, -10871, 2813, 41426
16316.3, 1735, -3263, 6172, 6489, 53800, -10871, 2813, 41418
16320.6, 1378, -3324, 6214, 6260, 51730, -11738, 1509, 41418
16324.3, 1735, -3324, 6214, 6260, 51730, -11738, 1509, 41425
16326.6, 1466, -3324, 6214, 6260, 51730, -11738, 1509, 41425
16330.9, 1484, -3287, 5786, 6416, 52693, -10977, 1006, 41425
16334.7, 1128, -3287, 5786, 6416, 52693, -10977, 1006, 41415
16337.0, 1206, -3287, 5786, 6416, 52693, -10977, 1006, 41415
16342.7, 1841, -3257, 5974, 5873, 47513, -5906, -656, 41425
16346.4, 2909, -3257, 5974, 5873, 47513, -5906, -656, 41419
16350.7, 952, -2988, 6274, 5900, 42731, -2616, -3395, 41419
16354.5, 1227, -2988, 6274, 5900, 42731, -2616, -3395, 41428
16358.7, 1466, -2862, 6463, 6014, 39471, -1299, -5018, 41428
16362.5, 1800, -2862, 6463, 6014, 39471, -1299, -5018, 41404
16366.2, 1591, -2862, 6463, 6014, 39471, -1299, -5018, 41422
16370.5, 1876, -3001, 6591, 6262, 38548, 1150, -3788, 41422
16374.2, 2616, -3001, 6591, 6262, 38548, 1150, -3788, 41434
16378.4, 928, -3034, 5950, 6000, 32708, 4108, -4353, 41434
16382.1, 1155, -3034, 5950, 6000, 32708, 4108, -4353, 41444
16385.9, 2096, -3034, 5950, 6000, 32708, 4108, -4353, 41500
16390.1, 1933, -2877, 6161, 6182, 30236, 2209, -7866, 41500
16393.9, 1908, -2877, 6161, 6182, 30236, 2209, -7866, 41459
16398.1, 1429, -2825, 6403, 6014, 28809, -1067, -9590, 41459
16401.9, 1351, -2825, 6403, 6014, 28809, -1067, -9590, 41470
16405.6, 1613, -2825, 6403, 6014, 28809, -1067, -9590, 41490
16409.9, 2075, -2844, 6580, 6129, 25694, -581, -9975, 41490
16413.6, 1568, -2844, 6580, 6129, 25694, -581, -9975, 41533
16417.8, 1527, -2654, 6625, 6000, 24452, -577, -7678, 41533
16421.6, 2239, -2654, 6625, 6000, 24452, -577, -7678, 41516
16423.8, 1013, -2654, 6625, 6000, 24452, -577, -7678, 41516
16429.6, 2019, -2684, 6533, 6320, 20475, -2143, -6225, 41676
16433.3, 1652, -2684, 6533, 6320, 20475, -2143, -6225, 41673
16439.0, 1903, -2847, 6888, 5788, 17806, -6348, -5416, 41703
16442.7, 1726, -2847, 6888, 5788, 17806, -6348, -5416, 41680
16448.4, 1806, -2961, 6548, 5937, 17272, -5162, -5639, 41680
16452.2, 936, -2961, 6548, 5937, 17272, -5162, -5639, 41710
16457.9, 2429, -3113, 6607, 6004, 14223, -4554, -6396, 41700
16461.6, 1762, -3113, 6607, 6004, 14223, -4554, -6396, 41705
16465.8, 1472, -3071, 6882, 5953, 12674, -3587, -5788, 41705
16469.6, 1747, -3071, 6882, 5953, 12674, -3587, -5788, 41702
16471.9, 1292, -3071, 6882, 5953, 12674, -3587, -5788, 41702
16477.6, 1535, -2943, 6774, 6141, 10500, -2248, -3946, 41617
16481.3, 1608, -2943, 6774, 6141, 10500, -2248, -3946, 41696
16485.6, 1753, -2782, 6741, 5988, 6571, -4427, -3036, 41696
16489.3, 1675, -2782, 6741, 5988, 6571, -4427, -3036, 41702
16491.6, 1335, -2782, 6741, 5988, 6571, -4427, -3036, 41702
16495.9, 1592, -2903, 6880, 6023, 3447, -4388, -2196, 41702
16500.0, 1776, -2903, 6880, 6023, 3447, -4388, -2196, 41705
16504.3, 1444, -3188, 6767, 6073, 126, -3898, -1531, 41705
16508.1, 1303, -3188, 6767, 6073, 126, -3898, -1531, 41737
16511.8, 1970, -3188, 6767, 6073, 126, -3898, -1531, 41697
16517.6, 1753, -3400, 6678, 6064, -2725, -5066, -962, 41674
16521.4, 2031, -3400, 6678, 6064, -2725, -5066, -962, 41720
16525.6, 1550, -3428, 6848, 6084, -4751, -4742, -695, 41720
16529.4, 1734, -3428, 6848, 6084, -4751, -4742, -695, 41726
16533.6, 1960, -3346, 6745, 6097, -6663, -2957, -1089, 41726
16537.3, 1631, -3346, 6745, 6097, -6663, -2957, -1089, 41742
16541.1, 1589, -3346, 6745, 6097, -6663, -2957, -1089, 41748
16545.4, 1623, -3317, 6616, 6020, -9537, -2117, -2200, 41748
16549.2, 1577, -3317, 6616, 6020, -9537, -2117, -2200, 41766
16553.4, 1794, -3315, 6689, 5854, -12394, -1308, -3867, 41766
16557.1, 1617, -3315, 6689, 5854, -12394, -1308, -3867, 41815
16560.9, 1471, -3315, 6689, 5854, -12394, -1308, -3867, 41800
16565.1, 1526, -3256, 6722, 5962, -15527, -363, -5223, 41800
16568.9, 1512, -3256, 6722, 5962, -15527, -363, -5223, 41814
16573.1, 1856, -3289, 6813, 6049, -18436, 743, -5945, 41814
16576.8, 1944, -3289, 6813, 6049, -18436, 743, -5945, 41835
16580.6, 1811, -3289, 6813, 6049, -18436, 743, -5945, 41843
16584.8, 1630, -3248, 6625, 6030, -22277, 1671, -6155, 41843
16588.6, 1596, -3248, 6625, 6030, -22277, 1671, -6155, 41861
16592.9, 1527, -3258, 6525, 6102, -24430, 2279, -6181, 41861
16596.6, 1871, -3258, 6525, 6102, -24430, 2279, -6181, 41889
16598.9, 1458, -3258, 6525, 6102, -24430, 2279, -6181, 41889
16604.6, 1717, -3265, 6381, 6005, -26359, 1916, -6728, 41912
16608.3, 2139, -3265, 6381, 6005, -26359, 1916, -6728, 41947
16614.1, 1719, -3160, 6240, 5660, -29295, 861, -8785, 41952
16616.3, 1225, -3160, 6240, 5660, -29295, 861, -8785, 41952
16618.6, 1307, -3160, 6240, 5660, -29295, 861, -8785, 41952
16624.3, 1638, -2953, 6400, 5750, -30533, 2747, -11716, 41973
16626.6, 1095, -2953, 6400, 5750, -30533, 2747, -11716, 41973
16630.9, 1616, -3037, 6484, 6010, -33307, 4659, -14214, 41973
16634.7, 1786, -3037, 6484, 6010, -33307, 4659, -14214, 42000
16637.0, 1344, -3037, 6484, 6010, -33307, 4659, -14214, 42000
16642.7, 1479, -3220, 6477, 6020, -36829, 5171, -15203, 42019
16646.4, 2144, -3220, 6477, 6020, -36829, 5171, -15203, 42029
16650.7, 1903, -3280, 6403, 6214, -40675, 4873, -15378, 42029
16654.5, 1600, -3280, 6403, 6214, -40675, 4873, -15378, 42047
16656.7, 1090, -3280, 6403, 6214, -40675, 4873, -15378, 42047
16661.0, 1736, -3303, 6187, 6217, -42888, 3574, -15872, 42047
16664.7, 1616, -3303, 6187, 6217, -42888, 3574, -15872, 42075
16669.0, 1546, -3303, 6187, 6217, -45583, 1364, -17211, 42075
16672.8, 1572, -3303, 6187, 6217, -45583, 1364, -17211, 42085
16676.5, 1612, -3303, 6187, 6217, -45583, 1364, -17211, 42116
16680.8, 1292, -3116, 6028, 6198, -48908, 927, -18900, 42116
16684.5, 1470, -3116, 6028, 6198, -48908, 927, -18900, 42113
16688.7, 2237, -3116, 6028, 6198, -52286, 4970, -19700, 42113
16692.5, 1904, -3116, 6028, 6198, -52286, 4970, -19700, 42100
16696.3, 1515, -3116, 6028, 6198, -52286, 4970, -19700, 42130
16700.5, 1660, -3120, 5751, 6481, -54981, 11103, -20405, 42130
16704.3, 1905, -3120, 5751, 6481, -54981, 11103, -20405, 42179
16708.5, 1451, -3120, 5751, 6481, -57816, 12027, -20781, 42179
16712.3, 1279, -3120, 5751, 6481, -57816, 12027, -20781, 42128
16716.0, 1694, -3120, 5751, 6481, -57816, 12027, -20781, 42140
16720.3, 1626, -3334, 5507, 5869, -63981, 9970, -21385, 42140
16724.1, 1707, -3334, 5507, 5869, -63981, 9970, -21385, 42145
16728.3, 1801, -3334, 5507, 6276, -69594, 11462, -21682, 42145
16732.0, 1644, -3334, 5507, 6276, -69594, 11462, -21682, 42136
16735.8, 1614, -3334, 5507, 6276, -69594, 11462, -21682, 42147
16740.1, 1863, -3280, 5750, 7289, -74174, 12337, -22470, 42147
16743.9, 1482, -3280, 5750, 7289, -74174, 12337, -22470, 42177
16748.1, 1539, -3280, 5750, 7426, -78055, 9664, -25734, 42177
16751.8, 1626, -3280, 5750, 7426, -78055, 9664, -25734, 42133
16755.6, 1605, -3280, 5750, 7426, -78055, 9664, -25734, 42132
16759.9, 1485, -3376, 5176, 7138, -79757, 6921, -29028, 42132
16763.7, 1464, -3376, 5176, 7138, -79757, 6921, -29028, 42114
16767.9, 2194, -3376, 4984, 6725, -82531, 9082, -29181, 42114
16771.6, 1422, -3376, 4984, 6725, -82531, 9082, -29181, 42086
16775.9, 1589, -3217, 4984, 6725, -82531, 9082, -29181, 42086
16779.6, 1634, -3217, 4984, 6725, -82531, 9082, -29181, 42080
16781.9, 1033, -3217, 4984, 6725, -82531, 9082, -29181, 42080
16787.6, 1862, -3093, 4478, 6693, -84320, 10395, -27580, 42063
16791.3, 1866, -3093, 4478, 6693, -84320, 10395, -27580, 42045
16795.6, 1399, -3194, 4500, 6486, -85873, 9091, -26722, 42045
16799.4, 1482, -3194, 4500, 6486, -85873, 9091, -26722, 42036
16801.6, 1314, -3194, 4500, 6486, -85873, 9091, -26722, 42036
16805.9, 1370, -3538, 4726, 6357, -89299, 10329, -26556, 42036
16809.6, 1530, -3538, 4726, 6357, -89299, 10329, -26556, 41992
16811.9, 1319, -3538, 4726, 6357, -89299, 10329, -26556, 41992
16817.6, 1503, -3686, 4840, 6690, -93832, 12210, -26565, 41973
16821.3, 1618, -3686, 4840, 6690, -93832, 12210, -26565, 41940
16825.6, 1999, -3673, 4750, 7396, -95595, 11278, -26565, 41940
16829.4, 1290, -3673, 4750, 7396, -95595, 11278, -26565, 41927
16831.6, 967, -3673, 4750, 7396, -95595, 11278, -26565, 41927
16835.9, 1438, -3741, 4420, 7566, -99707, 10837, -31802, 41927
16839.6, 1773, -3741, 4420, 7566, -99707, 10837, -31802, 41892
16843.8, 1870, -3800, 3951, 7549, -101523, 9905, -31802, 41892
16847.6, 1644, -3800, 3951, 7549, -101523, 9905, -31802, 41857
16851.3, 1658, -3800, 3951, 7549, -101523, 9905, -31802, 41848
16855.6, 1263, -3743, 3556, 7981, -97340, 8841, -38675, 41848
16859.4, 1957, -3743, 3556, 7981, -97340, 8841, -38675, 41825
16863.6, 1963, -3819, 2995, 7355, -96225, 7415, -38675, 41825
16867.3, 1695, -3819, 2995, 7355, -96225, 7415, -38675, 41810
16871.1, 1398, -3819, 2995, 7355, -96225, 7415, -38675, 41737
16875.4, 1521, -4057, 2763, 7840, -93438, 5556, -38487, 41737
16879.1, 1420, -4057, 2763, 7840, -93438, 5556, -38487, 41783
16883.3, 1349, -3836, 2700, 7333, -99493, 5556, -38487, 41783
16887.0, 1550, -3836, 2700, 7333, -99493, 5556, -38487, 41770
16890.7, 1741, -3836, 2700, 7333, -99493, 5556, -38487, 41757
16895.0, 1740, -3932, 3123, 7055, -104131, -1347, -36667, 41757
16898.7, 1641, -3932, 3123, 7055, -104131, -1347, -36667, 41736
16902.9, 1665, -4040, 3833, 7673, -105671, -2161, -36667, 41736
16906.7, 1666, -4040, 3833, 7673, -105671, -2161, -36667, 41710
16909.0, 1391, -4040, 3833, 7673, -105671, -2161, -36667, 41710
16914.8, 1692, -3748, 3611, 7529, -111857, 1076, -36164, 41695
16918.5, 1648, -3748, 3611, 7529, -111857, 1076, -36164, 41679
16922.7, 1757, -3771, 3019, 7697, -109739, 5433, -36164, 41679
16926.5, 1654, -3771, 3019, 7697, -109739, 5433, -36164, 41670
16928.7, 1610, -3771, 3019, 7697, -109739, 5433, -36164, 41670
16934.5, 1464, -3956, 2296, 8338, -107792, 8645, -36111, 41668
16936.8, 1326, -3956, 2296, 8338, -107792, 8645, -36111, 41668
16942.5, 1631, -3936, 1749, 8219, -109254, 5534, -39323, 41632
16946.2, 1352, -3936, 1749, 8219, -109254, 5534, -39323, 41620
16950.5, 1841, -4577, 1578, 8405, -106428, -170, -44236, 41620
16954.2, 1610, -4577, 1578, 8405, -106428, -170, -44236, 41622
16956.5, 1327, -4577, 1578, 8405, -106428, -170, -44236, 41622
16960.7, 1566, -5229, 1259, 8649, -101453, 411, -45798, 41622
16964.5, 1745, -5229, 1259, 8649, -101453, 411, -45798, 41606
16966.7, 1455, -5229, 1259, 8649, -101453, 411, -45798, 41606
16971.0, 1392, -4936, 570, 7780, -105614, 2283, -46970, 41606
16974.7, 1347, -4936, 570, 7780, -105614, 2283, -46970, 41598
16977.0, 1307, -4936, 570, 7780, -105614, 2283, -46970, 41598
16982.8, 1724, -4427, 735, 6795, -112653, -8247, -50295, 41589
16986.5, 1774, -4427, 735, 6795, -112653, -8247, -50295, 41574
16990.7, 1902, -3671, 1974, 7508, -112115, -16476, -51936, 41574
16994.4, 895, -3671, 1974, 7508, -112115, -16476, -51936, 41593
16996.7, 825, -3671, 1974, 7508, -112115, -16476, -51936, 41593
17000.9, 1744, -3025, 2346, 7930, -114749, -8391, -52378, 41593
17004.6, 2101, -3025, 2346, 7930, -114749, -8391, -52378, 41571
17008.8, 1670, -3478, 1804, 8804, -110365, 3128, -51065, 41571
17012.6, 1348, -3478, 1804, 8804, -110365, 3128, -51065, 40943
17016.4, 1729, -3478, 1804, 8804, -110365, 3128, -51065, 41545
17020.6, 2025, -4095, 489, 8986, -105859, 11672, -47154, 41545
17024.4, 1675, -4095, 489, 8986, -105859, 11672, -47154, 40933
17028.6, 1877, -4444, -1292, 8687, -107202, 15759, -45540, 40933
17032.3, 1683, -4444, -1292, 8687, -107202, 15759, -45540, 40914
17036.1, 1660, -4444, -1292, 8687, -107202, 15759, -45540, 40920
17040.3, 1635, -4347, -1467, 7894, -111551, 9629, -49941, 40920
17044.1, 1639, -4347, -1467, 7894, -111551, 9629, -49941, 40912
17048.3, 1670, -4187, -687, 8255, -115738, -4309, -56438, 40912
17052.0, 1498, -4187, -687, 8255, -115738, -4309, -56438, 40910
17055.7, 1624, -4187, -687, 8255, -115738, -4309, -56438, 40919
17060.0, 1746, -3997, 790, 8102, -121613, -11020, -58678, 40919
17063.7, 1583, -3997, 790, 8102, -121613, -11020, -58678, 40916
17067.9, 1983, -3837, 1207, 7680, -128876, -8605, -57173, 40916
17071.7, 1371, -3837, 1207, 7680, -128876, -8605, -57173, 40918
17074.0, 708, -3837, 1207, 7680, -128876, -8605, -57173, 40918
17079.8, 1665, -4041, 1027, 7931, -129720, -5446, -54185, 40921
17083.5, 1721, -4041, 1027, 7931, -129720, -5446, -54185, 40930
17087.7, 1878, -5072, -257, 9508, -113528, -1360, -49377, 40930
17091.5, 1603, -5072, -257, 9508, -113528, -1360, -49377, 40911
17093.8, 1161, -5072, -257, 9508, -113528, -1360, -49377, 40911
17099.5, 1639, -5178, -2260, 9190, -109153, 8627, -47351, 40950
17101.8, 1351, -5178, -2260, 9190, -109153, 8627, -47351, 40950
17107.6, 1507, -4515, -3927, 7402, -114981, 4886, -56775, 40951
17111.3, 1746, -4515, -3927, 7402, -114981, 4886, -56775, 40946
17115.6, 1931, -4094, -2959, 7990, -113458, -16021, -69134, 40946
17119.3, 1644, -4094, -2959, 7990, -113458, -16021, -69134, 41118
17121.6, 1398, -4094, -2959, 7990, -113458, -16021, -69134, 41118
17125.9, 1578, -3540, -1421, 8047, -119728, -22776, -72044, 41118
17129.7, 1511, -3540, -1421, 8047, -119728, -22776, -72044, 40933
17132.0, 1423, -3540, -1421, 8047, -119728, -22776, -72044, 40933
17137.7, 1887, -3210, -492, 8085, -129379, -13387, -63989, 40922
17141.4, 1438, -3210, -492, 8085, -129379, -13387, -63989, 40904
17145.7, 1995, -3087, -475, 8425, -136060, -12377, -54067, 40904
17149.5, 1554, -3087, -475, 8425, -136060, -12377, -54067, 40923
17151.7, 1284, -3087, -475, 8425, -136060, -12377, -54067, 40923
17156.0, 1566, -3731, -890, 9241, -132192, -12862, -46655, 40923
17159.7, 1630, -3731, -890, 9241, -132192, -12862, -46655, 40913
17164.0, 1013, -4376, -2820, 8481, -126277, -1098, -44616, 40913
17167.7, 1049, -4376, -2820, 8481, -126277, -1098, -44616, 40912
17171.4, 1694, -4376, -2820, 8481, -126277, -1098, -44616, 40910
17175.7, 2752, -4753, -4685, 8057, -124448, 9843, -52850, 40910
17179.5, 1766, -4753, -4685, 8057, -124448, 9843, -52850, 40912
17183.7, 1580, -4521, -5574, 7363, -123219, 4895, -66374, 40912
17187.5, 1461, -4521, -5574, 7363, -123219, 4895, -66374, 40924
17191.3, 1597, -4521, -5574, 7363, -123219, 4895, -66374, 40933
17195.5, 1728, -4335, -5032, 7555, -119728, -6457, -74205, 40933
17199.3, 1507, -4335, -5032, 7555, -119728, -6457, -74205, 40957
17203.5, 1676, -3975, -4303, 7115, -123022, -12075, -71589, 40957
17207.3, 1724, -3975, -4303, 7115, -123022, -12075, -71589, 40952
17211.0, 1645, -3975, -4303, 7115, -123022, -12075, -71589, 40948
17215.3, 1959, -3519, -3449, 8090, -126177, -14638, -62016, 40948
17219.1, 1424, -3519, -3449, 8090, -126177, -14638, -62016, 40946
17223.3, 1742, -3184, -3154, 8044, -131785, -14293, -52859, 40946
17227.0, 1782, -3184, -3154, 8044, -131785, -14293, -52859, 40939
17230.8, 1217, -3184, -3154, 8044, -131785, -14293, -52859, 40955
17235.1, 1129, -3593, -3859, 8810, -131024, -10806, -49027, 40955
17238.8, 1597, -3593, -3859, 8810, -131024, -10806, -49027, 40905
17243.1, 2255, -4021, -5019, 9074, -119736, -4729, -50094, 40905
17246.8, 1768, -4021, -5019, 9074, -119736, -4729, -50094, 40909
17252.6, 1699, -3944, -6461, 7460, -117759, 2760, -57453, 40890
17256.3, 1412, -3944, -6461, 7460, -117759, 2760, -57453, 40927
17258.6, 1330, -3944, -6461, 7460, -117759, 2760, -57453, 40927
17264.3, 1947, -3797, -6983, 6797, -118231, 997, -68951, 40904
17266.6, 1545, -3797, -6983, 6797, -118231, 997, -68951, 40904
17270.8, 1656, -3587, -6482, 7353, -113148, -10215, -74664, 40904
17274.6, 1529, -3587, -6482, 7353, -113148, -10215, -74664, 40908
17276.9, 1284, -3587, -6482, 7353, -113148, -10215, -74664, 40908
17282.6, 1488, -3285, -6061, 6808, -115086, -13965, -69909, 40906
17286.3, 1561, -3285, -6061, 6808, -115086, -13965, -69909, 40902
17290.5, 1979, -3181, -5830, 7104, -117689, -9183, -59247, 40902
17294.3, 1810, -3181, -5830, 7104, -117689, -9183, -59247, 40942
17296.5, 1584, -3181, -5830, 7104, -117689, -9183, -59247, 40942
17300.8, 1688, -3282, -5943, 7764, -119233, -4414, -51997, 40942
17304.6, 1667, -3282, -5943, 7764, -119233, -4414, -51997, 40961
17306.9, 1463, -3282, -5943, 7764, -119233, -4414, -51997, 40961
17312.6, 1563, -3520, -6140, 7663, -122992, 3263, -51962, 40917
17316.3, 1691, -3520, -6140, 7663, -122992, 3263, -51962, 40999
17320.6, 1774, -4034, -6625, 8078, -122064, 8500, -57680, 40999
17324.4, 1446, -4034, -6625, 8078, -122064, 8500, -57680, 40989
17328.6, 1613, -4034, -6625, 8078, -122064, 8500, -65512, 40989
17332.3, 1751, -4034, -6625, 8078, -122064, 8500, -65512, 40974
17336.1, 1607, -4034, -6625, 8078, -122064, 8500, -65512, 40931
17340.4, 2004, -3997, -7162, 7045, -113764, 3263, -71409, 40931
17344.1, 1870, -3997, -7162, 7045, -113764, 3263, -71409, 40944
17348.3, 1830, -3997, -7162, 7045, -113764, 3263, -72936, 40944
17352.0, 1661, -3997, -7162, 7045, -113764, 3263, -72936, 40917
17355.7, 1639, -3997, -7162, 7045, -113764, 3263, -72936, 40916
17360.0, 1696, -3114, -7526, 6306, -104778, -5276, -69274, 40916
17363.7, 1486, -3114, -7526, 6306, -104778, -5276, -69274, 40912
17367.9, 1614, -3114, -7526, 6306, -104778, -5276, -69274, 40912
17371.7, 1675, -3114, -7526, 6306, -104778, -5276, -69274, 40913
17374.0, 1460, -3114, -7526, 6306, -104778, -5276, -69274, 40913
17379.8, 1792, -3107, -6844, 5791, -107097, -8833, -56587, 40917
17383.5, 1596, -3107, -6844, 5791, -107097, -8833, -56587, 40922
17387.7, 1518, -3107, -6844, 5791, -107097, -8833, -52855, 40922
17391.5, 1419, -3107, -6844, 5791, -107097, -8833, -52855, 40923
17393.8, 1171, -3107, -6844, 5791, -107097, -8833, -52855, 40923
17399.5, 1643, -3917, -6735, 7404, -112819, 5429, -53073, 40930
17403.3, 1523, -3917, -6735, 7404, -112819, 5429, -53073, 40951
17409.0, 1295, -3973, -7357, 7939, -114911, 4803, -58223, 40962
17412.7, 1986, -3973, -7357, 7939, -114911, 4803, -58223, 40975
17418.5, 2676, -3973, -7357, 7939, -114911, 4803, -58223, 40970
17420.7, 1655, -3973, -7357, 7939, -114911, 4803, -58223, 40970
17423.0, 960, -3973, -7357, 7939, -114911, 4803, -58223, 40970
17428.7, 1435, -3558, -7732, 7808, -113056, 1802, -75684, 40954
17430.9, 1397, -3558, -7732, 7808, -113056, 1802, -75684, 40954
17433.2, 1651, -3558, -7732, 7808, -113056, 1802, -75684, 40954
17439.0, 1570, -2898, -8656, 6570, -103448, -9051, -78615, 40996
17441.2, 930, -2898, -8656, 6570, -103448, -9051, -78615, 40996
17445.5, 1649, -2124, -9008, 4834, -103448, -9051, -78615, 40996
17449.2, 1572, -2124, -9008, 4834, -103448, -9051, -78615, 40993
17451.5, 1389, -2124, -9008, 4834, -103448, -9051, -78615, 40993
17455.7, 1754, -1484, -8970, 4813, -97984, -23529, -70259, 40993
17459.4, 1649, -1484, -8970, 4813, -97984, -23529, -70259, 40938
17461.7, 1451, -1484, -8970, 4813, -97984, -23529, -70259, 40938
17465.9, 1769, -1389, -8766, 4579, -95647, -31745, -54775, 40938
17469.6, 1635, -1389, -8766, 4579, -95647, -31745, -54775, 41010
17471.9, 1374, -1389, -8766, 4579, -95647, -31745, -54775, 41010
17477.6, 1677, -1710, -8986, 4000, -94654, -23704, -41243, 40979
17481.3, 1711, -1710, -8986, 4000, -94654, -23704, -41243, 40984
17485.6, 1833, -2139, -9364, 4381, -95560, -6938, -36448, 40984
17489.4, 1576, -2139, -9364, 4381, -95560, -6938, -36448, 40999
17493.6, 885, -2921, -9517, 5080, -96868, 7061, -40898, 40999
17497.3, 1151, -2921, -9517, 5080, -96868, 7061, -40898, 40993
17501.1, 1982, -2921, -9517, 5080, -96868, 7061, -40898, 41001
17505.3, 2623, -3700, -9076, 5931, -97896, 13168, -48375, 41001
17509.1, 2039, -3700, -9076, 5931, -97896, 13168, -48375, 41014
17513.3, 1943, -3878, -8850, 7179, -98771, 11086, -54837, 41014
17517.0, 1643, -3878, -8850, 7179, -98771, 11086, -54837, 41026
17520.7, 1626, -3878, -8850, 7179, -98771, 11086, -54837, 41037
17525.0, 1748, -3400, -8888, 7519, -95140, 3281, -59273, 41037
17528.7, 1617, -3400, -8888, 7519, -95140, 3281, -59273, 41073
17532.9, 1629, -2160, -9055, 5551, -95297, -9550, -63036, 41073
17536.7, 1479, -2160, -9055, 5551, -95297, -9550, -63036, 41096
17539.0, 1297, -2160, -9055, 5551, -95297, -9550, -63036, 41096
17544.8, 1958, -1351, -8790, 4856, -92878, -26022, -64247, 41095
17548.5, 1500, -1351, -8790, 4856, -92878, -26022, -64247, 41077
17552.7, 1706, -814, -8563, 3708, -89890, -34869, -58302, 41077
17556.5, 1688, -814, -8563, 3708, -89890, -34869, -58302, 41158
17558.8, 1317, -814, -8563, 3708, -89890, -34869, -58302, 41158
17564.6, 1745, -629, -9072, 3105, -89317, -26407, -46817, 41196
17568.3, 1647, -629, -9072, 3105, -89317, -26407, -46817, 41167
17574.1, 1692, -882, -9756, 3092, -88997, -10132, -37914, 41167
17577.8, 1641, -882, -9756, 3092, -88997, -10132, -37914, 41763
17583.5, 1695, -1612, -9793, 3483, -88319, 3106, -36024, 41786
17585.7, 1334, -1612, -9793, 3483, -88319, 3106, -36024, 41786
17588.0, 1282, -1612, -9793, 3483, -88319, 3106, -36024, 41786
17593.8, 1574, -2508, -9706, 3924, -89010, 13610, -37669, 41826
17596.0, 1164, -2508, -9706, 3924, -89010, 13610, -37669, 41826
17600.3, 1705, -3360, -9503, 4695, -90515, 16507, -40211, 41826
17604.0, 1674, -3360, -9503, 4695, -90515, 16507, -40211, 41856
17606.3, 1471, -3360, -9503, 4695, -90515, 16507, -40211, 41856
17610.5, 2209, -3757, -9504, 5553, -90450, 7004, -41965, 41856
17614.2, 1672, -3757, -9504, 5553, -90450, 7004, -41965, 41883
17616.5, 1325, -3757, -9504, 5553, -90450, 7004, -41965, 41883
17620.7, 1918, -3355, -9686, 5912, -89347, -10080, -43431, 41883
17624.4, 1897, -3355, -9686, 5912, -89347, -10080, -43431, 41910
17626.7, 1401, -3355, -9686, 5912, -89347, -10080, -43431, 41910
17630.9, 2081, -1983, -9537, 4975, -89181, -25174, -45885, 41910
17634.6, 1692, -1983, -9537, 4975, -89181, -25174, -45885, 41937
17636.9, 1229, -1983, -9537, 4975, -89181, -25174, -45885, 41937
17642.6, 1691, -742, -9598, 3993, -89912, -32598, -47325, 41979
17646.3, 1706, -742, -9598, 3993, -89912, -32598, -47325, 42000
17650.6, 1655, 169, -9494, 2644, -90213, -30944, -45408, 42000
17654.4, 1668, 169, -9494, 2644, -90213, -30944, -45408, 42033
17658.6, 2031, 372, -9637, 1866, -90493, -19784, -39874, 42033
17662.3, 1641, 372, -9637, 1866, -90493, -19784, -39874, 42063
17666.1, 1965, 372, -9637, 1866, -90493, -19784, -39874, 42096
17670.4, 1787, 50, -10172, 1789, -88949, -3574, -33202, 42096
17674.1, 1676, 50, -10172, 1789, -88949, -3574, -33202, 42103
17678.3, 1800, -343, -10636, 1332, -85733, 10653, -29378, 42103
17682.0, 1734, -343, -10636, 1332, -85733, 10653, -29378, 42118
17685.8, 1756, -343, -10636, 1332, -85733, 10653, -29378, 42175
17690.0, 1879, -805, -10816, 1400, -80973, 16345, -29619, 42175
17693.7, 1837, -805, -10816, 1400, -80973, 16345, -29619, 42176
17697.9, 1874, -1466, -10491, 1685, -76576, 12985, -32169, 42176
17701.6, 1800, -1466, -10491, 1685, -76576, 12985, -32169, 42196
17703.9, 1081, -1466, -10491, 1685, -76576, 12985, -32169, 42196
17709.7, 2068, -1859, -10197, 2117, -73330, 6759, -32756, 42229
17713.4, 1617, -1859, -10197, 2117, -73330, 6759, -32756, 42229
17719.1, 1592, -1701, -10162, 2269, -71773, -1054, -31307, 42298
17722.8, 2163, -1701, -10162, 2269, -71773, -1054, -31307, 42341
17728.5, 2297, -1335, -10204, 2224, -71221, -8745, -29824, 42385
17732.3, 1774, -1335, -10204, 2224, -71221, -8745, -29824, 42440
17738.0, 1784, -873, -10523, 2102, -68461, -12569, -28976, 42457
17741.7, 1710, -873, -10523, 2102, -68461, -12569, -28976, 42490
17747.4, 1926, -242, -10626, 1583, -66676, -12097, -28871, 42544
17751.1, 1905, -242, -10626, 1583, -66676, -12097, -28871, 42595
17753.4, 1105, -242, -10626, 1583, -66676, -12097, -28871, 42595
17759.2, 1887, 137, -10389, 1220, -64431, -14048, -30135, 42648
17761.4, 1082, 137, -10389, 1220, -64431, -14048, -30135, 42648
17765.6, 1901, 126, -10021, 912, -60305, -15391, -30052, 42648
17769.3, 1760, 126, -10021, 912, -60305, -15391, -30052, 42639
17771.6, 1085, 126, -10021, 912, -60305, -15391, -30052, 42639
17775.8, 1904, -206, -10016, 719, -58363, -10710, -26368, 42639
17779.5, 1743, -206, -10016, 719, -58363, -10710, -26368, 42776
17781.8, 1075, -206, -10016, 719, -58363, -10710, -26368, 42776
17786.0, 1951, -610, -10252, 994, -55786, -4003, -21490, 42776
17789.8, 1810, -610, -10252, 994, -55786, -4003, -21490, 42833
17792.0, 1108, -610, -10252, 994, -55786, -4003, -21490, 42833
17797.8, 1983, -1106, -10363, 1255, -52811, -1146, -18379, 42858
17801.5, 1850, -1106, -10363, 1255, -52811, -1146, -18379, 42926
17805.8, 1993, -1504, -10295, 1204, -50619, -2126, -17574, 42926
17809.5, 1820, -1504, -10295, 1204, -50619, -2126, -17574, 42972
17813.7, 1915, -1618, -10140, 1299, -47732, -3753, -16896, 42972
17817.5, 1819, -1618, -10140, 1299, -47732, -3753, -16896, 42987
17821.2, 1834, -1618, -10140, 1299, -47732, -3753, -16896, 43034
17825.5, 1911, -1435, -9987, 1436, -45570, -7586, -15618, 43034
17829.3, 1799, -1435, -9987, 1436, -45570, -7586, -15618, 43046
17833.5, 1910, -1156, -10040, 1369, -43046, -12298, -13952, 43046
17837.3, 1821, -1156, -10040, 1369, -43046, -12298, -13952, 43077
17841.0, 1819, -1156, -10040, 1369, -43046, -12298, -13952, 43111
17845.3, 1890, -699, -10178, 1242, -40495, -15343, -12377, 43111
17849.1, 1756, -699, -10178, 1242, -40495, -15343, -12377, 43142
17853.3, 1882, -354, -10253, 1106, -37721, -15916, -11095, 43142
17857.0, 1812, -354, -10253, 1106, -37721, -15916, -11095, 43186
17860.8, 1802, -354, -10253, 1106, -37721, -15916, -11095, 43213
17865.1, 1791, -61, -10169, 839, -34484, -15535, -9966, 43213
17868.9, 1749, -61, -10169, 839, -34484, -15535, -9966, 43256
17873.1, 1906, -8, -10176, 646, -30516, -12565, -8404, 43256
17876.8, 1868, -8, -10176, 646, -30516, -12565, -8404, 43293
17880.6, 1777, -8, -10176, 646, -30516, -12565, -8404, 43319
17884.9, 1810, -15, -10208, 452, -27313, -7577, -6168, 43319
17888.9, 1534, -15, -10208, 452, -27313, -7577, -6168, 43345
17893.2, 1871, -105, -10241, 153, -25318, -2148, -3644, 43345
17896.9, 1826, -105, -10241, 153, -25318, -2148, -3644, 43401
17902.6, 1960, -105, -10241, 153, -21026, -201, -2506, 43446
17906.4, 1741, -105, -10241, 153, -21026, -201, -2506, 43487
17910.7, 1822, -390, -10313, 179, -17194, 310, -1911, 43487
17914.4, 1697, -390, -10313, 179, -17194, 310, -1911, 43541
17916.7, 884, -390, -10313, 179, -17194, 310, -1911, 43541
17920.9, 1894, -731, -10397, 372, -14494, -1076, -1176, 43541
17924.7, 1751, -731, -10397, 372, -14494, -1076, -1176, 43560
17927.0, 935, -731, -10397, 372, -14494, -1076, -1176, 43560
17932.7, 1963, -996, -10234, 599, -12232, -6698, -988, 43597
17936.4, 1790, -996, -10234, 599, -12232, -6698, -988, 43636
17940.6, 1850, -996, -10234, 599, -8260, -13457, -1010, 43636
17944.4, 1711, -996, -10234, 599, -8260, -13457, -1010, 43673
17946.7, 903, -996, -10234, 599, -8260, -13457, -1010, 43673
17951.0, 1848, -271, -10253, 491, -5788, -14778, 621, 43673
17954.7, 1705, -271, -10253, 491, -5788, -14778, 621, 43714
17957.0, 944, -271, -10253, 491, -5788, -14778, 621, 43714
17962.7, 1973, 150, -10482, 694, -2900, -12797, 2725, 43718
17966.4, 1748, 150, -10482, 694, -2900, -12797, 2725, 43784
17970.7, 1848, 524, -10345, 772, -1028, -11563, 2760, 43784
17974.4, 1725, 524, -10345, 772, -1028, -11563, 2760, 43814
17978.6, 1829, 524, -10345, 772, -1028, -11563, 2760, 43814
17982.3, 1766, 524, -10345, 772, -1028, -11563, 2760, 43844
17986.1, 1688, 524, -10345, 772, -1028, -11563, 2760, 43814
17990.3, 1800, 653, -9898, 497, 441, -5744, -463, 43814
17994.0, 1690, 653, -9898, 497, 441, -5744, -463, 43900
17998.2, 1787, 653, -9898, 497, 441, -5744, -463, 43900
18002.0, 1712, 653, -9898, 497, 441, -5744, -463, 43928
18005.8, 1733, 653, -9898, 497, 441, -5744, -463, 43948
18010.0, 1828, 326, -10171, 315, 704, 11138, 3749, 43948
18013.8, 1713, 326, -10171, 315, 704, 11138, 3749, 43982
18018.0, 1793, -153, -10171, 315, 704, 11138, 3749, 43982
18021.7, 1676, -153, -10171, 315, 704, 11138, 3749, 44000
18024.0, 861, -153, -10171, 315, 704, 11138, 3749, 44000
18029.8, 1846, -477, -10126, 516, 3290, 13623, 4567, 44007
18033.5, 1722, -477, -10126, 516, 3290, 13623, 4567, 44052
18037.7, 1782, -477, -10126, 516, 3290, 13623, 4567, 44052
18041.5, 1644, -477, -10126, 516, 3290, 13623, 4567, 44044
18043.8, 869, -477, -10126, 516, 3290, 13623, 4567, 44044
18049.5, 1852, -510, -10074, 496, 7157, 5858, 4025, 44056
18053.3, 1718, -510, -10074, 496, 7157, 5858, 4025, 44068
18059.0, 1835, -510, -10074, 361, 7805, 5853, 5145, 44082
18062.7, 1674, -510, -10074, 361, 7805, 5853, 5145, 44083
18068.4, 1818, -419, -10016, 361, 7805, 5853, 5145, 44125
18072.1, 1660, -419, -10016, 361, 7805, 5853, 5145, 44112
18077.9, 1781, 68, -9863, 186, 7371, 9117, 5941, 44109
18081.6, 1594, 68, -9863, 186, 7371, 9117, 5941, 44141
18085.9, 1728, -306, -10130, 687, 6593, 11313, 6133, 44141
18089.7, 1644, -306, -10130, 687, 6593, 11313, 6133, 44147
18092.0, 842, -306, -10130, 687, 6593, 11313, 6133, 44147
18097.7, 1880, -735, -10054, 710, 5910, 7927, 5031, 44168
18101.4, 1695, -735, -10054, 710, 5910, 7927, 5031, 44192
18105.7, 1747, -665, -9920, 169, 5591, 7669, 3718, 44192
18109.4, 1653, -665, -9920, 169, 5591, 7669, 3718, 44192
18111.6, 810, -665, -9920, 169, 5591, 7669, 3718, 44192
18115.9, 1792, -349, -9983, 473, 5884, 11786, 3486, 44192
18119.7, 1662, -349, -9983, 473, 5884, 11786, 3486, 44179
18123.9, 1786, -385, -10277, 1178, 6321, 8553, 4641, 44179
18127.6, 1690, -385, -10277, 1178, 6321, 8553, 4641, 44230
18131.4, 1627, -385, -10277, 1178, 6321, 8553, 4641, 44237
18135.6, 1654, -221, -10338, 324, 5936, 5197, 5516, 44237
18139.4, 1580, -221, -10338, 324, 5936, 5197, 5516, 44252
18143.6, 1717, -274, -10252, 643, 6356, 6715, 5390, 44252
18147.3, 1614, -274, -10252, 643, 6356, 6715, 5390, 44230
18151.1, 1583, -274, -10252, 643, 6356, 6715, 5390, 44280
18155.3, 1776, -269, -9958, 861, 6763, 5324, 4291, 44280
18159.0, 1686, -269, -9958, 861, 6763, 5324, 4291, 44291
18163.3, 1860, -220, -9533, 398, 3889, 2992, 3653, 44291
18167.0, 1707, -220, -9533, 398, 3889, 2992, 3653, 44297
18170.7, 1686, -220, -9533, 398, 3889, 2992, 3653, 44355
18174.9, 1811, -284, -9500, 272, 1526, 3447, 3263, 44355
18178.7, 1713, -284, -9500, 272, 1526, 3447, 3263, 44347
18183.0, 1811, -419, -9701, 509, 1750, 4068, 2734, 44347
18186.7, 1669, -419, -9701, 509, 1750, 4068, 2734, 44484
18189.0, 879, -419, -9701, 509, 1750, 4068, 2734, 44484
18194.8, 1904, -484, -9967, 542, 1325, 4095, 2931, 44501
18198.5, 1717, -484, -9967, 542, 1325, 4095, 2931, 44499
18202.7, 1860, -501, -10006, 412, 559, 2975, 3303, 44499
18206.5, 1669, -501, -10006, 412, 559, 2975, 3303, 44513
18208.8, 884, -501, -10006, 412, 559, 2975, 3303, 44513
18214.5, 1843, -424, -9881, 486, 1098, 192, 2655, 44493
18218.2, 1727, -424, -9881, 486, 1098, 192, 2655, 44493
18224.0, 1836, -193, -9845, 684, 2406, -2183, 1548, 44492
18226.2, 774, -193, -9845, 684, 2406, -2183, 1548, 44492
18228.5, 835, -193, -9845, 684, 2406, -2183, 1548, 44492
18234.2, 1882, -40, -9936, 527, 2266, -227, 2485, 44491
18236.5, 821, -40, -9936, 527, 2266, -227, 2485, 44491
18240.7, 1807, 20, -10037, 384, 2734, 4987, 4357, 44491
18244.5, 1711, 20, -10037, 384, 2734, 4987, 4357, 44455
18246.7, 858, 20, -10037, 384, 2734, 4987, 4357, 44455
18251.0, 1836, -130, -10089, 647, 3066, 9594, 4733, 44455
18254.7, 1771, -130, -10089, 647, 3066, 9594, 4733, 44490
18257.0, 896, -130, -10089, 647, 3066, 9594, 4733, 44490
18262.7, 1921, -289, -9976, 533, 2331, 12324, 3596, 44469
18266.4, 1699, -289, -9976, 533, 2331, 12324, 3596, 44468
18270.7, 1793, -544, -9866, 542, 2060, 14162, 2349, 44468
18274.4, 1720, -544, -9866, 542, 2060, 14162, 2349, 44493
18276.6, 837, -544, -9866, 542, 2060, 14162, 2349, 44493
18280.9, 1806, -645, -9912, 691, 2865, 14057, 1960, 44493
18284.7, 1757, -645, -9912, 691, 2865, 14057, 1960, 44466
18288.9, 1837, -608, -10106, 635, 3132, 12832, 2795, 44466
18292.6, 1750, -608, -10106, 635, 3132, 12832, 2795, 44443
18296.4, 1743, -608, -10106, 635, 3132, 12832, 2795, 44464
18300.6, 1842, -494, -10158, 553, 3924, 12202, 3683, 44464
18304.4, 1742, -494, -10158, 553, 3924, 12202, 3683, 44458
18308.6, 1867, -439, -10013, 428, 4230, 12600, 3880, 44458
18312.3, 1708, -439, -10013, 428, 4230, 12600, 3880, 44440
18316.1, 1691, -439, -10013, 428, 4230, 12600, 3880, 44467
18320.3, 1826, -503, -9924, 474, 4606, 13457, 3596, 44467
18324.0, 1755, -503, -9924, 474, 4606, 13457, 3596, 44449
18328.2, 1865, -604, -10060, 677, 4453, 12587, 2743, 44449
18332.0, 1662, -604, -10060, 677, 4453, 12587, 2743, 44464
18335.7, 1692, -604, -10060, 677, 4453, 12587, 2743, 44455
18340.0, 1837, -642, -10042, 669, 4099, 9813, 2047, 44455
18343.7, 1731, -642, -10042, 669, 4099, 9813, 2047, 44439
18347.9, 1837, -618, -9876, 291, 2725, 7323, 1487, 44439
18351.6, 1671, -618, -9876, 291, 2725, 7323, 1487, 44444
18353.9, 907, -618, -9876, 291, 2725, 7323, 1487, 44444
18359.6, 1909, -684, -9732, 328, 2515, 5993, 293, 44433
18363.3, 1764, -684, -9732, 328, 2515, 5993, 293, 44434
18369.0, 1857, -671, -9804, 409, 1592, 5153, -826, 44431
18372.7, 1664, -671, -9804, 409, 1592, 5153, -826, 44430
18378.5, 1872, -579, -9989, 436, 1903, 4016, -673, 44443
18382.2, 1629, -579, -9989, 436, 1903, 4016, -673, 44424
18388.0, 1825, -504, -9968, 483, 2340, 1854, -367, 44416
18391.7, 1571, -504, -9968, 483, 2340, 1854, -367, 44423
18396.0, 1678, -346, -9922, 501, 3281, -481, -953, 44423
18399.7, 1684, -346, -9922, 501, 3281, -481, -953, 44409
18402.0, 791, -346, -9922, 501, 3281, -481, -953, 44409
18407.7, 1834, -269, -9818, 463, 3110, -1172, -1911, 44418
18411.4, 1595, -269, -9818, 463, 3110, -1172, -1911, 44419
18415.7, 1724, -334, -9859, 485, 3447, -245, -1850, 44419
18419.4, 1717, -334, -9859, 485, 3447, -245, -1850, 44414
18421.7, 784, -334, -9859, 485, 3447, -245, -1850, 44414
18425.9, 1799, -506, -9856, 578, 4353, 454, -1540, 44414
18429.6, 1740, -506, -9856, 578, 4353, 454, -1540, 44420
18431.9, 828, -506, -9856, 578, 4353, 454, -1540, 44420
18437.6, 1828, -609, -9716, 564, 3906, 756, -1644, 44422
18441.3, 1647, -609, -9716, 564, 3906, 756, -1644, 44416
18445.6, 1760, -653, -9658, 555, 3622, 1911, -2240, 44416
18449.4, 1679, -653, -9658, 555, 3622, 1911, -2240, 44420
18451.7, 762, -653, -9658, 555, 3622, 1911, -2240, 44420
18455.9, 1778, -637, -9662, 488, 2673, 3451, -2616, 44420
18459.6, 1742, -637, -9662, 488, 2673, 3451, -2616, 44416
18463.8, 1833, -597, -9812, 580, 1500, 4571, -2874, 44416
18467.6, 1679, -597, -9812, 580, 1500, 4571, -2874, 44411
18471.4, 1695, -597, -9812, 580, 1500, 4571, -2874, 44416
18475.6, 1808, -490, -9885, 733, 1824, 4860, -3045, 44416
18479.4, 1761, -490, -9885, 733, 1824, 4860, -3045, 44418
18483.6, 1860, -385, -9935, 626, 1098, 5770, -2747, 44418
18487.3, 1667, -385, -9935, 626, 1098, 5770, -2747, 44407
18491.1, 1682, -385, -9935, 626, 1098, 5770, -2747, 44404
18495.4, 1811, -337, -9934, 616, 752, 6934, -2861, 44404
18499.1, 1768, -337, -9934, 616, 752, 6934, -2861, 44404
18503.3, 1843, -391, -9897, 591, 918, 7879, -3202, 44404
18507.0, 1691, -391, -9897, 591, 918, 7879, -3202, 44418
18510.7, 1695, -391, -9897, 591, 918, 7879, -3202, 44393
18515.0, 1817, -604, -9967, 632, 279, 8286, -3482, 44393
18518.7, 1746, -604, -9967, 632, 279, 8286, -3482, 44366
18522.9, 1789, -652, -9973, 552, 682, 8010, -3430, 44366
18526.7, 1640, -652, -9973, 552, 682, 8010, -3430, 44400
18529.0, 869, -652, -9973, 552, 682, 8010, -3430, 44400
18534.7, 1889, -793, -9943, 564, 17, 7297, -2992, 44398
18538.4, 1697, -793, -9943, 564, 17, 7297, -2992, 44390
18544.1, 1863, -826, -9996, 483, -245, 5635, -2804, 44419
18547.8, 1638, -826, -9996, 483, -245, 5635, -2804, 44400
18553.5, 1850, -826, -9996, 524, 524, 3902, -3395, 44399
18555.8, 796, -826, -9996, 524, 524, 3902, -3395, 44399
18558.0, 765, -826, -9996, 524, 524, 3902, -3395, 44399
18563.8, 1874, -644, -9955, 550, 1154, 2327, -4055, 44395
18566.0, 810, -644, -9955, 550, 1154, 2327, -4055, 44395
18568.3, 806, -644, -9955, 550, 1154, 2327, -4055, 44395
18574.1, 1909, -467, -9864, 503, 118, 1413, -3998, 44392
18576.4, 839, -467, -9864, 503, 118, 1413, -3998, 44392
18580.6, 1802, -467, -9864, 503, 118, 1413, -3670, 44392
18584.4, 1740, -467, -9864, 503, 118, 1413, -3670, 44386
18586.7, 822, -467, -9864, 503, 118, 1413, -3670, 44386
18590.9, 1843, -375, -9911, 531, 354, 1041, -3631, 44386
18594.6, 1751, -375, -9911, 531, 354, 1041, -3631, 44415
18596.9, 841, -375, -9911, 531, 354, 1041, -3631, 44415
18602.6, 1845, -279, -10023, 598, 328, 1833, -3360, 44394
18606.3, 1681, -279, -10023, 598, 328, 1833, -3360, 44388
18610.6, 1802, -274, -10037, 570, -96, 3163, -3045, 44388
18614.3, 1753, -274, -10037, 570, -96, 3163, -3045, 44396
18616.6, 836, -274, -10037, 570, -96, 3163, -3045, 44396
18620.9, 1811, -358, -10014, 501, 209, 3845, -3101, 44396
18624.6, 1776, -358, -10014, 501, 209, 3845, -3101, 44389
18628.9, 1848, -511, -9988, 501, 209, 3845, -3101, 44389
18632.6, 1703, -511, -9988, 501, 209, 3845, -3101, 44394
18636.3, 1710, -511, -9988, 501, 209, 3845, -3101, 44418
18640.5, 1843, -573, -10052, 555, -288, 3333, -2156, 44418
18644.3, 1781, -573, -10052, 555, -288, 3333, -2156, 44390
18648.5, 1827, -506, -10120, 482, -288, 3333, -2156, 44390
18652.2, 1688, -506, -10120, 482, -288, 3333, -2156, 44391
18656.0, 1707, -506, -10120, 482, -288, 3333, -2156, 44387
18660.3, 1852, -427, -10027, 397, 74, 3968, -2393, 44387
18664.0, 1757, -427, -10027, 397, 74, 3968, -2393, 44381
18668.3, 1792, -422, -9957, 477, 74, 3968, -2393, 44381
18672.0, 1694, -422, -9957, 477, 74, 3968, -2393, 44382
18675.8, 1726, -422, -9957, 477, 74, 3968, -2393, 44374
18680.0, 1836, -436, -10081, 518, 8, 4361, -2008, 44374
18683.7, 1732, -436, -10081, 518, 8, 4361, -2008, 44368
18688.0, 1766, -448, -10111, 518, 8, 4361, -2008, 44368
18691.8, 1673, -448, -10111, 518, 8, 4361, -2008, 44360
18695.5, 1737, -448, -10111, 518, 8, 4361, -2008, 44368
18699.8, 1814, -383, -10133, 527, 669, 3587, -2134, 44368
18703.6, 1725, -383, -10133, 527, 669, 3587, -2134, 44370
18707.8, 1781, -346, -10019, 527, 669, 3587, -2134, 44370
18711.5, 1687, -346, -10019, 527, 669, 3587, -2134, 44358
18713.8, 831, -346, -10019, 527, 669, 3587, -2134, 44358
18719.5, 1912, -424, -9903, 309, 56, 4917, -2161, 44353
18721.8, 809, -424, -9903, 309, 56, 4917, -2161, 44353
18727.6, 1825, -455, -9860, 288, -511, 7341, -1750, 44354
18731.3, 1676, -455, -9860, 288, -511, 7341, -1750, 44356
18735.6, 1808, -613, -9944, 466, -205, 7595, -1303, 44356
18739.3, 1739, -613, -9944, 466, -205, 7595, -1303, 44352
18741.6, 815, -613, -9944, 466, -205, 7595, -1303, 44352
18745.8, 1833, -550, -9971, 510, 34, 5503, -1487, 44352
18749.6, 1731, -550, -9971, 510, 34, 5503, -1487, 44348
18751.8, 830, -550, -9971, 510, 34, 5503, -1487, 44348
18757.5, 1879, -498, -9983, 478, 490, 2996, -1951, 44108
18761.2, 1704, -498, -9983, 478, 490, 2996, -1951, 44094
18765.5, 1823, -388, -9940, 454, 463, 1369, -2226, 44094
18769.2, 1759, -388, -9940, 454, 463, 1369, -2226, 44098
18771.5, 844, -388, -9940, 454, 463, 1369, -2226, 44098
18775.7, 1866, -361, -9903, 384, 424, 923, -2458, 44098
18779.4, 1762, -361, -9903, 384, 424, 923, -2458, 44092
18783.7, 1830, -315, -9915, 292, 52, 1596, -2664, 44092
18787.4, 1715, -315, -9915, 292, 52, 1596, -2664, 44086
18791.2, 1747, -315, -9915, 292, 52, 1596, -2664, 44092
18795.4, 1824, -294, -9912, 423, 271, 2388, -3075, 44092
18799.2, 1744, -294, -9912, 423, 271, 2388, -3075, 44080
18803.4, 1792, -383, -9976, 416, 258, 3937, -2550, 44080
18807.1, 1696, -383, -9976, 416, 258, 3937, -2550, 44078
18810.9, 1770, -383, -9976, 416, 258, 3937, -2550, 44109
18815.1, 1828, -413, -10098, 382, 227, 5810, -1373, 44109
18818.9, 1706, -413, -10098, 382, 227, 5810, -1373, 44070
18823.1, 1775, -424, -10052, 475, 905, 6107, -555, 44070
18826.8, 1683, -424, -10052, 475, 905, 6107, -555, 44077
18830.6, 1744, -424, -10052, 475, 905, 6107, -555, 44060
18834.8, 1881, -456, -10008, 418, 1189, 5490, -503, 44060
18838.5, 1720, -456, -10008, 418, 1189, 5490, -503, 44050
18842.8, 1784, -618, -10009, 412, 1526, 5245, -468, 44050
18846.5, 1714, -618, -10009, 412, 1526, 5245, -468, 44051
18848.8, 805, -618, -10009, 412, 1526, 5245, -468, 44051
18854.6, 1876, -713, -9970, 416, 2113, 3968, -546, 44041
18858.3, 1674, -713, -9970, 416, 2113, 3968, -546, 43985
18864.0, 1828, -719, -10062, 390, 2528, 1658, -629, 44062
18867.8, 1624, -719, -10062, 390, 2528, 1658, -629, 44021
18873.5, 1782, -652, -10103, 384, 3053, -524, -958, 44014
18875.7, 817, -652, -10103, 384, 3053, -524, -958, 44014
18878.0, 745, -652, -10103, 384, 3053, -524, -958, 44014
18883.7, 1863, -530, -10014, 522, 3403, -2209, -1509, 44010
18885.9, 838, -530, -10014, 522, 3403, -2209, -1509, 44010
18888.2, 743, -530, -10014, 522, 3403, -2209, -1509, 44010
18893.9, 1877, -363, -10001, 577, 3473, -2769, -1553, 44001
18896.2, 849, -363, -10001, 577, 3473, -2769, -1553, 44001
18900.4, 1853, -265, -9876, 556, 2327, -2489, -1268, 44001
18904.2, 1731, -265, -9876, 556, 2327, -2489, -1268, 44009
18906.5, 856, -265, -9876, 556, 2327, -2489, -1268, 44009
18910.7, 1862, -195, -9934, 596, 1798, -918, -590, 44009
18914.4, 1770, -195, -9934, 596, 1798, -918, -590, 43968
18916.7, 881, -195, -9934, 596, 1798, -918, -590, 43968
18920.9, 1883, -249, -9968, 591, 1146, 708, -323, 43968
18924.6, 1794, -249, -9968, 591, 1146, 708, -323, 43988
18926.9, 865, -249, -9968, 591, 1146, 708, -323, 43988
18932.6, 1874, -408, -9957, 675, 651, 1513, -735, 43992
18936.3, 1758, -408, -9957, 675, 651, 1513, -735, 43984
18940.6, 1830, -387, -9921, 636, 166, 1277, -936, 43984
18944.4, 1722, -387, -9921, 636, 166, 1277, -936, 43977
18948.6, 1778, -311, -9853, 550, -406, 1295, -406, 43977
18952.3, 1714, -311, -9853, 550, -406, 1295, -406, 43971
18956.1, 1773, -311, -9853, 550, -406, 1295, -406, 43954
18960.3, 1863, -304, -9924, 656, -446, 2047, 345, 43954
18964.1, 1690, -304, -9924, 656, -446, 2047, 345, 43951
18968.3, 1798, -335, -10063, 512, -686, 1754, 218, 43951
18972.0, 1725, -335, -10063, 512, -686, 1754, 218, 43931
18975.7, 1752, -335, -10063, 512, -686, 1754, 218, 43928
18980.0, 1830, -412, -9890, 561, -844, 2419, -345, 43928
18983.7, 1690, -412, -9890, 561, -844, 2419, -345, 43932
18987.9, 1748, -538, -9887, 694, -870, 1903, -621, 43932
18991.7, 1734, -538, -9887, 694, -870, 1903, -621, 43919
18994.0, 803, -538, -9887, 694, -870, 1903, -621, 43919
18999.8, 1869, -530, -9939, 709, -1163, -83, -463, 43912
19003.5, 1674, -530, -9939, 709, -1163, -83, -463, 43907
19007.7, 1774, -411, -9952, 662, -1032, -1557, -126, 43907
19011.5, 1661, -411, -9952, 662, -1032, -1557, -126, 43895
19013.8, 735, -411, -9952, 662, -1032, -1557, -126, 43895
19019.5, 1901, -394, -9935, 659, -966, -1238, 253, 43895
19023.3, 1655, -394, -9935, 659, -966, -1238, 253, 43884
19029.0, 1798, -372, -9977, 710, -1579, -503, 310, 43875
19032.7, 1633, -372, -9977, 710, -1579, -503, 310, 43830
19038.5, 1764, -373, -9970, 710, -2156, -275, -78, 43863
19040.7, 772, -373, -9970, 710, -2156, -275, -78, 43863
19043.0, 695, -373, -9970, 710, -2156, -275, -78, 43863
19048.7, 1812, -297, -10023, 713, -3005, 34, 139, 43843
19050.9, 829, -297, -10023, 713, -3005, 34, 139, 43843
19055.2, 1838, -224, -9936, 605, -3832, 1006, 616, 43843
19059.0, 1669, -224, -9936, 605, -3832, 1006, 616, 43823
19061.2, 852, -224, -9936, 605, -3832, 1006, 616, 43823
19065.5, 1869, -187, -9873, 578, -4541, 1741, 367, 43823
19069.2, 1683, -187, -9873, 578, -4541, 1741, 367, 43783
19071.5, 843, -187, -9873, 578, -4541, 1741, 367, 43783
19075.7, 1909, -117, -9894, 89, -6457, 1745, -454, 43783
19079.4, 1736, -117, -9894, 89, -6457, 1745, -454, 43811
19081.7, 886, -117, -9894, 89, -6457, 1745, -454, 43811
19085.9, 1874, 117, -9788, -387, -6514, 10189, 188, 43811
19089.6, 1721, 117, -9788, -387, -6514, 10189, 188, 43802
19091.9, 866, 117, -9788, -387, -6514, 10189, 188, 43802
19097.6, 1876, -911, -10451, 1292, -6790, 13737, 1754, 43786
19101.3, 1711, -911, -10451, 1292, -6790, 13737, 1754, 43802
19105.6, 1831, -1124, -10238, 762, -5770, 3101, 402, 43802
19109.4, 1642, -1124, -10238, 762, -5770, 3101, 402, 43756
19113.6, 1707, -1124, -10238, 762, -4121, -2244, -647, 43756
19117.3, 1682, -1124, -10238, 762, -4121, -2244, -647, 43747
19121.1, 1699, -1124, -10238, 762, -4121, -2244, -647, 43728
19125.3, 1762, -276, -9921, 590, -2712, -3915, -354, 43728
19129.1, 1624, -276, -9921, 590, -2712, -3915, -354, 43703
19133.3, 1719, -276, -9921, 590, -4204, -3451, 1382, 43703
19137.0, 1678, -276, -9921, 590, -4204, -3451, 1382, 43686
19140.7, 1654, -276, -9921, 590, -4204, -3451, 1382, 43702
19145.0, 1775, 52, -10158, 72, -4195, 1828, 3206, 43702
19148.7, 1604, 52, -10158, 72, -4195, 1828, 3206, 43701
19152.9, 1694, 52, -10158, 72, -3801, 7765, 2498, 43701
19156.6, 1647, 52, -10158, 72, -3801, 7765, 2498, 43660
19158.9, 776, 52, -10158, 72, -3801, 7765, 2498, 43660
19164.7, 1804, -346, -9993, 433, -4690, 10237, 835, 43654
19168.4, 1633, -346, -9993, 433, -4690, 10237, 835, 43654
19174.1, 1766, -578, -9996, 422, -4585, 10928, 984, 43636
19177.8, 1619, -578, -9996, 422, -4585, 10928, 984, 43621
19183.5, 1701, -698, -10116, 618, -3561, 10150, 2664, 43600
19187.2, 1588, -698, -10116, 618, -3561, 10150, 2664, 43583
19193.0, 1661, -698, -10116, 618, -3561, 10150, 2664, 43552
19196.7, 1534, -698, -10116, 618, -3561, 10150, 2664, 43531
19202.5, 1723, -668, -10171, 593, -3185, 7328, 3675, 43490
19206.2, 1585, -668, -10171, 593, -3185, 7328, 3675, 43477
19208.5, 732, -668, -10171, 593, -3185, 7328, 3675, 43477
19214.2, 1716, -321, -9984, 477, -2463, 5753, 3290, 43451
19216.5, 834, -321, -9984, 477, -2463, 5753, 3290, 43451
19220.7, 1746, -321, -9984, 477, -2463, 5753, 3290, 43451
19224.5, 1574, -321, -9984, 477, -2463, 5753, 3290, 43425
19226.8, 857, -321, -9984, 477, -2463, 5753, 3290, 43425
19232.5, 1754, -257, -10021, 457, -2808, 7310, 3193, 43357
19236.3, 1650, -257, -10021, 457, -2808, 7310, 3193, 43424
19240.5, 1734, -227, -10018, 422, -3408, 9493, 3430, 43424
19244.2, 1589, -227, -10018, 422, -3408, 9493, 3430, 43377
19246.5, 899, -227, -10018, 422, -3408, 9493, 3430, 43377
19250.8, 1810, -379, -9988, 440, -3762, 12280, 4252, 43377
19254.5, 1650, -379, -9988, 440, -3762, 12280, 4252, 43360
19256.8, 938, -379, -9988, 440, -3762, 12280, 4252, 43360
19262.9, 1532, -637, -9953, 358, -3880, 12744, 3399, 43324
19266.6, 1722, -637, -9953, 358, -3880, 12744, 3399, 43336
19270.9, 1776, -814, -9898, 423, -3530, 13252, 3005, 43336
19274.7, 1595, -814, -9898, 423, -3530, 13252, 3005, 43321
19278.9, 1706, -598, -9740, 129, -3530, 13252, 3005, 43321
19282.6, 1597, -598, -9740, 129, -3530, 13252, 3005, 43294
19286.4, 1655, -598, -9740, 129, -3530, 13252, 3005, 43324
19290.7, 1769, -881, -10007, 528, -2226, 8124, 4344, 43324
19294.4, 1660, -881, -10007, 528, -2226, 8124, 4344, 43266
19298.6, 1774, -1216, -10155, 1144, -2226, 8124, 4344, 43266
19302.3, 1743, -1216, -10155, 1144, -2226, 8124, 4344, 43271
19306.1, 1762, -1216, -10155, 1144, -2226, 8124, 4344, 43264
19310.3, 1831, -1046, -10074, 484, -507, 568, 3097, 43264
19314.0, 1708, -1046, -10074, 484, -507, 568, 3097, 43267
19318.2, 1817, -692, -9989, 729, -507, 568, 3097, 43267
19322.0, 1734, -692, -9989, 729, -507, 568, 3097, 43747
19325.7, 1726, -692, -9989, 729, -507, 568, 3097, 43235
19330.0, 1792, -430, -9786, 573, -770, 1439, 4843, 43235
19333.7, 1705, -430, -9786, 573, -770, 1439, 4843, 43167
19337.9, 1817, -500, -9829, 305, -966, 1439, 4843, 43167
19341.6, 1721, -500, -9829, 305, -966, 1439, 4843, 43157
19343.9, 876, -500, -9829, 305, -966, 1439, 4843, 43157
19349.6, 1839, -723, -9845, 239, -297, 6203, 4108, 43180
19353.3, 1706, -723, -9845, 239, -297, 6203, 4108, 43202
19359.1, 1786, -1000, -9906, 529, -122, 6203, 4108, 43109
19361.3, 898, -1000, -9906, 529, -122, 6203, 4108, 43109
19363.6, 842, -1000, -9906, 529, -122, 6203, 4108, 43109
19369.3, 1816, -1011, -9888, 437, 678, 3578, 3438, 43188
19371.6, 933, -1011, -9888, 437, 678, 3578, 3438, 43188
19375.8, 1831, -928, -9925, 416, 1824, 879, 4060, 43188
19379.6, 1652, -928, -9925, 416, 1824, 879, 4060, 43182
19381.9, 959, -928, -9925, 416, 1824, 879, 4060, 43182
19387.6, 1879, -725, -9998, 459, 2730, -511, 4711, 43182
19391.3, 1747, -725, -9998, 459, 2730, -511, 4711, 43186
19395.6, 1778, -439, -9952, 351, 2830, -411, 4821, 43186
19399.3, 1653, -439, -9952, 351, 2830, -411, 4821, 43187
19401.6, 921, -439, -9952, 351, 2830, -411, 4821, 43187
19405.8, 1838, -295, -9940, 252, 2835, 804, 4676, 43187
19409.6, 1663, -295, -9940, 252, 2835, 804, 4676, 43182
19411.9, 963, -295, -9940, 252, 2835, 804, 4676, 43182
19417.6, 1859, -303, -9954, 141, 2883, 3858, 4602, 43185
19421.3, 1700, -303, -9954, 141, 2883, 3858, 4602, 43180
19425.6, 1751, -416, -9951, 133, 2865, 7682, 4711, 43180
19429.3, 1612, -416, -9951, 133, 2865, 7682, 4711, 43183
19433.6, 1758, -576, -9852, 229, 2485, 10150, 4987, 43183
19437.3, 1713, -576, -9852, 229, 2485, 10150, 4987, 43191
19441.0, 1694, -576, -9852, 229, 2485, 10150, 4987, 43197
19445.3, 1769, -784, -9970, 144, 2541, 9852, 4913, 43197
19449.0, 1664, -784, -9970, 144, 2541, 9852, 4913, 43188
19453.2, 1803, -763, -10004, 110, 2813, 9104, 4550, 43188
19457.0, 1737, -763, -10004, 110, 2813, 9104, 4550, 43164
19460.8, 1684, -763, -10004, 110, 2813, 9104, 4550, 43191
19465.0, 1745, -670, -9988, 176, 2988, 9065, 4309, 43191
19468.8, 1678, -670, -9988, 176, 2988, 9065, 4309, 43198
19473.0, 1804, -535, -10088, 300, 1863, 9073, 4585, 43198
19476.7, 1689, -535, -10088, 300, 1863, 9073, 4585, 43199
19479.0, 867, -535, -10088, 300, 1863, 9073, 4585, 43199
19484.8, 1820, -525, -10069, 204, 2213, 7371, 3876, 43227
19488.5, 1696, -525, -10069, 204, 2213, 7371, 3876, 43210
19492.7, 1811, -526, -9963, 126, 1863, 7415, 3294, 43210
19496.4, 1680, -526, -9963, 126, 1863, 7415, 3294, 43215
19498.7, 886, -526, -9963, 126, 1863, 7415, 3294, 43215
19504.4, 1819, -507, -9981, 80, 752, 8325, 3338, 43216
19508.1, 1709, -507, -9981, 80, 752, 8325, 3338, 43220
19513.8, 1768, -528, -9940, 82, 174, 9682, 2747, 43227
19517.6, 1648, -528, -9940, 82, 174, 9682, 2747, 43182
19523.3, 1758, -598, -9929, 136, -1093, 11974, 2716, 43225
19527.0, 1640, -598, -9929, 136, -1093, 11974, 2716, 43235
19532.7, 1777, -750, -9911, 224, -1627, 13746, 2738, 43207
19536.4, 1606, -750, -9911, 224, -1627, 13746, 2738, 43207
19540.7, 1676, -975, -9926, 407, -2021, 13466, 2445, 43207
19544.4, 1627, -975, -9926, 407, -2021, 13466, 2445, 43237
19546.7, 862, -975, -9926, 407, -2021, 13466, 2445, 43237
19550.9, 1775, -1021, -9910, 359, -2541, 12040, 2161, 43237
19554.6, 1649, -1021, -9910, 359, -2541, 12040, 2161, 43242
19556.9, 912, -1021, -9910, 359, -2541, 12040, 2161, 43242
19562.6, 1863, -990, -9908, 527, -2699, 9747, 1942, 43278
19566.3, 1693, -990, -9908, 527, -2699, 9747, 1942, 43294
19570.6, 1748, -990, -9920, 543, -2795, 7665, 1754, 43294
19574.3, 1642, -990, -9920, 543, -2795, 7665, 1754, 43258
19576.6, 898, -990, -9920, 543, -2795, 7665, 1754, 43258
19580.9, 1775, -918, -9957, 525, -2716, 6374, 1946, 43258
19584.6, 1708, -918, -9957, 525, -2716, 6374, 1946, 43285
19588.8, 1814, -815, -9912, 546, -2502, 5376, 2169, 43285
19592.6, 1748, -815, -9912, 546, -2502, 5376, 2169, 43289
19596.3, 1690, -815, -9912, 546, -2502, 5376, 2169, 43272
19600.6, 1771, -752, -9893, 415, -2651, 6085, 2498, 43272
19604.3, 1677, -752, -9893, 415, -2651, 6085, 2498, 43280
19608.5, 1819, -734, -9913, 428, -3416, 8623, 2730, 43280
19612.2, 1740, -734, -9913, 428, -3416, 8623, 2730, 43281
19616.0, 1675, -734, -9913, 428, -3416, 8623, 2730, 43283
19620.2, 1762, -885, -9938, 465, -3460, 11055, 2603, 43283
19623.9, 1691, -885, -9938, 465, -3460, 11055, 2603, 43282
19628.1, 1815, -1100, -9946, 503, -2690, 11624, 2454, 43282
19631.9, 1709, -1100, -9946, 503, -2690, 11624, 2454, 43279
19635.6, 1662, -1100, -9946, 503, -2690, 11624, 2454, 43284
19639.9, 1749, -1213, -9895, 458, -2515, 10460, 2747, 43284
19643.6, 1695, -1213, -9895, 458, -2515, 10460, 2747, 43308
19647.8, 1827, -1221, -9954, 464, -2121, 8592, 3023, 43308
19651.5, 1681, -1221, -9954, 464, -2121, 8592, 3023, 43289
19653.8, 889, -1221, -9954, 464, -2121, 8592, 3023, 43289
19659.5, 1840, -1194, -9976, 489, -1671, 6457, 3101, 43280
19663.2, 1691, -1194, -9976, 489, -1671, 6457, 3101, 43302
19669.0, 1784, -1142, -9997, 546, -1006, 4423, 3276, 43293
19672.7, 1677, -1142, -9997, 546, -1006, 4423, 3276, 43293
19678.4, 1797, -1133, -10014, 343, -520, 2664, 3565, 43290
19682.1, 1656, -1133, -10014, 343, -520, 2664, 3565, 43290
19687.8, 1807, -1071, -9942, 262, -161, 2690, 3609, 43272
19691.5, 1580, -1071, -9942, 262, -161, 2690, 3609, 43286
19695.8, 1685, -1070, -9987, 257, 275, 2633, 3613, 43286
19699.5, 1612, -1070, -9987, 257, 275, 2633, 3613, 43281
19701.8, 834, -1070, -9987, 257, 275, 2633, 3613, 43281
19706.0, 1749, -1149, -10056, 276, 936, 1837, 3749, 43281
19709.7, 1645, -1149, -10056, 276, 936, 1837, 3749, 43282
19712.0, 870, -1149, -10056, 276, 936, 1837, 3749, 43282
19717.7, 1844, -1141, -10007, 278, 2056, -148, 3718, 43251
19721.4, 1645, -1141, -10007, 278, 2056, -148, 3718, 43280
19725.7, 1711, -1177, -10036, 275, 2725, -2590, 3675, 43280
19729.4, 1656, -1177, -10036, 275, 2725, -2590, 3675, 43281
19731.7, 847, -1177, -10036, 275, 2725, -2590, 3675, 43281
19735.9, 1746, -1118, -10019, 235, 3683, -4558, 3810, 43281
19739.7, 1657, -1118, -10019, 235, 3683, -4558, 3810, 43274
19743.9, 1767, -1118, -10019, 235, 3683, -5823, 3836, 43274
19747.6, 1708, -1118, -10019, 235, 3683, -5823, 3836, 43304
19751.4, 1678, -1118, -10019, 235, 3683, -5823, 3836, 43262
19755.6, 1728, -945, -9992, 189, 4357, -6164, 3885, 43262
19759.4, 1651, -945, -9992, 189, 4357, -6164, 3885, 43263
19763.6, 1833, -945, -9992, 189, 4357, -4891, 3858, 43263
19767.3, 1697, -945, -9992, 189, 4357, -4891, 3858, 43267
