timestamp, 1209, -1950, -9778, -831, 1391, 192, -800, 31428
3407.0, 354, -1950, -9778, -831, 1391, 192, -800, 31428
3412.7, 1275, -1987, -9798, -936, 450, 1933, -1093, 31482
3416.4, 1347, -1987, -9798, -936, 450, 1933, -1093, 31440
3420.7, 1265, -1987, -9798, -833, -166, 3771, -559, 31440
3424.5, 1085, -1987, -9798, -833, -166, 3771, -559, 31440
3428.7, 1114, -2143, -9738, -833, -166, 3771, -559, 31440
3432.5, 1164, -2143, -9738, -833, -166, 3771, -559, 31443
3436.3, 1341, -2143, -9738, -833, -166, 3771, -559, 31455
3440.6, 1196, -2212, -9848, -835, 131, 743, 577, 31455
3444.3, 1054, -2212, -9848, -835, 131, 743, 577, 31443
3448.5, 982, -2203, -9848, -835, 131, 743, 577, 31443
3452.3, 1352, -2203, -9848, -835, 131, 743, 577, 31464
3456.1, 1400, -2203, -9848, -835, 131, 743, 577, 31435
3460.3, 1031, -2002, -9929, -786, 883, -1360, -1203, 31435
3464.1, 1141, -2002, -9929, -786, 883, -1360, -1203, 31441
3468.3, 918, -1869, -9929, -786, 883, -1360, -1203, 31441
3472.0, 1353, -1869, -9929, -786, 883, -1360, -1203, 31445
3475.8, 1337, -1869, -9929, -786, 883, -1360, -1203, 31467
3480.0, 1208, -1833, -9963, -922, 1824, 905, 1452, 31467
3483.8, 1104, -1833, -9963, -922, 1824, 905, 1452, 31450
3488.0, 1153, -1844, -9963, -922, 1824, 905, 1452, 31450
3491.7, 1305, -1844, -9963, -922, 1824, 905, 1452, 31435
3495.5, 1173, -1844, -9963, -922, 1824, 905, 1452, 31446
3499.7, 943, -1858, -9841, -756, 1894, 1789, 1316, 31446
3503.4, 1208, -1858, -9841, -756, 1894, 1789, 1316, 31422
3509.2, 1146, -1859, -9841, -756, 1408, 1238, 1032, 31441
3512.9, 1235, -1859, -9841, -756, 1408, 1238, 1032, 31447
3518.6, 1176, -2092, -9829, -591, 1408, 1238, 1032, 31441
3520.8, 126, -2092, -9829, -591, 1408, 1238, 1032, 31441
3523.2, 208, -2092, -9829, -591, 1408, 1238, 1032, 31441
3528.9, 1233, -2087, -10022, -556, 1715, 69, 791, 31475
3531.2, 218, -2087, -10022, -556, 1715, 69, 791, 31475
3535.4, 1261, -1976, -10085, -590, 1999, -1846, -564, 31475
3539.1, 1148, -1976, -10085, -590, 1999, -1846, -564, 31437
3541.4, 236, -1976, -10085, -590, 1999, -1846, -564, 31437
3545.6, 1265, -1955, -9775, -704, 1505, -3701, -1986, 31437
3549.3, 1146, -1955, -9775, -704, 1505, -3701, -1986, 31435
3551.6, 341, -1955, -9775, -704, 1505, -3701, -1986, 31435
3555.8, 1237, -1969, -9638, -863, 1408, -4366, -1478, 31435
3559.5, 1126, -1969, -9638, -863, 1408, -4366, -1478, 31449
3561.8, 325, -1969, -9638, -863, 1408, -4366, -1478, 31449
3566.0, 1358, -1841, -9767, -833, 1360, -3377, -205, 31449
3569.7, 1178, -1841, -9767, -833, 1360, -3377, -205, 31439
3574.0, 1101, -1770, -9789, -866, 1329, -1854, 196, 31439
3577.8, 1228, -1770, -9789, -866, 1329, -1854, 196, 31442
3581.5, 1335, -1770, -9789, -866, 1329, -1854, 196, 31402
3585.8, 1323, -1785, -9871, -809, 997, -183, -87, 31402
3589.5, 1167, -1785, -9871, -809, 997, -183, -87, 31437
3593.7, 1156, -1901, -9677, -847, 1041, 1102, 74, 31437
3597.5, 1375, -1901, -9677, -847, 1041, 1102, 74, 31430
3601.2, 1257, -1901, -9677, -847, 1041, 1102, 74, 31442
3605.5, 1068, -1962, -9742, -798, 1312, 1408, -319, 31442
3609.3, 1203, -1962, -9742, -798, 1312, 1408, -319, 31425
3613.5, 1214, -2010, -9703, -649, 774, 748, -848, 31425
3617.3, 1404, -2010, -9703, -649, 774, 748, -848, 31432
3621.0, 1340, -2010, -9703, -649, 774, 748, -848, 31428
3625.3, 1163, -2101, -9665, -730, 332, -218, -756, 31428
3629.0, 1183, -2101, -9665, -730, 332, -218, -756, 31436
3633.2, 1219, -2103, -9754, -556, 756, -2008, -835, 31436
3636.9, 1378, -2103, -9754, -556, 756, -2008, -835, 31432
3640.7, 1214, -2103, -9754, -556, 756, -2008, -835, 31462
3644.9, 1061, -2024, -9832, -500, 393, -3605, -1001, 31462
3648.6, 1192, -2024, -9832, -500, 393, -3605, -1001, 31438
3652.8, 1314, -1917, -9781, -646, 507, -4466, -1207, 31438
3656.6, 1295, -1917, -9781, -646, 507, -4466, -1207, 31448
3658.8, 197, -1917, -9781, -646, 507, -4466, -1207, 31448
3664.6, 1061, -1859, -9714, -646, 818, -5005, -1666, 31431
3668.3, 1260, -1859, -9714, -646, 818, -5005, -1666, 31438
3674.0, 1225, -1966, -9701, -664, 376, -5473, -1806, 31427
3676.2, 112, -1966, -9701, -664, 376, -5473, -1806, 31427
3678.5, 213, -1966, -9701, -664, 376, -5473, -1806, 31427
3684.2, 1174, -2026, -9425, -1019, -529, -3933, -1509, 31413
3686.5, 190, -2026, -9425, -1019, -529, -3933, -1509, 31413
3690.7, 1034, -1950, -9617, -957, -520, -818, -1605, 31413
3694.5, 1162, -1950, -9617, -957, -520, -818, -1605, 31429
3696.7, 272, -1950, -9617, -957, -520, -818, -1605, 31429
3701.0, 1262, -1865, -9739, -819, -551, 1819, -2205, 31429
3704.7, 1114, -1865, -9739, -819, -551, 1819, -2205, 31442
3707.0, 272, -1865, -9739, -819, -551, 1819, -2205, 31442
3712.7, 1444, -1814, -9708, -733, -787, 3237, -1347, 31437
3716.4, 1369, -1814, -9708, -733, -787, 3237, -1347, 31439
3720.7, 1109, -1960, -9629, -713, -940, 3276, 599, 31439
3724.4, 1145, -1960, -9629, -713, -940, 3276, 599, 31430
3726.6, 180, -1960, -9629, -713, -940, 3276, 599, 31430
3730.9, 1217, -2120, -9741, -649, -660, 2445, 1225, 31430
3734.7, 1172, -2120, -9741, -649, -660, 2445, 1225, 31426
3738.9, 1229, -2111, -9867, -758, -678, 1815, -139, 31426
3742.6, 1437, -2111, -9867, -758, -678, 1815, -139, 31428
3746.4, 1351, -2111, -9867, -758, -678, 1815, -139, 31427
3750.6, 1031, -1971, -9957, -678, -1010, 1789, -2205, 31427
3754.4, 1146, -1971, -9957, -678, -1010, 1789, -2205, 31423
3758.6, 1147, -1859, -9814, -637, -1198, 1863, -2187, 31423
3762.3, 1411, -1859, -9814, -637, -1198, 1863, -2187, 31424
3766.1, 1240, -1859, -9814, -637, -1198, 1863, -2187, 31430
3770.3, 1007, -1922, -9768, -778, -1715, 1977, -336, 31430
3774.0, 1167, -1922, -9768, -778, -1715, 1977, -336, 31432
3778.2, 1285, -2009, -9736, -745, -1089, 2384, 406, 31432
3782.0, 1334, -2009, -9736, -745, -1089, 2384, 406, 31432
3785.7, 1141, -2009, -9736, -745, -1089, 2384, 406, 31449
3789.9, 1017, -2028, -9682, -793, -1369, 2454, -756, 31449
3793.7, 1236, -2028, -9682, -793, -1369, 2454, -756, 31437
3797.9, 1185, -1997, -9786, -827, -1785, 2555, -1872, 31437
3801.6, 1316, -1997, -9786, -827, -1785, 2555, -1872, 31439
3803.9, 296, -1997, -9786, -827, -1785, 2555, -1872, 31439
3809.6, 1097, -1864, -9872, -832, -1041, 2511, -2095, 31435
3813.3, 1365, -1864, -9872, -832, -1041, 2511, -2095, 31436
3819.0, 849, -1818, -9839, -638, -454, 1933, -1496, 31435
3822.8, 1385, -1818, -9839, -638, -454, 1933, -1496, 31435
3828.5, 1314, -1946, -9646, -540, -1084, 1386, -314, 31430
3832.5, 1008, -1946, -9646, -540, -1084, 1386, -314, 31434
3838.3, 1357, -2066, -9597, -634, -1443, 1627, 441, 31436
3842.0, 1258, -2066, -9597, -634, -1443, 1627, 441, 31443
3847.7, 1378, -2069, -9684, -779, -1653, 1378, -341, 31439
3851.4, 1135, -2069, -9684, -779, -1653, 1378, -341, 31437
3855.7, 977, -1955, -9842, -699, -1207, 494, -2069, 31437
3859.5, 1104, -1955, -9842, -699, -1207, 494, -2069, 31462
3861.8, 117, -1955, -9842, -699, -1207, 494, -2069, 31462
3866.0, 1108, -1850, -9766, -756, -1076, -559, -3062, 31462
3869.7, 1129, -1850, -9766, -756, -1076, -559, -3062, 31433
3872.0, 131, -1850, -9766, -756, -1076, -559, -3062, 31433
3877.7, 1363, -1823, -9892, -710, -874, -1036, -2712, 31440
3881.4, 1146, -1823, -9892, -710, -874, -1036, -2712, 31447
3885.7, 984, -1890, -9895, -680, -573, -743, -2030, 31447
3889.4, 1103, -1890, -9895, -680, -573, -743, -2030, 31442
3891.7, 95, -1890, -9895, -680, -573, -743, -2030, 31442
3896.0, 871, -2028, -9811, -680, -258, -524, -1505, 31442
3899.7, 1171, -2028, -9811, -680, -258, -524, -1505, 31432
3903.9, 1110, -2028, -9681, -698, -336, -1623, -1343, 31432
3907.7, 1373, -2028, -9681, -698, -336, -1623, -1343, 31443
3911.4, 1197, -2028, -9681, -698, -336, -1623, -1343, 31443
3915.7, 887, -2076, -10095, -411, -109, -2515, -1592, 31443
3919.5, 1213, -2076, -10095, -411, -109, -2515, -1592, 31439
3923.7, 1169, -1916, -9696, -814, -170, -2633, -2305, 31439
3927.5, 1336, -1916, -9696, -814, -170, -2633, -2305, 31407
3931.2, 1175, -1916, -9696, -814, -170, -2633, -2305, 31437
3935.5, 829, -1835, -10045, -471, -629, -1728, -2638, 31437
3939.2, 1257, -1835, -10045, -471, -629, -1728, -2638, 31437
3943.4, 1290, -1935, -9835, -668, -940, -721, -1986, 31437
3947.1, 1342, -1935, -9835, -668, -940, -721, -1986, 31438
3950.9, 1072, -1935, -9835, -668, -940, -721, -1986, 31477
3955.1, 1145, -2152, -9812, -538, -664, -196, -1019, 31477
3958.8, 1307, -2152, -9812, -538, -664, -196, -1019, 31442
3963.1, 1147, -2152, -9719, -704, -901, -1010, -1308, 31442
3966.8, 1241, -2152, -9719, -704, -901, -1010, -1308, 31442
3969.1, 353, -2152, -9719, -704, -901, -1010, -1308, 31442
3974.9, 1117, -2198, -9796, -769, -1347, -2200, -2852, 31435
3978.6, 1348, -2198, -9796, -769, -1347, -2200, -2852, 31424
3982.9, 1376, -1989, -9762, -708, -1146, -3045, -4217, 31424
3986.6, 1216, -1989, -9762, -708, -1146, -3045, -4217, 31442
3988.9, 392, -1989, -9762, -708, -1146, -3045, -4217, 31442
3994.7, 1070, -1791, -9869, -690, -1513, -3828, -4440, 31435
3998.4, 1387, -1791, -9869, -690, -1513, -3828, -4440, 31390
4004.2, 1339, -1756, -9963, -730, -1417, -3793, -3640, 31438
4006.4, 76, -1756, -9963, -730, -1417, -3793, -3640, 31438
4010.7, 1076, -1756, -9963, -730, -1417, -3793, -3640, 31438
4014.4, 1275, -1756, -9963, -730, -1417, -3793, -3640, 31436
4016.7, 100, -1756, -9963, -730, -1417, -3793, -3640, 31436
4022.4, 1398, -1847, -10063, -625, -1220, -2419, -2340, 31440
4026.1, 1087, -1847, -10063, -625, -1220, -2419, -2340, 31411
4030.4, 921, -2049, -10002, -589, -1351, -1229, -1500, 31411
4034.2, 1302, -2049, -10002, -589, -1351, -1229, -1500, 31443
4036.5, 89, -2049, -10002, -589, -1351, -1229, -1500, 31443
4040.7, 1054, -2253, -9885, -732, -2152, -953, -1356, 31443
4044.5, 1258, -2253, -9885, -732, -2152, -953, -1356, 31438
4046.7, 123, -2253, -9885, -732, -2152, -953, -1356, 31438
4052.5, 1414, -2296, -9857, -749, -2467, -1824, -3561, 31440
4056.3, 1035, -2296, -9857, -749, -2467, -1824, -3561, 31445
4060.5, 884, -2181, -9906, -769, -2467, -1824, -4856, 31445
4064.3, 1352, -2181, -9906, -769, -2467, -1824, -4856, 31431
4066.5, 107, -2181, -9906, -769, -2467, -1824, -4856, 31431
4070.8, 896, -1959, -9857, -797, -1732, -4808, -4628, 31431
4074.6, 1298, -1959, -9857, -797, -1732, -4808, -4628, 31438
4078.8, 1227, -1831, -9839, -821, -1732, -4808, -4628, 31438
4082.5, 1304, -1831, -9839, -821, -1732, -4808, -4628, 31446
4086.3, 1121, -1831, -9839, -821, -1732, -4808, -4628, 31434
4090.5, 1175, -1807, -9686, -900, -909, -3561, -1649, 31434
4094.3, 1370, -1807, -9686, -900, -909, -3561, -1649, 31438
4098.5, 1438, -1798, -9652, -884, -909, -3561, -1649, 31438
4102.2, 1318, -1798, -9652, -884, -909, -3561, -1649, 31430
4106.0, 1148, -1798, -9652, -884, -909, -3561, -1649, 31432
4110.2, 1016, -1838, -9769, -820, -1889, -463, -1356, 31432
4113.9, 1379, -1838, -9769, -820, -1889, -463, -1356, 31434
4118.1, 1260, -1838, -9820, -850, -1889, -463, -1356, 31434
4121.9, 1238, -1838, -9820, -850, -1889, -463, -1356, 31428
4125.6, 1219, -1838, -9820, -850, -1889, -463, -1356, 31416
4129.9, 1206, -1930, -9726, -839, -1758, 695, -1540, 31416
4133.6, 1456, -1930, -9726, -839, -1758, 695, -1540, 31427
4137.8, 1316, -2007, -9731, -654, -1758, 695, -1540, 31427
4141.5, 1093, -2007, -9731, -654, -1758, 695, -1540, 31427
4143.8, 377, -2007, -9731, -654, -1758, 695, -1540, 31427
4149.5, 1310, -2024, -9644, -824, -1614, -1124, -1334, 31429
4153.2, 1381, -2024, -9644, -824, -1614, -1124, -1334, 31424
4159.0, 1451, -1984, -9712, -921, -1063, -1124, -1334, 31431
4161.2, 96, -1984, -9712, -921, -1063, -1124, -1334, 31431
4163.5, 290, -1984, -9712, -921, -1063, -1124, -1334, 31431
4169.2, 1459, -1877, -9664, -832, -459, -1203, -770, 31428
4171.4, 90, -1877, -9664, -832, -459, -1203, -770, 31428
4175.7, 1038, -1843, -9643, -855, -468, -1548, -494, 31428
4179.4, 1382, -1843, -9643, -855, -468, -1548, -494, 31420
4181.7, 108, -1843, -9643, -855, -468, -1548, -494, 31420
4187.5, 1398, -1816, -9724, -784, -310, -1351, -555, 31424
4191.2, 1141, -1816, -9724, -784, -310, -1351, -555, 31372
4195.4, 1137, -1828, -9760, -723, -402, -529, -713, 31372
4199.1, 1391, -1828, -9760, -723, -402, -529, -713, 31441
4201.4, 100, -1828, -9760, -723, -402, -529, -713, 31441
4205.6, 1184, -1813, -9798, -671, -599, -61, -879, 31441
4209.3, 1375, -1813, -9798, -671, -599, -61, -879, 31421
4211.6, 99, -1813, -9798, -671, -599, -61, -879, 31421
4215.8, 1045, -1836, -9722, -786, -91, 8, -713, 31421
4219.5, 1344, -1836, -9722, -786, -91, 8, -713, 31422
4221.8, 104, -1836, -9722, -786, -91, 8, -713, 31422
4226.1, 1131, -1840, -9718, -839, -52, 839, -293, 31422
4229.9, 1290, -1840, -9718, -839, -52, 839, -293, 31434
4234.1, 1221, -1849, -9742, -803, -8, 1299, -328, 31434
4237.8, 1415, -1849, -9742, -803, -8, 1299, -328, 31424
4241.6, 1154, -1849, -9742, -803, -8, 1299, -328, 31424
4245.8, 1142, -1872, -9705, -775, -520, 896, -809, 31424
4249.5, 1432, -1872, -9705, -775, -520, 896, -809, 31422
4253.7, 1383, -1949, -9707, -766, -380, 0, -1106, 31422
4257.4, 1281, -1949, -9707, -766, -380, 0, -1106, 31417
4261.2, 1181, -1949, -9707, -766, -380, 0, -1106, 31399
4265.5, 1206, -1913, -9826, -720, -43, -879, -980, 31399
4269.2, 1391, -1913, -9826, -720, -43, -879, -980, 31432
4273.4, 1096, -1767, -9906, -691, 612, -2336, -1478, 31432
4277.1, 1204, -1767, -9906, -691, 612, -2336, -1478, 31423
4280.9, 1191, -1767, -9906, -691, 612, -2336, -1478, 31429
4285.1, 1115, -1685, -9886, -720, 1286, -3521, -1798, 31429
4288.8, 1439, -1685, -9886, -720, 1286, -3521, -1798, 31427
4293.0, 1252, -1722, -9837, -814, 1391, -3438, -1246, 31427
4296.8, 1069, -1722, -9837, -814, 1391, -3438, -1246, 31429
4299.1, 298, -1722, -9837, -814, 1391, -3438, -1246, 31429
4304.9, 1282, -1754, -9809, -660, 1189, -2633, -664, 31420
4308.6, 1390, -1754, -9809, -660, 1189, -2633, -664, 31416
4312.9, 1194, -1859, -9793, -812, 323, -1535, -599, 31416
4316.6, 1128, -1859, -9793, -812, 323, -1535, -599, 31355
4318.9, 295, -1859, -9793, -812, 323, -1535, -599, 31355
4324.6, 1424, -1858, -9832, -871, 144, -966, -1176, 31437
4326.9, 80, -1858, -9832, -871, 144, -966, -1176, 31437
4332.6, 1345, -1862, -9885, -802, 831, -1474, -2200, 31416
4336.4, 1172, -1862, -9885, -802, 831, -1474, -2200, 31416
4340.6, 1042, -1925, -9720, -779, 739, -2415, -2441, 31416
4344.3, 1372, -1925, -9720, -779, 739, -2415, -2441, 31418
4346.6, 131, -1925, -9720, -779, 739, -2415, -2441, 31418
4350.8, 996, -1979, -9654, -819, 735, -3084, -1631, 31418
4354.5, 1457, -1979, -9654, -819, 735, -3084, -1631, 31424
4356.8, 125, -1979, -9654, -819, 735, -3084, -1631, 31424
4361.0, 1150, -1963, -9680, -885, 1154, -3325, -1369, 31424
4364.7, 1422, -1963, -9680, -885, 1154, -3325, -1369, 31420
4367.0, 119, -1963, -9680, -885, 1154, -3325, -1369, 31420
4372.8, 1320, -1903, -9795, -721, 1084, -3163, -1868, 31415
4376.6, 1172, -1903, -9795, -721, 1084, -3163, -1868, 31415
4380.8, 1049, -1817, -9888, -723, 1049, -2878, -2445, 31415
4384.5, 1431, -1817, -9888, -723, 1049, -2878, -2445, 31417
4388.8, 1321, -1780, -9936, -731, 1054, -2240, -2651, 31417
4392.5, 1191, -1780, -9936, -731, 1054, -2240, -2651, 31395
4396.3, 1121, -1780, -9936, -731, 1054, -2240, -2651, 31403
4400.6, 1260, -1853, -9790, -687, 1413, -1189, -2025, 31403
4404.3, 1432, -1853, -9790, -687, 1413, -1189, -2025, 31422
4408.5, 1258, -1951, -9699, -708, 756, -266, -1133, 31422
4412.3, 1043, -1951, -9699, -708, 756, -266, -1133, 31414
4416.1, 1169, -1951, -9699, -708, 756, -266, -1133, 31409
4420.3, 1338, -2054, -9618, -770, 192, 349, -581, 31409
4424.1, 1374, -2054, -9618, -770, 192, 349, -581, 31413
4428.3, 1332, -2131, -9761, -811, 144, 131, -813, 31413
4432.0, 1131, -2131, -9761, -811, 144, 131, -813, 31420
4435.8, 1252, -2131, -9761, -811, 144, 131, -813, 31409
4440.0, 1169, -2023, -9900, -752, 231, -236, -2056, 31409
4443.8, 1345, -2023, -9900, -752, 231, -236, -2056, 31426
4448.0, 1245, -1924, -9957, -608, 240, 21, -2520, 31426
4451.7, 1166, -1924, -9957, -608, 240, 21, -2520, 31420
4455.5, 1207, -1924, -9957, -608, 240, 21, -2520, 31413
4459.7, 1287, -1911, -9790, -891, -472, 568, -1986, 31413
4463.4, 1310, -1911, -9790, -891, -472, 568, -1986, 31419
4469.2, 1275, -1898, -9694, -821, -376, 1246, -1036, 31417
4472.9, 1232, -1898, -9694, -821, -376, 1246, -1036, 31411
4478.6, 1336, -1804, -9689, -756, -1399, 1246, -1084, 31400
4482.3, 1081, -1804, -9689, -756, -1399, 1246, -1084, 31429
4488.0, 1252, -1801, -9703, -885, -721, 1789, -1207, 31439
4491.7, 1065, -1801, -9703, -885, -721, 1789, -1207, 31410
4496.0, 1158, -1852, -9708, -801, -603, 2699, -266, 31410
4499.7, 1341, -1852, -9708, -801, -603, 2699, -266, 31391
4502.0, 94, -1852, -9708, -801, -603, 2699, -266, 31391
4507.7, 1116, -1964, -9725, -875, -1133, 2808, 612, 31407
4511.4, 1108, -1964, -9725, -875, -1133, 2808, 612, 31410
4515.6, 1234, -2079, -9814, -884, -1006, 2668, 245, 31410
4519.4, 1300, -2079, -9814, -884, -1006, 2668, 245, 31411
4521.6, 140, -2079, -9814, -884, -1006, 2668, 245, 31411
4525.9, 902, -1940, -9853, -854, -888, 1933, -1238, 31411
4529.7, 1371, -1940, -9853, -854, -888, 1933, -1238, 31416
4532.0, 136, -1940, -9853, -854, -888, 1933, -1238, 31416
4537.7, 1139, -1861, -9832, -732, -306, 240, -2506, 31437
4541.4, 1154, -1861, -9832, -732, -306, 240, -2506, 31419
4545.7, 1211, -1717, -9861, -781, -113, -1452, -1745, 31419
4549.5, 1368, -1717, -9861, -781, -113, -1452, -1745, 31415
4553.7, 1282, -1717, -9861, -781, -148, -1802, -279, 31415
4557.5, 1029, -1717, -9861, -781, -148, -1802, -279, 31413
4561.3, 1160, -1717, -9861, -781, -148, -1802, -279, 31407
4565.5, 1298, -1807, -9868, -802, 713, -1754, 490, 31407
4569.3, 1278, -1807, -9868, -802, 713, -1754, 490, 31407
4573.5, 1216, -1807, -9868, -802, 131, -629, 564, 31407
4577.3, 1087, -1807, -9868, -802, 131, -629, 564, 31413
4581.0, 1220, -1807, -9868, -802, 131, -629, 564, 31413
4585.3, 1339, -2009, -9808, -778, 96, 507, 4, 31413
4589.0, 1298, -2009, -9808, -778, 96, 507, 4, 31419
4593.3, 1014, -2009, -9808, -778, -306, -765, -1163, 31419
4597.0, 1126, -2009, -9808, -778, -306, -765, -1163, 31407
4600.8, 1256, -2009, -9808, -778, -306, -765, -1163, 31418
4605.0, 1299, -1948, -9814, -728, -157, -844, -1216, 31418
4608.8, 1289, -1948, -9814, -728, -157, -844, -1216, 31420
4613.0, 1104, -1948, -9814, -728, 0, -1614, -953, 31420
4616.7, 1049, -1948, -9814, -728, 0, -1614, -953, 31414
4620.5, 1380, -1948, -9814, -728, 0, -1614, -953, 31411
4624.7, 1236, -1820, -9824, -811, 83, -2471, -1334, 31411
4628.4, 1194, -1820, -9824, -811, 83, -2471, -1334, 31429
4634.2, 1094, -1818, -9741, -833, -34, -1846, -1378, 31411
4637.9, 1020, -1818, -9741, -833, -34, -1846, -1378, 31406
4643.6, 1210, -1818, -9741, -833, -34, -1846, -861, 31414
4645.8, 256, -1818, -9741, -833, -34, -1846, -861, 31414
4648.1, 44, -1818, -9741, -833, -34, -1846, -861, 31414
4653.9, 1366, -1823, -9735, -733, -559, -1194, -450, 31424
4656.2, 282, -1823, -9735, -733, -559, -1194, -450, 31424
4658.4, 69, -1823, -9735, -733, -559, -1194, -450, 31424
4664.2, 1339, -1890, -9710, -888, -463, -909, -634, 31412
4666.4, 286, -1890, -9710, -888, -463, -909, -634, 31412
4670.6, 1395, -1913, -9681, -888, -463, -909, -634, 31412
4674.3, 1359, -1913, -9681, -888, -463, -909, -634, 31374
4676.6, 306, -1913, -9681, -888, -463, -909, -634, 31374
4680.8, 1304, -1876, -9798, -755, -174, -1750, -1281, 31374
4684.5, 1307, -1876, -9798, -755, -174, -1750, -1281, 31403
4686.8, 292, -1876, -9798, -755, -174, -1750, -1281, 31403
4691.0, 1259, -1961, -9722, -815, -131, -3154, -1596, 31403
4694.7, 1375, -1961, -9722, -815, -131, -3154, -1596, 31413
4697.0, 268, -1961, -9722, -815, -131, -3154, -1596, 31413
4702.7, 1238, -2018, -9700, -789, 39, -3701, -669, 31417
4706.4, 1327, -2018, -9700, -789, 39, -3701, -669, 31387
4710.7, 1480, -2031, -9790, -769, 249, -4217, -669, 31387
4714.4, 1294, -2031, -9790, -769, 249, -4217, -669, 31414
4716.7, 285, -2031, -9790, -769, 249, -4217, -669, 31414
4720.9, 1161, -2017, -9772, -827, -100, -4707, -1413, 31414
4724.7, 1377, -2017, -9772, -827, -100, -4707, -1413, 31405
4728.9, 1227, -1954, -9747, -844, -568, -4449, -1413, 31405
4732.7, 1193, -1954, -9747, -844, -568, -4449, -1413, 31391
4736.5, 1345, -1954, -9747, -844, -568, -4449, -1413, 31409
4740.7, 1282, -1854, -9745, -829, -656, -3657, -1583, 31409
4744.5, 1384, -1854, -9745, -829, -656, -3657, -1583, 31368
4748.7, 982, -1889, -9839, -717, -472, -2795, -1583, 31368
4752.5, 1114, -1889, -9839, -717, -472, -2795, -1583, 31414
4756.2, 1330, -1889, -9839, -717, -472, -2795, -1583, 31400
4760.4, 1418, -1910, -9866, -846, -905, -1614, -638, 31400
4764.2, 1321, -1910, -9866, -846, -905, -1614, -638, 31404
4768.4, 1104, -1993, -9773, -875, -1386, -231, -638, 31404
4772.1, 1136, -1993, -9773, -875, -1386, -231, -638, 31405
4775.9, 1370, -1993, -9773, -875, -1386, -231, -638, 31405
4780.1, 1343, -2022, -9714, -720, -1093, -577, -1763, 31405
4783.8, 1226, -2022, -9714, -720, -1093, -577, -1763, 31410
4788.1, 924, -2030, -9830, -573, -980, -2585, -1763, 31410
4791.8, 1207, -2030, -9830, -573, -980, -2585, -1763, 31412
4794.1, 150, -2030, -9830, -573, -980, -2585, -1763, 31412
4799.9, 1323, -1890, -9911, -849, -874, -3880, -1824, 31409
4803.6, 1188, -1890, -9911, -849, -874, -3880, -1824, 31415
4807.9, 980, -1768, -9747, -993, -546, -3731, -1824, 31415
4811.6, 1323, -1768, -9747, -993, -546, -3731, -1824, 31420
4815.8, 1391, -1643, -9723, -1027, 415, -3185, -2349, 31420
4819.5, 1350, -1643, -9723, -1027, 415, -3185, -2349, 31416
4821.8, 369, -1643, -9723, -1027, 415, -3185, -2349, 31416
4826.0, 1348, -1649, -9537, -965, -384, -2747, -1701, 31416
4829.7, 1345, -1649, -9537, -965, -384, -2747, -1701, 31403
4832.0, 331, -1649, -9537, -965, -384, -2747, -1701, 31403
4837.7, 1230, -1698, -9526, -1071, -612, -1216, -791, 31397
4841.4, 1380, -1698, -9526, -1071, -612, -1216, -791, 31406
4845.7, 1482, -1762, -9755, -918, -1163, 1207, -218, 31406
4849.4, 1289, -1762, -9755, -918, -1163, 1207, -218, 31400
4851.7, 433, -1762, -9755, -918, -1163, 1207, -218, 31400
4856.0, 1409, -1775, -9862, -722, -944, 2401, -599, 31400
4859.7, 1337, -1775, -9862, -722, -944, 2401, -599, 31434
4862.0, 359, -1775, -9862, -722, -944, 2401, -599, 31434
4867.7, 1176, -1874, -10006, -546, -809, 1854, -896, 31402
4871.4, 1373, -1874, -10006, -546, -809, 1854, -896, 31395
4875.6, 1353, -1923, -9977, -634, -358, 1513, -647, 31395
4879.4, 1332, -1923, -9977, -634, -358, 1513, -647, 31399
4883.6, 1120, -1951, -9832, -629, -796, 1080, -507, 31399
4887.3, 1189, -1951, -9832, -629, -796, 1080, -507, 31404
4891.1, 1393, -1951, -9832, -629, -796, 1080, -507, 31394
4895.3, 1404, -1950, -9718, -716, -1513, 236, -944, 31394
4899.0, 1227, -1950, -9718, -716, -1513, 236, -944, 31348
4903.2, 952, -1928, -9833, -878, -1876, -332, -1636, 31348
4907.0, 1290, -1928, -9833, -878, -1876, -332, -1636, 31395
4910.8, 1362, -1928, -9833, -878, -1876, -332, -1636, 31401
4915.0, 1269, -1802, -9856, -1036, -1715, -126, -2607, 31401
4918.8, 1083, -1802, -9856, -1036, -1715, -126, -2607, 31404
4923.0, 1109, -1741, -9838, -968, -1557, 39, -3574, 31404
4926.7, 1315, -1741, -9838, -968, -1557, 39, -3574, 31422
4929.0, 122, -1741, -9838, -968, -1557, 39, -3574, 31422
4934.8, 1180, -1660, -9562, -954, -1281, 96, -3303, 31401
4938.5, 1151, -1660, -9562, -954, -1281, 96, -3303, 31395
4942.7, 1149, -1730, -9655, -965, -603, 4, -2086, 31395
4946.5, 1363, -1730, -9655, -965, -603, 4, -2086, 31415
4948.8, 105, -1730, -9655, -965, -603, 4, -2086, 31415
4954.5, 1170, -1768, -9799, -756, -756, -708, -931, 31439
4958.2, 1181, -1768, -9799, -756, -756, -708, -931, 31392
4964.0, 966, -1819, -9856, -886, -1815, 490, -608, 31403
4967.7, 1125, -1819, -9856, -886, -1815, 490, -608, 31380
4973.4, 1167, -1997, -9792, -846, -1496, 1023, -1181, 31404
4977.2, 1243, -1997, -9792, -846, -1496, 1023, -1181, 31396
4982.9, 1147, -2074, -9825, -744, -1084, -481, -1395, 31403
4986.6, 1317, -2074, -9825, -744, -1084, -481, -1395, 31407
4990.9, 1117, -2088, -9915, -793, -739, -3145, -1863, 31407
4994.7, 1133, -2088, -9915, -793, -739, -3145, -1863, 31404
4997.0, 308, -2088, -9915, -793, -739, -3145, -1863, 31404
5002.7, 1256, -2062, -9763, -1015, -166, -4641, -2336, 31335
5006.4, 1364, -2062, -9763, -1015, -166, -4641, -2336, 31399
5010.7, 1220, -1952, -9805, -814, 319, -5897, -2633, 31399
5014.4, 1146, -1952, -9805, -814, 319, -5897, -2633, 31386
5016.6, 378, -1952, -9805, -814, 319, -5897, -2633, 31386
5020.9, 1247, -1837, -9735, -851, 148, -7240, -3241, 31386
5024.7, 1201, -1837, -9735, -851, 148, -7240, -3241, 31394
5028.9, 1067, -1799, -9723, -907, 157, -6833, -2922, 31394
5032.6, 1187, -1799, -9723, -907, 157, -6833, -2922, 31404
5036.4, 1377, -1799, -9723, -907, 157, -6833, -2922, 31401
5040.6, 1333, -1853, -9717, -956, -476, -4344, -1697, 31401
5044.4, 1123, -1853, -9717, -956, -476, -4344, -1697, 31405
5048.6, 799, -1761, -9820, -968, -1084, -1500, -1483, 31405
5052.3, 1309, -1761, -9820, -968, -1084, -1500, -1483, 31436
5056.1, 1336, -1761, -9820, -968, -1084, -1500, -1483, 31402
5060.3, 1218, -1804, -9737, -991, -490, -713, -1592, 31402
5064.0, 1064, -1804, -9737, -991, -490, -713, -1592, 31406
5068.3, 979, -1787, -9792, -871, -1295, -358, -1443, 31406
5072.0, 1393, -1787, -9792, -871, -1295, -358, -1443, 31391
5075.7, 1440, -1787, -9792, -871, -1295, -358, -1443, 31375
5079.9, 1272, -1922, -9726, -885, -984, -503, -835, 31375
5083.7, 1222, -1922, -9726, -885, -984, -503, -835, 31391
5087.9, 981, -1969, -9766, -786, -1102, -1303, -188, 31391
5091.6, 1376, -1969, -9766, -786, -1102, -1303, -188, 31397
5093.9, 124, -1969, -9766, -786, -1102, -1303, -188, 31397
5099.6, 1100, -1963, -9746, -849, -936, -1824, -227, 31404
5103.3, 1139, -1963, -9746, -849, -936, -1824, -227, 31422
5109.0, 1049, -1924, -9777, -832, -988, -2410, -914, 31394
5112.8, 1138, -1924, -9777, -832, -988, -2410, -914, 31402
5118.5, 988, -1858, -9739, -973, -1373, -2598, -1605, 31398
5122.2, 1356, -1858, -9739, -973, -1373, -2598, -1605, 31399
5128.0, 1188, -1840, -9705, -899, -1203, -2471, -1671, 31398
5131.7, 1351, -1840, -9705, -899, -1203, -2471, -1671, 31395
5135.9, 1172, -1840, -9705, -731, -1408, -2253, -1399, 31395
5139.6, 1044, -1840, -9705, -731, -1408, -2253, -1399, 31387
5141.9, 179, -1840, -9705, -731, -1408, -2253, -1399, 31387
5147.6, 1349, -1909, -9874, -915, -2126, -1526, -883, 31396
5151.3, 1382, -1909, -9874, -915, -2126, -1526, -883, 31401
5155.6, 1229, -1909, -9874, -978, -1211, -551, 96, 31401
5159.4, 1000, -1909, -9874, -978, -1211, -551, 96, 31394
5161.6, 229, -1909, -9874, -978, -1211, -551, 96, 31394
5165.9, 1317, -1903, -9753, -934, -944, 131, -367, 31394
5169.6, 1085, -1903, -9753, -934, -944, 131, -367, 31428
5171.9, 325, -1903, -9753, -934, -944, 131, -367, 31428
5177.6, 1323, -1760, -9713, -912, -1028, 354, -1745, 31398
5181.3, 1313, -1760, -9713, -912, -1028, 354, -1745, 31401
5185.6, 1133, -1731, -9751, -858, -874, 380, -1592, 31401
5189.4, 1143, -1731, -9751, -858, -874, 380, -1592, 31383
5191.6, 399, -1731, -9751, -858, -874, 380, -1592, 31383
5195.9, 1292, -1786, -9750, -895, -958, -4, -966, 31383
5199.9, 827, -1786, -9750, -895, -958, -4, -966, 31364
5204.2, 989, -1786, -9750, -895, -958, -406, -542, 31364
5208.0, 1274, -1786, -9750, -895, -958, -406, -542, 31389
5211.7, 1416, -1786, -9750, -895, -958, -406, -542, 31411
5216.0, 1334, -1795, -9761, -781, -695, 56, 384, 31411
5219.7, 1121, -1795, -9761, -781, -695, 56, 384, 31393
5223.9, 1174, -1795, -9761, -781, -975, 306, 279, 31393
5227.7, 1252, -1795, -9761, -781, -975, 306, 279, 31382
5231.5, 1353, -1795, -9761, -781, -975, 306, 279, 31381
5235.7, 1028, -1784, -9852, -875, -1421, 599, -371, 31381
5239.5, 1108, -1784, -9852, -875, -1421, 599, -371, 31396
5243.7, 900, -1784, -9852, -875, -1417, 791, -888, 31396
5247.5, 1375, -1784, -9852, -875, -1417, 791, -888, 31396
5251.2, 1358, -1784, -9852, -875, -1417, 791, -888, 31397
5255.5, 970, -1776, -9857, -850, -1111, 341, -1308, 31397
5259.2, 1184, -1776, -9857, -850, -1111, 341, -1308, 31389
5263.4, 1140, -1776, -9857, -850, -1321, -551, -1334, 31389
5267.1, 1352, -1776, -9857, -850, -1321, -551, -1334, 31381
5270.9, 1315, -1776, -9857, -850, -1321, -551, -1334, 31387
5275.1, 1092, -1903, -9796, -866, -1360, -1373, -892, 31387
5278.9, 1116, -1903, -9796, -866, -1360, -1373, -892, 31382
5283.1, 1243, -1903, -9796, -866, -944, -2095, -1041, 31382
5286.9, 1436, -1903, -9796, -866, -944, -2095, -1041, 31384
5292.6, 1455, -1844, -9837, -899, -944, -2095, -1041, 31376
5296.3, 1372, -1844, -9837, -899, -944, -2095, -1041, 31383
5298.6, 284, -1844, -9837, -899, -944, -2095, -1041, 31383
5304.4, 1212, -1898, -9863, -833, -568, -3561, -1627, 31390
5306.6, 198, -1898, -9863, -833, -568, -3561, -1627, 31390
5310.9, 1160, -1838, -9823, -821, -568, -3561, -1627, 31390
5314.6, 1159, -1838, -9823, -821, -568, -3561, -1627, 31375
5316.9, 323, -1838, -9823, -821, -568, -3561, -1627, 31375
5322.6, 1441, -1780, -9841, -840, -1115, -2533, -1719, 31383
5326.3, 1332, -1780, -9841, -840, -1115, -2533, -1719, 31378
5330.6, 1089, -1732, -9855, -839, -743, -1942, -1990, 31378
5334.3, 1188, -1732, -9855, -839, -743, -1942, -1990, 31391
5336.6, 245, -1732, -9855, -839, -743, -1942, -1990, 31391
5340.8, 1156, -1805, -9751, -854, -984, -1706, -1863, 31391
5344.5, 1178, -1805, -9751, -854, -984, -1706, -1863, 31371
5346.8, 309, -1805, -9751, -854, -984, -1706, -1863, 31371
5351.0, 1224, -1877, -9778, -845, -909, -2060, -1286, 31371
5354.7, 1164, -1877, -9778, -845, -909, -2060, -1286, 31350
5358.9, 1093, -1881, -9821, -824, -678, -2572, -1058, 31350
5362.7, 1367, -1881, -9821, -824, -678, -2572, -1058, 31380
5366.4, 1341, -1881, -9821, -824, -678, -2572, -1058, 31378
5370.7, 1115, -1846, -9802, -810, -424, -3185, -1693, 31378
5374.4, 1130, -1846, -9802, -810, -424, -3185, -1693, 31370
5378.6, 1090, -1868, -9799, -777, -341, -3740, -2240, 31370
5382.3, 1442, -1868, -9799, -777, -341, -3740, -2240, 31378
5386.1, 1310, -1868, -9799, -777, -341, -3740, -2240, 31370
5390.3, 1041, -1807, -9818, -774, -419, -3911, -2082, 31370
5394.0, 1238, -1807, -9818, -774, -419, -3911, -2082, 31376
5398.2, 1242, -1737, -9757, -881, -402, -3552, -1614, 31376
5402.0, 1394, -1737, -9757, -881, -402, -3552, -1614, 31395
5405.8, 1270, -1737, -9757, -881, -402, -3552, -1614, 31377
5410.0, 972, -1791, -9812, -832, -507, -2677, -1561, 31377
5413.8, 1227, -1791, -9812, -832, -507, -2677, -1561, 31387
5418.0, 1290, -1805, -9799, -845, -533, -1885, -2003, 31387
5421.7, 1344, -1805, -9799, -845, -533, -1885, -2003, 31365
5424.0, 289, -1805, -9799, -845, -533, -1885, -2003, 31365
5429.8, 1054, -1911, -9798, -923, -1238, -1776, -2038, 31378
5433.6, 1290, -1911, -9798, -923, -1238, -1776, -2038, 31369
5437.8, 1112, -1956, -9747, -878, -909, -1723, -1588, 31369
5441.5, 1313, -1956, -9747, -878, -909, -1723, -1588, 31373
5443.8, 322, -1956, -9747, -878, -909, -1723, -1588, 31373
5449.6, 927, -1941, -9845, -853, -419, -2642, -1780, 31366
5453.3, 1294, -1941, -9845, -853, -419, -2642, -1780, 31403
5459.0, 1282, -1876, -9847, -870, -529, -3403, -2213, 31369
5461.2, 151, -1876, -9847, -870, -529, -3403, -2213, 31369
5465.5, 1005, -1851, -9753, -899, -468, -3412, -1929, 31369
5469.3, 1203, -1851, -9753, -899, -468, -3412, -1929, 31399
5471.5, 226, -1851, -9753, -899, -468, -3412, -1929, 31399
5475.8, 964, -1791, -9777, -850, -153, -3591, -1513, 31399
5479.5, 1129, -1791, -9777, -850, -153, -3591, -1513, 31378
5481.8, 239, -1791, -9777, -850, -153, -3591, -1513, 31378
5486.0, 1258, -1802, -9821, -872, 104, -3981, -1544, 31378
5489.7, 1210, -1802, -9821, -872, 104, -3981, -1544, 31376
5492.0, 278, -1802, -9821, -872, 104, -3981, -1544, 31376
5497.7, 1584, -1804, -9896, -918, 4, -3578, -1916, 31369
5501.4, 1339, -1804, -9896, -918, 4, -3578, -1916, 31377
5505.6, 1026, -1800, -9841, -1014, -17, -2725, -1938, 31377
5509.4, 1262, -1800, -9841, -1014, -17, -2725, -1938, 31369
5511.6, 268, -1800, -9841, -1014, -17, -2725, -1938, 31369
5515.9, 896, -1790, -9860, -1034, 319, -1815, -1863, 31369
5519.7, 1095, -1790, -9860, -1034, 319, -1815, -1863, 31324
5523.9, 1134, -1783, -9872, -1017, 936, -708, -1531, 31324
5527.6, 1425, -1783, -9872, -1017, 936, -708, -1531, 31366
5531.4, 1297, -1783, -9872, -1017, 936, -708, -1531, 31374
5535.6, 1103, -1817, -9871, -955, 765, 476, -883, 31374
5539.4, 1256, -1817, -9871, -955, 765, 476, -883, 31374
5543.6, 1345, -1930, -9844, -978, 577, 1378, -122, 31374
5547.3, 1499, -1930, -9844, -978, 577, 1378, -122, 31359
5551.1, 1225, -1930, -9844, -978, 577, 1378, -122, 31373
5555.3, 1165, -2044, -9972, -820, 1098, 870, -78, 31373
5559.0, 1308, -2044, -9972, -820, 1098, 870, -78, 31375
5563.2, 1068, -2076, -10188, -510, 3084, -4318, -1513, 31375
5566.9, 1292, -2076, -10188, -510, 3084, -4318, -1513, 31378
5570.7, 1132, -2076, -10188, -510, 3084, -4318, -1513, 31369
5575.0, 902, -2203, -10322, -336, 5687, -13663, -3823, 31369
5578.7, 1331, -2203, -10322, -336, 5687, -13663, -3823, 31379
5582.9, 1391, -1995, -9958, -843, 8273, -23139, -5464, 31379
5586.6, 1572, -1995, -9958, -843, 8273, -23139, -5464, 31371
5588.9, 843, -1995, -9958, -843, 8273, -23139, -5464, 31371
5594.6, 1023, -2015, -9987, -1121, 9253, -27125, -5363, 31371
5598.3, 1455, -2015, -9987, -1121, 9253, -27125, -5363, 31379
5604.0, 1147, -2084, -9651, -1360, 8413, -24251, -3880, 31380
5607.8, 1351, -2084, -9651, -1360, 8413, -24251, -3880, 31371
5613.5, 1355, -2156, -9309, -1265, 7065, -15522, -1347, 31377
5615.7, 67, -2156, -9309, -1265, 7065, -15522, -1347, 31377
5618.0, 275, -2156, -9309, -1265, 7065, -15522, -1347, 31377
5623.8, 1585, -2263, -9426, -789, 3793, -6842, 879, 31376
5626.0, 375, -2263, -9426, -789, 3793, -6842, 879, 31376
5628.3, 910, -2263, -9426, -789, 3793, -6842, 879, 31376
5634.1, 1195, -2349, -9675, -463, 3644, -6755, -568, 31346
5636.3, 38, -2349, -9675, -463, 3644, -6755, -568, 31346
5640.6, 846, -2359, -9891, -50, 8872, -19700, -3718, 31346
5644.3, 1260, -2359, -9891, -50, 8872, -19700, -3718, 31339
5646.6, 63, -2359, -9891, -50, 8872, -19700, -3718, 31339
5650.9, 776, -2142, -10108, 116, 19394, -41445, -6160, 31339
5654.6, 1146, -2142, -10108, 116, 19394, -41445, -6160, 31334
5656.9, 198, -2142, -10108, 116, 19394, -41445, -6160, 31334
5662.7, 1568, -1335, -9595, -372, 28612, -62082, -6934, 31335
5666.4, 1351, -1335, -9595, -372, 28612, -62082, -6934, 31339
5670.7, 998, -526, -8566, -1697, 32817, -67844, -3941, 31339
5674.5, 1315, -526, -8566, -1697, 32817, -67844, -3941, 31344
5676.8, 214, -526, -8566, -1697, 32817, -67844, -3941, 31344
5681.0, 982, -105, -8135, -2136, 31181, -49105, 4020, 31344
5684.7, 1387, -105, -8135, -2136, 31181, -49105, 4020, 31352
5688.9, 1482, -603, -8277, -1603, 23914, -13995, 14223, 31352
5692.7, 1482, -603, -8277, -1603, 23914, -13995, 14223, 31370
5696.4, 1195, -603, -8277, -1603, 23914, -13995, 14223, 31411
5700.7, 888, -1798, -9122, -571, 15479, 19604, 22815, 31411
5704.5, 1296, -1798, -9122, -571, 15479, 19604, 22815, 31382
5708.7, 1553, -3024, -10033, 399, 8706, 36081, 24955, 31382
5712.5, 1286, -3024, -10033, 399, 8706, 36081, 24955, 31400
5716.2, 890, -3024, -10033, 399, 8706, 36081, 24955, 31415
5720.5, 740, -3809, -10671, 1013, 6645, 35521, 20514, 31415
5724.2, 1417, -3809, -10671, 1013, 6645, 35521, 20514, 31435
5728.4, 1645, -4001, -10886, 1086, 6133, 24671, 11878, 31435
5732.1, 1373, -4001, -10886, 1086, 6133, 24671, 11878, 31437
5735.9, 1198, -4001, -10886, 1086, 6133, 24671, 11878, 31474
5740.1, 1097, -3535, -10580, 567, 7113, 7822, 3504, 31474
5743.8, 1463, -3535, -10580, 567, 7113, 7822, 3504, 31442
5748.1, 1593, -2852, -10421, 464, 9725, -8575, 323, 31442
5751.8, 1196, -2852, -10421, 464, 9725, -8575, 323, 31440
5754.1, 120, -2852, -10421, 464, 9725, -8575, 323, 31440
5759.9, 1278, -1900, -10262, -250, 13422, -21310, 984, 31445
5763.6, 1502, -1900, -10262, -250, 13422, -21310, 984, 31452
5767.9, 1181, -1073, -10029, -1090, 16708, -26709, 3788, 31452
5771.6, 1127, -1073, -10029, -1090, 16708, -26709, 3788, 31453
5773.9, 538, -1073, -10029, -1090, 16708, -26709, 3788, 31453
5779.6, 1576, -509, -9684, -1904, 17522, -26736, 6584, 31448
5781.9, 142, -509, -9684, -1904, 17522, -26736, 6584, 31448
5787.6, 1633, -509, -9684, -1904, 19547, -23800, 8290, 31404
5791.3, 1135, -509, -9684, -1904, 19547, -23800, 8290, 31461
5795.6, 865, -759, -9426, -1735, 19547, -14236, 12070, 31461
5799.3, 1384, -759, -9426, -1735, 19547, -14236, 12070, 31453
5801.6, 68, -759, -9426, -1735, 19547, -14236, 12070, 31453
5805.8, 934, -1505, -9360, -1179, 15702, 1767, 17172, 31453
5809.5, 1291, -1505, -9360, -1179, 15702, 1767, 17172, 31458
5811.8, 129, -1505, -9360, -1179, 15702, 1767, 17172, 31458
5816.0, 1416, -2225, -10015, -175, 14008, 13680, 17303, 31458
5819.7, 1490, -2225, -10015, -175, 14008, 13680, 17303, 31441
5822.0, 587, -2225, -10015, -175, 14008, 13680, 17303, 31441
5827.7, 1192, -2590, -10276, 126, 13571, 15553, 11642, 31469
5831.4, 1118, -2590, -10276, 126, 13571, 15553, 11642, 31475
5835.7, 1127, -2590, -10276, 126, 13855, 9384, 5897, 31475
5839.4, 1390, -2590, -10276, 126, 13855, 9384, 5897, 31485
5841.7, 77, -2590, -10276, 126, 13855, 9384, 5897, 31485
5845.9, 993, -2533, -10223, 1295, 14337, 104, 4733, 31485
5849.7, 1492, -2533, -10223, 1295, 14337, 104, 4733, 31531
5854.0, 1658, -2533, -10223, 1295, 14337, 104, 4733, 31531
5857.8, 1542, -2533, -10223, 1295, 14337, 104, 4733, 31491
5861.5, 1113, -2533, -10223, 1295, 14337, 104, 4733, 31496
5865.8, 817, -1603, -10144, -428, 19320, -15037, 4523, 31496
5869.5, 1092, -1603, -10144, -428, 19320, -15037, 4523, 31490
5873.7, 1157, -1603, -10144, -428, 19320, -15037, 4523, 31490
5877.5, 1449, -1603, -10144, -428, 19320, -15037, 4523, 31479
5881.2, 1286, -1603, -10144, -428, 19320, -15037, 4523, 31490
5885.4, 1097, -1019, -9278, -787, 23734, -7542, 5718, 31490
5889.2, 1638, -1019, -9278, -787, 23734, -7542, 5718, 31494
5893.4, 1250, -1019, -9278, -787, 23734, -7542, 5718, 31494
5897.1, 1355, -1019, -9278, -787, 23734, -7542, 5718, 31487
5900.9, 1242, -1019, -9278, -787, 23734, -7542, 5718, 31485
5905.1, 1339, -1664, -9617, 223, 21674, 8185, 10867, 31485
5908.8, 1356, -1664, -9617, 223, 21674, 8185, 10867, 31494
5913.1, 938, -1664, -9617, 223, 21674, 8185, 10867, 31494
5916.8, 1026, -1664, -9617, 223, 21674, 8185, 10867, 31485
5919.1, 444, -1664, -9617, 223, 21674, 8185, 10867, 31485
5924.9, 1443, -2894, -10069, 1661, 16200, 14975, 13886, 31474
5928.6, 1369, -2894, -10069, 1661, 16200, 14975, 13886, 31465
5932.9, 1348, -2894, -10069, 1661, 16200, 14975, 13886, 31465
5936.6, 1419, -2894, -10069, 1661, 16200, 14975, 13886, 31477
5938.9, 1182, -2894, -10069, 1661, 16200, 14975, 13886, 31477
5944.6, 1185, -3117, -10036, 1780, 13370, 8942, 8806, 31466
5946.9, 39, -3117, -10036, 1780, 13370, 8942, 8806, 31466
5952.6, 1174, -3157, -9945, 1323, 11331, 1347, 1911, 31467
5956.3, 1449, -3157, -9945, 1323, 11331, 1347, 1911, 31464
5960.6, 1564, -2733, -10103, 1033, 13238, -4838, -2261, 31464
5964.3, 1605, -2733, -10103, 1033, 13238, -4838, -2261, 31446
5966.6, 494, -2733, -10103, 1033, 13238, -4838, -2261, 31446
5970.8, 1072, -1953, -10079, 306, 13943, -9717, -3198, 31446
5974.5, 1191, -1953, -10079, 306, 13943, -9717, -3198, 31444
5976.8, 62, -1953, -10079, 306, 13943, -9717, -3198, 31444
5981.0, 1347, -1203, -9575, -478, 17220, -13938, -3556, 31444
5984.7, 1605, -1203, -9575, -478, 17220, -13938, -3556, 31457
5987.0, 311, -1203, -9575, -478, 17220, -13938, -3556, 31457
5992.7, 1487, -979, -9169, -246, 22864, -13103, -3211, 31467
5996.4, 1220, -979, -9169, -246, 22864, -13103, -3211, 31395
6000.7, 1193, -1526, -8888, -58, 22715, -6308, 126, 31395
6004.5, 1422, -1526, -8888, -58, 22715, -6308, 126, 31474
6008.7, 1225, -2099, -9602, 474, 20921, 2082, 6168, 31474
6012.5, 1186, -2099, -9602, 474, 20921, 2082, 6168, 31464
6016.3, 1288, -2099, -9602, 474, 20921, 2082, 6168, 31463
6020.5, 1101, -2231, -9680, 336, 20112, 6422, 7494, 31463
6024.3, 1495, -2231, -9680, 336, 20112, 6422, 7494, 31512
6028.5, 1548, -2772, -9418, 1163, 16975, 10959, 4134, 31512
6032.3, 1216, -2772, -9418, 1163, 16975, 10959, 4134, 31455
6036.0, 1032, -2772, -9418, 1163, 16975, 10959, 4134, 31454
6040.2, 1068, -2980, -9418, 1991, 13028, 11510, 944, 31454
6044.0, 1331, -2980, -9418, 1991, 13028, 11510, 944, 31452
6048.3, 1217, -2994, -9859, 2268, 7971, 4033, -1964, 31452
6052.0, 1076, -2994, -9859, 2268, 7971, 4033, -1964, 31446
6055.8, 1113, -2994, -9859, 2268, 7971, 4033, -1964, 31433
6060.0, 1476, -2933, -10112, 2014, 5652, -5783, -4515, 31433
6063.8, 1463, -2933, -10112, 2014, 5652, -5783, -4515, 31439
6068.0, 889, -2661, -9894, 1114, 7118, -11681, -6238, 31439
6071.7, 992, -2661, -9894, 1114, 7118, -11681, -6238, 31435
6075.5, 998, -2661, -9894, 1114, 7118, -11681, -6238, 31442
6079.7, 892, -2167, -9767, 218, 7100, -11935, -6903, 31442
6083.4, 1339, -2167, -9767, 218, 7100, -11935, -6903, 31429
6087.7, 1065, -1383, -9924, -273, 10889, -8487, -8155, 31429
6091.4, 1087, -1383, -9924, -273, 10889, -8487, -8155, 31429
6093.7, 33, -1383, -9924, -273, 10889, -8487, -8155, 31429
6099.4, 1343, -874, -9745, -1208, 17592, -2213, -9765, 31390
6101.7, 74, -874, -9745, -1208, 17592, -2213, -9765, 31390
6107.4, 1156, -909, -9187, -1462, 20877, 6991, -9078, 31462
6111.1, 1076, -909, -9187, -1462, 20877, 6991, -9078, 31438
6113.4, 54, -909, -9187, -1462, 20877, 6991, -9078, 31438
6119.1, 1222, -1535, -8702, -403, 24089, 17163, -2209, 31434
6121.4, 47, -1535, -8702, -403, 24089, 17163, -2209, 31434
6125.6, 861, -2285, -9062, 926, 21411, 23887, 6654, 31434
6129.3, 1250, -2285, -9062, 926, 21411, 23887, 6654, 31434
6131.6, 140, -2285, -9062, 926, 21411, 23887, 6654, 31434
6135.8, 1233, -2825, -9884, 1530, 16835, 26407, 9826, 31434
6139.5, 1145, -2825, -9884, 1530, 16835, 26407, 9826, 31412
6141.8, 46, -2825, -9884, 1530, 16835, 26407, 9826, 31412
6146.0, 876, -3303, -10293, 2051, 12280, 23835, 6046, 31412
6149.7, 1144, -3303, -10293, 2051, 12280, 23835, 6046, 31403
6152.0, 54, -3303, -10293, 2051, 12280, 23835, 6046, 31403
6157.8, 1086, -3345, -9974, 2350, 9887, 12512, -1303, 31415
6161.5, 1082, -3345, -9974, 2350, 9887, 12512, -1303, 31396
6165.8, 1197, -3125, -9823, 2196, 8925, -3701, -7975, 31396
6169.5, 1249, -3125, -9823, 2196, 8925, -3701, -7975, 31433
6173.7, 780, -2630, -9412, 1383, 6881, -12832, -11222, 31433
6177.5, 1048, -2630, -9412, 1383, 6881, -12832, -11222, 31389
6181.2, 1110, -2630, -9412, 1383, 6881, -12832, -11222, 31392
6185.5, 946, -2134, -9574, 644, 5656, -14481, -12530, 31392
6189.2, 1163, -2134, -9574, 644, 5656, -14481, -12530, 31393
6193.4, 891, -1513, -9560, 297, 7840, -11650, -12569, 31393
6197.1, 1039, -1513, -9560, 297, 7840, -11650, -12569, 31386
6200.9, 1206, -1513, -9560, 297, 7840, -11650, -12569, 31393
6205.1, 1289, -1195, -9366, -192, 9537, -3530, -9642, 31393
6208.8, 1100, -1195, -9366, -192, 9537, -3530, -9642, 31383
6213.1, 905, -1221, -9095, -196, 11060, 4663, -5521, 31383
6216.8, 1078, -1221, -9095, -196, 11060, 4663, -5521, 31391
6219.1, 41, -1221, -9095, -196, 11060, 4663, -5521, 31391
6224.9, 1203, -1637, -9128, 538, 10950, 7564, -3049, 31411
6228.6, 1184, -1637, -9128, 538, 10950, 7564, -3049, 31393
6232.8, 990, -2040, -9288, 1185, 8872, 8815, -1596, 31393
6236.6, 1083, -2040, -9288, 1185, 8872, 8815, -1596, 31377
6238.8, 33, -2040, -9288, 1185, 8872, 8815, -1596, 31377
6244.6, 909, -2293, -9725, 1163, 4143, 10670, -2441, 31378
6248.3, 1079, -2293, -9725, 1163, 4143, 10670, -2441, 31385
6254.0, 1128, -2309, -10078, 1131, 3692, 9038, -6776, 31405
6257.7, 986, -2309, -10078, 1131, 3692, 9038, -6776, 31339
6263.4, 1166, -2342, -10024, 1113, 5853, 4296, -10425, 31369
6267.2, 1120, -2342, -10024, 1113, 5853, 4296, -10425, 31361
6272.9, 988, -2208, -9983, 275, 7520, 2108, -10810, 31332
6276.6, 978, -2208, -9983, 275, 7520, 2108, -10810, 31333
6280.8, 987, -2023, -9724, -109, 10880, 3933, -8653, 31333
6284.6, 1040, -2023, -9724, -109, 10880, 3933, -8653, 31346
6286.9, 41, -2023, -9724, -109, 10880, 3933, -8653, 31346
6292.6, 1187, -1776, -9733, -174, 15920, 3670, -8203, 31331
6296.3, 1441, -1776, -9733, -174, 15920, 3670, -8203, 31407
6300.6, 1142, -1620, -9448, -176, 17526, 3408, -9178, 31407
6304.3, 935, -1620, -9448, -176, 17526, 3408, -9178, 31361
6306.6, 26, -1620, -9448, -176, 17526, 3408, -9178, 31361
6310.9, 1191, -1743, -9471, 418, 18016, 10285, -6763, 31361
6314.7, 1032, -1743, -9471, 418, 18016, 10285, -6763, 31363
6317.0, 32, -1743, -9471, 418, 18016, 10285, -6763, 31363
6322.7, 1094, -2105, -10068, 1331, 17579, 17653, -2436, 31340
6326.4, 1079, -2105, -10068, 1331, 17579, 17653, -2436, 31343
6330.7, 1397, -2274, -10264, 1029, 15369, 18366, -498, 31343
6334.5, 1108, -2274, -10264, 1029, 15369, 18366, -498, 31332
6338.7, 863, -2274, -10029, 938, 15990, 14087, -4519, 31332
6342.5, 982, -2274, -10029, 938, 15990, 14087, -4519, 31345
6346.2, 1030, -2274, -10029, 938, 15990, 14087, -4519, 31334
6350.5, 1153, -1991, -9884, 1320, 20199, 8977, -10355, 31334
6354.2, 1029, -1991, -9884, 1320, 20199, 8977, -10355, 31329
6358.5, 567, -1782, -10046, 907, 20440, 6348, -12429, 31329
6362.3, 1057, -1782, -10046, 907, 20440, 6348, -12429, 31333
6366.1, 1190, -1782, -10046, 907, 20440, 6348, -12429, 31322
6370.3, 1123, -1596, -9937, 444, 21674, 7485, -11309, 31322
6374.1, 1067, -1596, -9937, 444, 21674, 7485, -11309, 31320
6378.3, 812, -1642, -9707, 702, 23454, 11712, -8697, 31320
6382.0, 1241, -1642, -9707, 702, 23454, 11712, -8697, 31330
6385.8, 996, -1642, -9707, 702, 23454, 11712, -8697, 31314
6390.0, 651, -1938, -9807, 909, 24382, 17640, -5298, 31314
6393.8, 896, -1938, -9807, 909, 24382, 17640, -5298, 31317
6398.0, 979, -2121, -10116, 878, 25108, 21555, -3097, 31317
6401.7, 1131, -2121, -10116, 878, 25108, 21555, -3097, 31312
6405.5, 1175, -2121, -10116, 878, 25108, 21555, -3097, 31340
6409.7, 1236, -2147, -10466, 1058, 27982, 21319, -2887, 31340
6413.4, 991, -2147, -10466, 1058, 27982, 21319, -2887, 31320
6419.2, 1011, -1974, -10499, 688, 32029, 18169, -4344, 31308
6422.9, 1003, -1974, -10499, 688, 32029, 18169, -4344, 31330
6428.6, 1070, -1974, -10499, 28, 35363, 14875, -6238, 31321
6430.8, 52, -1974, -10499, 28, 35363, 14875, -6238, 31321
6433.2, 12, -1974, -10499, 28, 35363, 14875, -6238, 31321
6438.9, 1014, -1636, -9701, 993, 39681, 10828, -6164, 31315
6441.2, 106, -1636, -9701, 993, 39681, 10828, -6164, 31315
6445.4, 1438, -1636, -9701, 993, 39681, 10828, -6164, 31315
6449.2, 1088, -1636, -9701, 993, 39681, 10828, -6164, 31295
6451.5, 38, -1636, -9701, 993, 39681, 10828, -6164, 31295
6455.7, 1047, -1977, -9856, 1854, 39611, 7875, -2310, 31295
6459.5, 958, -1977, -9856, 1854, 39611, 7875, -2310, 31325
6461.8, 35, -1977, -9856, 1854, 39611, 7875, -2310, 31325
6467.5, 1134, -2266, -10231, 2059, 37135, 14017, 7752, 31334
6471.3, 1061, -2266, -10231, 2059, 37135, 14017, 7752, 31335
6475.5, 882, -2606, -10322, 2464, 37135, 14017, 6636, 31335
6479.3, 1441, -2606, -10322, 2464, 37135, 14017, 6636, 31317
6481.6, 661, -2606, -10322, 2464, 37135, 14017, 6636, 31317
6485.9, 1069, -2899, -9911, 2408, 33626, 9292, 1859, 31317
6489.6, 1521, -2899, -9911, 2408, 33626, 9292, 1859, 31348
6493.8, 968, -2965, -9727, 2263, 33626, 9292, 1859, 31348
6497.6, 930, -2965, -9727, 2263, 33626, 9292, 1859, 31351
6501.3, 1136, -2965, -9727, 2263, 33626, 9292, 1859, 31362
6505.6, 1307, -2843, -9786, 2347, 36225, 4068, -3675, 31362
6509.4, 976, -2843, -9786, 2347, 36225, 4068, -3675, 31412
6513.6, 896, -2585, -9990, 2387, 36225, 4068, -3675, 31412
6517.4, 1043, -2585, -9990, 2387, 36225, 4068, -3675, 31388
6521.1, 1131, -2585, -9990, 2387, 36225, 4068, -3675, 31412
6525.4, 1132, -2287, -9815, 1545, 43811, 5595, 2095, 31412
6529.1, 1175, -2287, -9815, 1545, 43811, 5595, 2095, 31450
6533.3, 1084, -2045, -9845, 1467, 43811, 5595, 2095, 31450
6537.0, 1320, -2045, -9845, 1467, 43811, 5595, 2095, 31433
6540.8, 1096, -2045, -9845, 1467, 43811, 5595, 2095, 31412
6545.0, 877, -1956, -9561, 1922, 45566, 5810, 9493, 31412
6548.7, 1244, -1956, -9561, 1922, 45566, 5810, 9493, 31458
6552.9, 922, -2237, -9382, 2270, 45566, 5810, 9493, 31458
6556.7, 965, -2237, -9382, 2270, 45566, 5810, 9493, 31413
6559.0, 29, -2237, -9382, 2270, 45566, 5810, 9493, 31413
6564.8, 1314, -2667, -9665, 2815, 46279, 3736, 17242, 31482
6568.5, 1117, -2667, -9665, 2815, 46279, 3736, 17242, 31474
6572.8, 819, -2997, -9813, 3007, 46279, 3736, 17242, 31474
6576.5, 1005, -2997, -9813, 3007, 46279, 3736, 17242, 31510
6578.8, 31, -2997, -9813, 3007, 46279, 3736, 17242, 31510
6584.5, 1882, -2833, -10154, 2286, 46642, 2913, 15693, 31511
6586.8, 945, -2833, -10154, 2286, 46642, 2913, 15693, 31511
6592.6, 1016, -2802, -9967, 2593, 51805, 1526, 11042, 31527
6596.7, 961, -2802, -9967, 2593, 51805, 1526, 11042, 31475
6602.4, 1307, -2500, -9891, 2305, 53362, 1618, 10355, 31537
6606.1, 1489, -2500, -9891, 2305, 53362, 1618, 10355, 31544
6610.4, 1068, -2257, -9794, 2478, 57142, 2436, 13816, 31544
6614.1, 987, -2257, -9794, 2478, 57142, 2436, 13816, 31550
6616.4, 32, -2257, -9794, 2478, 57142, 2436, 13816, 31550
6620.6, 1736, -2313, -9701, 3305, 60498, 507, 17815, 31550
6624.3, 1081, -2313, -9701, 3305, 60498, 507, 17815, 31572
6626.6, 33, -2313, -9701, 3305, 60498, 507, 17815, 31572
6630.8, 658, -2658, -9412, 2520, 58324, 2550, 22982, 31572
6634.5, 1029, -2658, -9412, 2520, 58324, 2550, 22982, 31580
6636.8, 323, -2658, -9412, 2520, 58324, 2550, 22982, 31580
6641.0, 1094, -3069, -9747, 2877, 59767, 6387, 26460, 31580
6644.8, 1220, -3069, -9747, 2877, 59767, 6387, 26460, 31525
6649.1, 1475, -3148, -9872, 2774, 61863, 5560, 26775, 31525
6652.8, 1083, -3148, -9872, 2774, 61863, 5560, 26775, 31597
6656.6, 1277, -3148, -9872, 2774, 61863, 5560, 26775, 31602
6660.8, 1015, -2785, -10359, 3233, 66041, 2270, 24837, 31602
6664.6, 990, -2785, -10359, 3233, 66041, 2270, 24837, 31618
6668.8, 1029, -2613, -9927, 3774, 69734, -3311, 21507, 31618
6672.5, 1340, -2613, -9927, 3774, 69734, -3311, 21507, 31623
6676.3, 1218, -2613, -9927, 3774, 69734, -3311, 21507, 31643
6680.6, 1151, -2684, -9734, 3957, 73947, -6921, 21442, 31643
6684.3, 1023, -2684, -9734, 3957, 73947, -6921, 21442, 31659
6688.5, 856, -2665, -9809, 4153, 74419, -7931, 25283, 31659
6692.3, 1091, -2665, -9809, 4153, 74419, -7931, 25283, 31674
6696.0, 1218, -2665, -9809, 4153, 74419, -7931, 25283, 31692
6700.2, 1244, -2729, -9576, 3781, 75903, -6413, 28796, 31692
6704.0, 1230, -2729, -9576, 3781, 75903, -6413, 28796, 31689
6708.2, 656, -2822, -9355, 3504, 77430, -3793, 30069, 31689
6711.9, 1307, -2822, -9355, 3504, 77430, -3793, 30069, 31696
6715.7, 1422, -2822, -9355, 3504, 77430, -3793, 30069, 31711
6719.9, 618, -3099, -9367, 3769, 78318, -3355, 29829, 31711
6723.6, 953, -3099, -9367, 3769, 78318, -3355, 29829, 31702
6727.8, 911, -3162, -9355, 3955, 82098, -4576, 30529, 31702
6731.6, 1429, -3162, -9355, 3955, 82098, -4576, 30529, 31733
6733.8, 136, -3162, -9355, 3955, 82098, -4576, 30529, 31733
6739.5, 1150, -3118, -9445, 4298, 83598, -7350, 32226, 32116
6743.3, 1385, -3118, -9445, 4298, 83598, -7350, 32226, 32118
6749.0, 971, -3091, -9224, 4582, 85786, -12976, 32843, 32115
6751.2, 26, -3091, -9224, 4582, 85786, -12976, 32843, 32115
6753.5, 24, -3091, -9224, 4582, 85786, -12976, 32843, 32115
6759.2, 1195, -3150, -9032, 4978, 89233, -18580, 34099, 32125
6761.5, 527, -3150, -9032, 4978, 89233, -18580, 34099, 32125
6765.7, 1413, -2919, -9137, 4768, 90682, -16782, 36374, 32125
6769.5, 1496, -2919, -9137, 4768, 90682, -16782, 36374, 32126
6771.8, 470, -2919, -9137, 4768, 90682, -16782, 36374, 32126
6776.0, 645, -2882, -8991, 5239, 92585, -13435, 36304, 32126
6779.7, 1144, -2882, -8991, 5239, 92585, -13435, 36304, 32107
6782.0, 709, -2882, -8991, 5239, 92585, -13435, 36304, 32107
6787.7, 1633, -3098, -8911, 5175, 93871, -11922, 36011, 32125
6791.4, 1277, -3098, -8911, 5175, 93871, -11922, 36011, 32157
6795.7, 741, -3235, -8571, 4643, 93412, -8478, 38259, 32157
6799.5, 1021, -3235, -8571, 4643, 93412, -8478, 38259, 32133
6801.8, 388, -3235, -8571, 4643, 93412, -8478, 38259, 32133
6806.0, 1287, -3296, -8544, 4835, 94182, -3828, 40871, 32133
6809.8, 1030, -3296, -8544, 4835, 94182, -3828, 40871, 32178
6814.0, 811, -3185, -8394, 5924, 96684, -4270, 41278, 32178
6817.8, 1176, -3185, -8394, 5924, 96684, -4270, 41278, 32138
6821.5, 1853, -3185, -8394, 5924, 96684, -4270, 41278, 32146
6825.8, 950, -3094, -8386, 5784, 98167, -7743, 40456, 32146
6829.5, 1028, -3094, -8386, 5784, 98167, -7743, 40456, 32142
6833.7, 831, -3306, -8166, 6221, 100841, -10893, 40889, 32142
6837.5, 1195, -3306, -8166, 6221, 100841, -10893, 40889, 32140
6841.2, 1548, -3306, -8166, 6221, 100841, -10893, 40889, 32143
6845.5, 1276, -3493, -8042, 6321, 102661, -12862, 43973, 32143
6849.3, 1361, -3493, -8042, 6321, 102661, -12862, 43973, 32171
6853.5, 852, -3552, -8018, 5850, 102074, -9012, 48226, 32171
6857.3, 1061, -3552, -8018, 5850, 102074, -9012, 48226, 32146
6861.0, 1086, -3552, -8018, 5850, 102074, -9012, 48226, 32155
6865.3, 1353, -3429, -8368, 6282, 104271, -7253, 49788, 32155
6869.1, 965, -3429, -8368, 6282, 104271, -7253, 49788, 32156
6873.3, 1324, -3719, -7789, 5958, 105487, -9143, 47977, 32156
6877.0, 1663, -3719, -7789, 5958, 105487, -9143, 47977, 32149
6880.8, 1051, -3719, -7789, 5958, 105487, -9143, 47977, 32162
6885.1, 1040, -3677, -7797, 6419, 107495, -6488, 47180, 32162
6888.8, 933, -3677, -7797, 6419, 107495, -6488, 47180, 32171
6893.0, 935, -3585, -7475, 7483, 109722, -6571, 46235, 32171
6896.7, 1963, -3585, -7475, 7483, 109722, -6571, 46235, 32182
6900.5, 1517, -3585, -7475, 7483, 109722, -6571, 46235, 32188
6904.7, 1197, -3559, -7555, 6678, 107723, -10574, 43930, 32188
6908.5, 1091, -3559, -7555, 6678, 107723, -10574, 43930, 32177
6912.7, 803, -3659, -7034, 7441, 110536, -10758, 45771, 32177
6916.4, 1583, -3659, -7034, 7441, 110536, -10758, 45771, 32183
6920.6, 875, -3326, -7256, 6355, 109879, -9165, 47657, 32183
6924.3, 1084, -3326, -7256, 6355, 109879, -9165, 47657, 32192
6926.6, 132, -3326, -7256, 6355, 109879, -9165, 47657, 32192
6930.8, 881, -3218, -6920, 6796, 114933, -9275, 47736, 32192
6934.5, 1413, -3218, -6920, 6796, 114933, -9275, 47736, 32223
6936.8, 868, -3218, -6920, 6796, 114933, -9275, 47736, 32223
6941.0, 925, -3425, -6514, 6561, 115641, -8855, 49486, 32223
6944.7, 1847, -3425, -6514, 6561, 115641, -8855, 49486, 32205
6947.0, 1526, -3425, -6514, 6561, 115641, -8855, 49486, 32205
6952.7, 1307, -3672, -6257, 7453, 116849, -4287, 53257, 32199
6956.4, 1099, -3672, -6257, 7453, 116849, -4287, 53257, 32214
6960.7, 1260, -3518, -6015, 7057, 116928, -4326, 53900, 32214
6964.5, 1216, -3518, -6015, 7057, 116928, -4326, 53900, 32223
6966.7, 69, -3518, -6015, 7057, 116928, -4326, 53900, 32223
6971.0, 1603, -3706, -5827, 7442, 118581, -4287, 52776, 32223
6974.7, 1607, -3706, -5827, 7442, 118581, -4287, 52776, 32228
6978.9, 1264, -3706, -5827, 7442, 121823, -5871, 51625, 32228
6982.7, 884, -3706, -5827, 7442, 121823, -5871, 51625, 32169
6986.4, 1140, -3706, -5827, 7442, 121823, -5871, 51625, 32234
6990.7, 734, -4318, -5930, 7177, 122103, -3626, 52255, 32234
6994.5, 1513, -4318, -5930, 7177, 122103, -3626, 52255, 32237
6998.7, 1015, -4318, -5930, 7177, 125004, -2419, 51805, 32237
7002.5, 1585, -4318, -5930, 7177, 125004, -2419, 51805, 32246
7006.3, 1534, -4318, -5930, 7177, 125004, -2419, 51805, 32244
7010.5, 726, -4042, -5949, 7792, 126964, -4760, 48423, 32244
7014.3, 1017, -4042, -5949, 7792, 126964, -4760, 48423, 32267
7018.5, 1091, -4042, -5949, 7792, 126268, -6111, 45229, 32267
7022.3, 1945, -4042, -5949, 7792, 126268, -6111, 45229, 32249
7026.0, 1882, -4042, -5949, 7792, 126268, -6111, 45229, 32251
7030.3, 947, -3890, -4731, 8491, 127240, -9520, 43825, 32251
7034.0, 1142, -3890, -4731, 8491, 127240, -9520, 43825, 32245
7038.2, 1106, -3890, -4731, 8491, 129353, -8680, 46817, 32245
7041.9, 1465, -3890, -4731, 8491, 129353, -8680, 46817, 32225
7045.6, 1119, -3890, -4731, 8491, 129353, -8680, 46817, 32247
7049.9, 1097, -3800, -3467, 6827, 128417, -4025, 50715, 32247
7053.6, 1038, -3800, -3467, 6827, 128417, -4025, 50715, 32250
7057.9, 1011, -3800, -3467, 6827, 132849, 2397, 50488, 32250
7061.6, 1845, -3800, -3467, 6827, 132849, 2397, 50488, 32255
7063.9, 835, -3800, -3467, 6827, 132849, 2397, 50488, 32255
7069.6, 1103, -4021, -5046, 8566, 133457, 7844, 46213, 32277
7071.9, 572, -4021, -5046, 8566, 133457, 7844, 46213, 32277
7077.6, 1219, -4095, -5046, 8566, 133457, 7844, 46213, 32265
7081.3, 831, -4095, -5046, 8566, 133457, 7844, 46213, 32238
7085.6, 1475, -4097, -4737, 9408, 135176, 7140, 43260, 32238
7089.3, 1374, -4097, -4737, 9408, 135176, 7140, 43260, 32261
7091.6, 338, -4097, -4737, 9408, 135176, 7140, 43260, 32261
7095.9, 941, -4149, -4044, 8946, 136812, 1163, 43899, 32261
7099.6, 1075, -4149, -4044, 8946, 136812, 1163, 43899, 32269
7101.9, 419, -4149, -4044, 8946, 136812, 1163, 43899, 32269
7107.6, 1408, -4278, -3453, 8209, 136274, -2655, 47228, 32259
7111.3, 927, -4278, -3453, 8209, 136274, -2655, 47228, 32276
7115.6, 1132, -4287, -3003, 8954, 134734, -2126, 49013, 32276
7119.3, 1275, -4287, -3003, 8954, 134734, -2126, 49013, 32253
7121.6, 44, -4287, -3003, 8954, 134734, -2126, 49013, 32253
7125.9, 890, -4036, -1914, 8164, 136322, -2187, 46555, 32253
7129.6, 1326, -4036, -1914, 8164, 136322, -2187, 46555, 32241
7131.9, 574, -4036, -1914, 8164, 136322, -2187, 46555, 32241
7137.6, 970, -4155, -2117, 7911, 136944, 7866, 44966, 32245
7141.4, 1432, -4155, -2117, 7911, 136944, 7866, 44966, 32259
7145.6, 1037, -4268, -1110, 7341, 137967, 7866, 44966, 32259
7149.3, 1137, -4268, -1110, 7341, 137967, 7866, 44966, 32264
7153.5, 555, -4433, -2636, 8993, 139678, 12521, 47780, 32264
7157.3, 1818, -4433, -2636, 8993, 139678, 12521, 47780, 32239
7161.0, 1702, -4433, -2636, 8993, 139678, 12521, 47780, 32259
7165.2, 842, -4307, -2011, 7771, 138838, 15741, 50295, 32259
7169.0, 1107, -4307, -2011, 7771, 138838, 15741, 50295, 32269
7173.2, 1202, -4832, -2061, 8870, 138567, 17355, 50680, 32269
7176.9, 1328, -4832, -2061, 8870, 138567, 17355, 50680, 32266
7180.7, 1229, -4832, -2061, 8870, 138567, 17355, 50680, 32254
7184.9, 669, -4935, -1396, 9150, 139464, 15995, 47438, 32254
7188.6, 1294, -4935, -1396, 9150, 139464, 15995, 47438, 32247
7192.8, 869, -4998, -562, 7633, 140951, 15045, 43304, 32247
7196.5, 1081, -4998, -562, 7633, 140951, 15045, 43304, 32254
7198.8, 40, -4998, -562, 7633, 140951, 15045, 43304, 32254
7204.6, 1096, -4550, -576, 8700, 141769, 14695, 39314, 32248
7208.4, 1158, -4550, -576, 8700, 141769, 14695, 39314, 32247
7214.1, 1001, -4351, 1194, 8340, 139367, 9318, 36046, 32281
7217.8, 1512, -4351, 1194, 8340, 139367, 9318, 36046, 32249
7223.6, 838, -3942, -222, 8121, 139232, 10062, 39021, 32236
7227.3, 1546, -3942, -222, 8121, 139232, 10062, 39021, 32246
7233.0, 1088, -4350, -97, 8622, 140597, 11230, 41786, 32243
7236.7, 1448, -4350, -97, 8622, 140597, 11230, 41786, 32253
7241.0, 1156, -4505, 184, 6871, 142469, 15247, 43138, 32253
7244.7, 1107, -4505, 184, 6871, 142469, 15247, 43138, 32266
7247.0, 28, -4505, 184, 6871, 142469, 15247, 43138, 32266
7252.7, 1539, -4691, 16, 8618, 143147, 21870, 43623, 32263
7256.4, 1227, -4691, 16, 8618, 143147, 21870, 43623, 32244
7260.7, 789, -4632, 587, 8412, 143318, 24951, 41239, 32244
7264.4, 1128, -4632, 587, 8412, 143318, 24951, 41239, 32267
7266.7, 30, -4632, 587, 8412, 143318, 24951, 41239, 32267
7271.0, 560, -4701, 939, 9134, 143344, 22658, 38907, 32267
7274.7, 1220, -4701, 939, 9134, 143344, 22658, 38907, 32269
7277.0, 238, -4701, 939, 9134, 143344, 22658, 38907, 32269
7282.7, 1275, -4333, 1552, 8567, 143174, 15566, 36846, 32279
7286.4, 882, -4333, 1552, 8567, 143174, 15566, 36846, 32282
7290.7, 803, -4330, 1288, 8178, 142727, 10701, 36890, 32282
7294.5, 1158, -4330, 1288, 8178, 142727, 10701, 36890, 32284
7298.7, 1437, -4524, 1125, 7690, 143165, 10985, 38150, 32284
7302.5, 1523, -4524, 1125, 7690, 143165, 10985, 38150, 32334
7306.2, 1074, -4524, 1125, 7690, 143165, 10985, 38150, 32273
7310.5, 842, -4496, 1277, 6142, 142981, 14197, 39423, 32273
7314.2, 994, -4496, 1277, 6142, 142981, 14197, 39423, 32358
7318.4, 1277, -4368, 1517, 7861, 143231, 13982, 36894, 32358
7322.1, 1058, -4368, 1517, 7861, 143231, 13982, 36894, 32357
7325.9, 962, -4368, 1517, 7861, 143231, 13982, 36894, 32352
7330.1, 944, -4257, 2663, 7455, 142649, 14722, 33464, 32352
7333.9, 1066, -4257, 2663, 7455, 142649, 14722, 33464, 32368
7338.1, 1073, -4100, 3156, 8065, 142513, 15037, 31640, 32368
7341.8, 1528, -4100, 3156, 8065, 142513, 15037, 31640, 32386
7344.1, 987, -4100, 3156, 8065, 142513, 15037, 31640, 32386
7349.9, 932, -4076, 3389, 7949, 141612, 11283, 31636, 32391
7353.6, 1077, -4076, 3389, 7949, 141612, 11283, 31636, 32350
7357.8, 1037, -4315, 3436, 7644, 140969, 7761, 34773, 32350
7361.6, 797, -4315, 3436, 7644, 140969, 7761, 34773, 32420
7363.8, 20, -4315, 3436, 7644, 140969, 7761, 34773, 32420
7369.6, 1441, -4879, 2986, 7246, 139805, 3635, 37896, 32424
7373.3, 1128, -4879, 2986, 7246, 139805, 3635, 37896, 32428
7379.0, 938, -4299, 2233, 6086, 140295, 6085, 37936, 32412
7382.7, 1246, -4299, 2233, 6086, 140295, 6085, 37936, 32433
7388.4, 751, -4229, 2533, 6734, 138742, 6571, 32633, 32436
7392.2, 1428, -4229, 2533, 6734, 138742, 6571, 32633, 32399
7397.9, 1361, -4512, 3595, 6506, 139525, 5648, 27597, 32441
7401.6, 874, -4512, 3595, 6506, 139525, 5648, 27597, 32463
7405.8, 793, -4492, 3821, 7061, 138357, 3193, 26880, 32463
7409.6, 1680, -4492, 3821, 7061, 138357, 3193, 26880, 32427
7411.9, 176, -4492, 3821, 7061, 138357, 3193, 26880, 32427
7417.6, 1172, -4616, 4560, 6906, 139022, 3106, 26587, 32451
7421.4, 1058, -4616, 4560, 6906, 139022, 3106, 26587, 32473
7425.6, 646, -4375, 4525, 6567, 132844, 1185, 24859, 32473
7429.4, 1046, -4375, 4525, 6567, 132844, 1185, 24859, 32460
7431.6, 31, -4375, 4525, 6567, 132844, 1185, 24859, 32460
7435.9, 745, -4188, 4565, 6608, 132516, -5114, 22470, 32460
7439.7, 1060, -4188, 4565, 6608, 132516, -5114, 22470, 32453
7442.0, 28, -4188, 4565, 6608, 132516, -5114, 22470, 32453
7447.7, 1117, -4217, 5021, 5526, 129895, -2371, 22999, 32448
7451.4, 1022, -4217, 5021, 5526, 129895, -2371, 22999, 32483
7455.7, 836, -3563, 5014, 4819, 122930, 8741, 27051, 32483
7459.5, 1032, -3563, 5014, 4819, 122930, 8741, 27051, 32442
7463.7, 979, -3436, 5112, 5720, 119487, 11996, 26814, 32442
7467.5, 1118, -3436, 5112, 5720, 119487, 11996, 26814, 32447
7471.3, 889, -3436, 5112, 5720, 119487, 11996, 26814, 32440
7475.5, 852, -3889, 5992, 5714, 116044, 19740, 27571, 32440
7479.3, 1381, -3889, 5992, 5714, 116044, 19740, 27571, 32444
7483.5, 656, -4481, 5686, 5626, 105452, 26504, 31207, 32444
7487.3, 1038, -4481, 5686, 5626, 105452, 26504, 31207, 32434
7491.0, 984, -4481, 5686, 5626, 105452, 26504, 31207, 32448
7495.3, 808, -5079, 5237, 7060, 108825, 25602, 32751, 32448
7499.0, 1175, -5079, 5237, 7060, 108825, 25602, 32751, 32414
7503.3, 992, -5245, 5091, 5274, 99134, 25213, 28061, 32414
7507.0, 1204, -5245, 5091, 5274, 99134, 25213, 28061, 32408
7510.8, 1113, -5245, 5091, 5274, 99134, 25213, 28061, 32393
7515.0, 836, -4797, 4530, 5685, 94081, 26001, 18484, 32393
7518.8, 1074, -4797, 4530, 5685, 94081, 26001, 18484, 32390
7523.0, 1032, -4360, 5005, 5490, 99633, 16795, 1951, 32390
7526.7, 1050, -4360, 5005, 5490, 99633, 16795, 1951, 32399
7530.5, 1123, -4360, 5005, 5490, 99633, 16795, 1951, 32415
7534.7, 860, -3580, 5888, 4094, 94974, 11138, -12455, 32415
7538.4, 1123, -3580, 5888, 4094, 94974, 11138, -12455, 32380
7544.2, 1209, -3356, 6143, 5396, 88551, 13689, -11663, 32500
7547.9, 1136, -3356, 6143, 5396, 88551, 13689, -11663, 32497
7553.6, 1094, -3622, 6113, 5495, 92440, 13422, -2209, 32516
7555.8, 32, -3622, 6113, 5495, 92440, 13422, -2209, 32516
7558.1, 4, -3622, 6113, 5495, 92440, 13422, -2209, 32516
7563.8, 1238, -4339, 5803, 5181, 91850, 19416, -2003, 32534
7566.1, 97, -4339, 5803, 5181, 91850, 19416, -2003, 32534
7568.3, 7, -4339, 5803, 5181, 91850, 19416, -2003, 32534
7574.0, 1239, -4235, 6167, 3882, 79158, 26119, -12223, 32583
7576.3, 37, -4235, 6167, 3882, 79158, 26119, -12223, 32583
7580.5, 964, -4235, 6167, 4986, 76331, 29448, -17592, 32583
7584.3, 1206, -4235, 6167, 4986, 76331, 29448, -17592, 32619
7586.6, 161, -4235, 6167, 4986, 76331, 29448, -17592, 32619
7590.8, 1006, -4590, 6585, 4890, 78182, 21560, -18069, 32619
7594.5, 1171, -4590, 6585, 4890, 78182, 21560, -18069, 32648
7596.8, 104, -4590, 6585, 4890, 78182, 21560, -18069, 32648
7601.0, 1010, -4064, 6390, 3722, 68321, 18930, -25917, 32648
7604.7, 1025, -4064, 6390, 3722, 68321, 18930, -25917, 32685
7607.0, 29, -4064, 6390, 3722, 68321, 18930, -25917, 32685
7612.7, 1231, -3885, 6463, 4365, 57112, 21446, -30533, 32657
7616.4, 1142, -3885, 6463, 4365, 57112, 21446, -30533, 32670
7620.7, 604, -3548, 6686, 3937, 45846, 23971, -24491, 32670
7624.5, 1085, -3548, 6686, 3937, 45846, 23971, -24491, 32654
7628.7, 563, -3548, 6686, 3937, 45846, 23971, -24491, 32654
7632.5, 1128, -3548, 6686, 3937, 45846, 23971, -24491, 32719
7636.2, 1467, -3548, 6686, 3937, 45846, 23971, -24491, 32725
7640.5, 856, -5056, 6157, 3927, 30787, 17845, 2401, 32725
7644.3, 1165, -5056, 6157, 3927, 30787, 17845, 2401, 32703
7648.5, 947, -5056, 6157, 3927, 30787, 17845, 14135, 32703
7652.3, 1075, -5056, 6157, 3927, 30787, 17845, 14135, 32644
7656.0, 1404, -5056, 6157, 3927, 30787, 17845, 14135, 32565
7660.3, 1019, -5590, 6189, 4832, 20610, -3640, 18296, 32565
7664.0, 1154, -5590, 6189, 4832, 20610, -3640, 18296, 32512
7668.2, 952, -5590, 6189, 4832, 20610, -3640, 15343, 32512
7671.9, 1162, -5590, 6189, 4832, 20610, -3640, 15343, 32446
7675.7, 1213, -5590, 6189, 4832, 20610, -3640, 15343, 32401
7679.9, 951, -5093, 6466, 4904, 15527, -18257, 6571, 32401
7683.6, 1197, -5093, 6466, 4904, 15527, -18257, 6571, 32361
7687.8, 836, -5093, 6466, 4904, 15527, -18257, 6571, 32361
7691.6, 1166, -5093, 6466, 4904, 15527, -18257, 6571, 32288
7693.8, 35, -5093, 6466, 4904, 15527, -18257, 6571, 32288
7699.6, 956, -4330, 6821, 4388, -4125, -16047, -196, 32203
7703.3, 1169, -4330, 6821, 4388, -4125, -16047, -196, 32128
7709.0, 739, -4377, 6897, 3967, -15163, -14372, 3189, 32053
7712.7, 1164, -4377, 6897, 3967, -15163, -14372, 3189, 31932
7718.4, 1076, -4377, 6897, 3967, -15163, -14372, 3189, 31917
7722.1, 1111, -4377, 6897, 3967, -15163, -14372, 3189, 31832
7727.9, 1072, -4319, 6872, 4703, -22203, -12040, 9091, 31776
7731.6, 1336, -4319, 6872, 4703, -22203, -12040, 9091, 31692
7735.9, 791, -4565, 6766, 4721, -28455, -13322, 12692, 31692
7739.7, 1029, -4565, 6766, 4721, -28455, -13322, 12692, 31714
7741.9, 28, -4565, 6766, 4721, -28455, -13322, 12692, 31714
7747.6, 1131, -4883, 6644, 4645, -36063, -17950, 15688, 31694
7751.4, 1072, -4883, 6644, 4645, -36063, -17950, 15688, 31688
7755.6, 818, -4971, 6980, 4734, -40963, -21818, 17740, 31688
7759.4, 1028, -4971, 6980, 4734, -40963, -21818, 17740, 31718
7761.7, 28, -4971, 6980, 4734, -40963, -21818, 17740, 31718
7765.9, 937, -5051, 7100, 4524, -46498, -25261, 19057, 31718
7769.7, 1023, -5051, 7100, 4524, -46498, -25261, 19057, 31706
7772.0, 32, -5051, 7100, 4524, -46498, -25261, 19057, 31706
7777.7, 1213, -5102, 6993, 4414, -52273, -28184, 18156, 31724
7781.4, 1115, -5102, 6993, 4414, -52273, -28184, 18156, 31748
7785.7, 824, -4863, 6957, 4081, -58429, -30966, 16200, 31748
7789.5, 1088, -4863, 6957, 4081, -58429, -30966, 16200, 31761
7793.7, 934, -4774, 7019, 4377, -64702, -34637, 15785, 31761
7797.5, 1108, -4774, 7019, 4377, -64702, -34637, 15785, 31789
7801.2, 1045, -4774, 7019, 4377, -64702, -34637, 15785, 31802
7805.5, 1347, -4488, 7095, 4523, -68045, -36286, 16686, 31802
7809.3, 1111, -4488, 7095, 4523, -68045, -36286, 16686, 31816
7813.5, 953, -4076, 7174, 4557, -75448, -40670, 16970, 31816
7817.3, 1169, -4076, 7174, 4557, -75448, -40670, 16970, 31843
7821.0, 1002, -4076, 7174, 4557, -75448, -40670, 16970, 31818
7825.3, 516, -3821, 6305, 4122, -78939, -45995, 11917, 31818
7829.1, 1078, -3821, 6305, 4122, -78939, -45995, 11917, 31858
7833.3, 924, -3993, 6422, 4082, -70578, -45763, 4151, 31858
7837.0, 1114, -3993, 6422, 4082, -70578, -45763, 4151, 31855
7840.8, 980, -3993, 6422, 4082, -70578, -45763, 4151, 32725
7845.1, 689, -3412, 6015, 3207, -60275, -52303, 12433, 32725
7848.8, 1091, -3412, 6015, 3207, -60275, -52303, 12433, 31906
7853.0, 875, -3117, 6698, 4667, -51210, -54662, 17535, 31906
7856.7, 1138, -3117, 6698, 4667, -51210, -54662, 17535, 31927
7860.5, 1053, -3117, 6698, 4667, -51210, -54662, 17535, 31877
7864.7, 761, -2478, 7554, 4746, -55327, -53117, 7494, 31877
7868.4, 1074, -2478, 7554, 4746, -55327, -53117, 7494, 31982
7874.2, 618, -1980, 6274, 3736, -52982, -39436, -19442, 31983
7877.9, 1085, -1980, 6274, 3736, -52982, -39436, -19442, 32008
7883.6, 994, -2012, 7090, 2985, -46922, -6098, -44433, 32042
7885.8, 35, -2012, 7090, 2985, -46922, -6098, -44433, 32042
7888.2, 7, -2012, 7090, 2985, -46922, -6098, -44433, 32042
7893.9, 1057, -2856, 7843, 5098, -56307, 26031, -54382, 32045
7896.2, 36, -2856, 7843, 5098, -56307, 26031, -54382, 32045
7900.4, 681, -3585, 8408, 6385, -69760, 34261, -45019, 32045
7904.1, 1016, -3585, 8408, 6385, -69760, 34261, -45019, 32072
7906.4, 31, -3585, 8408, 6385, -69760, 34261, -45019, 32072
7910.6, 604, -4176, 8023, 5855, -86569, 32432, -23367, 32072
7914.3, 1041, -4176, 8023, 5855, -86569, 32432, -23367, 32089
7916.6, 36, -4176, 8023, 5855, -86569, 32432, -23367, 32089
7920.8, 602, -4628, 6378, 5803, -98426, 28420, -5906, 32089
7924.5, 990, -4628, 6378, 5803, -98426, 28420, -5906, 32124
7926.8, 28, -4628, 6378, 5803, -98426, 28420, -5906, 32124
7931.0, 604, -4832, 5245, 5572, -102376, 20300, -6400, 32124
7934.7, 958, -4832, 5245, 5572, -102376, 20300, -6400, 33181
7939.0, 522, -4559, 4960, 5888, -105395, 11383, -20794, 33181
7942.8, 862, -4559, 4960, 5888, -105395, 11383, -20794, 33184
7946.5, 875, -4559, 4960, 5888, -105395, 11383, -20794, 33199
7950.8, 807, -4450, 5221, 5858, -102534, 16546, -35276, 33199
7954.5, 1046, -4450, 5221, 5858, -102534, 16546, -35276, 33211
7958.7, 713, -4107, 5349, 5322, -112658, 28140, -41440, 33211
7962.5, 977, -4107, 5349, 5322, -112658, 28140, -41440, 33216
7966.6, 721, -4107, 5349, 5322, -112658, 28140, -41440, 33223
7970.9, 634, -3723, 5181, 6223, -121985, 25480, -42958, 33223
7974.6, 953, -3723, 5181, 6223, -121985, 25480, -42958, 33228
7978.8, 562, -3988, 5698, 6552, -118415, 14630, -40959, 33228
7982.6, 981, -3988, 5698, 6552, -118415, 14630, -40959, 33240
7986.3, 1020, -3988, 5698, 6552, -118415, 14630, -40959, 33217
7990.6, 661, -4761, 5190, 6367, -118831, 12792, -33119, 33217
7994.4, 1024, -4761, 5190, 6367, -118831, 12792, -33119, 33217
7998.6, 736, -4952, 4249, 6294, -127738, 15439, -26928, 33217
8002.3, 965, -4952, 4249, 6294, -127738, 15439, -26928, 33210
8006.1, 1081, -4952, 4249, 6294, -127738, 15439, -26928, 33223
8010.4, 868, -4670, 3703, 6128, -131685, 10893, -30870, 33223
8014.2, 927, -4670, 3703, 6128, -131685, 10893, -30870, 33184
8018.4, 475, -4500, 3872, 6510, -132341, 590, -42442, 33184
8022.1, 1016, -4500, 3872, 6510, -132341, 590, -42442, 33173
8027.9, 691, -4658, 4040, 6629, -131610, -3228, -48786, 33165
8031.6, 1012, -4658, 4040, 6629, -131610, -3228, -48786, 33167
8033.9, 37, -4658, 4040, 6629, -131610, -3228, -48786, 33167
8039.6, 1164, -5043, 3587, 7052, -134529, -301, -47710, 33138
8041.9, 76, -5043, 3587, 7052, -134529, -301, -47710, 33138
8047.6, 1053, -5393, 3174, 6739, -136379, 7866, -45378, 33137
8051.3, 1138, -5393, 3174, 6739, -136379, 7866, -45378, 33127
8055.6, 688, -4998, 2328, 5466, -141682, 11042, -47565, 33127
8059.3, 1126, -4998, 2328, 5466, -141682, 11042, -47565, 33136
8061.6, 171, -4998, 2328, 5466, -141682, 11042, -47565, 33136
8065.8, 815, -4388, 1743, 7376, -143344, 2463, -55047, 33136
8069.6, 1104, -4388, 1743, 7376, -143344, 2463, -55047, 33124
8071.8, 180, -4388, 1743, 7376, -143344, 2463, -55047, 33124
8077.6, 1038, -4070, 1768, 6901, -143344, -8903, -62007, 33124
8081.3, 1037, -4070, 1768, 6901, -143344, -8903, -62007, 33113
8085.6, 750, -4001, 2277, 5857, -143029, -6142, -58446, 33113
8089.3, 932, -4001, 2277, 5857, -143029, -6142, -58446, 33105
8091.6, 242, -4001, 2277, 5857, -143029, -6142, -58446, 33105
8095.9, 1548, -4262, 2055, 7521, -143252, 2397, -47066, 33105
8099.7, 1605, -4262, 2055, 7521, -143252, 2397, -47066, 33108
8103.9, 794, -4986, 1901, 10630, -140531, -5263, -41291, 33108
8107.6, 1127, -4986, 1901, 10630, -140531, -5263, -41291, 33069
8111.4, 1074, -4986, 1901, 10630, -140531, -5263, -41291, 33045
8115.6, 710, -6355, 1858, 7775, -142216, -15194, -42477, 33045
8119.4, 1319, -6355, 1858, 7775, -142216, -15194, -42477, 33035
8123.6, 700, -6708, 1140, 6644, -143292, -19972, -46848, 33035
8127.3, 1078, -6708, 1140, 6644, -143292, -19972, -46848, 33028
8131.1, 1232, -6708, 1140, 6644, -143292, -19972, -46848, 33021
8135.3, 1176, -5852, -186, 7285, -137967, -30284, -60743, 33021
8139.0, 1083, -5852, -186, 7285, -137967, -30284, -60743, 33049
8143.2, 643, -4607, -754, 5291, -141472, -24342, -75837, 33049
8147.0, 1250, -4607, -754, 5291, -141472, -24342, -75837, 33018
8150.7, 1440, -4607, -754, 5291, -141472, -24342, -75837, 33012
8155.0, 718, -3796, -977, 7190, -142828, 69, -77753, 33012
8158.7, 1312, -3796, -977, 7190, -142828, 69, -77753, 33022
8162.9, 799, -3232, -731, 8602, -143191, 13243, -70272, 33022
8166.6, 1555, -3232, -731, 8602, -143191, 13243, -70272, 33040
8168.9, 872, -3232, -731, 8602, -143191, 13243, -70272, 33040
8174.6, 1050, -3990, 60, 10106, -143025, 10657, -60117, 33047
8178.3, 1184, -3990, 60, 10106, -143025, 10657, -60117, 33069
8184.0, 940, -5718, 533, 8541, -143248, 6724, -48983, 33028
8187.7, 1173, -5718, 533, 8541, -143248, 6724, -48983, 33004
8193.5, 606, -6830, -492, 7669, -143344, 2003, -45561, 32998
8197.2, 1103, -6830, -492, 7669, -143344, 2003, -45561, 32970
8203.0, 1126, -6830, -492, 7558, -135509, -4484, -58617, 32953
8206.7, 1297, -6830, -492, 7558, -135509, -4484, -58617, 33210
8211.0, 922, -6913, -1365, 7558, -135635, 4121, -78217, 33210
8214.7, 1410, -6913, -1365, 7558, -135635, 4121, -78217, 32913
8217.0, 486, -6913, -1365, 7558, -135635, 4121, -78217, 32913
8222.7, 1090, -5980, -2009, 6541, -136716, 25882, -89920, 32918
8226.4, 1456, -5980, -2009, 6541, -136716, 25882, -89920, 32913
8230.7, 1252, -5044, -2459, 6541, -141590, 35744, -91325, 32913
8234.5, 1712, -5044, -2459, 6541, -141590, 35744, -91325, 32979
8236.7, 1116, -5044, -2459, 6541, -141590, 35744, -91325, 32979
8240.9, 1175, -4323, -2126, 11237, -141651, 24487, -84994, 32979
8244.6, 1633, -4323, -2126, 11237, -141651, 24487, -84994, 32946
8246.9, 1103, -4323, -2126, 11237, -141651, 24487, -84994, 32946
8252.6, 1166, -4911, -977, 9309, -141936, 7358, -72617, 32953
8256.3, 1501, -4911, -977, 9309, -141936, 7358, -72617, 32959
8260.6, 1158, -4911, -977, 7625, -142719, -2891, -61754, 32959
8264.4, 1536, -4911, -977, 7625, -142719, -2891, -61754, 32931
8266.7, 1110, -4911, -977, 7625, -142719, -2891, -61754, 32931
8270.9, 1508, -6336, -2641, 8383, -132179, -8806, -62729, 32931
8274.6, 1523, -6336, -2641, 8383, -132179, -8806, -62729, 32956
8278.8, 1070, -6336, -2641, 8383, -132179, -8806, -62729, 32956
8282.6, 1403, -6336, -2641, 8383, -132179, -8806, -62729, 32954
8286.4, 1564, -6336, -2641, 8383, -132179, -8806, -62729, 32934
8290.6, 1084, -4323, -3862, 6122, -139411, 8369, -88372, 32934
8294.4, 1222, -4323, -3862, 6122, -139411, 8369, -88372, 32921
8298.6, 1136, -4323, -3862, 6122, -139411, 8369, -88372, 32921
8302.4, 1294, -4323, -3862, 6122, -139411, 8369, -88372, 32926
8306.1, 1781, -4323, -3862, 6122, -139411, 8369, -88372, 32877
8310.4, 1355, -4421, -3353, 9026, -142723, 10990, -81437, 32877
8314.2, 1463, -4421, -3353, 9026, -142723, 10990, -81437, 32866
8318.4, 1038, -4421, -3353, 9026, -142723, 10990, -81437, 32866
8322.1, 1567, -4421, -3353, 9026, -142723, 10990, -81437, 32866
8325.9, 1494, -4421, -3353, 9026, -142723, 10990, -81437, 32857
8330.2, 1062, -5749, -4721, 6437, -140706, 8715, -52828, 32857
8333.9, 1230, -5749, -4721, 6437, -140706, 8715, -52828, 32860
8338.1, 1019, -5749, -4721, 6437, -140706, 8715, -52828, 32860
8341.8, 1540, -5749, -4721, 6437, -140706, 8715, -52828, 32818
8345.6, 1540, -5749, -4721, 6437, -140706, 8715, -52828, 32870
8349.8, 1137, -5147, -5471, 6034, -127380, -1592, -75697, 32870
8353.6, 1377, -5147, -5471, 6034, -127380, -1592, -75697, 32849
8357.8, 787, -5147, -5471, 6034, -127380, -1592, -75697, 32849
8361.5, 1722, -5147, -5471, 6034, -127380, -1592, -75697, 32888
8363.8, 739, -5147, -5471, 6034, -127380, -1592, -75697, 32888
8369.6, 1559, -4587, -5638, 5959, -129292, 9065, -81721, 32889
8371.9, 1428, -4587, -5638, 5959, -129292, 9065, -81721, 32889
8377.6, 1527, -4290, -5285, 7275, -131510, 15999, -81721, 32885
8381.4, 1854, -4290, -5285, 7275, -131510, 15999, -81721, 33047
8385.6, 1635, -4259, -5825, 7948, -129965, 15653, -68189, 33047
8389.4, 1304, -4259, -5825, 7948, -129965, 15653, -68189, 32864
8391.7, 982, -4259, -5825, 7948, -129965, 15653, -68189, 32864
8395.9, 1362, -4660, -6401, 7895, -129340, 14608, -53664, 32864
8399.7, 1517, -4660, -6401, 7895, -129340, 14608, -53664, 32805
8402.0, 1071, -4660, -6401, 7895, -129340, 14608, -53664, 32805
8407.7, 1414, -5336, -6761, 7277, -129414, 10500, -48073, 32852
8411.4, 1710, -5336, -6761, 7277, -129414, 10500, -48073, 32841
8415.7, 1348, -5770, -6911, 6419, -125376, 3189, -52719, 32841
8419.5, 1471, -5770, -6911, 6419, -125376, 3189, -52719, 32846
8421.7, 1490, -5770, -6911, 6419, -125376, 3189, -52719, 32846
8426.0, 1394, -5364, -7272, 5141, -119286, 2375, -63193, 32846
8429.8, 1483, -5364, -7272, 5141, -119286, 2375, -63193, 32799
8434.0, 1306, -4292, -7133, 4603, -119596, 7713, -75465, 32799
8437.8, 1597, -4292, -7133, 4603, -119596, 7713, -75465, 32835
8441.5, 1861, -4292, -7133, 4603, -119596, 7713, -75465, 32847
8445.8, 1263, -3583, -6541, 6379, -119338, 12057, -79495, 32847
8449.5, 1687, -3583, -6541, 6379, -119338, 12057, -79495, 32844
8453.7, 1302, -3756, -6310, 7124, -117943, 11327, -70758, 32844
8457.5, 1712, -3756, -6310, 7124, -117943, 11327, -70758, 32894
8461.2, 1689, -3756, -6310, 7124, -117943, 11327, -70758, 32870
8465.5, 1418, -4151, -7205, 6466, -119903, 12727, -53983, 32870
8469.3, 1425, -4151, -7205, 6466, -119903, 12727, -53983, 32889
8473.5, 1080, -4607, -7958, 6762, -118328, 9760, -43531, 32889
8477.3, 1603, -4607, -7958, 6762, -118328, 9760, -43531, 32885
8481.0, 1708, -4607, -7958, 6762, -118328, 9760, -43531, 32884
8485.3, 1406, -5123, -8067, 6040, -117081, 1741, -44573, 32884
8489.1, 1212, -5123, -8067, 6040, -117081, 1741, -44573, 32871
8493.3, 1211, -5229, -8204, 5371, -113576, -2283, -50715, 32871
8497.0, 1831, -5229, -8204, 5371, -113576, -2283, -50715, 32872
8500.8, 1787, -5229, -8204, 5371, -113576, -2283, -50715, 32871
8505.1, 1332, -4692, -8110, 4661, -111520, -2314, -56902, 32871
8508.9, 1396, -4692, -8110, 4661, -111520, -2314, -56902, 32888
8513.1, 1203, -3967, -7798, 4770, -110566, -1150, -59413, 32888
8516.8, 1940, -3967, -7798, 4770, -110566, -1150, -59413, 32862
8522.6, 1666, -3427, -7681, 5474, -109788, -2244, -56569, 32864
8526.3, 1412, -3427, -7681, 5474, -109788, -2244, -56569, 32829
8528.6, 539, -3427, -7681, 5474, -109788, -2244, -56569, 32829
8534.3, 1540, -3629, -7655, 4639, -112286, -1347, -47329, 32840
8536.6, 1494, -3629, -7655, 4639, -112286, -1347, -47329, 32840
8540.8, 1669, -4339, -7945, 5218, -110663, 3526, -35389, 32840
8544.6, 1156, -4339, -7945, 5218, -110663, 3526, -35389, 32758
8546.9, 977, -4339, -7945, 5218, -110663, 3526, -35389, 32758
8552.6, 1908, -4972, -8273, 5233, -110969, 6943, -29172, 32745
8556.3, 1666, -4972, -8273, 5233, -110969, 6943, -29172, 32768
8560.5, 1498, -5568, -8480, 5606, -109368, 7437, -30944, 32768
8564.3, 1433, -5568, -8480, 5606, -109368, 7437, -30944, 32765
8566.6, 1002, -5568, -8480, 5606, -109368, 7437, -30944, 32765
8570.8, 1384, -5659, -8531, 5513, -109451, 4633, -37791, 32765
8574.6, 1252, -5659, -8531, 5513, -109451, 4633, -37791, 32774
8576.9, 844, -5659, -8531, 5513, -109451, 4633, -37791, 32774
8582.6, 1663, -5390, -8133, 5440, -112417, -1798, -45553, 32793
8586.3, 1740, -5390, -8133, 5440, -112417, -1798, -45553, 32784
8590.6, 1513, -4628, -7707, 4776, -114005, -10062, -49657, 32784
8594.4, 1595, -4628, -7707, 4776, -114005, -10062, -49657, 32774
8598.6, 996, -3510, -7828, 4135, -113891, -17347, -50208, 32774
8602.4, 1594, -3510, -7828, 4135, -113891, -17347, -50208, 32789
8606.2, 1514, -3510, -7828, 4135, -113891, -17347, -50208, 32789
8610.5, 1112, -2981, -7789, 4176, -114508, -18615, -47403, 32789
8614.2, 1439, -2981, -7789, 4176, -114508, -18615, -47403, 32777
8618.4, 1134, -2921, -8527, 4729, -114167, -15767, -41016, 32777
8622.2, 1861, -2921, -8527, 4729, -114167, -15767, -41016, 32780
8625.9, 1903, -2921, -8527, 4729, -114167, -15767, -41016, 32755
8630.2, 1341, -3340, -8562, 4639, -115602, -13930, -34479, 32755
8633.9, 1274, -3340, -8562, 4639, -115602, -13930, -34479, 32747
8638.2, 1239, -3789, -8520, 3780, -117781, -8990, -28971, 32747
8641.9, 1919, -3789, -8520, 3780, -117781, -8990, -28971, 32736
8645.7, 1771, -3789, -8520, 3780, -117781, -8990, -28971, 32749
8649.9, 996, -4173, -8693, 3909, -119802, -5145, -26394, 32749
8653.7, 1426, -4173, -8693, 3909, -119802, -5145, -26394, 32717
8657.9, 1394, -4604, -8740, 3576, -123635, -4624, -27549, 32717
8661.6, 1724, -4604, -8740, 3576, -123635, -4624, -27549, 32697
8663.9, 891, -4604, -8740, 3576, -123635, -4624, -27549, 32697
8669.6, 1310, -4526, -8919, 3514, -125109, -5591, -30511, 32694
8673.3, 1562, -4526, -8919, 3514, -125109, -5591, -30511, 32685
8679.0, 1169, -4092, -9353, 3699, -124195, -10657, -35818, 32683
8682.8, 1685, -4092, -9353, 3699, -124195, -10657, -35818, 32616
8688.5, 1473, -3601, -9431, 3296, -122003, -20597, -42670, 32658
8690.7, 726, -3601, -9431, 3296, -122003, -20597, -42670, 32658
8693.1, 1219, -3601, -9431, 3296, -122003, -20597, -42670, 32658
8698.8, 1389, -3041, -9440, 2855, -119763, -30953, -47163, 32649
8701.1, 683, -3041, -9440, 2855, -119763, -30953, -47163, 32649
8703.4, 958, -3041, -9440, 2855, -119763, -30953, -47163, 32649
8709.1, 1363, -2833, -9775, 2505, -115943, -37275, -45745, 32645
8711.4, 938, -2833, -9775, 2505, -115943, -37275, -45745, 32645
8715.6, 1409, -2724, -10040, 1282, -113200, -36059, -39708, 32645
8719.4, 1487, -2724, -10040, 1282, -113200, -36059, -39708, 32629
8721.7, 1064, -2724, -10040, 1282, -113200, -36059, -39708, 32629
8726.0, 1376, -2766, -10098, 461, -112408, -26600, -32581, 32629
8729.7, 1455, -2766, -10098, 461, -112408, -26600, -32581, 32610
8732.0, 1074, -2766, -10098, 461, -112408, -26600, -32581, 32610
8737.7, 1931, -3000, -10137, 1047, -108917, -17106, -27646, 32610
8741.4, 1742, -3000, -10137, 1047, -108917, -17106, -27646, 32590
8745.7, 1176, -3093, -10159, 1166, -108401, -12110, -25655, 32590
8749.5, 1395, -3093, -10159, 1166, -108401, -12110, -25655, 32575
8753.7, 1367, -3093, -10206, 1370, -107228, -12643, -26814, 32575
8757.5, 1851, -3093, -10206, 1370, -107228, -12643, -26814, 32560
8761.2, 1640, -3093, -10206, 1370, -107228, -12643, -26814, 32551
8765.5, 1160, -2977, -10302, 1848, -101632, -18620, -30664, 32551
8769.3, 1493, -2977, -10302, 1848, -101632, -18620, -30664, 32532
8773.5, 1481, -2467, -10282, 1534, -98167, -27046, -35980, 32532
8777.3, 1806, -2467, -10282, 1534, -98167, -27046, -35980, 32525
8781.1, 1668, -2467, -10282, 1534, -98167, -27046, -35980, 32497
8785.3, 1055, -2089, -10279, 999, -94330, -33670, -39865, 32497
8789.1, 1511, -2089, -10279, 999, -94330, -33670, -39865, 32493
8793.3, 1328, -2018, -10455, 743, -89273, -38028, -39353, 32493
8797.0, 1756, -2018, -10455, 743, -89273, -38028, -39353, 32473
8800.8, 1621, -2018, -10455, 743, -89273, -38028, -39353, 32457
8805.0, 1211, -1965, -10336, 46, -86429, -35232, -34090, 32457
8808.8, 1533, -1965, -10336, 46, -86429, -35232, -34090, 32458
8813.0, 1523, -2031, -10303, -510, -83476, -24509, -26967, 32458
8816.7, 1752, -2031, -10303, -510, -83476, -24509, -26967, 32431
8820.5, 1501, -2031, -10303, -510, -83476, -24509, -26967, 32417
8824.7, 1128, -2111, -10314, -213, -79971, -14883, -23209, 32417
8828.4, 1712, -2111, -10314, -213, -79971, -14883, -23209, 32413
8834.2, 942, -2309, -10192, -78, -78322, -11821, -23826, 32406
8837.9, 1853, -2309, -10192, -78, -78322, -11821, -23826, 32397
8843.6, 1478, -2547, -10028, -55, -76064, -13899, -25292, 32371
8847.3, 1606, -2547, -10028, -55, -76064, -13899, -25292, 32397
8853.0, 1501, -2547, -10028, -55, -70180, -20116, -27536, 32399
8856.8, 1746, -2547, -10028, -55, -70180, -20116, -27536, 32392
8861.0, 1333, -2343, -10376, 414, -70180, -20116, -32624, 32392
8864.8, 1579, -2343, -10376, 414, -70180, -20116, -32624, 32326
8867.0, 1193, -2343, -10376, 414, -70180, -20116, -32624, 32326
8872.8, 1733, -1790, -10384, 510, -60953, -29203, -35459, 32378
8876.5, 1655, -1790, -10384, 510, -60953, -29203, -35459, 32368
8880.8, 1214, -1367, -10325, -497, -60953, -29203, -32611, 32368
8884.5, 1389, -1367, -10325, -497, -60953, -29203, -32611, 32358
8886.8, 617, -1367, -10325, -497, -60953, -29203, -32611, 32358
8891.0, 1062, -1176, -10180, -1508, -51516, -4860, -26683, 32358
8894.7, 1547, -1176, -10180, -1508, -51516, -4860, -26683, 32347
8897.0, 1046, -1176, -10180, -1508, -51516, -4860, -26683, 32347
8902.8, 1754, -1132, -10357, -1270, -46918, 4576, -21149, 32337
8906.5, 1665, -1132, -10357, -1270, -46918, 4576, -21149, 32338
8910.8, 1401, -1258, -10468, -953, -43960, 5136, -17342, 32338
8914.5, 1556, -1258, -10468, -953, -43960, 5136, -17342, 32326
8918.8, 1558, -1631, -10191, -802, -43960, 5136, -17342, 32326
8922.5, 1633, -1631, -10191, -802, -43960, 5136, -17342, 32326
8926.3, 1545, -1631, -10191, -802, -43960, 5136, -17342, 32298
8930.6, 1133, -2310, -10343, -1, -32064, -13956, -12902, 32298
8934.3, 1521, -2310, -10343, -1, -32064, -13956, -12902, 32299
8938.6, 1334, -2614, -10415, 125, -32064, -13956, -12902, 32299
8942.3, 1710, -2614, -10415, 125, -32064, -13956, -12902, 32280
8946.0, 1604, -2614, -10415, 125, -32064, -13956, -12902, 32293
8950.3, 1061, -2432, -10458, -190, -20847, -19092, -17242, 32293
8954.1, 1526, -2432, -10458, -190, -20847, -19092, -17242, 32290
8958.3, 1495, -2108, -10486, 128, -20847, -19092, -17242, 32290
8962.0, 1759, -2108, -10486, 128, -20847, -19092, -17242, 32274
8965.8, 1445, -2108, -10486, 128, -20847, -19092, -17242, 32274
8970.0, 1332, -1907, -10583, -93, -11541, -12547, -14389, 32274
8973.8, 1647, -1907, -10583, -93, -11541, -12547, -14389, 32266
8978.0, 1781, -1707, -10471, -568, -11541, -12547, -14389, 32266
8981.7, 1572, -1707, -10471, -568, -11541, -12547, -14389, 32262
8985.5, 1201, -1707, -10471, -568, -11541, -12547, -14389, 32255
8989.7, 1048, -1885, -10064, -163, -3080, -16472, -9170, 32255
8993.4, 1807, -1885, -10064, -163, -3080, -16472, -9170, 32215
8999.2, 1523, -2331, -10152, 275, -3080, -20265, -7468, 32234
9002.9, 1957, -2331, -10152, 275, -3080, -20265, -7468, 32221
9008.6, 1547, -2533, -9991, 106, -603, -20265, -7468, 32222
9010.8, 273, -2533, -9991, 106, -603, -20265, -7468, 32222
9013.1, 690, -2533, -9991, 106, -603, -20265, -7468, 32222
9018.9, 1558, -2486, -10137, 144, 3653, -22535, -6711, 32220
9021.1, 789, -2486, -10137, 144, 3653, -22535, -6711, 32220
9023.4, 1594, -2486, -10137, 144, 3653, -22535, -6711, 32220
9029.2, 1626, -2230, -10004, 344, 7857, -23415, -6877, 32203
9031.4, 551, -2230, -10004, 344, 7857, -23415, -6877, 32203
9035.6, 1460, -2055, -10023, 206, 9655, -20059, -5573, 32203
9039.3, 1644, -2055, -10023, 206, 9655, -20059, -5573, 32161
9041.6, 863, -2055, -10023, 206, 9655, -20059, -5573, 32161
9045.8, 1031, -2207, -10022, 179, 10101, -14468, -2148, 32161
9049.5, 1622, -2207, -10022, 179, 10101, -14468, -2148, 32192
9051.8, 1020, -2207, -10022, 179, 10101, -14468, -2148, 32192
9056.0, 1665, -2446, -10259, 503, 13164, -9222, 2021, 32192
9059.8, 1178, -2446, -10259, 503, 13164, -9222, 2021, 32182
9062.0, 45, -2446, -10259, 503, 13164, -9222, 2021, 32182
9067.8, 1235, -2443, -10435, 580, 14652, -7043, 4353, 32181
9071.5, 1862, -2443, -10435, 580, 14652, -7043, 4353, 32137
9075.8, 1597, -2400, -10479, -187, 17649, -11589, 3434, 32137
9079.5, 1616, -2400, -10479, -187, 17649, -11589, 3434, 32174
9083.7, 1816, -2284, -10554, -747, 26084, -19184, 2003, 32174
9087.5, 1566, -2284, -10554, -747, 26084, -19184, 2003, 32176
9091.2, 1265, -2284, -10554, -747, 26084, -19184, 2003, 32175
9095.5, 859, -1877, -10336, -1064, 34436, -22080, 2992, 32175
9099.3, 1302, -1877, -10336, -1064, 34436, -22080, 2992, 32204
9103.5, 1252, -1698, -10267, -724, 38194, -18392, 6846, 32204
9107.3, 2101, -1698, -10267, -724, 38194, -18392, 6846, 32156
9111.0, 2716, -1698, -10267, -724, 38194, -18392, 6846, 32156
9115.3, 1220, -1880, -10276, -26, 42158, -10045, 12587, 32156
9119.1, 1013, -1880, -10276, -26, 42158, -10045, 12587, 32143
9123.3, 845, -2241, -10636, 887, 43453, 1133, 18016, 32143
9127.0, 1606, -2241, -10636, 887, 43453, 1133, 18016, 32155
9130.8, 2242, -2241, -10636, 887, 43453, 1133, 18016, 32165
9135.1, 1621, -2484, -10929, 919, 43632, 11808, 19565, 32165
9138.8, 1086, -2484, -10929, 919, 43632, 11808, 19565, 32107
9143.0, 660, -2349, -10603, -327, 43068, 18930, 17530, 32107
9146.7, 1473, -2349, -10603, -327, 43068, 18930, 17530, 32196
9150.5, 2431, -2349, -10603, -327, 43068, 18930, 17530, 32180
9154.7, 1266, -2295, -10706, -78, 50654, 18987, 13908, 32180
9158.4, 1008, -2295, -10706, -78, 50654, 18987, 13908, 32196
9164.1, 1461, -1908, -10822, 1108, 58744, 10390, 11712, 32251
9167.9, 1638, -1908, -10822, 1108, 58744, 10390, 11712, 32235
9173.6, 1700, -2015, -10765, 887, 62777, 5928, 13658, 32243
9175.8, 760, -2015, -10765, 887, 62777, 5928, 13658, 32243
9178.2, 648, -2015, -10765, 887, 62777, 5928, 13658, 32243
9183.9, 2031, -2357, -10534, 914, 65534, 15163, 19823, 32195
9186.2, 1628, -2357, -10534, 914, 65534, 15163, 19823, 32195
9190.4, 1230, -2852, -11046, 2852, 66312, 30577, 25104, 32195
9194.2, 1171, -2852, -11046, 2852, 66312, 30577, 25104, 32265
9196.4, 48, -2852, -11046, 2852, 66312, 30577, 25104, 32265
9200.6, 719, -2876, -9966, 1007, 61916, 42293, 24329, 32265
9204.3, 2194, -2876, -9966, 1007, 61916, 42293, 24329, 32268
9206.6, 1209, -2876, -9966, 1007, 61916, 42293, 24329, 32268
9210.8, 1372, -3020, -10746, 2056, 61032, 46537, 17447, 32268
9214.5, 1711, -3020, -10746, 2056, 61032, 46537, 17447, 32275
9216.8, 1059, -3020, -10746, 2056, 61032, 46537, 17447, 32275
9221.0, 1215, -2813, -10581, 2094, 64094, 42166, 10084, 32275
9224.7, 1676, -2813, -10581, 2094, 64094, 42166, 10084, 32283
9227.0, 576, -2813, -10581, 2094, 64094, 42166, 10084, 32283
9232.7, 1439, -2564, -10262, 1020, 64261, 35923, 8207, 32292
9236.4, 1080, -2564, -10262, 1020, 64261, 35923, 8207, 32295
9240.7, 1145, -2690, -9855, 1500, 71593, 29868, 12525, 32295
9244.5, 1809, -2690, -9855, 1500, 71593, 29868, 12525, 32304
9248.7, 1897, -2623, -9986, 2409, 75688, 22728, 19140, 32304
9252.5, 1600, -2623, -9986, 2409, 75688, 22728, 19140, 32314
9256.2, 1156, -2623, -9986, 2409, 75688, 22728, 19140, 32325
9260.5, 969, -2708, -10019, 2098, 76226, 20912, 23992, 32325
9264.3, 1631, -2708, -10019, 2098, 76226, 20912, 23992, 32334
9268.5, 1877, -3043, -10003, 2321, 79770, 24688, 25769, 32334
9272.3, 1714, -3043, -10003, 2321, 79770, 24688, 25769, 32353
9276.0, 1217, -3043, -10003, 2321, 79770, 24688, 25769, 32344
9280.2, 1183, -2918, -10205, 1450, 79954, 31994, 24172, 32344
9284.0, 2101, -2918, -10205, 1450, 79954, 31994, 24172, 32367
9288.2, 843, -2943, -9467, 609, 85720, 41025, 22417, 32367
9291.9, 1043, -2943, -9467, 609, 85720, 41025, 22417, 32360
9295.6, 1009, -2943, -9467, 609, 85720, 41025, 22417, 32357
9299.9, 1799, -2654, -10544, 2312, 89877, 44577, 21109, 32357
9303.6, 2486, -2654, -10544, 2312, 89877, 44577, 21109, 32381
9307.8, 1043, -2351, -11228, 3592, 96947, 35840, 20011, 32381
9311.6, 777, -2351, -11228, 3592, 96947, 35840, 20011, 32396
9313.9, 83, -2351, -11228, 3592, 96947, 35840, 20011, 32396
9319.7, 2115, -2456, -10167, 3653, 101724, 24259, 22199, 32346
9323.4, 1976, -2456, -10167, 3653, 101724, 24259, 22199, 32429
9329.1, 1016, -2619, -9634, 2033, 103899, 19862, 29448, 32425
9333.2, 1030, -2619, -9634, 2033, 103899, 19862, 29448, 32418
9338.9, 1665, -3176, -10373, 3589, 104695, 20960, 37835, 32397
9341.1, 775, -3176, -10373, 3589, 104695, 20960, 37835, 32397
9343.5, 884, -3176, -10373, 3589, 104695, 20960, 37835, 32397
9349.2, 1533, -3604, -9468, 970, 106152, 24264, 43422, 32418
9351.5, 140, -3604, -9468, 970, 106152, 24264, 43422, 32418
9355.7, 978, -3866, -11593, 3000, 111590, 27051, 44218, 32418
9359.5, 1800, -3866, -11593, 3000, 111590, 27051, 44218, 32419
9361.8, 1236, -3866, -11593, 3000, 111590, 27051, 44218, 32419
9367.5, 1824, -3706, -10231, 3620, 115112, 23319, 40395, 32420
9371.2, 1272, -3706, -10231, 3620, 115112, 23319, 40395, 32445
9375.5, 964, -3486, -9807, 2948, 117107, 18204, 37971, 32445
9379.2, 1589, -3486, -9807, 2948, 117107, 18204, 37971, 32433
9381.5, 878, -3486, -9807, 2948, 117107, 18204, 37971, 32433
9385.8, 1396, -3514, -8686, 2542, 119561, 14087, 39445, 32433
9389.5, 1390, -3514, -8686, 2542, 119561, 14087, 39445, 32452
9391.8, 170, -3514, -8686, 2542, 119561, 14087, 39445, 32452
9397.6, 1655, -3364, -10314, 3543, 119837, 11471, 42936, 32452
9401.3, 1374, -3364, -10314, 3543, 119837, 11471, 42936, 32473
9405.6, 1006, -3370, -9089, 3334, 122230, 12210, 46603, 32473
9409.3, 1666, -3370, -9089, 3334, 122230, 12210, 46603, 32390
9413.6, 975, -3370, -9089, 3334, 123551, 14923, 49630, 32390
9417.3, 1190, -3370, -9089, 3334, 123551, 14923, 49630, 32458
9421.1, 1882, -3370, -9089, 3334, 123551, 14923, 49630, 32508
9425.3, 1469, -3900, -8519, 2398, 125485, 17194, 51144, 32508
9429.0, 1141, -3900, -8519, 2398, 125485, 17194, 51144, 32433
9433.2, 1391, -3900, -8519, 2398, 129725, 18458, 53130, 32433
9437.0, 1453, -3900, -8519, 2398, 129725, 18458, 53130, 32458
9440.7, 1857, -3900, -8519, 2398, 129725, 18458, 53130, 32451
9445.0, 1600, -4135, -9839, 5195, 132057, 17863, 54964, 32451
9448.7, 1999, -4135, -9839, 5195, 132057, 17863, 54964, 32457
9453.0, 678, -4135, -9839, 5195, 131807, 17565, 56635, 32457
9456.7, 1244, -4135, -9839, 5195, 131807, 17565, 56635, 32449
9459.0, 209, -4135, -9839, 5195, 131807, 17565, 56635, 32449
9464.8, 1550, -4315, -8979, 5231, 132875, 21070, 58122, 32446
9468.5, 1893, -4315, -8979, 5231, 132875, 21070, 58122, 32449
9472.7, 1252, -4315, -8979, 5231, 132608, 23655, 57519, 32449
9476.4, 1225, -4315, -8979, 5231, 132608, 23655, 57519, 32437
9478.7, 624, -4315, -8979, 5231, 132608, 23655, 57519, 32437
9484.4, 1446, -4432, -8578, 5166, 135334, 23533, 56622, 32457
9488.1, 1242, -4432, -8578, 5166, 135334, 23533, 56622, 32468
9493.8, 1767, -4432, -8578, 5166, 135999, 23800, 55799, 32464
9496.1, 1008, -4432, -8578, 5166, 135999, 23800, 55799, 32464
9498.3, 357, -4432, -8578, 5166, 135999, 23800, 55799, 32464
9504.1, 1753, -4400, -8521, 4747, 136309, 26819, 55777, 32485
9506.3, 805, -4400, -8521, 4747, 136309, 26819, 55777, 32485
9510.6, 1566, -4611, -7944, 4952, 136309, 26819, 55777, 32485
9514.3, 1939, -4611, -7944, 4952, 136309, 26819, 55777, 32496
9516.6, 626, -4611, -7944, 4952, 136309, 26819, 55777, 32496
9520.9, 1109, -4630, -7990, 5484, 136174, 28267, 55961, 32496
9524.7, 1699, -4630, -7990, 5484, 136174, 28267, 55961, 32506
9526.9, 771, -4630, -7990, 5484, 136174, 28267, 55961, 32506
9532.6, 1544, -4482, -7648, 6132, 137167, 26858, 54968, 32521
9536.4, 1169, -4482, -7648, 6132, 137167, 26858, 54968, 32534
9540.6, 1095, -4228, -7403, 7008, 137022, 20182, 54233, 32534
9544.4, 1847, -4228, -7403, 7008, 137022, 20182, 54233, 32539
9546.7, 1092, -4228, -7403, 7008, 137022, 20182, 54233, 32539
9550.9, 1349, -3643, -6873, 7755, 136287, 8487, 54504, 32539
9554.7, 1747, -3643, -6873, 7755, 136287, 8487, 54504, 32596
9558.9, 1149, -3175, -6321, 8276, 135565, -8299, 57488, 32596
9562.7, 1385, -3175, -6321, 8276, 135565, -8299, 57488, 32568
9566.5, 1399, -3175, -6321, 8276, 135565, -8299, 57488, 32600
9570.7, 998, -2935, -5730, 5916, 134415, -21647, 76301, 32600
9574.5, 2228, -2935, -5730, 5916, 134415, -21647, 76301, 32611
9578.7, 1341, -3297, -5342, 5347, 138842, -22619, 76301, 32611
9582.5, 1141, -3297, -5342, 5347, 138842, -22619, 76301, 32610
9586.2, 1339, -3297, -5342, 5347, 138842, -22619, 76301, 32619
9590.5, 1165, -3948, -5312, 5211, 140081, -12805, 91329, 32619
9594.3, 1865, -3948, -5312, 5211, 140081, -12805, 91329, 32617
9598.5, 989, -4539, -5706, 6142, 141262, 2699, 91329, 32617
9602.3, 1394, -4539, -5706, 6142, 141262, 2699, 91329, 32618
9606.0, 1771, -4539, -5706, 6142, 141262, 2699, 91329, 32659
9610.3, 1571, -5100, -5799, 6391, 142587, 14752, 85467, 32659
9614.1, 1561, -5100, -5799, 6391, 142587, 14752, 85467, 32633
9618.3, 1491, -5337, -5398, 7786, 143217, 14752, 85467, 32633
9622.0, 860, -5337, -5398, 7786, 143217, 14752, 85467, 32619
9625.8, 1858, -5337, -5398, 7786, 143217, 14752, 85467, 32632
9630.1, 1828, -5379, -3827, 7524, 143178, -7306, 85681, 32632
9633.9, 1897, -5379, -3827, 7524, 143178, -7306, 85681, 32642
9638.1, 943, -5502, -3098, 6424, 142972, -7306, 85681, 32642
9641.8, 1203, -5502, -3098, 6424, 142972, -7306, 85681, 32658
9645.6, 1905, -5502, -3098, 6424, 142972, -7306, 85681, 32593
9649.9, 1211, -5712, -4576, 8657, 143239, -15076, 91075, 32593
9653.7, 761, -5712, -4576, 8657, 143239, -15076, 91075, 32657
9657.9, 1401, -5548, -2734, 6071, 143239, -15076, 91075, 32657
9661.6, 1723, -5548, -2734, 6071, 143239, -15076, 91075, 32618
9665.9, 982, -5813, -4372, 7740, 143301, -15203, 87742, 32618
9669.6, 1621, -5813, -4372, 7740, 143301, -15203, 87742, 32615
9671.9, 604, -5813, -4372, 7740, 143301, -15203, 87742, 32615
9677.6, 1977, -5758, -1791, 5691, 143336, -12040, 85690, 32610
9681.3, 1829, -5758, -1791, 5691, 143336, -12040, 85690, 32610
9685.6, 1106, -6104, -6129, 9253, 143344, -7634, 86315, 32610
9689.4, 1439, -6104, -6129, 9253, 143344, -7634, 86315, 32636
9691.6, 348, -6104, -6129, 9253, 143344, -7634, 86315, 32636
9695.9, 1335, -5843, -3314, 8630, 143344, -6978, 86556, 32636
9699.6, 1964, -5843, -3314, 8630, 143344, -6978, 86556, 32614
9701.9, 1108, -5843, -3314, 8630, 143344, -6978, 86556, 32614
9707.6, 1116, -5672, -2678, 7810, 143344, -13466, 86893, 32611
9711.3, 1882, -5672, -2678, 7810, 143344, -13466, 86893, 32619
9715.6, 1590, -5738, -2818, 8013, 143344, -16808, 88310, 32619
9719.4, 1363, -5738, -2818, 8013, 143344, -16808, 88310, 32616
9721.7, 347, -5738, -2818, 8013, 143344, -16808, 88310, 32616
9725.9, 1348, -5925, -1926, 7709, 143344, -14800, 90117, 32616
9729.6, 2163, -5925, -1926, 7709, 143344, -14800, 90117, 32610
9733.8, 788, -5630, -1643, 7345, 143344, -9874, 90393, 32610
9737.6, 1648, -5630, -1643, 7345, 143344, -9874, 90393, 32626
9741.4, 1625, -5630, -1643, 7345, 143344, -9874, 90393, 32600
9745.6, 1274, -5912, -1712, 7624, 143344, -7507, 88980, 32600
9749.4, 1671, -5912, -1712, 7624, 143344, -7507, 88980, 32594
9753.6, 1534, -5736, -1625, 8024, 143344, -6098, 87448, 32594
9757.3, 1409, -5736, -1625, 8024, 143344, -6098, 87448, 32588
9761.1, 1796, -5736, -1625, 8024, 143344, -6098, 87448, 32599
9765.3, 1097, -5691, -1743, 7837, 143344, -9262, 84928, 32599
9769.1, 871, -5691, -1743, 7837, 143344, -9262, 84928, 32593
9773.3, 945, -5732, -1493, 8231, 143344, -8553, 84920, 32593
9777.0, 1985, -5732, -1493, 8231, 143344, -8553, 84920, 32630
9780.7, 1696, -5732, -1493, 8231, 143344, -8553, 84920, 32607
9785.0, 2349, -5653, -830, 7753, 143344, -5241, 86587, 32607
9788.7, 1517, -5653, -830, 7753, 143344, -5241, 86587, 32590
9792.9, 782, -5474, 177, 8138, 143344, -5363, 85733, 32590
9796.7, 1414, -5474, 177, 8138, 143344, -5363, 85733, 32602
9799.0, 113, -5474, 177, 8138, 143344, -5363, 85733, 32602
9804.8, 1352, -5432, -880, 8417, 143344, -8382, 84097, 32585
9808.5, 2014, -5432, -880, 8417, 143344, -8382, 84097, 32587
9812.7, 1254, -5152, 673, 7882, 143344, -11182, 85152, 32587
9816.5, 1197, -5152, 673, 7882, 143344, -11182, 85152, 32537
9818.8, 198, -5152, 673, 7882, 143344, -11182, 85152, 32537
9824.5, 2140, -5029, 159, 7616, 143344, -14288, 89531, 32586
9826.8, 1083, -5029, 159, 7616, 143344, -14288, 89531, 32586
9832.6, 1592, -5178, 163, 7677, 143344, -10854, 91469, 32583
9836.3, 1210, -5178, 163, 7677, 143344, -10854, 91469, 32578
9840.6, 696, -5336, 353, 7705, 143344, -4519, 91277, 32578
9844.3, 2487, -5336, 353, 7705, 143344, -4519, 91277, 32609
9846.6, 2152, -5336, 353, 7705, 143344, -4519, 91277, 32609
9850.9, 1389, -5154, 865, 7864, 143344, 1977, 89964, 32609
9854.7, 1448, -5154, 865, 7864, 143344, 1977, 89964, 32588
9857.0, 669, -5154, 865, 7864, 143344, 1977, 89964, 32588
9862.7, 1180, -5111, 1208, 8050, 143344, 1373, 86709, 32582
9866.4, 1100, -5111, 1208, 8050, 143344, 1373, 86709, 32602
9870.7, 1490, -5020, 1775, 7704, 143344, -3163, 82754, 32602
9874.5, 1079, -5020, 1775, 7704, 143344, -3163, 82754, 32606
9876.7, 188, -5020, 1775, 7704, 143344, -3163, 82754, 32606
9881.0, 2248, -4996, 2283, 7105, 143344, -3351, 80763, 32606
9884.7, 1605, -4996, 2283, 7105, 143344, -3351, 80763, 32571
9888.9, 1012, -4995, 2242, 7247, 143344, -1395, 80916, 32571
9892.7, 1328, -4995, 2242, 7247, 143344, -1395, 80916, 32579
9896.4, 1722, -4995, 2242, 7247, 143344, -1395, 80916, 32569
9900.7, 1794, -4977, 2269, 6495, 143344, 2196, 80741, 32569
9904.5, 935, -4977, 2269, 6495, 143344, 2196, 80741, 32574
9908.7, 1309, -5359, 2139, 6105, 143344, 9139, 78094, 32574
9912.5, 1078, -5359, 2139, 6105, 143344, 9139, 78094, 32564
9916.3, 1594, -5359, 2139, 6105, 143344, 9139, 78094, 32562
9920.5, 1848, -5208, 2252, 7156, 143344, 13711, 71261, 32562
9924.3, 1344, -5208, 2252, 7156, 143344, 13711, 71261, 32523
9928.5, 957, -4623, 2845, 7525, 142885, 13842, 61946, 32523
9932.3, 1272, -4623, 2845, 7525, 142885, 13842, 61946, 32564
9936.0, 2255, -4623, 2845, 7525, 142885, 13842, 61946, 32572
9940.2, 1299, -4800, 3521, 7335, 137998, 11882, 57094, 32572
9944.0, 1336, -4800, 3521, 7335, 137998, 11882, 57094, 32589
9948.2, 811, -4808, 3808, 7215, 134025, 4278, 59360, 32589
9951.9, 1767, -4808, 3808, 7215, 134025, 4278, 59360, 32588
9955.6, 1532, -4808, 3808, 7215, 134025, 4278, 59360, 32593
9959.9, 658, -4820, 3790, 5567, 130661, -3513, 63289, 32593
9963.6, 2122, -4820, 3790, 5567, 130661, -3513, 63289, 32560
9967.9, 1291, -5161, 3578, 4563, 127310, -2248, 64269, 32560
9971.6, 1431, -5161, 3578, 4563, 127310, -2248, 64269, 32591
9973.9, 405, -5161, 3578, 4563, 127310, -2248, 64269, 32591
9979.6, 1431, -5364, 2991, 4579, 126146, 5236, 54894, 32599
9981.9, 1176, -5364, 2991, 4579, 126146, 5236, 54894, 32599
9987.6, 1947, -5790, 3268, 4939, 127892, 11318, 38290, 32605
9991.3, 1377, -5790, 3268, 4939, 127892, 11318, 38290, 32618
9995.6, 990, -5790, 3268, 5795, 127962, 9353, 24040, 32618
9999.3, 1600, -5790, 3268, 5795, 127962, 9353, 24040, 32610
10001.6, 678, -5790, 3268, 5795, 127962, 9353, 24040, 32610
10005.8, 1170, -4947, 4086, 6363, 125813, -118, 17403, 32610
10009.5, 1882, -4947, 4086, 6363, 125813, -118, 17403, 32558
10011.8, 1318, -4947, 4086, 6363, 125813, -118, 17403, 32558
10016.0, 1676, -3881, 4467, 6649, 121355, -11611, 16660, 32558
10019.7, 1696, -3881, 4467, 6649, 121355, -11611, 16660, 32625
10022.0, 755, -3881, 4467, 6649, 121355, -11611, 16660, 32625
10027.7, 1751, -2834, 4907, 6212, 118048, -22129, 17727, 32628
10031.4, 1582, -2834, 4907, 6212, 118048, -22129, 17727, 32642
10035.7, 1774, -2003, 5530, 3461, 109744, -17329, 20234, 32642
10039.5, 1485, -2003, 5530, 3461, 109744, -17329, 20234, 32621
10041.8, 553, -2003, 5530, 3461, 109744, -17329, 20234, 32621
10046.0, 1507, -2459, 5819, 4230, 104257, 1076, 24692, 32621
10049.8, 1684, -2459, 5819, 4230, 104257, 1076, 24692, 32664
10054.1, 1334, -2459, 5819, 4230, 107845, 5761, 31128, 32664
10057.8, 1725, -2459, 5819, 4230, 107845, 5761, 31128, 32678
10061.6, 1024, -2459, 5819, 4230, 107845, 5761, 31128, 32686
10065.8, 1268, -4057, 5607, 4471, 104415, 5958, 40683, 32686
10069.5, 2029, -4057, 5607, 4471, 104415, 5958, 40683, 32731
10073.7, 1100, -4057, 5607, 4471, 104415, 12517, 50440, 32731
10077.5, 1427, -4057, 5607, 4471, 104415, 12517, 50440, 32718
10081.2, 1326, -4057, 5607, 4471, 104415, 12517, 50440, 32730
10085.5, 1134, -4802, 4960, 6146, 91736, 10990, 49902, 32730
10089.2, 1540, -4802, 4960, 6146, 91736, 10990, 49902, 32726
10093.4, 1202, -4802, 4960, 6146, 91736, -4046, 38470, 32726
10097.1, 1565, -4802, 4960, 6146, 91736, -4046, 38470, 32710
10100.9, 1199, -4802, 4960, 6146, 91736, -4046, 38470, 32747
10105.1, 970, -4130, 7079, 5958, 78038, -20046, 28000, 32747
10108.8, 1538, -4130, 7079, 5958, 78038, -20046, 28000, 32786
10113.1, 1026, -4130, 7079, 5958, 78038, -53108, 3972, 32786
10116.8, 1719, -4130, 7079, 5958, 78038, -53108, 3972, 32781
10119.1, 1352, -4130, 7079, 5958, 78038, -53108, 3972, 32781
10124.9, 1211, -4247, 7623, 2401, 107246, -32209, -2716, 32907
10128.6, 1301, -4247, 7623, 2401, 107246, -32209, -2716, 32970
10132.9, 934, -4247, 7623, 2401, 99651, -376, -6706, 32970
10136.7, 1181, -4247, 7623, 2401, 99651, -376, -6706, 33028
10142.4, 1632, -4737, 5992, 3912, 99651, -376, -6706, 33121
10146.1, 1212, -4737, 5992, 3912, 99651, -376, -6706, 33156
10148.4, 221, -4737, 5992, 3912, 99651, -376, -6706, 33156
10154.2, 1302, -4731, 5961, 4705, 94615, -1671, -3110, 33168
10156.4, 50, -4731, 5961, 4705, 94615, -1671, -3110, 33168
10160.7, 1073, -2669, 5386, 4508, 94615, -1671, -3110, 33168
10164.4, 1082, -2669, 5386, 4508, 94615, -1671, -3110, 33205
10166.7, 47, -2669, 5386, 4508, 94615, -1671, -3110, 33205
10172.5, 1161, -3664, 6748, 5148, 105067, -2467, -12547, 33124
10176.3, 1277, -3664, 6748, 5148, 105067, -2467, -12547, 33118
10180.5, 891, -4114, 8230, 4610, 100359, -12333, -12162, 33118
10184.3, 1437, -4114, 8230, 4610, 100359, -12333, -12162, 33017
10186.6, 101, -4114, 8230, 4610, 100359, -12333, -12162, 33017
10190.8, 629, -3581, 7696, 3261, 95188, -7319, -5613, 33017
10194.6, 1396, -3581, 7696, 3261, 95188, -7319, -5613, 32864
10196.8, 475, -3581, 7696, 3261, 95188, -7319, -5613, 32864
10202.6, 1365, -3486, 7802, 3434, 88695, -6383, 3705, 32006
10206.3, 1284, -3486, 7802, 3434, 88695, -6383, 3705, 31999
10210.6, 725, -4051, 8577, 1615, 76804, -10053, 13151, 31999
10214.4, 1686, -4051, 8577, 1615, 76804, -10053, 13151, 32021
10218.6, 1380, -4490, 7548, 2973, 65621, -11755, 15133, 32021
10222.3, 1184, -4490, 7548, 2973, 65621, -11755, 15133, 32042
10226.1, 1401, -4490, 7548, 2973, 65621, -11755, 15133, 32036
10230.3, 1319, -4421, 7361, 3623, 67292, -13168, 18397, 32036
10234.1, 1365, -4421, 7361, 3623, 67292, -13168, 18397, 32078
10238.3, 1642, -4134, 8121, 3640, 63657, -18475, 18454, 32078
10242.0, 1466, -4134, 8121, 3640, 63657, -18475, 18454, 32100
10245.7, 1306, -4134, 8121, 3640, 63657, -18475, 18454, 32110
10250.0, 1166, -4006, 8609, 3479, 58004, -19434, 16511, 32110
10253.7, 1210, -4006, 8609, 3479, 58004, -19434, 16511, 32134
10257.9, 1512, -4304, 8585, 3747, 53489, -23161, 13396, 32134
10261.7, 1404, -4304, 8585, 3747, 53489, -23161, 13396, 32126
10264.0, 48, -4304, 8585, 3747, 53489, -23161, 13396, 32126
10269.8, 1277, -4241, 8218, 2723, 43536, -21197, 12919, 32119
10273.5, 1269, -4241, 8218, 2723, 43536, -21197, 12919, 32133
10277.7, 1300, -4406, 7978, 2563, 32449, -15640, 13597, 32133
10281.5, 1155, -4406, 7978, 2563, 32449, -15640, 13597, 32142
10283.8, 34, -4406, 7978, 2563, 32449, -15640, 13597, 32142
10289.6, 1434, -4121, 8221, 2643, 21809, -9878, 14118, 32145
10293.3, 1260, -4121, 8221, 2643, 21809, -9878, 14118, 32153
10299.1, 1243, -4192, 8260, 3078, 9997, -4843, 15540, 32157
10302.8, 1191, -4192, 8260, 3078, 9997, -4843, 15540, 32163
10308.5, 1269, -4363, 8170, 3367, 559, -2476, 15850, 32163
10310.7, 35, -4363, 8170, 3367, 559, -2476, 15850, 32163
10313.0, 9, -4363, 8170, 3367, 559, -2476, 15850, 32163
10318.7, 1321, -4664, 8070, 3506, -9585, -2379, 13825, 32180
10320.9, 37, -4664, 8070, 3506, -9585, -2379, 13825, 32180
10325.2, 1071, -4681, 7865, 3403, -19604, -4116, 11432, 32180
10329.0, 1182, -4681, 7865, 3403, -19604, -4116, 11432, 32172
10331.2, 31, -4681, 7865, 3403, -19604, -4116, 11432, 32172
10335.5, 1208, -4639, 7660, 3085, -28993, -6453, 10981, 32172
10339.2, 1211, -4639, 7660, 3085, -28993, -6453, 10981, 32175
10341.5, 30, -4639, 7660, 3085, -28993, -6453, 10981, 32175
10345.7, 1273, -4710, 7336, 2857, -39983, -9997, 11436, 32175
10349.4, 1233, -4710, 7336, 2857, -39983, -9997, 11436, 32183
10351.7, 35, -4710, 7336, 2857, -39983, -9997, 11436, 32183
10355.9, 1084, -4960, 7586, 3227, -50203, -11795, 12075, 32183
10359.6, 1177, -4960, 7586, 3227, -50203, -11795, 12075, 32190
10361.9, 33, -4960, 7586, 3227, -50203, -11795, 12075, 32190
10367.6, 1322, -4336, 7467, 3663, -60179, -14411, 15107, 32190
10371.3, 1185, -4336, 7467, 3663, -60179, -14411, 15107, 32205
10375.6, 1180, -4130, 7696, 3554, -68657, -17666, 17627, 32205
10379.4, 1208, -4130, 7696, 3554, -68657, -17666, 17627, 32220
10383.6, 1073, -3641, 8033, 3278, -76826, -23152, 20641, 32220
10387.3, 1208, -3641, 8033, 3278, -76826, -23152, 20641, 32228
10391.1, 1248, -3641, 8033, 3278, -76826, -23152, 20641, 32242
10395.3, 1184, -3547, 7794, 3486, -87020, -26845, 21341, 32242
10399.1, 1226, -3547, 7794, 3486, -87020, -26845, 21341, 32254
10403.3, 1132, -3558, 7586, 3911, -99362, -32143, 18580, 32254
10407.0, 1198, -3558, 7586, 3911, -99362, -32143, 18580, 32262
10410.8, 1180, -3558, 7586, 3911, -99362, -32143, 18580, 32278
10415.0, 1193, -3373, 7233, 3651, -108786, -37664, 15120, 32278
10418.7, 1180, -3373, 7233, 3651, -108786, -37664, 15120, 32308
10422.9, 1095, -2816, 7579, 3838, -113191, -42897, 10823, 32308
10426.6, 1137, -2816, 7579, 3838, -113191, -42897, 10823, 32309
10428.9, 30, -2816, 7579, 3838, -113191, -42897, 10823, 32309
10434.7, 1179, -2135, 8425, 3181, -113134, -42149, 9345, 32350
10438.4, 1162, -2135, 8425, 3181, -113134, -42149, 9345, 32336
10444.1, 1222, -1526, 7735, 2769, -103531, -35088, 11187, 32342
10447.8, 1212, -1526, 7735, 2769, -103531, -35088, 11187, 32344
10453.5, 1175, -830, 8041, 3047, -91294, -23782, 15474, 32349
10457.3, 1179, -830, 8041, 3047, -91294, -23782, 15474, 32345
10463.0, 1251, -52, 7715, 2426, -89649, -12005, 14297, 32324
10466.7, 1071, -52, 7715, 2426, -89649, -12005, 14297, 32340
10472.5, 1260, -571, 7971, 2440, -82526, 3495, -4694, 32330
10476.2, 1084, -571, 7971, 2440, -82526, 3495, -4694, 32318
10478.5, 30, -571, 7971, 2440, -82526, 3495, -4694, 32318
10484.2, 1236, -1720, 8599, 2543, -78453, 33316, -28297, 32260
10486.5, 32, -1720, 8599, 2543, -78453, 33316, -28297, 32260
10490.8, 974, -2756, 8224, 3544, -79709, 67874, -40355, 32260
10494.6, 1135, -2756, 8224, 3544, -79709, 67874, -40355, 32249
10496.9, 29, -2756, 8224, 3544, -79709, 67874, -40355, 32249
10502.6, 1087, -3749, 8042, 4374, -84150, 86818, -42495, 32182
10506.3, 1034, -3749, 8042, 4374, -84150, 86818, -42495, 32107
10510.6, 544, -4095, 7070, 5257, -94724, 84845, -38723, 32107
10514.4, 1060, -4095, 7070, 5257, -94724, 84845, -38723, 32029
10516.6, 30, -4095, 7070, 5257, -94724, 84845, -38723, 32029
10520.9, 943, -4083, 6784, 5114, -101191, 71689, -36540, 32029
10524.6, 1079, -4083, 6784, 5114, -101191, 71689, -36540, 31967
10528.9, 799, -4253, 7346, 5163, -116464, 61264, -34361, 31967
10532.6, 940, -4253, 7346, 5163, -116464, 61264, -34361, 31898
10536.3, 954, -4253, 7346, 5163, -116464, 61264, -34361, 31839
10540.6, 620, -4887, 7001, 5285, -118818, 48427, -26806, 31839
10544.4, 987, -4887, 7001, 5285, -118818, 48427, -26806, 31792
10548.6, 632, -5268, 5751, 5018, -118017, 35333, -27488, 31792
10552.3, 942, -5268, 5751, 5018, -118017, 35333, -27488, 31802
10556.1, 1109, -5268, 5751, 5018, -118017, 35333, -27488, 31853
10560.3, 858, -4630, 5898, 4547, -121955, 31408, -40145, 31853
10564.1, 1115, -4630, 5898, 4547, -121955, 31408, -40145, 31940
10568.3, 784, -4473, 5207, 5016, -129340, 38093, -54719, 31940
10572.0, 930, -4473, 5207, 5016, -129340, 38093, -54719, 32034
10575.7, 1013, -4473, 5207, 5016, -129340, 38093, -54719, 32035
10580.0, 782, -4407, 5123, 5589, -134305, 45850, -64072, 32035
10583.7, 1015, -4407, 5123, 5589, -134305, 45850, -64072, 32130
10587.9, 790, -4213, 5283, 6381, -138576, 40876, -65481, 32130
10591.7, 938, -4213, 5283, 6381, -138576, 40876, -65481, 32160
10594.0, 29, -4213, 5283, 6381, -138576, 40876, -65481, 32160
10599.8, 1008, -4009, 5553, 5571, -141262, 24889, -63429, 32157
10603.5, 963, -4009, 5553, 5571, -141262, 24889, -63429, 32181
10607.7, 873, -3939, 5429, 5329, -141909, 14442, -61517, 32181
10611.5, 941, -3939, 5429, 5329, -141909, 14442, -61517, 32187
10613.8, 28, -3939, 5429, 5329, -141909, 14442, -61517, 32187
10619.6, 945, -3817, 4992, 5249, -141428, 13781, -60502, 32153
10623.3, 1121, -3817, 4992, 5249, -141428, 13781, -60502, 32258
10629.0, 1458, -4156, 4411, 5129, -142242, 23380, -57575, 32343
10631.3, 287, -4156, 4411, 5129, -142242, 23380, -57575, 32343
10633.5, 318, -4156, 4411, 5129, -142242, 23380, -57575, 32343
10639.2, 1061, -4464, 3260, 6467, -143161, 35074, -55887, 32431
10641.5, 32, -4464, 3260, 6467, -143161, 35074, -55887, 32431
10645.7, 805, -4464, 3260, 6467, -143344, 38609, -60205, 32431
10649.5, 1175, -4464, 3260, 6467, -143344, 38609, -60205, 32497
10651.7, 41, -4464, 3260, 6467, -143344, 38609, -60205, 32497
10655.9, 710, -5013, 2930, 6488, -143344, 33062, -64037, 32497
10659.6, 1123, -5013, 2930, 6488, -143344, 33062, -64037, 32532
10661.9, 40, -5013, 2930, 6488, -143344, 33062, -64037, 32532
10667.6, 1221, -5051, 2686, 7439, -143344, 10955, -64037, 32511
10671.3, 993, -5051, 2686, 7439, -143344, 10955, -64037, 32602
10675.5, 898, -5051, 2686, 7439, -143344, -14109, -66081, 32602
10679.3, 1151, -5051, 2686, 7439, -143344, -14109, -66081, 32637
10681.5, 238, -5051, 2686, 7439, -143344, -14109, -66081, 32637
10685.8, 707, -4993, 3220, 5615, -143344, -19928, -66693, 32637
10689.6, 1110, -4993, 3220, 5615, -143344, -19928, -66693, 32660
10693.8, 1546, -4993, 3220, 5615, -143344, -19928, -66693, 32660
10697.5, 1203, -4993, 3220, 5615, -143344, -19928, -66693, 32654
10701.3, 1067, -4993, 3220, 5615, -143344, -19928, -66693, 32686
10705.5, 938, -5625, 1554, 7377, -143344, -2611, -69799, 32686
10709.3, 1332, -5625, 1554, 7377, -143344, -2611, -69799, 32686
10713.5, 886, -5625, 1554, 7377, -143344, -2611, -69799, 32686
10717.2, 1240, -5625, 1554, 7377, -143344, -2611, -69799, 32692
10721.0, 1147, -5625, 1554, 7377, -143344, -2611, -69799, 32725
10725.3, 847, -4990, 506, 7604, -143344, -10915, -77845, 32725
10729.0, 1310, -4990, 506, 7604, -143344, -10915, -77845, 32712
10733.3, 1098, -4990, 506, 7604, -143344, -10915, -77845, 32712
10737.3, 1177, -4990, 506, 7604, -143344, -10915, -77845, 32726
10741.1, 1179, -4990, 506, 7604, -143344, -10915, -77845, 32705
10745.3, 814, -4939, 689, 6566, -143344, -25060, -78655, 32705
10749.0, 1630, -4939, 689, 6566, -143344, -25060, -78655, 32732
10753.2, 1413, -4939, 689, 6566, -143344, -25060, -78655, 32732
10757.0, 1402, -4939, 689, 6566, -143344, -25060, -78655, 32743
10760.8, 1224, -4939, 689, 6566, -143344, -25060, -78655, 32750
10765.0, 877, -4925, -242, 7274, -143344, -11607, -66544, 32750
10768.8, 1330, -4925, -242, 7274, -143344, -11607, -66544, 31792
10773.0, 762, -4925, -242, 7274, -143344, -11607, -66544, 31792
10776.7, 1376, -4925, -242, 7274, -143344, -11607, -66544, 32749
10779.0, 1169, -4925, -242, 7274, -143344, -11607, -66544, 32749
10784.8, 1457, -4954, -1343, 8367, -143344, -2051, -72656, 32818
10788.5, 1624, -4954, -1343, 8367, -143344, -2051, -72656, 32817
10792.8, 1265, -4954, -1343, 8367, -143344, -2051, -72656, 32817
10796.5, 1347, -4954, -1343, 8367, -143344, -2051, -72656, 32825
10800.8, 904, -5526, -1060, 9547, -143344, -10032, -79538, 32825
10804.5, 1318, -5526, -1060, 9547, -143344, -10032, -79538, 32860
10806.8, 460, -5526, -1060, 9547, -143344, -10032, -79538, 32860
10811.0, 1124, -6042, -1112, 6874, -143344, -15006, -81450, 32860
10814.8, 1348, -6042, -1112, 6874, -143344, -15006, -81450, 32830
10817.0, 256, -6042, -1112, 6874, -143344, -15006, -81450, 32830
10822.8, 1603, -5587, -1972, 6973, -143344, -12232, -78628, 32836
10826.5, 1355, -5587, -1972, 6973, -143344, -12232, -78628, 32829
10830.8, 998, -4721, -2519, 6826, -143344, -8990, -82050, 32829
10834.5, 1255, -4721, -2519, 6826, -143344, -8990, -82050, 32845
10836.8, 102, -4721, -2519, 6826, -143344, -8990, -82050, 32845
10841.0, 956, -4262, -2590, 6906, -143200, 1627, -88030, 32845
10844.7, 2082, -4262, -2590, 6906, -143200, 1627, -88030, 32857
10849.0, 1513, -4272, -2867, 6286, -143305, 15163, -89089, 32857
10852.8, 1618, -4272, -2867, 6286, -143305, 15163, -89089, 32890
10856.5, 1331, -4272, -2867, 6286, -143305, 15163, -89089, 32864
10860.8, 1110, -4750, -2799, 10055, -142202, 14140, -87851, 32864
10864.5, 1551, -4750, -2799, 10055, -142202, 14140, -87851, 32869
10868.7, 1562, -5727, -2362, 9113, -142741, 2528, -85187, 32869
10872.5, 1494, -5727, -2362, 9113, -142741, 2528, -85187, 32870
10876.3, 1353, -5727, -2362, 9113, -142741, 2528, -85187, 32872
10880.5, 1064, -6320, -2657, 7852, -143156, -4138, -81437, 32872
10884.3, 1537, -6320, -2657, 7852, -143156, -4138, -81437, 32870
10888.5, 1110, -5800, -3630, 8124, -142399, -10522, -82452, 32870
10892.3, 1539, -5800, -3630, 8124, -142399, -10522, -82452, 32896
10896.0, 1510, -5800, -3630, 8124, -142399, -10522, -82452, 32880
10900.3, 891, -4999, -3607, 6574, -142977, -13195, -90314, 32880
10904.1, 1425, -4999, -3607, 6574, -142977, -13195, -90314, 32885
10908.3, 1381, -4472, -3488, 6778, -143257, -5967, -94409, 32885
10912.1, 1514, -4472, -3488, 6778, -143257, -5967, -94409, 32856
10915.8, 1623, -4472, -3488, 6778, -143257, -5967, -94409, 32899
10920.1, 1359, -4532, -3451, 7412, -141743, 3447, -90047, 32899
10923.8, 1344, -4532, -3451, 7412, -141743, 3447, -90047, 32888
10928.1, 1442, -5212, -3642, 7794, -138471, 10360, -80553, 32888
10931.8, 1821, -5212, -3642, 7794, -138471, 10360, -80553, 32894
10935.6, 1645, -5212, -3642, 7794, -138471, 10360, -80553, 32792
10939.8, 1408, -5788, -4155, 7679, -140754, 14857, -72306, 32792
10943.6, 1440, -5788, -4155, 7679, -140754, 14857, -72306, 32908
10947.8, 1266, -6118, -4796, 9129, -138799, 8286, -73326, 32908
10951.5, 1648, -6118, -4796, 9129, -138799, 8286, -73326, 32895
10955.8, 1312, -6489, -5333, 6983, -137609, 1159, -79516, 32895
10959.6, 1432, -6489, -5333, 6983, -137609, 1159, -79516, 32888
10961.9, 346, -6489, -5333, 6983, -137609, 1159, -79516, 32888
10967.6, 1456, -6104, -6022, 6863, -138287, 5783, -83480, 32886
10971.3, 1642, -6104, -6022, 6863, -138287, 5783, -83480, 32899
10975.6, 1664, -4906, -6218, 8165, -135837, 5582, -89461, 32899
10979.4, 1509, -4906, -6218, 8165, -135837, 5582, -89461, 32899
10981.6, 446, -4906, -6218, 8165, -135837, 5582, -89461, 32899
10985.9, 1268, -3999, -5520, 8031, -136038, -3228, -92987, 32899
10989.6, 1795, -3999, -5520, 8031, -136038, -3228, -92987, 32911
10991.9, 840, -3999, -5520, 8031, -136038, -3228, -92987, 32911
10997.6, 1711, -3769, -4794, 7362, -135876, -7791, -85467, 32932
11001.3, 1479, -3769, -4794, 7362, -135876, -7791, -85467, 32902
11005.6, 1155, -4320, -4926, 7539, -136025, -9962, -71339, 32902
11009.4, 1898, -4320, -4926, 7539, -136025, -9962, -71339, 32910
11011.6, 1199, -4320, -4926, 7539, -136025, -9962, -71339, 32910
11015.9, 1589, -5305, -5768, 8042, -133067, -10294, -59015, 32910
11019.6, 1587, -5305, -5768, 8042, -133067, -10294, -59015, 32917
11023.8, 1109, -5723, -6963, 6256, -133234, -3285, -53104, 32917
11027.6, 1375, -5723, -6963, 6256, -133234, -3285, -53104, 32921
11031.3, 1297, -5723, -6963, 6256, -133234, -3285, -53104, 32923
11035.6, 1529, -5431, -8071, 6070, -135535, 7131, -57116, 32923
11039.4, 1523, -5431, -8071, 6070, -135535, 7131, -57116, 32925
11043.6, 1475, -4974, -7829, 6722, -136524, 6243, -69996, 32925
11047.3, 1914, -4974, -7829, 6722, -136524, 6243, -69996, 32867
11051.1, 1435, -4974, -7829, 6722, -136524, 6243, -69996, 32951
11055.4, 1399, -4516, -7120, 6487, -139346, 231, -80706, 32951
11059.2, 1850, -4516, -7120, 6487, -139346, 231, -80706, 32935
11063.4, 1359, -4454, -5943, 8210, -136690, -8093, -79543, 32935
11067.2, 1711, -4454, -5943, 8210, -136690, -8093, -79543, 32943
11070.9, 1941, -4454, -5943, 8210, -136690, -8093, -79543, 32944
11075.2, 1361, -4498, -5909, 6200, -137175, -15251, -67192, 32944
11079.0, 1375, -4498, -5909, 6200, -137175, -15251, -67192, 32951
11083.2, 1150, -4832, -6585, 6069, -135767, -17172, -55152, 32951
11086.9, 1288, -4832, -6585, 6069, -135767, -17172, -55152, 32869
11090.7, 1701, -4832, -6585, 6069, -135767, -17172, -55152, 32973
11095.0, 1778, -5035, -7389, 5756, -129401, -17924, -52702, 32973
11098.7, 1712, -5035, -7389, 5756, -129401, -17924, -52702, 32949
11103.0, 1329, -4725, -8386, 3810, -130105, -9970, -58070, 32949
11106.7, 1483, -4725, -8386, 3810, -130105, -9970, -58070, 32956
11111.0, 1148, -4271, -9038, 5426, -128032, 2555, -64807, 32956
11114.7, 1684, -4271, -9038, 5426, -128032, 2555, -64807, 32949
11117.0, 955, -4271, -9038, 5426, -128032, 2555, -64807, 32949
11122.7, 1589, -3240, -8767, 5042, -130328, 2406, -68386, 32956
11126.4, 1632, -3240, -8767, 5042, -130328, 2406, -68386, 32922
11130.7, 900, -2730, -8141, 5818, -130464, -8085, -65437, 32922
11134.5, 1381, -2730, -8141, 5818, -130464, -8085, -65437, 32953
11136.8, 701, -2730, -8141, 5818, -130464, -8085, -65437, 32953
11141.0, 1837, -3034, -7522, 6209, -128145, -18550, -55016, 32953
11144.8, 1890, -3034, -7522, 6209, -128145, -18550, -55016, 32946
11147.0, 855, -3034, -7522, 6209, -128145, -18550, -55016, 32946
11152.8, 1522, -3960, -7598, 5467, -126177, -19154, -40723, 32939
11156.5, 1360, -3960, -7598, 5467, -126177, -19154, -40723, 32968
11160.8, 1413, -4572, -8405, 4487, -124112, -11768, -31513, 32968
11164.5, 1592, -4572, -8405, 4487, -124112, -11768, -31513, 32925
11166.8, 619, -4572, -8405, 4487, -124112, -11768, -31513, 32925
11171.0, 1519, -4308, -9148, 3748, -121211, -5376, -34401, 32925
11174.8, 1576, -4308, -9148, 3748, -121211, -5376, -34401, 32916
11179.1, 1152, -3960, -10037, 4429, -112920, -2502, -47692, 32916
11182.8, 1596, -3960, -10037, 4429, -112920, -2502, -47692, 32907
11186.6, 1555, -3960, -10037, 4429, -112920, -2502, -47692, 32920
11190.8, 1484, -3581, -9707, 3229, -112640, -157, -57453, 32920
11194.5, 1735, -3581, -9707, 3229, -112640, -157, -57453, 32893
11198.7, 1310, -3198, -9327, 4370, -113878, -2778, -56622, 32893
11202.5, 1590, -3198, -9327, 4370, -113878, -2778, -56622, 32906
11206.2, 1547, -3198, -9327, 4370, -113878, -2778, -56622, 32900
11210.5, 1229, -3261, -8169, 5285, -114591, -13168, -47793, 32900
11214.3, 1650, -3261, -8169, 5285, -114591, -13168, -47793, 32894
11218.5, 1499, -3556, -8392, 5538, -116267, -18904, -36435, 32894
11222.3, 1438, -3556, -8392, 5538, -116267, -18904, -36435, 32894
11226.1, 1607, -3556, -8392, 5538, -116267, -18904, -36435, 32900
11230.3, 1433, -3890, -9036, 5769, -119378, -20164, -30944, 32900
11234.1, 1644, -3890, -9036, 5769, -119378, -20164, -30944, 32889
11238.3, 1353, -4095, -9240, 4137, -120970, -19976, -34230, 32889
11242.0, 1521, -4095, -9240, 4137, -120970, -19976, -34230, 32912
11245.8, 1601, -4095, -9240, 4137, -120970, -19976, -34230, 32892
11250.1, 1342, -3824, -9804, 3562, -123473, -23354, -42394, 32892
11253.8, 1605, -3824, -9804, 3562, -123473, -23354, -42394, 32885
11258.0, 1150, -3681, -9299, 2746, -119382, -29177, -49871, 32885
11261.7, 1502, -3681, -9299, 2746, -119382, -29177, -49871, 32884
11265.5, 1689, -3681, -9299, 2746, -119382, -29177, -49871, 32867
11269.7, 1675, -3401, -9143, 2154, -116053, -28862, -51800, 32867
11273.5, 1562, -3401, -9143, 2154, -116053, -28862, -51800, 32860
11277.7, 850, -3253, -9080, 3489, -115348, -28459, -47583, 32860
11281.4, 1477, -3253, -9080, 3489, -115348, -28459, -47583, 32848
11285.6, 1305, -3253, -9080, 3489, -115348, -28459, -47583, 32848
11289.3, 1629, -3253, -9080, 3489, -115348, -28459, -47583, 32854
11291.6, 822, -3253, -9080, 3489, -115348, -28459, -47583, 32854
11295.8, 1333, -3306, -9162, 3483, -117129, -29610, -33985, 32854
11299.6, 1631, -3306, -9162, 3483, -117129, -29610, -33985, 32850
11301.8, 692, -3306, -9162, 3483, -117129, -29610, -33985, 32850
11306.0, 1256, -3279, -9416, 2132, -123670, -20173, -32664, 32850
11309.7, 1802, -3279, -9416, 2132, -123670, -20173, -32664, 32864
11312.0, 872, -3279, -9416, 2132, -123670, -20173, -32664, 32864
11317.7, 1547, -3049, -9711, 1598, -118831, -22549, -37669, 32765
11321.4, 1574, -3049, -9711, 1598, -118831, -22549, -37669, 32732
11325.7, 1322, -3057, -9504, 2218, -114079, -25760, -41598, 32732
11329.5, 1862, -3057, -9504, 2218, -114079, -25760, -41598, 32749
11331.7, 997, -3057, -9504, 2218, -114079, -25760, -41598, 32749
11336.0, 1238, -3120, -9818, 2121, -115554, -18042, -40583, 32749
11339.8, 1467, -3120, -9818, 2121, -115554, -18042, -40583, 32750
11344.0, 1480, -2911, -10462, 1146, -115554, -18042, -40583, 32750
11347.8, 1627, -2911, -10462, 1146, -115554, -18042, -40583, 32729
11351.5, 1684, -2911, -10462, 1146, -115554, -18042, -40583, 32729
11355.8, 1388, -2157, -11168, -177, -110229, -997, -38592, 32729
11359.5, 1795, -2157, -11168, -177, -110229, -997, -38592, 32718
11363.7, 1410, -1616, -11340, -177, -110229, -997, -38592, 32718
11367.4, 1596, -1616, -11340, -177, -110229, -997, -38592, 32692
11371.2, 1618, -1616, -11340, -177, -110229, -997, -38592, 32705
11375.5, 1281, -1077, -11030, -575, -94908, -1588, -38968, 32705
11379.3, 1673, -1077, -11030, -575, -94908, -1588, -38968, 32692
11383.5, 1195, -1100, -11204, -575, -94908, -1588, -38968, 32692
11387.3, 1574, -1100, -11204, -575, -94908, -1588, -38968, 32687
11391.0, 1669, -1100, -11204, -575, -94908, -1588, -38968, 32692
11395.3, 1642, -1172, -11221, -1240, -81275, 1028, -18834, 32692
11399.1, 1661, -1172, -11221, -1240, -81275, 1028, -18834, 32655
11403.3, 1392, -1476, -11139, -1240, -81275, 1028, -18834, 32655
11407.0, 1607, -1476, -11139, -1240, -81275, 1028, -18834, 32652
11410.8, 1639, -1476, -11139, -1240, -81275, 1028, -18834, 32644
11415.1, 1575, -1539, -10999, -131, -67236, 993, -11790, 32644
11418.9, 1653, -1539, -10999, -131, -67236, 993, -11790, 32631
11423.1, 1422, -1642, -10832, -131, -67236, 993, -11790, 32631
11426.8, 1621, -1642, -10832, -131, -67236, 993, -11790, 32625
11432.6, 1650, -1667, -10618, 62, -64462, 997, -17548, 32591
11436.3, 1619, -1667, -10618, 62, -64462, 997, -17548, 32620
11438.6, 632, -1667, -10618, 62, -64462, 997, -17548, 32620
11444.3, 1688, -1706, -10636, 431, -61762, 3390, -20995, 32620
11446.6, 720, -1706, -10636, 431, -61762, 3390, -20995, 32620
11450.8, 1486, -1679, -10607, -59, -61946, 6278, -21280, 32620
11454.6, 1714, -1679, -10607, -59, -61946, 6278, -21280, 32617
11456.9, 829, -1679, -10607, -59, -61946, 6278, -21280, 32617
11462.6, 1568, -1897, -10473, -299, -60625, 9170, -18795, 32789
11466.3, 1709, -1897, -10473, -299, -60625, 9170, -18795, 32611
11470.5, 1629, -1865, -10440, -480, -55904, 13120, -17145, 32611
11474.3, 1712, -1865, -10440, -480, -55904, 13120, -17145, 32608
11476.6, 692, -1865, -10440, -480, -55904, 13120, -17145, 32608
11480.8, 1403, -1772, -10316, -206, -51988, 16397, -18042, 32608
11484.6, 1603, -1772, -10316, -206, -51988, 16397, -18042, 32621
11486.9, 692, -1772, -10316, -206, -51988, 16397, -18042, 32621
11492.6, 1689, -1554, -10005, 562, -48773, 15999, -19504, 32599
11496.3, 1784, -1554, -10005, 562, -48773, 15999, -19504, 32577
11500.6, 1517, -1140, -10134, 664, -42193, 10364, -18690, 32577
11504.4, 1613, -1140, -10134, 664, -42193, 10364, -18690, 32584
11508.6, 1619, -1225, -10160, -220, -38710, 2607, -14415, 32584
11512.4, 1593, -1225, -10160, -220, -38710, 2607, -14415, 32580
11516.2, 1574, -1225, -10160, -220, -38710, 2607, -14415, 32577
11520.5, 1393, -1514, -10144, -871, -32804, 2156, -9187, 32577
11524.2, 1652, -1514, -10144, -871, -32804, 2156, -9187, 32567
11528.4, 1592, -1805, -10460, -575, -28958, 9563, -4458, 32567
11532.2, 1723, -1805, -10460, -575, -28958, 9563, -4458, 32564
11535.9, 1613, -1805, -10460, -575, -28958, 9563, -4458, 32530
11540.2, 1717, -1917, -10468, -415, -24898, 14074, -3622, 32530
11543.9, 1428, -1917, -10468, -415, -24898, 14074, -3622, 32563
11548.2, 1127, -2084, -10183, 4, -19906, 11825, -4777, 32563
11551.9, 1367, -2084, -10183, 4, -19906, 11825, -4777, 32557
11555.7, 1678, -2084, -10183, 4, -19906, 11825, -4777, 32566
11559.9, 1462, -2167, -9950, 293, -13842, 7883, -5083, 32566
11563.7, 1465, -2167, -9950, 293, -13842, 7883, -5083, 32567
11567.9, 1648, -2068, -9921, 35, -10758, 4029, -5792, 32567
11571.6, 1715, -2068, -9921, 35, -10758, 4029, -5792, 32556
11573.9, 514, -2068, -9921, 35, -10758, 4029, -5792, 32556
11579.6, 1314, -1808, -9973, -107, -6361, 1246, -6317, 32524
11583.3, 1698, -1808, -9973, -107, -6361, 1246, -6317, 32547
11589.0, 951, -1536, -10152, 469, -183, -2025, -6247, 32534
11592.8, 1104, -1536, -10152, 469, -183, -2025, -6247, 32534
11598.5, 2323, -1258, -10368, 641, 4003, -5709, -4843, 32478
11600.7, 2467, -1258, -10368, 641, 4003, -5709, -4843, 32478
11603.1, 2484, -1258, -10368, 641, 4003, -5709, -4843, 32478
11608.8, 986, -1246, -10398, -223, 7511, -6536, -2038, 32517
11611.1, 29, -1246, -10398, -223, 7511, -6536, -2038, 32517
11613.4, 122, -1246, -10398, -223, 7511, -6536, -2038, 32517
11619.1, 1342, -1447, -10147, -422, 11720, -2419, 1290, 32526
11621.4, 49, -1447, -10147, -422, 11720, -2419, 1290, 32526
11625.6, 1068, -1680, -10389, -305, 16205, 3416, 3548, 32526
11629.4, 2176, -1680, -10389, -305, 16205, 3416, 3548, 32514
11631.7, 889, -1680, -10389, -305, 16205, 3416, 3548, 32514
11636.0, 851, -1697, -10383, -1650, 18664, 12630, 5123, 32514
11639.7, 1771, -1697, -10383, -1650, 18664, 12630, 5123, 32548
11642.0, 2161, -1697, -10383, -1650, 18664, 12630, 5123, 32548
11647.7, 1278, -1652, -10337, -1335, 21100, 22868, 6440, 32518
11651.4, 1116, -1652, -10337, -1335, 21100, 22868, 6440, 32516
11655.7, 1507, -1719, -10427, 981, 26950, 19473, 6138, 32516
11659.5, 1999, -1719, -10427, 981, 26950, 19473, 6138, 32511
11663.7, 2102, -1977, -10178, 2750, 32235, 1220, 4948, 32511
11667.5, 1431, -1977, -10178, 2750, 32235, 1220, 4948, 32522
11671.2, 1291, -1977, -10178, 2750, 32235, 1220, 4948, 32517
11675.5, 1011, -2444, -10284, 2799, 30170, -13676, 5993, 32517
11679.3, 2157, -2444, -10284, 2799, 30170, -13676, 5993, 32503
11683.5, 1736, -2921, -10323, 461, 27344, -15054, 9966, 32503
11687.3, 1046, -2921, -10323, 461, 27344, -15054, 9966, 32513
11691.1, 1067, -2921, -10323, 461, 27344, -15054, 9966, 32525
11695.3, 1522, -2751, -10402, -1386, 31513, -8268, 12648, 32525
11699.1, 2009, -2751, -10402, -1386, 31513, -8268, 12648, 32504
11703.3, 2221, -1955, -10468, -2708, 40653, -4173, 8071, 32504
11707.1, 1266, -1955, -10468, -2708, 40653, -4173, 8071, 32507
11710.8, 986, -1955, -10468, -2708, 40653, -4173, 8071, 32479
11715.1, 1124, -1254, -10758, -2245, 55760, -3666, -686, 32479
11718.8, 2305, -1254, -10758, -2245, 55760, -3666, -686, 32493
11723.0, 1701, -792, -10543, -315, 75881, 415, -4165, 32493
11726.7, 1198, -792, -10543, -315, 75881, 415, -4165, 32520
11730.5, 1337, -792, -10543, -315, 75881, 415, -4165, 32490
11734.7, 1084, -1060, -10426, 748, 75986, 11996, 5722, 32490
11738.4, 1122, -1060, -10426, 748, 75986, 11996, 5722, 32500
11744.2, 1322, -1575, -10375, 1939, 76349, 23314, 23883, 32488
11747.9, 1499, -1575, -10375, 1939, 76349, 23314, 23883, 32460
11753.6, 1599, -2175, -10336, 1769, 78567, 27177, 36186, 32489
11757.3, 1282, -2175, -10336, 1769, 78567, 27177, 36186, 32451
11763.0, 1050, -2866, -10272, -474, 74476, 34011, 36212, 32501
11766.8, 1136, -2866, -10272, -474, 74476, 34011, 36212, 32517
11771.0, 1581, -3310, -11022, -503, 78830, 47110, 28254, 32517
11774.7, 2048, -3310, -11022, -503, 78830, 47110, 28254, 32539
11777.0, 1753, -3310, -11022, -503, 78830, 47110, 28254, 32539
11782.7, 1216, -3416, -11343, 610, 81354, 52995, 15969, 32533
11786.4, 822, -3416, -11343, 610, 81354, 52995, 15969, 32565
11790.6, 853, -3273, -11027, 1672, 84193, 46192, 8063, 32565
11794.4, 1544, -3273, -11027, 1672, 84193, 46192, 8063, 32582
11796.7, 1150, -3273, -11027, 1672, 84193, 46192, 8063, 32582
11800.9, 1696, -2636, -10499, 2242, 89920, 32064, 10110, 32582
11804.7, 1088, -2636, -10499, 2242, 89920, 32064, 10110, 32585
11807.0, 30, -2636, -10499, 2242, 89920, 32064, 10110, 32585
11812.7, 1403, -2072, -10561, 2206, 89382, 19022, 17277, 32642
11816.4, 2071, -2072, -10561, 2206, 89382, 19022, 17277, 32602
11820.7, 1033, -1951, -10013, 2121, 91719, 10955, 24640, 32602
11824.5, 950, -1951, -10013, 2121, 91719, 10955, 24640, 32609
11828.7, 1083, -1951, -10013, 2121, 91005, 10574, 31701, 32609
11832.5, 2074, -1951, -10013, 2121, 91005, 10574, 31701, 32609
11836.3, 1624, -1951, -10013, 2121, 91005, 10574, 31701, 32636
11840.5, 891, -2328, -11203, 407, 93867, 18025, 35508, 32636
11844.3, 1072, -2328, -11203, 407, 93867, 18025, 35508, 32609
11848.5, 815, -2328, -11203, 407, 98443, 27484, 35398, 32609
11852.3, 1062, -2328, -11203, 407, 98443, 27484, 35398, 32616
11856.0, 1869, -2328, -11203, 407, 98443, 27484, 35398, 32621
11860.3, 1707, -2721, -11248, 503, 107451, 34882, 34637, 32621
11864.1, 1114, -2721, -11248, 503, 107451, 34882, 34637, 32637
11868.3, 1081, -2721, -11248, 503, 114478, 39869, 38951, 32637
11872.0, 1168, -2721, -11248, 503, 114478, 39869, 38951, 32625
11875.8, 1142, -2721, -11248, 503, 114478, 39869, 38951, 32634
11880.0, 880, -3503, -11049, 5437, 118008, 38356, 47425, 32634
11883.8, 1095, -3503, -11049, 5437, 118008, 38356, 47425, 32635
11888.0, 2203, -3503, -11049, 5437, 115580, 25147, 52859, 32635
11891.7, 1603, -3503, -11049, 5437, 115580, 25147, 52859, 32640
11895.5, 1175, -3503, -11049, 5437, 115580, 25147, 52859, 32645
11899.7, 778, -3092, -10465, 4133, 115983, 8028, 53590, 32645
11903.4, 1201, -3092, -10465, 4133, 115983, 8028, 53590, 32652
11909.2, 1303, -3138, -10042, 3237, 119430, -5127, 53983, 32651
11912.9, 1588, -3138, -10042, 3237, 119430, -5127, 53983, 32654
11918.6, 1170, -3138, -10042, 3237, 121395, -6199, 55300, 32640
11920.8, 32, -3138, -10042, 3237, 121395, -6199, 55300, 32640
11923.1, 9, -3138, -10042, 3237, 121395, -6199, 55300, 32640
11928.9, 1415, -3455, -9927, 1629, 130538, 1662, 55449, 32636
11931.1, 47, -3455, -9927, 1629, 130538, 1662, 55449, 32636
11933.4, 13, -3455, -9927, 1629, 130538, 1662, 55449, 32636
11939.2, 1439, -4195, -9825, 2610, 129318, 12810, 55528, 32476
11941.4, 54, -4195, -9825, 2610, 129318, 12810, 55528, 32476
11945.6, 960, -4195, -9825, 2610, 129318, 12810, 55528, 32476
11949.3, 1220, -4195, -9825, 2610, 129318, 12810, 55528, 32497
11951.6, 367, -4195, -9825, 2610, 129318, 12810, 55528, 32497
11955.8, 1287, -4211, -9582, 4752, 134165, 20422, 55712, 32497
11959.5, 1145, -4211, -9582, 4752, 134165, 20422, 55712, 32480
11961.8, 30, -4211, -9582, 4752, 134165, 20422, 55712, 32480
11966.0, 1027, -3726, -9215, 5260, 132433, 18195, 54522, 32480
11969.8, 1243, -3726, -9215, 5260, 132433, 18195, 54522, 32509
11972.0, 1079, -3726, -9215, 5260, 132433, 18195, 54522, 32509
11977.8, 1371, -3219, -9396, 5465, 129121, 6208, 52054, 32490
11981.5, 1068, -3219, -9396, 5465, 129121, 6208, 52054, 32497
11985.8, 997, -3109, -8475, 4478, 129121, 6208, 55007, 32497
11989.5, 1134, -3109, -8475, 4478, 129121, 6208, 55007, 32510
11993.7, 1304, -3558, -8091, 4559, 131702, 3981, 55007, 32510
11997.5, 1249, -3558, -8091, 4559, 131702, 3981, 55007, 32493
12001.2, 1110, -3558, -8091, 4559, 131702, 3981, 55007, 32498
12005.5, 1444, -3951, -8215, 3418, 127178, 14253, 71668, 32498
12009.3, 1024, -3951, -8215, 3418, 127178, 14253, 71668, 32496
12013.5, 1101, -3963, -8583, 3728, 130648, 27602, 71668, 32496
12017.3, 1325, -3963, -8583, 3728, 130648, 27602, 71668, 32498
12021.0, 1226, -3963, -8583, 3728, 130648, 27602, 71668, 32517
12025.3, 1086, -4639, -9236, 5309, 132057, 31583, 66894, 32517
12029.1, 1117, -4639, -9236, 5309, 132057, 31583, 66894, 32489
12033.3, 1091, -4975, -8955, 6324, 136217, 30971, 66894, 32489
12037.0, 1367, -4975, -8955, 6324, 136217, 30971, 66894, 32484
12040.8, 1282, -4975, -8955, 6324, 136217, 30971, 66894, 32497
12045.1, 725, -5037, -8583, 6704, 131527, 22334, 62191, 32497
12048.8, 1413, -5037, -8583, 6704, 131527, 22334, 62191, 32502
12053.0, 1700, -4758, -8093, 6774, 127848, 22334, 62191, 32502
12056.7, 1085, -4758, -8093, 6774, 127848, 22334, 62191, 32489
12060.5, 1060, -4758, -8093, 6774, 127848, 22334, 62191, 32469
12064.7, 684, -4600, -7057, 6298, 124024, 6413, 61268, 32469
12068.4, 1193, -4600, -7057, 6298, 124024, 6413, 61268, 32492
12074.1, 878, -4751, -6644, 6007, 124497, 6413, 61268, 32495
12077.9, 1230, -4751, -6644, 6007, 124497, 6413, 61268, 32500
12083.6, 1276, -4584, -6533, 5828, 127528, 2143, 65017, 32443
12085.8, 43, -4584, -6533, 5828, 127528, 2143, 65017, 32443
12088.2, 23, -4584, -6533, 5828, 127528, 2143, 65017, 32443
12093.9, 1333, -4426, -6804, 6434, 130972, -3307, 66308, 32511
12096.2, 135, -4426, -6804, 6434, 130972, -3307, 66308, 32511
12100.4, 875, -4350, -7207, 7143, 137197, -7275, 66820, 32511
12104.1, 1250, -4350, -7207, 7143, 137197, -7275, 66820, 32513
12106.4, 255, -4350, -7207, 7143, 137197, -7275, 66820, 32513
12110.6, 892, -4111, -6345, 6413, 138689, 227, 71926, 32513
12114.3, 994, -4111, -6345, 6413, 138689, 227, 71926, 32518
12116.6, 33, -4111, -6345, 6413, 138689, 227, 71926, 32518
12120.8, 1093, -4265, -7092, 5775, 134660, 17439, 80733, 32518
12124.5, 1857, -4265, -7092, 5775, 134660, 17439, 80733, 32563
12126.8, 487, -4265, -7092, 5775, 134660, 17439, 80733, 32563
12131.0, 792, -4585, -7429, 6456, 136615, 28179, 87702, 32563
12135.1, 1371, -4585, -7429, 6456, 136615, 28179, 87702, 32534
12139.3, 772, -4926, -6628, 6891, 141271, 26692, 90909, 32534
12143.1, 890, -4926, -6628, 6891, 141271, 26692, 90909, 32549
12146.8, 1648, -4926, -6628, 6891, 141271, 26692, 90909, 32562
12152.6, 1846, -5221, -6502, 6576, 142684, 20217, 92047, 32573
12156.4, 1322, -5221, -6502, 6576, 142684, 20217, 92047, 32564
12160.6, 623, -5318, -5916, 7378, 143204, 9467, 93289, 32564
12164.4, 1289, -5318, -5916, 7378, 143204, 9467, 93289, 32572
12168.6, 1149, -4762, -5187, 7445, 143344, -6313, 93950, 32572
12172.3, 1052, -4762, -5187, 7445, 143344, -6313, 93950, 32574
12176.1, 1478, -4762, -5187, 7445, 143344, -6313, 93950, 32580
12180.3, 1263, -4459, -4525, 7059, 143344, -19740, 94085, 32580
12184.1, 1428, -4459, -4525, 7059, 143344, -19740, 94085, 32572
12188.3, 694, -4498, -3968, 6580, 143344, -24176, 97424, 32572
12192.0, 910, -4498, -3968, 6580, 143344, -24176, 97424, 32582
12195.7, 1505, -4498, -3968, 6580, 143344, -24176, 97424, 32585
12200.0, 1616, -4732, -4426, 5008, 143344, -14516, 104034, 32585
12203.7, 1041, -4732, -4426, 5008, 143344, -14516, 104034, 32573
12207.9, 1253, -5188, -5199, 6283, 143344, -1693, 107709, 32573
12211.7, 1725, -5188, -5199, 6283, 143344, -1693, 107709, 32565
12214.0, 293, -5188, -5199, 6283, 143344, -1693, 107709, 32565
12219.8, 787, -5681, -5156, 5700, 143344, 6938, 106222, 32583
12223.5, 1596, -5681, -5156, 5700, 143344, 6938, 106222, 32616
12227.7, 1311, -5942, -5086, 6478, 143344, 15938, 103536, 32616
12231.5, 975, -5942, -5086, 6478, 143344, 15938, 103536, 32600
12233.8, 310, -5942, -5086, 6478, 143344, 15938, 103536, 32600
12239.6, 1214, -5676, -4658, 8922, 143344, 12350, 98307, 32603
12243.3, 1142, -5676, -4658, 8922, 143344, 12350, 98307, 32610
12249.0, 1370, -5338, -3932, 7958, 143344, -1981, 92480, 32600
12251.3, 91, -5338, -3932, 7958, 143344, -1981, 92480, 32600
12253.6, 541, -5338, -3932, 7958, 143344, -1981, 92480, 32600
12259.3, 1372, -5061, -3178, 7510, 143344, -13991, 91635, 32629
12261.6, 296, -5061, -3178, 7510, 143344, -13991, 91635, 32629
12265.8, 856, -4784, -2751, 6056, 143344, -20317, 94829, 32629
12269.6, 1050, -4784, -2751, 6056, 143344, -20317, 94829, 32639
12271.9, 27, -4784, -2751, 6056, 143344, -20317, 94829, 32639
12277.6, 1421, -4899, -2368, 5413, 143344, -15925, 99769, 32637
12281.4, 1154, -4899, -2368, 5413, 143344, -15925, 99769, 32489
12285.6, 1340, -5204, -2155, 6829, 143344, -3570, 102280, 32489
12289.4, 1627, -5204, -2155, 6829, 143344, -3570, 102280, 32626
12291.6, 295, -5204, -2155, 6829, 143344, -3570, 102280, 32626
12295.9, 969, -5699, -1868, 8150, 143344, 7673, 100582, 32626
12299.7, 1043, -5699, -1868, 8150, 143344, 7673, 100582, 32626
12304.0, 679, -6217, -1655, 7340, 143344, 15964, 98478, 32626
12307.7, 2031, -6217, -1655, 7340, 143344, 15964, 98478, 32604
12311.4, 1962, -6217, -1655, 7340, 143344, 15964, 98478, 32637
12315.7, 759, -6205, -1547, 7734, 143344, 16380, 96448, 32637
12319.5, 1267, -6205, -1547, 7734, 143344, 16380, 96448, 32591
12323.7, 737, -5764, -1378, 7143, 143344, 9266, 92300, 32591
12327.5, 1214, -5764, -1378, 7143, 143344, 9266, 92300, 32580
12331.3, 1616, -5764, -1378, 7143, 143344, 9266, 92300, 32550
12335.5, 973, -5269, -1244, 7037, 143344, 3062, 87370, 32550
12339.3, 1450, -5269, -1244, 7037, 143344, 3062, 87370, 32551
12343.5, 1584, -4966, -893, 8374, 143344, -3386, 83384, 32551
12347.3, 1316, -4966, -893, 8374, 143344, -3386, 83384, 32537
12351.0, 849, -4966, -893, 8374, 143344, -3386, 83384, 32538
12355.3, 1026, -4831, -464, 7696, 143344, -6816, 82802, 32538
12359.1, 1130, -4831, -464, 7696, 143344, -6816, 82802, 32501
12363.3, 1182, -4841, 266, 7114, 143344, -4248, 87523, 32501
12367.0, 1982, -4841, 266, 7114, 143344, -4248, 87523, 32536
12370.8, 1131, -4841, 266, 7114, 143344, -4248, 87523, 32533
12375.0, 932, -4811, 605, 7817, 143344, -3491, 92296, 32533
12378.8, 1111, -4811, 605, 7817, 143344, -3491, 92296, 32545
12383.0, 1680, -4807, 816, 6768, 143344, -3399, 93189, 32545
12386.7, 1286, -4807, 816, 6768, 143344, -3399, 93189, 32541
12390.5, 769, -4807, 816, 6768, 143344, -3399, 93189, 32546
12394.7, 1669, -5054, 692, 6415, 143344, 3473, 92204, 32546
12398.5, 2072, -5054, 692, 6415, 143344, 3473, 92204, 32540
12404.2, 1119, -5282, 722, 7037, 143344, 8688, 90209, 32537
12406.4, 81, -5282, 722, 7037, 143344, 8688, 90209, 32537
12408.7, 355, -5282, 722, 7037, 143344, 8688, 90209, 32537
12414.4, 1234, -5322, 674, 7400, 143344, 7135, 86057, 32536
12416.6, 42, -5322, 674, 7400, 143344, 7135, 86057, 32536
12420.9, 2073, -5500, 1076, 7969, 143344, 2808, 81503, 32536
12424.7, 1489, -5500, 1076, 7969, 143344, 2808, 81503, 32534
12427.0, 71, -5500, 1076, 7969, 143344, 2808, 81503, 32534
12432.7, 1753, -5363, 1415, 7846, 143344, -3097, 78235, 32573
12436.4, 1865, -5363, 1415, 7846, 143344, -3097, 78235, 32535
12440.6, 995, -5182, 1987, 6608, 143344, -8789, 76331, 32535
12444.3, 990, -5182, 1987, 6608, 143344, -8789, 76331, 32534
12446.6, 31, -5182, 1987, 6608, 143344, -8789, 76331, 32534
12450.8, 2220, -4292, 2430, 5712, 143344, -9296, 74796, 32534
12454.5, 2330, -4292, 2430, 5712, 143344, -9296, 74796, 32543
12456.8, 538, -4292, 2430, 5712, 143344, -9296, 74796, 32543
12461.0, 955, -4321, 3177, 5743, 143344, -940, 71969, 32543
12464.7, 1223, -4321, 3177, 5743, 143344, -940, 71969, 32540
12469.0, 1272, -4321, 3177, 5743, 143344, 3150, 69646, 32540
12472.8, 1138, -4321, 3177, 5743, 143344, 3150, 69646, 32548
12476.5, 1149, -4321, 3177, 5743, 143344, 3150, 69646, 32558
12480.8, 1465, -4795, 3707, 6227, 143344, 3631, 70429, 32558
12484.5, 1280, -4795, 3707, 6227, 143344, 3631, 70429, 32559
12488.8, 1301, -4795, 3707, 6227, 143174, 2813, 72455, 32559
12492.5, 1099, -4795, 3707, 6227, 143174, 2813, 72455, 32598
12496.3, 1139, -4795, 3707, 6227, 143174, 2813, 72455, 32578
12500.6, 844, -4847, 3951, 7100, 143156, -4641, 74083, 32578
12504.3, 2015, -4847, 3951, 7100, 143156, -4641, 74083, 32568
12508.5, 1635, -4847, 3951, 7100, 140645, -16249, 74008, 32568
12512.3, 1063, -4847, 3951, 7100, 140645, -16249, 74008, 32575
12516.0, 1046, -4847, 3951, 7100, 140645, -16249, 74008, 32575
12520.3, 1363, -5480, 4506, 6226, 135320, -22772, 71440, 32575
12524.1, 1738, -5480, 4506, 6226, 135320, -22772, 71440, 32587
12528.3, 730, -5480, 4506, 6226, 130241, -23774, 62497, 32587
12532.0, 1195, -5480, 4506, 6226, 130241, -23774, 62497, 32591
12535.8, 1247, -5480, 4506, 6226, 130241, -23774, 62497, 32543
12540.1, 1146, -5374, 4265, 5230, 126172, -22430, 51087, 32543
12543.8, 1282, -5374, 4265, 5230, 126172, -22430, 51087, 32612
12548.0, 821, -5374, 4265, 5230, 123810, -22820, 43260, 32612
12551.7, 1465, -5374, 4265, 5230, 123810, -22820, 43260, 32587
12555.5, 1161, -5374, 4265, 5230, 123810, -22820, 43260, 32592
12559.7, 961, -4536, 4805, 4964, 120476, -23979, 41331, 32592
12563.5, 1162, -4536, 4805, 4964, 120476, -23979, 41331, 32582
12567.7, 872, -4536, 4805, 4964, 118529, -25432, 43938, 32582
12571.4, 1708, -4536, 4805, 4964, 118529, -25432, 43938, 32594
12573.7, 1555, -4536, 4805, 4964, 118529, -25432, 43938, 32594
12579.4, 1245, -3988, 5252, 5179, 107898, -24080, 47977, 32609
12581.7, 44, -3988, 5252, 5179, 107898, -24080, 47977, 32609
12587.4, 1419, -3657, 5934, 3957, 107898, -24080, 47977, 32618
12591.1, 1256, -3657, 5934, 3957, 107898, -24080, 47977, 32664
12595.4, 981, -3733, 5513, 5216, 104349, -14267, 51328, 32664
12599.1, 1164, -3733, 5513, 5216, 104349, -14267, 51328, 32653
12601.4, 37, -3733, 5513, 5216, 104349, -14267, 51328, 32653
12605.6, 1093, -4914, 6884, 5218, 102945, -9646, 52470, 32653
12609.3, 1175, -4914, 6884, 5218, 102945, -9646, 52470, 32664
12611.6, 2521, -4914, 6884, 5218, 102945, -9646, 52470, 32664
12615.8, 2113, -5175, 6270, 4204, 91915, -11453, 54119, 32664
12619.5, 1047, -5175, 6270, 4204, 91915, -11453, 54119, 32692
12621.8, 38, -5175, 6270, 4204, 91915, -11453, 54119, 32692
12626.0, 1110, -4713, 6138, 4716, 82216, -14673, 51385, 32692
12629.7, 1287, -4713, 6138, 4716, 82216, -14673, 51385, 32733
12633.9, 1036, -3972, 6729, 5447, 88840, -23835, 43138, 32733
12637.7, 1147, -3972, 6729, 5447, 88840, -23835, 43138, 32776
12641.4, 1375, -3972, 6729, 5447, 88840, -23835, 43138, 32829
12645.6, 1353, -3838, 6464, 4162, 79923, -37161, 36247, 32829
12649.4, 1279, -3838, 6464, 4162, 79923, -37161, 36247, 32837
12653.6, 1120, -2256, 7338, 2718, 70919, -22172, 33618, 32837
12657.3, 938, -2256, 7338, 2718, 70919, -22172, 33618, 32983
12661.1, 2172, -2256, 7338, 2718, 70919, -22172, 33618, 33023
12665.3, 1594, -2408, 6346, 4719, 93464, -16739, 21026, 33023
12669.0, 1245, -2408, 6346, 4719, 93464, -16739, 21026, 33033
12673.2, 1038, -3147, 7436, 4308, 100386, -24609, 6033, 33033
12677.0, 1042, -3147, 7436, 4308, 100386, -24609, 6033, 32973
12680.8, 1421, -3147, 7436, 4308, 100386, -24609, 6033, 32832
12685.0, 1365, -3387, 7561, 4541, 103299, -17587, 9463, 32832
12688.8, 1250, -3387, 7561, 4541, 103299, -17587, 9463, 32648
12693.0, 989, -3960, 6150, 2511, 101436, 1089, 17688, 32648
12696.7, 1529, -3960, 6150, 2511, 101436, 1089, 17688, 32444
12699.0, 390, -3960, 6150, 2511, 101436, 1089, 17688, 32444
12704.8, 1102, -3859, 6294, 3751, 97498, 9025, 14691, 32189
12708.5, 1171, -3859, 6294, 3751, 97498, 9025, 14691, 31945
12712.7, 1027, -3914, 6812, 4317, 92257, 2091, 6868, 31945
12716.5, 1165, -3914, 6812, 4317, 92257, 2091, 6868, 31756
12718.8, 34, -3914, 6812, 4317, 92257, 2091, 6868, 31756
12724.5, 1089, -4402, 7192, 3587, 84158, -7463, 6378, 31764
12728.3, 1372, -4402, 7192, 3587, 84158, -7463, 6378, 31717
12734.0, 1329, -4858, 7255, 4502, 74839, -11865, 9432, 31711
12736.2, 39, -4858, 7255, 4502, 74839, -11865, 9432, 31711
12740.5, 821, -4063, 7585, 3763, 66347, -20536, 12013, 31711
12744.3, 1181, -4063, 7585, 3763, 66347, -20536, 12013, 31713
12746.5, 34, -4063, 7585, 3763, 66347, -20536, 12013, 31713
12750.8, 1174, -5749, 7358, 7795, 43444, -19967, 12967, 31713
12754.5, 1427, -5749, 7358, 7795, 43444, -19967, 12967, 31740
12756.8, 53, -5749, 7358, 7795, 43444, -19967, 12967, 31740
12761.0, 1220, -3702, 7408, 2486, 34961, -24023, 20015, 31740
12764.7, 1184, -3702, 7408, 2486, 34961, -24023, 20015, 31754
12767.0, 33, -3702, 7408, 2486, 34961, -24023, 20015, 31754
12772.8, 1280, -3715, 7318, 3818, 26906, -17530, 15286, 31781
12776.5, 1287, -3715, 7318, 3818, 26906, -17530, 15286, 31828
12780.8, 937, -3421, 7768, 2903, 24224, -17185, 11375, 31828
12784.5, 1228, -3421, 7768, 2903, 24224, -17185, 11375, 31830
12786.8, 43, -3421, 7768, 2903, 24224, -17185, 11375, 31830
12791.0, 1148, -3539, 8108, 3330, 18642, -14634, 11112, 31830
12794.7, 1235, -3539, 8108, 3330, 18642, -14634, 11112, 31856
12798.9, 1077, -3843, 7928, 3594, 9883, -10758, 12985, 31856
12802.7, 1205, -3843, 7928, 3594, 9883, -10758, 12985, 31868
12806.4, 1294, -3843, 7928, 3594, 9883, -10758, 12985, 31872
12810.7, 1113, -4114, 7904, 4000, -472, -9034, 14630, 31872
12814.5, 1146, -4114, 7904, 4000, -472, -9034, 14630, 31828
12818.7, 1058, -4176, 7919, 3925, -10863, -9463, 15855, 31828
12822.5, 1192, -4176, 7919, 3925, -10863, -9463, 15855, 31901
12826.3, 1238, -4176, 7919, 3925, -10863, -9463, 15855, 31929
12830.5, 1084, -3790, 8041, 3701, -20838, -10001, 14275, 31929
12834.3, 1148, -3790, 8041, 3701, -20838, -10001, 14275, 31980
12838.5, 996, -4127, 7939, 3637, -29426, -11134, 12114, 31980
12842.3, 1153, -4127, 7939, 3637, -29426, -11134, 12114, 31964
12846.0, 1152, -4127, 7939, 3637, -29426, -11134, 12114, 31959
12850.3, 1116, -4389, 7760, 3596, -36986, -13252, 10697, 31959
12854.1, 1160, -4389, 7760, 3596, -36986, -13252, 10697, 31972
12858.3, 1061, -4221, 7447, 3201, -45776, -15859, 9756, 31972
12862.0, 1144, -4221, 7447, 3201, -45776, -15859, 9756, 31980
12865.8, 1142, -4221, 7447, 3201, -45776, -15859, 9756, 31982
12870.1, 1078, -4288, 8098, 3867, -57287, -15623, 2248, 31982
12873.9, 1169, -4288, 8098, 3867, -57287, -15623, 2248, 31980
12878.1, 1061, -3784, 9533, 2378, -67043, -17565, 6006, 31980
12881.8, 1144, -3784, 9533, 2378, -67043, -17565, 6006, 31999
12887.6, 1233, -3273, 7975, 5035, -75430, -17338, 6251, 32012
12891.3, 1162, -3273, 7975, 5035, -75430, -17338, 6251, 32004
12893.6, 30, -3273, 7975, 5035, -75430, -17338, 6251, 32004
12899.3, 1255, -3072, 8385, 4154, -88113, -21057, 6037, 32014
12901.6, 33, -3072, 8385, 4154, -88113, -21057, 6037, 32014
12905.8, 974, -3089, 7693, 4309, -100154, -23393, 1894, 32014
12909.6, 1084, -3089, 7693, 4309, -100154, -23393, 1894, 31977
12911.9, 27, -3089, 7693, 4309, -100154, -23393, 1894, 31977
12917.6, 1288, -2879, 8180, 4301, -107106, -25029, -5547, 32005
12921.3, 1106, -2879, 8180, 4301, -107106, -25029, -5547, 32014
12925.6, 1031, -2672, 7851, 3303, -109131, -24001, -9625, 32014
12929.4, 1082, -2672, 7851, 3303, -109131, -24001, -9625, 32006
12931.6, 29, -2672, 7851, 3303, -109131, -24001, -9625, 32006
12935.9, 1018, -2376, 7332, 2511, -95192, -13212, -11095, 32006
12939.6, 1084, -2376, 7332, 2511, -95192, -13212, -11095, 32009
12941.9, 30, -2376, 7332, 2511, -95192, -13212, -11095, 32009
12947.6, 1246, -1916, 7581, 3503, -86692, -485, -6938, 32012
12951.3, 1138, -1916, 7581, 3503, -86692, -485, -6938, 32055
12955.6, 1058, -1463, 8032, 4503, -85033, 12578, -236, 32055
12959.4, 1100, -1463, 8032, 4503, -85033, 12578, -236, 32022
12963.6, 1012, -1781, 7838, 4624, -82513, 20825, -6033, 32022
12967.4, 1123, -1781, 7838, 4624, -82513, 20825, -6033, 32035
12971.2, 1097, -1781, 7838, 4624, -82513, 20825, -6033, 32047
12975.4, 839, -1816, 8266, 3762, -74144, 25384, -26928, 32047
12979.2, 1119, -1816, 8266, 3762, -74144, 25384, -26928, 32085
12983.4, 1057, -1941, 8129, 3555, -70775, 38653, -44669, 32085
12987.1, 1156, -1941, 8129, 3555, -70775, 38653, -44669, 32057
12990.9, 1062, -1941, 8129, 3555, -70775, 38653, -44669, 32061
12995.1, 780, -2767, 7828, 3635, -73754, 58424, -52128, 32061
12998.9, 1044, -2767, 7828, 3635, -73754, 58424, -52128, 32487
13003.2, 832, -3755, 6900, 4395, -83100, 78519, -51844, 32487
13006.9, 1055, -3755, 6900, 4395, -83100, 78519, -51844, 32542
13010.7, 1032, -3755, 6900, 4395, -83100, 78519, -51844, 32587
13014.9, 843, -4243, 6182, 5176, -86101, 87724, -50125, 32587
13018.7, 950, -4243, 6182, 5176, -86101, 87724, -50125, 32620
13022.9, 583, -4502, 6452, 5373, -96212, 74730, -48401, 32620
13026.6, 970, -4502, 6452, 5373, -96212, 74730, -48401, 32595
13028.9, 25, -4502, 6452, 5373, -96212, 74730, -48401, 32595
13034.6, 652, -4692, 6394, 6462, -99117, 50112, -45295, 32666
13038.3, 987, -4692, 6394, 6462, -99117, 50112, -45295, 32675
13044.0, 762, -4771, 6153, 6034, -101068, 34221, -44643, 32713
13047.8, 1007, -4771, 6153, 6034, -101068, 34221, -44643, 32767
13053.5, 974, -4535, 5739, 4680, -110426, 34309, -50588, 32753
13055.7, 26, -4535, 5739, 4680, -110426, 34309, -50588, 32753
13058.1, 7, -4535, 5739, 4680, -110426, 34309, -50588, 32753
13063.8, 1088, -4280, 5059, 4717, -117864, 38850, -60813, 32768
13066.1, 30, -4280, 5059, 4717, -117864, 38850, -60813, 32768
13068.3, 7, -4280, 5059, 4717, -117864, 38850, -60813, 32768
13074.0, 1040, -4116, 4949, 5992, -110943, 35140, -70933, 32776
13076.3, 29, -4116, 4949, 5992, -110943, 35140, -70933, 32776
13080.6, 698, -4116, 4949, 5992, -110081, 30021, -73238, 32776
13084.3, 994, -4116, 4949, 5992, -110081, 30021, -73238, 32779
13086.6, 27, -4116, 4949, 5992, -110081, 30021, -73238, 32779
13090.9, 765, -4336, 5020, 6113, -112959, 26736, -66509, 32779
13094.7, 1006, -4336, 5020, 6113, -112959, 26736, -66509, 32726
13097.0, 31, -4336, 5020, 6113, -112959, 26736, -66509, 32726
13102.7, 1020, -4084, 4468, 6101, -120515, 24631, -61285, 32784
13106.4, 1063, -4084, 4468, 6101, -120515, 24631, -61285, 32753
13110.6, 765, -4084, 4593, 6680, -120598, 17355, -61211, 32753
13114.4, 1369, -4084, 4593, 6680, -120598, 17355, -61211, 32781
13116.6, 66, -4084, 4593, 6680, -120598, 17355, -61211, 32781
13120.9, 879, -4086, 4652, 7040, -117492, 8824, -60489, 32781
13124.7, 980, -4086, 4652, 7040, -117492, 8824, -60489, 32788
13128.9, 783, -4086, 4652, 7040, -117492, 8824, -60489, 32788
13132.6, 1111, -4086, 4652, 7040, -117492, 8824, -60489, 32788
13136.4, 1243, -4086, 4652, 7040, -117492, 8824, -60489, 32794
13140.6, 716, -5387, 3232, 6824, -117190, 5477, -45623, 32794
13144.4, 1131, -5387, 3232, 6824, -117190, 5477, -45623, 32790
13148.6, 673, -5387, 3232, 6824, -117190, 5477, -45623, 32790
13152.3, 1014, -5387, 3232, 6824, -117190, 5477, -45623, 32823
13156.1, 1075, -5387, 3232, 6824, -117190, 5477, -45623, 32803
13160.3, 781, -5123, 3265, 6518, -125205, -10662, -62335, 32803
13164.0, 924, -5123, 3265, 6518, -125205, -10662, -62335, 32808
13168.2, 727, -5123, 3265, 6518, -125205, -10662, -62335, 32808
13172.0, 954, -5123, 3265, 6518, -125205, -10662, -62335, 32819
13175.8, 882, -5123, 3265, 6518, -125205, -10662, -62335, 32818
13180.0, 1298, -4648, 3144, 7546, -125800, -25830, -65442, 32818
13183.8, 1079, -4648, 3144, 7546, -125800, -25830, -65442, 32827
13188.0, 830, -4648, 3144, 7546, -125800, -25830, -65442, 32827
13191.7, 1109, -4648, 3144, 7546, -125800, -25830, -65442, 32827
13194.0, 37, -4648, 3144, 7546, -125800, -25830, -65442, 32827
13199.8, 966, -5134, 2127, 6443, -126592, -20125, -49853, 32819
13203.5, 1042, -5134, 2127, 6443, -126592, -20125, -49853, 32807
13207.7, 786, -5134, 2127, 6443, -126592, -20125, -49853, 32807
13211.5, 1044, -5134, 2127, 6443, -126592, -20125, -49853, 32820
13213.8, 34, -5134, 2127, 6443, -126592, -20125, -49853, 32820
13219.5, 1033, -5379, 1344, 6953, -127878, -15395, -54049, 32810
13221.8, 208, -5379, 1344, 6953, -127878, -15395, -54049, 32810
13226.0, 1115, -5634, 1359, 7143, -128045, -19696, -54049, 32810
13229.7, 1168, -5634, 1359, 7143, -128045, -19696, -54049, 32811
13232.0, 144, -5634, 1359, 7143, -128045, -19696, -54049, 32811
13237.8, 1209, -5718, 1451, 6869, -131164, -21429, -60730, 32542
13241.5, 1185, -5718, 1451, 6869, -131164, -21429, -60730, 32804
13245.8, 819, -5946, 1537, 7993, -130114, -17749, -62222, 32804
13249.5, 1145, -5946, 1537, 7993, -130114, -17749, -62222, 32810
13251.8, 277, -5946, 1537, 7993, -130114, -17749, -62222, 32810
13256.0, 831, -5544, 1279, 6842, -136156, -12070, -59518, 32810
13259.7, 1937, -5544, 1279, 6842, -136156, -12070, -59518, 32818
13262.0, 1351, -5544, 1279, 6842, -136156, -12070, -59518, 32818
13267.8, 995, -5252, 919, 8394, -135198, -14529, -58477, 32850
13271.5, 990, -5252, 919, 8394, -135198, -14529, -58477, 32826
13275.8, 1497, -5463, 1080, 7506, -128399, -21831, -59960, 32826
13279.5, 1411, -5463, 1080, 7506, -128399, -21831, -59960, 32832
13283.8, 1141, -5676, 635, 6162, -130048, -16892, -57895, 32832
13287.5, 1562, -5676, 635, 6162, -130048, -16892, -57895, 32833
13291.3, 1486, -5676, 635, 6162, -130048, -16892, -57895, 32843
13295.6, 1250, -6053, 15, 7723, -130792, -10679, -55650, 32843
13299.3, 1136, -6053, 15, 7723, -130792, -10679, -55650, 32816
13303.5, 839, -6270, -238, 6818, -135859, -8365, -58092, 32816
13307.3, 1207, -6270, -238, 6818, -135859, -8365, -58092, 32814
13311.0, 1654, -6270, -238, 6818, -135859, -8365, -58092, 32793
13315.3, 1627, -6037, -334, 7060, -136607, -2773, -62226, 32793
13319.1, 1385, -6037, -334, 7060, -136607, -2773, -62226, 32824
13323.3, 609, -5591, -203, 8557, -135430, -6492, -68347, 32824
13327.0, 1349, -5591, -203, 8557, -135430, -6492, -68347, 32819
13330.8, 1418, -5591, -203, 8557, -135430, -6492, -68347, 32843
13335.0, 1083, -5254, 168, 8304, -129554, -17054, -74761, 32843
13338.8, 1893, -5254, 168, 8304, -129554, -17054, -74761, 32831
13343.0, 1353, -4693, -410, 7006, -126570, -16275, -74297, 32831
13346.7, 1301, -4693, -410, 7006, -126570, -16275, -74297, 32858
13350.5, 1272, -4693, -410, 7006, -126570, -16275, -74297, 32826
13354.7, 1341, -4421, -1377, 8697, -121206, -10495, -69624, 32826
13358.4, 1283, -4421, -1377, 8697, -121206, -10495, -69624, 32873
13364.2, 894, -4273, -2149, 8164, -125678, -5853, -63477, 32861
13367.9, 1801, -4273, -2149, 8164, -125678, -5853, -63477, 32891
13373.6, 1482, -4552, -2284, 8611, -127511, -3648, -57694, 32893
13375.8, 619, -4552, -2284, 8611, -127511, -3648, -57694, 32893
13378.1, 642, -4552, -2284, 8611, -127511, -3648, -57694, 32893
13383.8, 1049, -5054, -2099, 8119, -130753, -5289, -53725, 32905
13386.1, 44, -5054, -2099, 8119, -130753, -5289, -53725, 32905
13388.3, 187, -5054, -2099, 8119, -130753, -5289, -53725, 32905
13394.0, 1803, -5292, -1840, 8234, -129462, -6339, -49845, 32836
13396.3, 1123, -5292, -1840, 8234, -129462, -6339, -49845, 32836
13400.5, 1073, -5474, -2045, 8209, -127078, -8763, -48423, 32836
13404.3, 956, -5474, -2045, 8209, -127078, -8763, -48423, 32901
13406.6, 209, -5474, -2045, 8209, -127078, -8763, -48423, 32901
13410.8, 1331, -5534, -1842, 7673, -125778, -10443, -49263, 32901
13414.5, 1790, -5534, -1842, 7673, -125778, -10443, -49263, 32907
13416.8, 1506, -5534, -1842, 7673, -125778, -10443, -49263, 32907
13421.0, 1403, -5127, -2298, 7906, -128097, -7026, -51507, 32907
13424.8, 1741, -5127, -2298, 7906, -128097, -7026, -51507, 32903
13427.0, 1010, -5127, -2298, 7906, -128097, -7026, -51507, 32903
13432.8, 1247, -5121, -2291, 9750, -125739, -8710, -55860, 32863
13436.5, 1694, -5121, -2291, 9750, -125739, -8710, -55860, 32917
13440.8, 1362, -5243, -2634, 6946, -129195, -6103, -57085, 32917
13444.5, 1572, -5243, -2634, 6946, -129195, -6103, -57085, 32927
13448.7, 887, -5363, -3262, 8486, -127734, -1172, -55838, 32927
13452.5, 1697, -5363, -3262, 8486, -127734, -1172, -55838, 32937
13456.2, 1660, -5363, -3262, 8486, -127734, -1172, -55838, 32980
13460.5, 1563, -5287, -3865, 7509, -127979, -6947, -58280, 32980
13464.3, 1019, -5287, -3865, 7509, -127979, -6947, -58280, 32960
13468.5, 1452, -4932, -4070, 6910, -125905, -8277, -62909, 32960
13472.3, 1943, -4932, -4070, 6910, -125905, -8277, -62909, 32966
13476.0, 1778, -4932, -4070, 6910, -125905, -8277, -62909, 32968
13480.3, 1259, -4584, -4164, 7956, -124597, -4322, -64947, 32968
13484.1, 1122, -4584, -4164, 7956, -124597, -4322, -64947, 32939
13488.3, 1400, -4447, -4161, 7134, -123140, 1579, -61999, 32939
13492.0, 2407, -4447, -4161, 7134, -123140, 1579, -61999, 32966
13495.8, 1817, -4447, -4161, 7134, -123140, 1579, -61999, 32965
13500.1, 1058, -4780, -4891, 7205, -123114, 10745, -54552, 32965
13503.9, 1309, -4780, -4891, 7205, -123114, 10745, -54552, 32977
13508.1, 905, -5198, -5166, 9691, -119430, 11733, -49486, 32977
13511.8, 1500, -5198, -5166, 9691, -119430, 11733, -49486, 32998
13515.6, 1447, -5198, -5166, 9691, -119430, 11733, -49486, 32980
13519.9, 1468, -5272, -5349, 8225, -120690, 4991, -51516, 32980
13523.6, 1768, -5272, -5349, 8225, -120690, 4991, -51516, 32976
13527.8, 1378, -5038, -5531, 7326, -118245, -1828, -56779, 32976
13531.5, 1676, -5038, -5531, 7326, -118245, -1828, -56779, 32991
13533.8, 825, -5038, -5531, 7326, -118245, -1828, -56779, 32991
13539.6, 1212, -4300, -5386, 7197, -114478, -11296, -64366, 33060
13541.8, 308, -4300, -5386, 7197, -114478, -11296, -64366, 33060
13547.9, 1995, -4042, -4802, 6595, -115571, -14927, -66798, 33075
13551.6, 1810, -4042, -4802, 6595, -115571, -14927, -66798, 33047
13555.9, 1028, -4019, -4843, 7942, -113244, -8767, -59737, 33047
13559.7, 1386, -4019, -4843, 7942, -113244, -8767, -59737, 33045
13561.9, 1150, -4019, -4843, 7942, -113244, -8767, -59737, 33045
13567.6, 1759, -4478, -5246, 5749, -116241, 1483, -47727, 33048
13571.4, 1373, -4478, -5246, 5749, -116241, 1483, -47727, 33074
13575.6, 755, -4817, -6577, 6540, -115781, 14192, -38439, 33074
13579.4, 1778, -4817, -6577, 6540, -115781, 14192, -38439, 33058
13581.7, 1723, -4817, -6577, 6540, -115781, 14192, -38439, 33058
13586.0, 1527, -5485, -6978, 9188, -111494, 12267, -39279, 33058
13589.7, 1576, -5485, -6978, 9188, -111494, 12267, -39279, 33058
13592.0, 1104, -5485, -6978, 9188, -111494, 12267, -39279, 33058
13597.7, 1741, -5315, -7412, 6056, -115357, 11554, -44126, 33063
13601.4, 1649, -5315, -7412, 6056, -115357, 11554, -44126, 33066
13605.7, 1112, -4676, -7323, 6770, -111997, 9187, -50925, 33066
13609.5, 1630, -4676, -7323, 6770, -111997, 9187, -50925, 33075
13613.7, 1091, -4168, -6638, 7042, -111069, -6391, -58542, 33075
13617.5, 1401, -4168, -6638, 7042, -111069, -6391, -58542, 33115
13621.2, 2061, -4168, -6638, 7042, -111069, -6391, -58542, 33072
13625.5, 1724, -4068, -5618, 6576, -110929, -15172, -56884, 33072
13629.2, 1615, -4068, -5618, 6576, -110929, -15172, -56884, 33064
13633.4, 1109, -4135, -6068, 6756, -110194, -12880, -45548, 33064
13637.1, 1776, -4135, -6068, 6756, -110194, -12880, -45548, 33063
13640.9, 1724, -4135, -6068, 6756, -110194, -12880, -45548, 33050
13645.1, 1575, -4497, -6993, 5458, -108335, -7962, -35267, 33050
13648.8, 1339, -4497, -6993, 5458, -108335, -7962, -35267, 33041
13653.0, 1165, -4849, -7944, 4577, -104817, -3185, -32699, 33041
13656.8, 1705, -4849, -7944, 4577, -104817, -3185, -32699, 33035
13659.0, 1039, -4849, -7944, 4577, -104817, -3185, -32699, 33035
13664.8, 1191, -5126, -8477, 4744, -99125, 3320, -37603, 33032
13668.5, 1457, -5126, -8477, 4744, -99125, 3320, -37603, 33061
13672.7, 1201, -5177, -8771, 4337, -97795, 13947, -47097, 33061
13676.5, 1737, -5177, -8771, 4337, -97795, 13947, -47097, 33034
13678.8, 815, -5177, -8771, 4337, -97795, 13947, -47097, 33034
13684.5, 1407, -4987, -8225, 5193, -95166, 22916, -53520, 33031
13688.3, 1570, -4987, -8225, 5193, -95166, 22916, -53520, 33043
13694.0, 1273, -4622, -8295, 5495, -95577, 26631, -52303, 33043
13697.7, 1867, -4622, -8295, 5495, -95577, 26631, -52303, 33038
13703.4, 1571, -4622, -8295, 7164, -93053, 18939, -50400, 33035
13707.2, 1659, -4622, -8295, 7164, -93053, 18939, -50400, 33037
13712.9, 1859, -4085, -8225, 7164, -94418, 3154, -49762, 33026
13716.6, 1639, -4085, -8225, 7164, -94418, 3154, -49762, 33029
13720.9, 859, -3367, -7617, 6715, -94418, -11222, -47600, 33029
13724.7, 1354, -3367, -7617, 6715, -94418, -11222, -47600, 33012
13727.0, 566, -3367, -7617, 6715, -94418, -11222, -47600, 33012
13732.7, 1891, -3351, -7276, 6697, -96277, -21070, -41781, 33006
13736.4, 1735, -3351, -7276, 6697, -96277, -21070, -41781, 33001
13740.7, 1341, -3601, -7109, 5946, -98019, -18261, -33526, 33001
13744.5, 1391, -3601, -7109, 5946, -98019, -18261, -33526, 33005
13746.7, 393, -3601, -7109, 5946, -98019, -18261, -33526, 33005
13751.0, 1664, -3731, -7640, 4704, -97743, -8408, -29229, 33005
13754.7, 1535, -3731, -7640, 4704, -97743, -8408, -29229, 33003
13759.0, 1262, -3875, -8213, 4242, -97743, -8408, -29229, 33003
13762.8, 1547, -3875, -8213, 4242, -97743, -8408, -29229, 33002
13766.5, 1422, -3875, -8213, 4242, -97743, -8408, -29229, 32995
13770.8, 1439, -4135, -8461, 3480, -97747, 12722, -31767, 32995
13774.5, 1726, -4135, -8461, 3480, -97747, 12722, -31767, 32992
13778.7, 1339, -4384, -8566, 3805, -97747, 12722, -31767, 32992
13782.5, 1486, -4384, -8566, 3805, -97747, 12722, -31767, 32982
13786.3, 1420, -4384, -8566, 3805, -97747, 12722, -31767, 32993
13790.5, 1576, -4321, -8675, 5023, -94676, 13470, -38504, 32993
13794.3, 1676, -4321, -8675, 5023, -94676, 13470, -38504, 32965
13798.5, 1453, -4367, -8614, 5023, -94676, 13470, -38504, 32965
13802.3, 1559, -4367, -8614, 5023, -94676, 13470, -38504, 32951
13806.0, 1591, -4367, -8614, 5023, -94676, 13470, -38504, 32947
13810.2, 1018, -4070, -8342, 5021, -95293, -6146, -38071, 32947
13814.0, 1419, -4070, -8342, 5021, -95293, -6146, -38071, 32941
13818.2, 1518, -3958, -8239, 5021, -95293, -6146, -38071, 32941
13821.9, 1742, -3958, -8239, 5021, -95293, -6146, -38071, 32936
13825.6, 1435, -3958, -8239, 5021, -95293, -6146, -38071, 32947
13829.9, 1114, -3826, -8325, 5325, -98097, -15321, -31780, 32947
13833.6, 1620, -3826, -8325, 5325, -98097, -15321, -31780, 32914
13837.8, 1116, -3592, -8045, 4004, -98097, -15321, -31780, 32914
13841.6, 1312, -3592, -8045, 4004, -98097, -15321, -31780, 32906
13843.8, 835, -3592, -8045, 4004, -98097, -15321, -31780, 32906
13849.5, 1344, -3578, -8078, 4002, -102280, -11375, -32257, 32917
13853.3, 1700, -3578, -8078, 4002, -102280, -11375, -32257, 32907
13859.0, 1593, -3745, -8192, 4419, -102280, -11375, -32257, 32900
13861.2, 495, -3745, -8192, 4419, -102280, -11375, -32257, 32900
13863.5, 821, -3745, -8192, 4419, -102280, -11375, -32257, 32900
13869.2, 1541, -3862, -8311, 4177, -106366, -10001, -32419, 32886
13871.5, 527, -3862, -8311, 4177, -106366, -10001, -32419, 32886
13875.7, 1505, -3857, -8539, 4482, -108033, -9664, -31636, 32886
13879.5, 1481, -3857, -8539, 4482, -108033, -9664, -31636, 32897
13881.7, 414, -3857, -8539, 4482, -108033, -9664, -31636, 32897
13886.0, 1163, -3711, -8647, 4229, -110645, -13444, -32546, 32897
13889.8, 1485, -3711, -8647, 4229, -110645, -13444, -32546, 32901
13892.0, 596, -3711, -8647, 4229, -110645, -13444, -32546, 32901
13897.8, 1866, -3796, -8456, 3835, -112754, -16270, -35035, 32893
13901.5, 1709, -3796, -8456, 3835, -112754, -16270, -35035, 33043
13905.8, 1041, -3617, -8870, 2926, -113782, -16953, -36216, 33043
13909.5, 1244, -3617, -8870, 2926, -113782, -16953, -36216, 32874
13911.8, 323, -3617, -8870, 2926, -113782, -16953, -36216, 32874
13916.0, 1259, -3419, -9375, 2324, -113051, -14070, -36194, 32874
13919.7, 1416, -3419, -9375, 2324, -113051, -14070, -36194, 32869
13924.0, 1414, -3421, -9753, 2164, -110011, -13335, -35766, 32869
13927.8, 1609, -3421, -9753, 2164, -110011, -13335, -35766, 32858
13931.5, 1559, -3421, -9753, 2164, -110011, -13335, -35766, 32892
13935.8, 1330, -3232, -9796, 1095, -107491, -12573, -34269, 32892
13939.5, 1333, -3232, -9796, 1095, -107491, -12573, -34269, 32830
13943.8, 1356, -2911, -9918, 1504, -104043, -9625, -33561, 32830
13947.5, 1545, -2911, -9918, 1504, -104043, -9625, -33561, 32820
13951.3, 1515, -2911, -9918, 1504, -104043, -9625, -33561, 32804
13955.6, 1163, -2728, -10051, 3031, -99217, -11865, -34125, 32804
13959.3, 1472, -2728, -10051, 3031, -99217, -11865, -34125, 32805
13963.5, 1440, -2544, -10038, 2895, -100639, -16896, -33653, 32805
13967.3, 1571, -2544, -10038, 2895, -100639, -16896, -33653, 32795
13971.0, 1466, -2544, -10038, 2895, -100639, -16896, -33653, 32784
13975.3, 1299, -2513, -9768, 1725, -104231, -17198, -31622, 32784
13979.1, 1536, -2513, -9768, 1725, -104231, -17198, -31622, 32788
13983.3, 1317, -2732, -9718, 1603, -105587, -15837, -29256, 32788
13987.0, 1488, -2732, -9718, 1603, -105587, -15837, -29256, 32774
13990.8, 1458, -2732, -9718, 1603, -105587, -15837, -29256, 32766
13995.1, 1437, -2965, -9745, 726, -108479, -15277, -27597, 32766
13998.8, 1682, -2965, -9745, 726, -108479, -15277, -27597, 32764
14003.0, 1435, -3203, -10235, 556, -106742, -12976, -26880, 32764
14006.7, 1487, -3203, -10235, 556, -106742, -12976, -26880, 32747
14010.5, 1377, -3203, -10235, 556, -106742, -12976, -26880, 32744
14014.7, 1229, -3247, -10910, 1718, -100932, -13812, -27768, 32744
14018.5, 1588, -3247, -10910, 1718, -100932, -13812, -27768, 32719
14022.7, 1283, -2829, -10947, 1321, -95954, -23082, -30839, 32719
14026.4, 1516, -2829, -10947, 1321, -95954, -23082, -30839, 32718
14028.7, 803, -2829, -10947, 1321, -95954, -23082, -30839, 32718
14034.4, 1676, -1975, -10123, 255, -93403, -36159, -35105, 32672
14036.7, 630, -1975, -10123, 255, -93403, -36159, -35105, 32672
14042.4, 1676, -1361, -9830, 480, -84793, -49394, -37214, 32694
14046.2, 1536, -1361, -9830, 480, -84793, -49394, -37214, 32692
14050.4, 1296, -1046, -10168, -466, -81056, -54972, -35193, 32692
14054.1, 1750, -1046, -10168, -466, -81056, -54972, -35193, 32672
14056.4, 781, -1046, -10168, -466, -81056, -54972, -35193, 32672
14060.6, 1270, -1118, -10824, -1730, -78099, -47425, -29741, 32672
14064.3, 1680, -1118, -10824, -1730, -78099, -47425, -29741, 32656
14066.6, 756, -1118, -10824, -1730, -78099, -47425, -29741, 32656
14070.8, 1288, -1528, -11099, -2147, -72368, -31496, -22728, 32656
14074.5, 1727, -1528, -11099, -2147, -72368, -31496, -22728, 32643
14076.8, 832, -1528, -11099, -2147, -72368, -31496, -22728, 32643
14081.0, 1601, -1987, -10719, -1664, -64961, -17447, -17539, 32643
14084.8, 1757, -1987, -10719, -1664, -64961, -17447, -17539, 32589
14089.1, 1619, -2005, -10138, -1361, -59225, -9905, -15177, 32589
14092.8, 1725, -2005, -10138, -1361, -59225, -9905, -15177, 32630
14096.6, 1732, -2005, -10138, -1361, -59225, -9905, -15177, 32616
14100.8, 1649, -2097, -9802, -736, -56210, -6702, -14472, 32616
14104.5, 1832, -2097, -9802, -736, -56210, -6702, -14472, 32608
14108.7, 1480, -2056, -9920, 340, -51888, -9349, -15925, 32608
14112.5, 1717, -2056, -9920, 340, -51888, -9349, -15925, 32305
14116.2, 1796, -2056, -9920, 340, -51888, -9349, -15925, 32611
14120.4, 1611, -1847, -9947, 631, -48222, -13728, -17316, 32611
14124.2, 1702, -1847, -9947, 631, -48222, -13728, -17316, 32316
14128.4, 1362, -1627, -10248, 244, -48405, -12499, -16533, 32316
14132.1, 1762, -1627, -10248, 244, -48405, -12499, -16533, 32317
14135.9, 2053, -1627, -10248, 244, -48405, -12499, -16533, 32266
14140.1, 1662, -1403, -10402, -118, -45806, -8557, -15618, 32266
14143.8, 1605, -1403, -10402, -118, -45806, -8557, -15618, 32333
14148.1, 1349, -1254, -10445, -290, -40106, -9078, -16402, 32333
14151.8, 1560, -1254, -10445, -290, -40106, -9078, -16402, 32300
14154.1, 720, -1254, -10445, -290, -40106, -9078, -16402, 32300
14159.9, 1836, -1395, -10151, -993, -35551, -10185, -15995, 32288
14163.6, 1734, -1395, -10151, -993, -35551, -10185, -15995, 32295
14167.9, 1761, -1758, -9903, -1132, -30419, -6418, -12377, 32295
14171.6, 1716, -1758, -9903, -1132, -30419, -6418, -12377, 32272
14173.9, 493, -1758, -9903, -1132, -30419, -6418, -12377, 32272
14179.7, 1456, -2402, -10061, -708, -24701, 1574, -6426, 32271
14183.4, 1717, -2402, -10061, -708, -24701, 1574, -6426, 32264
14189.2, 1695, -2424, -10322, 201, -19372, 6597, -2358, 32293
14191.4, 583, -2424, -10322, 201, -19372, 6597, -2358, 32293
14195.7, 1462, -2135, -10433, 501, -18055, 5696, -2069, 32293
14199.4, 1625, -2135, -10433, 501, -18055, 5696, -2069, 32259
14201.7, 667, -2135, -10433, 501, -18055, 5696, -2069, 32259
14207.4, 1780, -1882, -9969, 162, -17220, 1194, -5018, 32262
14211.2, 1630, -1882, -9969, 162, -17220, 1194, -5018, 32264
14215.4, 1615, -1866, -9940, 745, -12963, -4121, -7665, 32264
14219.2, 1904, -1866, -9940, 745, -12963, -4121, -7665, 32276
14221.5, 926, -1866, -9940, 745, -12963, -4121, -7665, 32276
14225.7, 1174, -2065, -10344, 1091, -12630, -9108, -7354, 32276
14229.5, 1353, -2065, -10344, 1091, -12630, -9108, -7354, 32284
14231.8, 622, -2065, -10344, 1091, -12630, -9108, -7354, 32284
14237.5, 1670, -2569, -10507, 842, -8675, -12665, -4720, 32305
14241.3, 1333, -2569, -10507, 842, -8675, -12665, -4720, 32275
14245.5, 1055, -2516, -10454, -332, -8885, -12788, -2266, 32275
14249.3, 1669, -2516, -10454, -332, -8885, -12788, -2266, 32334
14251.6, 1081, -2516, -10454, -332, -8885, -12788, -2266, 32334
14255.9, 1589, -2341, -10027, -533, -3360, -14144, -2668, 32334
14259.6, 1489, -2341, -10027, -533, -3360, -14144, -2668, 32328
14263.9, 1278, -2341, -10022, -236, 1343, -17167, -4217, 32328
14267.6, 1722, -2341, -10022, -236, 1343, -17167, -4217, 32353
14271.3, 1654, -2341, -10022, -236, 1343, -17167, -4217, 32371
14275.6, 1270, -2128, -10133, 111, 3990, -18738, -3578, 32371
14279.4, 1335, -2128, -10133, 111, 3990, -18738, -3578, 32380
14283.6, 1547, -2128, -10241, 721, 6833, -19766, -297, 32380
14287.3, 1588, -2128, -10241, 721, 6833, -19766, -297, 32358
14291.1, 1434, -2128, -10241, 721, 6833, -19766, -297, 32415
14295.3, 1228, -2161, -10350, 659, 8535, -24622, 1015, 32415
14299.1, 1191, -2161, -10350, 659, 8535, -24622, 1015, 32402
14303.3, 1314, -2161, -10200, -153, 9756, -30577, 83, 32402
14307.0, 1766, -2161, -10200, -153, 9756, -30577, 83, 32399
14310.8, 1848, -2161, -10200, -153, 9756, -30577, 83, 32404
14315.0, 1238, -2256, -10207, -714, 13103, -29571, 888, 32404
14318.7, 1173, -2256, -10207, -714, 13103, -29571, 888, 32399
14323.0, 955, -2256, -10207, -987, 16511, -23222, 2922, 32399
14326.8, 1133, -2256, -10207, -987, 16511, -23222, 2922, 32360
14330.5, 1694, -2256, -10207, -987, 16511, -23222, 2922, 32431
14334.8, 1487, -1831, -10324, -319, 21975, -17172, 4602, 32431
14338.6, 1353, -1831, -10324, -319, 21975, -17172, 4602, 32420
14342.8, 1091, -1831, -10232, -638, 21394, -10421, 6881, 32420
14346.5, 1545, -1831, -10232, -638, 21394, -10421, 6881, 32437
14348.8, 730, -1831, -10232, -638, 21394, -10421, 6881, 32437
14354.5, 1213, -1922, -10164, -749, 25034, -3836, 9905, 32425
14356.8, 40, -1922, -10164, -749, 25034, -3836, 9905, 32425
14362.5, 1451, -1922, -10164, -749, 25034, -3836, 9905, 32475
14366.2, 1307, -1922, -10164, -749, 25034, -3836, 9905, 32492
14370.5, 1192, -2135, -10226, -84, 30052, 520, 12250, 32492
14374.2, 1382, -2135, -10226, -84, 30052, 520, 12250, 32496
14376.5, 518, -2135, -10226, -84, 30052, 520, 12250, 32496
14380.7, 2140, -2233, -10374, 160, 31741, 2113, 13418, 32496
14384.4, 1705, -2233, -10374, 160, 31741, 2113, 13418, 32508
14386.7, 164, -2233, -10374, 160, 31741, 2113, 13418, 32508
14390.9, 648, -2343, -10498, 433, 34598, 2056, 14512, 32508
14394.6, 902, -2343, -10498, 433, 34598, 2056, 14512, 32469
14396.9, 349, -2343, -10498, 433, 34598, 2056, 14512, 32469
14402.6, 1793, -2366, -10501, 511, 41873, 3832, 15286, 32460
14406.3, 1760, -2366, -10501, 511, 41873, 3832, 15286, 32427
14410.6, 1380, -2285, -10402, 412, 41873, 3832, 15360, 32427
14414.4, 1180, -2285, -10402, 412, 41873, 3832, 15360, 32409
14418.6, 831, -2067, -10090, -21, 43260, 6453, 15360, 32409
14422.3, 1226, -2067, -10090, -21, 43260, 6453, 15360, 32420
14426.1, 1966, -2067, -10090, -21, 43260, 6453, 15360, 32414
14430.4, 1467, -1957, -9970, 476, 47478, 5013, 14560, 32414
14434.2, 1285, -1957, -9970, 476, 47478, 5013, 14560, 32417
14438.4, 1045, -2100, -10006, 836, 49652, 3141, 14560, 32417
14442.1, 1070, -2100, -10006, 836, 49652, 3141, 14560, 32429
14445.9, 1188, -2100, -10006, 836, 49652, 3141, 14560, 32409
14450.1, 1524, -1956, -10190, 311, 48462, 6129, 16861, 32409
14453.9, 1695, -1956, -10190, 311, 48462, 6129, 16861, 32403
14458.1, 1633, -1864, -10380, 119, 52557, 11038, 16861, 32403
14461.8, 1289, -1864, -10380, 119, 52557, 11038, 16861, 32392
14465.6, 1156, -1864, -10380, 119, 52557, 11038, 16861, 32400
14469.8, 1026, -2027, -10164, -334, 54762, 15387, 14695, 32400
14473.5, 1340, -2027, -10164, -334, 54762, 15387, 14695, 32400
14477.8, 1279, -2524, -10149, -383, 57037, 22916, 14695, 32400
14481.5, 1870, -2524, -10149, -383, 57037, 22916, 14695, 32391
14483.8, 293, -2524, -10149, -383, 57037, 22916, 14695, 32391
14489.6, 1056, -3089, -10112, 900, 59964, 32725, 17915, 32389
14493.3, 1445, -3089, -10112, 900, 59964, 32725, 17915, 32375
14499.0, 1273, -3270, -9810, 2331, 57593, 35368, 17915, 32383
14502.8, 1123, -3270, -9810, 2331, 57593, 35368, 17915, 32382
14508.5, 1389, -3343, -9702, 3202, 53174, 25738, 17408, 32369
14510.8, 98, -3343, -9702, 3202, 53174, 25738, 17408, 32369
14513.1, 11, -3343, -9702, 3202, 53174, 25738, 17408, 32369
14518.8, 1187, -3433, -9656, 3241, 52697, 9730, 16279, 32382
14521.1, 35, -3433, -9656, 3241, 52697, 9730, 16279, 32382
14523.3, 91, -3433, -9656, 3241, 52697, 9730, 16279, 32382
14529.1, 1751, -3326, -9580, 1910, 49145, -2948, 15146, 32371
14531.3, 534, -3326, -9580, 1910, 49145, -2948, 15146, 32371
14535.6, 1265, -3215, -9884, 1062, 51910, -8085, 13606, 32371
14539.3, 1086, -3215, -9884, 1062, 51910, -8085, 13606, 32365
14541.6, 32, -3215, -9884, 1062, 51910, -8085, 13606, 32365
14545.8, 1172, -2969, -10057, 836, 58096, -7336, 11278, 32365
14549.6, 2048, -2969, -10057, 836, 58096, -7336, 11278, 32391
14551.8, 1073, -2969, -10057, 836, 58096, -7336, 11278, 32391
14557.6, 1320, -2818, -10166, 626, 64387, 367, 9550, 32364
14561.3, 1190, -2818, -10166, 626, 64387, 367, 9550, 32368
14565.6, 867, -2654, -10177, 689, 66054, 15649, 11125, 32368
14569.3, 1260, -2654, -10177, 689, 66054, 15649, 11125, 32380
14571.6, 48, -2654, -10177, 689, 66054, 15649, 11125, 32380
14575.9, 1447, -2312, -10518, 1006, 69003, 31535, 14162, 32380
14579.7, 1428, -2312, -10518, 1006, 69003, 31535, 14162, 32374
14584.0, 980, -1880, -10740, 1067, 73400, 39463, 15299, 32374
14587.7, 1089, -1880, -10740, 1067, 73400, 39463, 15299, 32384
14591.4, 1545, -1880, -10740, 1067, 73400, 39463, 15299, 32371
14595.7, 1411, -1945, -10396, 1403, 79040, 40128, 15995, 32371
14599.5, 1234, -1945, -10396, 1403, 79040, 40128, 15995, 32357
14603.7, 1018, -2584, -10015, 1582, 81503, 39856, 20247, 32357
14607.5, 1092, -2584, -10015, 1582, 81503, 39856, 20247, 32372
14611.2, 957, -2584, -10015, 1582, 81503, 39856, 20247, 32337
14615.5, 1476, -3318, -10261, 1648, 81826, 45010, 28101, 32337
14619.2, 1725, -3318, -10261, 1648, 81826, 45010, 28101, 32329
14623.4, 1019, -3537, -10957, 1776, 84005, 49622, 33447, 32329
14627.1, 1130, -3537, -10957, 1776, 84005, 49622, 33447, 32321
14630.9, 1598, -3537, -10957, 1776, 84005, 49622, 33447, 32324
14635.1, 981, -3409, -11075, 1615, 88183, 47434, 30686, 32324
14638.8, 1182, -3409, -11075, 1615, 88183, 47434, 30686, 32374
14643.1, 646, -3185, -10789, 1548, 91837, 40898, 23726, 32374
14646.8, 937, -3185, -10789, 1548, 91837, 40898, 23726, 32307
14649.1, 74, -3185, -10789, 1548, 91837, 40898, 23726, 32307
14654.9, 1594, -3227, -10424, 2037, 96649, 34479, 19525, 32370
14658.6, 1232, -3227, -10424, 2037, 96649, 34479, 19525, 32410
14662.8, 913, -3248, -10042, 2118, 97581, 31863, 22352, 32410
14666.6, 1333, -3248, -10042, 2118, 97581, 31863, 22352, 32388
14668.9, 47, -3248, -10042, 2118, 97581, 31863, 22352, 32388
14674.6, 1118, -3339, -10185, 2161, 97410, 32773, 28827, 32377
14676.9, 33, -3339, -10185, 2161, 97410, 32773, 28827, 32377
14682.6, 1231, -3205, -10322, 2538, 101659, 32620, 32979, 32364
14686.3, 1159, -3205, -10322, 2538, 101659, 32620, 32979, 32365
14690.6, 1170, -2852, -10513, 2313, 102560, 34926, 32602, 32365
14694.3, 1137, -2852, -10513, 2313, 102560, 34926, 32602, 32382
14696.6, 36, -2852, -10513, 2313, 102560, 34926, 32602, 32382
14700.8, 1185, -2934, -10204, 2866, 106139, 37861, 30131, 32382
14704.5, 1837, -2934, -10204, 2866, 106139, 37861, 30131, 32364
14706.8, 468, -2934, -10204, 2866, 106139, 37861, 30131, 32364
14711.0, 732, -2940, -9888, 2480, 104546, 38185, 29496, 32364
14714.8, 916, -2940, -9888, 2480, 104546, 38185, 29496, 32361
14717.0, 265, -2940, -9888, 2480, 104546, 38185, 29496, 32361
14722.8, 1689, -3265, -9532, 3544, 107928, 34742, 31417, 32359
14726.5, 1629, -3265, -9532, 3544, 107928, 34742, 31417, 32358
14730.8, 740, -3608, -9272, 3430, 109718, 29448, 36794, 32358
14734.5, 987, -3608, -9272, 3430, 109718, 29448, 36794, 32375
14738.7, 1263, -4059, -8918, 2613, 107464, 32598, 44577, 32375
14742.5, 1775, -4059, -8918, 2613, 107464, 32598, 44577, 32364
14746.3, 1390, -4059, -8918, 2613, 107464, 32598, 44577, 32357
14750.5, 1148, -4432, -8982, 3095, 108711, 39515, 49027, 32357
14754.3, 998, -4432, -8982, 3095, 108711, 39515, 49027, 32362
14758.5, 748, -4508, -8935, 4041, 110282, 39091, 46957, 32362
14762.3, 2052, -4508, -8935, 4041, 110282, 39091, 46957, 32353
14766.0, 1259, -4508, -8935, 4041, 110282, 39091, 46957, 32348
14770.3, 688, -4525, -8760, 4452, 107587, 36886, 42188, 32348
14774.1, 1318, -4525, -8760, 4452, 107587, 36886, 42188, 32342
14778.3, 1120, -4392, -8361, 6072, 107626, 29610, 39603, 32342
14782.1, 1544, -4392, -8361, 6072, 107626, 29610, 39603, 32345
14785.8, 1156, -4392, -8361, 6072, 107626, 29610, 39603, 32334
14790.1, 939, -4251, -7454, 5804, 103614, 17132, 41606, 32334
14793.8, 1204, -4251, -7454, 5804, 103614, 17132, 41606, 32335
14798.0, 1251, -3951, -7098, 4962, 103277, 7183, 48751, 32335
14801.7, 1516, -3951, -7098, 4962, 103277, 7183, 48751, 32352
14805.5, 1035, -3951, -7098, 4962, 103277, 7183, 48751, 32365
14809.7, 1005, -3890, -7060, 4400, 103741, 87, 57042, 32365
14813.4, 1125, -3890, -7060, 4400, 103741, 87, 57042, 32383
14819.2, 1257, -4101, -7334, 2986, 104879, 2975, 64383, 32345
14822.9, 1743, -4101, -7334, 2986, 104879, 2975, 64383, 32437
14828.6, 1102, -4593, -7661, 3331, 110225, 14092, 69366, 32470
14830.8, 120, -4593, -7661, 3331, 110225, 14092, 69366, 32470
14833.1, 24, -4593, -7661, 3331, 110225, 14092, 69366, 32470
14838.8, 986, -4939, -8198, 3735, 112846, 24793, 70976, 32501
14841.0, 31, -4939, -8198, 3735, 112846, 24793, 70976, 32501
14843.3, 10, -4939, -8198, 3735, 112846, 24793, 70976, 32501
14849.0, 1622, -5510, -8059, 4529, 115554, 34493, 72372, 32510
14851.3, 921, -5510, -8059, 4529, 115554, 34493, 72372, 32510
14855.5, 970, -5570, -8090, 5784, 117212, 37323, 73387, 32510
14859.3, 988, -5570, -8090, 5784, 117212, 37323, 73387, 32535
14861.6, 484, -5570, -8090, 5784, 117212, 37323, 73387, 32535
14865.8, 1236, -5114, -7633, 6531, 117125, 26355, 71904, 32535
14869.5, 1013, -5114, -7633, 6531, 117125, 26355, 71904, 32558
14871.8, 30, -5114, -7633, 6531, 117125, 26355, 71904, 32558
14876.0, 1521, -4794, -7104, 6827, 119601, 4886, 70723, 32558
14879.7, 2125, -4794, -7104, 6827, 119601, 4886, 70723, 32564
14882.0, 341, -4794, -7104, 6827, 119601, 4886, 70723, 32564
14887.7, 1288, -4465, -6598, 5575, 121101, -10845, 74988, 32586
14891.4, 1313, -4465, -6598, 5575, 121101, -10845, 74988, 32591
14895.7, 1024, -4574, -6792, 5269, 123105, -13020, 84255, 32591
14899.5, 1128, -4574, -6792, 5269, 123105, -13020, 84255, 32621
14903.7, 752, -4574, -6792, 5269, 123105, -8238, 90266, 32621
14907.5, 1307, -4574, -6792, 5269, 123105, -8238, 90266, 32663
14911.2, 1440, -4574, -6792, 5269, 123105, -8238, 90266, 32633
14915.5, 1223, -5134, -7339, 4551, 125577, 2292, 90082, 32633
14919.2, 1742, -5134, -7339, 4551, 125577, 2292, 90082, 32692
14923.4, 1156, -5134, -7339, 4551, 125577, 14848, 85738, 32692
14927.1, 1347, -5134, -7339, 4551, 125577, 14848, 85738, 32671
14930.9, 1102, -5134, -7339, 4551, 125577, 14848, 85738, 32671
14935.1, 834, -5648, -6802, 6262, 127231, 19215, 79989, 32671
14938.8, 1326, -5648, -6802, 6262, 127231, 19215, 79989, 32726
14943.1, 1193, -5648, -6802, 6262, 127231, 16633, 77364, 32726
14947.2, 1209, -5648, -6802, 6262, 127231, 16633, 77364, 32684
14950.9, 1357, -5648, -6802, 6262, 127231, 16633, 77364, 32757
14955.2, 1469, -5493, -6114, 7646, 128837, 10920, 78086, 32757
14958.9, 1196, -5493, -6114, 7646, 128837, 10920, 78086, 32750
14963.1, 997, -5493, -6114, 7646, 128915, -568, 79403, 32750
14966.9, 984, -5493, -6114, 7646, 128915, -568, 79403, 32776
14970.6, 2319, -5493, -6114, 7646, 128915, -568, 79403, 32776
14974.9, 1876, -5470, -5211, 6602, 130022, -8421, 81997, 32776
14978.6, 1038, -5470, -5211, 6602, 130022, -8421, 81997, 32779
14982.8, 784, -5470, -5211, 6602, 129751, -8863, 84911, 32779
14986.5, 1370, -5470, -5211, 6602, 129751, -8863, 84911, 32767
14988.8, 344, -5470, -5211, 6602, 129751, -8863, 84911, 32767
14994.5, 1893, -5350, -5294, 6011, 130963, -7564, 85720, 32763
14996.8, 694, -5350, -5294, 6011, 130963, -7564, 85720, 32763
15002.5, 1188, -5219, -5322, 5950, 130963, -7564, 85720, 32711
15006.3, 1137, -5219, -5322, 5950, 130963, -7564, 85720, 32766
15010.5, 1054, -5027, -5204, 6300, 135644, -6081, 84246, 32766
15014.3, 1661, -5027, -5204, 6300, 135644, -6081, 84246, 32758
15016.6, 549, -5027, -5204, 6300, 135644, -6081, 84246, 32758
15020.8, 686, -5315, -4700, 6409, 138549, -3605, 85878, 32758
15024.6, 1180, -5315, -4700, 6409, 138549, -3605, 85878, 32748
15026.8, 572, -5315, -4700, 6409, 138549, -3605, 85878, 32748
15032.6, 1462, -5824, -4350, 6848, 140028, 1347, 92795, 32723
15036.3, 1197, -5824, -4350, 6848, 140028, 1347, 92795, 32742
15040.5, 1136, -5995, -4285, 7807, 139157, 4134, 98972, 32742
15044.3, 1277, -5995, -4285, 7807, 139157, 4134, 98972, 32730
15046.5, 97, -5995, -4285, 7807, 139157, 4134, 98972, 32730
15050.8, 1463, -6045, -4074, 7200, 138715, 1513, 97109, 32730
15054.6, 1708, -6045, -4074, 7200, 138715, 1513, 97109, 32732
15058.8, 793, -6019, -3785, 6973, 138834, -756, 91080, 32732
15062.5, 1428, -6019, -3785, 6973, 138834, -756, 91080, 32739
15066.3, 1184, -6019, -3785, 6973, 138834, -756, 91080, 32722
15070.5, 1154, -5785, -3348, 7345, 139157, -5516, 84561, 32722
15074.3, 1065, -5785, -3348, 7345, 139157, -5516, 84561, 32726
15078.5, 926, -5673, -2835, 6856, 138781, -8430, 82964, 32726
15082.2, 1564, -5673, -2835, 6856, 138781, -8430, 82964, 32735
15086.0, 1985, -5673, -2835, 6856, 138781, -8430, 82964, 32763
15090.3, 1258, -5933, -2247, 6618, 138781, -9782, 88363, 32763
15094.0, 1183, -5933, -2247, 6618, 138781, -9782, 88363, 32754
15098.3, 919, -6510, -2154, 5669, 140632, -8369, 97498, 32754
15102.0, 850, -6510, -2154, 5669, 140632, -8369, 97498, 32745
15105.7, 2445, -6510, -2154, 5669, 140632, -8369, 97498, 32742
15110.0, 1754, -7159, -2149, 7005, 142741, -4554, 102472, 32742
15113.7, 1258, -7159, -2149, 7005, 142741, -4554, 102472, 32740
15117.9, 864, -7293, -2232, 7707, 141432, -1220, 98277, 32740
15121.7, 1460, -7293, -2232, 7707, 141432, -1220, 98277, 32717
15124.0, 214, -7293, -2232, 7707, 141432, -1220, 98277, 32717
15129.8, 650, -6645, -2018, 8422, 140365, -3771, 84863, 32706
15133.5, 1506, -6645, -2018, 8422, 140365, -3771, 84863, 32669
15137.7, 1341, -5935, -1332, 8032, 138934, -14993, 70276, 32669
15141.5, 1042, -5935, -1332, 8032, 138934, -14993, 70276, 32698
15143.8, 258, -5935, -1332, 8032, 138934, -14993, 70276, 32698
15149.6, 1553, -5267, -25, 7483, 136668, -25410, 67673, 32703
15153.3, 1438, -5267, -25, 7483, 136668, -25410, 67673, 32701
15159.0, 1228, -5028, 467, 6071, 134419, -21827, 78746, 32744
15161.3, 176, -5028, 467, 6071, 134419, -21827, 78746, 32744
15163.6, 54, -5028, 467, 6071, 134419, -21827, 78746, 32744
15169.3, 1955, -5361, 492, 5300, 135198, -8710, 92869, 32718
15171.5, 816, -5361, 492, 5300, 135198, -8710, 92869, 32718
15175.8, 700, -6060, -41, 6620, 137368, 6076, 100504, 32718
15179.5, 1225, -6060, -41, 6620, 137368, 6076, 100504, 32703
15181.8, 264, -6060, -41, 6620, 137368, 6076, 100504, 32703
15187.6, 1113, -6762, -126, 8140, 136992, 17447, 98745, 32736
15191.3, 1577, -6762, -126, 8140, 136992, 17447, 98745, 32755
15195.6, 929, -6802, -112, 7322, 130460, 23428, 90804, 32755
15199.3, 1242, -6802, -112, 7322, 130460, 23428, 90804, 32762
15201.6, 997, -6802, -112, 7322, 130460, 23428, 90804, 32762
15205.9, 2132, -6357, 332, 8020, 126439, 17994, 81612, 32762
15209.7, 1304, -6357, 332, 8020, 126439, 17994, 81612, 33047
15213.9, 1332, -5504, 759, 7645, 125442, 3062, 74314, 33047
15217.6, 1472, -5504, 759, 7645, 125442, 3062, 74314, 33092
15221.4, 1687, -5504, 759, 7645, 125442, 3062, 74314, 33061
15225.6, 982, -5211, 1393, 6336, 126308, -6584, 73431, 33061
15229.4, 825, -5211, 1393, 6336, 126308, -6584, 73431, 33050
15233.6, 1414, -5413, 1624, 6680, 128351, -7695, 78523, 33050
15237.3, 2298, -5413, 1624, 6680, 128351, -7695, 78523, 33040
15241.1, 1442, -5413, 1624, 6680, 128351, -7695, 78523, 33011
15245.3, 760, -5299, 1599, 7516, 131348, -8308, 82649, 33011
15249.0, 1038, -5299, 1599, 7516, 131348, -8308, 82649, 33006
15253.3, 1096, -5270, 1534, 7628, 129738, -7214, 83375, 33006
15257.0, 1485, -5270, 1534, 7628, 129738, -7214, 83375, 32995
15260.7, 966, -5270, 1534, 7628, 129738, -7214, 83375, 32983
15265.0, 890, -5311, 1757, 7636, 125144, -2384, 84088, 32983
15268.7, 1784, -5311, 1757, 7636, 125144, -2384, 84088, 32988
15273.0, 1726, -5207, 1911, 7728, 122659, -2804, 84049, 32988
15276.7, 1535, -5207, 1911, 7728, 122659, -2804, 84049, 32966
15279.0, 167, -5207, 1911, 7728, 122659, -2804, 84049, 32966
15284.7, 867, -5496, 1996, 6001, 120423, -6330, 82846, 32934
15288.5, 1355, -5496, 1996, 6001, 120423, -6330, 82846, 32963
15292.7, 594, -5616, 2307, 4573, 123551, -3635, 82343, 32963
15296.5, 1867, -5616, 2307, 4573, 123551, -3635, 82343, 32963
15298.8, 1081, -5616, 2307, 4573, 123551, -3635, 82343, 32963
15304.5, 1322, -5715, 2573, 5649, 125140, 1513, 78856, 32954
15308.2, 856, -5715, 2573, 5649, 125140, 1513, 78856, 32949
15313.9, 1192, -5871, 3270, 5807, 125875, 7118, 73483, 32940
15316.2, 132, -5871, 3270, 5807, 125875, 7118, 73483, 32940
15318.5, 635, -5871, 3270, 5807, 125875, 7118, 73483, 32940
15324.2, 1731, -5897, 3596, 7096, 124877, 8610, 68771, 32924
15326.5, 698, -5897, 3596, 7096, 124877, 8610, 68771, 32924
15330.7, 951, -5613, 4022, 8366, 122707, 1067, 64029, 32924
15334.5, 1096, -5613, 4022, 8366, 122707, 1067, 64029, 32924
15336.7, 547, -5613, 4022, 8366, 122707, 1067, 64029, 32924
15341.0, 1404, -4945, 4479, 7251, 116600, -9428, 59479, 32924
15344.7, 1317, -4945, 4479, 7251, 116600, -9428, 59479, 32916
15347.0, 144, -4945, 4479, 7251, 116600, -9428, 59479, 32916
15352.8, 1193, -4594, 4386, 6421, 109731, -15776, 59452, 32925
15356.5, 1429, -4594, 4386, 6421, 109731, -15776, 59452, 32928
15360.8, 2029, -4420, 4314, 4786, 110361, -22129, 62957, 32928
15364.5, 1890, -4420, 4314, 4786, 110361, -22129, 62957, 32934
15366.8, 549, -4420, 4314, 4786, 110361, -22129, 62957, 32934
15371.0, 1039, -4955, 3967, 3605, 111905, -17885, 67472, 32934
15374.7, 1113, -4955, 3967, 3605, 111905, -17885, 67472, 32930
15379.0, 1284, -4960, 3694, 4853, 118573, 1644, 69174, 32930
15382.8, 1615, -4960, 3694, 4853, 118573, 1644, 69174, 32932
15386.5, 1306, -4960, 3694, 4853, 118573, 1644, 69174, 32936
15390.8, 1056, -4558, 3921, 5866, 115235, 15435, 63552, 32936
15394.5, 1201, -4558, 3921, 5866, 115235, 15435, 63552, 32961
15398.8, 1079, -4479, 4945, 6925, 112273, 13462, 56202, 32961
15402.5, 1463, -4479, 4945, 6925, 112273, 13462, 56202, 32935
15406.3, 1175, -4479, 4945, 6925, 112273, 13462, 56202, 32929
15410.6, 1042, -4432, 5709, 6494, 105469, 4672, 54574, 32929
15414.3, 1434, -4432, 5709, 6494, 105469, 4672, 54574, 32916
15418.5, 919, -4525, 6357, 5624, 101453, -7227, 59247, 32916
15422.3, 1249, -4525, 6357, 5624, 101453, -7227, 59247, 32900
15426.0, 1323, -4525, 6357, 5624, 101453, -7227, 59247, 32874
15430.2, 672, -4975, 6086, 5222, 101982, -22667, 65354, 32874
15434.0, 988, -4975, 6086, 5222, 101982, -22667, 65354, 32877
15438.2, 1684, -5352, 5389, 4091, 103072, -31159, 67721, 32877
15441.9, 1246, -5352, 5389, 4091, 103072, -31159, 67721, 32838
15445.7, 934, -5352, 5389, 4091, 103072, -31159, 67721, 32845
15449.9, 1512, -5572, 4673, 3430, 100692, -25559, 63989, 32845
15453.6, 1693, -5572, 4673, 3430, 100692, -25559, 63989, 32821
15457.8, 924, -4884, 4219, 4400, 98557, -17740, 50405, 32821
15461.6, 1144, -4884, 4219, 4400, 98557, -17740, 50405, 32806
15463.8, 46, -4884, 4219, 4400, 98557, -17740, 50405, 32806
15469.6, 1120, -3884, 5248, 5516, 99497, -15417, 32471, 32799
15473.4, 1143, -3884, 5248, 5516, 99497, -15417, 32471, 32831
15479.1, 1367, -3469, 6495, 5653, 94466, -17172, 24216, 32804
15481.4, 46, -3469, 6495, 5653, 94466, -17172, 24216, 32804
15483.6, 9, -3469, 6495, 5653, 94466, -17172, 24216, 32804
15489.4, 1262, -3242, 7269, 5290, 86923, -24316, 29899, 32790
15491.6, 79, -3242, 7269, 5290, 86923, -24316, 29899, 32790
15495.9, 873, -3242, 7269, 5026, 83813, -31697, 42359, 32790
15499.6, 1123, -3242, 7269, 5026, 83813, -31697, 42359, 32788
15501.9, 30, -3242, 7269, 5026, 83813, -31697, 42359, 32788
15507.7, 1359, -3640, 6629, 4389, 81669, -31089, 52247, 32780
15511.4, 1096, -3640, 6629, 4389, 81669, -31089, 52247, 32770
15515.6, 903, -3640, 6629, 3253, 79206, -24001, 56014, 32770
15519.3, 1747, -3640, 6629, 3253, 79206, -24001, 56014, 32692
15521.6, 825, -3640, 6629, 3253, 79206, -24001, 56014, 32692
15525.8, 1233, -4019, 5542, 4212, 71698, -19744, 50812, 32692
15529.5, 1174, -4019, 5542, 4212, 71698, -19744, 50812, 32728
15531.8, 35, -4019, 5542, 4212, 71698, -19744, 50812, 32728
15536.0, 1204, -3376, 6231, 4267, 69900, -21315, 38653, 32728
15539.7, 1130, -3376, 6231, 4267, 69900, -21315, 38653, 32710
15544.0, 1001, -3376, 6231, 4267, 69900, -21315, 38653, 32710
15547.7, 1156, -3376, 6231, 4267, 69900, -21315, 38653, 32689
15551.4, 1377, -3376, 6231, 4267, 69900, -21315, 38653, 32666
15555.7, 1248, -3887, 7978, 4891, 72289, -26049, 32817, 32666
15559.5, 1167, -3887, 7978, 4891, 72289, -26049, 32817, 32626
15563.7, 1121, -3887, 7978, 4891, 72289, -26049, 32817, 32626
15567.5, 1190, -3887, 7978, 4891, 72289, -26049, 32817, 32600
15571.2, 1142, -3887, 7978, 4891, 72289, -26049, 32817, 32582
15575.5, 1213, -4785, 7197, 3811, 54526, -37927, 46349, 32582
15579.2, 1221, -4785, 7197, 3811, 54526, -37927, 46349, 32569
15583.4, 1090, -4785, 7197, 3811, 54526, -37927, 46349, 32569
15587.1, 1123, -4785, 7197, 3811, 54526, -37927, 46349, 32550
15590.9, 1462, -4785, 7197, 3811, 54526, -37927, 46349, 32521
15595.1, 1151, -3227, 6192, 4154, 52465, -33876, 29956, 32521
15598.8, 1290, -3227, 6192, 4154, 52465, -33876, 29956, 32506
15603.1, 1170, -3227, 6192, 4154, 52465, -33876, 29956, 32506
15606.8, 1323, -3227, 6192, 4154, 52465, -33876, 29956, 32463
15609.1, 68, -3227, 6192, 4154, 52465, -33876, 29956, 32463
15614.9, 1237, -2763, 7271, 4993, 46778, -25541, 20396, 32429
15618.6, 1389, -2763, 7271, 4993, 46778, -25541, 20396, 32397
15622.8, 982, -2763, 7271, 4993, 46778, -25541, 20396, 32397
15626.6, 1276, -2763, 7271, 4993, 46778, -25541, 20396, 32363
15628.8, 99, -2763, 7271, 4993, 46778, -25541, 20396, 32363
15634.6, 1294, -2630, 7813, 2708, 63792, -43383, 8220, 32345
15638.3, 1278, -2630, 7813, 2708, 63792, -43383, 8220, 32301
15644.0, 1181, -2630, 7813, 2708, 63792, -43383, 8220, 32333
15646.2, 33, -2630, 7813, 2708, 63792, -43383, 8220, 32333
15650.5, 1220, -3486, 8022, 3789, 67612, -27033, 10885, 32333
15654.3, 1150, -3486, 8022, 3789, 67612, -27033, 10885, 32338
15656.5, 33, -3486, 8022, 3789, 67612, -27033, 10885, 32338
15660.8, 1148, -2980, 8179, 2948, 58512, -22155, 5556, 32338
15664.5, 1193, -2980, 8179, 2948, 58512, -22155, 5556, 32353
15666.8, 38, -2980, 8179, 2948, 58512, -22155, 5556, 32353
15671.0, 1458, -3568, 9136, 3114, 48908, -18891, 2095, 32353
15674.8, 1188, -3568, 9136, 3114, 48908, -18891, 2095, 32377
15677.0, 34, -3568, 9136, 3114, 48908, -18891, 2095, 32377
15682.8, 1308, -3824, 9785, 2825, 49556, -19687, 3360, 32411
15686.5, 1139, -3824, 9785, 2825, 49556, -19687, 3360, 32456
15690.8, 1069, -3750, 8334, 3544, 46870, -18147, -564, 32456
15694.5, 1066, -3750, 8334, 3544, 46870, -18147, -564, 32529
15696.8, 29, -3750, 8334, 3544, 46870, -18147, -564, 32529
15701.0, 1033, -3924, 8822, 3777, 36781, -16266, -5123, 32529
15704.8, 1159, -3924, 8822, 3777, 36781, -16266, -5123, 32580
15709.0, 986, -3796, 9104, 4067, 24959, -14831, -7962, 32580
15712.8, 1121, -3796, 9104, 4067, 24959, -14831, -7962, 32735
15716.5, 1129, -3796, 9104, 4067, 24959, -14831, -7962, 32735
15720.8, 910, -3549, 8748, 3497, 13190, -17902, -6685, 32735
15724.5, 1352, -3549, 8748, 3497, 13190, -17902, -6685, 31919
15728.7, 1271, -3972, 8568, 3261, 2213, -21297, -3815, 31919
15732.5, 986, -3972, 8568, 3261, 2213, -21297, -3815, 31914
15736.2, 1052, -3972, 8568, 3261, 2213, -21297, -3815, 31936
15740.5, 944, -3997, 8551, 3020, -6715, -21783, -297, 31936
15744.3, 1235, -3997, 8551, 3020, -6715, -21783, -297, 31951
15748.5, 721, -3853, 8334, 2998, -14332, -17552, 2616, 31951
15752.3, 1102, -3853, 8334, 2998, -14332, -17552, 2616, 31984
15756.0, 1188, -3853, 8334, 2998, -14332, -17552, 2616, 31985
15760.3, 1159, -3846, 8215, 3502, -21538, -14485, 2253, 31985
15764.0, 1126, -3846, 8215, 3502, -21538, -14485, 2253, 31992
15768.2, 1033, -3885, 8252, 3519, -27497, -16835, -988, 31992
15771.9, 1094, -3885, 8252, 3519, -27497, -16835, -988, 31994
15775.6, 1418, -3885, 8252, 3519, -27497, -16835, -988, 31995
15779.9, 854, -3985, 8372, 3750, -33784, -20904, -3014, 31995
15783.6, 1045, -3985, 8372, 3750, -33784, -20904, -3014, 32044
15787.9, 778, -3999, 8147, 4066, -41956, -27182, -4160, 32044
15791.6, 1101, -3999, 8147, 4066, -41956, -27182, -4160, 32055
15793.9, 32, -3999, 8147, 4066, -41956, -27182, -4160, 32055
15799.6, 1228, -3955, 8510, 4134, -50514, -35788, -5018, 32129
15801.9, 34, -3955, 8510, 4134, -50514, -35788, -5018, 32129
15807.6, 1316, -3282, 8174, 3049, -61583, -42123, -6479, 32103
15811.3, 1180, -3282, 8174, 3049, -61583, -42123, -6479, 32088
15815.6, 883, -2876, 8303, 3205, -73251, -41768, -8404, 32088
15819.3, 1186, -2876, 8303, 3205, -73251, -41768, -8404, 32100
15821.6, 34, -2876, 8303, 3205, -73251, -41768, -8404, 32100
15825.8, 1104, -3184, 8585, 3232, -82071, -38071, -10959, 32100
15829.5, 1072, -3184, 8585, 3232, -82071, -38071, -10959, 32149
15831.8, 30, -3184, 8585, 3232, -82071, -38071, -10959, 32149
15836.0, 1075, -2835, 8412, 3181, -95232, -34786, -12972, 32149
15839.7, 1212, -2835, 8412, 3181, -95232, -34786, -12972, 32099
15842.0, 35, -2835, 8412, 3181, -95232, -34786, -12972, 32099
15847.7, 1185, -2693, 8623, 2986, -98229, -31356, -12066, 32107
15851.4, 1365, -2693, 8623, 2986, -98229, -31356, -12066, 32112
15855.7, 1006, -1722, 8008, 2036, -83353, -22689, -19237, 32112
15859.5, 1190, -1722, 8008, 2036, -83353, -22689, -19237, 32105
15861.8, 35, -1722, 8008, 2036, -83353, -22689, -19237, 32105
15866.0, 1042, -942, 7272, 2227, -62095, -7004, -38128, 32105
15869.8, 1152, -942, 7272, 2227, -62095, -7004, -38128, 32108
15874.0, 867, -1440, 8467, 3655, -35556, 12687, -59697, 32108
15877.8, 1264, -1440, 8467, 3655, -35556, 12687, -59697, 32104
15881.5, 1262, -1440, 8467, 3655, -35556, 12687, -59697, 32086
15885.8, 1133, -1658, 9193, 4585, -35280, 22185, -70928, 32086
15889.5, 1180, -1658, 9193, 4585, -35280, 22185, -70928, 32073
15893.7, 1178, -2397, 9137, 4462, -49184, 29041, -67271, 32073
15897.5, 1314, -2397, 9137, 4462, -49184, 29041, -67271, 32062
15901.2, 1206, -2397, 9137, 4462, -49184, 29041, -67271, 32044
15905.5, 1006, -2941, 8944, 4026, -60336, 39397, -55519, 32044
15909.3, 1178, -2941, 8944, 4026, -60336, 39397, -55519, 32016
15913.5, 934, -2239, 7697, 2911, -61408, 50510, -42814, 32016
15917.3, 1119, -2239, 7697, 2911, -61408, 50510, -42814, 31991
15921.0, 1149, -2239, 7697, 2911, -61408, 50510, -42814, 31977
15925.2, 904, -2280, 7283, 3471, -61342, 63819, -42976, 31977
15929.0, 1063, -2280, 7283, 3471, -61342, 63819, -42976, 31948
15933.2, 818, -2367, 5631, 5249, -54740, 72696, -47662, 31948
15936.9, 1094, -2367, 5631, 5249, -54740, 72696, -47662, 31900
15940.7, 1032, -2367, 5631, 5249, -54740, 72696, -47662, 31849
15944.9, 691, -3354, 6935, 3973, -57575, 82627, -50724, 31849
15948.7, 1079, -3354, 6935, 3973, -57575, 82627, -50724, 31799
15952.9, 881, -4675, 7258, 4419, -71466, 88542, -44153, 31799
15956.6, 1085, -4675, 7258, 4419, -71466, 88542, -44153, 31798
15958.9, 30, -4675, 7258, 4419, -71466, 88542, -44153, 31798
15964.6, 1101, -5746, 7429, 5923, -82872, 77001, -29347, 31823
15966.9, 32, -5746, 7429, 5923, -82872, 77001, -29347, 31823
15972.6, 1040, -6232, 6474, 6524, -88634, 50672, -21240, 31893
15976.3, 1028, -6232, 6474, 6524, -88634, 50672, -21240, 31948
15980.6, 627, -5977, 5605, 5386, -88875, 23424, -28713, 31948
15984.3, 962, -5977, 5605, 5386, -88875, 23424, -28713, 32141
15986.6, 30, -5977, 5605, 5386, -88875, 23424, -28713, 32141
15990.8, 947, -5334, 4843, 4509, -93215, 9012, -44004, 32141
15994.5, 1058, -5334, 4843, 4509, -93215, 9012, -44004, 32264
15996.8, 32, -5334, 4843, 4509, -93215, 9012, -44004, 32264
16001.0, 875, -4594, 5304, 5725, -96238, -39, -60655, 32264
16004.7, 1118, -4594, 5304, 5725, -96238, -39, -60655, 32378
16007.0, 39, -4594, 5304, 5725, -96238, -39, -60655, 32378
16012.7, 1143, -3818, 5678, 4372, -105745, 52, -65411, 32460
16016.4, 899, -3818, 5678, 4372, -105745, 52, -65411, 32578
16020.7, 846, -3911, 5544, 5019, -105364, 4987, -61163, 32578
16024.5, 1351, -3911, 5544, 5019, -105364, 4987, -61163, 32663
16028.7, 860, -3835, 5148, 5702, -104669, 7249, -53472, 32663
16032.5, 979, -3835, 5148, 5702, -104669, 7249, -53472, 32692
16036.2, 1068, -3835, 5148, 5702, -104669, 7249, -53472, 32740
16040.4, 634, -4290, 4715, 6256, -105552, 10447, -45540, 32740
16044.2, 1075, -4290, 4715, 6256, -105552, 10447, -45540, 32684
16048.4, 894, -4563, 4316, 5568, -112001, 10950, -43422, 32684
16052.1, 1055, -4563, 4316, 5568, -112001, 10950, -43422, 32675
16055.9, 1009, -4563, 4316, 5568, -112001, 10950, -43422, 32638
16060.1, 674, -4503, 4113, 5282, -116293, 3049, -46323, 32638
16063.9, 1094, -4503, 4113, 5282, -116293, 3049, -46323, 32567
16068.1, 659, -4403, 4278, 6138, -116477, -5495, -48908, 32567
16071.8, 1184, -4403, 4278, 6138, -116477, -5495, -48908, 32575
16074.1, 139, -4403, 4278, 6138, -116477, -5495, -48908, 32575
16079.9, 702, -4855, 4178, 6055, -113493, -6899, -50094, 32570
16083.6, 1120, -4855, 4178, 6055, -113493, -6899, -50094, 32501
16087.8, 646, -5516, 3742, 5580, -114412, -2344, -48449, 32501
16091.6, 1082, -5516, 3742, 5580, -114412, -2344, -48449, 32592
16093.8, 224, -5516, 3742, 5580, -114412, -2344, -48449, 32592
16099.6, 902, -5398, 2979, 6585, -116061, -1846, -47565, 32563
16103.3, 1273, -5398, 2979, 6585, -116061, -1846, -47565, 32556
16109.0, 780, -4529, 2723, 7959, -117991, -11961, -54412, 32563
16112.7, 1091, -4529, 2723, 7959, -117991, -11961, -54412, 32583
16118.4, 739, -4311, 3359, 7194, -119001, -23839, -61369, 32609
16122.2, 1016, -4311, 3359, 7194, -119001, -23839, -61369, 32627
16127.9, 1249, -4311, 3359, 7194, -122081, -28337, -58643, 32579
16131.6, 1156, -4311, 3359, 7194, -122081, -28337, -58643, 32678
16135.9, 934, -4610, 3500, 6316, -122081, -23494, -49731, 32678
16139.7, 1305, -4610, 3500, 6316, -122081, -23494, -49731, 32660
16142.0, 125, -4610, 3500, 6316, -122081, -23494, -49731, 32660
16147.7, 1234, -4846, 3206, 6489, -123687, -20514, -42079, 32676
16151.4, 1153, -4846, 3206, 6489, -123687, -20514, -42079, 32722
16155.6, 893, -4859, 2673, 6165, -123687, -20042, -40114, 32722
16159.4, 1265, -4859, 2673, 6165, -123687, -20042, -40114, 32714
16161.7, 179, -4859, 2673, 6165, -123687, -20042, -40114, 32714
16165.9, 724, -5390, 2315, 6312, -122410, -16625, -42740, 32714
16169.7, 1371, -5390, 2315, 6312, -122410, -16625, -42740, 32736
16172.0, 209, -5390, 2315, 6312, -122410, -16625, -42740, 32736
16177.7, 1640, -5824, 1898, 7705, -124357, -13978, -49849, 32748
16181.4, 1563, -5824, 1898, 7705, -124357, -13978, -49849, 32765
16185.7, 1115, -5716, 1898, 7705, -126085, -17408, -57742, 32765
16189.5, 1272, -5716, 1898, 7705, -126085, -17408, -57742, 32772
16193.7, 1159, -5550, 2005, 8617, -126085, -17408, -57742, 32772
16197.5, 1195, -5550, 2005, 8617, -126085, -17408, -57742, 32792
16201.2, 1322, -5550, 2005, 8617, -126085, -17408, -57742, 32804
16205.5, 1233, -5285, 2104, 7371, -131855, -13991, -56867, 32804
16209.3, 1561, -5285, 2104, 7371, -131855, -13991, -56867, 32830
16213.5, 1067, -4797, 1313, 5541, -131855, -13991, -56867, 32830
16217.3, 1310, -4797, 1313, 5541, -131855, -13991, -56867, 32460
16221.0, 1538, -4797, 1313, 5541, -131855, -13991, -56867, 32852
16225.3, 1244, -4454, 1252, 6956, -131624, -11370, -56420, 32852
16229.1, 1255, -4454, 1252, 6956, -131624, -11370, -56420, 32864
16233.3, 865, -5071, 1328, 6956, -131624, -11370, -56420, 32864
16237.0, 1552, -5071, 1328, 6956, -131624, -11370, -56420, 32889
16240.8, 1535, -5071, 1328, 6956, -131624, -11370, -56420, 32913
16245.1, 774, -5988, 1342, 8150, -128360, -6033, -49328, 32913
16248.9, 1463, -5988, 1342, 8150, -128360, -6033, -49328, 32875
16253.1, 1036, -6725, 1006, 8150, -128360, -6033, -49328, 32875
16256.8, 1382, -6725, 1006, 8150, -128360, -6033, -49328, 32896
16260.6, 1350, -6725, 1006, 8150, -128360, -6033, -49328, 32918
16264.9, 1401, -6145, 464, 7990, -132262, -17010, -61530, 32918
16268.6, 1709, -6145, 464, 7990, -132262, -17010, -61530, 32911
16272.8, 1122, -5307, 122, 7990, -132262, -17010, -61530, 32911
16276.5, 1215, -5307, 122, 7990, -132262, -17010, -61530, 32895
16278.8, 69, -5307, 122, 7990, -132262, -17010, -61530, 32895
16284.5, 1730, -4783, 213, 6884, -132162, -17950, -69445, 32896
16286.8, 1165, -4783, 213, 6884, -132162, -17950, -69445, 32896
16292.5, 1305, -4899, 227, 6704, -134577, -13273, -69725, 32924
16296.3, 1321, -4899, 227, 6704, -134577, -13273, -69725, 32941
16300.5, 1359, -5452, 71, 8063, -133780, -9108, -64366, 32941
16304.3, 1430, -5452, 71, 8063, -133780, -9108, -64366, 33051
16306.6, 268, -5452, 71, 8063, -133780, -9108, -64366, 33051
16310.8, 1373, -5803, -611, 8192, -135211, -4410, -57383, 33051
16314.6, 1479, -5803, -611, 8192, -135211, -4410, -57383, 33061
16316.9, 743, -5803, -611, 8192, -135211, -4410, -57383, 33061
16322.6, 1237, -5623, -1226, 8918, -135902, -6059, -57164, 33067
16326.3, 1167, -5623, -1226, 8918, -135902, -6059, -57164, 33066
16330.6, 913, -5943, -1305, 10080, -132822, -13737, -62756, 33066
16334.4, 1522, -5943, -1305, 10080, -132822, -13737, -62756, 33089
16336.6, 1747, -5943, -1305, 10080, -132822, -13737, -62756, 33089
16340.9, 1828, -5785, -1761, 8514, -132761, -13746, -66050, 33089
16344.6, 1503, -5785, -1761, 8514, -132761, -13746, -66050, 33079
16348.9, 1088, -5236, -2218, 8994, -134078, -10158, -68080, 33079
16353.0, 1160, -5236, -2218, 8994, -134078, -10158, -68080, 33082
16356.7, 1423, -5236, -2218, 8994, -134078, -10158, -68080, 33085
16361.0, 1420, -5353, -2348, 8368, -131317, -14183, -71475, 33085
16364.7, 1737, -5353, -2348, 8368, -131317, -14183, -71475, 33090
16368.9, 1544, -5717, -2796, 5743, -132328, -8548, -70631, 33090
16372.7, 1402, -5717, -2796, 5743, -132328, -8548, -70631, 33097
16376.5, 1439, -5717, -2796, 5743, -132328, -8548, -70631, 33121
16380.7, 1093, -6075, -3547, 9244, -123289, 1553, -68649, 33121
16384.5, 1433, -6075, -3547, 9244, -123289, 1553, -68649, 33112
16388.7, 1122, -5934, -4119, 7589, -118861, 1246, -73054, 33112
16392.5, 1500, -5934, -4119, 7589, -118861, 1246, -73054, 33125
16396.2, 1341, -5934, -4119, 7589, -118861, 1246, -73054, 33134
16400.5, 1236, -5734, -3991, 8445, -115475, -2826, -80041, 33134
16404.3, 2044, -5734, -3991, 8445, -115475, -2826, -80041, 33164
16408.5, 1137, -5355, -3510, 8535, -112719, -5971, -83808, 33164
16412.3, 1270, -5355, -3510, 8535, -112719, -5971, -83808, 33155
16416.0, 1699, -5355, -3510, 8535, -112719, -5971, -83808, 33166
16420.3, 1540, -4405, -3374, 8339, -109490, -3950, -84583, 33166
16424.1, 1619, -4405, -3374, 8339, -109490, -3950, -84583, 33170
16428.3, 761, -3769, -3098, 9094, -106777, -6475, -82684, 33170
16432.0, 1460, -3769, -3098, 9094, -106777, -6475, -82684, 33169
16437.8, 936, -3199, -2666, 7667, -109901, -9345, -77346, 33170
16441.5, 1603, -3199, -2666, 7667, -109901, -9345, -77346, 33150
16443.8, 665, -3199, -2666, 7667, -109901, -9345, -77346, 33150
16449.5, 1632, -3465, -2727, 9153, -107053, -12910, -71313, 33157
16451.8, 896, -3465, -2727, 9153, -107053, -12910, -71313, 33157
16457.5, 1301, -4079, -3035, 7124, -108186, -11795, -63421, 33159
16461.3, 1637, -4079, -3035, 7124, -108186, -11795, -63421, 33163
16465.5, 1261, -4695, -3769, 8326, -105093, -4878, -56302, 33163
16469.3, 1542, -4695, -3769, 8326, -105093, -4878, -56302, 33118
16471.6, 354, -4695, -3769, 8326, -105093, -4878, -56302, 33118
16475.8, 1544, -4935, -4452, 6520, -106292, 2869, -54474, 33118
16479.6, 2045, -4935, -4452, 6520, -106292, 2869, -54474, 33175
16481.8, 1427, -4935, -4452, 6520, -106292, 2869, -54474, 33175
16487.6, 1026, -5106, -4901, 7927, -103514, 10732, -58070, 33170
16491.3, 1945, -5106, -4901, 7927, -103514, 10732, -58070, 33173
16495.6, 1799, -5119, -4986, 8453, -102070, 8487, -65910, 33173
16499.4, 1650, -5119, -4986, 8453, -102070, 8487, -65910, 33177
16501.6, 848, -5119, -4986, 8453, -102070, 8487, -65910, 33177
16505.9, 1390, -5015, -4698, 8155, -103544, 3898, -69191, 33177
16509.6, 1632, -5015, -4698, 8155, -103544, 3898, -69191, 33169
16513.9, 1106, -4996, -4418, 8651, -102236, -6378, -66251, 33169
16517.7, 1407, -4996, -4418, 8651, -102236, -6378, -66251, 33159
16521.4, 1646, -4996, -4418, 8651, -102236, -6378, -66251, 33165
16525.7, 1450, -5030, -4567, 7314, -100880, -13365, -60463, 33165
16529.4, 1848, -5030, -4567, 7314, -100880, -13365, -60463, 33161
16533.7, 1128, -4971, -5141, 7294, -99747, -11003, -54850, 33161
16537.4, 1191, -4971, -5141, 7294, -99747, -11003, -54850, 33127
16541.1, 1675, -4971, -5141, 7294, -99747, -11003, -54850, 33148
16545.4, 1585, -4762, -5340, 6842, -98390, -5635, -55156, 33148
16549.2, 1757, -4762, -5340, 6842, -98390, -5635, -55156, 33132
16553.4, 1365, -4770, -5628, 7455, -96864, 975, -59111, 33132
16557.2, 1589, -4770, -5628, 7455, -96864, 975, -59111, 33127
16560.9, 1571, -4770, -5628, 7455, -96864, 975, -59111, 33135
16565.2, 1354, -4470, -5755, 7353, -98972, 3583, -62524, 33135
16568.9, 1657, -4470, -5755, 7353, -98972, 3583, -62524, 33132
16573.1, 1241, -4243, -5690, 6913, -100652, 3355, -63946, 33132
16576.8, 1346, -4243, -5690, 6913, -100652, 3355, -63946, 33105
16580.6, 1444, -4243, -5690, 6913, -100652, 3355, -63946, 33142
16584.8, 1837, -4555, -5471, 7292, -100946, 2865, -61285, 33142
16588.5, 1631, -4555, -5471, 7292, -100946, 2865, -61285, 33125
16592.7, 1372, -4530, -5866, 7341, -100145, 4637, -57221, 33125
16596.5, 1425, -4530, -5866, 7341, -100145, 4637, -57221, 33130
16598.8, 250, -4530, -5866, 7341, -100145, 4637, -57221, 33130
16604.6, 1034, -4269, -6263, 6176, -100477, 8168, -55769, 33140
16608.3, 1487, -4269, -6263, 6176, -100477, 8168, -55769, 33139
16614.0, 1686, -3885, -6815, 6921, -97809, 7148, -58494, 33088
16616.3, 1061, -3885, -6815, 6921, -97809, 7148, -58494, 33088
16618.6, 562, -3885, -6815, 6921, -97809, 7148, -58494, 33088
16624.3, 1536, -3638, -6687, 6096, -95293, 411, -63084, 33133
16626.6, 762, -3638, -6687, 6096, -95293, 411, -63084, 33133
16630.8, 1309, -3472, -6888, 5874, -96794, 2130, -61561, 33133
16634.6, 1542, -3472, -6888, 5874, -96794, 2130, -61561, 33125
16636.9, 816, -3472, -6888, 5874, -96794, 2130, -61561, 33125
16642.6, 1593, -3339, -7016, 7393, -98530, 424, -57523, 33120
16646.4, 2022, -3339, -7016, 7393, -98530, 424, -57523, 33087
16650.6, 1270, -3434, -7106, 6653, -101724, -5648, -52802, 33087
16654.4, 1084, -3434, -7106, 6653, -101724, -5648, -52802, 33133
16656.6, 882, -3434, -7106, 6653, -101724, -5648, -52802, 33133
16660.9, 1466, -4170, -7175, 6806, -99196, -4007, -45793, 33133
16664.7, 1560, -4170, -7175, 6806, -99196, -4007, -45793, 33138
16668.9, 1090, -4170, -7175, 4570, -101580, 4016, -40001, 33138
16672.7, 1508, -4170, -7175, 4570, -101580, 4016, -40001, 33139
16676.4, 1799, -4170, -7175, 4570, -101580, 4016, -40001, 33181
16680.7, 1234, -4269, -8075, 5100, -98902, 11191, -40985, 33181
16684.5, 1583, -4269, -8075, 5100, -98902, 11191, -40985, 33152
16688.7, 1146, -4269, -8075, 5855, -96260, 9559, -48694, 33152
16692.5, 1584, -4269, -8075, 5855, -96260, 9559, -48694, 33155
16696.3, 1651, -4269, -8075, 5855, -96260, 9559, -48694, 33165
16700.5, 1408, -3860, -8072, 5623, -96352, 8916, -52645, 33165
16704.3, 1826, -3860, -8072, 5623, -96352, 8916, -52645, 33154
16708.5, 1257, -3860, -7922, 5641, -98530, 7634, -50339, 33154
16712.3, 1493, -3860, -7922, 5641, -98530, 7634, -50339, 33183
16716.0, 1475, -3860, -7922, 5641, -98530, 7634, -50339, 33181
16720.3, 1086, -3704, -7761, 6734, -98491, -1828, -45216, 33181
16724.1, 1502, -3704, -7761, 6734, -98491, -1828, -45216, 33175
16728.3, 1172, -3960, -7606, 5718, -98246, -9073, -39476, 33175
16732.0, 1724, -3960, -7606, 5718, -98246, -9073, -39476, 33203
16735.8, 1688, -3960, -7606, 5718, -98246, -9073, -39476, 33236
16740.0, 1515, -4259, -7618, 4533, -101842, -4838, -34545, 33236
16743.8, 1252, -4259, -7618, 4533, -101842, -4838, -34545, 33194
16748.0, 1242, -4206, -7969, 4826, -102376, -1010, -35105, 33194
16751.7, 1546, -4206, -7969, 4826, -102376, -1010, -35105, 33190
16755.5, 1639, -4206, -7969, 4826, -102376, -1010, -35105, 33190
16759.7, 1589, -3698, -8260, 4754, -102451, -4764, -40237, 33190
16763.5, 1691, -3698, -8260, 4754, -102451, -4764, -40237, 33135
16769.2, 1134, -3698, -8539, 4728, -102962, -11055, -45868, 33184
16771.4, 340, -3698, -8539, 4728, -102962, -11055, -45868, 33184
16773.7, 515, -3698, -8539, 4728, -102962, -11055, -45868, 33184
16779.4, 1677, -3552, -8137, 5164, -104481, -17360, -45203, 33189
16781.7, 1256, -3552, -8137, 5164, -104481, -17360, -45203, 33189
16787.5, 1553, -3552, -8137, 5164, -104481, -17360, -45203, 33175
16791.3, 1582, -3552, -8137, 5164, -104481, -17360, -45203, 33161
16795.5, 1390, -3577, -8206, 4012, -106191, -17613, -38504, 33161
16799.3, 1463, -3577, -8206, 4012, -106191, -17613, -38504, 33175
16801.6, 933, -3577, -8206, 4012, -106191, -17613, -38504, 33175
16805.8, 1636, -3048, -8112, 3758, -106699, -16209, -31653, 33175
16809.6, 1496, -3048, -8112, 3758, -106699, -16209, -31653, 33142
16811.9, 752, -3048, -8112, 3758, -106699, -16209, -31653, 33142
16817.6, 1687, -3435, -8644, 4116, -105675, -8518, -31745, 33172
16821.3, 1628, -3435, -8644, 4116, -105675, -8518, -31745, 33165
16825.5, 1177, -3270, -8822, 3160, -105675, -8518, -31745, 33165
16829.3, 1685, -3270, -8822, 3160, -105675, -8518, -31745, 33164
16831.5, 1318, -3270, -8822, 3160, -105675, -8518, -31745, 33164
16835.8, 1536, -3217, -9051, 2172, -104699, 6951, -32918, 33164
16839.6, 1386, -3217, -9051, 2172, -104699, 6951, -32918, 33155
16843.8, 1372, -3348, -9671, 2498, -104056, 6951, -32918, 33155
16847.5, 1760, -3348, -9671, 2498, -104056, 6951, -32918, 33157
16851.3, 1658, -3348, -9671, 2498, -104056, 6951, -32918, 33049
16855.5, 1248, -3200, -9740, 3402, -102945, 6619, -32038, 33049
16859.3, 1503, -3200, -9740, 3402, -102945, 6619, -32038, 33048
16863.5, 1343, -3361, -9931, 3196, -102945, 6619, -32038, 33048
16867.2, 1686, -3361, -9931, 3196, -102945, 6619, -32038, 33044
16871.0, 1724, -3361, -9931, 3196, -102945, 6619, -32038, 33019
16875.3, 1454, -3026, -9643, 3308, -100639, -8050, -30638, 33019
16879.0, 1607, -3026, -9643, 3308, -100639, -8050, -30638, 33025
16883.3, 986, -2773, -9492, 3016, -100639, -8050, -30638, 33025
16887.0, 1621, -2773, -9492, 3016, -100639, -8050, -30638, 33009
16890.7, 1617, -2773, -9492, 3016, -100639, -8050, -30638, 33027
16895.0, 1492, -2550, -9520, 2347, -98517, -13352, -26797, 33027
16898.7, 1687, -2550, -9520, 2347, -98517, -13352, -26797, 32978
16902.9, 1307, -2583, -9727, 1947, -98517, -13352, -26797, 32978
16906.7, 1501, -2583, -9727, 1947, -98517, -13352, -26797, 32964
16909.0, 470, -2583, -9727, 1947, -98517, -13352, -26797, 32964
16914.8, 1095, -2491, -9872, 1398, -96645, 266, -24181, 32954
16918.5, 1553, -2491, -9872, 1398, -96645, 266, -24181, 32936
16922.7, 1115, -2403, -10012, 1710, -96645, 266, -24181, 32936
16926.5, 1656, -2403, -10012, 1710, -96645, 266, -24181, 32929
16928.7, 676, -2403, -10012, 1710, -96645, 266, -24181, 32929
16934.5, 1634, -2257, -10112, 1582, -95424, 3723, -26421, 32909
16936.7, 1045, -2257, -10112, 1582, -95424, 3723, -26421, 32909
16941.0, 1491, -2128, -10151, 1434, -94247, 6405, -27961, 32909
16944.8, 1499, -2128, -10151, 1434, -94247, 6405, -27961, 32905
16947.1, 868, -2128, -10151, 1434, -94247, 6405, -27961, 32905
16952.8, 1739, -1994, -10182, 1277, -92257, 6330, -26976, 32892
16956.5, 1673, -1994, -10182, 1277, -92257, 6330, -26976, 32879
16960.8, 1539, -1900, -10363, 1816, -88547, 2865, -25252, 32879
16964.6, 1526, -1900, -10363, 1816, -88547, 2865, -25252, 32871
16966.9, 814, -1900, -10363, 1816, -88547, 2865, -25252, 32871
16972.6, 1695, -1991, -10348, 1414, -86687, -1741, -22461, 32872
16976.3, 1690, -1991, -10348, 1414, -86687, -1741, -22461, 32846
16980.6, 1433, -2012, -10408, 1033, -83909, -3045, -18524, 32846
16984.3, 1531, -2012, -10408, 1033, -83909, -3045, -18524, 32856
16986.6, 763, -2012, -10408, 1033, -83909, -3045, -18524, 32856
16990.9, 1468, -2132, -10092, 902, -80479, -2747, -15999, 32856
16994.7, 1619, -2132, -10092, 902, -80479, -2747, -15999, 32827
16998.9, 1376, -2090, -10311, 320, -78169, 341, -16559, 32827
17002.7, 1810, -2090, -10311, 320, -78169, 341, -16559, 32808
17006.4, 1885, -2090, -10311, 320, -78169, 341, -16559, 32802
17010.7, 1249, -2145, -10247, 174, -75539, 10425, -18541, 32802
17014.5, 1252, -2145, -10247, 174, -75539, 10425, -18541, 32791
17018.7, 1332, -2176, -10735, 1456, -71366, 21004, -20379, 32791
17022.5, 1759, -2176, -10735, 1456, -71366, 21004, -20379, 32776
17026.2, 1689, -2176, -10735, 1456, -71366, 21004, -20379, 32751
17030.5, 1150, -1576, -11044, 1207, -69541, 23104, -22592, 32751
17034.3, 1530, -1576, -11044, 1207, -69541, 23104, -22592, 32729
17038.5, 1403, -841, -10676, -159, -63928, 14092, -27256, 32729
17042.3, 1668, -841, -10676, -159, -63928, 14092, -27256, 32739
17046.0, 1568, -841, -10676, -159, -63928, 14092, -27256, 32699
17050.3, 1347, -647, -10071, -645, -52912, -2721, -29855, 32699
17054.1, 1449, -647, -10071, -645, -52912, -2721, -29855, 32677
17058.3, 1634, -847, -9894, -1356, -44354, -13720, -24706, 32677
17062.1, 1596, -847, -9894, -1356, -44354, -13720, -24706, 32674
17065.8, 1421, -847, -9894, -1356, -44354, -13720, -24706, 32656
17070.1, 1376, -1470, -10225, -1527, -38456, -8085, -13505, 32656
17073.8, 1674, -1470, -10225, -1527, -38456, -8085, -13505, 32640
17078.0, 1369, -2072, -10654, -321, -31557, 4703, -3692, 32640
17081.7, 1460, -2072, -10654, -321, -31557, 4703, -3692, 32679
17085.5, 1445, -2072, -10654, -321, -31557, 4703, -3692, 32659
17089.7, 1444, -2404, -10801, 1364, -25882, 11462, -2800, 32659
17093.4, 1704, -2404, -10801, 1364, -25882, 11462, -2800, 32661
17097.7, 1491, -2111, -10648, 1156, -25703, 14975, -10788, 32661
17101.5, 1456, -2111, -10648, 1156, -25703, 14975, -10788, 32665
17105.7, 1435, -1953, -10190, 1171, -25187, 14809, -18913, 32665
17109.5, 1585, -1953, -10190, 1171, -25187, 14809, -18913, 32660
17111.8, 669, -1953, -10190, 1171, -25187, 14809, -18913, 32660
17117.5, 1566, -1730, -10286, 1353, -21337, 5442, -21061, 32656
17121.3, 1471, -1730, -10286, 1353, -21337, 5442, -21061, 32620
17125.5, 1742, -1893, -10140, 519, -17115, -5586, -16988, 32620
17129.3, 1460, -1893, -10140, 519, -17115, -5586, -16988, 32651
17131.6, 153, -1893, -10140, 519, -17115, -5586, -16988, 32651
17135.8, 942, -2341, -10361, 41, -12416, -11261, -10618, 32651
17139.6, 1515, -2341, -10361, 41, -12416, -11261, -10618, 32639
17141.8, 786, -2341, -10361, 41, -12416, -11261, -10618, 32639
17147.6, 1541, -2481, -10537, 583, -5521, -11427, -6068, 32647
17151.3, 1514, -2481, -10537, 583, -5521, -11427, -6068, 32929
17155.6, 1305, -2530, -10728, 1309, -848, -8828, -5971, 32929
17159.4, 1689, -2530, -10728, 1309, -848, -8828, -5971, 32631
17163.6, 1542, -2560, -10363, 1697, -4, -6641, -7940, 32631
17167.3, 1416, -2560, -10363, 1697, -4, -6641, -7940, 32624
17171.1, 1404, -2560, -10363, 1697, -4, -6641, -7940, 32639
17175.4, 1625, -2371, -10112, 1905, 1163, -6969, -9288, 32639
17179.2, 1463, -2371, -10112, 1905, 1163, -6969, -9288, 32704
17183.4, 1239, -2161, -9999, 1672, 1837, -10150, -9738, 32704
17187.1, 1417, -2161, -9999, 1672, 1837, -10150, -9738, 32694
17190.9, 1483, -2161, -9999, 1672, 1837, -10150, -9738, 32721
17195.2, 1565, -2042, -10109, 848, 2970, -13155, -8916, 32721
17198.9, 1498, -2042, -10109, 848, 2970, -13155, -8916, 32749
17203.1, 1293, -2272, -10186, 60, 5302, -12241, -6413, 32749
17206.8, 1264, -2272, -10186, 60, 5302, -12241, -6413, 32781
17210.6, 1159, -2272, -10186, 60, 5302, -12241, -6413, 32796
17214.8, 1315, -2514, -10000, -53, 10145, -10075, -3425, 32796
17218.5, 1510, -2514, -10000, -53, 10145, -10075, -3425, 32820
17222.8, 1874, -2620, -9845, 338, 17229, -9782, -411, 32820
17226.5, 1934, -2620, -9845, 338, 17229, -9782, -411, 32787
17228.8, 699, -2620, -9845, 338, 17229, -9782, -411, 32787
17234.6, 1038, -2511, -9875, 220, 22019, -8111, 1946, 32816
17238.3, 1104, -2511, -9875, 220, 22019, -8111, 1946, 32807
17244.0, 1946, -2306, -10130, 795, 24863, -3605, 3963, 32801
17247.8, 1794, -2306, -10130, 795, 24863, -3605, 3963, 32796
17253.5, 1152, -2024, -10074, 585, 26215, -3421, 5105, 32808
17255.8, 33, -2024, -10074, 585, 26215, -3421, 5105, 32808
17258.0, 5, -2024, -10074, 585, 26215, -3421, 5105, 32808
17263.7, 1662, -1964, -10043, 500, 28735, -7048, 5035, 32780
17265.9, 904, -1964, -10043, 500, 28735, -7048, 5035, 32780
17268.2, 1967, -1964, -10043, 500, 28735, -7048, 5035, 32780
17273.9, 1337, -2107, -9912, 890, 33009, -7476, 5788, 32836
17276.2, 42, -2107, -9912, 890, 33009, -7476, 5788, 32836
17280.5, 913, -2210, -9671, 351, 32703, -52, 8312, 32836
17284.2, 1848, -2210, -9671, 351, 32703, -52, 8312, 32852
17286.5, 1280, -2210, -9671, 351, 32703, -52, 8312, 32852
17290.7, 1320, -2546, -9771, 311, 36155, 10963, 11147, 32852
17294.5, 1016, -2546, -9771, 311, 36155, 10963, 11147, 32872
17296.7, 28, -2546, -9771, 311, 36155, 10963, 11147, 32872
17300.9, 1085, -2673, -10161, 533, 38933, 22387, 13527, 32872
17304.6, 1751, -2673, -10161, 533, 38933, 22387, 13527, 32640
17306.9, 847, -2673, -10161, 533, 38933, 22387, 13527, 32640
17312.6, 1423, -2435, -10166, 440, 42862, 32611, 14428, 32921
17316.3, 1081, -2435, -10166, 440, 42862, 32611, 14428, 32936
17320.6, 924, -2557, -9404, -89, 39852, 42652, 15479, 32936
17324.4, 1477, -2557, -9404, -89, 39852, 42652, 15479, 32963
17328.6, 1878, -2557, -9404, -89, 39852, 48974, 17942, 32963
17332.4, 1267, -2557, -9404, -89, 39852, 48974, 17942, 33006
17336.2, 1082, -2557, -9404, -89, 39852, 48974, 17942, 32992
17340.4, 907, -3265, -9429, 1683, 39388, 47452, 19469, 32992
17344.2, 1157, -3265, -9429, 1683, 39388, 47452, 19469, 32997
17348.4, 1356, -3265, -9429, 1683, 42788, 41519, 18261, 32997
17352.1, 1883, -3265, -9429, 1683, 42788, 41519, 18261, 33005
17355.9, 1348, -3265, -9429, 1683, 42788, 41519, 18261, 33028
17360.1, 964, -2281, -10875, 3733, 46747, 31622, 16056, 33028
17363.9, 1199, -2281, -10875, 3733, 46747, 31622, 16056, 33004
17368.1, 1251, -2281, -10875, 3733, 43772, 26281, 18108, 33004
17371.8, 1175, -2281, -10875, 3733, 43772, 26281, 18108, 33006
17375.6, 1169, -2281, -10875, 3733, 43772, 26281, 18108, 32948
17379.8, 1235, -3029, -10910, 2260, 39476, 35429, 26075, 32948
17383.5, 1136, -3029, -10910, 2260, 39476, 35429, 26075, 32975
17387.8, 1005, -3029, -10910, 2260, 39476, 50448, 28844, 32975
17391.5, 1229, -3029, -10910, 2260, 39476, 50448, 28844, 32948
17393.8, 43, -3029, -10910, 2260, 39476, 50448, 28844, 32948
17399.6, 1260, -2986, -10943, 574, 38999, 53852, 20212, 32942
17403.3, 1331, -2986, -10943, 574, 38999, 53852, 20212, 32931
17409.0, 898, -2986, -10972, -1, 45155, 49788, 9187, 32922
17412.8, 970, -2986, -10972, -1, 45155, 49788, 9187, 32912
17418.5, 1781, -2986, -10972, -1, 45155, 49788, 9187, 32906
17420.7, 1044, -2986, -10972, -1, 45155, 49788, 9187, 32906
17423.1, 737, -2986, -10972, -1, 45155, 49788, 9187, 32906
17428.8, 1090, -3083, -11105, 474, 59395, 53279, 17430, 32861
17431.1, 27, -3083, -11105, 474, 59395, 53279, 17430, 32861
17433.3, 4, -3083, -11105, 474, 59395, 53279, 17430, 32861
17439.1, 1271, -3040, -10966, 2111, 62594, 42521, 28074, 32850
17441.3, 65, -3040, -10966, 2111, 62594, 42521, 28074, 32850
17445.6, 2140, -2949, -10483, 3401, 62594, 42521, 28074, 32850
17449.4, 1156, -2949, -10483, 3401, 62594, 42521, 28074, 32847
17451.7, 28, -2949, -10483, 3401, 62594, 42521, 28074, 32847
17456.0, 702, -2915, -10179, 3121, 62200, 28149, 33141, 32847
17459.7, 1402, -2915, -10179, 3121, 62200, 28149, 33141, 32845
17462.0, 378, -2915, -10179, 3121, 62200, 28149, 33141, 32845
17467.7, 1278, -2825, -10412, 3008, 61517, 21730, 32274, 32835
17471.4, 1237, -2825, -10412, 3008, 61517, 21730, 32274, 32819
17475.7, 953, -2703, -10503, 3088, 62524, 20444, 27269, 32819
17479.5, 1011, -2703, -10503, 3088, 62524, 20444, 27269, 32814
17483.7, 780, -2690, -10133, 1359, 58464, 22098, 22969, 32814
17487.5, 1398, -2690, -10133, 1359, 58464, 22098, 22969, 32807
17491.2, 2065, -2690, -10133, 1359, 58464, 22098, 22969, 32789
17495.5, 1122, -2767, -10007, 617, 61430, 27195, 23747, 32789
17499.3, 909, -2767, -10007, 617, 61430, 27195, 23747, 32806
17503.5, 747, -2681, -9917, 276, 66072, 32699, 28350, 32806
17507.3, 1320, -2681, -9917, 276, 66072, 32699, 28350, 32756
17511.0, 2215, -2681, -9917, 276, 66072, 32699, 28350, 32735
17515.3, 1180, -2745, -10323, 1127, 73824, 38014, 33320, 32735
17519.1, 948, -2745, -10323, 1127, 73824, 38014, 33320, 32703
17523.3, 828, -2988, -10303, 2313, 81284, 43566, 37765, 32703
17527.1, 1111, -2988, -10303, 2313, 81284, 43566, 37765, 32672
17530.8, 1220, -2988, -10303, 2313, 81284, 43566, 37765, 32678
17535.1, 1433, -3237, -10426, 3753, 81161, 46384, 41296, 32678
17538.8, 1804, -3237, -10426, 3753, 81161, 46384, 41296, 32670
17543.0, 905, -3525, -10185, 4624, 80470, 42696, 43816, 32670
17546.7, 885, -3525, -10185, 4624, 80470, 42696, 43816, 32580
17550.5, 1427, -3525, -10185, 4624, 80470, 42696, 43816, 32647
17554.7, 1162, -3751, -10046, 3090, 74017, 36453, 45181, 32647
17558.4, 1389, -3751, -10046, 3090, 74017, 36453, 45181, 32626
17564.2, 840, -3926, -10253, 2089, 74218, 34313, 45557, 32617
17567.9, 1054, -3926, -10253, 2089, 74218, 34313, 45557, 32583
17573.6, 1016, -3912, -10887, 2408, 77766, 31119, 42958, 32607
17577.3, 1212, -3912, -10887, 2408, 77766, 31119, 42958, 32609
17583.0, 1451, -3784, -10964, 3215, 83651, 24841, 39966, 32601
17586.8, 1059, -3784, -10964, 3215, 83651, 24841, 39966, 32628
17591.0, 913, -3956, -10600, 4025, 87615, 19364, 41313, 32628
17594.7, 1280, -3956, -10600, 4025, 87615, 19364, 41313, 32591
17597.0, 39, -3956, -10600, 4025, 87615, 19364, 41313, 32591
17602.7, 1209, -4411, -10148, 4719, 88975, 19779, 48112, 32579
17606.4, 998, -4411, -10148, 4719, 88975, 19779, 48112, 32542
17610.6, 923, -4854, -10050, 4352, 84040, 30082, 56145, 32542
17614.4, 1536, -4854, -10050, 4352, 84040, 30082, 56145, 32557
17616.7, 876, -4854, -10050, 4352, 84040, 30082, 56145, 32557
17620.9, 1071, -4862, -10278, 3534, 78313, 42823, 55948, 32557
17624.7, 977, -4862, -10278, 3534, 78313, 42823, 55948, 32534
17627.0, 24, -4862, -10278, 3534, 78313, 42823, 55948, 32534
17632.7, 1404, -4420, -10920, 3540, 75325, 43269, 43256, 32877
17636.4, 1341, -4420, -10920, 3540, 75325, 43269, 43256, 32547
17640.7, 884, -4008, -10672, 3582, 80943, 29514, 29098, 32547
17644.5, 1158, -4008, -10672, 3582, 80943, 29514, 29098, 32553
17648.7, 1161, -3661, -10012, 1780, 81840, 21061, 28989, 32553
17652.5, 933, -3661, -10012, 1780, 81840, 21061, 28989, 32556
17656.3, 1035, -3661, -10012, 1780, 81840, 21061, 28989, 32561
17660.5, 1767, -3769, -9513, 1813, 90130, 28993, 42840, 32561
17664.3, 1483, -3769, -9513, 1813, 90130, 28993, 42840, 32543
17668.5, 671, -3969, -9148, 1572, 95818, 41025, 56840, 32543
17672.3, 879, -3969, -9148, 1572, 95818, 41025, 56840, 32598
17676.0, 1055, -3969, -9148, 1572, 95818, 41025, 56840, 32599
17680.2, 1227, -4073, -9443, 2169, 99847, 52675, 60332, 32599
17684.0, 1268, -4073, -9443, 2169, 99847, 52675, 60332, 32614
17688.3, 1108, -3683, -9046, 3251, 99834, 57873, 52658, 32614
17692.0, 986, -3683, -9046, 3251, 99834, 57873, 52658, 32622
17695.8, 974, -3683, -9046, 3251, 99834, 57873, 52658, 32625
17700.0, 1132, -3583, -8267, 4349, 97887, 49232, 41361, 32625
17703.8, 1296, -3583, -8267, 4349, 97887, 49232, 41361, 32594
17708.0, 1076, -3324, -7189, 4639, 100136, 33985, 38106, 32594
17711.7, 1114, -3324, -7189, 4639, 100136, 33985, 38106, 32669
17715.5, 993, -3324, -7189, 4639, 100136, 33985, 38106, 32656
17719.7, 737, -3154, -6857, 3186, 96059, 25375, 48012, 32656
17723.4, 1477, -3154, -6857, 3186, 96059, 25375, 48012, 32655
17727.7, 948, -2936, -7121, 2986, 98032, 22960, 62572, 32655
17731.7, 676, -2936, -7121, 2986, 98032, 22960, 62572, 32632
17734.0, 14, -2936, -7121, 2986, 98032, 22960, 62572, 32632
17739.8, 1581, -3059, -7529, 3778, 101764, 18821, 72560, 32652
17742.1, 88, -3059, -7529, 3778, 101764, 18821, 72560, 32652
17747.8, 1015, -3559, -7438, 3697, 103527, 18860, 78567, 32647
17751.5, 1320, -3559, -7438, 3697, 103527, 18860, 78567, 32639
17755.7, 901, -4018, -7490, 4584, 104288, 28324, 84714, 32639
17759.4, 1024, -4018, -7490, 4584, 104288, 28324, 84714, 32673
17761.7, 54, -4018, -7490, 4584, 104288, 28324, 84714, 32673
17765.9, 1147, -4737, -7208, 4579, 100377, 34042, 88498, 32673
17769.6, 1056, -4737, -7208, 4579, 100377, 34042, 88498, 32638
17771.9, 29, -4737, -7208, 4579, 100377, 34042, 88498, 32638
17777.6, 1868, -5066, -7148, 4308, 102901, 33849, 88660, 32635
17781.3, 1075, -5066, -7148, 4308, 102901, 33849, 88660, 32629
17785.6, 902, -5523, -7148, 3834, 103881, 32808, 87278, 32629
17789.4, 1091, -5523, -7148, 3834, 103881, 32808, 87278, 32607
17791.6, 34, -5523, -7148, 3834, 103881, 32808, 87278, 32607
17795.9, 1320, -5689, -7366, 5067, 108064, 31404, 86972, 32607
17799.6, 1406, -5689, -7366, 5067, 108064, 31404, 86972, 32634
17803.9, 936, -5757, -7027, 6429, 112605, 19880, 85283, 32634
17807.6, 1216, -5757, -7027, 6429, 112605, 19880, 85283, 32623
17811.3, 1049, -5757, -7027, 6429, 112605, 19880, 85283, 32624
17815.6, 1193, -5675, -6436, 5235, 108269, 6890, 86582, 32624
17819.4, 1281, -5675, -6436, 5235, 108269, 6890, 86582, 32628
17823.6, 738, -5442, -5833, 5696, 111034, -3084, 91233, 32628
17827.3, 1067, -5442, -5833, 5696, 111034, -3084, 91233, 32588
17831.1, 1346, -5442, -5833, 5696, 111034, -3084, 91233, 32571
17835.4, 975, -5310, -5386, 5156, 112811, -16157, 94510, 32571
17839.2, 922, -5310, -5386, 5156, 112811, -16157, 94510, 32556
17843.4, 1367, -5464, -5013, 4786, 117269, -21429, 96290, 32556
17847.1, 1218, -5464, -5013, 4786, 117269, -21429, 96290, 32537
17850.9, 1362, -5464, -5013, 4786, 117269, -21429, 96290, 32516
17855.1, 812, -5867, -5134, 5103, 118271, -11698, 98854, 32516
17858.9, 1077, -5867, -5134, 5103, 118271, -11698, 98854, 32502
17863.1, 1202, -5967, -5274, 5824, 118262, 209, 98430, 32502
17866.8, 1344, -5967, -5274, 5824, 118262, 209, 98430, 32456
17870.6, 1127, -5967, -5274, 5824, 118262, 209, 98430, 32484
17874.8, 1134, -6050, -5307, 5645, 117895, 1220, 91600, 32484
17878.5, 1663, -6050, -5307, 5645, 117895, 1220, 91600, 32471
17882.8, 629, -6001, -4663, 6460, 119478, -2900, 87129, 32471
17886.5, 1050, -6001, -4663, 6460, 119478, -2900, 87129, 32459
17888.8, 36, -6001, -4663, 6460, 119478, -2900, 87129, 32459
17894.6, 1522, -5677, -4155, 6199, 119929, -12298, 88350, 32444
17898.3, 998, -5677, -4155, 6199, 119929, -12298, 88350, 32449
17904.0, 1284, -5743, -3559, 5744, 122607, -23739, 95057, 32482
17906.3, 48, -5743, -3559, 5744, 122607, -23739, 95057, 32482
17908.5, 26, -5743, -3559, 5744, 122607, -23739, 95057, 32482
17914.3, 1167, -6065, -3550, 5569, 127332, -29011, 105649, 32431
17916.5, 266, -6065, -3550, 5569, 127332, -29011, 105649, 32431
17920.8, 1186, -6065, -3550, 5371, 128220, -22833, 114508, 32431
17924.6, 1482, -6065, -3550, 5371, 128220, -22833, 114508, 32424
17926.9, 69, -6065, -3550, 5371, 128220, -22833, 114508, 32424
17932.6, 1426, -6756, -3789, 6528, 126973, -13453, 116385, 32416
17936.4, 1440, -6756, -3789, 6528, 126973, -13453, 116385, 32417
17940.6, 936, -6756, -3744, 6862, 127616, -9940, 108182, 32417
17944.4, 1381, -6756, -3744, 6862, 127616, -9940, 108182, 32420
17946.7, 198, -6756, -3744, 6862, 127616, -9940, 108182, 32420
17950.9, 798, -6790, -3173, 6777, 128753, -15146, 96689, 32420
17954.7, 1673, -6790, -3173, 6777, 128753, -15146, 96689, 32449
17957.0, 365, -6790, -3173, 6777, 128753, -15146, 96689, 32449
17962.7, 1097, -6769, -2689, 6422, 133584, -22627, 91793, 32408
17966.4, 1535, -6769, -2689, 6422, 133584, -22627, 91793, 32409
17970.7, 1292, -6565, -2071, 5766, 137442, -27344, 94939, 32409
17974.5, 1321, -6565, -2071, 5766, 137442, -27344, 94939, 32414
17978.7, 606, -6565, -2071, 5766, 137442, -27344, 94939, 32414
17982.5, 982, -6565, -2071, 5766, 137442, -27344, 94939, 32388
17986.2, 2137, -6565, -2071, 5766, 137442, -27344, 94939, 32403
17990.5, 697, -6619, -1963, 6667, 139744, -19709, 109844, 32403
17994.3, 1637, -6619, -1963, 6667, 139744, -19709, 109844, 32387
17998.5, 1456, -6619, -1963, 6667, 139744, -19709, 109844, 32387
18002.3, 1074, -6619, -1963, 6667, 139744, -19709, 109844, 32533
18006.0, 1441, -6619, -1963, 6667, 139744, -19709, 109844, 32539
18010.3, 821, -6723, -1467, 7339, 136992, -12455, 107180, 32539
18014.1, 1407, -6723, -1467, 7339, 136992, -12455, 107180, 32567
18018.3, 1909, -6723, -1467, 7339, 136992, -12455, 107180, 32567
18022.0, 1247, -6723, -1467, 7339, 136992, -12455, 107180, 32552
18025.8, 995, -6723, -1467, 7339, 136992, -12455, 107180, 32587
18030.1, 803, -6735, -342, 6985, 135058, -13584, 100394, 32587
18033.9, 1058, -6735, -342, 6985, 135058, -13584, 100394, 32585
18038.1, 1461, -6735, -342, 6985, 135058, -13584, 100827, 32585
18041.8, 1536, -6735, -342, 6985, 135058, -13584, 100827, 32608
18045.6, 1278, -6735, -342, 6985, 135058, -13584, 100827, 32565
18049.9, 937, -6424, -110, 6824, 137447, -11121, 102144, 32565
18053.7, 1057, -6424, -110, 6824, 137447, -11121, 102144, 32638
18057.9, 552, -6424, -110, 6824, 137447, -11121, 101545, 32638
18061.6, 1419, -6424, -110, 6824, 137447, -11121, 101545, 32651
18065.9, 1293, -6093, -410, 6688, 135154, -13142, 101545, 32651
18069.6, 2018, -6093, -410, 6688, 135154, -13142, 101545, 32664
18071.9, 772, -6093, -410, 6688, 135154, -13142, 101545, 32664
18077.6, 1062, -5988, 55, 7497, 136655, -16108, 100950, 32669
18081.3, 1374, -5988, 55, 7497, 136655, -16108, 100950, 32691
18085.6, 1898, -6084, 592, 6942, 134052, -18554, 102993, 32691
18089.4, 1884, -6084, 592, 6942, 134052, -18554, 102993, 32712
18091.7, 504, -6084, 592, 6942, 134052, -18554, 102993, 32712
18095.9, 764, -6418, 1094, 6911, 132704, -17491, 105356, 32712
18099.6, 998, -6418, 1094, 6911, 132704, -17491, 105356, 32735
18101.9, 562, -6418, 1094, 6911, 132704, -17491, 105356, 32735
18107.6, 2380, -6687, 1190, 6774, 130998, -13597, 104695, 32742
18111.3, 1551, -6687, 1190, 6774, 130998, -13597, 104695, 32785
18115.6, 864, -6710, 1280, 6361, 130394, -8303, 99961, 32785
18119.4, 1094, -6710, 1280, 6361, 130394, -8303, 99961, 32753
18121.7, 165, -6710, 1280, 6361, 130394, -8303, 99961, 32753
18125.9, 1754, -6475, 1149, 6330, 130731, -6269, 93495, 32753
18129.6, 1204, -6475, 1149, 6330, 130731, -6269, 93495, 32756
18133.8, 1183, -6232, 1275, 6134, 128977, -8316, 88984, 32756
18137.6, 1333, -6232, 1275, 6134, 128977, -8316, 88984, 32768
18141.3, 1358, -6232, 1275, 6134, 128977, -8316, 88984, 32771
18145.6, 1546, -5847, 1563, 6649, 129817, -10740, 88372, 32771
18149.4, 1643, -5847, 1563, 6649, 129817, -10740, 88372, 32771
18153.6, 655, -5380, 2008, 6608, 131099, -14004, 89238, 32771
18157.3, 1304, -5380, 2008, 6608, 131099, -14004, 89238, 32775
18161.1, 896, -5380, 2008, 6608, 131099, -14004, 89238, 32769
18165.3, 2462, -5176, 2447, 7022, 129523, -15592, 91202, 32769
18169.1, 1595, -5176, 2447, 7022, 129523, -15592, 91202, 32744
18173.3, 749, -5499, 2891, 7051, 128618, -13978, 94024, 32744
18177.0, 1885, -5499, 2891, 7051, 128618, -13978, 94024, 32760
18180.8, 1364, -5499, 2891, 7051, 128618, -13978, 94024, 32752
18185.0, 782, -6035, 3047, 5654, 124711, -5630, 96439, 32752
18188.7, 1282, -6035, 3047, 5654, 124711, -5630, 96439, 32749
18192.9, 701, -6742, 2903, 5602, 125953, 5258, 96780, 32749
18196.7, 780, -6742, 2903, 5602, 125953, 5258, 96780, 32744
18199.0, 106, -6742, 2903, 5602, 125953, 5258, 96780, 32744
18204.8, 2086, -6674, 2467, 5854, 124103, 10937, 90983, 32730
18208.5, 1327, -6674, 2467, 5854, 124103, 10937, 90983, 32698
18212.8, 1048, -6110, 2758, 6469, 123162, 10867, 80636, 32698
18216.5, 1044, -6110, 2758, 6469, 123162, 10867, 80636, 32722
18218.8, 650, -6110, 2758, 6469, 123162, 10867, 80636, 32722
18224.5, 1279, -5818, 3580, 6176, 121465, 5740, 74481, 32714
18226.8, 53, -5818, 3580, 6176, 121465, 5740, 74481, 32714
18232.5, 1276, -5754, 4037, 6040, 118971, -323, 76489, 32712
18236.2, 1388, -5754, 4037, 6040, 118971, -323, 76489, 32664
18240.5, 1140, -5436, 4322, 5733, 119426, -1133, 80790, 32664
18244.2, 1061, -5436, 4322, 5733, 119426, -1133, 80790, 32692
18246.5, 687, -5436, 4322, 5733, 119426, -1133, 80790, 32692
18250.7, 1416, -5121, 4502, 5361, 114858, 3045, 81730, 32692
18254.4, 1211, -5121, 4502, 5361, 114858, 3045, 81730, 32682
18256.7, 75, -5121, 4502, 5361, 114858, 3045, 81730, 32682
18260.9, 1911, -5110, 4826, 5017, 111958, 6457, 80295, 32682
18264.6, 1811, -5110, 4826, 5017, 111958, 6457, 80295, 32675
18266.9, 380, -5110, 4826, 5017, 111958, 6457, 80295, 32675
18272.6, 2230, -5139, 5163, 4582, 111923, 13024, 79656, 32688
18276.3, 1523, -5139, 5163, 4582, 111923, 13024, 79656, 32640
18280.6, 862, -5537, 5360, 4850, 112561, 24889, 82745, 32640
18284.4, 1216, -5537, 5360, 4850, 112561, 24889, 82745, 32632
18286.6, 54, -5537, 5360, 4850, 112561, 24889, 82745, 32632
18290.9, 1549, -5973, 5184, 5059, 109486, 27322, 84202, 32632
18294.6, 2123, -5973, 5184, 5059, 109486, 27322, 84202, 32624
18298.8, 938, -5918, 5605, 5120, 106948, 16012, 81630, 32624
18302.6, 1023, -5918, 5605, 5120, 106948, 16012, 81630, 32594
18306.3, 1826, -5918, 5605, 5120, 106948, 16012, 81630, 32587
18310.6, 1147, -5225, 5787, 4982, 107219, 11121, 80177, 32587
18314.4, 1183, -5225, 5787, 4982, 107219, 11121, 80177, 32562
18318.6, 911, -4847, 5802, 4969, 103347, 11213, 75854, 32562
18322.3, 1082, -4847, 5802, 4969, 103347, 11213, 75854, 32514
18326.1, 1609, -4847, 5802, 4969, 103347, 11213, 75854, 32516
18330.4, 1146, -4380, 5785, 4990, 99300, 9826, 69414, 32516
18334.2, 1815, -4380, 5785, 4990, 99300, 9826, 69414, 32493
18338.4, 1363, -4383, 6398, 5234, 93959, 8443, 64597, 32493
18342.2, 1023, -4383, 6398, 5234, 93959, 8443, 64597, 32461
18345.9, 1135, -4383, 6398, 5234, 93959, 8443, 64597, 32421
18350.2, 1424, -3975, 7223, 4211, 85611, 4690, 65525, 32421
18353.9, 1184, -3975, 7223, 4211, 85611, 4690, 65525, 32407
18358.1, 1027, -4339, 6839, 4168, 79941, 1505, 73146, 32407
18361.8, 1704, -4339, 6839, 4168, 79941, 1505, 73146, 32768
18365.6, 1757, -4339, 6839, 4168, 79941, 1505, 73146, 32373
18369.8, 1171, -4564, 6285, 4073, 72499, 1356, 77788, 32373
18373.5, 1130, -4564, 6285, 4073, 72499, 1356, 77788, 32316
18377.7, 1240, -4909, 7443, 3012, 69051, 4480, 74393, 32316
18381.5, 1282, -4909, 7443, 3012, 69051, 4480, 74393, 32349
18383.7, 49, -4909, 7443, 3012, 69051, 4480, 74393, 32349
18389.5, 1261, -4918, 6276, 4028, 68395, 6378, 69252, 32340
18391.7, 48, -4918, 6276, 4028, 68395, 6378, 69252, 32340
18396.0, 1387, -4302, 6882, 3751, 64917, 6855, 62055, 32340
18399.7, 1162, -4302, 6882, 3751, 64917, 6855, 62055, 32330
18402.0, 130, -4302, 6882, 3751, 64917, 6855, 62055, 32330
18407.7, 1753, -4282, 7073, 4618, 60174, 4361, 52198, 32297
18411.4, 1121, -4282, 7073, 4618, 60174, 4361, 52198, 32309
18415.7, 1117, -3114, 7983, 3476, 53795, 4370, 44835, 32309
18419.4, 1782, -3114, 7983, 3476, 53795, 4370, 44835, 32236
18421.7, 299, -3114, 7983, 3476, 53795, 4370, 44835, 32236
18425.9, 1296, -2872, 7715, 3035, 49333, 10281, 42390, 32236
18429.6, 1144, -2872, 7715, 3035, 49333, 10281, 42390, 32290
18431.9, 38, -2872, 7715, 3035, 49333, 10281, 42390, 32290
18437.6, 2202, -3369, 5551, 5140, 58862, 4676, 40158, 32274
18441.3, 1185, -3369, 5551, 5140, 58862, 4676, 40158, 32254
18445.6, 1289, -3293, 7865, 2221, 74774, -14621, 25944, 32254
18449.4, 1272, -3293, 7865, 2221, 74774, -14621, 25944, 32243
18451.7, 46, -3293, 7865, 2221, 74774, -14621, 25944, 32243
18455.9, 898, -4798, 7181, 4367, 86836, -10408, 30030, 32243
18459.6, 1196, -4798, 7181, 4367, 86836, -10408, 30030, 32219
18463.8, 1108, -4820, 5970, 4887, 81997, -6330, 32974, 32219
18467.6, 1287, -4820, 5970, 4887, 81997, -6330, 32974, 32200
18471.4, 1251, -4820, 5970, 4887, 81997, -6330, 32974, 32184
18475.6, 1102, -4365, 7724, 3664, 75553, -18970, 28468, 32184
18479.4, 1310, -4365, 7724, 3664, 75553, -18970, 28468, 32201
18483.6, 874, -4060, 7529, 3713, 74958, -24631, 23791, 32201
18487.4, 1259, -4060, 7529, 3713, 74958, -24631, 23791, 32137
18491.1, 1402, -4060, 7529, 3713, 74958, -24631, 23791, 32115
18495.4, 1234, -2905, 7150, 3448, 74363, -27737, 25112, 32115
18499.2, 1571, -2905, 7150, 3448, 74363, -27737, 25112, 32101
18503.4, 1240, -3180, 7865, 2894, 74122, -31443, 23074, 32101
18507.1, 1178, -3180, 7865, 2894, 74122, -31443, 23074, 32058
18510.9, 1226, -3180, 7865, 2894, 74122, -31443, 23074, 32051
18515.2, 1246, -3594, 7744, 2967, 74314, -23555, 25856, 32051
18518.9, 1382, -3594, 7744, 2967, 74314, -23555, 25856, 32025
18523.1, 1089, -3582, 6678, 3041, 67677, -19333, 29645, 32025
18526.8, 1251, -3582, 6678, 3041, 67677, -19333, 29645, 32010
18530.6, 1362, -3582, 6678, 3041, 67677, -19333, 29645, 32019
18534.8, 1394, -4533, 6994, 3197, 57676, -17106, 27982, 32019
18538.6, 1592, -4533, 6994, 3197, 57676, -17106, 27982, 31972
18542.8, 1285, -4595, 7362, 2947, 49232, -19302, 27068, 31972
18546.5, 1187, -4595, 7362, 2947, 49232, -19302, 27068, 31858
18548.8, 42, -4595, 7362, 2947, 49232, -19302, 27068, 31858
18554.5, 1375, -4138, 7695, 2737, 37787, -18633, 23205, 31852
18556.8, 38, -4138, 7695, 2737, 37787, -18633, 23205, 31852
18562.5, 1747, -4138, 7695, 2737, 28582, -19670, 21656, 31828
18566.2, 1250, -4138, 7695, 2737, 28582, -19670, 21656, 31825
18570.5, 1223, -3768, 7596, 2983, 28582, -21853, 18957, 31825
18574.2, 1200, -3768, 7596, 2983, 28582, -21853, 18957, 31826
18576.5, 55, -3768, 7596, 2983, 28582, -21853, 18957, 31826
18580.7, 1286, -3601, 7450, 3407, 14105, -20492, 16900, 31826
18584.5, 1202, -3601, 7450, 3407, 14105, -20492, 16900, 31817
18586.8, 31, -3601, 7450, 3407, 14105, -20492, 16900, 31817
18592.5, 1387, -3350, 8724, 1999, 7809, -15544, 16450, 31839
18596.2, 1188, -3350, 8724, 1999, 7809, -15544, 16450, 31806
18600.5, 1148, -3046, 9115, 1999, 2563, -11843, 16647, 31806
18604.2, 1184, -3046, 9115, 1999, 2563, -11843, 16647, 31781
18606.5, 30, -3046, 9115, 1999, 2563, -11843, 16647, 31781
18610.8, 1222, -3101, 8627, 2582, -2161, -7896, 14905, 31781
18614.5, 1162, -3101, 8627, 2582, -2161, -7896, 14905, 31776
18618.8, 1413, -3235, 7902, 2582, -2161, -7896, 14905, 31776
18622.5, 1306, -3235, 7902, 2582, -2161, -7896, 14905, 31772
18626.2, 1125, -3235, 7902, 2582, -2161, -7896, 14905, 31770
18630.5, 1080, -3891, 8091, 3232, -16043, -5915, 11712, 31770
18634.2, 1214, -3891, 8091, 3232, -16043, -5915, 11712, 31798
18638.4, 1028, -4324, 8246, 3232, -16043, -5915, 11712, 31798
18642.2, 1186, -4324, 8246, 3232, -16043, -5915, 11712, 31769
18645.9, 1318, -4324, 8246, 3232, -16043, -5915, 11712, 31758
18650.2, 1157, -4464, 8475, 2825, -29540, -17500, 15041, 31758
18653.9, 1167, -4464, 8475, 2825, -29540, -17500, 15041, 31762
18658.1, 1181, -4546, 8452, 2825, -29540, -17500, 15041, 31762
18661.8, 1165, -4546, 8452, 2825, -29540, -17500, 15041, 31765
18665.6, 1189, -4546, 8452, 2825, -29540, -17500, 15041, 31778
18669.8, 1184, -4854, 8989, 3320, -40285, -22129, 14700, 31778
18673.5, 1115, -4854, 8989, 3320, -40285, -22129, 14700, 31808
18677.8, 1222, -3564, 8595, 2428, -40285, -22129, 14700, 31808
18681.5, 1181, -3564, 8595, 2428, -40285, -22129, 14700, 31804
18683.8, 32, -3564, 8595, 2428, -40285, -22129, 14700, 31804
18689.6, 1157, -3840, 8733, 2764, -50453, -21730, 10307, 31809
18693.3, 1166, -3840, 8733, 2764, -50453, -21730, 10307, 31853
18699.0, 1179, -3364, 8743, 2376, -57339, -17211, 5958, 31872
18702.8, 1173, -3364, 8743, 2376, -57339, -17211, 5958, 31893
18708.5, 1261, -3385, 8389, 2294, -57339, -17211, 5958, 31770
18710.7, 33, -3385, 8389, 2294, -57339, -17211, 5958, 31770
18713.0, 6, -3385, 8389, 2294, -57339, -17211, 5958, 31770
18718.7, 1272, -3453, 8621, 2854, -65573, -12092, 1763, 31958
18720.9, 35, -3453, 8621, 2854, -65573, -12092, 1763, 31958
18723.2, 7, -3453, 8621, 2854, -65573, -12092, 1763, 31958
18728.9, 1287, -3276, 8487, 3110, -71169, -9178, -940, 31982
18731.2, 33, -3276, 8487, 3110, -71169, -9178, -940, 31982
18735.5, 1256, -3153, 8184, 3363, -73890, -4475, -5075, 31982
18739.2, 1226, -3153, 8184, 3363, -73890, -4475, -5075, 32006
18741.5, 32, -3153, 8184, 3363, -73890, -4475, -5075, 32006
18745.7, 1206, -3058, 8301, 3547, -76559, -6098, -7468, 32006
18749.4, 1244, -3058, 8301, 3547, -76559, -6098, -7468, 32021
18751.7, 34, -3058, 8301, 3547, -76559, -6098, -7468, 32021
18755.9, 1208, -2611, 8254, 2937, -71567, -4173, -10259, 32021
18759.6, 1194, -2611, 8254, 2937, -71567, -4173, -10259, 32037
18761.9, 34, -2611, 8254, 2937, -71567, -4173, -10259, 32037
18767.6, 1259, -2113, 8023, 1249, -71899, 1496, -15356, 32038
18771.3, 1119, -2113, 8023, 1249, -71899, 1496, -15356, 32042
18775.6, 1183, -2671, 8160, 2926, -72053, 13746, -20947, 32042
18779.4, 1219, -2671, 8160, 2926, -72053, 13746, -20947, 32042
18783.6, 1150, -2673, 8414, 3867, -73260, 22934, -19189, 32042
18787.3, 1150, -2673, 8414, 3867, -73260, 22934, -19189, 32037
18791.1, 1164, -2673, 8414, 3867, -73260, 22934, -19189, 32034
18795.3, 1162, -2931, 8562, 4397, -71803, 21284, -15413, 32034
18799.1, 1178, -2931, 8562, 4397, -71803, 21284, -15413, 32020
18803.3, 1157, -2954, 8305, 3812, -69086, 14188, -12779, 32020
18807.0, 1240, -2954, 8305, 3812, -69086, 14188, -12779, 32011
18810.7, 1217, -2954, 8305, 3812, -69086, 14188, -12779, 31984
18815.0, 1116, -2227, 7274, 3409, -55834, 18563, -6352, 31984
18818.7, 1142, -2227, 7274, 3409, -55834, 18563, -6352, 31961
18822.9, 1165, -1633, 7009, 3814, -41563, 28087, -3325, 31961
18826.7, 1096, -1633, 7009, 3814, -41563, 28087, -3325, 31925
18829.0, 27, -1633, 7009, 3814, -41563, 28087, -3325, 31925
18834.8, 1108, -1854, 7945, 3553, -40220, 34633, -17937, 31890
18838.5, 1077, -1854, 7945, 3553, -40220, 34633, -17937, 31845
18842.7, 1027, -3140, 8259, 4281, -39817, 47145, -34164, 31845
18846.5, 1095, -3140, 8259, 4281, -39817, 47145, -34164, 31802
18848.8, 26, -3140, 8259, 4281, -39817, 47145, -34164, 31802
18854.6, 891, -4319, 8836, 4114, -46248, 66536, -39537, 31795
18858.3, 1111, -4319, 8836, 4114, -46248, 66536, -39537, 31745
18864.0, 812, -5322, 7792, 4880, -61211, 74104, -39161, 31702
18867.8, 1042, -5322, 7792, 4880, -61211, 74104, -39161, 31681
18873.5, 1087, -5316, 7119, 5411, -61679, 61854, -43352, 31671
18875.7, 33, -5316, 7119, 5411, -61679, 61854, -43352, 31671
18878.0, 8, -5316, 7119, 5411, -61679, 61854, -43352, 31671
18883.8, 958, -4383, 7021, 4825, -67866, 45015, -50142, 31659
18886.0, 26, -4383, 7021, 4825, -67866, 45015, -50142, 31659
18888.3, 7, -4383, 7021, 4825, -67866, 45015, -50142, 31659
18894.0, 1216, -4207, 7051, 5386, -72061, 32458, -54950, 31580
18896.3, 33, -4207, 7051, 5386, -72061, 32458, -54950, 31580
18900.6, 778, -4256, 7251, 5304, -73356, 20383, -57912, 31580
18904.3, 896, -4256, 7251, 5304, -73356, 20383, -57912, 31636
18906.6, 22, -4256, 7251, 5304, -73356, 20383, -57912, 31636
18910.8, 858, -4225, 7244, 4553, -76239, 7704, -58835, 31636
18914.6, 1058, -4225, 7244, 4553, -76239, 7704, -58835, 31634
18916.8, 29, -4225, 7244, 4553, -76239, 7704, -58835, 31634
18922.6, 1022, -4063, 7340, 3958, -81052, -1496, -59492, 31636
18926.4, 944, -4063, 7340, 3958, -81052, -1496, -59492, 31671
18930.6, 635, -3944, 7127, 4098, -81253, -2769, -61959, 31671
18934.4, 931, -3944, 7127, 4098, -81253, -2769, -61959, 31668
18936.6, 26, -3944, 7127, 4098, -81253, -2769, -61959, 31668
18940.9, 647, -4049, 7052, 4433, -81984, 3893, -64974, 31668
18944.7, 1060, -4049, 7052, 4433, -81984, 3893, -64974, 31683
18948.9, 1082, -4131, 6627, 4727, -87724, 13444, -67909, 31683
18952.6, 1052, -4131, 6627, 4727, -87724, 13444, -67909, 31692
18956.4, 911, -4131, 6627, 4727, -87724, 13444, -67909, 31693
18960.6, 777, -4158, 6008, 5265, -90848, 15317, -72486, 31693
18964.4, 979, -4158, 6008, 5265, -90848, 15317, -72486, 31696
18968.6, 695, -4268, 6122, 5493, -92174, 10132, -76668, 31696
18972.3, 924, -4268, 6122, 5493, -92174, 10132, -76668, 31690
18976.1, 1087, -4268, 6122, 5493, -92174, 10132, -76668, 31667
18980.3, 889, -4476, 5977, 4774, -96080, 7621, -76782, 31667
18984.0, 1083, -4476, 5977, 4774, -96080, 7621, -76782, 31677
18988.2, 748, -4412, 5385, 4801, -99992, 9673, -72928, 31677
18992.0, 971, -4412, 5385, 4801, -99992, 9673, -72928, 31675
18995.8, 1006, -4412, 5385, 4801, -99992, 9673, -72928, 31691
19000.0, 946, -4226, 4992, 5894, -96334, 12328, -69983, 31691
19003.8, 1083, -4226, 4992, 5894, -96334, 12328, -69983, 31696
19008.0, 697, -4377, 4824, 5767, -100757, 11659, -69344, 31696
19011.7, 961, -4377, 4824, 5767, -100757, 11659, -69344, 31699
19014.0, 31, -4377, 4824, 5767, -100757, 11659, -69344, 31699
19019.8, 1102, -4418, 4877, 5356, -106441, 7997, -67078, 31704
19023.5, 1127, -4418, 4877, 5356, -106441, 7997, -67078, 31714
19027.7, 938, -4705, 5057, 5914, -103365, -949, -63792, 31714
19031.4, 916, -4705, 5057, 5914, -103365, -949, -63792, 31725
19033.7, 25, -4705, 5057, 5914, -103365, -949, -63792, 31725
19039.4, 1314, -5207, 4917, 5796, -102446, -8413, -59754, 31729
19041.7, 46, -5207, 4917, 5796, -102446, -8413, -59754, 31729
19045.9, 814, -5726, 4152, 5701, -103404, -4344, -56674, 31729
19049.7, 1155, -5726, 4152, 5701, -103404, -4344, -56674, 31755
19052.0, 32, -5726, 4152, 5701, -103404, -4344, -56674, 31755
19057.7, 1265, -5614, 3355, 5853, -108099, 3583, -60139, 31776
19061.4, 1038, -5614, 3355, 5853, -108099, 3583, -60139, 31776
19065.6, 664, -5326, 3629, 6196, -110247, 2721, -69003, 31776
19069.4, 1544, -5326, 3629, 6196, -110247, 2721, -69003, 32493
19071.7, 392, -5326, 3629, 6196, -110247, 2721, -69003, 32493
19075.9, 814, -5402, 4134, 6468, -111962, -4484, -74288, 32493
19079.7, 1190, -5402, 4134, 6468, -111962, -4484, -74288, 32484
19082.0, 42, -5402, 4134, 6468, -111962, -4484, -74288, 32484
19087.7, 1374, -5791, 4210, 6357, -112920, -8001, -70569, 32508
19091.4, 1217, -5791, 4210, 6357, -112920, -8001, -70569, 32520
19095.7, 931, -6305, 3354, 6420, -111905, -8645, -62651, 32520
19099.5, 1136, -6305, 3354, 6420, -111905, -8645, -62651, 32542
19103.7, 980, -6305, 3354, 6118, -109018, -8120, -59225, 32542
19107.4, 1150, -6305, 3354, 6118, -109018, -8120, -59225, 32558
19111.2, 1124, -6305, 3354, 6118, -109018, -8120, -59225, 32593
19115.4, 987, -6125, 1894, 5555, -112058, -1776, -62454, 32593
19119.2, 1181, -6125, 1894, 5555, -112058, -1776, -62454, 32567
19123.4, 1117, -6125, 1894, 7454, -113533, -892, -70582, 32567
19127.1, 1141, -6125, 1894, 7454, -113533, -892, -70582, 32560
19130.9, 899, -6125, 1894, 7454, -113533, -892, -70582, 32554
19135.1, 584, -5704, 2906, 8154, -117978, -12875, -79893, 32554
19138.8, 1571, -5704, 2906, 8154, -117978, -12875, -79893, 32548
19143.0, 1377, -5704, 2906, 7186, -124606, -23712, -81861, 32548
19146.8, 1420, -5704, 2906, 7186, -124606, -23712, -81861, 32574
19149.1, 214, -5704, 2906, 7186, -124606, -23712, -81861, 32574
19155.1, 1217, -5790, 3564, 8625, -123595, -29584, -75071, 32580
19158.9, 1570, -5790, 3564, 8625, -123595, -29584, -75071, 32533
19163.1, 1054, -6355, 2923, 6384, -119793, -31360, -66903, 32533
19166.8, 1247, -6355, 2923, 6384, -119793, -31360, -66903, 32633
19170.6, 1213, -6355, 2923, 6384, -119793, -31360, -66903, 32627
19174.9, 837, -6267, 1418, 4827, -119133, -29689, -64191, 32627
19178.6, 1287, -6267, 1418, 4827, -119133, -29689, -64191, 32641
19182.8, 1191, -5486, 26, 6651, -114421, -29689, -72665, 32641
19186.5, 1020, -5486, 26, 6651, -114421, -29689, -72665, 32714
19188.8, 36, -5486, 26, 6651, -114421, -29689, -72665, 32714
19194.5, 1520, -4617, -610, 6206, -115786, -27212, -88923, 32710
19196.8, 249, -4617, -610, 6206, -115786, -27212, -88923, 32710
19202.5, 1344, -4617, -610, 6206, -115786, -27212, -88923, 32746
19206.3, 1438, -4617, -610, 6206, -115786, -27212, -88923, 32765
19210.5, 960, -4220, -427, 7554, -117090, -18742, -99016, 32765
19214.3, 1188, -4220, -427, 7554, -117090, -18742, -99016, 32807
19216.6, 117, -4220, -427, 7554, -117090, -18742, -99016, 32807
19220.8, 1086, -4317, 157, 9278, -118437, -15645, -95420, 32807
19224.6, 1636, -4317, 157, 9278, -118437, -15645, -95420, 32752
19226.9, 305, -4317, 157, 9278, -118437, -15645, -95420, 32752
19232.6, 1452, -4198, 652, 8211, -120848, -23585, -67726, 32719
19236.3, 1192, -4198, 652, 8211, -120848, -23585, -67726, 32698
19240.6, 1041, -4347, 453, 8400, -123770, -23585, -67726, 32698
19244.4, 1275, -4347, 453, 8400, -123770, -23585, -67726, 32666
19246.6, 85, -4347, 453, 8400, -123770, -23585, -67726, 32666
19250.9, 1015, -5186, 14, 7093, -129239, -20593, -53625, 32666
19254.6, 1688, -5186, 14, 7093, -129239, -20593, -53625, 32670
19258.9, 1238, -5802, -957, 6476, -129239, -20593, -53625, 32670
19262.7, 1392, -5802, -957, 6476, -129239, -20593, -53625, 32648
19266.4, 1257, -5802, -957, 6476, -129239, -20593, -53625, 32602
19270.7, 1097, -6030, -848, 7438, -123101, -18874, -72503, 32602
19274.4, 1151, -6030, -848, 7438, -123101, -18874, -72503, 32658
19278.6, 1397, -6402, -820, 7643, -123101, -18874, -72503, 32658
19282.4, 1569, -6402, -820, 7643, -123101, -18874, -72503, 32642
19286.2, 1763, -6402, -820, 7643, -123101, -18874, -72503, 32648
19290.5, 1158, -6285, -960, 6104, -123757, -12368, -81743, 32648
19294.2, 1355, -6285, -960, 6104, -123757, -12368, -81743, 32660
19298.4, 717, -5348, -1283, 8532, -123757, -12368, -81743, 32660
19302.2, 830, -5348, -1283, 8532, -123757, -12368, -81743, 32661
19305.9, 1602, -5348, -1283, 8532, -123757, -12368, -81743, 32630
19310.2, 1958, -5026, -1085, 8817, -126120, -25546, -85173, 32630
19313.9, 1603, -5026, -1085, 8817, -126120, -25546, -85173, 32679
19318.1, 770, -5143, -1201, 6716, -126120, -25546, -85173, 32679
19321.8, 1109, -5143, -1201, 6716, -126120, -25546, -85173, 32671
19325.6, 1486, -5143, -1201, 6716, -126120, -25546, -85173, 32664
19329.8, 1153, -5453, -1826, 8151, -131777, -15601, -77968, 32664
19333.5, 1683, -5453, -1826, 8151, -131777, -15601, -77968, 32668
19337.7, 1093, -5635, -2927, 6854, -131777, -15601, -77968, 32668
19341.5, 1086, -5635, -2927, 6854, -131777, -15601, -77968, 32667
19343.8, 399, -5635, -2927, 6854, -131777, -15601, -77968, 32667
19349.6, 1477, -5913, -3150, 6824, -126653, -11156, -80426, 32626
19353.3, 1660, -5913, -3150, 6824, -126653, -11156, -80426, 32677
19359.0, 1384, -6029, -3537, 7480, -126653, -11156, -80426, 32679
19361.3, 211, -6029, -3537, 7480, -126653, -11156, -80426, 32679
19363.5, 489, -6029, -3537, 7480, -126653, -11156, -80426, 32679
19369.3, 1337, -5487, -3643, 7180, -127205, -5595, -81940, 32678
19371.5, 783, -5487, -3643, 7180, -127205, -5595, -81940, 32678
19375.8, 1675, -5505, -3762, 8894, -126325, -1955, -83506, 32678
19379.5, 1855, -5505, -3762, 8894, -126325, -1955, -83506, 32661
19381.8, 621, -5505, -3762, 8894, -126325, -1955, -83506, 32661
19387.5, 1140, -5418, -3731, 7948, -129160, -8741, -83913, 32684
19391.2, 1212, -5418, -3731, 7948, -129160, -8741, -83913, 32668
19395.5, 1373, -5359, -3778, 7722, -126002, -14131, -82028, 32668
19399.2, 1694, -5359, -3778, 7722, -126002, -14131, -82028, 32675
19401.5, 501, -5359, -3778, 7722, -126002, -14131, -82028, 32675
19405.7, 1127, -5079, -4697, 6400, -123823, -14792, -80195, 32675
19409.4, 1480, -5079, -4697, 6400, -123823, -14792, -80195, 32698
19411.7, 486, -5079, -4697, 6400, -123823, -14792, -80195, 32698
19415.9, 1428, -4877, -5196, 6166, -117899, -10005, -80978, 32698
19419.6, 1544, -4877, -5196, 6166, -117899, -10005, -80978, 32662
19423.9, 668, -4753, -5530, 6460, -118735, -4466, -81853, 32662
19427.6, 1568, -4753, -5530, 6460, -118735, -4466, -81853, 32672
19431.4, 2111, -4753, -5530, 6460, -118735, -4466, -81853, 32662
19435.6, 1292, -4642, -5458, 7668, -118468, 389, -80877, 32662
19439.4, 1364, -4642, -5458, 7668, -118468, 389, -80877, 32631
19443.6, 1350, -4683, -5458, 7521, -120034, 2983, -76086, 32631
19447.3, 1539, -4683, -5458, 7521, -120034, 2983, -76086, 32657
19451.1, 1437, -4683, -5458, 7521, -120034, 2983, -76086, 32652
19455.4, 1032, -4812, -5429, 8218, -116403, 1798, -70311, 32652
19459.2, 1116, -4812, -5429, 8218, -116403, 1798, -70311, 32640
19463.4, 1809, -5166, -5806, 7472, -113073, -4147, -66894, 32640
19467.1, 1887, -5166, -5806, 7472, -113073, -4147, -66894, 32661
19470.9, 1594, -5166, -5806, 7472, -113073, -4147, -66894, 32613
19475.1, 966, -5341, -6416, 5571, -108339, -1470, -64917, 32613
19478.9, 1722, -5341, -6416, 5571, -108339, -1470, -64917, 32629
19483.1, 1220, -4703, -7644, 5805, -101457, 6514, -66487, 32629
19486.8, 1480, -4703, -7644, 5805, -101457, 6514, -66487, 32644
19490.6, 1704, -4703, -7644, 5805, -101457, 6514, -66487, 32641
19494.8, 1043, -4267, -7983, 6407, -94624, 4379, -73978, 32641
19498.5, 1541, -4267, -7983, 6407, -94624, 4379, -73978, 32656
19502.8, 1227, -4236, -7883, 5264, -92523, 2003, -78348, 32656
19506.5, 1650, -4236, -7883, 5264, -92523, 2003, -78348, 32654
19508.8, 814, -4236, -7883, 5264, -92523, 2003, -78348, 32654
19514.6, 1182, -4296, -7957, 6176, -85751, 6785, -72512, 32663
19518.3, 1696, -4296, -7957, 6176, -85751, 6785, -72512, 32657
19524.0, 1706, -4228, -8102, 6269, -81564, 5941, -62791, 32690
19526.3, 396, -4228, -8102, 6269, -81564, 5941, -62791, 32690
19528.5, 390, -4228, -8102, 6269, -81564, 5941, -62791, 32690
19534.3, 1554, -4052, -8014, 7648, -75281, -1115, -56665, 32654
19536.5, 393, -4052, -8014, 7648, -75281, -1115, -56665, 32654
19540.7, 1538, -4069, -7584, 7973, -71488, -10793, -55445, 32654
19544.4, 1727, -4069, -7584, 7973, -71488, -10793, -55445, 32654
19546.7, 602, -4069, -7584, 7973, -71488, -10793, -55445, 32654
19550.9, 1375, -4372, -7213, 6537, -73999, -12547, -53371, 32654
19554.6, 1723, -4372, -7213, 6537, -73999, -12547, -53371, 32648
19556.9, 502, -4372, -7213, 6537, -73999, -12547, -53371, 32648
19562.6, 1749, -4491, -7304, 6171, -73680, -7586, -48515, 32642
19566.3, 1623, -4491, -7304, 6171, -73680, -7586, -48515, 32634
19570.6, 1182, -4583, -7145, 6348, -72267, -7949, -47180, 32634
19574.4, 1623, -4583, -7145, 6348, -72267, -7949, -47180, 32635
19576.7, 500, -4583, -7145, 6348, -72267, -7949, -47180, 32635
19580.9, 1053, -4840, -7093, 6019, -70648, -6680, -48152, 32635
19584.6, 1915, -4840, -7093, 6019, -70648, -6680, -48152, 32699
19588.8, 1331, -5105, -7080, 6072, -67109, -2344, -48882, 32699
19592.6, 1505, -5105, -7080, 6072, -67109, -2344, -48882, 32691
19596.3, 1487, -5105, -7080, 6072, -67109, -2344, -48882, 32658
19600.5, 1605, -5196, -6996, 7371, -63158, -3399, -50147, 32658
19604.3, 1569, -5196, -6996, 7371, -63158, -3399, -50147, 32689
19608.5, 1305, -5054, -6535, 8291, -63696, -9668, -51953, 32689
19612.2, 1629, -5054, -6535, 8291, -63696, -9668, -51953, 32666
19616.0, 1722, -5054, -6535, 8291, -63696, -9668, -51953, 32678
19620.3, 1615, -4879, -6451, 7560, -67424, -15352, -50155, 32678
19624.0, 1736, -4879, -6451, 7560, -67424, -15352, -50155, 32697
19628.3, 1111, -4993, -6290, 7053, -70333, -16594, -44371, 32697
19632.0, 1471, -4993, -6290, 7053, -70333, -16594, -44371, 32670
19635.8, 1695, -4993, -6290, 7053, -70333, -16594, -44371, 32647
19640.0, 1421, -4998, -6300, 6364, -73588, -14809, -39117, 32647
19643.7, 1702, -4998, -6300, 6364, -73588, -14809, -39117, 32645
19648.0, 1303, -4834, -6287, 6191, -76756, -14726, -38089, 32645
19651.8, 1469, -4834, -6287, 6191, -76756, -14726, -38089, 32640
19655.5, 1595, -4834, -6287, 6191, -76756, -14726, -38089, 32635
19659.8, 1540, -4737, -6288, 6358, -79040, -19447, -39948, 32635
19663.5, 1380, -4737, -6288, 6358, -79040, -19447, -39948, 32593
19667.8, 721, -4791, -5956, 6511, -80453, -26701, -40828, 32593
19671.5, 1700, -4791, -5956, 6511, -80453, -26701, -40828, 32639
19673.8, 859, -4791, -5956, 6511, -80453, -26701, -40828, 32639
19679.5, 1817, -4847, -5733, 6919, -83016, -31977, -38273, 32633
19681.8, 707, -4847, -5733, 6919, -83016, -31977, -38273, 32633
19687.6, 1458, -4692, -5745, 5846, -86381, -32296, -35083, 32647
19691.3, 1563, -4692, -5745, 5846, -86381, -32296, -35083, 32605
19695.6, 1103, -4493, -6265, 4503, -92607, -23909, -32703, 32605
19699.3, 1500, -4493, -6265, 4503, -92607, -23909, -32703, 32640
19701.6, 335, -4493, -6265, 4503, -92607, -23909, -32703, 32640
19705.8, 1438, -3998, -6965, 4897, -96584, -14726, -33985, 32640
19709.6, 1849, -3998, -6965, 4897, -96584, -14726, -33985, 32643
19711.8, 710, -3998, -6965, 4897, -96584, -14726, -33985, 32643
19717.6, 1797, -3806, -7183, 5271, -101339, -14800, -38911, 32647
19721.3, 1638, -3806, -7183, 5271, -101339, -14800, -38911, 32642
19725.6, 1350, -3623, -7399, 5746, -102849, -17329, -40569, 32642
19729.3, 1627, -3623, -7399, 5746, -102849, -17329, -40569, 32649
19731.6, 761, -3623, -7399, 5746, -102849, -17329, -40569, 32649
19735.8, 1494, -3750, -7445, 6595, -104905, -21923, -35910, 32649
19739.6, 1629, -3750, -7445, 6595, -104905, -21923, -35910, 32622
19741.9, 565, -3750, -7445, 6595, -104905, -21923, -35910, 32622
19747.6, 1541, -3614, -7829, 4308, -107202, -26609, -29277, 32617
19751.4, 1374, -3614, -7829, 4308, -107202, -26609, -29277, 32611
19755.6, 1077, -3282, -8444, 3418, -106174, -28258, -24557, 32611
19759.4, 1658, -3282, -8444, 3418, -106174, -28258, -24557, 32599
19763.6, 1147, -3282, -8444, 3418, -105119, -25366, -24854, 32599
19767.3, 1444, -3282, -8444, 3418, -105119, -25366, -24854, 32590
19771.1, 1521, -3282, -8444, 3418, -105119, -25366, -24854, 32612
19775.3, 1555, -3141, -9766, 2398, -107084, -16349, -26600, 32612
19779.0, 1574, -3141, -9766, 2398, -107084, -16349, -26600, 32586
19783.2, 1202, -3141, -9766, 2398, -106038, -5359, -26206, 32586
19787.0, 1534, -3141, -9766, 2398, -106038, -5359, -26206, 32589
19790.7, 1601, -3141, -9766, 2398, -106038, -5359, -26206, 32590
19794.9, 1583, -3180, -10108, 4209, -103829, -3675, -26386, 32590
19798.7, 1541, -3180, -10108, 4209, -103829, -3675, -26386, 32582
19802.9, 1309, -3180, -10108, 4209, -102792, -9795, -27475, 32582
19806.6, 1494, -3180, -10108, 4209, -102792, -9795, -27475, 32583
19808.9, 246, -3180, -10108, 4209, -102792, -9795, -27475, 32583
19814.6, 1470, -3183, -9083, 4938, -101860, -15067, -27449, 32608
19818.3, 1520, -3183, -9083, 4938, -101860, -15067, -27449, 32564
19824.0, 1357, -3106, -8881, 5216, -103334, -22977, -26731, 32553
19827.8, 1610, -3106, -8881, 5216, -103334, -22977, -26731, 32558
19833.5, 772, -2691, -8971, 3554, -106274, -30761, -26421, 32551
19837.2, 1189, -2691, -8971, 3554, -106274, -30761, -26421, 32549
19842.9, 1386, -2691, -8971, 3554, -106274, -30761, -26421, 32491
19846.6, 1494, -2691, -8971, 3554, -106274, -30761, -26421, 32524
19850.9, 1451, -2152, -9866, 1548, -107202, -30406, -27501, 32524
19854.6, 1521, -2152, -9866, 1548, -107202, -30406, -27501, 32530
19856.9, 531, -2152, -9866, 1548, -107202, -30406, -27501, 32530
19862.6, 1394, -1829, -10368, 785, -105001, -26771, -30222, 32525
19866.3, 1554, -1829, -10368, 785, -105001, -26771, -30222, 32549
19870.6, 1349, -1951, -10598, 963, -100547, -22098, -31137, 32549
19874.4, 1499, -1951, -10598, 963, -100547, -22098, -31137, 32533
