timestamp, 1118, -1980, -9655, -1426, -65, -2165, -1426, 34880
2782.3, 1133, -1980, -9655, -1426, -65, -2165, -1426, 34883
2786.1, 1110, -1980, -9655, -1426, -65, -2165, -1426, 34908
2790.4, 1135, -2044, -9710, -1450, -433, -1898, -1163, 34908
2794.2, 1072, -2044, -9710, -1450, -433, -1898, -1163, 34885
2798.5, 1136, -2044, -9710, -1450, -433, -1898, -1163, 34885
2802.2, 1119, -2044, -9710, -1450, -433, -1898, -1163, 34870
2805.9, 1117, -2044, -9710, -1450, -433, -1898, -1163, 34869
2810.2, 1133, -2014, -9728, -1520, -962, -2292, -1671, 34869
2813.9, 1115, -2014, -9728, -1520, -962, -2292, -1671, 34853
2818.2, 1103, -2014, -9728, -1520, -962, -2292, -1671, 34853
2821.9, 1109, -2014, -9728, -1520, -962, -2292, -1671, 34888
2825.7, 1129, -2014, -9728, -1520, -962, -2292, -1671, 34873
2829.9, 1132, -1949, -9817, -1500, 100, -1789, -1360, 34873
2833.7, 1111, -1949, -9817, -1500, 100, -1789, -1360, 34878
2837.9, 1151, -1949, -9817, -1500, 100, -1789, -1360, 34878
2841.6, 1093, -1949, -9817, -1500, 100, -1789, -1360, 34883
2843.9, 25, -1949, -9817, -1500, 100, -1789, -1360, 34883
2849.6, 1187, -1993, -9719, -1502, -253, -218, -398, 34877
2853.3, 1126, -1993, -9719, -1502, -253, -218, -398, 34881
2859.0, 1161, -1993, -9732, -1428, -39, -1146, -870, 34874
2862.7, 1107, -1993, -9732, -1428, -39, -1146, -870, 34882
2868.5, 1196, -2032, -9732, -1428, -39, -1146, -870, 34875
2870.7, 28, -2032, -9732, -1428, -39, -1146, -870, 34875
2873.1, 4, -2032, -9732, -1428, -39, -1146, -870, 34875
2878.8, 1214, -2035, -9727, -1441, -415, -1968, -980, 34885
2881.1, 28, -2035, -9727, -1441, -415, -1968, -980, 34885
2883.3, 3, -2035, -9727, -1441, -415, -1968, -980, 34885
2889.1, 1199, -2032, -9681, -1448, -761, -2760, -1566, 34882
2891.3, 28, -2032, -9681, -1448, -761, -2760, -1566, 34882
2895.6, 1108, -2066, -9677, -1503, -573, -3066, -1566, 34882
2899.3, 1124, -2066, -9677, -1503, -573, -3066, -1566, 34880
2901.6, 25, -2066, -9677, -1503, -573, -3066, -1566, 34880
2905.9, 1129, -2008, -9715, -1531, 196, -3058, -1596, 34880
2909.7, 1101, -2008, -9715, -1531, 196, -3058, -1596, 34909
2911.9, 28, -2008, -9715, -1531, 196, -3058, -1596, 34909
2917.6, 1223, -1872, -9726, -1413, -188, -2520, -1404, 34880
2921.4, 1120, -1872, -9726, -1413, -188, -2520, -1404, 34874
2925.6, 1140, -1807, -9699, -1497, -691, -2174, -1470, 34874
2929.4, 1109, -1807, -9699, -1497, -691, -2174, -1470, 34877
2931.6, 27, -1807, -9699, -1497, -691, -2174, -1470, 34877
2935.9, 1123, -1812, -9614, -1543, -1067, -1531, -1439, 34877
2939.7, 1116, -1812, -9614, -1543, -1067, -1531, -1439, 34845
2943.9, 1135, -1919, -9615, -1563, -818, -240, -1032, 34845
2947.6, 1118, -1919, -9615, -1563, -818, -240, -1032, 34866
2951.4, 1135, -1919, -9615, -1563, -818, -240, -1032, 34893
2955.6, 1144, -1906, -9708, -1500, -393, 1119, -516, 34893
2959.4, 1123, -1906, -9708, -1500, -393, 1119, -516, 34871
2963.6, 1146, -1983, -9795, -1390, -398, 2200, 83, 34871
2967.3, 1124, -1983, -9795, -1390, -398, 2200, 83, 34868
2971.1, 1110, -1983, -9795, -1390, -398, 2200, 83, 34865
2975.3, 1154, -2069, -9794, -1298, -704, 1981, 253, 34865
2979.0, 1128, -2069, -9794, -1298, -704, 1981, 253, 34866
2983.2, 1148, -2163, -9754, -1346, -586, 380, -209, 34866
2987.0, 1085, -2163, -9754, -1346, -586, 380, -209, 34868
2990.8, 1118, -2163, -9754, -1346, -586, 380, -209, 34833
2995.0, 1132, -2209, -9694, -1411, -384, -1308, -826, 34833
2998.8, 1100, -2209, -9694, -1411, -384, -1308, -826, 34870
3003.0, 1115, -2095, -9719, -1448, -61, -2266, -1321, 34870
3006.7, 1076, -2095, -9719, -1448, -61, -2266, -1321, 34870
3009.0, 24, -2095, -9719, -1448, -61, -2266, -1321, 34870
3014.8, 1141, -1966, -9696, -1414, 240, -2533, -1360, 34858
3018.6, 1103, -1966, -9696, -1414, 240, -2533, -1360, 34828
3022.8, 1110, -1912, -9600, -1474, -376, -2581, -1225, 34828
3026.5, 1089, -1912, -9600, -1474, -376, -2581, -1225, 34857
3028.8, 24, -1912, -9600, -1474, -376, -2581, -1225, 34857
3034.6, 1211, -1951, -9597, -1573, -546, -2209, -1041, 34867
3036.8, 28, -1951, -9597, -1573, -546, -2209, -1041, 34867
3041.0, 1150, -1902, -9693, -1595, -91, -1063, -1080, 34867
3044.7, 1123, -1902, -9693, -1595, -91, -1063, -1080, 34882
3047.0, 26, -1902, -9693, -1595, -91, -1063, -1080, 34882
3052.8, 1220, -1897, -9783, -1544, -78, 21, -1093, 34872
3056.5, 1093, -1897, -9783, -1544, -78, 21, -1093, 34859
3060.8, 1164, -1977, -9713, -1427, -328, 0, -980, 34859
3064.5, 1118, -1977, -9713, -1427, -328, 0, -980, 34859
3066.8, 25, -1977, -9713, -1427, -328, 0, -980, 34859
3071.0, 1153, -2076, -9671, -1381, -227, -1509, -822, 34859
3074.8, 1104, -2076, -9671, -1381, -227, -1509, -822, 34849
3077.0, 26, -2076, -9671, -1381, -227, -1509, -822, 34849
3082.8, 1237, -2096, -9724, -1357, -61, -4033, -1281, 34856
3086.5, 1092, -2096, -9724, -1357, -61, -4033, -1281, 34858
3090.8, 1123, -2082, -9719, -1432, -183, -4974, -1706, 34858
3094.5, 1101, -2082, -9719, -1432, -183, -4974, -1706, 34859
3098.8, 1128, -2027, -9685, -1518, -65, -3692, -1434, 34859
3102.5, 1109, -2027, -9685, -1518, -65, -3692, -1434, 34877
3106.3, 1117, -2027, -9685, -1518, -65, -3692, -1434, 34860
3110.6, 1129, -1874, -9682, -1529, -157, -2082, -1115, 34860
3114.3, 1114, -1874, -9682, -1529, -157, -2082, -1115, 34854
3118.6, 1126, -1842, -9692, -1494, -144, -1225, -1211, 34854
3122.3, 1110, -1842, -9692, -1494, -144, -1225, -1211, 34856
3126.0, 1110, -1842, -9692, -1494, -144, -1225, -1211, 34854
3130.3, 1114, -1875, -9655, -1541, -179, -192, -1133, 34854
3134.1, 1138, -1875, -9655, -1541, -179, -192, -1133, 34854
3138.3, 1135, -1984, -9659, -1562, -288, 980, -730, 34854
3142.0, 1113, -1984, -9659, -1562, -288, 980, -730, 34874
3145.8, 1134, -1984, -9659, -1562, -288, 980, -730, 34854
3150.0, 1136, -1980, -9695, -1451, -188, 1242, -590, 34854
3153.8, 1105, -1980, -9695, -1451, -188, 1242, -590, 34844
3158.0, 1158, -2020, -9698, -1359, 30, 660, -629, 34844
3161.7, 1086, -2020, -9698, -1359, 30, 660, -629, 34855
3165.5, 1099, -2020, -9698, -1359, 30, 660, -629, 34861
3169.7, 1138, -2037, -9742, -1296, -21, -1137, -713, 34861
3173.5, 1109, -2037, -9742, -1296, -21, -1137, -713, 34858
3177.8, 1115, -2021, -9751, -1428, 118, -3058, -966, 34858
3181.5, 1100, -2021, -9751, -1428, 118, -3058, -966, 34796
3183.8, 26, -2021, -9751, -1428, 118, -3058, -966, 34796
3189.5, 1211, -1996, -9704, -1558, 363, -3145, -756, 34851
3191.8, 27, -1996, -9704, -1558, 363, -3145, -756, 34851
3197.5, 1200, -1889, -9628, -1591, 748, -1631, -472, 34857
3201.3, 1080, -1889, -9628, -1591, 748, -1631, -472, 34871
3205.5, 1119, -1809, -9601, -1640, 476, 240, -437, 34871
3209.3, 1116, -1809, -9601, -1640, 476, 240, -437, 34812
3211.6, 26, -1809, -9601, -1640, 476, 240, -437, 34812
3215.8, 1135, -1755, -9576, -1744, -91, 2550, -354, 34812
3219.6, 1101, -1755, -9576, -1744, -91, 2550, -354, 34864
3221.9, 23, -1755, -9576, -1744, -91, 2550, -354, 34864
3227.6, 1220, -1852, -9519, -1755, -227, 5691, 437, 34860
3231.3, 1105, -1852, -9519, -1755, -227, 5691, 437, 34865
3235.6, 1123, -1894, -9504, -1713, -314, 8793, 1338, 34865
3239.4, 1090, -1894, -9504, -1713, -314, 8793, 1338, 34901
3241.6, 26, -1894, -9504, -1713, -314, 8793, 1338, 34901
3245.9, 1120, -1950, -9576, -1649, -643, 11423, 1811, 34901
3249.6, 1105, -1950, -9576, -1649, -643, 11423, 1811, 34866
3253.9, 1135, -2032, -9671, -1457, -1146, 12945, 1588, 34866
3257.6, 1126, -2032, -9671, -1457, -1146, 12945, 1588, 34867
3261.3, 1103, -2032, -9671, -1457, -1146, 12945, 1588, 34864
3265.6, 1114, -2095, -9708, -1280, -1321, 11891, 1452, 34864
3269.4, 1105, -2095, -9708, -1280, -1321, 11891, 1452, 34835
3273.6, 1134, -2134, -9801, -1212, -975, 7787, 975, 34835
3277.3, 1118, -2134, -9801, -1212, -975, 7787, 975, 34857
3281.1, 1112, -2134, -9801, -1212, -975, 7787, 975, 34861
3285.4, 1115, -2123, -9876, -1197, 761, 3233, 109, 34861
3289.2, 1116, -2123, -9876, -1197, 761, 3233, 109, 34809
3293.4, 1132, -1977, -9722, -1247, 1592, 428, -608, 34809
3297.1, 1116, -1977, -9722, -1247, 1592, 428, -608, 34860
3300.9, 1132, -1977, -9722, -1247, 1592, 428, -608, 34853
3305.1, 1146, -1879, -9649, -1413, 874, -472, -581, 34853
3308.9, 1108, -1879, -9649, -1413, 874, -472, -581, 34855
3313.1, 1159, -1853, -9713, -1489, 853, -363, -349, 34855
3316.8, 1093, -1853, -9713, -1489, 853, -363, -349, 34837
3320.6, 1096, -1853, -9713, -1489, 853, -363, -349, 34861
3324.8, 1159, -1829, -9705, -1492, 717, 866, -253, 34861
3328.5, 1120, -1829, -9705, -1492, 717, 866, -253, 34806
3332.8, 1134, -1915, -9777, -1430, 301, 2113, -419, 34806
3336.5, 1078, -1915, -9777, -1430, 301, 2113, -419, 34858
3338.8, 25, -1915, -9777, -1430, 301, 2113, -419, 34858
3344.6, 1161, -2010, -9777, -1390, 0, 2603, -953, 34855
3348.3, 1135, -2010, -9777, -1390, 0, 2603, -953, 34855
3354.0, 1213, -2010, -9794, -1423, -109, 1553, -1505, 34839
3356.3, 27, -2010, -9794, -1423, -109, 1553, -1505, 34839
3358.5, 5, -2010, -9794, -1423, -109, 1553, -1505, 34839
3364.3, 1231, -2006, -9773, -1427, 166, -669, -1951, 34867
3366.5, 27, -2006, -9773, -1427, 166, -669, -1951, 34867
3370.8, 1105, -2006, -9773, -1427, 651, -2677, -2038, 34867
3374.6, 1086, -2006, -9773, -1427, 651, -2677, -2038, 34854
3376.9, 24, -2006, -9773, -1427, 651, -2677, -2038, 34854
3382.6, 1223, -1999, -9768, -1472, 1028, -3517, -1701, 34870
3386.3, 1101, -1999, -9768, -1472, 1028, -3517, -1701, 34880
3390.6, 1105, -2025, -9729, -1546, 634, -2848, -1478, 34880
3394.3, 1104, -2025, -9729, -1546, 634, -2848, -1478, 34885
3396.6, 24, -2025, -9729, -1546, 634, -2848, -1478, 34885
3400.9, 1109, -1993, -9717, -1567, 297, -1474, -1561, 34885
3404.7, 1107, -1993, -9717, -1567, 297, -1474, -1561, 34898
3407.0, 25, -1993, -9717, -1567, 297, -1474, -1561, 34898
3412.7, 1232, -1903, -9681, -1599, 380, -188, -1710, 34879
3416.4, 1114, -1903, -9681, -1599, 380, -188, -1710, 34883
3420.7, 1128, -1903, -9681, -1511, 402, 1015, -1360, 34883
3424.5, 1104, -1903, -9681, -1511, 402, 1015, -1360, 34880
3428.7, 1111, -1881, -9721, -1511, 402, 1015, -1360, 34880
3432.5, 1102, -1881, -9721, -1511, 402, 1015, -1360, 34900
3436.2, 1117, -1881, -9721, -1511, 402, 1015, -1360, 34876
3440.5, 1116, -1914, -9748, -1447, 306, 1518, -791, 34876
3444.3, 1090, -1914, -9748, -1447, 306, 1518, -791, 34882
3448.5, 1125, -1914, -9751, -1447, 306, 1518, -791, 34882
3452.3, 1097, -1914, -9751, -1447, 306, 1518, -791, 34876
3456.0, 1117, -1914, -9751, -1447, 306, 1518, -791, 34851
3460.3, 1140, -2016, -9692, -1432, 293, 1194, -949, 34851
3464.1, 1106, -2016, -9692, -1432, 293, 1194, -949, 34867
3468.3, 1135, -2120, -9628, -1432, 293, 1194, -949, 34867
3472.0, 1113, -2120, -9628, -1432, 293, 1194, -949, 34881
3475.8, 1101, -2120, -9628, -1432, 293, 1194, -949, 34872
3480.1, 1110, -2010, -9694, -1505, 144, -1946, -1426, 34872
3483.9, 1092, -2010, -9694, -1505, 144, -1946, -1426, 34898
3488.1, 1116, -1999, -9694, -1505, 144, -1946, -1426, 34898
3491.8, 1052, -1999, -9694, -1505, 144, -1946, -1426, 34870
3495.6, 1121, -1999, -9694, -1505, 144, -1946, -1426, 34880
3499.9, 1139, -2002, -9658, -1596, 498, -1395, -1006, 34880
3503.7, 1096, -2002, -9658, -1596, 498, -1395, -1006, 34870
3507.9, 1137, -2002, -9658, -1596, 498, -1395, -1006, 34870
3511.6, 1079, -2002, -9658, -1596, 498, -1395, -1006, 34860
3515.9, 1140, -1967, -9590, -1615, 664, 174, -647, 34860
3519.6, 1108, -1967, -9590, -1615, 664, 174, -647, 34868
3521.9, 25, -1967, -9590, -1615, 664, 174, -647, 34868
3527.6, 1213, -1995, -9640, -1590, 542, 1715, -494, 34856
3531.3, 1101, -1995, -9640, -1590, 542, 1715, -494, 34865
3535.6, 1125, -1947, -9691, -1526, 647, 2843, -157, 34865
3539.4, 1088, -1947, -9691, -1526, 647, 2843, -157, 34870
3541.7, 22, -1947, -9691, -1526, 647, 2843, -157, 34870
3545.9, 1135, -1997, -9637, -1534, 109, 4099, 358, 34870
3549.6, 1114, -1997, -9637, -1534, 109, 4099, 358, 34875
3551.9, 25, -1997, -9637, -1534, 109, 4099, 358, 34875
3557.6, 1223, -2022, -9701, -1468, -301, 4633, 748, 34881
3561.3, 1106, -2022, -9701, -1468, -301, 4633, 748, 34862
3565.6, 1124, -2067, -9691, -1396, -511, 3679, 424, 34862
3569.4, 1084, -2067, -9691, -1396, -511, 3679, 424, 34827
3571.7, 24, -2067, -9691, -1396, -511, 3679, 424, 34827
3575.9, 1165, -2058, -9734, -1318, -450, 1535, -78, 34827
3579.6, 1143, -2058, -9734, -1318, -450, 1535, -78, 34871
3583.8, 1158, -1994, -9734, -1361, 546, -813, -726, 34871
3587.6, 1094, -1994, -9734, -1361, 546, -813, -726, 34866
3591.3, 1111, -1994, -9734, -1361, 546, -813, -726, 34870
3595.6, 1125, -1945, -9725, -1430, 507, -2174, -975, 34870
3599.4, 1142, -1945, -9725, -1430, 507, -2174, -975, 34886
3603.6, 1145, -1920, -9739, -1449, 201, -2121, -800, 34886
3607.3, 1115, -1920, -9739, -1449, 201, -2121, -800, 34869
3611.1, 1134, -1920, -9739, -1449, 201, -2121, -800, 34884
3615.3, 1140, -1951, -9700, -1514, 336, -1133, -581, 34884
3619.1, 1106, -1951, -9700, -1514, 336, -1133, -581, 34870
3623.3, 1168, -1914, -9617, -1585, -96, 52, -778, 34870
3627.0, 1117, -1914, -9617, -1585, -96, 52, -778, 34874
3630.8, 1104, -1914, -9617, -1585, -96, 52, -778, 34861
3635.0, 1159, -1922, -9646, -1568, -402, 1133, -918, 34861
3638.7, 1125, -1922, -9646, -1568, -402, 1133, -918, 34893
3642.9, 1135, -1901, -9684, -1532, -516, 1793, -980, 34893
3646.7, 1063, -1901, -9684, -1532, -516, 1793, -980, 34866
3649.0, 24, -1901, -9684, -1532, -516, 1793, -980, 34866
3654.8, 1157, -1911, -9696, -1482, -498, 1373, -1071, 34856
3658.5, 1115, -1911, -9696, -1482, -498, 1373, -1071, 34867
3662.8, 1146, -1936, -9683, -1540, -433, 1049, -1010, 34867
3666.5, 1087, -1936, -9683, -1540, -433, 1049, -1010, 34854
3668.8, 26, -1936, -9683, -1540, -433, 1049, -1010, 34854
3674.5, 1207, -1925, -9696, -1467, -529, 984, -796, 34860
3676.8, 27, -1925, -9696, -1467, -529, 984, -796, 34860
3682.5, 1229, -1914, -9784, -1450, -739, 349, -848, 34868
3686.2, 1097, -1914, -9784, -1450, -739, 349, -848, 34859
3690.5, 1146, -1905, -9781, -1465, -275, -428, -1159, 34859
3694.2, 1115, -1905, -9781, -1465, -275, -428, -1159, 34853
3696.5, 24, -1905, -9781, -1465, -275, -428, -1159, 34853
3700.8, 1106, -1892, -9755, -1518, 201, -695, -1496, 34853
3704.5, 1118, -1892, -9755, -1518, 201, -695, -1496, 34859
3706.8, 25, -1892, -9755, -1518, 201, -695, -1496, 34859
3712.5, 1231, -1886, -9687, -1526, 468, -577, -1767, 34853
3716.2, 1093, -1886, -9687, -1526, 468, -577, -1767, 34862
3720.5, 1141, -1937, -9648, -1502, 682, -411, -1509, 34862
3724.2, 1114, -1937, -9648, -1502, 682, -411, -1509, 34853
3726.5, 24, -1937, -9648, -1502, 682, -411, -1509, 34853
3730.8, 1141, -1999, -9637, -1539, 450, 61, -984, 34853
3734.5, 1089, -1999, -9637, -1539, 450, 61, -984, 34865
3736.8, 23, -1999, -9637, -1539, 450, 61, -984, 34865
3742.6, 1209, -1953, -9643, -1490, -651, 1023, -651, 34854
3746.3, 1091, -1953, -9643, -1490, -651, 1023, -651, 34868
3750.6, 1099, -2042, -9770, -1515, -555, 568, -1325, 34868
3754.3, 1118, -2042, -9770, -1515, -555, 568, -1325, 34858
3758.6, 1128, -2000, -9681, -1541, -144, 306, -1745, 34858
3762.3, 1128, -2000, -9681, -1541, -144, 306, -1745, 34840
3766.1, 1099, -2000, -9681, -1541, -144, 306, -1745, 34859
3770.3, 1154, -1936, -9761, -1475, 441, 586, -1260, 34859
3774.0, 1126, -1936, -9761, -1475, 441, 586, -1260, 34856
3778.2, 1152, -1957, -9748, -1438, 770, 424, -874, 34856
3782.0, 1091, -1957, -9748, -1438, 770, 424, -874, 34849
3785.7, 1117, -1957, -9748, -1438, 770, 424, -874, 34859
3789.9, 1161, -1967, -9626, -1441, 170, -367, -1006, 34859
3793.7, 1108, -1967, -9626, -1441, 170, -367, -1006, 34856
3797.9, 1152, -2032, -9671, -1524, -279, -699, -1312, 34856
3801.6, 1091, -2032, -9671, -1524, -279, -699, -1312, 34828
3803.9, 24, -2032, -9671, -1524, -279, -699, -1312, 34828
3809.6, 1186, -1999, -9748, -1532, -214, -599, -1430, 34852
3813.3, 1114, -1999, -9748, -1532, -214, -599, -1430, 34854
3819.0, 1146, -1986, -9793, -1469, -336, -301, -980, 34847
3822.8, 1081, -1986, -9793, -1469, -336, -301, -980, 34854
3828.5, 1171, -2026, -9711, -1457, -748, -743, -647, 34856
3832.2, 1098, -2026, -9711, -1457, -748, -743, -647, 34818
3838.0, 1182, -2057, -9661, -1498, -695, -2520, -1185, 34850
3841.7, 1059, -2057, -9661, -1498, -695, -2520, -1185, 34853
3846.0, 1085, -2072, -9709, -1591, -332, -3889, -1811, 34853
3849.7, 1089, -2072, -9709, -1591, -332, -3889, -1811, 34859
3852.0, 24, -2072, -9709, -1591, -332, -3889, -1811, 34859
3857.7, 1203, -1974, -9769, -1581, 56, -3990, -1688, 34866
3861.4, 1076, -1974, -9769, -1581, 56, -3990, -1688, 34854
3865.7, 1116, -1877, -9731, -1518, 371, -3504, -1255, 34854
3869.5, 1091, -1877, -9731, -1518, 371, -3504, -1255, 34846
3871.7, 24, -1877, -9731, -1518, 371, -3504, -1255, 34846
3876.0, 1093, -1888, -9628, -1487, 74, -2611, -800, 34846
3879.7, 1088, -1888, -9628, -1487, 74, -2611, -800, 34849
3882.0, 23, -1888, -9628, -1487, 74, -2611, -800, 34849
3887.8, 1194, -1895, -9657, -1470, -468, -1999, -573, 34889
3891.5, 1099, -1895, -9657, -1470, -468, -1999, -573, 34859
3895.7, 1154, -1955, -9784, -1520, -564, -1583, -809, 34859
3899.4, 1090, -1955, -9784, -1520, -564, -1583, -809, 34852
3901.7, 25, -1955, -9784, -1520, -564, -1583, -809, 34852
3905.9, 1134, -1990, -9806, -1518, -498, -835, -962, 34852
3909.6, 1116, -1990, -9806, -1518, -498, -835, -962, 34843
3913.9, 1136, -1971, -9744, -1492, -428, -266, -1045, 34843
3917.6, 1107, -1971, -9744, -1492, -428, -266, -1045, 34854
3921.4, 1110, -1971, -9744, -1492, -428, -266, -1045, 34863
3925.6, 1137, -1975, -9724, -1482, -490, -524, -1071, 34863
3929.4, 1108, -1975, -9724, -1482, -490, -524, -1071, 34856
3933.6, 1126, -2027, -9717, -1469, -284, -1675, -958, 34856
3937.3, 1102, -2027, -9717, -1469, -284, -1675, -958, 34861
3941.1, 1126, -2027, -9717, -1469, -284, -1675, -958, 34813
3945.3, 1112, -2000, -9702, -1492, -21, -3198, -787, 34813
3949.1, 1099, -2000, -9702, -1492, -21, -3198, -787, 34861
3953.3, 1164, -1933, -9674, -1509, -8, -3990, -848, 34861
3957.0, 1122, -1933, -9674, -1509, -8, -3990, -848, 34862
3960.7, 1106, -1933, -9674, -1509, -8, -3990, -848, 34836
3965.0, 1123, -1863, -9626, -1598, 345, -4042, -1290, 34836
3969.1, 736, -1863, -9626, -1598, 345, -4042, -1290, 34854
3973.3, 1127, -1856, -9562, -1543, -249, -2651, -879, 34854
3977.1, 1094, -1856, -9562, -1543, -249, -2651, -879, 34862
3982.8, 1151, -1856, -9662, -1457, -608, -1574, -498, 34854
3986.5, 1083, -1856, -9662, -1457, -608, -1574, -498, 34849
3988.8, 24, -1856, -9662, -1457, -608, -1574, -498, 34849
3994.5, 1147, -1883, -9708, -1502, -800, -1334, -774, 34857
3998.3, 1104, -1883, -9708, -1502, -800, -1334, -774, 34855
4004.0, 1208, -1883, -9696, -1465, -371, -1045, -888, 34846
4006.2, 29, -1883, -9696, -1465, -371, -1045, -888, 34846
4010.5, 1112, -1963, -9696, -1465, -371, -1045, -888, 34846
4014.3, 1086, -1963, -9696, -1465, -371, -1045, -888, 34857
4016.5, 24, -1963, -9696, -1465, -371, -1045, -888, 34857
4020.8, 1133, -1998, -9702, -1458, 411, -546, -870, 34857
4024.5, 1121, -1998, -9702, -1458, 411, -546, -870, 34862
4026.8, 26, -1998, -9702, -1458, 411, -546, -870, 34862
4031.0, 1172, -1947, -9663, -1387, 695, -966, -770, 34862
4034.7, 1127, -1947, -9663, -1387, 695, -966, -770, 34847
4037.0, 25, -1947, -9663, -1387, 695, -966, -770, 34847
4042.7, 1220, -1977, -9683, -1308, 384, -3587, -1172, 34853
4046.4, 1087, -1977, -9683, -1308, 384, -3587, -1172, 34850
4050.7, 1119, -1981, -9634, -1405, 384, -3587, -1675, 34850
4054.5, 1094, -1981, -9634, -1405, 384, -3587, -1675, 34856
4056.7, 27, -1981, -9634, -1405, 384, -3587, -1675, 34856
4061.0, 1156, -1969, -9684, -1380, 586, -4825, -1758, 34856
4064.7, 1139, -1969, -9684, -1380, 586, -4825, -1758, 34861
4068.9, 1143, -1992, -9903, -1283, 586, -4825, -1758, 34861
4072.7, 1103, -1992, -9903, -1283, 586, -4825, -1758, 34856
4076.4, 1128, -1992, -9903, -1283, 586, -4825, -1758, 34856
4080.7, 1121, -1999, -10268, -1127, 5858, -5118, -2266, 34856
4084.5, 1085, -1999, -10268, -1127, 5858, -5118, -2266, 34860
4088.7, 1113, -1954, -10500, -1092, 5858, -5118, -2266, 34860
4092.5, 1110, -1954, -10500, -1092, 5858, -5118, -2266, 34848
4096.3, 1098, -1954, -10500, -1092, 5858, -5118, -2266, 34834
4100.5, 1117, -1871, -10552, -1201, 16537, -5438, -2038, 34834
4104.3, 1140, -1871, -10552, -1201, 16537, -5438, -2038, 34808
4108.5, 1128, -1910, -10255, -1524, 16537, -5438, -2038, 34808
4112.3, 1064, -1910, -10255, -1524, 16537, -5438, -2038, 34803
4116.0, 1058, -1910, -10255, -1524, 16537, -5438, -2038, 34826
4120.3, 1117, -1984, -9662, -2164, 35779, -1815, 6864, 34826
4124.1, 1129, -1984, -9662, -2164, 35779, -1815, 6864, 34826
4128.3, 1117, -2132, -9074, -2604, 35779, -1815, 6864, 34826
4132.0, 1054, -2132, -9074, -2604, 35779, -1815, 6864, 34765
4135.8, 1132, -2132, -9074, -2604, 35779, -1815, 6864, 34841
4140.1, 1098, -2110, -8627, -3053, 47644, -2336, 16244, 34841
4143.9, 1127, -2110, -8627, -3053, 47644, -2336, 16244, 34837
4148.1, 1081, -1436, -8928, -2944, 47644, -2336, 16244, 34837
4151.8, 1054, -1436, -8928, -2944, 47644, -2336, 16244, 34834
4157.6, 1214, -732, -9424, -2751, 50772, -9437, 14078, 34821
4161.3, 1064, -732, -9424, -2751, 50772, -9437, 14078, 34853
4163.6, 24, -732, -9424, -2751, 50772, -9437, 14078, 34853
4169.3, 1232, -759, -9951, -2395, 55300, -11733, 12945, 34866
4171.6, 30, -759, -9951, -2395, 55300, -11733, 12945, 34866
4175.8, 1095, -1049, -10132, -2249, 60375, -3381, 18020, 34866
4179.6, 1084, -1049, -10132, -2249, 60375, -3381, 18020, 34880
4181.9, 24, -1049, -10132, -2249, 60375, -3381, 18020, 34880
4187.6, 1206, -1357, -10062, -2105, 65219, 10561, 25047, 34933
4191.3, 1141, -1357, -10062, -2105, 65219, 10561, 25047, 34884
4195.5, 1110, -1767, -9564, -1932, 69213, 24574, 28831, 34884
4199.3, 1111, -1767, -9564, -1932, 69213, 24574, 28831, 34919
4201.6, 27, -1767, -9564, -1932, 69213, 24574, 28831, 34919
4205.8, 1166, -2549, -9751, -1360, 69353, 36877, 30787, 34919
4209.6, 1060, -2549, -9751, -1360, 69353, 36877, 30787, 34891
4211.9, 24, -2549, -9751, -1360, 69353, 36877, 30787, 34891
4217.6, 1244, -3290, -10417, -454, 67791, 44551, 32152, 34875
4221.3, 1105, -3290, -10417, -454, 67791, 44551, 32152, 34855
4225.6, 1072, -3697, -11328, 254, 70447, 42171, 32686, 34855
4229.4, 1070, -3697, -11328, 254, 70447, 42171, 32686, 34836
4233.6, 1166, -3765, -11434, 457, 77600, 30695, 30472, 34836
4237.3, 1155, -3765, -11434, 457, 77600, 30695, 30472, 34785
4241.1, 1118, -3765, -11434, 457, 77600, 30695, 30472, 34822
4245.4, 1072, -3358, -11235, 56, 86464, 16091, 25576, 34822
4249.2, 1102, -3358, -11235, 56, 86464, 16091, 25576, 34805
4253.4, 1118, -2767, -11047, -83, 96798, 7844, 22124, 34805
4257.1, 1100, -2767, -11047, -83, 96798, 7844, 22124, 34808
4260.9, 1089, -2767, -11047, -83, 96798, 7844, 22124, 34808
4265.2, 1124, -2374, -10861, 73, 102700, 9270, 21262, 34808
4268.9, 1138, -2374, -10861, 73, 102700, 9270, 21262, 34809
4273.2, 1105, -2260, -10543, -142, 104454, 17841, 23791, 34809
4276.9, 1126, -2260, -10543, -142, 104454, 17841, 23791, 34739
4280.7, 1127, -2260, -10543, -142, 104454, 17841, 23791, 34812
4284.9, 1056, -2739, -10380, 460, 105749, 31452, 29851, 34812
4288.7, 1046, -2739, -10380, 460, 105749, 31452, 29851, 34791
4292.9, 1107, -3153, -10483, 1225, 104170, 41672, 35586, 34791
4296.6, 1117, -3153, -10483, 1225, 104170, 41672, 35586, 34793
4298.9, 25, -3153, -10483, 1225, 104170, 41672, 35586, 34793
4304.6, 1134, -3469, -10806, 2388, 106296, 40561, 36439, 34785
4308.3, 1091, -3469, -10806, 2388, 106296, 40561, 36439, 34818
4314.0, 1114, -3373, -10521, 2754, 111209, 29536, 32887, 34813
4317.8, 1087, -3373, -10521, 2754, 111209, 29536, 32887, 34816
4323.5, 1197, -3356, -10161, 3004, 113563, 17167, 30135, 34844
4325.7, 29, -3356, -10161, 3004, 113563, 17167, 30135, 34844
4328.0, 2, -3356, -10161, 3004, 113563, 17167, 30135, 34844
4333.7, 1151, -3346, -9841, 3630, 114359, 8763, 30682, 34824
4336.0, 26, -3346, -9841, 3630, 114359, 8763, 30682, 34824
4338.2, 2, -3346, -9841, 3630, 114359, 8763, 30682, 34824
4343.9, 1172, -3135, -9965, 3842, 114950, 1015, 32082, 34838
4346.2, 27, -3135, -9965, 3842, 114950, 1015, 32082, 34838
4350.4, 1106, -2921, -9759, 3612, 117488, -6680, 32191, 34838
4354.2, 1124, -2921, -9759, 3612, 117488, -6680, 32191, 34847
4356.5, 24, -2921, -9759, 3612, 117488, -6680, 32191, 34847
4360.7, 1098, -3058, -9236, 3257, 120305, -10460, 34243, 34847
4364.4, 1154, -3058, -9236, 3257, 120305, -10460, 34243, 34854
4366.7, 27, -3058, -9236, 3257, 120305, -10460, 34243, 34854
4370.9, 1080, -3130, -9255, 2947, 122116, -9266, 38749, 34854
4374.6, 1098, -3130, -9255, 2947, 122116, -9266, 38749, 34897
4376.9, 25, -3130, -9255, 2947, 122116, -9266, 38749, 34897
4382.6, 1212, -3338, -9356, 3148, 124772, -4116, 42853, 34903
4386.3, 1129, -3338, -9356, 3148, 124772, -4116, 42853, 34926
4390.6, 1113, -3565, -9387, 3969, 127025, 1658, 44866, 34926
4394.4, 1086, -3565, -9387, 3969, 127025, 1658, 44866, 34967
4398.6, 1127, -3787, -9335, 4268, 128762, 2559, 43510, 34967
4402.3, 1048, -3787, -9335, 4268, 128762, 2559, 43510, 34930
4406.1, 1053, -3787, -9335, 4268, 128762, 2559, 43510, 34989
4410.4, 1121, -3879, -9122, 4375, 130438, -1154, 40898, 34989
4414.2, 1114, -3879, -9122, 4375, 130438, -1154, 40898, 35010
4418.4, 1115, -3699, -9011, 4290, 130950, -4751, 39795, 35010
4422.1, 1092, -3699, -9011, 4290, 130950, -4751, 39795, 34884
4425.9, 1094, -3699, -9011, 4290, 130950, -4751, 39795, 35063
4430.1, 1109, -3744, -8937, 4768, 131729, -4768, 40408, 35063
4433.9, 1122, -3744, -8937, 4768, 131729, -4768, 40408, 35082
4438.1, 1124, -3668, -9033, 5087, 134472, -4742, 41620, 35082
4441.8, 1077, -3668, -9033, 5087, 134472, -4742, 41620, 35100
4445.6, 1081, -3668, -9033, 5087, 134472, -4742, 41620, 35118
4449.8, 1090, -3773, -8950, 4929, 139149, -7083, 42617, 35118
4453.6, 1115, -3773, -8950, 4929, 139149, -7083, 42617, 35131
4457.9, 1051, -3808, -8952, 4206, 140085, -8859, 43947, 35131
4461.6, 1073, -3808, -8952, 4206, 140085, -8859, 43947, 35155
4463.9, 24, -3808, -8952, 4206, 140085, -8859, 43947, 35155
4469.6, 1157, -3987, -8660, 3881, 140584, -9025, 45255, 35166
4473.3, 1102, -3987, -8660, 3881, 140584, -9025, 45255, 35192
4479.1, 1075, -4080, -8350, 4467, 141962, -9445, 47154, 35196
4482.8, 1103, -4080, -8350, 4467, 141962, -9445, 47154, 35221
4488.5, 1231, -4177, -8157, 4925, 142189, -8824, 49403, 35230
4490.8, 29, -4177, -8157, 4925, 142189, -8824, 49403, 35230
4493.0, 3, -4177, -8157, 4925, 142189, -8824, 49403, 35230
4498.7, 1138, -4466, -8014, 5641, 141774, -6230, 52093, 35253
4500.9, 26, -4466, -8014, 5641, 141774, -6230, 52093, 35253
4505.2, 1194, -4466, -8355, 6270, 142220, -4466, 53660, 35253
4509.0, 1089, -4466, -8355, 6270, 142220, -4466, 53660, 35292
4511.2, 25, -4466, -8355, 6270, 142220, -4466, 53660, 35292
4515.5, 1153, -4713, -8761, 5995, 143117, -5556, 52120, 35292
4519.2, 1138, -4713, -8761, 5995, 143117, -5556, 52120, 35287
4521.5, 27, -4713, -8761, 5995, 143117, -5556, 52120, 35287
4525.7, 1095, -4727, -8303, 5225, 143344, -6588, 47885, 35287
4529.5, 1102, -4727, -8303, 5225, 143344, -6588, 47885, 35302
4531.8, 24, -4727, -8303, 5225, 143344, -6588, 47885, 35302
4537.5, 1241, -4272, -8009, 5025, 143344, -8723, 42866, 35314
4541.2, 1093, -4272, -8009, 5025, 143344, -8723, 42866, 35334
4545.5, 1124, -3958, -7666, 6020, 143344, -12140, 39655, 35334
4549.2, 1076, -3958, -7666, 6020, 143344, -12140, 39655, 35341
4551.5, 24, -3958, -7666, 6020, 143344, -12140, 39655, 35341
4555.7, 1157, -3887, -7058, 5935, 143344, -9542, 43181, 35341
4559.5, 1137, -3887, -7058, 5935, 143344, -9542, 43181, 35360
4563.7, 1060, -3887, -7058, 5935, 143108, -3325, 52264, 35360
4567.5, 1095, -3887, -7058, 5935, 143108, -3325, 52264, 35368
4571.2, 1134, -3887, -7058, 5935, 143108, -3325, 52264, 35398
4575.5, 1087, -4041, -6741, 6464, 143121, -3692, 58805, 35398
4579.2, 1067, -4041, -6741, 6464, 143121, -3692, 58805, 35404
4583.4, 1102, -4041, -6741, 6464, 142793, -6934, 60183, 35404
4587.2, 1085, -4041, -6741, 6464, 142793, -6934, 60183, 35415
4591.0, 1115, -4041, -6741, 6464, 142793, -6934, 60183, 35425
4595.2, 1024, -4854, -6291, 6586, 143182, -4904, 59199, 35425
4599.0, 1110, -4854, -6291, 6586, 143182, -4904, 59199, 35446
4603.2, 1098, -4854, -6291, 6586, 143344, 831, 55384, 35446
4607.0, 1052, -4854, -6291, 6586, 143344, 831, 55384, 35443
4610.7, 1144, -4854, -6291, 6586, 143344, 831, 55384, 35441
4615.0, 1058, -4790, -6498, 6454, 143344, 2821, 48257, 35441
4618.7, 1097, -4790, -6498, 6454, 143344, 2821, 48257, 35463
4622.9, 1035, -4790, -6498, 6454, 143344, 616, 42796, 35463
4626.6, 1052, -4790, -6498, 6454, 143344, 616, 42796, 35719
4628.9, 24, -4790, -6498, 6454, 143344, 616, 42796, 35719
4634.6, 1190, -4341, -6090, 6268, 143344, 498, 44008, 35712
4638.3, 1075, -4341, -6090, 6268, 143344, 498, 44008, 35755
4644.0, 1222, -4341, -6090, 6268, 143344, 3018, 48698, 35779
4646.3, 29, -4341, -6090, 6268, 143344, 3018, 48698, 35779
4648.5, 3, -4341, -6090, 6268, 143344, 3018, 48698, 35779
4654.3, 1139, -4429, -6111, 7913, 143344, 5140, 50820, 35732
4656.5, 26, -4429, -6111, 7913, 143344, 5140, 50820, 35732
4660.8, 1099, -4246, -6284, 6600, 143344, 5140, 50820, 35732
4664.5, 1048, -4246, -6284, 6600, 143344, 5140, 50820, 35765
4666.8, 24, -4246, -6284, 6600, 143344, 5140, 50820, 35765
4672.5, 1321, -4293, -5760, 6949, 143344, 7035, 48930, 35769
4676.2, 1136, -4293, -5760, 6949, 143344, 7035, 48930, 35777
4680.5, 1136, -4369, -4977, 7344, 143344, 4156, 45470, 35777
4684.2, 1111, -4369, -4977, 7344, 143344, 4156, 45470, 35785
4686.5, 25, -4369, -4977, 7344, 143344, 4156, 45470, 35785
4690.8, 1004, -4569, -4422, 7567, 143344, 7061, 45666, 35785
4694.5, 1134, -4569, -4422, 7567, 143344, 7061, 45666, 35784
4696.8, 27, -4569, -4422, 7567, 143344, 7061, 45666, 35784
4702.6, 1246, -4708, -4003, 7131, 143261, 9227, 46318, 35809
4706.3, 1082, -4708, -4003, 7131, 143261, 9227, 46318, 35809
4710.6, 1136, -4858, -4015, 8518, 143322, 9480, 45741, 35809
4714.3, 1018, -4858, -4015, 8518, 143322, 9480, 45741, 35795
4716.6, 23, -4858, -4015, 8518, 143322, 9480, 45741, 35795
4720.8, 1176, -5097, -3796, 8187, 143344, 10998, 44778, 35795
4724.6, 1083, -5097, -3796, 8187, 143344, 10998, 44778, 35821
4728.8, 1260, -5277, -3833, 7951, 143344, 13409, 44595, 35821
4732.5, 1294, -5277, -3833, 7951, 143344, 13409, 44595, 35814
4736.2, 1076, -5277, -3833, 7951, 143344, 13409, 44595, 35810
4740.5, 1077, -5151, -3345, 8039, 143344, 6632, 44297, 35810
4744.2, 1113, -5151, -3345, 8039, 143344, 6632, 44297, 35819
4748.4, 1155, -5055, -3251, 7434, 143344, 3233, 41650, 35819
4752.1, 1149, -5055, -3251, 7434, 143344, 3233, 41650, 35828
4755.9, 1069, -5055, -3251, 7434, 143344, 3233, 41650, 35812
4760.1, 1211, -5189, -2808, 8081, 143344, 3342, 37778, 35812
4763.9, 1217, -5189, -2808, 8081, 143344, 3342, 37778, 35819
4768.1, 1176, -4732, -2425, 7021, 143344, 3272, 33749, 35819
4771.8, 1068, -4732, -2425, 7021, 143344, 3272, 33749, 35815
4775.6, 1142, -4732, -2425, 7021, 143344, 3272, 33749, 35817
4779.8, 1239, -5041, -1672, 8489, 143344, 3447, 32607, 35817
4783.5, 1145, -5041, -1672, 8489, 143344, 3447, 32607, 35814
4787.8, 1101, -4903, -1226, 8187, 143344, 3381, 35359, 35814
4791.5, 1069, -4903, -1226, 8187, 143344, 3381, 35359, 35811
4793.8, 23, -4903, -1226, 8187, 143344, 3381, 35359, 35811
4799.6, 1270, -5246, -1249, 7919, 143344, 7393, 38789, 35764
4803.3, 1153, -5246, -1249, 7919, 143344, 7393, 38789, 35815
4809.0, 1205, -5106, -1042, 8170, 143344, 8828, 38373, 35812
4811.3, 28, -5106, -1042, 8170, 143344, 8828, 38373, 35812
4813.5, 3, -5106, -1042, 8170, 143344, 8828, 38373, 35812
4819.3, 1183, -4754, -985, 8086, 143344, 6260, 34668, 35818
4821.5, 26, -4754, -985, 8086, 143344, 6260, 34668, 35818
4825.8, 1176, -5138, 99, 8048, 143344, 1614, 33451, 35818
4829.6, 1095, -5138, 99, 8048, 143344, 1614, 33451, 35801
4831.8, 25, -5138, 99, 8048, 143344, 1614, 33451, 35801
4837.6, 1173, -5220, 31, 7715, 143344, -1067, 34742, 35803
4841.3, 1426, -5220, 31, 7715, 143344, -1067, 34742, 35800
4845.6, 1176, -5261, 285, 6672, 143344, 205, 35993, 35800
4849.3, 1026, -5261, 285, 6672, 143344, 205, 35993, 35807
4851.6, 22, -5261, 285, 6672, 143344, 205, 35993, 35807
4855.9, 1205, -5130, 276, 8308, 143344, 5888, 33215, 35807
4859.7, 1091, -5130, 276, 8308, 143344, 5888, 33215, 35824
4862.0, 24, -5130, 276, 8308, 143344, 5888, 33215, 35824
4867.7, 1327, -4631, 798, 7017, 143344, 9463, 28236, 35793
4871.4, 1163, -4631, 798, 7017, 143344, 9463, 28236, 35789
4875.7, 1091, -4305, 732, 7342, 143344, 6068, 25366, 35789
4879.5, 1107, -4305, 732, 7342, 143344, 6068, 25366, 35793
4883.7, 1118, -4982, 1234, 8087, 143344, 4366, 28350, 35793
4887.5, 1122, -4982, 1234, 8087, 143344, 4366, 28350, 35756
4891.2, 1100, -4982, 1234, 8087, 143344, 4366, 28350, 35749
4895.5, 1104, -4382, 1322, 7271, 143331, 12311, 32620, 35749
4899.3, 987, -4382, 1322, 7271, 143331, 12311, 32620, 35759
4903.5, 1394, -4247, 1295, 7258, 143217, 17649, 31592, 35759
4907.2, 1238, -4247, 1295, 7258, 143217, 17649, 31592, 35777
4911.0, 1166, -4247, 1295, 7258, 143217, 17649, 31592, 35747
4915.3, 1033, -4304, 1470, 7155, 141542, 11799, 28792, 35747
4919.1, 1094, -4304, 1470, 7155, 141542, 11799, 28792, 35720
4923.3, 1096, -4535, 1948, 8301, 142767, 6816, 30559, 35720
4927.0, 1058, -4535, 1948, 8301, 142767, 6816, 30559, 35748
4930.8, 1208, -4535, 1948, 8301, 142767, 6816, 30559, 35745
4935.0, 1124, -5349, 2328, 7401, 138681, 3583, 34108, 35745
4938.8, 1128, -5349, 2328, 7401, 138681, 3583, 34108, 35739
4943.0, 1041, -5260, 2616, 7319, 134787, -5831, 35801, 35739
4946.7, 1072, -5260, 2616, 7319, 134787, -5831, 35801, 35821
4950.5, 1270, -5260, 2616, 7319, 134787, -5831, 35801, 35743
4954.7, 1154, -4925, 2715, 7591, 135854, -7258, 27335, 35743
4958.4, 1146, -4925, 2715, 7591, 135854, -7258, 27335, 35713
4964.2, 1125, -4863, 3296, 6268, 127778, 314, 17509, 35729
4967.9, 1067, -4863, 3296, 6268, 127778, 314, 17509, 35735
4973.6, 1186, -4211, 3191, 7293, 126723, -931, 16524, 35736
4975.8, 31, -4211, 3191, 7293, 126723, -931, 16524, 35736
4978.2, 8, -4211, 3191, 7293, 126723, -931, 16524, 35736
4983.9, 1168, -4164, 2954, 7654, 127336, -6286, 17399, 35819
4986.2, 44, -4164, 2954, 7654, 127336, -6286, 17399, 35819
4990.4, 1014, -4258, 2673, 6826, 118756, -5127, 20943, 35819
4994.2, 1099, -4258, 2673, 6826, 118756, -5127, 20943, 35731
4996.5, 44, -4258, 2673, 6826, 118756, -5127, 20943, 35731
5000.7, 996, -4008, 2980, 6497, 113642, -638, 26075, 35731
5004.5, 989, -4008, 2980, 6497, 113642, -638, 26075, 35724
5006.8, 47, -4008, 2980, 6497, 113642, -638, 26075, 35724
5012.5, 791, -4269, 2548, 7141, 114871, -2856, 25817, 35720
5016.3, 754, -4269, 2548, 7141, 114871, -2856, 25817, 35720
5020.5, 596, -4377, 2988, 6618, 107968, 3355, 24027, 35720
5024.3, 758, -4377, 2988, 6618, 107968, 3355, 24027, 35723
5026.6, 26, -4377, 2988, 6618, 107968, 3355, 24027, 35723
5030.8, 554, -4998, 2078, 11620, 97122, 3018, 18130, 35723
5034.6, 868, -4998, 2078, 11620, 97122, 3018, 18130, 35723
5038.8, 875, -4615, 5365, 5787, 105443, -8876, -3705, 35723
5042.5, 784, -4615, 5365, 5787, 105443, -8876, -3705, 35719
5046.3, 1039, -4615, 5365, 5787, 105443, -8876, -3705, 35752
5050.5, 1209, -5161, 4252, 5849, 107757, -10955, -7883, 35752
5054.3, 1017, -5161, 4252, 5849, 107757, -10955, -7883, 35716
5058.5, 1086, -4800, 2400, 7725, 107031, -11103, -1715, 35716
5062.2, 1148, -4800, 2400, 7725, 107031, -11103, -1715, 35706
5066.0, 1000, -4800, 2400, 7725, 107031, -11103, -1715, 35701
5070.2, 1273, -4068, 2747, 6249, 100657, -9590, -8947, 35701
5073.9, 1383, -4068, 2747, 6249, 100657, -9590, -8947, 35664
5078.1, 1503, -4325, 3362, 5866, 86407, -8076, -15391, 35664
5081.9, 1177, -4325, 3362, 5866, 86407, -8076, -15391, 35685
5085.6, 1211, -4325, 3362, 5866, 86407, -8076, -15391, 35670
5089.9, 1162, -4103, 3583, 6276, 75233, -2436, -13650, 35670
5093.6, 1159, -4103, 3583, 6276, 75233, -2436, -13650, 35670
5097.8, 1479, -5184, 3969, 7286, 67384, 3268, -11436, 35670
5101.5, 1301, -5184, 3969, 7286, 67384, 3268, -11436, 35665
5103.8, 65, -5184, 3969, 7286, 67384, 3268, -11436, 35665
5109.5, 1163, -4311, 4271, 5772, 77176, -16682, 4624, 35634
5113.2, 1409, -4311, 4271, 5772, 77176, -16682, 4624, 35610
5119.0, 831, -4446, 3319, 6519, 74358, -14271, -1671, 35619
5122.8, 1587, -4446, 3319, 6519, 74358, -14271, -1671, 35583
5128.5, 1321, -4494, 3879, 6028, 66728, -7008, -20610, 35537
5130.8, 57, -4494, 3879, 6028, 66728, -7008, -20610, 35537
5133.0, 32, -4494, 3879, 6028, 66728, -7008, -20610, 35537
5138.8, 1624, -5353, 4136, 6407, 60380, -2581, -26617, 35558
5141.0, 353, -5353, 4136, 6407, 60380, -2581, -26617, 35558
5143.3, 55, -5353, 4136, 6407, 60380, -2581, -26617, 35558
5149.1, 1600, -4829, 4665, 5650, 52387, -4777, -19399, 35565
5151.4, 125, -4829, 4665, 5650, 52387, -4777, -19399, 35565
5155.6, 963, -4829, 4665, 6200, 45715, -10574, -7581, 35565
5159.4, 1355, -4829, 4665, 6200, 45715, -10574, -7581, 35524
5161.7, 110, -4829, 4665, 6200, 45715, -10574, -7581, 35524
5165.9, 1200, -4590, 4256, 6964, 44402, -17268, -1557, 35524
5169.6, 1176, -4590, 4256, 6964, 44402, -17268, -1557, 35195
5171.9, 54, -4590, 4256, 6964, 44402, -17268, -1557, 35195
5177.6, 1479, -4904, 4581, 6291, 40858, -20750, 490, 35112
5181.3, 1270, -4904, 4581, 6291, 40858, -20750, 490, 35035
5185.6, 1232, -4945, 4475, 5854, 33377, -19276, 1566, 35035
5189.4, 1377, -4945, 4475, 5854, 33377, -19276, 1566, 34949
5191.6, 85, -4945, 4475, 5854, 33377, -19276, 1566, 34949
5195.9, 1147, -4453, 4477, 6190, 25987, -18287, 2506, 34949
5199.6, 1438, -4453, 4477, 6190, 25987, -18287, 2506, 34869
5203.8, 1185, -4453, 4477, 6190, 25987, -18287, 2506, 34869
5207.6, 1236, -4453, 4477, 6190, 25987, -18287, 2506, 34783
5211.3, 1234, -4453, 4477, 6190, 25987, -18287, 2506, 34665
5215.5, 1264, -4571, 4957, 5525, 9441, -17876, 2555, 34665
5219.3, 1377, -4571, 4957, 5525, 9441, -17876, 2555, 34529
5223.5, 1174, -4571, 4957, 5525, 9441, -17876, 2555, 34529
5227.2, 1277, -4571, 4957, 5525, 9441, -17876, 2555, 34419
5231.0, 1224, -4571, 4957, 5525, 9441, -17876, 2555, 34329
5235.3, 1146, -4856, 4799, 6215, -6728, -15317, 10316, 34329
5239.0, 1221, -4856, 4799, 6215, -6728, -15317, 10316, 34244
5243.3, 1234, -4856, 4799, 6215, -6728, -15317, 10316, 34244
5247.0, 1262, -4856, 4799, 6215, -6728, -15317, 10316, 34170
5250.7, 1236, -4856, 4799, 6215, -6728, -15317, 10316, 34124
5255.0, 976, -4718, 5177, 5914, -22557, -14162, 20287, 34124
5258.7, 1282, -4718, 5177, 5914, -22557, -14162, 20287, 34063
5262.9, 1023, -4718, 5177, 5914, -22557, -14162, 20287, 34063
5266.7, 1146, -4718, 5177, 5914, -22557, -14162, 20287, 34007
5269.0, 63, -4718, 5177, 5914, -22557, -14162, 20287, 34007
5274.8, 1296, -4756, 4766, 5782, -35350, -5945, 21748, 33978
5278.5, 1253, -4756, 4766, 5782, -35350, -5945, 21748, 33939
5282.7, 1171, -4756, 4766, 5782, -35350, -5945, 21748, 33939
5286.5, 1172, -4756, 4766, 5782, -35350, -5945, 21748, 33935
5288.7, 73, -4756, 4766, 5782, -35350, -5945, 21748, 33935
5294.4, 1341, -4625, 5274, 4972, -42871, 5433, 17268, 33895
5296.7, 63, -4625, 5274, 4972, -42871, 5433, 17268, 33895
5301.0, 1156, -4693, 4972, 5793, -49350, 5433, 17268, 33895
5304.7, 1255, -4693, 4972, 5793, -49350, 5433, 17268, 33918
5307.0, 60, -4693, 4972, 5793, -49350, 5433, 17268, 33918
5312.7, 1526, -4647, 4918, 6505, -56574, 15697, 10745, 33922
5316.4, 1299, -4647, 4918, 6505, -56574, 15697, 10745, 33908
5320.7, 1188, -4747, 4596, 6414, -54924, 10193, 7218, 33908
5324.5, 1236, -4747, 4596, 6414, -54924, 10193, 7218, 33914
5326.7, 41, -4747, 4596, 6414, -54924, 10193, 7218, 33914
5330.9, 1296, -4369, 4945, 5644, -62808, 8535, 8089, 33914
5334.6, 1361, -4369, 4945, 5644, -62808, 8535, 8089, 33916
5336.9, 52, -4369, 4945, 5644, -62808, 8535, 8089, 33916
5342.6, 1416, -4055, 5139, 5464, -74328, 13282, 10259, 33919
5346.3, 1284, -4055, 5139, 5464, -74328, 13282, 10259, 33918
5350.6, 1056, -3670, 4494, 5700, -81153, 14039, 12534, 33918
5354.4, 1161, -3670, 4494, 5700, -81153, 14039, 12534, 33906
5356.7, 31, -3670, 4494, 5700, -81153, 14039, 12534, 33906
5360.9, 1196, -3987, 4456, 5831, -80720, 15933, 12958, 33906
5364.6, 1336, -3987, 4456, 5831, -80720, 15933, 12958, 33940
5368.8, 1229, -4414, 4667, 6043, -73089, 10220, 16143, 33940
5372.6, 1218, -4414, 4667, 6043, -73089, 10220, 16143, 33908
5376.4, 1468, -4414, 4667, 6043, -73089, 10220, 16143, 33887
5380.6, 1304, -4932, 4764, 6140, -77364, 3823, 18777, 33887
5384.4, 1319, -4932, 4764, 6140, -77364, 3823, 18777, 33897
5388.6, 1398, -4891, 4139, 6549, -86783, 8798, 10644, 33897
5392.7, 1151, -4891, 4139, 6549, -86783, 8798, 10644, 33902
5396.4, 1471, -4891, 4139, 6549, -86783, 8798, 10644, 33899
5400.7, 1461, -4673, 4797, 6335, -89815, 9472, -12613, 33899
5404.5, 1303, -4673, 4797, 6335, -89815, 9472, -12613, 33930
5408.7, 1184, -3647, 4952, 5181, -91329, 6453, -33504, 33930
5412.5, 1286, -3647, 4952, 5181, -91329, 6453, -33504, 33897
5416.2, 1325, -3647, 4952, 5181, -91329, 6453, -33504, 33909
5420.5, 1212, -3359, 5000, 5993, -91688, 18489, -40749, 33909
5424.3, 1237, -3359, 5000, 5993, -91688, 18489, -40749, 33906
5428.5, 1215, -3671, 4839, 6495, -100911, 21402, -39270, 33906
5432.3, 1222, -3671, 4839, 6495, -100911, 21402, -39270, 33905
5438.0, 1282, -4033, 4303, 6736, -106266, 9992, -30590, 33913
5441.7, 1175, -4033, 4303, 6736, -106266, 9992, -30590, 33926
5445.5, 1259, -4033, 4303, 6736, -106266, 9992, -30590, 33941
5449.7, 1222, -4077, 4150, 6308, -107723, 3224, -19735, 33941
5453.5, 1276, -4077, 4150, 6308, -107723, 3224, -19735, 33994
5457.7, 1234, -4552, 3358, 6903, -111734, 7201, -15535, 33994
5461.4, 1254, -4552, 3358, 6903, -111734, 7201, -15535, 33991
5465.6, 1203, -4496, 3358, 7021, -116153, 10640, -22374, 33991
5469.3, 1248, -4496, 3358, 7021, -116153, 10640, -22374, 34014
5471.6, 34, -4496, 3358, 7021, -116153, 10640, -22374, 34014
5475.8, 1194, -4649, 3098, 6787, -119023, 14113, -35236, 34014
5479.5, 1242, -4649, 3098, 6787, -119023, 14113, -35236, 34054
5481.8, 35, -4649, 3098, 6787, -119023, 14113, -35236, 34054
5486.0, 1166, -4721, 3268, 6504, -125148, 12219, -47320, 34054
5489.8, 1244, -4721, 3268, 6504, -125148, 12219, -47320, 34092
5492.0, 36, -4721, 3268, 6504, -125148, 12219, -47320, 34092
5497.8, 1390, -4224, 3077, 6078, -131965, 7406, -54911, 34132
5501.5, 1211, -4224, 3077, 6078, -131965, 7406, -54911, 34177
5505.8, 1222, -3870, 3104, 6546, -133404, 8859, -57072, 34177
5509.5, 1214, -3870, 3104, 6546, -133404, 8859, -57072, 34220
5511.8, 34, -3870, 3104, 6546, -133404, 8859, -57072, 34220
5516.0, 1229, -3875, 2686, 7719, -133002, 18147, -54377, 34220
5519.8, 1400, -3875, 2686, 7719, -133002, 18147, -54377, 34269
5524.1, 1239, -3973, 2277, 7407, -138015, 23984, -50715, 34269
5527.8, 1277, -3973, 2277, 7407, -138015, 23984, -50715, 34294
5531.6, 1287, -3973, 2277, 7407, -138015, 23984, -50715, 34298
5535.8, 1246, -4315, 1819, 7835, -137880, 20037, -49035, 34298
5539.5, 1250, -4315, 1819, 7835, -137880, 20037, -49035, 34361
5543.7, 1138, -4757, 1586, 7140, -137175, 13330, -47657, 34361
5547.5, 1291, -4757, 1586, 7140, -137175, 13330, -47657, 34396
5551.3, 1312, -4757, 1586, 7140, -137175, 13330, -47657, 34434
5555.5, 1184, -5418, 933, 7048, -130241, 12840, -46839, 34434
5559.3, 1282, -5418, 933, 7048, -130241, 12840, -46839, 33916
5563.5, 1216, -6146, 86, 6753, -130219, 18152, -48309, 33916
5567.3, 1344, -6146, 86, 6753, -130219, 18152, -48309, 34510
5571.0, 1290, -6146, 86, 6753, -130219, 18152, -48309, 34580
5575.3, 1274, -5676, -626, 6951, -139831, 17377, -57011, 34580
5579.1, 1376, -5676, -626, 6951, -139831, 17377, -57011, 34591
5583.3, 1370, -5100, 470, 7329, -142942, 7126, -70670, 34591
5587.0, 1123, -5100, 470, 7329, -142942, 7126, -70670, 34633
5590.8, 1217, -5100, 470, 7329, -142942, 7126, -70670, 34665
5595.1, 1901, -4560, 1071, 7383, -143270, -2086, -76563, 34665
5598.8, 2008, -4560, 1071, 7383, -143270, -2086, -76563, 34737
5603.1, 1543, -4724, 909, 9324, -140509, -4725, -70539, 34737
5606.9, 1268, -4724, 909, 9324, -140509, -4725, -70539, 34777
5612.6, 1623, -4892, 674, 7992, -142036, 1032, -57602, 34818
5616.3, 1315, -4892, 674, 7992, -142036, 1032, -57602, 34845
5618.6, 45, -4892, 674, 7992, -142036, 1032, -57602, 34845
5624.3, 1425, -5448, -546, 6980, -141669, 11808, -51656, 34890
5626.6, 47, -5448, -546, 6980, -141669, 11808, -51656, 34890
5630.8, 1184, -5733, -2230, 7306, -140877, 12604, -60056, 34890
5634.6, 1332, -5733, -2230, 7306, -140877, 12604, -60056, 34918
5636.9, 46, -5733, -2230, 7306, -140877, 12604, -60056, 34918
5642.6, 1391, -5715, -2846, 7036, -139048, 7739, -76353, 34942
5646.3, 1359, -5715, -2846, 7036, -139048, 7739, -76353, 34942
5650.5, 1280, -5106, -2839, 7657, -138952, 7218, -87120, 34942
5654.3, 1215, -5106, -2839, 7657, -138952, 7218, -87120, 34985
5656.6, 56, -5106, -2839, 7657, -138952, 7218, -87120, 34985
5660.8, 1204, -4823, -1877, 8053, -142014, 1413, -86346, 34985
5664.6, 1169, -4823, -1877, 8053, -142014, 1413, -86346, 35027
5666.9, 33, -4823, -1877, 8053, -142014, 1413, -86346, 35027
5672.6, 1570, -5056, -1688, 8153, -142548, -2445, -77040, 35051
5676.3, 1397, -5056, -1688, 8153, -142548, -2445, -77040, 35090
5680.6, 1130, -5609, -2446, 9096, -141467, -6689, -67017, 35090
5684.4, 1340, -5609, -2446, 9096, -141467, -6689, -67017, 35116
5688.6, 1514, -5570, -3427, 7612, -142207, -4361, -61762, 35116
5692.4, 1399, -5570, -3427, 7612, -142207, -4361, -61762, 35599
5696.2, 1238, -5570, -3427, 7612, -142207, -4361, -61762, 35173
5700.5, 1194, -5919, -3780, 8535, -133024, -7503, -68255, 35173
5704.2, 1418, -5919, -3780, 8535, -133024, -7503, -68255, 35630
5708.5, 1299, -5629, -4505, 6077, -132665, -9966, -76708, 35630
5712.2, 1169, -5629, -4505, 6077, -132665, -9966, -76708, 35638
5715.9, 1212, -5629, -4505, 6077, -132665, -9966, -76708, 35628
5720.1, 1557, -5062, -5147, 6629, -133207, -1960, -80479, 35628
5723.9, 1473, -5062, -5147, 6629, -133207, -1960, -80479, 35651
5728.1, 1257, -4748, -4759, 7923, -134699, -4620, -83065, 35651
5731.8, 1258, -4748, -4759, 7923, -134699, -4620, -83065, 35648
5735.6, 1273, -4748, -4759, 7923, -134699, -4620, -83065, 35657
5739.8, 1551, -4657, -4536, 7817, -134577, -8023, -79022, 35657
5743.5, 1508, -4657, -4536, 7817, -134577, -8023, -79022, 35617
5747.8, 1391, -4945, -4511, 8458, -136944, -6720, -69375, 35617
5751.5, 1440, -4945, -4511, 8458, -136944, -6720, -69375, 35683
5753.8, 114, -4945, -4511, 8458, -136944, -6720, -69375, 35683
5759.6, 1561, -5649, -4691, 8598, -135635, -13750, -63696, 35691
5763.3, 1552, -5649, -4691, 8598, -135635, -13750, -63696, 35697
5769.0, 1333, -6039, -4749, 7566, -128355, -22465, -63919, 35748
5772.8, 1303, -6039, -4749, 7566, -128355, -22465, -63919, 35724
5778.5, 1458, -5614, -5624, 5858, -126833, -17460, -69467, 35723
5780.7, 72, -5614, -5624, 5858, -126833, -17460, -69467, 35723
5783.0, 172, -5614, -5624, 5858, -126833, -17460, -69467, 35723
5788.7, 1496, -4917, -6034, 6569, -126198, -10189, -79512, 35417
5790.9, 400, -4917, -6034, 6569, -126198, -10189, -79512, 35417
5793.2, 465, -4917, -6034, 6569, -126198, -10189, -79512, 35417
5798.9, 1379, -4398, -5755, 6738, -126356, -10452, -85852, 35727
5801.2, 48, -4398, -5755, 6738, -126356, -10452, -85852, 35727
5805.4, 1363, -4398, -5755, 6738, -126356, -8365, -80046, 35727
5809.2, 1555, -4398, -5755, 6738, -126356, -8365, -80046, 35730
5811.5, 455, -4398, -5755, 6738, -126356, -8365, -80046, 35730
5815.7, 1596, -4052, -6109, 7158, -129432, -10557, -67065, 35730
5819.5, 1627, -4052, -6109, 7158, -129432, -10557, -67065, 35732
5821.7, 426, -4052, -6109, 7158, -129432, -10557, -67065, 35732
5825.9, 1460, -4342, -6175, 7019, -132385, -15054, -56530, 35732
5829.6, 1511, -4342, -6175, 7019, -132385, -15054, -56530, 35724
5831.9, 262, -4342, -6175, 7019, -132385, -15054, -56530, 35724
5837.6, 1501, -5069, -6467, 7653, -127590, -20037, -54749, 35721
5841.3, 1345, -5069, -6467, 7653, -127590, -20037, -54749, 35714
5845.6, 1441, -5069, -6467, 5452, -126268, -14630, -60104, 35714
5849.4, 1670, -5069, -6467, 5452, -126268, -14630, -60104, 35721
5853.6, 1457, -5209, -6702, 5452, -126268, -14630, -60104, 35721
5857.3, 1391, -5209, -6702, 5452, -126268, -14630, -60104, 35728
5861.1, 1254, -5209, -6702, 5452, -126268, -14630, -60104, 35731
5865.3, 1492, -5263, -7350, 6592, -117256, 113, -69729, 35731
5869.1, 1615, -5263, -7350, 6592, -117256, 113, -69729, 35736
5873.3, 1653, -4533, -7643, 6592, -117256, 113, -69729, 35736
5877.0, 1660, -4533, -7643, 6592, -117256, 113, -69729, 35735
5880.7, 1514, -4533, -7643, 6592, -117256, 113, -69729, 35740
5885.0, 1325, -3795, -7555, 6432, -116083, -11418, -66461, 35740
5888.7, 1372, -3795, -7555, 6432, -116083, -11418, -66461, 35747
5892.9, 1660, -3701, -7256, 6432, -116083, -11418, -66461, 35747
5896.7, 1648, -3701, -7256, 6432, -116083, -11418, -66461, 35731
5899.0, 372, -3701, -7256, 6432, -116083, -11418, -66461, 35731
5904.8, 1465, -3834, -7522, 6412, -116652, -11418, -45413, 35731
5908.5, 1373, -3834, -7522, 6412, -116652, -11418, -45413, 35761
5912.7, 1413, -4237, -8049, 6412, -116652, -11418, -45413, 35761
5916.5, 1674, -4237, -8049, 6412, -116652, -11418, -45413, 35757
5918.8, 651, -4237, -8049, 6412, -116652, -11418, -45413, 35757
5924.6, 1434, -4438, -8252, 4613, -114854, -8798, -47736, 35703
5928.3, 1455, -4438, -8252, 4613, -114854, -8798, -47736, 35783
5934.1, 1439, -4540, -8633, 4613, -107858, -6186, -52588, 35763
5937.8, 1287, -4540, -8633, 4613, -107858, -6186, -52588, 35761
5943.5, 1773, -4476, -8825, 5996, -107858, -6186, -52588, 35796
5945.7, 537, -4476, -8825, 5996, -107858, -6186, -52588, 35796
5948.0, 502, -4476, -8825, 5996, -107858, -6186, -52588, 35796
5953.8, 1677, -3903, -8573, 4914, -107801, -14232, -56849, 35754
5956.1, 358, -3903, -8573, 4914, -107801, -14232, -56849, 35754
5960.3, 1509, -3432, -7996, 5793, -105566, -21442, -55860, 35754
5964.0, 1290, -3432, -7996, 5793, -105566, -21442, -55860, 35752
5966.3, 49, -3432, -7996, 5793, -105566, -21442, -55860, 35752
5970.6, 1463, -3384, -7818, 6104, -104765, -27379, -49237, 35752
5974.3, 1584, -3384, -7818, 6104, -104765, -27379, -49237, 35751
5976.6, 635, -3384, -7818, 6104, -104765, -27379, -49237, 35751
5980.9, 1566, -3383, -8051, 4456, -107779, -25410, -41029, 35751
5984.7, 1439, -3383, -8051, 4456, -107779, -25410, -41029, 35744
5987.0, 149, -3383, -8051, 4456, -107779, -25410, -41029, 35744
5992.7, 1759, -3561, -8601, 4702, -106756, -18808, -35735, 35715
5996.4, 1700, -3561, -8601, 4702, -106756, -18808, -35735, 35735
6000.7, 1543, -3745, -8854, 4474, -106261, -15378, -35669, 35735
6004.5, 1473, -3745, -8854, 4474, -106261, -15378, -35669, 35746
6008.7, 1454, -3961, -8865, 4354, -106708, -12302, -38308, 35746
6012.5, 1454, -3961, -8865, 4354, -106708, -12302, -38308, 35760
6016.3, 1405, -3961, -8865, 4354, -106708, -12302, -38308, 35689
6020.5, 1560, -3912, -8838, 4886, -104918, -10163, -39200, 35689
6024.3, 1695, -3912, -8838, 4886, -104918, -10163, -39200, 35739
6028.5, 1411, -3577, -8809, 4497, -107578, -12228, -38631, 35739
6032.3, 1461, -3577, -8809, 4497, -107578, -12228, -38631, 35768
6036.0, 1675, -3577, -8809, 4497, -107578, -12228, -38631, 35704
6040.3, 1476, -3409, -8241, 4961, -107797, -20024, -37931, 35704
6044.1, 1549, -3409, -8241, 4961, -107797, -20024, -37931, 35727
6048.3, 1511, -3348, -8018, 4924, -109617, -27107, -35289, 35727
6052.0, 1552, -3348, -8018, 4924, -109617, -27107, -35289, 35716
6055.8, 1723, -3348, -8018, 4924, -109617, -27107, -35289, 35700
6060.0, 1422, -3429, -8283, 4216, -112592, -26600, -31102, 35700
6063.8, 1428, -3429, -8283, 4216, -112592, -26600, -31102, 35701
6068.0, 1513, -3591, -8889, 4422, -113218, -24732, -28249, 35701
6071.7, 1522, -3591, -8889, 4422, -113218, -24732, -28249, 35691
6075.5, 1513, -3591, -8889, 4422, -113218, -24732, -28249, 35693
6079.7, 1490, -3494, -9198, 3337, -113638, -23870, -28805, 35693
6083.4, 1621, -3494, -9198, 3337, -113638, -23870, -28805, 35683
6089.2, 1502, -3454, -9570, 3169, -110015, -24832, -31793, 35676
6092.9, 1531, -3454, -9570, 3169, -110015, -24832, -31793, 35666
6098.6, 1549, -3317, -9481, 2333, -108134, -23599, -32799, 35665
6100.8, 145, -3317, -9481, 2333, -108134, -23599, -32799, 35665
6103.1, 166, -3317, -9481, 2333, -108134, -23599, -32799, 35665
6108.9, 1702, -3042, -9291, 1842, -109560, -20379, -32200, 35621
6111.1, 373, -3042, -9291, 1842, -109560, -20379, -32200, 35621
6113.4, 84, -3042, -9291, 1842, -109560, -20379, -32200, 35621
6119.2, 1813, -2873, -9257, 3294, -110015, -21897, -31391, 35690
6121.4, 561, -2873, -9257, 3294, -110015, -21897, -31391, 35690
6125.6, 1355, -2798, -9611, 3470, -111835, -24649, -28219, 35690
6129.3, 1447, -2798, -9611, 3470, -111835, -24649, -28219, 35658
6131.6, 266, -2798, -9611, 3470, -111835, -24649, -28219, 35658
6135.8, 1531, -2922, -10201, 2675, -112697, -23135, -23354, 35658
6139.5, 1541, -2922, -10201, 2675, -112697, -23135, -23354, 35649
6141.8, 577, -2922, -10201, 2675, -112697, -23135, -23354, 35649
6146.0, 1500, -2994, -10397, 2340, -107022, -23857, -21892, 35649
6149.8, 1449, -2994, -10397, 2340, -107022, -23857, -21892, 35657
6152.0, 275, -2994, -10397, 2340, -107022, -23857, -21892, 35657
6157.8, 1684, -2904, -10301, 1783, -103247, -27869, -24867, 35651
6161.5, 1526, -2904, -10301, 1783, -103247, -27869, -24867, 35641
6165.8, 1497, -2513, -10224, 1095, -99073, -30196, -29597, 35641
6169.5, 1586, -2513, -10224, 1095, -99073, -30196, -29597, 35637
6173.7, 1463, -2087, -10098, 582, -95634, -29781, -31802, 35637
6177.5, 1467, -2087, -10098, 582, -95634, -29781, -31802, 35663
6181.2, 1567, -2087, -10098, 582, -95634, -29781, -31802, 35627
6185.5, 1390, -1707, -10233, 100, -91902, -26893, -29037, 35627
6189.3, 1529, -1707, -10233, 100, -91902, -26893, -29037, 35619
6193.5, 1453, -1594, -10526, 245, -86674, -24579, -24224, 35619
6197.3, 1692, -1594, -10526, 245, -86674, -24579, -24224, 35603
6201.0, 1462, -1594, -10526, 245, -86674, -24579, -24224, 35577
6205.3, 1287, -1767, -10761, 147, -81678, -20597, -19792, 35577
6209.1, 1576, -1767, -10761, 147, -81678, -20597, -19792, 35575
6213.3, 1625, -1936, -11002, -270, -76852, -13190, -16266, 35575
6217.0, 1388, -1936, -11002, -270, -76852, -13190, -16266, 35573
6220.8, 1405, -1936, -11002, -270, -76852, -13190, -16266, 35563
6225.1, 1509, -1802, -10943, -151, -69082, -8365, -15675, 35563
6228.8, 1543, -1802, -10943, -151, -69082, -8365, -15675, 35578
6233.0, 1485, -1865, -10638, 323, -62462, -8982, -17229, 35578
6236.7, 1466, -1865, -10638, 323, -62462, -8982, -17229, 34895
6240.5, 1465, -1865, -10638, 323, -62462, -8982, -17229, 34853
6244.7, 1520, -1931, -10450, 517, -58271, -12184, -17732, 34853
6248.4, 1503, -1931, -10450, 517, -58271, -12184, -17732, 34800
6254.2, 1491, -1987, -10278, 961, -54907, -16590, -15072, 35521
6257.9, 1448, -1987, -10278, 961, -54907, -16590, -15072, 34756
6263.6, 1606, -2013, -10203, 713, -53734, -20383, -11847, 34728
6265.8, 295, -2013, -10203, 713, -53734, -20383, -11847, 34728
6268.2, 258, -2013, -10203, 713, -53734, -20383, -11847, 34728
6273.9, 1573, -1988, -10147, 451, -51555, -22789, -10697, 34624
6276.2, 289, -1988, -10147, 451, -51555, -22789, -10697, 34624
6280.4, 1485, -2022, -10176, 1217, -50085, -23756, -12298, 34624
6284.1, 1446, -2022, -10176, 1217, -50085, -23756, -12298, 34644
6286.4, 285, -2022, -10176, 1217, -50085, -23756, -12298, 34644
6290.6, 1538, -1782, -9971, 1060, -49040, -23279, -15277, 34644
6294.3, 1518, -1782, -9971, 1060, -49040, -23279, -15277, 34613
6296.6, 327, -1782, -9971, 1060, -49040, -23279, -15277, 34613
6300.8, 1499, -1924, -9967, 1515, -51332, -20339, -14752, 34613
6304.5, 1548, -1924, -9967, 1515, -51332, -20339, -14752, 34611
6306.8, 402, -1924, -9967, 1515, -51332, -20339, -14752, 34611
6311.0, 1571, -2081, -9973, 1502, -49473, -19132, -12311, 34611
6314.7, 1690, -2081, -9973, 1502, -49473, -19132, -12311, 34598
6317.0, 449, -2081, -9973, 1502, -49473, -19132, -12311, 34598
6322.7, 1466, -2155, -10133, 1220, -47005, -20055, -12206, 34593
6326.4, 1441, -2155, -10133, 1220, -47005, -20055, -12206, 34593
6330.6, 1717, -2101, -9890, 909, -45579, -18629, -13816, 34593
6334.4, 1493, -2101, -9890, 909, -45579, -18629, -13816, 34586
6338.6, 1336, -2101, -9910, 906, -42512, -15492, -14853, 34586
6342.3, 1486, -2101, -9910, 906, -42512, -15492, -14853, 34584
6346.1, 1611, -2101, -9910, 906, -42512, -15492, -14853, 34590
6350.3, 1527, -1805, -10015, 617, -39594, -15413, -15452, 34590
6354.0, 1473, -1805, -10015, 617, -39594, -15413, -15452, 34584
6358.2, 1437, -1805, -10015, 336, -35324, -17535, -14905, 34584
6362.0, 1555, -1805, -10015, 336, -35324, -17535, -14905, 34585
6365.8, 1513, -1805, -10015, 336, -35324, -17535, -14905, 34576
6370.0, 1404, -1855, -10051, 412, -29645, -18099, -12167, 34576
6373.8, 1452, -1855, -10051, 412, -29645, -18099, -12167, 34577
6378.0, 1454, -1855, -10051, 631, -24080, -17679, -8973, 34577
6381.7, 1307, -1855, -10051, 631, -24080, -17679, -8973, 34578
6384.0, 173, -1855, -10051, 631, -24080, -17679, -8973, 34578
6389.8, 1454, -1762, -10211, 557, -17942, -17955, -7389, 34575
6393.5, 1558, -1762, -10211, 557, -17942, -17955, -7389, 34570
6397.7, 1475, -1762, -10211, 217, -13523, -16371, -7634, 34570
6401.5, 1434, -1762, -10211, 217, -13523, -16371, -7634, 34572
6403.8, 65, -1762, -10211, 217, -13523, -16371, -7634, 34572
6409.5, 1355, -1356, -10057, 305, -9174, -12853, -8260, 34540
6413.2, 1456, -1356, -10057, 305, -9174, -12853, -8260, 34557
6419.0, 1464, -1435, -10082, 111, -5600, -6838, -6304, 34565
6422.7, 1453, -1435, -10082, 111, -5600, -6838, -6304, 34565
6428.4, 1640, -1435, -10082, 111, -3920, -1903, -1767, 35076
6432.2, 1418, -1435, -10082, 111, -3920, -1903, -1767, 34575
6437.9, 1407, -1743, -10206, -20, -699, -3320, 1596, 34567
6441.6, 1334, -1743, -10206, -20, -699, -3320, 1596, 34593
6445.9, 1559, -2121, -10322, 263, -699, -3320, 1596, 34593
6449.7, 1383, -2121, -10322, 263, -699, -3320, 1596, 34601
6452.0, 56, -2121, -10322, 263, -699, -3320, 1596, 34601
6457.7, 1401, -2321, -10486, 704, 8623, -21652, -1084, 34580
6461.4, 1468, -2321, -10486, 704, 8623, -21652, -1084, 34577
6465.7, 1378, -2176, -10517, 269, 8623, -21652, -3801, 34577
6469.4, 1438, -2176, -10517, 269, 8623, -21652, -3801, 34591
6471.6, 119, -2176, -10517, 269, 8623, -21652, -3801, 34591
6475.9, 1313, -1924, -10523, -222, 17968, -27392, -3701, 34591
6479.7, 1327, -1924, -10523, -222, 17968, -27392, -3701, 34601
6483.9, 1506, -1667, -10529, 184, 17968, -27392, -3701, 34601
6487.6, 1769, -1667, -10529, 184, 17968, -27392, -3701, 34595
6491.4, 1522, -1667, -10529, 184, 17968, -27392, -3701, 34615
6495.6, 1247, -1565, -10575, 978, 22531, -26915, 4130, 34615
6499.4, 1152, -1565, -10575, 978, 22531, -26915, 4130, 34638
6503.6, 1242, -1628, -10688, 1535, 22531, -26915, 4130, 34638
6507.3, 1492, -1628, -10688, 1535, 22531, -26915, 4130, 34604
6511.1, 1507, -1628, -10688, 1535, 22531, -26915, 4130, 34605
6515.3, 1361, -1733, -10934, 1633, 31465, -41681, 5464, 34605
6519.0, 1571, -1733, -10934, 1633, 31465, -41681, 5464, 34600
6523.3, 1436, -1962, -10541, 573, 31465, -41681, 5464, 34600
6527.0, 1735, -1962, -10541, 573, 31465, -41681, 5464, 34593
6530.7, 1337, -1962, -10541, 573, 31465, -41681, 5464, 34591
6534.9, 1080, -1870, -10080, -991, 36111, -32283, 6562, 34591
6538.7, 1271, -1870, -10080, -991, 36111, -32283, 6562, 34602
6542.9, 1581, -1828, -10239, -559, 43356, -32283, 6562, 34602
6546.6, 1365, -1828, -10239, -559, 43356, -32283, 6562, 34584
6548.9, 48, -1828, -10239, -559, 43356, -32283, 6562, 34584
6554.6, 1359, -1567, -10509, -32, 45719, -1378, 13063, 34556
6558.3, 1515, -1567, -10509, -32, 45719, -1378, 13063, 34576
6564.0, 1553, -1526, -10666, 263, 49985, -1378, 13063, 34569
6567.8, 1235, -1526, -10666, 263, 49985, -1378, 13063, 34573
6573.5, 1301, -1490, -10304, 895, 54915, 8067, 14787, 34577
6577.2, 1780, -1490, -10304, 895, 54915, 8067, 14787, 34579
6583.0, 1622, -1630, -9955, 1294, 56871, 10312, 15667, 34552
6586.7, 1532, -1630, -9955, 1294, 56871, 10312, 15667, 34591
6590.9, 1083, -1861, -9979, 1475, 60651, 7831, 17281, 34591
6594.6, 1083, -1861, -9979, 1475, 60651, 7831, 17281, 34604
6596.9, 29, -1861, -9979, 1475, 60651, 7831, 17281, 34604
6602.6, 1825, -2011, -10381, 1487, 63915, 4768, 19184, 34610
6606.3, 1572, -2011, -10381, 1487, 63915, 4768, 19184, 34588
6610.6, 1504, -1993, -10793, 1149, 68854, 3066, 20453, 34588
6614.4, 1226, -1993, -10793, 1149, 68854, 3066, 20453, 34597
6616.6, 34, -1993, -10793, 1149, 68854, 3066, 20453, 34597
6620.9, 1225, -1848, -10567, 556, 74713, 2205, 20396, 34597
6624.6, 1686, -1848, -10567, 556, 74713, 2205, 20396, 34598
6626.9, 837, -1848, -10567, 556, 74713, 2205, 20396, 34598
6632.6, 1705, -1764, -10354, 879, 82006, 2931, 19784, 34593
6636.3, 1250, -1764, -10354, 879, 82006, 2931, 19784, 34627
6640.6, 1110, -1804, -10484, 1722, 88770, 6470, 20580, 34627
6644.4, 1026, -1804, -10484, 1722, 88770, 6470, 20580, 34592
6646.6, 35, -1804, -10484, 1722, 88770, 6470, 20580, 34592
6650.9, 1442, -1986, -10787, 2075, 90773, 15133, 23550, 34592
6654.6, 1686, -1986, -10787, 2075, 90773, 15133, 23550, 34604
6658.8, 1527, -2044, -10834, 2108, 93770, 23205, 26040, 34604
6662.6, 1676, -2044, -10834, 2108, 93770, 23205, 26040, 34596
6666.3, 1399, -2044, -10834, 2108, 93770, 23205, 26040, 34623
6670.6, 1030, -1995, -10449, 1986, 97437, 22479, 25270, 34623
6674.4, 1171, -1995, -10449, 1986, 97437, 22479, 25270, 34618
6678.6, 1593, -2064, -10341, 2269, 102722, 18751, 24640, 34618
6682.3, 1617, -2064, -10341, 2269, 102722, 18751, 24640, 34622
6686.1, 1360, -2064, -10341, 2269, 102722, 18751, 24640, 34632
6690.3, 1133, -2325, -10317, 2577, 106891, 13107, 24710, 34632
6694.1, 1417, -2325, -10317, 2577, 106891, 13107, 24710, 34635
6698.3, 1395, -2669, -10146, 2635, 109796, 11948, 27379, 34635
6702.0, 1479, -2669, -10146, 2635, 109796, 11948, 27379, 34643
6705.7, 1372, -2669, -10146, 2635, 109796, 11948, 27379, 34654
6710.0, 1157, -2833, -10232, 3056, 113375, 16787, 31898, 34654
6713.7, 1510, -2833, -10232, 3056, 113375, 16787, 31898, 34625
6717.9, 1540, -2900, -10163, 3642, 117006, 19569, 33889, 34625
6721.7, 1381, -2900, -10163, 3642, 117006, 19569, 33889, 34669
6724.0, 159, -2900, -10163, 3642, 117006, 19569, 33889, 34669
6729.8, 1393, -2908, -10016, 3777, 120515, 18703, 31583, 34676
6733.5, 1287, -2908, -10016, 3777, 120515, 18703, 31583, 34692
6737.7, 1311, -2767, -9809, 3585, 122497, 19919, 29282, 34692
6741.5, 1602, -2767, -9809, 3585, 122497, 19919, 29282, 34658
6743.7, 251, -2767, -9809, 3585, 122497, 19919, 29282, 34658
6749.5, 1506, -2690, -9837, 4054, 124759, 19364, 28586, 34704
6751.7, 78, -2690, -9837, 4054, 124759, 19364, 28586, 34704
6756.0, 1243, -2797, -9658, 4091, 128355, 14463, 30012, 34704
6759.7, 1611, -2797, -9658, 4091, 128355, 14463, 30012, 34653
6762.0, 490, -2797, -9658, 4091, 128355, 14463, 30012, 34653
6767.7, 1722, -2898, -9478, 3696, 131440, 11248, 34567, 34722
6771.8, 1093, -2898, -9478, 3696, 131440, 11248, 34567, 34733
6776.1, 1049, -2933, -9355, 3442, 133680, 13195, 39918, 34733
6779.9, 1504, -2933, -9355, 3442, 133680, 13195, 39918, 34741
6782.2, 211, -2933, -9355, 3442, 133680, 13195, 39918, 34741
6787.9, 1869, -2882, -9442, 4185, 137022, 18716, 42639, 34749
6791.6, 1421, -2882, -9442, 4185, 137022, 18716, 42639, 34777
6795.9, 1066, -3099, -9380, 4978, 141397, 23835, 43116, 34777
6799.6, 1443, -3099, -9380, 4978, 141397, 23835, 43116, 34579
6801.9, 159, -3099, -9380, 4978, 141397, 23835, 43116, 34579
6807.7, 1608, -3510, -9552, 4821, 142421, 28643, 44135, 34803
6811.4, 1627, -3510, -9552, 4821, 142421, 28643, 44135, 34807
6815.6, 1817, -3935, -9489, 4965, 143073, 29606, 45925, 34807
6819.3, 1408, -3935, -9489, 4965, 143073, 29606, 45925, 34825
6823.6, 990, -4052, -9203, 5263, 143340, 24719, 46997, 34825
6827.3, 1554, -4052, -9203, 5263, 143340, 24719, 46997, 34852
6831.1, 1428, -4052, -9203, 5263, 143340, 24719, 46997, 34860
6835.3, 1305, -4010, -8955, 5371, 143344, 18086, 47080, 34860
6839.1, 1670, -4010, -8955, 5371, 143344, 18086, 47080, 34861
6843.3, 1239, -4040, -8472, 5657, 143344, 15894, 47115, 34861
6847.0, 1373, -4040, -8472, 5657, 143344, 15894, 47115, 34879
6850.8, 1551, -4040, -8472, 5657, 143344, 15894, 47115, 34898
6855.1, 1538, -3739, -8079, 5885, 143344, 19280, 47058, 34898
6858.8, 1418, -3739, -8079, 5885, 143344, 19280, 47058, 34893
6863.1, 1292, -4169, -8024, 5916, 143344, 16997, 48257, 34893
6866.8, 1303, -4169, -8024, 5916, 143344, 16997, 48257, 35273
6870.6, 1419, -4169, -8024, 5916, 143344, 16997, 48257, 35262
6874.8, 1463, -4098, -8303, 6227, 143344, 15457, 49333, 35262
6878.6, 1356, -4098, -8303, 6227, 143344, 15457, 49333, 35286
6882.8, 1215, -4299, -7876, 6751, 143344, 11388, 51621, 35286
6886.5, 1228, -4299, -7876, 6751, 143344, 11388, 51621, 35289
6888.8, 76, -4299, -7876, 6751, 143344, 11388, 51621, 35289
6894.5, 1600, -4369, -8001, 5102, 143344, 13365, 56027, 35293
6898.2, 1483, -4369, -8001, 5102, 143344, 13365, 56027, 35283
6904.0, 1358, -4216, -7889, 6485, 143344, 12757, 56753, 35281
6907.8, 1568, -4216, -7889, 6485, 143344, 12757, 56753, 35289
6913.5, 1384, -3981, -7066, 7158, 143344, 5805, 53047, 35290
6915.8, 39, -3981, -7066, 7158, 143344, 5805, 53047, 35290
6918.0, 5, -3981, -7066, 7158, 143344, 5805, 53047, 35290
6923.7, 1882, -4129, -6162, 6891, 143344, 1154, 51437, 35292
6926.0, 689, -4129, -6162, 6891, 143344, 1154, 51437, 35292
6928.3, 335, -4129, -6162, 6891, 143344, 1154, 51437, 35292
6934.0, 1316, -4508, -5656, 7180, 143344, 2800, 55825, 35299
6936.3, 42, -4508, -5656, 7180, 143344, 2800, 55825, 35299
6940.5, 1414, -4445, -5721, 7570, 143344, 7573, 62156, 35299
6944.3, 1591, -4445, -5721, 7570, 143344, 7573, 62156, 35295
6946.6, 614, -4445, -5721, 7570, 143344, 7573, 62156, 35295
6950.9, 1161, -3747, -5964, 7124, 143344, 8006, 63149, 35295
6954.6, 1506, -3747, -5964, 7124, 143344, 8006, 63149, 35299
6956.9, 574, -3747, -5964, 7124, 143344, 8006, 63149, 35299
6962.6, 1612, -3678, -5711, 6981, 143344, 5963, 59382, 35319
6966.3, 1363, -3678, -5711, 6981, 143344, 5963, 59382, 35329
6970.6, 1242, -4296, -5167, 7403, 143344, 9603, 59986, 35329
6974.4, 1451, -4296, -5167, 7403, 143344, 9603, 59986, 35344
6978.6, 1646, -4296, -5167, 7403, 143344, 16200, 65083, 35344
6982.3, 1597, -4296, -5167, 7403, 143344, 16200, 65083, 35376
6986.1, 1564, -4296, -5167, 7403, 143344, 16200, 65083, 35363
6990.4, 1328, -4259, -4529, 7463, 143344, 13978, 67227, 35363
6994.2, 1217, -4259, -4529, 7463, 143344, 13978, 67227, 35327
6998.4, 1199, -4259, -4529, 7463, 143344, 10080, 67227, 35327
7002.1, 1558, -4259, -4529, 7463, 143344, 10080, 67227, 35352
7005.9, 1451, -4259, -4529, 7463, 143344, 10080, 67227, 35339
7010.2, 1377, -4498, -3674, 7230, 143344, 8137, 66531, 35339
7014.0, 1482, -4498, -3674, 7230, 143344, 8137, 66531, 35325
7018.2, 1322, -4498, -3674, 7230, 143344, 12315, 65665, 35325
7021.9, 1218, -4498, -3674, 7230, 143344, 12315, 65665, 35336
7025.7, 1871, -4498, -3674, 7230, 143344, 12315, 65665, 35288
7030.0, 1487, -5026, -3157, 7841, 143344, 15715, 63329, 35288
7033.7, 1120, -5026, -3157, 7841, 143344, 15715, 63329, 35263
7037.9, 1442, -5026, -3157, 7841, 143344, 16660, 61662, 35263
7041.6, 1864, -5026, -3157, 7841, 143344, 16660, 61662, 35251
7043.9, 529, -5026, -3157, 7841, 143344, 16660, 61662, 35251
7049.6, 1510, -4939, -2695, 7867, 143344, 12705, 58105, 35234
7053.3, 1531, -4939, -2695, 7867, 143344, 12705, 58105, 35195
7059.0, 1351, -5027, -2986, 8029, 143344, 7643, 53612, 35135
7062.8, 1174, -5027, -2986, 8029, 143344, 7643, 53612, 35142
7068.5, 1691, -5027, -2986, 8029, 143344, 7643, 51380, 35122
7070.7, 151, -5027, -2986, 8029, 143344, 7643, 51380, 35122
7073.0, 6, -5027, -2986, 8029, 143344, 7643, 51380, 35122
7078.7, 1437, -4743, -2501, 7470, 143344, 10312, 47867, 35097
7081.0, 45, -4743, -2501, 7470, 143344, 10312, 47867, 35097
7083.2, 22, -4743, -2501, 7470, 143344, 10312, 47867, 35097
7088.9, 1468, -4643, -2645, 7273, 143344, 5083, 45890, 35273
7091.2, 45, -4643, -2645, 7273, 143344, 5083, 45890, 35273
7095.5, 1207, -4456, -2184, 8057, 143344, 5083, 45890, 35273
7099.2, 1365, -4456, -2184, 8057, 143344, 5083, 45890, 35053
7101.5, 191, -4456, -2184, 8057, 143344, 5083, 45890, 35053
7105.7, 1298, -4043, -1317, 6635, 141297, 3198, 47780, 35053
7109.5, 1151, -4043, -1317, 6635, 141297, 3198, 47780, 35029
7111.7, 207, -4043, -1317, 6635, 141297, 3198, 47780, 35029
7116.0, 1812, -4873, -1129, 7886, 139319, 1841, 51512, 35029
7119.7, 1174, -4873, -1129, 7886, 139319, 1841, 51512, 35005
7122.0, 29, -4873, -1129, 7886, 139319, 1841, 51512, 35005
7127.8, 1899, -5061, -1034, 7378, 140824, 16060, 54999, 34985
7131.5, 1237, -5061, -1034, 7378, 140824, 16060, 54999, 34964
7135.7, 1228, -5349, -1213, 7795, 140855, 16060, 54999, 34964
7139.4, 1342, -5349, -1213, 7795, 140855, 16060, 54999, 34934
7143.7, 1344, -5255, -1390, 7518, 132262, 22549, 45933, 34934
7147.4, 1420, -5255, -1390, 7518, 132262, 22549, 45933, 34925
7151.1, 1313, -5255, -1390, 7518, 132262, 22549, 45933, 34901
7155.4, 1281, -4930, -976, 7951, 136217, 14783, 35564, 34901
7159.2, 1267, -4930, -976, 7951, 136217, 14783, 35564, 34892
7163.4, 1231, -5006, -294, 7165, 129117, 8211, 28779, 34892
7167.1, 1129, -5006, -294, 7165, 129117, 8211, 28779, 34870
7170.9, 1309, -5006, -294, 7165, 129117, 8211, 28779, 34847
7175.1, 1495, -4842, -1532, 7895, 125888, 4869, 30144, 34847
7178.9, 1388, -4842, -1532, 7895, 125888, 4869, 30144, 34818
7183.1, 1640, -4156, -303, 6616, 122751, 8833, 36505, 34818
7186.8, 1296, -4156, -303, 6616, 122751, 8833, 36505, 34797
7190.6, 1159, -4156, -303, 6616, 122751, 8833, 36505, 34781
7194.8, 1195, -4317, -1708, 10395, 116928, 8841, 39205, 34781
7198.5, 1394, -4317, -1708, 10395, 116928, 8841, 39205, 34753
7202.8, 1136, -4922, 2684, 6150, 118870, 6400, 42153, 34753
7206.5, 1288, -4922, 2684, 6150, 118870, 6400, 42153, 34741
7208.8, 38, -4922, 2684, 6150, 118870, 6400, 42153, 34741
7214.6, 1199, -5065, -77, 7537, 116565, 12158, 46607, 34709
7218.3, 1770, -5065, -77, 7537, 116565, 12158, 46607, 34708
7224.0, 1152, -5181, 858, 7412, 115265, 17198, 42241, 34728
7227.8, 1204, -5181, 858, 7412, 115265, 17198, 42241, 34694
7233.5, 1273, -4907, 862, 7319, 110676, 17102, 30511, 34696
7235.8, 33, -4907, 862, 7319, 110676, 17102, 30511, 34696
7238.0, 3, -4907, 862, 7319, 110676, 17102, 30511, 34696
7243.7, 1427, -4679, 723, 8831, 107749, 19403, 21223, 34701
7245.9, 44, -4679, 723, 8831, 107749, 19403, 21223, 34701
7248.2, 3, -4679, 723, 8831, 107749, 19403, 21223, 34701
7253.9, 1350, -4091, 1749, 6308, 102131, 22706, 19320, 34691
7256.2, 37, -4091, 1749, 6308, 102131, 22706, 19320, 34691
7260.4, 1110, -3665, 1622, 6021, 94011, 25309, 23305, 34691
7264.2, 1201, -3665, 1622, 6021, 94011, 25309, 23305, 34684
7266.5, 32, -3665, 1622, 6021, 94011, 25309, 23305, 34684
7270.7, 1247, -3644, 2097, 7765, 93066, 23060, 29483, 34684
7274.4, 2023, -3644, 2097, 7765, 93066, 23060, 29483, 34615
7276.7, 902, -3644, 2097, 7765, 93066, 23060, 29483, 34615
7280.9, 1114, -4514, 2289, 8006, 94173, 19744, 38049, 34615
7284.6, 1094, -4514, 2289, 8006, 94173, 19744, 38049, 34689
7286.9, 27, -4514, 2289, 8006, 94173, 19744, 38049, 34689
7292.6, 1340, -5882, 2724, 8009, 93101, 22553, 44577, 34683
7296.3, 1351, -5882, 2724, 8009, 93101, 22553, 44577, 34675
7300.6, 1401, -5934, 1655, 7448, 86149, 26981, 39620, 34675
7304.4, 1238, -5934, 1655, 7448, 86149, 26981, 39620, 34649
7306.6, 34, -5934, 1655, 7448, 86149, 26981, 39620, 34649
7310.9, 1064, -5292, 1775, 7681, 79254, 24482, 20838, 34649
7314.6, 1229, -5292, 1775, 7681, 79254, 24482, 20838, 34654
7318.8, 1302, -4476, 2260, 7479, 80706, 14253, 6715, 34654
7322.6, 1223, -4476, 2260, 7479, 80706, 14253, 6715, 34659
7326.4, 1504, -4476, 2260, 7479, 80706, 14253, 6715, 34651
7330.6, 1207, -3924, 2898, 6686, 77438, 18112, 4974, 34651
7334.4, 1110, -3924, 2898, 6686, 77438, 18112, 4974, 34671
7338.6, 1421, -3985, 2708, 6409, 69821, 21477, 10797, 34671
7342.3, 1170, -3985, 2708, 6409, 69821, 21477, 10797, 34659
7346.1, 1524, -3985, 2708, 6409, 69821, 21477, 10797, 34659
7350.4, 1137, -4567, 2667, 6562, 69401, 19587, 18331, 34659
7354.1, 1391, -4567, 2667, 6562, 69401, 19587, 18331, 34636
7358.3, 1241, -5507, 2657, 7369, 72809, 23529, 28866, 34636
7362.0, 1145, -5507, 2657, 7369, 72809, 23529, 28866, 34674
7365.7, 1179, -5507, 2657, 7369, 72809, 23529, 28866, 34689
7370.0, 1261, -6637, 2545, 7733, 73964, 21429, 31167, 34689
7373.7, 1260, -6637, 2545, 7733, 73964, 21429, 31167, 34692
7378.0, 1232, -6389, 2699, 7144, 67297, 18712, 18944, 34692
7381.8, 1178, -6389, 2699, 7144, 67297, 18712, 18944, 34692
7384.1, 33, -6389, 2699, 7144, 67297, 18712, 18944, 34692
7389.8, 1182, -5344, 3123, 7517, 61194, 13663, 3683, 34695
7393.6, 1170, -5344, 3123, 7517, 61194, 13663, 3683, 34469
7397.8, 1242, -4792, 3657, 8008, 69484, 236, -3198, 34469
7401.5, 1185, -4792, 3657, 8008, 69484, 236, -3198, 34440
7405.7, 1132, -4454, 3914, 6261, 70079, -4007, 874, 34440
7409.4, 1196, -4454, 3914, 6261, 70079, -4007, 874, 34426
7411.7, 34, -4454, 3914, 6261, 70079, -4007, 874, 34426
7415.9, 1444, -4263, 2134, 7177, 66579, -2852, 5818, 34426
7419.6, 1267, -4263, 2134, 7177, 66579, -2852, 5818, 34377
7421.9, 41, -4263, 2134, 7177, 66579, -2852, 5818, 34377
7427.6, 1092, -4253, 3553, 6039, 68054, -4825, 1859, 34337
7431.3, 1260, -4253, 3553, 6039, 68054, -4825, 1859, 34307
7435.6, 1482, -5034, 3591, 7340, 69673, 406, 866, 34307
7439.3, 1194, -5034, 3591, 7340, 69673, 406, 866, 34274
7441.6, 34, -5034, 3591, 7340, 69673, 406, 866, 34274
7445.9, 1206, -5706, 3543, 7337, 66479, -1106, 936, 34274
7449.6, 1038, -5706, 3543, 7337, 66479, -1106, 936, 34239
7451.9, 30, -5706, 3543, 7337, 66479, -1106, 936, 34239
7457.6, 1376, -5550, 3449, 8346, 75627, -12210, 1557, 34248
7461.3, 1183, -5550, 3449, 8346, 75627, -12210, 1557, 34188
7465.6, 1096, -5390, 4168, 7334, 78226, -13672, -6418, 34188
7469.4, 1190, -5390, 4168, 7334, 78226, -13672, -6418, 34163
7473.6, 1274, -4737, 3738, 6017, 70499, -17036, -10530, 34163
7477.4, 1222, -4737, 3738, 6017, 70499, -17036, -10530, 34143
7481.1, 1236, -4737, 3738, 6017, 70499, -17036, -10530, 34114
7485.4, 1043, -4453, 3793, 6732, 70504, -21092, -10084, 34114
7489.1, 1759, -4453, 3793, 6732, 70504, -21092, -10084, 34101
7493.3, 1206, -4249, 3279, 6418, 62655, -24889, -3941, 34101
7497.0, 1060, -4249, 3279, 6418, 62655, -24889, -3941, 34101
7500.8, 1078, -4249, 3279, 6418, 62655, -24889, -3941, 34083
7505.0, 1442, -4676, 3382, 6674, 54649, -27212, 634, 34083
7508.7, 1404, -4676, 3382, 6674, 54649, -27212, 634, 34077
7512.9, 1015, -5000, 4695, 6700, 59890, -27414, 4453, 34077
7516.6, 1069, -5000, 4695, 6700, 59890, -27414, 4453, 34055
7518.9, 38, -5000, 4695, 6700, 59890, -27414, 4453, 34055
7524.7, 1097, -5178, 4707, 6153, 59645, -30892, 5521, 34076
7528.4, 1260, -5178, 4707, 6153, 59645, -30892, 5521, 34084
7534.1, 1139, -5020, 4871, 6133, 54408, -31439, 3666, 34086
7537.8, 1218, -5020, 4871, 6133, 54408, -31439, 3666, 34057
7543.5, 1149, -4326, 4136, 5761, 47080, -28302, 4436, 34115
7547.3, 1083, -4326, 4136, 5761, 47080, -28302, 4436, 34113
7553.0, 1322, -4152, 3949, 6281, 38723, -27138, 11143, 34112
7556.7, 1084, -4152, 3949, 6281, 38723, -27138, 11143, 34131
7562.5, 1168, -4152, 4994, 6105, 33276, -31277, 20099, 34069
7566.2, 986, -4152, 4994, 6105, 33276, -31277, 20099, 34026
7568.5, 30, -4152, 4994, 6105, 33276, -31277, 20099, 34026
7574.2, 1198, -4719, 4987, 6405, 29238, -31802, 28035, 33901
7576.5, 32, -4719, 4987, 6405, 29238, -31802, 28035, 33901
7580.7, 976, -5029, 5032, 6117, 24342, -30765, 31189, 33901
7584.5, 1114, -5029, 5032, 6117, 24342, -30765, 31189, 33796
7586.8, 30, -5029, 5032, 6117, 24342, -30765, 31189, 33796
7592.5, 1175, -4832, 5090, 5069, 18497, -25344, 25869, 33696
7596.3, 1154, -4832, 5090, 5069, 18497, -25344, 25869, 34505
7600.5, 1137, -4466, 4997, 4896, 8982, -14074, 19049, 34505
7604.3, 1116, -4466, 4997, 4896, 8982, -14074, 19049, 33566
7606.5, 38, -4466, 4997, 4896, 8982, -14074, 19049, 33566
7610.8, 1043, -4855, 5016, 5689, -1566, -3206, 15640, 33566
7614.6, 1100, -4855, 5016, 5689, -1566, -3206, 15640, 33553
7618.8, 1032, -4855, 5016, 5689, -1566, -3206, 15640, 33553
7622.5, 1129, -4855, 5016, 5689, -1566, -3206, 15640, 33513
7626.3, 1139, -4855, 5016, 5689, -1566, -3206, 15640, 33589
7630.5, 1063, -4996, 5050, 6339, -14857, 437, 18064, 33589
7634.3, 1125, -4996, 5050, 6339, -14857, 437, 18064, 33347
7638.5, 1068, -4996, 5050, 6339, -14857, 437, 18064, 33347
7642.2, 1166, -4996, 5050, 6339, -14857, 437, 18064, 33126
7646.0, 1137, -4996, 5050, 6339, -14857, 437, 18064, 32932
7650.3, 996, -4926, 4733, 6036, -22872, 4917, 18055, 32932
7654.0, 1141, -4926, 4733, 6036, -22872, 4917, 18055, 32798
7658.3, 942, -4926, 4733, 6036, -22872, 4917, 18055, 32798
7662.0, 1195, -4926, 4733, 6036, -22872, 4917, 18055, 32627
7665.7, 1192, -4926, 4733, 6036, -22872, 4917, 18055, 32624
7670.0, 961, -4423, 5346, 5291, -38198, 13619, 16135, 32624
7673.7, 1146, -4423, 5346, 5291, -38198, 13619, 16135, 32580
7677.9, 901, -4423, 5346, 5291, -38198, 13619, 16135, 32580
7681.7, 1112, -4423, 5346, 5291, -38198, 13619, 16135, 32569
7684.0, 30, -4423, 5346, 5291, -38198, 13619, 16135, 32569
7689.8, 909, -4756, 5146, 6223, -47237, 22667, 15763, 32549
7693.5, 1166, -4756, 5146, 6223, -47237, 22667, 15763, 32539
7697.7, 933, -4756, 5146, 6223, -47237, 22667, 15763, 32539
7701.5, 1166, -4756, 5146, 6223, -47237, 22667, 15763, 32473
7703.8, 30, -4756, 5146, 6223, -47237, 22667, 15763, 32473
7709.6, 1047, -4399, 4448, 5780, -59815, 34409, 5355, 32544
7713.3, 1172, -4399, 4448, 5780, -59815, 34409, 5355, 32535
7719.0, 1243, -4399, 4448, 5780, -59815, 34409, 3937, 32528
7721.3, 33, -4399, 4448, 5780, -59815, 34409, 3937, 32528
7723.5, 3, -4399, 4448, 5780, -59815, 34409, 3937, 32528
7729.3, 1145, -4429, 4591, 6180, -73422, 30240, 6335, 32567
7731.5, 29, -4429, 4591, 6180, -73422, 30240, 6335, 32567
7735.8, 928, -4524, 4526, 5953, -73422, 30240, 6335, 32567
7739.6, 1075, -4524, 4526, 5953, -73422, 30240, 6335, 32562
7741.8, 27, -4524, 4526, 5953, -73422, 30240, 6335, 32562
7747.6, 1228, -4559, 4033, 6466, -76104, 29938, 8885, 32574
7751.3, 1157, -4559, 4033, 6466, -76104, 29938, 8885, 32577
7755.6, 933, -4431, 4497, 6956, -74406, 30931, 6409, 32577
7759.3, 1151, -4431, 4497, 6956, -74406, 30931, 6409, 32606
7761.6, 31, -4431, 4497, 6956, -74406, 30931, 6409, 32606
7765.9, 1077, -4086, 4761, 6621, -75863, 27790, 8028, 32606
7769.7, 1118, -4086, 4761, 6621, -75863, 27790, 8028, 32587
7772.0, 30, -4086, 4761, 6621, -75863, 27790, 8028, 32587
7777.7, 1263, -4191, 3917, 6852, -72101, 20925, 18178, 32578
7781.4, 1112, -4191, 3917, 6852, -72101, 20925, 18178, 32567
7785.7, 1127, -4506, 4033, 6745, -70784, 11563, 17014, 32567
7789.5, 1261, -4506, 4033, 6745, -70784, 11563, 17014, 32570
7793.7, 1118, -4702, 4379, 6439, -74603, 11178, 1854, 32570
7797.5, 1186, -4702, 4379, 6439, -74603, 11178, 1854, 32497
7801.2, 1188, -4702, 4379, 6439, -74603, 11178, 1854, 32555
7805.5, 1248, -4731, 4267, 6821, -74949, 13580, -11252, 32555
7809.2, 1268, -4731, 4267, 6821, -74949, 13580, -11252, 32561
7813.4, 1160, -4914, 4651, 6959, -77478, 8583, -18270, 32561
7817.1, 1247, -4914, 4651, 6959, -77478, 8583, -18270, 32590
7820.9, 1306, -4914, 4651, 6959, -77478, 8583, -18270, 32556
7825.1, 1302, -4431, 4163, 6945, -82671, 2865, -18720, 32556
7828.8, 1332, -4431, 4163, 6945, -82671, 2865, -18720, 32591
7833.1, 1187, -4427, 3884, 7849, -74524, -109, -19622, 32591
7836.8, 1208, -4427, 3884, 7849, -74524, -109, -19622, 32617
7839.1, 33, -4427, 3884, 7849, -74524, -109, -19622, 32617
7844.9, 1179, -4843, 3587, 6698, -77495, 2401, -21792, 32647
7848.6, 1319, -4843, 3587, 6698, -77495, 2401, -21792, 32681
7852.8, 1287, -4811, 3115, 6413, -83738, 9778, -23944, 32681
7856.6, 1224, -4811, 3115, 6413, -83738, 9778, -23944, 32725
7858.8, 35, -4811, 3115, 6413, -83738, 9778, -23944, 32725
7864.6, 1184, -4671, 2849, 6796, -88393, 10933, -29890, 32765
7868.3, 1235, -4671, 2849, 6796, -88393, 10933, -29890, 32820
7874.0, 1209, -4628, 3292, 7091, -89369, 7748, -33954, 32896
7877.7, 1336, -4628, 3292, 7091, -89369, 7748, -33954, 32912
7883.4, 1292, -4802, 3299, 6698, -95179, 6619, -32791, 32944
7887.2, 1165, -4802, 3299, 6698, -95179, 6619, -32791, 32982
7892.9, 1319, -5301, 2858, 7534, -97310, 5766, -30651, 33007
7896.6, 1193, -5301, 2858, 7534, -97310, 5766, -30651, 33033
7900.8, 1203, -5787, 2525, 8216, -91342, 7875, -32336, 33033
7904.6, 1175, -5787, 2525, 8216, -91342, 7875, -32336, 33054
7906.9, 30, -5787, 2525, 8216, -91342, 7875, -32336, 33054
7912.6, 1385, -5595, 1956, 6126, -102582, 13645, -39051, 33102
7916.4, 1235, -5595, 1956, 6126, -102582, 13645, -39051, 33141
7920.6, 1092, -4917, 1663, 7104, -102809, 8120, -50632, 33141
7924.4, 1202, -4917, 1663, 7104, -102809, 8120, -50632, 33173
7926.6, 35, -4917, 1663, 7104, -102809, 8120, -50632, 33173
7930.9, 1122, -4566, 2384, 7790, -96640, -3180, -60074, 33173
7934.7, 1208, -4566, 2384, 7790, -96640, -3180, -60074, 33244
7939.0, 1050, -4813, 2606, 6809, -98377, -2205, -57186, 33244
7942.7, 1199, -4813, 2606, 6809, -98377, -2205, -57186, 33242
7946.4, 1404, -4813, 2606, 6809, -98377, -2205, -57186, 33241
7950.7, 1141, -5183, 1855, 7107, -101217, 7118, -44997, 33241
7954.5, 1319, -5183, 1855, 7107, -101217, 7118, -44997, 33249
7958.7, 1311, -5114, 1236, 7357, -106909, 11502, -39169, 33249
7962.5, 1226, -5114, 1236, 7357, -106909, 11502, -39169, 33260
7966.3, 1184, -5114, 1236, 7357, -106909, 11502, -39169, 33322
7970.5, 1211, -5060, 937, 7341, -109416, 8990, -44236, 33322
7974.3, 1228, -5060, 937, 7341, -109416, 8990, -44236, 33340
7978.5, 1134, -5324, 1606, 8213, -102945, 5985, -52142, 33340
7982.3, 1170, -5324, 1606, 8213, -102945, 5985, -52142, 33360
7986.0, 1232, -5324, 1606, 8213, -102945, 5985, -52142, 33389
7990.3, 1207, -5755, 1309, 6515, -108562, 8955, -55742, 33389
7994.0, 1201, -5755, 1309, 6515, -108562, 8955, -55742, 33403
7998.2, 1160, -5454, 626, 7786, -103076, 12359, -57562, 33403
8001.9, 1269, -5454, 626, 7786, -103076, 12359, -57562, 33392
8005.6, 1290, -5454, 626, 7786, -103076, 12359, -57562, 33412
8009.9, 1270, -4948, 269, 7633, -101383, 11961, -62519, 33412
8013.6, 1202, -4948, 269, 7633, -101383, 11961, -62519, 33424
8017.8, 1191, -4573, -27, 7258, -106379, 13733, -67752, 33424
8021.6, 1250, -4573, -27, 7258, -106379, 13733, -67752, 33457
8023.8, 38, -4573, -27, 7258, -106379, 13733, -67752, 33457
8029.6, 1358, -4715, 57, 8151, -106646, 13772, -68469, 33397
8033.3, 1321, -4715, 57, 8151, -106646, 13772, -68469, 33475
8039.0, 1336, -5091, -320, 7608, -111888, 12372, -62931, 33719
8041.2, 40, -5091, -320, 7608, -111888, 12372, -62931, 33719
8043.5, 3, -5091, -320, 7608, -111888, 12372, -62931, 33719
8049.2, 1359, -5628, -555, 8418, -111756, 8290, -56924, 33736
8051.5, 41, -5628, -555, 8418, -111756, 8290, -56924, 33736
8055.7, 1242, -6124, -976, 7655, -113436, 1675, -56298, 33736
8059.5, 1184, -6124, -976, 7655, -113436, 1675, -56298, 33730
8061.7, 34, -6124, -976, 7655, -113436, 1675, -56298, 33730
8066.0, 1196, -6173, -1197, 7504, -107924, -2113, -60227, 33730
8069.8, 1097, -6173, -1197, 7504, -107924, -2113, -60227, 33741
8072.0, 30, -6173, -1197, 7504, -107924, -2113, -60227, 33741
8077.8, 1561, -5742, -1455, 7225, -110728, -183, -66072, 33738
8081.5, 1547, -5742, -1455, 7225, -110728, -183, -66072, 33744
8085.8, 1195, -4785, -1750, 8867, -109984, -507, -73234, 33744
8089.5, 1196, -4785, -1750, 8867, -109984, -507, -73234, 33742
8091.8, 34, -4785, -1750, 8867, -109984, -507, -73234, 33742
8096.0, 1441, -4703, -1003, 8692, -108541, -6671, -74835, 33742
8099.7, 1752, -4703, -1003, 8692, -108541, -6671, -74835, 33747
8104.0, 1329, -5145, -1497, 6515, -113782, -3430, -63889, 33747
8107.8, 1277, -5145, -1497, 6515, -113782, -3430, -63889, 33767
8111.5, 1309, -5145, -1497, 6515, -113782, -3430, -63889, 33760
8115.8, 1276, -5716, -2271, 8129, -113493, -625, -51555, 33760
8119.5, 1284, -5716, -2271, 8129, -113493, -625, -51555, 33778
8123.8, 1280, -6131, -2839, 6657, -118424, -5674, -49740, 33778
8127.5, 1267, -6131, -2839, 6657, -118424, -5674, -49740, 33773
8131.3, 1286, -6131, -2839, 6657, -118424, -5674, -49740, 33781
8135.6, 1076, -6371, -2965, 6598, -117418, -9865, -57864, 33781
8139.3, 1521, -6371, -2965, 6598, -117418, -9865, -57864, 33770
8143.5, 1361, -5978, -2526, 6890, -116989, -8666, -68933, 33770
8147.3, 1225, -5978, -2526, 6890, -116989, -8666, -68933, 33801
8151.4, 1058, -5978, -2526, 6890, -116989, -8666, -68933, 33775
8155.6, 1244, -5651, -2432, 8025, -116411, 1461, -74529, 33775
8159.4, 1120, -5651, -2432, 8025, -116411, 1461, -74529, 33778
8163.6, 1667, -5285, -2129, 8536, -116486, 8588, -71983, 33778
8167.3, 1742, -5285, -2129, 8536, -116486, 8588, -71983, 33770
8171.1, 1456, -5285, -2129, 8536, -116486, 8588, -71983, 33791
8175.4, 1354, -5450, -2796, 7579, -116845, 7061, -66199, 33791
8179.2, 1305, -5450, -2796, 7579, -116845, 7061, -66199, 33781
8183.4, 1279, -5683, -3525, 7167, -113633, 450, -59807, 33781
8187.1, 1350, -5683, -3525, 7167, -113633, 450, -59807, 33766
8192.9, 1355, -6118, -4546, 6769, -113607, -5241, -56455, 33782
8196.6, 1348, -6118, -4546, 6769, -113607, -5241, -56455, 33799
8200.9, 1295, -6118, -4546, 6769, -114731, -12775, -60371, 33799
8204.7, 1359, -6118, -4546, 6769, -114731, -12775, -60371, 33808
8206.9, 92, -6118, -4546, 6769, -114731, -12775, -60371, 33808
8212.7, 1544, -6487, -5484, 5779, -121167, -18650, -69830, 33799
8216.4, 1388, -6487, -5484, 5779, -121167, -18650, -69830, 33834
8220.7, 1272, -6409, -5333, 5367, -130145, -21674, -79534, 33834
8224.5, 1317, -6409, -5333, 5367, -130145, -21674, -79534, 33834
8226.8, 251, -6409, -5333, 5367, -130145, -21674, -79534, 33834
8231.0, 1179, -5816, -4143, 6506, -135806, -20834, -82824, 33834
8234.7, 1196, -5816, -4143, 6506, -135806, -20834, -82824, 33842
8237.0, 86, -5816, -4143, 6506, -135806, -20834, -82824, 33842
8242.7, 1502, -5382, -3437, 11697, -116958, -15890, -74564, 33777
8246.4, 1719, -5382, -3437, 11697, -116958, -15890, -74564, 33827
8250.7, 1450, -5382, -3437, 11697, -118004, -2467, -63320, 33827
8254.5, 1389, -5382, -3437, 11697, -118004, -2467, -63320, 33828
8256.8, 152, -5382, -3437, 11697, -118004, -2467, -63320, 33828
8261.0, 1430, -4299, -6159, 3638, -123700, 14708, -63736, 33828
8264.7, 1488, -4299, -6159, 3638, -123700, 14708, -63736, 33824
8268.9, 1415, -4299, -6159, 3638, -123700, 14708, -63736, 33824
8272.7, 1361, -4299, -6159, 3638, -123700, 14708, -63736, 33835
8276.4, 1475, -4299, -6159, 3638, -123700, 14708, -63736, 33836
8280.6, 1363, -4770, -6958, 4941, -110383, -11449, -86893, 33836
8284.4, 1366, -4770, -6958, 4941, -110383, -11449, -86893, 33846
8288.6, 1143, -4770, -6958, 4941, -110383, -11449, -86893, 33846
8292.3, 1343, -4770, -6958, 4941, -110383, -11449, -86893, 33840
8296.1, 1392, -4770, -6958, 4941, -110383, -11449, -86893, 33847
8300.3, 1659, -4708, -7738, 5889, -123801, 12140, -74914, 33847
8304.0, 1726, -4708, -7738, 5889, -123801, 12140, -74914, 33820
8308.2, 1333, -4683, -7738, 5889, -123801, 12140, -74914, 33820
8312.0, 1243, -4683, -7738, 5889, -123801, 12140, -74914, 33852
8315.8, 1514, -4683, -7738, 5889, -123801, 12140, -74914, 33854
8320.0, 1356, -4887, -7444, 7836, -113554, 5210, -58359, 33854
8323.8, 1418, -4887, -7444, 7836, -113554, 5210, -58359, 33873
8328.0, 1281, -4408, -7444, 7836, -113554, 5210, -58359, 33873
8331.7, 1401, -4408, -7444, 7836, -113554, 5210, -58359, 33898
8334.0, 250, -4408, -7444, 7836, -113554, 5210, -58359, 33898
8339.8, 1378, -3866, -6915, 7016, -105636, 4453, -64549, 33948
8343.5, 1583, -3866, -6915, 7016, -105636, 4453, -64549, 33915
8347.7, 1479, -4252, -6915, 7016, -105636, 4453, -64549, 33915
8351.5, 1420, -4252, -6915, 7016, -105636, 4453, -64549, 33968
8353.8, 194, -4252, -6915, 7016, -105636, 4453, -64549, 33968
8359.5, 1485, -4171, -8188, 5141, -98819, -7118, -68334, 33943
8363.3, 1498, -4171, -8188, 5141, -98819, -7118, -68334, 33959
8369.0, 1575, -4171, -8188, 5141, -98819, -7118, -68334, 33965
8371.2, 196, -4171, -8188, 5141, -98819, -7118, -68334, 33965
8375.5, 1163, -3524, -8611, 5736, -100158, -5460, -67502, 33965
8379.3, 1437, -3524, -8611, 5736, -100158, -5460, -67502, 33958
8381.5, 175, -3524, -8611, 5736, -100158, -5460, -67502, 33958
8385.8, 1312, -3067, -8295, 6178, -100565, -8990, -66142, 33958
8389.5, 1719, -3067, -8295, 6178, -100565, -8990, -66142, 33770
8391.8, 820, -3067, -8295, 6178, -100565, -8990, -66142, 33770
8396.0, 1636, -3239, -7703, 6012, -99926, -11650, -56915, 33770
8399.7, 1469, -3239, -7703, 6012, -99926, -11650, -56915, 33976
8402.0, 156, -3239, -7703, 6012, -99926, -11650, -56915, 33976
8407.8, 1682, -3674, -8012, 6248, -101160, -7682, -42770, 33976
8411.5, 1543, -3674, -8012, 6248, -101160, -7682, -42770, 33975
8415.8, 1438, -3756, -8307, 5624, -99073, -4445, -34274, 33975
8419.5, 1500, -3756, -8307, 5624, -99073, -4445, -34274, 34019
8421.8, 436, -3756, -8307, 5624, -99073, -4445, -34274, 34019
8426.0, 1406, -4080, -8985, 5154, -95547, -5416, -36645, 34019
8429.7, 1519, -4080, -8985, 5154, -95547, -5416, -36645, 33975
8433.9, 1533, -4223, -8973, 5207, -90559, -9432, -45295, 33975
8437.7, 1442, -4223, -8973, 5207, -90559, -9432, -45295, 33982
8441.4, 1430, -4223, -8973, 5207, -90559, -9432, -45295, 33989
8445.7, 1506, -4087, -8895, 4588, -88757, -11029, -52492, 33989
8449.5, 1585, -4087, -8895, 4588, -88757, -11029, -52492, 34003
8453.7, 1159, -3881, -8732, 5161, -84158, -12328, -53983, 34003
8457.5, 1629, -3881, -8732, 5161, -84158, -12328, -53983, 34006
8461.3, 1615, -3881, -8732, 5161, -84158, -12328, -53983, 34020
8465.5, 1682, -3524, -8254, 4997, -84543, -18440, -49880, 34020
8469.3, 1641, -3524, -8254, 4997, -84543, -18440, -49880, 33999
8473.5, 1436, -3414, -7721, 5361, -85628, -23078, -41996, 33999
8477.3, 1390, -3414, -7721, 5361, -85628, -23078, -41996, 34023
8481.0, 1468, -3414, -7721, 5361, -85628, -23078, -41996, 33997
8485.3, 1571, -3516, -7832, 5520, -84758, -23481, -34024, 33997
8489.1, 1663, -3516, -7832, 5520, -84758, -23481, -34024, 34002
8493.3, 1406, -3672, -8297, 4198, -87768, -19079, -30341, 34002
8497.0, 1356, -3672, -8297, 4198, -87768, -19079, -30341, 33994
8500.8, 1453, -3672, -8297, 4198, -87768, -19079, -30341, 33987
8505.1, 1467, -3857, -8486, 4185, -88061, -17290, -32296, 33987
8508.9, 1463, -3857, -8486, 4185, -88061, -17290, -32296, 33981
8513.1, 1481, -3980, -8604, 5230, -82955, -22124, -37328, 33981
8516.8, 1539, -3980, -8604, 5230, -82955, -22124, -37328, 33963
8522.6, 1535, -3629, -8564, 3706, -83065, -21831, -40316, 34004
8526.3, 1530, -3629, -8564, 3706, -83065, -21831, -40316, 33954
8528.6, 527, -3629, -8564, 3706, -83065, -21831, -40316, 33954
8534.3, 1670, -3451, -8441, 3266, -87028, -14599, -38526, 33933
8536.6, 390, -3451, -8441, 3266, -87028, -14599, -38526, 33933
8540.8, 1526, -3244, -8285, 4232, -86206, -16966, -35836, 33933
8544.6, 1678, -3244, -8285, 4232, -86206, -16966, -35836, 33952
8546.9, 572, -3244, -8285, 4232, -86206, -16966, -35836, 33952
8552.6, 1491, -3273, -7942, 4132, -86569, -25615, -33123, 33873
8556.3, 1468, -3273, -7942, 4132, -86569, -25615, -33123, 33952
8560.5, 1070, -3477, -8091, 3759, -90065, -26162, -28319, 33952
8564.3, 1630, -3477, -8091, 3759, -90065, -26162, -28319, 33947
8566.5, 831, -3477, -8091, 3759, -90065, -26162, -28319, 33947
8570.8, 1655, -3650, -8903, 3960, -90327, -19609, -24089, 33947
8574.6, 1526, -3650, -8903, 3960, -90327, -19609, -24089, 33940
8576.9, 271, -3650, -8903, 3960, -90327, -19609, -24089, 33940
8582.6, 1643, -3686, -9330, 3175, -91981, -16620, -26071, 33692
8586.3, 1437, -3686, -9330, 3175, -91981, -16620, -26071, 33686
8590.6, 1485, -3750, -9367, 2873, -89422, -17631, -32309, 33686
8594.4, 1579, -3750, -9367, 2873, -89422, -17631, -32309, 33679
8598.6, 1480, -3544, -9393, 2594, -87514, -19040, -36142, 33679
8602.3, 1481, -3544, -9393, 2594, -87514, -19040, -36142, 33683
8606.1, 1507, -3544, -9393, 2594, -87514, -19040, -36142, 33688
8610.4, 1512, -3235, -9430, 2206, -86937, -20575, -35035, 33688
8614.1, 1590, -3235, -9430, 2206, -86937, -20575, -35035, 33676
8618.3, 1479, -2908, -9481, 1862, -85287, -23533, -28591, 33676
8622.0, 1731, -2908, -9481, 1862, -85287, -23533, -28591, 33667
8625.7, 1463, -2908, -9481, 1862, -85287, -23533, -28591, 33658
8630.0, 1153, -2654, -9686, 2009, -84977, -29877, -21350, 33658
8633.7, 1519, -2654, -9686, 2009, -84977, -29877, -21350, 33684
8637.9, 1579, -2404, -10131, 2482, -81389, -35796, -19044, 33684
8641.7, 1492, -2404, -10131, 2482, -81389, -35796, -19044, 33636
8644.0, 331, -2404, -10131, 2482, -81389, -35796, -19044, 33636
8649.8, 1458, -2365, -10353, 1630, -79700, -31671, -20536, 33594
8653.5, 1593, -2365, -10353, 1630, -79700, -31671, -20536, 33604
8657.7, 1389, -2387, -10230, 780, -78768, -19040, -23367, 33604
8661.5, 1452, -2387, -10230, 780, -78768, -19040, -23367, 33588
8663.8, 389, -2387, -10230, 780, -78768, -19040, -23367, 33588
8669.6, 1545, -2470, -10105, 1811, -74450, -11449, -26714, 33570
8673.3, 1588, -2470, -10105, 1811, -74450, -11449, -26714, 33565
8679.0, 1444, -2279, -10082, 1944, -70723, -11611, -28591, 33547
8682.8, 1476, -2279, -10082, 1944, -70723, -11611, -28591, 33544
8688.5, 1594, -2249, -10122, 1335, -69292, -10014, -26823, 33533
8690.7, 135, -2249, -10122, 1335, -69292, -10014, -26823, 33533
8693.1, 73, -2249, -10122, 1335, -69292, -10014, -26823, 33533
8698.8, 1745, -2321, -10228, 1377, -66238, -8356, -22102, 33517
8701.1, 545, -2321, -10228, 1377, -66238, -8356, -22102, 33517
8703.3, 405, -2321, -10228, 1377, -66238, -8356, -22102, 33517
8709.0, 1623, -2321, -10339, 1337, -62672, -10154, -18480, 33497
8711.3, 308, -2321, -10339, 1337, -62672, -10154, -18480, 33497
8715.6, 1517, -2395, -10362, 854, -60297, -10443, -17075, 33497
8719.3, 1547, -2395, -10362, 854, -60297, -10443, -17075, 33485
8721.6, 372, -2395, -10362, 854, -60297, -10443, -17075, 33485
8725.9, 1405, -2421, -10354, 865, -57575, -8951, -17806, 33485
8729.7, 1534, -2421, -10354, 865, -57575, -8951, -17806, 33471
8731.9, 609, -2421, -10354, 865, -57575, -8951, -17806, 33471
8737.6, 1715, -2399, -10254, 1073, -54526, -7901, -19097, 33458
8741.4, 1589, -2399, -10254, 1073, -54526, -7901, -19097, 33440
8745.6, 1418, -2313, -10099, 1414, -52277, -7061, -19119, 33440
8749.4, 1449, -2313, -10099, 1414, -52277, -7061, -19119, 33431
8751.6, 248, -2313, -10099, 1414, -52277, -7061, -19119, 33431
8755.9, 1587, -2373, -10050, 1792, -49832, -7358, -17684, 33431
8759.7, 1642, -2373, -10050, 1792, -49832, -7358, -17684, 33410
8763.9, 1487, -2324, -9990, 1700, -48957, -7551, -15395, 33410
8767.6, 1418, -2324, -9990, 1700, -48957, -7551, -15395, 33391
8771.4, 1507, -2324, -9990, 1700, -48957, -7551, -15395, 33382
8775.6, 1503, -2320, -9951, 1672, -48108, -8242, -13890, 33382
8779.4, 1540, -2320, -9951, 1672, -48108, -8242, -13890, 33374
8783.6, 1512, -2480, -9850, 1785, -45448, -11401, -13777, 33374
8787.3, 1614, -2480, -9850, 1785, -45448, -11401, -13777, 33369
8791.1, 1544, -2480, -9850, 1785, -45448, -11401, -13777, 33343
8795.3, 1378, -2440, -9665, 1137, -45216, -12744, -13405, 33343
8799.0, 1465, -2440, -9665, 1137, -45216, -12744, -13405, 33336
8803.2, 1502, -2362, -9602, 1085, -44179, -11537, -13015, 33336
8807.0, 1508, -2362, -9602, 1085, -44179, -11537, -13015, 33312
8810.8, 1505, -2362, -9602, 1085, -44179, -11537, -13015, 33292
8815.0, 1430, -2301, -9808, 1454, -41641, -10898, -13046, 33292
8818.8, 1449, -2301, -9808, 1454, -41641, -10898, -13046, 33286
8823.0, 1414, -2204, -10025, 1350, -39826, -9262, -12928, 33286
8826.7, 1456, -2204, -10025, 1350, -39826, -9262, -12928, 33270
8829.0, 334, -2204, -10025, 1350, -39826, -9262, -12928, 33270
8834.8, 1513, -2143, -9935, 1141, -38933, -6055, -12048, 33244
8838.5, 1533, -2143, -9935, 1141, -38933, -6055, -12048, 33244
8842.7, 1588, -2199, -9932, 1557, -36054, -5070, -10880, 33244
8846.5, 1355, -2199, -9932, 1557, -36054, -5070, -10880, 33226
8848.8, 57, -2199, -9932, 1557, -36054, -5070, -10880, 33226
8854.5, 1580, -2184, -9905, 1906, -33718, -8316, -9927, 33201
8856.8, 238, -2184, -9905, 1906, -33718, -8316, -9927, 33201
8861.0, 1432, -2184, -9905, 1906, -33718, -8316, -9419, 33201
8864.7, 1605, -2184, -9905, 1906, -33718, -8316, -9419, 33200
8867.0, 453, -2184, -9905, 1906, -33718, -8316, -9419, 33200
8872.8, 1449, -2200, -9793, 1729, -32331, -18668, -8990, 33184
8876.5, 1472, -2200, -9793, 1729, -32331, -18668, -8990, 33176
8880.8, 1401, -2295, -9746, 1467, -32331, -18668, -9073, 33176
8884.5, 1397, -2295, -9746, 1467, -32331, -18668, -9073, 33126
8886.8, 152, -2295, -9746, 1467, -32331, -18668, -9073, 33126
8891.0, 1528, -2198, -10033, 1585, -27549, -20409, -9388, 33126
8894.8, 1550, -2198, -10033, 1585, -27549, -20409, -9388, 33155
8897.1, 413, -2198, -10033, 1585, -27549, -20409, -9388, 33155
8902.8, 1596, -2056, -10021, 680, -26578, -15815, -9017, 33150
8906.5, 1456, -2056, -10021, 680, -26578, -15815, -9017, 33142
8910.8, 1588, -2009, -9972, -49, -22439, -13282, -8050, 33142
8914.5, 1361, -2009, -9972, -49, -22439, -13282, -8050, 33097
8918.8, 1309, -1917, -10088, 431, -22439, -13282, -8050, 33097
8922.5, 1389, -1917, -10088, 431, -22439, -13282, -8050, 33122
8926.3, 1632, -1917, -10088, 431, -22439, -13282, -8050, 33124
8930.6, 1520, -1729, -10303, 570, -15605, -16931, -6475, 33124
8934.3, 1432, -1729, -10303, 570, -15605, -16931, -6475, 33114
8938.5, 1386, -1683, -10354, 490, -15605, -16931, -6475, 33114
8942.3, 1444, -1683, -10354, 490, -15605, -16931, -6475, 33104
8946.0, 1450, -1683, -10354, 490, -15605, -16931, -6475, 33094
8950.3, 1426, -1689, -10407, 603, -6776, -17509, -1990, 33094
8954.0, 1436, -1689, -10407, 603, -6776, -17509, -1990, 33103
8958.3, 1594, -1663, -10431, 541, -6776, -17509, -1990, 33103
8962.0, 1489, -1663, -10431, 541, -6776, -17509, -1990, 33083
8965.8, 1380, -1663, -10431, 541, -6776, -17509, -1990, 33092
8970.0, 1380, -1725, -10113, 348, -4033, -16984, 739, 33092
8973.8, 1620, -1725, -10113, 348, -4033, -16984, 739, 33095
8978.0, 1400, -1933, -10095, 823, -4033, -16984, 739, 33095
8981.7, 1399, -1933, -10095, 823, -4033, -16984, 739, 33095
8985.5, 1276, -1933, -10095, 823, -4033, -16984, 739, 33097
8989.7, 1323, -1981, -10403, 920, 341, -24167, -1154, 33097
8993.4, 1521, -1981, -10403, 920, 341, -24167, -1154, 33084
8999.2, 1476, -1920, -10435, 674, 341, -26254, -1203, 33077
9002.9, 1525, -1920, -10435, 674, 341, -26254, -1203, 33096
9008.6, 1451, -1849, -10394, 466, 4300, -26254, -1203, 33079
9010.8, 104, -1849, -10394, 466, 4300, -26254, -1203, 33079
9013.1, 155, -1849, -10394, 466, 4300, -26254, -1203, 33079
9018.8, 1506, -1603, -10369, 282, 8907, -26906, 43, 33073
9021.1, 197, -1603, -10369, 282, 8907, -26906, 43, 33073
9023.3, 55, -1603, -10369, 282, 8907, -26906, 43, 33073
9029.0, 1411, -1625, -10185, 67, 12560, -24504, 1509, 33074
9031.3, 46, -1625, -10185, 67, 12560, -24504, 1509, 33074
9035.5, 1468, -1642, -10252, 71, 15513, -16235, 3880, 33074
9039.3, 1656, -1642, -10252, 71, 15513, -16235, 3880, 33082
9041.6, 334, -1642, -10252, 71, 15513, -16235, 3880, 33082
9045.8, 1483, -1798, -10280, 336, 17001, -6601, 6024, 33082
9049.5, 1573, -1798, -10280, 336, 17001, -6601, 6024, 33063
9051.8, 759, -1798, -10280, 336, 17001, -6601, 6024, 33063
9056.0, 1317, -1913, -10308, 782, 18891, -3666, 6269, 33063
9059.8, 1320, -1913, -10308, 782, 18891, -3666, 6269, 33093
9062.0, 44, -1913, -10308, 782, 18891, -3666, 6269, 33093
9067.8, 1396, -1936, -10406, 1217, 22938, -7293, 5582, 33091
9071.5, 1385, -1936, -10406, 1217, 22938, -7293, 5582, 33098
9075.8, 1568, -1858, -10502, 828, 26526, -10027, 6286, 33098
9079.5, 1702, -1858, -10502, 828, 26526, -10027, 6286, 33054
9083.7, 1421, -1869, -10403, 495, 30647, -9472, 7625, 33054
9087.5, 1261, -1869, -10403, 495, 30647, -9472, 7625, 33117
9091.2, 1219, -1869, -10403, 495, 30647, -9472, 7625, 33115
9095.5, 1611, -1836, -10400, 669, 36947, -9507, 8290, 33115
9099.3, 1818, -1836, -10400, 669, 36947, -9507, 8290, 33108
9103.5, 1315, -1671, -10549, 708, 41694, -8356, 8474, 33108
9107.3, 1111, -1671, -10549, 708, 41694, -8356, 8474, 33249
9111.0, 1393, -1671, -10549, 708, 41694, -8356, 8474, 33133
9115.3, 1395, -1589, -10281, 648, 43851, -3088, 9629, 33133
9119.1, 1223, -1589, -10281, 648, 43851, -3088, 9629, 33264
9123.3, 1431, -1756, -10265, 833, 47740, 1964, 11558, 33264
9127.0, 1395, -1756, -10265, 833, 47740, 1964, 11558, 33264
9130.8, 1330, -1756, -10265, 833, 47740, 1964, 11558, 33239
9135.1, 1320, -1960, -10511, 1129, 53563, 3819, 13252, 33239
9138.9, 1430, -1960, -10511, 1129, 53563, 3819, 13252, 33298
9143.1, 1420, -1926, -10751, 818, 57694, 5827, 14669, 33298
9146.8, 1677, -1926, -10751, 818, 57694, 5827, 14669, 33292
9150.6, 1452, -1926, -10751, 818, 57694, 5827, 14669, 33306
9154.9, 1225, -1916, -10633, 703, 64072, 8299, 15378, 33306
9158.6, 1364, -1916, -10633, 703, 64072, 8299, 15378, 33177
9162.8, 1429, -1780, -10585, 1149, 70451, 8863, 15216, 33177
9166.5, 1325, -1780, -10585, 1149, 70451, 8863, 15216, 33339
9168.8, 57, -1780, -10585, 1149, 70451, 8863, 15216, 33339
9174.6, 1633, -1847, -10596, 1545, 74310, 8776, 16073, 33326
9176.9, 314, -1847, -10596, 1545, 74310, 8776, 16073, 33326
9182.6, 1669, -1960, -10555, 1762, 78532, 13934, 19609, 33328
9186.3, 1404, -1960, -10555, 1762, 78532, 13934, 19609, 33374
9190.5, 1073, -2074, -10588, 1876, 81756, 17797, 21796, 33374
9194.3, 1455, -2074, -10588, 1876, 81756, 17797, 21796, 33356
9196.6, 501, -2074, -10588, 1876, 81756, 17797, 21796, 33356
9200.8, 1570, -2486, -10480, 2266, 85712, 18497, 21695, 33356
9204.6, 1572, -2486, -10480, 2266, 85712, 18497, 21695, 33362
9206.8, 155, -2486, -10480, 2266, 85712, 18497, 21695, 33362
9212.6, 1435, -2581, -10384, 2438, 88477, 19101, 22247, 33375
9216.3, 1764, -2581, -10384, 2438, 88477, 19101, 22247, 33379
9220.6, 1454, -2610, -10399, 2708, 91867, 18764, 23620, 33379
9224.4, 1258, -2610, -10399, 2708, 91867, 18764, 23620, 33374
9226.6, 47, -2610, -10399, 2708, 91867, 18764, 23620, 33374
9230.9, 1407, -2596, -10270, 3028, 97572, 14052, 24797, 33374
9234.6, 1298, -2596, -10270, 3028, 97572, 14052, 24797, 33374
9238.9, 1277, -2554, -10252, 2880, 102363, 9660, 26836, 33374
9242.6, 1628, -2554, -10252, 2880, 102363, 9660, 26836, 33387
9246.3, 1652, -2554, -10252, 2880, 102363, 9660, 26836, 33398
9250.6, 1310, -2608, -10188, 2718, 106598, 12657, 29934, 33398
9254.4, 1556, -2608, -10188, 2718, 106598, 12657, 29934, 33404
9258.6, 1187, -2557, -10110, 2543, 108059, 20663, 32646, 33404
9262.3, 1196, -2557, -10110, 2543, 108059, 20663, 32646, 33404
9266.1, 1680, -2557, -10110, 2543, 108059, 20663, 32646, 33412
9270.3, 1537, -2850, -10101, 3280, 112697, 23787, 32616, 33412
9274.1, 1374, -2850, -10101, 3280, 112697, 23787, 32616, 33414
9278.3, 1359, -3173, -9769, 3733, 117877, 23581, 33071, 33414
9282.0, 1498, -3173, -9769, 3733, 117877, 23581, 33071, 33409
9285.7, 1487, -3173, -9769, 3733, 117877, 23581, 33071, 33399
9290.0, 1321, -3251, -9716, 3800, 119496, 25445, 34331, 33399
9293.7, 1401, -3251, -9716, 3800, 119496, 25445, 34331, 33388
9297.9, 1628, -3262, -9575, 4390, 121368, 23454, 34344, 33388
9301.7, 1585, -3262, -9575, 4390, 121368, 23454, 34344, 33374
9304.0, 231, -3262, -9575, 4390, 121368, 23454, 34344, 33374
9309.8, 1489, -3168, -9492, 4731, 123337, 17303, 34204, 33399
9313.5, 1350, -3168, -9492, 4731, 123337, 17303, 34204, 33400
9317.7, 1141, -3091, -9500, 5245, 126478, 12149, 35551, 33400
9321.5, 1846, -3091, -9500, 5245, 126478, 12149, 35551, 33332
9323.8, 816, -3091, -9500, 5245, 126478, 12149, 35551, 33332
9329.5, 1233, -3183, -9183, 4622, 127043, 8658, 38089, 33408
9333.3, 1491, -3183, -9183, 4622, 127043, 8658, 38089, 33393
9339.0, 1907, -3305, -9111, 4582, 129558, 6387, 40753, 33403
9341.3, 643, -3305, -9111, 4582, 129558, 6387, 40753, 33403
9343.5, 139, -3305, -9111, 4582, 129558, 6387, 40753, 33403
9349.3, 1455, -3449, -9049, 5164, 134550, 5293, 42950, 33408
9351.5, 66, -3449, -9049, 5164, 134550, 5293, 42950, 33408
9355.7, 1268, -3534, -9134, 5135, 137372, 7953, 45378, 33408
9359.4, 1562, -3534, -9134, 5135, 137372, 7953, 45378, 33398
9361.7, 698, -3534, -9134, 5135, 137372, 7953, 45378, 33398
9365.9, 1518, -3464, -9055, 4156, 137377, 12289, 46786, 33398
9369.7, 1429, -3464, -9055, 4156, 137377, 12289, 46786, 33404
9372.0, 59, -3464, -9055, 4156, 137377, 12289, 46786, 33404
9377.7, 1784, -3575, -8846, 4756, 141126, 15724, 47994, 33394
9381.4, 1523, -3575, -8846, 4756, 141126, 15724, 47994, 33399
9385.7, 1423, -3640, -8496, 5353, 143082, 19119, 49718, 33399
9389.5, 1594, -3640, -8496, 5353, 143082, 19119, 49718, 33375
9391.8, 438, -3640, -8496, 5353, 143082, 19119, 49718, 33375
9397.5, 1401, -3592, -8391, 5779, 143340, 22592, 50965, 33374
9401.2, 1757, -3592, -8391, 5779, 143340, 22592, 50965, 33367
9405.5, 1273, -3680, -7905, 6248, 143226, 19928, 50195, 33367
9409.2, 1293, -3680, -7905, 6248, 143226, 19928, 50195, 33356
9413.5, 1718, -3680, -7905, 6248, 143314, 16638, 52391, 33356
9417.2, 1272, -3680, -7905, 6248, 143314, 16638, 52391, 33295
9421.0, 1493, -3680, -7905, 6248, 143314, 16638, 52391, 33348
9425.2, 1597, -4176, -7394, 6229, 143244, 18471, 57567, 33348
9429.0, 1279, -4176, -7394, 6229, 143244, 18471, 57567, 33355
9433.2, 1489, -4176, -7394, 6229, 143318, 18335, 59325, 33355
9436.9, 1414, -4176, -7394, 6229, 143318, 18335, 59325, 33360
9440.7, 1241, -4176, -7394, 6229, 143318, 18335, 59325, 33355
9444.9, 1618, -4233, -7079, 6040, 143344, 12709, 57199, 33355
9448.7, 1517, -4233, -7079, 6040, 143344, 12709, 57199, 33369
9452.9, 1517, -4233, -7079, 6040, 143344, 14857, 57860, 33369
9456.6, 1338, -4233, -7079, 6040, 143344, 14857, 57860, 33368
9458.9, 45, -4233, -7079, 6040, 143344, 14857, 57860, 33368
9464.6, 890, -4371, -6793, 6796, 143344, 20204, 58897, 33375
9468.3, 2108, -4371, -6793, 6796, 143344, 20204, 58897, 33382
9474.0, 1298, -4482, -6099, 6315, 143344, 20943, 59487, 33385
9477.8, 1488, -4482, -6099, 6315, 143344, 20943, 59487, 33340
9483.5, 1387, -4773, -6006, 6585, 143344, 23830, 62874, 33401
9487.2, 1252, -4773, -6006, 6585, 143344, 23830, 62874, 33403
9493.0, 1382, -4773, -6006, 6585, 143344, 23830, 62874, 33405
9496.7, 1463, -4773, -6006, 6585, 143344, 23830, 62874, 33381
9500.9, 1190, -4905, -5887, 7380, 143327, 24373, 64869, 33381
9504.6, 1357, -4905, -5887, 7380, 143327, 24373, 64869, 33409
9506.9, 44, -4905, -5887, 7380, 143327, 24373, 64869, 33409
9512.6, 1926, -4904, -5458, 7082, 143344, 21989, 63871, 33416
9516.3, 1461, -4904, -5458, 7082, 143344, 21989, 63871, 33409
9520.6, 1516, -5034, -5254, 6684, 143051, 22124, 63162, 33409
9524.4, 1268, -5034, -5254, 6684, 143051, 22124, 63162, 33452
9526.6, 42, -5034, -5254, 6684, 143051, 22124, 63162, 33452
9530.9, 1062, -5383, -4745, 7764, 143252, 23279, 64751, 33452
9534.6, 1469, -5383, -4745, 7764, 143252, 23279, 64751, 33417
9536.9, 188, -5383, -4745, 7764, 143252, 23279, 64751, 33417
9542.6, 1603, -5452, -4887, 7220, 143344, 22229, 66772, 33431
9546.6, 1325, -5452, -4887, 7220, 143344, 22229, 66772, 33434
9550.9, 1369, -5390, -4509, 6638, 143344, 20151, 66772, 33434
9554.7, 1210, -5390, -4509, 6638, 143344, 20151, 66772, 33430
9558.9, 1210, -5303, -4086, 7106, 143344, 18454, 64939, 33430
9562.7, 1194, -5303, -4086, 7106, 143344, 18454, 64939, 33432
9566.4, 1220, -5303, -4086, 7106, 143344, 18454, 64939, 33434
9570.7, 1659, -5152, -3692, 7165, 143344, 18970, 59549, 33434
9574.5, 1766, -5152, -3692, 7165, 143344, 18970, 59549, 33434
9578.7, 1535, -4945, -3188, 6842, 141056, 21569, 59549, 33434
9582.5, 1293, -4945, -3188, 6842, 141056, 21569, 59549, 33454
9586.2, 1258, -4945, -3188, 6842, 141056, 21569, 59549, 33413
9590.5, 1210, -4642, -2606, 7508, 140347, 21127, 62891, 33413
9594.2, 1365, -4642, -2606, 7508, 140347, 21127, 62891, 33438
9598.5, 1489, -4996, -2417, 7902, 139997, 23437, 62891, 33438
9602.2, 1178, -4996, -2417, 7902, 139997, 23437, 62891, 33423
9606.0, 1627, -4996, -2417, 7902, 139997, 23437, 62891, 33367
9610.2, 1981, -5603, -2431, 7711, 139822, 27278, 72442, 33367
9614.0, 1307, -5603, -2431, 7711, 139822, 27278, 72442, 33444
9618.2, 1069, -5636, -2860, 7657, 140461, 28551, 72442, 33444
9621.9, 1157, -5636, -2860, 7657, 140461, 28551, 72442, 33449
9625.7, 1648, -5636, -2860, 7657, 140461, 28551, 72442, 33378
9629.9, 1527, -5839, -3116, 7945, 141787, 25664, 63534, 33378
9633.6, 1349, -5839, -3116, 7945, 141787, 25664, 63534, 33463
9637.8, 1132, -5776, -3007, 7252, 140706, 20860, 63534, 33463
9641.6, 1097, -5776, -3007, 7252, 140706, 20860, 63534, 33435
9643.8, 207, -5776, -3007, 7252, 140706, 20860, 63534, 33435
9649.6, 1533, -5356, -2779, 7548, 138869, 17333, 56416, 33435
9653.3, 1587, -5356, -2779, 7548, 138869, 17333, 56416, 33453
9659.0, 1446, -4753, -1749, 7040, 133448, 14022, 56416, 33427
9661.2, 172, -4753, -1749, 7040, 133448, 14022, 56416, 33427
9663.5, 14, -4753, -1749, 7040, 133448, 14022, 56416, 33427
9669.2, 1532, -4864, -1073, 8581, 134502, 12770, 58831, 33435
9671.5, 580, -4864, -1073, 8581, 134502, 12770, 58831, 33435
9675.7, 1293, -4990, -521, 7172, 130289, 12985, 62497, 33435
9679.5, 1629, -4990, -521, 7172, 130289, 12985, 62497, 33444
9681.8, 321, -4990, -521, 7172, 130289, 12985, 62497, 33444
9686.0, 1190, -5346, -866, 7619, 130910, 14918, 65394, 33444
9689.7, 1292, -5346, -866, 7619, 130910, 14918, 65394, 33461
9692.0, 209, -5346, -866, 7619, 130910, 14918, 65394, 33461
9697.7, 1319, -5590, -950, 7854, 133142, 18261, 63674, 33265
9701.4, 1223, -5590, -950, 7854, 133142, 18261, 63674, 33248
9705.7, 1575, -5322, -1311, 6961, 126618, 21652, 55624, 33248
9709.5, 1356, -5322, -1311, 6961, 126618, 21652, 55624, 33257
9711.8, 46, -5322, -1311, 6961, 126618, 21652, 55624, 33257
9716.0, 1458, -5358, -1182, 8365, 129331, 17557, 46108, 33257
9719.8, 1381, -5358, -1182, 8365, 129331, 17557, 46108, 33247
9724.1, 1180, -5129, -584, 7271, 125787, 12670, 42481, 33247
9727.8, 1348, -5129, -584, 7271, 125787, 12670, 42481, 33238
9731.6, 1258, -5129, -584, 7271, 125787, 12670, 42481, 33218
9735.8, 1514, -4731, -521, 7663, 120301, 10381, 46008, 33218
9739.5, 1435, -4731, -521, 7663, 120301, 10381, 46008, 33219
9743.7, 1305, -4392, 466, 6980, 116648, 7656, 51722, 33219
9747.5, 1440, -4392, 466, 6980, 116648, 7656, 51722, 33203
9751.2, 1178, -4392, 466, 6980, 116648, 7656, 51722, 33198
9755.4, 1152, -4526, 73, 7344, 109473, 7271, 53940, 33198
9759.2, 1249, -4526, 73, 7344, 109473, 7271, 53940, 33201
9763.4, 1098, -5064, 997, 7880, 115134, 8719, 53375, 33201
9767.1, 1449, -5064, 997, 7880, 115134, 8719, 53375, 33187
9770.9, 1913, -5064, 997, 7880, 115134, 8719, 53375, 33209
9775.1, 1434, -5226, 963, 6426, 107526, 24863, 52811, 33209
9778.8, 1260, -5226, 963, 6426, 107526, 24863, 52811, 33189
9783.1, 1218, -4937, 77, 8046, 104809, 26320, 46218, 33189
9786.8, 1339, -4937, 77, 8046, 104809, 26320, 46218, 33171
9789.1, 43, -4937, 77, 8046, 104809, 26320, 46218, 33171
9794.9, 1235, -5148, 1176, 8082, 111590, 16397, 38251, 33168
9798.6, 1190, -5148, 1176, 8082, 111590, 16397, 38251, 33170
9802.9, 1136, -5409, 833, 6291, 99239, 10565, 35048, 33170
9806.6, 1285, -5409, 833, 6291, 99239, 10565, 35048, 33178
9808.9, 146, -5409, 833, 6291, 99239, 10565, 35048, 33178
9814.7, 1228, -5243, 632, 7330, 99104, 3504, 37612, 33136
9818.4, 1183, -5243, 632, 7330, 99104, 3504, 37612, 33179
9824.2, 1595, -4918, 600, 7295, 96794, -2506, 39988, 33193
9826.4, 371, -4918, 600, 7295, 96794, -2506, 39988, 33193
9830.7, 1122, -4843, 912, 7207, 93832, -144, 41318, 33193
9834.4, 1116, -4843, 912, 7207, 93832, -144, 41318, 33174
9836.7, 27, -4843, 912, 7207, 93832, -144, 41318, 33174
9842.5, 1775, -5207, 1271, 7328, 90598, 4515, 42648, 33143
9846.2, 1351, -5207, 1271, 7328, 90598, 4515, 42648, 33167
9850.4, 1201, -5298, 1420, 7273, 86079, 10220, 41904, 33167
9854.1, 1201, -5298, 1420, 7273, 86079, 10220, 41904, 33152
9856.4, 31, -5298, 1420, 7273, 86079, 10220, 41904, 33152
9860.6, 1239, -5277, 1055, 8146, 88577, 11952, 35508, 33152
9864.3, 1265, -5277, 1055, 8146, 88577, 11952, 35508, 33154
9866.6, 45, -5277, 1055, 8146, 88577, 11952, 35508, 33154
9870.8, 1223, -5193, 1412, 7342, 87273, 13304, 27164, 33154
9874.5, 1101, -5193, 1412, 7342, 87273, 13304, 27164, 33163
9876.8, 28, -5193, 1412, 7342, 87273, 13304, 27164, 33163
9881.0, 1296, -5099, 1059, 7092, 78615, 8754, 21796, 33163
9884.7, 1331, -5099, 1059, 7092, 78615, 8754, 21796, 33091
9888.9, 1047, -4456, 1493, 7311, 84570, 1491, 20694, 33091
9892.7, 1143, -4456, 1493, 7311, 84570, 1491, 20694, 33106
9896.4, 1424, -4456, 1493, 7311, 84570, 1491, 20694, 33111
9900.7, 1194, -4215, 1850, 6167, 77259, 1837, 23310, 33111
9904.4, 1315, -4215, 1850, 6167, 77259, 1837, 23310, 33107
9908.6, 1175, -4677, 2559, 6251, 71514, 10237, 30297, 33107
9912.3, 1170, -4677, 2559, 6251, 71514, 10237, 30297, 33101
9916.1, 1338, -4677, 2559, 6251, 71514, 10237, 30297, 33113
9920.3, 1187, -5423, 3148, 6531, 66995, 18003, 38749, 33113
9924.0, 1188, -5423, 3148, 6531, 66995, 18003, 38749, 33070
9928.2, 1093, -6275, 2950, 7182, 66413, 17259, 42897, 33070
9931.9, 1081, -6275, 2950, 7182, 66413, 17259, 42897, 33116
9935.7, 1544, -6275, 2950, 7182, 66413, 17259, 42897, 33102
9940.0, 1088, -6748, 2610, 7244, 69051, 11576, 38579, 33102
9943.7, 1214, -6748, 2610, 7244, 69051, 11576, 38579, 33114
9947.9, 1307, -6419, 2025, 6666, 64081, 11165, 25248, 33114
9951.6, 1246, -6419, 2025, 6666, 64081, 11165, 25248, 33109
9953.9, 47, -6419, 2025, 6666, 64081, 11165, 25248, 33109
9959.6, 1045, -5621, 1865, 6873, 61552, 10893, 7774, 33098
9963.3, 1221, -5621, 1865, 6873, 61552, 10893, 7774, 33096
9969.0, 1273, -5255, 2443, 7628, 67314, 8159, -3233, 33073
9972.8, 1163, -5255, 2443, 7628, 67314, 8159, -3233, 33049
9978.5, 1369, -4479, 3180, 6564, 62615, -148, -800, 33047
9980.7, 49, -4479, 3180, 6564, 62615, -148, -800, 33047
9983.0, 11, -4479, 3180, 6564, 62615, -148, -800, 33047
9988.7, 1538, -5172, 4445, 6515, 65267, -7013, -1417, 33006
9991.0, 237, -5172, 4445, 6515, 65267, -7013, -1417, 33006
9993.2, 38, -5172, 4445, 6515, 65267, -7013, -1417, 33006
9998.9, 1329, -1913, 2273, 5387, 58035, -796, 8575, 33019
10001.2, 43, -1913, 2273, 5387, 58035, -796, 8575, 33019
10005.5, 1351, -1913, 2273, 7570, 59588, 8426, -5031, 33019
10009.2, 1227, -1913, 2273, 7570, 59588, 8426, -5031, 32996
10011.5, 38, -1913, 2273, 7570, 59588, 8426, -5031, 32996
10015.7, 1092, -6359, 4790, 6856, 69104, -3753, -14358, 32996
10019.4, 1069, -6359, 4790, 6856, 69104, -3753, -14358, 32991
10021.7, 36, -6359, 4790, 6856, 69104, -3753, -14358, 32991
10025.9, 1327, -5956, 4477, 6157, 76086, -23358, -14433, 32991
10029.6, 1086, -5956, 4477, 6157, 76086, -23358, -14433, 32941
10031.9, 37, -5956, 4477, 6157, 76086, -23358, -14433, 32941
10037.6, 1333, -5928, 3844, 6050, 73807, -27361, -9572, 32967
10041.3, 1205, -5928, 3844, 6050, 73807, -27361, -9572, 32952
10045.6, 1199, -4759, 3853, 6415, 72556, -26267, -11825, 32952
10049.4, 1280, -4759, 3853, 6415, 72556, -26267, -11825, 32943
10053.6, 1218, -4759, 3853, 6415, 72556, -26267, -11825, 32943
10057.4, 1153, -4759, 3853, 6415, 72556, -26267, -11825, 32964
10061.1, 1231, -4759, 3853, 6415, 72556, -26267, -11825, 32912
10065.4, 1184, -5195, 4244, 6175, 61697, -35648, -4882, 32912
10069.2, 1183, -5195, 4244, 6175, 61697, -35648, -4882, 32886
10073.4, 1137, -5195, 4244, 6175, 61697, -35648, 524, 32886
10077.1, 1569, -5195, 4244, 6175, 61697, -35648, 524, 32864
10080.9, 1188, -5195, 4244, 6175, 61697, -35648, 524, 32836
10085.1, 996, -6434, 4403, 6503, 60082, -41646, 839, 32836
10088.9, 1228, -6434, 4403, 6503, 60082, -41646, 839, 32790
10093.1, 1027, -6434, 4403, 6503, 60082, -41646, -3500, 32790
10096.8, 1211, -6434, 4403, 6503, 60082, -41646, -3500, 32754
10100.6, 1177, -6434, 4403, 6503, 60082, -41646, -3500, 32697
10104.8, 1104, -5289, 4794, 5407, 51988, -33915, -6024, 32697
10108.5, 1071, -5289, 4794, 5407, 51988, -33915, -6024, 32682
10112.8, 1084, -5289, 4794, 5407, 51988, -33915, -6024, 32682
10116.5, 1195, -5289, 4794, 5407, 51988, -33915, -6024, 32657
10118.8, 33, -5289, 4794, 5407, 51988, -33915, -6024, 32657
10124.6, 1139, -4716, 4982, 5461, 42477, -26329, -853, 32616
10128.3, 1181, -4716, 4982, 5461, 42477, -26329, -853, 32624
10134.0, 1144, -5134, 5096, 4959, 35140, -19845, 9323, 32553
10137.8, 1132, -5134, 5096, 4959, 35140, -19845, 9323, 32484
10143.5, 1210, -5134, 5096, 4959, 35140, -19845, 9323, 32492
10145.8, 32, -5134, 5096, 4959, 35140, -19845, 9323, 32492
10148.1, 6, -5134, 5096, 4959, 35140, -19845, 9323, 32492
10153.8, 1178, -5258, 5400, 5565, 30319, -14809, 16428, 33116
10156.1, 29, -5258, 5400, 5565, 30319, -14809, 16428, 33116
10158.3, 6, -5258, 5400, 5565, 30319, -14809, 16428, 33116
10164.1, 1197, -5304, 5376, 5568, 12718, -6444, 11760, 32427
10166.3, 33, -5304, 5376, 5568, 12718, -6444, 11760, 32427
10170.6, 970, -5012, 5455, 5323, 12718, -6444, 11760, 32427
10174.3, 1207, -5012, 5455, 5323, 12718, -6444, 11760, 32364
10176.6, 33, -5012, 5455, 5323, 12718, -6444, 11760, 32364
10180.8, 1035, -4738, 5033, 5195, 2008, 1159, 8588, 32364
10184.6, 1168, -4738, 5033, 5195, 2008, 1159, 8588, 32408
10186.8, 32, -4738, 5033, 5195, 2008, 1159, 8588, 32408
10192.6, 1272, -4856, 4823, 5502, -9104, 5267, 8080, 32390
10196.3, 1137, -4856, 4823, 5502, -9104, 5267, 8080, 32391
10200.6, 995, -5009, 5136, 5263, -17732, 5026, 10172, 32391
10204.3, 1146, -5009, 5136, 5263, -17732, 5026, 10172, 32369
10206.6, 28, -5009, 5136, 5263, -17732, 5026, 10172, 32369
10210.9, 1001, -5257, 5032, 5536, -25476, 7599, 13912, 32369
10214.7, 1109, -5257, 5032, 5536, -25476, 7599, 13912, 32409
10219.0, 1113, -5151, 5115, 5456, -32165, 8456, 17775, 32409
10222.7, 1193, -5151, 5115, 5456, -32165, 8456, 17775, 31715
10226.4, 1138, -5151, 5115, 5456, -32165, 8456, 17775, 31745
10230.7, 1054, -5193, 5181, 5669, -35871, 9432, 22067, 31745
10234.5, 1148, -5193, 5181, 5669, -35871, 9432, 22067, 31761
10238.7, 955, -5169, 5430, 5617, -39288, 11987, 25506, 31761
10242.5, 1133, -5169, 5430, 5617, -39288, 11987, 25506, 31803
10246.2, 1123, -5169, 5430, 5617, -39288, 11987, 25506, 31794
10250.5, 1027, -5033, 4882, 5118, -47705, 15518, 25843, 31794
10254.2, 1167, -5033, 4882, 5118, -47705, 15518, 25843, 31789
10258.4, 1121, -4815, 4755, 5509, -58818, 22483, 21065, 31789
10262.1, 1200, -4815, 4755, 5509, -58818, 22483, 21065, 31793
10265.9, 1148, -4815, 4755, 5509, -58818, 22483, 21065, 31768
10270.1, 1046, -4770, 4454, 5813, -65157, 27917, 16235, 31768
10273.8, 1172, -4770, 4454, 5813, -65157, 27917, 16235, 31773
10278.1, 1061, -4395, 3924, 5540, -71891, 32379, 11445, 31773
10281.8, 1126, -4395, 3924, 5540, -71891, 32379, 11445, 31780
10284.1, 28, -4395, 3924, 5540, -71891, 32379, 11445, 31780
10289.9, 1134, -5604, 3784, 6312, -77478, 33648, 4580, 31773
10293.6, 1253, -5604, 3784, 6312, -77478, 33648, 4580, 31777
10297.8, 1119, -4661, 4335, 5210, -83686, 34007, 1898, 31777
10301.6, 1102, -4661, 4335, 5210, -83686, 34007, 1898, 31744
10303.9, 28, -4661, 4335, 5210, -83686, 34007, 1898, 31744
10309.6, 1273, -4685, 4207, 5833, -86678, 36768, 2699, 31750
10311.9, 30, -4685, 4207, 5833, -86678, 36768, 2699, 31750
10317.6, 1260, -4185, 4158, 6612, -78576, 36509, 5621, 31755
10321.3, 1192, -4185, 4158, 6612, -78576, 36509, 5621, 31763
10325.6, 1157, -4453, 4575, 6198, -76734, 31216, 7109, 31763
10329.3, 1179, -4453, 4575, 6198, -76734, 31216, 7109, 31802
10331.6, 29, -4453, 4575, 6198, -76734, 31216, 7109, 31802
10335.9, 1155, -4756, 4137, 6273, -75246, 23244, -5035, 31802
10339.6, 1279, -4756, 4137, 6273, -75246, 23244, -5035, 31840
10341.9, 34, -4756, 4137, 6273, -75246, 23244, -5035, 31840
10347.6, 1295, -4709, 4713, 5611, -71309, 26972, -20527, 31917
10351.3, 1119, -4709, 4713, 5611, -71309, 26972, -20527, 31962
10355.6, 1134, -5081, 4150, 6357, -77574, 34466, -30376, 31962
10359.3, 1199, -5081, 4150, 6357, -77574, 34466, -30376, 32008
10361.6, 30, -5081, 4150, 6357, -77574, 34466, -30376, 32008
10365.8, 1141, -4998, 3900, 6806, -82001, 32629, -33486, 32008
10369.5, 1189, -4998, 3900, 6806, -82001, 32629, -33486, 32052
10373.8, 1080, -4954, 3549, 6458, -87567, 24758, -33451, 32052
10377.6, 1233, -4954, 3549, 6458, -87567, 24758, -33451, 32103
10381.3, 1258, -4954, 3549, 6458, -87567, 24758, -33451, 32123
10385.6, 1176, -4905, 3349, 6599, -90397, 19040, -32869, 32123
10389.3, 1211, -4905, 3349, 6599, -90397, 19040, -32869, 32163
10393.6, 1096, -4917, 3410, 6635, -95197, 15579, -32830, 32163
10397.3, 1275, -4917, 3410, 6635, -95197, 15579, -32830, 32199
10401.0, 1173, -4917, 3410, 6635, -95197, 15579, -32830, 32210
10405.3, 1046, -5389, 3144, 7134, -95284, 12985, -32865, 32210
10409.0, 1240, -5389, 3144, 7134, -95284, 12985, -32865, 32244
10413.3, 1184, -5675, 2700, 6799, -92335, 13510, -32200, 32244
10417.0, 1223, -5675, 2700, 6799, -92335, 13510, -32200, 32291
10420.8, 1205, -5675, 2700, 6799, -92335, 13510, -32200, 32312
10425.0, 1068, -5673, 1974, 6151, -99309, 16008, -34221, 32312
10428.8, 1195, -5673, 1974, 6151, -99309, 16008, -34221, 32347
10433.0, 1130, -5548, 1372, 6899, -99607, 14297, -40626, 32347
10436.7, 1153, -5548, 1372, 6899, -99607, 14297, -40626, 32398
10440.5, 1241, -5548, 1372, 6899, -99607, 14297, -40626, 32456
10444.7, 1057, -5443, 1777, 6786, -102009, 9528, -47871, 32456
10448.4, 1177, -5443, 1777, 6786, -102009, 9528, -47871, 32498
10454.2, 1137, -5319, 1747, 6798, -109144, 6391, -51870, 32552
10457.9, 1218, -5319, 1747, 6798, -109144, 6391, -51870, 32582
10463.6, 1298, -5611, 2184, 7080, -110374, 2502, -51503, 32616
10465.8, 34, -5611, 2184, 7080, -110374, 2502, -51503, 32616
10468.1, 3, -5611, 2184, 7080, -110374, 2502, -51503, 32616
10473.8, 1318, -5596, 1852, 6418, -115515, 345, -48414, 32655
10476.0, 35, -5596, 1852, 6418, -115515, 345, -48414, 32655
10478.3, 2, -5596, 1852, 6418, -115515, 345, -48414, 32655
10484.0, 1227, -5946, 1412, 7405, -110409, -1631, -48633, 32680
10486.3, 31, -5946, 1412, 7405, -110409, -1631, -48633, 32680
10490.5, 1109, -6242, 982, 6819, -109569, -905, -53970, 32680
10494.3, 1237, -6242, 982, 6819, -109569, -905, -53970, 32707
10496.6, 31, -6242, 982, 6819, -109569, -905, -53970, 32707
10500.8, 1162, -6320, 334, 6271, -111879, 4510, -60638, 32707
10504.5, 1232, -6320, 334, 6271, -111879, 4510, -60638, 32703
10506.8, 32, -6320, 334, 6271, -111879, 4510, -60638, 32703
10511.0, 1047, -5979, -391, 6694, -114648, 6125, -68439, 32703
10514.7, 1157, -5979, -391, 6694, -114648, 6125, -68439, 32742
10517.0, 28, -5979, -391, 6694, -114648, 6125, -68439, 32742
10522.7, 1233, -5486, -628, 7071, -117002, 3609, -76821, 32761
10526.4, 1311, -5486, -628, 7071, -117002, 3609, -76821, 32781
10530.7, 1097, -4966, 190, 7326, -122602, 2891, -81048, 32781
10534.5, 1177, -4966, 190, 7326, -122602, 2891, -81048, 32782
10538.7, 959, -4514, 501, 7469, -128014, 1054, -77784, 32782
10542.5, 1165, -4514, 501, 7469, -128014, 1054, -77784, 32818
10546.2, 1165, -4514, 501, 7469, -128014, 1054, -77784, 32832
10550.5, 1095, -5277, 557, 8041, -126693, -6842, -69397, 32832
10554.2, 1221, -5277, 557, 8041, -126693, -6842, -69397, 32860
10558.4, 916, -6489, 434, 6704, -126872, -12923, -60262, 32860
10562.1, 1212, -6489, 434, 6704, -126872, -12923, -60262, 32872
10565.9, 1194, -6489, 434, 6704, -126872, -12923, -60262, 32893
10570.1, 1027, -6854, -329, 6379, -119290, -8295, -55060, 32893
10573.8, 1197, -6854, -329, 6379, -119290, -8295, -55060, 32907
10578.1, 984, -6677, -1981, 6702, -118078, 468, -61268, 32907
10581.8, 1135, -6677, -1981, 6702, -118078, 468, -61268, 32927
10584.1, 30, -6677, -1981, 6702, -118078, 468, -61268, 32927
10589.9, 1165, -6096, -2151, 6777, -117142, 1894, -79355, 32939
10593.6, 1206, -6096, -2151, 6777, -117142, 1894, -79355, 32958
10597.8, 903, -5325, -2280, 7703, -118490, 1802, -94816, 32958
10601.6, 1127, -5325, -2280, 7703, -118490, 1802, -94816, 32966
10603.8, 32, -5325, -2280, 7703, -118490, 1802, -94816, 32966
10609.6, 1124, -4892, -1721, 8193, -121596, -1693, -99882, 32991
10613.3, 1261, -4892, -1721, 8193, -121596, -1693, -99882, 32998
10619.0, 1067, -5252, -1118, 7074, -126111, -9336, -91570, 33028
10622.7, 1157, -5252, -1118, 7074, -126111, -9336, -91570, 33023
10628.4, 1351, -5706, -1660, 8076, -125302, -16966, -77591, 33048
10632.2, 1064, -5706, -1660, 8076, -125302, -16966, -77591, 33049
10637.9, 1341, -5706, -2007, 7277, -120581, -21030, -68889, 33049
10641.6, 1205, -5706, -2007, 7277, -120581, -21030, -68889, 33064
10645.8, 1230, -6191, -2007, 7277, -121863, -12184, -67804, 33064
10649.6, 1216, -6191, -2007, 7277, -121863, -12184, -67804, 33066
10651.9, 41, -6191, -2007, 7277, -121863, -12184, -67804, 33066
10657.6, 1278, -6172, -3553, 7740, -116626, -1876, -74034, 33073
10661.3, 1104, -6172, -3553, 7740, -116626, -1876, -74034, 33058
10665.6, 935, -5893, -3553, 7740, -120358, 962, -84368, 33058
10669.3, 1220, -5893, -3553, 7740, -120358, 962, -84368, 33090
10671.6, 36, -5893, -3553, 7740, -120358, 962, -84368, 33090
10675.9, 1032, -5217, -3343, 7434, -122230, -161, -88953, 33090
10679.7, 1355, -5217, -3343, 7434, -122230, -161, -88953, 33096
10682.0, 184, -5217, -3343, 7434, -122230, -161, -88953, 33096
10687.7, 1378, -5465, -3234, 8523, -119942, -8308, -84001, 33086
10691.4, 1214, -5465, -3234, 8523, -119942, -8308, -84001, 33060
10695.7, 1038, -5924, -3566, 6561, -124182, -11173, -72271, 33060
10699.5, 1263, -5924, -3566, 6561, -124182, -11173, -72271, 33095
10703.7, 1227, -5924, -3566, 6561, -124182, -11173, -72271, 33095
10707.5, 1222, -5924, -3566, 6561, -124182, -11173, -72271, 33094
10711.2, 1342, -5924, -3566, 6561, -124182, -11173, -72271, 33091
10715.5, 1427, -6567, -4231, 7643, -118695, -17561, -66982, 33091
10719.3, 1256, -6567, -4231, 7643, -118695, -17561, -66982, 33101
10723.5, 978, -6567, -4231, 7643, -118695, -17561, -66982, 33101
10727.3, 1463, -6567, -4231, 7643, -118695, -17561, -66982, 33103
10731.0, 1266, -6567, -4231, 7643, -118695, -17561, -66982, 33112
10735.3, 898, -6260, -5136, 6300, -118735, 4445, -77346, 33112
10739.1, 1503, -6260, -5136, 6300, -118735, 4445, -77346, 33098
10743.3, 1142, -6260, -5136, 6300, -118735, 4445, -77346, 33098
10747.0, 1271, -6260, -5136, 6300, -118735, 4445, -77346, 33107
10750.8, 1242, -6260, -5136, 6300, -118735, 4445, -77346, 33111
10755.0, 996, -5658, -5219, 6945, -116932, -6825, -83686, 33111
10758.8, 1285, -5658, -5219, 6945, -116932, -6825, -83686, 33113
10763.0, 1142, -5658, -5219, 6945, -116932, -6825, -83686, 33113
10766.7, 1338, -5658, -5219, 6945, -116932, -6825, -83686, 33111
10770.5, 1458, -5658, -5219, 6945, -116932, -6825, -83686, 33115
10774.7, 1273, -5695, -5696, 7325, -111691, -23949, -72910, 33115
10778.4, 1233, -5695, -5696, 7325, -111691, -23949, -72910, 33115
10784.2, 1229, -5695, -5696, 5214, -110540, -27794, -72009, 33119
10787.9, 1605, -5695, -5696, 5214, -110540, -27794, -72009, 33105
10793.6, 1543, -5523, -5655, 5214, -110540, -27794, -72009, 33111
10795.8, 351, -5523, -5655, 5214, -110540, -27794, -72009, 33111
10798.2, 56, -5523, -5655, 5214, -110540, -27794, -72009, 33111
10803.9, 1286, -5344, -5915, 5137, -113554, -17745, -71580, 33113
10806.2, 36, -5344, -5915, 5137, -113554, -17745, -71580, 33113
10810.4, 1326, -5216, -5800, 8095, -105937, -11803, -72490, 33113
10814.1, 1510, -5216, -5800, 8095, -105937, -11803, -72490, 33120
10816.4, 630, -5216, -5800, 8095, -105937, -11803, -72490, 33120
10820.6, 1517, -5245, -5608, 5623, -112303, -9445, -69077, 33120
10824.3, 1441, -5245, -5608, 5623, -112303, -9445, -69077, 33104
10826.6, 141, -5245, -5608, 5623, -112303, -9445, -69077, 33104
10830.8, 1221, -5562, -6351, 6574, -108234, -4536, -61859, 33104
10834.5, 1390, -5562, -6351, 6574, -108234, -4536, -61859, 33094
10836.8, 140, -5562, -6351, 6574, -108234, -4536, -61859, 33094
10841.0, 1225, -5695, -6925, 7569, -99537, -11445, -59391, 33094
10844.8, 1463, -5695, -6925, 7569, -99537, -11445, -59391, 33095
10849.1, 1320, -5274, -7880, 4041, -100035, -14835, -62817, 33095
10852.8, 1487, -5274, -7880, 4041, -100035, -14835, -62817, 33089
10856.6, 1472, -5274, -7880, 4041, -100035, -14835, -62817, 33089
10860.8, 1197, -4670, -8231, 5350, -95612, -12705, -69637, 33089
10864.5, 1466, -4670, -8231, 5350, -95612, -12705, -69637, 33086
10868.7, 924, -4240, -7780, 6477, -96566, -17005, -75163, 33086
10872.5, 1565, -4240, -7780, 6477, -96566, -17005, -75163, 33067
10876.3, 1640, -4240, -7780, 6477, -96566, -17005, -75163, 33062
10880.5, 1201, -4090, -7269, 6431, -99790, -20484, -70976, 33062
10884.3, 1420, -4090, -7269, 6431, -99790, -20484, -70976, 33046
10888.5, 1524, -4256, -6912, 7217, -100416, -22133, -57440, 33046
10892.3, 1595, -4256, -6912, 7217, -100416, -22133, -57440, 33037
10896.0, 1523, -4256, -6912, 7217, -100416, -22133, -57440, 33042
10900.3, 1230, -4474, -7141, 7161, -100727, -24338, -44455, 33042
10904.1, 1433, -4474, -7141, 7161, -100727, -24338, -44455, 33033
10908.3, 1231, -5095, -7471, 5962, -97432, -28192, -40552, 33033
10912.0, 1430, -5095, -7471, 5962, -97432, -28192, -40552, 33049
10915.8, 1231, -5095, -7471, 5962, -97432, -28192, -40552, 33026
10920.1, 1198, -4936, -8062, 3641, -94851, -28507, -45426, 33026
10923.9, 1661, -4936, -8062, 3641, -94851, -28507, -45426, 33024
10928.1, 1468, -4567, -8533, 4243, -88280, -22890, -54460, 33024
10931.8, 1389, -4567, -8533, 4243, -88280, -22890, -54460, 33002
10935.6, 1361, -4567, -8533, 4243, -88280, -22890, -54460, 33034
10939.8, 1431, -4104, -8487, 4386, -86061, -16095, -61758, 33034
10943.6, 1445, -4104, -8487, 4386, -86061, -16095, -61758, 33018
10947.8, 1345, -3741, -8387, 5217, -87186, -11462, -61360, 33018
10951.9, 1214, -3741, -8387, 5217, -87186, -11462, -61360, 33025
10957.6, 1697, -3548, -8170, 6144, -87960, -13037, -53769, 33098
10961.4, 1351, -3548, -8170, 6144, -87960, -13037, -53769, 33039
10965.6, 1017, -3836, -8217, 6464, -87794, -18274, -43597, 33039
10969.4, 1620, -3836, -8217, 6464, -87794, -18274, -43597, 33013
10971.7, 428, -3836, -8217, 6464, -87794, -18274, -43597, 33013
10975.9, 1335, -4149, -8095, 5698, -87908, -23971, -36479, 33013
10979.7, 1522, -4149, -8095, 5698, -87908, -23971, -36479, 33005
10982.0, 264, -4149, -8095, 5698, -87908, -23971, -36479, 33005
10987.7, 1598, -4182, -8081, 5187, -86945, -31019, -36374, 32989
10991.4, 1430, -4182, -8081, 5187, -86945, -31019, -36374, 32995
10995.6, 1296, -4036, -8100, 4297, -82006, -37406, -40530, 32995
10999.4, 1485, -4036, -8100, 4297, -82006, -37406, -40530, 32995
11001.6, 338, -4036, -8100, 4297, -82006, -37406, -40530, 32995
11005.9, 1340, -3815, -8331, 3067, -79350, -34856, -43221, 32995
11009.7, 1470, -3815, -8331, 3067, -79350, -34856, -43221, 32977
11013.9, 1481, -3442, -8647, 3395, -79328, -26827, -42827, 32977
11017.6, 1514, -3442, -8647, 3395, -79328, -26827, -42827, 33016
11021.4, 1423, -3442, -8647, 3395, -79328, -26827, -42827, 32978
11025.6, 1275, -3068, -8761, 4245, -79591, -22242, -40758, 32978
11029.4, 1583, -3068, -8761, 4245, -79591, -22242, -40758, 32972
11033.6, 1394, -3209, -8574, 4317, -81105, -20015, -36282, 32972
11037.3, 1364, -3209, -8574, 4317, -81105, -20015, -36282, 32972
11041.1, 1673, -3209, -8574, 4317, -81105, -20015, -36282, 32983
11045.3, 1357, -3144, -8631, 4729, -83655, -14468, -29234, 32983
11049.0, 1638, -3144, -8631, 4729, -83655, -14468, -29234, 32972
11053.2, 1094, -3744, -9278, 5189, -79407, -11913, -24461, 32972
11057.0, 1415, -3744, -9278, 5189, -79407, -11913, -24461, 32967
11060.7, 1432, -3744, -9278, 5189, -79407, -11913, -24461, 32961
11065.0, 1401, -4037, -9059, 3784, -80400, -18913, -26237, 32961
11068.7, 1474, -4037, -9059, 3784, -80400, -18913, -26237, 32933
11072.9, 1210, -4181, -9421, 3180, -76874, -24325, -30559, 32933
11076.6, 1353, -4181, -9421, 3180, -76874, -24325, -30559, 32963
11078.9, 148, -4181, -9421, 3180, -76874, -24325, -30559, 32963
11084.6, 1595, -3948, -9239, 2310, -72013, -24084, -35403, 32956
11088.3, 1550, -3948, -9239, 2310, -72013, -24084, -35403, 32951
11094.0, 1407, -3543, -9765, 2024, -69743, -16944, -39585, 32951
11097.8, 1478, -3543, -9765, 2024, -69743, -16944, -39585, 32927
11103.5, 1172, -3154, -9567, 3211, -67953, -11309, -41475, 32940
11107.2, 1533, -3154, -9567, 3211, -67953, -11309, -41475, 32949
11112.9, 1370, -2832, -9154, 3086, -69799, -7691, -38277, 32936
11116.7, 1268, -2832, -9154, 3086, -69799, -7691, -38277, 33049
11120.9, 1395, -2689, -9229, 4170, -70508, -6168, -31246, 33049
11124.6, 1710, -2689, -9229, 4170, -70508, -6168, -31246, 32937
11126.9, 655, -2689, -9229, 4170, -70508, -6168, -31246, 32937
11132.6, 1261, -2606, -9345, 5302, -68461, -10758, -25493, 32928
11136.3, 1378, -2606, -9345, 5302, -68461, -10758, -25493, 32922
11140.6, 1496, -2706, -9108, 4034, -70705, -18195, -23642, 32922
11144.4, 1467, -2706, -9108, 4034, -70705, -18195, -23642, 32968
11146.6, 266, -2706, -9108, 4034, -70705, -18195, -23642, 32968
11150.9, 1298, -2792, -9172, 2865, -71449, -22190, -23839, 32968
11154.6, 1449, -2792, -9172, 2865, -71449, -22190, -23839, 32923
11156.9, 304, -2792, -9172, 2865, -71449, -22190, -23839, 32923
11162.6, 1543, -2868, -9303, 2394, -68981, -24706, -24062, 32920
11166.3, 1444, -2868, -9303, 2394, -68981, -24706, -24062, 32924
11170.6, 1358, -2906, -9384, 1636, -67240, -24622, -22435, 32924
11174.4, 1367, -2906, -9384, 1636, -67240, -24622, -22435, 32881
11176.7, 146, -2906, -9384, 1636, -67240, -24622, -22435, 32881
11180.9, 1395, -2970, -9347, 1798, -65901, -20033, -17942, 32881
11184.6, 1620, -2970, -9347, 1798, -65901, -20033, -17942, 32851
11188.8, 1342, -2970, -9410, 2392, -67148, -16025, -11703, 32851
11192.6, 1379, -2970, -9410, 2392, -67148, -16025, -11703, 32914
11196.4, 1452, -2970, -9410, 2392, -67148, -16025, -11703, 32954
11200.6, 1583, -2452, -9813, 2893, -68815, -15417, -8754, 32954
11204.4, 1534, -2452, -9813, 2893, -68815, -15417, -8754, 32866
11208.6, 1414, -2178, -9966, 2962, -65433, -14345, -13641, 32866
11212.3, 1491, -2178, -9966, 2962, -65433, -14345, -13641, 32914
11216.1, 1537, -2178, -9966, 2962, -65433, -14345, -13641, 32932
11220.3, 1343, -2170, -9829, 2282, -63679, -8824, -20825, 32932
11224.1, 1370, -2170, -9829, 2282, -63679, -8824, -20825, 32874
11228.3, 1369, -2208, -9619, 2118, -63701, -5088, -26027, 32874
11232.0, 1391, -2208, -9619, 2118, -63701, -5088, -26027, 32884
11235.7, 1457, -2208, -9619, 2118, -63701, -5088, -26027, 32898
11240.0, 1532, -2240, -9455, 2687, -61863, -9743, -26893, 32898
11243.7, 1507, -2240, -9455, 2687, -61863, -9743, -26893, 32901
11247.9, 1127, -2243, -9574, 2216, -60949, -16423, -23971, 32901
11251.7, 1425, -2243, -9574, 2216, -60949, -16423, -23971, 32983
11254.0, 304, -2243, -9574, 2216, -60949, -16423, -23971, 32983
11259.8, 1567, -2230, -9765, 1766, -59645, -16585, -19014, 32900
11263.5, 1402, -2230, -9765, 1766, -59645, -16585, -19014, 32903
11267.7, 1109, -2217, -9982, 1641, -58765, -13186, -15365, 32903
11271.5, 1465, -2217, -9982, 1641, -58765, -13186, -15365, 32903
11273.8, 448, -2217, -9982, 1641, -58765, -13186, -15365, 32903
11279.5, 1608, -2181, -10167, 1813, -55694, -11410, -15960, 32899
11281.8, 336, -2181, -10167, 1813, -55694, -11410, -15960, 32899
11287.5, 1592, -2181, -10167, 1813, -55694, -9485, -18103, 32896
11291.2, 1453, -2181, -10167, 1813, -55694, -9485, -18103, 32848
11295.5, 1393, -2157, -9981, 1321, -53769, -9485, -18103, 32848
11299.2, 1440, -2157, -9981, 1321, -53769, -9485, -18103, 32899
11301.5, 169, -2157, -9981, 1321, -53769, -9485, -18103, 32899
11305.7, 1611, -2200, -9783, 956, -52920, -5355, -17299, 32899
11309.4, 1548, -2200, -9783, 956, -52920, -5355, -17299, 32898
11311.7, 348, -2200, -9783, 956, -52920, -5355, -17299, 32898
11316.0, 1350, -2237, -9792, 1791, -50295, -2086, -15973, 32898
11319.7, 1430, -2237, -9792, 1791, -50295, -2086, -15973, 32893
11322.0, 333, -2237, -9792, 1791, -50295, -2086, -15973, 32893
11327.8, 1574, -2190, -9731, 2050, -48064, -2633, -15413, 32887
11331.5, 1461, -2190, -9731, 2050, -48064, -2633, -15413, 32877
11335.7, 1532, -2251, -9943, 2050, -45999, -5748, -15938, 32877
11339.4, 1426, -2251, -9943, 2050, -45999, -5748, -15938, 32873
11343.6, 1315, -2123, -9857, 2069, -45999, -5748, -15938, 32873
11347.4, 1415, -2123, -9857, 2069, -45999, -5748, -15938, 32866
11351.1, 1514, -2123, -9857, 2069, -45999, -5748, -15938, 32864
11355.4, 1490, -1950, -9718, 1692, -45942, -13825, -16874, 32864
11359.1, 1500, -1950, -9718, 1692, -45942, -13825, -16874, 32847
11363.3, 1337, -1965, -9683, 1666, -45942, -13825, -16874, 32847
11367.0, 1415, -1965, -9683, 1666, -45942, -13825, -16874, 32894
11370.8, 1449, -1965, -9683, 1666, -45942, -13825, -16874, 32848
11375.0, 1338, -2159, -9769, 1472, -46253, -12762, -8658, 32848
11378.7, 1522, -2159, -9769, 1472, -46253, -12762, -8658, 32837
11382.9, 1332, -2209, -9806, 1156, -46253, -12762, -8658, 32837
11386.7, 1395, -2209, -9806, 1156, -46253, -12762, -8658, 32838
11389.0, 198, -2209, -9806, 1156, -46253, -12762, -8658, 32838
11394.7, 1473, -2415, -9967, 1290, -40049, -10662, -9078, 32827
11398.5, 1414, -2415, -9967, 1290, -40049, -10662, -9078, 32815
11402.7, 1409, -2404, -10185, 1679, -40049, -10662, -9078, 32815
11406.4, 1494, -2404, -10185, 1679, -40049, -10662, -9078, 32819
11408.7, 284, -2404, -10185, 1679, -40049, -10662, -9078, 32819
11414.5, 1252, -2194, -10278, 1469, -31041, -16984, -15465, 32846
11418.3, 1271, -2194, -10278, 1469, -31041, -16984, -15465, 32869
11424.0, 1464, -1911, -10223, 1228, -31041, -16984, -14494, 32882
11427.7, 1486, -1911, -10223, 1228, -31041, -16984, -14494, 32889
11433.5, 1435, -1724, -10122, 1089, -26381, -21774, -14494, 32884
11435.7, 131, -1724, -10122, 1089, -26381, -21774, -14494, 32884
11438.0, 127, -1724, -10122, 1089, -26381, -21774, -14494, 32884
11443.7, 1422, -1692, -10183, 306, -20860, -23515, -11169, 32777
11445.9, 63, -1692, -10183, 306, -20860, -23515, -11169, 32777
11448.2, 59, -1692, -10183, 306, -20860, -23515, -11169, 32777
11453.9, 1526, -1594, -10162, -125, -16459, -20991, -8321, 32917
11456.2, 230, -1594, -10162, -125, -16459, -20991, -8321, 32917
11460.4, 1379, -1597, -10137, -55, -12670, -16874, -7210, 32917
11464.2, 1354, -1597, -10137, -55, -12670, -16874, -7210, 32875
11466.5, 219, -1597, -10137, -55, -12670, -16874, -7210, 32875
11470.7, 1367, -1755, -10255, 84, -8846, -14030, -6816, 32875
11474.4, 1378, -1755, -10255, 84, -8846, -14030, -6816, 32931
11476.7, 153, -1755, -10255, 84, -8846, -14030, -6816, 32931
11480.9, 1355, -1804, -10434, 306, -5416, -11882, -5254, 32931
11484.6, 1426, -1804, -10434, 306, -5416, -11882, -5254, 32913
11486.9, 187, -1804, -10434, 306, -5416, -11882, -5254, 32913
11492.6, 1589, -1852, -10511, 253, -2485, -10312, -3268, 32930
11496.3, 1378, -1852, -10511, 253, -2485, -10312, -3268, 32942
11500.6, 1572, -1868, -10493, 37, 1557, -11528, -2598, 32942
11504.4, 1450, -1868, -10493, 37, 1557, -11528, -2598, 32948
11508.6, 1379, -1807, -10378, 66, 6628, -13847, -2279, 32948
11512.3, 1279, -1807, -10378, 66, 6628, -13847, -2279, 32943
11516.1, 1280, -1807, -10378, 66, 6628, -13847, -2279, 32940
11520.4, 1377, -1718, -10545, 288, 10377, -13711, -1347, 32940
11524.1, 1538, -1718, -10545, 288, 10377, -13711, -1347, 32959
11528.3, 1198, -1591, -10698, 1, 15264, -11528, -139, 32959
11532.0, 1278, -1591, -10698, 1, 15264, -11528, -139, 32956
11535.7, 1690, -1591, -10698, 1, 15264, -11528, -139, 32966
11540.0, 1623, -1596, -10468, -267, 18629, -7533, 1907, 32966
11543.7, 1349, -1596, -10468, -267, 18629, -7533, 1907, 32960
11547.9, 1170, -1593, -10245, 52, 22540, -5236, 3823, 32960
11551.7, 1349, -1593, -10245, 52, 22540, -5236, 3823, 32959
11554.0, 133, -1593, -10245, 52, 22540, -5236, 3823, 32959
11559.8, 1609, -1707, -10305, 550, 27094, -5827, 5473, 32957
11563.5, 1401, -1707, -10305, 550, 27094, -5827, 5473, 32955
11567.7, 1166, -1715, -10552, 325, 30887, -2008, 7756, 32955
11571.5, 1221, -1715, -10552, 325, 30887, -2008, 7756, 32959
11573.8, 99, -1715, -10552, 325, 30887, -2008, 7756, 32959
11579.6, 1481, -1724, -10496, -89, 32537, 5709, 9717, 32920
11583.3, 1406, -1724, -10496, -89, 32537, 5709, 9717, 32944
11589.0, 1354, -2040, -10336, 455, 36719, 10294, 10850, 32925
11592.8, 1585, -2040, -10336, 455, 36719, 10294, 10850, 32931
11598.5, 1602, -2296, -10207, 1024, 39646, 12215, 12241, 32896
11600.7, 253, -2296, -10207, 1024, 39646, 12215, 12241, 32896
11603.0, 40, -2296, -10207, 1024, 39646, 12215, 12241, 32896
11608.7, 1307, -2274, -10238, 1451, 40058, 14113, 12976, 32924
11610.9, 39, -2274, -10238, 1451, 40058, 14113, 12976, 32924
11613.2, 34, -2274, -10238, 1451, 40058, 14113, 12976, 32924
11618.9, 1694, -2241, -10153, 1888, 41147, 14140, 12342, 32931
11621.2, 217, -2241, -10153, 1888, 41147, 14140, 12342, 32931
11625.4, 1536, -2237, -10031, 1565, 43632, 11812, 11690, 32931
11629.2, 1295, -2237, -10031, 1565, 43632, 11812, 11690, 32934
11631.5, 40, -2237, -10031, 1565, 43632, 11812, 11690, 32934
11635.7, 1351, -2349, -10010, 1151, 45754, 13011, 13177, 32934
11639.4, 1606, -2349, -10010, 1151, 45754, 13011, 13177, 32954
11641.7, 112, -2349, -10010, 1151, 45754, 13011, 13177, 32954
11645.9, 1136, -2478, -10335, 1421, 51848, 18515, 15618, 32954
11649.6, 1663, -2478, -10335, 1421, 51848, 18515, 15618, 32910
11651.9, 758, -2478, -10335, 1421, 51848, 18515, 15618, 32910
11657.6, 1431, -2362, -10165, 889, 56302, 25419, 18082, 32911
11661.3, 1629, -2362, -10165, 889, 56302, 25419, 18082, 32914
11665.6, 1555, -2449, -9866, 775, 61285, 31141, 20055, 32914
11669.4, 1789, -2449, -9866, 775, 61285, 31141, 20055, 32925
11673.6, 1213, -2552, -9841, 1193, 65582, 33075, 20628, 32925
11677.3, 1035, -2552, -9841, 1193, 65582, 33075, 20628, 32913
11681.1, 1469, -2552, -9841, 1193, 65582, 33075, 20628, 32931
11685.3, 1741, -2728, -9863, 1753, 68679, 36243, 21494, 32931
11689.1, 1603, -2728, -9863, 1753, 68679, 36243, 21494, 32953
11693.3, 1131, -2943, -10129, 2402, 69266, 41904, 23695, 32953
11697.0, 1260, -2943, -10129, 2402, 69266, 41904, 23695, 32915
11700.7, 1591, -2943, -10129, 2402, 69266, 41904, 23695, 32951
11705.0, 1110, -2804, -10284, 2652, 70281, 42363, 24185, 32951
11708.7, 1462, -2804, -10284, 2652, 70281, 42363, 24185, 32908
11712.9, 1370, -2702, -10119, 3226, 75010, 33775, 23074, 32908
11716.7, 1430, -2702, -10119, 3226, 75010, 33775, 23074, 32892
11719.0, 318, -2702, -10119, 3226, 75010, 33775, 23074, 32892
11724.7, 1255, -2685, -9952, 3619, 80763, 23419, 23524, 32908
11728.5, 1191, -2685, -9952, 3619, 80763, 23419, 23524, 32948
11732.7, 1497, -2617, -10000, 3113, 83445, 19972, 26482, 32948
11736.5, 1573, -2617, -10000, 3113, 83445, 19972, 26482, 32909
11738.8, 94, -2617, -10000, 3113, 83445, 19972, 26482, 32909
11744.5, 1278, -2713, -10319, 2598, 86587, 21936, 29619, 32888
11748.3, 1296, -2713, -10319, 2598, 86587, 21936, 29619, 32928
11754.0, 1421, -2700, -10331, 2475, 89518, 23949, 30958, 32927
11757.7, 1852, -2700, -10331, 2475, 89518, 23949, 30958, 32940
11763.5, 1194, -2669, -10271, 2830, 93259, 24535, 30152, 32941
11765.7, 36, -2669, -10271, 2830, 93259, 24535, 30152, 32941
11768.0, 155, -2669, -10271, 2830, 93259, 24535, 30152, 32941
11773.7, 1522, -2709, -10134, 3101, 96404, 25668, 30144, 32946
11775.9, 279, -2709, -10134, 3101, 96404, 25668, 30144, 32946
11780.2, 1364, -2864, -10387, 3579, 103295, 27488, 32344, 32946
11784.0, 1217, -2864, -10387, 3579, 103295, 27488, 32344, 32898
11786.2, 38, -2864, -10387, 3579, 103295, 27488, 32344, 32898
11790.5, 1056, -2691, -10310, 3039, 107145, 27737, 35674, 32898
11794.2, 1248, -2691, -10310, 3039, 107145, 27737, 35674, 32949
11796.5, 553, -2691, -10310, 3039, 107145, 27737, 35674, 32949
11800.7, 1782, -2678, -10453, 3223, 116490, 25095, 37266, 32949
11804.4, 1342, -2678, -10453, 3223, 116490, 25095, 37266, 32964
11806.7, 130, -2678, -10453, 3223, 116490, 25095, 37266, 32964
11810.9, 1415, -2734, -10227, 4022, 122217, 22658, 38631, 32964
11814.6, 1243, -2734, -10227, 4022, 122217, 22658, 38631, 32966
11816.9, 40, -2734, -10227, 4022, 122217, 22658, 38631, 32966
11822.6, 1793, -2725, -10230, 4378, 121854, 23743, 42066, 32981
11826.3, 1647, -2725, -10230, 4378, 121854, 23743, 42066, 32992
11830.6, 966, -2943, -10087, 4920, 127485, 21380, 45124, 32992
11834.4, 1340, -2943, -10087, 4920, 127485, 21380, 45124, 32994
11838.6, 1487, -2943, -10087, 4920, 131177, 14739, 46725, 32994
11842.3, 1579, -2943, -10087, 4920, 131177, 14739, 46725, 32989
11846.1, 1622, -2943, -10087, 4920, 131177, 14739, 46725, 33018
11850.4, 1406, -3199, -9494, 5005, 134021, 9030, 48195, 33018
11854.1, 1477, -3199, -9494, 5005, 134021, 9030, 48195, 33010
11858.3, 1565, -3199, -9494, 5005, 137057, 6352, 50488, 33010
11862.0, 1432, -3199, -9494, 5005, 137057, 6352, 50488, 33012
11865.8, 914, -3199, -9494, 5005, 137057, 6352, 50488, 33024
11870.0, 1215, -3193, -9140, 5232, 138720, 4108, 52325, 33024
11873.7, 2026, -3193, -9140, 5232, 138720, 4108, 52325, 33029
11877.9, 1665, -3193, -9140, 5232, 142255, 3556, 54592, 33029
11881.6, 1109, -3193, -9140, 5232, 142255, 3556, 54592, 33026
11883.9, 39, -3193, -9140, 5232, 142255, 3556, 54592, 33026
11889.7, 1541, -3568, -8518, 5794, 143165, 5455, 57904, 33029
11893.4, 1421, -3568, -8518, 5794, 143165, 5455, 57904, 33030
11899.1, 1452, -3793, -8621, 5422, 143292, 7157, 62125, 33054
11902.8, 1651, -3793, -8621, 5422, 143292, 7157, 62125, 33026
11908.5, 1084, -4106, -8541, 5905, 143344, 7993, 65127, 33035
11912.3, 1246, -4106, -8541, 5905, 143344, 7993, 65127, 33049
11918.0, 1736, -4106, -8541, 5905, 143344, 7993, 65127, 33034
11921.7, 1200, -4106, -8541, 5905, 143344, 7993, 65127, 33006
11927.4, 1811, -4204, -8452, 6586, 143344, 4501, 66142, 33036
11931.1, 1317, -4204, -8452, 6586, 143344, 4501, 66142, 33074
11933.4, 48, -4204, -8452, 6586, 143344, 4501, 66142, 33074
11939.2, 1288, -4444, -7743, 5879, 143344, 1054, 69598, 33043
11941.4, 53, -4444, -7743, 5879, 143344, 1054, 69598, 33043
11945.6, 1321, -4444, -7743, 5879, 143344, 1054, 69598, 33043
11949.3, 1261, -4444, -7743, 5879, 143344, 1054, 69598, 33076
11951.6, 119, -4444, -7743, 5879, 143344, 1054, 69598, 33076
11955.8, 1639, -4387, -7311, 6090, 143344, -336, 70237, 33076
11959.5, 1727, -4387, -7311, 6090, 143344, -336, 70237, 33037
11961.8, 570, -4387, -7311, 6090, 143344, -336, 70237, 33037
11966.0, 1483, -4561, -6812, 6068, 143344, 1054, 71698, 33037
11969.8, 1299, -4561, -6812, 6068, 143344, 1054, 71698, 33096
11972.0, 46, -4561, -6812, 6068, 143344, 1054, 71698, 33096
11977.8, 1680, -4790, -6464, 6661, 143344, 7883, 71650, 33059
11981.5, 1248, -4790, -6464, 6661, 143344, 7883, 71650, 33086
11985.8, 588, -4889, -6464, 7421, 143344, 7883, 71331, 33086
11989.5, 1940, -4889, -6464, 7421, 143344, 7883, 71331, 33076
11993.7, 1978, -4977, -5958, 6227, 143344, 5306, 71331, 33076
11997.5, 1467, -4977, -5958, 6227, 143344, 5306, 71331, 33073
12001.2, 1191, -4977, -5958, 6227, 143344, 5306, 71331, 33071
12005.5, 1396, -4965, -5926, 6790, 143344, 3797, 71440, 33071
12009.3, 1084, -4965, -5926, 6790, 143344, 3797, 71440, 33083
12013.5, 1538, -4873, -5474, 7563, 143344, 398, 71440, 33083
12017.3, 1347, -4873, -5474, 7563, 143344, 398, 71440, 33068
12021.0, 1111, -4873, -5474, 7563, 143344, 398, 71440, 33069
12025.3, 1589, -5038, -5376, 7121, 143344, 988, 73890, 33069
12029.1, 1781, -5038, -5376, 7121, 143344, 988, 73890, 33066
12033.3, 1468, -5246, -4955, 7208, 143344, 2839, 73890, 33066
12037.0, 1212, -5246, -4955, 7208, 143344, 2839, 73890, 33081
12040.8, 1242, -5246, -4955, 7208, 143344, 2839, 73890, 33081
12045.1, 1368, -5277, -4878, 6447, 143344, 10622, 74393, 33081
12048.9, 1136, -5277, -4878, 6447, 143344, 10622, 74393, 33088
12053.1, 1540, -5245, -4664, 6989, 143344, 10622, 74393, 33088
12056.8, 1483, -5245, -4664, 6989, 143344, 10622, 74393, 33075
12060.6, 1236, -5245, -4664, 6989, 143344, 10622, 74393, 33106
12064.8, 1131, -5335, -4636, 6427, 143344, 15588, 66260, 33106
12068.6, 1336, -5335, -4636, 6427, 143344, 15588, 66260, 33073
12072.8, 1160, -5221, -4121, 7445, 143344, 15588, 66260, 33073
12076.5, 1619, -5221, -4121, 7445, 143344, 15588, 66260, 33062
12078.8, 1087, -5221, -4121, 7445, 143344, 15588, 66260, 33062
12084.6, 1401, -5191, -3620, 7520, 143344, 15693, 65118, 33083
12086.8, 287, -5191, -3620, 7520, 143344, 15693, 65118, 33083
12092.6, 1777, -5262, -3464, 7911, 143344, 17447, 66312, 33075
12096.3, 1264, -5262, -3464, 7911, 143344, 17447, 66312, 33079
12100.5, 1162, -5086, -2534, 8415, 143344, 16402, 68867, 33079
12104.3, 1093, -5086, -2534, 8415, 143344, 16402, 68867, 33034
12106.6, 29, -5086, -2534, 8415, 143344, 16402, 68867, 33034
12110.8, 1159, -5565, -2647, 7004, 143344, 14166, 70670, 33034
12114.6, 1513, -5565, -2647, 7004, 143344, 14166, 70670, 33076
12116.8, 334, -5565, -2647, 7004, 143344, 14166, 70670, 33076
12122.6, 1408, -5756, -2475, 6836, 143344, 10968, 69773, 33067
12126.3, 1407, -5756, -2475, 6836, 143344, 10968, 69773, 33064
12130.6, 1623, -5259, -2542, 7704, 143344, 13173, 64646, 33064
12134.4, 1252, -5259, -2542, 7704, 143344, 13173, 64646, 33060
12136.6, 37, -5259, -2542, 7704, 143344, 13173, 64646, 33060
12140.9, 1598, -4929, -2306, 8129, 143344, 20435, 56779, 33060
12144.6, 1616, -4929, -2306, 8129, 143344, 20435, 56779, 33051
12148.9, 988, -4897, -1642, 7535, 143344, 22557, 53021, 33051
12152.6, 1192, -4897, -1642, 7535, 143344, 22557, 53021, 33067
12156.3, 1716, -4897, -1642, 7535, 143344, 22557, 53021, 33070
12160.6, 1810, -4833, -1335, 7631, 143344, 16739, 57969, 33070
12164.4, 1054, -4833, -1335, 7631, 143344, 16739, 57969, 33065
12168.6, 1375, -5377, -701, 6811, 143344, 15715, 65591, 33065
12172.3, 1674, -5377, -701, 6811, 143344, 15715, 65591, 33079
12176.1, 1313, -5377, -701, 6811, 143344, 15715, 65591, 33045
12180.3, 1118, -5477, -1366, 6704, 143344, 21796, 68732, 33045
12184.1, 1131, -5477, -1366, 6704, 143344, 21796, 68732, 33051
12188.3, 1721, -5845, -937, 7875, 143344, 27716, 66667, 33051
12192.0, 1667, -5845, -937, 7875, 143344, 27716, 66667, 33024
12195.7, 1157, -5845, -937, 7875, 143344, 27716, 66667, 33031
12200.0, 1090, -5826, -753, 6189, 143344, 27068, 59487, 33031
12203.7, 1391, -5826, -753, 6189, 143344, 27068, 59487, 33025
12207.9, 1143, -6090, 164, 8178, 143344, 25051, 53095, 33025
12211.7, 1164, -6090, 164, 8178, 143344, 25051, 53095, 33051
12214.0, 232, -6090, 164, 8178, 143344, 25051, 53095, 33051
12219.8, 1124, -5657, 619, 7122, 143344, 16148, 47802, 33012
12223.5, 1486, -5657, 619, 7122, 143344, 16148, 47802, 33014
12227.7, 1267, -5749, 1073, 7850, 143344, 10885, 45811, 33014
12231.5, 1154, -5749, 1073, 7850, 143344, 10885, 45811, 32996
12233.8, 32, -5749, 1073, 7850, 143344, 10885, 45811, 32996
12239.6, 1169, -5196, 1435, 7043, 143344, 8325, 47640, 32980
12243.3, 1288, -5196, 1435, 7043, 143344, 8325, 47640, 32971
12249.0, 1268, -4656, 1256, 6672, 143344, 10942, 48733, 32981
12251.3, 205, -4656, 1256, 6672, 143344, 10942, 48733, 32981
12253.5, 312, -4656, 1256, 6672, 143344, 10942, 48733, 32981
12259.3, 1345, -4309, 1532, 6342, 142338, 16843, 48904, 32962
12261.5, 41, -4309, 1532, 6342, 142338, 16843, 48904, 32962
12265.7, 1067, -4604, 1813, 7342, 142994, 20860, 48554, 32962
12269.4, 1493, -4604, 1813, 7342, 142994, 20860, 48554, 32946
12271.7, 143, -4604, 1813, 7342, 142994, 20860, 48554, 32946
12275.9, 1147, -5057, 1931, 7653, 140693, 24106, 49744, 32946
12279.6, 1142, -5057, 1931, 7653, 140693, 24106, 49744, 32950
12281.9, 29, -5057, 1931, 7653, 140693, 24106, 49744, 32950
12287.6, 1580, -5513, 1951, 8077, 140864, 24386, 50829, 32955
12291.3, 1354, -5513, 1951, 8077, 140864, 24386, 50829, 32942
12295.6, 1245, -5993, 1916, 6867, 134415, 25532, 49853, 32942
12299.4, 1188, -5993, 1916, 6867, 134415, 25532, 49853, 33073
12301.7, 30, -5993, 1916, 6867, 134415, 25532, 49853, 33073
12305.9, 1146, -5388, 1750, 6321, 126614, 24001, 48593, 33073
12309.6, 1322, -5388, 1750, 6321, 126614, 24001, 48593, 32941
12313.8, 1153, -4605, 2283, 7004, 124934, 12180, 46480, 32941
12317.6, 956, -4605, 2283, 7004, 124934, 12180, 46480, 32930
12321.3, 2046, -4605, 2283, 7004, 124934, 12180, 46480, 32926
12325.6, 1298, -4363, 2764, 6969, 124177, 3902, 48270, 32926
12329.4, 1245, -4363, 2764, 6969, 124177, 3902, 48270, 32915
12333.6, 1000, -5292, 3133, 7039, 127747, 7905, 55252, 32915
12337.3, 1103, -5292, 3133, 7039, 127747, 7905, 55252, 32909
12341.4, 1143, -5292, 3133, 7039, 127747, 7905, 55252, 32902
12345.7, 1399, -5371, 2939, 6077, 120751, 21118, 59409, 32902
12349.5, 1351, -5371, 2939, 6077, 120751, 21118, 59409, 32888
12353.7, 954, -4904, 2146, 6972, 111559, 23599, 49692, 32888
12357.5, 1207, -4904, 2146, 6972, 111559, 23599, 49692, 32893
12361.3, 1145, -4904, 2146, 6972, 111559, 23599, 49692, 32877
12365.5, 1142, -4786, 3136, 7621, 117514, 16087, 37314, 32877
12369.3, 1466, -4786, 3136, 7621, 117514, 16087, 37314, 32862
12373.5, 1198, -5145, 3824, 6363, 108698, 14363, 37258, 32862
12377.3, 1131, -5145, 3824, 6363, 108698, 14363, 37258, 32855
12381.0, 1214, -5145, 3824, 6363, 108698, 14363, 37258, 32855
12385.2, 1247, -5093, 3021, 7077, 100368, 12105, 43846, 32855
12389.0, 1265, -5093, 3021, 7077, 100368, 12105, 43846, 32844
12393.2, 1094, -4722, 3125, 6544, 103199, 5665, 42285, 32844
12396.9, 1227, -4722, 3125, 6544, 103199, 5665, 42285, 32851
12402.6, 1293, -3982, 3217, 5612, 95949, 5013, 33289, 32845
12406.3, 1168, -3982, 3217, 5612, 95949, 5013, 33289, 32841
12408.6, 32, -3982, 3217, 5612, 95949, 5013, 33289, 32841
12414.4, 1286, -3514, 4298, 5969, 92996, 17399, 29072, 32846
12416.6, 33, -3514, 4298, 5969, 92996, 17399, 29072, 32846
12420.9, 863, -4353, 7405, 5851, 95674, 15023, 24395, 32846
12424.6, 1189, -4353, 7405, 5851, 95674, 15023, 24395, 32844
12426.9, 31, -4353, 7405, 5851, 95674, 15023, 24395, 32844
12432.6, 1480, -5411, 6587, 5196, 108493, 2769, 19902, 32805
12436.3, 1053, -5411, 6587, 5196, 108493, 2769, 19902, 32830
12440.6, 913, -6544, 3464, 6973, 114521, 1128, 19455, 32830
12444.3, 1299, -6544, 3464, 6973, 114521, 1128, 19455, 32821
12446.6, 44, -6544, 3464, 6973, 114521, 1128, 19455, 32821
12450.8, 1198, -5949, 3553, 6764, 110776, -2126, 11510, 32821
12454.5, 1096, -5949, 3553, 6764, 110776, -2126, 11510, 32809
12456.8, 28, -5949, 3553, 6764, 110776, -2126, 11510, 32809
12461.0, 1032, -5517, 4375, 6491, 108878, -11978, -4243, 32809
12464.7, 1335, -5517, 4375, 6491, 108878, -11978, -4243, 32799
12469.0, 1190, -5517, 4375, 6491, 108878, -17736, -16187, 32799
12472.8, 1207, -5517, 4375, 6491, 108878, -17736, -16187, 32784
12476.5, 1237, -5517, 4375, 6491, 108878, -17736, -16187, 32730
12480.8, 1234, -4013, 4670, 5779, 100211, -25497, -10027, 32730
12484.5, 1127, -4013, 4670, 5779, 100211, -25497, -10027, 32770
12488.8, 1587, -4013, 4670, 5779, 97056, -30988, 559, 32770
12492.5, 1400, -4013, 4670, 5779, 97056, -30988, 559, 31574
12496.3, 1234, -4013, 4670, 5779, 97056, -30988, 559, 32752
12500.6, 1223, -4924, 4709, 4987, 89470, -34392, 9507, 32752
12504.3, 1166, -4924, 4709, 4987, 89470, -34392, 9507, 31548
12508.5, 1470, -4924, 4709, 4987, 86385, -36173, 15212, 31548
12512.3, 1320, -4924, 4709, 4987, 86385, -36173, 15212, 31527
12516.0, 1178, -4924, 4709, 4987, 86385, -36173, 15212, 31513
12520.3, 1264, -4950, 4649, 5400, 86928, -36111, 17198, 31513
12524.0, 1318, -4950, 4649, 5400, 86928, -36111, 17198, 31513
12528.2, 1064, -4950, 4649, 5400, 88358, -35608, 11541, 31513
12531.9, 1216, -4950, 4649, 5400, 88358, -35608, 11541, 31507
12535.7, 1189, -4950, 4649, 5400, 88358, -35608, 11541, 31482
12539.9, 1182, -4858, 5828, 4820, 84565, -31780, 5831, 31482
12543.6, 1148, -4858, 5828, 4820, 84565, -31780, 5831, 31427
12547.9, 1205, -4858, 5828, 4820, 84565, -28175, 69, 31427
12551.6, 1185, -4858, 5828, 4820, 84565, -28175, 69, 31462
12553.9, 37, -4858, 5828, 4820, 84565, -28175, 69, 31462
12559.7, 1242, -4380, 5899, 5089, 74516, -27427, -686, 31427
12563.4, 1238, -4380, 5899, 5089, 74516, -27427, -686, 31418
12569.1, 1261, -4380, 5899, 5089, 68601, -25808, 3863, 31376
12571.4, 31, -4380, 5899, 5089, 68601, -25808, 3863, 31376
12573.6, 2, -4380, 5899, 5089, 68601, -25808, 3863, 31376
12579.3, 1208, -4741, 5630, 4936, 63088, -26482, 9721, 31375
12581.6, 32, -4741, 5630, 4936, 63088, -26482, 9721, 31375
12585.8, 1174, -4695, 5448, 4451, 63088, -26482, 9721, 31375
12589.5, 1177, -4695, 5448, 4451, 63088, -26482, 9721, 31369
12591.8, 32, -4695, 5448, 4451, 63088, -26482, 9721, 31369
12596.0, 1110, -4993, 5965, 4950, 61859, -24189, 12162, 31369
12599.7, 1214, -4993, 5965, 4950, 61859, -24189, 12162, 31366
12602.0, 37, -4993, 5965, 4950, 61859, -24189, 12162, 31366
12607.7, 1222, -5253, 5913, 5095, 59767, -19547, 11891, 31349
12611.4, 1147, -5253, 5913, 5095, 59767, -19547, 11891, 31345
12615.6, 1065, -5259, 5857, 5274, 54929, -15767, 12228, 31345
12619.4, 1184, -5259, 5857, 5274, 54929, -15767, 12228, 31326
12621.7, 29, -5259, 5857, 5274, 54929, -15767, 12228, 31326
12626.0, 942, -4953, 5941, 4872, 48042, -14923, 13300, 31326
12629.7, 1185, -4953, 5941, 4872, 48042, -14923, 13300, 31325
12633.9, 1080, -5011, 6086, 5125, 42236, -15220, 14660, 31325
12637.7, 1125, -5011, 6086, 5125, 42236, -15220, 14660, 31361
12641.4, 1114, -5011, 6086, 5125, 42236, -15220, 14660, 31378
12645.7, 1080, -5172, 6381, 5125, 39240, -17981, 16218, 31378
12649.4, 1150, -5172, 6381, 5125, 39240, -17981, 16218, 31399
12653.6, 1075, -5235, 6462, 4577, 32567, -17740, 16598, 31399
12657.3, 1174, -5235, 6462, 4577, 32567, -17740, 16598, 31413
12661.1, 1086, -5235, 6462, 4577, 32567, -17740, 16598, 31448
12665.3, 1072, -5114, 6372, 4246, 23288, -12092, 14385, 31448
12669.0, 1114, -5114, 6372, 4246, 23288, -12092, 14385, 31381
12673.2, 931, -4736, 6244, 4355, 13098, -7468, 11589, 31381
12677.0, 1098, -4736, 6244, 4355, 13098, -7468, 11589, 31361
12680.8, 1060, -4736, 6244, 4355, 13098, -7468, 11589, 31338
12685.0, 1098, -4929, 6593, 5162, 6790, -5385, 10412, 31338
12688.8, 1098, -4929, 6593, 5162, 6790, -5385, 10412, 31307
12693.0, 1062, -4700, 6467, 4726, 1413, -5884, 10167, 31307
12696.7, 1103, -4700, 6467, 4726, 1413, -5884, 10167, 31287
12699.0, 29, -4700, 6467, 4726, 1413, -5884, 10167, 31287
12704.8, 1064, -4595, 6102, 4237, -6951, -2747, 9887, 31287
12708.5, 1110, -4595, 6102, 4237, -6951, -2747, 9887, 31240
12712.7, 1118, -4658, 6319, 4208, -15898, 1776, 8260, 31240
12716.5, 1105, -4658, 6319, 4208, -15898, 1776, 8260, 31219
12718.8, 26, -4658, 6319, 4208, -15898, 1776, 8260, 31219
12724.5, 1055, -5081, 6396, 4657, -23476, 3714, 7783, 31159
12728.3, 1109, -5081, 6396, 4657, -23476, 3714, 7783, 31187
12734.0, 1117, -5020, 6375, 5096, -27567, 2865, 9051, 31162
12736.3, 28, -5020, 6375, 5096, -27567, 2865, 9051, 31162
12740.5, 1021, -4877, 6775, 4817, -32861, 3128, 9209, 31162
12744.3, 1060, -4877, 6775, 4817, -32861, 3128, 9209, 31139
12746.5, 26, -4877, 6775, 4817, -32861, 3128, 9209, 31139
12750.8, 1123, -4637, 6285, 4893, -40950, -21, 9445, 31139
12754.5, 1130, -4637, 6285, 4893, -40950, -21, 9445, 31099
12756.8, 27, -4637, 6285, 4893, -40950, -21, 9445, 31099
12761.0, 1021, -4276, 6535, 4843, -47447, 778, 10351, 31099
12764.7, 1121, -4276, 6535, 4843, -47447, 778, 10351, 31117
12767.0, 27, -4276, 6535, 4843, -47447, 778, 10351, 31117
12772.8, 1177, -3978, 6279, 4332, -54303, 4003, 11165, 31109
12776.5, 1113, -3978, 6279, 4332, -54303, 4003, 11165, 31102
12780.8, 1056, -3663, 6455, 4136, -61937, 8693, 9795, 31102
12784.5, 1105, -3663, 6455, 4136, -61937, 8693, 9795, 31139
12786.8, 28, -3663, 6455, 4136, -61937, 8693, 9795, 31139
12791.0, 1020, -3580, 6695, 4536, -69524, 17775, 6676, 31139
12794.7, 1136, -3580, 6695, 4536, -69524, 17775, 6676, 31107
12798.9, 1062, -3795, 6634, 4667, -75281, 23502, 12670, 31107
12802.7, 1083, -3795, 6634, 4667, -75281, 23502, 12670, 31127
12806.4, 1126, -3795, 6634, 4667, -75281, 23502, 12670, 31133
12810.7, 1023, -4297, 6351, 5230, -81875, 26526, 16012, 31133
12814.5, 1080, -4297, 6351, 5230, -81875, 26526, 16012, 31123
12818.7, 1038, -4244, 5930, 4543, -82395, 28429, 18047, 31123
12822.5, 1122, -4244, 5930, 4543, -82395, 28429, 18047, 31134
12826.3, 1167, -4244, 5930, 4543, -82395, 28429, 18047, 31172
12830.5, 1137, -4473, 5207, 5615, -82330, 31255, 9804, 31172
12834.3, 1173, -4473, 5207, 5615, -82330, 31255, 9804, 31184
12838.5, 1074, -4403, 5468, 4864, -85480, 31189, -371, 31184
12842.3, 1158, -4403, 5468, 4864, -85480, 31189, -371, 31200
12846.0, 1113, -4403, 5468, 4864, -85480, 31189, -371, 31218
12850.2, 1105, -4144, 5364, 4634, -92261, 35586, -8820, 31218
12854.0, 1141, -4144, 5364, 4634, -92261, 35586, -8820, 31224
12858.2, 1011, -3802, 5289, 5081, -96054, 41672, -12517, 31224
12861.9, 1139, -3802, 5289, 5081, -96054, 41672, -12517, 31238
12865.6, 1122, -3802, 5289, 5081, -96054, 41672, -12517, 31260
12869.9, 920, -3845, 5901, 5880, -99296, 41602, -11563, 31260
12873.6, 1163, -3845, 5901, 5880, -99296, 41602, -11563, 31267
12877.9, 1179, -3905, 5907, 5926, -99322, 40285, -5070, 31267
12881.6, 1140, -3905, 5907, 5926, -99322, 40285, -5070, 31277
12883.9, 30, -3905, 5907, 5926, -99322, 40285, -5070, 31277
12889.6, 1277, -4174, 6206, 5152, -99891, 45006, 4956, 31280
12891.9, 34, -4174, 6206, 5152, -99891, 45006, 4956, 31280
12897.6, 1274, -4762, 5297, 5820, -105636, 51542, 9944, 31304
12901.3, 1133, -4762, 5297, 5820, -105636, 51542, 9944, 31331
12905.6, 1052, -4935, 5981, 5284, -96780, 37284, -3626, 31331
12909.3, 1109, -4935, 5981, 5284, -96780, 37284, -3626, 31357
12911.6, 28, -4935, 5981, 5284, -96780, 37284, -3626, 31357
12915.8, 1062, -5541, 6114, 5933, -86893, 26149, -22107, 31357
12919.5, 1157, -5541, 6114, 5933, -86893, 26149, -22107, 31369
12921.8, 30, -5541, 6114, 5933, -86893, 26149, -22107, 31369
12926.0, 1129, -6064, 5849, 6202, -85331, 27462, -31465, 31369
12929.7, 1106, -6064, 5849, 6202, -85331, 27462, -31465, 31405
12932.0, 27, -6064, 5849, 6202, -85331, 27462, -31465, 31405
12937.7, 1277, -5839, 5161, 5654, -93674, 28534, -33224, 31388
12941.4, 1172, -5839, 5161, 5654, -93674, 28534, -33224, 31502
12945.7, 1045, -5507, 4491, 6238, -99445, 18292, -34383, 31502
12949.4, 1146, -5507, 4491, 6238, -99445, 18292, -34383, 31532
12951.6, 32, -5507, 4491, 6238, -99445, 18292, -34383, 31532
12955.9, 994, -4998, 4587, 6235, -98618, 1303, -36606, 31532
12959.7, 1158, -4998, 4587, 6235, -98618, 1303, -36606, 31585
12963.9, 1145, -5054, 4887, 5702, -100801, -4571, -36628, 31585
12967.7, 1079, -5054, 4887, 5702, -100801, -4571, -36628, 31622
12971.5, 1163, -5054, 4887, 5702, -100801, -4571, -36628, 31754
12975.7, 1216, -5245, 4520, 5769, -105924, -953, -34453, 31754
12979.5, 1174, -5245, 4520, 5769, -105924, -953, -34453, 31808
12983.7, 1058, -5209, 4090, 6245, -106900, 3806, -33906, 31808
12987.5, 1113, -5209, 4090, 6245, -106900, 3806, -33906, 31887
12991.2, 1139, -5209, 4090, 6245, -106900, 3806, -33906, 31980
12995.5, 1102, -5079, 3937, 6121, -106064, 4366, -36365, 31980
12999.2, 1194, -5079, 3937, 6121, -106064, 4366, -36365, 32036
13003.4, 1071, -5202, 3678, 5542, -111975, 7078, -39248, 32036
13007.1, 1153, -5202, 3678, 5542, -111975, 7078, -39248, 32123
13010.9, 1154, -5202, 3678, 5542, -111975, 7078, -39248, 32231
13015.1, 1083, -4938, 3348, 5851, -116770, 6741, -42621, 32231
13018.8, 1201, -4938, 3348, 5851, -116770, 6741, -42621, 32349
13023.1, 982, -4941, 3683, 6108, -117313, 5416, -46493, 32349
13026.8, 1112, -4941, 3683, 6108, -117313, 5416, -46493, 33644
13029.1, 27, -4941, 3683, 6108, -117313, 5416, -46493, 33644
13034.9, 1105, -5013, 3495, 6208, -123044, 9235, -46765, 33632
13038.6, 1127, -5013, 3495, 6208, -123044, 9235, -46765, 33644
13042.9, 979, -5031, 2912, 7195, -123696, 7625, -45973, 33644
13046.7, 1063, -5031, 2912, 7195, -123696, 7625, -45973, 33610
13052.4, 1317, -5031, 2912, 7195, -124650, 4939, -46156, 33595
13056.1, 1214, -5031, 2912, 7195, -124650, 4939, -46156, 33557
13058.4, 36, -5031, 2912, 7195, -124650, 4939, -46156, 33557
13064.2, 1204, -5490, 2882, 6893, -124418, 1474, -46896, 33503
13066.4, 33, -5490, 2882, 6893, -124418, 1474, -46896, 33503
13070.7, 1009, -5490, 2882, 6893, -122510, 2038, -48257, 33503
13074.4, 1149, -5490, 2882, 6893, -122510, 2038, -48257, 33496
13076.7, 33, -5490, 2882, 6893, -122510, 2038, -48257, 33496
13082.5, 1251, -5358, 2472, 6966, -124903, 9979, -49582, 33454
13086.3, 1245, -5358, 2472, 6966, -124903, 9979, -49582, 33418
13090.5, 1363, -6032, 1369, 6966, -128220, 10771, -53371, 33418
13094.3, 1286, -6032, 1369, 6966, -128220, 10771, -53371, 33363
13096.6, 45, -6032, 1369, 6966, -128220, 10771, -53371, 33363
13100.8, 1191, -5803, 614, 6255, -132831, 17128, -58114, 33363
13104.6, 1189, -5803, 614, 6255, -132831, 17128, -58114, 33311
13106.8, 35, -5803, 614, 6255, -132831, 17128, -58114, 33311
13112.6, 1348, -4767, 703, 6601, -134699, 24360, -66732, 33230
13116.3, 1228, -4767, 703, 6601, -134699, 24360, -66732, 33199
13120.6, 1047, -4777, 967, 7296, -135797, 25524, -74555, 33199
13124.4, 1136, -4777, 967, 7296, -135797, 25524, -74555, 33139
13128.6, 1053, -4777, 967, 7296, -135797, 25524, -74555, 33139
13132.3, 1169, -4777, 967, 7296, -135797, 25524, -74555, 33076
13136.1, 1194, -4777, 967, 7296, -135797, 25524, -74555, 33034
13140.3, 1136, -6391, 975, 6614, -129257, 7844, -60887, 33034
13144.1, 1214, -6391, 975, 6614, -129257, 7844, -60887, 32992
13148.3, 1102, -6391, 975, 6614, -129257, 7844, -60887, 32992
13152.0, 1129, -6391, 975, 6614, -129257, 7844, -60887, 32948
13155.7, 1105, -6391, 975, 6614, -129257, 7844, -60887, 32948
13160.0, 1051, -6626, -1447, 6738, -132022, 174, -59251, 32948
13163.7, 1160, -6626, -1447, 6738, -132022, 174, -59251, 32954
13167.9, 994, -6626, -1447, 6738, -132022, 174, -59251, 32954
13171.7, 1123, -6626, -1447, 6738, -132022, 174, -59251, 32946
13174.0, 31, -6626, -1447, 6738, -132022, 174, -59251, 32946
13179.8, 943, -5697, -1274, 7268, -124094, -6790, -90682, 32947
13183.5, 1087, -5697, -1274, 7268, -124094, -6790, -90682, 32882
13187.7, 988, -5697, -1274, 7268, -124094, -6790, -90682, 32882
13191.5, 1250, -5697, -1274, 7268, -124094, -6790, -90682, 32857
13193.8, 94, -5697, -1274, 7268, -124094, -6790, -90682, 32857
13199.6, 958, -4891, -1048, 9437, -124514, -5359, -83668, 32833
13203.3, 1137, -4891, -1048, 9437, -124514, -5359, -83668, 32814
13209.1, 969, -4891, -1048, 7609, -123818, -11033, -72079, 32783
13212.8, 1268, -4891, -1048, 7609, -123818, -11033, -72079, 32707
13218.5, 1247, -5473, -634, 7609, -123818, -11033, -72079, 32725
13220.7, 39, -5473, -634, 7609, -123818, -11033, -72079, 32725
13223.0, 6, -5473, -634, 7609, -123818, -11033, -72079, 32725
13228.7, 1220, -5925, -1328, 6674, -127913, -3736, -60297, 32707
13230.9, 35, -5925, -1328, 6674, -127913, -3736, -60297, 32707
13235.2, 1056, -6178, -2084, 9038, -121762, -3355, -59995, 32707
13239.0, 1181, -6178, -2084, 9038, -121762, -3355, -59995, 32665
13241.2, 35, -6178, -2084, 9038, -121762, -3355, -59995, 32665
13245.5, 1129, -6277, -2754, 6415, -120423, -5162, -68430, 32665
13249.2, 1242, -6277, -2754, 6415, -120423, -5162, -68430, 32629
13251.5, 39, -6277, -2754, 6415, -120423, -5162, -68430, 32629
13255.7, 1202, -6031, -3276, 6796, -118293, -78, -75238, 32629
13259.4, 1344, -6031, -3276, 6796, -118293, -78, -75238, 32649
13261.7, 52, -6031, -3276, 6796, -118293, -78, -75238, 32649
13265.9, 657, -5590, -3150, 8025, -116775, -2323, -80160, 32649
13269.6, 1506, -5590, -3150, 8025, -116775, -2323, -80160, 32642
13271.9, 816, -5590, -3150, 8025, -116775, -2323, -80160, 32642
13277.6, 1533, -5593, -2773, 8407, -115116, -6873, -79411, 32663
13281.3, 1226, -5593, -2773, 8407, -115116, -6873, -79411, 32660
13285.6, 1118, -6012, -2652, 8453, -115978, -7441, -70736, 32660
13289.4, 1215, -6012, -2652, 8453, -115978, -7441, -70736, 32628
13293.6, 1166, -6521, -2999, 7820, -116652, -9852, -61548, 32628
13297.3, 1271, -6521, -2999, 7820, -116652, -9852, -61548, 32596
13301.1, 1233, -6521, -2999, 7820, -116652, -9852, -61548, 32597
13305.3, 1179, -6686, -3340, 7652, -113318, -17907, -58555, 32597
13309.1, 1276, -6686, -3340, 7652, -113318, -17907, -58555, 32603
13313.3, 1034, -6594, -3607, 6981, -105618, -22894, -63670, 32603
13317.0, 1182, -6594, -3607, 6981, -105618, -22894, -63670, 33418
13320.8, 1452, -6594, -3607, 6981, -105618, -22894, -63670, 32581
13325.0, 969, -6150, -3885, 5833, -106620, -13387, -71068, 32581
13328.7, 1338, -6150, -3885, 5833, -106620, -13387, -71068, 32531
13332.9, 1229, -5598, -3948, 7462, -107250, -4777, -77176, 32531
13336.6, 1608, -5598, -3948, 7462, -107250, -4777, -77176, 32574
13338.9, 736, -5598, -3948, 7462, -107250, -4777, -77176, 32574
13344.7, 1440, -5606, -3736, 8506, -104677, -4965, -77206, 32544
13348.4, 1240, -5606, -3736, 8506, -104677, -4965, -77206, 32549
13354.1, 804, -5813, -4184, 8044, -105566, -3241, -67971, 32552
13357.8, 1381, -5813, -4184, 8044, -105566, -3241, -67971, 32551
13363.5, 1367, -6111, -4424, 8082, -104502, -7262, -58582, 32547
13367.3, 1324, -6111, -4424, 8082, -104502, -7262, -58582, 32539
13373.0, 1350, -6491, -4751, 6838, -103054, -18550, -56407, 32569
13376.7, 1185, -6491, -4751, 6838, -103054, -18550, -56407, 32535
13382.5, 1399, -6038, -5096, 6629, -96859, -23393, -61461, 32531
13386.2, 1230, -6038, -5096, 6629, -96859, -23393, -61461, 32538
13388.5, 43, -6038, -5096, 6629, -96859, -23393, -61461, 32538
13394.2, 1534, -5480, -5080, 5937, -100171, -18615, -69668, 32528
13396.5, 246, -5480, -5080, 5937, -100171, -18615, -69668, 32528
13400.8, 955, -5003, -4634, 6963, -100224, -14424, -73378, 32528
13404.6, 1405, -5003, -4634, 6963, -100224, -14424, -73378, 32520
13406.9, 578, -5003, -4634, 6963, -100224, -14424, -73378, 32520
13412.6, 1457, -4951, -4393, 7992, -99204, -14223, -67651, 32459
13416.3, 1335, -4951, -4393, 7992, -99204, -14223, -67651, 32518
13420.6, 1029, -5617, -4533, 7787, -95787, -10198, -54229, 32518
13424.4, 1112, -5617, -4533, 7787, -95787, -10198, -54229, 32518
13426.6, 124, -5617, -4533, 7787, -95787, -10198, -54229, 32518
13430.9, 1377, -6029, -5316, 6015, -98579, -5096, -42945, 32518
13434.6, 1290, -6029, -5316, 6015, -98579, -5096, -42945, 32518
13438.9, 889, -5960, -6500, 6813, -93385, -10495, -44428, 32518
13442.6, 1334, -5960, -6500, 6813, -93385, -10495, -44428, 32546
13446.3, 1326, -5960, -6500, 6813, -93385, -10495, -44428, 32507
13450.6, 861, -5930, -7060, 6262, -87549, -19123, -56377, 32507
13454.4, 1244, -5930, -7060, 6262, -87549, -19123, -56377, 32500
13458.6, 1467, -5377, -7470, 4657, -88700, -15912, -66111, 32500
13462.3, 1481, -5377, -7470, 4657, -88700, -15912, -66111, 32509
13466.1, 1192, -5377, -7470, 4657, -88700, -15912, -66111, 32498
13470.3, 1164, -4500, -7272, 6243, -88083, -12267, -69620, 32498
13474.1, 1424, -4500, -7272, 6243, -88083, -12267, -69620, 32506
13478.3, 1658, -4013, -6451, 7015, -88883, -15163, -66081, 32506
13482.0, 1386, -4013, -6451, 7015, -88883, -15163, -66081, 32513
13485.7, 1154, -4013, -6451, 7015, -88883, -15163, -66081, 32482
13490.0, 1245, -4194, -5823, 7351, -90463, -14971, -54285, 32482
13493.7, 1575, -4194, -5823, 7351, -90463, -14971, -54285, 32476
13497.9, 1471, -4744, -5642, 7606, -88687, -9301, -40211, 32476
13501.7, 1426, -4744, -5642, 7606, -88687, -9301, -40211, 32485
13504.0, 78, -4744, -5642, 7606, -88687, -9301, -40211, 32485
13509.8, 1201, -5398, -6326, 6349, -88245, -10793, -34510, 32464
13513.5, 1285, -5398, -6326, 6349, -88245, -10793, -34510, 32453
13517.7, 1248, -5657, -7052, 6220, -83502, -17290, -38347, 32453
13521.5, 1323, -5657, -7052, 6220, -83502, -17290, -38347, 32466
13523.8, 89, -5657, -7052, 6220, -83502, -17290, -38347, 32466
13529.5, 1098, -5160, -8046, 4792, -81157, -17565, -47228, 32581
13533.3, 1357, -5160, -8046, 4792, -81157, -17565, -47228, 32462
13539.0, 1445, -4346, -8206, 5152, -79048, -15653, -57291, 32447
13541.3, 55, -4346, -8206, 5152, -79048, -15653, -57291, 32447
13543.5, 6, -4346, -8206, 5152, -79048, -15653, -57291, 32447
13549.2, 1500, -3966, -7454, 5671, -78567, -18060, -60984, 32461
13551.5, 349, -3966, -7454, 5671, -78567, -18060, -60984, 32461
13555.7, 1388, -3814, -6817, 5697, -80260, -17771, -53323, 32461
13559.4, 1561, -3814, -6817, 5697, -80260, -17771, -53323, 32472
13561.7, 515, -3814, -6817, 5697, -80260, -17771, -53323, 32472
13565.9, 1355, -4036, -6793, 6939, -79066, -12022, -38977, 32472
13569.6, 1221, -4036, -6793, 6939, -79066, -12022, -38977, 32463
13571.9, 39, -4036, -6793, 6939, -79066, -12022, -38977, 32463
13577.6, 1752, -4494, -7187, 6634, -79963, -6750, -27842, 32414
13581.3, 1407, -4494, -7187, 6634, -79963, -6750, -27842, 32460
13585.5, 1388, -4899, -7547, 5876, -79223, -7441, -25961, 32460
13589.3, 1382, -4899, -7547, 5876, -79223, -7441, -25961, 32429
13591.5, 85, -4899, -7547, 5876, -79223, -7441, -25961, 32429
13595.8, 1252, -5117, -7746, 5397, -75469, -14481, -31732, 32429
13599.6, 1296, -5117, -7746, 5397, -75469, -14481, -31732, 32449
13603.8, 1235, -4815, -8067, 4311, -73540, -17635, -38942, 32449
13607.5, 1512, -4815, -8067, 4311, -73540, -17635, -38942, 32303
13611.3, 1548, -4815, -8067, 4311, -73540, -17635, -38942, 32300
13615.5, 1463, -4304, -8327, 5103, -70526, -16318, -43903, 32300
13619.3, 1382, -4304, -8327, 5103, -70526, -16318, -43903, 32295
13623.5, 1172, -3766, -8178, 4926, -69296, -15408, -43671, 32295
13627.2, 1465, -3766, -8178, 4926, -69296, -15408, -43671, 32313
13631.0, 1391, -3766, -8178, 4926, -69296, -15408, -43671, 32282
13635.3, 1184, -3554, -7885, 4692, -71064, -12906, -38093, 32282
13639.0, 1484, -3554, -7885, 4692, -71064, -12906, -38093, 32281
13643.3, 1475, -3513, -7840, 5597, -70898, -10557, -30909, 32281
13647.0, 1442, -3513, -7840, 5597, -70898, -10557, -30909, 32274
13650.7, 1253, -3513, -7840, 5597, -70898, -10557, -30909, 32246
13655.0, 1523, -3750, -7735, 5983, -71808, -9743, -26049, 32246
13658.7, 1570, -3750, -7735, 5983, -71808, -9743, -26049, 32264
13662.9, 1215, -4078, -7798, 5693, -72993, -8938, -23949, 32264
13666.7, 1409, -4078, -7798, 5693, -72993, -8938, -23949, 32255
13669.0, 270, -4078, -7798, 5693, -72993, -8938, -23949, 32255
13674.8, 1195, -4299, -7986, 5424, -71926, -11208, -24841, 32260
13678.5, 1296, -4299, -7986, 5424, -71926, -11208, -24841, 32273
13682.7, 1428, -4209, -8102, 4321, -71300, -16944, -27943, 32273
13686.5, 1297, -4209, -8102, 4321, -71300, -16944, -27943, 32242
13688.8, 227, -4209, -8102, 4321, -71300, -16944, -27943, 32242
13694.6, 1303, -4155, -8218, 3759, -68666, -19407, -29509, 32239
13698.3, 1330, -4155, -8218, 3759, -68666, -19407, -29509, 32238
13704.0, 1370, -3814, -8553, 3692, -68071, -16214, -28997, 32241
13706.3, 44, -3814, -8553, 3692, -68071, -16214, -28997, 32241
13708.6, 52, -3814, -8553, 3692, -68071, -16214, -28997, 32241
13714.3, 1572, -3575, -8613, 4393, -66641, -12140, -27807, 32231
13716.6, 130, -3575, -8613, 4393, -66641, -12140, -27807, 32231
13720.8, 1466, -3575, -8613, 4393, -66641, -8198, -25353, 32231
13724.6, 1608, -3575, -8613, 4393, -66641, -8198, -25353, 32218
13726.8, 401, -3575, -8613, 4393, -66641, -8198, -25353, 32218
13732.6, 1348, -3443, -8594, 4762, -68067, -6553, -22325, 32214
13736.3, 1487, -3443, -8594, 4762, -68067, -6553, -22325, 32209
13740.6, 1322, -3353, -8619, 5194, -68067, -8986, -21131, 32209
13744.7, 1035, -3353, -8619, 5194, -68067, -8986, -21131, 32212
13746.9, 38, -3353, -8619, 5194, -68067, -8986, -21131, 32212
13752.7, 1559, -3474, -8499, 3870, -67476, -12276, -20834, 32190
13756.4, 1510, -3474, -8499, 3870, -67476, -12276, -20834, 32154
13760.6, 1294, -3745, -8580, 3870, -65022, -15898, -20812, 32154
13764.3, 1369, -3745, -8580, 3870, -65022, -15898, -20812, 32183
13766.6, 147, -3745, -8580, 3870, -65022, -15898, -20812, 32183
13770.8, 1344, -3839, -8736, 3460, -64252, -17027, -20799, 32183
13774.5, 1322, -3839, -8736, 3460, -64252, -17027, -20799, 32198
13778.7, 1298, -3774, -8922, 3460, -64252, -17027, -20799, 32198
13782.5, 1598, -3774, -8922, 3460, -64252, -17027, -20799, 32172
13786.3, 1446, -3774, -8922, 3460, -64252, -17027, -20799, 32177
13790.5, 1094, -3586, -8972, 4076, -64379, -13413, -22312, 32177
13794.3, 1450, -3586, -8972, 4076, -64379, -13413, -22312, 32169
13798.5, 1344, -3352, -9019, 4076, -64379, -13413, -22312, 32169
13802.3, 1440, -3352, -9019, 4076, -64379, -13413, -22312, 32157
13806.0, 1266, -3352, -9019, 4076, -64379, -13413, -22312, 32166
13810.3, 1362, -3154, -8935, 3269, -67730, -13610, -20855, 32166
13814.1, 1621, -3154, -8935, 3269, -67730, -13610, -20855, 32153
13818.3, 1379, -2973, -8760, 3269, -67730, -13610, -20855, 32153
13822.1, 1385, -2973, -8760, 3269, -67730, -13610, -20855, 32150
13825.8, 1325, -2973, -8760, 3269, -67730, -13610, -20855, 32151
13830.1, 1396, -3036, -8964, 3814, -64326, -19040, -17749, 32151
13833.8, 1426, -3036, -8964, 3814, -64326, -19040, -17749, 32142
13838.0, 1323, -3139, -9070, 3814, -64326, -19040, -17749, 32142
13841.7, 1323, -3139, -9070, 3814, -64326, -19040, -17749, 32119
13845.5, 1488, -3139, -9070, 3814, -64326, -19040, -17749, 32122
13849.7, 1308, -3221, -9084, 2701, -64637, -12547, -15426, 32122
13853.4, 1412, -3221, -9084, 2701, -64637, -12547, -15426, 32130
13859.2, 1521, -3410, -9268, 2701, -64637, -12547, -15426, 32111
13861.4, 74, -3410, -9268, 2701, -64637, -12547, -15426, 32111
13863.7, 12, -3410, -9268, 2701, -64637, -12547, -15426, 32111
13869.4, 1601, -3306, -9110, 3090, -64164, -11799, -15903, 32134
13871.7, 276, -3306, -9110, 3090, -64164, -11799, -15903, 32134
13877.5, 1449, -3230, -9121, 3866, -65621, -12530, -15483, 32113
13881.2, 1490, -3230, -9121, 3866, -65621, -12530, -15483, 32102
13885.4, 1475, -2988, -8943, 3826, -67231, -12477, -13549, 32102
13889.1, 1297, -2988, -8943, 3826, -67231, -12477, -13549, 32114
13891.4, 75, -2988, -8943, 3826, -67231, -12477, -13549, 32114
13895.6, 1404, -2874, -9000, 3441, -68749, -18965, -14560, 32114
13899.3, 1398, -2874, -9000, 3441, -68749, -18965, -14560, 32099
13901.6, 181, -2874, -9000, 3441, -68749, -18965, -14560, 32099
13905.8, 1437, -2720, -9296, 3254, -69218, -27033, -18265, 32099
13909.5, 1372, -2720, -9296, 3254, -69218, -27033, -18265, 32096
13911.8, 57, -2720, -9296, 3254, -69218, -27033, -18265, 32096
13916.0, 1437, -2679, -9532, 2780, -68049, -29387, -22312, 32096
13919.7, 1427, -2679, -9532, 2780, -68049, -29387, -22312, 32069
13924.0, 1178, -2666, -9567, 2168, -65822, -25112, -23782, 32069
13927.8, 1390, -2666, -9567, 2168, -65822, -25112, -23782, 32092
13931.5, 1431, -2666, -9567, 2168, -65822, -25112, -23782, 32082
13935.8, 1341, -2670, -9587, 1792, -65682, -19530, -22942, 32082
13939.5, 1434, -2670, -9587, 1792, -65682, -19530, -22942, 32077
13943.8, 1339, -2654, -9535, 1849, -64891, -16835, -22076, 32077
13947.5, 1426, -2654, -9535, 1849, -64891, -16835, -22076, 32231
13951.3, 1288, -2654, -9535, 1849, -64891, -16835, -22076, 32069
13955.6, 1469, -2442, -9763, 1746, -64256, -15877, -21674, 32069
13959.3, 1565, -2442, -9763, 1746, -64256, -15877, -21674, 32060
13963.5, 1229, -2274, -9826, 1538, -64965, -13518, -21735, 32060
13967.3, 1330, -2274, -9826, 1538, -64965, -13518, -21735, 32054
13971.0, 1335, -2274, -9826, 1538, -64965, -13518, -21735, 32057
13975.3, 1415, -2142, -9808, 1701, -63031, -10307, -21039, 32057
13979.1, 1410, -2142, -9808, 1701, -63031, -10307, -21039, 32067
13983.3, 1220, -2207, -9931, 2037, -60319, -11856, -20584, 32067
13987.0, 1394, -2207, -9931, 2037, -60319, -11856, -20584, 32051
13990.8, 1441, -2207, -9931, 2037, -60319, -11856, -20584, 32044
13995.1, 1340, -2334, -9749, 1145, -58919, -13413, -19784, 32044
13998.8, 1408, -2334, -9749, 1145, -58919, -13413, -19784, 32038
14003.0, 1425, -2338, -9867, 1094, -57624, -12263, -18882, 32038
14006.7, 1341, -2338, -9867, 1094, -57624, -12263, -18882, 32044
14010.4, 1279, -2338, -9867, 1094, -57624, -12263, -18882, 32035
14014.7, 1269, -2146, -10092, 1540, -54115, -13378, -19810, 32035
14018.5, 1473, -2146, -10092, 1540, -54115, -13378, -19810, 32032
14022.7, 1297, -2152, -10173, 1387, -52347, -16240, -21030, 32032
14026.4, 1268, -2152, -10173, 1387, -52347, -16240, -21030, 32016
14028.7, 45, -2152, -10173, 1387, -52347, -16240, -21030, 32016
14034.4, 1606, -2218, -9935, 1035, -49328, -17863, -20641, 32033
14036.7, 198, -2218, -9935, 1035, -49328, -17863, -20641, 32033
14042.4, 1435, -2118, -9626, 522, -48270, -17172, -18944, 32011
14046.1, 1327, -2118, -9626, 522, -48270, -17172, -18944, 32018
14050.4, 1282, -2012, -9678, 692, -46192, -16043, -17810, 32018
14054.1, 1352, -2012, -9678, 692, -46192, -16043, -17810, 32001
14056.4, 47, -2012, -9678, 692, -46192, -16043, -17810, 32001
14060.6, 1313, -1813, -10022, 666, -43483, -16012, -17933, 32001
14064.3, 1381, -1813, -10022, 666, -43483, -16012, -17933, 32007
14066.6, 53, -1813, -10022, 666, -43483, -16012, -17933, 32007
14070.8, 1316, -1920, -10012, 407, -41799, -14201, -17832, 32007
14074.5, 1321, -1920, -10012, 407, -41799, -14201, -17832, 31994
14076.8, 78, -1920, -10012, 407, -41799, -14201, -17832, 31994
14081.0, 1413, -2054, -9990, 518, -40193, -9371, -15575, 31994
14084.7, 1370, -2054, -9990, 518, -40193, -9371, -15575, 32022
14089.0, 1321, -2105, -9897, 1025, -38526, -7665, -13960, 32022
14092.8, 1376, -2105, -9897, 1025, -38526, -7665, -13960, 31991
14096.5, 1360, -2105, -9897, 1025, -38526, -7665, -13960, 31978
14100.8, 1381, -2240, -9821, 1207, -37279, -11235, -14358, 31978
14104.5, 1415, -2240, -9821, 1207, -37279, -11235, -14358, 31972
14108.7, 1344, -2289, -9692, 1185, -35595, -16756, -14910, 31972
14112.5, 1330, -2289, -9692, 1185, -35595, -16756, -14910, 31977
14116.2, 1332, -2289, -9692, 1185, -35595, -16756, -14910, 31982
14120.4, 1535, -2218, -9708, 961, -34934, -19801, -14503, 31982
14124.2, 1523, -2218, -9708, 961, -34934, -19801, -14503, 31926
14128.4, 1271, -2209, -9700, 982, -33674, -19967, -13768, 31926
14132.1, 1249, -2209, -9700, 982, -33674, -19967, -13768, 31979
14135.9, 1261, -2209, -9700, 982, -33674, -19967, -13768, 31979
14140.1, 1298, -2329, -9753, 872, -33394, -19171, -13160, 31979
14143.8, 1518, -2329, -9753, 872, -33394, -19171, -13160, 32062
14148.1, 1359, -2359, -9988, 767, -31741, -16467, -12630, 32062
14151.8, 1258, -2359, -9988, 767, -31741, -16467, -12630, 32043
14154.1, 47, -2359, -9988, 767, -31741, -16467, -12630, 32043
14159.9, 1357, -2209, -9978, 393, -29479, -11077, -12643, 32058
14163.6, 1351, -2209, -9978, 393, -29479, -11077, -12643, 32062
14167.9, 1308, -1942, -9960, 115, -28101, -5582, -13623, 32062
14171.6, 1273, -1942, -9960, 115, -28101, -5582, -13623, 32075
14173.9, 96, -1942, -9960, 115, -28101, -5582, -13623, 32075
14179.7, 1367, -1735, -9934, 140, -25585, -3893, -13982, 32087
14183.4, 1343, -1735, -9934, 140, -25585, -3893, -13982, 32102
14189.2, 1393, -1690, -9893, 222, -23122, -4895, -11961, 32065
14191.4, 51, -1690, -9893, 222, -23122, -4895, -11961, 32065
14195.7, 1289, -1629, -9850, 107, -20365, -8111, -9060, 32065
14199.4, 1638, -1629, -9850, 107, -20365, -8111, -9060, 32123
14201.7, 295, -1629, -9850, 107, -20365, -8111, -9060, 32123
14207.4, 1271, -1584, -9827, -323, -16371, -10014, -7529, 32135
14211.2, 1187, -1584, -9827, -323, -16371, -10014, -7529, 32137
14215.4, 1514, -1689, -9868, -531, -12766, -5796, -7288, 32137
14219.1, 1539, -1689, -9868, -531, -12766, -5796, -7288, 32147
14221.4, 149, -1689, -9868, -531, -12766, -5796, -7288, 32147
14225.6, 1355, -1786, -10034, -137, -10154, 2878, -7144, 32147
14229.3, 1380, -1786, -10034, -137, -10154, 2878, -7144, 32152
14231.6, 95, -1786, -10034, -137, -10154, 2878, -7144, 32152
14235.8, 1312, -1838, -10109, 394, -8281, 8198, -6746, 32152
14239.5, 1541, -1838, -10109, 394, -8281, 8198, -6746, 32177
14241.8, 423, -1838, -10109, 394, -8281, 8198, -6746, 32177
14246.0, 1181, -2014, -10085, 1033, -6348, 8141, -5127, 32177
14249.7, 1191, -2014, -10085, 1033, -6348, 8141, -5127, 32172
14253.9, 1247, -2014, -10085, 1678, -3867, 2209, -3093, 32172
14257.7, 1579, -2014, -10085, 1678, -3867, 2209, -3093, 32200
14261.4, 1678, -2014, -10085, 1678, -3867, 2209, -3093, 32177
14265.7, 1664, -2294, -9975, 1253, -2541, -7647, -2646, 32177
14269.5, 1296, -2294, -9975, 1253, -2541, -7647, -2646, 32178
14273.7, 1163, -2294, -9975, 616, -1347, -13584, -3513, 32178
14277.4, 1176, -2294, -9975, 616, -1347, -13584, -3513, 32183
14281.2, 1334, -2294, -9975, 616, -1347, -13584, -3513, 32185
14285.5, 1415, -2140, -10061, 554, -161, -14223, -4340, 32185
14289.2, 1363, -2140, -10061, 554, -161, -14223, -4340, 32195
14293.4, 1231, -2140, -10061, -8, 1229, -11554, -4716, 32195
14297.1, 1253, -2140, -10061, -8, 1229, -11554, -4716, 32200
14300.9, 1329, -2140, -10061, -8, 1229, -11554, -4716, 32207
14305.1, 1426, -1786, -9956, -698, 3535, -5451, -3513, 32207
14308.8, 1389, -1786, -9956, -698, 3535, -5451, -3513, 32217
14313.0, 1306, -1786, -9956, -311, 8067, -323, -1251, 32217
14316.8, 1258, -1786, -9956, -311, 8067, -323, -1251, 32221
14319.1, 39, -1786, -9956, -311, 8067, -323, -1251, 32221
14324.9, 1328, -1655, -9865, 717, 9366, 1623, 634, 32264
14328.6, 1385, -1655, -9865, 717, 9366, 1623, 634, 32234
14332.8, 1652, -1655, -9865, 1677, 9507, 209, 2603, 32234
14336.6, 1576, -1655, -9865, 1677, 9507, 209, 2603, 32246
14338.8, 98, -1655, -9865, 1677, 9507, 209, 2603, 32246
14344.6, 1154, -2359, -10113, 2216, 8693, -3622, 4790, 32248
14346.8, 28, -2359, -10113, 2216, 8693, -3622, 4790, 32248
14351.1, 1536, -2359, -10113, 2216, 8693, -3622, 4790, 32248
14354.8, 1413, -2359, -10113, 2216, 8693, -3622, 4790, 32276
14357.1, 51, -2359, -10113, 2216, 8693, -3622, 4790, 32276
14362.8, 1416, -2894, -10153, 2489, 7901, -9760, 4725, 32238
14366.5, 1237, -2894, -10153, 2489, 7901, -9760, 4725, 32237
14370.8, 1294, -3130, -9904, 2218, 6654, -16612, 4725, 32237
14374.5, 1424, -3130, -9904, 2218, 6654, -16612, 4725, 32217
14376.8, 64, -3130, -9904, 2218, 6654, -16612, 4725, 32217
14381.0, 1210, -2926, -9930, 1476, 7538, -22050, -1710, 32217
14384.7, 1287, -2926, -9930, 1476, 7538, -22050, -1710, 32246
14387.0, 41, -2926, -9930, 1476, 7538, -22050, -1710, 32246
14392.7, 1431, -2374, -10060, 493, 12206, -22317, -3683, 32238
14396.4, 1321, -2374, -10060, 493, 12206, -22317, -3683, 32222
14400.7, 1248, -1808, -9999, 19, 12206, -22317, -3683, 32222
14404.4, 1263, -1808, -9999, 19, 12206, -22317, -3683, 32197
14406.6, 49, -1808, -9999, 19, 12206, -22317, -3683, 32197
14410.9, 1286, -1453, -9819, -19, 14652, -15006, 1846, 32197
14414.7, 1530, -1453, -9819, -19, 14652, -15006, 1846, 32208
14418.9, 1481, -1295, -9684, 559, 17264, -15006, 1846, 32208
14422.6, 1184, -1295, -9684, 559, 17264, -15006, 1846, 32203
14426.4, 1075, -1295, -9684, 559, 17264, -15006, 1846, 32202
14430.6, 1172, -1465, -9660, 976, 19801, -6413, 7695, 32202
14434.4, 1504, -1465, -9660, 976, 19801, -6413, 7695, 32253
14438.6, 1302, -1869, -9848, 1336, 20164, -6413, 7695, 32253
14442.3, 1350, -1869, -9848, 1336, 20164, -6413, 7695, 32208
14446.1, 1329, -1869, -9848, 1336, 20164, -6413, 7695, 32205
14450.3, 1247, -2161, -10032, 1128, 19407, -761, 8605, 32205
14454.0, 1286, -2161, -10032, 1128, 19407, -761, 8605, 32205
14458.2, 1171, -2273, -10115, 612, 21717, -761, 8605, 32205
14462.0, 1355, -2273, -10115, 612, 21717, -761, 8605, 32194
14465.7, 1304, -2273, -10115, 612, 21717, -761, 8605, 32175
14469.9, 1346, -2190, -10380, 355, 28109, -8386, 6339, 32175
14473.7, 1275, -2190, -10380, 355, 28109, -8386, 6339, 32199
14477.9, 1257, -1896, -10380, 283, 32016, -8386, 6339, 32199
14481.6, 1303, -1896, -10380, 283, 32016, -8386, 6339, 32125
14483.9, 42, -1896, -10380, 283, 32016, -8386, 6339, 32125
14489.6, 1228, -1709, -10318, -98, 35739, -11138, 7476, 32100
14493.3, 1244, -1709, -10318, -98, 35739, -11138, 7476, 32061
14499.0, 1109, -1564, -10302, 199, 42066, -11138, 7476, 32026
14502.8, 1209, -1564, -10302, 199, 42066, -11138, 7476, 31996
14508.5, 1537, -1393, -10411, 894, 45456, -7953, 9283, 31953
14510.8, 67, -1393, -10411, 894, 45456, -7953, 9283, 31953
14513.0, 5, -1393, -10411, 894, 45456, -7953, 9283, 31953
14518.7, 1306, -1165, -10445, 382, 49486, -2712, 10517, 31930
14520.9, 38, -1165, -10445, 382, 49486, -2712, 10517, 31930
14523.2, 3, -1165, -10445, 382, 49486, -2712, 10517, 31930
14528.9, 1253, -1219, -10414, -69, 55773, 3237, 11891, 31909
14531.2, 36, -1219, -10414, -69, 55773, 3237, 11891, 31909
14535.4, 1585, -1267, -10686, 452, 63267, 6015, 14179, 31909
14539.2, 1565, -1267, -10686, 452, 63267, 6015, 14179, 31891
14541.5, 102, -1267, -10686, 452, 63267, 6015, 14179, 31891
14545.7, 1415, -1216, -10561, 302, 69379, 4716, 16297, 31891
14549.4, 1196, -1216, -10561, 302, 69379, 4716, 16297, 31885
14551.7, 34, -1216, -10561, 302, 69379, 4716, 16297, 31885
14555.9, 1029, -1405, -10573, 468, 74656, 5416, 19232, 31885
14559.6, 1239, -1405, -10573, 468, 74656, 5416, 19232, 31868
14561.9, 79, -1405, -10573, 468, 74656, 5416, 19232, 31868
14567.6, 1988, -1840, -10587, 1441, 78550, 10224, 22391, 31843
14571.3, 1704, -1840, -10587, 1441, 78550, 10224, 22391, 31856
14575.6, 976, -2275, -10371, 1609, 79355, 15597, 23782, 31856
14579.4, 972, -2275, -10371, 1609, 79355, 15597, 23782, 31848
14581.6, 26, -2275, -10371, 1609, 79355, 15597, 23782, 31848
14585.9, 1279, -2753, -10377, 2196, 81721, 19687, 23122, 31848
14589.6, 1450, -2753, -10377, 2196, 81721, 19687, 23122, 31782
14593.8, 1452, -2870, -10551, 2804, 84495, 21849, 21682, 31782
14597.6, 1243, -2870, -10551, 2804, 84495, 21849, 21682, 31860
14601.4, 1200, -2870, -10551, 2804, 84495, 21849, 21682, 31823
14605.6, 1402, -2768, -10346, 2624, 85278, 21757, 19814, 31823
14609.4, 1680, -2768, -10346, 2624, 85278, 21757, 19814, 31810
14613.6, 1267, -2794, -10058, 3156, 88914, 17237, 18519, 31810
14617.3, 1128, -2794, -10058, 3156, 88914, 17237, 18519, 31824
14621.1, 1341, -2794, -10058, 3156, 88914, 17237, 18519, 31785
14625.3, 1072, -2734, -9868, 3764, 93823, 8295, 18585, 31785
14629.1, 1196, -2734, -9868, 3764, 93823, 8295, 18585, 31782
14633.3, 1443, -2564, -9790, 3342, 95429, 2038, 19775, 31782
14637.0, 1574, -2564, -9790, 3342, 95429, 2038, 19775, 31761
14640.7, 1467, -2564, -9790, 3342, 95429, 2038, 19775, 31752
14645.0, 1242, -2646, -9555, 2961, 97664, 4095, 21831, 31752
14648.7, 1087, -2646, -9555, 2961, 97664, 4095, 21831, 31885
14653.0, 861, -2897, -9623, 3009, 101615, 13755, 23865, 31885
14656.8, 1380, -2897, -9623, 3009, 101615, 13755, 23865, 31902
14659.1, 188, -2897, -9623, 3009, 101615, 13755, 23865, 31902
14664.8, 1505, -3144, -9465, 2974, 101899, 29251, 25344, 31919
14668.6, 1326, -3144, -9465, 2974, 101899, 29251, 25344, 31734
14672.8, 1001, -3341, -9129, 3477, 101191, 40259, 25607, 31734
14676.5, 1545, -3341, -9129, 3477, 101191, 40259, 25607, 31908
14680.7, 1239, -3287, -9012, 4517, 101138, 37271, 24338, 31908
14684.4, 1385, -3287, -9012, 4517, 101138, 37271, 24338, 31918
14686.7, 49, -3287, -9012, 4517, 101138, 37271, 24338, 31918
14690.9, 1116, -2895, -8901, 4706, 103247, 24832, 22732, 31918
14694.6, 1253, -2895, -8901, 4706, 103247, 24832, 22732, 31929
14696.9, 39, -2895, -8901, 4706, 103247, 24832, 22732, 31929
14702.6, 1455, -2629, -8973, 4499, 105443, 15089, 24679, 31928
14706.3, 1234, -2629, -8973, 4499, 105443, 15089, 24679, 31942
14710.6, 1093, -2520, -8986, 3138, 105557, 12258, 29221, 31942
14714.4, 1346, -2520, -8986, 3138, 105557, 12258, 29221, 31943
14716.7, 313, -2520, -8986, 3138, 105557, 12258, 29221, 31943
14720.9, 1235, -2821, -9288, 3330, 107075, 12626, 33053, 31943
14724.6, 1304, -2821, -9288, 3330, 107075, 12626, 33053, 31943
14726.9, 45, -2821, -9288, 3330, 107075, 12626, 33053, 31943
14732.6, 1334, -3030, -9525, 3987, 110562, 17775, 33994, 31977
14736.3, 1567, -3030, -9525, 3987, 110562, 17775, 33994, 31944
14740.6, 1412, -3142, -9165, 3802, 107521, 24679, 31964, 31944
14744.4, 1173, -3142, -9165, 3802, 107521, 24679, 31964, 31941
14748.6, 1024, -3133, -9102, 4351, 107219, 32629, 29063, 31941
14752.3, 1401, -3133, -9102, 4351, 107219, 32629, 29063, 31934
14756.1, 1290, -3133, -9102, 4351, 107219, 32629, 29063, 31932
14760.3, 1438, -3260, -8730, 5367, 108895, 35652, 27090, 31932
14764.1, 1317, -3260, -8730, 5367, 108895, 35652, 27090, 31946
14768.3, 947, -3265, -8452, 5119, 109385, 34344, 28363, 31946
14772.0, 1357, -3265, -8452, 5119, 109385, 34344, 28363, 31979
14775.8, 1268, -3265, -8452, 5119, 109385, 34344, 28363, 31933
14780.0, 1474, -3354, -8555, 5522, 111503, 31496, 31973, 31933
14783.7, 1358, -3354, -8555, 5522, 111503, 31496, 31973, 31938
14787.9, 1161, -3418, -8737, 5706, 114644, 26285, 34449, 31938
14791.6, 1391, -3418, -8737, 5706, 114644, 26285, 34449, 31937
14793.9, 61, -3418, -8737, 5706, 114644, 26285, 34449, 31937
14799.7, 1138, -3577, -8873, 5099, 117431, 21297, 35109, 31926
14803.4, 1462, -3577, -8873, 5099, 117431, 21297, 35109, 31950
14809.1, 1307, -3435, -9119, 5164, 120975, 16830, 35337, 31951
14812.8, 1191, -3435, -9119, 5164, 120975, 16830, 35337, 31956
14818.5, 1273, -3174, -9041, 5114, 123412, 13182, 34733, 31972
14822.3, 1389, -3174, -9041, 5114, 123412, 13182, 34733, 31956
14828.0, 1497, -2927, -8806, 4602, 123022, 16353, 36540, 31956
14831.7, 1169, -2927, -8806, 4602, 123022, 16353, 36540, 31966
14837.5, 1524, -2897, -8747, 6067, 126605, 22430, 40329, 31975
14841.2, 1402, -2897, -8747, 6067, 126605, 22430, 40329, 32015
14843.5, 101, -2897, -8747, 6067, 126605, 22430, 40329, 32015
14849.2, 1176, -3413, -8088, 6408, 128557, 28376, 45150, 31941
14851.5, 64, -3413, -8088, 6408, 128557, 28376, 45150, 31941
14855.7, 1607, -4095, -7517, 6233, 126505, 34991, 51577, 31941
14859.5, 1541, -4095, -7517, 6233, 126505, 34991, 51577, 32016
14861.8, 96, -4095, -7517, 6233, 126505, 34991, 51577, 32016
14867.5, 1119, -4595, -7418, 6629, 129296, 33863, 55003, 32023
14871.3, 1253, -4595, -7418, 6629, 129296, 33863, 55003, 31999
14875.5, 1340, -4589, -7201, 6344, 131545, 26652, 53200, 31999
14879.3, 1603, -4589, -7201, 6344, 131545, 26652, 53200, 32005
14881.5, 237, -4589, -7201, 6344, 131545, 26652, 53200, 32005
14885.8, 1058, -4388, -7272, 6468, 133483, 22942, 49215, 32005
14889.6, 1183, -4388, -7272, 6468, 133483, 22942, 49215, 32024
14893.8, 1416, -4388, -7272, 6468, 133483, 20033, 44879, 32024
14897.5, 1270, -4388, -7272, 6468, 133483, 20033, 44879, 31990
14901.3, 1230, -4388, -7272, 6468, 133483, 20033, 44879, 31971
14905.5, 1348, -4326, -6664, 6544, 135001, 16730, 44516, 31971
14909.3, 1088, -4326, -6664, 6544, 135001, 16730, 44516, 32007
14913.5, 1824, -4326, -6664, 6544, 135001, 18099, 50392, 32007
14917.2, 1324, -4326, -6664, 6544, 135001, 18099, 50392, 32009
14921.0, 1422, -4326, -6664, 6544, 135001, 18099, 50392, 32013
14925.3, 1499, -4816, -6199, 7514, 139503, 23726, 57899, 32013
14929.0, 1184, -4816, -6199, 7514, 139503, 23726, 57899, 32011
14933.3, 1061, -4816, -6199, 7514, 139503, 27383, 61784, 32011
14937.0, 1343, -4816, -6199, 7514, 139503, 27383, 61784, 32021
14940.7, 1403, -4816, -6199, 7514, 139503, 27383, 61784, 32003
14945.0, 1190, -5114, -5546, 6891, 138869, 25388, 61535, 32003
14948.7, 1209, -5114, -5546, 6891, 138869, 25388, 61535, 32027
14952.9, 1329, -5114, -5546, 6891, 138869, 17548, 58372, 32027
14956.7, 1364, -5114, -5546, 6891, 138869, 17548, 58372, 32031
14959.0, 46, -5114, -5546, 6891, 138869, 17548, 58372, 32031
14964.8, 1570, -4747, -4834, 7462, 142758, 12823, 55423, 32031
14968.5, 1251, -4747, -4834, 7462, 142758, 12823, 55423, 32020
14972.7, 1373, -4747, -4834, 7462, 142758, 15063, 55121, 32020
14976.5, 1147, -4747, -4834, 7462, 142758, 15063, 55121, 32039
14978.8, 30, -4747, -4834, 7462, 142758, 15063, 55121, 32039
14984.6, 1517, -4776, -4010, 7816, 142706, 16642, 58035, 32040
14988.3, 1952, -4776, -4010, 7816, 142706, 16642, 58035, 32023
14994.0, 1178, -4776, -4010, 7816, 143169, 18677, 63101, 32015
14996.3, 89, -4776, -4010, 7816, 143169, 18677, 63101, 32015
14998.5, 374, -4776, -4010, 7816, 143169, 18677, 63101, 32015
15004.3, 1517, -5301, -3678, 7697, 143287, 25392, 68176, 32022
15006.5, 59, -5301, -3678, 7697, 143287, 25392, 68176, 32022
15010.8, 1083, -5624, -3468, 7166, 143287, 25392, 68176, 32022
15014.6, 1256, -5624, -3468, 7166, 143287, 25392, 68176, 32019
15016.8, 43, -5624, -3468, 7166, 143287, 25392, 68176, 32019
15022.6, 1308, -5618, -3708, 7892, 143344, 26687, 67804, 32019
15026.3, 1044, -5618, -3708, 7892, 143344, 26687, 67804, 32016
15030.6, 1428, -5724, -3476, 7917, 143344, 21013, 62716, 32016
15034.3, 1494, -5724, -3476, 7917, 143344, 21013, 62716, 32026
15036.6, 816, -5724, -3476, 7917, 143344, 21013, 62716, 32026
15040.9, 1632, -5787, -3189, 7623, 143344, 22640, 60209, 32026
15044.7, 1104, -5787, -3189, 7623, 143344, 22640, 60209, 32024
15047.0, 29, -5787, -3189, 7623, 143344, 22640, 60209, 32024
15052.7, 1412, -5347, -3029, 8027, 143344, 20361, 58310, 32031
15056.4, 1177, -5347, -3029, 8027, 143344, 20361, 58310, 31971
15060.7, 1425, -5331, -2221, 7679, 143344, 15417, 57672, 31971
15064.5, 1319, -5331, -2221, 7679, 143344, 15417, 57672, 32020
15068.7, 1129, -5520, -1965, 6798, 143344, 20869, 61277, 32020
15072.5, 1395, -5520, -1965, 6798, 143344, 20869, 61277, 32030
15076.2, 1513, -5520, -1965, 6798, 143344, 20869, 61277, 32029
15080.5, 1452, -5467, -2104, 7752, 143327, 28236, 64252, 32029
15084.2, 1198, -5467, -2104, 7752, 143327, 28236, 64252, 32009
15088.4, 1074, -5234, -1475, 7369, 143296, 28206, 62366, 32009
15092.1, 1277, -5234, -1475, 7369, 143296, 28206, 62366, 32017
15095.9, 1418, -5234, -1475, 7369, 143296, 28206, 62366, 32005
15100.1, 1594, -5511, -1568, 8201, 142636, 23537, 58595, 32005
15103.8, 1156, -5511, -1568, 8201, 142636, 23537, 58595, 32033
15108.1, 1047, -6025, -496, 7457, 143042, 25725, 56858, 32033
15111.8, 1683, -6025, -496, 7457, 143042, 25725, 56858, 32039
15114.1, 969, -6025, -496, 7457, 143042, 25725, 56858, 32039
15119.9, 1317, -6321, -1953, 7173, 142290, 29422, 55887, 31980
15123.6, 1289, -6321, -1953, 7173, 142290, 29422, 55887, 32019
15127.8, 1278, -6811, -576, 8222, 143007, 29059, 55423, 32019
15131.6, 1265, -6811, -576, 8222, 143007, 29059, 55423, 32005
15133.8, 36, -6811, -576, 8222, 143007, 29059, 55423, 32005
15139.6, 1344, -7259, -990, 7290, 143344, 25847, 53826, 32018
15143.3, 1257, -7259, -990, 7290, 143344, 25847, 53826, 32002
15149.3, 1243, -6795, -1484, 7143, 143344, 19884, 49600, 32007
15153.0, 1246, -6795, -1484, 7143, 143344, 19884, 49600, 32013
15158.8, 1256, -5989, -1390, 8057, 143344, 13536, 42573, 31996
15161.0, 31, -5989, -1390, 8057, 143344, 13536, 42573, 31996
15163.3, 4, -5989, -1390, 8057, 143344, 13536, 42573, 31996
15169.0, 1414, -5066, -613, 8277, 143344, 11427, 34462, 31984
15171.2, 41, -5066, -613, 8277, 143344, 11427, 34462, 31984
15175.5, 1422, -4170, 298, 7255, 143344, 15303, 31763, 31984
15179.2, 1152, -4170, 298, 7255, 143344, 15303, 31763, 31986
15181.5, 27, -4170, 298, 7255, 143344, 15303, 31763, 31986
15185.8, 1308, -4274, 1655, 8315, 143344, 11195, 34939, 31986
15189.6, 1207, -4274, 1655, 8315, 143344, 11195, 34939, 31985
15191.8, 31, -4274, 1655, 8315, 143344, 11195, 34939, 31985
15197.6, 1366, -4338, 1925, 7354, 143344, 10535, 43531, 31970
15201.3, 1248, -4338, 1925, 7354, 143344, 10535, 43531, 32001
15205.5, 1104, -4498, 2048, 7800, 143344, 16445, 51936, 32001
15209.3, 1192, -4498, 2048, 7800, 143344, 16445, 51936, 31963
15211.6, 322, -4498, 2048, 7800, 143344, 16445, 51936, 31963
15215.9, 1222, -4531, 2157, 7571, 143344, 18707, 54688, 31963
15219.6, 1188, -4531, 2157, 7571, 143344, 18707, 54688, 31949
15223.8, 1112, -4377, 2156, 7065, 143296, 20348, 53533, 31949
15227.6, 1187, -4377, 2156, 7065, 143296, 20348, 53533, 31825
15231.3, 1410, -4377, 2156, 7065, 143296, 20348, 53533, 31807
15235.6, 1215, -4295, 2151, 6869, 143336, 24933, 55103, 31807
15239.4, 1203, -4295, 2151, 6869, 143336, 24933, 55103, 31807
15243.6, 1106, -4212, 2222, 6871, 141778, 24824, 58634, 31807
15247.4, 1208, -4212, 2222, 6871, 141778, 24824, 58634, 31785
15251.1, 1163, -4212, 2222, 6871, 141778, 24824, 58634, 31799
15255.4, 1204, -4987, 2424, 7025, 140592, 18077, 62090, 31799
15259.1, 1167, -4987, 2424, 7025, 140592, 18077, 62090, 31800
15263.3, 1242, -5587, 2580, 6781, 140264, 13925, 69384, 31800
15267.0, 1257, -5587, 2580, 6781, 140264, 13925, 69384, 31784
15270.8, 1103, -5587, 2580, 6781, 140264, 13925, 69384, 31815
15275.0, 1257, -5066, 2114, 5566, 133312, 14332, 71081, 31815
15278.7, 1281, -5066, 2114, 5566, 133312, 14332, 71081, 31768
15282.9, 1093, -5393, 3224, 6887, 132980, 8395, 65258, 31768
15286.7, 1120, -5393, 3224, 6887, 132980, 8395, 65258, 31760
15289.0, 27, -5393, 3224, 6887, 132980, 8395, 65258, 31760
15294.8, 1287, -5495, 4046, 5918, 132411, 9511, 65118, 31743
15298.5, 1206, -5495, 4046, 5918, 132411, 9511, 65118, 31712
15302.8, 1044, -5956, 4049, 5727, 127655, 15330, 69169, 31712
15306.5, 1104, -5956, 4049, 5727, 127655, 15330, 69169, 31716
15308.8, 28, -5956, 4049, 5727, 127655, 15330, 69169, 31716
15314.5, 1195, -5931, 3767, 6387, 129274, 12989, 67944, 31712
15316.8, 31, -5931, 3767, 6387, 129274, 12989, 67944, 31712
15322.5, 1272, -6141, 3846, 6055, 129204, 14017, 58538, 31705
15326.2, 1103, -6141, 3846, 6055, 129204, 14017, 58538, 31710
15330.5, 1084, -5230, 3529, 5111, 122025, 21485, 45618, 31710
15334.2, 1150, -5230, 3529, 5111, 122025, 21485, 45618, 31688
15336.5, 29, -5230, 3529, 5111, 122025, 21485, 45618, 31688
15340.7, 1054, -5124, 3865, 5903, 117580, 27829, 32944, 31688
15344.4, 1116, -5124, 3865, 5903, 117580, 27829, 32944, 31687
15346.7, 27, -5124, 3865, 5903, 117580, 27829, 32944, 31687
15350.9, 1113, -5091, 4156, 6315, 116818, 27226, 31828, 31687
15354.6, 1179, -5091, 4156, 6315, 116818, 27226, 31828, 31674
15356.9, 30, -5091, 4156, 6315, 116818, 27226, 31828, 31674
15362.6, 1180, -5528, 4648, 5252, 108681, 25694, 44735, 31679
15366.3, 1399, -5528, 4648, 5252, 108681, 25694, 44735, 31670
15370.6, 1030, -5547, 3799, 5107, 103724, 27068, 56757, 31670
15374.4, 1006, -5547, 3799, 5107, 103724, 27068, 56757, 31658
15376.6, 24, -5547, 3799, 5107, 103724, 27068, 56757, 31658
15380.9, 996, -5307, 3794, 5276, 102748, 33548, 54272, 31658
15384.6, 1124, -5307, 3794, 5276, 102748, 33548, 54272, 31677
15388.8, 1154, -4944, 5012, 4689, 101772, 40338, 41033, 31677
15392.6, 1121, -4944, 5012, 4689, 101772, 40338, 41033, 31651
15396.3, 1087, -4944, 5012, 4689, 101772, 40338, 41033, 31668
15400.6, 993, -5344, 5641, 4520, 94278, 43308, 33543, 31668
15404.4, 1105, -5344, 5641, 4520, 94278, 43308, 33543, 31616
15408.6, 1006, -6011, 7066, 4847, 106077, 29934, 25117, 31616
15412.3, 1127, -6011, 7066, 4847, 106077, 29934, 25117, 31626
15416.1, 1179, -6011, 7066, 4847, 106077, 29934, 25117, 31628
15420.4, 1003, -5918, 8059, 2704, 106878, 26145, 16432, 31628
15424.1, 1094, -5918, 8059, 2704, 106878, 26145, 16432, 31624
15428.3, 1095, -6116, 4405, 6879, 100889, 29991, 12267, 31624
15432.0, 1132, -6116, 4405, 6879, 100889, 29991, 12267, 31602
15435.8, 1138, -6116, 4405, 6879, 100889, 29991, 12267, 31642
15440.0, 1032, -5926, 4733, 6563, 108046, 23301, 9839, 31642
15443.7, 1067, -5926, 4733, 6563, 108046, 23301, 9839, 31606
15447.9, 1057, -5116, 4013, 4307, 97857, 11217, 8815, 31606
15451.7, 1075, -5116, 4013, 4307, 97857, 11217, 8815, 31649
15454.0, 29, -5116, 4013, 4307, 97857, 11217, 8815, 31649
15459.8, 1097, -4498, 4760, 4405, 94807, 12070, 5582, 31622
15463.5, 1085, -4498, 4760, 4405, 94807, 12070, 5582, 31621
15467.7, 1050, -5344, 5529, 4828, 88507, 19687, 6514, 31621
15471.5, 1195, -5344, 5529, 4828, 88507, 19687, 6514, 31613
15473.7, 33, -5344, 5529, 4828, 88507, 19687, 6514, 31613
15479.5, 1197, -5163, 5849, 3733, 87448, 23174, 15640, 31618
15481.7, 30, -5163, 5849, 3733, 87448, 23174, 15640, 31618
15486.0, 1113, -5163, 5849, 3913, 88687, 25370, 19727, 31618
15489.7, 1224, -5163, 5849, 3913, 88687, 25370, 19727, 31585
15492.0, 33, -5163, 5849, 3913, 88687, 25370, 19727, 31585
15497.7, 1213, -5515, 6439, 3208, 78213, 39511, 17513, 31568
15501.4, 1152, -5515, 6439, 3208, 78213, 39511, 17513, 31554
15505.7, 1068, -5515, 6439, 6253, 87960, 29474, -3539, 31554
15509.4, 1320, -5515, 6439, 6253, 87960, 29474, -3539, 31526
15511.7, 39, -5515, 6439, 6253, 87960, 29474, -3539, 31526
15515.9, 1136, -5707, 6154, 4351, 94326, 16454, -6164, 31526
15519.6, 1165, -5707, 6154, 4351, 94326, 16454, -6164, 31495
15521.9, 30, -5707, 6154, 4351, 94326, 16454, -6164, 31495
15527.6, 1266, -5547, 5320, 4746, 88595, 10902, 26, 31461
15531.3, 1163, -5547, 5320, 4746, 88595, 10902, 26, 31438
15535.6, 1167, -4864, 5263, 3719, 79814, 1850, 10543, 31438
15539.4, 1156, -4864, 5263, 3719, 79814, 1850, 10543, 31386
15541.7, 30, -4864, 5263, 3719, 79814, 1850, 10543, 31386
15545.9, 1056, -5696, 4745, 4536, 71011, -7096, 21245, 31386
15549.6, 1147, -5696, 4745, 4536, 71011, -7096, 21245, 31336
15553.9, 1089, -5696, 4745, 4536, 71011, -7096, 21245, 31336
15557.6, 1169, -5696, 4745, 4536, 71011, -7096, 21245, 31285
15561.4, 1159, -5696, 4745, 4536, 71011, -7096, 21245, 31246
15565.6, 1089, -5371, 6717, 2475, 67949, -17968, 28332, 31246
15569.4, 1161, -5371, 6717, 2475, 67949, -17968, 28332, 31217
15573.6, 1077, -5371, 6717, 2475, 67949, -17968, 28332, 31217
15577.3, 1115, -5371, 6717, 2475, 67949, -17968, 28332, 31202
15581.1, 1153, -5371, 6717, 2475, 67949, -17968, 28332, 31173
15585.3, 1015, -5585, 6642, 3726, 55572, -12355, 25546, 31173
15589.1, 1094, -5585, 6642, 3726, 55572, -12355, 25546, 31152
15593.3, 1069, -5585, 6642, 3726, 55572, -12355, 25546, 31152
15597.0, 1117, -5585, 6642, 3726, 55572, -12355, 25546, 31131
15600.7, 1136, -5585, 6642, 3726, 55572, -12355, 25546, 31164
15605.0, 1050, -5241, 7186, 3337, 47810, -14490, 17023, 31164
15608.7, 1148, -5241, 7186, 3337, 47810, -14490, 17023, 31106
15612.9, 1074, -5241, 7186, 3337, 47810, -14490, 17023, 31106
15616.7, 1088, -5241, 7186, 3337, 47810, -14490, 17023, 31101
15619.0, 25, -5241, 7186, 3337, 47810, -14490, 17023, 31101
15624.8, 1109, -4842, 7214, 3547, 26705, -599, 13965, 31100
15628.5, 1114, -4842, 7214, 3547, 26705, -599, 13965, 31058
15632.8, 1076, -4842, 7214, 3547, 26705, -599, 13965, 31058
15636.5, 1065, -4842, 7214, 3547, 26705, -599, 13965, 31083
15638.8, 25, -4842, 7214, 3547, 26705, -599, 13965, 31083
15644.5, 1185, -5031, 6990, 3465, 18519, 4694, 23542, 31067
15646.8, 25, -5031, 6990, 3465, 18519, 4694, 23542, 31067
15652.5, 1215, -5255, 7033, 2938, 9262, 4694, 23542, 31025
15656.2, 1096, -5255, 7033, 2938, 9262, 4694, 23542, 30983
15660.5, 974, -5627, 6969, 3002, 2961, 2861, 24364, 30983
15664.2, 1134, -5627, 6969, 3002, 2961, 2861, 24364, 30941
15666.5, 25, -5627, 6969, 3002, 2961, 2861, 24364, 30941
15670.7, 995, -5664, 7011, 3299, -2432, 1242, 21227, 30941
15674.4, 1134, -5664, 7011, 3299, -2432, 1242, 21227, 30879
15676.7, 24, -5664, 7011, 3299, -2432, 1242, 21227, 30879
15680.9, 1085, -5446, 7168, 3221, -7595, 2016, 16752, 30879
15684.6, 1116, -5446, 7168, 3221, -7595, 2016, 16752, 30835
15686.9, 25, -5446, 7168, 3221, -7595, 2016, 16752, 30835
15692.6, 1165, -5283, 6878, 3068, -14039, 2743, 14039, 30786
15696.3, 1084, -5283, 6878, 3068, -14039, 2743, 14039, 30742
15700.5, 1036, -5115, 6892, 2922, -21017, 3202, 12206, 30742
15704.3, 1079, -5115, 6892, 2922, -21017, 3202, 12206, 30753
15706.6, 22, -5115, 6892, 2922, -21017, 3202, 12206, 30753
15710.9, 958, -5044, 6850, 2773, -25939, 3049, 12285, 30753
15714.6, 1131, -5044, 6850, 2773, -25939, 3049, 12285, 30911
15718.9, 1076, -5097, 6957, 3035, -32187, 3233, 12849, 30911
15722.6, 1121, -5097, 6957, 3035, -32187, 3233, 12849, 30947
15726.3, 1100, -5097, 6957, 3035, -32187, 3233, 12849, 30911
15730.6, 1025, -5121, 7140, 3605, -36426, 2611, 14127, 30911
15734.3, 1096, -5121, 7140, 3605, -36426, 2611, 14127, 30928
15738.6, 1039, -5054, 7305, 3484, -40359, 551, 12937, 30928
15742.3, 1088, -5054, 7305, 3484, -40359, 551, 12937, 31143
15746.1, 1066, -5054, 7305, 3484, -40359, 551, 12937, 31464
15750.3, 1001, -4831, 7103, 3311, -46428, -2156, 11265, 31464
15754.1, 1083, -4831, 7103, 3311, -46428, -2156, 11265, 31785
15758.3, 1035, -5062, 6723, 3622, -52933, -3850, 10688, 31785
15762.0, 1103, -5062, 6723, 3622, -52933, -3850, 10688, 31707
15765.8, 1057, -5062, 6723, 3622, -52933, -3850, 10688, 32420
15770.0, 1064, -4729, 6855, 3238, -60074, -4545, 13427, 32420
15773.7, 1097, -4729, 6855, 3238, -60074, -4545, 13427, 31748
15777.9, 1055, -5011, 6977, 3990, -66155, -7542, 17399, 31748
15781.7, 1071, -5011, 6977, 3990, -66155, -7542, 17399, 31775
15784.0, 24, -5011, 6977, 3990, -66155, -7542, 17399, 31775
15789.8, 1073, -4657, 7032, 3473, -70342, -9940, 21919, 31803
15793.5, 1116, -4657, 7032, 3473, -70342, -9940, 21919, 31823
15797.7, 1014, -4891, 7300, 3948, -74170, -10578, 24815, 31823
15801.5, 1010, -4891, 7300, 3948, -74170, -10578, 24815, 31834
15803.8, 24, -4891, 7300, 3948, -74170, -10578, 24815, 31834
15809.5, 1142, -4825, 7128, 3911, -76152, -12875, 26626, 31835
15811.8, 25, -4825, 7128, 3911, -76152, -12875, 26626, 31835
15817.5, 1147, -4667, 6827, 3881, -82286, -15645, 24316, 31819
15821.2, 1031, -4667, 6827, 3881, -82286, -15645, 24316, 31849
15825.5, 915, -4891, 6839, 3800, -86888, -16708, 20816, 31849
15829.2, 1070, -4891, 6839, 3800, -86888, -16708, 20816, 31864
15831.5, 23, -4891, 6839, 3800, -86888, -16708, 20816, 31864
15835.7, 958, -4795, 7151, 4188, -93556, -14914, 21192, 31864
15839.4, 1085, -4795, 7151, 4188, -93556, -14914, 21192, 31877
15841.7, 23, -4795, 7151, 4188, -93556, -14914, 21192, 31877
15845.9, 1018, -4242, 7244, 4253, -99515, -17710, 22697, 31877
15849.6, 1065, -4242, 7244, 4253, -99515, -17710, 22697, 31826
15851.9, 24, -4242, 7244, 4253, -99515, -17710, 22697, 31826
15857.6, 1183, -3713, 7525, 4322, -100110, -19482, 19285, 31911
15861.3, 1075, -3713, 7525, 4322, -100110, -19482, 19285, 31942
15865.6, 970, -3460, 7515, 3926, -98207, -16848, 15417, 31942
15869.4, 1082, -3460, 7515, 3926, -98207, -16848, 15417, 32007
15873.6, 995, -4213, 6800, 4013, -99554, -8798, 10749, 32007
15877.3, 1104, -4213, 6800, 4013, -99554, -8798, 10749, 32067
15881.1, 1122, -4213, 6800, 4013, -99554, -8798, 10749, 32133
15885.4, 1069, -3798, 7542, 3873, -95175, -6728, 9769, 32133
15889.1, 1106, -3798, 7542, 3873, -95175, -6728, 9769, 32195
15893.3, 1012, -3997, 6906, 3868, -92287, -4808, 16629, 32195
15897.0, 1147, -3997, 6906, 3868, -92287, -4808, 16629, 32274
15900.7, 1137, -3997, 6906, 3868, -92287, -4808, 16629, 32283
15905.0, 1056, -4510, 6464, 4096, -89312, -2686, 9415, 32283
15908.7, 1127, -4510, 6464, 4096, -89312, -2686, 9415, 32432
15912.9, 1063, -4789, 6504, 3890, -93521, 4501, -9086, 32432
15916.7, 1100, -4789, 6504, 3890, -93521, 4501, -9086, 32515
15919.0, 26, -4789, 6504, 3890, -93521, 4501, -9086, 32515
15924.8, 1002, -5210, 6695, 4920, -98255, 12223, -24426, 32581
15928.5, 1149, -5210, 6695, 4920, -98255, 12223, -24426, 32635
15932.7, 1002, -5041, 6661, 4934, -100228, 10242, -31714, 32635
15936.5, 1085, -5041, 6661, 4934, -100228, 10242, -31714, 32680
15938.8, 29, -5041, 6661, 4934, -100228, 10242, -31714, 32680
15944.6, 1074, -4895, 6934, 5152, -98662, 8054, -34208, 32727
15948.3, 1138, -4895, 6934, 5152, -98662, 8054, -34208, 32753
15954.0, 1074, -4848, 6783, 4623, -98443, 5328, -33237, 32771
15957.8, 1088, -4848, 6783, 4623, -98443, 5328, -33237, 32797
15963.5, 1252, -5033, 5821, 5018, -100578, 4523, -33377, 32808
15965.7, 35, -5033, 5821, 5018, -100578, 4523, -33377, 32808
15968.0, 7, -5033, 5821, 5018, -100578, 4523, -33377, 32808
15973.7, 1265, -4988, 5557, 5812, -102993, 5118, -37104, 32788
15976.0, 35, -4988, 5557, 5812, -102993, 5118, -37104, 32788
15978.2, 7, -4988, 5557, 5812, -102993, 5118, -37104, 32788
15983.9, 1258, -4813, 5299, 5266, -107526, 10395, -44074, 32826
15986.2, 36, -4813, 5299, 5266, -107526, 10395, -44074, 32826
15990.4, 1119, -4622, 5011, 5775, -112045, 11585, -49985, 32826
15994.2, 1123, -4622, 5011, 5775, -112045, 11585, -49985, 32847
15996.5, 29, -4622, 5011, 5775, -112045, 11585, -49985, 32847
16000.7, 1224, -4227, 5515, 4929, -116586, 4449, -54622, 32847
16004.4, 1143, -4227, 5515, 4929, -116586, 4449, -54622, 32855
16006.7, 30, -4227, 5515, 4929, -116586, 4449, -54622, 32855
16010.9, 1148, -4194, 5236, 5374, -113957, -1522, -55493, 32855
16014.6, 1154, -4194, 5236, 5374, -113957, -1522, -55493, 31775
16016.9, 30, -4194, 5236, 5374, -113957, -1522, -55493, 31775
16022.6, 1299, -4348, 4846, 5656, -113795, 11502, -54924, 32876
16026.3, 1218, -4348, 4846, 5656, -113795, 11502, -54924, 32879
16030.6, 1101, -4380, 4272, 5441, -122646, 30314, -51481, 32879
16034.4, 1151, -4380, 4272, 5441, -122646, 30314, -51481, 32869
16038.6, 1159, -4909, 3860, 7053, -118573, 32498, -51879, 32869
16042.3, 1157, -4909, 3860, 7053, -118573, 32498, -51879, 32874
16046.1, 1155, -4909, 3860, 7053, -118573, 32498, -51879, 32867
16050.4, 1090, -5243, 3413, 7001, -115808, 18270, -55987, 32867
16054.2, 1135, -5243, 3413, 7001, -115808, 18270, -55987, 32879
16058.4, 1190, -5332, 3424, 6094, -117387, 8137, -58787, 32879
16062.1, 1234, -5332, 3424, 6094, -117387, 8137, -58787, 32885
16065.9, 1186, -5332, 3424, 6094, -117387, 8137, -58787, 32880
16070.1, 1113, -4931, 2830, 6932, -117881, 4335, -60874, 32880
16073.9, 1142, -4931, 2830, 6932, -117881, 4335, -60874, 32881
16078.1, 1143, -5032, 3091, 6944, -121246, 3801, -65573, 32881
16081.8, 1167, -5032, 3091, 6944, -121246, 3801, -65573, 32872
16085.6, 1129, -5032, 3091, 6944, -121246, 3801, -65573, 32865
16089.8, 1118, -4999, 2997, 6462, -125809, 2690, -69974, 32865
16093.6, 1262, -4999, 2997, 6462, -125809, 2690, -69974, 32852
16097.8, 1184, -5061, 2784, 7507, -120410, -1741, -71317, 32852
16101.6, 1105, -5061, 2784, 7507, -120410, -1741, -71317, 32853
16103.9, 29, -5061, 2784, 7507, -120410, -1741, -71317, 32853
16109.6, 1103, -5429, 2864, 6894, -122602, -3780, -68697, 32839
16113.3, 1174, -5429, 2864, 6894, -122602, -3780, -68697, 32858
16119.1, 1119, -5227, 2260, 6063, -128907, -2082, -66492, 32868
16122.8, 1076, -5227, 2260, 6063, -128907, -2082, -66492, 32880
16128.5, 1181, -5124, 1927, 7343, -121027, -3513, -69611, 32935
16130.8, 33, -5124, 1927, 7343, -121027, -3513, -69611, 32935
16133.0, 3, -5124, 1927, 7343, -121027, -3513, -69611, 32935
16138.7, 1154, -4951, 1643, 6216, -123958, 1505, -73365, 32918
16140.9, 33, -4951, 1643, 6216, -123958, 1505, -73365, 32918
16145.2, 1271, -4951, 1643, 6216, -123958, 1505, -73365, 32918
16149.0, 1148, -4951, 1643, 6216, -123958, 1505, -73365, 32914
16151.2, 33, -4951, 1643, 6216, -123958, 1505, -73365, 32914
16155.5, 1117, -4996, 1089, 7375, -125735, 10539, -72171, 32914
16159.2, 1085, -4996, 1089, 7375, -125735, 10539, -72171, 32907
16161.5, 32, -4996, 1089, 7375, -125735, 10539, -72171, 32907
16165.7, 1275, -5376, 1166, 8178, -130228, 4711, -67590, 32907
16169.4, 1289, -5376, 1166, 8178, -130228, 4711, -67590, 32912
16171.7, 46, -5376, 1166, 8178, -130228, 4711, -67590, 32912
16175.9, 1141, -5696, 845, 6754, -128395, -4593, -66391, 32912
16179.6, 1186, -5696, 845, 6754, -128395, -4593, -66391, 32907
16181.9, 38, -5696, 845, 6754, -128395, -4593, -66391, 32907
16187.6, 1327, -6006, 769, 7774, -126058, -12495, -69760, 32899
16191.3, 1139, -6006, 769, 7774, -126058, -12495, -69760, 32873
16195.6, 1282, -6658, 769, 7774, -127235, -7770, -72249, 32873
16199.4, 1217, -6658, 769, 7774, -127235, -7770, -72249, 32910
16203.6, 1189, -6927, 220, 6034, -127235, -7770, -72249, 32910
16207.4, 1227, -6927, 220, 6034, -127235, -7770, -72249, 32905
16211.1, 1245, -6927, 220, 6034, -127235, -7770, -72249, 32905
16215.4, 1365, -6317, -788, 6923, -122125, -1225, -85685, 32905
16219.1, 1260, -6317, -788, 6923, -122125, -1225, -85685, 32877
16223.3, 1083, -5796, -1019, 7722, -122125, -1225, -85685, 32877
16227.0, 1526, -5796, -1019, 7722, -122125, -1225, -85685, 32915
16230.8, 1419, -5796, -1019, 7722, -122125, -1225, -85685, 32905
16235.0, 1146, -5387, -1128, 7003, -127900, 6365, -82715, 32905
16238.7, 1327, -5387, -1128, 7003, -127900, 6365, -82715, 32897
16242.9, 1359, -5416, -1135, 8501, -127900, 6365, -82715, 32897
16246.7, 1223, -5416, -1135, 8501, -127900, 6365, -82715, 32933
16249.0, 55, -5416, -1135, 8501, -127900, 6365, -82715, 32933
16254.8, 1372, -5819, -1058, 7903, -130193, -10421, -68618, 32893
16258.5, 1364, -5819, -1058, 7903, -130193, -10421, -68618, 32881
16262.7, 1128, -6512, -975, 7381, -130193, -10421, -68618, 32881
16266.5, 1158, -6512, -975, 7381, -130193, -10421, -68618, 32823
16268.8, 35, -6512, -975, 7381, -130193, -10421, -68618, 32823
16274.6, 1362, -6897, -1313, 6282, -124129, -5569, -73444, 32879
16278.3, 1494, -6897, -1313, 6282, -124129, -5569, -73444, 32873
16284.0, 1646, -6844, -2056, 6282, -124129, -5569, -73444, 32879
16286.3, 546, -6844, -2056, 6282, -124129, -5569, -73444, 32879
16288.5, 500, -6844, -2056, 6282, -124129, -5569, -73444, 32879
16294.3, 1583, -6101, -2478, 6199, -124462, 9415, -84036, 32880
16296.5, 132, -6101, -2478, 6199, -124462, 9415, -84036, 32880
16300.8, 988, -5659, -2350, 8344, -121285, 15964, -93451, 32880
16304.5, 1527, -5659, -2350, 8344, -121285, 15964, -93451, 32858
16306.8, 540, -5659, -2350, 8344, -121285, 15964, -93451, 32858
16312.5, 1550, -5688, -2392, 8610, -121281, 14205, -93272, 32860
16316.2, 1368, -5688, -2392, 8610, -121281, 14205, -93272, 32873
16320.5, 1417, -6001, -2712, 7712, -122891, 10841, -81988, 32873
16324.2, 1522, -6001, -2712, 7712, -122891, 10841, -81988, 32886
16326.5, 404, -6001, -2712, 7712, -122891, 10841, -81988, 32886
16330.7, 1392, -6350, -3413, 7310, -122296, -1189, -71186, 32886
16334.4, 1454, -6350, -3413, 7310, -122296, -1189, -71186, 32883
16336.7, 216, -6350, -3413, 7310, -122296, -1189, -71186, 32883
16340.9, 1162, -6566, -3898, 7292, -116775, -16559, -70994, 32883
16344.6, 1696, -6566, -3898, 7292, -116775, -16559, -70994, 32870
16348.9, 1697, -6189, -4048, 5470, -116158, -12044, -77482, 32870
16352.6, 1317, -6189, -4048, 5470, -116158, -12044, -77482, 32861
16356.3, 1307, -6189, -4048, 5470, -116158, -12044, -77482, 32854
16360.6, 1600, -5644, -4299, 5860, -118875, 5438, -84775, 32854
16364.4, 1656, -5644, -4299, 5860, -118875, 5438, -84775, 32842
16368.6, 1177, -5359, -3723, 8333, -118555, 11677, -90170, 32842
16372.3, 1278, -5359, -3723, 8333, -118555, 11677, -90170, 32848
16376.1, 1815, -5359, -3723, 8333, -118555, 11677, -90170, 32842
16380.4, 1640, -5414, -3470, 8145, -121311, 10417, -88179, 32842
16384.2, 1635, -5414, -3470, 8145, -121311, 10417, -88179, 32799
16388.4, 1487, -5875, -3605, 8466, -120436, 8929, -78834, 32799
16392.1, 1408, -5875, -3605, 8466, -120436, 8929, -78834, 32845
16395.9, 1510, -5875, -3605, 8466, -120436, 8929, -78834, 32852
16400.1, 1500, -6334, -4139, 7856, -120104, -1574, -70600, 32852
16403.9, 1455, -6334, -4139, 7856, -120104, -1574, -70600, 32865
16408.1, 1341, -6333, -5185, 7172, -116289, -18283, -70863, 32865
16411.8, 1408, -6333, -5185, 7172, -116289, -18283, -70863, 32898
16415.6, 1270, -6333, -5185, 7172, -116289, -18283, -70863, 32878
16419.8, 1895, -5962, -5636, 6290, -110383, -30752, -79893, 32878
16423.5, 1773, -5962, -5636, 6290, -110383, -30752, -79893, 32883
16427.8, 1166, -5258, -5833, 5648, -109801, -31876, -90520, 32883
16431.5, 1183, -5258, -5833, 5648, -109801, -31876, -90520, 32889
16433.8, 104, -5258, -5833, 5648, -109801, -31876, -90520, 32889
16439.6, 1802, -4524, -5505, 6922, -108090, -27724, -94829, 32909
16443.3, 1947, -4524, -5505, 6922, -108090, -27724, -94829, 32890
16449.0, 1399, -4170, -5148, 7566, -109971, -20309, -87300, 32883
16451.3, 240, -4170, -5148, 7566, -109971, -20309, -87300, 32883
16453.5, 386, -4170, -5148, 7566, -109971, -20309, -87300, 32883
16459.3, 1666, -4287, -5353, 8897, -107381, -11532, -71746, 32876
16461.5, 674, -4287, -5353, 8897, -107381, -11532, -71746, 32876
16465.8, 1548, -4727, -5629, 7296, -108628, -11427, -58481, 32876
16469.5, 1494, -4727, -5629, 7296, -108628, -11427, -58481, 32888
16471.8, 396, -4727, -5629, 7296, -108628, -11427, -58481, 32888
16477.5, 1652, -5172, -6553, 6093, -109442, -20046, -54469, 32860
16481.2, 1545, -5172, -6553, 6093, -109442, -20046, -54469, 32859
16485.5, 1448, -5218, -6921, 5872, -103168, -30638, -60231, 32859
16489.2, 1492, -5218, -6921, 5872, -103168, -30638, -60231, 32852
16491.5, 425, -5218, -6921, 5872, -103168, -30638, -60231, 32852
16495.7, 1333, -4889, -7301, 4192, -106112, -26950, -69349, 32852
16499.4, 1365, -4889, -7301, 4192, -106112, -26950, -69349, 32850
16501.7, 739, -4889, -7301, 4192, -106112, -26950, -69349, 32850
16505.9, 1635, -4243, -7426, 5186, -106344, -17036, -74778, 32850
16509.6, 1522, -4243, -7426, 5186, -106344, -17036, -74778, 32876
16513.9, 1843, -4176, -6591, 6586, -105522, -13733, -72582, 32876
16517.6, 1973, -4176, -6591, 6586, -105522, -13733, -72582, 32833
16521.4, 1629, -4176, -6591, 6586, -105522, -13733, -72582, 32853
16525.6, 1091, -4416, -6358, 7318, -105771, -5814, -60060, 32853
16529.4, 1313, -4416, -6358, 7318, -105771, -5814, -60060, 32861
16533.6, 1426, -4724, -6400, 7351, -109035, -2148, -47368, 32861
16537.3, 1644, -4724, -6400, 7351, -109035, -2148, -47368, 32862
16541.1, 1587, -4724, -6400, 7351, -109035, -2148, -47368, 32862
16545.3, 1632, -5021, -6765, 6860, -106764, -11970, -44634, 32862
16549.1, 1578, -5021, -6765, 6860, -106764, -11970, -44634, 32854
16553.3, 1331, -5172, -6985, 5246, -103881, -25274, -49503, 32854
16557.0, 1617, -5172, -6985, 5246, -103881, -25274, -49503, 32853
16560.7, 1651, -5172, -6985, 5246, -103881, -25274, -49503, 32865
16565.0, 1590, -4923, -7573, 5092, -101370, -28249, -55825, 32865
16568.7, 1620, -4923, -7573, 5092, -101370, -28249, -55825, 32835
16572.9, 1416, -4598, -7852, 5463, -101816, -26784, -59846, 32835
16576.7, 1541, -4598, -7852, 5463, -101816, -26784, -59846, 32835
16579.0, 517, -4598, -7852, 5463, -101816, -26784, -59846, 32835
16585.1, 1370, -4287, -7739, 4853, -105797, -24907, -57711, 32823
16588.9, 1610, -4287, -7739, 4853, -105797, -24907, -57711, 32823
16593.1, 1720, -4110, -7338, 5538, -107298, -24951, -50667, 32823
16596.8, 1522, -4110, -7338, 5538, -107298, -24951, -50667, 32824
16599.1, 218, -4110, -7338, 5538, -107298, -24951, -50667, 32824
16604.9, 1675, -4313, -7199, 6714, -107232, -25322, -42748, 32812
16608.6, 1630, -4313, -7199, 6714, -107232, -25322, -42748, 32825
16612.8, 1535, -4675, -7539, 6382, -105045, -20855, -36894, 32825
16616.6, 1615, -4675, -7539, 6382, -105045, -20855, -36894, 32870
16620.8, 1586, -4841, -8049, 3620, -109245, -13720, -35293, 32870
16624.5, 1470, -4841, -8049, 3620, -109245, -13720, -35293, 32839
16626.8, 412, -4841, -8049, 3620, -109245, -13720, -35293, 32839
16631.0, 1533, -4831, -8845, 4236, -104266, -17832, -40320, 32839
16634.7, 1608, -4831, -8845, 4236, -104266, -17832, -40320, 32853
16637.0, 577, -4831, -8845, 4236, -104266, -17832, -40320, 32853
16642.7, 1687, -4377, -8885, 4110, -99423, -26219, -48252, 32856
16646.4, 1592, -4377, -8885, 4110, -99423, -26219, -48252, 32850
16650.7, 1401, -3832, -8746, 3237, -101296, -23008, -51520, 32850
16654.5, 1571, -3832, -8746, 3237, -101296, -23008, -51520, 32845
16656.7, 508, -3832, -8746, 3237, -101296, -23008, -51520, 32845
16661.0, 1598, -3468, -8455, 4716, -102914, -19390, -47972, 32845
16664.7, 1606, -3468, -8455, 4716, -102914, -19390, -47972, 32858
16669.0, 1507, -3468, -8455, 5786, -105723, -21980, -40119, 32858
16672.8, 1633, -3468, -8455, 5786, -105723, -21980, -40119, 32856
16676.5, 1693, -3468, -8455, 5786, -105723, -21980, -40119, 32878
16680.8, 1528, -3604, -8017, 6046, -106257, -24377, -31666, 32878
16684.5, 1480, -3604, -8017, 6046, -106257, -24377, -31666, 32841
16688.7, 1441, -3604, -8017, 4654, -110921, -22019, -26639, 32841
16692.5, 1497, -3604, -8017, 4654, -110921, -22019, -26639, 32835
16696.3, 1804, -3604, -8017, 4654, -110921, -22019, -26639, 32842
16700.5, 1632, -4012, -8312, 4353, -111061, -24793, -29081, 32842
16704.3, 1508, -4012, -8312, 4353, -111061, -24793, -29081, 32849
16708.5, 1348, -4012, -8579, 3677, -110054, -32546, -35127, 32849
16712.3, 1619, -4012, -8579, 3677, -110054, -32546, -35127, 32854
16716.0, 1626, -4012, -8579, 3677, -110054, -32546, -35127, 32834
16720.3, 1538, -4094, -8959, 2615, -110326, -30848, -37844, 32834
16724.1, 1610, -4094, -8959, 2615, -110326, -30848, -37844, 32834
16728.3, 1549, -3785, -9332, 2554, -111822, -23620, -35984, 32834
16732.0, 1595, -3785, -9332, 2554, -111822, -23620, -35984, 32839
16735.8, 1582, -3785, -9332, 2554, -111822, -23620, -35984, 32878
16740.1, 1506, -3256, -9356, 2886, -112430, -23253, -32533, 32878
16743.9, 1577, -3256, -9356, 2886, -112430, -23253, -32533, 32806
16748.1, 1574, -2866, -9195, 3119, -114338, -25362, -27996, 32806
16751.8, 1649, -2866, -9195, 3119, -114338, -25362, -27996, 32849
16755.6, 1586, -2866, -9195, 3119, -114338, -25362, -27996, 32846
16759.8, 1444, -2986, -8907, 2575, -117387, -21214, -24233, 32846
16763.6, 1643, -2986, -8907, 2575, -117387, -21214, -24233, 32839
16767.8, 1473, -3540, -9211, 3324, -116670, -12696, -25077, 32839
16771.5, 2078, -3540, -9211, 3324, -116670, -12696, -25077, 32837
16775.7, 1533, -3540, -9211, 3324, -116670, -12696, -25077, 32837
16779.5, 1234, -3540, -9211, 3324, -116670, -12696, -25077, 32823
16781.8, 47, -3540, -9211, 3324, -116670, -12696, -25077, 32823
16787.5, 1664, -3731, -9055, 4400, -118249, -6466, -30516, 32834
16791.3, 1602, -3731, -9055, 4400, -118249, -6466, -30516, 32793
16795.5, 1609, -4215, -9704, 5357, -120983, -3640, -34501, 32793
16799.3, 1671, -4215, -9704, 5357, -120983, -3640, -34501, 32823
16801.5, 648, -4215, -9704, 5357, -120983, -3640, -34501, 32823
16805.8, 1593, -4071, -10089, 3731, -123022, -4952, -36505, 32823
16809.6, 1566, -4071, -10089, 3731, -123022, -4952, -36505, 32826
16811.9, 552, -4071, -10089, 3731, -123022, -4952, -36505, 32826
16817.6, 1700, -3515, -9841, 1915, -123123, -16515, -41221, 32821
16821.3, 1583, -3515, -9841, 1915, -123123, -16515, -41221, 32815
16825.6, 1593, -3087, -9701, 1205, -123123, -16515, -41221, 32815
16829.4, 1625, -3087, -9701, 1205, -123123, -16515, -41221, 32809
16831.6, 509, -3087, -9701, 1205, -123123, -16515, -41221, 32809
16835.9, 1588, -2521, -10214, -247, -113253, -18572, -34440, 32809
16839.6, 1633, -2521, -10214, -247, -113253, -18572, -34440, 32682
16843.8, 1491, -1966, -10653, -1778, -113253, -18572, -34440, 32682
16847.6, 1552, -1966, -10653, -1778, -113253, -18572, -34440, 32660
16851.3, 1598, -1966, -10653, -1778, -113253, -18572, -34440, 32646
16855.6, 1380, -1523, -11243, -2032, -85156, -4147, -24364, 32646
16859.4, 1528, -1523, -11243, -2032, -85156, -4147, -24364, 32624
16863.6, 1586, -1030, -11038, -2053, -85156, -4147, -24364, 32624
16867.3, 1571, -1030, -11038, -2053, -85156, -4147, -24364, 32607
16871.1, 1518, -1030, -11038, -2053, -85156, -4147, -24364, 32526
16875.4, 1492, -795, -10413, -3220, -62764, 4720, -14748, 32526
16879.1, 1578, -795, -10413, -3220, -62764, 4720, -14748, 32536
16883.3, 1540, -729, -10649, -2595, -62764, 4720, -14748, 32536
16887.0, 1677, -729, -10649, -2595, -62764, 4720, -14748, 32503
16890.7, 1547, -729, -10649, -2595, -62764, 4720, -14748, 32480
16895.0, 1425, -659, -10701, -1387, -46664, 9896, -6216, 32480
16898.7, 1475, -659, -10701, -1387, -46664, 9896, -6216, 32419
16902.9, 1512, -1017, -10890, -880, -46664, 9896, -6216, 32419
16906.7, 1514, -1017, -10890, -880, -46664, 9896, -6216, 32424
16909.0, 388, -1017, -10890, -880, -46664, 9896, -6216, 32424
16914.8, 1583, -1733, -11097, 130, -37612, 19035, 4523, 32398
16918.5, 1595, -1733, -11097, 130, -37612, 19035, 4523, 32366
16922.7, 1556, -2525, -11245, 966, -37612, 19035, 4523, 32366
16926.5, 1560, -2525, -11245, 966, -37612, 19035, 4523, 32372
16928.7, 402, -2525, -11245, 966, -37612, 19035, 4523, 32372
16934.5, 1712, -2983, -10878, 607, -37866, 25112, 4974, 32325
16936.8, 476, -2983, -10878, 607, -37866, 25112, 4974, 32325
16942.5, 1687, -3083, -10622, 566, -36851, 28381, 2393, 32287
16946.2, 1529, -3083, -10622, 566, -36851, 28381, 2393, 32279
16950.5, 1584, -2882, -10470, 711, -33438, 22912, -3228, 32279
16954.2, 1541, -2882, -10470, 711, -33438, 22912, -3228, 32245
16956.5, 333, -2882, -10470, 711, -33438, 22912, -3228, 32245
16960.7, 1497, -2659, -10195, 1048, -30590, 11467, -7196, 32245
16964.4, 1542, -2659, -10195, 1048, -30590, 11467, -7196, 32252
16966.7, 357, -2659, -10195, 1048, -30590, 11467, -7196, 32252
16970.9, 1584, -2596, -10103, 927, -28258, 437, -5626, 32252
16974.6, 1569, -2596, -10103, 927, -28258, 437, -5626, 32239
16976.9, 411, -2596, -10103, 927, -28258, 437, -5626, 32239
16982.6, 1687, -2712, -9987, 402, -27374, -7135, -936, 32177
16986.3, 1531, -2712, -9987, 402, -27374, -7135, -936, 32210
16990.6, 1534, -2685, -9864, 156, -24207, -11147, 2091, 32210
16994.4, 1498, -2685, -9864, 156, -24207, -11147, 2091, 32194
16996.7, 342, -2685, -9864, 156, -24207, -11147, 2091, 32194
17000.9, 1535, -2632, -9817, 177, -20978, -11051, 2624, 32194
17004.6, 1552, -2632, -9817, 177, -20978, -11051, 2624, 32181
17008.8, 1545, -2437, -9733, 125, -19105, -7739, 2467, 32181
17012.6, 1549, -2437, -9733, 125, -19105, -7739, 2467, 32171
17016.4, 1527, -2437, -9733, 125, -19105, -7739, 2467, 32153
17020.6, 1519, -2388, -9795, 98, -17854, -3836, 4007, 32153
17024.4, 1525, -2388, -9795, 98, -17854, -3836, 4007, 32673
17028.6, 1508, -2450, -9885, 160, -16445, -1592, 7144, 32673
17032.3, 1580, -2450, -9885, 160, -16445, -1592, 7144, 32131
17036.1, 1651, -2450, -9885, 160, -16445, -1592, 7144, 32062
17040.3, 1595, -2566, -10074, 378, -14730, -1189, 9695, 32062
17044.1, 1401, -2566, -10074, 378, -14730, -1189, 9695, 32108
17048.3, 1357, -2866, -10023, 670, -12114, -1111, 10176, 32108
17052.0, 1452, -2866, -10023, 670, -12114, -1111, 10176, 32097
17055.7, 1519, -2866, -10023, 670, -12114, -1111, 10176, 32098
17060.0, 1506, -2830, -9987, 440, -12473, -1093, 9222, 32098
17063.7, 1517, -2830, -9987, 440, -12473, -1093, 9222, 32068
17067.9, 1516, -2577, -9916, 345, -11370, -3250, 6138, 32068
17071.7, 1457, -2577, -9916, 345, -11370, -3250, 6138, 32047
17074.0, 243, -2577, -9916, 345, -11370, -3250, 6138, 32047
17079.8, 1546, -2170, -9681, -145, -10758, -7441, 2607, 32646
17083.5, 1384, -2170, -9681, -145, -10758, -7441, 2607, 32014
17087.7, 1340, -1844, -9683, -328, -11427, -10697, 1286, 32014
17091.5, 1369, -1844, -9683, -328, -11427, -10697, 1286, 31990
17093.8, 247, -1844, -9683, -328, -11427, -10697, 1286, 31990
17099.5, 1617, -1792, -9726, -452, -10071, -11550, 2668, 31972
17101.8, 287, -1792, -9726, -452, -10071, -11550, 2668, 31972
17107.5, 1649, -1935, -9759, -525, -10705, -8277, 4873, 31975
17111.2, 1413, -1935, -9759, -525, -10705, -8277, 4873, 31928
17115.5, 1400, -1886, -9793, -1236, -13912, -2156, 5206, 31928
17119.2, 1353, -1886, -9793, -1236, -13912, -2156, 5206, 31912
17121.5, 52, -1886, -9793, -1236, -13912, -2156, 5206, 31912
17125.7, 1406, -1927, -9790, -1521, -14135, 8697, 3731, 31912
17129.4, 1449, -1927, -9790, -1521, -14135, 8697, 3731, 31901
17131.7, 204, -1927, -9790, -1521, -14135, 8697, 3731, 31901
17135.9, 1487, -1919, -10077, -1216, -12897, 21052, 2935, 31901
17139.6, 1458, -1919, -10077, -1216, -12897, 21052, 2935, 31883
17141.9, 153, -1919, -10077, -1216, -12897, 21052, 2935, 31883
17147.6, 1491, -1804, -10125, -1369, -13304, 31233, 2957, 31871
17151.3, 1409, -1804, -10125, -1369, -13304, 31233, 2957, 31849
17155.6, 1418, -1865, -10217, -1363, -14437, 37577, 4379, 31849
17159.3, 1335, -1865, -10217, -1363, -14437, 37577, 4379, 31834
17161.6, 70, -1865, -10217, -1363, -14437, 37577, 4379, 31834
17165.9, 1401, -1921, -10353, -1015, -13147, 38561, 6278, 31834
17169.6, 1434, -1921, -10353, -1015, -13147, 38561, 6278, 31838
17173.9, 1408, -1804, -10268, -652, -12438, 31815, 5280, 31838
17177.6, 1404, -1804, -10268, -652, -12438, 31815, 5280, 31825
17181.3, 1534, -1804, -10268, -652, -12438, 31815, 5280, 31809
17185.6, 1351, -1813, -9874, -1043, -14210, 24710, 2821, 31809
17189.3, 1380, -1813, -9874, -1043, -14210, 24710, 2821, 31798
17193.6, 1277, -2026, -9745, -1361, -15653, 26779, 2388, 31798
17197.3, 1314, -2026, -9745, -1361, -15653, 26779, 2388, 31815
17201.1, 1386, -2026, -9745, -1361, -15653, 26779, 2388, 31802
17205.3, 1415, -2084, -9787, -1311, -17019, 37065, 2926, 31802
17209.1, 1472, -2084, -9787, -1311, -17019, 37065, 2926, 31787
17213.3, 1429, -1939, -9852, -1496, -17307, 50361, 2187, 31787
17217.0, 1355, -1939, -9852, -1496, -17307, 50361, 2187, 31831
17220.8, 1294, -1939, -9852, -1496, -17307, 50361, 2187, 31803
17225.0, 1323, -1793, -9848, -1448, -20755, 64418, 1461, 31803
17228.7, 1378, -1793, -9848, -1448, -20755, 64418, 1461, 31809
17232.9, 1382, -1742, -9778, -1612, -23546, 76681, 2520, 31809
17236.7, 1354, -1742, -9778, -1612, -23546, 76681, 2520, 31815
17239.0, 125, -1742, -9778, -1612, -23546, 76681, 2520, 31815
17244.7, 1426, -1769, -9748, -1451, -24867, 84823, 3749, 31811
17248.4, 1385, -1769, -9748, -1451, -24867, 84823, 3749, 31818
17254.1, 1490, -2072, -9608, -1124, -25637, 86390, 2756, 31850
17256.3, 60, -2072, -9608, -1124, -25637, 86390, 2756, 31850
17258.6, 38, -2072, -9608, -1124, -25637, 86390, 2756, 31850
17264.3, 1506, -2553, -9409, -817, -26311, 84591, 2161, 31823
17266.6, 61, -2553, -9409, -817, -26311, 84591, 2161, 31823
17270.8, 1399, -3141, -9457, 227, -26626, 81323, 3338, 31823
17274.6, 1352, -3141, -9457, 227, -26626, 81323, 3338, 31853
17276.9, 52, -3141, -9457, 227, -26626, 81323, 3338, 31853
17282.6, 1519, -3591, -9559, 819, -29264, 72823, 3749, 31827
17286.3, 1398, -3591, -9559, 819, -29264, 72823, 3749, 31836
17290.5, 1386, -3800, -9571, 839, -33058, 60310, 848, 31836
17294.3, 1373, -3800, -9571, 839, -33058, 60310, 848, 31836
17296.5, 56, -3800, -9571, 839, -33058, 60310, 848, 31836
17300.8, 1377, -3745, -9385, 433, -34878, 50199, -4353, 31836
17304.6, 1392, -3745, -9385, 433, -34878, 50199, -4353, 31830
17306.9, 88, -3745, -9385, 433, -34878, 50199, -4353, 31830
17312.6, 1500, -3451, -9357, 2, -38754, 47014, -9800, 31835
17316.3, 1376, -3451, -9357, 2, -38754, 47014, -9800, 31873
17320.6, 1330, -2961, -9454, -580, -44091, 47583, -15522, 31873
17324.4, 1348, -2961, -9454, -580, -44091, 47583, -15522, 31836
17328.6, 1371, -2961, -9454, -580, -44091, 50772, -19849, 31836
17332.3, 1390, -2961, -9454, -580, -44091, 50772, -19849, 31833
17336.1, 1358, -2961, -9454, -580, -44091, 50772, -19849, 31822
17340.4, 1345, -1963, -9634, -1270, -44406, 50890, -22207, 31822
17344.1, 1355, -1963, -9634, -1270, -44406, 50890, -22207, 31797
17348.3, 1394, -1963, -9634, -1270, -44406, 54491, -22605, 31797
17352.0, 1351, -1963, -9634, -1270, -44406, 54491, -22605, 31829
17355.8, 1290, -1963, -9634, -1270, -44406, 54491, -22605, 31829
17360.0, 1336, -3018, -9211, -2598, -45605, 64239, -18922, 31829
17363.7, 1391, -3018, -9211, -2598, -45605, 64239, -18922, 31901
17367.9, 1353, -3018, -9211, -2598, -45605, 64239, -16012, 31901
17371.7, 1311, -3018, -9211, -2598, -45605, 64239, -16012, 31927
17374.0, 46, -3018, -9211, -2598, -45605, 64239, -16012, 31927
17379.8, 1348, -2359, -9092, -656, -41383, 67572, -18414, 31934
17383.5, 1314, -2359, -9092, -656, -41383, 67572, -18414, 31952
17387.7, 1291, -2359, -9092, -656, -41383, 53559, -22785, 31952
17391.5, 1314, -2359, -9092, -656, -41383, 53559, -22785, 31974
17393.8, 48, -2359, -9092, -656, -41383, 53559, -22785, 31974
17399.5, 1355, -2527, -9402, -536, -44227, 40390, -24710, 32002
17403.3, 1312, -2527, -9402, -536, -44227, 40390, -24710, 32032
17409.0, 1344, -2795, -9761, -1530, -46795, 39944, -23568, 32059
17412.7, 1323, -2795, -9761, -1530, -46795, 39944, -23568, 32079
17418.5, 1363, -2795, -9761, -1530, -46795, 39944, -23568, 32094
17420.7, 40, -2795, -9761, -1530, -46795, 39944, -23568, 32094
17423.0, 7, -2795, -9761, -1530, -46795, 39944, -23568, 32094
17428.7, 1442, -2797, -9815, -2059, -46511, 53205, -22041, 32102
17430.9, 47, -2797, -9815, -2059, -46511, 53205, -22041, 32102
17433.2, 8, -2797, -9815, -2059, -46511, 53205, -22041, 32102
17438.9, 1431, -2362, -9545, -2274, -45146, 50103, -24084, 32093
17441.2, 45, -2362, -9545, -2274, -45146, 50103, -24084, 32093
17445.4, 1238, -1800, -9403, -2633, -45146, 50103, -24084, 32093
17449.2, 1285, -1800, -9403, -2633, -45146, 50103, -24084, 32113
17451.5, 36, -1800, -9403, -2633, -45146, 50103, -24084, 32113
17455.7, 1335, -1618, -9445, -2344, -41493, 42053, -25686, 32113
17459.4, 1323, -1618, -9445, -2344, -41493, 42053, -25686, 32107
17461.7, 40, -1618, -9445, -2344, -41493, 42053, -25686, 32107
17465.9, 1326, -1760, -9641, -1050, -37218, 30297, -25204, 32107
17469.6, 1319, -1760, -9641, -1050, -37218, 30297, -25204, 32122
17471.9, 41, -1760, -9641, -1050, -37218, 30297, -25204, 32122
17477.6, 1396, -2132, -9745, -972, -33329, 12696, -23616, 32129
17481.3, 1315, -2132, -9745, -972, -33329, 12696, -23616, 32143
17485.6, 1297, -2330, -9601, -2142, -31259, 1220, -20956, 32143
17489.4, 1282, -2330, -9601, -2142, -31259, 1220, -20956, 32154
17493.6, 1294, -2324, -9637, -3183, -29697, 5061, -17937, 32154
17497.3, 1282, -2324, -9637, -3183, -29697, 5061, -17937, 32166
17501.1, 1302, -2324, -9637, -3183, -29697, 5061, -17937, 32198
17505.3, 1247, -2230, -9742, -3343, -27151, 18419, -15505, 32198
17509.1, 1308, -2230, -9742, -3343, -27151, 18419, -15505, 32204
17513.3, 1284, -1947, -9781, -3274, -25445, 31636, -14691, 32204
17517.0, 1308, -1947, -9781, -3274, -25445, 31636, -14691, 32236
17520.7, 1272, -1947, -9781, -3274, -25445, 31636, -14691, 32265
17525.0, 1238, -1575, -9620, -3162, -23056, 40158, -14621, 32265
17528.7, 1277, -1575, -9620, -3162, -23056, 40158, -14621, 32265
17532.9, 1247, -1403, -9524, -2977, -19674, 44004, -12412, 32265
17536.7, 1236, -1403, -9524, -2977, -19674, 44004, -12412, 32259
17539.0, 35, -1403, -9524, -2977, -19674, 44004, -12412, 32259
17544.8, 1262, -1302, -9473, -2683, -17815, 43790, -8548, 32284
17548.5, 1266, -1302, -9473, -2683, -17815, 43790, -8548, 32287
17552.7, 1234, -1297, -9473, -1904, -16997, 38303, -5735, 32287
17556.5, 1199, -1297, -9473, -1904, -16997, 38303, -5735, 32281
17558.8, 33, -1297, -9473, -1904, -16997, 38303, -5735, 32281
17564.6, 1249, -1463, -9661, -873, -15863, 22750, -6155, 32215
17568.3, 1242, -1463, -9661, -873, -15863, 22750, -6155, 32271
17574.1, 1283, -1714, -9920, -709, -12600, -223, -9944, 32275
17577.8, 1227, -1714, -9920, -709, -12600, -223, -9944, 32265
17583.5, 1329, -2003, -9826, -1761, -7494, -17649, -12595, 32285
17585.7, 39, -2003, -9826, -1761, -7494, -17649, -12595, 32285
17588.0, 6, -2003, -9826, -1761, -7494, -17649, -12595, 32285
17593.7, 1340, -2370, -9588, -3129, -6260, -19709, -10066, 32271
17595.9, 37, -2370, -9588, -3129, -6260, -19709, -10066, 32271
17600.2, 1233, -2544, -9373, -3820, -5941, -9170, -5053, 32271
17604.0, 1229, -2544, -9373, -3820, -5941, -9170, -5053, 32279
17606.2, 33, -2544, -9373, -3820, -5941, -9170, -5053, 32279
17610.5, 1274, -2486, -9463, -3553, -3902, 2397, -2839, 32279
17614.2, 1246, -2486, -9463, -3553, -3902, 2397, -2839, 32270
17616.5, 32, -2486, -9463, -3553, -3902, 2397, -2839, 32270
17620.8, 1224, -2166, -9409, -2859, -96, 4283, -5162, 32270
17624.5, 1215, -2166, -9409, -2859, -96, 4283, -5162, 32292
17626.8, 31, -2166, -9409, -2859, -96, 4283, -5162, 32292
17632.6, 1312, -1697, -9306, -2307, 3937, -3434, -8596, 32309
17636.3, 1226, -1697, -9306, -2307, 3937, -3434, -8596, 32320
17640.6, 1220, -1072, -9269, -2267, 5337, -15023, -8365, 32320
17644.3, 1200, -1072, -9269, -2267, 5337, -15023, -8365, 32305
17646.6, 31, -1072, -9269, -2267, 5337, -15023, -8365, 32305
17650.9, 1228, -634, -9517, -2293, 7017, -25375, -5346, 32305
17654.7, 1228, -634, -9517, -2293, 7017, -25375, -5346, 32342
17658.9, 1192, -627, -9608, -2610, 10040, -29562, -2148, 32342
17662.6, 1219, -627, -9608, -2610, 10040, -29562, -2148, 32343
17666.4, 1225, -627, -9608, -2610, 10040, -29562, -2148, 32351
17670.6, 1223, -954, -9511, -3019, 11795, -22925, -223, 32351
17674.4, 1205, -954, -9511, -3019, 11795, -22925, -223, 32357
17678.6, 1246, -1323, -9505, -3226, 10119, -8006, 262, 32357
17682.3, 1219, -1323, -9505, -3226, 10119, -8006, 262, 32352
17686.1, 1196, -1323, -9505, -3226, 10119, -8006, 262, 32337
17690.3, 1241, -1486, -9473, -3383, 8846, 6335, -17, 32337
17694.0, 1222, -1486, -9473, -3383, 8846, 6335, -17, 32310
17698.2, 1180, -1663, -9426, -3023, 8863, 12670, 621, 32310
17702.0, 1174, -1663, -9426, -3023, 8863, 12670, 621, 32302
17705.7, 1203, -1663, -9426, -3023, 8863, 12670, 621, 32279
17710.0, 1184, -1622, -9442, -2792, 11090, 9874, 2699, 32279
17713.7, 1201, -1622, -9442, -2792, 11090, 9874, 2699, 32262
17717.9, 1213, -1660, -9569, -2364, 13921, 2493, 4169, 32262
17721.6, 1152, -1660, -9569, -2364, 13921, 2493, 4169, 32259
17723.9, 31, -1660, -9569, -2364, 13921, 2493, 4169, 32259
17729.6, 1237, -1718, -9620, -2391, 14787, -6313, 3250, 32241
17733.3, 1198, -1718, -9620, -2391, 14787, -6313, 3250, 32253
17739.0, 1294, -1787, -9427, -2637, 14223, -13103, 993, 32246
17741.3, 36, -1787, -9427, -2637, 14223, -13103, 993, 32246
17743.5, 6, -1787, -9427, -2637, 14223, -13103, 993, 32246
17749.3, 1263, -1749, -9434, -2972, 16520, -17088, -428, 32243
17751.5, 32, -1749, -9434, -2972, 16520, -17088, -428, 32243
17755.8, 1168, -1660, -9379, -2778, 16913, -19705, -1443, 32243
17759.5, 1173, -1660, -9379, -2778, 16913, -19705, -1443, 32217
17761.8, 30, -1660, -9379, -2778, 16913, -19705, -1443, 32217
17767.5, 1297, -1601, -9488, -2879, 18191, -20702, -2244, 32258
17771.2, 1148, -1601, -9488, -2879, 18191, -20702, -2244, 32255
17775.5, 1166, -1520, -9464, -3056, 19547, -18042, -2401, 32255
17779.2, 1160, -1520, -9464, -3056, 19547, -18042, -2401, 32261
17781.5, 32, -1520, -9464, -3056, 19547, -18042, -2401, 32261
17785.7, 1203, -1342, -9321, -3176, 18270, -13562, -2091, 32261
17789.4, 1169, -1342, -9321, -3176, 18270, -13562, -2091, 32264
17791.7, 31, -1342, -9321, -3176, 18270, -13562, -2091, 32264
17795.9, 1208, -1161, -9293, -3107, 16472, -10893, -678, 32264
17799.6, 1155, -1161, -9293, -3107, 16472, -10893, -678, 32264
17803.9, 1186, -1030, -9506, -2911, 17040, -12372, 923, 32264
17807.6, 1181, -1030, -9506, -2911, 17040, -12372, 923, 32248
17811.3, 1158, -1030, -9506, -2911, 17040, -12372, 923, 32265
17815.6, 1168, -1048, -9725, -2595, 18139, -16371, 1080, 32265
17819.4, 1200, -1048, -9725, -2595, 18139, -16371, 1080, 32269
17823.6, 1175, -1261, -9653, -2464, 19346, -20457, 1049, 32269
17827.3, 1171, -1261, -9653, -2464, 19346, -20457, 1049, 32263
17831.1, 1168, -1261, -9653, -2464, 19346, -20457, 1049, 32304
17835.4, 1180, -1389, -9646, -2783, 19403, -21289, 927, 32304
17839.1, 1166, -1389, -9646, -2783, 19403, -21289, 927, 32251
17843.3, 1195, -1386, -9314, -3046, 17872, -19482, -236, 32251
17847.0, 1195, -1386, -9314, -3046, 17872, -19482, -236, 32249
17850.7, 1142, -1386, -9314, -3046, 17872, -19482, -236, 32233
17855.0, 1202, -1294, -9266, -3025, 15632, -16406, -739, 32233
17858.7, 1181, -1294, -9266, -3025, 15632, -16406, -739, 32237
17862.9, 1188, -1278, -9492, -2764, 15225, -15006, -1045, 32237
17866.7, 1125, -1278, -9492, -2764, 15225, -15006, -1045, 32245
17869.0, 30, -1278, -9492, -2764, 15225, -15006, -1045, 32245
17874.7, 1214, -1331, -9703, -2563, 15325, -16078, -1063, 32257
17878.5, 1149, -1331, -9703, -2563, 15325, -16078, -1063, 32342
17882.7, 1171, -1375, -9644, -2597, 15002, -18270, 371, 32342
17886.4, 1161, -1375, -9644, -2597, 15002, -18270, 371, 32245
17888.7, 31, -1375, -9644, -2597, 15002, -18270, 371, 32245
17894.5, 1204, -1354, -9645, -2732, 13632, -19451, 2353, 32210
17898.3, 1162, -1354, -9645, -2732, 13632, -19451, 2353, 32244
17904.0, 1282, -1409, -9536, -2572, 13335, -20291, 2384, 32242
17906.3, 35, -1409, -9536, -2572, 13335, -20291, 2384, 32242
17908.5, 6, -1409, -9536, -2572, 13335, -20291, 2384, 32242
17914.3, 1275, -1401, -9407, -2713, 13689, -21337, 1045, 32252
17916.5, 33, -1401, -9407, -2713, 13689, -21337, 1045, 32252
17920.8, 1169, -1401, -9407, -2809, 13715, -21197, 78, 32252
17924.6, 1150, -1401, -9407, -2809, 13715, -21197, 78, 32250
17926.9, 33, -1401, -9407, -2809, 13715, -21197, 78, 32250
17932.6, 1291, -1329, -9352, -3096, 10784, -17386, -48, 32242
17936.3, 1149, -1329, -9352, -3096, 10784, -17386, -48, 32249
17940.6, 1190, -1329, -9352, -3083, 8999, -10920, -612, 32249
17944.3, 1167, -1329, -9352, -3083, 8999, -10920, -612, 32250
17946.6, 31, -1329, -9352, -3083, 8999, -10920, -612, 32250
17950.8, 1178, -975, -9449, -2782, 8640, -5394, -2349, 32250
17954.6, 1144, -975, -9449, -2782, 8640, -5394, -2349, 32223
17956.9, 31, -975, -9449, -2782, 8640, -5394, -2349, 32223
17962.6, 1281, -926, -9457, -2677, 7870, -1658, -2467, 32281
17966.4, 1175, -926, -9457, -2677, 7870, -1658, -2467, 32269
17970.6, 1202, -993, -9513, -2846, 5840, 1723, -336, 32269
17974.4, 1163, -993, -9513, -2846, 5840, 1723, -336, 32259
17978.6, 1196, -993, -9513, -2846, 5840, 1723, -336, 32259
17982.3, 1182, -993, -9513, -2846, 5840, 1723, -336, 32272
17986.1, 1159, -993, -9513, -2846, 5840, 1723, -336, 32274
17990.3, 1199, -1097, -9571, -2872, 7253, 6689, 1544, 32274
17994.0, 1182, -1097, -9571, -2872, 7253, 6689, 1544, 32252
17998.2, 1175, -1097, -9571, -2872, 7253, 6689, 1544, 32252
18002.0, 1139, -1097, -9571, -2872, 7253, 6689, 1544, 32288
18006.1, 788, -1097, -9571, -2872, 7253, 6689, 1544, 32283
18010.4, 1157, -1136, -9466, -2915, 8071, 8211, 1071, 32283
18014.1, 1183, -1136, -9466, -2915, 8071, 8211, 1071, 32289
18018.3, 1165, -1136, -9466, -2915, 8071, 8211, 1071, 32289
18022.1, 1138, -1136, -9466, -2915, 8071, 8211, 1071, 32249
18025.8, 1171, -1136, -9466, -2915, 8071, 8211, 1071, 32290
18030.1, 1159, -1467, -9815, -2717, 6632, 13103, 2830, 32290
18033.8, 1162, -1467, -9815, -2717, 6632, 13103, 2830, 32277
18038.0, 1155, -1467, -9815, -2717, 6632, 13103, 2830, 32277
18041.7, 1155, -1467, -9815, -2717, 6632, 13103, 2830, 32283
18045.4, 1170, -1467, -9815, -2717, 6632, 13103, 2830, 32324
18049.7, 1171, -1436, -9595, -2429, 5674, 14634, 258, 32324
18053.4, 1174, -1436, -9595, -2429, 5674, 14634, 258, 32283
18059.2, 1206, -1344, -9385, -2385, 4217, 13374, -1067, 32288
18062.9, 1153, -1344, -9385, -2385, 4217, 13374, -1067, 32271
18068.6, 1257, -1344, -9385, -2385, 4217, 13374, -1067, 32303
18070.8, 37, -1344, -9385, -2385, 4217, 13374, -1067, 32303
18073.2, 7, -1344, -9385, -2385, 4217, 13374, -1067, 32303
18078.9, 1280, -1274, -9536, -2113, 3836, 10990, -2016, 32281
18081.2, 36, -1274, -9536, -2113, 3836, 10990, -2016, 32281
18085.4, 1180, -1343, -9690, -1966, 3718, 9038, -3276, 32281
18089.1, 1172, -1343, -9690, -1966, 3718, 9038, -3276, 32272
18091.4, 33, -1343, -9690, -1966, 3718, 9038, -3276, 32272
18095.6, 1196, -1379, -9695, -2273, 1089, 10176, -4676, 32272
18099.3, 1178, -1379, -9695, -2273, 1089, 10176, -4676, 32272
18101.6, 34, -1379, -9695, -2273, 1089, 10176, -4676, 32272
18105.8, 1214, -1529, -9652, -2657, -1623, 13785, -5101, 32272
18109.5, 1178, -1529, -9652, -2657, -1623, 13785, -5101, 32251
18111.8, 34, -1529, -9652, -2657, -1623, 13785, -5101, 32251
18116.0, 1186, -1538, -9522, -2895, -2428, 18055, -5031, 32251
18119.7, 1192, -1538, -9522, -2895, -2428, 18055, -5031, 32272
18124.0, 1177, -1458, -9433, -2830, -1601, 20987, -5385, 32272
18127.8, 1167, -1458, -9433, -2830, -1601, 20987, -5385, 32269
18131.5, 1169, -1458, -9433, -2830, -1601, 20987, -5385, 32304
18135.8, 1204, -1320, -9555, -2618, -13, 20711, -5591, 32304
18139.5, 1197, -1320, -9555, -2618, -13, 20711, -5591, 32233
18143.7, 1204, -1243, -9571, -2435, 490, 18497, -5022, 32233
18147.5, 1168, -1243, -9571, -2435, 490, 18497, -5022, 32264
18151.3, 1176, -1243, -9571, -2435, 490, 18497, -5022, 32259
