timestamp, 3151, -2928, -4301, 7528, 45137, 428, 28324, 39698
3056.9, 2537, -2928, -4301, 7528, 45137, 428, 28324, 39698
3062.6, 534, -2999, -3667, 8226, 43593, -319, 29382, 39694
3066.3, 1644, -2999, -3667, 8226, 43593, -319, 29382, 39686
3070.6, 1583, -3394, -3768, 8538, 44201, 1618, 35258, 39686
3074.4, 735, -3394, -3768, 8538, 44201, 1618, 35258, 39691
3076.7, 203, -3394, -3768, 8538, 44201, 1618, 35258, 39691
3080.9, 2200, -3803, -4281, 8553, 45750, 975, 38526, 39691
3084.7, 3227, -3803, -4281, 8553, 45750, 975, 38526, 39703
3087.0, 2547, -3803, -4281, 8553, 45750, 975, 38526, 39703
3092.7, 1527, -3921, -4472, 8036, 44761, 332, 34746, 39648
3096.5, 1151, -3921, -4472, 8036, 44761, 332, 34746, 39647
3100.7, 1650, -4100, -4068, 8563, 47513, -271, 28595, 39647
3104.4, 1460, -4100, -4068, 8563, 47513, -271, 28595, 39644
3108.6, 1673, -3821, -3800, 7808, 46437, -2887, 24596, 39644
3112.4, 1816, -3821, -3800, 7808, 46437, -2887, 24596, 39583
3116.1, 809, -3821, -3800, 7808, 46437, -2887, 24596, 39637
3120.4, 1038, -3333, -3542, 7958, 48182, -2025, 23227, 39637
3124.1, 2652, -3333, -3542, 7958, 48182, -2025, 23227, 39618
3128.3, 1221, -2715, -3526, 8672, 49350, -314, 22859, 39618
3132.0, 469, -2715, -3526, 8672, 49350, -314, 22859, 39624
3135.8, 2338, -2715, -3526, 8672, 49350, -314, 22859, 39619
3140.0, 2477, -2881, -3266, 8916, 51109, 1176, 23262, 39619
3143.7, 1799, -2881, -3266, 8916, 51109, 1176, 23262, 39592
3147.9, 1017, -3382, -3346, 8777, 50763, 6181, 26683, 39592
3151.6, 2025, -3382, -3346, 8777, 50763, 6181, 26683, 39598
3153.9, 2208, -3382, -3346, 8777, 50763, 6181, 26683, 39598
3159.7, 1624, -3893, -3309, 8433, 50755, 8824, 28792, 39569
3163.4, 1733, -3893, -3309, 8433, 50755, 8824, 28792, 39554
3169.1, 1197, -3908, -3021, 8307, 51218, 3876, 27418, 39548
3172.8, 830, -3908, -3021, 8307, 51218, 3876, 27418, 39539
3178.5, 286, -4202, -2584, 8843, 53240, 1220, 26097, 39535
3182.3, 813, -4202, -2584, 8843, 53240, 1220, 26097, 39552
3188.0, 3108, -4325, -2430, 7970, 52632, 4095, 25651, 39531
3191.7, 2870, -4325, -2430, 7970, 52632, 4095, 25651, 39516
3197.5, 1529, -4353, -2343, 8832, 55348, 8863, 24294, 39511
3201.2, 1112, -4353, -2343, 8832, 55348, 8863, 24294, 39491
3203.5, 836, -4353, -2343, 8832, 55348, 8863, 24294, 39491
3209.2, 1159, -4295, -2245, 9206, 58083, 10714, 22190, 39469
3211.5, 910, -4295, -2245, 9206, 58083, 10714, 22190, 39469
3215.7, 1653, -4063, -1989, 8495, 57978, 7774, 19858, 39469
3219.5, 1586, -4063, -1989, 8495, 57978, 7774, 19858, 39467
3221.8, 2032, -4063, -1989, 8495, 57978, 7774, 19858, 39467
3227.5, 2129, -3913, -1692, 9439, 56372, 3823, 18038, 39447
3231.3, 1786, -3913, -1692, 9439, 56372, 3823, 18038, 39435
3235.5, 1638, -3742, -1332, 9029, 57151, 4046, 17872, 39435
3239.3, 1492, -3742, -1332, 9029, 57151, 4046, 17872, 39473
3241.5, 1072, -3742, -1332, 9029, 57151, 4046, 17872, 39473
3245.8, 1229, -4158, -1493, 8782, 58044, 5818, 19845, 39473
3249.6, 1976, -4158, -1493, 8782, 58044, 5818, 19845, 39411
3253.8, 1734, -4381, -1865, 8346, 56285, 8920, 21009, 39411
3257.5, 1628, -4381, -1865, 8346, 56285, 8920, 21009, 39400
3261.3, 2564, -4381, -1865, 8346, 56285, 8920, 21009, 39386
3265.5, 1978, -4339, -1474, 8584, 57593, 7105, 20243, 39386
3269.3, 238, -4339, -1474, 8584, 57593, 7105, 20243, 39371
3273.5, 663, -4394, -1320, 8496, 59067, 6825, 18344, 39371
3277.2, 2936, -4394, -1320, 8496, 59067, 6825, 18344, 39352
3281.0, 2408, -4394, -1320, 8496, 59067, 6825, 18344, 39402
3285.3, 1418, -4246, -1232, 9079, 61224, 8452, 17574, 39402
3289.0, 634, -4246, -1232, 9079, 61224, 8452, 17574, 39337
3293.2, 1569, -4126, -1255, 8863, 61723, 10640, 17771, 39337
3297.0, 2168, -4126, -1255, 8863, 61723, 10640, 17771, 39340
3300.7, 1749, -4126, -1255, 8863, 61723, 10640, 17771, 39316
3305.0, 1713, -4061, -1288, 9195, 61014, 10946, 18751, 39316
3308.7, 1665, -4061, -1288, 9195, 61014, 10946, 18751, 39291
3312.9, 788, -3930, -1202, 8993, 59190, 8592, 19171, 39291
3316.7, 1244, -3930, -1202, 8993, 59190, 8592, 19171, 39284
3319.0, 1995, -3930, -1202, 8993, 59190, 8592, 19171, 39284
3324.8, 1101, -3981, -932, 9192, 60275, 4956, 18340, 39298
3328.5, 1446, -3981, -932, 9192, 60275, 4956, 18340, 39261
3332.7, 2179, -3897, -681, 8963, 59693, 6632, 17758, 39261
3336.5, 2416, -3897, -681, 8963, 59693, 6632, 17758, 39250
3338.8, 1585, -3897, -681, 8963, 59693, 6632, 17758, 39250
3344.6, 2697, -4099, -820, 8213, 57094, 6125, 17880, 39252
3348.3, 1956, -4099, -820, 8213, 57094, 6125, 17880, 39234
3354.0, 1457, -4624, -674, 8730, 62104, 7634, 21135, 39236
3356.3, 918, -4624, -674, 8730, 62104, 7634, 21135, 39236
3358.5, 770, -4624, -674, 8730, 62104, 7634, 21135, 39236
3364.3, 1636, -4310, -1247, 8102, 60883, 9878, 21761, 39234
3366.5, 1508, -4310, -1247, 8102, 60883, 9878, 21761, 39234
3370.8, 1602, -4310, -1247, 8102, 60883, 5460, 17338, 39234
3374.5, 2229, -4310, -1247, 8102, 60883, 5460, 17338, 39227
3376.8, 1575, -4310, -1247, 8102, 60883, 5460, 17338, 39227
3382.5, 1139, -4037, -681, 8870, 61281, 5350, 13645, 39241
3386.2, 1037, -4037, -681, 8870, 61281, 5350, 13645, 39220
3390.5, 2251, -3923, -168, 9131, 61132, 8610, 12845, 39220
3394.2, 2447, -3923, -168, 9131, 61132, 8610, 12845, 39219
3396.5, 1289, -3923, -168, 9131, 61132, 8610, 12845, 39219
3400.7, 1684, -4082, -107, 8498, 62821, 12451, 13903, 39219
3404.4, 2062, -4082, -107, 8498, 62821, 12451, 13903, 39214
3406.7, 1085, -4082, -107, 8498, 62821, 12451, 13903, 39214
3410.9, 1387, -4398, -226, 8194, 58398, 10784, 13580, 39214
3414.6, 2547, -4398, -226, 8194, 58398, 10784, 13580, 39215
3418.9, 2081, -4173, -391, 8194, 58398, 10784, 13580, 39215
3422.6, 1464, -4173, -391, 8194, 58398, 10784, 13580, 39210
3426.4, 1195, -4173, -391, 8194, 58398, 10784, 13580, 39213
3430.6, 1652, -4167, 166, 8933, 57173, 1916, 13588, 39213
3434.4, 1328, -4167, 166, 8933, 57173, 1916, 13588, 39210
3438.6, 1163, -4122, 547, 8933, 57173, 1916, 13588, 39210
3442.3, 1873, -4122, 547, 8933, 57173, 1916, 13588, 39211
3446.1, 1463, -4122, 547, 8933, 57173, 1916, 13588, 39231
3450.4, 445, -4269, 600, 8642, 56368, 2520, 18174, 39231
3454.2, 3129, -4269, 600, 8642, 56368, 2520, 18174, 39203
3458.4, 1755, -4019, 369, 8642, 56368, 2520, 18174, 39203
3462.1, 1056, -4019, 369, 8642, 56368, 2520, 18174, 39191
3465.9, 2131, -4019, 369, 8642, 56368, 2520, 18174, 39203
3470.1, 1607, -4282, 118, 8670, 57309, 10333, 12420, 39203
3473.9, 1668, -4282, 118, 8670, 57309, 10333, 12420, 39209
3478.1, 2305, -4312, 115, 8670, 57309, 10333, 12420, 39209
3481.8, 586, -4312, 115, 8670, 57309, 10333, 12420, 39220
3485.6, 340, -4312, 115, 8670, 57309, 10333, 12420, 39218
3489.8, 2871, -4398, 541, 9016, 59264, 3403, 10154, 39218
3493.6, 2542, -4398, 541, 9016, 59264, 3403, 10154, 39227
3497.9, 1728, -4575, 832, 9016, 59264, 3403, 10154, 39227
3501.6, 2280, -4575, 832, 9016, 59264, 3403, 10154, 39239
3503.9, 2118, -4575, 832, 9016, 59264, 3403, 10154, 39239
3509.6, 147, -4280, 833, 8166, 57628, 6475, 9489, 39225
3513.3, 1307, -4280, 833, 8166, 57628, 6475, 9489, 39192
3519.1, 2878, -4037, 833, 8166, 57628, 6475, 9489, 39226
3521.3, 1979, -4037, 833, 8166, 57628, 6475, 9489, 39226
3523.6, 768, -4037, 833, 8166, 57628, 6475, 9489, 39226
3529.3, 1677, -3973, 1070, 8687, 58919, 8990, 8995, 39215
3531.6, 1613, -3973, 1070, 8687, 58919, 8990, 8995, 39215
3535.8, 1468, -3762, 1015, 8592, 55195, 10167, 10294, 39215
3539.6, 1408, -3762, 1015, 8592, 55195, 10167, 10294, 39229
3541.9, 1842, -3762, 1015, 8592, 55195, 10167, 10294, 39229
3547.6, 1720, -4075, 1250, 8961, 56342, 5696, 12464, 39220
3551.4, 1012, -4075, 1250, 8961, 56342, 5696, 12464, 39230
3555.6, 1945, -4343, 1301, 8067, 53108, 5543, 15002, 39230
3559.4, 2141, -4343, 1301, 8067, 53108, 5543, 15002, 39238
3561.6, 977, -4343, 1301, 8067, 53108, 5543, 15002, 39238
3565.9, 2046, -4592, 1297, 8068, 52238, 5263, 15229, 39238
3569.7, 1783, -4592, 1297, 8068, 52238, 5263, 15229, 39232
3573.9, 1364, -4674, 1592, 8299, 51065, 3198, 13654, 39232
3577.6, 1619, -4674, 1592, 8299, 51065, 3198, 13654, 39245
3581.4, 1544, -4674, 1592, 8299, 51065, 3198, 13654, 39241
3585.6, 1149, -4583, 1733, 7523, 48362, 275, 10758, 39241
3589.4, 1765, -4583, 1733, 7523, 48362, 275, 10758, 39279
3593.6, 1815, -4437, 1939, 7989, 49167, -686, 9546, 39279
3597.3, 672, -4437, 1939, 7989, 49167, -686, 9546, 39253
3601.1, 871, -4437, 1939, 7989, 49167, -686, 9546, 39252
3605.3, 2719, -4442, 1769, 8480, 50431, 4598, 8898, 39252
3609.0, 2273, -4442, 1769, 8480, 50431, 4598, 8898, 39281
3613.3, 1967, -4313, 1778, 8215, 45631, 7765, 7087, 39281
3617.0, 1807, -4313, 1778, 8215, 45631, 7765, 7087, 39281
3620.7, 1634, -4313, 1778, 8215, 45631, 7765, 7087, 39287
3625.0, 1369, -4201, 2055, 8544, 44603, 3749, 6103, 39287
3628.7, 1421, -4201, 2055, 8544, 44603, 3749, 6103, 39256
3633.0, 1857, -4252, 2334, 8710, 41781, -971, 7175, 39256
3636.7, 1531, -4252, 2334, 8710, 41781, -971, 7175, 39305
3639.0, 944, -4252, 2334, 8710, 41781, -971, 7175, 39305
3644.8, 1746, -4351, 2353, 8492, 39988, -4388, 8872, 39321
3648.5, 1818, -4351, 2353, 8492, 39988, -4388, 8872, 39321
3652.7, 2282, -3958, 2309, 7796, 35958, -7175, 8710, 39321
3656.5, 1527, -3958, 2309, 7796, 35958, -7175, 8710, 39329
3658.8, 998, -3958, 2309, 7796, 35958, -7175, 8710, 39329
3664.5, 622, -3942, 2525, 7895, 35512, -6610, 8093, 39334
3668.2, 1883, -3942, 2525, 7895, 35512, -6610, 8093, 39333
3674.0, 2535, -4464, 2353, 7957, 36785, -122, 9520, 39334
3676.2, 1395, -4464, 2353, 7957, 36785, -122, 9520, 39334
3678.5, 1132, -4464, 2353, 7957, 36785, -122, 9520, 39334
3684.3, 2061, -4800, 1817, 7991, 35665, 9533, 10815, 39316
3686.6, 1746, -4800, 1817, 7991, 35665, 9533, 10815, 39316
3690.8, 1472, -4628, 1668, 7670, 31793, 10058, 8675, 39316
3694.5, 1002, -4628, 1668, 7670, 31793, 10058, 8675, 39624
3696.8, 1103, -4628, 1668, 7670, 31793, 10058, 8675, 39624
3701.0, 1704, -4400, 2341, 7724, 29282, 1102, 5101, 39624
3704.7, 1354, -4400, 2341, 7724, 29282, 1102, 5101, 39621
3707.0, 917, -4400, 2341, 7724, 29282, 1102, 5101, 39621
3712.7, 2434, -4320, 2968, 7947, 27676, -4571, 4003, 39635
3716.4, 1406, -4320, 2968, 7947, 27676, -4571, 4003, 39647
3720.6, 1008, -4009, 2969, 7916, 24320, -4375, 5215, 39647
3724.4, 2220, -4009, 2969, 7916, 24320, -4375, 5215, 39634
3726.6, 2271, -4009, 2969, 7916, 24320, -4375, 5215, 39634
3730.9, 2409, -3929, 2784, 7551, 19845, -2231, 5626, 39634
3734.7, 1047, -3929, 2784, 7551, 19845, -2231, 5626, 39591
3738.9, 1058, -4084, 2688, 7801, 17972, 551, 5858, 39591
3742.6, 2348, -4084, 2688, 7801, 17972, 551, 5858, 39633
3746.4, 1929, -4084, 2688, 7801, 17972, 551, 5858, 39639
3750.6, 1302, -4161, 2491, 8022, 15181, 3530, 5569, 39639
3754.4, 1542, -4161, 2491, 8022, 15181, 3530, 5569, 39640
3758.6, 1851, -4048, 2496, 7671, 10810, 3224, 4882, 39640
3762.3, 1429, -4048, 2496, 7671, 10810, 3224, 4882, 39634
3766.1, 906, -4048, 2496, 7671, 10810, 3224, 4882, 39622
3770.3, 2073, -3862, 2819, 7351, 7056, -971, 4125, 39622
3774.0, 2794, -3862, 2819, 7351, 7056, -971, 4125, 39571
3778.2, 1873, -4080, 3217, 7574, 5250, -4178, 4151, 39571
3782.0, 1254, -4080, 3217, 7574, 5250, -4178, 4151, 39635
3785.7, 1733, -4080, 3217, 7574, 5250, -4178, 4151, 39634
3790.0, 1683, -4186, 2982, 7713, 4475, -1308, 4900, 39634
3793.7, 932, -4186, 2982, 7713, 4475, -1308, 4900, 39641
3797.9, 1531, -4388, 2357, 7832, 4077, 2926, 4760, 39641
3801.6, 1637, -4388, 2357, 7832, 4077, 2926, 4760, 39663
3803.9, 1515, -4388, 2357, 7832, 4077, 2926, 4760, 39663
3809.6, 2241, -4533, 2054, 7385, -236, 4733, 2616, 39636
3813.3, 1803, -4533, 2054, 7385, -236, 4733, 2616, 39649
3819.0, 1522, -4414, 2269, 7856, -3815, 4261, 245, 39648
3822.8, 1036, -4414, 2269, 7856, -3815, 4261, 245, 39641
3828.5, 1912, -4255, 2600, 8368, -4388, 494, 555, 39637
3832.2, 1923, -4255, 2600, 8368, -4388, 494, 555, 39629
3837.9, 2108, -4293, 2542, 8063, -5346, -2205, 3053, 39570
3841.7, 1499, -4293, 2542, 8063, -5346, -2205, 3053, 39597
3845.9, 1182, -4200, 2292, 7662, -6916, -2261, 3762, 39597
3849.6, 1456, -4200, 2292, 7662, -6916, -2261, 3762, 39597
3851.9, 1276, -4200, 2292, 7662, -6916, -2261, 3762, 39597
3857.6, 1884, -4460, 2279, 7937, -7087, -2344, 1373, 39593
3861.3, 1204, -4460, 2279, 7937, -7087, -2344, 1373, 39595
3865.6, 1220, -4537, 2413, 7891, -11628, -1189, -2900, 39595
3869.3, 2470, -4537, 2413, 7891, -11628, -1189, -2900, 39589
3871.6, 2384, -4537, 2413, 7891, -11628, -1189, -2900, 39589
3875.8, 1470, -4384, 2672, 7928, -11445, -656, -5473, 39589
3879.6, 1578, -4384, 2672, 7928, -11445, -656, -5473, 39596
3881.8, 1845, -4384, 2672, 7928, -11445, -656, -5473, 39596
3887.6, 1573, -4204, 2285, 8113, -11685, -1509, -4445, 39583
3891.3, 2001, -4204, 2285, 8113, -11685, -1509, -4445, 39521
3895.6, 1417, -4029, 2249, 7761, -13195, -4388, -3823, 39521
3899.7, 1061, -4029, 2249, 7761, -13195, -4388, -3823, 39584
3903.9, 1854, -4029, 2369, 7844, -13724, -5285, -3644, 39584
3907.7, 1780, -4029, 2369, 7844, -13724, -5285, -3644, 39582
3911.4, 1603, -4029, 2369, 7844, -13724, -5285, -3644, 39582
3915.6, 1748, -4120, 2486, 7928, -16091, -1977, -3696, 39582
3919.4, 1224, -4120, 2486, 7928, -16091, -1977, -3696, 39602
3923.6, 1622, -4120, 2610, 8056, -19132, 647, -4239, 39602
3927.3, 1824, -4120, 2610, 8056, -19132, 647, -4239, 39577
3931.0, 1413, -4120, 2610, 8056, -19132, 647, -4239, 39582
3935.3, 2581, -4133, 2650, 8195, -20427, -2257, -4405, 39582
3939.0, 1808, -4133, 2650, 8195, -20427, -2257, -4405, 39571
3943.2, 742, -4133, 2650, 8310, -18594, -1693, -4095, 39571
3947.0, 2052, -4133, 2650, 8310, -18594, -1693, -4095, 39571
3950.8, 2266, -4133, 2650, 8310, -18594, -1693, -4095, 39569
3955.0, 1967, -4818, 1792, 8292, -19272, 2047, -4340, 39569
3958.8, 1399, -4818, 1792, 8292, -19272, 2047, -4340, 39584
3963.0, 1233, -4818, 1792, 8188, -20934, 301, -7231, 39584
3966.7, 1386, -4818, 1792, 8188, -20934, 301, -7231, 39561
3969.0, 1129, -4818, 1792, 8188, -20934, 301, -7231, 39561
3974.8, 1843, -4109, 2134, 8395, -21595, -5105, -11195, 39562
3978.5, 1548, -4109, 2134, 8395, -21595, -5105, -11195, 39548
3982.7, 1728, -4109, 2134, 8223, -23437, -5403, -11436, 39548
3986.5, 1543, -4109, 2134, 8223, -23437, -5403, -11436, 39578
3988.8, 1186, -4109, 2134, 8223, -23437, -5403, -11436, 39578
3994.5, 1665, -3753, 2791, 8056, -25322, -4707, -8058, 39548
3998.3, 1967, -3753, 2791, 8056, -25322, -4707, -8058, 39535
4004.0, 762, -3753, 2671, 8005, -25799, -4003, -4239, 39523
4006.2, 891, -3753, 2671, 8005, -25799, -4003, -4239, 39523
4010.5, 2587, -3972, 2671, 8005, -25799, -4003, -4239, 39523
4014.3, 1754, -3972, 2671, 8005, -25799, -4003, -4239, 39496
4016.5, 1452, -3972, 2671, 8005, -25799, -4003, -4239, 39496
4020.8, 1686, -4496, 2274, 8264, -26254, 472, -2668, 39496
4024.5, 1768, -4496, 2274, 8264, -26254, 472, -2668, 39527
4026.8, 1564, -4496, 2274, 8264, -26254, 472, -2668, 39527
4031.0, 1971, -5063, 1682, 8394, -24408, 4821, -8264, 39527
4034.7, 1593, -5063, 1682, 8394, -24408, 4821, -8264, 39510
4037.0, 1367, -5063, 1682, 8394, -24408, 4821, -8264, 39510
4042.8, 1641, -5167, 1454, 8109, -25742, -441, -13230, 39461
4046.5, 1704, -5167, 1454, 8109, -25742, -441, -13230, 39529
4050.8, 1642, -4790, 1660, 8234, -25742, -6938, -16301, 39529
4054.5, 1634, -4790, 1660, 8234, -25742, -6938, -16301, 39504
4056.8, 1302, -4790, 1660, 8234, -25742, -6938, -16301, 39504
4061.0, 1776, -4344, 2332, 8562, -28656, -9528, -15684, 39504
4064.7, 1610, -4344, 2332, 8562, -28656, -9528, -15684, 39493
4068.9, 1722, -4162, 2537, 8245, -28656, -9528, -15684, 39493
4072.7, 1875, -4162, 2537, 8245, -28656, -9528, -15684, 39481
4076.4, 1452, -4162, 2537, 8245, -28656, -9528, -15684, 39474
4080.7, 1437, -3896, 2496, 7852, -33342, -7905, -12455, 39474
4084.4, 1672, -3896, 2496, 7852, -33342, -7905, -12455, 39475
4088.6, 2102, -3915, 2257, 7506, -33342, -7905, -12455, 39475
4092.3, 1654, -3915, 2257, 7506, -33342, -7905, -12455, 39462
4096.1, 1117, -3915, 2257, 7506, -33342, -7905, -12455, 39486
4100.3, 1711, -4381, 1861, 8180, -31675, 6024, -14879, 39486
4104.0, 2144, -4381, 1861, 8180, -31675, 6024, -14879, 39449
4108.2, 1591, -4654, 1418, 8274, -31675, 6024, -14879, 39449
4111.9, 1703, -4654, 1418, 8274, -31675, 6024, -14879, 39461
4115.7, 1847, -4654, 1418, 8274, -31675, 6024, -14879, 39455
4120.0, 1669, -4473, 1057, 8005, -33609, 6160, -22098, 39455
4123.7, 1721, -4473, 1057, 8005, -33609, 6160, -22098, 39454
4127.9, 1694, -4442, 1321, 8289, -33609, 6160, -22098, 39454
4131.6, 1631, -4442, 1321, 8289, -33609, 6160, -22098, 39459
4133.9, 1142, -4442, 1321, 8289, -33609, 6160, -22098, 39459
4139.6, 1483, -4395, 1545, 8482, -34528, -2953, -23537, 39464
4143.3, 1656, -4395, 1545, 8482, -34528, -2953, -23537, 39460
4149.0, 2156, -4238, 1718, 8038, -36076, -2953, -23537, 39446
4152.7, 1630, -4238, 1718, 8038, -36076, -2953, -23537, 39445
4158.5, 1371, -4119, 1701, 8161, -37472, -4733, -24207, 39449
4160.7, 1042, -4119, 1701, 8161, -37472, -4733, -24207, 39449
4163.0, 1046, -4119, 1701, 8161, -37472, -4733, -24207, 39449
4168.7, 1472, -4220, 1534, 8353, -39891, -3714, -25384, 39434
4170.9, 1304, -4220, 1534, 8353, -39891, -3714, -25384, 39434
4173.2, 1572, -4220, 1534, 8353, -39891, -3714, -25384, 39434
4178.9, 1944, -4442, 1249, 8460, -41830, -1329, -25996, 39435
4181.2, 1221, -4442, 1249, 8460, -41830, -1329, -25996, 39435
4185.4, 1494, -4384, 870, 7604, -48370, -1434, -29212, 39435
4189.2, 1655, -4384, 870, 7604, -48370, -1434, -29212, 39438
4191.5, 1492, -4384, 870, 7604, -48370, -1434, -29212, 39438
4195.7, 1524, -4596, 1143, 7931, -48130, -2869, -32712, 39438
4199.4, 1259, -4596, 1143, 7931, -48130, -2869, -32712, 39437
4201.7, 1045, -4596, 1143, 7931, -48130, -2869, -32712, 39437
4205.9, 2028, -4369, 847, 7767, -51162, 1133, -34773, 39437
4209.6, 2191, -4369, 847, 7767, -51162, 1133, -34773, 39436
4211.9, 1530, -4369, 847, 7767, -51162, 1133, -34773, 39436
4217.6, 2040, -3978, 472, 8040, -51402, 3329, -36584, 39425
4221.3, 1765, -3978, 472, 8040, -51402, 3329, -36584, 39412
4225.6, 1224, -3562, 294, 7944, -54084, -472, -39445, 39412
4229.4, 1362, -3562, 294, 7944, -54084, -472, -39445, 39404
4233.6, 1646, -3886, 489, 8341, -52750, -1067, -39200, 39404
4237.3, 1611, -3886, 489, 8341, -52750, -1067, -39200, 39432
4241.1, 1622, -3886, 489, 8341, -52750, -1067, -39200, 39428
4245.4, 1801, -3837, 169, 8546, -56127, 3788, -36286, 39428
4249.1, 1616, -3837, 169, 8546, -56127, 3788, -36286, 39496
4253.3, 1776, -3414, 58, 8014, -62979, -533, -37371, 39496
4257.0, 1518, -3414, 58, 8014, -62979, -533, -37371, 39457
4260.7, 1595, -3414, 58, 8014, -62979, -533, -37371, 39439
4265.0, 1869, -3559, 911, 8233, -64212, -9563, -40062, 39439
4268.7, 1582, -3559, 911, 8233, -64212, -9563, -40062, 39453
4272.9, 1807, -4013, 1121, 8109, -69756, -9021, -40473, 39453
4276.7, 1775, -4013, 1121, 8109, -69756, -9021, -40473, 39461
4279.0, 1143, -4013, 1121, 8109, -69756, -9021, -40473, 39461
4284.8, 1941, -4622, 735, 7959, -73772, -6304, -39379, 39466
4288.5, 1901, -4622, 735, 7959, -73772, -6304, -39379, 39500
4292.7, 1229, -4875, -25, 7987, -73413, -3500, -37966, 39500
4296.5, 1660, -4875, -25, 7987, -73413, -3500, -37966, 39433
4298.8, 1407, -4875, -25, 7987, -73413, -3500, -37966, 39433
4304.6, 1632, -4794, -1079, 7557, -72919, -2721, -41143, 39475
4308.3, 1466, -4794, -1079, 7557, -72919, -2721, -41143, 39479
4314.0, 1920, -4279, -1076, 7537, -70141, -5643, -47784, 39489
4317.8, 1640, -4279, -1076, 7537, -70141, -5643, -47784, 39517
4323.5, 1268, -3754, -626, 7049, -75802, -4427, -54373, 39463
4325.7, 1095, -3754, -626, 7049, -75802, -4427, -54373, 39463
4328.0, 1244, -3754, -626, 7049, -75802, -4427, -54373, 39463
4333.7, 1563, -3696, -24, 8121, -76751, 48, -55388, 39489
4335.9, 1099, -3696, -24, 8121, -76751, 48, -55388, 39489
4338.2, 1195, -3696, -24, 8121, -76751, 48, -55388, 39489
4344.0, 2559, -3802, -6, 8851, -77333, 3661, -50225, 39480
4346.2, 1941, -3802, -6, 8851, -77333, 3661, -50225, 39480
4350.5, 1268, -4158, -937, 8126, -83835, 2012, -46848, 39480
4354.2, 1214, -4158, -937, 8126, -83835, 2012, -46848, 39472
4356.5, 1133, -4158, -937, 8126, -83835, 2012, -46848, 39472
4360.7, 1726, -4938, -1657, 9715, -75553, -3521, -45347, 39472
4364.4, 1740, -4938, -1657, 9715, -75553, -3521, -45347, 39467
4366.7, 1544, -4938, -1657, 9715, -75553, -3521, -45347, 39467
4370.9, 1675, -4820, -2714, 7936, -81122, -4068, -46778, 39467
4374.6, 1050, -4820, -2714, 7936, -81122, -4068, -46778, 39474
4376.9, 1135, -4820, -2714, 7936, -81122, -4068, -46778, 39474
4382.6, 1669, -4339, -2974, 7464, -84780, -12692, -54377, 39475
4386.3, 1831, -4339, -2974, 7464, -84780, -12692, -54377, 39489
4390.6, 1613, -3610, -1621, 8524, -82758, -19959, -60336, 39489
4394.4, 1710, -3610, -1621, 8524, -82758, -19959, -60336, 39493
4398.6, 1943, -3178, -1025, 7099, -92073, -15338, -61863, 39493
4402.3, 1930, -3178, -1025, 7099, -92073, -15338, -61863, 39506
4406.1, 1576, -3178, -1025, 7099, -92073, -15338, -61863, 39517
4410.3, 1820, -3095, -538, 7313, -96842, -12512, -59680, 39517
4414.1, 740, -3095, -538, 7313, -96842, -12512, -59680, 39519
4418.3, 1131, -3777, -1061, 9198, -90489, -4208, -52671, 39519
4422.0, 1956, -3777, -1061, 9198, -90489, -4208, -52671, 39526
4425.7, 1904, -3777, -1061, 9198, -90489, -4208, -52671, 39541
4430.0, 1683, -4758, -2994, 8964, -91382, 9038, -44555, 39541
4433.7, 1891, -4758, -2994, 8964, -91382, 9038, -44555, 39562
4437.9, 1849, -4574, -4530, 7802, -95105, 5661, -45968, 39562
4441.7, 1648, -4574, -4530, 7802, -95105, 5661, -45968, 39600
4444.0, 1146, -4574, -4530, 7802, -95105, 5661, -45968, 39600
4449.8, 1547, -4073, -3610, 8650, -95022, -11707, -56197, 39592
4453.5, 1753, -4073, -3610, 8650, -95022, -11707, -56197, 39599
4457.7, 1614, -4077, -2302, 8291, -96085, -19337, -64352, 39599
4461.5, 1382, -4077, -2302, 8291, -96085, -19337, -64352, 39601
4463.8, 1432, -4077, -2302, 8291, -96085, -19337, -64352, 39601
4469.6, 1900, -3975, -2042, 7745, -100596, -15535, -64991, 39600
4473.3, 1655, -3975, -2042, 7745, -100596, -15535, -64991, 39599
4479.1, 1379, -3978, -2298, 7758, -103960, -13860, -62799, 39607
4482.8, 1780, -3978, -2298, 7758, -103960, -13860, -62799, 39614
4488.5, 1950, -4352, -2891, 9115, -100469, -8277, -57724, 39635
4490.7, 1119, -4352, -2891, 9115, -100469, -8277, -57724, 39635
4493.0, 549, -4352, -2891, 9115, -100469, -8277, -57724, 39635
4498.7, 1404, -4097, -4683, 7812, -103378, -2760, -55624, 39612
4500.9, 1090, -4097, -4683, 7812, -103378, -2760, -55624, 39612
4505.2, 1474, -4097, -5214, 9148, -91732, -10482, -58345, 39612
4509.0, 1822, -4097, -5214, 9148, -91732, -10482, -58345, 39576
4511.2, 1531, -4097, -5214, 9148, -91732, -10482, -58345, 39576
4515.5, 1956, -3934, -5460, 7913, -91036, -12932, -60275, 39576
4519.2, 2062, -3934, -5460, 7913, -91036, -12932, -60275, 39610
4521.5, 1724, -3934, -5460, 7913, -91036, -12932, -60275, 39610
4525.7, 1702, -3230, -5218, 7445, -93779, -10307, -62633, 39610
4529.4, 1395, -3230, -5218, 7445, -93779, -10307, -62633, 39609
4531.7, 1204, -3230, -5218, 7445, -93779, -10307, -62633, 39609
4535.9, 1316, -2742, -3973, 7892, -93403, -17145, -62825, 39609
4539.6, 1065, -2742, -3973, 7892, -93403, -17145, -62825, 39624
4541.9, 1061, -2742, -3973, 7892, -93403, -17145, -62825, 39624
4547.6, 2418, -2917, -3262, 7254, -98010, -14625, -57322, 39540
4551.3, 2580, -2917, -3262, 7254, -98010, -14625, -57322, 39623
4555.6, 1715, -3571, -3833, 9032, -97209, -5223, -50077, 39623
4559.4, 1556, -3571, -3833, 9032, -97209, -5223, -50077, 39611
4563.6, 1630, -3571, -3833, 9032, -96562, 3543, -47281, 39611
4567.3, 1126, -3571, -3833, 9032, -96562, 3543, -47281, 39625
4571.1, 1106, -3571, -3833, 9032, -96562, 3543, -47281, 39586
4575.4, 1881, -4198, -6358, 7662, -97323, 3583, -54250, 39586
4579.1, 2194, -4198, -6358, 7662, -97323, 3583, -54250, 39639
4583.3, 1913, -4198, -6358, 7662, -97375, -5083, -64624, 39639
4587.0, 1640, -4198, -6358, 7662, -97375, -5083, -64624, 39634
4590.8, 1265, -4198, -6358, 7662, -97375, -5083, -64624, 39467
4595.0, 1461, -3838, -5219, 8373, -99410, -8745, -70154, 39467
4598.7, 1223, -3838, -5219, 8373, -99410, -8745, -70154, 39664
4602.9, 1305, -3838, -5219, 8373, -99410, -11887, -67594, 39664
4606.6, 1396, -3838, -5219, 8373, -99410, -11887, -67594, 39617
4608.9, 776, -3838, -5219, 8373, -99410, -11887, -67594, 39617
4614.7, 1452, -3323, -5284, 7010, -101702, -12932, -61404, 39678
4618.4, 1907, -3323, -5284, 7010, -101702, -12932, -61404, 39665
4624.1, 2157, -2814, -5536, 7275, -101191, -12818, -56832, 39701
4627.8, 1276, -2814, -5536, 7275, -101191, -12818, -56832, 39715
4633.5, 1350, -2784, -6338, 7341, -95936, -9927, -53598, 39716
4637.3, 1529, -2784, -6338, 7341, -95936, -9927, -53598, 39731
4643.0, 1651, -2784, -6338, 7341, -95936, -9927, -53598, 39731
4646.7, 1705, -2784, -6338, 7341, -95936, -9927, -53598, 39739
4652.4, 1856, -2937, -6881, 7185, -89583, -8093, -49630, 39755
4656.1, 1768, -2937, -6881, 7185, -89583, -8093, -49630, 39775
4658.4, 1547, -2937, -6881, 7185, -89583, -8093, -49630, 39775
4664.2, 1559, -2570, -7435, 6164, -90428, -10438, -47360, 39772
4666.4, 1067, -2570, -7435, 6164, -90428, -10438, -47360, 39772
4670.6, 1972, -2550, -6813, 7436, -90428, -10438, -47360, 39772
4674.3, 2036, -2550, -6813, 7436, -90428, -10438, -47360, 39770
4676.6, 2043, -2550, -6813, 7436, -90428, -10438, -47360, 39770
4680.8, 2496, -2908, -6355, 6635, -92283, -11690, -52859, 39770
4684.5, 2045, -2908, -6355, 6635, -92283, -11690, -52859, 39791
4686.8, 1148, -2908, -6355, 6635, -92283, -11690, -52859, 39791
4691.0, 1565, -3285, -6266, 7085, -94847, -7341, -55480, 39791
4694.7, 1990, -3285, -6266, 7085, -94847, -7341, -55480, 39786
4697.0, 1645, -3285, -6266, 7085, -94847, -7341, -55480, 39786
4702.7, 2041, -3591, -7502, 7012, -93823, 993, -49582, 39777
4706.4, 1881, -3591, -7502, 7012, -93823, 993, -49582, 39759
4710.7, 1195, -3480, -8709, 6375, -92497, 3841, -49582, 39759
4714.5, 1767, -3480, -8709, 6375, -92497, 3841, -49582, 39771
4718.7, 1863, -3282, -9108, 6121, -89772, -2861, -49499, 39771
4722.5, 2315, -3282, -9108, 6121, -89772, -2861, -49499, 39788
4726.2, 1963, -3282, -9108, 6121, -89772, -2861, -49499, 39789
4730.5, 1621, -2914, -8260, 6099, -84346, -7616, -50733, 39789
4734.3, 1635, -2914, -8260, 6099, -84346, -7616, -50733, 39751
4738.5, 1645, -2562, -7797, 5257, -83244, -4729, -51310, 39751
4742.3, 1467, -2562, -7797, 5257, -83244, -4729, -51310, 39801
4746.0, 1531, -2562, -7797, 5257, -83244, -4729, -51310, 39796
4750.3, 1456, -2305, -6979, 4893, -82645, -4545, -49967, 39796
4754.0, 1967, -2305, -6979, 4893, -82645, -4545, -49967, 39836
4758.2, 1522, -2508, -7362, 6206, -83191, -5070, -46874, 39836
4761.9, 1515, -2508, -7362, 6206, -83191, -5070, -46874, 39842
4765.7, 2208, -2508, -7362, 6206, -83191, -5070, -46874, 39822
4769.9, 2181, -2702, -7673, 7051, -83520, -2213, -44236, 39822
4773.6, 2070, -2702, -7673, 7051, -83520, -2213, -44236, 39855
4777.8, 1751, -2671, -8346, 7150, -85278, -30, -45491, 39855
4781.6, 1308, -2671, -8346, 7150, -85278, -30, -45491, 39843
4783.8, 834, -2671, -8346, 7150, -85278, -30, -45491, 39843
4789.6, 1280, -2599, -8821, 7197, -81227, -2248, -49683, 39850
4793.3, 1444, -2599, -8821, 7197, -81227, -2248, -49683, 39862
4799.0, 2280, -2353, -9013, 5733, -77150, -7546, -51765, 39851
4802.7, 1518, -2353, -9013, 5733, -77150, -7546, -51765, 39855
4808.4, 1483, -2152, -8568, 5081, -74433, -12867, -49958, 39852
4812.1, 2184, -2152, -8568, 5081, -74433, -12867, -49958, 39796
4817.9, 1888, -2047, -7866, 5318, -73724, -15391, -45172, 39849
4821.6, 1646, -2047, -7866, 5318, -73724, -15391, -45172, 39822
4825.9, 1318, -2131, -7922, 5202, -73461, -10977, -39156, 39822
4829.7, 1359, -2131, -7922, 5202, -73461, -10977, -39156, 39861
4831.9, 1200, -2131, -7922, 5202, -73461, -10977, -39156, 39861
4837.6, 1709, -2331, -8524, 4891, -75872, -5048, -34996, 39861
4841.4, 1582, -2331, -8524, 4891, -75872, -5048, -34996, 39888
4845.6, 1558, -2602, -8772, 5507, -76992, -3241, -34689, 39888
4849.4, 2060, -2602, -8772, 5507, -76992, -3241, -34689, 39904
4851.7, 1924, -2602, -8772, 5507, -76992, -3241, -34689, 39904
4855.9, 1591, -2781, -8775, 6165, -77779, -4230, -36194, 39904
4859.7, 1646, -2781, -8775, 6165, -77779, -4230, -36194, 39909
4862.0, 1188, -2781, -8775, 6165, -77779, -4230, -36194, 39909
4867.7, 1830, -2696, -8961, 6587, -74135, -7013, -36667, 40372
4871.4, 1911, -2696, -8961, 6587, -74135, -7013, -36667, 40386
4875.7, 1172, -1974, -8892, 5921, -70482, -13912, -36698, 40386
4879.5, 1016, -1974, -8892, 5921, -70482, -13912, -36698, 40393
4883.7, 2119, -1467, -8505, 5175, -69996, -23809, -38421, 40393
4887.5, 2093, -1467, -8505, 5175, -69996, -23809, -38421, 40419
4891.2, 1665, -1467, -8505, 5175, -69996, -23809, -38421, 40433
4895.5, 1639, -1280, -8191, 4741, -67708, -27873, -37625, 40433
4899.3, 1959, -1280, -8191, 4741, -67708, -27873, -37625, 40451
4903.5, 1830, -1096, -8739, 3983, -69489, -21520, -33416, 40451
4907.3, 1630, -1096, -8739, 3983, -69489, -21520, -33416, 40459
4911.0, 1086, -1096, -8739, 3983, -69489, -21520, -33416, 40496
4915.3, 1059, -1218, -9210, 3876, -70591, -13514, -29330, 40496
4919.1, 1627, -1218, -9210, 3876, -70591, -13514, -29330, 40492
4923.3, 2545, -1463, -9576, 3656, -68430, -7616, -28184, 40492
4927.0, 1821, -1463, -9576, 3656, -68430, -7616, -28184, 40493
4930.8, 1554, -1463, -9576, 3656, -68430, -7616, -28184, 40494
4935.0, 1497, -1689, -9966, 3613, -67542, -1185, -27729, 40494
4938.8, 1940, -1689, -9966, 3613, -67542, -1185, -27729, 40499
4943.0, 1827, -1838, -10237, 3458, -63771, 3871, -26692, 40499
4946.7, 1754, -1838, -10237, 3458, -63771, 3871, -26692, 40523
4950.5, 1432, -1838, -10237, 3458, -63771, 3871, -26692, 40529
4954.7, 1880, -1864, -10127, 3718, -58809, 1106, -26547, 40529
4958.4, 1400, -1864, -10127, 3718, -58809, 1106, -26547, 40533
4964.2, 2030, -1627, -9759, 4173, -51481, -7293, -26928, 40564
4967.9, 2366, -1627, -9759, 4173, -51481, -7293, -26928, 40559
4973.6, 1491, -1219, -9467, 3929, -48292, -14275, -26967, 40577
4975.8, 1111, -1219, -9467, 3929, -48292, -14275, -26967, 40577
4978.2, 1320, -1219, -9467, 3929, -48292, -14275, -26967, 40577
4983.9, 1771, -1029, -9523, 3917, -45846, -16808, -26237, 40602
4986.2, 1026, -1029, -9523, 3917, -45846, -16808, -26237, 40602
4990.4, 1572, -819, -9674, 3189, -44581, -13925, -24093, 40602
4994.1, 1761, -819, -9674, 3189, -44581, -13925, -24093, 40614
4996.4, 1350, -819, -9674, 3189, -44581, -13925, -24093, 40614
5000.6, 1973, -1068, -9856, 3299, -44896, -8264, -21560, 40614
5004.3, 1739, -1068, -9856, 3299, -44896, -8264, -21560, 40641
5006.6, 1059, -1068, -9856, 3299, -44896, -8264, -21560, 40641
5010.8, 1629, -1354, -9610, 3882, -44840, -3696, -20269, 40641
5014.5, 1875, -1354, -9610, 3882, -44840, -3696, -20269, 40663
5016.8, 1351, -1354, -9610, 3882, -44840, -3696, -20269, 40663
5021.0, 1782, -1533, -9503, 4148, -46034, -144, -19893, 40663
5024.7, 1755, -1533, -9503, 4148, -46034, -144, -19893, 40672
5029.0, 1866, -1559, -9476, 4320, -48313, 437, -19819, 40672
5032.8, 1564, -1559, -9476, 4320, -48313, 437, -19819, 40678
5036.5, 1067, -1559, -9476, 4320, -48313, 437, -19819, 40721
5040.8, 1829, -1433, -9360, 4655, -48869, -3727, -19657, 40721
5044.5, 2672, -1433, -9360, 4655, -48869, -3727, -19657, 40707
5048.7, 2012, -1240, -9291, 4903, -49521, -8601, -18624, 40707
5052.5, 1773, -1240, -9291, 4903, -49521, -8601, -18624, 40706
5056.3, 1670, -1240, -9291, 4903, -49521, -8601, -18624, 40716
5060.5, 1636, -747, -9698, 4458, -46266, -9590, -17036, 40716
5064.3, 1720, -747, -9698, 4458, -46266, -9590, -17036, 40708
5068.5, 2011, -196, -10006, 2973, -44087, -9279, -16778, 40708
5072.3, 1858, -196, -10006, 2973, -44087, -9279, -16778, 40732
5076.0, 1731, -196, -10006, 2973, -44087, -9279, -16778, 40757
5080.2, 1599, -335, -9582, 2721, -41742, -9520, -18209, 40757
5084.0, 1673, -335, -9582, 2721, -41742, -9520, -18209, 40742
5088.2, 1852, -658, -9001, 2458, -40981, -5215, -17355, 40742
5091.9, 1539, -658, -9001, 2458, -40981, -5215, -17355, 40774
5095.6, 1518, -658, -9001, 2458, -40981, -5215, -17355, 40767
5099.9, 1958, -902, -9193, 2425, -41913, 4243, -13387, 40767
5103.6, 2096, -902, -9193, 2425, -41913, 4243, -13387, 40769
5107.8, 1847, -1191, -9767, 2910, -42201, 7765, -10736, 40769
5111.6, 1500, -1191, -9767, 2910, -42201, 7765, -10736, 40767
5113.8, 829, -1191, -9767, 2910, -42201, 7765, -10736, 40767
5119.5, 2493, -1315, -10077, 2828, -41094, 5079, -11817, 40788
5123.3, 2342, -1315, -10077, 2828, -41094, 5079, -11817, 40795
5129.0, 1527, -1269, -10138, 2892, -38999, 3101, -13549, 40800
5131.2, 776, -1269, -10138, 2892, -38999, 3101, -13549, 40800
5133.5, 1052, -1269, -10138, 2892, -38999, 3101, -13549, 40800
5139.2, 2074, -1010, -10277, 2697, -34856, 2200, -13400, 40817
5141.5, 849, -1010, -10277, 2697, -34856, 2200, -13400, 40817
5145.7, 1622, -1010, -10277, 2697, -31181, -730, -12267, 40817
5149.5, 2250, -1010, -10277, 2697, -31181, -730, -12267, 40822
5151.7, 1747, -1010, -10277, 2697, -31181, -730, -12267, 40822
5156.0, 2124, -442, -9789, 2356, -27987, -3395, -11725, 40822
5159.7, 1215, -442, -9789, 2356, -27987, -3395, -11725, 40831
5162.0, 918, -442, -9789, 2356, -27987, -3395, -11725, 40831
5167.7, 1884, -337, -9786, 2297, -23380, -3189, -10500, 40824
5171.4, 1726, -337, -9786, 2297, -23380, -3189, -10500, 40841
5175.7, 1847, -416, -9727, 1706, -21450, -2432, -8833, 40841
5179.4, 1812, -416, -9727, 1706, -21450, -2432, -8833, 40867
5181.6, 1042, -416, -9727, 1706, -21450, -2432, -8833, 40867
5185.9, 1839, -848, -9558, 2229, -19434, -3233, -8465, 40867
5189.7, 1644, -848, -9558, 2229, -19434, -3233, -8465, 40875
5193.9, 1726, -848, -9558, 2229, -19434, -3233, -8465, 40875
5197.6, 1762, -848, -9558, 2229, -19434, -3233, -8465, 40862
5201.4, 1655, -848, -9558, 2229, -19434, -3233, -8465, 40902
5205.6, 2036, -1117, -9861, 2810, -21547, -183, -7756, 40902
5209.4, 2191, -1117, -9861, 2810, -21547, -183, -7756, 40914
5213.6, 2358, -1117, -9861, 2810, -21547, -183, -7756, 40914
5217.3, 2049, -1117, -9861, 2810, -21547, -183, -7756, 40925
5221.1, 1473, -1117, -9861, 2810, -21547, -183, -7756, 40930
5225.3, 1777, -554, -10007, 2751, -20785, -1955, -7577, 40930
5229.0, 1669, -554, -10007, 2751, -20785, -1955, -7577, 40940
5233.2, 1881, -554, -10007, 2751, -20785, -1955, -7577, 40940
5237.0, 1836, -554, -10007, 2751, -20785, -1955, -7577, 40945
5240.7, 1864, -554, -10007, 2751, -20785, -1955, -7577, 40954
5245.0, 1879, -424, -9470, 1846, -19976, -96, -6982, 40954
5248.7, 2187, -424, -9470, 1846, -19976, -96, -6982, 40964
5252.9, 1980, -424, -9470, 1846, -19976, -96, -6982, 40964
5256.6, 1541, -424, -9470, 1846, -19976, -96, -6982, 40985
5258.9, 643, -424, -9470, 1846, -19976, -96, -6982, 40985
5264.6, 1980, -856, -9856, 2286, -17377, 3885, -3976, 40971
5268.3, 1822, -856, -9856, 2286, -17377, 3885, -3976, 40997
5274.0, 1936, -856, -9856, 2204, -15732, 2161, -3136, 41000
5277.7, 1654, -856, -9856, 2204, -15732, 2161, -3136, 40969
5283.8, 1707, -854, -10216, 2091, -13965, -2795, -4230, 41016
5287.5, 1871, -854, -10216, 2091, -13965, -2795, -4230, 41031
5293.2, 2178, -902, -10001, 2091, -13965, -2795, -4230, 41031
5297.0, 1623, -902, -10001, 2091, -13965, -2795, -4230, 41070
5302.7, 1772, -946, -9640, 2435, -12508, -6483, -4838, 41057
5306.4, 1930, -946, -9640, 2435, -12508, -6483, -4838, 41088
5310.7, 1966, -822, -9678, 2343, -12818, -5906, -3491, 41088
5314.5, 1770, -822, -9678, 2343, -12818, -5906, -3491, 41095
5316.8, 758, -822, -9678, 2343, -12818, -5906, -3491, 41095
5321.0, 1947, -581, -9871, 2378, -12849, -3998, -1924, 41095
5324.7, 1694, -581, -9871, 2378, -12849, -3998, -1924, 41099
5327.0, 569, -581, -9871, 2378, -12849, -3998, -1924, 41099
5332.7, 1871, -425, -9892, 2118, -12779, -2769, -1938, 41122
5336.4, 1837, -425, -9892, 2118, -12779, -2769, -1938, 41148
5340.7, 2032, -476, -9662, 1885, -12547, -770, -2751, 41148
5344.4, 1652, -476, -9662, 1885, -12547, -770, -2751, 41149
5346.7, 704, -476, -9662, 1885, -12547, -770, -2751, 41149
5350.9, 1881, -674, -9639, 2164, -11961, 376, -3058, 41149
5354.7, 1779, -674, -9639, 2164, -11961, 376, -3058, 41136
5358.9, 1675, -664, -9935, 2179, -11025, 4, -1960, 41136
5362.7, 1439, -664, -9935, 2179, -11025, 4, -1960, 41161
5366.4, 1965, -664, -9935, 2179, -11025, 4, -1960, 41180
5370.7, 2062, -473, -10041, 1757, -9358, -1303, 104, 41180
5374.4, 1781, -473, -10041, 1757, -9358, -1303, 104, 41179
5378.6, 1852, -495, -9896, 1642, -7577, -4112, 336, 41179
5382.3, 1862, -495, -9896, 1642, -7577, -4112, 336, 41157
5386.1, 1705, -495, -9896, 1642, -7577, -4112, 336, 41195
5390.3, 1850, -716, -9761, 1766, -5136, -4340, -288, 41195
5394.0, 1758, -716, -9761, 1766, -5136, -4340, -288, 41197
5398.3, 1811, -716, -9955, 1728, -4239, -3591, -516, 41197
5402.0, 1742, -716, -9955, 1728, -4239, -3591, -516, 41203
5405.8, 1810, -716, -9955, 1728, -4239, -3591, -516, 41208
5410.0, 1859, -607, -9987, 1581, -3880, -5420, -1172, 41208
5413.8, 1682, -607, -9987, 1581, -3880, -5420, -1172, 41213
5418.0, 1741, -622, -9771, 1782, -2918, -7328, -1609, 41213
5421.7, 1541, -622, -9771, 1782, -2918, -7328, -1609, 41206
5424.0, 631, -622, -9771, 1782, -2918, -7328, -1609, 41206
5429.7, 1760, -631, -9834, 1994, -3521, -6969, -1063, 41217
5433.5, 1919, -631, -9834, 1994, -3521, -6969, -1063, 41212
5437.7, 1957, -555, -9854, 2194, -5197, -5858, -839, 41212
5441.5, 1990, -555, -9854, 2194, -5197, -5858, -839, 41218
5443.8, 1005, -555, -9854, 2194, -5197, -5858, -839, 41218
5449.5, 1814, -457, -9783, 2226, -5613, -6300, -1592, 41340
5453.3, 1961, -457, -9783, 2226, -5613, -6300, -1592, 41348
5459.0, 1642, -217, -9637, 1946, -6426, -5538, -1679, 41360
5461.2, 627, -217, -9637, 1946, -6426, -5538, -1679, 41360
5465.5, 1926, -139, -9805, 1841, -6440, -1609, -901, 41360
5469.3, 1089, -139, -9805, 1841, -6440, -1609, -901, 41362
5471.5, 559, -139, -9805, 1841, -6440, -1609, -901, 41362
5475.8, 1891, -237, -10017, 1633, -5858, 1719, -328, 41362
5479.5, 1893, -237, -10017, 1633, -5858, 1719, -328, 41353
5481.8, 810, -237, -10017, 1633, -5858, 1719, -328, 41353
5486.0, 1904, -475, -9892, 1274, -5118, 3351, -774, 41353
5489.7, 1899, -475, -9892, 1274, -5118, 3351, -774, 41367
5492.0, 718, -475, -9892, 1274, -5118, 3351, -774, 41367
5497.7, 1903, -719, -9700, 1654, -4121, 4195, -1505, 41360
5501.4, 1619, -719, -9700, 1654, -4121, 4195, -1505, 41374
5505.6, 1594, -864, -9734, 1888, -3736, 3084, -1531, 41374
5509.4, 1770, -864, -9734, 1888, -3736, 3084, -1531, 41370
5511.6, 916, -864, -9734, 1888, -3736, 3084, -1531, 41370
5515.9, 2246, -887, -9881, 2105, -3360, 26, -866, 41370
5519.7, 1861, -887, -9881, 2105, -3360, 26, -866, 41371
5523.9, 1875, -831, -9784, 2268, -3066, -4908, -599, 41371
5527.6, 1502, -831, -9784, 2268, -3066, -4908, -599, 41368
5531.4, 1313, -831, -9784, 2268, -3066, -4908, -599, 41349
5535.6, 1854, -564, -9601, 1874, -2996, -8203, -1102, 41349
5539.4, 2296, -564, -9601, 1874, -2996, -8203, -1102, 41391
5543.6, 1998, -276, -9591, 1853, -3036, -6208, -1631, 41391
5547.3, 1453, -276, -9591, 1853, -3036, -6208, -1631, 41393
5551.1, 1798, -276, -9591, 1853, -3036, -6208, -1631, 41395
5555.3, 1800, -224, -9889, 1948, -2808, -1973, -1439, 41395
5559.0, 1614, -224, -9889, 1948, -2808, -1973, -1439, 41398
5563.2, 1684, -7, -10004, 1575, -2432, 1246, -686, 41398
5566.9, 1715, -7, -10004, 1575, -2432, 1246, -686, 41405
5570.7, 1937, -7, -10004, 1575, -2432, 1246, -686, 41414
5575.0, 1966, -282, -9793, 1208, -2008, 2305, -752, 41414
5578.7, 1792, -282, -9793, 1208, -2008, 2305, -752, 41419
5582.9, 1738, -806, -9521, 1730, -634, 1964, -1977, 41419
5586.6, 1647, -806, -9521, 1730, -634, 1964, -1977, 41421
5588.9, 590, -806, -9521, 1730, -634, 1964, -1977, 41421
5594.6, 1844, -981, -9509, 1679, -3045, 2576, -1964, 41428
5598.3, 1676, -981, -9509, 1679, -3045, 2576, -1964, 41441
5604.0, 1399, -911, -9762, 1932, -4108, 2183, -831, 41432
5607.8, 1370, -911, -9762, 1932, -4108, 2183, -831, 41435
5613.5, 2125, -683, -10020, 2154, -4545, -2183, -892, 41386
5615.7, 880, -683, -10020, 2154, -4545, -2183, -892, 41386
5618.0, 632, -683, -10020, 2154, -4545, -2183, -892, 41386
5623.7, 2143, -437, -9964, 1858, -5258, -4589, -1789, 41457
5626.0, 887, -437, -9964, 1858, -5258, -4589, -1789, 41457
5628.2, 196, -437, -9964, 1858, -5258, -4589, -1789, 41457
5633.9, 1829, -249, -9989, 1884, -4086, -2344, -1728, 41438
5636.2, 924, -249, -9989, 1884, -4086, -2344, -1728, 41438
5640.5, 1729, -75, -10070, 1635, -2270, -673, -1019, 41438
5644.2, 1132, -75, -10070, 1635, -2270, -673, -1019, 41439
5646.5, 415, -75, -10070, 1635, -2270, -673, -1019, 41439
5650.7, 1801, -46, -10055, 1113, -559, -704, -1535, 41439
5654.4, 2032, -46, -10055, 1113, -559, -704, -1535, 41428
5656.7, 823, -46, -10055, 1113, -559, -704, -1535, 41428
5660.9, 1885, -333, -9899, 924, 2668, 2419, -1426, 41428
5664.6, 1889, -333, -9899, 924, 2668, 2419, -1426, 41444
5666.9, 542, -333, -9899, 924, 2668, 2419, -1426, 41444
5672.6, 1438, -774, -10270, 1220, 4326, 4103, -695, 41450
5676.3, 1880, -774, -10270, 1220, 4326, 4103, -695, 41406
5680.6, 2120, -1228, -10479, 1588, 9091, 454, -227, 41406
5684.4, 1941, -1228, -10479, 1588, 9091, 454, -227, 41466
5688.6, 1677, -1078, -10430, 1763, 12626, -5731, 297, 41466
5692.3, 1713, -1078, -10430, 1763, 12626, -5731, 297, 41470
5696.1, 1470, -1078, -10430, 1763, 12626, -5731, 297, 41475
5700.4, 1783, -707, -10195, 1789, 17198, -14770, 791, 41475
5704.2, 1555, -707, -10195, 1789, 17198, -14770, 791, 41478
5708.4, 1806, -546, -10157, 1355, 20304, -21582, 1010, 41478
5712.1, 1844, -546, -10157, 1355, 20304, -21582, 1010, 41493
5715.9, 1957, -546, -10157, 1355, 20304, -21582, 1010, 41494
5720.1, 979, -625, -10473, 1489, 24845, -18690, 2961, 41494
5723.9, 1602, -625, -10473, 1489, 24845, -18690, 2961, 41498
5728.1, 2248, -582, -10737, 1777, 29256, -12372, 5818, 41498
5731.8, 2044, -582, -10737, 1777, 29256, -12372, 5818, 41492
5735.6, 1780, -582, -10737, 1777, 29256, -12372, 5818, 41500
5739.8, 2578, -487, -10506, 2063, 34366, -10062, 7420, 41500
5743.5, 1594, -487, -10506, 2063, 34366, -10062, 7420, 41502
5747.8, 445, -468, -10167, 1333, 40285, -9507, 7363, 41502
5751.5, 1440, -468, -10167, 1333, 40285, -9507, 7363, 41494
5753.8, 1401, -468, -10167, 1333, 40285, -9507, 7363, 41494
5759.5, 2118, -861, -9991, 1704, 49390, -10355, 7774, 41493
5763.3, 794, -861, -9991, 1704, 49390, -10355, 7774, 41482
5769.0, 1690, -1508, -10290, 2301, 55086, -12438, 11650, 41483
5772.7, 2097, -1508, -10290, 2301, 55086, -12438, 11650, 41465
5778.4, 1594, -1603, -10508, 2739, 58866, -14385, 17653, 41474
5782.2, 1304, -1603, -10508, 2739, 58866, -14385, 17653, 41486
5787.9, 1984, -1603, -10508, 2739, 61373, -16633, 21297, 41431
5791.6, 1563, -1603, -10508, 2739, 61373, -16633, 21297, 41493
5795.9, 1000, -1182, -10228, 2877, 64274, -15325, 21682, 41493
5799.6, 1320, -1182, -10228, 2877, 64274, -15325, 21682, 41462
5801.9, 1403, -1182, -10228, 2877, 64274, -15325, 21682, 41462
5807.6, 1272, -994, -9931, 3092, 66343, -9432, 22194, 41458
5811.3, 1074, -994, -9931, 3092, 66343, -9432, 22194, 41417
5815.6, 1309, -953, -9923, 3363, 69782, -1408, 24618, 41417
5819.3, 1193, -953, -9923, 3363, 69782, -1408, 24618, 41450
5821.6, 600, -953, -9923, 3363, 69782, -1408, 24618, 41450
5825.8, 1594, -855, -9994, 3597, 73921, 1456, 28556, 41450
5829.6, 2558, -855, -9994, 3597, 73921, 1456, 28556, 41444
5831.8, 1929, -855, -9994, 3597, 73921, 1456, 28556, 41444
5837.6, 1703, -1242, -9915, 3772, 79971, 3255, 33950, 41454
5841.3, 1754, -1242, -9915, 3772, 79971, 3255, 33950, 41484
5845.6, 1504, -1242, -9915, 3772, 83314, 6107, 40390, 41484
5849.4, 900, -1242, -9915, 3772, 83314, 6107, 40390, 41441
5853.6, 1125, -1403, -9966, 3705, 83314, 6107, 40390, 41441
5857.3, 1091, -1403, -9966, 3705, 83314, 6107, 40390, 41432
5861.1, 1648, -1403, -9966, 3705, 83314, 6107, 40390, 41422
5865.4, 2220, -1475, -9988, 3965, 92217, 3114, 47657, 41422
5869.1, 1419, -1475, -9988, 3965, 92217, 3114, 47657, 41382
5873.3, 1397, -1645, -9976, 3965, 92217, 3114, 47657, 41382
5877.0, 1306, -1645, -9976, 3965, 92217, 3114, 47657, 41347
5880.7, 1516, -1645, -9976, 3965, 92217, 3114, 47657, 41400
5885.0, 1909, -2019, -10016, 4739, 100539, 1386, 51407, 41400
5888.7, 1705, -2019, -10016, 4739, 100539, 1386, 51407, 41418
5892.9, 1113, -1986, -10130, 4969, 100539, 1386, 51407, 41418
5896.7, 838, -1986, -10130, 4969, 100539, 1386, 51407, 41357
5899.0, 70, -1986, -10130, 4969, 100539, 1386, 51407, 41357
5904.7, 1587, -1807, -10125, 5173, 109341, -3828, 55068, 41382
5908.4, 1839, -1807, -10125, 5173, 109341, -3828, 55068, 41371
5914.1, 1752, -1758, -9931, 4725, 110540, -2743, 57619, 41369
5917.8, 1533, -1758, -9931, 4725, 110540, -2743, 57619, 41348
5923.5, 1556, -1832, -9809, 5290, 110540, -2743, 59675, 41372
5927.3, 662, -1832, -9809, 5290, 110540, -2743, 59675, 41366
5933.0, 516, -1637, -9681, 5616, 112636, -1903, 59675, 41304
5936.7, 1340, -1637, -9681, 5616, 112636, -1903, 59675, 41392
5942.4, 1819, -1598, -9504, 5697, 116416, 2012, 60905, 41365
5946.1, 504, -1598, -9504, 5697, 116416, 2012, 60905, 41365
5948.4, 367, -1598, -9504, 5697, 116416, 2012, 60905, 41365
5954.2, 848, -1935, -9218, 5483, 115593, 3215, 62878, 41364
5956.4, 408, -1935, -9218, 5483, 115593, 3215, 62878, 41364
5960.7, 1430, -2274, -8970, 5794, 118892, 2611, 66724, 41364
5964.4, 2255, -2274, -8970, 5794, 118892, 2611, 66724, 41366
5966.7, 1234, -2274, -8970, 5794, 118892, 2611, 66724, 41366
5972.4, 662, -2389, -8860, 5809, 120191, 3093, 70237, 41465
5976.1, 423, -2389, -8860, 5809, 120191, 3093, 70237, 41390
5980.4, 1578, -2447, -9011, 6172, 123219, 3570, 72324, 41390
5984.1, 1452, -2447, -9011, 6172, 123219, 3570, 72324, 41362
5986.4, 1341, -2447, -9011, 6172, 123219, 3570, 72324, 41362
5990.6, 2407, -2526, -8936, 6257, 123823, 3198, 73663, 41362
5994.3, 910, -2526, -8936, 6257, 123823, 3198, 73663, 41355
5996.6, 940, -2526, -8936, 6257, 123823, 3198, 73663, 41355
6000.8, 2055, -2529, -8791, 6814, 126850, 1592, 73724, 41355
6004.5, 2199, -2529, -8791, 6814, 126850, 1592, 73724, 41382
6008.8, 1840, -2473, -8422, 6550, 128915, 428, 72897, 41382
6012.5, 1151, -2473, -8422, 6550, 128915, 428, 72897, 41350
6016.3, 1953, -2473, -8422, 6550, 128915, 428, 72897, 41347
6020.6, 1976, -2593, -8218, 6699, 130875, -363, 72315, 41347
6024.3, 772, -2593, -8218, 6699, 130875, -363, 72315, 41343
6028.6, 1497, -2812, -7874, 7124, 132000, -1067, 73321, 41343
6032.3, 1973, -2812, -7874, 7124, 132000, -1067, 73321, 41345
6036.0, 1290, -2812, -7874, 7124, 132000, -1067, 73321, 41336
6040.3, 860, -2830, -7764, 6695, 131838, -91, 74524, 41336
6044.0, 1660, -2830, -7764, 6695, 131838, -91, 74524, 41344
6048.3, 2829, -2756, -7517, 7116, 131781, 1111, 75211, 41344
6052.0, 2141, -2756, -7517, 7116, 131781, 1111, 75211, 41337
6055.8, 1131, -2756, -7517, 7116, 131781, 1111, 75211, 41351
6060.0, 1023, -2759, -7122, 7195, 131947, 1001, 76139, 41351
6063.8, 1749, -2759, -7122, 7195, 131947, 1001, 76139, 40999
6068.0, 2011, -2703, -6872, 7063, 132805, 2047, 77670, 40999
6071.7, 2039, -2703, -6872, 7063, 132805, 2047, 77670, 40979
6075.5, 1200, -2703, -6872, 7063, 132805, 2047, 77670, 40945
6079.7, 821, -2811, -6585, 7204, 132087, 2975, 78103, 40945
6083.4, 944, -2811, -6585, 7204, 132087, 2975, 78103, 40933
6089.2, 1837, -3079, -6168, 7359, 132022, 3150, 77224, 40843
6092.9, 2485, -3079, -6168, 7359, 132022, 3150, 77224, 40909
6098.6, 1427, -3412, -5873, 7245, 129817, 3893, 76196, 40885
6100.9, 1708, -3412, -5873, 7245, 129817, 3893, 76196, 40885
6103.1, 1915, -3412, -5873, 7245, 129817, 3893, 76196, 40885
6108.8, 1248, -3616, -5775, 8196, 129165, 8518, 76143, 40801
6111.0, 616, -3616, -5775, 8196, 129165, 8518, 76143, 40801
6113.3, 856, -3616, -5775, 8196, 129165, 8518, 76143, 40801
6119.0, 1391, -3644, -5844, 7970, 128281, 8610, 75124, 40808
6121.3, 1269, -3644, -5844, 7970, 128281, 8610, 75124, 40808
6125.5, 2887, -3649, -5845, 7693, 127507, 5271, 73203, 40808
6129.3, 1690, -3649, -5845, 7693, 127507, 5271, 73203, 40786
6131.6, 921, -3649, -5845, 7693, 127507, 5271, 73203, 40786
6135.8, 544, -3494, -5318, 7051, 126465, 4081, 72455, 40786
6139.5, 717, -3494, -5318, 7051, 126465, 4081, 72455, 40766
6141.8, 780, -3494, -5318, 7051, 126465, 4081, 72455, 40766
6146.0, 2431, -3480, -5003, 7194, 127038, 5923, 72954, 40766
6149.7, 2452, -3480, -5003, 7194, 127038, 5923, 72954, 40745
6152.0, 1967, -3480, -5003, 7194, 127038, 5923, 72954, 40745
6157.7, 2392, -3687, -4777, 7663, 124755, 7962, 74441, 40721
6161.4, 1950, -3687, -4777, 7663, 124755, 7962, 74441, 40699
6165.7, 945, -3630, -4834, 7527, 124168, 10351, 74612, 40699
6169.4, 795, -3630, -4834, 7527, 124168, 10351, 74612, 40663
6171.7, 519, -3630, -4834, 7527, 124168, 10351, 74612, 40663
6175.9, 393, -3558, -4717, 7860, 122799, 10898, 72980, 40663
6179.7, 851, -3558, -4717, 7860, 122799, 10898, 72980, 40620
6183.9, 2702, -3571, -4454, 7577, 120371, 9244, 69108, 40620
6187.6, 3000, -3571, -4454, 7577, 120371, 9244, 69108, 40599
6191.4, 2408, -3571, -4454, 7577, 120371, 9244, 69108, 40568
6195.7, 1877, -3524, -4097, 8230, 116954, 10863, 66081, 40568
6199.4, 1041, -3524, -4097, 8230, 116954, 10863, 66081, 40544
6203.6, 476, -3743, -3879, 8375, 114486, 12464, 64396, 40544
6207.3, 1383, -3743, -3879, 8375, 114486, 12464, 64396, 40496
6211.1, 1772, -3743, -3879, 8375, 114486, 12464, 64396, 40497
6215.3, 1528, -4230, -3600, 7975, 114836, 10902, 65354, 40497
6219.0, 1387, -4230, -3600, 7975, 114836, 10902, 65354, 40462
6223.2, 1999, -4259, -3681, 7275, 110378, 10732, 66164, 40462
6227.0, 206, -4259, -3681, 7275, 110378, 10732, 66164, 40450
6230.7, 1663, -4259, -3681, 7275, 110378, 10732, 66164, 40421
6235.0, 2664, -4071, -3239, 8008, 106869, 11103, 63954, 40421
6238.7, 2891, -4071, -3239, 8008, 106869, 11103, 63954, 40394
6242.9, 935, -3934, -3157, 8416, 105618, 10622, 58897, 40394
6246.6, 115, -3934, -3157, 8416, 105618, 10622, 58897, 40391
6248.9, 456, -3934, -3157, 8416, 105618, 10622, 58897, 40391
6254.6, 1896, -3877, -3345, 7765, 102437, 8045, 55353, 40355
6258.3, 744, -3877, -3345, 7765, 102437, 8045, 55353, 40331
6264.1, 2617, -3777, -3311, 7801, 101541, 3136, 53717, 40319
6266.3, 2659, -3777, -3311, 7801, 101541, 3136, 53717, 40319
6268.6, 2177, -3777, -3311, 7801, 101541, 3136, 53717, 40319
6274.3, 1314, -3605, -2789, 7915, 99926, 2279, 52920, 40286
6276.6, 1059, -3605, -2789, 7915, 99926, 2279, 52920, 40286
6280.9, 1495, -3423, -2490, 7804, 96697, 4628, 52172, 40286
6284.7, 1275, -3423, -2490, 7804, 96697, 4628, 52172, 40280
6286.9, 738, -3423, -2490, 7804, 96697, 4628, 52172, 40280
6292.7, 1350, -3497, -2283, 7646, 93057, 5433, 51638, 40223
6296.4, 1987, -3497, -2283, 7646, 93057, 5433, 51638, 40259
6300.7, 737, -3561, -2020, 7741, 90012, 6286, 50833, 40259
6304.5, 677, -3561, -2020, 7741, 90012, 6286, 50833, 40245
6306.8, 800, -3561, -2020, 7741, 90012, 6286, 50833, 40245
6311.0, 2693, -4016, -1983, 8014, 90660, 11112, 49398, 40245
6314.7, 1302, -4016, -1983, 8014, 90660, 11112, 49398, 40234
6317.0, 1226, -4016, -1983, 8014, 90660, 11112, 49398, 40234
6322.7, 1535, -4509, -2383, 7997, 89758, 17872, 48042, 40204
6326.4, 2956, -4509, -2383, 7997, 89758, 17872, 48042, 40229
6330.7, 2519, -4700, -2791, 8013, 90717, 19237, 44608, 40229
6334.4, 1406, -4700, -2791, 8013, 90717, 19237, 44608, 40231
6338.6, 1442, -4700, -2791, 7687, 91977, 14726, 40193, 40231
6342.3, 2088, -4700, -2791, 7687, 91977, 14726, 40193, 40255
6346.0, 2029, -4700, -2791, 7687, 91977, 14726, 40193, 40248
6350.3, 984, -4101, -2266, 7131, 89671, 8771, 36352, 40248
6354.0, 753, -4101, -2266, 7131, 89671, 8771, 36352, 40173
6358.2, 1467, -4101, -2266, 7972, 92716, 6496, 34899, 40173
6362.0, 2864, -4101, -2266, 7972, 92716, 6496, 34899, 40209
6365.7, 2010, -4101, -2266, 7972, 92716, 6496, 34899, 40184
6370.0, 358, -3358, -1816, 7938, 88022, 10084, 34436, 40184
6373.7, 906, -3358, -1816, 7938, 88022, 10084, 34436, 40188
6377.9, 547, -3358, -1816, 8586, 88157, 11506, 33709, 40188
6381.6, 2336, -3358, -1816, 8586, 88157, 11506, 33709, 40183
6383.9, 3191, -3358, -1816, 8586, 88157, 11506, 33709, 40183
6389.6, 2292, -3158, -1476, 8703, 83970, 13650, 35258, 40175
6393.3, 656, -3158, -1476, 8703, 83970, 13650, 35258, 40183
6399.0, 852, -3333, -1347, 8559, 83126, 12101, 37997, 40156
6402.8, 2481, -3333, -1347, 8559, 83126, 12101, 37997, 40150
6408.5, 1246, -3799, -1155, 7840, 84036, 6199, 41436, 40151
6412.2, 700, -3799, -1155, 7840, 84036, 6199, 41436, 40141
6418.0, 2905, -4271, -637, 7169, 80352, 4261, 42416, 40156
6421.8, 3063, -4271, -637, 7169, 80352, 4261, 42416, 40163
6427.5, 905, -4271, -637, 7169, 80352, 4261, 42416, 40165
6431.2, 2084, -4271, -637, 7169, 80352, 4261, 42416, 40133
6433.5, 1573, -4271, -637, 7169, 80352, 4261, 42416, 40133
6439.3, 1576, -4549, -302, 7566, 77508, 3465, 34681, 40156
6441.5, 1318, -4549, -302, 7566, 77508, 3465, 34681, 40156
6445.7, 919, -4549, -302, 7566, 77508, 3465, 34681, 40156
6449.4, 687, -4549, -302, 7566, 77508, 3465, 34681, 40146
6451.7, 1326, -4549, -302, 7566, 77508, 3465, 34681, 40146
6456.0, 1722, -4792, 56, 7412, 79748, 4873, 28582, 40146
6459.7, 266, -4792, 56, 7412, 79748, 4873, 28582, 40142
6462.0, 453, -4792, 56, 7412, 79748, 4873, 28582, 40142
6467.7, 2558, -4900, -138, 8044, 78834, 5801, 25882, 40114
6471.4, 2446, -4900, -138, 8044, 78834, 5801, 25882, 40132
6475.7, 1423, -4567, 242, 8343, 78834, 5801, 23183, 40132
6479.4, 825, -4567, 242, 8343, 78834, 5801, 23183, 40127
6481.7, 737, -4567, 242, 8343, 78834, 5801, 23183, 40127
6485.9, 1439, -4349, 288, 8775, 80776, 4081, 22549, 40127
6489.6, 2785, -4349, 288, 8775, 80776, 4081, 22549, 40115
6493.8, 1743, -4438, 675, 8321, 80776, 4081, 22549, 40115
6497.6, 1107, -4438, 675, 8321, 80776, 4081, 22549, 40147
6501.3, 1530, -4438, 675, 8321, 80776, 4081, 22549, 40112
6505.6, 1471, -3986, 695, 8093, 78628, -1566, 24124, 40112
6509.4, 2233, -3986, 695, 8093, 78628, -1566, 24124, 40113
6513.6, 1949, -3942, 1356, 8136, 78628, -1566, 24124, 40113
6517.3, 185, -3942, 1356, 8136, 78628, -1566, 24124, 40110
6521.1, 454, -3942, 1356, 8136, 78628, -1566, 24124, 40117
6525.4, 2534, -4313, 1896, 7671, 74389, 1360, 29767, 40117
6529.2, 2101, -4313, 1896, 7671, 74389, 1360, 29767, 40109
6533.4, 1950, -4677, 1965, 7905, 74389, 1360, 29767, 40109
6537.1, 1447, -4677, 1965, 7905, 74389, 1360, 29767, 40107
6540.9, 578, -4677, 1965, 7905, 74389, 1360, 29767, 40098
6545.2, 1610, -5203, 2012, 8036, 76113, 4182, 26862, 40098
6548.9, 3155, -5203, 2012, 8036, 76113, 4182, 26862, 40088
6553.1, 1688, -5319, 1902, 8096, 76113, 4182, 26862, 40088
6556.8, 1625, -5319, 1902, 8096, 76113, 4182, 26862, 40088
6560.6, 1808, -5319, 1902, 8096, 76113, 4182, 26862, 40078
6564.8, 852, -5267, 1802, 8059, 79613, 590, 16108, 40078
6568.5, 986, -5267, 1802, 8059, 79613, 590, 16108, 40062
6572.8, 2281, -5046, 1869, 8615, 79613, 590, 16108, 40062
6576.5, 1623, -5046, 1869, 8615, 79613, 590, 16108, 40059
6578.8, 1114, -5046, 1869, 8615, 79613, 590, 16108, 40059
6584.5, 1515, -4484, 2026, 7891, 75771, -4523, 13698, 40030
6586.7, 432, -4484, 2026, 7891, 75771, -4523, 13698, 40030
6591.0, 75, -3860, 2555, 7001, 74831, -11322, 12683, 40030
6594.7, 1684, -3860, 2555, 7001, 74831, -11322, 12683, 40044
6597.1, 3136, -3860, 2555, 7001, 74831, -11322, 12683, 40044
6602.8, 1311, -3553, 3198, 7747, 75229, -4803, 14389, 40175
6606.5, 305, -3553, 3198, 7747, 75229, -4803, 14389, 40038
6610.7, 3131, -3488, 3107, 7618, 70954, 5582, 17158, 40038
6614.4, 1548, -3488, 3107, 7618, 70954, 5582, 17158, 39994
6616.7, 579, -3488, 3107, 7618, 70954, 5582, 17158, 39994
6620.9, 1467, -4059, 2873, 8104, 71602, 6383, 20772, 39994
6624.6, 1488, -4059, 2873, 8104, 71602, 6383, 20772, 40029
6626.9, 187, -4059, 2873, 8104, 71602, 6383, 20772, 40029
6632.6, 2920, -4774, 2706, 8146, 72341, 3823, 24294, 40099
6636.3, 2415, -4774, 2706, 8146, 72341, 3823, 24294, 40079
6640.5, 1498, -4831, 2338, 7688, 68198, 1404, 24478, 40079
6644.3, 1837, -4831, 2338, 7688, 68198, 1404, 24478, 40076
6646.5, 1210, -4831, 2338, 7688, 68198, 1404, 24478, 40076
6650.8, 1415, -4928, 2599, 7793, 67056, -7100, 21455, 40076
6654.9, 1482, -4928, 2599, 7793, 67056, -7100, 21455, 40088
6659.1, 417, -4709, 2904, 7167, 65521, -13921, 17946, 40088
6662.9, 1077, -4709, 2904, 7167, 65521, -13921, 17946, 40088
6666.6, 2456, -4709, 2904, 7167, 65521, -13921, 17946, 40104
6670.9, 2067, -4130, 3385, 7079, 64689, -10692, 15299, 40104
6674.7, 1658, -4130, 3385, 7079, 64689, -10692, 15299, 40139
6678.9, 1403, -3550, 3552, 7527, 61929, -2191, 12972, 40139
6682.7, 1854, -3550, 3552, 7527, 61929, -2191, 12972, 40096
6686.5, 2224, -3550, 3552, 7527, 61929, -2191, 12972, 40098
6690.7, 1457, -3518, 3730, 8148, 61211, 783, 13514, 40098
6694.5, 1446, -3518, 3730, 8148, 61211, 783, 13514, 40093
6698.7, 1245, -3566, 3482, 7460, 59255, -2213, 16988, 40093
6702.5, 2979, -3566, 3482, 7460, 59255, -2213, 16988, 40133
6706.2, 2007, -3566, 3482, 7460, 59255, -2213, 16988, 40099
6710.5, 1453, -3963, 3369, 7985, 58835, -2673, 19810, 40099
6714.2, 696, -3963, 3369, 7985, 58835, -2673, 19810, 40091
6718.4, 1405, -4468, 3174, 7738, 56928, -1811, 19053, 40091
6722.1, 1900, -4468, 3174, 7738, 56928, -1811, 19053, 40086
6725.9, 1801, -4468, 3174, 7738, 56928, -1811, 19053, 40095
6730.1, 1985, -4786, 3333, 7231, 54421, -6453, 16231, 40095
6733.9, 1619, -4786, 3333, 7231, 54421, -6453, 16231, 40099
6738.1, 1423, -4621, 3765, 7010, 52605, -9086, 14621, 40099
6741.9, 375, -4621, 3765, 7010, 52605, -9086, 14621, 40108
6747.6, 3123, -4150, 4166, 6630, 47263, -8509, 13020, 40116
6751.3, 1485, -4150, 4166, 6630, 47263, -8509, 13020, 40129
6753.6, 666, -4150, 4166, 6630, 47263, -8509, 13020, 40129
6759.4, 1564, -3908, 4479, 7106, 46830, -11235, 12232, 40129
6761.6, 1719, -3908, 4479, 7106, 46830, -11235, 12232, 40129
6765.9, 522, -3830, 4523, 7485, 52242, -4725, 13938, 40129
6769.6, 2841, -3830, 4523, 7485, 52242, -4725, 13938, 40136
6771.9, 1488, -3830, 4523, 7485, 52242, -4725, 13938, 40136
6777.6, 1555, -4048, 3879, 6985, 46428, 1671, 12775, 40151
6781.3, 2510, -4048, 3879, 6985, 46428, 1671, 12775, 40161
6785.6, 2073, -4262, 4241, 7819, 46139, 1426, 12083, 40161
6789.3, 946, -4262, 4241, 7819, 46139, 1426, 12083, 40163
6791.6, 42, -4262, 4241, 7819, 46139, 1426, 12083, 40163
6795.9, 1541, -4317, 4149, 7925, 43002, -48, 13243, 40163
6799.6, 2704, -4317, 4149, 7925, 43002, -48, 13243, 40174
6801.9, 2447, -4317, 4149, 7925, 43002, -48, 13243, 40174
6807.6, 1059, -4348, 4218, 7280, 44135, -6816, 13868, 40185
6811.3, 1552, -4348, 4218, 7280, 44135, -6816, 13868, 40209
6815.6, 1788, -4295, 4521, 6798, 40386, -11103, 12626, 40209
6819.3, 854, -4295, 4521, 6798, 40386, -11103, 12626, 40224
6823.6, 1756, -4339, 4733, 6923, 39896, -9699, 10819, 40224
6827.3, 1806, -4339, 4733, 6923, 39896, -9699, 10819, 40200
6831.0, 433, -4339, 4733, 6923, 39896, -9699, 10819, 40192
6835.3, 2043, -4023, 4652, 6963, 38715, -5145, 10688, 40192
6839.1, 1901, -4023, 4652, 6963, 38715, -5145, 10688, 40205
6843.3, 2137, -3907, 4533, 7361, 38946, -1351, 10377, 40205
6847.0, 1178, -3907, 4533, 7361, 38946, -1351, 10377, 40200
6850.8, 2425, -3907, 4533, 7361, 38946, -1351, 10377, 40211
6855.0, 1829, -4208, 4540, 7119, 34773, -3959, 8548, 40211
6858.8, 2417, -4208, 4540, 7119, 34773, -3959, 8548, 40228
6863.0, 605, -4511, 4907, 7259, 33661, -7984, 8159, 40228
6866.7, 1072, -4511, 4907, 7259, 33661, -7984, 8159, 40207
6870.5, 169, -4511, 4907, 7259, 33661, -7984, 8159, 40180
6874.7, 2851, -4435, 4884, 7243, 34449, -5691, 8863, 40180
6878.4, 2913, -4435, 4884, 7243, 34449, -5691, 8863, 40198
6884.2, 1515, -3924, 4756, 6801, 30183, -7380, 7406, 40201
6887.9, 1220, -3924, 4756, 6801, 30183, -7380, 7406, 40195
6893.7, 1217, -3577, 4950, 7058, 31552, -6125, 7188, 40226
6897.4, 2195, -3577, 4950, 7058, 31552, -6125, 7188, 40200
6903.2, 1830, -3693, 5008, 6953, 30748, -4865, 6409, 40198
6906.9, 2353, -3693, 5008, 6953, 30748, -4865, 6409, 40198
6912.6, 958, -3722, 5170, 6575, 29461, -4685, 6654, 40211
6916.3, 339, -3722, 5170, 6575, 29461, -4685, 6654, 40225
6920.6, 1583, -4049, 5382, 6966, 30039, -4016, 7647, 40225
6924.3, 1804, -4049, 5382, 6966, 30039, -4016, 7647, 40180
6926.6, 2442, -4049, 5382, 6966, 30039, -4016, 7647, 40180
6930.8, 2075, -4157, 5465, 6637, 25874, -4055, 6479, 40180
6934.5, 1862, -4157, 5465, 6637, 25874, -4055, 6479, 40236
6936.8, 803, -4157, 5465, 6637, 25874, -4055, 6479, 40236
6941.0, 1637, -3884, 5331, 7017, 25572, -3460, 5718, 40236
6944.7, 1640, -3884, 5331, 7017, 25572, -3460, 5718, 40242
6947.0, 1200, -3884, 5331, 7017, 25572, -3460, 5718, 40242
6952.7, 1437, -4097, 4983, 7150, 25449, -4305, 4620, 40243
6956.4, 1533, -4097, 4983, 7150, 25449, -4305, 4620, 40233
6960.7, 2372, -4278, 5073, 6615, 23454, -6851, 2926, 40233
6964.4, 2245, -4278, 5073, 6615, 23454, -6851, 2926, 40233
6966.6, 1489, -4278, 5073, 6615, 23454, -6851, 2926, 40233
6970.9, 1040, -3933, 5347, 6742, 21954, -7660, 2869, 40233
6974.7, 2385, -3933, 5347, 6742, 21954, -7660, 2869, 40224
6978.9, 1995, -3933, 5347, 6742, 19302, -9082, 2734, 40224
6982.6, 795, -3933, 5347, 6742, 19302, -9082, 2734, 40218
6986.4, 1472, -3933, 5347, 6742, 19302, -9082, 2734, 40199
6990.6, 1230, -3941, 5800, 6874, 18121, -7056, 3228, 40199
6994.4, 1879, -3941, 5800, 6874, 18121, -7056, 3228, 40193
6998.6, 1562, -3941, 5800, 6874, 15623, -3959, 2852, 40193
7002.3, 1072, -3941, 5800, 6874, 15623, -3959, 2852, 40169
7006.1, 1440, -3941, 5800, 6874, 15623, -3959, 2852, 40168
7010.3, 1154, -3477, 5707, 6927, 13308, -4278, 1854, 40168
7014.0, 2171, -3477, 5707, 6927, 13308, -4278, 1854, 40164
7018.2, 2586, -3477, 5707, 6927, 12110, -4961, 2537, 40164
7021.9, 2279, -3477, 5707, 6927, 12110, -4961, 2537, 40145
7025.7, 1574, -3477, 5707, 6927, 12110, -4961, 2537, 40145
7029.9, 1147, -3832, 5185, 7006, 12783, -4191, 3911, 40145
7033.7, 1448, -3832, 5185, 7006, 12783, -4191, 3911, 40124
7037.9, 1359, -3832, 5185, 7006, 11593, -5560, 3806, 40124
7041.6, 2087, -3832, 5185, 7006, 11593, -5560, 3806, 40125
7043.9, 2378, -3832, 5185, 7006, 11593, -5560, 3806, 40125
7049.6, 1370, -3939, 5379, 5989, 7783, -7730, 2782, 40118
7053.3, 1296, -3939, 5379, 5989, 7783, -7730, 2782, 40108
7059.0, 1570, -4006, 5746, 6645, 7013, -5810, 1745, 40128
7062.8, 1494, -4006, 5746, 6645, 7013, -5810, 1745, 40106
7068.5, 1902, -4006, 5746, 6645, 7013, -5810, 783, 40103
7070.7, 1594, -4006, 5746, 6645, 7013, -5810, 783, 40103
7073.0, 1084, -4006, 5746, 6645, 7013, -5810, 783, 40103
7078.7, 1368, -4043, 5754, 7068, 2305, -2638, 944, 40110
7080.9, 1933, -4043, 5754, 7068, 2305, -2638, 944, 40110
7083.2, 1126, -4043, 5754, 7068, 2305, -2638, 944, 40110
7088.9, 2027, -3760, 5552, 6446, -1343, -2489, 1036, 40107
7091.2, 1984, -3760, 5552, 6446, -1343, -2489, 1036, 40107
7095.5, 1988, -3707, 5528, 7011, -1343, -2489, 1036, 40107
7099.2, 1308, -3707, 5528, 7011, -1343, -2489, 1036, 40111
7101.5, 792, -3707, 5528, 7011, -1343, -2489, 1036, 40111
7105.7, 1589, -3686, 5531, 7040, -3465, -2957, -1321, 40111
7109.4, 2426, -3686, 5531, 7040, -3465, -2957, -1321, 40118
7111.7, 1882, -3686, 5531, 7040, -3465, -2957, -1321, 40118
7115.9, 1499, -3766, 5380, 6787, -5936, -3311, -2021, 40118
7119.6, 1371, -3766, 5380, 6787, -5936, -3311, -2021, 40120
7121.9, 1287, -3766, 5380, 6787, -5936, -3311, -2021, 40120
7127.6, 1719, -3793, 5359, 6583, -9340, -6002, -2235, 40103
7131.3, 1753, -3793, 5359, 6583, -9340, -6002, -2235, 40131
7135.6, 1337, -3733, 5527, 6488, -12132, -6365, -2235, 40131
7139.4, 1360, -3733, 5527, 6488, -12132, -6365, -2235, 40130
7143.6, 1977, -3662, 5483, 6495, -14533, -4716, -4383, 40130
7147.3, 1583, -3662, 5483, 6495, -14533, -4716, -4383, 40142
7151.1, 1558, -3662, 5483, 6495, -14533, -4716, -4383, 40225
7155.4, 2249, -3772, 5500, 6517, -15264, -2121, -6435, 40225
7159.1, 1560, -3772, 5500, 6517, -15264, -2121, -6435, 40144
7163.3, 1641, -3878, 5207, 6494, -18047, -770, -8745, 40144
7167.0, 1511, -3878, 5207, 6494, -18047, -770, -8745, 40156
7170.7, 1482, -3878, 5207, 6494, -18047, -770, -8745, 40173
7175.0, 1915, -3959, 5209, 6611, -19766, -74, -9918, 40173
7178.7, 1345, -3959, 5209, 6611, -19766, -74, -9918, 40199
7182.9, 1580, -3739, 5075, 6585, -22247, 490, -10942, 40199
7186.7, 1340, -3739, 5075, 6585, -22247, 490, -10942, 40186
7189.0, 1379, -3739, 5075, 6585, -22247, 490, -10942, 40186
7194.7, 1778, -3460, 5218, 6937, -25051, -826, -12810, 40191
7198.5, 1083, -3460, 5218, 6937, -25051, -826, -12810, 40188
7202.7, 987, -3412, 5408, 6933, -26714, -1329, -14319, 40188
7206.4, 1875, -3412, 5408, 6933, -26714, -1329, -14319, 40210
7208.7, 2413, -3412, 5408, 6933, -26714, -1329, -14319, 40210
7214.5, 1864, -3164, 5350, 6893, -29991, -577, -14835, 40394
7218.2, 1572, -3164, 5350, 6893, -29991, -577, -14835, 40376
7223.9, 1696, -3239, 5243, 6981, -32686, 1119, -14752, 40239
7227.6, 1456, -3239, 5243, 6981, -32686, 1119, -14752, 40361
7233.3, 1347, -3555, 5094, 6781, -35586, 1618, -14183, 40356
7237.0, 1593, -3555, 5094, 6781, -35586, 1618, -14183, 40273
7242.8, 1421, -3796, 5105, 6375, -38456, 1618, -13768, 40333
7246.5, 1818, -3796, 5105, 6375, -38456, 1618, -13768, 40295
7250.8, 1584, -4034, 5036, 6617, -40871, 3727, -13930, 40295
7254.5, 1694, -4034, 5036, 6617, -40871, 3727, -13930, 40321
7256.8, 1614, -4034, 5036, 6617, -40871, 3727, -13930, 40321
7262.5, 1629, -4074, 5023, 7462, -43689, 4799, -15715, 40313
7266.3, 1528, -4074, 5023, 7462, -43689, 4799, -15715, 40307
7270.5, 1580, -3928, 4983, 7029, -46152, 1872, -18034, 40307
7274.3, 1230, -3928, 4983, 7029, -46152, 1872, -18034, 40311
7276.5, 1013, -3928, 4983, 7029, -46152, 1872, -18034, 40311
7280.8, 1985, -3868, 4917, 6600, -47430, -3377, -20925, 40311
7284.6, 2026, -3868, 4917, 6600, -47430, -3377, -20925, 40291
7286.8, 1185, -3868, 4917, 6600, -47430, -3377, -20925, 40291
7292.6, 1713, -3640, 4847, 6808, -50768, -2913, -23739, 40289
7296.3, 1908, -3640, 4847, 6808, -50768, -2913, -23739, 40278
7300.6, 977, -3329, 4755, 7111, -53275, 2909, -25130, 40278
7304.4, 1350, -3329, 4755, 7111, -53275, 2909, -25130, 40256
7306.6, 1972, -3329, 4755, 7111, -53275, 2909, -25130, 40256
7310.9, 1590, -3243, 4446, 7401, -54780, 7056, -25799, 40256
7314.6, 1603, -3243, 4446, 7401, -54780, 7056, -25799, 40245
7318.8, 2265, -3613, 4174, 7451, -56626, 8058, -26932, 40245
7322.6, 1994, -3613, 4174, 7451, -56626, 8058, -26932, 40254
7326.4, 1834, -3613, 4174, 7451, -56626, 8058, -26932, 40226
7330.6, 1126, -3855, 4021, 7738, -58083, 4694, -28678, 40226
7334.4, 1406, -3855, 4021, 7738, -58083, 4694, -28678, 40221
7338.6, 1824, -4246, 4107, 7678, -58385, -2340, -30761, 40221
7342.3, 1613, -4246, 4107, 7678, -58385, -2340, -30761, 40217
7346.1, 1491, -4246, 4107, 7678, -58385, -2340, -30761, 40206
7350.3, 1717, -4399, 3993, 7236, -59422, -5604, -30380, 40206
7354.1, 1626, -4399, 3993, 7236, -59422, -5604, -30380, 40188
7358.3, 1901, -4100, 3750, 7045, -63447, -4388, -30043, 40188
7362.0, 1494, -4100, 3750, 7045, -63447, -4388, -30043, 40187
7365.7, 1293, -4100, 3750, 7045, -63447, -4388, -30043, 40166
7370.0, 1259, -3607, 3816, 7119, -66396, -5057, -33101, 40166
7373.7, 1830, -3607, 3816, 7119, -66396, -5057, -33101, 40147
7378.0, 1642, -3576, 4144, 7619, -66466, -3626, -36724, 40147
7381.8, 2184, -3576, 4144, 7619, -66466, -3626, -36724, 40091
7384.1, 2333, -3576, 4144, 7619, -66466, -3626, -36724, 40091
7389.8, 1290, -3608, 4085, 7655, -66837, 1968, -37713, 40118
7393.6, 1684, -3608, 4085, 7655, -66837, 1968, -37713, 40091
7397.8, 1622, -3736, 3550, 7576, -68679, 980, -38028, 40091
7401.5, 1455, -3736, 3550, 7576, -68679, 980, -38028, 40069
7405.7, 1523, -4280, 3454, 8311, -66159, -3390, -38084, 40069
7409.4, 1449, -4280, 3454, 8311, -66159, -3390, -38084, 40026
7411.7, 1265, -4280, 3454, 8311, -66159, -3390, -38084, 40026
7415.9, 2115, -4477, 3034, 7976, -67201, -3342, -39073, 40026
7419.6, 2375, -4477, 3034, 7976, -67201, -3342, -39073, 40030
7421.9, 2378, -4477, 3034, 7976, -67201, -3342, -39073, 40030
7427.6, 1009, -4354, 2812, 7291, -71812, -6002, -42333, 40020
7431.3, 1041, -4354, 2812, 7291, -71812, -6002, -42333, 40008
7435.6, 1902, -4381, 3069, 7505, -71755, -11799, -45277, 40008
7439.4, 1784, -4381, 3069, 7505, -71755, -11799, -45277, 40030
7441.7, 1218, -4381, 3069, 7505, -71755, -11799, -45277, 40030
7445.9, 1633, -4402, 3122, 8090, -70478, -6838, -44726, 40030
7449.6, 1769, -4402, 3122, 8090, -70478, -6838, -44726, 39984
7451.9, 1416, -4402, 3122, 8090, -70478, -6838, -44726, 39984
7457.6, 1522, -3730, 2238, 7494, -75281, 371, -45456, 39986
7461.3, 2064, -3730, 2238, 7494, -75281, 371, -45456, 39977
7465.6, 1806, -3253, 2547, 7599, -76493, -4935, -48261, 39977
7469.4, 1647, -3253, 2547, 7599, -76493, -4935, -48261, 39963
7473.6, 2056, -3650, 2921, 8519, -75229, -6155, -48182, 39963
7477.3, 1649, -3650, 2921, 8519, -75229, -6155, -48182, 39963
7481.1, 1742, -3650, 2921, 8519, -75229, -6155, -48182, 39952
7485.3, 2021, -4183, 2645, 8785, -75574, -1977, -44223, 39952
7489.1, 1082, -4183, 2645, 8785, -75574, -1977, -44223, 39944
7493.3, 1681, -4511, 1675, 7620, -77005, -7892, -41847, 39944
7497.0, 1551, -4511, 1675, 7620, -77005, -7892, -41847, 39925
7500.8, 1528, -4511, 1675, 7620, -77005, -7892, -41847, 39895
7505.0, 2061, -4831, 1493, 7948, -73614, -13553, -42407, 39895
7508.7, 1787, -4831, 1493, 7948, -73614, -13553, -42407, 39934
7512.9, 1363, -4376, 1514, 7134, -81739, -8982, -46913, 39934
7516.6, 1565, -4376, 1514, 7134, -81739, -8982, -46913, 39912
7518.9, 1307, -4376, 1514, 7134, -81739, -8982, -46913, 39912
7524.7, 2011, -4122, 1978, 7955, -83502, -10101, -53966, 39901
7528.4, 1725, -4122, 1978, 7955, -83502, -10101, -53966, 39892
7534.1, 1342, -3864, 2301, 8382, -84858, -11567, -56486, 39878
7537.8, 1616, -3864, 2301, 8382, -84858, -11567, -56486, 39835
7543.5, 1156, -4115, 1871, 8234, -84543, -8369, -54058, 39893
7547.3, 1325, -4115, 1871, 8234, -84543, -8369, -54058, 39884
7553.0, 2321, -4185, 1152, 8200, -84504, -6855, -51857, 39881
7556.7, 1563, -4185, 1152, 8200, -84504, -6855, -51857, 39849
7562.5, 1825, -4185, 1152, 8357, -83362, -4405, -51848, 39878
7566.2, 1727, -4185, 1152, 8357, -83362, -4405, -51848, 39872
7568.5, 1293, -4185, 1152, 8357, -83362, -4405, -51848, 39872
7574.2, 585, -4198, -66, 8233, -83953, -2778, -53257, 39870
7576.5, 536, -4198, -66, 8233, -83953, -2778, -53257, 39870
7580.7, 2301, -4198, -169, 8196, -82981, -6868, -54915, 39870
7584.5, 2543, -4198, -169, 8196, -82981, -6868, -54915, 39885
7586.8, 1271, -4198, -169, 8196, -82981, -6868, -54915, 39885
7592.5, 1821, -4457, 77, 8040, -86114, -8080, -56766, 39852
7596.3, 1389, -4457, 77, 8040, -86114, -8080, -56766, 39839
7600.5, 1176, -4399, 383, 8495, -85672, -12053, -59382, 39839
7604.3, 1108, -4399, 383, 8495, -85672, -12053, -59382, 39838
7606.5, 1016, -4399, 383, 8495, -85672, -12053, -59382, 39838
7610.8, 1011, -4447, 370, 8106, -85283, -15089, -59080, 39838
7614.6, 880, -4447, 370, 8106, -85283, -15089, -59080, 39835
7618.8, 1362, -4447, 370, 8106, -85283, -15089, -59080, 39835
7622.5, 1601, -4447, 370, 8106, -85283, -15089, -59080, 39776
7626.3, 1886, -4447, 370, 8106, -85283, -15089, -59080, 39827
7630.5, 1185, -3753, -641, 9352, -84508, -8015, -57567, 39827
7634.3, 2037, -3753, -641, 9352, -84508, -8015, -57567, 39861
7638.5, 1770, -3753, -641, 9352, -84508, -8015, -57567, 39861
7642.2, 1562, -3753, -641, 9352, -84508, -8015, -57567, 39773
7646.0, 1665, -3753, -641, 9352, -84508, -8015, -57567, 39835
7650.3, 1606, -3321, -470, 8639, -89238, -9646, -61097, 39835
7654.0, 1464, -3321, -470, 8639, -89238, -9646, -61097, 39833
7658.3, 1597, -3321, -470, 8639, -89238, -9646, -61097, 39833
7662.0, 2387, -3321, -470, 8639, -89238, -9646, -61097, 39779
7665.7, 2076, -3321, -470, 8639, -89238, -9646, -61097, 39820
7670.0, 1627, -4491, -610, 7843, -96566, -7949, -55646, 39820
7673.7, 1389, -4491, -610, 7843, -96566, -7949, -55646, 39819
7677.9, 1693, -4491, -610, 7843, -96566, -7949, -55646, 39819
7681.7, 2130, -4491, -610, 7843, -96566, -7949, -55646, 39818
7684.0, 1781, -4491, -610, 7843, -96566, -7949, -55646, 39818
7689.7, 1790, -5210, -1863, 7831, -93788, -3758, -55436, 39819
7693.5, 1749, -5210, -1863, 7831, -93788, -3758, -55436, 39822
7697.7, 1803, -5210, -1863, 7831, -93788, -3758, -55436, 39822
7701.4, 1596, -5210, -1863, 7831, -93788, -3758, -55436, 39826
7703.7, 1013, -5210, -1863, 7831, -93788, -3758, -55436, 39826
7709.5, 1469, -4202, -2547, 8234, -89675, -8903, -67835, 39829
7713.3, 1274, -4202, -2547, 8234, -89675, -8903, -67835, 39854
7719.0, 1481, -4202, -2547, 8234, -89675, -8903, -67835, 39842
7721.3, 1641, -4202, -2547, 8234, -89675, -8903, -67835, 39842
7723.5, 1346, -4202, -2547, 8234, -89675, -8903, -67835, 39842
7729.3, 1844, -4247, -1942, 8690, -94265, -8076, -67642, 39854
7731.5, 1493, -4247, -1942, 8690, -94265, -8076, -67642, 39854
7735.8, 1795, -3655, -2069, 8978, -94265, -8076, -67642, 39854
7739.6, 1837, -3655, -2069, 8978, -94265, -8076, -67642, 39851
7741.8, 1182, -3655, -2069, 8978, -94265, -8076, -67642, 39851
7747.6, 1457, -3658, -2022, 9531, -89597, -13212, -65779, 39859
7751.3, 1907, -3658, -2022, 9531, -89597, -13212, -65779, 39849
7755.6, 1843, -3952, -2441, 7529, -91972, -10268, -62384, 39849
7759.3, 1570, -3952, -2441, 7529, -91972, -10268, -62384, 39866
7761.6, 1230, -3952, -2441, 7529, -91972, -10268, -62384, 39866
7765.9, 1622, -4196, -3064, 7340, -96395, -7048, -61119, 39866
7769.7, 1719, -4196, -3064, 7340, -96395, -7048, -61119, 39866
7772.0, 1743, -4196, -3064, 7340, -96395, -7048, -61119, 39866
7777.7, 2054, -4415, -2973, 8717, -95700, -8697, -60682, 39841
7781.4, 1167, -4415, -2973, 8717, -95700, -8697, -60682, 39850
7785.7, 887, -4449, -3101, 8190, -98754, -4996, -59982, 39850
7789.5, 1375, -4449, -3101, 8190, -98754, -4996, -59982, 39827
7793.7, 1884, -4543, -3630, 8261, -96522, -6339, -61850, 39827
7797.5, 1801, -4543, -3630, 8261, -96522, -6339, -61850, 39842
7801.2, 1895, -4543, -3630, 8261, -96522, -6339, -61850, 39839
7805.5, 2062, -4383, -3591, 9199, -92939, -8566, -63609, 39839
7809.2, 1806, -4383, -3591, 9199, -92939, -8566, -63609, 39843
7813.4, 1428, -3759, -4236, 8592, -95114, -7078, -66544, 39843
7817.1, 1113, -3759, -4236, 8592, -95114, -7078, -66544, 39855
7820.9, 1527, -3759, -4236, 8592, -95114, -7078, -66544, 39841
7825.1, 2022, -3579, -4104, 8666, -93302, -11143, -68325, 39841
7828.8, 1905, -3579, -4104, 8666, -93302, -11143, -68325, 39833
7833.1, 1832, -3375, -4159, 6613, -96566, -14980, -66260, 39833
7836.8, 1708, -3375, -4159, 6613, -96566, -14980, -66260, 40065
7839.1, 1593, -3375, -4159, 6613, -96566, -14980, -66260, 40065
7844.9, 1773, -3151, -3796, 7275, -100766, -11786, -61233, 40085
7848.6, 1807, -3151, -3796, 7275, -100766, -11786, -61233, 40111
7852.8, 1271, -3610, -3986, 8203, -102171, -4471, -54688, 40111
7856.6, 1352, -3610, -3986, 8203, -102171, -4471, -54688, 40091
7858.8, 1190, -3610, -3986, 8203, -102171, -4471, -54688, 40091
7864.6, 1667, -4123, -4700, 8866, -94357, -546, -48392, 40148
7868.3, 1728, -4123, -4700, 8866, -94357, -546, -48392, 40165
7874.0, 2061, -3710, -5808, 6993, -96675, 5556, -52085, 40176
7877.7, 1497, -3710, -5808, 6993, -96675, 5556, -52085, 40205
7883.4, 1218, -3859, -5648, 8200, -92825, 3045, -66921, 40190
7887.2, 1722, -3859, -5648, 8200, -92825, 3045, -66921, 40214
7892.9, 1797, -3796, -5146, 8175, -90878, -1623, -75793, 40228
7896.6, 1846, -3796, -5146, 8175, -90878, -1623, -75793, 40250
7900.8, 1728, -3780, -5757, 7334, -92948, 2725, -71322, 40250
7904.6, 1365, -3780, -5757, 7334, -92948, 2725, -71322, 40245
7906.9, 1543, -3780, -5757, 7334, -92948, 2725, -71322, 40245
7912.6, 1729, -3494, -6207, 7411, -93779, -52, -61806, 40272
7916.4, 2252, -3494, -6207, 7411, -93779, -52, -61806, 40280
7920.6, 1950, -3177, -5970, 7524, -95774, -10828, -55891, 40280
7924.4, 1592, -3177, -5970, 7524, -95774, -10828, -55891, 40301
7926.6, 1157, -3177, -5970, 7524, -95774, -10828, -55891, 40301
7930.9, 1501, -3473, -5784, 7902, -95494, -14796, -53371, 40301
7934.7, 795, -3473, -5784, 7902, -95494, -14796, -53371, 40321
7938.9, 1624, -3515, -6346, 7291, -95149, -10797, -54281, 40321
7942.7, 2012, -3515, -6346, 7291, -95149, -10797, -54281, 40318
7946.4, 2030, -3515, -6346, 7291, -95149, -10797, -54281, 40334
7950.7, 1726, -3329, -6429, 7195, -94260, -8207, -58328, 40334
7954.5, 2044, -3329, -6429, 7195, -94260, -8207, -58328, 40344
7958.7, 1636, -3003, -6340, 7210, -93998, -8347, -62379, 40344
7962.5, 1219, -3003, -6340, 7210, -93998, -8347, -62379, 40364
7966.3, 1294, -3003, -6340, 7210, -93998, -8347, -62379, 40364
7970.5, 1509, -2706, -6333, 6580, -93814, -6868, -62852, 40364
7974.3, 1989, -2706, -6333, 6580, -93814, -6868, -62852, 40397
7978.5, 1712, -2728, -6781, 6683, -94645, -5241, -59649, 40397
7982.3, 1548, -2728, -6781, 6683, -94645, -5241, -59649, 40396
7986.0, 1310, -2728, -6781, 6683, -94645, -5241, -59649, 40405
7990.3, 1487, -2848, -7012, 6920, -94112, -4742, -54666, 40405
7994.3, 1651, -2848, -7012, 6920, -94112, -4742, -54666, 40429
7998.6, 1860, -2956, -7436, 6635, -92047, -4637, -50610, 40429
8002.3, 1618, -2956, -7436, 6635, -92047, -4637, -50610, 40449
8006.1, 1373, -2956, -7436, 6635, -92047, -4637, -50610, 40465
8010.3, 1350, -2942, -7687, 6044, -89999, -3574, -49346, 40465
8014.1, 2001, -2942, -7687, 6044, -89999, -3574, -49346, 40459
8018.3, 2182, -2849, -7914, 6644, -88971, -5582, -51407, 40459
8022.0, 1520, -2849, -7914, 6644, -88971, -5582, -51407, 40493
8027.8, 1705, -2991, -7779, 6649, -88735, -11821, -53327, 40497
8031.5, 1833, -2991, -7779, 6649, -88735, -11821, -53327, 40524
8033.8, 1660, -2991, -7779, 6649, -88735, -11821, -53327, 40524
8039.5, 1790, -3126, -7844, 6920, -88717, -12748, -50952, 40065
8041.8, 1496, -3126, -7844, 6920, -88717, -12748, -50952, 40065
8047.5, 1318, -2934, -8053, 7186, -88179, -14853, -47775, 40538
8051.2, 1354, -2934, -8053, 7186, -88179, -14853, -47775, 40555
8055.5, 1280, -2520, -8034, 6260, -84053, -20204, -47495, 40555
8059.2, 1506, -2520, -8034, 6260, -84053, -20204, -47495, 40563
8061.5, 1611, -2520, -8034, 6260, -84053, -20204, -47495, 40563
8065.7, 2079, -2070, -8081, 5821, -82478, -22693, -49079, 40563
8069.4, 1576, -2070, -8081, 5821, -82478, -22693, -49079, 40553
8071.7, 1487, -2070, -8081, 5821, -82478, -22693, -49079, 40553
8075.9, 1564, -1895, -8044, 5916, -79521, -21254, -49744, 40553
8079.6, 1389, -1895, -8044, 5916, -79521, -21254, -49744, 40615
8081.9, 967, -1895, -8044, 5916, -79521, -21254, -49744, 40615
8087.6, 1688, -1788, -8315, 5034, -80265, -15728, -46896, 40638
8091.3, 2222, -1788, -8315, 5034, -80265, -15728, -46896, 40670
8095.6, 1481, -2219, -8411, 5459, -81376, -12871, -41663, 40670
8099.4, 1233, -2219, -8411, 5459, -81376, -12871, -41663, 40707
8101.6, 1601, -2219, -8411, 5459, -81376, -12871, -41663, 40707
8105.9, 2139, -2557, -8556, 6029, -79236, -14332, -36024, 40707
8109.6, 2033, -2557, -8556, 6029, -79236, -14332, -36024, 40719
8113.8, 1548, -2648, -8935, 5464, -77976, -14599, -32318, 40719
8117.6, 1358, -2648, -8935, 5464, -77976, -14599, -32318, 40753
8121.3, 1338, -2648, -8935, 5464, -77976, -14599, -32318, 40787
8125.5, 1690, -2540, -8873, 5365, -76883, -18615, -32581, 40787
8129.3, 1920, -2540, -8873, 5365, -76883, -18615, -32581, 40812
8133.5, 1720, -2400, -8505, 5779, -74196, -27869, -35704, 40812
8137.2, 1667, -2400, -8505, 5779, -74196, -27869, -35704, 40272
8141.0, 1648, -2400, -8505, 5779, -74196, -27869, -35704, 40835
8145.3, 1516, -2405, -8236, 5994, -70460, -34405, -36330, 40835
8149.0, 1373, -2405, -8236, 5994, -70460, -34405, -36330, 40824
8153.3, 1452, -1902, -8277, 5132, -72394, -33841, -34353, 40824
8157.0, 1504, -1902, -8277, 5132, -72394, -33841, -34353, 40889
8160.7, 1856, -1902, -8277, 5132, -72394, -33841, -34353, 40878
8165.0, 2146, -1773, -8243, 6017, -73514, -32524, -33911, 40878
8168.7, 1670, -1773, -8243, 6017, -73514, -32524, -33911, 40890
8172.9, 1646, -1640, -8443, 5874, -75036, -32419, -34007, 40890
8176.7, 2030, -1640, -8443, 5874, -75036, -32419, -34007, 40894
8179.0, 1443, -1640, -8443, 5874, -75036, -32419, -34007, 40894
8184.8, 2092, -1709, -8651, 5324, -76861, -28157, -32191, 40906
8188.5, 1727, -1709, -8651, 5324, -76861, -28157, -32191, 40864
8192.7, 1408, -1659, -8672, 5391, -78029, -25979, -29365, 40864
8196.5, 1276, -1659, -8672, 5391, -78029, -25979, -29365, 40940
8198.7, 1231, -1659, -8672, 5391, -78029, -25979, -29365, 40940
8204.4, 1481, -1503, -8696, 5062, -74664, -28591, -27711, 40926
8206.7, 1488, -1503, -8696, 5062, -74664, -28591, -27711, 40926
8210.9, 1677, -1503, -8696, 5062, -72184, -30183, -26141, 40926
8214.6, 1689, -1503, -8696, 5062, -72184, -30183, -26141, 40973
8216.9, 1579, -1503, -8696, 5062, -72184, -30183, -26141, 40973
8222.6, 1689, -1286, -8804, 4070, -71164, -29234, -24474, 40989
8226.3, 1512, -1286, -8804, 4070, -71164, -29234, -24474, 41012
8230.6, 1662, -1208, -9139, 3935, -69795, -29916, -23126, 41012
8234.4, 1896, -1208, -9139, 3935, -69795, -29916, -23126, 40993
8236.6, 1497, -1208, -9139, 3935, -69795, -29916, -23126, 40993
8240.9, 1447, -1303, -9311, 4162, -68706, -29199, -20685, 40993
8244.6, 1232, -1303, -9311, 4162, -68706, -29199, -20685, 41032
8246.9, 1021, -1303, -9311, 4162, -68706, -29199, -20685, 41032
8252.6, 2272, -1652, -9329, 4179, -69567, -28376, -18340, 41045
8256.3, 1999, -1652, -9329, 4179, -69567, -28376, -18340, 41054
8260.6, 1328, -1652, -9329, 4179, -68907, -28731, -18690, 41054
8264.4, 1656, -1652, -9329, 4179, -68907, -28731, -18690, 41091
8266.7, 1687, -1652, -9329, 4179, -68907, -28731, -18690, 41091
8270.9, 1509, -1197, -9815, 4352, -66557, -27781, -20107, 41091
8274.6, 1771, -1197, -9815, 4352, -66557, -27781, -20107, 41057
8278.8, 1659, -1197, -9815, 4352, -66557, -27781, -20107, 41057
8282.6, 1966, -1197, -9815, 4352, -66557, -27781, -20107, 41065
8286.4, 1672, -1197, -9815, 4352, -66557, -27781, -20107, 41071
8290.6, 1652, -542, -9799, 4130, -60940, -34064, -21831, 41071
8294.4, 1655, -542, -9799, 4130, -60940, -34064, -21831, 41049
8298.6, 1741, -542, -9799, 4130, -60940, -34064, -21831, 41049
8302.3, 1920, -542, -9799, 4130, -60940, -34064, -21831, 41083
8306.1, 1926, -542, -9799, 4130, -60940, -34064, -21831, 41090
8310.3, 1814, -373, -9314, 2678, -58100, -34991, -17780, 41090
8314.1, 1565, -373, -9314, 2678, -58100, -34991, -17780, 41105
8318.3, 1788, -373, -9314, 2678, -58100, -34991, -17780, 41105
8322.0, 1757, -373, -9314, 2678, -58100, -34991, -17780, 41132
8325.7, 1936, -373, -9314, 2678, -58100, -34991, -17780, 41119
8330.0, 1784, -898, -9996, 2534, -57339, -24307, -11064, 41119
8333.7, 1602, -898, -9996, 2534, -57339, -24307, -11064, 41147
8337.9, 1834, -898, -9996, 2534, -57339, -24307, -11064, 41147
8341.7, 1678, -898, -9996, 2534, -57339, -24307, -11064, 41145
8344.0, 1138, -898, -9996, 2534, -57339, -24307, -11064, 41145
8349.8, 1148, -1449, -9927, 3695, -57925, -21354, -12578, 41157
8353.5, 1402, -1449, -9927, 3695, -57925, -21354, -12578, 40812
8357.7, 2526, -1449, -9927, 3695, -57925, -21354, -12578, 40812
8361.5, 2637, -1449, -9927, 3695, -57925, -21354, -12578, 41179
8363.8, 1624, -1449, -9927, 3695, -57925, -21354, -12578, 41179
8369.5, 1789, -1402, -9766, 4295, -58538, -24329, -14407, 41185
8371.8, 1054, -1402, -9766, 4295, -58538, -24329, -14407, 41185
8377.5, 1855, -1012, -10161, 4417, -56390, -29728, -14332, 41200
8381.2, 1566, -1012, -10161, 4417, -56390, -29728, -14332, 41231
8385.5, 1433, -400, -10181, 3123, -51914, -34812, -12162, 41231
8389.2, 1949, -400, -10181, 3123, -51914, -34812, -12162, 41231
8391.5, 1390, -400, -10181, 3123, -51914, -34812, -12162, 41231
8395.7, 2071, -214, -9844, 2544, -46511, -41182, -11615, 41231
8399.4, 1777, -214, -9844, 2544, -46511, -41182, -11615, 41198
8401.7, 1174, -214, -9844, 2544, -46511, -41182, -11615, 41198
8406.0, 1790, -216, -9265, 2212, -42136, -43020, -11659, 41198
8409.7, 1834, -216, -9265, 2212, -42136, -43020, -11659, 41247
8412.0, 1156, -216, -9265, 2212, -42136, -43020, -11659, 41247
8417.7, 2001, -186, -9428, 1895, -42665, -35061, -8754, 41815
8421.5, 1767, -186, -9428, 1895, -42665, -35061, -8754, 41850
8425.7, 1864, -707, -9884, 2678, -42753, -25721, -4663, 41850
8429.4, 1828, -707, -9884, 2678, -42753, -25721, -4663, 41866
8433.6, 1617, -1095, -10069, 3336, -42818, -23034, -3285, 41866
8437.4, 1587, -1095, -10069, 3336, -42818, -23034, -3285, 41862
8441.1, 1911, -1095, -10069, 3336, -42818, -23034, -3285, 41912
8445.4, 2146, -1152, -10078, 3369, -43352, -25270, -4488, 41912
8449.1, 2266, -1152, -10078, 3369, -43352, -25270, -4488, 41950
8453.3, 1840, -1052, -9998, 3806, -43623, -29986, -5963, 41950
8457.0, 1353, -1052, -9998, 3806, -43623, -29986, -5963, 41961
8460.8, 2136, -1052, -9998, 3806, -43623, -29986, -5963, 42020
8465.0, 2285, -748, -9692, 3649, -43816, -33403, -6265, 42020
8468.7, 1732, -748, -9692, 3649, -43816, -33403, -6265, 42017
8472.9, 1917, -439, -9832, 3488, -45461, -34160, -5175, 42017
8476.7, 1683, -439, -9832, 3488, -45461, -34160, -5175, 42026
8479.0, 864, -439, -9832, 3488, -45461, -34160, -5175, 42026
8484.8, 1904, -192, -9604, 2449, -43855, -33338, -4650, 42067
8488.5, 2214, -192, -9604, 2449, -43855, -33338, -4650, 42115
8492.7, 2056, -128, -9500, 1642, -45089, -29186, -4501, 42115
8496.5, 1798, -128, -9500, 1642, -45089, -29186, -4501, 42140
8498.8, 1048, -128, -9500, 1642, -45089, -29186, -4501, 42140
8504.6, 1835, -189, -9594, 1851, -43689, -24701, -3705, 42176
8508.3, 1933, -189, -9594, 1851, -43689, -24701, -3705, 42206
8514.0, 1892, -358, -9883, 2079, -43492, -22750, -2283, 42237
8517.7, 1423, -358, -9883, 2079, -43492, -22750, -2283, 42284
8523.5, 2289, -510, -10170, 1761, -43951, -20632, -1456, 42335
8525.7, 1240, -510, -10170, 1761, -43951, -20632, -1456, 42335
8528.0, 977, -510, -10170, 1761, -43951, -20632, -1456, 42335
8533.7, 1943, -635, -10250, 1932, -42403, -18318, -1487, 42366
8535.9, 713, -635, -10250, 1932, -42403, -18318, -1487, 42366
8538.2, 867, -635, -10250, 1932, -42403, -18318, -1487, 42366
8543.9, 2066, -482, -10262, 1788, -40136, -18895, -1881, 42410
8546.2, 1058, -482, -10262, 1788, -40136, -18895, -1881, 42410
8550.4, 1990, -451, -10173, 2014, -37406, -23865, -2471, 42410
8554.2, 1893, -451, -10173, 2014, -37406, -23865, -2471, 42455
8556.5, 918, -451, -10173, 2014, -37406, -23865, -2471, 42455
8560.7, 1978, -265, -9866, 1764, -35127, -28577, -2489, 42455
8564.4, 1869, -265, -9866, 1764, -35127, -28577, -2489, 42505
8566.7, 695, -265, -9866, 1764, -35127, -28577, -2489, 42505
8570.9, 1832, 16, -9837, 1604, -33626, -28722, -1246, 42505
8574.6, 1960, 16, -9837, 1604, -33626, -28722, -1246, 42534
8576.9, 956, 16, -9837, 1604, -33626, -28722, -1246, 42534
8582.6, 2020, 215, -9946, 1617, -32992, -26967, -118, 42570
8586.3, 1771, 215, -9946, 1617, -32992, -26967, -118, 42591
8590.6, 1769, 44, -9962, 1598, -31828, -26701, -406, 42591
8594.4, 1714, 44, -9962, 1598, -31828, -26701, -406, 42625
8598.6, 1881, -172, -9974, 1346, -30809, -24329, -524, 42625
8602.3, 1834, -172, -9974, 1346, -30809, -24329, -524, 42665
8606.1, 1864, -172, -9974, 1346, -30809, -24329, -524, 42682
8610.4, 1767, -382, -9964, 1529, -29658, -19792, -336, 42682
8614.1, 1834, -382, -9964, 1529, -29658, -19792, -336, 42718
8618.3, 1956, -502, -9924, 2110, -28359, -21293, -2047, 42718
8622.0, 1885, -502, -9924, 2110, -28359, -21293, -2047, 42744
8625.7, 1842, -502, -9924, 2110, -28359, -21293, -2047, 42799
8630.0, 1812, -378, -9808, 1864, -28057, -27672, -4760, 42799
8633.7, 1759, -378, -9808, 1864, -28057, -27672, -4760, 42799
8637.9, 1803, -26, -9902, 1329, -27401, -29081, -4453, 42799
8641.7, 1814, -26, -9902, 1329, -27401, -29081, -4453, 42849
8644.0, 864, -26, -9902, 1329, -27401, -29081, -4453, 42849
8649.7, 1532, -46, -9877, 1256, -27164, -24955, -1553, 42848
8653.5, 1797, -46, -9877, 1256, -27164, -24955, -1553, 42866
8657.7, 2001, -266, -9895, 1491, -26495, -21074, -363, 42866
8661.4, 1852, -266, -9895, 1491, -26495, -21074, -363, 42899
8663.7, 582, -266, -9895, 1491, -26495, -21074, -363, 42899
8669.5, 1712, -431, -10216, 1613, -25266, -19180, -844, 42910
8673.3, 1693, -431, -10216, 1613, -25266, -19180, -844, 42929
8679.0, 1779, -369, -10372, 1666, -23695, -20147, -1644, 42939
8682.7, 1454, -369, -10372, 1666, -23695, -20147, -1644, 42977
8688.5, 1819, -258, -10071, 1374, -21542, -23839, -2344, 42995
8690.7, 660, -258, -10071, 1374, -21542, -23839, -2344, 42995
8693.0, 732, -258, -10071, 1374, -21542, -23839, -2344, 42995
8698.7, 2053, -382, -9810, 1356, -19315, -26722, -2200, 43009
8700.9, 636, -382, -9810, 1356, -19315, -26722, -2200, 43009
8703.2, 409, -382, -9810, 1356, -19315, -26722, -2200, 43009
8708.9, 1676, -348, -9998, 1384, -19989, -26267, -1006, 43014
8711.2, 229, -348, -9998, 1384, -19989, -26267, -1006, 43014
8715.4, 1702, -221, -10091, 1170, -19482, -23940, -161, 43014
8719.2, 1946, -221, -10091, 1170, -19482, -23940, -161, 43063
8721.5, 732, -221, -10091, 1170, -19482, -23940, -161, 43063
8725.7, 1692, -319, -10194, 1313, -18156, -23288, -113, 43063
8729.4, 1686, -319, -10194, 1313, -18156, -23288, -113, 43087
8731.7, 557, -319, -10194, 1313, -18156, -23288, -113, 43087
8735.9, 1638, -473, -10265, 1543, -15102, -25672, -975, 43087
8739.6, 1601, -473, -10265, 1543, -15102, -25672, -975, 43114
8741.9, 372, -473, -10265, 1543, -15102, -25672, -975, 43114
8747.6, 1923, -262, -10042, 1357, -13413, -28057, -1758, 43145
8751.3, 1527, -262, -10042, 1357, -13413, -28057, -1758, 43167
8755.6, 1676, -11, -9815, 1027, -11900, -28026, -713, 43167
8759.4, 1697, -11, -9815, 1027, -11900, -28026, -713, 43207
8763.6, 1656, -11, -9795, 1187, -11510, -25309, 1093, 43207
8767.3, 1638, -11, -9795, 1187, -11510, -25309, 1093, 43223
8771.1, 1731, -11, -9795, 1187, -11510, -25309, 1093, 43264
8775.3, 1534, 17, -10116, 1083, -10736, -21634, 2471, 43264
8779.1, 1609, 17, -10116, 1083, -10736, -21634, 2471, 43294
8783.3, 1849, 17, -10472, 1169, -9043, -18655, 2957, 43294
8787.0, 1657, 17, -10472, 1169, -9043, -18655, 2957, 43322
8790.7, 1752, 17, -10472, 1169, -9043, -18655, 2957, 43345
8795.0, 1791, -304, -10402, 1202, -6230, -18305, 2401, 43345
8798.7, 1655, -304, -10402, 1202, -6230, -18305, 2401, 43371
8802.9, 1538, -304, -10402, 863, -1255, -18712, 2165, 43371
8806.7, 1357, -304, -10402, 863, -1255, -18712, 2165, 43392
8809.0, 61, -304, -10402, 863, -1255, -18712, 2165, 43392
8814.7, 1994, -257, -10406, 742, 3885, -18983, 3316, 43416
8818.5, 1816, -257, -10406, 742, 3885, -18983, 3316, 43435
8822.7, 1932, -257, -10406, 890, 6260, -23012, 3841, 43435
8826.5, 1385, -257, -10406, 890, 6260, -23012, 3841, 43454
8828.8, 55, -257, -10406, 890, 6260, -23012, 3841, 43454
8834.5, 1726, -381, -10168, 879, 9170, -25576, 3167, 43475
8838.3, 1491, -381, -10168, 879, 9170, -25576, 3167, 43485
8844.0, 1511, -400, -10357, 1213, 11668, -22514, 5193, 43512
8847.7, 1680, -400, -10357, 1213, 11668, -22514, 5193, 43528
8853.5, 1477, -400, -10357, 1213, 17141, -22404, 8260, 43546
8855.7, 55, -400, -10357, 1213, 17141, -22404, 8260, 43546
8858.0, 113, -400, -10357, 1213, 17141, -22404, 8260, 43546
8863.7, 1794, -305, -10281, 1786, 21205, -25931, 8391, 43564
8865.9, 197, -305, -10281, 1786, 21205, -25931, 8391, 43564
8870.2, 1609, 30, -10281, 1786, 21205, -25931, 8391, 43564
8874.0, 1487, 30, -10281, 1786, 21205, -25931, 8391, 43572
8876.2, 74, 30, -10281, 1786, 21205, -25931, 8391, 43572
8880.5, 1748, 116, -10207, 1374, 25266, -24981, 7402, 43572
8884.2, 1956, 116, -10207, 1374, 25266, -24981, 7402, 43599
8886.5, 884, 116, -10207, 1374, 25266, -24981, 7402, 43599
8890.7, 1287, -120, -10208, 1135, 27072, -16200, 11852, 43599
8894.4, 1131, -120, -10208, 1135, 27072, -16200, 11852, 43551
8896.7, 503, -120, -10208, 1135, 27072, -16200, 11852, 43551
8900.9, 1577, -464, -10256, 1326, 33513, -6790, 15207, 43551
8904.6, 1462, -464, -10256, 1326, 33513, -6790, 15207, 43632
8906.9, 1081, -464, -10256, 1326, 33513, -6790, 15207, 43632
8912.6, 1535, -932, -10130, 1935, 38745, -8330, 17557, 43644
8916.3, 1908, -932, -10130, 1935, 38745, -8330, 17557, 43656
8920.6, 1982, -1031, -10502, 2105, 45085, -8561, 20020, 43656
8924.4, 934, -1031, -10502, 2105, 45085, -8561, 20020, 43629
8928.6, 1229, -511, -10698, 1506, 45085, -8561, 20020, 43629
8932.3, 1757, -511, -10698, 1506, 45085, -8561, 20020, 43692
8936.1, 1637, -511, -10698, 1506, 45085, -8561, 20020, 43692
8940.4, 1191, -159, -10867, 769, 66789, -15531, 23288, 43692
8944.1, 1639, -159, -10867, 769, 66789, -15531, 23288, 42931
8948.3, 1563, -634, -10693, 1454, 66789, -15531, 23288, 42931
8952.0, 1790, -634, -10693, 1454, 66789, -15531, 23288, 42872
8955.8, 1480, -634, -10693, 1454, 66789, -15531, 23288, 42852
8960.0, 1583, -1044, -10540, 1475, 75259, -8474, 32362, 42852
8963.7, 1855, -1044, -10540, 1475, 75259, -8474, 32362, 42778
8967.9, 2187, -1472, -10788, 2461, 75259, -8474, 32362, 42778
8971.6, 1391, -1472, -10788, 2461, 75259, -8474, 32362, 42819
8973.9, 52, -1472, -10788, 2461, 75259, -8474, 32362, 42819
8979.7, 1897, -1324, -11056, 3122, 84600, -8194, 32266, 42799
8983.4, 976, -1324, -11056, 3122, 84600, -8194, 32266, 42789
8989.1, 1333, -905, -11169, 3266, 84600, -8194, 32266, 42791
8992.8, 1390, -905, -11169, 3266, 84600, -8194, 32266, 42784
8998.5, 1509, -506, -10767, 3057, 88988, -9060, 30778, 42778
9002.3, 1223, -506, -10767, 3057, 88988, -9060, 30778, 42737
9008.0, 1521, -576, -10098, 3160, 91390, -7070, 32432, 42769
9011.7, 1174, -576, -10098, 3160, 91390, -7070, 32432, 42810
9017.4, 1560, -655, -9821, 2940, 92033, 450, 38014, 42717
9021.1, 429, -655, -9821, 2940, 92033, 450, 38014, 42753
9023.4, 119, -655, -9821, 2940, 92033, 450, 38014, 42753
9029.2, 1736, -879, -10301, 3250, 95240, 10675, 44161, 42789
9031.4, 490, -879, -10301, 3250, 95240, 10675, 44161, 42789
9035.6, 1809, -1097, -10393, 3921, 100714, 11134, 47132, 42789
9039.3, 1856, -1097, -10393, 3921, 100714, 11134, 47132, 42764
9041.6, 1009, -1097, -10393, 3921, 100714, 11134, 47132, 42764
9045.8, 2118, -1376, -10484, 4043, 104892, 7310, 47189, 42764
9049.5, 1232, -1376, -10484, 4043, 104892, 7310, 47189, 42742
9051.8, 116, -1376, -10484, 4043, 104892, 7310, 47189, 42742
9056.0, 1861, -1337, -10350, 4465, 107998, 4051, 47775, 42742
9059.7, 1984, -1337, -10350, 4465, 107998, 4051, 47775, 42759
9062.0, 886, -1337, -10350, 4465, 107998, 4051, 47775, 42759
9067.7, 1721, -1311, -10111, 3567, 110597, 4130, 50287, 42751
9071.4, 1037, -1311, -10111, 3567, 110597, 4130, 50287, 42730
9075.7, 888, -1583, -10004, 4647, 113799, 6960, 53931, 42730
9079.4, 1325, -1583, -10004, 4647, 113799, 6960, 53931, 42729
9081.7, 1079, -1583, -10004, 4647, 113799, 6960, 53931, 42729
9086.0, 2106, -1737, -10217, 5410, 116114, 8343, 57877, 42729
9089.7, 1547, -1737, -10217, 5410, 116114, 8343, 57877, 42717
9094.0, 1305, -1903, -9551, 5475, 117444, 7301, 60944, 42717
9097.7, 926, -1903, -9551, 5475, 117444, 7301, 60944, 42695
9101.5, 1056, -1903, -9551, 5475, 117444, 7301, 60944, 42674
9105.7, 1834, -1884, -9244, 6090, 122182, 4169, 62217, 42674
9109.5, 1164, -1884, -9244, 6090, 122182, 4169, 62217, 42661
9113.7, 855, -1835, -9114, 5860, 125770, -126, 61894, 42661
9117.5, 1087, -1835, -9114, 5860, 125770, -126, 61894, 42647
9121.2, 1088, -1835, -9114, 5860, 125770, -126, 61894, 42619
9125.5, 1878, -1697, -8900, 5240, 127065, -332, 62493, 42619
9129.2, 681, -1697, -8900, 5240, 127065, -332, 62493, 42610
9133.4, 2125, -1914, -8620, 5903, 128342, 2839, 65276, 42610
9137.1, 2075, -1914, -8620, 5903, 128342, 2839, 65276, 42597
9140.9, 1250, -1914, -8620, 5903, 128342, 2839, 65276, 42578
9145.1, 1378, -1982, -8544, 5633, 127940, 3434, 67914, 42578
9148.8, 930, -1982, -8544, 5633, 127940, 3434, 67914, 42561
9153.1, 1163, -2285, -8349, 5992, 128985, 6269, 70394, 42561
9156.8, 1281, -2285, -8349, 5992, 128985, 6269, 70394, 42528
9159.1, 1179, -2285, -8349, 5992, 128985, 6269, 70394, 42528
9164.9, 1438, -2437, -7946, 6113, 127218, 9283, 72503, 42482
9168.6, 514, -2437, -7946, 6113, 127218, 9283, 72503, 42466
9172.8, 890, -2822, -7794, 6789, 129620, 9100, 73628, 42466
9176.6, 2439, -2822, -7794, 6789, 129620, 9100, 73628, 42421
9180.8, 1296, -3003, -7651, 6855, 130223, 6212, 74244, 42421
9184.5, 890, -3003, -7651, 6855, 130223, 6212, 74244, 42339
9186.8, 1445, -3003, -7651, 6855, 130223, 6212, 74244, 42339
9191.0, 2266, -2937, -7444, 6911, 129366, 2572, 73614, 42339
9194.7, 1352, -2937, -7444, 6911, 129366, 2572, 73614, 42371
9197.0, 562, -2937, -7444, 6911, 129366, 2572, 73614, 42371
9202.7, 1388, -2731, -7288, 7008, 130258, -573, 72739, 42322
9206.4, 1424, -2731, -7288, 7008, 130258, -573, 72739, 42286
9210.6, 1627, -2602, -7202, 6501, 127839, -3276, 72753, 42286
9214.4, 1541, -2602, -7202, 6501, 127839, -3276, 72753, 42262
9216.7, 1102, -2602, -7202, 6501, 127839, -3276, 72753, 42262
9221.0, 1875, -2618, -7094, 6640, 127979, -3211, 74966, 42262
9224.7, 1899, -2618, -7094, 6640, 127979, -3211, 74966, 42224
9227.0, 742, -2618, -7094, 6640, 127979, -3211, 74966, 42224
9232.7, 605, -2878, -6984, 6944, 128469, -2568, 78138, 42188
9236.4, 1464, -2878, -6984, 6944, 128469, -2568, 78138, 42150
9240.7, 2212, -3113, -6781, 6806, 127577, 520, 81778, 42150
9244.4, 3137, -3113, -6781, 6806, 127577, 520, 81778, 42142
9248.6, 1593, -3296, -6855, 7147, 126540, 3377, 83248, 42142
9252.3, 514, -3296, -6855, 7147, 126540, 3377, 83248, 42074
9256.0, 398, -3296, -6855, 7147, 126540, 3377, 83248, 42064
9260.3, 1437, -3226, -6744, 6855, 126820, 5495, 81000, 42064
9264.0, 275, -3226, -6744, 6855, 126820, 5495, 81000, 42026
9268.2, 1022, -3364, -6460, 7237, 126907, 8596, 78366, 42026
9272.0, 3120, -3364, -6460, 7237, 126907, 8596, 78366, 41976
9275.8, 2765, -3364, -6460, 7237, 126907, 8596, 78366, 41959
9280.0, 1932, -3494, -6244, 7805, 125201, 11865, 77766, 41959
9283.8, 982, -3494, -6244, 7805, 125201, 11865, 77766, 41924
9288.0, 512, -3565, -5908, 8193, 123915, 9887, 78261, 41924
9291.7, 497, -3565, -5908, 8193, 123915, 9887, 78261, 41882
9294.0, 1012, -3565, -5908, 8193, 123915, 9887, 78261, 41882
9299.8, 2086, -3731, -5586, 7375, 124483, 3500, 78659, 41852
9303.5, 948, -3731, -5586, 7375, 124483, 3500, 78659, 41768
9307.7, 1406, -3905, -5404, 7601, 126067, 2686, 79604, 41768
9311.5, 1822, -3905, -5404, 7601, 126067, 2686, 79604, 41813
9313.8, 1049, -3905, -5404, 7601, 126067, 2686, 79604, 41813
9319.5, 1093, -3713, -5362, 7238, 122480, 5311, 78165, 41760
9323.2, 2354, -3713, -5362, 7238, 122480, 5311, 78165, 41727
9329.0, 1333, -3637, -4997, 7789, 122081, 6186, 76296, 41693
9332.7, 740, -3637, -4997, 7789, 122081, 6186, 76296, 41664
9338.4, 846, -3617, -4752, 8266, 121088, 7000, 76086, 41574
9342.2, 3118, -3617, -4752, 8266, 121088, 7000, 76086, 41617
9347.9, 2005, -3833, -4595, 8297, 121202, 9747, 75885, 41565
9351.6, 775, -3833, -4595, 8297, 121202, 9747, 75885, 41543
9355.9, 1270, -4049, -4545, 8092, 123245, 12175, 76559, 41543
9359.7, 536, -4049, -4545, 8092, 123245, 12175, 76559, 41552
9362.0, 1733, -4049, -4545, 8092, 123245, 12175, 76559, 41552
9367.7, 2819, -4238, -4583, 7850, 120699, 11646, 75938, 41487
9371.4, 873, -4238, -4583, 7850, 120699, 11646, 75938, 41463
9375.7, 581, -4292, -4156, 8721, 122427, 7468, 75006, 41463
9379.4, 2151, -4292, -4156, 8721, 122427, 7468, 75006, 41422
9381.6, 2684, -4292, -4156, 8721, 122427, 7468, 75006, 41422
9385.9, 1046, -4055, -3894, 8020, 119618, 5744, 73378, 41422
9390.0, 2266, -4055, -3894, 8020, 119618, 5744, 73378, 41379
9394.2, 1759, -4055, -3894, 8236, 118411, 5779, 72158, 41379
9398.0, 1074, -4055, -3894, 8236, 118411, 5779, 72158, 41372
9401.7, 1391, -4055, -3894, 8236, 118411, 5779, 72158, 41337
9407.4, 1082, -3846, -3411, 7890, 117212, 6580, 72276, 41291
9411.1, 1015, -3846, -3411, 7890, 117212, 6580, 72276, 41239
9415.4, 2969, -3968, -3280, 7873, 115278, 8535, 72074, 41239
9419.1, 1553, -3968, -3280, 7873, 115278, 8535, 72074, 41162
9423.3, 1687, -3968, -3280, 7873, 117794, 9086, 71405, 41162
9427.1, 2716, -3968, -3280, 7873, 117794, 9086, 71405, 41152
9430.8, 719, -3968, -3280, 7873, 117794, 9086, 71405, 41109
9435.1, 389, -4312, -3028, 8592, 114793, 9747, 70482, 41109
9438.8, 2932, -4312, -3028, 8592, 114793, 9747, 70482, 41074
9443.0, 2765, -4312, -3028, 8592, 114578, 4055, 68316, 41074
9446.7, 734, -4312, -3028, 8592, 114578, 4055, 68316, 41063
9450.5, 559, -4312, -3028, 8592, 114578, 4055, 68316, 40989
9454.7, 1167, -4268, -2785, 7909, 114416, 1745, 65319, 40989
9458.4, 2727, -4268, -2785, 7909, 114416, 1745, 65319, 40965
9464.2, 1388, -4219, -2388, 7993, 112246, 4278, 62130, 40914
9467.9, 81, -4219, -2388, 7993, 112246, 4278, 62130, 40895
9473.6, 2544, -3994, -2059, 8233, 112465, 5591, 60205, 40842
9477.3, 1671, -3994, -2059, 8233, 112465, 5591, 60205, 40812
9483.0, 882, -3994, -2059, 8503, 110413, 6326, 59080, 40826
9486.7, 3195, -3994, -2059, 8503, 110413, 6326, 59080, 40813
9489.0, 3163, -3994, -2059, 8503, 110413, 6326, 59080, 40813
9494.7, 720, -3797, -1503, 8117, 110689, 7087, 59155, 40804
9497.0, 80, -3797, -1503, 8117, 110689, 7087, 59155, 40804
9502.7, 2624, -3797, -1503, 8117, 110689, 7087, 59155, 40801
9506.4, 1428, -3797, -1503, 8117, 110689, 7087, 59155, 40765
9510.6, 830, -4031, -1593, 8297, 110413, 7761, 60463, 40765
9514.4, 1371, -4031, -1593, 8297, 110413, 7761, 60463, 40747
9516.7, 1674, -4031, -1593, 8297, 110413, 7761, 60463, 40747
9520.9, 402, -4481, -1708, 8201, 111564, 10648, 61137, 40747
9524.7, 1237, -4481, -1708, 8201, 111564, 10648, 61137, 40733
9526.9, 2778, -4481, -1708, 8201, 111564, 10648, 61137, 40733
9532.7, 1482, -4384, -1905, 8621, 110418, 13549, 59601, 40715
9536.4, 142, -4384, -1905, 8621, 110418, 13549, 59601, 40702
9540.7, 1779, -4424, -1617, 9252, 111551, 10136, 55047, 40702
9544.4, 2523, -4424, -1617, 9252, 111551, 10136, 55047, 40649
9546.6, 1633, -4424, -1617, 9252, 111551, 10136, 55047, 40649
9550.9, 2127, -4259, -1308, 8106, 109109, 3981, 50728, 40649
9554.7, 1061, -4259, -1308, 8106, 109109, 3981, 50728, 40670
9558.9, 892, -4086, -777, 7597, 108934, -1767, 48331, 40670
9562.6, 1873, -4086, -777, 7597, 108934, -1767, 48331, 40627
9566.4, 2413, -4086, -777, 7597, 108934, -1767, 48331, 40621
9570.7, 311, -3892, -614, 7336, 107241, 861, 47727, 40621
9574.5, 1443, -3892, -614, 7336, 107241, 861, 47727, 40598
9578.7, 2246, -4225, -43, 8081, 108230, 4528, 47163, 40598
9582.5, 1298, -4225, -43, 8081, 108230, 4528, 47163, 40587
9586.2, 2930, -4225, -43, 8081, 108230, 4528, 47163, 40596
9590.5, 831, -4333, -30, 7821, 105342, 4707, 45172, 40596
9594.2, 158, -4333, -30, 7821, 105342, 4707, 45172, 40273
9598.5, 3172, -4256, -269, 8039, 104467, 5101, 45172, 40273
9602.2, 1416, -4256, -269, 8039, 104467, 5101, 45172, 40285
9606.0, 159, -4256, -269, 8039, 104467, 5101, 45172, 40283
9610.2, 3024, -4444, -96, 8616, 108256, 7910, 39843, 40283
9614.0, 2121, -4444, -96, 8616, 108256, 7910, 39843, 40296
9618.2, 1169, -4225, -257, 7633, 104244, 8421, 39843, 40296
9621.9, 1740, -4225, -257, 7633, 104244, 8421, 39843, 40251
9625.7, 1649, -4225, -257, 7633, 104244, 8421, 39843, 40313
9629.9, 1967, -4275, 174, 7917, 104581, 2874, 35201, 40313
9633.6, 1063, -4275, 174, 7917, 104581, 2874, 35201, 40321
9637.8, 2093, -4541, 813, 7835, 107460, 1933, 35201, 40321
9641.6, 1662, -4541, 813, 7835, 107460, 1933, 35201, 40325
9643.8, 168, -4541, 813, 7835, 107460, 1933, 35201, 40325
9649.6, 1410, -4278, 816, 6799, 101370, 2415, 34191, 40293
9653.3, 2444, -4278, 816, 6799, 101370, 2415, 34191, 40304
9659.0, 1541, -3851, 1287, 8101, 101405, 2550, 33075, 40290
9661.2, 86, -3851, 1287, 8101, 101405, 2550, 33075, 40290
9663.5, 31, -3851, 1287, 8101, 101405, 2550, 33075, 40290
9669.2, 2655, -3552, 1724, 8000, 97585, 4156, 32060, 40305
9671.5, 2505, -3552, 1724, 8000, 97585, 4156, 32060, 40305
9675.7, 1560, -3664, 1741, 8014, 96842, 1045, 32147, 40305
9679.5, 564, -3664, 1741, 8014, 96842, 1045, 32147, 40296
9681.8, 1093, -3664, 1741, 8014, 96842, 1045, 32147, 40296
9686.0, 2724, -4256, 1871, 8417, 97485, -1697, 34444, 40296
9689.7, 2000, -4256, 1871, 8417, 97485, -1697, 34444, 40184
9692.0, 1746, -4256, 1871, 8417, 97485, -1697, 34444, 40184
9697.7, 455, -4433, 1527, 7296, 92287, -2935, 35464, 40247
9701.4, 1305, -4433, 1527, 7296, 92287, -2935, 35464, 40209
9705.7, 2588, -4520, 1704, 8355, 95429, -6177, 34326, 40209
9709.4, 1008, -4520, 1704, 8355, 95429, -6177, 34326, 40232
9711.7, 910, -4520, 1704, 8355, 95429, -6177, 34326, 40232
9715.9, 1786, -3973, 1877, 7254, 91885, -7424, 31548, 40232
9719.7, 2631, -3973, 1877, 7254, 91885, -7424, 31548, 40233
9723.9, 1486, -3637, 2322, 6965, 90878, -8828, 28595, 40233
9727.7, 186, -3637, 2322, 6965, 90878, -8828, 28595, 40225
9731.4, 2304, -3637, 2322, 6965, 90878, -8828, 28595, 40237
9735.7, 1530, -3917, 2739, 6760, 90104, -7511, 28096, 40237
9739.5, 1575, -3917, 2739, 6760, 90104, -7511, 28096, 40233
9743.7, 2368, -4521, 3095, 7301, 89968, 1417, 29518, 40233
9747.5, 2888, -4521, 3095, 7301, 89968, 1417, 29518, 40258
9751.2, 1077, -4521, 3095, 7301, 89968, 1417, 29518, 40239
9755.4, 520, -4525, 2598, 7064, 88004, 2104, 28398, 40239
9759.2, 1686, -4525, 2598, 7064, 88004, 2104, 28398, 40230
9763.4, 2338, -4587, 2860, 7237, 88477, -2673, 25681, 40230
9767.1, 2294, -4587, 2860, 7237, 88477, -2673, 25681, 40238
9770.9, 1124, -4587, 2860, 7237, 88477, -2673, 25681, 40252
9775.1, 1549, -4601, 3107, 7418, 86880, -4112, 23445, 40252
9778.8, 1751, -4601, 3107, 7418, 86880, -4112, 23445, 40248
9783.1, 1550, -4368, 3379, 7351, 83458, -8588, 21324, 40248
9786.8, 989, -4368, 3379, 7351, 83458, -8588, 21324, 40239
9789.1, 271, -4368, 3379, 7351, 83458, -8588, 21324, 40239
9794.9, 2321, -3993, 3776, 7365, 81721, -13055, 19665, 40230
9798.6, 3218, -3993, 3776, 7365, 81721, -13055, 19665, 40193
9802.9, 1215, -3760, 4042, 7462, 80492, -8386, 18300, 40193
9806.6, 1548, -3760, 4042, 7462, 80492, -8386, 18300, 40214
9808.9, 1439, -3760, 4042, 7462, 80492, -8386, 18300, 40214
9814.6, 1198, -3626, 4121, 7747, 77631, -4777, 16402, 40199
9818.4, 2549, -3626, 4121, 7747, 77631, -4777, 16402, 40192
9824.1, 1918, -3787, 4289, 7292, 77596, -5836, 16682, 40285
9826.4, 2170, -3787, 4289, 7292, 77596, -5836, 16682, 40285
9830.6, 978, -4138, 4119, 6798, 75211, -6755, 17749, 40285
9834.3, 774, -4138, 4119, 6798, 75211, -6755, 17749, 40175
9836.6, 1480, -4138, 4119, 6798, 75211, -6755, 17749, 40175
9840.8, 3016, -4345, 4177, 6651, 73194, -9043, 17815, 40175
9844.5, 1099, -4345, 4177, 6651, 73194, -9043, 17815, 40177
9846.8, 320, -4345, 4177, 6651, 73194, -9043, 17815, 40177
9851.0, 2144, -4317, 4449, 6899, 71475, -9997, 16353, 40177
9854.7, 1605, -4317, 4449, 6899, 71475, -9997, 16353, 40173
9857.0, 1069, -4317, 4449, 6899, 71475, -9997, 16353, 40173
9862.7, 2415, -4150, 4708, 7213, 70215, -10246, 15045, 40193
9866.4, 256, -4150, 4708, 7213, 70215, -10246, 15045, 40165
9870.6, 2067, -3726, 4809, 6529, 68504, -13002, 13641, 40165
9874.4, 1129, -3726, 4809, 6529, 68504, -13002, 13641, 40163
9876.6, 515, -3726, 4809, 6529, 68504, -13002, 13641, 40163
9880.9, 2257, -3761, 5038, 7067, 69200, -9336, 13693, 40163
9884.7, 2465, -3761, 5038, 7067, 69200, -9336, 13693, 40178
9888.9, 1330, -3860, 4973, 7131, 62983, -6549, 13645, 40178
9892.6, 2517, -3860, 4973, 7131, 62983, -6549, 13645, 40176
9896.4, 1509, -3860, 4973, 7131, 62983, -6549, 13645, 40168
9900.6, 1094, -3931, 5268, 6936, 59623, -9721, 14844, 40168
9904.4, 3167, -3931, 5268, 6936, 59623, -9721, 14844, 40170
9908.6, 1554, -3992, 5200, 6441, 55103, -13803, 15461, 40170
9912.3, 783, -3992, 5200, 6441, 55103, -13803, 15461, 40165
9916.1, 1533, -3992, 5200, 6441, 55103, -13803, 15461, 40178
9920.3, 1689, -4119, 5381, 6865, 55895, -13234, 14862, 40178
9924.0, 1405, -4119, 5381, 6865, 55895, -13234, 14862, 40182
9928.2, 1533, -4041, 5109, 6474, 53358, -8973, 13322, 40182
9931.9, 1403, -4041, 5109, 6474, 53358, -8973, 13322, 40167
9935.7, 1034, -4041, 5109, 6474, 53358, -8973, 13322, 40125
9940.0, 2015, -3777, 4805, 5847, 46747, -7511, 8837, 40125
9943.7, 2649, -3777, 4805, 5847, 46747, -7511, 8837, 40168
9947.9, 1368, -3922, 5493, 6109, 43658, -4357, 5845, 40168
9951.6, 1969, -3922, 5493, 6109, 43658, -4357, 5845, 40109
9953.9, 1313, -3922, 5493, 6109, 43658, -4357, 5845, 40109
9959.6, 1370, -4163, 5519, 6748, 42022, 638, 6116, 40178
9963.3, 1794, -4163, 5519, 6748, 42022, 638, 6116, 40156
9969.0, 1992, -4255, 5288, 6523, 37275, -1067, 5495, 40190
9972.8, 1180, -4255, 5288, 6523, 37275, -1067, 5495, 40192
9978.5, 1742, -3860, 5425, 6620, 34663, -7503, 3500, 40200
9980.7, 1365, -3860, 5425, 6620, 34663, -7503, 3500, 40200
9983.0, 1510, -3860, 5425, 6620, 34663, -7503, 3500, 40200
9988.7, 1661, -3625, 5586, 6829, 31876, -9878, 1566, 40181
9991.0, 1446, -3625, 5586, 6829, 31876, -9878, 1566, 40181
9993.2, 1123, -3625, 5586, 6829, 31876, -9878, 1566, 40181
9998.9, 1529, -3631, 5425, 6183, 24898, -9743, -428, 40219
10001.2, 1023, -3631, 5425, 6183, 24898, -9743, -428, 40219
10005.5, 1802, -3631, 5425, 6064, 22142, -7420, 0, 40219
10009.2, 2069, -3631, 5425, 6064, 22142, -7420, 0, 40168
10011.5, 1715, -3631, 5425, 6064, 22142, -7420, 0, 40168
10015.7, 2149, -3424, 5635, 6020, 18200, -3858, 1032, 40168
10019.4, 1828, -3424, 5635, 6020, 18200, -3858, 1032, 40233
10021.7, 1779, -3424, 5635, 6020, 18200, -3858, 1032, 40233
10025.9, 1028, -3409, 5477, 5807, 14586, -1785, 201, 40233
10029.6, 1069, -3409, 5477, 5807, 14586, -1785, 201, 40236
10031.9, 1430, -3409, 5477, 5807, 14586, -1785, 201, 40236
10037.6, 1717, -3717, 5659, 6071, 10482, 669, -1268, 40258
10041.3, 1569, -3717, 5659, 6071, 10482, 669, -1268, 40263
10045.6, 1698, -3851, 5810, 6452, 4694, 1229, -2883, 40263
10049.4, 1345, -3851, 5810, 6452, 4694, 1229, -2883, 40281
10053.6, 1654, -3851, 5810, 6452, 4694, 1229, -2883, 40281
10057.3, 1718, -3851, 5810, 6452, 4694, 1229, -2883, 40297
10061.1, 1937, -3851, 5810, 6452, 4694, 1229, -2883, 40306
10065.4, 1871, -3431, 5642, 6540, -5446, -5420, -5000, 40306
10069.2, 1538, -3431, 5642, 6540, -5446, -5420, -5000, 40326
10073.4, 1699, -3431, 5642, 6540, -5446, -5420, -5000, 40326
10077.1, 1395, -3431, 5642, 6540, -5446, -5420, -5000, 40323
10080.9, 2067, -3431, 5642, 6540, -5446, -5420, -5000, 40328
10085.1, 1871, -3452, 5699, 6408, -14691, -7205, -8461, 40328
10088.9, 1451, -3452, 5699, 6408, -14691, -7205, -8461, 40347
10093.1, 1360, -3452, 5699, 6408, -14691, -7205, -8461, 40347
10096.8, 1944, -3452, 5699, 6408, -14691, -7205, -8461, 40379
10100.6, 1848, -3452, 5699, 6408, -14691, -7205, -8461, 40369
10104.8, 1943, -3837, 5289, 5921, -19696, -870, -11147, 40369
10108.5, 1590, -3837, 5289, 5921, -19696, -870, -11147, 40381
10112.8, 1504, -3837, 5289, 5921, -19696, -870, -11147, 40381
10116.5, 1431, -3837, 5289, 5921, -19696, -870, -11147, 40400
10118.8, 1494, -3837, 5289, 5921, -19696, -870, -11147, 40400
10124.6, 1538, -3767, 5243, 6583, -26355, 5355, -16984, 40759
10128.3, 1590, -3767, 5243, 6583, -26355, 5355, -16984, 40752
10134.0, 1789, -3585, 5279, 6231, -28687, 5359, -18051, 40763
10137.8, 1726, -3585, 5279, 6231, -28687, 5359, -18051, 40771
10143.5, 1897, -3585, 5279, 6231, -28687, 5359, -18051, 40763
10145.8, 1251, -3585, 5279, 6231, -28687, 5359, -18051, 40763
10148.0, 1322, -3585, 5279, 6231, -28687, 5359, -18051, 40763
10153.7, 1328, -3593, 5468, 6481, -33027, 3780, -18480, 40763
10155.9, 890, -3593, 5468, 6481, -33027, 3780, -18480, 40763
10158.2, 1026, -3593, 5468, 6481, -33027, 3780, -18480, 40763
10163.9, 1654, -3446, 5673, 6588, -36234, 1833, -16647, 40758
10166.2, 1460, -3446, 5673, 6588, -36234, 1833, -16647, 40758
10170.4, 2189, -3384, 5562, 6726, -38343, 1833, -16647, 40758
10174.2, 2068, -3384, 5562, 6726, -38343, 1833, -16647, 40745
10176.5, 1213, -3384, 5562, 6726, -38343, 1833, -16647, 40745
10180.7, 1119, -3508, 5319, 6669, -42188, 4147, -16708, 40745
10184.4, 1372, -3508, 5319, 6669, -42188, 4147, -16708, 40751
10186.7, 1447, -3508, 5319, 6669, -42188, 4147, -16708, 40751
10190.9, 1517, -3590, 5085, 6826, -45338, 4213, -17123, 40751
10194.6, 1395, -3590, 5085, 6826, -45338, 4213, -17123, 40751
10196.9, 1569, -3590, 5085, 6826, -45338, 4213, -17123, 40751
10202.6, 1719, -3649, 5277, 6741, -48156, 4431, -17631, 40749
10206.3, 1223, -3649, 5277, 6741, -48156, 4431, -17631, 40769
10210.6, 1553, -3778, 5224, 6552, -53787, 3325, -19035, 40769
10214.4, 2029, -3778, 5224, 6552, -53787, 3325, -19035, 40737
10216.6, 1713, -3778, 5224, 6552, -53787, 3325, -19035, 40737
10220.9, 1492, -3843, 5319, 6674, -58809, 1010, -20129, 40737
10224.6, 1537, -3843, 5319, 6674, -58809, 1010, -20129, 40753
10228.8, 1501, -3737, 5318, 6739, -62681, 730, -20011, 40753
10232.6, 1650, -3737, 5318, 6739, -62681, 730, -20011, 40745
10236.3, 1713, -3737, 5318, 6739, -62681, 730, -20011, 40712
10240.6, 1949, -3681, 4933, 6844, -67065, 306, -19757, 40712
10244.3, 1556, -3681, 4933, 6844, -67065, 306, -19757, 40733
10248.5, 1684, -3820, 4899, 7144, -68636, 415, -21096, 40733
10252.2, 1330, -3820, 4899, 7144, -68636, 415, -21096, 40718
10255.9, 1324, -3820, 4899, 7144, -68636, 415, -21096, 40716
10260.2, 2027, -4076, 4524, 7356, -70092, 953, -23971, 40716
10263.9, 1753, -4076, 4524, 7356, -70092, 953, -23971, 40722
10268.1, 1855, -4140, 4116, 7272, -70547, -2038, -26543, 40722
10271.9, 701, -4140, 4116, 7272, -70547, -2038, -26543, 40696
10275.6, 1228, -4140, 4116, 7272, -70547, -2038, -26543, 40670
10279.9, 2172, -4054, 3988, 6991, -69458, -6895, -28219, 40670
10283.6, 1757, -4054, 3988, 6991, -69458, -6895, -28219, 40689
10287.8, 1648, -3661, 4074, 6850, -73208, -9397, -29203, 40689
10291.5, 1775, -3661, 4074, 6850, -73208, -9397, -29203, 40672
10293.8, 1356, -3661, 4074, 6850, -73208, -9397, -29203, 40672
10299.5, 1939, -3332, 4629, 7063, -78567, -6628, -28521, 40677
10303.2, 1549, -3332, 4629, 7063, -78567, -6628, -28521, 40699
10309.0, 1118, -3281, 4675, 7387, -84158, -5731, -26762, 40652
10311.2, 1072, -3281, 4675, 7387, -84158, -5731, -26762, 40652
10313.5, 1534, -3281, 4675, 7387, -84158, -5731, -26762, 40652
10319.2, 2134, -3890, 4354, 7977, -84491, -6785, -24320, 40632
10321.5, 1570, -3890, 4354, 7977, -84491, -6785, -24320, 40632
10325.8, 1803, -4456, 3579, 8617, -83747, -940, -21507, 40632
10329.5, 2033, -4456, 3579, 8617, -83747, -940, -21507, 40641
10331.8, 1444, -4456, 3579, 8617, -83747, -940, -21507, 40641
10337.5, 1163, -4578, 2532, 7845, -89811, -5696, -24841, 40619
10341.3, 1464, -4578, 2532, 7845, -89811, -5696, -24841, 40603
10345.5, 1942, -4558, 2828, 7115, -90572, -17850, -30380, 40603
10349.3, 1435, -4558, 2828, 7115, -90572, -17850, -30380, 40744
10351.5, 884, -4558, 2828, 7115, -90572, -17850, -30380, 40744
10355.8, 2547, -4161, 3264, 7182, -92803, -20860, -33307, 40744
10359.5, 1892, -4161, 3264, 7182, -92803, -20860, -33307, 40542
10361.7, 1171, -4161, 3264, 7182, -92803, -20860, -33307, 40542
10367.4, 1521, -3591, 3606, 6865, -97192, -17307, -34799, 40524
10371.2, 1696, -3591, 3606, 6865, -97192, -17307, -34799, 40497
10375.4, 1561, -3434, 3640, 6833, -100464, -16012, -34134, 40497
10379.1, 1272, -3434, 3640, 6833, -100464, -16012, -34134, 40459
10383.4, 1416, -3802, 3338, 6674, -103549, -11598, -31933, 40459
10387.1, 2100, -3802, 3338, 6674, -103549, -11598, -31933, 40419
10390.8, 1796, -3802, 3338, 6674, -103549, -11598, -31933, 40390
10395.1, 1741, -4247, 2782, 7872, -102328, -1793, -29623, 40390
10398.8, 2206, -4247, 2782, 7872, -102328, -1793, -29623, 40369
10403.0, 1543, -4368, 1832, 8033, -103759, -1176, -31881, 40369
10406.7, 1721, -4368, 1832, 8033, -103759, -1176, -31881, 40354
10410.5, 1667, -4368, 1832, 8033, -103759, -1176, -31881, 40338
10414.7, 1309, -4743, 1470, 7301, -106056, -10421, -37205, 40338
10418.5, 1457, -4743, 1470, 7301, -106056, -10421, -37205, 40311
10424.2, 2014, -5206, 1310, 8006, -101252, -12272, -39406, 40282
10427.9, 1201, -5206, 1310, 8006, -101252, -12272, -39406, 40272
10433.6, 1453, -4758, 809, 8614, -101427, -7778, -40867, 40240
10437.3, 1885, -4758, 809, 8614, -101427, -7778, -40867, 40248
10443.1, 1918, -3977, 518, 8206, -102954, -10618, -46200, 40234
10446.8, 1565, -3977, 518, 8206, -102954, -10618, -46200, 40231
10449.1, 1481, -3977, 518, 8206, -102954, -10618, -46200, 40231
10454.9, 1499, -3175, 1469, 7991, -107053, -16402, -51542, 40219
10458.6, 1081, -3175, 1469, 7991, -107053, -16402, -51542, 40212
10462.8, 1983, -2524, 2319, 7609, -114180, -18716, -52400, 40212
10466.6, 1382, -2524, 2319, 7609, -114180, -18716, -52400, 40164
10470.8, 1381, -2521, 2697, 8254, -117825, -12285, -45942, 40164
10474.5, 2108, -2521, 2697, 8254, -117825, -12285, -45942, 40191
10476.8, 2084, -2521, 2697, 8254, -117825, -12285, -45942, 40191
10481.0, 2185, -3114, 1861, 9367, -114753, -3123, -36798, 40191
10484.7, 1683, -3114, 1861, 9367, -114753, -3123, -36798, 40190
10487.0, 1174, -3114, 1861, 9367, -114753, -3123, -36798, 40190
10492.7, 1351, -4442, 75, 8155, -114893, -2992, -29444, 40183
10496.4, 1498, -4442, 75, 8155, -114893, -2992, -29444, 40162
10500.7, 1927, -5785, -1261, 6672, -112889, -6588, -27737, 40162
10504.4, 1440, -5785, -1261, 6672, -112889, -6588, -27737, 40185
10506.6, 755, -5785, -1261, 6672, -112889, -6588, -27737, 40185
10510.9, 1796, -6270, -1783, 8205, -109538, -7363, -33241, 40185
10514.7, 2218, -6270, -1783, 8205, -109538, -7363, -33241, 40183
10516.9, 1539, -6270, -1783, 8205, -109538, -7363, -33241, 40183
10522.6, 1180, -5060, -1560, 8201, -112859, -10390, -47732, 40190
10526.4, 1166, -5060, -1560, 8201, -112859, -10390, -47732, 40214
10530.6, 1856, -3833, -382, 7730, -116530, -19014, -63219, 40214
10534.4, 1912, -3833, -382, 7730, -116530, -19014, -63219, 40195
10536.6, 1643, -3833, -382, 7730, -116530, -19014, -63219, 40195
10540.9, 1446, -3055, 926, 7920, -119579, -17609, -67161, 40195
10544.7, 1805, -3055, 926, 7920, -119579, -17609, -67161, 40208
10548.9, 1522, -2729, 540, 9317, -120213, -9493, -60082, 40208
10552.6, 1600, -2729, 540, 9317, -120213, -9493, -60082, 40226
10556.4, 1401, -2729, 540, 9317, -120213, -9493, -60082, 40226
10560.7, 1518, -3220, -707, 8938, -115226, -10351, -48523, 40226
10564.4, 1767, -3220, -707, 8938, -115226, -10351, -48523, 40253
10568.6, 1886, -4097, -2270, 8024, -115055, -10622, -39905, 40253
10572.3, 1585, -4097, -2270, 8024, -115055, -10622, -39905, 40223
10576.1, 1833, -4097, -2270, 8024, -115055, -10622, -39905, 40261
10580.3, 1579, -4037, -3200, 8701, -118656, -9156, -42267, 40261
10584.0, 1814, -4037, -3200, 8701, -118656, -9156, -42267, 40289
10588.2, 1891, -4013, -2504, 9330, -114972, -14013, -52492, 40289
10592.0, 857, -4013, -2504, 9330, -114972, -14013, -52492, 40296
10595.7, 818, -4013, -2504, 9330, -114972, -14013, -52492, 40300
10600.0, 2066, -3952, -2072, 7559, -116976, -18970, -59465, 40300
10603.7, 2499, -3952, -2072, 7559, -116976, -18970, -59465, 40288
10607.9, 1556, -4153, -1600, 8299, -114705, -17176, -58450, 40288
10611.6, 1418, -4153, -1600, 8299, -114705, -17176, -58450, 40324
10613.9, 1209, -4153, -1600, 8299, -114705, -17176, -58450, 40324
10619.6, 1801, -3783, -1802, 8044, -116853, -12280, -53804, 40333
10623.3, 1293, -3783, -1802, 8044, -116853, -12280, -53804, 40349
10629.1, 1822, -3488, -2346, 7823, -120073, -13562, -53148, 40377
10631.3, 1229, -3488, -2346, 7823, -120073, -13562, -53148, 40377
10633.6, 691, -3488, -2346, 7823, -120073, -13562, -53148, 40377
10639.3, 1878, -3784, -2669, 9021, -118616, -13199, -54915, 40389
10641.6, 2295, -3784, -2669, 9021, -118616, -13199, -54915, 40389
10645.8, 2158, -3784, -2669, 9021, -116678, -6654, -54837, 40389
10649.6, 1480, -3784, -2669, 9021, -116678, -6654, -54837, 40342
10651.9, 891, -3784, -2669, 9021, -116678, -6654, -54837, 40342
10657.6, 1618, -4403, -3447, 8304, -119623, -6895, -55502, 40433
10661.3, 1636, -4403, -3447, 8304, -119623, -6895, -55502, 40461
10665.6, 1734, -4447, -4586, 8304, -119268, -15163, -59019, 40461
10669.3, 1554, -4447, -4586, 8304, -119268, -15163, -59019, 40482
10671.6, 1340, -4447, -4586, 8304, -119268, -15163, -59019, 40482
10675.9, 1292, -3980, -4125, 8232, -125210, -18213, -62314, 40482
10679.7, 998, -3980, -4125, 8232, -125210, -18213, -62314, 41195
10682.0, 1010, -3980, -4125, 8232, -125210, -18213, -62314, 41195
10687.7, 2339, -3157, -2754, 8386, -127445, -19521, -62843, 41207
10691.4, 2009, -3157, -2754, 8386, -127445, -19521, -62843, 41223
10695.7, 1263, -3157, -2723, 9606, -122484, -19390, -58765, 41223
10699.5, 718, -3157, -2723, 9606, -122484, -19390, -58765, 41288
10703.7, 1527, -3190, -2723, 9606, -122484, -19390, -58765, 41288
10707.5, 3029, -3190, -2723, 9606, -122484, -19390, -58765, 41256
10711.2, 2362, -3190, -2723, 9606, -122484, -19390, -58765, 41272
10715.5, 1628, -3468, -5277, 9029, -114775, -15268, -48655, 41272
10719.2, 1444, -3468, -5277, 9029, -114775, -15268, -48655, 41282
10723.4, 1215, -3890, -5277, 9029, -114775, -15268, -48655, 41282
10727.1, 1560, -3890, -5277, 9029, -114775, -15268, -48655, 41293
10730.9, 1889, -3890, -5277, 9029, -114775, -15268, -48655, 41325
10735.1, 1694, -3966, -6048, 6349, -114421, -16305, -54338, 41325
10738.8, 1441, -3966, -6048, 6349, -114421, -16305, -54338, 41326
10743.1, 1535, -3579, -6048, 6349, -114421, -16305, -54338, 41326
10746.8, 1614, -3579, -6048, 6349, -114421, -16305, -54338, 41283
10749.1, 1316, -3579, -6048, 6349, -114421, -16305, -54338, 41283
10754.9, 1359, -3471, -4132, 6461, -119535, -14503, -50553, 41361
10758.6, 1233, -3471, -4132, 6461, -119535, -14503, -50553, 41365
10762.8, 1455, -3305, -4132, 6461, -119535, -14503, -50553, 41365
10766.6, 2284, -3305, -4132, 6461, -119535, -14503, -50553, 41374
10768.8, 1300, -3305, -4132, 6461, -119535, -14503, -50553, 41374
10774.6, 1327, -3637, -5054, 9047, -117435, -2918, -47399, 41402
10778.6, 2223, -3637, -5054, 9047, -117435, -2918, -47399, 41391
10784.4, 2329, -3504, -5949, 8572, -116105, 2327, -53078, 41401
10788.1, 1488, -3504, -5949, 8572, -116105, 2327, -53078, 41398
10793.8, 1590, -3301, -5949, 8572, -116105, 2327, -53078, 41431
10796.1, 1060, -3301, -5949, 8572, -116105, 2327, -53078, 41431
10798.4, 975, -3301, -5949, 8572, -116105, 2327, -53078, 41431
10804.1, 1201, -3442, -6766, 7829, -114215, -78, -58958, 41391
10806.4, 973, -3442, -6766, 7829, -114215, -78, -58958, 41391
10810.6, 1804, -3452, -6580, 7749, -109731, -10460, -60279, 41391
10814.4, 2556, -3452, -6580, 7749, -109731, -10460, -60279, 41402
10816.7, 1594, -3452, -6580, 7749, -109731, -10460, -60279, 41402
10820.9, 2030, -3051, -6067, 7381, -110663, -16205, -56980, 41402
10824.6, 1709, -3051, -6067, 7381, -110663, -16205, -56980, 41384
10826.9, 1200, -3051, -6067, 7381, -110663, -16205, -56980, 41384
10832.6, 1837, -2409, -5784, 7800, -112347, -14057, -53664, 41432
10836.3, 1822, -2409, -5784, 7800, -112347, -14057, -53664, 41454
10840.6, 650, -2020, -5648, 7084, -115086, -14323, -52513, 41454
10844.4, 451, -2020, -5648, 7084, -115086, -14323, -52513, 41477
10846.7, 331, -2020, -5648, 7084, -115086, -14323, -52513, 41477
10850.9, 1675, -2498, -6251, 6605, -114775, -15745, -50759, 41477
10854.6, 2893, -2498, -6251, 6605, -114775, -15745, -50759, 41497
10858.8, 2205, -3275, -6937, 7573, -109429, -11484, -43895, 41497
10862.6, 2746, -3275, -6937, 7573, -109429, -11484, -43895, 41520
10866.3, 1750, -3275, -6937, 7573, -109429, -11484, -43895, 41527
10870.5, 1570, -3126, -8405, 6996, -109801, -2690, -38356, 41527
10874.3, 1304, -3126, -8405, 6996, -109801, -2690, -38356, 41553
10878.5, 1255, -3128, -8781, 7837, -101431, -6291, -40451, 41553
10882.2, 1341, -3128, -8781, 7837, -101431, -6291, -40451, 41565
10886.0, 1983, -3128, -8781, 7837, -101431, -6291, -40451, 41576
10890.3, 1528, -2921, -8682, 6226, -97021, -17408, -46218, 41576
10894.0, 1425, -2921, -8682, 6226, -97021, -17408, -46218, 41556
10898.3, 1826, -2801, -8002, 6335, -93871, -22850, -48025, 41556
10902.0, 1723, -2801, -8002, 6335, -93871, -22850, -48025, 41593
10905.8, 1446, -2801, -8002, 6335, -93871, -22850, -48025, 41568
10910.0, 1870, -2347, -7524, 6136, -94615, -22592, -44783, 41568
10913.7, 1610, -2347, -7524, 6136, -94615, -22592, -44783, 41565
10918.0, 1231, -2312, -7468, 6000, -94724, -16607, -40224, 41565
10921.8, 1113, -2312, -7468, 6000, -94724, -16607, -40224, 41550
10925.5, 2581, -2312, -7468, 6000, -94724, -16607, -40224, 41538
10929.8, 2788, -2403, -8135, 6345, -97739, -8728, -37266, 41538
10933.5, 2184, -2403, -8135, 6345, -97739, -8728, -37266, 41489
10937.8, 2399, -2636, -8785, 7447, -99169, -4230, -37708, 41489
10941.5, 1688, -2636, -8785, 7447, -99169, -4230, -37708, 41565
10943.8, 1149, -2636, -8785, 7447, -99169, -4230, -37708, 41565
10949.5, 1451, -2753, -9237, 7449, -94274, -3578, -38574, 41565
10951.8, 1047, -2753, -9237, 7449, -94274, -3578, -38574, 41565
10957.6, 1070, -2569, -9221, 5891, -88809, -6693, -39012, 41591
10961.3, 1809, -2569, -9221, 5891, -88809, -6693, -39012, 41615
10965.6, 2504, -2303, -8715, 5430, -81997, -15894, -40587, 41615
10969.3, 1982, -2303, -8715, 5430, -81997, -15894, -40587, 41628
10971.6, 1144, -2303, -8715, 5430, -81997, -15894, -40587, 41628
10975.8, 1438, -2210, -8092, 5550, -73886, -26377, -41445, 41628
10979.6, 1708, -2210, -8092, 5550, -73886, -26377, -41445, 41656
10981.8, 700, -2210, -8092, 5550, -73886, -26377, -41445, 41656
10987.6, 1980, -1926, -7929, 4584, -70530, -23861, -38618, 41701
10991.3, 2456, -1926, -7929, 4584, -70530, -23861, -38618, 41765
10995.6, 1881, -1883, -8443, 4941, -70434, -11808, -34003, 41765
10999.3, 1428, -1883, -8443, 4941, -70434, -11808, -34003, 41776
11001.6, 878, -1883, -8443, 4941, -70434, -11808, -34003, 41776
11005.8, 1977, -1917, -9015, 6072, -68767, -7599, -32143, 41776
11009.6, 1729, -1917, -9015, 6072, -68767, -7599, -32143, 41805
11011.9, 1345, -1917, -9015, 6072, -68767, -7599, -32143, 41805
11017.6, 1789, -1956, -9271, 6149, -66623, -10421, -31942, 41843
11021.4, 1616, -1956, -9271, 6149, -66623, -10421, -31942, 41840
11025.6, 1624, -2060, -8950, 6535, -65289, -13947, -31386, 41840
11029.4, 1524, -2060, -8950, 6535, -65289, -13947, -31386, 41905
11033.6, 1698, -2012, -8438, 6593, -67712, -18707, -30804, 41905
11037.3, 1634, -2012, -8438, 6593, -67712, -18707, -30804, 41956
11041.1, 1340, -2012, -8438, 6593, -67712, -18707, -30804, 42008
11045.3, 1538, -1855, -8096, 6154, -69852, -24189, -30642, 42008
11049.0, 1867, -1855, -8096, 6154, -69852, -24189, -30642, 42079
11053.2, 1919, -1854, -7904, 5734, -72048, -25580, -29466, 42079
11057.0, 1563, -1854, -7904, 5734, -72048, -25580, -29466, 42117
11060.7, 1863, -1854, -7904, 5734, -72048, -25580, -29466, 42166
11064.9, 1658, -1870, -7859, 5587, -74783, -21490, -27602, 42166
11068.7, 1504, -1870, -7859, 5587, -74783, -21490, -27602, 42182
11072.9, 2166, -1685, -8184, 5022, -76415, -16174, -27287, 42182
11076.6, 2087, -1685, -8184, 5022, -76415, -16174, -27287, 42254
11078.9, 1354, -1685, -8184, 5022, -76415, -16174, -27287, 42254
11084.6, 1965, -1652, -8747, 5337, -73951, -13147, -28140, 42281
11088.3, 1974, -1652, -8747, 5337, -73951, -13147, -28140, 42329
11094.0, 1771, -1447, -9106, 4531, -70499, -13667, -28192, 42355
11097.8, 1667, -1447, -9106, 4531, -70499, -13667, -28192, 42382
11103.5, 1665, -1213, -9220, 3509, -67896, -16043, -27121, 42383
11107.2, 1794, -1213, -9220, 3509, -67896, -16043, -27121, 42433
11112.9, 2098, -1135, -9024, 3491, -64702, -17880, -26027, 42455
11116.6, 1845, -1135, -9024, 3491, -64702, -17880, -26027, 42494
11120.9, 1732, -1156, -9147, 3903, -64230, -16725, -25034, 42494
11124.6, 1533, -1156, -9147, 3903, -64230, -16725, -25034, 42513
11126.9, 876, -1156, -9147, 3903, -64230, -16725, -25034, 42513
11132.6, 1817, -1147, -9616, 3912, -64886, -12941, -23095, 42532
11136.3, 2140, -1147, -9616, 3912, -64886, -12941, -23095, 42554
11140.6, 1669, -1149, -9973, 4209, -64081, -11427, -21267, 42554
11144.4, 1524, -1149, -9973, 4209, -64081, -11427, -21267, 42577
11146.6, 1279, -1149, -9973, 4209, -64081, -11427, -21267, 42577
11150.9, 2021, -1034, -9763, 4204, -62020, -12849, -21157, 42577
11154.6, 1525, -1034, -9763, 4204, -62020, -12849, -21157, 42597
11156.9, 1415, -1034, -9763, 4204, -62020, -12849, -21157, 42597
11162.6, 2081, -783, -10110, 4143, -61132, -11550, -22422, 42616
11166.3, 1671, -783, -10110, 4143, -61132, -11550, -22422, 42651
11170.6, 1682, -310, -10539, 3556, -60559, -10071, -23323, 42651
11174.4, 1786, -310, -10539, 3556, -60559, -10071, -23323, 42634
11176.7, 1133, -310, -10539, 3556, -60559, -10071, -23323, 42634
11180.9, 1779, -259, -10556, 3086, -56784, -12635, -23498, 42634
11184.6, 1644, -259, -10556, 3086, -56784, -12635, -23498, 42649
11188.8, 1958, -464, -10070, 2481, -52614, -15303, -22474, 42649
11192.6, 2001, -464, -10070, 2481, -52614, -15303, -22474, 42650
11196.4, 1520, -464, -10070, 2481, -52614, -15303, -22474, 42670
11200.6, 1994, -692, -10129, 2165, -50352, -11064, -19639, 42670
11204.4, 1968, -692, -10129, 2165, -50352, -11064, -19639, 42652
11208.6, 1880, -943, -10003, 2545, -51310, -4633, -18300, 42652
11212.3, 1725, -943, -10003, 2545, -51310, -4633, -18300, 42659
11216.1, 1725, -943, -10003, 2545, -51310, -4633, -18300, 42663
11220.3, 1765, -1033, -10220, 2663, -49937, -3941, -19915, 42663
11224.1, 1732, -1033, -10220, 2663, -49937, -3941, -19915, 42668
11228.3, 1635, -1008, -10438, 3101, -47018, -6234, -21512, 42668
11232.0, 1793, -1008, -10438, 3101, -47018, -6234, -21512, 42729
11235.7, 2076, -1008, -10438, 3101, -47018, -6234, -21512, 42692
11240.0, 2187, -839, -10499, 3591, -44446, -10084, -21984, 42692
11243.7, 1593, -839, -10499, 3591, -44446, -10084, -21984, 42750
11247.9, 1773, -421, -10473, 3302, -42604, -14048, -21529, 42750
11251.7, 2125, -421, -10473, 3302, -42604, -14048, -21529, 42792
11254.0, 1344, -421, -10473, 3302, -42604, -14048, -21529, 42792
11259.7, 1960, -135, -10023, 2788, -41580, -17054, -20689, 42784
11263.5, 1684, -135, -10023, 2788, -41580, -17054, -20689, 42789
11267.7, 1694, -148, -9790, 2895, -39222, -18366, -19154, 42789
11271.5, 1688, -148, -9790, 2895, -39222, -18366, -19154, 42818
11273.8, 793, -148, -9790, 2895, -39222, -18366, -19154, 42818
11279.5, 1715, -324, -9619, 2527, -39791, -15054, -16423, 43398
11281.8, 962, -324, -9619, 2527, -39791, -15054, -16423, 43398
11287.5, 2163, -324, -9619, 2527, -39791, -15054, -13308, 43412
11291.2, 2082, -324, -9619, 2527, -39791, -15054, -13308, 43420
11295.5, 1604, -610, -9768, 2596, -39358, -8045, -13308, 43420
11299.2, 1563, -610, -9768, 2596, -39358, -8045, -13308, 43455
11301.5, 1118, -610, -9768, 2596, -39358, -8045, -13308, 43455
11305.7, 1666, -957, -10024, 3321, -37398, -4357, -12884, 43455
11309.4, 1690, -957, -10024, 3321, -37398, -4357, -12884, 43451
11311.7, 934, -957, -10024, 3321, -37398, -4357, -12884, 43451
11315.9, 1865, -972, -10022, 3096, -34414, -9388, -14192, 43451
11319.6, 1747, -972, -10022, 3096, -34414, -9388, -14192, 43468
11321.9, 973, -972, -10022, 3096, -34414, -9388, -14192, 43468
11327.6, 1944, -971, -9714, 2794, -32856, -13991, -14201, 43494
11331.3, 1953, -971, -9714, 2794, -32856, -13991, -14201, 43503
11335.6, 1739, -850, -9505, 2955, -30866, -17102, -12145, 43503
11339.3, 1875, -850, -9505, 2955, -30866, -17102, -12145, 43515
11341.6, 1060, -850, -9505, 2955, -30866, -17102, -12145, 43515
11345.9, 1854, -646, -9631, 3083, -29759, -17740, -9437, 43515
11349.6, 1851, -646, -9631, 3083, -29759, -17740, -9437, 43534
11353.9, 1875, -534, -9694, 2877, -29759, -17740, -9437, 43534
11357.6, 1772, -534, -9694, 2877, -29759, -17740, -9437, 43538
11361.3, 1710, -534, -9694, 2877, -29759, -17740, -9437, 43577
11365.6, 1763, -273, -9528, 2517, -28249, -14691, -8920, 43577
11369.3, 1856, -273, -9528, 2517, -28249, -14691, -8920, 43579
11373.6, 1729, -153, -9339, 2321, -28249, -14691, -8920, 43579
11377.3, 1748, -153, -9339, 2321, -28249, -14691, -8920, 43601
11381.1, 1929, -153, -9339, 2321, -28249, -14691, -8920, 43623
11385.3, 1968, -237, -9345, 2357, -27615, -5888, -7533, 43623
11389.1, 1979, -237, -9345, 2357, -27615, -5888, -7533, 43638
11393.3, 1709, -379, -9572, 2529, -27615, -5888, -7533, 43638
11397.0, 1689, -379, -9572, 2529, -27615, -5888, -7533, 43666
11400.8, 1860, -379, -9572, 2529, -27615, -5888, -7533, 43709
11405.0, 1720, -401, -9677, 2483, -26504, -4095, -6461, 43709
11408.7, 1808, -401, -9677, 2483, -26504, -4095, -6461, 43717
11412.9, 1791, -284, -9894, 2349, -26504, -4095, -6461, 43717
11416.7, 1972, -284, -9894, 2349, -26504, -4095, -6461, 43718
11419.0, 754, -284, -9894, 2349, -26504, -4095, -6461, 43718
11424.7, 1806, -127, -9955, 2097, -23078, -6785, -5429, 43756
11428.4, 1806, -127, -9955, 2097, -23078, -6785, -5429, 43767
11434.1, 1743, -137, -10048, 1600, -23078, -6785, -5429, 43790
11436.3, 456, -137, -10048, 1600, -23078, -6785, -5429, 43790
11438.6, 528, -137, -10048, 1600, -23078, -6785, -5429, 43790
11444.3, 1924, -210, -10007, 1496, -18983, -5801, -3548, 43763
11446.6, 648, -210, -10007, 1496, -18983, -5801, -3548, 43763
11450.8, 1880, -322, -9989, 1861, -16966, -5407, -2725, 43763
11454.6, 1708, -322, -9989, 1861, -16966, -5407, -2725, 43832
11456.9, 332, -322, -9989, 1861, -16966, -5407, -2725, 43832
11462.6, 2000, -267, -10051, 1893, -16774, -6584, -3119, 43849
11466.3, 1757, -267, -10051, 1893, -16774, -6584, -3119, 43881
11470.5, 1678, -269, -10237, 1861, -15365, -7179, -3399, 43881
11474.3, 1798, -269, -10237, 1861, -15365, -7179, -3399, 43909
11476.5, 865, -269, -10237, 1861, -15365, -7179, -3399, 43909
11480.8, 1846, -183, -10366, 2231, -13991, -7389, -3661, 43909
11484.6, 1632, -183, -10366, 2231, -13991, -7389, -3661, 43914
11486.9, 516, -183, -10366, 2231, -13991, -7389, -3661, 43914
11492.6, 1741, 150, -10265, 2132, -12127, -9393, -4703, 43929
11496.3, 1730, 150, -10265, 2132, -12127, -9393, -4703, 43953
11500.6, 1852, 232, -10165, 1483, -10745, -10806, -4900, 43953
11504.4, 1713, 232, -10165, 1483, -10745, -10806, -4900, 43961
11508.6, 1706, 68, -9600, 1459, -9100, -7721, -3941, 43961
11512.3, 1646, 68, -9600, 1459, -9100, -7721, -3941, 43398
11516.1, 1506, 68, -9600, 1459, -9100, -7721, -3941, 43997
11520.4, 1804, -84, -9786, 1751, -7686, -2471, -2113, 43997
11524.1, 1692, -84, -9786, 1751, -7686, -2471, -2113, 43976
11528.3, 1864, -173, -10135, 2046, -7673, 1076, -245, 43976
11532.0, 1976, -173, -10135, 2046, -7673, 1076, -245, 44033
11535.8, 1889, -173, -10135, 2046, -7673, 1076, -245, 44029
11540.0, 1548, -99, -10140, 2328, -5516, 1268, 91, 44029
11543.7, 1578, -99, -10140, 2328, -5516, 1268, 91, 44056
11547.9, 1720, 90, -10031, 2282, -2931, -770, -944, 44056
11551.7, 1703, 90, -10031, 2282, -2931, -770, -944, 44070
11554.0, 491, 90, -10031, 2282, -2931, -770, -944, 44070
11559.8, 1575, 114, -9761, 1720, -1010, -1920, -1229, 44076
11563.5, 1467, 114, -9761, 1720, -1010, -1920, -1229, 44018
11567.7, 1447, -72, -9851, 1832, 2590, -756, -258, 44018
11571.5, 1582, -72, -9851, 1832, 2590, -756, -258, 44082
11573.8, 756, -72, -9851, 1832, 2590, -756, -258, 44082
11579.5, 2166, -82, -9930, 2207, 5788, 813, 1260, 44069
11583.3, 1582, -82, -9930, 2207, 5788, 813, 1260, 44089
11589.0, 1458, 65, -10152, 2057, 6190, 3010, 2331, 44099
11592.7, 1628, 65, -10152, 2057, 6190, 3010, 2331, 44100
11598.5, 1627, 153, -10296, 1697, 10482, 5495, 2795, 44036
11600.7, 73, 153, -10296, 1697, 10482, 5495, 2795, 44036
11603.0, 166, 153, -10296, 1697, 10482, 5495, 2795, 44036
11608.7, 1643, -68, -10170, 1564, 14433, 7910, 3145, 44109
11610.9, 73, -68, -10170, 1564, 14433, 7910, 3145, 44109
11613.2, 194, -68, -10170, 1564, 14433, 7910, 3145, 44109
11618.9, 1920, -555, -10164, 1737, 18169, 6781, 2887, 44117
11621.2, 247, -555, -10164, 1737, 18169, 6781, 2887, 44117
11625.4, 1719, -653, -10288, 2323, 24027, 1636, 2485, 44117
11629.2, 1530, -653, -10288, 2323, 24027, 1636, 2485, 44111
11631.5, 82, -653, -10288, 2323, 24027, 1636, 2485, 44111
11635.7, 1735, -184, -10282, 1465, 27961, -2458, 2581, 44111
11639.4, 1973, -184, -10282, 1465, 27961, -2458, 2581, 44121
11641.7, 513, -184, -10282, 1465, 27961, -2458, 2581, 44121
11645.9, 1637, -8, -10301, 1123, 32721, -2261, 3688, 44121
11649.6, 1822, -8, -10301, 1123, 32721, -2261, 3688, 44124
11651.9, 303, -8, -10301, 1123, 32721, -2261, 3688, 44124
11657.6, 1967, -348, -10476, 1701, 38106, -1015, 5219, 44130
11661.3, 2161, -348, -10476, 1701, 38106, -1015, 5219, 44135
11665.6, 1364, -468, -10594, 2231, 40626, 1246, 7538, 44135
11669.4, 1317, -468, -10594, 2231, 40626, 1246, 7538, 44152
11673.6, 1645, -346, -10706, 2474, 44949, 3635, 11493, 44152
11677.3, 1647, -346, -10706, 2474, 44949, 3635, 11493, 44135
11681.1, 1685, -346, -10706, 2474, 44949, 3635, 11493, 44155
11685.3, 1641, -178, -10514, 2323, 49394, 3858, 14599, 44155
11689.1, 1766, -178, -10514, 2323, 49394, 3858, 14599, 44150
11693.3, 1474, -347, -10496, 2513, 54460, 3486, 15395, 44150
11697.0, 1438, -347, -10496, 2513, 54460, 3486, 15395, 44164
11700.7, 1670, -347, -10496, 2513, 54460, 3486, 15395, 44152
11705.0, 1236, -512, -10432, 2215, 56455, 6348, 16791, 44152
11708.7, 1805, -512, -10432, 2215, 56455, 6348, 16791, 44162
11712.9, 1533, -826, -10658, 2777, 60428, 9003, 19823, 44162
11716.7, 1031, -826, -10658, 2777, 60428, 9003, 19823, 44159
11719.0, 1102, -826, -10658, 2777, 60428, 9003, 19823, 44159
11724.8, 1524, -949, -10667, 3367, 65901, 6768, 22251, 44193
11728.5, 1599, -949, -10667, 3367, 65901, 6768, 22251, 44170
11732.7, 1206, -1013, -10460, 3258, 70176, 5075, 23389, 44170
11736.5, 954, -1013, -10460, 3258, 70176, 5075, 23389, 44171
11738.8, 53, -1013, -10460, 3258, 70176, 5075, 23389, 44171
11744.5, 1893, -921, -10378, 3312, 75023, 6807, 24110, 44189
11748.3, 1904, -921, -10378, 3312, 75023, 6807, 24110, 44164
11754.0, 1528, -763, -10119, 3697, 78200, 6181, 24456, 44150
11757.7, 1509, -763, -10119, 3697, 78200, 6181, 24456, 44152
11763.5, 1703, -648, -9846, 3552, 81341, 4392, 26263, 44142
11765.7, 380, -648, -9846, 3552, 81341, 4392, 26263, 44142
11768.0, 44, -648, -9846, 3552, 81341, 4392, 26263, 44142
11773.7, 2029, -708, -9848, 3585, 84876, 7586, 30861, 44121
11775.9, 1086, -708, -9848, 3585, 84876, 7586, 30861, 44121
11780.2, 1359, -893, -9984, 3906, 87842, 11926, 35459, 44121
11784.0, 1212, -893, -9984, 3906, 87842, 11926, 35459, 44139
11786.2, 55, -893, -9984, 3906, 87842, 11926, 35459, 44139
11790.5, 1512, -1074, -10141, 4167, 93005, 14595, 37708, 44139
11794.2, 2126, -1074, -10141, 4167, 93005, 14595, 37708, 44067
11796.5, 1187, -1074, -10141, 4167, 93005, 14595, 37708, 44067
11800.7, 1851, -1394, -9886, 4408, 96190, 16218, 38736, 44067
11804.4, 1471, -1394, -9886, 4408, 96190, 16218, 38736, 43482
11806.7, 408, -1394, -9886, 4408, 96190, 16218, 38736, 43482
11811.0, 1468, -1597, -9745, 5078, 102052, 17176, 40023, 43482
11814.7, 984, -1597, -9745, 5078, 102052, 17176, 40023, 43425
11817.0, 377, -1597, -9745, 5078, 102052, 17176, 40023, 43425
11822.8, 1436, -1518, -9686, 4889, 103623, 15925, 41628, 43388
11826.5, 1606, -1518, -9686, 4889, 103623, 15925, 41628, 43362
11830.7, 2667, -1621, -9427, 4867, 104726, 15408, 43938, 43362
11834.4, 1229, -1621, -9427, 4867, 104726, 15408, 43938, 43253
11838.6, 1276, -1621, -9427, 4867, 107648, 14582, 46664, 43253
11842.4, 486, -1621, -9427, 4867, 107648, 14582, 46664, 43186
11846.1, 787, -1621, -9427, 4867, 107648, 14582, 46664, 43116
11850.4, 1404, -1719, -9537, 4924, 109582, 13602, 49066, 43116
11854.1, 947, -1719, -9537, 4924, 109582, 13602, 49066, 43019
11858.3, 685, -1719, -9537, 4924, 114841, 10867, 50304, 43019
11862.0, 549, -1719, -9537, 4924, 114841, 10867, 50304, 42985
11865.8, 339, -1719, -9537, 4924, 114841, 10867, 50304, 42919
11870.0, 1674, -1500, -9228, 5512, 120240, 6177, 49477, 42919
11873.7, 2470, -1500, -9228, 5512, 120240, 6177, 49477, 42847
11877.9, 2247, -1500, -9228, 5512, 120183, 8872, 48720, 42847
11881.6, 482, -1500, -9228, 5512, 120183, 8872, 48720, 42805
11883.9, 34, -1500, -9228, 5512, 120183, 8872, 48720, 42805
11889.7, 1766, -1770, -8697, 6247, 118691, 15492, 49849, 42718
11893.4, 2587, -1770, -8697, 6247, 118691, 15492, 49849, 42646
11899.1, 1587, -1984, -8804, 6375, 118214, 18729, 52338, 42569
11902.8, 630, -1984, -8804, 6375, 118214, 18729, 52338, 42513
11908.5, 645, -2118, -8757, 6359, 119141, 19902, 55720, 42474
11912.3, 580, -2118, -8757, 6359, 119141, 19902, 55720, 42422
11918.0, 2748, -2118, -8757, 6359, 119141, 19902, 55720, 42382
11921.7, 2508, -2118, -8757, 6359, 119141, 19902, 55720, 42335
11927.4, 976, -2266, -9020, 6879, 118411, 19753, 56534, 42308
11931.1, 352, -2266, -9020, 6879, 118411, 19753, 56534, 42264
11933.4, 472, -2266, -9020, 6879, 118411, 19753, 56534, 42264
11939.2, 1476, -2323, -8260, 6115, 124497, 13772, 56429, 42228
11941.4, 874, -2323, -8260, 6115, 124497, 13772, 56429, 42228
11945.6, 2293, -2334, -8260, 6115, 124497, 13772, 56429, 42228
11949.3, 1760, -2334, -8260, 6115, 124497, 13772, 56429, 42191
11951.6, 871, -2334, -8260, 6115, 124497, 13772, 56429, 42191
11955.8, 612, -2548, -7999, 6918, 128963, 10871, 58030, 42191
11959.5, 1356, -2548, -7999, 6918, 128963, 10871, 58030, 42163
11961.8, 1643, -2548, -7999, 6918, 128963, 10871, 58030, 42163
11966.0, 2329, -2612, -7859, 6993, 130455, 9187, 61474, 42163
11969.7, 1588, -2612, -7859, 6993, 130455, 9187, 61474, 42134
11972.0, 947, -2612, -7859, 6993, 130455, 9187, 61474, 42134
11977.7, 1574, -2662, -7801, 6981, 129068, 9747, 67358, 42097
11981.4, 1228, -2662, -7801, 6981, 129068, 9747, 67358, 42069
11985.7, 268, -2695, -7655, 7549, 129480, 9747, 67358, 42069
11989.4, 1291, -2695, -7655, 7549, 129480, 9747, 67358, 42015
11991.7, 2608, -2695, -7655, 7549, 129480, 9747, 67358, 42015
11995.9, 2180, -2695, -7274, 6843, 129707, 10613, 66177, 42015
11999.7, 2397, -2695, -7274, 6843, 129707, 10613, 66177, 41985
12003.9, 1363, -2819, -7158, 7423, 133535, 10613, 66177, 41985
12007.7, 1149, -2819, -7158, 7423, 133535, 10613, 66177, 41971
12011.4, 1667, -2819, -7158, 7423, 133535, 10613, 66177, 41907
12015.7, 1443, -2883, -6939, 7146, 136090, 13772, 64431, 41907
12019.4, 1310, -2883, -6939, 7146, 136090, 13772, 64431, 41910
12023.6, 527, -2869, -6524, 6658, 134625, 13772, 64431, 41910
12027.3, 1557, -2869, -6524, 6658, 134625, 13772, 64431, 41852
12031.1, 1613, -2869, -6524, 6658, 134625, 13772, 64431, 41832
12035.3, 2330, -2813, -6071, 7687, 135845, 16017, 67148, 41832
12039.0, 1414, -2813, -6071, 7687, 135845, 16017, 67148, 41788
12043.3, 2342, -2809, -5433, 7576, 132503, 16017, 67148, 41788
12047.0, 541, -2809, -5433, 7576, 132503, 16017, 67148, 41762
12050.7, 806, -2809, -5433, 7576, 132503, 16017, 67148, 41724
12055.0, 2508, -2925, -5340, 7829, 131995, 17902, 75364, 41724
12058.7, 1644, -2925, -5340, 7829, 131995, 17902, 75364, 41704
12062.9, 245, -3262, -5079, 8590, 132372, 17185, 75364, 41704
12066.6, 2290, -3262, -5079, 8590, 132372, 17185, 75364, 41666
12068.9, 2497, -3262, -5079, 8590, 132372, 17185, 75364, 41666
12074.6, 1653, -3332, -5207, 7675, 128460, 16699, 70622, 41653
12078.3, 1227, -3332, -5207, 7675, 128460, 16699, 70622, 41605
12084.0, 2101, -3552, -4868, 8264, 127550, 14708, 70622, 41562
12086.3, 1240, -3552, -4868, 8264, 127550, 14708, 70622, 41562
12088.5, 1030, -3552, -4868, 8264, 127550, 14708, 70622, 41562
12094.3, 732, -3821, -4527, 8170, 127073, 14805, 66194, 41517
12096.5, 2085, -3821, -4527, 8170, 127073, 14805, 66194, 41517
12100.8, 2344, -3813, -4319, 7584, 125870, 16297, 63932, 41517
12104.6, 1309, -3813, -4319, 7584, 125870, 16297, 63932, 41472
12106.9, 1158, -3813, -4319, 7584, 125870, 16297, 63932, 41472
12112.6, 1487, -3731, -4062, 7699, 125350, 16056, 63534, 41423
12116.3, 1516, -3731, -4062, 7699, 125350, 16056, 63534, 41312
12120.6, 680, -3695, -3749, 7897, 122957, 14498, 65017, 41312
12124.3, 363, -3695, -3749, 7897, 122957, 14498, 65017, 41288
12126.6, 229, -3695, -3749, 7897, 122957, 14498, 65017, 41288
12130.9, 2507, -3958, -3523, 8364, 123162, 14450, 67494, 41288
12134.7, 2707, -3958, -3523, 8364, 123162, 14450, 67494, 41249
12137.0, 1181, -3958, -3523, 8364, 123162, 14450, 67494, 41249
12142.7, 2141, -3908, -3440, 8686, 121119, 15658, 67292, 41196
12146.4, 388, -3908, -3440, 8686, 121119, 15658, 67292, 41134
12150.6, 1822, -3565, -3537, 9049, 119439, 16660, 63294, 41134
12154.4, 2407, -3565, -3537, 9049, 119439, 16660, 63294, 41107
12158.6, 1325, -3683, -3463, 8978, 120043, 15754, 60087, 41107
12162.3, 165, -3683, -3463, 8978, 120043, 15754, 60087, 41056
12166.0, 2391, -3683, -3463, 8978, 120043, 15754, 60087, 40993
12170.3, 3031, -3758, -3547, 8056, 118678, 11768, 59776, 40993
12174.4, 1236, -3758, -3547, 8056, 118678, 11768, 59776, 40954
12178.6, 1609, -3631, -2913, 7822, 113624, 4838, 60288, 40954
12182.4, 1416, -3631, -2913, 7822, 113624, 4838, 60288, 40919
12186.1, 1089, -3631, -2913, 7822, 113624, 4838, 60288, 40884
12190.4, 199, -3710, -2073, 7674, 112141, 4895, 62419, 40884
12194.1, 1602, -3710, -2073, 7674, 112141, 4895, 62419, 40864
12198.3, 2466, -3827, -1986, 7883, 112049, 8264, 65731, 40864
12202.1, 1177, -3827, -1986, 7883, 112049, 8264, 65731, 40837
12205.8, 941, -3827, -1986, 7883, 112049, 8264, 65731, 40801
12210.1, 1807, -3589, -2303, 7631, 108794, 10548, 65398, 40801
12213.8, 2273, -3589, -2303, 7631, 108794, 10548, 65398, 40772
12218.0, 1610, -3755, -2362, 9095, 111258, 16310, 61456, 40772
12221.7, 481, -3755, -2362, 9095, 111258, 16310, 61456, 40747
12225.5, 1550, -3755, -2362, 9095, 111258, 16310, 61456, 40721
12229.7, 2540, -3716, -2764, 8604, 108405, 20138, 57099, 40721
12233.4, 1970, -3716, -2764, 8604, 108405, 20138, 57099, 40650
12239.2, 1947, -3830, -2581, 8575, 106738, 12289, 53507, 40664
12242.9, 1072, -3830, -2581, 8575, 106738, 12289, 53507, 40640
12248.6, 394, -4025, -2237, 8668, 108864, 7301, 52977, 40614
12250.8, 618, -4025, -2237, 8668, 108864, 7301, 52977, 40614
12253.2, 1632, -4025, -2237, 8668, 108864, 7301, 52977, 40614
12258.9, 2325, -4006, -2065, 7781, 107359, 5223, 54447, 40587
12261.2, 1010, -4006, -2065, 7781, 107359, 5223, 54447, 40587
12265.4, 485, -3561, -1800, 7366, 103763, 905, 52391, 40587
12269.1, 1592, -3561, -1800, 7366, 103763, 905, 52391, 40574
12271.4, 1233, -3561, -1800, 7366, 103763, 905, 52391, 40574
12275.6, 1562, -3162, -973, 8187, 99790, 4781, 49521, 40574
12279.3, 2338, -3162, -973, 8187, 99790, 4781, 49521, 40527
12281.6, 2639, -3162, -973, 8187, 99790, 4781, 49521, 40527
12285.8, 1846, -3288, -711, 8742, 97393, 12547, 49140, 40527
12289.5, 1014, -3288, -711, 8742, 97393, 12547, 49140, 40551
12291.8, 1031, -3288, -711, 8742, 97393, 12547, 49140, 40551
12296.0, 1379, -3503, -1018, 9352, 98775, 13326, 51595, 40551
12299.7, 218, -3503, -1018, 9352, 98775, 13326, 51595, 40550
12304.0, 1235, -3817, -1221, 8511, 96352, 7805, 52461, 40550
12307.8, 2793, -3817, -1221, 8511, 96352, 7805, 52461, 40549
12311.5, 2637, -3817, -1221, 8511, 96352, 7805, 52461, 40517
12315.8, 2504, -4252, -1048, 8571, 94807, 6514, 50895, 40517
12319.5, 2014, -4252, -1048, 8571, 94807, 6514, 50895, 40545
12323.7, 252, -4529, -833, 8333, 96505, 8907, 48576, 40545
12327.5, 1500, -4529, -833, 8333, 96505, 8907, 48576, 40533
12331.3, 1547, -4529, -833, 8333, 96505, 8907, 48576, 40545
12335.5, 789, -4899, -1025, 7313, 98797, 7542, 45754, 40545
12339.3, 2438, -4899, -1025, 7313, 98797, 7542, 45754, 40516
12343.5, 2972, -4581, -695, 7219, 97275, 9034, 41825, 40516
12347.3, 1701, -4581, -695, 7219, 97275, 9034, 41825, 40543
12351.0, 760, -4581, -695, 7219, 97275, 9034, 41825, 40543
12355.3, 1242, -3887, -255, 7739, 96037, 14494, 35704, 40543
12359.0, 2569, -3887, -255, 7739, 96037, 14494, 35704, 40350
12363.2, 2398, -3901, 531, 8367, 96185, 13440, 31907, 40350
12366.9, 299, -3901, 531, 8367, 96185, 13440, 31907, 40353
12370.6, 110, -3901, 531, 8367, 96185, 13440, 31907, 40347
12374.9, 1934, -4176, 728, 8702, 99082, 12293, 34143, 40347
12378.6, 3108, -4176, 728, 8702, 99082, 12293, 34143, 40275
12382.8, 1181, -3945, 339, 8873, 95892, 16178, 36772, 40275
12386.6, 856, -3945, 339, 8873, 95892, 16178, 36772, 40362
12388.8, 1567, -3945, 339, 8873, 95892, 16178, 36772, 40362
12394.6, 2641, -3528, 418, 8836, 94059, 13225, 33819, 40320
12398.3, 1433, -3528, 418, 8836, 94059, 13225, 33819, 40306
12404.0, 1086, -3576, 1161, 8707, 91994, 4655, 31071, 40323
12406.2, 957, -3576, 1161, 8707, 91994, 4655, 31071, 40323
12408.5, 1032, -3576, 1161, 8707, 91994, 4655, 31071, 40323
12414.2, 950, -3757, 1519, 7596, 89128, -21, 33985, 40285
12416.5, 925, -3757, 1519, 7596, 89128, -21, 33985, 40285
12420.7, 2541, -3757, 1777, 7360, 87348, 183, 38509, 40285
12424.5, 531, -3757, 1777, 7360, 87348, 183, 38509, 40284
12426.7, 42, -3757, 1777, 7360, 87348, 183, 38509, 40284
12431.0, 1962, -4274, 1778, 7677, 84933, 7091, 39992, 40284
12434.7, 3205, -4274, 1778, 7677, 84933, 7091, 39992, 40279
12437.0, 2884, -4274, 1778, 7677, 84933, 7091, 39992, 40279
12442.7, 1174, -4641, 1468, 8320, 88271, 12018, 36737, 40261
12446.4, 684, -4641, 1468, 8320, 88271, 12018, 36737, 40247
12450.7, 805, -4785, 1204, 7734, 90585, 12902, 31815, 40247
12454.4, 2399, -4785, 1204, 7734, 90585, 12902, 31815, 40231
12456.7, 3111, -4785, 1204, 7734, 90585, 12902, 31815, 40231
12460.9, 1342, -4694, 1113, 7736, 89618, 10972, 27134, 40231
12464.7, 720, -4694, 1113, 7736, 89618, 10972, 27134, 40226
12468.9, 2616, -4694, 1113, 7736, 89618, 10972, 24710, 40226
12472.6, 649, -4694, 1113, 7736, 89618, 10972, 24710, 40204
12476.4, 2068, -4694, 1113, 7736, 89618, 10972, 24710, 40188
12480.6, 2489, -4003, 2290, 8106, 85987, -1570, 24605, 40188
12484.4, 1144, -4003, 2290, 8106, 85987, -1570, 24605, 40183
12488.6, 1732, -4003, 2290, 8106, 85987, -1570, 25974, 40183
12492.3, 1452, -4003, 2290, 8106, 85987, -1570, 25974, 40182
12496.1, 867, -4003, 2290, 8106, 85987, -1570, 25974, 40179
12500.3, 1968, -3739, 2688, 7232, 84714, -577, 28022, 40179
12504.0, 1185, -3739, 2688, 7232, 84714, -577, 28022, 40174
12508.2, 1881, -3739, 2688, 7232, 84714, -577, 28022, 40174
12512.0, 2965, -3739, 2688, 7232, 84714, -577, 28022, 40159
12515.7, 1617, -3739, 2688, 7232, 84714, -577, 28022, 40157
12520.0, 1531, -3723, 3154, 7706, 79696, 6260, 28525, 40157
12523.7, 902, -3723, 3154, 7706, 79696, 6260, 28525, 40157
12527.9, 308, -3723, 3154, 7706, 79696, 6260, 28525, 40157
12531.6, 2814, -3723, 3154, 7706, 79696, 6260, 28525, 40157
12533.9, 2021, -3723, 3154, 7706, 79696, 6260, 28525, 40157
12539.6, 2605, -4842, 3036, 7852, 79005, 6063, 31592, 40129
12543.3, 2242, -4842, 3036, 7852, 79005, 6063, 31592, 40142
12549.0, 1198, -5502, 2849, 8438, 82741, 6588, 30314, 40129
12552.8, 1371, -5502, 2849, 8438, 82741, 6588, 30314, 40053
12558.5, 1267, -5502, 2849, 7053, 76953, 2069, 25327, 40141
12562.2, 2595, -5502, 2849, 7053, 76953, 2069, 25327, 40093
12568.0, 1715, -4902, 2709, 7053, 76953, 2069, 25327, 40076
12571.7, 1759, -4902, 2709, 7053, 76953, 2069, 25327, 40111
12576.0, 1709, -4405, 3279, 7384, 77556, -4243, 19075, 40111
12579.7, 548, -4405, 3279, 7384, 77556, -4243, 19075, 40064
12582.0, 746, -4405, 3279, 7384, 77556, -4243, 19075, 40064
12587.7, 2597, -4257, 3759, 7677, 78418, -5923, 16660, 40065
12591.4, 1209, -4257, 3759, 7677, 78418, -5923, 16660, 40054
12595.7, 763, -4217, 3952, 6611, 76756, -9397, 17189, 40054
12599.4, 3108, -4217, 3952, 6611, 76756, -9397, 17189, 40042
12601.7, 2045, -4217, 3952, 6611, 76756, -9397, 17189, 40042
12605.9, 1157, -4021, 4172, 6192, 75881, -9533, 19014, 40042
12609.6, 960, -4021, 4172, 6192, 75881, -9533, 19014, 40033
12611.9, 1420, -4021, 4172, 6192, 75881, -9533, 19014, 40033
12617.6, 2180, -4206, 4499, 7341, 72241, -3014, 18825, 40062
12621.3, 1429, -4206, 4499, 7341, 72241, -3014, 18825, 40096
12625.6, 547, -3992, 4230, 7491, 70359, 1260, 17299, 40096
12629.4, 1083, -3992, 4230, 7491, 70359, 1260, 17299, 40058
12631.7, 1759, -3992, 4230, 7491, 70359, 1260, 17299, 40058
12635.9, 2696, -4463, 4461, 7846, 71024, 249, 15750, 40058
12639.6, 2076, -4463, 4461, 7846, 71024, 249, 15750, 40046
12643.8, 1412, -4417, 4271, 7354, 67669, 1955, 14135, 40046
12647.6, 1662, -4417, 4271, 7354, 67669, 1955, 14135, 40052
12651.3, 244, -4417, 4271, 7354, 67669, 1955, 14135, 40079
12655.5, 2748, -4116, 4146, 7701, 63714, -3911, 10963, 40079
12659.3, 2448, -4116, 4146, 7701, 63714, -3911, 10963, 40073
12663.5, 1272, -4008, 4798, 7077, 65254, -12543, 9695, 40073
12667.2, 1167, -4008, 4798, 7077, 65254, -12543, 9695, 40090
12671.0, 1425, -4008, 4798, 7077, 65254, -12543, 9695, 40085
12675.3, 2764, -3790, 4796, 6004, 64370, -9502, 11278, 40085
12679.0, 2310, -3790, 4796, 6004, 64370, -9502, 11278, 40054
12683.3, 2247, -3671, 4779, 6187, 59115, -4458, 10972, 40054
12687.0, 1084, -3671, 4779, 6187, 59115, -4458, 10972, 40106
12690.7, 1273, -3671, 4779, 6187, 59115, -4458, 10972, 40095
12695.0, 1616, -3661, 5115, 6582, 57357, -3045, 9931, 40095
12698.7, 635, -3661, 5115, 6582, 57357, -3045, 9931, 40089
12702.9, 1744, -3721, 5220, 6693, 54032, -341, 10942, 40089
12706.7, 2446, -3721, 5220, 6693, 54032, -341, 10942, 40103
12709.0, 1976, -3721, 5220, 6693, 54032, -341, 10942, 40103
12714.7, 1348, -3858, 5181, 6713, 49101, -848, 11191, 40101
12718.5, 2625, -3858, 5181, 6713, 49101, -848, 11191, 40159
12722.7, 1624, -3633, 5268, 6529, 46463, -783, 10771, 40159
12726.4, 912, -3633, 5268, 6529, 46463, -783, 10771, 40152
12728.7, 391, -3633, 5268, 6529, 46463, -783, 10771, 40152
12734.5, 2799, -4098, 5027, 7060, 46607, 511, 10683, 40128
12736.7, 2292, -4098, 5027, 7060, 46607, 511, 10683, 40128
12741.0, 1220, -4268, 5004, 6766, 43492, 870, 11362, 40128
12744.7, 1817, -4268, 5004, 6766, 43492, 870, 11362, 40143
12747.0, 1442, -4268, 5004, 6766, 43492, 870, 11362, 40143
12752.7, 1723, -3949, 4890, 5790, 35337, -1041, 8640, 40135
12756.4, 2037, -3949, 4890, 5790, 35337, -1041, 8640, 40160
12760.7, 1823, -3640, 5598, 6851, 34287, -1903, 4803, 40160
12764.4, 1350, -3640, 5598, 6851, 34287, -1903, 4803, 40133
12766.7, 630, -3640, 5598, 6851, 34287, -1903, 4803, 40133
12770.9, 704, -3385, 5839, 6156, 31106, -2025, 3631, 40133
12774.6, 1653, -3385, 5839, 6156, 31106, -2025, 3631, 40194
12776.9, 2263, -3385, 5839, 6156, 31106, -2025, 3631, 40194
12782.6, 1632, -3516, 5775, 6278, 28363, -835, 5726, 40198
12786.3, 1060, -3516, 5775, 6278, 28363, -835, 5726, 40218
12790.6, 979, -3531, 5991, 6266, 24714, 564, 7918, 40218
12794.3, 2519, -3531, 5991, 6266, 24714, 564, 7918, 40263
12796.6, 2118, -3531, 5991, 6266, 24714, 564, 7918, 40263
12800.9, 947, -3448, 5675, 6241, 20733, 2012, 8579, 40263
12804.6, 1151, -3448, 5675, 6241, 20733, 2012, 8579, 40230
12808.8, 1676, -3815, 5418, 6594, 19950, 2633, 8281, 40230
12812.6, 2148, -3815, 5418, 6594, 19950, 2633, 8281, 40234
12816.3, 2383, -3815, 5418, 6594, 19950, 2633, 8281, 40240
12820.6, 2070, -4113, 5309, 6160, 16419, 437, 6405, 40240
12824.3, 741, -4113, 5309, 6160, 16419, 437, 6405, 40232
12828.6, 1172, -4135, 5508, 6227, 14678, -2869, 5495, 40232
12832.3, 2247, -4135, 5508, 6227, 14678, -2869, 5495, 40266
12836.1, 1617, -4135, 5508, 6227, 14678, -2869, 5495, 40269
12840.3, 1149, -3996, 5720, 6284, 11593, -5215, 5608, 40269
12844.1, 2172, -3996, 5720, 6284, 11593, -5215, 5608, 40288
12848.3, 1745, -3658, 6025, 6378, 8968, -5355, 4488, 40288
12852.0, 1656, -3658, 6025, 6378, 8968, -5355, 4488, 40313
12855.8, 1524, -3658, 6025, 6378, 8968, -5355, 4488, 40281
12860.0, 1591, -3363, 5817, 6138, 6711, -3740, 2257, 40281
12863.7, 1285, -3363, 5817, 6138, 6711, -3740, 2257, 40330
12867.9, 1447, -3930, 5828, 6209, 4650, -1601, 1316, 40330
12871.7, 2528, -3930, 5828, 6209, 4650, -1601, 1316, 40355
12874.0, 1896, -3930, 5828, 6209, 4650, -1601, 1316, 40355
12879.7, 1289, -4186, 5752, 6235, -638, -3605, 866, 40369
12883.5, 528, -4186, 5752, 6235, -638, -3605, 866, 40381
12887.7, 1660, -4379, 5901, 6441, -1522, -5425, -1277, 40381
12891.5, 2828, -4379, 5901, 6441, -1522, -5425, -1277, 40409
12893.8, 1645, -4379, 5901, 6441, -1522, -5425, -1277, 40409
12899.5, 1794, -4121, 5821, 6507, -4405, -6243, -2148, 40424
12901.8, 1848, -4121, 5821, 6507, -4405, -6243, -2148, 40424
12907.5, 1825, -3825, 5634, 6371, -6496, -7153, -1518, 40432
12911.2, 1154, -3825, 5634, 6371, -6496, -7153, -1518, 40448
12915.5, 1553, -3863, 5603, 6285, -9353, -6667, -3758, 40448
12919.2, 1613, -3863, 5603, 6285, -9353, -6667, -3758, 40592
12921.5, 1285, -3863, 5603, 6285, -9353, -6667, -3758, 40592
12925.7, 1447, -3821, 5855, 6215, -11519, -4869, -5971, 40592
12929.4, 1548, -3821, 5855, 6215, -11519, -4869, -5971, 40580
12931.7, 1651, -3821, 5855, 6215, -11519, -4869, -5971, 40580
12935.9, 2285, -3613, 5842, 6077, -15019, -4746, -6908, 40580
12939.6, 1744, -3613, 5842, 6077, -15019, -4746, -6908, 40583
12941.9, 1035, -3613, 5842, 6077, -15019, -4746, -6908, 40583
12947.6, 1455, -3381, 6001, 6297, -17819, -3871, -8505, 40590
12951.3, 1322, -3381, 6001, 6297, -17819, -3871, -8505, 40586
12955.6, 1872, -3611, 5901, 6761, -19469, -2441, -9962, 40586
12959.4, 1217, -3611, 5901, 6761, -19469, -2441, -9962, 40579
12963.6, 1659, -3869, 5636, 6664, -21744, -2935, -10233, 40579
12967.4, 2149, -3869, 5636, 6664, -21744, -2935, -10233, 40589
12971.1, 1756, -3869, 5636, 6664, -21744, -2935, -10233, 40595
12975.4, 1447, -3833, 5422, 6354, -23507, -3587, -10058, 40595
12979.1, 1673, -3833, 5422, 6354, -23507, -3587, -10058, 40599
12983.3, 1862, -3728, 5520, 6454, -26184, -4462, -11191, 40599
12987.0, 1582, -3728, 5520, 6454, -26184, -4462, -11191, 40606
12990.7, 1474, -3728, 5520, 6454, -26184, -4462, -11191, 40629
12995.0, 1884, -3690, 5688, 6501, -27033, -3373, -13037, 40629
12998.7, 1585, -3690, 5688, 6501, -27033, -3373, -13037, 40619
13002.9, 1532, -3537, 5687, 6595, -28306, -577, -13540, 40619
13006.7, 1640, -3537, 5687, 6595, -28306, -577, -13540, 40613
13009.0, 940, -3537, 5687, 6595, -28306, -577, -13540, 40613
13014.7, 1471, -3395, 5551, 6257, -30078, 1828, -14608, 40628
13018.5, 1869, -3395, 5551, 6257, -30078, 1828, -14608, 40634
13022.7, 1816, -3504, 5658, 6157, -34803, 4764, -16227, 40634
13026.4, 2044, -3504, 5658, 6157, -34803, 4764, -16227, 40642
13028.7, 1510, -3504, 5658, 6157, -34803, 4764, -16227, 40642
13034.5, 1323, -3664, 5690, 6239, -39270, 7669, -16012, 40580
13038.2, 1542, -3664, 5690, 6239, -39270, 7669, -16012, 40643
13043.9, 1506, -3926, 5455, 6872, -42070, 11292, -14481, 40645
13047.6, 1520, -3926, 5455, 6872, -42070, 11292, -14481, 40661
13053.3, 1984, -4012, 5306, 7124, -45299, 9528, -14328, 40659
13057.0, 1344, -4012, 5306, 7124, -45299, 9528, -14328, 40619
13062.8, 1793, -4012, 5306, 7183, -46642, 3027, -16117, 40620
13066.5, 2303, -4012, 5306, 7183, -46642, 3027, -16117, 40630
13070.8, 1256, -3951, 5128, 7183, -48887, -1732, -18690, 40630
13074.5, 1264, -3951, 5128, 7183, -48887, -1732, -18690, 40615
13076.8, 1431, -3951, 5128, 7183, -48887, -1732, -18690, 40615
13082.5, 1543, -3862, 5195, 6533, -52352, -3605, -20234, 40589
13086.3, 1422, -3862, 5195, 6533, -52352, -3605, -20234, 40599
13090.5, 1698, -3835, 5129, 6533, -54145, -4243, -20309, 40599
13094.2, 1188, -3835, 5129, 6533, -54145, -4243, -20309, 40611
13096.5, 1296, -3835, 5129, 6533, -54145, -4243, -20309, 40611
13100.8, 1693, -3873, 5118, 6269, -57663, -2148, -20326, 40611
13104.5, 1286, -3873, 5118, 6269, -57663, -2148, -20326, 40564
13106.7, 1235, -3873, 5118, 6269, -57663, -2148, -20326, 40564
13112.5, 1657, -4025, 4881, 6380, -62117, 2576, -21074, 40581
13116.3, 913, -4025, 4881, 6380, -62117, 2576, -21074, 40555
13120.5, 797, -4025, 4881, 7122, -65219, 6011, -22737, 40555
13124.3, 2076, -4025, 4881, 7122, -65219, 6011, -22737, 40552
13126.5, 2695, -4025, 4881, 7122, -65219, 6011, -22737, 40552
13130.8, 1831, -4028, 4396, 7738, -65577, 6129, -24478, 40552
13134.5, 1732, -4028, 4396, 7738, -65577, 6129, -24478, 40548
13138.7, 1726, -4028, 4396, 7738, -65577, 6129, -24478, 40548
13142.5, 1686, -4028, 4396, 7738, -65577, 6129, -24478, 40536
13146.3, 1823, -4028, 4396, 7738, -65577, 6129, -24478, 40526
13150.5, 1318, -4270, 4062, 7505, -66658, -5923, -29802, 40526
13154.3, 1789, -4270, 4062, 7505, -66658, -5923, -29802, 40481
13158.5, 1599, -4270, 4062, 7505, -66658, -5923, -29802, 40481
13162.2, 1312, -4270, 4062, 7505, -66658, -5923, -29802, 40511
13166.0, 1346, -4270, 4062, 7505, -66658, -5923, -29802, 40486
13170.3, 1815, -4109, 4152, 6911, -68854, -10718, -32629, 40486
13174.0, 1471, -4109, 4152, 6911, -68854, -10718, -32629, 40484
13178.3, 2011, -4109, 4152, 6911, -68854, -10718, -32629, 40484
13182.0, 1477, -4109, 4152, 6911, -68854, -10718, -32629, 40461
13185.7, 1219, -4109, 4152, 6911, -68854, -10718, -32629, 40450
13190.0, 1649, -3687, 4184, 6916, -74809, -126, -33246, 40450
13193.7, 2259, -3687, 4184, 6916, -74809, -126, -33246, 40402
13197.9, 1724, -3687, 4184, 6916, -74809, -126, -33246, 40402
13201.7, 1447, -3687, 4184, 6916, -74809, -126, -33246, 40426
13204.0, 1047, -3687, 4184, 6916, -74809, -126, -33246, 40426
13209.8, 1696, -4256, 3261, 7831, -77469, 8163, -30017, 40413
13213.5, 2031, -4256, 3261, 7831, -77469, 8163, -30017, 40404
13217.8, 2348, -4256, 3261, 7831, -77469, 8163, -30017, 40404
13221.5, 1611, -4256, 3261, 7831, -77469, 8163, -30017, 40391
13225.7, 1416, -4439, 2873, 7834, -79648, 2205, -30949, 40391
13229.4, 1722, -4439, 2873, 7834, -79648, 2205, -30949, 40393
13231.7, 1421, -4439, 2873, 7834, -79648, 2205, -30949, 40393
13235.9, 1837, -4526, 3023, 8212, -79438, -3920, -34488, 40393
13239.6, 1397, -4526, 3023, 8212, -79438, -3920, -34488, 40313
13241.9, 1155, -4526, 3023, 8212, -79438, -3920, -34488, 40313
13247.6, 1451, -4427, 3284, 7689, -79696, -7691, -39126, 40350
13251.3, 2395, -4427, 3284, 7689, -79696, -7691, -39126, 40349
13255.6, 2017, -3870, 3513, 6328, -82645, -12359, -42670, 40349
13259.4, 994, -3870, 3513, 6328, -82645, -12359, -42670, 40338
13261.7, 1032, -3870, 3513, 6328, -82645, -12359, -42670, 40338
13265.9, 1485, -3495, 3882, 6653, -85230, -11095, -42057, 40338
13269.6, 1145, -3495, 3882, 6653, -85230, -11095, -42057, 40296
13271.9, 1591, -3495, 3882, 6653, -85230, -11095, -42057, 40296
13277.6, 2097, -4096, 3440, 7661, -86245, -2664, -37804, 40312
13281.3, 1655, -4096, 3440, 7661, -86245, -2664, -37804, 40314
13285.6, 1504, -4648, 2514, 8036, -87768, 8592, -32642, 40314
13289.4, 1938, -4648, 2514, 8036, -87768, 8592, -32642, 40301
13293.6, 1683, -4589, 1079, 8143, -90222, 7936, -32318, 40301
13297.3, 1896, -4589, 1079, 8143, -90222, 7936, -32318, 40325
13301.1, 1544, -4589, 1079, 8143, -90222, 7936, -32318, 40281
13305.3, 993, -4283, 1110, 8190, -92716, -2926, -36339, 40281
13309.1, 1540, -4283, 1110, 8190, -92716, -2926, -36339, 40278
13313.3, 2473, -4067, 1679, 7517, -95555, -11624, -41952, 40278
13317.0, 1629, -4067, 1679, 7517, -95555, -11624, -41952, 40276
13320.8, 1807, -4067, 1679, 7517, -95555, -11624, -41952, 40257
13325.0, 1995, -4105, 2553, 7815, -96461, -14503, -45465, 40257
13328.7, 1032, -4105, 2553, 7815, -96461, -14503, -45465, 40265
13332.9, 1596, -3917, 2645, 7295, -97852, -13580, -45723, 40265
13336.6, 2057, -3917, 2645, 7295, -97852, -13580, -45723, 40267
13338.9, 1528, -3917, 2645, 7295, -97852, -13580, -45723, 40267
13344.7, 1837, -4430, 2064, 8062, -95652, -9983, -42801, 40210
13348.4, 1606, -4430, 2064, 8062, -95652, -9983, -42801, 40280
13354.1, 2308, -5233, 764, 8196, -92808, -3775, -36921, 40244
13357.8, 1460, -5233, 764, 8196, -92808, -3775, -36921, 40281
13363.5, 1116, -5185, -650, 7764, -96452, -2624, -35026, 40271
13367.3, 1673, -5185, -650, 7764, -96452, -2624, -35026, 40280
13373.0, 1553, -4330, -818, 8520, -95057, -10202, -41204, 40232
13376.7, 1371, -4330, -818, 8520, -95057, -10202, -41204, 40268
13382.5, 1657, -3800, 174, 8737, -95722, -10767, -48025, 40209
13386.2, 1098, -3800, 174, 8737, -95722, -10767, -48025, 40251
13388.5, 1124, -3800, 174, 8737, -95722, -10767, -48025, 40251
13394.2, 2712, -3507, 767, 7992, -99537, -10277, -51004, 40252
13396.5, 1984, -3507, 767, 7992, -99537, -10277, -51004, 40252
13400.8, 1377, -3440, 1369, 8450, -102328, -11716, -48305, 40252
13404.5, 1698, -3440, 1369, 8450, -102328, -11716, -48305, 40237
13406.8, 1506, -3440, 1369, 8450, -102328, -11716, -48305, 40237
13412.5, 1076, -3970, 1184, 8532, -102521, -13510, -42197, 40235
13416.3, 1183, -3970, 1184, 8532, -102521, -13510, -42197, 40236
13420.5, 2019, -5029, 115, 8905, -98679, -12945, -34974, 40236
13424.3, 1843, -5029, 115, 8905, -98679, -12945, -34974, 40253
13426.5, 976, -5029, 115, 8905, -98679, -12945, -34974, 40253
13430.8, 1444, -5221, -1427, 8079, -99104, -8155, -33653, 40253
13434.6, 2011, -5221, -1427, 8079, -99104, -8155, -33653, 40256
13438.8, 1364, -5167, -2105, 7250, -102389, -6654, -42276, 40256
13442.6, 1961, -5167, -2105, 7250, -102389, -6654, -42276, 40299
13446.3, 1830, -5167, -2105, 7250, -102389, -6654, -42276, 40275
13450.6, 1404, -5133, -1235, 7920, -101462, -6925, -50702, 40275
13454.4, 1244, -5133, -1235, 7920, -101462, -6925, -50702, 40281
13458.6, 1364, -4353, -786, 8184, -104271, -5761, -53222, 40281
13462.3, 1682, -4353, -786, 8184, -104271, -5761, -53222, 40292
13466.1, 1569, -4353, -786, 8184, -104271, -5761, -53222, 40306
13470.4, 1744, -3765, -375, 8530, -105277, -8054, -52142, 40306
13474.1, 1612, -3765, -375, 8530, -105277, -8054, -52142, 40311
13478.3, 1621, -3430, -126, 8075, -109350, -8124, -49683, 40311
13482.0, 1993, -3430, -126, 8075, -109350, -8124, -49683, 40319
13485.7, 1877, -3430, -126, 8075, -109350, -8124, -49683, 40336
13490.0, 1638, -3500, -183, 8502, -114548, -6536, -48532, 40336
13493.7, 1400, -3500, -183, 8502, -114548, -6536, -48532, 40361
13497.9, 1655, -4455, -650, 9517, -112938, -8395, -48261, 40361
13501.7, 1762, -4455, -650, 9517, -112938, -8395, -48261, 40343
13504.0, 1561, -4455, -650, 9517, -112938, -8395, -48261, 40343
13509.8, 967, -5456, -1728, 9114, -106953, -10749, -44940, 40360
13513.5, 1267, -5456, -1728, 9114, -106953, -10749, -44940, 40382
13517.7, 1405, -5640, -3719, 8536, -99804, -12407, -43737, 40382
13521.5, 1371, -5640, -3719, 8536, -99804, -12407, -43737, 40372
13523.8, 1689, -5640, -3719, 8536, -99804, -12407, -43737, 40372
13529.6, 2265, -4614, -4011, 8624, -96015, -17412, -51822, 40388
13533.3, 1691, -4614, -4011, 8624, -96015, -17412, -51822, 40394
13539.4, 1572, -3479, -3599, 7069, -96929, -19416, -65402, 40404
13541.6, 1224, -3479, -3599, 7069, -96929, -19416, -65402, 40404
13545.9, 1400, -3288, -2125, 7330, -98574, -17977, -68461, 40404
13549.7, 1523, -3288, -2125, 7330, -98574, -17977, -68461, 40408
13552.0, 1198, -3288, -2125, 7330, -98574, -17977, -68461, 40408
13557.7, 1667, -3265, -1344, 7470, -104498, -11698, -57379, 40455
13561.4, 1757, -3265, -1344, 7470, -104498, -11698, -57379, 40443
13565.6, 1290, -3507, -1447, 8531, -109324, -7420, -43059, 40443
13569.3, 1569, -3507, -1447, 8531, -109324, -7420, -43059, 40432
13571.6, 2419, -3507, -1447, 8531, -109324, -7420, -43059, 40432
13575.8, 1630, -4161, -2558, 9182, -109123, -6269, -35337, 40432
13579.5, 739, -4161, -2558, 9182, -109123, -6269, -35337, 40441
13581.8, 979, -4161, -2558, 9182, -109123, -6269, -35337, 40441
13586.0, 2660, -4939, -4393, 10164, -102490, -2629, -35613, 40441
13589.7, 1643, -4939, -4393, 10164, -102490, -2629, -35613, 40455
13592.0, 555, -4939, -4393, 10164, -102490, -2629, -35613, 40455
13597.7, 1162, -5063, -6013, 9801, -96461, -3718, -42858, 40458
13601.4, 2203, -5063, -6013, 9801, -96461, -3718, -42858, 40430
13605.7, 2159, -4482, -6389, 8292, -97249, -11169, -55664, 40430
13609.4, 1672, -4482, -6389, 8292, -97249, -11169, -55664, 40475
13613.6, 1524, -3677, -4861, 8215, -97520, -16984, -66116, 40475
13617.3, 1881, -3677, -4861, 8215, -97520, -16984, -66116, 40489
13621.0, 1751, -3677, -4861, 8215, -97520, -16984, -66116, 40499
13625.3, 1605, -2922, -3276, 7377, -98929, -21958, -66439, 40499
13629.0, 1225, -2922, -3276, 7377, -98929, -21958, -66439, 40505
13633.3, 1273, -2761, -2449, 6838, -99703, -23546, -54793, 40505
13637.0, 1201, -2761, -2449, 6838, -99703, -23546, -54793, 40513
13640.8, 1648, -2761, -2449, 6838, -99703, -23546, -54793, 40545
13645.0, 1650, -3069, -2914, 7700, -98876, -13081, -39765, 40545
13648.8, 2030, -3069, -2914, 7700, -98876, -13081, -39765, 40540
13653.0, 1886, -3579, -4200, 7691, -102201, -1544, -34116, 40540
13656.7, 1862, -3579, -4200, 7691, -102201, -1544, -34116, 40555
13659.0, 1360, -3579, -4200, 7691, -102201, -1544, -34116, 40555
13664.7, 1342, -4266, -5379, 8651, -102455, 3237, -39205, 40561
13668.5, 1217, -4266, -5379, 8651, -102455, 3237, -39205, 40562
13672.7, 1408, -5026, -6189, 9580, -94921, 3530, -47285, 40562
13676.5, 1708, -5026, -6189, 9580, -94921, 3530, -47285, 40577
13678.8, 1930, -5026, -6189, 9580, -94921, 3530, -47285, 40577
13684.5, 2111, -4785, -6787, 8075, -94978, 174, -54172, 40534
13688.2, 1831, -4785, -6787, 8075, -94978, 174, -54172, 40560
13694.0, 1189, -3880, -6153, 8024, -94112, -9563, -60454, 40554
13697.7, 1343, -3880, -6153, 8024, -94112, -9563, -60454, 40546
13703.4, 2154, -3880, -6153, 7484, -94330, -21647, -62055, 40537
13707.2, 1875, -3880, -6153, 7484, -94330, -21647, -62055, 40539
13712.9, 1738, -3230, -4759, 7484, -96693, -22667, -56639, 40548
13716.6, 1319, -3230, -4759, 7484, -96693, -22667, -56639, 40537
13720.9, 1139, -2893, -4051, 7424, -96693, -22667, -48292, 40537
13724.7, 1661, -2893, -4051, 7424, -96693, -22667, -48292, 40547
13727.0, 1741, -2893, -4051, 7424, -96693, -22667, -48292, 40547
13732.7, 1988, -2868, -4212, 7277, -100814, -9708, -43247, 40550
13736.4, 1555, -2868, -4212, 7277, -100814, -9708, -43247, 40540
13740.7, 1561, -3382, -5010, 8361, -100814, -2485, -41952, 40540
13744.4, 1532, -3382, -5010, 8361, -100814, -2485, -41952, 40552
13746.7, 1589, -3382, -5010, 8361, -100814, -2485, -41952, 40552
13750.9, 2084, -3675, -6181, 8325, -100031, -1036, -46375, 40552
13754.7, 1242, -3675, -6181, 8325, -100031, -1036, -46375, 40549
13758.9, 1325, -3701, -7061, 7393, -100031, -1036, -46375, 40549
13762.6, 1887, -3701, -7061, 7393, -100031, -1036, -46375, 40548
13766.4, 2089, -3701, -7061, 7393, -100031, -1036, -46375, 40556
13770.6, 945, -3696, -6885, 7699, -86132, -11585, -53813, 40556
13774.4, 909, -3696, -6885, 7699, -86132, -11585, -53813, 40554
13778.6, 2342, -3495, -6578, 7115, -86132, -11585, -53813, 40554
13782.3, 2311, -3495, -6578, 7115, -86132, -11585, -53813, 40554
13786.1, 1414, -3495, -6578, 7115, -86132, -11585, -53813, 40578
13790.3, 1626, -2950, -6692, 6395, -86740, -14083, -45995, 40578
13794.0, 1998, -2950, -6692, 6395, -86740, -14083, -45995, 40558
13798.3, 2244, -2590, -6452, 7310, -86740, -14083, -45995, 40558
13802.0, 1537, -2590, -6452, 7310, -86740, -14083, -45995, 40570
13805.7, 1406, -2590, -6452, 7310, -86740, -14083, -45995, 40576
13810.0, 1508, -2659, -6751, 7264, -89089, -12482, -37367, 40576
13813.7, 1376, -2659, -6751, 7264, -89089, -12482, -37367, 40589
13818.0, 1636, -3060, -7406, 6274, -89089, -12482, -37367, 40589
13821.7, 1974, -3060, -7406, 6274, -89089, -12482, -37367, 40598
13824.0, 1755, -3060, -7406, 6274, -89089, -12482, -37367, 40598
13829.8, 1608, -3305, -7401, 7168, -90800, -10832, -35949, 40625
13833.6, 1380, -3305, -7401, 7168, -90800, -10832, -35949, 40616
13837.8, 1652, -3304, -7129, 7939, -90800, -10832, -35949, 40616
13841.5, 1277, -3304, -7129, 7939, -90800, -10832, -35949, 40619
13843.8, 932, -3304, -7129, 7939, -90800, -10832, -35949, 40619
13849.6, 2090, -3377, -6713, 7624, -93180, -10609, -45903, 40624
13853.3, 1879, -3377, -6713, 7624, -93180, -10609, -45903, 40632
13859.0, 2237, -3260, -6586, 7473, -93180, -10609, -45903, 40621
13861.2, 1508, -3260, -6586, 7473, -93180, -10609, -45903, 40621
13863.5, 1047, -3260, -6586, 7473, -93180, -10609, -45903, 40621
13869.3, 1036, -2878, -6921, 7088, -91710, -10202, -47561, 40552
13871.5, 955, -2878, -6921, 7088, -91710, -10202, -47561, 40552
13875.8, 2120, -2254, -7670, 5081, -88481, -12871, -44748, 40552
13879.5, 1878, -2254, -7670, 5081, -88481, -12871, -44748, 40629
13881.8, 1287, -2254, -7670, 5081, -88481, -12871, -44748, 40629
13886.0, 1538, -2027, -7731, 5056, -86845, -12280, -39607, 40629
13889.7, 1592, -2027, -7731, 5056, -86845, -12280, -39607, 40652
13892.0, 1364, -2027, -7731, 5056, -86845, -12280, -39607, 40652
13897.7, 1710, -2058, -7632, 5845, -84889, -8925, -34860, 40680
13901.4, 1786, -2058, -7632, 5845, -84889, -8925, -34860, 40716
13905.6, 1668, -2169, -7828, 5550, -85943, -5263, -32204, 40716
13909.4, 1328, -2169, -7828, 5550, -85943, -5263, -32204, 40726
13911.6, 1074, -2169, -7828, 5550, -85943, -5263, -32204, 40726
13915.9, 1522, -2522, -7866, 6325, -85278, -6553, -32117, 40726
13919.7, 1334, -2522, -7866, 6325, -85278, -6553, -32117, 40749
13923.9, 1354, -2689, -8002, 6360, -84985, -10583, -32931, 40749
13927.6, 1497, -2689, -8002, 6360, -84985, -10583, -32931, 40778
13931.4, 1773, -2689, -8002, 6360, -84985, -10583, -32931, 40804
13935.6, 2237, -2702, -8082, 6007, -88652, -12490, -33994, 40804
13939.4, 2343, -2702, -8082, 6007, -88652, -12490, -33994, 40828
13943.6, 1901, -2776, -8139, 6946, -90577, -13282, -34899, 40828
13947.3, 1826, -2776, -8139, 6946, -90577, -13282, -34899, 40860
13951.0, 1401, -2776, -8139, 6946, -90577, -13282, -34899, 40850
13955.3, 1448, -2622, -8419, 6672, -90927, -12202, -35359, 40850
13959.0, 2123, -2622, -8419, 6672, -90927, -12202, -35359, 40891
13963.2, 1296, -2296, -8793, 5614, -92095, -8754, -35678, 40891
13967.0, 1722, -2296, -8793, 5614, -92095, -8754, -35678, 40927
13970.7, 1915, -2296, -8793, 5614, -92095, -8754, -35678, 40947
13975.0, 1738, -2110, -8914, 5124, -89347, -8483, -35840, 40947
13978.7, 1716, -2110, -8914, 5124, -89347, -8483, -35840, 40959
13982.9, 1795, -1589, -8761, 3699, -89080, -10128, -35179, 40959
13986.6, 1820, -1589, -8761, 3699, -89080, -10128, -35179, 40974
13988.9, 1732, -1589, -8761, 3699, -89080, -10128, -35179, 40974
13994.6, 1663, -1301, -8593, 3404, -85405, -9489, -32974, 40975
13998.3, 1653, -1301, -8593, 3404, -85405, -9489, -32974, 40970
14004.0, 2109, -1103, -8775, 3423, -82561, -5626, -30804, 40987
14007.8, 1746, -1103, -8775, 3423, -82561, -5626, -30804, 41011
14013.5, 1691, -1300, -9180, 3333, -81857, 1137, -28967, 41034
14017.2, 1459, -1300, -9180, 3333, -81857, 1137, -28967, 41038
14022.9, 1724, -1485, -9755, 3948, -79118, 6772, -27816, 41005
14026.6, 1695, -1485, -9755, 3948, -79118, 6772, -27816, 41091
14030.9, 2296, -1816, -10155, 4653, -76581, 7756, -28306, 41091
14034.6, 1452, -1816, -10155, 4653, -76581, 7756, -28306, 41119
14036.9, 566, -1816, -10155, 4653, -76581, 7756, -28306, 41119
14042.6, 1988, -2012, -10151, 4651, -74940, 4108, -30564, 41144
14046.3, 1820, -2012, -10151, 4651, -74940, 4108, -30564, 41165
14050.6, 2356, -2013, -9951, 4722, -73531, 568, -32813, 41165
14054.3, 2388, -2013, -9951, 4722, -73531, 568, -32813, 41180
14056.6, 1450, -2013, -9951, 4722, -73531, 568, -32813, 41180
14060.8, 1777, -1712, -10009, 4983, -70727, -4501, -33666, 41180
14064.6, 1474, -1712, -10009, 4983, -70727, -4501, -33666, 40624
14066.8, 1224, -1712, -10009, 4983, -70727, -4501, -33666, 40624
14072.6, 2215, -1369, -10091, 3761, -69121, -8505, -32073, 41224
14076.3, 1380, -1369, -10091, 3761, -69121, -8505, -32073, 41274
14080.6, 1762, -1311, -9677, 2880, -67559, -10443, -30682, 41274
14084.4, 1736, -1311, -9677, 2880, -67559, -10443, -30682, 41292
14086.7, 950, -1311, -9677, 2880, -67559, -10443, -30682, 41292
14090.9, 2101, -1432, -9383, 3368, -62668, -11348, -30236, 41292
14094.6, 1475, -1432, -9383, 3368, -62668, -11348, -30236, 41365
14098.8, 1594, -1356, -9647, 2937, -61189, -7752, -28569, 41365
14102.6, 1592, -1356, -9647, 2937, -61189, -7752, -28569, 41384
14106.4, 1929, -1356, -9647, 2937, -61189, -7752, -28569, 41438
14110.6, 1892, -1456, -10019, 3183, -60721, -2681, -26005, 41438
14114.4, 2077, -1456, -10019, 3183, -60721, -2681, -26005, 41471
14118.6, 2070, -1520, -10131, 3963, -58748, -3185, -25454, 41471
14122.3, 1721, -1520, -10131, 3963, -58748, -3185, -25454, 41502
14126.1, 1282, -1520, -10131, 3963, -58748, -3185, -25454, 41592
14130.3, 2000, -1568, -9970, 3799, -58332, -4576, -26386, 41592
14134.1, 2403, -1568, -9970, 3799, -58332, -4576, -26386, 41635
14138.3, 1857, -1634, -9754, 3733, -58004, -4016, -26679, 41635
14142.0, 1658, -1634, -9754, 3733, -58004, -4016, -26679, 40804
14145.7, 1873, -1634, -9754, 3733, -58004, -4016, -26679, 41710
14150.0, 2123, -1420, -9838, 3781, -57208, -3443, -25957, 41710
14153.7, 1677, -1420, -9838, 3781, -57208, -3443, -25957, 41754
14157.9, 1841, -1210, -9678, 3171, -56420, -3500, -24299, 41754
14161.7, 1690, -1210, -9678, 3171, -56420, -3500, -24299, 41766
14164.0, 950, -1210, -9678, 3171, -56420, -3500, -24299, 41766
14169.8, 2068, -1296, -9656, 3143, -54382, -4318, -22496, 42336
14173.5, 1814, -1296, -9656, 3143, -54382, -4318, -22496, 42356
14177.7, 1758, -1328, -9545, 2962, -52592, -4847, -21026, 42356
14181.5, 1731, -1328, -9545, 2962, -52592, -4847, -21026, 42383
14183.8, 923, -1328, -9545, 2962, -52592, -4847, -21026, 42383
14189.5, 2145, -1335, -9540, 2772, -51708, -6168, -19797, 42405
14191.8, 1125, -1335, -9540, 2772, -51708, -6168, -19797, 42405
14197.5, 2089, -1299, -9464, 2958, -49849, -9113, -19289, 42437
14201.2, 1716, -1299, -9464, 2958, -49849, -9113, -19289, 42459
14205.5, 1936, -1103, -9477, 2589, -49923, -9428, -19193, 42459
14209.2, 1667, -1103, -9477, 2589, -49923, -9428, -19193, 42470
14211.5, 625, -1103, -9477, 2589, -49923, -9428, -19193, 42470
14215.7, 1619, -957, -9553, 2318, -50750, -6076, -18965, 42470
14219.4, 2032, -957, -9553, 2318, -50750, -6076, -18965, 42543
14221.7, 1194, -957, -9553, 2318, -50750, -6076, -18965, 42543
14226.0, 2164, -971, -9657, 2638, -50518, -2695, -18795, 42543
14229.7, 2258, -971, -9657, 2638, -50518, -2695, -18795, 42557
14232.0, 1295, -971, -9657, 2638, -50518, -2695, -18795, 42557
14237.7, 2025, -1020, -9895, 2895, -49608, -96, -17640, 42580
14241.5, 1880, -1020, -9895, 2895, -49608, -96, -17640, 42608
14245.7, 1595, -979, -10001, 2411, -48016, 2086, -15575, 42608
14249.4, 1619, -979, -10001, 2411, -48016, 2086, -15575, 42642
14253.6, 2043, -979, -10001, 2411, -46546, 770, -15439, 42642
14257.4, 2011, -979, -10001, 2411, -46546, 770, -15439, 42663
14261.1, 1769, -979, -10001, 2411, -46546, 770, -15439, 42685
14265.4, 1882, -1037, -9546, 2198, -45378, -2568, -16682, 42685
14269.1, 1714, -1037, -9546, 2198, -45378, -2568, -16682, 42712
14273.3, 1843, -1037, -9546, 2198, -44350, -2213, -15465, 42712
14277.0, 1778, -1037, -9546, 2198, -44350, -2213, -15465, 42738
14280.8, 1742, -1037, -9546, 2198, -44350, -2213, -15465, 42778
14285.0, 1760, -686, -10049, 1411, -44748, -686, -13120, 42778
14288.7, 1935, -686, -10049, 1411, -44748, -686, -13120, 42809
14292.9, 1951, -686, -10049, 1411, -42473, -2371, -12993, 42809
14296.7, 1309, -686, -10049, 1411, -42473, -2371, -12993, 42102
14299.0, 74, -686, -10049, 1411, -42473, -2371, -12993, 42102
14304.8, 2252, -830, -10083, 1749, -40963, -2065, -13615, 42897
14308.5, 2224, -830, -10083, 1749, -40963, -2065, -13615, 42917
14312.7, 1720, -830, -10083, 1749, -38220, 953, -13335, 42917
14316.5, 1827, -830, -10083, 1749, -38220, 953, -13335, 42954
14318.8, 472, -830, -10083, 1749, -38220, 953, -13335, 42954
14324.6, 1757, -820, -10588, 1465, -34388, 494, -12818, 43024
14328.3, 1769, -820, -10588, 1465, -34388, 494, -12818, 43021
14334.0, 1629, -870, -10092, 756, -31159, -2835, -12779, 43056
14337.7, 1547, -870, -10092, 756, -31159, -2835, -12779, 43101
14343.5, 1812, -870, -10092, 756, -31159, -6444, -12556, 43108
14345.7, 811, -870, -10092, 756, -31159, -6444, -12556, 43108
14348.0, 841, -870, -10092, 756, -31159, -6444, -12556, 43108
14353.7, 1778, -1162, -9836, 1128, -26193, -9800, -10889, 43138
14355.9, 320, -1162, -9836, 1128, -26193, -9800, -10889, 43138
14358.2, 181, -1162, -9836, 1128, -26193, -9800, -10889, 43138
14363.9, 1705, -1280, -10033, 1582, -24207, -12153, -9086, 43218
14366.2, 490, -1280, -10033, 1582, -24207, -12153, -9086, 43218
14370.4, 2087, -1134, -10310, 1582, -24207, -12153, -9086, 43218
14374.2, 1682, -1134, -10310, 1582, -24207, -12153, -9086, 43251
14376.5, 415, -1134, -10310, 1582, -24207, -12153, -9086, 43251
14380.7, 1828, -872, -10361, 1639, -23122, -14612, -9100, 43251
14384.4, 1682, -872, -10361, 1639, -23122, -14612, -9100, 43309
14386.7, 496, -872, -10361, 1639, -23122, -14612, -9100, 43309
14390.9, 1677, -588, -10091, 1716, -21140, -17911, -10880, 43309
14394.6, 1643, -588, -10091, 1716, -21140, -17911, -10880, 42347
14396.9, 482, -588, -10091, 1716, -21140, -17911, -10880, 42347
14402.6, 1767, -255, -9791, 1455, -19819, -13164, -8176, 43339
14406.3, 1686, -255, -9791, 1455, -19819, -13164, -8176, 43401
14410.6, 1747, -195, -9897, 1234, -18707, -13164, -8176, 43401
14414.4, 1551, -195, -9897, 1234, -18707, -13164, -8176, 43315
14418.6, 1657, -334, -10082, 1348, -17202, -8233, -5411, 43315
14422.3, 1679, -334, -10082, 1348, -17202, -8233, -5411, 43428
14426.1, 1788, -334, -10082, 1348, -17202, -8233, -5411, 43443
14430.4, 1525, -536, -10159, 1445, -15855, -6216, -5368, 43443
14434.1, 1800, -536, -10159, 1445, -15855, -6216, -5368, 43480
14438.3, 1740, -625, -10021, 1439, -13943, -5547, -6317, 43480
14442.0, 1706, -625, -10021, 1439, -13943, -5547, -6317, 43513
14445.7, 1656, -625, -10021, 1439, -13943, -5547, -6317, 43542
14450.0, 1798, -711, -9984, 1476, -11650, -5079, -6251, 43542
14453.7, 1650, -711, -9984, 1476, -11650, -5079, -6251, 43566
14457.9, 1607, -539, -9995, 1395, -8701, -4970, -5250, 43566
14461.7, 1535, -539, -9995, 1395, -8701, -4970, -5250, 43592
14464.0, 69, -539, -9995, 1395, -8701, -4970, -5250, 43592
14469.8, 1641, -396, -10001, 600, -7625, -3250, -3045, 43613
14473.5, 1564, -396, -10001, 600, -7625, -3250, -3045, 43642
14477.7, 1487, -613, -10070, 734, -3762, 96, -770, 43642
14481.5, 1518, -613, -10070, 734, -3762, 96, -770, 43660
14483.8, 369, -613, -10070, 734, -3762, 96, -770, 43660
14489.6, 1621, -826, -10243, 1128, -2436, 3010, -21, 43677
14493.3, 1429, -826, -10243, 1128, -2436, 3010, -21, 43711
14499.0, 1493, -789, -10365, 1586, -699, 3088, -227, 43722
14502.8, 1356, -789, -10365, 1586, -699, 3088, -227, 43753
14508.5, 1662, -498, -10216, 1882, 2415, 402, 437, 43759
14510.7, 596, -498, -10216, 1882, 2415, 402, 437, 43759
14513.0, 382, -498, -10216, 1882, 2415, 402, 437, 43759
14518.7, 1474, -97, -9931, 1290, 3968, 424, 2226, 43788
14520.9, 494, -97, -9931, 1290, 3968, 424, 2226, 43788
14523.2, 869, -97, -9931, 1290, 3968, 424, 2226, 43788
14529.0, 1497, -58, -10068, 1140, 5722, 4388, 3206, 43846
14531.3, 206, -58, -10068, 1140, 5722, 4388, 3206, 43846
14535.5, 1459, -221, -10390, 1208, 9922, 9218, 3771, 43846
14539.2, 1455, -221, -10390, 1208, 9922, 9218, 3771, 43836
14541.5, 93, -221, -10390, 1208, 9922, 9218, 3771, 43836
14545.7, 1528, -492, -10567, 644, 14888, 13899, 5206, 43836
14549.4, 1888, -492, -10567, 644, 14888, 13899, 5206, 43848
14551.7, 1056, -492, -10567, 644, 14888, 13899, 5206, 43848
14555.9, 1854, -1064, -10549, 795, 21700, 14022, 5915, 43848
14559.6, 1399, -1064, -10549, 795, 21700, 14022, 5915, 43866
14561.9, 55, -1064, -10549, 795, 21700, 14022, 5915, 43866
14567.6, 1447, -1433, -10509, 1503, 26092, 8815, 4956, 43892
14571.3, 2241, -1433, -10509, 1503, 26092, 8815, 4956, 43907
14575.6, 1588, -1074, -10523, 1823, 28446, 3797, 5245, 43907
14579.4, 1303, -1074, -10523, 1823, 28446, 3797, 5245, 43925
14583.6, 1386, -512, -10453, 1854, 29903, 406, 7888, 43925
14587.3, 1998, -512, -10453, 1854, 29903, 406, 7888, 43938
14591.1, 1791, -512, -10453, 1854, 29903, 406, 7888, 43959
14595.3, 1252, -108, -10603, 1316, 33438, -30, 10294, 43959
14599.1, 1407, -108, -10603, 1316, 33438, -30, 10294, 43978
14603.3, 1867, -16, -10730, 662, 37901, 6667, 12569, 43978
14607.0, 1766, -16, -10730, 662, 37901, 6667, 12569, 43972
14610.7, 1308, -16, -10730, 662, 37901, 6667, 12569, 43980
14615.0, 1605, -634, -10837, 466, 43864, 14380, 14647, 43980
14618.7, 1562, -634, -10837, 466, 43864, 14380, 14647, 43994
14622.9, 1700, -1515, -10712, 1057, 53883, 16581, 17425, 43994
14626.7, 1836, -1515, -10712, 1057, 53883, 16581, 17425, 44034
14629.0, 419, -1515, -10712, 1057, 53883, 16581, 17425, 44034
14634.8, 1255, -2056, -10568, 2015, 60060, 8723, 20672, 43974
14638.5, 1330, -2056, -10568, 2015, 60060, 8723, 20672, 44038
14642.7, 1423, -1995, -10581, 2541, 70224, -3408, 22514, 44038
14646.5, 1451, -1995, -10581, 2541, 70224, -3408, 22514, 44069
14648.8, 600, -1995, -10581, 2541, 70224, -3408, 22514, 44069
14654.6, 1481, -1486, -10398, 3030, 76016, -10145, 23367, 44031
14658.3, 1383, -1486, -10398, 3030, 76016, -10145, 23367, 44063
14664.1, 1738, -644, -10392, 2593, 77395, -12521, 22282, 44061
14667.8, 1574, -644, -10392, 2593, 77395, -12521, 22282, 44074
14673.5, 1142, -407, -10275, 2480, 79048, -11480, 21656, 44082
14675.7, 298, -407, -10275, 2480, 79048, -11480, 21656, 44082
14678.0, 704, -407, -10275, 2480, 79048, -11480, 21656, 44082
14683.8, 1104, -943, -10075, 2093, 79775, -1373, 25830, 44091
14686.0, 60, -943, -10075, 2093, 79775, -1373, 25830, 44091
14690.3, 1609, -1594, -10146, 2765, 83511, 10027, 32515, 44091
14694.0, 2069, -1594, -10146, 2765, 83511, 10027, 32515, 44104
14696.3, 781, -1594, -10146, 2765, 83511, 10027, 32515, 44104
14700.5, 988, -1966, -9932, 3645, 86342, 12709, 37148, 44104
14704.2, 1036, -1966, -9932, 3645, 86342, 12709, 37148, 43562
14706.5, 420, -1966, -9932, 3645, 86342, 12709, 37148, 43562
14710.7, 2292, -2076, -9760, 3705, 88000, 6059, 37459, 43562
14714.4, 1884, -2076, -9760, 3705, 88000, 6059, 37459, 43522
14716.7, 400, -2076, -9760, 3705, 88000, 6059, 37459, 43522
14720.9, 1596, -1923, -9925, 3909, 96059, -1719, 36387, 43522
14724.6, 1544, -1923, -9925, 3909, 96059, -1719, 36387, 43504
14726.9, 100, -1923, -9925, 3909, 96059, -1719, 36387, 43504
14732.6, 1432, -1747, -9946, 3954, 101042, -2541, 38535, 43478
14736.3, 703, -1747, -9946, 3954, 101042, -2541, 38535, 43450
14740.6, 1318, -1646, -10268, 3846, 102971, -2655, 42993, 43450
14744.4, 2088, -1646, -10268, 3846, 102971, -2655, 42993, 43399
14748.6, 2148, -1597, -10118, 4251, 108055, -2856, 47408, 43399
14752.3, 1678, -1597, -10118, 4251, 108055, -2856, 47408, 43347
14756.1, 1061, -1597, -10118, 4251, 108055, -2856, 47408, 43328
14760.4, 1957, -1457, -10039, 4031, 109166, 1496, 50549, 43328
14764.1, 1480, -1457, -10039, 4031, 109166, 1496, 50549, 43264
14768.3, 1130, -1702, -9903, 4247, 111524, 6238, 51617, 43264
14772.0, 1027, -1702, -9903, 4247, 111524, 6238, 51617, 43202
14775.8, 1259, -1702, -9903, 4247, 111524, 6238, 51617, 43167
14780.0, 1553, -2020, -9672, 4938, 114933, 5967, 52675, 43167
14783.7, 1119, -2020, -9672, 4938, 114933, 5967, 52675, 43117
14787.9, 1237, -2229, -9693, 4853, 116035, 6256, 56381, 43117
14791.6, 594, -2229, -9693, 4853, 116035, 6256, 56381, 43063
14793.9, 114, -2229, -9693, 4853, 116035, 6256, 56381, 43063
14799.7, 2548, -2269, -9626, 5258, 118135, 5066, 60774, 42964
14803.4, 1861, -2269, -9626, 5258, 118135, 5066, 60774, 42944
14809.1, 743, -2361, -9466, 5459, 119596, 1260, 63302, 42869
14812.8, 1364, -2361, -9466, 5459, 119596, 1260, 63302, 42801
14818.5, 672, -2467, -9251, 5562, 121255, -568, 63429, 42722
14822.3, 778, -2467, -9251, 5562, 121255, -568, 63429, 42638
14828.0, 1240, -2505, -9020, 5823, 125853, -1351, 63508, 42557
14831.7, 1423, -2505, -9020, 5823, 125853, -1351, 63508, 42493
14837.4, 860, -2420, -8990, 5422, 125232, -3605, 63919, 42421
14841.1, 653, -2420, -8990, 5422, 125232, -3605, 63919, 42333
14843.4, 635, -2420, -8990, 5422, 125232, -3605, 63919, 42333
14849.2, 1511, -2651, -8471, 6155, 126505, -4943, 65560, 42299
14851.4, 722, -2651, -8471, 6155, 126505, -4943, 65560, 42299
14855.6, 551, -2796, -8265, 6132, 124532, -4541, 68872, 42299
14859.3, 1384, -2796, -8265, 6132, 124532, -4541, 68872, 42216
14861.6, 1143, -2796, -8265, 6132, 124532, -4541, 68872, 42216
14865.8, 646, -2860, -8184, 6722, 127717, -5267, 71479, 42216
14869.5, 1564, -2860, -8184, 6722, 127717, -5267, 71479, 42159
14871.8, 1734, -2860, -8184, 6722, 127717, -5267, 71479, 42159
14876.0, 1570, -2854, -8134, 6638, 126986, -3990, 72595, 42159
14879.7, 2103, -2854, -8134, 6638, 126986, -3990, 72595, 42122
14882.0, 1164, -2854, -8134, 6638, 126986, -3990, 72595, 42122
14887.7, 339, -2739, -8230, 6487, 127756, -349, 71633, 42043
14891.4, 853, -2739, -8230, 6487, 127756, -349, 71633, 41999
14895.7, 1859, -2715, -7847, 6803, 132490, 743, 70845, 41999
14899.4, 2590, -2715, -7847, 6803, 132490, 743, 70845, 41954
14901.7, 2049, -2715, -7847, 6803, 132490, 743, 70845, 41954
14906.0, 394, -2726, -7619, 6092, 132975, 1194, 71396, 41954
14909.7, 70, -2726, -7619, 6092, 132975, 1194, 71396, 43602
14914.0, 2247, -2726, -7619, 6092, 134043, 2511, 74713, 43602
14917.7, 2309, -2726, -7619, 6092, 134043, 2511, 74713, 41859
14921.8, 1534, -2726, -7619, 6092, 134043, 2511, 74713, 41760
14927.6, 1828, -3187, -6833, 6812, 132910, 4121, 78886, 41779
14931.3, 683, -3187, -6833, 6812, 132910, 4121, 78886, 41717
14935.6, 1420, -3561, -6726, 7239, 133986, 6790, 82198, 41717
14939.4, 1844, -3561, -6726, 7239, 133986, 6790, 82198, 41708
14943.6, 371, -3561, -6726, 7239, 134117, 8566, 83060, 41708
14947.3, 1450, -3561, -6726, 7239, 134117, 8566, 83060, 41657
14951.1, 1712, -3561, -6726, 7239, 134117, 8566, 83060, 41626
14955.4, 884, -3811, -6774, 7482, 136957, 12145, 81538, 41626
14959.1, 1142, -3811, -6774, 7482, 136957, 12145, 81538, 41599
14963.3, 2290, -3811, -6774, 7482, 136751, 14822, 78755, 41599
14967.0, 2891, -3811, -6774, 7482, 136751, 14822, 78755, 41543
14970.7, 2232, -3811, -6774, 7482, 136751, 14822, 78755, 41442
14975.0, 835, -3457, -6152, 8350, 134949, 10434, 75303, 41442
14978.8, 300, -3457, -6152, 8350, 134949, 10434, 75303, 41474
14983.0, 1752, -3457, -6152, 8350, 135596, 188, 74402, 41474
14986.8, 1571, -3457, -6152, 8350, 135596, 188, 74402, 41433
14989.1, 1643, -3457, -6152, 8350, 135596, 188, 74402, 41433
14994.8, 1788, -3506, -5239, 7052, 133947, -2003, 77604, 41385
14997.1, 1185, -3506, -5239, 7052, 133947, -2003, 77604, 41385
15002.8, 1687, -3692, -4864, 7052, 133947, -2003, 77604, 41354
15006.5, 1344, -3692, -4864, 7052, 133947, -2003, 77604, 41305
15010.7, 1231, -3686, -4767, 7647, 132534, 3596, 80444, 41305
15014.4, 1778, -3686, -4767, 7647, 132534, 3596, 80444, 41261
15016.7, 2505, -3686, -4767, 7647, 132534, 3596, 80444, 41261
15020.9, 975, -3796, -4913, 7807, 130915, 7113, 79884, 41261
15024.6, 1569, -3796, -4913, 7807, 130915, 7113, 79884, 41200
15026.9, 926, -3796, -4913, 7807, 130915, 7113, 79884, 41200
15032.6, 1270, -3824, -5069, 8153, 130175, 11187, 75268, 41097
15036.3, 1263, -3824, -5069, 8153, 130175, 11187, 75268, 41086
15040.6, 1620, -3866, -4747, 8834, 132862, 13116, 71843, 41086
15044.4, 1866, -3866, -4747, 8834, 132862, 13116, 71843, 41035
15046.6, 1609, -3866, -4747, 8834, 132862, 13116, 71843, 41035
15050.9, 2129, -3757, -4768, 7454, 130180, 10933, 71234, 41035
15054.6, 1333, -3757, -4768, 7454, 130180, 10933, 71234, 40993
15058.9, 2397, -4036, -4333, 8389, 128583, 9708, 72468, 40993
15062.6, 2595, -4036, -4333, 8389, 128583, 9708, 72468, 40975
15066.4, 1322, -4036, -4333, 8389, 128583, 9708, 72468, 40873
15070.6, 845, -4052, -3940, 8344, 127537, 10430, 74310, 40873
15074.4, 338, -4052, -3940, 8344, 127537, 10430, 74310, 40828
15078.6, 1487, -4303, -3696, 7918, 128307, 8098, 74905, 40828
15082.3, 1968, -4303, -3696, 7918, 128307, 8098, 74905, 40791
15086.1, 1863, -4303, -3696, 7918, 128307, 8098, 74905, 40746
15090.3, 2091, -4208, -3491, 7598, 126688, 6566, 72578, 40746
15094.1, 1298, -4208, -3491, 7598, 126688, 6566, 72578, 40728
15098.3, 75, -3817, -3101, 8091, 124400, 9003, 67209, 40728
15102.0, 1228, -3817, -3101, 8091, 124400, 9003, 67209, 40684
15105.8, 3179, -3817, -3101, 8091, 124400, 9003, 67209, 40616
15110.0, 3055, -3786, -2595, 8267, 121801, 10255, 61185, 40616
15113.7, 679, -3786, -2595, 8267, 121801, 10255, 61185, 40619
15117.9, 337, -4256, -2400, 9421, 123193, 14389, 60581, 40619
15121.7, 1369, -4256, -2400, 9421, 123193, 14389, 60581, 40587
15124.0, 1576, -4256, -2400, 9421, 123193, 14389, 60581, 40587
15129.8, 1213, -4321, -3312, 8428, 124934, 14039, 63526, 40545
15133.5, 827, -4321, -3312, 8428, 124934, 14039, 63526, 40515
15137.7, 1916, -4274, -3660, 7366, 124287, 2808, 63547, 40515
15141.5, 2292, -4274, -3660, 7366, 124287, 2808, 63547, 40496
15143.8, 1592, -4274, -3660, 7366, 124287, 2808, 63547, 40496
15149.5, 2497, -3839, -2984, 7431, 119645, 2196, 60367, 41779
15153.3, 1359, -3839, -2984, 7431, 119645, 2196, 60367, 40449
15159.0, 104, -3369, -2007, 8023, 115891, 5569, 56044, 40426
15161.3, 450, -3369, -2007, 8023, 115891, 5569, 56044, 40426
15163.5, 2176, -3369, -2007, 8023, 115891, 5569, 56044, 40426
15169.3, 2496, -3541, -1089, 8685, 118266, 5976, 56000, 40427
15171.5, 1941, -3541, -1089, 8685, 118266, 5976, 56000, 40427
15175.7, 1225, -3759, -1274, 8486, 117650, 11502, 59969, 40427
15179.4, 685, -3759, -1274, 8486, 117650, 11502, 59969, 40422
15181.7, 1296, -3759, -1274, 8486, 117650, 11502, 59969, 40422
15185.9, 2268, -3692, -1716, 8073, 114303, 14927, 60104, 40422
15189.6, 1909, -3692, -1716, 8073, 114303, 14927, 60104, 40388
15191.9, 2998, -3692, -1716, 8073, 114303, 14927, 60104, 40388
15197.6, 1475, -3816, -1518, 8707, 111564, 10517, 56399, 40346
15201.3, 120, -3816, -1518, 8707, 111564, 10517, 56399, 40386
15205.6, 1703, -4265, -1177, 8547, 109166, 5022, 54005, 40386
15209.3, 3236, -4265, -1177, 8547, 109166, 5022, 54005, 40385
15211.6, 2253, -4265, -1177, 8547, 109166, 5022, 54005, 40385
15215.8, 271, -4792, -1073, 7773, 109197, -2275, 53629, 40385
15219.6, 1444, -4792, -1073, 7773, 109197, -2275, 53629, 40377
15223.8, 1200, -4893, -1360, 7362, 113069, -1631, 52754, 40377
15227.6, 1498, -4893, -1360, 7362, 113069, -1631, 52754, 40393
15231.3, 933, -4893, -1360, 7362, 113069, -1631, 52754, 40358
15235.6, 2351, -4313, -1399, 6788, 113034, 1824, 47132, 40358
15239.4, 2397, -4313, -1399, 6788, 113034, 1824, 47132, 40328
15243.6, 1930, -3637, -756, 7589, 111406, 8566, 39843, 40328
15247.3, 1299, -3637, -756, 7589, 111406, 8566, 39843, 40319
15251.1, 1519, -3637, -756, 7589, 111406, 8566, 39843, 40290
15255.3, 1176, -3317, -11, 8336, 106134, 14105, 36803, 40290
15259.1, 1900, -3317, -11, 8336, 106134, 14105, 36803, 40293
15263.3, 2071, -3762, 562, 8242, 104966, 10679, 40460, 40293
15267.0, 958, -3762, 562, 8242, 104966, 10679, 40460, 39990
15270.8, 199, -3762, 562, 8242, 104966, 10679, 40460, 39979
15275.0, 2070, -4522, 238, 8494, 104896, 9800, 46966, 39979
15278.7, 3164, -4522, 238, 8494, 104896, 9800, 46966, 39985
15282.9, 2240, -4835, -284, 8511, 102779, 10381, 48261, 39985
15286.7, 633, -4835, -284, 8511, 102779, 10381, 48261, 39991
15289.0, 74, -4835, -284, 8511, 102779, 10381, 48261, 39991
15294.8, 2612, -4642, -567, 7766, 102114, 5232, 42188, 39986
15298.5, 3074, -4642, -567, 7766, 102114, 5232, 42188, 39972
15302.8, 918, -4307, 95, 7503, 100547, -4449, 34059, 39972
15306.5, 837, -4307, 95, 7503, 100547, -4449, 34059, 39972
15308.8, 1265, -4307, 95, 7503, 100547, -4449, 34059, 39972
15314.5, 1773, -4218, 913, 7150, 99734, -6855, 30358, 39969
15316.8, 1074, -4218, 913, 7150, 99734, -6855, 30358, 39969
15322.5, 892, -4088, 1377, 6958, 97122, -2677, 31601, 39967
15326.2, 1644, -4088, 1377, 6958, 97122, -2677, 31601, 39957
15330.5, 1622, -4124, 1748, 6976, 96242, 3570, 33718, 39957
15334.2, 3170, -4124, 1748, 6976, 96242, 3570, 33718, 39968
15336.5, 2165, -4124, 1748, 6976, 96242, 3570, 33718, 39968
15340.7, 1586, -4557, 1569, 7954, 96549, 11458, 35061, 39968
15344.4, 156, -4557, 1569, 7954, 96549, 11458, 35061, 39948
15346.7, 15, -4557, 1569, 7954, 96549, 11458, 35061, 39948
15350.9, 2814, -4515, 1185, 7488, 92668, 14678, 33211, 39948
15354.6, 2932, -4515, 1185, 7488, 92668, 14678, 33211, 39941
15356.9, 2290, -4515, 1185, 7488, 92668, 14678, 33211, 39941
15362.6, 652, -4748, 1370, 7666, 91522, 9651, 28827, 39928
15366.3, 182, -4748, 1370, 7666, 91522, 9651, 28827, 39928
15370.5, 1889, -4862, 1693, 8757, 93328, 7043, 26141, 39928
15374.3, 2775, -4862, 1693, 8757, 93328, 7043, 26141, 39921
15376.5, 1935, -4862, 1693, 8757, 93328, 7043, 26141, 39921
15380.8, 381, -4320, 1648, 7498, 90025, 1750, 23756, 39921
15384.6, 1758, -4320, 1648, 7498, 90025, 1750, 23756, 39946
15388.8, 2023, -4014, 2008, 7672, 89605, -7153, 22072, 39946
15392.5, 1061, -4014, 2008, 7672, 89605, -7153, 22072, 39915
15396.3, 1913, -4014, 2008, 7672, 89605, -7153, 22072, 39939
15400.5, 2234, -3260, 2718, 7163, 84959, -7008, 22535, 39939
15404.3, 1747, -3260, 2718, 7163, 84959, -7008, 22535, 39919
15408.5, 96, -3320, 3114, 6954, 80081, -1671, 24491, 39919
15412.2, 2403, -3320, 3114, 6954, 80081, -1671, 24491, 39917
15416.0, 3083, -3320, 3114, 6954, 80081, -1671, 24491, 39919
15420.3, 1954, -3747, 3627, 7068, 77250, -2292, 29444, 39919
15424.0, 806, -3747, 3627, 7068, 77250, -2292, 29444, 39917
15428.3, 152, -4655, 3327, 7687, 77893, 1644, 35214, 39917
15432.0, 2664, -4655, 3327, 7687, 77893, 1644, 35214, 39904
15435.7, 2656, -4655, 3327, 7687, 77893, 1644, 35214, 39903
15440.0, 170, -5784, 2641, 8055, 78624, 4011, 36575, 39903
15443.7, 1534, -5784, 2641, 8055, 78624, 4011, 36575, 39879
15447.9, 3112, -6075, 1983, 8448, 77001, 1386, 31994, 39879
15451.7, 1890, -6075, 1983, 8448, 77001, 1386, 31994, 39878
15454.0, 1613, -6075, 1983, 8448, 77001, 1386, 31994, 39878
15459.8, 144, -5493, 1804, 7553, 78094, -9633, 21499, 39868
15463.5, 1063, -5493, 1804, 7553, 78094, -9633, 21499, 39865
15467.7, 2780, -4207, 2804, 6160, 77320, -20492, 11187, 39865
15471.5, 3036, -4207, 2804, 6160, 77320, -20492, 11187, 39868
15473.7, 2003, -4207, 2804, 6160, 77320, -20492, 11187, 39868
15479.5, 1518, -2979, 4015, 5876, 71444, -14568, 5897, 39823
15481.7, 1122, -2979, 4015, 5876, 71444, -14568, 5897, 39823
15486.0, 1554, -2979, 4015, 5876, 67082, 1141, 9003, 39823
15489.7, 1474, -2979, 4015, 5876, 67082, 1141, 9003, 39878
15492.0, 1589, -2979, 4015, 5876, 67082, 1141, 9003, 39878
15497.7, 220, -2816, 4829, 7385, 67651, 3036, 17710, 39898
15501.4, 2087, -2816, 4829, 7385, 67651, 3036, 17710, 39907
15505.7, 2946, -3350, 4829, 7385, 67957, 3145, 26267, 39907
15509.4, 1227, -3350, 4829, 7385, 67957, 3145, 26267, 39901
15511.7, 967, -3350, 4829, 7385, 67957, 3145, 26267, 39901
15515.9, 2321, -4303, 3378, 7557, 65472, 940, 26092, 39901
15519.6, 639, -4303, 3378, 7557, 65472, 940, 26092, 39934
15521.9, 344, -4303, 3378, 7557, 65472, 940, 26092, 39934
15527.7, 1607, -5566, 3368, 7522, 65709, -7468, 19757, 39950
15531.4, 990, -5566, 3368, 7522, 65709, -7468, 19757, 39970
15535.7, 2694, -5566, 3620, 7191, 65731, -13536, 14459, 39970
15539.4, 1744, -5566, 3620, 7191, 65731, -13536, 14459, 39957
15541.7, 908, -5566, 3620, 7191, 65731, -13536, 14459, 39957
15545.9, 2178, -4257, 4208, 6470, 61163, -17981, 9384, 39957
15549.6, 1279, -4257, 4208, 6470, 61163, -17981, 9384, 39949
15553.8, 1485, -4257, 4208, 6470, 61163, -17981, 9384, 39949
15557.6, 2395, -4257, 4208, 6470, 61163, -17981, 9384, 39934
15561.4, 2332, -4257, 4208, 6470, 61163, -17981, 9384, 39914
15565.6, 250, -3578, 5406, 6531, 59719, -8872, 9135, 39914
15569.4, 1041, -3578, 5406, 6531, 59719, -8872, 9135, 39894
15573.6, 3109, -3578, 5406, 6531, 59719, -8872, 9135, 39894
15577.3, 868, -3578, 5406, 6531, 59719, -8872, 9135, 39878
15581.1, 1345, -3578, 5406, 6531, 59719, -8872, 9135, 39861
15585.3, 2342, -3999, 5173, 7196, 56696, 1929, 14100, 39861
15589.1, 1881, -3999, 5173, 7196, 56696, 1929, 14100, 39872
15593.3, 837, -3999, 5173, 7196, 56696, 1929, 14100, 39872
15597.0, 2283, -3999, 5173, 7196, 56696, 1929, 14100, 39856
15600.7, 2087, -3999, 5173, 7196, 56696, 1929, 14100, 39826
15605.0, 1716, -4111, 5238, 7160, 48497, -7875, 12486, 39826
15608.7, 1978, -4111, 5238, 7160, 48497, -7875, 12486, 39854
15612.9, 1461, -4111, 5238, 7160, 48497, -7875, 12486, 39854
15616.7, 974, -4111, 5238, 7160, 48497, -7875, 12486, 39845
15619.0, 615, -4111, 5238, 7160, 48497, -7875, 12486, 39845
15624.8, 1991, -4374, 5284, 6893, 48760, -13072, 13212, 39848
15628.5, 1596, -4374, 5284, 6893, 48760, -13072, 13212, 39860
15632.7, 281, -4374, 5284, 6893, 48760, -13072, 13212, 39860
15636.5, 733, -4374, 5284, 6893, 48760, -13072, 13212, 39871
15638.8, 2648, -4374, 5284, 6893, 48760, -13072, 13212, 39871
15644.5, 2227, -4305, 5017, 6262, 45382, -4935, 13847, 39843
15646.8, 1323, -4305, 5017, 6262, 45382, -4935, 13847, 39843
15652.5, 1314, -4058, 4926, 6162, 42232, -944, 13847, 39891
15656.2, 1364, -4058, 4926, 6162, 42232, -944, 13847, 39888
15660.5, 2996, -4067, 5184, 6541, 39064, -8, 10263, 39888
15664.2, 335, -4067, 5184, 6541, 39064, -8, 10263, 39904
15666.5, 18, -4067, 5184, 6541, 39064, -8, 10263, 39904
15670.7, 1679, -4326, 5664, 6480, 38150, -3031, 8540, 39904
15674.4, 1865, -4326, 5664, 6480, 38150, -3031, 8540, 39909
15676.7, 1228, -4326, 5664, 6480, 38150, -3031, 8540, 39909
15680.9, 2605, -4214, 5242, 6683, 39349, -4003, 9699, 39909
15684.6, 1464, -4214, 5242, 6683, 39349, -4003, 9699, 39900
15686.9, 866, -4214, 5242, 6683, 39349, -4003, 9699, 39900
15692.6, 1329, -4076, 5354, 6555, 35171, 1106, 10351, 39843
15696.3, 1639, -4076, 5354, 6555, 35171, 1106, 10351, 39916
15700.6, 2184, -3875, 5110, 6524, 29194, 695, 9528, 39916
15704.4, 1547, -3875, 5110, 6524, 29194, 695, 9528, 39902
15708.6, 1324, -3716, 5629, 7214, 26276, -2568, 7678, 39902
15712.3, 2361, -3716, 5629, 7214, 26276, -2568, 7678, 39902
15716.1, 1574, -3716, 5629, 7214, 26276, -2568, 7678, 39898
15720.4, 1016, -3902, 5717, 6879, 22785, -3416, 5468, 39898
15724.2, 1468, -3902, 5717, 6879, 22785, -3416, 5468, 39905
15728.4, 1544, -4114, 5411, 6285, 20444, -5954, 4812, 39905
15732.1, 1464, -4114, 5411, 6285, 20444, -5954, 4812, 39902
15735.9, 2503, -4114, 5411, 6285, 20444, -5954, 4812, 39918
15740.2, 1435, -3797, 5541, 5544, 19875, -5958, 5171, 39918
15743.9, 1329, -3797, 5541, 5544, 19875, -5958, 5171, 39924
15748.1, 1852, -3955, 5521, 5693, 15951, -1924, 1903, 39924
15751.8, 1653, -3955, 5521, 5693, 15951, -1924, 1903, 39916
15755.6, 1169, -3955, 5521, 5693, 15951, -1924, 1903, 39930
15759.8, 2333, -4098, 5688, 6162, 15426, 1194, -468, 39930
15763.5, 1523, -4098, 5688, 6162, 15426, 1194, -468, 39893
15767.8, 479, -4161, 5534, 6333, 13575, 2156, -2065, 39893
15771.5, 1946, -4161, 5534, 6333, 13575, 2156, -2065, 39948
15773.8, 2047, -4161, 5534, 6333, 13575, 2156, -2065, 39948
15779.6, 1911, -3861, 5688, 6708, 10714, 2651, -3058, 39957
15783.3, 1634, -3861, 5688, 6708, 10714, 2651, -3058, 39969
15789.0, 1414, -3495, 5657, 6844, 7621, -485, -1990, 39894
15792.8, 1019, -3495, 5657, 6844, 7621, -485, -1990, 39993
15798.5, 1493, -3339, 5575, 6272, 3158, -3771, -691, 40001
15800.8, 1262, -3339, 5575, 6272, 3158, -3771, -691, 40001
15803.0, 1298, -3339, 5575, 6272, 3158, -3771, -691, 40001
15808.7, 1619, -3340, 5814, 6122, -748, -6610, -599, 40003
15810.9, 1488, -3340, 5814, 6122, -748, -6610, -599, 40003
15813.2, 1349, -3340, 5814, 6122, -748, -6610, -599, 40003
15818.9, 1054, -3725, 6063, 6157, -4130, -4125, -739, 40252
15821.2, 1130, -3725, 6063, 6157, -4130, -4125, -739, 40252
15825.5, 2704, -3981, 5970, 6147, -8737, -3736, 848, 40252
15829.2, 1824, -3981, 5970, 6147, -8737, -3736, 848, 40264
15831.5, 1404, -3981, 5970, 6147, -8737, -3736, 848, 40264
15835.7, 1312, -4122, 5888, 6029, -13120, -5573, 980, 40264
15839.4, 1619, -4122, 5888, 6029, -13120, -5573, 980, 40274
15841.7, 1410, -4122, 5888, 6029, -13120, -5573, 980, 40274
15845.9, 1595, -4194, 5906, 6290, -16030, -5420, -660, 40274
15849.6, 1464, -4194, 5906, 6290, -16030, -5420, -660, 40280
15851.9, 951, -4194, 5906, 6290, -16030, -5420, -660, 40280
15857.6, 2349, -3983, 5801, 6346, -17797, -5114, -2485, 40290
15861.3, 1754, -3983, 5801, 6346, -17797, -5114, -2485, 40298
15865.6, 1573, -3835, 5801, 6261, -20606, -4506, -4637, 40298
15869.4, 1586, -3835, 5801, 6261, -20606, -4506, -4637, 40314
15873.6, 1681, -3999, 5874, 6495, -22378, -1999, -6951, 40314
15877.4, 1607, -3999, 5874, 6495, -22378, -1999, -6951, 40336
15881.1, 1689, -3999, 5874, 6495, -22378, -1999, -6951, 40353
15885.4, 1430, -3912, 5861, 6735, -23494, 463, -9472, 40353
15889.1, 1307, -3912, 5861, 6735, -23494, 463, -9472, 40367
15893.3, 1561, -3701, 5800, 6410, -26526, -1522, -11812, 40367
15897.0, 1740, -3701, 5800, 6410, -26526, -1522, -11812, 40370
15900.7, 1818, -3701, 5800, 6410, -26526, -1522, -11812, 40399
15905.0, 1706, -3725, 5804, 6469, -28914, -2660, -13094, 40399
15908.7, 2103, -3725, 5804, 6469, -28914, -2660, -13094, 40419
15912.9, 1353, -3782, 5882, 6573, -31159, -83, -13680, 40419
15916.7, 1368, -3782, 5882, 6573, -31159, -83, -13680, 40385
15919.0, 1309, -3782, 5882, 6573, -31159, -83, -13680, 40385
15924.8, 1652, -3889, 5619, 6458, -33569, 131, -13050, 40462
15928.5, 1327, -3889, 5619, 6458, -33569, 131, -13050, 40452
15932.7, 1293, -3848, 5481, 6430, -34563, 542, -12888, 40452
15936.5, 928, -3848, 5481, 6430, -34563, 542, -12888, 40459
15938.8, 889, -3848, 5481, 6430, -34563, 542, -12888, 40459
15944.6, 2440, -3826, 5219, 6535, -34099, 5468, -14739, 40457
15948.3, 2128, -3826, 5219, 6535, -34099, 5468, -14739, 40473
15954.0, 1590, -4107, 5210, 6756, -37909, 8382, -18340, 40486
15957.8, 1721, -4107, 5210, 6756, -37909, 8382, -18340, 40499
15963.5, 1382, -4009, 5481, 6879, -40561, 8023, -20505, 40519
15965.7, 898, -4009, 5481, 6879, -40561, 8023, -20505, 40519
15968.0, 724, -4009, 5481, 6879, -40561, 8023, -20505, 40519
15973.7, 1957, -4034, 5568, 6642, -42228, 3018, -21647, 40490
15975.9, 1544, -4034, 5568, 6642, -42228, 3018, -21647, 40490
15978.2, 964, -4034, 5568, 6642, -42228, 3018, -21647, 40490
15983.9, 1516, -4082, 5711, 6592, -44105, 2340, -21774, 40506
15986.2, 1450, -4082, 5711, 6592, -44105, 2340, -21774, 40506
15990.4, 1818, -3854, 5531, 6730, -49840, 5040, -20925, 40506
15994.2, 1667, -3854, 5531, 6730, -49840, 5040, -20925, 40500
15996.5, 1380, -3854, 5531, 6730, -49840, 5040, -20925, 40500
16000.7, 1829, -3885, 5294, 6870, -54045, 4423, -20217, 40500
16004.4, 1193, -3885, 5294, 6870, -54045, 4423, -20217, 40472
16006.7, 994, -3885, 5294, 6870, -54045, 4423, -20217, 40472
16010.9, 1781, -3842, 5064, 6683, -57505, 3171, -20873, 40472
16014.6, 1594, -3842, 5064, 6683, -57505, 3171, -20873, 40451
16016.9, 1272, -3842, 5064, 6683, -57505, 3171, -20873, 40451
16022.6, 1503, -3806, 4905, 6932, -58971, 3106, -23187, 40508
16026.3, 1852, -3806, 4905, 6932, -58971, 3106, -23187, 40530
16030.6, 1856, -3716, 4750, 7001, -60817, 5053, -25983, 40530
16034.4, 1491, -3716, 4750, 7001, -60817, 5053, -25983, 40481
16038.6, 1796, -3909, 4429, 6976, -62580, 6938, -28564, 40481
16042.3, 1315, -3909, 4429, 6976, -62580, 6938, -28564, 40487
16046.1, 1177, -3909, 4429, 6976, -62580, 6938, -28564, 40488
16050.3, 1685, -4071, 4313, 6977, -63670, 4795, -30476, 40488
16054.1, 2153, -4071, 4313, 6977, -63670, 4795, -30476, 40476
16058.3, 1882, -3936, 4378, 6750, -66207, 2065, -31907, 40476
16062.0, 1360, -3936, 4378, 6750, -66207, 2065, -31907, 40454
16065.8, 1575, -3936, 4378, 6750, -66207, 2065, -31907, 40442
16070.0, 2097, -4119, 4487, 6701, -70066, 3841, -32012, 40442
16073.7, 1407, -4119, 4487, 6701, -70066, 3841, -32012, 40427
16077.9, 1090, -4122, 4428, 6867, -74266, 3718, -30205, 40427
16081.7, 1145, -4122, 4428, 6867, -74266, 3718, -30205, 40410
16084.0, 1092, -4122, 4428, 6867, -74266, 3718, -30205, 40410
16089.8, 1935, -4252, 4246, 7582, -75605, 2869, -29164, 40401
16093.5, 1671, -4252, 4246, 7582, -75605, 2869, -29164, 40377
16097.7, 1447, -4068, 3793, 7819, -77801, 6212, -30310, 40377
16101.5, 1739, -4068, 3793, 7819, -77801, 6212, -30310, 40373
16103.8, 1853, -4068, 3793, 7819, -77801, 6212, -30310, 40373
16109.5, 1029, -3918, 3300, 7810, -79096, 3263, -33408, 40359
16113.3, 728, -3918, 3300, 7810, -79096, 3263, -33408, 40342
16119.0, 1986, -4305, 3260, 7436, -77224, -6479, -35678, 40370
16122.7, 1590, -4305, 3260, 7436, -77224, -6479, -35678, 40357
16128.5, 2234, -4305, 3260, 7536, -76708, -4777, -35188, 40322
16130.7, 1997, -4305, 3260, 7536, -76708, -4777, -35188, 40322
16133.0, 1302, -4305, 3260, 7536, -76708, -4777, -35188, 40322
16138.7, 1452, -4275, 3012, 6693, -84390, -3823, -36798, 40303
16140.9, 1316, -4275, 3012, 6693, -84390, -3823, -36798, 40303
16145.2, 1361, -4275, 3012, 6693, -84390, -3823, -36798, 40303
16149.0, 1427, -4275, 3012, 6693, -84390, -3823, -36798, 40322
16151.2, 1395, -4275, 3012, 6693, -84390, -3823, -36798, 40322
16155.5, 1945, -4346, 3425, 7320, -83100, -8010, -34790, 40322
16159.2, 2025, -4346, 3425, 7320, -83100, -8010, -34790, 40275
16161.5, 1980, -4346, 3425, 7320, -83100, -8010, -34790, 40275
16165.7, 1357, -4222, 3330, 7794, -85900, 459, -33237, 40275
16169.4, 827, -4222, 3330, 7794, -85900, 459, -33237, 40246
16171.7, 1234, -4222, 3330, 7794, -85900, 459, -33237, 40246
16175.9, 2237, -3784, 2678, 7478, -85532, -7945, -34344, 40246
16179.6, 1844, -3784, 2678, 7478, -85532, -7945, -34344, 40229
16181.9, 1325, -3784, 2678, 7478, -85532, -7945, -34344, 40229
16187.6, 1300, -3970, 2699, 8399, -82675, -4370, -34283, 40188
16191.3, 2031, -3970, 2699, 8399, -82675, -4370, -34283, 40161
16195.6, 2276, -4540, 2892, 8399, -84714, 559, -35459, 40161
16199.4, 2107, -4540, 2892, 8399, -84714, 559, -35459, 40136
16203.6, 2099, -4669, 2153, 8354, -84714, 559, -35459, 40136
16207.3, 548, -4669, 2153, 8354, -84714, 559, -35459, 40102
16211.1, 1072, -4669, 2153, 8354, -84714, 559, -35459, 40115
16215.3, 1930, -4855, 1880, 7329, -85480, -12753, -39511, 40115
16219.1, 1857, -4855, 1880, 7329, -85480, -12753, -39511, 40506
16223.3, 1882, -5305, 2237, 7719, -85480, -12753, -39511, 40506
16227.0, 2338, -5305, 2237, 7719, -85480, -12753, -39511, 40067
16230.8, 1803, -5305, 2237, 7719, -85480, -12753, -39511, 40051
16235.0, 1554, -4966, 1390, 7787, -92930, -8802, -42906, 40051
16238.7, 764, -4966, 1390, 7787, -92930, -8802, -42906, 40037
16242.9, 1562, -4294, 1112, 6345, -92930, -8802, -42906, 40037
16246.6, 2101, -4294, 1112, 6345, -92930, -8802, -42906, 40056
16248.9, 1424, -4294, 1112, 6345, -92930, -8802, -42906, 40056
16254.6, 1448, -4200, 2343, 7838, -90367, -2458, -45413, 39984
16258.4, 1897, -4200, 2343, 7838, -90367, -2458, -45413, 39959
16264.1, 1517, -4121, 2346, 8782, -90367, 542, -44266, 39941
16267.8, 1662, -4121, 2346, 8782, -90367, 542, -44266, 39944
16273.5, 1998, -4106, 1557, 8876, -90528, 542, -44266, 39923
16277.3, 2687, -4106, 1557, 8876, -90528, 542, -44266, 39904
16283.0, 1580, -4314, 1036, 8321, -92187, -9940, -43785, 39889
16286.7, 1282, -4314, 1036, 8321, -92187, -9940, -43785, 39867
16292.5, 1745, -4836, 835, 7962, -93259, -14831, -42932, 39849
16296.2, 1782, -4836, 835, 7962, -93259, -14831, -42932, 39822
16298.5, 1320, -4836, 835, 7962, -93259, -14831, -42932, 39822
16304.2, 1320, -5471, 457, 8794, -90262, -10915, -42123, 39802
16306.4, 1309, -5471, 457, 8794, -90262, -10915, -42123, 39802
16310.7, 1527, -5418, -357, 7376, -91263, -9594, -43794, 39802
16314.4, 1645, -5418, -357, 7376, -91263, -9594, -43794, 39782
16316.7, 1498, -5418, -357, 7376, -91263, -9594, -43794, 39782
16322.5, 1678, -5051, -534, 8039, -92165, -10740, -47176, 39760
16326.5, 1069, -5051, -534, 8039, -92165, -10740, -47176, 39751
16330.8, 1573, -4006, -176, 8690, -94987, -10736, -51433, 39751
16334.6, 2393, -4006, -176, 8690, -94987, -10736, -51433, 39733
16336.8, 2300, -4006, -176, 8690, -94987, -10736, -51433, 39733
16342.6, 1794, -3396, 710, 8752, -96763, -13930, -53962, 39745
16346.3, 1439, -3396, 710, 8752, -96763, -13930, -53962, 39707
16350.6, 1411, -3582, 948, 8630, -94768, -15347, -51367, 39707
16354.3, 1369, -3582, 948, 8630, -94768, -15347, -51367, 39692
16356.6, 1675, -3582, 948, 8630, -94768, -15347, -51367, 39692
16360.9, 1913, -4317, 253, 8630, -92012, -10014, -43973, 39692
16364.7, 1925, -4317, 253, 8630, -92012, -10014, -43973, 39719
16368.9, 1640, -5005, -1443, 8669, -90472, -10285, -39992, 39719
16372.6, 1820, -5005, -1443, 8669, -90472, -10285, -39992, 39745
16376.4, 1754, -5005, -1443, 8669, -90472, -10285, -39992, 39787
16380.7, 1453, -4875, -2401, 8595, -91517, -12013, -41926, 39787
16384.5, 1492, -4875, -2401, 8595, -91517, -12013, -41926, 39793
16388.7, 1789, -4633, -2207, 8099, -92252, -18755, -49639, 39793
16392.5, 1916, -4633, -2207, 8099, -92252, -18755, -49639, 39819
16396.2, 1712, -4633, -2207, 8099, -92252, -18755, -49639, 39830
16400.5, 1154, -4414, -1142, 7630, -94667, -23170, -54347, 39830
16404.2, 856, -4414, -1142, 7630, -94667, -23170, -54347, 39880
16408.4, 1337, -3933, -635, 7126, -97187, -14638, -52833, 39880
16412.1, 1815, -3933, -635, 7126, -97187, -14638, -52833, 39861
16415.9, 1594, -3933, -635, 7126, -97187, -14638, -52833, 39873
16420.1, 1892, -3731, -624, 8712, -95402, -5805, -48353, 39873
16423.8, 1544, -3731, -624, 8712, -95402, -5805, -48353, 39893
16428.1, 2223, -3436, -1756, 8644, -94899, 5066, -44914, 39893
16431.8, 2061, -3436, -1756, 8644, -94899, 5066, -44914, 39900
16434.1, 1518, -3436, -1756, 8644, -94899, 5066, -44914, 39900
16439.9, 1507, -4112, -2845, 9870, -85865, 3434, -44984, 39919
16443.6, 1445, -4112, -2845, 9870, -85865, 3434, -44984, 39871
16447.8, 1739, -4916, -3607, 8356, -84010, -5788, -45610, 39871
16451.6, 1463, -4916, -3607, 8356, -84010, -5788, -45610, 39943
16455.8, 1426, -4989, -3622, 7729, -89203, -9227, -47543, 39943
16459.5, 1667, -4989, -3622, 7729, -89203, -9227, -47543, 39962
16461.8, 1511, -4989, -3622, 7729, -89203, -9227, -47543, 39962
16466.0, 2065, -4260, -2474, 8037, -95862, -15933, -53270, 39962
16469.7, 1937, -4260, -2474, 8037, -95862, -15933, -53270, 39992
16472.0, 1431, -4260, -2474, 8037, -95862, -15933, -53270, 39992
16477.7, 1121, -4049, -1296, 8449, -100534, -17557, -56937, 39988
16481.4, 1134, -4049, -1296, 8449, -100534, -17557, -56937, 40011
16485.7, 3225, -4224, -1469, 9151, -96164, -11550, -54194, 40011
16489.5, 3236, -4224, -1469, 9151, -96164, -11550, -54194, 40024
16491.8, 3194, -4224, -1469, 9151, -96164, -11550, -54194, 40024
16496.0, 2704, -4115, -2751, 8112, -96697, -6619, -51008, 40024
16499.7, 2204, -4115, -2751, 8112, -96697, -6619, -51008, 40040
16502.0, 1068, -4115, -2751, 8112, -96697, -6619, -51008, 40040
16507.7, 967, -4185, -3571, 8751, -94943, -5862, -52413, 40065
16511.4, 1340, -4185, -3571, 8751, -94943, -5862, -52413, 40088
16515.7, 1557, -4213, -3679, 8976, -91657, -4641, -54697, 40088
16519.4, 1070, -4213, -3679, 8976, -91657, -4641, -54697, 40107
16523.6, 914, -4476, -4092, 8103, -90839, -3014, -56635, 40107
16527.3, 1044, -4476, -4092, 8103, -90839, -3014, -56635, 40157
16531.1, 886, -4476, -4092, 8103, -90839, -3014, -56635, 40149
16535.3, 850, -4147, -3995, 7665, -91780, -4326, -58420, 40149
16539.0, 969, -4147, -3995, 7665, -91780, -4326, -58420, 40155
16543.2, 512, -3819, -3276, 7234, -95507, -9437, -57982, 40155
16547.0, 544, -3819, -3276, 7234, -95507, -9437, -57982, 40159
16550.8, 425, -3819, -3276, 7234, -95507, -9437, -57982, 40170
16555.0, 1874, -3770, -2594, 7101, -99773, -9056, -53275, 40170
16558.8, 1601, -3770, -2594, 7101, -99773, -9056, -53275, 40170
16563.0, 953, -3996, -2539, 7738, -103938, -3031, -47360, 40170
16566.7, 1807, -3996, -2539, 7738, -103938, -3031, -47360, 40200
16569.0, 1604, -3996, -2539, 7738, -103938, -3031, -47360, 40200
16574.7, 1480, -4281, -3728, 9198, -99992, 2047, -43216, 40182
16578.5, 990, -4281, -3728, 9198, -99992, 2047, -43216, 40179
16582.7, 1152, -4428, -5428, 10140, -88708, -1828, -42547, 40179
16586.5, 949, -4428, -5428, 10140, -88708, -1828, -42547, 40203
16588.8, 913, -4428, -5428, 10140, -88708, -1828, -42547, 40203
16594.5, 2134, -4201, -6851, 7774, -84745, -12972, -48878, 40210
16598.2, 1525, -4201, -6851, 7774, -84745, -12972, -48878, 40223
16604.0, 1918, -3680, -6290, 7156, -86468, -19324, -60034, 40198
16607.7, 1605, -3680, -6290, 7156, -86468, -19324, -60034, 40245
16613.4, 1015, -3028, -4603, 7542, -90192, -17355, -65783, 40243
16617.2, 1298, -3028, -4603, 7542, -90192, -17355, -65783, 40264
16622.9, 1819, -2946, -3663, 7320, -94230, -13243, -59505, 40300
16626.6, 1799, -2946, -3663, 7320, -94230, -13243, -59505, 40310
16630.9, 2325, -3373, -3952, 7552, -97533, -7818, -45960, 40310
16634.7, 1415, -3373, -3952, 7552, -97533, -7818, -45960, 40334
16637.0, 1016, -3373, -3952, 7552, -97533, -7818, -45960, 40334
16642.7, 1658, -3848, -5047, 7587, -98797, -568, -35871, 40371
16646.4, 1327, -3848, -5047, 7587, -98797, -568, -35871, 40372
16650.6, 2147, -4238, -6254, 7407, -100994, 1067, -35993, 40372
16654.4, 1982, -4238, -6254, 7407, -100994, 1067, -35993, 40400
16656.6, 1221, -4238, -6254, 7407, -100994, 1067, -35993, 40400
16660.9, 1287, -4647, -6949, 8685, -94645, -2043, -41917, 40400
16664.7, 1517, -4647, -6949, 8685, -94645, -2043, -41917, 40403
16668.9, 1571, -4647, -6949, 8685, -89483, -5897, -48029, 40403
16672.6, 1396, -4647, -6949, 8685, -89483, -5897, -48029, 40404
16676.4, 2134, -4647, -6949, 8685, -89483, -5897, -48029, 40424
16680.6, 2448, -3353, -6877, 7265, -89185, -10740, -54474, 40424
16684.4, 1327, -3353, -6877, 7265, -89185, -10740, -54474, 40420
16688.6, 1395, -3353, -6877, 7265, -82330, -18979, -56692, 40420
16692.3, 1636, -3353, -6877, 7265, -82330, -18979, -56692, 40433
16696.1, 1690, -3353, -6877, 7265, -82330, -18979, -56692, 40407
16700.3, 1816, -2401, -5883, 6069, -78760, -23682, -51087, 40407
16704.0, 1571, -2401, -5883, 6069, -78760, -23682, -51087, 40442
16708.3, 1507, -2401, -5883, 6069, -81433, -17233, -41694, 40442
16712.0, 2065, -2401, -5883, 6069, -81433, -17233, -41694, 40459
16715.7, 1653, -2401, -5883, 6069, -81433, -17233, -41694, 40468
16720.0, 1691, -2894, -5998, 6535, -83900, -7888, -35814, 40468
16723.7, 1741, -2894, -5998, 6535, -83900, -7888, -35814, 40462
16728.0, 2139, -2894, -5998, 6535, -87685, 1596, -33963, 40462
16731.7, 1895, -2894, -5998, 6535, -87685, 1596, -33963, 40518
16734.0, 1142, -2894, -5998, 6535, -87685, 1596, -33963, 40518
16739.7, 1231, -4111, -7237, 7305, -90388, 8058, -35302, 40546
16743.5, 1775, -4111, -7237, 7305, -90388, 8058, -35302, 40582
16747.7, 2327, -4111, -7237, 7305, -90690, 6938, -38408, 40582
16751.5, 1942, -4111, -7237, 7305, -90690, 6938, -38408, 40159
16753.8, 2078, -4111, -7237, 7305, -90690, 6938, -38408, 40159
16759.5, 1315, -4066, -7814, 7866, -90314, 839, -41795, 40644
16763.2, 1079, -4066, -7814, 7866, -90314, 839, -41795, 40642
16768.9, 2891, -4066, -7814, 7866, -89710, -7573, -44446, 40690
16771.2, 2070, -4066, -7814, 7866, -89710, -7573, -44446, 40690
16773.5, 2048, -4066, -7814, 7866, -89710, -7573, -44446, 40690
16779.2, 2020, -3674, -7195, 7354, -82592, -13628, -45233, 40713
16781.5, 971, -3674, -7195, 7354, -82592, -13628, -45233, 40713
16785.7, 1386, -3262, -7195, 7354, -82592, -13628, -45233, 40713
16789.5, 1482, -3262, -7195, 7354, -82592, -13628, -45233, 40733
16791.7, 1277, -3262, -7195, 7354, -82592, -13628, -45233, 40733
16796.0, 1670, -2566, -7539, 5464, -76576, -15470, -43951, 40733
16799.7, 1822, -2566, -7539, 5464, -76576, -15470, -43951, 40731
16802.0, 1412, -2566, -7539, 5464, -76576, -15470, -43951, 40731
16807.8, 1926, -2152, -7646, 4422, -74713, -17005, -38395, 40777
16811.5, 1662, -2152, -7646, 4422, -74713, -17005, -38395, 40795
16815.8, 1614, -2096, -7088, 4986, -73505, -15461, -38395, 40795
16819.5, 1213, -2096, -7088, 4986, -73505, -15461, -38395, 40791
16821.8, 503, -2096, -7088, 4986, -73505, -15461, -38395, 40791
16826.0, 1460, -2348, -6954, 5705, -75771, 3167, -27261, 40791
16829.7, 2526, -2348, -6954, 5705, -75771, 3167, -27261, 40809
16834.0, 2354, -2733, -7432, 6513, -80151, 3167, -27261, 40809
16837.8, 1080, -2733, -7432, 6513, -80151, 3167, -27261, 40781
16841.5, 1323, -2733, -7432, 6513, -80151, 3167, -27261, 40785
16845.8, 1908, -3119, -7990, 7899, -82505, -1509, -32484, 40785
16849.5, 1940, -3119, -7990, 7899, -82505, -1509, -32484, 40770
16853.8, 2311, -3266, -8127, 8014, -84950, -1509, -32484, 40770
16857.5, 1238, -3266, -8127, 8014, -84950, -1509, -32484, 40748
16861.3, 1883, -3266, -8127, 8014, -84950, -1509, -32484, 40771
16865.6, 2215, -3206, -8239, 7291, -85331, -12665, -39743, 40771
16869.3, 1382, -3206, -8239, 7291, -85331, -12665, -39743, 40772
16873.5, 1641, -2907, -8226, 6417, -81511, -12665, -39743, 40772
16877.3, 2006, -2907, -8226, 6417, -81511, -12665, -39743, 40763
16881.0, 1842, -2907, -8226, 6417, -81511, -12665, -39743, 40810
16885.2, 1560, -2567, -8237, 4579, -80772, -16699, -33762, 40810
16889.0, 1405, -2567, -8237, 4579, -80772, -16699, -33762, 40793
16893.2, 1688, -2383, -7876, 4390, -77683, -16699, -33762, 40793
16896.9, 1604, -2383, -7876, 4390, -77683, -16699, -33762, 40803
16900.7, 1639, -2383, -7876, 4390, -77683, -16699, -33762, 40821
16904.9, 1733, -2226, -7731, 4241, -77814, -9752, -26727, 40821
16908.6, 2261, -2226, -7731, 4241, -77814, -9752, -26727, 40842
16912.8, 2106, -2308, -7773, 4837, -78480, -9752, -26727, 40842
16916.6, 851, -2308, -7773, 4837, -78480, -9752, -26727, 40848
16918.8, 827, -2308, -7773, 4837, -78480, -9752, -26727, 40848
16924.6, 2006, -2445, -8228, 5316, -78379, -2629, -26823, 40908
16928.4, 2206, -2445, -8228, 5316, -78379, -2629, -26823, 40978
16934.1, 2562, -2368, -8966, 5636, -80142, -2629, -26823, 40984
16936.4, 1442, -2368, -8966, 5636, -80142, -2629, -26823, 40984
16938.6, 1366, -2368, -8966, 5636, -80142, -2629, -26823, 40984
16944.4, 780, -2286, -9710, 6716, -76043, -5490, -27527, 41055
16946.6, 648, -2286, -9710, 6716, -76043, -5490, -27527, 41055
16950.9, 2307, -2032, -9773, 5065, -73050, -11917, -28757, 41055
16954.6, 2384, -2032, -9773, 5065, -73050, -11917, -28757, 41054
16956.9, 1668, -2032, -9773, 5065, -73050, -11917, -28757, 41054
16962.7, 1712, -1998, -9382, 4446, -70709, -15807, -30918, 41627
16966.4, 1342, -1998, -9382, 4446, -70709, -15807, -30918, 41675
16970.6, 1048, -1877, -9055, 4500, -64856, -17596, -30257, 41675
16974.3, 2185, -1877, -9055, 4500, -64856, -17596, -30257, 41715
16976.6, 2356, -1877, -9055, 4500, -64856, -17596, -30257, 41715
16980.8, 2294, -1692, -9249, 2599, -65516, -14109, -25379, 41715
16984.5, 1738, -1692, -9249, 2599, -65516, -14109, -25379, 41756
16986.8, 925, -1692, -9249, 2599, -65516, -14109, -25379, 41756
16991.0, 1488, -1862, -9385, 3070, -60844, -12232, -20737, 41756
16994.7, 1578, -1862, -9385, 3070, -60844, -12232, -20737, 41818
16999.0, 1661, -1712, -9643, 2876, -56276, -11208, -19302, 41818
17002.7, 1616, -1712, -9643, 2876, -56276, -11208, -19302, 41845
17006.4, 1640, -1712, -9643, 2876, -56276, -11208, -19302, 41860
17010.7, 2066, -1997, -9814, 2705, -55248, -4528, -20007, 41860
17014.4, 2025, -1997, -9814, 2705, -55248, -4528, -20007, 41917
17018.6, 2168, -2386, -9833, 4030, -52999, -328, -22282, 41917
17022.3, 1645, -2386, -9833, 4030, -52999, -328, -22282, 41956
17026.1, 1547, -2386, -9833, 4030, -52999, -328, -22282, 41975
17030.3, 1674, -2360, -9835, 4853, -53375, 201, -23922, 41975
17034.0, 1908, -2360, -9835, 4853, -53375, 201, -23922, 41992
17038.2, 2165, -2301, -9704, 5469, -55165, -3858, -24299, 41992
17042.0, 2078, -2301, -9704, 5469, -55165, -3858, -24299, 42011
17045.8, 1748, -2301, -9704, 5469, -55165, -3858, -24299, 42039
17050.0, 1591, -2177, -9647, 5967, -55497, -12048, -23905, 42039
17053.8, 1840, -2177, -9647, 5967, -55497, -12048, -23905, 42025
17058.0, 2269, -1864, -9443, 5186, -55467, -18554, -23402, 42025
17061.7, 2025, -1864, -9443, 5186, -55467, -18554, -23402, 42028
17064.0, 1158, -1864, -9443, 5186, -55467, -18554, -23402, 42028
17069.8, 1720, -1531, -9174, 4085, -57400, -20107, -23826, 42039
17073.5, 1565, -1531, -9174, 4085, -57400, -20107, -23826, 42035
17077.7, 2044, -1374, -8648, 3595, -56692, -17688, -24019, 42035
17081.5, 2180, -1374, -8648, 3595, -56692, -17688, -24019, 42059
17083.8, 1046, -1374, -8648, 3595, -56692, -17688, -24019, 42059
17089.5, 2026, -1300, -8680, 2935, -59120, -12114, -22947, 42023
17093.3, 1758, -1300, -8680, 2935, -59120, -12114, -22947, 42067
17099.0, 1548, -1507, -8703, 3271, -59072, -5945, -20667, 42068
17101.2, 635, -1507, -8703, 3271, -59072, -5945, -20667, 42068
17105.5, 1879, -1706, -9035, 3189, -60017, -476, -17985, 42068
17109.3, 2187, -1706, -9035, 3189, -60017, -476, -17985, 42069
17111.5, 1477, -1706, -9035, 3189, -60017, -476, -17985, 42069
17115.8, 1994, -2130, -9297, 3587, -60559, 1811, -15877, 42069
17119.5, 2071, -2130, -9297, 3587, -60559, 1811, -15877, 42088
17121.8, 1113, -2130, -9297, 3587, -60559, 1811, -15877, 42088
17126.0, 1408, -2257, -9583, 4070, -60301, 437, -16196, 42088
17129.7, 1726, -2257, -9583, 4070, -60301, 437, -16196, 42092
17132.0, 698, -2257, -9583, 4070, -60301, 437, -16196, 42092
17137.7, 1860, -1989, -9742, 3803, -59255, -2489, -18082, 42091
17141.4, 2034, -1989, -9742, 3803, -59255, -2489, -18082, 42100
17145.7, 1598, -1497, -9939, 3543, -56101, -7813, -18755, 42100
17149.4, 2243, -1497, -9939, 3543, -56101, -7813, -18755, 42111
17151.7, 1260, -1497, -9939, 3543, -56101, -7813, -18755, 42111
17155.9, 2027, -1105, -9904, 2671, -51428, -12188, -17084, 42111
17159.7, 1803, -1105, -9904, 2671, -51428, -12188, -17084, 42122
17163.9, 2038, -837, -9924, 1417, -46948, -10233, -14179, 42122
17167.6, 1831, -837, -9924, 1417, -46948, -10233, -14179, 42119
17171.4, 1444, -837, -9924, 1417, -46948, -10233, -14179, 42133
17175.6, 1837, -857, -9660, 775, -42302, -3530, -12735, 42133
17179.4, 1700, -857, -9660, 775, -42302, -3530, -12735, 42142
17183.6, 1760, -1168, -9586, 1301, -38369, 2620, -12215, 42142
17187.3, 1866, -1168, -9586, 1301, -38369, 2620, -12215, 42153
17191.1, 2014, -1168, -9586, 1301, -38369, 2620, -12215, 42168
17195.3, 1917, -1414, -9683, 1706, -38115, 6601, -11292, 42168
17199.0, 1870, -1414, -9683, 1706, -38115, 6601, -11292, 42224
17203.2, 1795, -1725, -10149, 3046, -37126, 5595, -11025, 42224
17206.9, 1520, -1725, -10149, 3046, -37126, 5595, -11025, 42212
17210.7, 1408, -1725, -10149, 3046, -37126, 5595, -11025, 42255
17215.0, 2156, -1891, -10430, 3352, -36991, -2905, -12145, 42255
17218.7, 1833, -1891, -10430, 3352, -36991, -2905, -12145, 42264
17222.9, 2349, -1671, -10323, 3205, -36540, -12035, -13199, 42264
17226.6, 2136, -1671, -10323, 3205, -36540, -12035, -13199, 42288
17228.9, 941, -1671, -10323, 3205, -36540, -12035, -13199, 42288
17234.6, 2092, -1173, -10167, 3220, -35039, -14223, -13707, 42305
17238.3, 1746, -1173, -10167, 3220, -35039, -14223, -13707, 42332
17244.0, 1923, -795, -10034, 2121, -34331, -10128, -12853, 42348
17247.8, 1814, -795, -10034, 2121, -34331, -10128, -12853, 42388
17253.5, 1830, -747, -9702, 1060, -33618, -5753, -11677, 42372
17255.7, 777, -747, -9702, 1060, -33618, -5753, -11677, 42372
17258.0, 711, -747, -9702, 1060, -33618, -5753, -11677, 42372
17263.7, 1962, -1030, -9319, 1654, -29400, -4151, -11558, 42368
17265.9, 668, -1030, -9319, 1654, -29400, -4151, -11558, 42368
17268.2, 596, -1030, -9319, 1654, -29400, -4151, -11558, 42368
17273.9, 2039, -1313, -9287, 2157, -29969, -4064, -11703, 42405
17276.2, 703, -1313, -9287, 2157, -29969, -4064, -11703, 42405
17280.5, 1791, -1313, -9664, 1922, -30717, -2983, -10714, 42405
17284.2, 1927, -1313, -9664, 1922, -30717, -2983, -10714, 42414
17286.5, 738, -1313, -9664, 1922, -30717, -2983, -10714, 42414
17290.7, 1813, -1495, -10175, 2740, -29750, -5083, -9826, 42414
17294.4, 1381, -1495, -10175, 2740, -29750, -5083, -9826, 42426
17296.7, 68, -1495, -10175, 2740, -29750, -5083, -9826, 42426
17300.9, 1733, -1388, -10039, 2680, -29194, -11265, -10259, 42426
17304.6, 2205, -1388, -10039, 2680, -29194, -11265, -10259, 42370
17306.9, 1702, -1388, -10039, 2680, -29194, -11265, -10259, 42370
17312.6, 2156, -1270, -9803, 2587, -28862, -14822, -10386, 42445
17316.3, 1610, -1270, -9803, 2587, -28862, -14822, -10386, 42451
17320.6, 1725, -1068, -9814, 2577, -27632, -13300, -9183, 42451
17324.4, 1826, -1068, -9814, 2577, -27632, -13300, -9183, 42446
17328.6, 1669, -1068, -9814, 2577, -27632, -13300, -7551, 42446
17332.3, 1795, -1068, -9814, 2577, -27632, -13300, -7551, 42479
17336.1, 1674, -1068, -9814, 2577, -27632, -13300, -7551, 42453
17340.3, 1732, -751, -9892, 1389, -24666, -5595, -6405, 42453
17344.1, 1498, -751, -9892, 1389, -24666, -5595, -6405, 42457
17348.3, 1955, -751, -9892, 1389, -24666, -5595, -5626, 42457
17352.0, 1925, -751, -9892, 1389, -24666, -5595, -5626, 42455
17355.7, 1591, -751, -9892, 1389, -24666, -5595, -5626, 42464
17360.0, 1703, -1044, -9780, 2033, -19915, -4690, -4812, 42464
17363.7, 1661, -1044, -9780, 2033, -19915, -4690, -4812, 42471
17367.9, 1652, -1044, -9780, 2033, -19915, -4690, -4812, 42471
17371.7, 1650, -1044, -9780, 2033, -19915, -4690, -4812, 42483
17374.0, 484, -1044, -9780, 2033, -19915, -4690, -4812, 42483
17379.7, 1738, -990, -9817, 1765, -19206, -7835, -4956, 42481
17383.5, 1585, -990, -9817, 1765, -19206, -7835, -4956, 42487
17387.7, 1460, -990, -9817, 1765, -19206, -7835, -4742, 42487
17391.4, 1507, -990, -9817, 1765, -19206, -7835, -4742, 42496
17393.7, 289, -990, -9817, 1765, -19206, -7835, -4742, 42496
17399.5, 2041, -990, -10011, 1616, -19893, -5044, -3714, 42497
17403.3, 1731, -990, -10011, 1616, -19893, -5044, -3714, 42499
17409.0, 1660, -1032, -10010, 1616, -19477, -2218, -3185, 42499
17412.7, 1528, -1032, -10010, 1616, -19477, -2218, -3185, 42505
17418.5, 1443, -1032, -10010, 1616, -19477, -2218, -3185, 42502
17420.7, 105, -1032, -10010, 1616, -19477, -2218, -3185, 42502
17423.0, 323, -1032, -10010, 1616, -19477, -2218, -3185, 42502
17428.7, 1433, -990, -10002, 1626, -18567, 34, -4252, 42500
17430.9, 230, -990, -10002, 1626, -18567, 34, -4252, 42500
17433.2, 368, -990, -10002, 1626, -18567, 34, -4252, 42500
17438.9, 1635, -881, -9996, 1619, -19149, -590, -5630, 42506
17441.2, 88, -881, -9996, 1619, -19149, -590, -5630, 42506
17445.4, 1766, -845, -9974, 1574, -19149, -590, -5630, 42506
17449.2, 1473, -845, -9974, 1574, -19149, -590, -5630, 42501
17451.5, 84, -845, -9974, 1574, -19149, -590, -5630, 42501
17455.7, 1503, -501, -9982, 1436, -16887, -1487, -6413, 42501
17459.4, 1505, -501, -9982, 1436, -16887, -1487, -6413, 42505
17461.7, 161, -501, -9982, 1436, -16887, -1487, -6413, 42505
17465.9, 1707, -367, -10057, 858, -17119, -2524, -5508, 42505
17469.6, 1761, -367, -10057, 858, -17119, -2524, -5508, 43095
17471.9, 518, -367, -10057, 858, -17119, -2524, -5508, 43095
17477.6, 1743, -513, -9770, 657, -15470, -2677, -4847, 43126
17481.3, 1593, -513, -9770, 657, -15470, -2677, -4847, 43155
17485.6, 1480, -880, -10025, 1378, -14468, -905, -4576, 43155
17489.4, 1461, -880, -10025, 1378, -14468, -905, -4576, 43230
17493.6, 1508, -939, -10262, 1302, -14993, -1115, -5013, 43230
17497.3, 1531, -939, -10262, 1302, -14993, -1115, -5013, 43219
17501.1, 1601, -939, -10262, 1302, -14993, -1115, -5013, 43249
17505.3, 1729, -910, -10221, 1290, -13930, -3622, -6496, 43249
17509.1, 1325, -910, -10221, 1290, -13930, -3622, -6496, 43264
17513.3, 1405, -974, -10076, 1709, -13313, -5420, -7896, 43264
17517.0, 1404, -974, -10076, 1709, -13313, -5420, -7896, 43281
17520.7, 1750, -974, -10076, 1709, -13313, -5420, -7896, 43335
17525.0, 1561, -947, -9815, 1387, -14140, -5390, -8010, 43335
17528.7, 1468, -947, -9815, 1387, -14140, -5390, -8010, 43350
17532.9, 1949, -922, -10134, 1472, -11720, -5267, -6650, 43350
17536.7, 1508, -922, -10134, 1472, -11720, -5267, -6650, 43322
17539.0, 322, -922, -10134, 1472, -11720, -5267, -6650, 43322
17544.8, 1278, -888, -10374, 1537, -6925, -8330, -5372, 43424
17548.5, 1335, -888, -10374, 1537, -6925, -8330, -5372, 43413
17552.7, 1695, -557, -10269, 549, -3119, -10745, -5805, 43413
17556.5, 1324, -557, -10269, 549, -3119, -10745, -5805, 43425
17558.8, 58, -557, -10269, 549, -3119, -10745, -5805, 43425
17564.5, 1657, -417, -9599, -37, -883, -7350, -6641, 43457
17568.3, 1493, -417, -9599, -37, -883, -7350, -6641, 43418
17574.0, 1343, -777, -9636, 823, -1141, -4694, -6107, 43418
17577.7, 1400, -777, -9636, 823, -1141, -4694, -6107, 43388
17583.5, 1383, -1097, -10251, 1280, -61, -3220, -3040, 43377
17585.7, 120, -1097, -10251, 1280, -61, -3220, -3040, 43377
17588.0, 369, -1097, -10251, 1280, -61, -3220, -3040, 43377
17593.7, 1655, -1144, -10625, 1668, 2480, -1364, 682, 43314
17595.9, 75, -1144, -10625, 1668, 2480, -1364, 682, 43314
17600.2, 1752, -960, -10624, 1813, 4541, -4405, 450, 43314
17604.0, 1245, -960, -10624, 1813, 4541, -4405, 450, 43298
17606.2, 99, -960, -10624, 1813, 4541, -4405, 450, 43298
17610.5, 1548, -661, -10357, 1319, 9143, -6934, -2515, 43298
17614.2, 1177, -661, -10357, 1319, 9143, -6934, -2515, 43255
17616.5, 41, -661, -10357, 1319, 9143, -6934, -2515, 43255
17620.7, 1727, -541, -10205, 512, 13829, -3233, -2318, 43255
17624.4, 1514, -541, -10205, 512, 13829, -3233, -2318, 43250
17626.7, 100, -541, -10205, 512, 13829, -3233, -2318, 43250
17630.9, 1496, -756, -10357, 973, 20370, -376, 1308, 43250
17634.6, 1542, -756, -10357, 973, 20370, -376, 1308, 43236
17636.9, 85, -756, -10357, 973, 20370, -376, 1308, 43236
17642.6, 2128, -845, -10278, 1051, 30896, -3933, 4410, 43217
17646.3, 1262, -845, -10278, 1051, 30896, -3933, 4410, 43195
17650.6, 1551, -713, -9792, 958, 37332, -7083, 6212, 43195
17654.4, 1776, -713, -9792, 958, 37332, -7083, 6212, 43163
17658.6, 1204, -857, -9973, 1186, 41851, -4571, 8347, 43163
17662.3, 1672, -857, -9973, 1186, 41851, -4571, 8347, 43143
17666.1, 1733, -857, -9973, 1186, 41851, -4571, 8347, 43110
17670.3, 1760, -1246, -10753, 1220, 47180, 1071, 11930, 43110
17674.1, 1220, -1246, -10753, 1220, 47180, 1071, 11930, 43086
17678.3, 705, -1630, -11085, 1372, 53283, 5919, 15343, 43086
17682.0, 1417, -1630, -11085, 1372, 53283, 5919, 15343, 43048
17685.8, 1330, -1630, -11085, 1372, 53283, 5919, 15343, 43012
17690.0, 1729, -1951, -10747, 2295, 62541, 691, 15452, 43012
17693.7, 2444, -1951, -10747, 2295, 62541, 691, 15452, 42979
17697.9, 1269, -1928, -10239, 2455, 67874, -6776, 15728, 42979
17701.6, 1811, -1928, -10239, 2455, 67874, -6776, 15728, 42937
17703.9, 1502, -1928, -10239, 2455, 67874, -6776, 15728, 42937
17709.7, 1299, -1830, -10659, 1875, 74284, -4921, 20247, 42890
17713.4, 1064, -1830, -10659, 1875, 74284, -4921, 20247, 42808
17719.1, 1396, -1905, -10909, 2559, 79665, -2918, 25086, 42819
17722.8, 1878, -1905, -10909, 2559, 79665, -2918, 25086, 42766
17728.8, 1406, -1973, -10554, 2852, 86700, -6654, 27051, 42748
17732.6, 1207, -1973, -10554, 2852, 86700, -6654, 27051, 43281
17738.3, 730, -1878, -10459, 3391, 93495, -7293, 29982, 42711
17742.0, 1802, -1878, -10459, 3391, 93495, -7293, 29982, 42667
17747.7, 1812, -1593, -10431, 3945, 104117, -6540, 34882, 42649
17751.4, 1186, -1593, -10431, 3945, 104117, -6540, 34882, 42669
17755.7, 1168, -1221, -10631, 3369, 110899, -5538, 39988, 42669
17759.4, 946, -1221, -10631, 3369, 110899, -5538, 39988, 42614
17761.7, 56, -1221, -10631, 3369, 110899, -5538, 39988, 42614
17765.9, 1156, -1295, -10698, 3649, 116193, -2931, 44245, 42614
17769.6, 1377, -1295, -10698, 3649, 116193, -2931, 44245, 42592
17771.9, 719, -1295, -10698, 3649, 116193, -2931, 44245, 42592
17777.6, 1280, -1587, -10485, 4178, 119242, 2773, 48585, 42586
17781.3, 1457, -1587, -10485, 4178, 119242, 2773, 48585, 42543
17785.6, 1513, -1777, -10293, 4390, 121412, 8785, 53231, 42543
17789.4, 1470, -1777, -10293, 4390, 121412, 8785, 53231, 42492
17791.6, 942, -1777, -10293, 4390, 121412, 8785, 53231, 42492
17795.9, 1171, -1959, -10261, 4628, 127183, 10447, 57260, 42492
17799.6, 429, -1959, -10261, 4628, 127183, 10447, 57260, 42547
17803.8, 749, -2151, -10104, 4400, 130718, 13269, 61246, 42547
17807.6, 783, -2151, -10104, 4400, 130718, 13269, 61246, 42564
17811.3, 1473, -2151, -10104, 4400, 130718, 13269, 61246, 42496
17815.6, 1491, -2538, -10185, 5365, 134406, 19136, 64619, 42496
17819.4, 1312, -2538, -10185, 5365, 134406, 19136, 64619, 42544
17823.6, 810, -2854, -10065, 6239, 137805, 20147, 66750, 42544
17827.3, 742, -2854, -10065, 6239, 137805, 20147, 66750, 43255
17831.1, 152, -2854, -10065, 6239, 137805, 20147, 66750, 42532
17835.4, 1425, -2639, -9973, 6641, 140234, 17032, 68592, 42532
17839.1, 2157, -2639, -9973, 6641, 140234, 17032, 68592, 42528
17843.3, 799, -2483, -9798, 6812, 142421, 12293, 69725, 42528
17847.0, 344, -2483, -9798, 6812, 142421, 12293, 69725, 42446
17850.7, 327, -2483, -9798, 6812, 142421, 12293, 69725, 42500
17855.0, 1095, -2574, -9998, 6279, 143257, 8898, 70359, 42500
17858.7, 1866, -2574, -9998, 6279, 143257, 8898, 70359, 42458
17862.9, 1180, -2862, -9005, 6066, 143344, 7905, 72311, 42458
17866.7, 1767, -2862, -9005, 6066, 143344, 7905, 72311, 42443
17869.0, 611, -2862, -9005, 6066, 143344, 7905, 72311, 42443
17874.8, 2083, -3224, -8399, 6382, 143344, 8085, 77062, 42416
17878.5, 1498, -3224, -8399, 6382, 143344, 8085, 77062, 42383
17882.7, 274, -3552, -8306, 6471, 143344, 11108, 82080, 42383
17886.5, 1434, -3552, -8306, 6471, 143344, 11108, 82080, 42328
17888.8, 1222, -3552, -8306, 6471, 143344, 11108, 82080, 42328
17894.6, 524, -3588, -8521, 6812, 143344, 14792, 84648, 42320
17898.3, 435, -3588, -8521, 6812, 143344, 14792, 84648, 42281
17904.0, 2294, -3281, -8529, 7324, 143344, 14923, 83498, 42254
17906.3, 1791, -3281, -8529, 7324, 143344, 14923, 83498, 42254
17908.5, 1213, -3281, -8529, 7324, 143344, 14923, 83498, 42254
17914.3, 737, -3169, -8227, 7986, 143344, 11992, 81035, 42209
17916.5, 424, -3169, -8227, 7986, 143344, 11992, 81035, 42209
17920.8, 874, -3169, -8227, 7986, 143344, 9546, 79985, 42209
17924.6, 1412, -3169, -8227, 7986, 143344, 9546, 79985, 42161
17926.8, 909, -3169, -8227, 7986, 143344, 9546, 79985, 42161
17932.6, 982, -3186, -7249, 7511, 143344, 7603, 81371, 42105
17936.3, 2306, -3186, -7249, 7511, 143344, 7603, 81371, 42063
17940.6, 1822, -3184, -7249, 7511, 143344, 7538, 84981, 42063
17944.3, 1090, -3184, -7249, 7511, 143344, 7538, 84981, 42016
17946.6, 893, -3184, -7249, 7511, 143344, 7538, 84981, 42016
17950.9, 1663, -3394, -6680, 7590, 143344, 5451, 89181, 42016
17954.7, 1143, -3394, -6680, 7590, 143344, 5451, 89181, 41974
17957.0, 1452, -3394, -6680, 7590, 143344, 5451, 89181, 41974
17962.7, 1298, -3576, -6433, 7359, 143344, 3648, 90467, 41967
17966.4, 713, -3576, -6433, 7359, 143344, 3648, 90467, 41906
17970.7, 1610, -3796, -6160, 7548, 143344, 4659, 88267, 41906
17974.5, 2113, -3796, -6160, 7548, 143344, 4659, 88267, 41876
17978.7, 1681, -3796, -6160, 7548, 143344, 4659, 88267, 41876
17982.5, 478, -3796, -6160, 7548, 143344, 4659, 88267, 41838
17986.2, 837, -3796, -6160, 7548, 143344, 4659, 88267, 41807
17990.5, 1622, -3612, -5918, 7612, 143344, 9358, 81568, 41807
17994.2, 1166, -3612, -5918, 7612, 143344, 9358, 81568, 41772
17998.4, 421, -3612, -5918, 7612, 143344, 9358, 81568, 41772
18002.1, 1965, -3612, -5918, 7612, 143344, 9358, 81568, 41725
18005.9, 2808, -3612, -5918, 7612, 143344, 9358, 81568, 41692
18010.1, 1900, -3790, -5364, 8538, 143344, 13632, 83856, 41692
18013.8, 310, -3790, -5364, 8538, 143344, 13632, 83856, 41653
18018.1, 1355, -3790, -5364, 8538, 143344, 13632, 83856, 41653
18021.8, 2251, -3790, -5364, 8538, 143344, 13632, 83856, 41617
18024.1, 1622, -3790, -5364, 8538, 143344, 13632, 83856, 41617
18029.9, 1058, -3853, -4281, 8374, 143344, 8645, 85099, 41557
18033.6, 2815, -3853, -4281, 8374, 143344, 8645, 85099, 41524
18037.8, 1154, -3853, -4281, 8374, 143344, 8645, 85099, 41524
18041.6, 208, -3853, -4281, 8374, 143344, 8645, 85099, 41479
18043.8, 1613, -3853, -4281, 8374, 143344, 8645, 85099, 41479
18049.6, 2079, -4103, -3728, 8434, 143344, 7231, 84876, 41477
18053.3, 1543, -4103, -3728, 8434, 143344, 7231, 84876, 41371
18059.0, 1966, -4103, -3728, 7738, 143344, 6580, 83104, 41366
18062.7, 1759, -4103, -3728, 7738, 143344, 6580, 83104, 41326
18068.4, 358, -4267, -3733, 7738, 143344, 6580, 83104, 41283
18072.2, 641, -4267, -3733, 7738, 143344, 6580, 83104, 41221
18077.9, 2054, -4155, -3898, 7112, 143344, 9874, 80448, 41154
18081.6, 2906, -4155, -3898, 7112, 143344, 9874, 80448, 41099
18085.8, 1644, -4288, -3390, 7884, 143344, 14157, 77456, 41099
18089.6, 1186, -4288, -3390, 7884, 143344, 14157, 77456, 41050
18091.9, 1755, -4288, -3390, 7884, 143344, 14157, 77456, 41050
18097.6, 1883, -4195, -3140, 8115, 143344, 18646, 75303, 40204
18101.4, 92, -4195, -3140, 8115, 143344, 18646, 75303, 40182
18105.6, 782, -4001, -2824, 8154, 143344, 18545, 72879, 40182
18109.4, 3017, -4001, -2824, 8154, 143344, 18545, 72879, 40159
18111.6, 1753, -4001, -2824, 8154, 143344, 18545, 72879, 40159
18115.9, 2440, -4191, -2410, 7685, 143344, 14498, 69839, 40159
18119.7, 2539, -4191, -2410, 7685, 143344, 14498, 69839, 40139
18123.9, 1150, -4384, -2018, 7989, 143344, 14131, 69673, 40139
18127.7, 1961, -4384, -2018, 7989, 143344, 14131, 69673, 40120
18131.4, 2055, -4384, -2018, 7989, 143344, 14131, 69673, 40100
18135.7, 1064, -4071, -2049, 7852, 143344, 14796, 71051, 40100
18139.5, 782, -4071, -2049, 7852, 143344, 14796, 71051, 40095
18143.7, 1109, -3934, -2059, 8126, 143344, 9944, 70753, 40095
18147.5, 2186, -3934, -2059, 8126, 143344, 9944, 70753, 40098
18151.3, 1671, -3934, -2059, 8126, 143344, 9944, 70753, 40068
18155.5, 495, -3836, -1772, 7724, 143344, 9038, 69834, 40068
18159.3, 1062, -3836, -1772, 7724, 143344, 9038, 69834, 40058
18163.5, 2015, -3954, -1598, 8338, 143344, 11650, 67726, 40058
18167.3, 2753, -3954, -1598, 8338, 143344, 11650, 67726, 40043
18171.0, 2017, -3954, -1598, 8338, 143344, 11650, 67726, 40045
18175.3, 2966, -3863, -1101, 7953, 143344, 13855, 64663, 40045
18179.1, 2353, -3863, -1101, 7953, 143344, 13855, 64663, 40052
18183.3, 706, -3508, -738, 7925, 142566, 15719, 62340, 40052
18187.0, 588, -3508, -738, 7925, 142566, 15719, 62340, 40027
18190.8, 1802, -3508, -738, 7925, 142566, 15719, 62340, 40061
18195.0, 2221, -3866, -394, 7509, 142526, 13028, 62572, 40061
18198.8, 1575, -3866, -394, 7509, 142526, 13028, 62572, 40055
18203.0, 3184, -4402, -439, 7012, 140304, 9008, 65744, 40055
18206.7, 3132, -4402, -439, 7012, 140304, 9008, 65744, 40068
18210.5, 1671, -4402, -439, 7012, 140304, 9008, 65744, 39992
18214.7, 1020, -4424, -251, 7175, 139617, 10263, 66706, 39992
18218.5, 180, -4424, -251, 7175, 139617, 10263, 66706, 40055
18224.2, 2373, -4369, -468, 8331, 139652, 9393, 61894, 40053
18226.4, 3223, -4369, -468, 8331, 139652, 9393, 61894, 40053
18228.7, 2597, -4369, -468, 8331, 139652, 9393, 61894, 40053
18234.4, 192, -4124, -64, 8288, 135907, 10832, 54434, 40033
18236.7, 166, -4124, -64, 8288, 135907, 10832, 54434, 40033
18242.5, 1706, -3803, -31, 8281, 137193, 9948, 48388, 40020
18246.3, 302, -3803, -31, 8281, 137193, 9948, 48388, 40013
18250.5, 1091, -3733, 618, 6845, 130495, 643, 46712, 40013
18254.3, 2370, -3733, 618, 6845, 130495, 643, 46712, 40011
18256.6, 1065, -3733, 618, 6845, 130495, 643, 46712, 40011
18260.8, 791, -3858, 1310, 6540, 127463, -3517, 49145, 40011
18264.6, 2581, -3858, 1310, 6540, 127463, -3517, 49145, 40010
18266.9, 1984, -3858, 1310, 6540, 127463, -3517, 49145, 40010
18272.6, 556, -4039, 1759, 7202, 125796, -1041, 53388, 40024
18276.3, 602, -4039, 1759, 7202, 125796, -1041, 53388, 39957
18280.5, 1982, -4469, 1760, 6640, 126282, 5061, 55926, 39957
18284.3, 820, -4469, 1760, 6640, 126282, 5061, 55926, 40022
18286.5, 517, -4469, 1760, 6640, 126282, 5061, 55926, 40022
18290.8, 3044, -4639, 1429, 6372, 121775, 11532, 53362, 40022
18294.6, 1388, -4639, 1429, 6372, 121775, 11532, 53362, 40002
18298.8, 1865, -4701, 1553, 7879, 123403, 15146, 45513, 40002
18302.5, 1844, -4701, 1553, 7879, 123403, 15146, 45513, 40026
18306.3, 384, -4701, 1553, 7879, 123403, 15146, 45513, 40020
18310.5, 2002, -4913, 1652, 8543, 125026, 13440, 38194, 40020
18314.3, 212, -4913, 1652, 8543, 125026, 13440, 38194, 40019
18318.5, 2229, -4610, 1767, 7184, 121193, 5149, 34523, 40019
18322.2, 2729, -4610, 1767, 7184, 121193, 5149, 34523, 39950
18326.0, 1190, -4610, 1767, 7184, 121193, 5149, 34523, 40002
18330.3, 2470, -3891, 2374, 6702, 115655, -2830, 33399, 40002
18334.0, 1770, -3891, 2374, 6702, 115655, -2830, 33399, 39986
18338.3, 1568, -3265, 3360, 6769, 113410, -4095, 33373, 39986
18342.0, 891, -3265, 3360, 6769, 113410, -4095, 33373, 40004
18345.7, 701, -3265, 3360, 6769, 113410, -4095, 33373, 40000
18350.0, 767, -3319, 3556, 5759, 109770, -17, 34278, 40000
18353.7, 1800, -3319, 3556, 5759, 109770, -17, 34278, 39991
18357.9, 2297, -3998, 3798, 6619, 112321, 9725, 38627, 39991
18361.7, 798, -3998, 3798, 6619, 112321, 9725, 38627, 39923
18364.0, 1056, -3998, 3798, 6619, 112321, 9725, 38627, 39923
18369.8, 2554, -3695, 3640, 6318, 103426, 14866, 40023, 39976
18373.5, 478, -3695, 3640, 6318, 103426, 14866, 40023, 39952
18377.7, 1344, -4338, 4099, 7414, 101733, 11733, 39082, 39952
18381.5, 2553, -4338, 4099, 7414, 101733, 11733, 39082, 39976
18383.7, 3110, -4338, 4099, 7414, 101733, 11733, 39082, 39976
18389.5, 997, -5169, 4141, 7951, 100959, 7236, 40377, 39977
18391.7, 60, -5169, 4141, 7951, 100959, 7236, 40377, 39977
18396.0, 510, -5586, 3190, 6681, 99506, 1561, 40088, 39977
18399.7, 3166, -5586, 3190, 6681, 99506, 1561, 40088, 39976
18402.0, 3180, -5586, 3190, 6681, 99506, 1561, 40088, 39976
18407.7, 1605, -5062, 3660, 6667, 99489, -5486, 32550, 40052
18411.4, 1807, -5062, 3660, 6667, 99489, -5486, 32550, 39976
18415.7, 2002, -4066, 4009, 6831, 92882, -11471, 23301, 39976
18419.4, 1543, -4066, 4009, 6831, 92882, -11471, 23301, 39976
18421.7, 1208, -4066, 4009, 6831, 92882, -11471, 23301, 39976
18425.9, 1243, -3391, 4990, 6385, 89667, -17609, 19552, 39976
18429.6, 1804, -3391, 4990, 6385, 89667, -17609, 19552, 39973
18431.9, 1708, -3391, 4990, 6385, 89667, -17609, 19552, 39973
18437.6, 1545, -3118, 5542, 5733, 85602, -17749, 22815, 39998
18441.3, 1446, -3118, 5542, 5733, 85602, -17749, 22815, 39977
18445.6, 2512, -3154, 5486, 5023, 78414, -11410, 27790, 39977
18449.4, 1419, -3154, 5486, 5023, 78414, -11410, 27790, 39975
18451.6, 1149, -3154, 5486, 5023, 78414, -11410, 27790, 39975
18455.9, 1094, -3748, 5480, 5777, 75693, -3189, 30367, 39975
18459.6, 905, -3748, 5480, 5777, 75693, -3189, 30367, 39973
18463.8, 2603, -4660, 4914, 6412, 76874, 7249, 28805, 39973
18467.6, 2367, -4660, 4914, 6412, 76874, 7249, 28805, 39966
18471.3, 1327, -4660, 4914, 6412, 76874, 7249, 28805, 39968
18475.6, 2067, -5489, 4509, 6954, 76948, 13825, 24434, 39968
18479.4, 3164, -5489, 4509, 6954, 76948, 13825, 24434, 39960
18483.6, 1170, -5261, 4962, 7406, 72604, 8662, 20492, 39960
18487.3, 427, -5261, 4962, 7406, 72604, 8662, 20492, 39956
18491.1, 1583, -5261, 4962, 7406, 72604, 8662, 20492, 39965
18495.3, 2073, -4036, 5142, 6279, 66194, -1841, 18685, 39965
18499.1, 2291, -4036, 5142, 6279, 66194, -1841, 18685, 39960
18503.3, 1507, -2839, 5516, 5663, 63963, -5858, 19210, 39960
18507.0, 1812, -2839, 5516, 5663, 63963, -5858, 19210, 39970
18510.8, 1592, -2839, 5516, 5663, 63963, -5858, 19210, 39929
18515.0, 1150, -2624, 5891, 5250, 58901, -3788, 19399, 39929
18518.7, 1765, -2624, 5891, 5250, 58901, -3788, 19399, 39964
18522.9, 2285, -3211, 6128, 5161, 60113, -2970, 18913, 39964
18526.7, 1898, -3211, 6128, 5161, 60113, -2970, 18913, 39918
18529.0, 474, -3211, 6128, 5161, 60113, -2970, 18913, 39918
18534.8, 856, -4096, 5846, 5066, 59986, -870, 16507, 39965
18538.5, 2558, -4096, 5846, 5066, 59986, -870, 16507, 39974
18542.7, 2719, -4787, 5579, 5791, 60336, 2603, 15391, 39974
18546.5, 1171, -4787, 5579, 5791, 60336, 2603, 15391, 39958
18548.8, 149, -4787, 5579, 5791, 60336, 2603, 15391, 39958
18554.5, 1839, -4995, 5268, 6411, 60529, 533, 14468, 39960
18556.7, 2235, -4995, 5268, 6411, 60529, 533, 14468, 39960
18561.0, 1617, -4995, 5268, 6411, 60529, -4672, 11134, 39960
18564.8, 1202, -4995, 5268, 6411, 60529, -4672, 11134, 39972
18567.1, 1437, -4995, 5268, 6411, 60529, -4672, 11134, 39972
18572.8, 840, -4506, 5602, 6117, 57339, -8229, 6291, 40004
18576.5, 2800, -4506, 5602, 6117, 57339, -8229, 6291, 39992
18580.7, 1914, -3616, 6212, 6061, 57339, -5512, 3613, 39992
18584.4, 2478, -3616, 6212, 6061, 57339, -5512, 3613, 40004
18586.7, 2333, -3616, 6212, 6061, 57339, -5512, 3613, 40004
18590.9, 865, -3320, 6921, 5354, 52093, -2222, 5543, 40004
18594.6, 69, -3320, 6921, 5354, 52093, -2222, 5543, 40011
18596.9, 1480, -3320, 6921, 5354, 52093, -2222, 5543, 40011
18602.6, 1923, -3461, 6413, 4831, 45658, -2169, 8601, 40064
18606.3, 1303, -3461, 6413, 4831, 45658, -2169, 8601, 40047
18610.6, 2085, -3863, 6779, 4831, 42040, -1045, 8942, 40047
18614.3, 1429, -3863, 6779, 4831, 42040, -1045, 8942, 40034
18616.6, 260, -3863, 6779, 4831, 42040, -1045, 8942, 40034
18620.8, 1353, -3885, 6686, 4753, 38491, -4738, 7840, 40034
18624.6, 1768, -3885, 6686, 4753, 38491, -4738, 7840, 40072
18628.9, 1920, -3549, 7788, 4753, 38491, -4738, 7840, 40072
18632.6, 2095, -3549, 7788, 4753, 38491, -4738, 7840, 40200
18636.3, 1751, -3549, 7788, 4753, 38491, -4738, 7840, 40207
18640.6, 1304, -3734, 7331, 5280, 32791, -10482, 10049, 40207
18644.4, 1246, -3734, 7331, 5280, 32791, -10482, 10049, 40209
18648.6, 1673, -3787, 6137, 5280, 32791, -10482, 10049, 40209
18652.3, 1669, -3787, 6137, 5280, 32791, -10482, 10049, 40226
18656.1, 1055, -3787, 6137, 5280, 32791, -10482, 10049, 40235
18660.3, 2648, -4112, 6715, 5199, 29334, -8378, 10666, 40235
18664.1, 1206, -4112, 6715, 5199, 29334, -8378, 10666, 40233
18668.3, 1938, -4095, 7115, 5199, 29334, -8378, 10666, 40233
18672.0, 1451, -4095, 7115, 5199, 29334, -8378, 10666, 40238
18675.8, 2200, -4095, 7115, 5199, 29334, -8378, 10666, 40274
18680.0, 1851, -3783, 7234, 4786, 23249, -1119, 10071, 40274
18683.7, 1578, -3783, 7234, 4786, 23249, -1119, 10071, 40248
18687.9, 1748, -3806, 6851, 4786, 23249, -1119, 10071, 40248
18691.7, 1431, -3806, 6851, 4786, 23249, -1119, 10071, 40231
18694.0, 1490, -3806, 6851, 4786, 23249, -1119, 10071, 40231
18699.8, 1336, -3783, 6848, 5046, 15702, 2318, 10115, 40256
18703.5, 1561, -3783, 6848, 5046, 15702, 2318, 10115, 40271
18707.8, 1823, -3712, 7082, 5046, 15702, 2318, 10115, 40271
18711.5, 1367, -3712, 7082, 5046, 15702, 2318, 10115, 40275
18713.8, 745, -3712, 7082, 5046, 15702, 2318, 10115, 40275
18719.5, 1712, -3767, 7055, 5328, 12945, 3141, 10106, 40284
18721.8, 1186, -3767, 7055, 5328, 12945, 3141, 10106, 40284
18727.5, 2183, -3738, 7383, 5544, 11808, 1671, 9660, 40292
18731.2, 1459, -3738, 7383, 5544, 11808, 1671, 9660, 40298
18735.5, 1777, -3336, 7052, 5671, 7971, 914, 8575, 40298
18739.2, 2417, -3336, 7052, 5671, 7971, 914, 8575, 40316
18741.5, 1662, -3336, 7052, 5671, 7971, 914, 8575, 40316
18745.7, 1526, -3254, 7282, 5554, 3093, -1421, 8238, 40316
18749.4, 1636, -3254, 7282, 5554, 3093, -1421, 8238, 40332
18751.7, 828, -3254, 7282, 5554, 3093, -1421, 8238, 40332
18755.9, 1641, -3460, 7294, 5315, -573, -2130, 8386, 40332
18759.6, 2057, -3460, 7294, 5315, -573, -2130, 8386, 40362
18761.9, 1167, -3460, 7294, 5315, -573, -2130, 8386, 40362
18767.6, 1740, -3631, 7106, 4894, -5158, -800, 9196, 40361
18771.3, 1771, -3631, 7106, 4894, -5158, -800, 9196, 40378
18775.6, 1377, -3777, 7189, 4720, -10797, 1058, 9305, 40378
18779.4, 2100, -3777, 7189, 4720, -10797, 1058, 9305, 40399
18783.6, 2068, -4010, 7311, 4936, -15330, 3123, 9301, 40399
18787.3, 1205, -4010, 7311, 4936, -15330, 3123, 9301, 40411
18791.1, 1150, -4010, 7311, 4936, -15330, 3123, 9301, 40440
18795.4, 2593, -3960, 6999, 5021, -19359, 3981, 9848, 40440
18799.1, 2001, -3960, 6999, 5021, -19359, 3981, 9848, 40469
18803.3, 1705, -3965, 6875, 5179, -23060, 4191, 8776, 40469
18807.0, 1436, -3965, 6875, 5179, -23060, 4191, 8776, 40474
18810.7, 1666, -3965, 6875, 5179, -23060, 4191, 8776, 40511
18815.0, 1737, -3740, 6880, 5148, -26967, 5048, 7665, 40511
18818.7, 1999, -3740, 6880, 5148, -26967, 5048, 7665, 40519
18822.9, 1863, -3533, 6452, 5491, -32410, 5893, 6308, 40519
18826.7, 1554, -3533, 6452, 5491, -32410, 5893, 6308, 40528
18829.0, 1096, -3533, 6452, 5491, -32410, 5893, 6308, 40528
18834.8, 1685, -3477, 6769, 5151, -36978, 5538, 5000, 40554
18838.5, 1640, -3477, 6769, 5151, -36978, 5538, 5000, 40578
18842.7, 1811, -3448, 6569, 5408, -39423, 6431, 2261, 40578
18846.5, 1781, -3448, 6569, 5408, -39423, 6431, 2261, 40589
18848.8, 1219, -3448, 6569, 5408, -39423, 6431, 2261, 40589
18854.6, 1994, -3574, 6844, 5107, -45102, 5726, -258, 40587
18858.3, 1708, -3574, 6844, 5107, -45102, 5726, -258, 40619
18864.0, 1852, -3634, 6878, 4931, -50663, 4851, -1693, 40646
18867.8, 2021, -3634, 6878, 4931, -50663, 4851, -1693, 40654
18873.5, 1567, -3699, 6541, 5072, -53896, 5713, -3281, 40235
18875.7, 710, -3699, 6541, 5072, -53896, 5713, -3281, 40235
18878.0, 1007, -3699, 6541, 5072, -53896, 5713, -3281, 40235
18883.7, 2067, -3827, 6413, 5535, -55738, 7538, -5761, 40698
18885.9, 1461, -3827, 6413, 5535, -55738, 7538, -5761, 40698
18888.2, 1403, -3827, 6413, 5535, -55738, 7538, -5761, 40698
18893.9, 1788, -3863, 6211, 5799, -57991, 7888, -10242, 40720
18896.2, 938, -3863, 6211, 5799, -57991, 7888, -10242, 40720
18900.5, 1913, -3839, 6009, 5580, -58341, 5801, -13370, 40720
18904.2, 1861, -3839, 6009, 5580, -58341, 5801, -13370, 40748
18906.5, 1038, -3839, 6009, 5580, -58341, 5801, -13370, 40748
18910.7, 1538, -3711, 5958, 5682, -58446, 3110, -18257, 40748
18914.4, 1855, -3711, 5958, 5682, -58446, 3110, -18257, 40768
18916.7, 1148, -3711, 5958, 5682, -58446, 3110, -18257, 40768
18920.9, 1952, -3552, 6192, 5708, -60034, -2069, -23809, 40768
18924.6, 1635, -3552, 6192, 5708, -60034, -2069, -23809, 40799
18926.9, 977, -3552, 6192, 5708, -60034, -2069, -23809, 40799
18932.6, 2135, -3305, 6651, 5321, -63342, -4392, -26574, 40817
18936.3, 1743, -3305, 6651, 5321, -63342, -4392, -26574, 40851
18940.6, 1915, -3390, 6601, 5709, -67638, -2301, -26075, 40851
18944.4, 1707, -3390, 6601, 5709, -67638, -2301, -26075, 40876
18948.6, 1670, -3374, 6479, 6090, -69839, 253, -24216, 40876
18952.3, 2445, -3374, 6479, 6090, -69839, 253, -24216, 40911
18956.1, 938, -3374, 6479, 6090, -69839, 253, -24216, 40921
18960.3, 1267, -3210, 6379, 5892, -76148, 1640, -24093, 40921
18964.1, 2290, -3210, 6379, 5892, -76148, 1640, -24093, 40959
18968.3, 2226, -3419, 6030, 6348, -78291, 3136, -25287, 40959
18972.0, 1977, -3419, 6030, 6348, -78291, 3136, -25287, 40981
18975.7, 1878, -3419, 6030, 6348, -78291, 3136, -25287, 41012
18980.0, 1955, -3599, 5724, 6618, -77889, 6138, -27195, 41012
18983.7, 1178, -3599, 5724, 6618, -77889, 6138, -27195, 41041
18987.9, 1271, -3929, 5315, 5763, -85777, 3701, -30949, 41041
18991.7, 1868, -3929, 5315, 5763, -85777, 3701, -30949, 41053
18994.0, 1145, -3929, 5315, 5763, -85777, 3701, -30949, 41053
18999.8, 2035, -4017, 5464, 5729, -87462, 201, -33084, 41088
19003.5, 1066, -4017, 5464, 5729, -87462, 201, -33084, 41099
19007.7, 1427, -3602, 5566, 6002, -90822, 2725, -33399, 41099
19011.5, 1759, -3602, 5566, 6002, -90822, 2725, -33399, 41115
19013.8, 1141, -3602, 5566, 6002, -90822, 2725, -33399, 41115
19019.6, 1780, -3607, 5311, 5895, -95652, 5481, -34593, 41130
19023.3, 1002, -3607, 5311, 5895, -95652, 5481, -34593, 41132
19029.1, 2258, -3579, 5242, 6346, -97314, 10819, -35350, 41146
19032.8, 1742, -3579, 5242, 6346, -97314, 10819, -35350, 41160
19038.5, 1281, -3735, 4861, 6890, -100893, 15710, -36081, 41153
19040.7, 898, -3735, 4861, 6890, -100893, 15710, -36081, 41153
19043.0, 702, -3735, 4861, 6890, -100893, 15710, -36081, 41153
19048.7, 1700, -3841, 4695, 7530, -100622, 12293, -36435, 41148
19051.0, 1479, -3841, 4695, 7530, -100622, 12293, -36435, 41148
19055.2, 1749, -4030, 4405, 7262, -101882, 1964, -37874, 41148
19059.0, 1723, -4030, 4405, 7262, -101882, 1964, -37874, 41109
19061.2, 1647, -4030, 4405, 7262, -101882, 1964, -37874, 41109
19065.5, 1252, -4447, 4330, 6905, -103203, -6654, -40893, 41109
19069.2, 937, -4447, 4330, 6905, -103203, -6654, -40893, 41142
19071.5, 1013, -4447, 4330, 6905, -103203, -6654, -40893, 41142
19075.7, 1434, -4309, 4127, 6643, -102997, -5805, -43667, 41142
19079.4, 1490, -4309, 4127, 6643, -102997, -5805, -43667, 41131
19081.7, 1097, -4309, 4127, 6643, -102997, -5805, -43667, 41131
19085.9, 1848, -3650, 3860, 6364, -104047, -1658, -45741, 41131
19089.6, 1552, -3650, 3860, 6364, -104047, -1658, -45741, 41127
19091.9, 1156, -3650, 3860, 6364, -104047, -1658, -45741, 41127
19097.6, 1990, -3531, 3494, 6165, -105137, 1220, -46104, 41080
19101.3, 785, -3531, 3494, 6165, -105137, 1220, -46104, 41103
19105.6, 892, -4020, 3445, 6454, -104008, 6623, -43011, 41103
19109.3, 1351, -4020, 3445, 6454, -104008, 6623, -43011, 41098
19113.5, 1701, -4020, 3445, 6454, -100854, 10163, -40114, 41098
19117.2, 1407, -4020, 3445, 6454, -100854, 10163, -40114, 41077
19121.3, 1465, -4020, 3445, 6454, -100854, 10163, -40114, 41098
19125.6, 1751, -4701, 2590, 7965, -104726, 6510, -41182, 41098
19129.3, 662, -4701, 2590, 7965, -104726, 6510, -41182, 41053
19133.6, 1410, -4701, 3027, 8581, -104419, -8207, -47014, 41053
19137.3, 2289, -4701, 3027, 8581, -104419, -8207, -47014, 41029
19141.1, 1803, -4701, 3027, 8581, -104419, -8207, -47014, 41012
19145.3, 2094, -4100, 3241, 8443, -107149, -18121, -53524, 41012
19149.0, 1852, -4100, 3241, 8443, -107149, -18121, -53524, 41016
19153.2, 1596, -4100, 3241, 7817, -108558, -24128, -57361, 41016
19157.0, 1176, -4100, 3241, 7817, -108558, -24128, -57361, 41007
19160.7, 1489, -4100, 3241, 7817, -108558, -24128, -57361, 41007
19165.0, 1652, -3919, 3674, 7481, -105706, -26337, -54067, 41007
19168.7, 1780, -3919, 3674, 7481, -105706, -26337, -54067, 40122
19172.9, 1605, -3919, 3674, 6181, -111524, -19254, -47902, 40122
19176.6, 1504, -3919, 3674, 6181, -111524, -19254, -47902, 40098
19178.9, 1176, -3919, 3674, 6181, -111524, -19254, -47902, 40098
19184.6, 1299, -4414, 2700, 6575, -111695, -14372, -44529, 40076
19188.3, 1737, -4414, 2700, 6575, -111695, -14372, -44529, 40065
19194.0, 1474, -4414, 2700, 7555, -106314, -6426, -43632, 40061
19196.3, 1303, -4414, 2700, 7555, -106314, -6426, -43632, 40061
19198.5, 968, -4414, 2700, 7555, -106314, -6426, -43632, 40061
19204.3, 1882, -4928, 1448, 8398, -102433, 2008, -46266, 40062
19206.5, 1343, -4928, 1448, 8398, -102433, 2008, -46266, 40062
19210.8, 1200, -4928, 1448, 8398, -102433, 2008, -46266, 40062
19214.5, 1303, -4928, 1448, 8398, -102433, 2008, -46266, 40056
19216.8, 1584, -4928, 1448, 8398, -102433, 2008, -46266, 40056
19222.5, 2232, -4729, 735, 8578, -101926, 4121, -51157, 40054
19226.2, 1340, -4729, 735, 8578, -101926, 4121, -51157, 40042
19230.5, 1635, -4833, 512, 8742, -105172, 223, -55475, 40042
19234.2, 1436, -4833, 512, 8742, -105172, 223, -55475, 40040
19236.5, 1111, -4833, 512, 8742, -105172, 223, -55475, 40040
19240.7, 1589, -4734, 786, 9127, -107613, -9095, -57899, 40040
19244.4, 1928, -4734, 786, 9127, -107613, -9095, -57899, 40043
19246.7, 1878, -4734, 786, 9127, -107613, -9095, -57899, 40043
19250.9, 1865, -4304, 1405, 8514, -111621, -25725, -60415, 40043
19254.6, 1459, -4304, 1405, 8514, -111621, -25725, -60415, 40038
19258.9, 1338, -4047, 1685, 7794, -117584, -25725, -60415, 40038
19262.6, 1745, -4047, 1685, 7794, -117584, -25725, -60415, 40042
19266.3, 2043, -4047, 1685, 7794, -117584, -25725, -60415, 40033
19270.5, 583, -4115, 2035, 8143, -116709, -28267, -57029, 40033
19274.3, 1207, -4115, 2035, 8143, -116709, -28267, -57029, 40049
19278.5, 1930, -4305, 1192, 8002, -115304, -21875, -57029, 40049
19282.2, 1872, -4305, 1192, 8002, -115304, -21875, -57029, 40047
19286.0, 1635, -4305, 1192, 8002, -115304, -21875, -57029, 40057
19290.3, 556, -4807, -233, 8687, -106939, -15697, -54128, 40057
19294.0, 929, -4807, -233, 8687, -106939, -15697, -54128, 40048
19298.3, 2657, -4925, -1824, 8179, -106939, -6711, -54128, 40048
19302.0, 2201, -4925, -1824, 8179, -106939, -6711, -54128, 40053
19305.7, 1819, -4925, -1824, 8179, -106939, -6711, -54128, 40051
19310.0, 1639, -4965, -2694, 8094, -104909, -2344, -61994, 40051
19313.7, 1017, -4965, -2694, 8094, -104909, -2344, -61994, 40044
19317.9, 1767, -4552, -2843, 7972, -101046, -4860, -61994, 40044
19321.7, 1929, -4552, -2843, 7972, -101046, -4860, -61994, 40043
19324.0, 1480, -4552, -2843, 7972, -101046, -4860, -61994, 40043
19329.8, 1539, -4179, -1718, 7514, -101068, -14297, -67336, 40049
19333.5, 1546, -4179, -1718, 7514, -101068, -14297, -67336, 40055
19337.7, 1295, -3842, -379, 7512, -109131, -14297, -67336, 40055
19341.5, 1560, -3842, -379, 7512, -109131, -14297, -67336, 39989
19343.8, 1607, -3842, -379, 7512, -109131, -14297, -67336, 39989
19349.6, 2262, -3650, 629, 8370, -117405, -13160, -63832, 40071
19353.3, 931, -3650, 629, 8370, -117405, -13160, -63832, 40067
19359.0, 749, -3463, 647, 8557, -123910, -13160, -63832, 40068
19361.3, 1015, -3463, 647, 8557, -123910, -13160, -63832, 40068
19363.5, 1929, -3463, 647, 8557, -123910, -13160, -63832, 40068
19369.3, 1550, -4113, -638, 9305, -118385, -13510, -61010, 40064
19371.5, 1241, -4113, -638, 9305, -118385, -13510, -61010, 40064
19375.8, 2176, -4791, -2529, 9378, -111008, -8172, -56998, 40064
19379.6, 2271, -4791, -2529, 9378, -111008, -8172, -56998, 40088
19381.8, 1535, -4791, -2529, 9378, -111008, -8172, -56998, 40088
19387.5, 1352, -4783, -4563, 8738, -107224, 962, -58149, 40100
19391.2, 1038, -4783, -4563, 8738, -107224, 962, -58149, 40107
19395.5, 1519, -4515, -4822, 8640, -105784, -34, -66619, 40107
19399.2, 2033, -4515, -4822, 8640, -105784, -34, -66619, 40134
19401.5, 2020, -4515, -4822, 8640, -105784, -34, -66619, 40134
19405.7, 1751, -4218, -3579, 7640, -107670, -7630, -74726, 40134
19409.4, 1713, -4218, -3579, 7640, -107670, -7630, -74726, 40119
19411.7, 1461, -4218, -3579, 7640, -107670, -7630, -74726, 40119
19415.9, 1578, -3590, -2130, 7353, -111258, -12477, -76926, 40119
19419.6, 1767, -3590, -2130, 7353, -111258, -12477, -76926, 40139
19423.8, 1278, -3273, -829, 7220, -116836, -8846, -73103, 40139
19427.6, 1639, -3273, -829, 7220, -116836, -8846, -73103, 40145
19431.4, 2555, -3273, -829, 7220, -116836, -8846, -73103, 40111
19435.6, 1728, -3570, -887, 7864, -119675, -1574, -66877, 40111
19439.4, 1453, -3570, -887, 7864, -119675, -1574, -66877, 40107
19443.6, 1433, -4240, -2292, 9125, -117068, 7297, -61355, 40107
19447.3, 1444, -4240, -2292, 9125, -117068, 7297, -61355, 40152
19451.1, 1725, -4240, -2292, 9125, -117068, 7297, -61355, 40157
19455.3, 2691, -4787, -4491, 8569, -114714, 15999, -60288, 40157
19459.1, 1840, -4787, -4491, 8569, -114714, 15999, -60288, 40176
19463.3, 1146, -4937, -5930, 8069, -117308, 13860, -67922, 40176
19467.0, 975, -4937, -5930, 8069, -117308, 13860, -67922, 40172
19470.7, 1307, -4937, -5930, 8069, -117308, 13860, -67922, 40180
19475.0, 1407, -5039, -5694, 10129, -106983, 5022, -78151, 40180
19478.7, 2022, -5039, -5694, 10129, -106983, 5022, -78151, 40195
19482.9, 1905, -4645, -5564, 9077, -100079, -258, -80864, 40195
19486.7, 2056, -4645, -5564, 9077, -100079, -258, -80864, 40200
19489.0, 1328, -4645, -5564, 9077, -100079, -258, -80864, 40200
19494.8, 1546, -3504, -5428, 7643, -100924, -9331, -79950, 40170
19498.5, 1771, -3504, -5428, 7643, -100924, -9331, -79950, 40272
19502.7, 1705, -2615, -3960, 6983, -103181, -20147, -76931, 40272
19506.5, 1561, -2615, -3960, 6983, -103181, -20147, -76931, 40256
19508.8, 1179, -2615, -3960, 6983, -103181, -20147, -76931, 40256
19514.6, 2007, -2453, -2999, 6488, -108462, -18025, -69318, 40272
19518.3, 820, -2453, -2999, 6488, -108462, -18025, -69318, 40277
19524.0, 1679, -2645, -3167, 6827, -113484, -2926, -59518, 40285
19526.3, 2295, -2645, -3167, 6827, -113484, -2926, -59518, 40285
19528.5, 2677, -2645, -3167, 6827, -113484, -2926, -59518, 40285
19534.3, 1431, -3183, -4442, 8304, -115493, 10312, -54522, 40283
19536.5, 910, -3183, -4442, 8304, -115493, 10312, -54522, 40283
19540.7, 1189, -4113, -5950, 9914, -108484, 17119, -53865, 40283
19544.4, 2097, -4113, -5950, 9914, -108484, 17119, -53865, 40286
19546.7, 2152, -4113, -5950, 9914, -108484, 17119, -53865, 40286
19551.0, 1827, -4512, -7463, 7562, -108471, 19167, -58604, 40286
19554.7, 1425, -4512, -7463, 7562, -108471, 19167, -58604, 40043
19557.0, 1083, -4512, -7463, 7562, -108471, 19167, -58604, 40043
19562.7, 1339, -4783, -7379, 8048, -104852, 9353, -68601, 40328
19566.4, 1483, -4783, -7379, 8048, -104852, 9353, -68601, 40308
19570.7, 1711, -4318, -6102, 7981, -103028, -791, -73628, 40308
19574.4, 1932, -4318, -6102, 7981, -103028, -791, -73628, 40319
19576.7, 1485, -4318, -6102, 7981, -103028, -791, -73628, 40319
19580.9, 2114, -3651, -5381, 7201, -105255, -5276, -71773, 40319
19584.6, 1663, -3651, -5381, 7201, -105255, -5276, -71773, 40352
19588.8, 1680, -3230, -4820, 6955, -106948, -10333, -66553, 40352
19592.6, 1333, -3230, -4820, 6955, -106948, -10333, -66553, 40324
19596.3, 1579, -3230, -4820, 6955, -106948, -10333, -66553, 40338
19600.6, 1543, -3089, -5152, 6243, -105198, -7669, -61430, 40338
19604.4, 1516, -3089, -5152, 6243, -105198, -7669, -61430, 40348
19608.6, 2059, -3194, -6371, 5757, -107009, 3561, -57414, 40348
19612.3, 1801, -3194, -6371, 5757, -107009, 3561, -57414, 40364
19616.1, 1584, -3194, -6371, 5757, -107009, 3561, -57414, 40381
19620.4, 1811, -3563, -7551, 6702, -105307, 12302, -56232, 40381
19624.2, 1709, -3563, -7551, 6702, -105307, 12302, -56232, 40394
19628.4, 1376, -3873, -7963, 7228, -103496, 14573, -56805, 40394
19632.1, 1696, -3873, -7963, 7228, -103496, 14573, -56805, 40409
19635.9, 1899, -3873, -7963, 7228, -103496, 14573, -56805, 40431
19640.2, 1470, -4100, -8102, 7883, -100530, 10666, -57313, 40431
19643.9, 1483, -4100, -8102, 7883, -100530, 10666, -57313, 40139
19648.1, 1199, -3930, -7839, 8206, -94969, 3351, -57720, 40139
19651.8, 1837, -3930, -7839, 8206, -94969, 3351, -57720, 40456
19655.6, 1937, -3930, -7839, 8206, -94969, 3351, -57720, 40478
19659.8, 1831, -3312, -7457, 7140, -94654, -3377, -60432, 40478
19663.5, 1533, -3312, -7457, 7140, -94654, -3377, -60432, 40505
19667.8, 1855, -3010, -7164, 6961, -93075, -7883, -62655, 40505
19671.5, 1874, -3010, -7164, 6961, -93075, -7883, -62655, 40534
19673.8, 1549, -3010, -7164, 6961, -93075, -7883, -62655, 40534
19679.5, 1070, -2909, -7498, 5904, -90410, -9318, -59780, 41172
19681.8, 985, -2909, -7498, 5904, -90410, -9318, -59780, 41172
19687.5, 2103, -2813, -8100, 5011, -90467, -7052, -52990, 41197
19691.2, 2441, -2813, -8100, 5011, -90467, -7052, -52990, 41195
19695.5, 2072, -2813, -8653, 5780, -88551, -2169, -47609, 41195
19699.2, 1504, -2813, -8653, 5780, -88551, -2169, -47609, 41272
19701.5, 1018, -2813, -8653, 5780, -88551, -2169, -47609, 41272
19705.7, 1458, -3159, -9016, 5227, -86731, 5394, -45137, 41272
19709.4, 1285, -3159, -9016, 5227, -86731, 5394, -45137, 41317
19711.7, 1075, -3159, -9016, 5227, -86731, 5394, -45137, 41317
19715.9, 1489, -3442, -9046, 4758, -85843, 10325, -46003, 41317
19719.6, 1898, -3442, -9046, 4758, -85843, 10325, -46003, 41381
19721.9, 1167, -3442, -9046, 4758, -85843, 10325, -46003, 41381
19727.6, 1419, -3487, -8403, 5767, -84845, 7883, -48418, 41444
19731.3, 2276, -3487, -8403, 5767, -84845, 7883, -48418, 41510
19735.5, 2572, -3547, -8080, 6662, -84421, 3670, -49127, 41510
19739.3, 1965, -3547, -8080, 6662, -84421, 3670, -49127, 41580
19741.5, 1153, -3547, -8080, 6662, -84421, 3670, -49127, 41580
19745.8, 1387, -3391, -8300, 6413, -85707, 1325, -47701, 41580
19749.6, 1413, -3391, -8300, 6413, -85707, 1325, -47701, 41643
19753.8, 1648, -3391, -8300, 6413, -85725, -2423, -47679, 41643
19757.5, 1671, -3391, -8300, 6413, -85725, -2423, -47679, 41697
19761.3, 1342, -3391, -8300, 6413, -85725, -2423, -47679, 41785
19765.5, 1701, -2599, -8560, 6026, -83975, -8351, -49219, 41785
19769.3, 2552, -2599, -8560, 6026, -83975, -8351, -49219, 41864
19773.5, 2369, -2599, -8560, 6026, -83712, -10578, -50199, 41864
19777.2, 2003, -2599, -8560, 6026, -83712, -10578, -50199, 41925
19781.0, 1692, -2599, -8560, 6026, -83712, -10578, -50199, 42010
19785.3, 1278, -1981, -8455, 5023, -80265, -10338, -48156, 42010
19789.0, 1305, -1981, -8455, 5023, -80265, -10338, -48156, 42071
19793.3, 1985, -1981, -8455, 5023, -78921, -8316, -43899, 42071
19797.0, 2368, -1981, -8455, 5023, -78921, -8316, -43899, 42153
19800.7, 1611, -1981, -8455, 5023, -78921, -8316, -43899, 42208
19805.0, 1861, -1741, -8839, 3473, -76813, -5184, -41436, 42208
19808.7, 1741, -1741, -8839, 3473, -76813, -5184, -41436, 42275
19812.9, 1997, -1741, -8839, 3473, -75185, 253, -39743, 42275
19816.7, 1654, -1741, -8839, 3473, -75185, 253, -39743, 42348
19819.0, 1005, -1741, -8839, 3473, -75185, 253, -39743, 42348
19824.8, 1824, -2393, -9202, 4260, -76799, 7533, -36418, 42431
19828.5, 1926, -2393, -9202, 4260, -76799, 7533, -36418, 42491
19832.7, 1966, -2393, -9202, 4260, -76738, 6671, -34234, 42491
19836.5, 2403, -2393, -9202, 4260, -76738, 6671, -34234, 42523
19838.7, 1387, -2393, -9202, 4260, -76738, 6671, -34234, 42523
19844.5, 1732, -2718, -9416, 5173, -75601, -1338, -34943, 42598
19846.7, 553, -2718, -9416, 5173, -75601, -1338, -34943, 42598
19851.0, 1415, -2910, -9297, 5347, -75601, -1338, -34943, 42598
19854.7, 2370, -2910, -9297, 5347, -75601, -1338, -34943, 42622
19857.0, 2310, -2910, -9297, 5347, -75601, -1338, -34943, 42622
19862.7, 2520, -2825, -9233, 4591, -76979, -6733, -37363, 42657
19866.4, 2308, -2825, -9233, 4591, -76979, -6733, -37363, 41055
19870.7, 1422, -2560, -9636, 4700, -75819, -9056, -39428, 41055
19874.4, 1733, -2560, -9636, 4700, -75819, -9056, -39428, 42736
19876.7, 991, -2560, -9636, 4700, -75819, -9056, -39428, 42736
19880.9, 1765, -1988, -9987, 3799, -70543, -10504, -38544, 42736
19884.6, 1847, -1988, -9987, 3799, -70543, -10504, -38544, 42763
19886.9, 1399, -1988, -9987, 3799, -70543, -10504, -38544, 42763
19892.6, 2045, -1599, -9951, 2306, -68198, -10771, -35836, 42801
19896.3, 1750, -1599, -9951, 2306, -68198, -10771, -35836, 42819
19900.6, 1814, -1403, -9476, 2332, -63022, -14310, -33473, 42819
19904.4, 1821, -1403, -9476, 2332, -63022, -14310, -33473, 42828
19906.7, 878, -1403, -9476, 2332, -63022, -14310, -33473, 42828
19910.9, 1753, -1451, -9360, 2952, -60126, -13409, -30397, 42828
19914.6, 1935, -1451, -9360, 2952, -60126, -13409, -30397, 42855
19918.8, 2404, -1603, -9832, 2979, -61706, -5359, -26001, 42855
19922.6, 2009, -1603, -9832, 2979, -61706, -5359, -26001, 42863
19926.3, 1767, -1603, -9832, 2979, -61706, -5359, -26001, 42879
19930.6, 1803, -1855, -10082, 3637, -60953, -468, -23975, 42879
19934.4, 2020, -1855, -10082, 3637, -60953, -468, -23975, 42891
19938.6, 1996, -2010, -10134, 3693, -59619, -1176, -25427, 42891
19942.3, 2136, -2010, -10134, 3693, -59619, -1176, -25427, 42913
19946.1, 2262, -2010, -10134, 3693, -59619, -1176, -25427, 42953
19950.3, 1944, -2082, -9961, 3463, -59903, -2095, -27269, 42953
19954.1, 992, -2082, -9961, 3463, -59903, -2095, -27269, 42954
19958.3, 1899, -2145, -9903, 3757, -57698, -4458, -27720, 42954
19962.0, 1912, -2145, -9903, 3757, -57698, -4458, -27720, 42962
19965.8, 1898, -2145, -9903, 3757, -57698, -4458, -27720, 42991
19970.0, 1929, -1871, -9987, 3471, -52312, -9410, -26386, 42991
19973.7, 1880, -1871, -9987, 3471, -52312, -9410, -26386, 43010
19977.9, 1982, -1538, -9880, 2712, -49858, -14192, -23918, 43010
19981.7, 1937, -1538, -9880, 2712, -49858, -14192, -23918, 43038
19984.0, 933, -1538, -9880, 2712, -49858, -14192, -23918, 43038
19989.7, 1890, -1405, -9562, 2547, -48020, -19175, -22868, 43070
19993.5, 1785, -1405, -9562, 2547, -48020, -19175, -22868, 43101
19997.7, 1856, -1228, -9385, 2705, -47346, -20326, -22732, 43101
20001.4, 1771, -1228, -9385, 2705, -47346, -20326, -22732, 43114
20003.7, 771, -1228, -9385, 2705, -47346, -20326, -22732, 43114
20009.5, 2132, -1293, -9494, 2753, -49250, -15763, -20807, 43161
20011.7, 895, -1293, -9494, 2753, -49250, -15763, -20807, 43161
20016.0, 1757, -1505, -9591, 3340, -50287, -11270, -17421, 43161
20019.8, 1463, -1505, -9591, 3340, -50287, -11270, -17421, 43190
20022.1, 437, -1505, -9591, 3340, -50287, -11270, -17421, 43190
20027.8, 2231, -1413, -9883, 3284, -52229, -11703, -16030, 43214
20031.5, 1874, -1413, -9883, 3284, -52229, -11703, -16030, 43233
20035.7, 1978, -1338, -9798, 3059, -53358, -12565, -16913, 43233
20039.4, 1806, -1338, -9798, 3059, -53358, -12565, -16913, 43267
20041.7, 957, -1338, -9798, 3059, -53358, -12565, -16913, 43267
20045.9, 1754, -1274, -9873, 3153, -52688, -11773, -17224, 43267
20049.6, 1787, -1274, -9873, 3153, -52688, -11773, -17224, 43248
20051.9, 687, -1274, -9873, 3153, -52688, -11773, -17224, 43248
20057.6, 1921, -1107, -9997, 2785, -53240, -10977, -16257, 43296
20061.3, 1813, -1107, -9997, 2785, -53240, -10977, -16257, 43313
20065.6, 1825, -867, -9968, 2326, -52207, -11528, -14848, 43313
20069.4, 1829, -867, -9968, 2326, -52207, -11528, -14848, 43334
20073.6, 1866, -975, -9790, 1560, -51061, -11519, -13965, 43334
20077.3, 1739, -975, -9790, 1560, -51061, -11519, -13965, 42598
20081.1, 1614, -975, -9790, 1560, -51061, -11519, -13965, 43355
20085.4, 1757, -1287, -9600, 1335, -50330, -8382, -13400, 43355
20089.2, 1852, -1287, -9600, 1335, -50330, -8382, -13400, 43371
20093.4, 1823, -1344, -10072, 1638, -50352, -5398, -13492, 43371
20097.1, 1775, -1344, -10072, 1638, -50352, -5398, -13492, 43388
20100.9, 1641, -1344, -10072, 1638, -50352, -5398, -13492, 43431
20105.2, 1655, -1013, -10282, 1576, -48838, -4138, -14323, 43431
20108.9, 1790, -1013, -10282, 1576, -48838, -4138, -14323, 43404
20113.1, 1855, -881, -10360, 1647, -46883, -4108, -14214, 43404
20116.8, 1823, -881, -10360, 1647, -46883, -4108, -14214, 43424
20120.6, 1749, -881, -10360, 1647, -46883, -4108, -14214, 43444
20124.8, 1742, -786, -10229, 1585, -45526, -4917, -13479, 43444
20128.5, 1908, -786, -10229, 1585, -45526, -4917, -13479, 43438
20132.8, 1520, -747, -10280, 1770, -42385, -4795, -12665, 43438
20136.5, 1488, -747, -10280, 1770, -42385, -4795, -12665, 43482
20138.8, 389, -747, -10280, 1770, -42385, -4795, -12665, 43482
20144.6, 1902, -699, -10388, 1361, -37853, -4996, -11134, 43499
20148.3, 1717, -699, -10388, 1361, -37853, -4996, -11134, 43472
20154.0, 1499, -795, -10424, 1140, -32253, -7546, -9646, 43535
20157.8, 1646, -795, -10424, 1140, -32253, -7546, -9646, 43560
20163.5, 1878, -656, -9996, 833, -30874, -12967, -10395, 43576
20165.7, 480, -656, -9996, 833, -30874, -12967, -10395, 43576
20168.0, 501, -656, -9996, 833, -30874, -12967, -10395, 43576
20173.7, 1714, -658, -9821, 1201, -29011, -17250, -12792, 43592
20175.9, 289, -658, -9821, 1201, -29011, -17250, -12792, 43592
20178.2, 245, -658, -9821, 1201, -29011, -17250, -12792, 43592
20183.9, 1765, -824, -9938, 1326, -28188, -17915, -12237, 43610
20186.2, 499, -824, -9938, 1326, -28188, -17915, -12237, 43610
20190.5, 1808, -890, -10300, 1030, -27523, -17937, -8426, 43610
20194.2, 1731, -890, -10300, 1030, -27523, -17937, -8426, 42991
20196.5, 631, -890, -10300, 1030, -27523, -17937, -8426, 42991
20200.7, 1654, -980, -10293, 1460, -24600, -20449, -5849, 42991
20204.4, 1609, -980, -10293, 1460, -24600, -20449, -5849, 43651
20206.7, 295, -980, -10293, 1460, -24600, -20449, -5849, 43651
20210.9, 1606, -989, -10241, 1303, -23047, -23642, -5788, 43651
20214.6, 1620, -989, -10241, 1303, -23047, -23642, -5788, 44581
20216.9, 362, -989, -10241, 1303, -23047, -23642, -5788, 44581
20222.6, 1925, -924, -10006, 1168, -20265, -23109, -5481, 44548
20226.3, 1636, -924, -10006, 1168, -20265, -23109, -5481, 44567
20230.6, 1633, -797, -10074, 1438, -18541, -19000, -3530, 44567
20234.4, 1665, -797, -10074, 1438, -18541, -19000, -3530, 44539
20238.6, 1575, -712, -10103, 1514, -16931, -14660, -1303, 44539
20242.4, 1511, -712, -10103, 1514, -16931, -14660, -1303, 44531
20246.1, 1557, -712, -10103, 1514, -16931, -14660, -1303, 44524
20250.4, 1774, -638, -10043, 1162, -15233, -10513, -214, 44524
20254.1, 1677, -638, -10043, 1162, -15233, -10513, -214, 44524
20258.3, 1652, -713, -10110, 1374, -12538, -5591, -612, 44524
20262.0, 1614, -713, -10110, 1374, -12538, -5591, -612, 44488
20265.7, 1508, -713, -10110, 1374, -12538, -5591, -612, 44482
20270.0, 1581, -746, -9884, 1338, -11055, -1518, -1049, 44482
20273.7, 1518, -746, -9884, 1338, -11055, -1518, -1049, 44478
20277.9, 1601, -796, -9822, 1393, -8973, -262, -1084, 44478
20281.7, 1516, -796, -9822, 1393, -8973, -262, -1084, 44481
20284.0, 182, -796, -9822, 1393, -8973, -262, -1084, 44481
20289.8, 1537, -719, -9819, 1471, -6641, 258, -839, 44469
20293.5, 1538, -719, -9819, 1471, -6641, 258, -839, 44471
20297.7, 1673, -675, -9919, 1420, -3788, 1780, 104, 44471
20301.5, 1560, -675, -9919, 1420, -3788, 1780, 104, 44471
20303.8, 286, -675, -9919, 1420, -3788, 1780, 104, 44471
20309.6, 1496, -668, -10000, 1292, -555, 3727, 958, 44475
20313.3, 1637, -668, -10000, 1292, -555, 3727, 958, 44481
20319.0, 1592, -679, -9982, 1162, 2178, 6256, 1456, 44480
20322.8, 1468, -679, -9982, 1162, 2178, 6256, 1456, 44490
20328.5, 1630, -817, -10082, 1281, 4519, 8890, 2161, 44489
20330.7, 73, -817, -10082, 1281, 4519, 8890, 2161, 44489
20333.0, 57, -817, -10082, 1281, 4519, 8890, 2161, 44489
20338.7, 1544, -936, -10095, 1205, 6265, 9240, 3836, 44503
20340.9, 60, -936, -10095, 1205, 6265, 9240, 3836, 44503
20343.2, 113, -936, -10095, 1205, 6265, 9240, 3836, 44503
20348.9, 1790, -1062, -9989, 1148, 8190, 6593, 4760, 44501
20351.2, 115, -1062, -9989, 1148, 8190, 6593, 4760, 44501
20355.5, 1409, -1062, -9989, 1148, 9025, 3626, 4545, 44501
20359.2, 1416, -1062, -9989, 1148, 9025, 3626, 4545, 44510
20361.5, 57, -1062, -9989, 1148, 9025, 3626, 4545, 44510
20365.7, 1574, -1208, -9879, 1502, 9275, 721, 3810, 44510
20369.4, 1629, -1208, -9879, 1502, 9275, 721, 3810, 44530
20371.7, 167, -1208, -9879, 1502, 9275, 721, 3810, 44530
20375.9, 1604, -848, -10082, 1599, 9025, -3736, 3276, 44530
20379.6, 1509, -848, -10082, 1599, 9025, -3736, 3276, 44528
20381.9, 139, -848, -10082, 1599, 9025, -3736, 3276, 44528
20387.7, 1644, -573, -10036, 1308, 9423, -6658, 4217, 44537
20391.5, 1462, -573, -10036, 1308, 9423, -6658, 4217, 44553
20395.7, 1497, -515, -9963, 1143, 8697, -5057, 6208, 44553
20399.4, 1471, -515, -9963, 1143, 8697, -5057, 6208, 44547
20403.6, 1503, -515, -9963, 1143, 8697, -5057, 6208, 44547
20407.4, 1436, -515, -9963, 1143, 8697, -5057, 6208, 44557
20411.1, 1497, -515, -9963, 1143, 8697, -5057, 6208, 44572
20415.4, 1642, -832, -10130, 1176, 7787, 2642, 6676, 44572
20419.1, 1650, -832, -10130, 1176, 7787, 2642, 6676, 44580
20423.3, 1417, -832, -10130, 1176, 7787, 2642, 6676, 44580
20427.0, 1409, -832, -10130, 1176, 7787, 2642, 6676, 44587
20430.7, 1422, -832, -10130, 1176, 7787, 2642, 6676, 44611
20435.0, 1692, -949, -10118, 1399, 7555, 1640, 5018, 44611
20438.7, 1549, -949, -10118, 1399, 7555, 1640, 5018, 44594
20442.9, 1501, -949, -10118, 1399, 7555, 1640, 5018, 44594
20446.7, 1396, -949, -10118, 1399, 7555, 1640, 5018, 44616
20449.0, 99, -949, -10118, 1399, 7555, 1640, 5018, 44616
20454.8, 1534, -637, -9541, 1098, 5709, -4576, 2156, 44600
20458.5, 1484, -637, -9541, 1098, 5709, -4576, 2156, 44603
20462.7, 1459, -637, -9541, 1098, 5709, -4576, 2156, 44603
20466.5, 1391, -637, -9541, 1098, 5709, -4576, 2156, 44615
20468.8, 134, -637, -9541, 1098, 5709, -4576, 2156, 44615
20474.6, 1538, -789, -9652, 975, 1540, 481, 3797, 44620
20478.3, 1523, -789, -9652, 975, 1540, 481, 3797, 44627
20484.1, 1518, -789, -9729, 1066, -100, 2581, 2441, 44627
20487.8, 1421, -789, -9729, 1066, -100, 2581, 2441, 44618
20493.5, 1585, -744, -9729, 1066, -100, 2581, 2441, 44629
20495.7, 66, -744, -9729, 1066, -100, 2581, 2441, 44629
20498.0, 46, -744, -9729, 1066, -100, 2581, 2441, 44629
20503.7, 1632, -828, -9773, 1232, -1093, 4497, 909, 44626
20506.0, 71, -828, -9773, 1232, -1093, 4497, 909, 44626
20510.2, 1499, -960, -9681, 1226, -2196, 4760, 43, 44626
20514.0, 1482, -960, -9681, 1226, -2196, 4760, 43, 44633
20516.2, 65, -960, -9681, 1226, -2196, 4760, 43, 44633
20520.5, 1467, -897, -9561, 1317, -3027, 3373, -503, 44633
20524.2, 1412, -897, -9561, 1317, -3027, 3373, -503, 44626
20526.5, 54, -897, -9561, 1317, -3027, 3373, -503, 44626
20530.7, 1546, -839, -9474, 1453, -3591, 1981, -503, 44626
20534.5, 1570, -839, -9474, 1453, -3591, 1981, -503, 44583
20536.8, 196, -839, -9474, 1453, -3591, 1981, -503, 44583
20542.5, 1650, -866, -9559, 1422, -3613, 1347, 262, 44621
20546.2, 1389, -866, -9559, 1422, -3613, 1347, 262, 44613
20550.5, 1446, -894, -9455, 1298, -5018, 1115, -104, 44613
20554.6, 1159, -894, -9455, 1298, -5018, 1115, -104, 44620
20558.8, 1574, -815, -9515, 1444, -6142, 761, -1706, 44620
20562.6, 1508, -815, -9515, 1444, -6142, 761, -1706, 44619
20566.3, 1438, -815, -9515, 1444, -6142, 761, -1706, 44613
20570.6, 1437, -756, -9720, 1280, -6956, 446, -2156, 44613
20574.3, 1420, -756, -9720, 1280, -6956, 446, -2156, 44608
20578.6, 1474, -859, -9854, 1122, -6820, 2572, -861, 44608
20582.4, 1418, -859, -9854, 1122, -6820, 2572, -861, 44620
20586.1, 1416, -859, -9854, 1122, -6820, 2572, -861, 44625
20590.4, 1485, -1061, -9816, 1225, -6461, 4900, 34, 44625
20594.1, 1497, -1061, -9816, 1225, -6461, 4900, 34, 44625
20598.3, 1498, -1015, -9795, 1125, -6041, 6453, -1181, 44625
20602.1, 1396, -1015, -9795, 1125, -6041, 6453, -1181, 44619
20605.8, 1429, -1015, -9795, 1125, -6041, 6453, -1181, 44629
20610.1, 1458, -909, -9657, 1021, -6960, 8382, -2865, 44629
20613.8, 1440, -909, -9657, 1021, -6960, 8382, -2865, 44629
20618.0, 1471, -850, -9636, 1018, -7481, 10815, -3526, 44629
20621.7, 1419, -850, -9636, 1018, -7481, 10815, -3526, 44632
20625.5, 1452, -850, -9636, 1018, -7481, 10815, -3526, 44625
20629.7, 1489, -884, -9719, 1123, -6982, 13050, -3325, 44625
20633.4, 1451, -884, -9719, 1123, -6982, 13050, -3325, 44625
20639.2, 1548, -802, -9857, 1141, -6759, 15391, -3154, 44636
20642.9, 1411, -802, -9857, 1141, -6759, 15391, -3154, 44642
20648.6, 1562, -714, -9811, 1184, -6811, 15912, -4908, 44645
20650.8, 66, -714, -9811, 1184, -6811, 15912, -4908, 44645
20653.1, 24, -714, -9811, 1184, -6811, 15912, -4908, 44645
20658.9, 1550, -655, -9706, 1116, -6514, 16117, -6335, 44641
20661.1, 60, -655, -9706, 1116, -6514, 16117, -6335, 44641
20663.4, 33, -655, -9706, 1116, -6514, 16117, -6335, 44641
20669.2, 1619, -763, -9827, 1369, -5945, 17382, -5429, 44653
20671.4, 73, -763, -9827, 1369, -5945, 17382, -5429, 44653
20675.6, 1526, -845, -9806, 1494, -6370, 14700, -4668, 44653
20679.3, 1491, -845, -9806, 1494, -6370, 14700, -4668, 44647
20681.6, 63, -845, -9806, 1494, -6370, 14700, -4668, 44647
20685.8, 1486, -916, -9878, 1419, -7398, 7131, -5770, 44647
20689.5, 1479, -916, -9878, 1419, -7398, 7131, -5770, 44651
20691.8, 66, -916, -9878, 1419, -7398, 7131, -5770, 44651
20696.0, 1480, -810, -9925, 1329, -7398, 975, -6116, 44651
20699.8, 1426, -810, -9925, 1329, -7398, 975, -6116, 44634
20702.0, 61, -810, -9925, 1329, -7398, 975, -6116, 44634
20707.8, 1559, -659, -10015, 795, -8728, 266, -4768, 44657
20711.5, 1430, -659, -10015, 795, -8728, 266, -4768, 44658
20715.8, 1505, -774, -10049, 762, -8146, 3114, -3622, 44658
20719.5, 1535, -774, -10049, 762, -8146, 3114, -3622, 44663
20723.7, 1482, -988, -10138, 1031, -7791, 4816, -4239, 44663
20727.5, 1438, -988, -10138, 1031, -7791, 4816, -4239, 44748
20731.2, 1445, -988, -10138, 1031, -7791, 4816, -4239, 44681
20735.5, 1479, -1102, -10086, 894, -8290, 4729, -5626, 44681
20739.2, 1473, -1102, -10086, 894, -8290, 4729, -5626, 44740
20743.4, 1469, -1099, -10192, 1042, -7297, 1955, -6776, 44740
20747.1, 1411, -1099, -10192, 1042, -7297, 1955, -6776, 44731
20750.9, 1416, -1099, -10192, 1042, -7297, 1955, -6776, 44729
20755.1, 1494, -820, -10051, 625, -6409, 100, -6518, 44729
20758.8, 1503, -820, -10051, 625, -6409, 100, -6518, 44735
20763.1, 1496, -789, -10051, 760, -5661, 608, -5328, 44735
20766.8, 1423, -789, -10051, 760, -5661, 608, -5328, 44730
20769.1, 107, -789, -10051, 760, -5661, 608, -5328, 44730
20774.9, 1520, -689, -10021, 905, -4453, -297, -4838, 44725
20778.6, 1427, -689, -10021, 905, -4453, -297, -4838, 44703
20782.8, 1441, -643, -9981, 766, -4160, -503, -4624, 44703
20786.6, 1433, -643, -9981, 766, -4160, -503, -4624, 44723
20788.8, 133, -643, -9981, 766, -4160, -503, -4624, 44723
20794.6, 1609, -733, -10051, 568, -3237, 328, -4191, 44719
20798.3, 1438, -733, -10051, 568, -3237, 328, -4191, 44727
20804.0, 1500, -891, -9983, 810, -2375, 1128, -3762, 44741
20807.7, 1387, -891, -9983, 810, -2375, 1128, -3762, 44717
20813.4, 1522, -965, -9942, 1040, -1277, 975, -3311, 44707
20817.2, 1380, -965, -9942, 1040, -1277, 975, -3311, 44692
20822.9, 1495, -901, -9976, 1063, -949, 56, -3018, 44704
20826.6, 1346, -901, -9976, 1063, -949, 56, -3018, 44709
20830.9, 1427, -815, -9763, 834, -1540, -498, -3215, 44709
20834.7, 1404, -815, -9763, 834, -1540, -498, -3215, 44693
20836.9, 57, -815, -9763, 834, -1540, -498, -3215, 44693
20842.6, 1513, -856, -9733, 753, -2520, 1032, -3241, 44694
20846.4, 1382, -856, -9733, 753, -2520, 1032, -3241, 44661
20850.6, 1393, -939, -9764, 936, -2769, 2703, -3045, 44661
20854.4, 1394, -939, -9764, 936, -2769, 2703, -3045, 44696
20856.7, 54, -939, -9764, 936, -2769, 2703, -3045, 44696
20861.0, 1463, -892, -9863, 950, -3508, 2275, -3224, 44696
20864.7, 1464, -892, -9863, 950, -3508, 2275, -3224, 44699
20867.0, 63, -892, -9863, 950, -3508, 2275, -3224, 44699
20872.7, 1557, -818, -9836, 877, -2843, 2095, -3871, 44690
20876.4, 1401, -818, -9836, 877, -2843, 2095, -3871, 44701
20880.7, 1454, -623, -9813, 818, -3193, 3600, -4598, 44701
20884.4, 1421, -623, -9813, 818, -3193, 3600, -4598, 44678
20888.6, 1431, -636, -9818, 791, -3381, 5573, -4746, 44678
20892.3, 1416, -636, -9818, 791, -3381, 5573, -4746, 44674
20896.0, 1424, -636, -9818, 791, -3381, 5573, -4746, 44675
20900.3, 1478, -613, -9807, 531, -3486, 6903, -4011, 44675
20904.0, 1457, -613, -9807, 531, -3486, 6903, -4011, 44663
20908.2, 1425, -789, -9867, 674, -3526, 8001, -2611, 44663
20912.0, 1367, -789, -9867, 674, -3526, 8001, -2611, 44658
20915.8, 1416, -789, -9867, 674, -3526, 8001, -2611, 44689
20920.0, 1513, -805, -10030, 621, -3565, 8128, -1854, 44689
20923.8, 1444, -805, -10030, 621, -3565, 8128, -1854, 44651
20928.0, 1427, -896, -10110, 658, -3399, 7476, -2047, 44651
20931.7, 1370, -896, -10110, 658, -3399, 7476, -2047, 44646
20934.0, 77, -896, -10110, 658, -3399, 7476, -2047, 44646
20939.8, 1526, -990, -9973, 733, -3648, 6426, -2467, 44621
20943.5, 1421, -990, -9973, 733, -3648, 6426, -2467, 44621
20947.7, 1453, -909, -10021, 894, -4051, 5451, -2493, 44621
20951.5, 1397, -909, -10021, 894, -4051, 5451, -2493, 44635
20953.8, 69, -909, -10021, 894, -4051, 5451, -2493, 44635
20959.5, 1484, -704, -10068, 833, -4458, 4283, -1841, 44624
20963.2, 1396, -704, -10068, 833, -4458, 4283, -1841, 44735
20969.0, 1449, -541, -10030, 501, -4908, 5425, -691, 44631
20972.7, 1400, -541, -10030, 501, -4908, 5425, -691, 44603
20978.4, 1514, -541, -9880, 517, -4567, 8728, -61, 44604
20982.1, 1367, -541, -9880, 517, -4567, 8728, -61, 44623
20987.9, 1471, -661, -9880, 517, -4593, 12202, -468, 44585
20991.6, 1349, -661, -9880, 517, -4593, 12202, -468, 44578
20995.9, 1397, -757, -9915, 722, -5635, 13444, -1736, 44578
20999.7, 1372, -757, -9915, 722, -5635, 13444, -1736, 44574
21002.0, 52, -757, -9915, 722, -5635, 13444, -1736, 44574
21007.7, 1507, -744, -9856, 668, -5945, 12757, -2384, 44580
21011.4, 1396, -744, -9856, 668, -5945, 12757, -2384, 44532
21015.6, 1427, -795, -9800, 805, -6269, 11401, -2069, 44532
21019.4, 1359, -795, -9800, 805, -6269, 11401, -2069, 44545
21021.6, 56, -795, -9800, 805, -6269, 11401, -2069, 44545
21025.9, 1436, -719, -9776, 733, -6676, 11230, -1798, 44545
21029.7, 1408, -719, -9776, 733, -6676, 11230, -1798, 44524
21033.9, 1430, -725, -9870, 857, -6676, 11230, -1798, 44524
21037.6, 1388, -725, -9870, 857, -6676, 11230, -1798, 44532
21041.4, 1420, -725, -9870, 857, -6676, 11230, -1798, 44530
21045.6, 1451, -622, -9923, 786, -8526, 14656, -1395, 44530
21049.4, 1383, -622, -9923, 786, -8526, 14656, -1395, 44694
21053.6, 1432, -563, -9970, 857, -8526, 14656, -1395, 44694
21057.3, 1409, -563, -9970, 857, -8526, 14656, -1395, 44500
21061.1, 1404, -563, -9970, 857, -8526, 14656, -1395, 44514
21065.3, 1489, -555, -9945, 815, -11208, 16686, -1325, 44514
21069.0, 1404, -555, -9945, 815, -11208, 16686, -1325, 44491
21073.3, 1435, -669, -9955, 839, -11208, 16686, -1325, 44491
21077.0, 1393, -669, -9955, 839, -11208, 16686, -1325, 44485
21080.7, 1429, -669, -9955, 839, -11208, 16686, -1325, 44460
21085.0, 1462, -723, -9987, 888, -12735, 16752, -559, 44460
21088.7, 1390, -723, -9987, 888, -12735, 16752, -559, 44441
21093.0, 1403, -777, -10039, 885, -12735, 16752, -559, 44441
21096.7, 1367, -777, -10039, 885, -12735, 16752, -559, 44447
21099.0, 64, -777, -10039, 885, -12735, 16752, -559, 44447
21104.8, 1483, -838, -10103, 595, -12683, 14818, -131, 44446
21108.5, 1394, -838, -10103, 595, -12683, 14818, -131, 44440
21112.7, 1421, -921, -10066, 391, -12683, 14818, -131, 44440
21116.5, 1376, -921, -10066, 391, -12683, 14818, -131, 44424
21118.8, 58, -921, -10066, 391, -12683, 14818, -131, 44424
21124.5, 1481, -945, -10001, 324, -10981, 12591, -459, 44377
21128.2, 1370, -945, -10001, 324, -10981, 12591, -459, 44413
21134.0, 1511, -958, -9988, 342, -10981, 12591, -459, 44402
21136.2, 74, -958, -9988, 342, -10981, 12591, -459, 44402
21138.5, 13, -958, -9988, 342, -10981, 12591, -459, 44402
21144.2, 1545, -993, -10048, 394, -10543, 10710, -1102, 44397
21146.5, 80, -993, -10048, 394, -10543, 10710, -1102, 44397
21150.7, 1510, -923, -10089, 375, -9992, 8942, -1391, 44397
21154.5, 1401, -923, -10089, 375, -9992, 8942, -1391, 44336
21156.7, 70, -923, -10089, 375, -9992, 8942, -1391, 44336
21161.0, 1517, -806, -10096, 402, -8925, 7385, -1146, 44336
21164.7, 1455, -806, -10096, 402, -8925, 7385, -1146, 44362
21167.0, 82, -806, -10096, 402, -8925, 7385, -1146, 44362
21172.7, 1549, -880, -10019, 367, -7840, 5486, -1080, 44355
21176.4, 1426, -880, -10019, 367, -7840, 5486, -1080, 44338
21180.7, 1497, -973, -9801, 241, -7293, 5118, -848, 44338
21184.4, 1420, -973, -9801, 241, -7293, 5118, -848, 44354
21186.6, 87, -973, -9801, 241, -7293, 5118, -848, 44354
21190.9, 1519, -1055, -9835, 306, -7065, 4987, -761, 44354
21194.7, 1441, -1055, -9835, 306, -7065, 4987, -761, 44309
21198.9, 1456, -1051, -10001, 373, -6916, 3272, -909, 44309
21202.6, 1417, -1051, -10001, 373, -6916, 3272, -909, 44296
21206.4, 1437, -1051, -10001, 373, -6916, 3272, -909, 44282
21210.7, 1493, -987, -10034, 206, -6636, 1767, -765, 44282
21214.4, 1446, -987, -10034, 206, -6636, 1767, -765, 44234
21218.6, 1473, -951, -9994, 218, -5355, 958, -174, 44234
21222.3, 1440, -951, -9994, 218, -5355, 958, -174, 44217
21226.1, 1446, -951, -9994, 218, -5355, 958, -174, 44235
21230.3, 1503, -902, -9928, 273, -4930, 297, 126, 44235
21234.0, 1427, -902, -9928, 273, -4930, 297, 126, 44230
21238.2, 1447, -933, -9914, 303, -4786, -319, 39, 44230
21242.0, 1411, -933, -9914, 303, -4786, -319, 39, 44224
21245.7, 1469, -933, -9914, 303, -4786, -319, 39, 44175
21250.0, 1461, -934, -9964, 369, -4541, -1211, -188, 44175
21253.7, 1416, -934, -9964, 369, -4541, -1211, -188, 44184
21257.9, 1434, -863, -9913, 399, -4790, -2362, -651, 44184
21261.6, 1398, -863, -9913, 399, -4790, -2362, -651, 44173
21263.9, 61, -863, -9913, 399, -4790, -2362, -651, 44173
21269.6, 1521, -841, -9894, 311, -4501, -2743, -625, 44169
21273.3, 1435, -841, -9894, 311, -4501, -2743, -625, 44144
21279.0, 1443, -828, -9968, 367, -3928, -2506, -135, 44140
21282.8, 1373, -828, -9968, 367, -3928, -2506, -135, 44126
21288.5, 1465, -815, -9963, 347, -4103, -1850, 271, 44105
21292.2, 1399, -815, -9963, 347, -4103, -1850, 271, 44095
21298.0, 1484, -773, -9941, 211, -4138, -1325, 577, 44079
21301.7, 1356, -773, -9941, 211, -4138, -1325, 577, 44024
21306.0, 1437, -771, -9941, 131, -3731, 0, 857, 44024
21309.7, 1385, -771, -9941, 131, -3731, 0, 857, 44060
21312.0, 66, -771, -9941, 131, -3731, 0, 857, 44060
21317.7, 1528, -917, -9948, 166, -4073, 743, 770, 44051
21321.4, 1400, -917, -9948, 166, -4073, 743, 770, 44032
21325.7, 1441, -1011, -9955, 158, -3644, 511, 367, 44032
21329.4, 1376, -1011, -9955, 158, -3644, 511, 367, 44024
21331.7, 71, -1011, -9955, 158, -3644, 511, 367, 44024
21335.9, 1492, -997, -9970, 262, -3718, 621, 704, 44024
21339.6, 1391, -997, -9970, 262, -3718, 621, 704, 44018
21341.9, 79, -997, -9970, 262, -3718, 621, 704, 44018
21347.6, 1551, -893, -10002, 112, -3206, -131, 874, 43999
21351.3, 1448, -893, -10002, 112, -3206, -131, 874, 43994
21355.6, 1461, -790, -9973, 192, -2292, -914, 638, 43994
21359.4, 1365, -790, -9973, 192, -2292, -914, 638, 43976
21361.7, 95, -790, -9973, 192, -2292, -914, 638, 43976
21365.9, 1513, -794, -9948, 202, -2226, -809, 192, 43976
21369.6, 1437, -794, -9948, 202, -2226, -809, 192, 43967
21373.8, 1446, -778, -9990, 250, -1968, -1067, -450, 43967
21377.6, 1410, -778, -9990, 250, -1968, -1067, -450, 43973
21381.4, 1468, -778, -9990, 250, -1968, -1067, -450, 43949
21385.6, 1462, -734, -10043, 275, -1325, -1995, -406, 43949
21389.4, 1410, -734, -10043, 275, -1325, -1995, -406, 43934
21393.6, 1436, -678, -9930, 223, -1544, -1780, 56, 43934
21397.3, 1428, -678, -9930, 223, -1544, -1780, 56, 43499
21401.1, 1415, -678, -9930, 223, -1544, -1780, 56, 43498
21405.4, 1434, -647, -9976, 123, -1758, -157, 669, 43498
21409.2, 1389, -647, -9976, 123, -1758, -157, 669, 43466
21413.4, 1438, -662, -10000, 53, -1806, 1903, 1041, 43466
21417.1, 1414, -662, -10000, 53, -1806, 1903, 1041, 43453
21420.9, 1446, -662, -10000, 53, -1806, 1903, 1041, 43446
21425.1, 1443, -750, -10000, 8, -1981, 3885, 839, 43446
21428.9, 1396, -750, -10000, 8, -1981, 3885, 839, 43436
21433.1, 1460, -880, -9960, 6, -1942, 5521, 581, 43436
21436.8, 1386, -880, -9960, 6, -1942, 5521, 581, 43419
21440.6, 1410, -880, -9960, 6, -1942, 5521, 581, 43399
21444.8, 1437, -1023, -9882, 248, -1881, 5254, 765, 43399
21448.6, 1402, -1023, -9882, 248, -1881, 5254, 765, 43404
21452.9, 1440, -1042, -9860, 227, -2358, 3150, 892, 43404
21456.6, 1440, -1042, -9860, 227, -2358, 3150, 892, 43399
21460.9, 1444, -952, -9982, 278, -2366, 1102, 656, 43399
21464.7, 1388, -952, -9982, 278, -2366, 1102, 656, 43388
21467.0, 86, -952, -9982, 278, -2366, 1102, 656, 43388
21472.7, 1568, -817, -9987, 180, -2244, 284, 301, 43779
21476.4, 1414, -817, -9987, 180, -2244, 284, 301, 43374
21480.7, 1442, -742, -9982, 144, -2681, 678, 419, 43374
21484.5, 1377, -742, -9982, 144, -2681, 678, 419, 43367
21486.7, 86, -742, -9982, 144, -2681, 678, 419, 43367
21491.0, 1477, -690, -9959, 88, -2760, 1999, 831, 43367
21494.7, 1407, -690, -9959, 88, -2760, 1999, 831, 43363
21497.0, 101, -690, -9959, 88, -2760, 1999, 831, 43363
21502.7, 1567, -724, -9972, 218, -2747, 3561, 988, 43351
21506.4, 1439, -724, -9972, 218, -2747, 3561, 988, 43349
21510.7, 1462, -859, -9955, 216, -2458, 3749, 564, 43349
21514.4, 1392, -859, -9955, 216, -2458, 3749, 564, 43338
21516.6, 97, -859, -9955, 216, -2458, 3749, 564, 43338
21520.9, 1474, -969, -9926, 229, -2664, 3281, 349, 43338
21524.7, 1411, -969, -9926, 229, -2664, 3281, 349, 43329
21528.9, 1440, -969, -9926, 154, -2708, 2134, 345, 43329
21532.6, 1444, -969, -9926, 154, -2708, 2134, 345, 43319
21536.4, 1472, -969, -9926, 154, -2708, 2134, 345, 43320
21540.6, 1448, -1000, -9891, 64, -3198, 1303, 944, 43320
21544.4, 1393, -1000, -9891, 64, -3198, 1303, 944, 43309
21548.6, 1461, -1000, -9891, 139, -3460, 1644, 1343, 43309
21552.3, 1429, -1000, -9891, 139, -3460, 1644, 1343, 43317
21556.1, 1418, -1000, -9891, 139, -3460, 1644, 1343, 43292
21560.3, 1460, -833, -10030, 166, -3692, 1509, 1045, 43292
21564.0, 1432, -833, -10030, 166, -3692, 1509, 1045, 43298
21568.2, 1453, -833, -10030, 59, -3666, 2401, 581, 43298
21571.9, 1460, -833, -10030, 59, -3666, 2401, 581, 43288
21575.7, 1417, -833, -10030, 59, -3666, 2401, 581, 43282
21580.0, 1443, -634, -10012, 47, -3701, 4510, 888, 43282
21583.7, 1402, -634, -10012, 47, -3701, 4510, 888, 43285
21587.9, 1470, -634, -10012, 16, -3832, 6304, 1461, 43285
21591.6, 1417, -634, -10012, 16, -3832, 6304, 1461, 43293
21593.9, 65, -634, -10012, 16, -3832, 6304, 1461, 43293
21599.6, 1493, -887, -9927, 48, -3911, 7275, 1767, 43269
21603.3, 1421, -887, -9927, 48, -3911, 7275, 1767, 43265
21609.0, 1427, -979, -9949, -50, -4690, 7231, 1601, 43255
21612.8, 1378, -979, -9949, -50, -4690, 7231, 1601, 43252
21618.5, 1512, -979, -9949, -50, -4020, 6247, 1255, 43256
21620.7, 68, -979, -9949, -50, -4020, 6247, 1255, 43256
21623.0, 27, -979, -9949, -50, -4020, 6247, 1255, 43256
21628.7, 1524, -1091, -9987, -35, -3303, 4436, 1001, 43187
21630.9, 76, -1091, -9987, -35, -3303, 4436, 1001, 43187
21633.2, 30, -1091, -9987, -35, -3303, 4436, 1001, 43187
21639.0, 1518, -1043, -9971, 28, -2940, 3163, 936, 43237
21641.2, 84, -1043, -9971, 28, -2940, 3163, 936, 43237
21645.5, 1473, -1012, -9971, 28, -2940, 3163, 936, 43237
21649.2, 1424, -1012, -9971, 28, -2940, 3163, 936, 43232
21651.5, 95, -1012, -9971, 28, -2940, 3163, 936, 43232
21655.7, 1486, -1006, -9939, 35, -2594, 2922, 1023, 43232
21659.4, 1416, -1006, -9939, 35, -2594, 2922, 1023, 43238
21661.7, 126, -1006, -9939, 35, -2594, 2922, 1023, 43238
21665.9, 1514, -879, -9905, 53, -2480, 3119, 1102, 43238
21669.6, 1425, -879, -9905, 53, -2480, 3119, 1102, 43233
21671.9, 125, -879, -9905, 53, -2480, 3119, 1102, 43233
21677.6, 1579, -883, -9912, 130, -2003, 2638, 1111, 43218
21681.3, 1436, -883, -9912, 130, -2003, 2638, 1111, 43209
21685.6, 1452, -819, -9978, 207, -2003, 2638, 1049, 43209
21689.4, 1414, -819, -9978, 207, -2003, 2638, 1049, 43203
21693.6, 1469, -876, -10006, 41, -2327, 2852, 1049, 43203
21697.3, 1481, -876, -10006, 41, -2327, 2852, 1049, 43198
21701.1, 1431, -876, -10006, 41, -2327, 2852, 1049, 43195
21705.4, 1452, -948, -9970, 49, -2012, 3556, 918, 43195
21709.1, 1403, -948, -9970, 49, -2012, 3556, 918, 43203
21713.3, 1494, -1012, -9979, 116, -1601, 3609, 918, 43203
21717.0, 1481, -1012, -9979, 116, -1601, 3609, 918, 43206
21720.7, 1424, -1012, -9979, 116, -1601, 3609, 918, 43175
21725.0, 1437, -966, -9940, -36, -1732, 2454, 170, 43175
21728.7, 1441, -966, -9940, -36, -1732, 2454, 170, 43201
21732.9, 1463, -954, -9994, -77, -1329, 2174, 170, 43201
21736.7, 1403, -954, -9994, -77, -1329, 2174, 170, 43162
21739.0, 62, -954, -9994, -77, -1329, 2174, 170, 43162
21744.8, 1458, -920, -9968, -101, -883, 1505, -245, 43118
21748.5, 1446, -920, -9968, -101, -883, 1505, -245, 43139
21752.7, 1488, -943, -9907, -131, -341, 835, -245, 43139
21756.5, 1356, -943, -9907, -131, -341, 835, -245, 43319
21758.8, 61, -943, -9907, -131, -341, 835, -245, 43319
21764.6, 1497, -891, -9806, -9, 96, 918, -306, 43128
21768.3, 1435, -891, -9806, -9, 96, 918, -306, 43081
21774.0, 1440, -778, -9839, 38, -74, 918, -306, 43114
21777.8, 1407, -778, -9839, 38, -74, 918, -306, 43100
21783.5, 1520, -739, -9884, 75, 161, 892, -612, 43103
21785.7, 61, -739, -9884, 75, 161, 892, -612, 43103
21788.0, 39, -739, -9884, 75, 161, 892, -612, 43103
21793.7, 1539, -701, -9881, 18, 227, 1675, -428, 43094
21796.0, 64, -701, -9881, 18, 227, 1675, -428, 43094
21798.3, 45, -701, -9881, 18, 227, 1675, -428, 43094
21804.0, 1563, -701, -9862, 143, 13, 3325, -100, 43094
21806.3, 75, -701, -9862, 143, 13, 3325, -100, 43094
21810.5, 1467, -812, -9830, 145, -538, 4379, 139, 43094
21814.2, 1432, -812, -9830, 145, -538, 4379, 139, 43039
21816.5, 84, -812, -9830, 145, -538, 4379, 139, 43039
21820.7, 1483, -876, -9799, 28, -1203, 5123, 144, 43039
21824.4, 1424, -876, -9799, 28, -1203, 5123, 144, 43085
21826.7, 92, -876, -9799, 28, -1203, 5123, 144, 43085
21830.9, 1493, -1007, -9813, 40, -1421, 5613, 17, 43085
21834.6, 1427, -1007, -9813, 40, -1421, 5613, 17, 43077
21836.9, 106, -1007, -9813, 40, -1421, 5613, 17, 43077
21842.6, 1609, -1119, -9903, 165, -1824, 5674, -297, 43069
21846.3, 1431, -1119, -9903, 165, -1824, 5674, -297, 43076
21850.6, 1452, -1077, -9897, 147, -2169, 4300, -1089, 43076
21854.4, 1412, -1077, -9897, 147, -2169, 4300, -1089, 43071
21858.6, 1461, -994, -9922, 115, -2555, 3351, -1763, 43071
