timestamp, 1129, 2584, -7596, 5760, -415, -2983, -1693, 52902
3841.5, 26, 2584, -7596, 5760, -415, -2983, -1693, 52902
3843.8, 7, 2584, -7596, 5760, -415, -2983, -1693, 52902
3849.5, 1134, 2588, -7586, 5651, -240, -2940, -1356, 52842
3851.8, 25, 2588, -7586, 5651, -240, -2940, -1356, 52842
3857.5, 1122, 2601, -7706, 5782, -564, -1644, -1115, 52917
3861.3, 1007, 2601, -7706, 5782, -564, -1644, -1115, 52899
3865.5, 1085, 2624, -7678, 5898, -503, -1474, -1815, 52899
3869.3, 1056, 2624, -7678, 5898, -503, -1474, -1815, 52900
3871.5, 27, 2624, -7678, 5898, -503, -1474, -1815, 52900
3875.7, 1045, 2647, -7573, 5797, -568, -1063, -1973, 52900
3879.5, 1034, 2647, -7573, 5797, -568, -1063, -1973, 52882
3881.8, 26, 2647, -7573, 5797, -568, -1063, -1973, 52882
3887.7, 1116, 2620, -7666, 5745, -616, -17, -1605, 52894
3891.4, 1034, 2620, -7666, 5745, -616, -17, -1605, 52896
3895.7, 1051, 2678, -7773, 5632, -656, 866, -1951, 52896
3899.5, 1052, 2678, -7773, 5632, -656, 866, -1951, 52888
3901.8, 25, 2678, -7773, 5632, -656, 866, -1951, 52888
3906.0, 1096, 2751, -7725, 5653, -301, 1277, -2550, 52888
3909.7, 1070, 2751, -7725, 5653, -301, 1277, -2550, 52882
3913.9, 1065, 2761, -7744, 5681, 148, 555, -2362, 52882
3917.7, 1029, 2761, -7744, 5681, 148, 555, -2362, 52888
3921.5, 1020, 2761, -7744, 5681, 148, 555, -2362, 52879
3925.8, 1047, 2767, -7779, 5623, 669, -87, -1920, 52879
3929.5, 1050, 2767, -7779, 5623, 669, -87, -1920, 52890
3933.8, 1088, 2822, -7746, 5594, 1150, 490, -1995, 52890
3937.5, 1034, 2822, -7746, 5594, 1150, 490, -1995, 52866
3941.2, 1041, 2822, -7746, 5594, 1150, 490, -1995, 52872
3945.5, 1077, 2832, -7731, 5687, 1999, 1098, -2012, 52872
3949.3, 1045, 2832, -7731, 5687, 1999, 1098, -2012, 52877
3953.5, 1061, 2782, -7669, 5873, 2126, 1058, -1364, 52877
3957.3, 1019, 2782, -7669, 5873, 2126, 1058, -1364, 52868
3961.0, 1048, 2782, -7669, 5873, 2126, 1058, -1364, 52867
3965.3, 1066, 2624, -7701, 5831, 1885, 1141, -984, 52867
3969.1, 1046, 2624, -7701, 5831, 1885, 1141, -984, 52856
3973.3, 1070, 2540, -7654, 5778, 1369, 2756, -1268, 52856
3977.0, 988, 2540, -7654, 5778, 1369, 2756, -1268, 52861
3980.8, 1060, 2540, -7654, 5778, 1369, 2756, -1268, 52863
3985.1, 1090, 2413, -7532, 5799, 988, 4033, -1198, 52863
3988.9, 1040, 2413, -7532, 5799, 988, 4033, -1198, 52871
3993.1, 1057, 2239, -7593, 5901, 345, 4138, -612, 52871
3996.9, 977, 2239, -7593, 5901, 345, 4138, -612, 52878
4001.1, 1089, 2239, -7593, 5901, 345, 4138, -612, 52878
4004.9, 1064, 2239, -7593, 5901, 345, 4138, -612, 52865
4007.1, 25, 2239, -7593, 5901, 345, 4138, -612, 52865
4012.9, 1134, 2299, -7742, 5903, -511, 1522, -2681, 52876
4016.6, 1018, 2299, -7742, 5903, -511, 1522, -2681, 52842
4020.9, 1086, 2536, -7705, 5754, -1106, 1522, -2681, 52842
4024.7, 1062, 2536, -7705, 5754, -1106, 1522, -2681, 52856
4026.9, 28, 2536, -7705, 5754, -1106, 1522, -2681, 52856
4031.1, 1082, 2765, -7667, 5587, -1500, 3911, -2874, 52856
4034.9, 1062, 2765, -7667, 5587, -1500, 3911, -2874, 52859
4037.1, 26, 2765, -7667, 5587, -1500, 3911, -2874, 52859
4042.9, 1136, 2842, -7822, 5435, -223, 8754, -2664, 52827
4046.6, 1019, 2842, -7822, 5435, -223, 8754, -2664, 52869
4050.9, 1094, 2974, -7947, 5444, -223, 12849, -3154, 52869
4054.6, 1042, 2974, -7947, 5444, -223, 12849, -3154, 52854
4056.9, 26, 2974, -7947, 5444, -223, 12849, -3154, 52854
4061.1, 1085, 2955, -7773, 5539, 511, 14988, -2388, 52854
4064.9, 1071, 2955, -7773, 5539, 511, 14988, -2388, 52858
4069.1, 1079, 2719, -7687, 5736, 511, 14988, -2388, 52858
4072.9, 1029, 2719, -7687, 5736, 511, 14988, -2388, 52824
4076.6, 1031, 2719, -7687, 5736, 511, 14988, -2388, 52869
4080.9, 1065, 2468, -7695, 6008, 1474, 10959, -1172, 52869
4084.6, 1056, 2468, -7695, 6008, 1474, 10959, -1172, 52856
4088.9, 1076, 2344, -7649, 6099, 1474, 10959, -1172, 52856
4092.6, 1014, 2344, -7649, 6099, 1474, 10959, -1172, 52871
4096.4, 1030, 2344, -7649, 6099, 1474, 10959, -1172, 52893
4100.7, 1078, 2362, -7630, 6111, 450, -485, -791, 52893
4104.4, 1056, 2362, -7630, 6111, 450, -485, -791, 52868
4108.6, 1066, 2518, -7645, 6031, 450, -485, -791, 52868
4112.4, 1021, 2518, -7645, 6031, 450, -485, -791, 52865
4116.1, 1046, 2518, -7645, 6031, 450, -485, -791, 52872
4120.4, 1091, 2782, -7702, 5867, -153, -5530, -1308, 52872
4124.2, 1037, 2782, -7702, 5867, -153, -5530, -1308, 52892
4128.4, 1067, 3067, -7719, 5594, -153, -5530, -1308, 52892
4132.1, 1011, 3067, -7719, 5594, -153, -5530, -1308, 52883
4135.9, 1055, 3067, -7719, 5594, -153, -5530, -1308, 52886
4140.2, 1096, 3130, -7740, 5440, 752, 406, -940, 52886
4144.0, 1032, 3130, -7740, 5440, 752, 406, -940, 52878
4148.2, 1060, 2915, -7744, 5489, 752, 406, -940, 52878
4152.0, 1018, 2915, -7744, 5489, 752, 406, -940, 52856
4157.7, 1116, 2696, -7695, 5702, 1255, 2913, -896, 52900
4161.4, 1011, 2696, -7695, 5702, 1255, 2913, -896, 52901
4163.7, 24, 2696, -7695, 5702, 1255, 2913, -896, 52901
4169.4, 1142, 2474, -7639, 5883, 1631, 2852, -844, 52913
4171.7, 29, 2474, -7639, 5883, 1631, 2852, -844, 52913
4175.9, 1081, 2306, -7680, 5946, 2047, 1553, -708, 52913
4179.7, 1059, 2306, -7680, 5946, 2047, 1553, -708, 52912
4182.0, 26, 2306, -7680, 5946, 2047, 1553, -708, 52912
4187.7, 1124, 2351, -7599, 6004, 2261, -433, -516, 52896
4191.4, 1036, 2351, -7599, 6004, 2261, -433, -516, 52933
4195.7, 1090, 2418, -7525, 5946, 1491, -2743, -297, 52933
4199.5, 1036, 2418, -7525, 5946, 1491, -2743, -297, 52930
4201.7, 27, 2418, -7525, 5946, 1491, -2743, -297, 52930
4206.0, 1091, 2605, -7577, 5892, 577, -4650, -446, 52930
4209.7, 1048, 2605, -7577, 5892, 577, -4650, -446, 52939
4212.0, 27, 2605, -7577, 5892, 577, -4650, -446, 52939
4217.7, 1136, 2782, -7707, 5807, 297, -5915, -1168, 52949
4221.4, 1039, 2782, -7707, 5807, 297, -5915, -1168, 52949
4225.7, 1070, 2915, -7713, 5654, -131, -6702, -1557, 52949
4229.5, 1048, 2915, -7713, 5654, -131, -6702, -1557, 52896
4233.7, 1079, 2940, -7733, 5609, -144, -5967, -1255, 52896
4237.5, 1028, 2940, -7733, 5609, -144, -5967, -1255, 52977
4241.3, 1031, 2940, -7733, 5609, -144, -5967, -1255, 52958
4245.6, 1070, 2809, -7756, 5599, 682, -4392, -524, 52958
4249.3, 1050, 2809, -7756, 5599, 682, -4392, -524, 52956
4253.6, 1080, 2680, -7802, 5675, 1329, -2450, -328, 52956
4257.3, 1043, 2680, -7802, 5675, 1329, -2450, -328, 52952
4261.0, 1060, 2680, -7802, 5675, 1329, -2450, -328, 52927
4265.2, 1109, 2609, -7808, 5627, 699, 245, -1036, 52927
4269.0, 1030, 2609, -7808, 5627, 699, 245, -1036, 52933
4273.3, 1063, 2477, -7645, 5648, 555, 3801, -1378, 52933
4277.0, 1035, 2477, -7645, 5648, 555, 3801, -1378, 52936
4280.8, 1061, 2477, -7645, 5648, 555, 3801, -1378, 52927
4285.0, 1099, 2258, -7586, 6012, 831, 6238, -454, 52927
4288.8, 1034, 2258, -7586, 6012, 831, 6238, -454, 52934
4293.0, 1097, 2196, -7765, 6136, 345, 4685, -874, 52934
4296.7, 1022, 2196, -7765, 6136, 345, 4685, -874, 52923
4299.0, 24, 2196, -7765, 6136, 345, 4685, -874, 52923
4304.7, 1127, 2392, -7761, 5916, -65, 603, -1929, 52914
4308.4, 1049, 2392, -7761, 5916, -65, 603, -1929, 52913
4314.1, 1085, 2527, -7647, 5788, 301, -2660, -1881, 52918
4317.9, 1007, 2527, -7647, 5788, 301, -2660, -1881, 52904
4323.6, 1118, 2748, -7693, 5796, 245, -5136, -1675, 52977
4325.8, 29, 2748, -7693, 5796, 245, -5136, -1675, 52977
4328.2, 5, 2748, -7693, 5796, 245, -5136, -1675, 52977
4333.9, 1136, 2926, -7757, 5639, -253, -6479, -2008, 52912
4336.2, 30, 2926, -7757, 5639, -253, -6479, -2008, 52912
4338.4, 5, 2926, -7757, 5639, -253, -6479, -2008, 52912
4344.1, 1132, 3004, -7721, 5484, 901, -5928, -2065, 52928
4346.4, 29, 3004, -7721, 5484, 901, -5928, -2065, 52928
4350.7, 1071, 2848, -7805, 5499, 1889, -2782, -1185, 52928
4354.4, 1050, 2848, -7805, 5499, 1889, -2782, -1185, 52832
4356.7, 26, 2848, -7805, 5499, 1889, -2782, -1185, 52832
4361.0, 1090, 2630, -7745, 5736, 3010, 450, -205, 52832
4364.8, 1064, 2630, -7745, 5736, 3010, 450, -205, 52896
4367.1, 27, 2630, -7745, 5736, 3010, 450, -205, 52896
4372.8, 1133, 2497, -7619, 5875, 3325, 1531, -419, 52882
4376.5, 1035, 2497, -7619, 5875, 3325, 1531, -419, 52889
4380.7, 1105, 2338, -7639, 5972, 3036, 481, -739, 52889
4384.5, 1005, 2338, -7639, 5972, 3036, 481, -739, 52882
4386.8, 27, 2338, -7639, 5972, 3036, 481, -739, 52882
4391.1, 1058, 2322, -7704, 5953, 2445, -1916, -804, 52882
4394.8, 1052, 2322, -7704, 5953, 2445, -1916, -804, 52882
4399.1, 1071, 2429, -7645, 5910, 1736, -2808, -1168, 52882
4402.9, 1028, 2429, -7645, 5910, 1736, -2808, -1168, 52886
4406.6, 1044, 2429, -7645, 5910, 1736, -2808, -1168, 52877
4410.9, 1088, 2600, -7640, 5921, 1916, -2296, -1255, 52877
4414.6, 1052, 2600, -7640, 5921, 1916, -2296, -1255, 52873
4418.8, 1061, 2595, -7630, 5965, 2213, -2428, -1242, 52873
4422.6, 1051, 2595, -7630, 5965, 2213, -2428, -1242, 52867
4426.3, 1060, 2595, -7630, 5965, 2213, -2428, -1242, 52835
4430.6, 1068, 2604, -7578, 5827, 1736, -2808, -1238, 52835
4434.4, 1035, 2604, -7578, 5827, 1736, -2808, -1238, 52862
4438.6, 1064, 2565, -7641, 5820, 1526, -2213, -577, 52862
4442.4, 1017, 2565, -7641, 5820, 1526, -2213, -577, 52849
4446.1, 1062, 2565, -7641, 5820, 1526, -2213, -577, 52841
4450.4, 1081, 2608, -7676, 5854, 1286, -2450, -839, 52841
4454.2, 1023, 2608, -7676, 5854, 1286, -2450, -839, 52832
4458.4, 1043, 2663, -7636, 5758, 1141, -3285, -1478, 52832
4462.2, 1027, 2663, -7636, 5758, 1141, -3285, -1478, 52841
4465.9, 1067, 2663, -7636, 5758, 1141, -3285, -1478, 52793
4470.2, 1083, 2680, -7621, 5720, 1176, -2874, -1281, 52793
4474.0, 1024, 2680, -7621, 5720, 1176, -2874, -1281, 52824
4478.2, 1070, 2759, -7688, 5697, 1347, -1019, -1058, 52824
4481.9, 1035, 2759, -7688, 5697, 1347, -1019, -1058, 52821
4487.7, 1132, 2678, -7651, 5736, 1973, 1277, -721, 52820
4491.4, 1012, 2678, -7651, 5736, 1973, 1277, -721, 52835
4495.7, 1078, 2531, -7648, 5971, 2524, 2445, -96, 52835
4499.5, 1026, 2531, -7648, 5971, 2524, 2445, -96, 52820
4501.8, 25, 2531, -7648, 5971, 2524, 2445, -96, 52820
4506.0, 1114, 2472, -7629, 6062, 2091, 1382, -542, 52820
4509.7, 1053, 2472, -7629, 6062, 2091, 1382, -542, 52829
4512.0, 26, 2472, -7629, 6062, 2091, 1382, -542, 52829
4517.7, 1131, 2445, -7673, 6076, 1211, -459, -778, 52808
4521.4, 1051, 2445, -7673, 6076, 1211, -459, -778, 52818
4525.7, 1081, 2590, -7663, 6097, 770, -1776, -980, 52818
4529.5, 1016, 2590, -7663, 6097, 770, -1776, -980, 52814
4531.8, 25, 2590, -7663, 6097, 770, -1776, -980, 52814
4536.0, 1088, 2729, -7603, 6019, 240, -2703, -1124, 52814
4539.7, 1027, 2729, -7603, 6019, 240, -2703, -1124, 52787
4542.0, 27, 2729, -7603, 6019, 240, -2703, -1124, 52787
4547.7, 1149, 2663, -7669, 5856, -332, -2419, -923, 52824
4551.4, 1032, 2663, -7669, 5856, -332, -2419, -923, 52823
4555.7, 1075, 2663, -7735, 5745, -258, -1150, -787, 52823
4559.5, 1036, 2663, -7735, 5745, -258, -1150, -787, 52825
4563.7, 1071, 2663, -7735, 5745, 4, 78, -1041, 52825
4567.5, 1036, 2663, -7735, 5745, 4, 78, -1041, 52912
4571.2, 1057, 2663, -7735, 5745, 4, 78, -1041, 52822
4575.4, 1087, 2642, -7642, 5698, -109, 651, -1137, 52822
4579.2, 1030, 2642, -7642, 5698, -109, 651, -1137, 52829
4583.4, 1098, 2642, -7642, 5698, -293, 1500, -927, 52829
4587.1, 1070, 2642, -7642, 5698, -293, 1500, -927, 52844
4590.9, 1031, 2642, -7642, 5698, -293, 1500, -927, 52838
4595.1, 1099, 2704, -7718, 5703, -83, 2358, -971, 52838
4598.8, 1032, 2704, -7718, 5703, -83, 2358, -971, 52839
4603.1, 1077, 2704, -7718, 5703, 245, 2450, -936, 52839
4606.9, 1028, 2704, -7718, 5703, 245, 2450, -936, 52831
4610.6, 1052, 2704, -7718, 5703, 245, 2450, -936, 52845
4614.9, 1065, 2656, -7604, 5845, 166, 1399, -953, 52845
4618.7, 1045, 2656, -7604, 5845, 166, 1399, -953, 52836
4622.9, 1065, 2656, -7604, 5845, 594, 284, -1181, 52836
4626.6, 1019, 2656, -7604, 5845, 594, 284, -1181, 52837
4628.9, 23, 2656, -7604, 5845, 594, 284, -1181, 52837
4634.7, 1123, 2728, -7640, 5794, 1163, -345, -1251, 52845
4638.4, 1049, 2728, -7640, 5794, 1163, -345, -1251, 52835
4644.1, 1110, 2728, -7640, 5794, 1819, -319, -660, 52855
4646.4, 27, 2728, -7640, 5794, 1819, -319, -660, 52855
4648.6, 8, 2728, -7640, 5794, 1819, -319, -660, 52855
4654.3, 1128, 2670, -7605, 5930, 1903, -4, -481, 52854
4656.6, 29, 2670, -7605, 5930, 1903, -4, -481, 52854
4660.9, 1066, 2499, -7685, 5930, 1903, -4, -481, 52854
4664.6, 1040, 2499, -7685, 5930, 1903, -4, -481, 52854
4666.9, 26, 2499, -7685, 5930, 1903, -4, -481, 52854
4672.6, 1155, 2471, -7672, 5931, 1806, -354, -616, 52855
4676.3, 1039, 2471, -7672, 5931, 1806, -354, -616, 52862
4680.6, 1101, 2420, -7641, 5925, 1391, -870, -735, 52862
4684.3, 1039, 2420, -7641, 5925, 1391, -870, -735, 52843
4686.6, 25, 2420, -7641, 5925, 1391, -870, -735, 52843
4690.9, 1057, 2552, -7598, 5951, 196, -1281, -1189, 52843
4694.7, 1015, 2552, -7598, 5951, 196, -1281, -1189, 52868
4696.9, 25, 2552, -7598, 5951, 196, -1281, -1189, 52868
4702.7, 1142, 2642, -7560, 5811, -459, -1588, -1553, 52876
4706.4, 1031, 2642, -7560, 5811, -459, -1588, -1553, 52875
4710.7, 1063, 2740, -7576, 5793, -1102, -1430, -1553, 52875
4714.4, 1006, 2740, -7576, 5793, -1102, -1430, -1553, 52847
4716.7, 25, 2740, -7576, 5793, -1102, -1430, -1553, 52847
4721.0, 1077, 2843, -7587, 5739, -1176, -866, -1054, 52847
4724.8, 1042, 2843, -7587, 5739, -1176, -866, -1054, 52869
4729.0, 1069, 2731, -7644, 5715, -1010, 135, -1054, 52869
4732.8, 1032, 2731, -7644, 5715, -1010, 135, -1054, 52900
4736.6, 1038, 2731, -7644, 5715, -1010, 135, -1054, 52884
4740.9, 1065, 2627, -7668, 5836, -625, 275, -568, 52884
4744.6, 1048, 2627, -7668, 5836, -625, 275, -568, 52935
4748.8, 1103, 2598, -7649, 5882, -323, 275, -568, 52935
4752.6, 1048, 2598, -7649, 5882, -323, 275, -568, 52901
4756.3, 1042, 2598, -7649, 5882, -323, 275, -568, 52897
4760.6, 1067, 2485, -7736, 5862, -131, -367, 56, 52897
4764.4, 1030, 2485, -7736, 5862, -131, -367, 56, 52899
4768.6, 1070, 2492, -7741, 5885, 533, -367, 56, 52899
4772.4, 1034, 2492, -7741, 5885, 533, -367, 56, 52906
4776.1, 1053, 2492, -7741, 5885, 533, -367, 56, 52920
4780.4, 1074, 2486, -7768, 5897, 940, -1181, -1176, 52920
4784.2, 1025, 2486, -7768, 5897, 940, -1181, -1176, 52918
4788.4, 1075, 2548, -7740, 5849, 940, -1181, -1176, 52918
4792.1, 1034, 2548, -7740, 5849, 940, -1181, -1176, 52913
4797.9, 1133, 2561, -7639, 5889, 301, -953, -1588, 52957
4801.6, 1004, 2561, -7639, 5889, 301, -953, -1588, 52958
4803.9, 26, 2561, -7639, 5889, 301, -953, -1588, 52958
4809.6, 1122, 2545, -7634, 5955, -118, -612, -1596, 52957
4811.9, 28, 2545, -7634, 5955, -118, -612, -1596, 52957
4817.6, 1140, 2540, -7683, 5954, -424, -363, -1540, 53002
4821.4, 1007, 2540, -7683, 5954, -424, -363, -1540, 52967
4825.6, 1064, 2633, -7692, 5830, -398, -476, -1644, 52967
4829.4, 1040, 2633, -7692, 5830, -398, -476, -1644, 52960
4831.7, 26, 2633, -7692, 5830, -398, -476, -1644, 52960
4835.9, 1079, 2760, -7645, 5776, 21, -201, -1596, 52960
4839.7, 1021, 2760, -7645, 5776, 21, -201, -1596, 52952
4841.9, 25, 2760, -7645, 5776, 21, -201, -1596, 52952
4847.6, 1150, 2737, -7586, 5736, 371, 393, -1356, 52967
4851.4, 1036, 2737, -7586, 5736, 371, 393, -1356, 52955
4855.7, 1070, 2707, -7594, 5692, 879, 157, -608, 52955
4859.5, 1014, 2707, -7594, 5692, 879, 157, -608, 52994
4861.7, 24, 2707, -7594, 5692, 879, 157, -608, 52994
4866.0, 1089, 2629, -7659, 5811, 1364, 174, 13, 52994
4869.7, 1014, 2629, -7659, 5811, 1364, 174, 13, 52970
4874.0, 1064, 2635, -7679, 5735, 1356, -78, -314, 52970
4877.8, 1038, 2635, -7679, 5735, 1356, -78, -314, 52965
4881.5, 1037, 2635, -7679, 5735, 1356, -78, -314, 52970
4885.8, 1069, 2590, -7599, 5681, 1421, -26, -599, 52970
4889.6, 1046, 2590, -7599, 5681, 1421, -26, -599, 52978
4893.8, 1074, 2571, -7631, 5689, 1846, 551, -301, 52978
4897.6, 1065, 2571, -7631, 5689, 1846, 551, -301, 52972
4901.3, 1042, 2571, -7631, 5689, 1846, 551, -301, 53007
4905.6, 1096, 2498, -7649, 5861, 2078, 1303, -511, 53007
4909.3, 1054, 2498, -7649, 5861, 2078, 1303, -511, 52973
4913.5, 1092, 2426, -7660, 6006, 1478, 791, -914, 52973
4917.3, 1035, 2426, -7660, 6006, 1478, 791, -914, 52971
4921.0, 1047, 2426, -7660, 6006, 1478, 791, -914, 52971
4925.2, 1089, 2454, -7634, 6037, 1111, -271, -1408, 52971
4929.0, 1045, 2454, -7634, 6037, 1111, -271, -1408, 52973
4933.2, 1107, 2590, -7527, 6076, 870, -717, -1754, 52973
4936.9, 1015, 2590, -7527, 6076, 870, -717, -1754, 52974
4940.7, 1039, 2590, -7527, 6076, 870, -717, -1754, 52971
4944.9, 1089, 2719, -7511, 6104, 398, -975, -1719, 52971
4948.6, 1057, 2719, -7511, 6104, 398, -975, -1719, 52967
4952.9, 1088, 2774, -7580, 5898, -205, -1439, -1308, 52967
4956.6, 1012, 2774, -7580, 5898, -205, -1439, -1308, 52970
4958.9, 25, 2774, -7580, 5898, -205, -1439, -1308, 52970
4964.7, 1089, 2685, -7640, 5863, -367, -1522, -643, 52980
4968.4, 1066, 2685, -7640, 5863, -367, -1522, -643, 52976
4974.1, 1114, 2602, -7663, 5831, -288, -1395, -223, 52978
4976.4, 26, 2602, -7663, 5831, -288, -1395, -223, 52978
4978.7, 8, 2602, -7663, 5831, -288, -1395, -223, 52978
4984.4, 1121, 2532, -7695, 5846, -245, -1771, -275, 52987
4986.7, 26, 2532, -7695, 5846, -245, -1771, -275, 52987
4990.9, 1074, 2592, -7696, 5764, -503, -2839, -472, 52987
4994.7, 1040, 2592, -7696, 5764, -503, -2839, -472, 52983
4997.0, 24, 2592, -7696, 5764, -503, -2839, -472, 52983
5002.7, 1144, 2581, -7649, 5612, -157, -2379, -441, 52959
5006.5, 1047, 2581, -7649, 5612, -157, -2379, -441, 52981
5010.7, 1073, 2644, -7655, 5647, 643, -699, -555, 52981
5014.5, 1023, 2644, -7655, 5647, 643, -699, -555, 52985
5016.8, 24, 2644, -7655, 5647, 643, -699, -555, 52985
5021.0, 1073, 2662, -7667, 5730, 673, 441, -1225, 52985
5024.8, 1049, 2662, -7667, 5730, 673, 441, -1225, 52992
5029.0, 1108, 2539, -7634, 5815, 883, 1286, -1308, 52992
5032.8, 1047, 2539, -7634, 5815, 883, 1286, -1308, 52992
5036.5, 1041, 2539, -7634, 5815, 883, 1286, -1308, 52985
5040.7, 1073, 2487, -7640, 6000, 704, 1767, -1732, 52985
5044.5, 1047, 2487, -7640, 6000, 704, 1767, -1732, 53003
5048.7, 1102, 2444, -7607, 6114, 494, 1601, -1955, 53003
5052.4, 1067, 2444, -7607, 6114, 494, 1601, -1955, 52999
5056.2, 1019, 2444, -7607, 6114, 494, 1601, -1955, 53005
5060.4, 1095, 2477, -7652, 6222, 245, 83, -1846, 53005
5064.1, 1034, 2477, -7652, 6222, 245, 83, -1846, 53020
5068.4, 1091, 2580, -7592, 6096, -336, -1308, -2012, 53020
5072.1, 1057, 2580, -7592, 6096, -336, -1308, -2012, 52995
5075.8, 1042, 2580, -7592, 6096, -336, -1308, -2012, 52965
5080.0, 1084, 2655, -7580, 5949, -349, -1067, -1356, 52965
5084.2, 660, 2655, -7580, 5949, -349, -1067, -1356, 53011
5088.4, 1096, 2805, -7609, 5941, -266, -284, -883, 53011
5092.2, 1023, 2805, -7609, 5941, -266, -284, -883, 53010
5095.9, 1039, 2805, -7609, 5941, -266, -284, -883, 53003
5100.2, 1069, 2764, -7580, 5877, -909, 65, -1220, 53003
5104.0, 1039, 2764, -7580, 5877, -909, 65, -1220, 53024
5108.2, 1078, 2741, -7610, 5753, -1308, 384, -1264, 53024
5111.9, 1026, 2741, -7610, 5753, -1308, 384, -1264, 53014
5115.7, 1037, 2741, -7610, 5753, -1308, 384, -1264, 52969
5119.9, 1094, 2727, -7697, 5666, -1216, 1627, -984, 52969
5123.7, 1067, 2727, -7697, 5666, -1216, 1627, -984, 53007
5127.9, 1092, 2645, -7671, 5676, -770, 3364, -717, 53007
5131.6, 987, 2645, -7671, 5676, -770, 3364, -717, 53001
5135.9, 1056, 2645, -7671, 5717, -78, 4725, -726, 53001
5139.7, 1047, 2645, -7671, 5717, -78, 4725, -726, 53006
5142.0, 24, 2645, -7671, 5717, -78, 4725, -726, 53006
5147.7, 1148, 2303, -7744, 5804, 428, 5538, -1238, 53032
5151.4, 1023, 2303, -7744, 5804, 428, 5538, -1238, 53011
5155.7, 1047, 2303, -7744, 5913, 713, 5438, -1448, 53011
5159.5, 1031, 2303, -7744, 5913, 713, 5438, -1448, 53003
5161.7, 24, 2303, -7744, 5913, 713, 5438, -1448, 53003
5166.0, 1064, 2225, -7619, 6052, 914, 4379, -1015, 53003
5169.7, 1045, 2225, -7619, 6052, 914, 4379, -1015, 53009
5172.0, 25, 2225, -7619, 6052, 914, 4379, -1015, 53009
5177.7, 1150, 2334, -7594, 6161, 279, 2559, -1137, 53005
5181.4, 1026, 2334, -7594, 6161, 279, 2559, -1137, 53010
5185.7, 1056, 2605, -7551, 5887, -866, 997, -2012, 53010
5189.5, 1024, 2605, -7551, 5887, -866, 997, -2012, 52980
5191.7, 26, 2605, -7551, 5887, -866, 997, -2012, 52980
5196.0, 1063, 2861, -7671, 5797, -901, 236, -2401, 52980
5199.7, 1046, 2861, -7671, 5797, -901, 236, -2401, 52999
5204.0, 1091, 2861, -7671, 5797, -901, 236, -1793, 52999
5207.7, 1056, 2861, -7671, 5797, -901, 236, -1793, 53011
5211.4, 1032, 2861, -7671, 5797, -901, 236, -1793, 53012
5215.7, 1072, 2730, -7634, 5766, 96, 1811, -752, 53012
5219.5, 1037, 2730, -7634, 5766, 96, 1811, -752, 52959
5223.7, 1081, 2730, -7634, 5766, 96, 1811, -861, 52959
5227.4, 1043, 2730, -7634, 5766, 96, 1811, -861, 53011
5231.2, 1022, 2730, -7634, 5766, 96, 1811, -861, 53012
5235.5, 1065, 2539, -7733, 5654, 804, 1399, -931, 53012
5239.3, 1045, 2539, -7733, 5654, 804, 1399, -931, 53023
5243.5, 1085, 2539, -7733, 5654, 804, 1671, -546, 53023
5247.2, 1034, 2539, -7733, 5654, 804, 1671, -546, 53024
5251.0, 1033, 2539, -7733, 5654, 804, 1671, -546, 53026
5255.3, 1068, 2575, -7682, 5602, 1662, 2611, 153, 53026
5259.1, 1052, 2575, -7682, 5602, 1662, 2611, 153, 53034
5263.3, 1088, 2575, -7682, 5602, 1662, 4213, 888, 53034
5267.0, 1004, 2575, -7682, 5602, 1662, 4213, 888, 53043
5270.8, 1040, 2575, -7682, 5602, 1662, 4213, 888, 53037
5275.0, 1102, 2733, -8340, 5560, 139, 6973, 2970, 53037
5278.8, 1065, 2733, -8340, 5560, 139, 6973, 2970, 53049
5283.0, 1106, 2733, -8340, 5560, 139, 11957, 4471, 53049
5286.7, 1022, 2733, -8340, 5560, 139, 11957, 4471, 53055
5291.0, 1065, 2752, -8556, 5046, -931, 11957, 4471, 53055
5294.8, 1027, 2752, -8556, 5046, -931, 11957, 4471, 53036
5297.0, 23, 2752, -8556, 5046, -931, 11957, 4471, 53036
5302.8, 1118, 2646, -8279, 4390, 1338, 20449, 5000, 53060
5306.5, 1022, 2646, -8279, 4390, 1338, 20449, 5000, 53059
5310.7, 1066, 2132, -8060, 4228, 9366, 30201, 5814, 53059
5314.5, 1035, 2132, -8060, 4228, 9366, 30201, 5814, 53057
5316.8, 23, 2132, -8060, 4228, 9366, 30201, 5814, 53057
5321.1, 1015, 1652, -7544, 4104, 18992, 33447, 4676, 53057
5324.8, 1034, 1652, -7544, 4104, 18992, 33447, 4676, 53060
5327.1, 24, 1652, -7544, 4104, 18992, 33447, 4676, 53060
5332.8, 1130, 1512, -7262, 4503, 24128, 27829, 109, 53058
5336.5, 1016, 1512, -7262, 4503, 24128, 27829, 109, 53032
5340.8, 1065, 1143, -7274, 4382, 26648, 16782, -5880, 53032
5344.6, 1024, 1143, -7274, 4382, 26648, 16782, -5880, 53067
5346.9, 26, 1143, -7274, 4382, 26648, 16782, -5880, 53067
5351.1, 1065, 1112, -7482, 4850, 26718, 8268, -11064, 53067
5354.9, 1016, 1112, -7482, 4850, 26718, 8268, -11064, 52814
5359.2, 1061, 1427, -7606, 5429, 26154, 8583, -13930, 52814
5362.9, 1057, 1427, -7606, 5429, 26154, 8583, -13930, 52782
5366.7, 1009, 1427, -7606, 5429, 26154, 8583, -13930, 52756
5370.9, 1089, 1698, -7744, 5342, 28236, 15303, -15185, 52756
5374.6, 1066, 1698, -7744, 5342, 28236, 15303, -15185, 53088
5378.8, 1092, 2170, -7396, 4686, 33696, 26928, -18699, 53088
5382.6, 1039, 2170, -7396, 4686, 33696, 26928, -18699, 52655
5386.3, 1035, 2170, -7396, 4686, 33696, 26928, -18699, 52615
5390.6, 1032, 2245, -7255, 5491, 39401, 47898, -21682, 52615
5394.4, 1022, 2245, -7255, 5491, 39401, 47898, -21682, 52597
5398.6, 1060, 985, -7004, 6996, 46139, 55996, -24439, 52597
5402.4, 1019, 985, -7004, 6996, 46139, 55996, -24439, 52625
5406.1, 1069, 985, -7004, 6996, 46139, 55996, -24439, 52603
5410.4, 1023, 251, -6523, 7432, 48292, 36409, -30962, 52603
5414.2, 858, 251, -6523, 7432, 48292, 36409, -30962, 52630
5418.4, 851, 792, -6314, 7645, 46082, 13689, -35893, 52630
5422.1, 817, 792, -6314, 7645, 46082, 13689, -35893, 52702
5425.9, 789, 792, -6314, 7645, 46082, 13689, -35893, 52716
5430.2, 781, 1929, -6855, 6394, 43733, 2458, -34374, 52716
5434.0, 779, 1929, -6855, 6394, 43733, 2458, -34374, 52777
5438.2, 849, 3196, -7798, 6062, 45806, 7074, -30887, 52777
5442.0, 776, 3196, -7798, 6062, 45806, 7074, -30887, 52857
5445.7, 793, 3196, -7798, 6062, 45806, 7074, -30887, 52899
5450.0, 875, 3683, -8367, 6933, 43724, 16227, -29929, 52899
5453.8, 770, 3683, -8367, 6933, 43724, 16227, -29929, 52994
5458.0, 864, 3737, -8328, 8307, 43514, 22601, -32143, 52994
5461.7, 785, 3737, -8328, 8307, 43514, 22601, -32143, 53022
5466.0, 868, 3199, -7797, 8677, 40224, 22369, -35245, 53022
5469.7, 814, 3199, -7797, 8677, 40224, 22369, -35245, 53047
5472.0, 21, 3199, -7797, 8677, 40224, 22369, -35245, 53047
5477.7, 935, 3059, -7052, 8276, 37017, 23244, -37192, 53150
5481.4, 818, 3059, -7052, 8276, 37017, 23244, -37192, 53092
5485.7, 872, 2923, -6713, 8459, 34488, 27322, -37717, 53092
5489.5, 802, 2923, -6713, 8459, 34488, 27322, -37717, 53068
5491.8, 21, 2923, -6713, 8459, 34488, 27322, -37717, 53068
5496.0, 878, 3064, -6501, 8733, 30384, 27287, -37656, 53068
5499.7, 822, 3064, -6501, 8733, 30384, 27287, -37656, 53081
5502.0, 22, 3064, -6501, 8733, 30384, 27287, -37656, 53081
5507.7, 942, 3482, -6489, 9012, 25690, 23187, -38255, 53122
5511.4, 825, 3482, -6489, 9012, 25690, 23187, -38255, 53118
5515.7, 903, 3669, -5837, 7883, 21354, 20352, -38920, 53118
5519.5, 848, 3669, -5837, 7883, 21354, 20352, -38920, 53129
5523.7, 908, 4053, -5334, 8274, 19219, 20584, -34882, 53129
5527.4, 870, 4053, -5334, 8274, 19219, 20584, -34882, 53161
5531.2, 849, 4053, -5334, 8274, 19219, 20584, -34882, 53193
5535.5, 916, 4502, -5879, 8288, 17084, 18493, -29579, 53193
5539.3, 820, 4502, -5879, 8288, 17084, 18493, -29579, 53197
5543.5, 838, 4375, -6681, 7301, 14695, 15824, -26810, 53197
5547.3, 892, 4375, -6681, 7301, 14695, 15824, -26810, 53232
5551.0, 909, 4375, -6681, 7301, 14695, 15824, -26810, 53267
5555.3, 953, 4838, -6188, 7579, 12560, 17920, -27409, 53267
5559.1, 924, 4838, -6188, 7579, 12560, 17920, -27409, 53318
5563.3, 955, 4934, -5471, 7838, 10561, 21748, -28061, 53318
5567.1, 929, 4934, -5471, 7838, 10561, 21748, -28061, 53366
5570.8, 930, 4934, -5471, 7838, 10561, 21748, -28061, 53431
5575.1, 917, 4207, -5214, 7668, 8198, 25252, -24793, 53431
5578.8, 943, 4207, -5214, 7668, 8198, 25252, -24793, 53525
5583.1, 914, 3364, -5560, 7736, 6632, 31102, -21901, 53525
5586.8, 855, 3364, -5560, 7736, 6632, 31102, -21901, 53644
5589.1, 22, 3364, -5560, 7736, 6632, 31102, -21901, 53644
5594.9, 971, 2946, -5842, 8291, 3526, 37393, -23896, 53743
5598.6, 903, 2946, -5842, 8291, 3526, 37393, -23896, 53962
5602.9, 892, 2680, -5662, 8204, 1938, 39716, -28696, 53962
5606.6, 901, 2680, -5662, 8204, 1938, 39716, -28696, 54141
5608.9, 21, 2680, -5662, 8204, 1938, 39716, -28696, 54141
5614.6, 1011, 2546, -5557, 7835, 1946, 41974, -32392, 54277
5616.9, 25, 2546, -5557, 7835, 1946, 41974, -32392, 54277
5621.1, 916, 2553, -5677, 8131, 2686, 43838, -33915, 54277
5624.9, 938, 2553, -5677, 8131, 2686, 43838, -33915, 52625
5627.1, 24, 2553, -5677, 8131, 2686, 43838, -33915, 52625
5632.9, 997, 2376, -5682, 7527, 2423, 43212, -34724, 54296
5636.6, 907, 2376, -5682, 7527, 2423, 43212, -34724, 54171
5640.9, 967, 2112, -6102, 7358, 765, 42131, -34283, 54171
5644.6, 964, 2112, -6102, 7358, 765, 42131, -34283, 54041
5646.9, 23, 2112, -6102, 7358, 765, 42131, -34283, 54041
5651.1, 938, 2532, -6664, 7198, -542, 38627, -35241, 54041
5654.9, 938, 2532, -6664, 7198, -542, 38627, -35241, 53896
5657.2, 25, 2532, -6664, 7198, -542, 38627, -35241, 53896
5662.9, 1026, 3181, -6580, 6952, -1964, 33359, -39161, 53771
5666.7, 947, 3181, -6580, 6952, -1964, 33359, -39161, 53663
5670.9, 1011, 3652, -6033, 6764, -3570, 29811, -41480, 53663
5674.7, 976, 3652, -6033, 6764, -3570, 29811, -41480, 53561
5677.0, 25, 3652, -6033, 6764, -3570, 29811, -41480, 53561
5682.7, 1042, 3961, -5608, 6633, -6317, 27090, -41200, 53510
5686.5, 935, 3961, -5608, 6633, -6317, 27090, -41200, 53427
5690.7, 1031, 4083, -5468, 6798, -9323, 26429, -40604, 53427
5694.5, 1004, 4083, -5468, 6798, -9323, 26429, -40604, 53377
5698.7, 967, 3731, -5323, 7252, -13365, 28923, -38903, 53377
5702.5, 950, 3731, -5323, 7252, -13365, 28923, -38903, 53343
5706.2, 969, 3731, -5323, 7252, -13365, 28923, -38903, 53270
5710.5, 1026, 3265, -5681, 8064, -16839, 32218, -35591, 53270
5714.3, 985, 3265, -5681, 8064, -16839, 32218, -35591, 53282
5718.6, 980, 2730, -5484, 7600, -19495, 36505, -34234, 53282
5722.3, 965, 2730, -5484, 7600, -19495, 36505, -34234, 53227
5726.1, 1001, 2730, -5484, 7600, -19495, 36505, -34234, 53195
5730.4, 1012, 1968, -4502, 7090, -23485, 42105, -33421, 53195
5734.1, 1024, 1968, -4502, 7090, -23485, 42105, -33421, 53165
5738.4, 987, 1605, -4186, 7586, -27615, 43790, -31049, 53165
5742.1, 1000, 1605, -4186, 7586, -27615, 43790, -31049, 53119
5745.9, 1007, 1605, -4186, 7586, -27615, 43790, -31049, 53078
5750.1, 1038, 1301, -4918, 7170, -33981, 40176, -27834, 53078
5753.8, 1005, 1301, -4918, 7170, -33981, 40176, -27834, 53069
5758.1, 1009, 1759, -5693, 7100, -39200, 33106, -27068, 53069
5761.9, 961, 1759, -5693, 7100, -39200, 33106, -27068, 53046
5765.6, 1036, 1759, -5693, 7100, -39200, 33106, -27068, 53012
5769.9, 1056, 2242, -5836, 7271, -42289, 27930, -27807, 53012
5773.7, 1029, 2242, -5836, 7271, -42289, 27930, -27807, 52992
5777.9, 988, 2565, -5639, 7146, -46511, 23218, -27702, 52992
5781.6, 992, 2565, -5639, 7146, -46511, 23218, -27702, 52939
5785.8, 1059, 2565, -5639, 7146, -51949, 23655, -27379, 52939
5789.6, 1034, 2565, -5639, 7146, -51949, 23655, -27379, 52943
5791.8, 30, 2565, -5639, 7146, -51949, 23655, -27379, 52943
5796.0, 1050, 2898, -5479, 7013, -56184, 26552, -24465, 52943
5799.8, 1034, 2898, -5479, 7013, -56184, 26552, -24465, 52920
5802.0, 30, 2898, -5479, 7013, -56184, 26552, -24465, 52920
5807.8, 1075, 3232, -6031, 7235, -57274, 27436, -19797, 52904
5811.5, 968, 3232, -6031, 7235, -57274, 27436, -19797, 53644
5815.8, 1032, 3233, -6845, 7235, -57540, 29557, -18305, 53644
5819.6, 1022, 3233, -6845, 7235, -57540, 29557, -18305, 52896
5821.9, 27, 3233, -6845, 7235, -57540, 29557, -18305, 52896
5827.6, 1084, 3057, -6574, 5057, -58516, 33639, -17329, 52865
5831.3, 1001, 3057, -6574, 5057, -58516, 33639, -17329, 52881
5835.6, 1062, 2710, -6574, 5057, -60275, 36925, -13545, 52881
5839.4, 1015, 2710, -6574, 5057, -60275, 36925, -13545, 52886
5841.7, 27, 2710, -6574, 5057, -60275, 36925, -13545, 52886
5845.9, 1046, 1777, -7098, 5515, -62979, 36291, -10373, 52886
5849.7, 1033, 1777, -7098, 5515, -62979, 36291, -10373, 52852
5853.9, 1042, 1777, -7098, 5515, -62979, 36291, -10373, 52852
5857.6, 1005, 1777, -7098, 5515, -62979, 36291, -10373, 52853
5861.3, 1028, 1777, -7098, 5515, -62979, 36291, -10373, 52845
5865.6, 1049, 1418, -7230, 6625, -64838, 28919, -10565, 52845
5869.4, 1031, 1418, -7230, 6625, -64838, 28919, -10565, 52885
5873.6, 1011, 1418, -7230, 6625, -64838, 28919, -10565, 52885
5877.4, 1004, 1418, -7230, 6625, -64838, 28919, -10565, 52827
5881.1, 1038, 1418, -7230, 6625, -64838, 28919, -10565, 52823
5885.4, 1046, 1008, -8036, 4248, -59317, 22899, -8767, 52823
5889.1, 1031, 1008, -8036, 4248, -59317, 22899, -8767, 52826
5893.3, 1002, 1008, -8036, 4248, -59317, 22899, -8767, 52826
5897.1, 990, 1008, -8036, 4248, -59317, 22899, -8767, 52793
5900.9, 1048, 1008, -8036, 4248, -59317, 22899, -8767, 52837
5905.1, 1033, 708, -8137, 4250, -53113, 30271, -12232, 52837
5908.9, 1006, 708, -8137, 4250, -53113, 30271, -12232, 52853
5913.1, 988, 708, -8137, 4250, -53113, 30271, -12232, 52853
5916.8, 950, 708, -8137, 4250, -53113, 30271, -12232, 52474
5919.1, 23, 708, -8137, 4250, -53113, 30271, -12232, 52474
5924.9, 1058, 960, -8188, 4266, -53152, 23997, -12617, 52456
5928.6, 996, 960, -8188, 4266, -53152, 23997, -12617, 52482
5932.8, 978, 960, -8188, 4266, -53152, 23997, -12617, 52482
5936.5, 979, 960, -8188, 4266, -53152, 23997, -12617, 52412
5938.8, 25, 960, -8188, 4266, -53152, 23997, -12617, 52412
5944.5, 1100, 1332, -8176, 4414, -49893, 23113, -9200, 52479
5946.8, 29, 1332, -8176, 4414, -49893, 23113, -9200, 52479
5951.0, 1001, 1772, -8304, 4790, -49136, 20488, -7043, 52479
5954.8, 1000, 1772, -8304, 4790, -49136, 20488, -7043, 52477
5957.1, 26, 1772, -8304, 4790, -49136, 20488, -7043, 52477
5962.8, 1084, 1559, -8411, 5596, -49525, 18025, -5678, 52480
5966.5, 1010, 1559, -8411, 5596, -49525, 18025, -5678, 52469
5970.7, 1001, 979, -8283, 5388, -47605, 17452, -2725, 52469
5974.5, 982, 979, -8283, 5388, -47605, 17452, -2725, 52488
5976.8, 27, 979, -8283, 5388, -47605, 17452, -2725, 52488
5981.0, 1019, 581, -7827, 5484, -48423, 16305, -1054, 52488
5984.8, 996, 581, -7827, 5484, -48423, 16305, -1054, 52492
5987.1, 28, 581, -7827, 5484, -48423, 16305, -1054, 52492
5992.8, 1086, 407, -8265, 5871, -50370, 15019, 0, 52485
5996.5, 1008, 407, -8265, 5871, -50370, 15019, 0, 52475
6000.8, 1001, 705, -8268, 5729, -50728, 11187, 568, 52475
6004.6, 960, 705, -8268, 5729, -50728, 11187, 568, 52481
6008.8, 976, 1451, -7911, 5302, -52317, 7280, -1308, 52481
6012.6, 979, 1451, -7911, 5302, -52317, 7280, -1308, 52463
6016.3, 1004, 1451, -7911, 5302, -52317, 7280, -1308, 52443
6020.6, 989, 1704, -7922, 5349, -52150, 7546, -1063, 52443
6024.4, 982, 1704, -7922, 5349, -52150, 7546, -1063, 52430
6028.6, 952, 1996, -8004, 5039, -51573, 8089, 1653, 52430
6032.4, 939, 1996, -8004, 5039, -51573, 8089, 1653, 52397
6036.1, 975, 1996, -8004, 5039, -51573, 8089, 1653, 52412
6040.4, 981, 2164, -8187, 5165, -52470, 11116, 1644, 52412
6044.2, 936, 2164, -8187, 5165, -52470, 11116, 1644, 52394
6048.4, 917, 1757, -8449, 5670, -49009, 17697, 2463, 52394
6052.2, 939, 1757, -8449, 5670, -49009, 17697, 2463, 52397
6055.9, 965, 1757, -8449, 5670, -49009, 17697, 2463, 52414
6060.2, 979, 1080, -8040, 5206, -46371, 22973, 2065, 52414
6064.0, 903, 1080, -8040, 5206, -46371, 22973, 2065, 52380
6068.2, 930, 778, -7898, 5665, -46139, 27029, 1811, 52380
6071.9, 905, 778, -7898, 5665, -46139, 27029, 1811, 52352
6075.7, 939, 778, -7898, 5665, -46139, 27029, 1811, 52348
6080.0, 954, 192, -8280, 6247, -46778, 25904, 4217, 52348
6083.8, 909, 192, -8280, 6247, -46778, 25904, 4217, 52363
6088.0, 944, 746, -8328, 5931, -47963, 19315, 3950, 52363
6091.8, 920, 746, -8328, 5931, -47963, 19315, 3950, 52340
6094.0, 23, 746, -8328, 5931, -47963, 19315, 3950, 52340
6099.8, 1036, 1313, -8194, 5596, -48760, 15080, 1828, 52305
6102.0, 27, 1313, -8194, 5596, -48760, 15080, 1828, 52305
6107.8, 1021, 1899, -7980, 5685, -50199, 13680, 2344, 52313
6111.5, 909, 1899, -7980, 5685, -50199, 13680, 2344, 52292
6115.8, 953, 2287, -8336, 5191, -52500, 10889, 3911, 52292
6119.6, 916, 2287, -8336, 5191, -52500, 10889, 3911, 52284
6121.8, 25, 2287, -8336, 5191, -52500, 10889, 3911, 52284
6126.0, 953, 2057, -8924, 5342, -51997, 12241, 4930, 52284
6129.7, 908, 2057, -8924, 5342, -51997, 12241, 4930, 52227
6132.0, 26, 2057, -8924, 5342, -51997, 12241, 4930, 52227
6137.7, 1007, 1993, -8776, 5369, -47395, 17872, 3863, 52296
6141.4, 885, 1993, -8776, 5369, -47395, 17872, 3863, 52290
6145.7, 941, 1661, -7894, 5248, -41865, 25222, 3517, 52290
6149.5, 900, 1661, -7894, 5248, -41865, 25222, 3517, 52286
6151.8, 25, 1661, -7894, 5248, -41865, 25222, 3517, 52286
6156.0, 915, 1088, -8364, 5714, -37083, 28941, 5503, 52286
6159.8, 847, 1088, -8364, 5714, -37083, 28941, 5503, 52264
6164.1, 886, 214, -9193, 5650, -33438, 32244, 5705, 52264
6167.8, 866, 214, -9193, 5650, -33438, 32244, 5705, 52303
6171.6, 845, 214, -9193, 5650, -33438, 32244, 5705, 52280
6175.9, 898, 103, -9141, 6019, -29540, 34444, 1649, 52280
6179.7, 865, 103, -9141, 6019, -29540, 34444, 1649, 52256
6183.9, 945, 748, -8494, 5857, -28219, 35648, -2852, 52256
6187.6, 836, 748, -8494, 5857, -28219, 35648, -2852, 52240
6191.4, 855, 748, -8494, 5857, -28219, 35648, -2852, 52253
6195.7, 880, 1045, -8186, 5603, -28604, 35866, -3202, 52253
6199.5, 855, 1045, -8186, 5603, -28604, 35866, -3202, 52227
6203.7, 940, 1352, -8532, 5499, -29938, 36334, -1168, 52227
6207.4, 831, 1352, -8532, 5499, -29938, 36334, -1168, 52234
6211.2, 861, 1352, -8532, 5499, -29938, 36334, -1168, 52207
6215.4, 858, 1521, -8774, 5161, -32038, 32646, 433, 52207
6219.2, 889, 1521, -8774, 5161, -32038, 32646, 433, 52169
6223.4, 872, 1514, -8961, 4870, -33058, 27545, 2209, 52169
6227.2, 841, 1514, -8961, 4870, -33058, 27545, 2209, 52146
6230.9, 867, 1514, -8961, 4870, -33058, 27545, 2209, 52150
6235.2, 877, 1476, -9002, 4264, -35652, 22255, 3556, 52150
6239.0, 857, 1476, -9002, 4264, -35652, 22255, 3556, 52137
6243.2, 856, 1116, -9518, 3580, -35691, 21035, 5368, 52137
6247.0, 839, 1116, -9518, 3580, -35691, 21035, 5368, 52093
6252.7, 888, 436, -9334, 2933, -34213, 24500, 5473, 52064
6256.5, 849, 436, -9334, 2933, -34213, 24500, 5473, 52062
6258.8, 24, 436, -9334, 2933, -34213, 24500, 5473, 52062
6264.5, 973, 353, -9507, 3737, -32764, 29369, 4882, 52070
6266.8, 27, 353, -9507, 3737, -32764, 29369, 4882, 52070
6272.6, 1010, -113, -9839, 4750, -30887, 31539, 6103, 52035
6276.3, 885, -113, -9839, 4750, -30887, 31539, 6103, 52006
6280.5, 890, 7, -9890, 5094, -29907, 27912, 4869, 52006
6284.3, 877, 7, -9890, 5094, -29907, 27912, 4869, 51991
6286.5, 25, 7, -9890, 5094, -29907, 27912, 4869, 51991
6290.8, 904, 418, -9924, 5210, -29216, 21674, 3456, 51991
6294.6, 867, 418, -9924, 5210, -29216, 21674, 3456, 52001
6296.9, 26, 418, -9924, 5210, -29216, 21674, 3456, 52001
6302.6, 994, 568, -9820, 4460, -26521, 16721, 2826, 51969
6306.4, 855, 568, -9820, 4460, -26521, 16721, 2826, 51972
6310.6, 856, 574, -9292, 3572, -25388, 14455, 1566, 51972
6314.4, 869, 574, -9292, 3572, -25388, 14455, 1566, 51913
6316.7, 26, 574, -9292, 3572, -25388, 14455, 1566, 51913
6320.9, 895, 742, -9476, 3718, -23756, 13978, 2734, 51913
6324.7, 871, 742, -9476, 3718, -23756, 13978, 2734, 51963
6328.9, 862, 1028, -9549, 3703, -22242, 10312, 3246, 51963
6332.7, 889, 1028, -9549, 3703, -22242, 10312, 3246, 51957
6336.5, 867, 1028, -9549, 3703, -22242, 10312, 3246, 51956
6340.7, 913, 1113, -9323, 3688, -20015, 6352, 2730, 51956
6344.5, 902, 1113, -9323, 3688, -20015, 6352, 2730, 51940
6348.7, 883, 1207, -9200, 3485, -16262, 5289, 2611, 51940
6352.5, 891, 1207, -9200, 3485, -16262, 5289, 2611, 51954
6356.2, 896, 1207, -9200, 3485, -16262, 5289, 2611, 51968
6360.4, 896, 829, -8982, 3789, -14258, 4676, 2769, 51968
6364.2, 876, 829, -8982, 3789, -14258, 4676, 2769, 51972
6368.5, 940, 390, -8866, 4042, -13623, 3832, 3075, 51972
6372.2, 916, 390, -8866, 4042, -13623, 3832, 3075, 52022
6376.0, 908, 390, -8866, 4042, -13623, 3832, 3075, 51981
6380.2, 904, 134, -8864, 4511, -13037, 2541, 3246, 51981
6384.0, 875, 134, -8864, 4511, -13037, 2541, 3246, 52009
6388.2, 932, 156, -8640, 4561, -13217, 34, 2590, 52009
6391.9, 867, 156, -8640, 4561, -13217, 34, 2590, 52052
6395.7, 914, 156, -8640, 4561, -13217, 34, 2590, 52110
6399.9, 941, 291, -8667, 4375, -14000, -3084, 2113, 52110
6403.7, 924, 291, -8667, 4375, -14000, -3084, 2113, 52121
6407.9, 933, 496, -8992, 4387, -13895, -7153, 1767, 52121
6411.6, 865, 496, -8992, 4387, -13895, -7153, 1767, 52230
6413.9, 25, 496, -8992, 4387, -13895, -7153, 1767, 52230
6419.7, 964, 888, -8800, 4240, -13938, -10911, 1194, 52270
6423.4, 904, 888, -8800, 4240, -13938, -10911, 1194, 52321
6429.1, 1005, 1258, -8820, 3939, -13877, -14411, 1229, 52361
6431.4, 26, 1258, -8820, 3939, -13877, -14411, 1229, 52361
6433.7, 9, 1258, -8820, 3939, -13877, -14411, 1229, 52361
6439.4, 1027, 1210, -9257, 4045, -14000, -15745, 1500, 52374
6441.7, 25, 1210, -9257, 4045, -14000, -15745, 1500, 52374
6445.9, 950, 1210, -9257, 4045, -14000, -15745, 778, 52374
6449.7, 926, 1210, -9257, 4045, -14000, -15745, 778, 52146
6452.0, 25, 1210, -9257, 4045, -14000, -15745, 778, 52146
6457.7, 1013, 1207, -9375, 4168, -12237, -14551, -279, 52404
6461.5, 907, 1207, -9375, 4168, -12237, -14551, -279, 52393
6465.7, 894, 1311, -8928, 3588, -12237, -14551, 441, 52393
6469.5, 903, 1311, -8928, 3588, -12237, -14551, 441, 52410
6471.8, 25, 1311, -8928, 3588, -12237, -14551, 441, 52410
6476.0, 954, 1000, -9098, 3472, -9550, -5175, 1395, 52410
6479.8, 903, 1000, -9098, 3472, -9550, -5175, 1395, 52384
6484.0, 965, 794, -9529, 4097, -9550, -5175, 1395, 52384
6488.1, 615, 794, -9529, 4097, -9550, -5175, 1395, 52381
6491.8, 886, 794, -9529, 4097, -9550, -5175, 1395, 52348
6497.6, 1011, 748, -9403, 4434, -6776, -8881, -1316, 52338
6501.4, 902, 748, -9403, 4434, -6776, -8881, -1316, 52342
6505.6, 914, 638, -9346, 4070, -5516, -9957, -490, 52342
6509.4, 915, 638, -9346, 4070, -5516, -9957, -490, 52323
6513.6, 946, 778, -9496, 3833, -5516, -9957, -490, 52323
6517.3, 937, 778, -9496, 3833, -5516, -9957, -490, 52318
6521.1, 904, 778, -9496, 3833, -5516, -9957, -490, 52259
6525.4, 944, 963, -9513, 3782, -4536, -6536, -1951, 52259
6529.1, 914, 963, -9513, 3782, -4536, -6536, -1951, 52287
6533.4, 957, 733, -9488, 3792, -4536, -6536, -1951, 52287
6537.1, 902, 733, -9488, 3792, -4536, -6536, -1951, 52286
6540.9, 913, 733, -9488, 3792, -4536, -6536, -1951, 52268
6545.1, 972, 471, -9556, 4101, -3040, -5635, -2379, 52268
6548.8, 876, 471, -9556, 4101, -3040, -5635, -2379, 52273
6553.0, 981, 591, -9709, 4275, -3040, -5635, -2379, 52273
6556.8, 884, 591, -9709, 4275, -3040, -5635, -2379, 52247
6559.1, 24, 591, -9709, 4275, -3040, -5635, -2379, 52247
6564.9, 1006, 716, -9764, 3705, 962, -8242, -1706, 52232
6568.6, 947, 716, -9764, 3705, 962, -8242, -1706, 52222
6572.9, 974, 845, -9654, 3323, 962, -8242, -1706, 52222
6576.6, 915, 845, -9654, 3323, 962, -8242, -1706, 52217
6578.9, 25, 845, -9654, 3323, 962, -8242, -1706, 52217
6584.6, 1057, 1282, -9888, 3587, 3425, -6741, -1981, 52216
6586.9, 26, 1282, -9888, 3587, 3425, -6741, -1981, 52216
6592.6, 1044, 1053, -10048, 3578, 8076, -6759, -1977, 52207
6596.4, 910, 1053, -10048, 3578, 8076, -6759, -1977, 52199
6600.7, 946, 890, -9725, 3564, 13129, -6120, -4235, 52199
6604.4, 944, 890, -9725, 3564, 13129, -6120, -4235, 52187
6606.7, 24, 890, -9725, 3564, 13129, -6120, -4235, 52187
6611.0, 1018, 844, -9801, 3896, 17688, -5941, -5613, 52187
6614.8, 962, 844, -9801, 3896, 17688, -5941, -5613, 52190
6617.0, 26, 844, -9801, 3896, 17688, -5941, -5613, 52190
6622.7, 1071, 802, -9539, 4198, 22549, -4016, -6755, 52198
6626.5, 972, 802, -9539, 4198, 22549, -4016, -6755, 52158
6630.7, 988, 874, -9329, 4963, 24119, -2310, -7861, 52158
6634.5, 967, 874, -9329, 4963, 24119, -2310, -7861, 52174
6636.8, 25, 874, -9329, 4963, 24119, -2310, -7861, 52174
6641.0, 996, 905, -9579, 5210, 24986, -3163, -6470, 52174
6644.8, 980, 905, -9579, 5210, 24986, -3163, -6470, 52159
6649.1, 986, 872, -9527, 5477, 27768, -3228, -6405, 52159
6652.8, 960, 872, -9527, 5477, 27768, -3228, -6405, 52178
6656.6, 984, 872, -9527, 5477, 27768, -3228, -6405, 52185
6660.8, 1014, 885, -9401, 5752, 29894, -5057, -8019, 52185
6664.6, 1010, 885, -9401, 5752, 29894, -5057, -8019, 52164
6668.8, 1003, 946, -9213, 5100, 31255, -9712, -8421, 52164
6672.6, 982, 946, -9213, 5100, 31255, -9712, -8421, 52116
6676.3, 982, 946, -9213, 5100, 31255, -9712, -8421, 52143
6680.6, 986, 1071, -9238, 4298, 32677, -12766, -8080, 52143
6684.4, 971, 1071, -9238, 4298, 32677, -12766, -8080, 52144
6688.6, 996, 1402, -9370, 4140, 35254, -11217, -8526, 52144
6692.4, 945, 1402, -9370, 4140, 35254, -11217, -8526, 52128
6696.1, 970, 1402, -9370, 4140, 35254, -11217, -8526, 52142
6700.4, 1001, 1560, -9284, 4067, 38666, -9375, -9813, 52142
6704.2, 990, 1560, -9284, 4067, 38666, -9375, -9813, 52118
6708.4, 988, 1489, -9293, 4131, 40784, -8198, -10316, 52118
6712.2, 949, 1489, -9293, 4131, 40784, -8198, -10316, 52074
6716.0, 966, 1489, -9293, 4131, 40784, -8198, -10316, 52098
6720.3, 1016, 1338, -9662, 4600, 45548, -4974, -9752, 52098
6724.0, 1013, 1338, -9662, 4600, 45548, -4974, -9752, 52095
6728.3, 1041, 839, -9365, 5387, 50444, -2891, -11484, 52095
6732.0, 971, 839, -9365, 5387, 50444, -2891, -11484, 52080
6735.7, 981, 839, -9365, 5387, 50444, -2891, -11484, 52068
6740.0, 1024, 702, -9326, 6384, 53021, -6575, -13798, 52068
6743.8, 1006, 702, -9326, 6384, 53021, -6575, -13798, 52038
6748.0, 1005, 750, -9311, 6017, 54964, -14573, -13995, 52038
6751.8, 968, 750, -9311, 6017, 54964, -14573, -13995, 52027
6756.0, 1018, 1249, -9198, 5470, 57024, -16673, -14179, 52027
6759.8, 989, 1249, -9198, 5470, 57024, -16673, -14179, 52024
6762.0, 25, 1249, -9198, 5470, 57024, -16673, -14179, 52024
6767.8, 1095, 1633, -9360, 6055, 60043, -13938, -13947, 52025
6771.5, 957, 1633, -9360, 6055, 60043, -13938, -13947, 52034
6775.8, 988, 1742, -9351, 5764, 62869, -13287, -13960, 52034
6779.6, 972, 1742, -9351, 5764, 62869, -13287, -13960, 52024
6781.8, 24, 1742, -9351, 5764, 62869, -13287, -13960, 52024
6786.0, 1009, 1666, -9059, 5350, 65564, -12053, -16568, 52024
6789.7, 970, 1666, -9059, 5350, 65564, -12053, -16568, 52064
6792.0, 25, 1666, -9059, 5350, 65564, -12053, -16568, 52064
6797.7, 1101, 1624, -8910, 5781, 67704, -10298, -18987, 52060
6801.4, 945, 1624, -8910, 5781, 67704, -10298, -18987, 52085
6805.7, 965, 1502, -9025, 5732, 72372, -12013, -18598, 52085
6809.5, 990, 1502, -9025, 5732, 72372, -12013, -18598, 52030
6811.8, 23, 1502, -9025, 5732, 72372, -12013, -18598, 52030
6816.0, 1028, 1335, -8805, 6060, 77342, -14603, -18252, 52030
6819.8, 998, 1335, -8805, 6060, 77342, -14603, -18252, 52106
6824.0, 1047, 1683, -8413, 5937, 79315, -15443, -20164, 52106
6827.8, 989, 1683, -8413, 5937, 79315, -15443, -20164, 52109
6831.5, 961, 1683, -8413, 5937, 79315, -15443, -20164, 52132
6835.8, 1021, 1638, -8459, 6708, 81039, -14932, -21494, 52132
6839.6, 1013, 1638, -8459, 6708, 81039, -14932, -21494, 52138
6843.8, 1049, 1218, -8472, 6950, 83642, -15977, -21341, 52138
6847.6, 1005, 1218, -8472, 6950, 83642, -15977, -21341, 52158
6851.3, 993, 1218, -8472, 6950, 83642, -15977, -21341, 52157
6855.6, 1015, 1252, -8300, 6929, 84486, -16043, -21547, 52157
6859.3, 1026, 1252, -8300, 6929, 84486, -16043, -21547, 52161
6863.5, 1076, 1495, -8566, 6853, 86543, -17810, -22159, 52161
6867.3, 1030, 1495, -8566, 6853, 86543, -17810, -22159, 52169
6871.0, 1044, 1495, -8566, 6853, 86543, -17810, -22159, 52209
6875.3, 1057, 2034, -8475, 6615, 89575, -20593, -23695, 52209
6879.1, 1049, 2034, -8475, 6615, 89575, -20593, -23695, 52197
6883.3, 1062, 2416, -8213, 6456, 92077, -22032, -25633, 52197
6887.0, 996, 2416, -8213, 6456, 92077, -22032, -25633, 52199
6890.8, 1037, 2416, -8213, 6456, 92077, -22032, -25633, 52208
6895.1, 1055, 2532, -8205, 6953, 95958, -20015, -26434, 52208
6898.9, 1076, 2532, -8205, 6953, 95958, -20015, -26434, 52214
6903.1, 1066, 2432, -7993, 6769, 99721, -16415, -28157, 52214
6906.9, 1042, 2432, -7993, 6769, 99721, -16415, -28157, 52240
6911.1, 1072, 2016, -7635, 7534, 101606, -9603, -31356, 52240
6914.9, 1045, 2016, -7635, 7534, 101606, -9603, -31356, 52238
6917.1, 24, 2016, -7635, 7534, 101606, -9603, -31356, 52238
6922.9, 1153, 1810, -7417, 8029, 103365, -8920, -32117, 52236
6926.6, 1023, 1810, -7417, 8029, 103365, -8920, -32117, 52216
6930.9, 1079, 1739, -7479, 7861, 104988, -11567, -31194, 52216
6934.7, 1066, 1739, -7479, 7861, 104988, -11567, -31194, 52252
6936.9, 27, 1739, -7479, 7861, 104988, -11567, -31194, 52252
6941.1, 1050, 2025, -7410, 8154, 106480, -14787, -31627, 52252
6944.9, 1033, 2025, -7410, 8154, 106480, -14787, -31627, 52260
6947.1, 24, 2025, -7410, 8154, 106480, -14787, -31627, 52260
6952.9, 1158, 2417, -7576, 7844, 108449, -16787, -32204, 52269
6956.6, 1019, 2417, -7576, 7844, 108449, -16787, -32204, 52281
6960.9, 1081, 2467, -7354, 7272, 110807, -17609, -33696, 52281
6964.7, 1044, 2467, -7354, 7272, 110807, -17609, -33696, 52315
6967.0, 24, 2467, -7354, 7272, 110807, -17609, -33696, 52315
6972.7, 1160, 2594, -7018, 7415, 113498, -16108, -35840, 52321
6976.5, 1009, 2594, -7018, 7415, 113498, -16108, -35840, 52365
6980.7, 1074, 2707, -6885, 7470, 117024, -15868, -36789, 52365
6984.4, 1036, 2707, -6885, 7470, 117024, -15868, -36789, 52363
6988.7, 1087, 2707, -6885, 7470, 119828, -17001, -36619, 52363
6992.5, 1040, 2707, -6885, 7470, 119828, -17001, -36619, 52391
6996.2, 1032, 2707, -6885, 7470, 119828, -17001, -36619, 52034
7000.5, 1085, 2742, -6564, 7786, 121714, -18357, -36684, 52034
7004.3, 1075, 2742, -6564, 7786, 121714, -18357, -36684, 52431
7008.5, 1083, 2742, -6564, 7786, 124689, -18725, -36693, 52431
7012.3, 1033, 2742, -6564, 7786, 124689, -18725, -36693, 52447
7016.0, 1042, 2742, -6564, 7786, 124689, -18725, -36693, 52470
7020.3, 1105, 2447, -6436, 8294, 126500, -17872, -36374, 52470
7024.0, 1091, 2447, -6436, 8294, 126500, -17872, -36374, 52520
7028.2, 1090, 2447, -6436, 8294, 128657, -16857, -37266, 52520
7032.0, 1009, 2447, -6436, 8294, 128657, -16857, -37266, 52492
7035.8, 1047, 2447, -6436, 8294, 128657, -16857, -37266, 52492
7040.0, 1102, 2676, -6025, 8331, 131606, -14442, -38426, 52492
7043.8, 1063, 2676, -6025, 8331, 131606, -14442, -38426, 52757
7048.0, 1085, 2676, -6025, 8331, 133120, -14350, -39148, 52757
7051.7, 1004, 2676, -6025, 8331, 133120, -14350, -39148, 52747
7054.0, 27, 2676, -6025, 8331, 133120, -14350, -39148, 52747
7059.7, 1125, 3067, -5770, 8729, 135172, -17605, -39257, 52760
7063.5, 1055, 3067, -5770, 8729, 135172, -17605, -39257, 52739
7069.2, 1145, 3067, -5770, 8729, 136786, -19311, -39537, 52773
7071.4, 29, 3067, -5770, 8729, 136786, -19311, -39537, 52773
7073.8, 8, 3067, -5770, 8729, 136786, -19311, -39537, 52773
7079.5, 1183, 3013, -5305, 8467, 138291, -17867, -39957, 52771
7081.8, 30, 3013, -5305, 8467, 138291, -17867, -39957, 52771
7086.0, 1095, 3013, -5305, 8467, 138291, -17867, -39957, 52771
7089.8, 1083, 3013, -5305, 8467, 138291, -17867, -39957, 52782
7092.1, 26, 3013, -5305, 8467, 138291, -17867, -39957, 52782
7097.8, 1150, 2918, -5046, 8908, 139367, -17285, -40224, 52793
7101.5, 1017, 2918, -5046, 8908, 139367, -17285, -40224, 52801
7105.8, 1109, 2867, -4726, 9243, 141704, -16388, -40955, 52801
7109.6, 1062, 2867, -4726, 9243, 141704, -16388, -40955, 52786
7111.9, 28, 2867, -4726, 9243, 141704, -16388, -40955, 52786
7117.6, 1152, 2838, -4490, 8776, 143099, -16927, -40731, 52789
7121.3, 1037, 2838, -4490, 8776, 143099, -16927, -40731, 52811
7125.6, 1101, 3097, -4204, 8479, 143344, -15273, -40342, 52811
7129.4, 1058, 3097, -4204, 8479, 143344, -15273, -40342, 52805
7131.7, 28, 3097, -4204, 8479, 143344, -15273, -40342, 52805
7135.9, 1080, 3303, -4032, 8799, 143344, -13755, -42320, 52805
7139.7, 1100, 3303, -4032, 8799, 143344, -13755, -42320, 52844
7143.9, 1123, 3248, -3629, 9117, 143344, -16494, -42320, 52844
7147.6, 1048, 3248, -3629, 9117, 143344, -16494, -42320, 52802
7151.4, 1019, 3248, -3629, 9117, 143344, -16494, -42320, 52809
7155.7, 1055, 3013, -3186, 9129, 143344, -19845, -41449, 52809
7159.5, 1094, 3013, -3186, 9129, 143344, -19845, -41449, 52796
7163.7, 1104, 3032, -3050, 8864, 143344, -21284, -41449, 52796
7167.4, 1061, 3032, -3050, 8864, 143344, -21284, -41449, 52789
7171.2, 1035, 3032, -3050, 8864, 143344, -21284, -41449, 52807
7175.4, 1117, 3258, -2869, 8922, 143344, -18777, -42696, 52807
7179.1, 1083, 3258, -2869, 8922, 143344, -18777, -42696, 52806
7183.4, 1068, 3414, -2560, 9315, 143344, -17544, -42696, 52806
7187.2, 1014, 3414, -2560, 9315, 143344, -17544, -42696, 52798
7190.9, 1058, 3414, -2560, 9315, 143344, -17544, -42696, 52798
7195.2, 1122, 3472, -2678, 9005, 143344, -7971, -43982, 52798
7199.0, 1069, 3472, -2678, 9005, 143344, -7971, -43982, 52804
7203.2, 1087, 3095, -2732, 8661, 143344, -7971, -43982, 52804
7207.0, 1002, 3095, -2732, 8661, 143344, -7971, -43982, 52775
7210.7, 1045, 3095, -2732, 8661, 143344, -7971, -43982, 52811
7215.0, 1102, 2694, -2422, 9233, 143344, -4598, -47434, 52811
7218.8, 1057, 2694, -2422, 9233, 143344, -4598, -47434, 52809
7223.0, 1086, 2755, -1933, 9675, 143344, -4598, -47434, 52809
7226.8, 998, 2755, -1933, 9675, 143344, -4598, -47434, 52762
7232.5, 1103, 2721, -1422, 9301, 143344, -12232, -46900, 52820
7236.3, 1013, 2721, -1422, 9301, 143344, -12232, -46900, 52817
7238.6, 28, 2721, -1422, 9301, 143344, -12232, -46900, 52817
7244.4, 1123, 3273, -1053, 8396, 143344, -14857, -46528, 52822
7246.6, 31, 3273, -1053, 8396, 143344, -14857, -46528, 52822
7250.9, 1057, 3677, -598, 8355, 143344, -7516, -48497, 52822
7254.7, 1052, 3677, -598, 8355, 143344, -7516, -48497, 52797
7257.0, 27, 3677, -598, 8355, 143344, -7516, -48497, 52797
7262.7, 1148, 4015, -266, 8410, 143344, -1303, -50470, 52816
7266.4, 1020, 4015, -266, 8410, 143344, -1303, -50470, 52818
7270.7, 1079, 3920, 38, 8129, 143344, 4388, -51118, 52818
7274.5, 1043, 3920, 38, 8129, 143344, 4388, -51118, 52811
7276.7, 31, 3920, 38, 8129, 143344, 4388, -51118, 52811
7281.0, 1079, 3976, 344, 9108, 143344, 10233, -50339, 52811
7284.7, 1074, 3976, 344, 9108, 143344, 10233, -50339, 52856
7287.0, 28, 3976, 344, 9108, 143344, 10233, -50339, 52856
7292.7, 1118, 2943, 788, 8829, 143344, 8247, -47399, 52818
7296.5, 1010, 2943, 788, 8829, 143344, 8247, -47399, 52823
7300.7, 1080, 2656, 1045, 8790, 143344, 2760, -44275, 52823
7304.5, 1065, 2656, 1045, 8790, 143344, 2760, -44275, 52831
7308.7, 1100, 2662, 1311, 8045, 143344, 1592, -43702, 52831
7312.5, 1021, 2662, 1311, 8045, 143344, 1592, -43702, 52829
7316.2, 1052, 2662, 1311, 8045, 143344, 1592, -43702, 52759
7320.5, 1063, 2723, 1056, 7178, 143344, 5499, -47259, 52759
7324.3, 1032, 2723, 1056, 7178, 143344, 5499, -47259, 52842
7328.5, 1067, 3489, 1479, 7886, 143344, 18961, -53647, 52842
7332.2, 1026, 3489, 1479, 7886, 143344, 18961, -53647, 52828
7336.0, 1072, 3489, 1479, 7886, 143344, 18961, -53647, 52833
7340.3, 1064, 3532, 1786, 8006, 143344, 29689, -58608, 52833
7344.1, 1052, 3532, 1786, 8006, 143344, 29689, -58608, 52828
7348.3, 1059, 3726, 2171, 7296, 143344, 33530, -59479, 52828
7352.0, 1002, 3726, 2171, 7296, 143344, 33530, -59479, 52829
7355.8, 1065, 3726, 2171, 7296, 143344, 33530, -59479, 52765
7360.1, 1072, 4092, 2980, 8217, 143344, 38084, -56009, 52765
7363.9, 1051, 4092, 2980, 8217, 143344, 38084, -56009, 52845
7368.1, 1058, 3248, 3324, 8440, 143344, 33963, -47578, 52845
7371.8, 986, 3248, 3324, 8440, 143344, 33963, -47578, 52833
7374.1, 22, 3248, 3324, 8440, 143344, 33963, -47578, 52833
7379.9, 1125, 2400, 2905, 7395, 143344, 27541, -40600, 52830
7383.6, 1025, 2400, 2905, 7395, 143344, 27541, -40600, 52834
7387.9, 1041, 1549, 3085, 8435, 143344, 29654, -38793, 52834
7391.6, 1036, 1549, 3085, 8435, 143344, 29654, -38793, 52844
7393.9, 24, 1549, 3085, 8435, 143344, 29654, -38793, 52844
7399.7, 1143, 1277, 3138, 7735, 143344, 27116, -40587, 52778
7401.9, 28, 1277, 3138, 7735, 143344, 27116, -40587, 52778
7406.2, 1044, 1774, 2949, 7881, 143344, 28499, -44774, 52778
7410.0, 1063, 1774, 2949, 7881, 143344, 28499, -44774, 52879
7412.3, 26, 1774, 2949, 7881, 143344, 28499, -44774, 52879
7418.0, 1115, 2535, 3314, 7511, 143344, 32913, -48532, 52861
7421.8, 1036, 2535, 3314, 7511, 143344, 32913, -48532, 52876
7427.5, 1107, 3172, 3602, 6640, 143344, 35687, -49079, 52884
7431.2, 1034, 3172, 3602, 6640, 143344, 35687, -49079, 52888
7435.5, 1116, 3113, 4339, 6942, 143344, 40618, -48060, 52888
7439.3, 1057, 3113, 4339, 6942, 143344, 40618, -48060, 52907
7441.6, 31, 3113, 4339, 6942, 143344, 40618, -48060, 52907
7445.8, 1085, 2860, 5237, 6488, 143344, 46944, -42958, 52907
7449.6, 1028, 2860, 5237, 6488, 143344, 46944, -42958, 52902
7451.9, 34, 2860, 5237, 6488, 143344, 46944, -42958, 52902
7457.6, 1138, 2604, 5338, 6617, 143344, 51494, -34593, 52951
7461.4, 1045, 2604, 5338, 6617, 143344, 51494, -34593, 52930
7465.7, 1109, 1891, 5300, 7054, 143344, 54832, -28884, 52930
7469.5, 1052, 1891, 5300, 7054, 143344, 54832, -28884, 52940
7473.7, 1065, 1235, 5469, 6769, 143322, 53459, -25344, 52940
7477.4, 1047, 1235, 5469, 6769, 143322, 53459, -25344, 52960
7481.2, 1085, 1235, 5469, 6769, 143322, 53459, -25344, 52950
7485.5, 1106, 1249, 5557, 7192, 143217, 48663, -23235, 52950
7489.3, 1037, 1249, 5557, 7192, 143217, 48663, -23235, 52982
7493.5, 1051, 942, 5574, 6999, 141752, 44196, -22094, 52982
7497.3, 1037, 942, 5574, 6999, 141752, 44196, -22094, 52984
7501.1, 1075, 942, 5574, 6999, 141752, 44196, -22094, 52985
7505.4, 1076, 1225, 5702, 6638, 136086, 38071, -21079, 52985
7509.1, 1080, 1225, 5702, 6638, 136086, 38071, -21079, 53009
7513.3, 1090, 1542, 5806, 6692, 132888, 33731, -19368, 53009
7517.1, 1022, 1542, 5806, 6692, 132888, 33731, -19368, 52823
7520.8, 1083, 1542, 5806, 6692, 132888, 33731, -19368, 53020
7525.1, 1087, 1993, 6105, 5858, 129664, 32436, -16358, 53020
7528.9, 1054, 1993, 6105, 5858, 129664, 32436, -16358, 53016
7533.1, 1064, 2483, 7564, 7013, 133282, 48108, 4641, 53016
7536.8, 1013, 2483, 7564, 7013, 133282, 48108, 4641, 53038
7539.1, 36, 2483, 7564, 7013, 133282, 48108, 4641, 53038
7544.9, 1119, 1757, 5400, 6731, 127423, 42171, 10381, 53029
7548.7, 1023, 1757, 5400, 6731, 127423, 42171, 10381, 53033
7552.9, 1052, 900, 5502, 4963, 119566, 40600, 6186, 53033
7556.6, 1041, 900, 5502, 4963, 119566, 40600, 6186, 53038
7560.9, 1118, 900, 6172, 5437, 118739, 50195, 2813, 53038
7564.6, 1077, 900, 6172, 5437, 118739, 50195, 2813, 53042
7566.9, 29, 900, 6172, 5437, 118739, 50195, 2813, 53042
7571.1, 1117, 343, 6697, 5230, 119417, 58245, 2104, 53042
7574.9, 1085, 343, 6697, 5230, 119417, 58245, 2104, 52829
7577.1, 31, 343, 6697, 5230, 119417, 58245, 2104, 52829
7582.9, 1137, 764, 6602, 5408, 117969, 58700, 1605, 53064
7586.6, 1047, 764, 6602, 5408, 117969, 58700, 1605, 53094
7590.9, 1092, 920, 6542, 4816, 113598, 56744, 529, 53094
7594.6, 1072, 920, 6542, 4816, 113598, 56744, 529, 53419
7596.9, 27, 920, 6542, 4816, 113598, 56744, 529, 53419
7601.1, 1134, 1392, 6441, 4294, 108952, 55405, -336, 53419
7604.9, 1056, 1392, 6441, 4294, 108952, 55405, -336, 53437
7607.1, 29, 1392, 6441, 4294, 108952, 55405, -336, 53437
7612.9, 1157, 1757, 7335, 4604, 109512, 54172, 2086, 53448
7616.6, 1071, 1757, 7335, 4604, 109512, 54172, 2086, 53482
7620.9, 1092, 1893, 7753, 4479, 107766, 60830, 5508, 53482
7624.6, 1082, 1893, 7753, 4479, 107766, 60830, 5508, 53498
7628.8, 1084, 1893, 7753, 4479, 107766, 60830, 8421, 53498
7632.6, 1044, 1893, 7753, 4479, 107766, 60830, 8421, 53526
7636.3, 1077, 1893, 7753, 4479, 107766, 60830, 8421, 53545
7640.6, 1064, 1383, 8909, 5100, 95074, 71930, 11353, 53545
7644.4, 1036, 1383, 8909, 5100, 95074, 71930, 11353, 53588
7648.6, 1053, 1383, 8909, 5100, 95074, 66645, 14043, 53588
7652.4, 1033, 1383, 8909, 5100, 95074, 66645, 14043, 53625
7656.1, 1082, 1383, 8909, 5100, 95074, 66645, 14043, 53637
7660.4, 1099, 748, 7871, 4689, 85051, 62200, 16476, 53637
7664.2, 1039, 748, 7871, 4689, 85051, 62200, 16476, 53670
7668.4, 1063, 748, 7871, 4689, 85051, 59076, 19294, 53670
7672.1, 1051, 748, 7871, 4689, 85051, 59076, 19294, 53700
7675.9, 1086, 748, 7871, 4689, 85051, 59076, 19294, 53736
7680.2, 1084, 872, 6921, 4662, 73479, 55685, 21096, 53736
7684.0, 1018, 872, 6921, 4662, 73479, 55685, 21096, 53761
7688.2, 1044, 872, 6921, 4662, 73479, 54386, 18515, 53761
7692.0, 1036, 872, 6921, 4662, 73479, 54386, 18515, 53783
7695.7, 1084, 872, 6921, 4662, 73479, 54386, 18515, 53820
7700.0, 1066, 812, 7113, 4539, 60017, 47141, 14057, 53820
7703.8, 1034, 812, 7113, 4539, 60017, 47141, 14057, 53848
7708.0, 1065, 812, 7113, 4539, 58157, 42635, 11519, 53848
7711.8, 1018, 812, 7113, 4539, 58157, 42635, 11519, 53866
7714.1, 24, 812, 7113, 4539, 58157, 42635, 11519, 53866
7719.8, 1152, 1244, 8648, 4001, 53248, 42341, 10268, 53830
7722.1, 30, 1244, 8648, 4001, 53248, 42341, 10268, 53830
7727.8, 1124, 1257, 9674, 4225, 53248, 42341, 10268, 53920
7731.6, 1036, 1257, 9674, 4225, 53248, 42341, 10268, 53942
7735.9, 1075, 1498, 10336, 4338, 48672, 40530, 9717, 53942
7739.6, 1060, 1498, 10336, 4338, 48672, 40530, 9717, 53968
7741.9, 30, 1498, 10336, 4338, 48672, 40530, 9717, 53968
7747.6, 1135, 1459, 10197, 3710, 43221, 41716, 8876, 53945
7751.4, 1047, 1459, 10197, 3710, 43221, 41716, 8876, 53984
7755.7, 1068, 1542, 9224, 3543, 38102, 41007, 6440, 53984
7759.4, 1046, 1542, 9224, 3543, 38102, 41007, 6440, 54021
7761.7, 26, 1542, 9224, 3543, 38102, 41007, 6440, 54021
7766.0, 1095, 1516, 9556, 3466, 32056, 38172, 4392, 54021
7769.8, 1069, 1516, 9556, 3466, 32056, 38172, 4392, 54031
7772.1, 27, 1516, 9556, 3466, 32056, 38172, 4392, 54031
7777.8, 1146, 1590, 9099, 3373, 26652, 37358, 4585, 54056
7781.5, 1071, 1590, 9099, 3373, 26652, 37358, 4585, 54097
7785.8, 1071, 1138, 7776, 3242, 23914, 36019, 4707, 54097
7789.6, 1030, 1138, 7776, 3242, 23914, 36019, 4707, 54087
7793.8, 1046, 1048, 7599, 2852, 19757, 30844, 4908, 54087
7797.6, 1048, 1048, 7599, 2852, 19757, 30844, 4908, 54104
7801.3, 1070, 1048, 7599, 2852, 19757, 30844, 4908, 54116
7805.6, 1077, 672, 8358, 3014, 14573, 29229, 3968, 54116
7809.4, 1040, 672, 8358, 3014, 14573, 29229, 3968, 54135
7813.6, 1084, 720, 8906, 3571, 11427, 25598, 2161, 54135
7817.4, 1041, 720, 8906, 3571, 11427, 25598, 2161, 54164
7821.1, 1079, 720, 8906, 3571, 11427, 25598, 2161, 54176
7825.4, 1103, 936, 9259, 3254, 9458, 21551, 958, 54176
7829.2, 1035, 936, 9259, 3254, 9458, 21551, 958, 54206
7833.4, 1078, 1121, 9427, 3190, 5460, 21512, -411, 54206
7837.1, 1071, 1121, 9427, 3190, 5460, 21512, -411, 54254
7840.9, 1074, 1121, 9427, 3190, 5460, 21512, -411, 54273
7845.2, 1079, 1351, 9672, 3014, 2712, 20720, 91, 54273
7849.0, 1032, 1351, 9672, 3014, 2712, 20720, 91, 54315
7853.2, 1069, 1620, 10214, 3372, 2961, 20182, 2585, 54315
7856.9, 1024, 1620, 10214, 3372, 2961, 20182, 2585, 54318
7860.7, 1080, 1620, 10214, 3372, 2961, 20182, 2585, 54331
7865.0, 1081, 1327, 10278, 3326, 3364, 18152, 1999, 54331
7869.1, 668, 1327, 10278, 3326, 3364, 18152, 1999, 54366
7873.3, 1106, 1159, 10532, 3586, 1951, 16852, -1207, 54366
7877.1, 1062, 1159, 10532, 3586, 1951, 16852, -1207, 54372
7882.8, 1137, 836, 9704, 3571, -183, 11112, -3762, 54387
7886.5, 1064, 836, 9704, 3571, -183, 11112, -3762, 54341
7890.8, 1081, 470, 9151, 3468, -4086, 6615, -3596, 54341
7894.6, 1025, 470, 9151, 3468, -4086, 6615, -3596, 54413
7896.8, 23, 470, 9151, 3468, -4086, 6615, -3596, 54413
7901.1, 1124, 221, 8992, 3445, -7875, 9380, -3994, 54413
7904.9, 1050, 221, 8992, 3445, -7875, 9380, -3994, 54414
7907.1, 24, 221, 8992, 3445, -7875, 9380, -3994, 54414
7912.9, 1133, 7, 8978, 3418, -10207, 8526, -3176, 54438
7916.6, 1054, 7, 8978, 3418, -10207, 8526, -3176, 54417
7920.9, 1098, 270, 8857, 3340, -13693, 3058, -354, 54417
7924.6, 1035, 270, 8857, 3340, -13693, 3058, -354, 54428
7926.9, 24, 270, 8857, 3340, -13693, 3058, -354, 54428
7931.1, 1128, 416, 8940, 3522, -15570, -2839, 236, 54428
7934.9, 1034, 416, 8940, 3522, -15570, -2839, 236, 54435
7939.2, 1056, 638, 9027, 3541, -17001, -8050, -174, 54435
7942.9, 1078, 638, 9027, 3541, -17001, -8050, -174, 54451
7946.7, 1062, 638, 9027, 3541, -17001, -8050, -174, 54479
7950.9, 1109, 805, 8918, 3547, -18874, -12862, 673, 54479
7954.6, 1058, 805, 8918, 3547, -18874, -12862, 673, 54450
7958.8, 1105, 800, 8777, 3523, -22549, -15653, 209, 54450
7962.6, 1066, 800, 8777, 3523, -22549, -15653, 209, 54460
7966.4, 1077, 800, 8777, 3523, -22549, -15653, 209, 54455
7970.6, 1095, 714, 8818, 3536, -25826, -17544, -3272, 54455
7974.4, 1039, 714, 8818, 3536, -25826, -17544, -3272, 54466
7978.6, 1077, 679, 9233, 3461, -28210, -19385, -6562, 54466
7982.4, 1054, 679, 9233, 3461, -28210, -19385, -6562, 54463
7986.1, 1070, 679, 9233, 3461, -28210, -19385, -6562, 54466
7990.4, 1086, 855, 10318, 3328, -30748, -19407, -7966, 54466
7994.2, 1018, 855, 10318, 3328, -30748, -19407, -7966, 54470
7998.4, 1067, 850, 11105, 3690, -34374, -19399, -11327, 54470
8002.2, 1055, 850, 11105, 3690, -34374, -19399, -11327, 54472
8005.9, 1066, 850, 11105, 3690, -34374, -19399, -11327, 54413
8010.2, 1076, 789, 10807, 3694, -37231, -22780, -15443, 54413
8014.0, 1034, 789, 10807, 3694, -37231, -22780, -15443, 54483
8018.2, 1083, 1132, 9994, 3281, -37183, -26849, -16550, 54483
8021.9, 1051, 1132, 9994, 3281, -37183, -26849, -16550, 54477
8025.7, 1070, 1132, 9994, 3281, -37183, -26849, -16550, 54495
8030.0, 1087, 755, 9582, 3556, -38268, -28424, -16358, 54495
8033.7, 1027, 755, 9582, 3556, -38268, -28424, -16358, 54490
8038.0, 1086, 568, 9520, 3630, -40758, -27742, -15868, 54490
8041.7, 1030, 568, 9520, 3630, -40758, -27742, -15868, 54492
8046.0, 1106, 568, 9545, 4076, -42775, -26639, -17224, 54492
8049.7, 1045, 568, 9545, 4076, -42775, -26639, -17224, 54423
8052.0, 24, 568, 9545, 4076, -42775, -26639, -17224, 54423
8057.7, 1154, 503, 8895, 4007, -45001, -28656, -20050, 54488
8061.4, 1046, 503, 8895, 4007, -45001, -28656, -20050, 54460
8065.7, 1056, 626, 8505, 3922, -47438, -32546, -23060, 54460
8069.5, 1054, 626, 8505, 3922, -47438, -32546, -23060, 54487
8071.8, 24, 626, 8505, 3922, -47438, -32546, -23060, 54487
8076.0, 1086, 266, 8688, 4060, -51087, -34659, -25117, 54487
8079.8, 1029, 266, 8688, 4060, -51087, -34659, -25117, 54492
8082.1, 22, 266, 8688, 4060, -51087, -34659, -25117, 54492
8087.8, 1170, 511, 8533, 3929, -53410, -36229, -25436, 54502
8091.5, 1039, 511, 8533, 3929, -53410, -36229, -25436, 54366
8095.8, 1091, 678, 8745, 4581, -53528, -38242, -24535, 54366
8099.6, 1009, 678, 8745, 4581, -53528, -38242, -24535, 54495
8101.9, 23, 678, 8745, 4581, -53528, -38242, -24535, 54495
8107.6, 1162, 738, 8998, 4621, -53935, -40688, -23485, 54514
8111.3, 1054, 738, 8998, 4621, -53935, -40688, -23485, 54528
8115.6, 1099, 933, 8744, 4739, -58153, -40740, -23305, 54528
8119.4, 1023, 933, 8744, 4739, -58153, -40740, -23305, 54544
8123.7, 1073, 884, 8913, 4815, -60787, -40010, -22859, 54544
8127.4, 1090, 884, 8913, 4815, -60787, -40010, -22859, 54517
8131.2, 1038, 884, 8913, 4815, -60787, -40010, -22859, 54509
8135.4, 1108, 859, 8664, 4671, -64632, -38268, -21490, 54509
8139.1, 1063, 859, 8664, 4671, -64632, -38268, -21490, 54502
8143.3, 1101, 1179, 9333, 3963, -67384, -37249, -21004, 54502
8147.1, 1049, 1179, 9333, 3963, -67384, -37249, -21004, 54491
8150.8, 1059, 1179, 9333, 3963, -67384, -37249, -21004, 54460
8155.1, 1071, 1067, 8021, 4459, -69655, -25690, -10692, 54460
8158.9, 1043, 1067, 8021, 4459, -69655, -25690, -10692, 54451
8163.1, 1098, 396, 7414, 5028, -65354, -18130, -8666, 54451
8166.8, 1029, 396, 7414, 5028, -65354, -18130, -8666, 54445
8169.1, 25, 396, 7414, 5028, -65354, -18130, -8666, 54445
8174.9, 1108, 649, 7400, 5154, -68644, -18230, -11484, 53947
8178.6, 1057, 649, 7400, 5154, -68644, -18230, -11484, 53887
8182.8, 1090, 1286, 7577, 5064, -71838, -22859, -9874, 53887
8186.6, 1034, 1286, 7577, 5064, -71838, -22859, -9874, 53844
8188.9, 28, 1286, 7577, 5064, -71838, -22859, -9874, 53844
8194.6, 1100, 865, 7559, 5076, -70871, -23712, -6453, 53801
8198.3, 1075, 865, 7559, 5076, -70871, -23712, -6453, 53747
8204.1, 1110, 572, 7680, 5225, -71046, -18287, -7048, 53703
8206.3, 27, 572, 7680, 5225, -71046, -18287, -7048, 53703
8208.6, 8, 572, 7680, 5225, -71046, -18287, -7048, 53703
8214.3, 1139, 430, 7786, 5546, -75981, -14490, -7599, 53654
8216.6, 26, 430, 7786, 5546, -75981, -14490, -7599, 53654
8220.8, 1077, 430, 7786, 5546, -79411, -18467, -6129, 53654
8224.6, 1064, 430, 7786, 5546, -79411, -18467, -6129, 53604
8226.9, 26, 430, 7786, 5546, -79411, -18467, -6129, 53604
8231.1, 1091, 394, 7810, 6152, -82426, -26530, -4615, 53604
8234.9, 1047, 394, 7810, 6152, -82426, -26530, -4615, 53566
8237.1, 27, 394, 7810, 6152, -82426, -26530, -4615, 53566
8242.9, 1159, 501, 7508, 5928, -86919, -32121, -3377, 53551
8246.6, 1044, 501, 7508, 5928, -86919, -32121, -3377, 53514
8250.9, 1101, 501, 7119, 5808, -91281, -34641, -2266, 53514
8254.6, 1058, 501, 7119, 5808, -91281, -34641, -2266, 53460
8256.9, 27, 501, 7119, 5808, -91281, -34641, -2266, 53460
8261.1, 1115, 1493, 7189, 6576, -94361, -37008, -1163, 53460
8264.9, 1041, 1493, 7189, 6576, -94361, -37008, -1163, 53463
8269.2, 1085, 1493, 7189, 6576, -94361, -37008, -1163, 53463
8272.9, 1100, 1493, 7189, 6576, -94361, -37008, -1163, 53429
8276.7, 1056, 1493, 7189, 6576, -94361, -37008, -1163, 53422
8280.9, 1098, 1676, 6864, 6204, -105211, -43396, 6046, 53422
8284.6, 1068, 1676, 6864, 6204, -105211, -43396, 6046, 53418
8288.8, 1107, 1676, 6864, 6204, -105211, -43396, 6046, 53418
8292.6, 1062, 1676, 6864, 6204, -105211, -43396, 6046, 53403
8296.3, 1055, 1676, 6864, 6204, -105211, -43396, 6046, 53384
8300.6, 1067, 485, 6218, 6881, -112032, -40058, 12398, 53384
8304.4, 1008, 485, 6218, 6881, -112032, -40058, 12398, 53378
8308.6, 1087, 485, 6218, 6881, -112032, -40058, 12398, 53378
8312.4, 1049, 485, 6218, 6881, -112032, -40058, 12398, 53359
8316.2, 1050, 485, 6218, 6881, -112032, -40058, 12398, 53372
8320.5, 1054, -482, 6150, 7205, -120782, -56241, 10198, 53372
8324.2, 1062, -482, 6150, 7205, -120782, -56241, 10198, 53370
8328.4, 1102, -482, 6150, 7205, -120782, -56241, 10198, 53370
8332.2, 1042, -482, 6150, 7205, -120782, -56241, 10198, 53369
8335.9, 1052, -482, 6150, 7205, -120782, -56241, 10198, 53370
8340.2, 1071, 1049, 5882, 7634, -122283, -70994, 8015, 53370
8344.0, 1057, 1049, 5882, 7634, -122283, -70994, 8015, 53338
8348.2, 1074, 1049, 5882, 7634, -122283, -70994, 8015, 53338
8352.0, 1028, 1049, 5882, 7634, -122283, -70994, 8015, 53316
8355.7, 1035, 1049, 5882, 7634, -122283, -70994, 8015, 53277
8360.0, 1068, 2422, 5835, 6205, -130429, -86232, 17495, 53277
8363.8, 1060, 2422, 5835, 6205, -130429, -86232, 17495, 53240
8368.0, 1081, 2422, 5835, 6205, -130429, -86232, 17495, 53240
8371.7, 1021, 2422, 5835, 6205, -130429, -86232, 17495, 53149
8376.0, 1065, 2300, 4950, 4862, -127563, -81039, 24277, 53149
8379.8, 1022, 2300, 4950, 4862, -127563, -81039, 24277, 53076
8382.0, 26, 2300, 4950, 4862, -127563, -81039, 24277, 53076
8387.8, 1128, 2234, 4307, 4868, -123788, -62419, 24723, 53023
8391.6, 996, 2234, 4307, 4868, -123788, -62419, 24723, 52999
8395.9, 1027, 2258, 4101, 7225, -119181, -48121, 18016, 52999
8399.7, 997, 2258, 4101, 7225, -119181, -48121, 18016, 52962
8402.0, 24, 2258, 4101, 7225, -119181, -48121, 18016, 52962
8407.7, 1153, 2121, 4493, 7862, -119684, -43965, 13050, 52867
8411.5, 1032, 2121, 4493, 7862, -119684, -43965, 13050, 52879
8415.7, 1043, 2418, 4957, 8801, -123827, -49608, 15846, 52879
8419.5, 1023, 2418, 4957, 8801, -123827, -49608, 15846, 52827
8421.8, 26, 2418, 4957, 8801, -123827, -49608, 15846, 52827
8426.0, 1055, 2226, 5123, 7612, -126894, -59702, 26145, 52827
8429.8, 1041, 2226, 5123, 7612, -126894, -59702, 26145, 52730
8434.0, 1119, 1934, 4103, 6591, -125389, -53699, 34619, 52730
8437.8, 1054, 1934, 4103, 6591, -125389, -53699, 34619, 52606
8441.5, 1039, 1934, 4103, 6591, -125389, -53699, 34619, 52509
8445.8, 1063, 1954, 3164, 6819, -120655, -36960, 34825, 52509
8449.6, 1034, 1954, 3164, 6819, -120655, -36960, 34825, 52400
8453.8, 1086, 2306, 2335, 7189, -121036, -27352, 27046, 52400
8457.6, 1047, 2306, 2335, 7189, -121036, -27352, 27046, 52318
8461.4, 1020, 2306, 2335, 7189, -121036, -27352, 27046, 52243
8465.6, 1044, 2318, 2070, 8627, -124934, -30616, 17675, 52243
8469.4, 1059, 2318, 2070, 8627, -124934, -30616, 17675, 52188
8473.6, 1089, 1898, 2388, 8553, -125967, -41011, 14997, 52188
8477.4, 1036, 1898, 2388, 8553, -125967, -41011, 14997, 52105
8481.1, 1026, 1898, 2388, 8553, -125967, -41011, 14997, 52037
8485.4, 1079, 2233, 2434, 6234, -121119, -40320, 19057, 52037
8489.2, 1071, 2233, 2434, 6234, -121119, -40320, 19057, 51946
8493.4, 1083, 2879, 2447, 7596, -115803, -23730, 23975, 51946
8497.1, 1040, 2879, 2447, 7596, -115803, -23730, 23975, 51885
8500.9, 1033, 2879, 2447, 7596, -115803, -23730, 23975, 51824
8505.2, 1076, 3293, 2405, 8242, -111363, -15277, 27873, 51824
8509.0, 1086, 3293, 2405, 8242, -111363, -15277, 27873, 51780
8513.2, 1066, 3055, 2006, 7902, -114902, -14039, 30485, 51780
8517.0, 1025, 3055, 2006, 7902, -114902, -14039, 30485, 51739
8522.7, 1133, 3085, 1623, 8316, -115344, -9695, 30279, 51696
8526.4, 1008, 3085, 1623, 8316, -115344, -9695, 30279, 51663
8528.7, 26, 3085, 1623, 8316, -115344, -9695, 30279, 51663
8534.4, 1163, 3119, 1470, 9602, -116166, -6711, 27737, 51628
8536.7, 28, 3119, 1470, 9602, -116166, -6711, 27737, 51628
8540.9, 1058, 3260, 1426, 8863, -120629, -15142, 25795, 51628
8544.7, 1056, 3260, 1426, 8863, -120629, -15142, 25795, 51605
8547.0, 25, 3260, 1426, 8863, -120629, -15142, 25795, 51605
8552.7, 1160, 2859, 1449, 8696, -123744, -22527, 26342, 51579
8556.4, 1035, 2859, 1449, 8696, -123744, -22527, 26342, 51587
8560.6, 1093, 2745, 1181, 7562, -118936, -14652, 27252, 51587
8564.4, 1074, 2745, 1181, 7562, -118936, -14652, 27252, 51591
8566.7, 27, 2745, 1181, 7562, -118936, -14652, 27252, 51591
8570.9, 1081, 2780, 817, 8130, -114062, -4515, 25852, 51591
8574.7, 1051, 2780, 817, 8130, -114062, -4515, 25852, 51612
8577.0, 23, 2780, 817, 8130, -114062, -4515, 25852, 51612
8582.7, 1150, 3049, 918, 8398, -112570, -3364, 24845, 51564
8586.4, 1038, 3049, 918, 8398, -112570, -3364, 24845, 51664
8590.7, 1085, 3354, 661, 9480, -111336, -2104, 25668, 51664
8594.5, 1068, 3354, 661, 9480, -111336, -2104, 25668, 51713
8598.7, 1113, 3382, 501, 9905, -109354, -6002, 27650, 51713
8602.5, 1042, 3382, 501, 9905, -109354, -6002, 27650, 51750
8606.3, 1025, 3382, 501, 9905, -109354, -6002, 27650, 51742
8610.6, 1086, 3276, 358, 8515, -111804, -16668, 30993, 51742
8614.3, 1091, 3276, 358, 8515, -111804, -16668, 30993, 51731
8618.5, 1107, 3504, 748, 8264, -113642, -16073, 33701, 51731
8622.3, 1040, 3504, 748, 8264, -113642, -16073, 33701, 51748
8626.0, 1048, 3504, 748, 8264, -113642, -16073, 33701, 51757
8630.3, 1084, 3534, 500, 9802, -114298, -8982, 33574, 51757
8634.1, 1072, 3534, 500, 9802, -114298, -8982, 33574, 51819
8638.3, 1096, 3637, -86, 9455, -116053, -11348, 31421, 51819
8642.0, 1020, 3637, -86, 9455, -116053, -11348, 31421, 51796
8645.8, 1056, 3637, -86, 9455, -116053, -11348, 31421, 51827
8650.1, 1087, 3399, -408, 7968, -114858, -5407, 29872, 51827
8653.8, 1068, 3399, -408, 7968, -114858, -5407, 29872, 51864
8658.1, 1082, 3000, -339, 9259, -112448, 4707, 32047, 51864
8661.8, 1007, 3000, -339, 9259, -112448, 4707, 32047, 51903
8664.1, 24, 3000, -339, 9259, -112448, 4707, 32047, 51903
8669.9, 1135, 2665, -659, 9375, -113113, 3915, 34878, 52400
8673.6, 1072, 2665, -659, 9375, -113113, 3915, 34878, 51928
8677.8, 1074, 2539, -1181, 8796, -111293, 3456, 32808, 51928
8681.6, 1025, 2539, -1181, 8796, -111293, 3456, 32808, 51948
8683.9, 24, 2539, -1181, 8796, -111293, 3456, 32808, 51948
8689.6, 1174, 2708, -1127, 10407, -110724, 787, 28809, 51980
8691.9, 26, 2708, -1127, 10407, -110724, 787, 28809, 51980
8696.1, 1080, 2706, -921, 9242, -112885, -6278, 28446, 51980
8699.9, 1095, 2706, -921, 9242, -112885, -6278, 28446, 52020
8702.1, 25, 2706, -921, 9242, -112885, -6278, 28446, 52020
8707.9, 1141, 3022, -808, 8253, -112618, 656, 30778, 52020
8711.6, 1021, 3022, -808, 8253, -112618, 656, 30778, 51987
8715.9, 1119, 3904, -1112, 9775, -112364, 8990, 31771, 51987
8719.6, 1078, 3904, -1112, 9775, -112364, 8990, 31771, 52027
8721.9, 25, 3904, -1112, 9775, -112364, 8990, 31771, 52027
8726.1, 1110, 4289, -1463, 9421, -115501, 4624, 32174, 52027
8729.9, 1077, 4289, -1463, 9421, -115501, 4624, 32174, 52272
8732.2, 26, 4289, -1463, 9421, -115501, 4624, 32174, 52272
8737.9, 1156, 3967, -1747, 7951, -115563, 4147, 34374, 52279
8741.7, 1028, 3967, -1747, 7951, -115563, 4147, 34374, 52283
8745.9, 1111, 3347, -2234, 9253, -113769, 8916, 35276, 52283
8749.7, 1052, 3347, -2234, 9253, -113769, 8916, 35276, 52316
8754.0, 1088, 2708, -2104, 9044, -115803, 5446, 34847, 52316
8757.7, 1061, 2708, -2104, 9044, -115803, 5446, 34847, 52283
8761.5, 1032, 2708, -2104, 9044, -115803, 5446, 34847, 52300
8765.7, 1106, 2416, -2051, 8694, -114819, 2760, 33473, 52300
8769.5, 1085, 2416, -2051, 8694, -114819, 2760, 33473, 52312
8773.7, 1088, 2453, -2431, 9457, -113489, 3823, 32909, 52312
8777.5, 1029, 2453, -2431, 9457, -113489, 3823, 32909, 52301
8781.2, 1043, 2453, -2431, 9457, -113489, 3823, 32909, 52316
8785.5, 1120, 2490, -2996, 8874, -112242, 1631, 35770, 52316
8789.3, 1070, 2490, -2996, 8874, -112242, 1631, 35770, 52324
8793.5, 1075, 2832, -3847, 8641, -110120, 5534, 37678, 52324
8797.3, 1022, 2832, -3847, 8641, -110120, 5534, 37678, 52303
8801.0, 1038, 2832, -3847, 8641, -110120, 5534, 37678, 52357
8805.3, 1094, 2680, -4026, 9110, -110628, 10841, 35827, 52357
8809.0, 1055, 2680, -4026, 9110, -110628, 10841, 35827, 52365
8813.2, 1086, 2473, -3818, 8858, -110544, 13203, 33775, 52365
8817.0, 1006, 2473, -3818, 8858, -110544, 13203, 33775, 52385
8820.7, 1046, 2473, -3818, 8858, -110544, 13203, 33775, 52342
8825.0, 1084, 2442, -4152, 8727, -109700, 13947, 32178, 52342
8828.8, 1044, 2442, -4152, 8727, -109700, 13947, 32178, 52386
8833.0, 1060, 2086, -4125, 8316, -110081, 11103, 30310, 52386
8836.7, 1021, 2086, -4125, 8316, -110081, 11103, 30310, 52377
8839.0, 24, 2086, -4125, 8316, -110081, 11103, 30310, 52377
8844.8, 1130, 2696, -4024, 8723, -110203, 8785, 28731, 52384
8848.5, 1048, 2696, -4024, 8723, -110203, 8785, 28731, 52418
8854.2, 1134, 3202, -4725, 9367, -109319, 6698, 27151, 52397
8856.5, 28, 3202, -4725, 9367, -109319, 6698, 27151, 52397
8860.7, 1076, 3202, -4725, 9367, -109319, 6698, 27151, 52397
8864.5, 1058, 3202, -4725, 9367, -109319, 6698, 27151, 52399
8866.8, 23, 3202, -4725, 9367, -109319, 6698, 27151, 52399
8871.0, 1080, 2979, -5046, 8170, -108103, 15426, 32379, 52399
8874.8, 1069, 2979, -5046, 8170, -108103, 15426, 32379, 52416
8877.0, 25, 2979, -5046, 8170, -108103, 15426, 32379, 52416
8882.8, 1144, 2817, -4852, 7380, -103903, 25069, 33565, 52416
8886.5, 1027, 2817, -4852, 7380, -103903, 25069, 33565, 52413
8890.8, 1082, 2648, -4642, 8653, -103903, 26836, 32913, 52413
8894.5, 1064, 2648, -4642, 8653, -103903, 26836, 32913, 52446
8896.8, 24, 2648, -4642, 8653, -103903, 26836, 32913, 52446
8901.0, 1078, 2359, -4679, 8969, -109267, 23830, 33552, 52446
8904.8, 1038, 2359, -4679, 8969, -109267, 23830, 33552, 52453
8907.1, 24, 2359, -4679, 8969, -109267, 23830, 33552, 52453
8912.8, 1131, 2638, -6251, 8496, -108195, 20470, 33062, 52458
8916.6, 986, 2638, -6251, 8496, -108195, 20470, 33062, 52441
8920.9, 1038, 2759, -6251, 8496, -105727, 19626, 31885, 52441
8924.7, 1040, 2759, -6251, 8496, -105727, 19626, 31885, 52436
8928.9, 1079, 2216, -6401, 7305, -105727, 19626, 31885, 52436
8932.6, 1033, 2216, -6401, 7305, -105727, 19626, 31885, 52444
8936.4, 1005, 2216, -6401, 7305, -105727, 19626, 31885, 52443
8940.7, 1061, 1816, -6150, 8413, -100053, 18922, 27488, 52443
8944.5, 1058, 1816, -6150, 8413, -100053, 18922, 27488, 52405
8948.7, 1065, 1831, -6366, 8413, -100053, 18922, 27488, 52405
8952.4, 1024, 1831, -6366, 8413, -100053, 18922, 27488, 52459
8956.2, 1007, 1831, -6366, 8413, -100053, 18922, 27488, 52453
8960.4, 1086, 1792, -6588, 7319, -97634, 14153, 26862, 52453
8964.2, 1035, 1792, -6588, 7319, -97634, 14153, 26862, 52455
8968.4, 1049, 2138, -7011, 7319, -97634, 14153, 26862, 52455
8972.2, 1006, 2138, -7011, 7319, -97634, 14153, 26862, 52458
8975.9, 1038, 2138, -7011, 7319, -97634, 14153, 26862, 52466
8980.2, 1048, 2541, -7258, 7756, -93525, 20895, 26416, 52466
8984.0, 1015, 2541, -7258, 7756, -93525, 20895, 26416, 52420
8988.2, 1033, 2537, -6856, 7756, -93525, 20895, 26416, 52420
8992.0, 985, 2537, -6856, 7756, -93525, 20895, 26416, 52503
8995.7, 1040, 2537, -6856, 7756, -93525, 20895, 26416, 52466
9000.0, 1083, 2624, -6784, 7109, -93425, 16962, 26718, 52466
9003.8, 1016, 2624, -6784, 7109, -93425, 16962, 26718, 52484
9008.0, 1040, 2378, -6784, 7109, -93425, 16962, 26718, 52484
9011.8, 965, 2378, -6784, 7109, -93425, 16962, 26718, 52438
9017.5, 1077, 2199, -6757, 7333, -93626, 15540, 26950, 52462
9021.3, 982, 2199, -6757, 7333, -93626, 15540, 26950, 52463
9023.6, 22, 2199, -6757, 7333, -93626, 15540, 26950, 52463
9029.4, 1107, 1872, -7216, 7442, -90935, 13934, 27326, 52464
9031.6, 28, 1872, -7216, 7442, -90935, 13934, 27326, 52464
9035.9, 1049, 1296, -7663, 7269, -88678, 11243, 27147, 52464
9039.7, 996, 1296, -7663, 7269, -88678, 11243, 27147, 52490
9042.0, 24, 1296, -7663, 7269, -88678, 11243, 27147, 52490
9047.7, 1088, 1359, -8142, 7091, -86972, 10942, 24631, 52454
9051.4, 994, 1359, -8142, 7091, -86972, 10942, 24631, 52452
9055.7, 1039, 1425, -8471, 6997, -84136, 11593, 22864, 52452
9059.5, 998, 1425, -8471, 6997, -84136, 11593, 22864, 52443
9061.7, 25, 1425, -8471, 6997, -84136, 11593, 22864, 52443
9066.0, 1063, 1115, -8136, 5926, -80405, 13510, 20523, 52443
9069.7, 1024, 1115, -8136, 5926, -80405, 13510, 20523, 52427
9074.0, 1030, 1450, -7715, 6308, -76830, 17163, 17320, 52427
9077.8, 988, 1450, -7715, 6308, -76830, 17163, 17320, 52434
9081.5, 1004, 1450, -7715, 6308, -76830, 17163, 17320, 52441
9085.8, 1068, 1843, -7652, 6899, -76283, 15470, 16485, 52441
9089.5, 1027, 1843, -7652, 6899, -76283, 15470, 16485, 52437
9093.7, 1016, 2106, -8069, 6741, -74953, 11248, 17994, 52437
9097.5, 986, 2106, -8069, 6741, -74953, 11248, 17994, 52434
9101.3, 1020, 2106, -8069, 6741, -74953, 11248, 17994, 52433
9105.6, 1021, 1992, -8261, 6616, -71392, 12818, 18038, 52433
9109.3, 1022, 1992, -8261, 6616, -71392, 12818, 18038, 52426
9113.5, 1014, 1579, -7766, 7164, -68163, 17084, 15505, 52426
9117.3, 986, 1579, -7766, 7164, -68163, 17084, 15505, 52429
9121.0, 1034, 1579, -7766, 7164, -68163, 17084, 15505, 52449
9125.2, 1061, 771, -7615, 6915, -66636, 18213, 13851, 52449
9129.0, 1011, 771, -7615, 6915, -66636, 18213, 13851, 52452
9133.2, 1027, 332, -8088, 6678, -64807, 17544, 14730, 52452
9136.9, 963, 332, -8088, 6678, -64807, 17544, 14730, 52416
9140.7, 1027, 332, -8088, 6678, -64807, 17544, 14730, 52405
9144.9, 1049, 576, -8316, 6786, -62764, 16997, 13873, 52405
9148.6, 1005, 576, -8316, 6786, -62764, 16997, 13873, 52393
9152.9, 1019, 1071, -8150, 7235, -61789, 14262, 10071, 52393
9156.6, 988, 1071, -8150, 7235, -61789, 14262, 10071, 52389
9158.9, 22, 1071, -8150, 7235, -61789, 14262, 10071, 52389
9164.7, 1039, 2078, -8164, 7247, -61885, 10775, 8386, 52396
9168.4, 994, 2078, -8164, 7247, -61885, 10775, 8386, 52430
9174.1, 1076, 2654, -8030, 6792, -60305, 9830, 10071, 52372
9176.4, 25, 2654, -8030, 6792, -60305, 9830, 10071, 52372
9178.7, 3, 2654, -8030, 6792, -60305, 9830, 10071, 52372
9184.4, 1075, 2526, -7936, 7015, -59929, 11191, 11484, 52359
9186.7, 25, 2526, -7936, 7015, -59929, 11191, 11484, 52359
9190.9, 1031, 2501, -8108, 7891, -59732, 14127, 11375, 52359
9194.7, 999, 2501, -8108, 7891, -59732, 14127, 11375, 52351
9197.0, 23, 2501, -8108, 7891, -59732, 14127, 11375, 52351
9202.7, 1085, 1878, -8064, 7598, -59724, 15150, 11817, 52330
9206.5, 985, 1878, -8064, 7598, -59724, 15150, 11817, 52318
9210.7, 1008, 1173, -8199, 6920, -58905, 18020, 11957, 52318
9214.5, 994, 1173, -8199, 6920, -58905, 18020, 11957, 52341
9216.8, 22, 1173, -8199, 6920, -58905, 18020, 11957, 52341
9221.1, 1000, 822, -8223, 6808, -58905, 23809, 11383, 52341
9224.8, 973, 822, -8223, 6808, -58905, 23809, 11383, 52296
9227.1, 22, 822, -8223, 6808, -58905, 23809, 11383, 52296
9232.8, 1081, 673, -8111, 6762, -61338, 28971, 9213, 52296
9236.5, 999, 673, -8111, 6762, -61338, 28971, 9213, 52270
9240.7, 1021, 694, -8118, 7053, -62274, 30782, 9130, 52270
9244.5, 1014, 694, -8118, 7053, -62274, 30782, 9130, 52221
9248.7, 1015, 1106, -8030, 6568, -64055, 28630, 10653, 52221
9252.4, 971, 1106, -8030, 6568, -64055, 28630, 10653, 52234
9256.2, 1008, 1106, -8030, 6568, -64055, 28630, 10653, 52211
9260.4, 1025, 1460, -8525, 6443, -65096, 26924, 11453, 52211
9264.5, 662, 1460, -8525, 6443, -65096, 26924, 11453, 52184
9268.8, 965, 1421, -8352, 5743, -64930, 23791, 10732, 52184
9272.5, 994, 1421, -8352, 5743, -64930, 23791, 10732, 52184
9276.3, 975, 1421, -8352, 5743, -64930, 23791, 10732, 52157
9280.5, 986, 1430, -8226, 5287, -65814, 22732, 8758, 52157
9284.3, 981, 1430, -8226, 5287, -65814, 22732, 8758, 52148
9288.5, 995, 814, -8614, 4894, -62856, 24421, 7590, 52148
9292.3, 944, 814, -8614, 4894, -62856, 24421, 7590, 51604
9296.0, 993, 814, -8614, 4894, -62856, 24421, 7590, 51560
9300.3, 975, 212, -8644, 3908, -60192, 23655, 6886, 51560
9304.0, 948, 212, -8644, 3908, -60192, 23655, 6886, 51518
9308.3, 965, 192, -8750, 4177, -58017, 24334, 5578, 51518
9312.0, 974, 192, -8750, 4177, -58017, 24334, 5578, 51431
9315.7, 1002, 192, -8750, 4177, -58017, 24334, 5578, 51454
9319.9, 972, 300, -8821, 4319, -55974, 22846, 5184, 51454
9323.7, 946, 300, -8821, 4319, -55974, 22846, 5184, 51422
9327.9, 986, 621, -9242, 4236, -54977, 21162, 6689, 51422
9331.6, 976, 621, -9242, 4236, -54977, 21162, 6689, 51393
9335.9, 977, 597, -9600, 4277, -53021, 22654, 6916, 51393
9339.7, 953, 597, -9600, 4277, -53021, 22654, 6916, 51383
9341.9, 22, 597, -9600, 4277, -53021, 22654, 6916, 51383
9347.7, 1037, 650, -9179, 4189, -51783, 26219, 5013, 51353
9351.4, 959, 650, -9179, 4189, -51783, 26219, 5013, 51318
9355.7, 964, 585, -9202, 4813, -50212, 29907, 4768, 51318
9359.5, 927, 585, -9202, 4813, -50212, 29907, 4768, 51287
9361.8, 20, 585, -9202, 4813, -50212, 29907, 4768, 51287
9366.0, 1013, 34, -9432, 4664, -47942, 30091, 6943, 51287
9369.7, 952, 34, -9432, 4664, -47942, 30091, 6943, 51254
9372.0, 23, 34, -9432, 4664, -47942, 30091, 6943, 51254
9377.7, 1030, 8, -9580, 4523, -47150, 28083, 6501, 51228
9381.4, 945, 8, -9580, 4523, -47150, 28083, 6501, 51204
9385.7, 968, 24, -9929, 4395, -43873, 24666, 5481, 51204
9389.5, 938, 24, -9929, 4395, -43873, 24666, 5481, 51162
9391.8, 22, 24, -9929, 4395, -43873, 24666, 5481, 51162
9396.0, 985, 259, -9469, 3789, -41755, 21477, 3928, 51162
9399.7, 940, 259, -9469, 3789, -41755, 21477, 3928, 51124
9404.0, 925, 259, -9469, 4050, -39813, 21446, 3666, 51124
9407.8, 908, 259, -9469, 4050, -39813, 21446, 3666, 51077
9411.5, 972, 259, -9469, 4050, -39813, 21446, 3666, 51037
9415.8, 968, 935, -9793, 4031, -35726, 20746, 3858, 51037
9419.6, 952, 935, -9793, 4031, -35726, 20746, 3858, 51024
9423.8, 941, 935, -9793, 3772, -32756, 21192, 1417, 51024
9427.6, 927, 935, -9793, 3772, -32756, 21192, 1417, 50980
9431.3, 960, 935, -9793, 3772, -32756, 21192, 1417, 50921
9435.6, 983, 321, -9530, 4140, -28914, 24951, 4, 50921
9439.3, 921, 321, -9530, 4140, -28914, 24951, 4, 50913
9443.5, 998, 321, -9530, 4187, -25322, 26666, 770, 50913
9447.3, 965, 321, -9530, 4187, -25322, 26666, 770, 50879
9451.1, 953, 321, -9530, 4187, -25322, 26666, 770, 50840
9455.4, 974, -311, -9119, 4603, -23817, 26906, 1505, 50840
9459.1, 935, -311, -9119, 4603, -23817, 26906, 1505, 50842
9463.3, 992, -311, -9166, 5229, -22549, 24439, 1728, 50842
9467.1, 940, -311, -9166, 5229, -22549, 24439, 1728, 50826
9470.8, 961, -311, -9166, 5229, -22549, 24439, 1728, 50777
9475.0, 1006, -198, -9108, 5154, -22815, 18887, 1522, 50777
9478.8, 918, -198, -9108, 5154, -22815, 18887, 1522, 50774
9483.0, 998, -198, -9297, 5082, -22776, 13037, 1023, 50774
9486.7, 943, -198, -9297, 5082, -22776, 13037, 1023, 50746
9489.0, 23, -198, -9297, 5082, -22776, 13037, 1023, 50746
9494.7, 1031, 449, -9305, 4382, -21188, 9139, 1386, 50715
9497.0, 25, 449, -9305, 4382, -21188, 9139, 1386, 50715
9502.7, 1047, 449, -9305, 4382, -21188, 9139, 1386, 51617
9506.5, 919, 449, -9305, 4382, -21188, 9139, 1386, 50676
9510.7, 985, 752, -9205, 4016, -19687, 8312, 997, 50676
9514.5, 907, 752, -9205, 4016, -19687, 8312, 997, 50678
9516.8, 21, 752, -9205, 4016, -19687, 8312, 997, 50678
9521.1, 954, 744, -9549, 3795, -17920, 8745, 853, 50678
9524.8, 935, 744, -9549, 3795, -17920, 8745, 853, 50665
9527.1, 22, 744, -9549, 3795, -17920, 8745, 853, 50665
9532.8, 1058, 150, -9714, 3471, -13650, 11191, -1981, 50652
9536.5, 943, 150, -9714, 3471, -13650, 11191, -1981, 50607
9540.8, 973, -375, -9444, 3658, -10858, 13921, -1981, 50607
9544.6, 916, -375, -9444, 3658, -10858, 13921, -1981, 50589
9546.8, 21, -375, -9444, 3658, -10858, 13921, -1981, 50589
9551.1, 955, -725, -9336, 3945, -7735, 4309, -1623, 50589
9554.9, 914, -725, -9336, 3945, -7735, 4309, -1623, 50605
9559.2, 930, -729, -9502, 3786, -6085, 4309, -1623, 50605
9562.9, 953, -729, -9502, 3786, -6085, 4309, -1623, 50605
9566.7, 932, -729, -9502, 3786, -6085, 4309, -1623, 50597
9571.0, 958, -25, -9659, 3578, -3727, -4200, -1745, 50597
9574.7, 915, -25, -9659, 3578, -3727, -4200, -1745, 50577
9579.0, 972, 713, -9734, 3592, -3727, -4200, -1745, 50577
9582.7, 953, 713, -9734, 3592, -3727, -4200, -1745, 50514
9586.5, 939, 713, -9734, 3592, -3727, -4200, -1745, 50546
9590.7, 976, 908, -9812, 3336, 3753, 2275, -2961, 50546
9594.4, 911, 908, -9812, 3336, 3753, 2275, -2961, 50539
9598.7, 961, 535, -9902, 3422, 3753, 2275, -2961, 50539
9602.4, 951, 535, -9902, 3422, 3753, 2275, -2961, 50544
9606.1, 954, 535, -9902, 3422, 3753, 2275, -2961, 50501
9610.4, 943, 253, -9939, 3681, 9625, 1828, -3998, 50501
9614.2, 896, 253, -9939, 3681, 9625, 1828, -3998, 50534
9618.4, 940, -14, -9769, 3565, 9625, 1828, -3998, 50534
9622.1, 944, -14, -9769, 3565, 9625, 1828, -3998, 50490
9625.9, 950, -14, -9769, 3565, 9625, 1828, -3998, 50548
9630.1, 982, -251, -9488, 3320, 15710, -468, -5455, 50548
9633.9, 922, -251, -9488, 3320, 15710, -468, -5455, 50560
9638.1, 983, -177, -9625, 3370, 15710, -468, -5455, 50560
9641.8, 926, -177, -9625, 3370, 15710, -468, -5455, 50570
9645.6, 918, -177, -9625, 3370, 15710, -468, -5455, 50540
9649.8, 998, -64, -9969, 3363, 23515, -2458, -5932, 50540
9653.6, 932, -64, -9969, 3363, 23515, -2458, -5932, 50582
9657.8, 964, 271, -9726, 3658, 23515, -2458, -5932, 50582
9661.6, 913, 271, -9726, 3658, 23515, -2458, -5932, 50558
9665.8, 961, 627, -9608, 3844, 25878, -4480, -7074, 50558
9669.6, 898, 627, -9608, 3844, 25878, -4480, -7074, 50633
9671.9, 21, 627, -9608, 3844, 25878, -4480, -7074, 50633
9677.6, 1071, 576, -9680, 3927, 30135, -4016, -6698, 50649
9681.4, 925, 576, -9680, 3927, 30135, -4016, -6698, 50667
9685.6, 951, 457, -9688, 4361, 34882, -1990, -6698, 50667
9689.4, 914, 457, -9688, 4361, 34882, -1990, -6698, 50826
9691.7, 21, 457, -9688, 4361, 34882, -1990, -6698, 50826
9695.9, 1002, -68, -9430, 4878, 38833, -2948, -9336, 50826
9699.7, 906, -68, -9430, 4878, 38833, -2948, -9336, 50667
9701.9, 21, -68, -9430, 4878, 38833, -2948, -9336, 50667
9707.6, 1063, -360, -8815, 5146, 40176, -7870, -11103, 50689
9711.4, 920, -360, -8815, 5146, 40176, -7870, -11103, 50699
9715.7, 939, -24, -9160, 5288, 40220, -15177, -8767, 50699
9719.5, 858, -24, -9160, 5288, 40220, -15177, -8767, 50737
9721.8, 19, -24, -9160, 5288, 40220, -15177, -8767, 50737
9726.0, 977, 309, -9633, 5183, 41720, -20160, -6440, 50737
9729.7, 910, 309, -9633, 5183, 41720, -20160, -6440, 50691
9733.9, 940, 692, -9674, 4877, 44529, -21114, -7735, 50691
9737.7, 965, 692, -9674, 4877, 44529, -21114, -7735, 50718
9741.5, 949, 692, -9674, 4877, 44529, -21114, -7735, 50722
9745.8, 958, 556, -9352, 4656, 47452, -17828, -9743, 50722
9749.5, 918, 556, -9352, 4656, 47452, -17828, -9743, 50724
9753.7, 975, 540, -9347, 5139, 51551, -13925, -10701, 50724
9757.5, 963, 540, -9347, 5139, 51551, -13925, -10701, 50743
9761.2, 971, 540, -9347, 5139, 51551, -13925, -10701, 50752
9765.5, 975, 178, -9377, 5798, 54347, -17841, -11528, 50752
9769.3, 929, 178, -9377, 5798, 54347, -17841, -11528, 50787
9773.5, 965, 170, -9250, 5271, 55952, -23362, -12534, 50787
9777.2, 981, 170, -9250, 5271, 55952, -23362, -12534, 50799
9781.0, 954, 170, -9250, 5271, 55952, -23362, -12534, 50820
9785.2, 971, 414, -9170, 5523, 58402, -22864, -12700, 50820
9789.0, 949, 414, -9170, 5523, 58402, -22864, -12700, 50847
9793.2, 1028, 738, -9247, 5864, 62410, -22142, -11943, 50847
9796.9, 922, 738, -9247, 5864, 62410, -22142, -11943, 50852
9800.7, 975, 738, -9247, 5864, 62410, -22142, -11943, 50858
9804.9, 1016, 840, -9062, 6036, 65534, -24539, -11388, 50858
9808.7, 990, 840, -9062, 6036, 65534, -24539, -11388, 50865
9812.9, 992, 818, -8954, 5757, 67192, -27072, -11655, 50865
9816.7, 900, 818, -8954, 5757, 67192, -27072, -11655, 50881
9820.9, 962, 921, -9117, 6137, 69839, -26753, -12950, 50881
9824.7, 967, 921, -9117, 6137, 69839, -26753, -12950, 50941
9827.0, 21, 921, -9117, 6137, 69839, -26753, -12950, 50941
9832.7, 1087, 899, -9068, 5948, 72573, -25406, -13698, 50918
9836.5, 960, 899, -9068, 5948, 72573, -25406, -13698, 50907
9840.7, 979, 808, -9005, 6321, 76450, -21477, -14625, 50907
9844.5, 974, 808, -9005, 6321, 76450, -21477, -14625, 50937
9846.8, 22, 808, -9005, 6321, 76450, -21477, -14625, 50937
9851.0, 1006, 541, -8851, 6536, 78081, -21131, -16384, 50937
9854.8, 988, 541, -8851, 6536, 78081, -21131, -16384, 51951
9857.1, 20, 541, -8851, 6536, 78081, -21131, -16384, 51951
9862.8, 1118, 659, -8834, 6608, 80667, -21249, -17872, 51961
9866.5, 985, 659, -8834, 6608, 80667, -21249, -17872, 52013
9870.8, 997, 686, -8985, 6588, 85204, -21971, -18283, 52013
9874.6, 965, 686, -8985, 6588, 85204, -21971, -18283, 52035
9876.8, 21, 686, -8985, 6588, 85204, -21971, -18283, 52035
9881.1, 1023, 867, -8962, 6236, 89745, -24762, -18979, 52035
9884.9, 1034, 867, -8962, 6236, 89745, -24762, -18979, 52058
9889.1, 1044, 1170, -8782, 6574, 93333, -25388, -20715, 52058
9892.9, 1016, 1170, -8782, 6574, 93333, -25388, -20715, 52101
9896.6, 984, 1170, -8782, 6574, 93333, -25388, -20715, 52104
9900.9, 1019, 1389, -8470, 6795, 97249, -24671, -22067, 52104
9904.6, 1022, 1389, -8470, 6795, 97249, -24671, -22067, 52083
9908.8, 1083, 1389, -7916, 6687, 100171, -27064, -23052, 52083
9912.6, 1031, 1389, -7916, 6687, 100171, -27064, -23052, 52138
9916.4, 1003, 1389, -7916, 6687, 100171, -27064, -23052, 52166
9920.7, 999, 1566, -8081, 6765, 102551, -32231, -22391, 52166
9924.4, 1026, 1566, -8081, 6765, 102551, -32231, -22391, 52177
9928.6, 1074, 1706, -8626, 6610, 106974, -33149, -20379, 52177
9932.4, 1012, 1706, -8626, 6610, 106974, -33149, -20379, 52211
9936.1, 1011, 1706, -8626, 6610, 106974, -33149, -20379, 52227
9940.3, 1046, 1498, -8481, 6749, 111319, -28608, -22024, 52227
9944.1, 1039, 1498, -8481, 6749, 111319, -28608, -22024, 52265
9948.3, 1075, 1106, -8079, 7362, 114381, -23039, -26504, 52265
9952.0, 1028, 1106, -8079, 7362, 114381, -23039, -26504, 52281
9955.8, 969, 1106, -8079, 7362, 114381, -23039, -26504, 52309
9960.1, 1004, 858, -7858, 7664, 116652, -21135, -28424, 52309
9963.9, 1044, 858, -7858, 7664, 116652, -21135, -28424, 52335
9968.1, 1083, 1031, -7842, 7658, 118791, -21170, -28311, 52335
9971.8, 1010, 1031, -7842, 7658, 118791, -21170, -28311, 52320
9977.6, 1115, 1601, -7855, 8067, 120598, -21083, -28906, 52366
9981.3, 974, 1601, -7855, 8067, 120598, -21083, -28906, 52390
9983.6, 22, 1601, -7855, 8067, 120598, -21083, -28906, 52390
9989.4, 1107, 1869, -7742, 7715, 121421, -22312, -31426, 52417
9991.6, 23, 1869, -7742, 7715, 121421, -22312, -31426, 52417
9995.9, 1025, 2115, -7415, 7896, 123355, -24154, -34296, 52417
9999.7, 997, 2115, -7415, 7896, 123355, -24154, -34296, 52418
10002.0, 21, 2115, -7415, 7896, 123355, -24154, -34296, 52418
10007.7, 1127, 2104, -7287, 7542, 127003, -26202, -34943, 52442
10011.4, 1011, 2104, -7287, 7542, 127003, -26202, -34943, 52476
10015.7, 1041, 1799, -7263, 7393, 130302, -26158, -34624, 52476
10019.5, 1007, 1799, -7263, 7393, 130302, -26158, -34624, 52496
10021.7, 22, 1799, -7263, 7393, 130302, -26158, -34624, 52496
10026.0, 1052, 1915, -7143, 8091, 134078, -23564, -35219, 52496
10029.7, 996, 1915, -7143, 8091, 134078, -23564, -35219, 52512
10032.0, 22, 1915, -7143, 8091, 134078, -23564, -35219, 52512
10037.7, 1132, 2027, -7207, 8528, 137399, -26438, -35656, 52496
10041.4, 1018, 2027, -7207, 8528, 137399, -26438, -35656, 52556
10045.7, 1011, 1975, -6830, 8292, 139017, -30362, -36881, 52556
10049.5, 1004, 1975, -6830, 8292, 139017, -30362, -36881, 52567
10053.7, 1046, 1975, -6830, 8292, 139017, -30362, -38999, 52567
10057.5, 1025, 1975, -6830, 8292, 139017, -30362, -38999, 52574
10061.2, 1019, 1975, -6830, 8292, 139017, -30362, -38999, 52592
10065.5, 1007, 2603, -6349, 8231, 140995, -25467, -41318, 52592
10069.3, 1043, 2603, -6349, 8231, 140995, -25467, -41318, 52603
10073.5, 1039, 2603, -6349, 8231, 140995, -25047, -43523, 52603
10077.2, 1022, 2603, -6349, 8231, 140995, -25047, -43523, 52580
10081.0, 1017, 2603, -6349, 8231, 140995, -25047, -43523, 52623
10085.2, 1070, 2371, -5687, 7868, 143261, -21888, -44166, 52623
10089.0, 1073, 2371, -5687, 7868, 143261, -21888, -44166, 52632
10093.2, 1082, 2371, -5687, 7868, 143261, -18957, -43335, 52632
10096.9, 1027, 2371, -5687, 7868, 143261, -18957, -43335, 52634
10100.7, 1001, 2371, -5687, 7868, 143261, -18957, -43335, 52640
10104.9, 1077, 2209, -5422, 9132, 143344, -20085, -42390, 52640
10108.6, 1061, 2209, -5422, 9132, 143344, -20085, -42390, 52650
10112.9, 1061, 2209, -5422, 9132, 143344, -20085, -42565, 52650
10116.6, 987, 2209, -5422, 9132, 143344, -20085, -42565, 52606
10118.9, 22, 2209, -5422, 9132, 143344, -20085, -42565, 52606
10124.7, 1118, 2297, -5356, 8368, 143344, -21520, -43978, 52649
10128.4, 1037, 2297, -5356, 8368, 143344, -21520, -43978, 52652
10134.1, 1090, 2392, -4922, 8620, 143344, -18944, -45575, 52668
10137.9, 1030, 2392, -4922, 8620, 143344, -18944, -45575, 52640
10143.6, 1117, 2392, -4922, 8620, 143344, -18944, -45575, 52678
10145.8, 26, 2392, -4922, 8620, 143344, -18944, -45575, 52678
10148.2, 4, 2392, -4922, 8620, 143344, -18944, -45575, 52678
10153.9, 1147, 2877, -4539, 8854, 143344, -25773, -46397, 52690
10156.2, 26, 2877, -4539, 8854, 143344, -25773, -46397, 52690
10158.4, 5, 2877, -4539, 8854, 143344, -25773, -46397, 52690
10164.2, 1146, 3062, -4107, 8419, 143344, -23612, -45824, 52696
10166.4, 25, 3062, -4107, 8419, 143344, -23612, -45824, 52696
10170.7, 1051, 3046, -3760, 8639, 143344, -23612, -45824, 52696
10174.5, 1031, 3046, -3760, 8639, 143344, -23612, -45824, 52728
10176.8, 22, 3046, -3760, 8639, 143344, -23612, -45824, 52728
10181.0, 1034, 3161, -3409, 9305, 143344, -23249, -45216, 52728
10184.8, 1021, 3161, -3409, 9305, 143344, -23249, -45216, 52711
10187.1, 22, 3161, -3409, 9305, 143344, -23249, -45216, 52711
10192.8, 1135, 3048, -3085, 9090, 143344, -21477, -45369, 52713
10196.5, 1005, 3048, -3085, 9090, 143344, -21477, -45369, 52717
10200.8, 1070, 3009, -2848, 9230, 143344, -20252, -44962, 52717
10204.6, 1035, 3009, -2848, 9230, 143344, -20252, -44962, 52706
10208.8, 1057, 3062, -2419, 9500, 143344, -17705, -45268, 52706
10212.6, 1019, 3062, -2419, 9500, 143344, -17705, -45268, 52717
10216.3, 1009, 3062, -2419, 9500, 143344, -17705, -45268, 52720
10220.6, 1046, 2883, -2268, 9209, 143344, -18580, -45128, 52720
10224.4, 1041, 2883, -2268, 9209, 143344, -18580, -45128, 52658
10228.6, 1046, 2998, -2102, 8981, 143344, -19840, -44756, 52658
10232.4, 1013, 2998, -2102, 8981, 143344, -19840, -44756, 52715
10236.1, 1034, 2998, -2102, 8981, 143344, -19840, -44756, 52708
10240.4, 1057, 2760, -1745, 8388, 143344, -18038, -44651, 52708
10244.2, 1028, 2760, -1745, 8388, 143344, -18038, -44651, 52716
10248.4, 1051, 2821, -1545, 8784, 143344, -16485, -44280, 52716
10252.1, 1015, 2821, -1545, 8784, 143344, -16485, -44280, 52705
10255.9, 1041, 2821, -1545, 8784, 143344, -16485, -44280, 52700
10260.2, 1079, 2879, -1146, 8853, 143344, -16358, -45596, 52700
10264.0, 1058, 2879, -1146, 8853, 143344, -16358, -45596, 52701
10268.2, 1081, 3186, -807, 7867, 143344, -17084, -46725, 52701
10271.9, 1021, 3186, -807, 7867, 143344, -17084, -46725, 52710
10275.7, 1060, 3186, -807, 7867, 143344, -17084, -46725, 52704
10280.0, 1106, 3448, -386, 8726, 143344, -13711, -46817, 52704
10283.7, 1072, 3448, -386, 8726, 143344, -13711, -46817, 52713
10288.0, 1102, 3542, -69, 8578, 143344, -8793, -46205, 52713
10291.7, 1003, 3542, -69, 8578, 143344, -8793, -46205, 52706
10294.0, 23, 3542, -69, 8578, 143344, -8793, -46205, 52706
10299.7, 1123, 3535, 224, 8114, 143344, -5180, -45662, 52697
10303.5, 1066, 3535, 224, 8114, 143344, -5180, -45662, 52705
10309.2, 1156, 3449, 402, 8864, 143344, -1295, -45400, 52699
10311.4, 28, 3449, 402, 8864, 143344, -1295, -45400, 52699
10315.7, 1105, 3111, 601, 7841, 143344, 818, -44293, 52699
10319.5, 1085, 3111, 601, 7841, 143344, 818, -44293, 52703
10321.8, 24, 3111, 601, 7841, 143344, 818, -44293, 52703
10326.0, 1110, 2920, 610, 8503, 143344, 5954, -44266, 52703
10329.7, 1080, 2920, 610, 8503, 143344, 5954, -44266, 52690
10332.0, 24, 2920, 610, 8503, 143344, 5954, -44266, 52690
10337.7, 1123, 2483, 1290, 8843, 143344, 5656, -45106, 52687
10341.4, 1042, 2483, 1290, 8843, 143344, 5656, -45106, 52687
10345.7, 1087, 2202, 1279, 7712, 143344, 7923, -46231, 52687
10349.5, 1038, 2202, 1279, 7712, 143344, 7923, -46231, 52679
10351.8, 26, 2202, 1279, 7712, 143344, 7923, -46231, 52679
10356.0, 1113, 2842, 1789, 8583, 143344, 14315, -48860, 52679
10359.7, 1071, 2842, 1789, 8583, 143344, 14315, -48860, 52674
10362.0, 28, 2842, 1789, 8583, 143344, 14315, -48860, 52674
10367.7, 1134, 2769, 2208, 7838, 143344, 16502, -51135, 52698
10371.4, 1025, 2769, 2208, 7838, 143344, 16502, -51135, 52661
10375.7, 1057, 2908, 2668, 7202, 143344, 22579, -51564, 52661
10379.5, 1072, 2908, 2668, 7202, 143344, 22579, -51564, 52651
10383.7, 1099, 3076, 2896, 7164, 143344, 34409, -50138, 52651
10387.5, 1031, 3076, 2896, 7164, 143344, 34409, -50138, 52660
10391.2, 1053, 3076, 2896, 7164, 143344, 34409, -50138, 52660
10395.5, 1074, 2697, 3111, 7727, 143344, 40823, -49713, 52660
10399.3, 1044, 2697, 3111, 7727, 143344, 40823, -49713, 52565
10403.5, 1065, 2469, 3274, 8315, 143344, 42783, -49188, 52565
10407.2, 1007, 2469, 3274, 8315, 143344, 42783, -49188, 52552
10411.0, 1049, 2469, 3274, 8315, 143344, 42783, -49188, 52553
10415.3, 1085, 1914, 3676, 7811, 143344, 41357, -48725, 52553
10419.1, 1040, 1914, 3676, 7811, 143344, 41357, -48725, 52516
10423.3, 1060, 1913, 3916, 7526, 143344, 40990, -47408, 52516
10427.0, 994, 1913, 3916, 7526, 143344, 40990, -47408, 52532
10430.8, 1051, 1913, 3916, 7526, 143344, 40990, -47408, 52532
10435.1, 1103, 2476, 4135, 8259, 143344, 39843, -46288, 52532
10438.8, 1054, 2476, 4135, 8259, 143344, 39843, -46288, 52531
10443.1, 1058, 2431, 4584, 7250, 143344, 37743, -43803, 52531
10446.8, 966, 2431, 4584, 7250, 143344, 37743, -43803, 52554
10449.2, 24, 2431, 4584, 7250, 143344, 37743, -43803, 52554
10454.9, 1128, 2587, 4925, 7580, 143292, 36558, -37997, 52522
10458.7, 1032, 2587, 4925, 7580, 143292, 36558, -37997, 52525
10462.9, 1067, 2234, 5221, 7223, 143235, 33443, -28735, 52525
10466.6, 1023, 2234, 5221, 7223, 143235, 33443, -28735, 52510
10470.9, 1104, 1561, 4919, 7250, 143191, 35416, -18808, 52510
10474.6, 1085, 1561, 4919, 7250, 143191, 35416, -18808, 52504
10476.9, 26, 1561, 4919, 7250, 143191, 35416, -18808, 52504
10481.1, 1113, 762, 4599, 6978, 143314, 35337, -14337, 52504
10484.9, 1068, 762, 4599, 6978, 143314, 35337, -14337, 52492
10487.2, 24, 762, 4599, 6978, 143314, 35337, -14337, 52492
10492.9, 1137, 495, 4460, 6807, 141664, 34388, -14638, 52503
10496.6, 1013, 495, 4460, 6807, 141664, 34388, -14638, 52499
10500.9, 1090, 949, 4676, 7421, 140881, 33114, -17701, 52499
10504.6, 1079, 949, 4676, 7421, 140881, 33114, -17701, 52482
10506.9, 28, 949, 4676, 7421, 140881, 33114, -17701, 52482
10511.1, 1100, 1060, 4975, 6430, 134494, 32248, -19775, 52482
10514.9, 1043, 1060, 4975, 6430, 134494, 32248, -19775, 52503
10517.1, 26, 1060, 4975, 6430, 134494, 32248, -19775, 52503
10522.9, 1109, 1423, 5186, 5950, 128767, 31106, -20177, 52499
10526.6, 1039, 1423, 5186, 5950, 128767, 31106, -20177, 52489
10530.9, 1075, 1694, 5589, 6052, 126041, 32847, -20037, 52489
10534.6, 1100, 1694, 5589, 6052, 126041, 32847, -20037, 52479
10538.8, 1089, 1804, 6155, 5641, 123140, 34488, -17075, 52479
10542.6, 1017, 1804, 6155, 5641, 123140, 34488, -17075, 52453
10546.3, 1032, 1804, 6155, 5641, 123140, 34488, -17075, 52496
10550.6, 1084, 1694, 6620, 5873, 120800, 33810, -11191, 52496
10554.4, 1063, 1694, 6620, 5873, 120800, 33810, -11191, 52480
10558.6, 1069, 1467, 7069, 5135, 118415, 34602, -4318, 52480
10562.3, 1020, 1467, 7069, 5135, 118415, 34602, -4318, 52472
10566.1, 1061, 1467, 7069, 5135, 118415, 34602, -4318, 52471
10570.4, 1074, 1281, 17449, -8515, 122287, 40018, 7096, 52471
10574.2, 1070, 1281, 17449, -8515, 122287, 40018, 7096, 52474
10578.4, 1078, 1684, 6707, 7326, 121915, 50864, 21897, 52474
10582.2, 1023, 1684, 6707, 7326, 121915, 50864, 21897, 52403
10586.0, 1067, 1684, 6707, 7326, 121915, 50864, 21897, 52476
10590.3, 1072, 1032, 5862, 5937, 115287, 45736, 18545, 52476
10594.0, 1073, 1032, 5862, 5937, 115287, 45736, 18545, 52471
10598.2, 1075, 702, 5981, 5166, 112413, 46686, 10110, 52471
10602.0, 1021, 702, 5981, 5166, 112413, 46686, 10110, 52470
10605.7, 1086, 702, 5981, 5166, 112413, 46686, 10110, 52452
10610.0, 1103, 517, 6473, 5186, 113589, 54723, 6212, 52452
10613.7, 1050, 517, 6473, 5186, 113589, 54723, 6212, 52455
10617.9, 1084, 947, 6702, 5123, 114088, 59662, 7188, 52455
10621.6, 1004, 947, 6702, 5123, 114088, 59662, 7188, 52452
10623.9, 23, 947, 6702, 5123, 114088, 59662, 7188, 52452
10629.6, 1147, 1123, 7018, 5229, 114158, 59089, 10303, 52450
10631.9, 27, 1123, 7018, 5229, 114158, 59089, 10303, 52450
10637.6, 1109, 1123, 7018, 4829, 111481, 60082, 13050, 52482
10641.4, 1002, 1123, 7018, 4829, 111481, 60082, 13050, 52449
10645.6, 1091, 1441, 7091, 4829, 110995, 63184, 14468, 52449
10649.4, 1063, 1441, 7091, 4829, 110995, 63184, 14468, 52450
10651.7, 26, 1441, 7091, 4829, 110995, 63184, 14468, 52450
10655.9, 1083, 1599, 6966, 4113, 109656, 65332, 14319, 52450
10659.7, 1074, 1599, 6966, 4113, 109656, 65332, 14319, 52456
10662.0, 25, 1599, 6966, 4113, 109656, 65332, 14319, 52456
10668.1, 704, 1402, 7303, 4414, 106830, 66934, 14096, 52440
10671.8, 1012, 1402, 7303, 4414, 106830, 66934, 14096, 52464
10676.1, 1099, 1302, 7938, 4299, 107373, 70040, 13470, 52464
10679.8, 1058, 1302, 7938, 4299, 107373, 70040, 13470, 52470
10682.1, 27, 1302, 7938, 4299, 107373, 70040, 13470, 52470
10687.8, 1125, 1057, 8835, 4198, 104887, 72197, 12377, 52478
10691.5, 1058, 1057, 8835, 4198, 104887, 72197, 12377, 52483
10695.8, 1095, 863, 8933, 4049, 97214, 68032, 11296, 52483
10699.6, 1048, 863, 8933, 4049, 97214, 68032, 11296, 52472
10703.8, 1065, 863, 8933, 4049, 97214, 68032, 11296, 52472
10707.6, 1036, 863, 8933, 4049, 97214, 68032, 11296, 52486
10711.3, 1072, 863, 8933, 4049, 97214, 68032, 11296, 52493
10715.5, 1104, 733, 8514, 3589, 87685, 62795, 9266, 52493
10719.3, 1059, 733, 8514, 3589, 87685, 62795, 9266, 52490
10723.5, 1085, 733, 8514, 3589, 87685, 62795, 9266, 52490
10727.2, 1055, 733, 8514, 3589, 87685, 62795, 9266, 52511
10731.0, 1060, 733, 8514, 3589, 87685, 62795, 9266, 52493
10735.2, 1106, 1278, 8361, 3372, 82338, 63635, 9900, 52493
10739.0, 1046, 1278, 8361, 3372, 82338, 63635, 9900, 52546
10743.2, 1057, 1278, 8361, 3372, 82338, 63635, 9900, 52546
10747.0, 1028, 1278, 8361, 3372, 82338, 63635, 9900, 52492
10750.7, 1079, 1278, 8361, 3372, 82338, 63635, 9900, 52496
10755.0, 1093, 1378, 8264, 3351, 72827, 56534, 6825, 52496
10758.7, 1056, 1378, 8264, 3351, 72827, 56534, 6825, 52476
10763.0, 1061, 1378, 8264, 3351, 72827, 56534, 6825, 52476
10766.7, 1030, 1378, 8264, 3351, 72827, 56534, 6825, 52469
10769.0, 21, 1378, 8264, 3351, 72827, 56534, 6825, 52469
10774.8, 1122, 393, 9294, 2906, 60419, 46065, -3119, 52460
10778.5, 1051, 393, 9294, 2906, 60419, 46065, -3119, 52494
10784.2, 1083, 393, 10409, 2793, 50072, 46038, -8443, 52462
10788.0, 1010, 393, 10409, 2793, 50072, 46038, -8443, 52468
10793.7, 1122, 501, 10409, 2793, 50072, 46038, -8443, 52461
10795.9, 29, 501, 10409, 2793, 50072, 46038, -8443, 52461
10798.2, 6, 501, 10409, 2793, 50072, 46038, -8443, 52461
10804.0, 1125, 1067, 11317, 2937, 44433, 45369, -10762, 52502
10806.3, 27, 1067, 11317, 2937, 44433, 45369, -10762, 52502
10810.5, 1118, 1251, 10950, 2826, 38920, 40377, -12145, 52502
10814.3, 1068, 1251, 10950, 2826, 38920, 40377, -12145, 52483
10816.6, 25, 1251, 10950, 2826, 38920, 40377, -12145, 52483
10820.8, 1095, 1412, 10102, 2495, 32458, 35026, -14048, 52483
10824.6, 1039, 1412, 10102, 2495, 32458, 35026, -14048, 52488
10826.9, 28, 1412, 10102, 2495, 32458, 35026, -14048, 52488
10832.6, 1129, 1529, 10698, 2255, 25891, 33237, -14958, 52503
10836.4, 1059, 1529, 10698, 2255, 25891, 33237, -14958, 52520
10840.6, 1063, 819, 9859, 2756, 20720, 28726, -12123, 52520
10844.4, 1037, 819, 9859, 2756, 20720, 28726, -12123, 52552
10846.7, 26, 819, 9859, 2756, 20720, 28726, -12123, 52552
10851.0, 1085, 361, 9330, 2776, 18804, 24487, -10557, 52552
10854.7, 1098, 361, 9330, 2776, 18804, 24487, -10557, 52588
10858.9, 1096, 477, 8533, 2281, 13540, 18458, -8115, 52588
10862.7, 1035, 477, 8533, 2281, 13540, 18458, -8115, 52616
10866.4, 1087, 477, 8533, 2281, 13540, 18458, -8115, 52664
10870.6, 1106, 793, 8752, 2227, 8417, 12097, -7070, 52664
10874.4, 1066, 793, 8752, 2227, 8417, 12097, -7070, 52689
10878.6, 1098, 751, 9108, 2258, 3578, 5713, -7113, 52689
10882.3, 1047, 751, 9108, 2258, 3578, 5713, -7113, 52735
10886.1, 1064, 751, 9108, 2258, 3578, 5713, -7113, 52764
10890.4, 1092, 604, 9979, 2280, -599, 2248, -7984, 52764
10894.1, 1050, 604, 9979, 2280, -599, 2248, -7984, 52808
10898.4, 1061, 311, 10216, 2495, -6702, 1601, -9502, 52808
10902.1, 1069, 311, 10216, 2495, -6702, 1601, -9502, 52853
10905.9, 1058, 311, 10216, 2495, -6702, 1601, -9502, 52858
10910.1, 1101, 126, 9696, 2542, -11252, -1119, -11725, 52858
10913.8, 1034, 126, 9696, 2542, -11252, -1119, -11725, 52914
10918.1, 1064, 109, 9190, 2303, -15089, -5783, -12048, 52914
10921.9, 1041, 109, 9190, 2303, -15089, -5783, -12048, 52959
10925.6, 1069, 109, 9190, 2303, -15089, -5783, -12048, 52996
10929.9, 1081, 185, 9200, 2374, -17767, -11099, -10565, 52996
10933.6, 1025, 185, 9200, 2374, -17767, -11099, -10565, 52493
10937.9, 1080, 474, 9530, 2523, -19280, -15850, -8684, 52493
10941.6, 1048, 474, 9530, 2523, -19280, -15850, -8684, 53116
10943.9, 25, 474, 9530, 2523, -19280, -15850, -8684, 53116
10949.6, 1124, 739, 9975, 2690, -21004, -19359, -8413, 53616
10951.9, 27, 739, 9975, 2690, -21004, -19359, -8413, 53616
10957.7, 1109, 811, 10137, 2935, -22741, -21455, -9051, 53633
10961.4, 1043, 811, 10137, 2935, -22741, -21455, -9051, 53620
10965.7, 1066, 780, 9926, 2981, -25633, -22619, -10325, 53620
10969.4, 1047, 780, 9926, 2981, -25633, -22619, -10325, 53613
10971.7, 27, 780, 9926, 2981, -25633, -22619, -10325, 53613
10976.0, 1092, 584, 9725, 3052, -29772, -22356, -11694, 53613
10979.8, 1029, 584, 9725, 3052, -29772, -22356, -11694, 53593
10982.0, 27, 584, 9725, 3052, -29772, -22356, -11694, 53593
10987.7, 1136, 376, 9135, 3072, -33263, -23332, -13409, 53629
10991.5, 1084, 376, 9135, 3072, -33263, -23332, -13409, 53629
10995.7, 1073, 295, 8799, 2912, -36663, -25830, -14761, 53629
10999.5, 1028, 295, 8799, 2912, -36663, -25830, -14761, 53630
11001.8, 27, 295, 8799, 2912, -36663, -25830, -14761, 53630
11006.0, 1090, 416, 8665, 3088, -39515, -28700, -15229, 53630
11009.8, 1052, 416, 8665, 3088, -39515, -28700, -15229, 53622
11014.0, 1088, 349, 8776, 3030, -41326, -31023, -14621, 53622
11017.8, 1033, 349, 8776, 3030, -41326, -31023, -14621, 53626
11021.6, 1070, 349, 8776, 3030, -41326, -31023, -14621, 53584
11025.8, 1079, 631, 8723, 3050, -44826, -33394, -14118, 53584
11029.6, 1039, 631, 8723, 3050, -44826, -33394, -14118, 53624
11033.8, 1051, 1044, 8778, 2885, -48558, -36759, -15487, 53624
11037.6, 1045, 1044, 8778, 2885, -48558, -36759, -15487, 53607
11041.3, 1065, 1044, 8778, 2885, -48558, -36759, -15487, 53592
11045.6, 1071, 936, 9509, 3251, -52877, -40079, -18567, 53592
11049.4, 1024, 936, 9509, 3251, -52877, -40079, -18567, 53581
11053.6, 1058, 818, 10159, 3298, -59544, -42958, -21604, 53581
11057.4, 1043, 818, 10159, 3298, -59544, -42958, -21604, 53571
11061.1, 1068, 818, 10159, 3298, -59544, -42958, -21604, 53521
11065.3, 1086, 1007, 11234, 3585, -66553, -42796, -24128, 53521
11069.1, 1026, 1007, 11234, 3585, -66553, -42796, -24128, 53532
11073.3, 1089, 729, 11465, 3775, -70749, -40167, -25751, 53532
11077.0, 1086, 729, 11465, 3775, -70749, -40167, -25751, 53504
11080.8, 1039, 729, 11465, 3775, -70749, -40167, -25751, 53454
11085.1, 1040, 290, 10561, 3600, -74244, -35818, -25301, 53454
11088.9, 1038, 290, 10561, 3600, -74244, -35818, -25301, 53620
11093.1, 1089, -59, 8830, 3783, -75321, -34624, -23432, 53620
11096.8, 1058, -59, 8830, 3783, -75321, -34624, -23432, 53341
11100.6, 1030, -59, 8830, 3783, -75321, -34624, -23432, 53289
11104.8, 1073, -165, 7664, 4074, -73614, -35044, -21420, 53289
11108.6, 1039, -165, 7664, 4074, -73614, -35044, -21420, 53247
11112.8, 1078, -156, 7719, 3981, -75439, -34974, -20632, 53247
11116.6, 1031, -156, 7719, 3981, -75439, -34974, -20632, 53211
11120.8, 1087, 117, 8002, 4138, -78799, -36995, -20453, 53211
11124.6, 1011, 117, 8002, 4138, -78799, -36995, -20453, 53157
11126.9, 24, 117, 8002, 4138, -78799, -36995, -20453, 53157
11132.6, 1149, 496, 8873, 4351, -80728, -40110, -20619, 53118
11136.4, 1033, 496, 8873, 4351, -80728, -40110, -20619, 53104
11140.6, 1072, 617, 8926, 4478, -80851, -43068, -20930, 53104
11144.4, 996, 617, 8926, 4478, -80851, -43068, -20930, 53058
11146.7, 24, 617, 8926, 4478, -80851, -43068, -20930, 53058
11150.9, 1068, 426, 8614, 4652, -82163, -42420, -20050, 53058
11154.7, 1028, 426, 8614, 4652, -82163, -42420, -20050, 53042
11157.0, 23, 426, 8614, 4652, -82163, -42420, -20050, 53042
11162.7, 1150, 489, 8439, 5017, -81857, -40486, -16830, 53013
11166.4, 1056, 489, 8439, 5017, -81857, -40486, -16830, 52989
11170.7, 1058, 733, 8821, 4814, -80457, -38802, -2415, 52989
11174.5, 1009, 733, 8821, 4814, -80457, -38802, -2415, 52980
11176.8, 23, 733, 8821, 4814, -80457, -38802, -2415, 52980
11181.0, 1082, 1530, 8366, 4343, -83896, -25887, 20160, 52980
11184.7, 1034, 1530, 8366, 4343, -83896, -25887, 20160, 52941
11189.0, 1055, 705, 6623, 5335, -82561, -16108, 24084, 52941
11192.7, 1082, 705, 6623, 5335, -82561, -16108, 24084, 52918
11196.5, 1049, 705, 6623, 5335, -82561, -16108, 24084, 53613
11200.8, 1057, 374, 6841, 5060, -85532, -15137, 14183, 53613
11204.5, 1043, 374, 6841, 5060, -85532, -15137, 14183, 52856
11208.7, 1075, 330, 7094, 4697, -94943, -17570, 3591, 52856
11212.5, 1055, 330, 7094, 4697, -94943, -17570, 3591, 52845
11216.2, 1062, 330, 7094, 4697, -94943, -17570, 3591, 52846
11220.4, 1076, 247, 7471, 5663, -98154, -22391, -2550, 52846
11224.2, 1040, 247, 7471, 5663, -98154, -22391, -2550, 52831
11228.4, 1081, -180, 7801, 5621, -97489, -26434, -4125, 52831
11232.1, 1090, -180, 7801, 5621, -97489, -26434, -4125, 52797
11235.8, 1042, -180, 7801, 5621, -97489, -26434, -4125, 53626
11240.1, 1078, -30, 8164, 5528, -100070, -22820, -927, 53626
11243.8, 1018, -30, 8164, 5528, -100070, -22820, -927, 52771
11248.1, 1071, 113, 8452, 6527, -101506, -21857, 7376, 52771
11251.9, 1032, 113, 8452, 6527, -101506, -21857, 7376, 52755
11255.6, 1045, 113, 8452, 6527, -101506, -21857, 7376, 52756
11259.9, 1064, 10, 8317, 7137, -106891, -31216, 15658, 52756
11263.7, 1040, 10, 8317, 7137, -106891, -31216, 15658, 52746
11267.9, 1092, -424, 8067, 6779, -112233, -46051, 21122, 52746
11271.6, 1006, -424, 8067, 6779, -112233, -46051, 21122, 52707
11273.9, 24, -424, 8067, 6779, -112233, -46051, 21122, 52707
11279.7, 1086, -531, 7592, 6975, -118188, -61320, 22199, 52629
11282.0, 23, -531, 7592, 6975, -118188, -61320, 22199, 52629
11287.7, 1151, -531, 7592, 6975, -126356, -83791, 20764, 52643
11291.5, 1077, -531, 7592, 6975, -126356, -83791, 20764, 52614
11295.7, 1043, -169, 7652, 8072, -126356, -83791, 20313, 52614
11299.5, 1020, -169, 7652, 8072, -126356, -83791, 20313, 52559
11301.8, 24, -169, 7652, 8072, -126356, -83791, 20313, 52559
11306.0, 1059, 206, 7130, 7450, -134384, -115978, 19683, 52559
11309.8, 1019, 206, 7130, 7450, -134384, -115978, 19683, 52488
11312.1, 22, 206, 7130, 7450, -134384, -115978, 19683, 52488
11317.8, 1159, 612, 6003, 4220, -123425, -91684, 16178, 52390
11321.5, 1051, 612, 6003, 4220, -123425, -91684, 16178, 52322
11325.8, 1074, 1721, 5882, 4220, -121010, -67209, 15325, 52322
11329.6, 1024, 1721, 5882, 4220, -121010, -67209, 15325, 52259
11331.8, 23, 1721, 5882, 4220, -121010, -67209, 15325, 52259
11336.1, 1067, 2459, 6101, 7034, -120161, -64002, 19639, 52259
11339.9, 1029, 2459, 6101, 7034, -120161, -64002, 19639, 52172
11344.1, 1072, 2774, 6220, 7034, -120161, -64002, 19639, 52172
11347.9, 1068, 2774, 6220, 7034, -120161, -64002, 19639, 52126
11351.6, 1055, 2774, 6220, 7034, -120161, -64002, 19639, 52052
11355.9, 1070, 1863, 5570, 7416, -121136, -75010, 35836, 52052
11359.6, 1061, 1863, 5570, 7416, -121136, -75010, 35836, 51974
11363.8, 1087, 1292, 5570, 7416, -121136, -75010, 35836, 51974
11367.6, 1059, 1292, 5570, 7416, -121136, -75010, 35836, 51905
11371.4, 1041, 1292, 5570, 7416, -121136, -75010, 35836, 51836
11375.7, 1028, 1663, 4479, 6599, -119400, -74656, 33364, 51836
11379.4, 1058, 1663, 4479, 6599, -119400, -74656, 33364, 51799
11383.6, 1077, 1927, 4479, 6599, -119400, -74656, 33364, 51799
11387.4, 1048, 1927, 4479, 6599, -119400, -74656, 33364, 51769
11391.1, 1058, 1927, 4479, 6599, -119400, -74656, 33364, 51746
11395.4, 1056, 2227, 3893, 6367, -115178, -57002, 14188, 51746
11399.2, 1024, 2227, 3893, 6367, -115178, -57002, 14188, 51744
11403.4, 1084, 2320, 3893, 6367, -115178, -57002, 14188, 51744
11407.1, 1049, 2320, 3893, 6367, -115178, -57002, 14188, 51743
11410.9, 1049, 2320, 3893, 6367, -115178, -57002, 14188, 51779
11415.1, 1073, 3394, 4479, 7597, -108265, -18165, 15146, 51779
11418.9, 1048, 3394, 4479, 7597, -108265, -18165, 15146, 51772
11423.1, 1105, 3394, 4479, 7597, -108265, -18165, 15146, 51772
11426.8, 1047, 3394, 4479, 7597, -108265, -18165, 15146, 51763
11432.6, 1147, 3057, 4409, 7299, -108864, -13584, 22439, 51761
11436.3, 999, 3057, 4409, 7299, -108864, -13584, 22439, 51760
11438.6, 24, 3057, 4409, 7299, -108864, -13584, 22439, 51760
11444.4, 1103, 1926, 3337, 8056, -105281, -5792, 27291, 51782
11446.7, 24, 1926, 3337, 8056, -105281, -5792, 27291, 51782
11450.9, 1057, 1820, 3168, 9491, -106519, -14967, 26001, 51782
11454.7, 1030, 1820, 3168, 9491, -106519, -14967, 26001, 51807
11457.0, 21, 1820, 3168, 9491, -106519, -14967, 26001, 51807
11462.7, 1151, 1895, 3138, 9679, -111651, -33845, 21162, 51762
11466.4, 1040, 1895, 3138, 9679, -111651, -33845, 21162, 51706
11470.7, 1068, 2417, 3117, 8150, -115269, -45386, 17701, 51706
11474.5, 1014, 2417, 3117, 8150, -115269, -45386, 17701, 51673
11476.7, 22, 2417, 3117, 8150, -115269, -45386, 17701, 51673
11481.0, 1066, 3046, 2904, 7510, -114696, -44883, 16463, 51673
11484.7, 1032, 3046, 2904, 7510, -114696, -44883, 16463, 51666
11487.0, 23, 3046, 2904, 7510, -114696, -44883, 16463, 51666
11492.7, 1143, 3455, 2240, 7610, -109936, -33543, 15120, 51671
11496.5, 1039, 3455, 2240, 7610, -109936, -33543, 15120, 52135
11500.7, 1049, 3810, 2063, 6554, -104472, -9380, 13063, 52135
11504.5, 1028, 3810, 2063, 6554, -104472, -9380, 13063, 52129
11508.7, 1094, 3760, 2400, 7947, -106432, 7669, 14389, 52129
11512.5, 1051, 3760, 2400, 7947, -106432, 7669, 14389, 52150
11516.3, 1025, 3760, 2400, 7947, -106432, 7669, 14389, 52149
11520.6, 1035, 3047, 2900, 7921, -106996, 9209, 21472, 52149
11524.3, 1027, 3047, 2900, 7921, -106996, 9209, 21472, 52162
11528.6, 1087, 2902, 2639, 9687, -108239, 3815, 27628, 52162
11532.3, 1052, 2902, 2639, 9687, -108239, 3815, 27628, 52202
11536.0, 1025, 2902, 2639, 9687, -108239, 3815, 27628, 52234
11540.3, 1036, 2888, 2160, 10222, -111739, -14315, 28341, 52234
11544.1, 1044, 2888, 2160, 10222, -111739, -14315, 28341, 52250
11548.3, 1071, 2699, 1485, 7973, -114955, -27379, 26757, 52250
11552.0, 1025, 2699, 1485, 7973, -114955, -27379, 26757, 52218
11555.8, 1040, 2699, 1485, 7973, -114955, -27379, 26757, 52284
11560.1, 1057, 3088, 1063, 8020, -114298, -22549, 26097, 52284
11563.8, 1088, 3088, 1063, 8020, -114298, -22549, 26097, 52308
11568.0, 1101, 2824, 754, 8810, -113449, -14573, 26504, 52308
11571.7, 1016, 2824, 754, 8810, -113449, -14573, 26504, 52310
11574.0, 24, 2824, 754, 8810, -113449, -14573, 26504, 52310
11579.7, 1124, 2617, 519, 7783, -113616, -8290, 26587, 52279
11583.4, 1078, 2617, 519, 7783, -113616, -8290, 26587, 52301
11589.1, 1086, 2623, 652, 7575, -112299, 1824, 25891, 52321
11592.9, 1031, 2623, 652, 7575, -112299, 1824, 25891, 52313
11598.6, 1137, 3084, 1008, 8711, -112951, 5267, 24701, 52318
11600.8, 28, 3084, 1008, 8711, -112951, 5267, 24701, 52318
11603.2, 4, 3084, 1008, 8711, -112951, 5267, 24701, 52318
11608.9, 1154, 3590, 968, 9113, -113852, -297, 23450, 52328
11611.2, 28, 3590, 968, 9113, -113852, -297, 23450, 52328
11613.4, 5, 3590, 968, 9113, -113852, -297, 23450, 52328
11619.1, 1146, 3099, 466, 7858, -112631, -625, 25226, 52340
11621.4, 24, 3099, 466, 7858, -112631, -625, 25226, 52340
11625.7, 1051, 3108, 69, 8416, -110597, 2926, 29925, 52340
11629.4, 1058, 3108, 69, 8416, -110597, 2926, 29925, 52337
11631.7, 21, 3108, 69, 8416, -110597, 2926, 29925, 52337
11636.0, 1067, 3358, -654, 9133, -109372, 857, 33198, 52337
11639.8, 1044, 3358, -654, 9133, -109372, 857, 33198, 52371
11642.1, 23, 3358, -654, 9133, -109372, 857, 33198, 52371
11647.8, 1144, 2450, -1235, 8176, -109048, 4243, 33543, 52374
11651.5, 1036, 2450, -1235, 8176, -109048, 4243, 33543, 52384
11655.8, 1050, 2408, -1205, 8278, -108239, 12223, 31797, 52384
11659.6, 1041, 2408, -1205, 8278, -108239, 12223, 31797, 52401
11663.8, 1057, 2662, -1138, 10692, -110724, 11646, 28157, 52401
11667.6, 1053, 2662, -1138, 10692, -110724, 11646, 28157, 52422
11671.3, 1034, 2662, -1138, 10692, -110724, 11646, 28157, 52446
11675.6, 1058, 2617, -644, 8986, -115361, 1771, 27103, 52446
11679.4, 1058, 2617, -644, 8986, -115361, 1771, 27103, 52444
11683.6, 1062, 3002, -893, 7763, -116324, 1456, 28079, 52444
11687.3, 1031, 3002, -893, 7763, -116324, 1456, 28079, 52466
11691.1, 1029, 3002, -893, 7763, -116324, 1456, 28079, 52476
11695.4, 1076, 3075, -1305, 9920, -113226, 6698, 26486, 52476
11699.2, 1046, 3075, -1305, 9920, -113226, 6698, 26486, 52484
11703.4, 1080, 2361, -1433, 8274, -115103, 4628, 29081, 52484
11707.1, 1053, 2361, -1433, 8274, -115103, 4628, 29081, 52485
11710.9, 1046, 2361, -1433, 8274, -115103, 4628, 29081, 52455
11715.1, 1067, 2852, -1688, 8296, -113056, 4729, 33202, 52455
11718.9, 1068, 2852, -1688, 8296, -113056, 4729, 33202, 52498
11723.1, 1092, 2547, -2322, 9890, -112417, 5455, 34230, 52498
11726.8, 1046, 2547, -2322, 9890, -112417, 5455, 34230, 52501
11730.6, 1027, 2547, -2322, 9890, -112417, 5455, 34230, 52507
11734.8, 1105, 2566, -2611, 8788, -112522, 122, 32891, 52507
11738.6, 1091, 2566, -2611, 8788, -112522, 122, 32891, 52149
11744.3, 1112, 2594, -2566, 8095, -113454, 1369, 30809, 52503
11748.0, 1049, 2594, -2566, 8095, -113454, 1369, 30809, 52526
11753.7, 1124, 2989, -2278, 8482, -114027, 4580, 29781, 52533
11757.4, 1035, 2989, -2278, 8482, -114027, 4580, 29781, 52557
11763.1, 1122, 3437, -2081, 9584, -115042, 2598, 29356, 52529
11766.9, 1001, 3437, -2081, 9584, -115042, 2598, 29356, 52533
11771.1, 1056, 2976, -2312, 8520, -118271, -65, 29991, 52533
11774.9, 1057, 2976, -2312, 8520, -118271, -65, 29991, 52561
11777.1, 24, 2976, -2312, 8520, -118271, -65, 29991, 52561
11782.9, 1132, 2813, -2634, 7926, -118087, 3381, 30962, 52583
11786.6, 1013, 2813, -2634, 7926, -118087, 3381, 30962, 52570
11790.9, 1090, 3133, -2996, 9809, -116744, 8216, 31964, 52570
11794.6, 1066, 3133, -2996, 9809, -116744, 8216, 31964, 52571
11796.9, 23, 3133, -2996, 9809, -116744, 8216, 31964, 52571
11801.1, 1091, 2793, -3731, 8761, -116748, 3521, 34449, 52571
11804.9, 1048, 2793, -3731, 8761, -116748, 3521, 34449, 52543
11807.2, 25, 2793, -3731, 8761, -116748, 3521, 34449, 52543
11812.9, 1121, 2663, -4262, 7844, -115300, 5420, 34899, 52572
11816.7, 1014, 2663, -4262, 7844, -115300, 5420, 34899, 52585
11820.9, 1096, 3001, -4433, 9016, -112968, 11563, 32554, 52585
11824.6, 1058, 3001, -4433, 9016, -112968, 11563, 32554, 52577
11828.9, 1098, 3001, -4433, 9550, -114128, 6711, 32204, 52577
11832.6, 1046, 3001, -4433, 9550, -114128, 6711, 32204, 52579
11836.4, 1027, 3001, -4433, 9550, -114128, 6711, 32204, 52526
11840.7, 1063, 2645, -4350, 8615, -114740, 1561, 33911, 52526
11844.4, 1072, 2645, -4350, 8615, -114740, 1561, 33911, 52589
11848.6, 1113, 2645, -4350, 7998, -113134, 3841, 35315, 52589
11852.4, 1037, 2645, -4350, 7998, -113134, 3841, 35315, 52595
11856.1, 1051, 2645, -4350, 7998, -113134, 3841, 35315, 52563
11860.4, 1095, 2369, -4762, 8435, -110934, 6146, 35088, 52563
11864.2, 1050, 2369, -4762, 8435, -110934, 6146, 35088, 52600
11868.4, 1086, 2369, -4762, 8892, -109184, 2327, 33482, 52600
11872.1, 1038, 2369, -4762, 8892, -109184, 2327, 33482, 52621
11875.9, 1052, 2369, -4762, 8892, -109184, 2327, 33482, 52638
11880.2, 1094, 2447, -5127, 8163, -107622, -1990, 33084, 52638
11884.0, 1054, 2447, -5127, 8163, -107622, -1990, 33084, 52444
11888.2, 1068, 2447, -5382, 7907, -104695, -1640, 34051, 52444
11891.9, 988, 2447, -5382, 7907, -104695, -1640, 34051, 52647
11895.7, 1058, 2447, -5382, 7907, -104695, -1640, 34051, 52672
11900.0, 1102, 2504, -5673, 8160, -104467, 214, 33679, 52672
11903.7, 1067, 2504, -5673, 8160, -104467, 214, 33679, 52677
11907.9, 1102, 2504, -5383, 7922, -104572, -1544, 31224, 52677
11911.6, 1025, 2504, -5383, 7922, -104572, -1544, 31224, 52684
11913.9, 23, 2504, -5383, 7922, -104572, -1544, 31224, 52684
11919.6, 1156, 2625, -5516, 8337, -104214, 813, 30918, 52699
11921.9, 26, 2625, -5516, 8337, -104214, 813, 30918, 52699
11927.6, 1124, 2625, -5516, 8337, -104214, 813, 30918, 52663
11931.4, 1002, 2625, -5516, 8337, -104214, 813, 30918, 52703
11935.6, 1082, 2930, -6215, 8189, -103361, 4151, 33749, 52703
11939.4, 1074, 2930, -6215, 8189, -103361, 4151, 33749, 52714
11941.7, 23, 2930, -6215, 8189, -103361, 4151, 33749, 52714
11945.9, 1083, 2577, -6323, 7965, -101611, 7437, 35569, 52714
11949.7, 1092, 2577, -6323, 7965, -101611, 7437, 35569, 52705
11952.0, 25, 2577, -6323, 7965, -101611, 7437, 35569, 52705
11957.7, 1146, 1978, -5956, 8008, -100779, 14704, 33158, 52739
11961.4, 1039, 1978, -5956, 8008, -100779, 14704, 33158, 52700
11965.6, 1096, 2112, -6127, 8484, -98784, 14704, 33158, 52700
11969.4, 1070, 2112, -6127, 8484, -98784, 14704, 33158, 52709
11971.7, 26, 2112, -6127, 8484, -98784, 14704, 33158, 52709
11975.9, 1080, 1842, -6421, 8545, -96780, 5866, 34007, 52709
11979.7, 1075, 1842, -6421, 8545, -96780, 5866, 34007, 52706
11983.9, 1088, 1840, -6676, 8352, -97336, 5866, 34007, 52706
11987.7, 1030, 1840, -6676, 8352, -97336, 5866, 34007, 52684
11991.4, 1044, 1840, -6676, 8352, -97336, 5866, 34007, 52701
11995.7, 1091, 1686, -6899, 8558, -97494, -3683, 26329, 52701
11999.5, 1063, 1686, -6899, 8558, -97494, -3683, 26329, 52699
12003.7, 1084, 1723, -6518, 7144, -96076, -3683, 26329, 52699
12007.5, 1050, 1723, -6518, 7144, -96076, -3683, 26329, 52661
12011.2, 1041, 1723, -6518, 7144, -96076, -3683, 26329, 52710
12015.5, 1100, 2799, -6251, 7264, -95013, -621, 28665, 52710
12019.3, 1047, 2799, -6251, 7264, -95013, -621, 28665, 52712
12023.5, 1092, 3406, -6942, 7817, -94077, -621, 28665, 52712
12027.2, 1041, 3406, -6942, 7817, -94077, -621, 28665, 52718
12031.0, 1037, 3406, -6942, 7817, -94077, -621, 28665, 52670
12035.3, 1093, 2903, -7416, 7179, -90248, 4095, 29067, 52670
12039.1, 1054, 2903, -7416, 7179, -90248, 4095, 29067, 52697
12043.3, 1075, 2514, -7296, 7507, -90248, 4095, 29067, 52697
12047.4, 642, 2514, -7296, 7507, -90248, 4095, 29067, 52696
12051.2, 1044, 2514, -7296, 7507, -90248, 4095, 29067, 52695
12055.5, 1082, 2208, -7261, 7858, -87772, 7196, 25524, 52695
12059.2, 1070, 2208, -7261, 7858, -87772, 7196, 25524, 52722
12063.5, 1080, 1547, -7069, 7784, -87772, 7196, 25524, 52722
12067.2, 1033, 1547, -7069, 7784, -87772, 7196, 25524, 52709
12072.9, 1114, 1258, -7012, 7460, -87877, 6890, 24986, 52698
12076.6, 1003, 1258, -7012, 7460, -87877, 6890, 24986, 52692
12078.9, 23, 1258, -7012, 7460, -87877, 6890, 24986, 52692
12084.7, 1151, 1517, -7692, 7405, -87409, 6720, 25506, 52672
12087.0, 25, 1517, -7692, 7405, -87409, 6720, 25506, 52672
12092.7, 1120, 1856, -8040, 6665, -86184, 5512, 24224, 52693
12096.4, 1026, 1856, -8040, 6665, -86184, 5512, 24224, 52689
12100.7, 1082, 2324, -7804, 6610, -83835, 8089, 20370, 52689
12104.5, 1043, 2324, -7804, 6610, -83835, 8089, 20370, 52692
12106.7, 23, 2324, -7804, 6610, -83835, 8089, 20370, 52692
12111.0, 1086, 2468, -7724, 6142, -81669, 9515, 18230, 52692
12114.7, 1077, 2468, -7724, 6142, -81669, 9515, 18230, 52635
12117.0, 24, 2468, -7724, 6142, -81669, 9515, 18230, 52635
12122.8, 1121, 2632, -7764, 6495, -81446, 8303, 17933, 52625
12126.5, 1022, 2632, -7764, 6495, -81446, 8303, 17933, 52658
12130.8, 1082, 2379, -7883, 6636, -80658, 8557, 17789, 52658
12134.6, 1055, 2379, -7883, 6636, -80658, 8557, 17789, 52668
12136.9, 24, 2379, -7883, 6636, -80658, 8557, 17789, 52668
12142.6, 1122, 2201, -7882, 6610, -77333, 10014, 17740, 52625
12146.4, 1004, 2201, -7882, 6610, -77333, 10014, 17740, 52623
12150.6, 1116, 2286, -7941, 7108, -75889, 9948, 17972, 52623
12154.3, 1045, 2286, -7941, 7108, -75889, 9948, 17972, 52588
12158.5, 1094, 2236, -8054, 6603, -75872, 8566, 18909, 52588
12162.3, 1013, 2236, -8054, 6603, -75872, 8566, 18909, 52606
12166.0, 1055, 2236, -8054, 6603, -75872, 8566, 18909, 52594
12170.3, 1080, 2076, -8087, 6424, -74796, 13243, 19162, 52594
12174.1, 1043, 2076, -8087, 6424, -74796, 13243, 19162, 52599
12178.3, 1056, 2028, -8365, 6275, -72560, 19049, 18572, 52599
12182.0, 1012, 2028, -8365, 6275, -72560, 19049, 18572, 52606
12185.8, 1078, 2028, -8365, 6275, -72560, 19049, 18572, 52574
12190.1, 1098, 1733, -8587, 5937, -72096, 23424, 16620, 52574
12193.8, 1044, 1733, -8587, 5937, -72096, 23424, 16620, 52569
12198.1, 1049, 1528, -8484, 6104, -71921, 29387, 13567, 52569
12201.8, 1016, 1528, -8484, 6104, -71921, 29387, 13567, 52568
12204.1, 24, 1528, -8484, 6104, -71921, 29387, 13567, 52568
12209.8, 1106, 1637, -8581, 6256, -70849, 33513, 11900, 52524
12213.6, 1031, 1637, -8581, 6256, -70849, 33513, 11900, 52544
12217.8, 1050, 1567, -8558, 6464, -70053, 34405, 10784, 52544
12221.6, 1004, 1567, -8558, 6464, -70053, 34405, 10784, 52543
12223.9, 21, 1567, -8558, 6464, -70053, 34405, 10784, 52543
12229.6, 1098, 1382, -8298, 6073, -69974, 32611, 8666, 52514
12233.4, 1028, 1382, -8298, 6073, -69974, 32611, 8666, 52522
12239.1, 1103, 1665, -8383, 5963, -71055, 29964, 7853, 52467
12242.8, 1007, 1665, -8383, 5963, -71055, 29964, 7853, 52493
12248.5, 1114, 1750, -8564, 6363, -70246, 29063, 9248, 52459
12252.3, 991, 1750, -8564, 6363, -70246, 29063, 9248, 52444
12258.0, 1091, 1643, -8559, 5861, -70241, 28477, 10732, 52467
12261.7, 986, 1643, -8559, 5861, -70241, 28477, 10732, 52402
12266.0, 1049, 1415, -8824, 6140, -71729, 27654, 11327, 52402
12269.8, 1014, 1415, -8824, 6140, -71729, 27654, 11327, 52442
12272.1, 23, 1415, -8824, 6140, -71729, 27654, 11327, 52442
12277.8, 1099, 955, -9083, 5616, -72634, 23476, 10557, 52432
12281.5, 1027, 955, -9083, 5616, -72634, 23476, 10557, 52381
12285.7, 1070, 762, -8804, 4814, -73890, 19757, 8531, 52381
12289.5, 992, 762, -8804, 4814, -73890, 19757, 8531, 52342
12291.7, 24, 762, -8804, 4814, -73890, 19757, 8531, 52342
12296.0, 1034, 795, -9093, 5042, -74511, 19119, 7315, 52342
12299.8, 1018, 795, -9093, 5042, -74511, 19119, 7315, 52346
12304.0, 1024, 624, -9256, 4907, -73838, 18427, 7350, 52346
12307.8, 958, 624, -9256, 4907, -73838, 18427, 7350, 52370
12311.5, 992, 624, -9256, 4907, -73838, 18427, 7350, 52369
12315.8, 1030, 656, -9650, 4363, -70635, 19451, 6457, 52369
12319.6, 982, 656, -9650, 4363, -70635, 19451, 6457, 52348
12323.8, 998, 262, -9713, 3897, -66925, 24185, 5442, 52348
12327.6, 972, 262, -9713, 3897, -66925, 24185, 5442, 52374
12331.4, 1000, 262, -9713, 3897, -66925, 24185, 5442, 52337
12335.7, 1012, 428, -9433, 3391, -63149, 26517, 5381, 52337
12339.4, 1014, 428, -9433, 3391, -63149, 26517, 5381, 52335
12343.6, 998, 610, -9157, 2945, -60025, 24951, 5390, 52335
12347.4, 968, 610, -9157, 2945, -60025, 24951, 5390, 52328
12351.1, 1028, 610, -9157, 2945, -60025, 24951, 5390, 52323
12355.4, 1020, 953, -9305, 3121, -59194, 22129, 3465, 52323
12359.2, 959, 953, -9305, 3121, -59194, 22129, 3465, 52318
12363.4, 975, 1140, -9554, 3247, -57313, 20265, 3333, 52318
12367.2, 984, 1140, -9554, 3247, -57313, 20265, 3333, 52345
12370.9, 1013, 1140, -9554, 3247, -57313, 20265, 3333, 52295
12375.2, 1019, 1125, -9823, 3137, -53940, 20409, 3290, 52295
12379.0, 973, 1125, -9823, 3137, -53940, 20409, 3290, 52273
12383.2, 994, 743, -9909, 3282, -50365, 23774, 1662, 52273
12386.9, 969, 743, -9909, 3282, -50365, 23774, 1662, 52262
12390.7, 1029, 743, -9909, 3282, -50365, 23774, 1662, 52218
12395.0, 1043, 238, -9407, 3746, -47556, 27926, 730, 52218
12398.7, 970, 238, -9407, 3746, -47556, 27926, 730, 52224
12403.0, 978, 168, -9297, 4027, -47080, 28534, 1505, 52224
12406.7, 960, 168, -9297, 4027, -47080, 28534, 1505, 52207
12411.0, 1065, 11, -9799, 4233, -47220, 25672, 2257, 52207
12414.7, 1015, 11, -9799, 4233, -47220, 25672, 2257, 52197
12417.0, 25, 11, -9799, 4233, -47220, 25672, 2257, 52197
12422.7, 1099, 194, -9728, 3603, -46546, 21109, 2288, 52186
12426.4, 996, 194, -9728, 3603, -46546, 21109, 2288, 52164
12430.7, 1001, 792, -9379, 3301, -44796, 20352, 3666, 52164
12434.5, 1006, 792, -9379, 3301, -44796, 20352, 3666, 52161
12436.8, 24, 792, -9379, 3301, -44796, 20352, 3666, 52161
12441.0, 1034, 858, -9553, 3260, -42096, 21197, 5127, 52161
12444.7, 1007, 858, -9553, 3260, -42096, 21197, 5127, 52154
12447.0, 25, 858, -9553, 3260, -42096, 21197, 5127, 52154
12452.7, 1083, 645, -9879, 3591, -40727, 19587, 4663, 52151
12456.4, 1014, 645, -9879, 3591, -40727, 19587, 4663, 52140
12460.7, 1038, 383, -9976, 3355, -37253, 17023, 3548, 52140
12464.5, 969, 383, -9976, 3355, -37253, 17023, 3548, 52130
12466.7, 25, 383, -9976, 3355, -37253, 17023, 3548, 52130
12471.0, 1056, 378, -9776, 3376, -35000, 17832, 2025, 52130
12474.7, 986, 378, -9776, 3376, -35000, 17832, 2025, 52118
12478.9, 984, 378, -9776, 3376, -32344, 21153, 2384, 52118
12482.7, 946, 378, -9776, 3376, -32344, 21153, 2384, 52104
12486.4, 1004, 378, -9776, 3376, -32344, 21153, 2384, 52088
12490.7, 1044, -178, -9863, 3535, -28914, 23699, 1881, 52088
12494.5, 970, -178, -9863, 3535, -28914, 23699, 1881, 52028
12498.7, 978, -178, -9863, 3535, -27624, 23266, 988, 52028
12502.4, 963, -178, -9863, 3535, -27624, 23266, 988, 52070
12506.2, 1024, -178, -9863, 3535, -27624, 23266, 988, 52061
12510.5, 1007, 58, -9340, 3480, -26648, 19574, 2043, 52061
12514.3, 957, 58, -9340, 3480, -26648, 19574, 2043, 52047
12518.5, 959, 58, -9340, 3480, -25773, 14000, 3928, 52047
12522.3, 965, 58, -9340, 3480, -25773, 14000, 3928, 52034
12526.0, 996, 58, -9340, 3480, -25773, 14000, 3928, 52015
12530.3, 985, 900, -9708, 2873, -25344, 10907, 3661, 52015
12534.1, 943, 900, -9708, 2873, -25344, 10907, 3661, 52018
12538.3, 942, 900, -9708, 2873, -22295, 11187, 2686, 52018
12542.0, 946, 900, -9708, 2873, -22295, 11187, 2686, 52017
12545.8, 984, 900, -9708, 2873, -22295, 11187, 2686, 51995
12550.1, 1002, 442, -10108, 2480, -17863, 13077, 2047, 51995
12553.8, 931, 442, -10108, 2480, -17863, 13077, 2047, 51983
12558.1, 960, 442, -10108, 2480, -13680, 15798, 1295, 51983
12561.8, 957, 442, -10108, 2480, -13680, 15798, 1295, 51972
12566.1, 1029, 83, -10135, 2287, -13680, 15798, 1295, 51972
12569.9, 981, 83, -10135, 2287, -13680, 15798, 1295, 51959
12572.1, 25, 83, -10135, 2287, -13680, 15798, 1295, 51959
12577.9, 1060, -205, -10040, 2526, -8513, 18860, 853, 51939
12581.6, 975, -205, -10040, 2526, -8513, 18860, 853, 51934
12585.9, 962, -111, -10003, 3080, -4974, 18209, 529, 51934
12589.6, 968, -111, -10003, 3080, -4974, 18209, 529, 51925
12591.9, 24, -111, -10003, 3080, -4974, 18209, 529, 51925
12596.1, 1007, 213, -10052, 3429, -3189, 14743, -196, 51925
12599.9, 970, 213, -10052, 3429, -3189, 14743, -196, 51919
12602.1, 24, 213, -10052, 3429, -3189, 14743, -196, 51919
12607.9, 1066, 239, -9881, 3601, -1806, 10893, -131, 51889
12611.6, 962, 239, -9881, 3601, -1806, 10893, -131, 51870
12615.9, 994, 570, -10115, 3684, 34, 5048, 328, 51870
12619.6, 951, 570, -10115, 3684, 34, 5048, 328, 51837
12621.9, 23, 570, -10115, 3684, 34, 5048, 328, 51837
12626.1, 997, 666, -10156, 3129, 2528, 901, 853, 51837
12629.9, 931, 666, -10156, 3129, 2528, 901, 853, 51816
12634.2, 940, 251, -10080, 2503, 6667, 2883, 122, 51816
12637.9, 942, 251, -10080, 2503, 6667, 2883, 122, 51800
12641.7, 963, 251, -10080, 2503, 6667, 2883, 122, 51772
12645.9, 1019, 1, -9853, 2712, 10246, 6680, -1312, 51772
12649.6, 976, 1, -9853, 2712, 10246, 6680, -1312, 51758
12653.8, 945, 46, -9675, 3099, 13383, 6514, -1010, 51758
12657.6, 949, 46, -9675, 3099, 13383, 6514, -1010, 51715
12661.3, 950, 46, -9675, 3099, 13383, 6514, -1010, 51717
12665.6, 997, 98, -10054, 3340, 16472, 3653, -266, 51717
12669.4, 921, 98, -10054, 3340, 16472, 3653, -266, 51690
12673.6, 960, 277, -10022, 3604, 19193, 450, -2384, 51690
12677.4, 950, 277, -10022, 3604, 19193, 450, -2384, 51676
12681.2, 983, 277, -10022, 3604, 19193, 450, -2384, 52140
12685.5, 965, 412, -9556, 3729, 22129, -2975, -3933, 52140
12689.2, 972, 412, -9556, 3729, 22129, -2975, -3933, 51621
12693.4, 967, 281, -9772, 3917, 23590, -6667, -3933, 51621
12697.2, 960, 281, -9772, 3917, 23590, -6667, -3933, 51614
12700.9, 959, 281, -9772, 3917, 23590, -6667, -3933, 51608
12705.2, 985, 183, -10095, 3701, 27239, -10093, -3329, 51608
12709.0, 920, 183, -10095, 3701, 27239, -10093, -3329, 51569
12713.2, 965, 309, -10031, 3384, 30997, -13890, -3329, 51569
12717.0, 966, 309, -10031, 3384, 30997, -13890, -3329, 51527
12720.7, 972, 309, -10031, 3384, 30997, -13890, -3329, 51562
12725.0, 971, 340, -10237, 3312, 35092, -16205, -6737, 51562
12728.8, 939, 340, -10237, 3312, 35092, -16205, -6737, 51569
12733.0, 983, 95, -10296, 3147, 40976, -15369, -6737, 51569
12736.7, 954, 95, -10296, 3147, 40976, -15369, -6737, 51553
12741.0, 1001, 0, -9997, 3374, 44739, -14267, -9030, 51553
12744.7, 939, 0, -9997, 3374, 44739, -14267, -9030, 51594
12747.0, 23, 0, -9997, 3374, 44739, -14267, -9030, 51594
12752.7, 1077, 273, -9722, 3920, 48755, -15111, -9603, 51618
12756.4, 972, 273, -9722, 3920, 48755, -15111, -9603, 51604
12760.7, 997, 687, -9795, 4151, 52295, -20344, -8430, 51604
12764.5, 933, 687, -9795, 4151, 52295, -20344, -8430, 51695
12766.8, 20, 687, -9795, 4151, 52295, -20344, -8430, 51695
12771.0, 1028, 1044, -10015, 4033, 55747, -22842, -8859, 51695
12774.7, 963, 1044, -10015, 4033, 55747, -22842, -8859, 51714
12777.0, 22, 1044, -10015, 4033, 55747, -22842, -8859, 51714
12782.7, 1085, 890, -9660, 4472, 59089, -20037, -10990, 51747
12786.4, 967, 890, -9660, 4472, 59089, -20037, -10990, 51779
12790.7, 968, 465, -9548, 4739, 62038, -19626, -12355, 51779
12794.5, 969, 465, -9548, 4739, 62038, -19626, -12355, 51794
12798.7, 1024, 10, -9592, 4808, 64300, -20794, -11624, 51794
12802.5, 952, 10, -9592, 4808, 64300, -20794, -11624, 51364
12806.2, 967, 10, -9592, 4808, 64300, -20794, -11624, 51825
12810.5, 1005, 28, -9653, 4863, 67450, -21157, -10609, 51825
12814.3, 962, 28, -9653, 4863, 67450, -21157, -10609, 51846
12818.5, 993, 421, -9537, 5383, 68727, -24010, -11116, 51846
12822.2, 991, 421, -9537, 5383, 68727, -24010, -11116, 51883
12826.0, 972, 421, -9537, 5383, 68727, -24010, -11116, 51913
12830.2, 1020, 918, -9640, 5251, 70443, -27650, -11187, 51913
12834.0, 981, 918, -9640, 5251, 70443, -27650, -11187, 51918
12838.2, 1023, 1407, -9803, 4729, 72875, -27195, -11064, 51918
12841.9, 976, 1407, -9803, 4729, 72875, -27195, -11064, 51957
12845.7, 990, 1407, -9803, 4729, 72875, -27195, -11064, 51998
12849.9, 1003, 1551, -9819, 5014, 75010, -23012, -12066, 51998
12853.6, 956, 1551, -9819, 5014, 75010, -23012, -12066, 52045
12857.9, 1030, 1177, -9885, 4875, 79289, -18108, -14463, 52045
12861.6, 973, 1177, -9885, 4875, 79289, -18108, -14463, 52069
12863.9, 23, 1177, -9885, 4875, 79289, -18108, -14463, 52069
12869.7, 1014, 785, -9597, 4890, 83493, -15570, -16419, 52104
12873.4, 994, 785, -9597, 4890, 83493, -15570, -16419, 52136
12879.1, 996, 711, -9400, 5362, 87812, -14962, -16791, 52140
12882.9, 984, 711, -9400, 5362, 87812, -14962, -16791, 52178
12888.6, 1069, 522, -9445, 5660, 91605, -17303, -16979, 52214
12890.8, 25, 522, -9445, 5660, 91605, -17303, -16979, 52214
12893.2, 7, 522, -9445, 5660, 91605, -17303, -16979, 52214
12898.9, 1084, 641, -9573, 5480, 95030, -18900, -17653, 52234
12901.2, 24, 641, -9573, 5480, 95030, -18900, -17653, 52234
12903.4, 6, 641, -9573, 5480, 95030, -18900, -17653, 52234
12909.2, 1056, 1010, -9061, 5650, 98600, -15999, -19027, 52259
12911.5, 24, 1010, -9061, 5650, 98600, -15999, -19027, 52259
12915.7, 1013, 1249, -8734, 6074, 101768, -13593, -20147, 52259
12919.5, 980, 1249, -8734, 6074, 101768, -13593, -20147, 52292
12921.8, 23, 1249, -8734, 6074, 101768, -13593, -20147, 52292
12926.0, 1027, 1306, -8706, 6135, 103466, -16892, -19490, 52292
12929.8, 1004, 1306, -8706, 6135, 103466, -16892, -19490, 52318
12932.1, 23, 1306, -8706, 6135, 103466, -16892, -19490, 52318
12937.8, 1127, 1177, -8583, 5946, 105224, -18699, -19385, 52328
12941.5, 1014, 1177, -8583, 5946, 105224, -18699, -19385, 52348
12945.8, 996, 1384, -8525, 6347, 107412, -17561, -20995, 52348
12949.6, 946, 1384, -8525, 6347, 107412, -17561, -20995, 52362
12951.9, 21, 1384, -8525, 6347, 107412, -17561, -20995, 52362
12956.1, 1072, 1362, -8647, 6705, 110356, -17097, -22334, 52362
12959.9, 1028, 1362, -8647, 6705, 110356, -17097, -22334, 52409
12964.1, 1036, 1256, -8461, 6808, 112675, -17767, -23760, 52409
12967.9, 1027, 1256, -8461, 6808, 112675, -17767, -23760, 52423
12971.6, 1010, 1256, -8461, 6808, 112675, -17767, -23760, 52439
12975.9, 1078, 1395, -8419, 6986, 115094, -18012, -24671, 52439
12979.6, 1021, 1395, -8419, 6986, 115094, -18012, -24671, 52476
12983.8, 1046, 1552, -8391, 6943, 117680, -18174, -24946, 52476
12987.6, 1039, 1552, -8391, 6943, 117680, -18174, -24946, 52476
12991.3, 1019, 1552, -8391, 6943, 117680, -18174, -24946, 52495
12995.6, 1048, 1601, -8434, 7189, 120646, -18633, -25248, 52495
12999.4, 997, 1601, -8434, 7189, 120646, -18633, -25248, 52516
13003.6, 1052, 1556, -8359, 7021, 124615, -18353, -26184, 52516
13007.4, 1042, 1556, -8359, 7021, 124615, -18353, -26184, 52532
13011.1, 1026, 1556, -8359, 7021, 124615, -18353, -26184, 52559
13015.4, 1047, 1517, -7995, 7356, 127327, -18545, -28162, 52559
13019.2, 989, 1517, -7995, 7356, 127327, -18545, -28162, 52608
13023.4, 1045, 1557, -7936, 7246, 128185, -23445, -29864, 52608
13027.2, 1027, 1557, -7936, 7246, 128185, -23445, -29864, 52606
13030.9, 1036, 1557, -7936, 7246, 128185, -23445, -29864, 52620
13035.2, 1043, 1850, -7908, 7126, 129768, -27029, -31259, 52620
13039.0, 1024, 1850, -7908, 7126, 129768, -27029, -31259, 52637
13043.2, 1078, 1895, -7905, 7178, 132905, -25108, -32712, 52637
13046.9, 1032, 1895, -7905, 7178, 132905, -25108, -32712, 52653
13052.7, 1127, 1895, -7905, 7468, 135207, -22290, -34558, 52689
13056.4, 1004, 1895, -7905, 7468, 135207, -22290, -34558, 52731
13060.7, 1034, 1554, -7649, 7468, 138116, -22413, -36321, 52731
13064.5, 1055, 1554, -7649, 7468, 138116, -22413, -36321, 52723
13066.8, 24, 1554, -7649, 7468, 138116, -22413, -36321, 52723
13071.0, 1080, 1655, -7484, 7710, 140842, -22540, -37389, 52723
13074.7, 1057, 1655, -7484, 7710, 140842, -22540, -37389, 52743
13077.0, 24, 1655, -7484, 7710, 140842, -22540, -37389, 52743
13082.7, 1143, 2053, -7384, 7493, 142159, -22343, -38119, 52768
13086.4, 996, 2053, -7384, 7493, 142159, -22343, -38119, 52756
13090.7, 1032, 2053, -7384, 7877, 142977, -21625, -40298, 52756
13094.5, 1011, 2053, -7384, 7877, 142977, -21625, -40298, 52792
13096.7, 24, 2053, -7384, 7877, 142977, -21625, -40298, 52792
13101.0, 1051, 2197, -6973, 8396, 143283, -21709, -42359, 52792
13104.7, 1007, 2197, -6973, 8396, 143283, -21709, -42359, 52810
13107.0, 24, 2197, -6973, 8396, 143283, -21709, -42359, 52810
13112.7, 1159, 2349, -6530, 8599, 143344, -26377, -43146, 52827
13116.4, 993, 2349, -6530, 8599, 143344, -26377, -43146, 52852
13120.7, 1042, 2673, -6364, 8059, 143344, -29234, -42932, 52852
13124.5, 1039, 2673, -6364, 8059, 143344, -29234, -42932, 52857
13128.7, 1085, 2673, -6364, 8059, 143344, -29234, -42932, 52857
13132.5, 1035, 2673, -6364, 8059, 143344, -29234, -42932, 52871
13136.2, 1036, 2673, -6364, 8059, 143344, -29234, -42932, 52887
13140.5, 1035, 3030, -5955, 8123, 143344, -30546, -42512, 52887
13144.3, 1009, 3030, -5955, 8123, 143344, -30546, -42512, 52910
13148.5, 1055, 3030, -5955, 8123, 143344, -30546, -42512, 52910
13152.2, 1056, 3030, -5955, 8123, 143344, -30546, -42512, 52918
13156.0, 1066, 3030, -5955, 8123, 143344, -30546, -42512, 52935
13160.2, 1072, 2615, -5470, 8531, 143344, -27103, -43413, 52935
13164.0, 1044, 2615, -5470, 8531, 143344, -27103, -43413, 52961
13168.2, 1086, 2615, -5470, 8531, 143344, -27103, -43413, 52961
13171.9, 1020, 2615, -5470, 8531, 143344, -27103, -43413, 52977
13175.7, 1024, 2615, -5470, 8531, 143344, -27103, -43413, 52988
13179.9, 1045, 2492, -4876, 8460, 143344, -25432, -45688, 52988
13183.7, 1052, 2492, -4876, 8460, 143344, -25432, -45688, 53005
13188.0, 1066, 2492, -4876, 8460, 143344, -25432, -45688, 53005
13191.7, 1006, 2492, -4876, 8460, 143344, -25432, -45688, 53007
13194.0, 25, 2492, -4876, 8460, 143344, -25432, -45688, 53007
13199.7, 1126, 2370, -4235, 8940, 143344, -20549, -47294, 53019
13203.4, 1050, 2370, -4235, 8940, 143344, -20549, -47294, 53049
13209.2, 1103, 2600, -4015, 8698, 143344, -21341, -46852, 53035
13212.9, 1059, 2600, -4015, 8698, 143344, -21341, -46852, 53033
13218.6, 1131, 2600, -4015, 8698, 143344, -21341, -46852, 53052
13220.9, 28, 2600, -4015, 8698, 143344, -21341, -46852, 53052
13223.1, 7, 2600, -4015, 8698, 143344, -21341, -46852, 53052
13228.8, 1141, 2574, -3729, 8811, 143344, -19779, -47648, 53055
13231.0, 26, 2574, -3729, 8811, 143344, -19779, -47648, 53055
13235.3, 1039, 2803, -3383, 8973, 143344, -19184, -48895, 53055
13239.1, 1029, 2803, -3383, 8973, 143344, -19184, -48895, 53064
13241.3, 23, 2803, -3383, 8973, 143344, -19184, -48895, 53064
13245.6, 1074, 3322, -3021, 9089, 143344, -19385, -50182, 53064
13249.3, 1041, 3322, -3021, 9089, 143344, -19385, -50182, 53086
13251.6, 25, 3322, -3021, 9089, 143344, -19385, -50182, 53086
13255.8, 1060, 3496, -2717, 9461, 143344, -23607, -50877, 53086
13259.6, 1037, 3496, -2717, 9461, 143344, -23607, -50877, 53076
13261.9, 23, 3496, -2717, 9461, 143344, -23607, -50877, 53076
13267.6, 1145, 3462, -2491, 8472, 143344, -27317, -50483, 53051
13271.3, 994, 3462, -2491, 8472, 143344, -27317, -50483, 53096
13275.6, 1053, 3707, -2356, 9080, 143344, -22129, -50925, 53096
13279.3, 1044, 3707, -2356, 9080, 143344, -22129, -50925, 53030
13281.6, 24, 3707, -2356, 9080, 143344, -22129, -50925, 53030
13285.9, 1044, 3716, -2276, 9143, 143344, -19070, -52015, 53030
13289.6, 1030, 3716, -2276, 9143, 143344, -19070, -52015, 53029
13293.9, 1068, 3181, -2010, 8987, 143344, -18445, -51188, 53029
13297.6, 1064, 3181, -2010, 8987, 143344, -18445, -51188, 53032
13301.3, 1019, 3181, -2010, 8987, 143344, -18445, -51188, 53029
13305.6, 1077, 3124, -1591, 8694, 143344, -14525, -49083, 53029
13309.4, 1055, 3124, -1591, 8694, 143344, -14525, -49083, 53018
13313.7, 1070, 2757, -1357, 8402, 143344, -11335, -48550, 53018
13317.4, 1064, 2757, -1357, 8402, 143344, -11335, -48550, 53120
13321.2, 1004, 2757, -1357, 8402, 143344, -11335, -48550, 52991
13325.4, 1106, 2685, -787, 8629, 143344, -10963, -50405, 52991
13329.1, 1108, 2685, -787, 8629, 143344, -10963, -50405, 52992
13333.3, 1116, 2465, -221, 7762, 143344, -11523, -52916, 52992
13337.1, 1029, 2465, -221, 7762, 143344, -11523, -52916, 52986
13340.8, 1052, 2465, -221, 7762, 143344, -11523, -52916, 53018
13345.1, 1102, 2901, 329, 7596, 143344, -5801, -56167, 53018
13348.8, 1097, 2901, 329, 7596, 143344, -5801, -56167, 52971
13353.0, 1124, 3309, 1284, 8385, 143344, -4795, -57304, 52971
13356.7, 1010, 3309, 1284, 8385, 143344, -4795, -57304, 52965
13359.0, 31, 3309, 1284, 8385, 143344, -4795, -57304, 52965
13364.7, 1155, 3429, 1496, 6832, 143344, -3513, -55475, 52952
13368.4, 1081, 3429, 1496, 6832, 143344, -3513, -55475, 52931
13374.1, 1154, 3902, 1876, 8942, 143344, 3285, -55042, 52942
13376.4, 31, 3902, 1876, 8942, 143344, 3285, -55042, 52942
13378.6, 10, 3902, 1876, 8942, 143344, 3285, -55042, 52942
13384.4, 1171, 3244, 2128, 8574, 143344, 3556, -53073, 52927
13386.6, 31, 3244, 2128, 8574, 143344, 3556, -53073, 52927
13390.9, 1060, 3195, 2158, 7617, 143344, 2191, -49412, 52927
13394.7, 1056, 3195, 2158, 7617, 143344, 2191, -49412, 52863
13397.0, 27, 3195, 2158, 7617, 143344, 2191, -49412, 52863
13402.7, 1151, 2779, 1849, 8226, 143344, 10154, -48943, 52922
13406.5, 987, 2779, 1849, 8226, 143344, 10154, -48943, 52915
13410.7, 1109, 2149, 1867, 7188, 143344, 20260, -52640, 52915
13414.5, 1066, 2149, 1867, 7188, 143344, 20260, -52640, 52921
13416.8, 28, 2149, 1867, 7188, 143344, 20260, -52640, 52921
13421.0, 1086, 2330, 1947, 7177, 143344, 33176, -58188, 52921
13424.8, 1090, 2330, 1947, 7177, 143344, 33176, -58188, 52902
13427.1, 26, 2330, 1947, 7177, 143344, 33176, -58188, 52902
13433.2, 711, 2391, 2531, 7750, 143344, 46156, -63810, 52905
13436.9, 1038, 2391, 2531, 7750, 143344, 46156, -63810, 52910
13442.7, 1133, 2701, 3235, 7867, 143344, 49788, -66273, 52898
13446.4, 1020, 2701, 3235, 7867, 143344, 49788, -66273, 52904
13450.7, 1084, 2696, 3823, 7114, 143344, 50956, -66256, 52904
13454.5, 1119, 2696, 3823, 7114, 143344, 50956, -66256, 52911
13458.7, 1082, 2570, 4569, 7127, 143344, 53992, -63123, 52911
13462.5, 1029, 2570, 4569, 7127, 143344, 53992, -63123, 52918
13466.3, 1045, 2570, 4569, 7127, 143344, 53992, -63123, 52888
13470.6, 1080, 2658, 5393, 8550, 143344, 49468, -56167, 52888
13474.3, 1091, 2658, 5393, 8550, 143344, 49468, -56167, 52890
13478.5, 1113, 1799, 5771, 7523, 143344, 36378, -46025, 52890
13482.3, 1038, 1799, 5771, 7523, 143344, 36378, -46025, 52883
13486.0, 1068, 1799, 5771, 7523, 143344, 36378, -46025, 52879
13490.3, 1096, 1390, 5428, 6578, 143344, 29347, -36352, 52879
13494.1, 1057, 1390, 5428, 6578, 143344, 29347, -36352, 52880
13498.3, 1086, 1754, 5041, 7096, 143344, 31439, -32821, 52880
13502.0, 1020, 1754, 5041, 7096, 143344, 31439, -32821, 52803
13505.8, 1067, 1754, 5041, 7096, 143344, 31439, -32821, 52864
13510.1, 1110, 1835, 4919, 6800, 143344, 31421, -33202, 52864
13513.8, 1062, 1835, 4919, 6800, 143344, 31421, -33202, 52887
13518.1, 1078, 1980, 4761, 6781, 143344, 30082, -34129, 52887
13521.8, 984, 1980, 4761, 6781, 143344, 30082, -34129, 52845
13524.1, 25, 1980, 4761, 6781, 143344, 30082, -34129, 52845
13529.9, 1139, 1802, 5103, 6532, 143344, 34650, -33906, 52839
13533.7, 1042, 1802, 5103, 6532, 143344, 34650, -33906, 52842
13537.9, 1062, 1764, 5574, 5782, 143034, 40552, -29789, 52842
13541.6, 981, 1764, 5574, 5782, 143034, 40552, -29789, 52847
13545.9, 1093, 1756, 5783, 6291, 141432, 42691, -25174, 52847
13549.6, 1092, 1756, 5783, 6291, 141432, 42691, -25174, 52824
13551.9, 25, 1756, 5783, 6291, 141432, 42691, -25174, 52824
13556.1, 1092, 1555, 5955, 6282, 139227, 42280, -21446, 52824
13559.9, 1056, 1555, 5955, 6282, 139227, 42280, -21446, 52821
13562.2, 24, 1555, 5955, 6282, 139227, 42280, -21446, 52821
13567.9, 1136, 1427, 5973, 6937, 138733, 40014, -20287, 52786
13571.6, 1013, 1427, 5973, 6937, 138733, 40014, -20287, 52805
13575.9, 1111, 1076, 6488, 6692, 134240, 32594, -16647, 52805
13579.6, 1071, 1076, 6488, 6692, 134240, 32594, -16647, 52804
13581.9, 25, 1076, 6488, 6692, 134240, 32594, -16647, 52804
13586.1, 1101, 1475, 5364, 7627, 132927, 44494, 10202, 52804
13589.9, 1055, 1475, 5364, 7627, 132927, 44494, 10202, 52806
13592.1, 25, 1475, 5364, 7627, 132927, 44494, 10202, 52806
13597.9, 1119, 1161, 4945, 6437, 132052, 37914, 14332, 52931
13601.6, 1037, 1161, 4945, 6437, 132052, 37914, 14332, 52822
13605.9, 1069, 694, 5220, 4987, 127323, 38758, 2563, 52822
13609.6, 1095, 694, 5220, 4987, 127323, 38758, 2563, 52797
13613.8, 1090, 798, 6053, 4915, 127222, 47942, -5088, 52797
13617.6, 1022, 798, 6053, 4915, 127222, 47942, -5088, 52809
13621.3, 1041, 798, 6053, 4915, 127222, 47942, -5088, 52814
13625.6, 1083, 1134, 6770, 5020, 127559, 53095, -3447, 52814
13629.4, 1057, 1134, 6770, 5020, 127559, 53095, -3447, 52794
13633.6, 1078, 1383, 6561, 5173, 124365, 56092, 1045, 52794
13637.3, 1010, 1383, 6561, 5173, 124365, 56092, 1045, 52786
13641.1, 1048, 1383, 6561, 5173, 124365, 56092, 1045, 52786
13645.4, 1100, 1229, 6159, 4965, 122952, 57768, 3780, 52786
13649.2, 1052, 1229, 6159, 4965, 122952, 57768, 3780, 52824
13653.4, 1062, 1012, 5688, 4262, 119736, 60940, 2913, 52824
13657.1, 1022, 1012, 5688, 4262, 119736, 60940, 2913, 52779
13660.9, 1065, 1012, 5688, 4262, 119736, 60940, 2913, 52762
13665.2, 1100, 840, 5734, 4323, 119382, 64278, -113, 52762
13669.0, 1054, 840, 5734, 4323, 119382, 64278, -113, 52757
13673.2, 1062, 388, 6459, 4567, 115974, 67279, -2222, 52757
13676.9, 1021, 388, 6459, 4567, 115974, 67279, -2222, 52762
13680.7, 1068, 388, 6459, 4567, 115974, 67279, -2222, 52748
13684.9, 1100, 515, 6911, 4643, 113563, 67800, -2301, 52748
13688.7, 1060, 515, 6911, 4643, 113563, 67800, -2301, 52765
13692.9, 1089, 610, 7971, 4659, 113594, 70027, -494, 52765
13696.6, 1038, 610, 7971, 4659, 113594, 70027, -494, 52743
13700.9, 1070, 610, 7971, 4659, 113594, 70027, 4935, 52743
13704.7, 1055, 610, 7971, 4659, 113594, 70027, 4935, 52735
13706.9, 26, 610, 7971, 4659, 113594, 70027, 4935, 52735
13712.7, 1102, 728, 9625, 4458, 98666, 76918, 10963, 52729
13716.4, 1038, 728, 9625, 4458, 98666, 76918, 10963, 52726
13720.7, 1072, 957, 10244, 4445, 98666, 73776, 17342, 52726
13724.5, 1086, 957, 10244, 4445, 98666, 73776, 17342, 52713
13726.8, 26, 957, 10244, 4445, 98666, 73776, 17342, 52713
13731.0, 1107, 1426, 10630, 3958, 87107, 72521, 22006, 52713
13734.7, 1080, 1426, 10630, 3958, 87107, 72521, 22006, 52695
13737.0, 25, 1426, 10630, 3958, 87107, 72521, 22006, 52695
13742.7, 1117, 1079, 9419, 3105, 82828, 71729, 21026, 52706
13746.4, 1035, 1079, 9419, 3105, 82828, 71729, 21026, 52701
13750.7, 1087, 1270, 7811, 3105, 77101, 71090, 15321, 52701
13754.5, 1028, 1270, 7811, 3105, 77101, 71090, 15321, 52651
13756.8, 25, 1270, 7811, 3105, 77101, 71090, 15321, 52651
13761.0, 1113, 1398, 8371, 2405, 69957, 71357, 9467, 52651
13764.7, 1107, 1398, 8371, 2405, 69957, 71357, 9467, 52693
13768.9, 1089, 833, 8371, 2405, 69957, 71357, 9467, 52693
13772.7, 1010, 833, 8371, 2405, 69957, 71357, 9467, 52674
13776.4, 1049, 833, 8371, 2405, 69957, 71357, 9467, 52672
13780.7, 1104, 739, 8257, 2750, 60721, 60734, 809, 52672
13784.5, 1059, 739, 8257, 2750, 60721, 60734, 809, 52633
13788.7, 1081, 896, 8684, 2750, 60721, 60734, 809, 52633
13792.4, 1032, 896, 8684, 2750, 60721, 60734, 809, 52664
13796.2, 1063, 896, 8684, 2750, 60721, 60734, 809, 52651
13800.5, 1089, 441, 8044, 3022, 50269, 47618, 4545, 52651
13804.3, 1051, 441, 8044, 3022, 50269, 47618, 4545, 52651
13808.5, 1064, 172, 8044, 3022, 50269, 47618, 4545, 52651
13812.2, 1051, 172, 8044, 3022, 50269, 47618, 4545, 52655
13816.0, 1077, 172, 8044, 3022, 50269, 47618, 4545, 52622
13820.3, 1093, 460, 9257, 2924, 44437, 32585, 4729, 52622
13824.1, 1052, 460, 9257, 2924, 44437, 32585, 4729, 52615
13828.3, 1058, 460, 9257, 2924, 44437, 32585, 4729, 52615
13832.0, 1059, 460, 9257, 2924, 44437, 32585, 4729, 53052
13835.8, 1073, 460, 9257, 2924, 44437, 32585, 4729, 53081
13840.0, 1064, 1056, 10451, 2906, 40898, 20470, 5643, 53081
13843.8, 1045, 1056, 10451, 2906, 40898, 20470, 5643, 53098
13848.0, 1070, 1056, 10451, 2906, 40898, 20470, 5643, 53098
13851.7, 1025, 1056, 10451, 2906, 40898, 20470, 5643, 53138
13854.0, 24, 1056, 10451, 2906, 40898, 20470, 5643, 53138
13859.7, 1152, 1289, 11123, 2891, 37231, 21275, 4458, 53159
13862.0, 29, 1289, 11123, 2891, 37231, 21275, 4458, 53159
13867.7, 1082, 1226, 11310, 3072, 33088, 25799, 2296, 53188
13871.5, 1004, 1226, 11310, 3072, 33088, 25799, 2296, 53225
13875.7, 1096, 1000, 11049, 2860, 29597, 29715, -796, 53225
13879.5, 1052, 1000, 11049, 2860, 29597, 29715, -796, 53253
13881.8, 27, 1000, 11049, 2860, 29597, 29715, -796, 53253
13886.0, 1105, 812, 9711, 2446, 25178, 29151, -4379, 53253
13889.8, 1089, 812, 9711, 2446, 25178, 29151, -4379, 53323
13892.1, 27, 812, 9711, 2446, 25178, 29151, -4379, 53323
13897.8, 1110, 611, 9145, 2046, 20755, 25152, -7595, 53322
13901.5, 1039, 611, 9145, 2046, 20755, 25152, -7595, 53355
13905.8, 1091, 683, 9175, 2083, 17421, 19499, -7074, 53355
13909.6, 1036, 683, 9175, 2083, 17421, 19499, -7074, 53373
13911.8, 24, 683, 9175, 2083, 17421, 19499, -7074, 53373
13916.1, 1123, 732, 9449, 2084, 14468, 13707, -4340, 53373
13919.9, 1047, 732, 9449, 2084, 14468, 13707, -4340, 53408
13924.2, 1056, 879, 9505, 2080, 10158, 8500, -3539, 53408
13927.9, 1046, 879, 9505, 2080, 10158, 8500, -3539, 53443
13931.7, 1027, 879, 9505, 2080, 10158, 8500, -3539, 53496
13935.9, 1126, 838, 9814, 2187, 7520, 3780, -4760, 53496
13939.6, 1060, 838, 9814, 2187, 7520, 3780, -4760, 53484
13943.9, 1077, 838, 9710, 1684, 4725, -2073, -2121, 53484
13947.6, 1018, 838, 9710, 1684, 4725, -2073, -2121, 53491
13951.4, 1057, 838, 9710, 1684, 4725, -2073, -2121, 53516
13955.7, 1080, 961, 9688, 2210, -8, -4834, -1767, 53516
13959.4, 1076, 961, 9688, 2210, -8, -4834, -1767, 53544
13963.6, 1079, 1089, 9690, 2428, -1964, -9126, -1662, 53544
13967.4, 1022, 1089, 9690, 2428, -1964, -9126, -1662, 53559
13971.1, 1074, 1089, 9690, 2428, -1964, -9126, -1662, 53609
13975.4, 1096, 1059, 9772, 2572, -3718, -14035, -629, 53609
13979.2, 1036, 1059, 9772, 2572, -3718, -14035, -629, 53585
13983.4, 1077, 934, 9817, 2605, -5967, -17408, 275, 53585
13987.1, 1006, 934, 9817, 2605, -5967, -17408, 275, 53608
13990.9, 1081, 934, 9817, 2605, -5967, -17408, 275, 53636
13995.2, 1089, 856, 9823, 2606, -9152, -18322, -104, 53636
13999.0, 1034, 856, 9823, 2606, -9152, -18322, -104, 53639
14003.2, 1059, 719, 10006, 2791, -12005, -18086, -1343, 53639
14006.9, 1015, 719, 10006, 2791, -12005, -18086, -1343, 53683
14010.7, 1085, 719, 10006, 2791, -12005, -18086, -1343, 53706
14015.0, 1087, 505, 9976, 2724, -15942, -18642, -2533, 53706
14018.8, 1030, 505, 9976, 2724, -15942, -18642, -2533, 53723
14023.0, 1057, 680, 10002, 2586, -20759, -20527, -3342, 53723
14026.7, 1044, 680, 10002, 2586, -20759, -20527, -3342, 53746
14031.0, 1099, 728, 10063, 2736, -23297, -20549, -5687, 53746
14034.7, 1075, 728, 10063, 2736, -23297, -20549, -5687, 53753
14037.0, 26, 728, 10063, 2736, -23297, -20549, -5687, 53753
14042.7, 1140, 700, 9865, 2733, -26399, -23892, -7297, 53771
14046.4, 1071, 700, 9865, 2733, -26399, -23892, -7297, 53786
14050.7, 1088, 717, 9467, 2595, -30069, -26184, -8111, 53786
14054.5, 1038, 717, 9467, 2595, -30069, -26184, -8111, 53792
14056.7, 26, 717, 9467, 2595, -30069, -26184, -8111, 53792
14061.0, 1104, 638, 9256, 2398, -32476, -27348, -9336, 53792
14064.7, 1056, 638, 9256, 2398, -32476, -27348, -9336, 53794
14067.0, 24, 638, 9256, 2398, -32476, -27348, -9336, 53794
14072.7, 1138, 547, 9122, 2566, -35984, -27304, -9507, 53792
14076.4, 1072, 547, 9122, 2566, -35984, -27304, -9507, 53808
14080.7, 1071, 490, 9001, 2806, -37962, -28166, -9082, 53808
14084.5, 1055, 490, 9001, 2806, -37962, -28166, -9082, 53799
14086.8, 27, 490, 9001, 2806, -37962, -28166, -9082, 53799
14091.0, 1132, 369, 9134, 2662, -40018, -30117, -9047, 53799
14094.7, 1080, 369, 9134, 2662, -40018, -30117, -9047, 53803
14098.9, 1084, 252, 8899, 2731, -44459, -31115, -9633, 53803
14102.7, 1035, 252, 8899, 2731, -44459, -31115, -9633, 53751
14106.4, 1074, 252, 8899, 2731, -44459, -31115, -9633, 53816
14110.7, 1092, 412, 8914, 2962, -47263, -31959, -12390, 53816
14114.5, 1048, 412, 8914, 2962, -47263, -31959, -12390, 53815
14118.7, 1069, 495, 9181, 2929, -49245, -32126, -16367, 53815
14122.4, 1062, 495, 9181, 2929, -49245, -32126, -16367, 53819
14126.2, 1095, 495, 9181, 2929, -49245, -32126, -16367, 53817
14130.4, 1081, 665, 9729, 3138, -54176, -33289, -21726, 53817
14134.2, 1048, 665, 9729, 3138, -54176, -33289, -21726, 53815
14138.4, 1107, 789, 10237, 3361, -59094, -33320, -25939, 53815
14142.1, 1061, 789, 10237, 3361, -59094, -33320, -25939, 53833
14145.9, 1059, 789, 10237, 3361, -59094, -33320, -25939, 53842
14150.1, 1120, 746, 10572, 3604, -62904, -31933, -26810, 53842
14153.8, 1053, 746, 10572, 3604, -62904, -31933, -26810, 53848
14158.0, 1100, 537, 10146, 3599, -68303, -30848, -27860, 53848
14161.8, 1038, 537, 10146, 3599, -68303, -30848, -27860, 53839
14164.1, 23, 537, 10146, 3599, -68303, -30848, -27860, 53839
14169.9, 1095, 677, 9789, 3499, -73339, -32218, -25721, 53846
14173.6, 1035, 677, 9789, 3499, -73339, -32218, -25721, 53866
14177.8, 1114, 735, 9394, 3866, -76331, -34641, -20698, 53866
14181.6, 1034, 735, 9394, 3866, -76331, -34641, -20698, 53858
14183.9, 24, 735, 9394, 3866, -76331, -34641, -20698, 53858
14189.6, 1133, 659, 8952, 3935, -79433, -38093, -15745, 53863
14191.8, 27, 659, 8952, 3935, -79433, -38093, -15745, 53863
14196.1, 1080, 765, 8621, 4166, -84395, -41650, -12665, 53863
14199.9, 1030, 765, 8621, 4166, -84395, -41650, -12665, 53861
14202.2, 26, 765, 8621, 4166, -84395, -41650, -12665, 53861
14207.9, 1122, 827, 8726, 4294, -88407, -44446, -11812, 53857
14211.7, 1036, 827, 8726, 4294, -88407, -44446, -11812, 53869
14215.9, 1085, 525, 7794, 4010, -92720, -44743, -12950, 53869
14219.7, 1036, 525, 7794, 4010, -92720, -44743, -12950, 53902
14222.0, 24, 525, 7794, 4010, -92720, -44743, -12950, 53902
14227.7, 1127, 422, 7104, 4476, -93757, -40898, -14420, 53873
14231.5, 1079, 422, 7104, 4476, -93757, -40898, -14420, 53879
14235.7, 1101, 258, 7275, 4376, -93175, -37415, -14293, 53879
14239.5, 1017, 258, 7275, 4376, -93175, -37415, -14293, 53887
14241.7, 26, 258, 7275, 4376, -93175, -37415, -14293, 53887
14246.0, 1091, 467, 7458, 4389, -95507, -35070, -11208, 53887
14249.8, 1043, 467, 7458, 4389, -95507, -35070, -11208, 53886
14254.1, 1088, 777, 7704, 5096, -95652, -35862, -7520, 53886
14257.8, 1051, 777, 7704, 5096, -95652, -35862, -7520, 53890
14261.5, 1066, 777, 7704, 5096, -95652, -35862, -7520, 53865
14265.8, 1092, 2004, 9291, 3515, -93079, -31364, 6081, 53865
14269.6, 1028, 2004, 9291, 3515, -93079, -31364, 6081, 53893
14273.8, 1070, 1003, 7520, 4862, -91937, -23787, 17281, 53893
14277.6, 1041, 1003, 7520, 4862, -91937, -23787, 17281, 53905
14281.4, 1068, 1003, 7520, 4862, -91937, -23787, 17281, 53912
14285.6, 1089, 1109, 7525, 5782, -89492, -24255, 15684, 53912
14289.4, 1020, 1109, 7525, 5782, -89492, -24255, 15684, 53878
14293.6, 1076, 518, 7402, 5324, -93959, -25690, 8785, 53878
14297.3, 1053, 518, 7402, 5324, -93959, -25690, 8785, 53896
14301.1, 1065, 518, 7402, 5324, -93959, -25690, 8785, 53891
14305.4, 1090, 290, 7813, 5052, -102700, -20142, 3745, 53891
14309.2, 1013, 290, 7813, 5052, -102700, -20142, 3745, 53903
14313.4, 1083, 482, 8258, 6098, -106454, -16826, 3762, 53903
14317.1, 1067, 482, 8258, 6098, -106454, -16826, 3762, 53891
14320.9, 1074, 482, 8258, 6098, -106454, -16826, 3762, 53843
14325.2, 1076, 409, 8575, 6957, -111555, -21792, 8754, 53843
14329.0, 1016, 409, 8575, 6957, -111555, -21792, 8754, 53830
14333.2, 1076, 169, 8556, 5860, -118280, -29444, 16743, 53830
14336.9, 1051, 169, 8556, 5860, -118280, -29444, 16743, 53784
14342.7, 1124, 169, 8556, 5860, -118280, -29444, 16743, 53762
14346.4, 1038, 169, 8556, 5860, -118280, -29444, 16743, 53713
14348.7, 24, 169, 8556, 5860, -118280, -29444, 16743, 53713
14354.4, 1106, 99, 7439, 6912, -116180, -44424, 25388, 53655
14356.7, 27, 99, 7439, 6912, -116180, -44424, 25388, 53655
14360.9, 1092, 99, 7439, 6912, -116180, -44424, 25388, 53655
14364.7, 1021, 99, 7439, 6912, -116180, -44424, 25388, 53614
14367.0, 23, 99, 7439, 6912, -116180, -44424, 25388, 53614
14372.7, 1148, -99, 7473, 7402, -120655, -81835, 21993, 53536
14376.4, 1064, -99, 7473, 7402, -120655, -81835, 21993, 53497
14380.7, 1057, 238, 7442, 7280, -130753, -81835, 21993, 53497
14384.5, 1041, 238, 7442, 7280, -130753, -81835, 21993, 53440
14386.8, 24, 238, 7442, 7280, -130753, -81835, 21993, 53440
14391.0, 1096, 1057, 7004, 6410, -135771, -90791, 26727, 53440
14394.8, 1024, 1057, 7004, 6410, -135771, -90791, 26727, 52282
14397.1, 24, 1057, 7004, 6410, -135771, -90791, 26727, 52282
14402.8, 1157, 1771, 6079, 5656, -121101, -77255, 27081, 53334
14406.5, 1044, 1771, 6079, 5656, -121101, -77255, 27081, 52179
14410.8, 1050, 2270, 5590, 5642, -122020, -62637, 26539, 52179
14414.6, 1003, 2270, 5590, 5642, -122020, -62637, 26539, 52141
14418.8, 1045, 1984, 5544, 6110, -122020, -62637, 26539, 52141
14422.6, 1071, 1984, 5544, 6110, -122020, -62637, 26539, 52137
14426.4, 1013, 1984, 5544, 6110, -122020, -62637, 26539, 52132
14430.7, 1042, 1462, 5547, 6628, -126365, -64287, 31421, 52132
14434.4, 1020, 1462, 5547, 6628, -126365, -64287, 31421, 52136
14438.7, 1072, 1100, 5620, 7684, -126365, -64287, 31421, 52136
14442.4, 1075, 1100, 5620, 7684, -126365, -64287, 31421, 52179
14446.2, 1044, 1100, 5620, 7684, -126365, -64287, 31421, 52221
14450.4, 1071, 1277, 5438, 7658, -120625, -69108, 28779, 52221
14454.1, 1053, 1277, 5438, 7658, -120625, -69108, 28779, 52289
14458.3, 1083, 1478, 4750, 5746, -120625, -69108, 28779, 52289
14462.1, 1047, 1478, 4750, 5746, -120625, -69108, 28779, 52277
14465.8, 1058, 1478, 4750, 5746, -120625, -69108, 28779, 52282
14470.1, 1074, 2270, 4110, 5956, -114499, -53450, 15330, 52282
14473.8, 1025, 2270, 4110, 5956, -114499, -53450, 15330, 52315
14478.1, 1066, 2909, 4372, 7967, -114499, -53450, 15330, 52315
14481.8, 1033, 2909, 4372, 7967, -114499, -53450, 15330, 52312
14484.1, 24, 2909, 4372, 7967, -114499, -53450, 15330, 52312
14489.9, 1085, 3104, 4390, 7846, -114990, -50059, 21079, 52361
14493.6, 1030, 3104, 4390, 7846, -114990, -50059, 21079, 52372
14497.8, 1066, 2810, 3949, 7023, -114990, -50059, 21079, 52372
14501.6, 1040, 2810, 3949, 7023, -114990, -50059, 21079, 52372
14503.9, 25, 2810, 3949, 7023, -114990, -50059, 21079, 52372
14509.6, 1124, 2439, 3285, 7699, -112833, -45636, 23017, 52400
14511.9, 25, 2439, 3285, 7699, -112833, -45636, 23017, 52400
14516.1, 1094, 1997, 3147, 6769, -113235, -40351, 21315, 52400
14519.9, 1033, 1997, 3147, 6769, -113235, -40351, 21315, 52393
14522.1, 23, 1997, 3147, 6769, -113235, -40351, 21315, 52393
14527.9, 1177, 2212, 3090, 7231, -112544, -30905, 16187, 52416
14531.6, 1062, 2212, 3090, 7231, -112544, -30905, 16187, 52433
14535.9, 1058, 2641, 3214, 9068, -109451, -27956, 12013, 52433
14539.6, 1041, 2641, 3214, 9068, -109451, -27956, 12013, 52439
14541.9, 22, 2641, 3214, 9068, -109451, -27956, 12013, 52439
14546.1, 1094, 3021, 2931, 7460, -108707, -26237, 12407, 52439
14549.9, 1027, 3021, 2931, 7460, -108707, -26237, 12407, 52467
14552.1, 23, 3021, 2931, 7460, -108707, -26237, 12407, 52467
14557.9, 1155, 3757, 2467, 6861, -106432, -16257, 12871, 52474
14561.7, 1043, 3757, 2467, 6861, -106432, -16257, 12871, 52516
14565.9, 1099, 3951, 2626, 7413, -106340, -5013, 13505, 52516
14569.6, 1018, 3951, 2626, 7413, -106340, -5013, 13505, 52515
14573.9, 1065, 3759, 2815, 8365, -107968, -1168, 15653, 52515
14577.7, 1069, 3759, 2815, 8365, -107968, -1168, 15653, 52543
14581.4, 1050, 3759, 2815, 8365, -107968, -1168, 15653, 52539
14585.7, 1064, 3527, 2739, 8589, -108248, -1098, 18497, 52539
14589.4, 1064, 3527, 2739, 8589, -108248, -1098, 18497, 52534
14593.6, 1088, 3549, 2898, 9001, -111643, -6098, 22273, 52534
14597.4, 1041, 3549, 2898, 9001, -111643, -6098, 22273, 52546
14601.2, 1039, 3549, 2898, 9001, -111643, -6098, 22273, 52550
14605.5, 1042, 3467, 2968, 10205, -114710, -23345, 27593, 52550
14609.2, 1054, 3467, 2968, 10205, -114710, -23345, 27593, 52547
14613.4, 1099, 2720, 2064, 9523, -116127, -41427, 32834, 52547
14617.2, 1046, 2720, 2064, 9523, -116127, -41427, 32834, 52568
14620.9, 1055, 2720, 2064, 9523, -116127, -41427, 32834, 52538
14625.2, 1071, 2194, 878, 6214, -114259, -37853, 35442, 52538
14629.0, 1033, 2194, 878, 6214, -114259, -37853, 35442, 52526
14633.2, 1093, 3014, 710, 7349, -108768, -23126, 30958, 52526
14636.9, 1028, 3014, 710, 7349, -108768, -23126, 30958, 52524
14640.7, 1052, 3014, 710, 7349, -108768, -23126, 30958, 52524
14645.0, 1068, 3257, 969, 8553, -106379, -16327, 27492, 52524
14648.7, 1060, 3257, 969, 8553, -106379, -16327, 27492, 52525
14652.9, 1126, 3253, 820, 7326, -103151, -8378, 26998, 52525
14656.6, 1022, 3253, 820, 7326, -103151, -8378, 26998, 52525
14658.9, 26, 3253, 820, 7326, -103151, -8378, 26998, 52525
14664.6, 1111, 3638, 956, 7700, -101282, 2305, 26889, 52525
14668.3, 1074, 3638, 956, 7700, -101282, 2305, 26889, 52533
14674.1, 1121, 4155, 1437, 9252, -104012, 1067, 26915, 52547
14676.3, 26, 4155, 1437, 9252, -104012, 1067, 26915, 52547
14678.6, 9, 4155, 1437, 9252, -104012, 1067, 26915, 52547
14684.3, 1119, 3988, 1737, 9353, -109993, -9165, 29413, 52578
14686.6, 26, 3988, 1737, 9353, -109993, -9165, 29413, 52578
14690.8, 1080, 3130, 1411, 9174, -112316, -14074, 32708, 52578
14694.6, 1046, 3130, 1411, 9174, -112316, -14074, 32708, 52603
14696.9, 25, 3130, 1411, 9174, -112316, -14074, 32708, 52603
14702.6, 1151, 2046, 874, 8407, -113594, -15006, 35648, 52636
14706.4, 1030, 2046, 874, 8407, -113594, -15006, 35648, 52607
14710.6, 1046, 2161, 393, 7948, -112994, -8229, 37551, 52607
14714.4, 1035, 2161, 393, 7948, -112994, -8229, 37551, 52617
14716.7, 23, 2161, 393, 7948, -112994, -8229, 37551, 52617
14721.0, 1074, 2723, -187, 9419, -110632, -3425, 36059, 52617
14724.7, 1034, 2723, -187, 9419, -110632, -3425, 36059, 52619
14727.0, 23, 2723, -187, 9419, -110632, -3425, 36059, 52619
14732.7, 1170, 3153, -538, 8589, -111918, -5836, 33806, 52628
14736.4, 1040, 3153, -538, 8589, -111918, -5836, 33806, 52626
14740.7, 1054, 3742, -471, 7152, -112793, -1574, 32651, 52626
14744.5, 1049, 3742, -471, 7152, -112793, -1574, 32651, 52583
14748.7, 1103, 3865, -232, 8035, -112535, 10767, 32813, 52583
14752.5, 1057, 3865, -232, 8035, -112535, 10767, 32813, 52636
14756.2, 1051, 3865, -232, 8035, -112535, 10767, 32813, 52641
14760.5, 1065, 3845, -436, 9262, -114263, 18909, 34269, 52641
14764.2, 1023, 3845, -436, 9262, -114263, 18909, 34269, 52638
14768.5, 1075, 3838, -1169, 9714, -114841, 18493, 34024, 52638
14772.3, 1037, 3838, -1169, 9714, -114841, 18493, 34024, 52638
14776.1, 1048, 3838, -1169, 9714, -114841, 18493, 34024, 52635
14780.4, 1065, 3235, -1558, 8862, -118380, 14608, 35818, 52635
14784.1, 1077, 3235, -1558, 8862, -118380, 14608, 35818, 52636
14788.3, 1108, 3038, -1684, 7350, -117575, 18602, 40469, 52636
14792.1, 1040, 3038, -1684, 7350, -117575, 18602, 40469, 52656
14795.8, 1047, 3038, -1684, 7350, -117575, 18602, 40469, 52668
14800.1, 1083, 3192, -2056, 10454, -115178, 22452, 42600, 52668
14803.8, 1073, 3192, -2056, 10454, -115178, 22452, 42600, 52683
14808.1, 1085, 2895, -2358, 10993, -117641, 2336, 40994, 52683
14811.8, 1016, 2895, -2358, 10993, -117641, 2336, 40994, 52672
14814.1, 26, 2895, -2358, 10993, -117641, 2336, 40994, 52672
14819.9, 1121, 2173, -2495, 7076, -119522, -10443, 39660, 52703
14824.0, 693, 2173, -2495, 7076, -119522, -10443, 39660, 52698
14828.2, 1102, 2631, -2649, 7153, -115304, 5088, 38334, 52698
14832.0, 1056, 2631, -2649, 7153, -115304, 5088, 38334, 52707
14837.7, 1163, 3524, -2770, 9303, -114176, 18244, 35626, 52723
14841.4, 1042, 3524, -2770, 9303, -114176, 18244, 35626, 52724
14845.6, 1086, 3383, -2903, 9386, -116726, 22535, 33661, 52724
14849.4, 1063, 3383, -2903, 9386, -116726, 22535, 33661, 52734
14851.7, 25, 3383, -2903, 9386, -116726, 22535, 33661, 52734
14855.9, 1075, 2748, -3278, 8505, -116490, 28144, 35403, 52734
14859.7, 1081, 2748, -3278, 8505, -116490, 28144, 35403, 52748
14862.0, 24, 2748, -3278, 8505, -116490, 28144, 35403, 52748
14867.7, 1155, 2730, -3725, 9217, -114040, 29330, 36194, 52729
14871.4, 1038, 2730, -3725, 9217, -114040, 29330, 36194, 52737
14875.7, 1070, 2594, -3606, 9725, -113156, 18878, 34248, 52737
14879.5, 1033, 2594, -3606, 9725, -113156, 18878, 34248, 52728
14881.7, 23, 2594, -3606, 9725, -113156, 18878, 34248, 52728
14886.0, 1077, 2295, -3151, 7962, -115383, 10644, 33272, 52728
14889.7, 1041, 2295, -3151, 7962, -115383, 10644, 33272, 52738
14894.0, 1092, 2295, -3151, 7962, -117435, 9861, 32939, 52738
14897.7, 1062, 2295, -3151, 7962, -117435, 9861, 32939, 52744
14901.4, 1039, 2295, -3151, 7962, -117435, 9861, 32939, 52728
14905.7, 1072, 3821, -2973, 8775, -119977, 7420, 32279, 52728
14909.5, 1060, 3821, -2973, 8775, -119977, 7420, 32279, 52747
14913.7, 1082, 3821, -2973, 8775, -123902, 4948, 34007, 52747
14917.4, 1034, 3821, -2973, 8775, -123902, 4948, 34007, 52755
14921.2, 1032, 3821, -2973, 8775, -123902, 4948, 34007, 52757
14925.5, 1074, 3828, -4660, 8569, -121403, 9760, 36811, 52757
14929.3, 1067, 3828, -4660, 8569, -121403, 9760, 36811, 52704
14933.5, 1083, 3828, -4660, 8569, -118021, 18103, 38181, 52704
14937.2, 1062, 3828, -4660, 8569, -118021, 18103, 38181, 52767
14941.0, 1055, 3828, -4660, 8569, -118021, 18103, 38181, 52767
14945.2, 1090, 2201, -5647, 8569, -114556, 21092, 37214, 52767
14949.0, 1061, 2201, -5647, 8569, -114556, 21092, 37214, 52814
14953.2, 1113, 2201, -5647, 8569, -111179, 16305, 33618, 52814
14956.9, 1036, 2201, -5647, 8569, -111179, 16305, 33618, 52785
14960.7, 1038, 2201, -5647, 8569, -111179, 16305, 33618, 52791
14964.9, 1093, 1009, -5662, 7713, -109407, 14337, 29641, 52791
14968.6, 1074, 1009, -5662, 7713, -109407, 14337, 29641, 52789
14972.9, 1097, 1009, -5662, 7713, -109949, 9550, 27527, 52789
14976.6, 1013, 1009, -5662, 7713, -109949, 9550, 27527, 52740
14978.9, 23, 1009, -5662, 7713, -109949, 9550, 27527, 52740
14984.7, 1101, 2937, -5854, 7404, -109704, 5000, 25869, 52786
14988.4, 1070, 2937, -5854, 7404, -109704, 5000, 25869, 52785
14994.1, 1135, 2937, -5854, 7404, -108217, 7783, 25659, 52789
14996.4, 26, 2937, -5854, 7404, -108217, 7783, 25659, 52789
14998.7, 4, 2937, -5854, 7404, -108217, 7783, 25659, 52789
15004.4, 1155, 3946, -5922, 8471, -107661, 10381, 26779, 52767
15006.6, 24, 3946, -5922, 8471, -107661, 10381, 26779, 52767
15010.9, 1052, 4085, -5885, 8471, -107661, 10381, 26779, 52767
15014.7, 1047, 4085, -5885, 8471, -107661, 10381, 26779, 52757
15017.0, 22, 4085, -5885, 8471, -107661, 10381, 26779, 52757
15022.7, 1126, 3634, -5913, 7918, -107158, 11300, 29326, 52784
15026.5, 999, 3634, -5913, 7918, -107158, 11300, 29326, 52763
15030.7, 1073, 3317, -6246, 8556, -104826, 12289, 33307, 52763
15034.5, 1023, 3317, -6246, 8556, -104826, 12289, 33307, 52762
15036.8, 20, 3317, -6246, 8556, -104826, 12289, 33307, 52762
15041.1, 1027, 2587, -6770, 8892, -101816, 10307, 36759, 52762
15044.9, 1031, 2587, -6770, 8892, -101816, 10307, 36759, 52760
15047.1, 23, 2587, -6770, 8892, -101816, 10307, 36759, 52760
15052.9, 1119, 1378, -6763, 8623, -100504, 1706, 32686, 52744
15056.7, 997, 1378, -6763, 8623, -100504, 1706, 32686, 52754
15060.9, 1082, 1201, -6770, 8453, -100919, 1706, 32686, 52754
15064.6, 1085, 1201, -6770, 8453, -100919, 1706, 32686, 52758
15068.8, 1073, 1624, -6778, 8081, -102757, 1006, 28704, 52758
15072.6, 1019, 1624, -6778, 8081, -102757, 1006, 28704, 52782
15076.3, 1006, 1624, -6778, 8081, -102757, 1006, 28704, 52761
15080.6, 1052, 2298, -6729, 7170, -103369, 3045, 26687, 52761
15084.4, 1042, 2298, -6729, 7170, -103369, 3045, 26687, 52780
15088.6, 1055, 2812, -6669, 7164, -103365, 9410, 25703, 52780
15092.4, 1011, 2812, -6669, 7164, -103365, 9410, 25703, 52781
15096.1, 1037, 2812, -6669, 7164, -103365, 9410, 25703, 52765
15100.4, 1050, 2977, -6653, 7578, -102892, 12197, 25567, 52765
15104.2, 1043, 2977, -6653, 7578, -102892, 12197, 25567, 52757
15108.4, 1050, 2718, -6805, 7920, -103199, 12197, 25651, 52757
15112.1, 1008, 2718, -6805, 7920, -103199, 12197, 25651, 52731
15115.9, 1039, 2718, -6805, 7920, -103199, 12197, 25651, 52744
15120.2, 1059, 2288, -7043, 8079, -103400, 10154, 27562, 52744
15124.0, 1031, 2288, -7043, 8079, -103400, 10154, 27562, 52761
15128.2, 1046, 2206, -7353, 7511, -102814, 7656, 27562, 52761
15131.9, 966, 2206, -7353, 7511, -102814, 7656, 27562, 52755
15135.7, 1031, 2206, -7353, 7511, -102814, 7656, 27562, 52769
15140.0, 1091, 1705, -7518, 7314, -101226, 8890, 27081, 52769
15143.8, 1033, 1705, -7518, 7314, -101226, 8890, 27081, 52746
15148.0, 1041, 1517, -7445, 6806, -101037, 11523, 27081, 52746
15151.7, 980, 1517, -7445, 6806, -101037, 11523, 27081, 52749
15156.0, 1035, 1741, -7645, 7007, -102227, 14901, 25922, 52749
15159.7, 1061, 1741, -7645, 7007, -102227, 14901, 25922, 52741
15162.0, 24, 1741, -7645, 7007, -102227, 14901, 25922, 52741
15167.7, 1128, 1969, -8076, 6992, -101562, 16979, 25589, 52721
15171.4, 1008, 1969, -8076, 6992, -101562, 16979, 25589, 52740
15175.7, 1054, 2162, -7856, 6273, -102359, 16288, 24058, 52740
15179.5, 1028, 2162, -7856, 6273, -102359, 16288, 24058, 52744
15181.8, 22, 2162, -7856, 6273, -102359, 16288, 24058, 52744
15186.0, 1073, 2440, -7696, 6392, -104310, 15220, 21625, 52744
15189.7, 1046, 2440, -7696, 6392, -104310, 15220, 21625, 52701
15192.0, 24, 2440, -7696, 6392, -104310, 15220, 21625, 52701
15197.7, 1132, 2248, -7969, 6377, -104441, 12700, 19700, 52751
15201.4, 1022, 2248, -7969, 6377, -104441, 12700, 19700, 52744
15205.7, 1039, 1998, -8012, 6223, -103190, 8561, 18909, 52744
15209.5, 1008, 1998, -8012, 6223, -103190, 8561, 18909, 52752
15211.8, 23, 1998, -8012, 6223, -103190, 8561, 18909, 52752
15216.0, 1053, 1874, -7790, 5746, -101654, 7035, 19399, 52752
15219.7, 1083, 1874, -7790, 5746, -101654, 7035, 19399, 52714
15223.9, 1046, 1545, -8297, 5548, -97126, 9362, 22185, 52714
15227.7, 1005, 1545, -8297, 5548, -97126, 9362, 22185, 52735
15231.4, 1015, 1545, -8297, 5548, -97126, 9362, 22185, 52725
15235.7, 1039, 744, -8640, 5110, -94195, 13698, 23699, 52725
15239.5, 1043, 744, -8640, 5110, -94195, 13698, 23699, 52742
15243.7, 1023, 710, -8995, 4733, -91907, 18760, 21687, 52742
15247.4, 1010, 710, -8995, 4733, -91907, 18760, 21687, 52739
15251.2, 1024, 710, -8995, 4733, -91907, 18760, 21687, 52698
15255.4, 1030, 556, -9552, 4810, -88275, 21118, 19320, 52698
15259.2, 1037, 556, -9552, 4810, -88275, 21118, 19320, 52698
15263.4, 1059, 823, -9518, 4074, -85821, 20851, 17250, 52698
15267.1, 995, 823, -9518, 4074, -85821, 20851, 17250, 52679
15270.9, 1006, 823, -9518, 4074, -85821, 20851, 17250, 52665
15275.1, 1065, 1317, -9311, 4460, -84338, 23988, 14310, 52665
15278.8, 1034, 1317, -9311, 4460, -84338, 23988, 14310, 52651
15283.0, 1046, 1743, -9533, 5151, -82920, 25961, 13820, 52651
15286.8, 970, 1743, -9533, 5151, -82920, 25961, 13820, 52649
15289.1, 22, 1743, -9533, 5151, -82920, 25961, 13820, 52649
15294.9, 1056, 1820, -9575, 5177, -81704, 24535, 13952, 52634
15298.6, 1000, 1820, -9575, 5177, -81704, 24535, 13952, 52616
15302.9, 1005, 1921, -9611, 5197, -79005, 23629, 13357, 52616
15306.6, 969, 1921, -9611, 5197, -79005, 23629, 13357, 52608
15308.9, 22, 1921, -9611, 5197, -79005, 23629, 13357, 52608
15314.6, 1106, 1622, -9153, 5346, -78309, 26674, 12766, 52559
15316.9, 26, 1622, -9153, 5346, -78309, 26674, 12766, 52559
15322.6, 1090, 1183, -8965, 5502, -78873, 29137, 13112, 52591
15326.3, 936, 1183, -8965, 5502, -78873, 29137, 13112, 52579
15330.6, 1016, 777, -9317, 5298, -78646, 30695, 14057, 52579
15334.3, 1025, 777, -9317, 5298, -78646, 30695, 14057, 52567
15336.6, 23, 777, -9317, 5298, -78646, 30695, 14057, 52567
15340.9, 1004, 558, -9380, 4697, -78375, 32379, 13186, 52567
15344.6, 1001, 558, -9380, 4697, -78375, 32379, 13186, 52561
15346.9, 24, 558, -9380, 4697, -78375, 32379, 13186, 52561
15352.6, 1095, 363, -9408, 4966, -77622, 33110, 12048, 52526
15356.3, 966, 363, -9408, 4966, -77622, 33110, 12048, 52535
15360.6, 1030, 697, -9527, 4878, -78401, 32712, 11257, 52535
15364.3, 984, 697, -9527, 4878, -78401, 32712, 11257, 52529
15366.6, 23, 697, -9527, 4878, -78401, 32712, 11257, 52529
15370.9, 1020, 909, -9756, 4787, -78589, 31203, 10211, 52529
15374.6, 987, 909, -9756, 4787, -78589, 31203, 10211, 52513
15376.9, 25, 909, -9756, 4787, -78589, 31203, 10211, 52513
15382.6, 1070, 972, -9601, 4450, -78147, 31522, 8732, 52749
15386.4, 975, 972, -9601, 4450, -78147, 31522, 8732, 52502
15390.7, 1009, 1130, -9418, 4804, -76808, 34374, 8286, 52502
15394.4, 1014, 1130, -9418, 4804, -76808, 34374, 8286, 52462
15398.7, 1021, 821, -9215, 4783, -75693, 33237, 8452, 52462
15402.4, 981, 821, -9215, 4783, -75693, 33237, 8452, 52455
15406.2, 976, 821, -9215, 4783, -75693, 33237, 8452, 52444
15410.4, 1038, 491, -9138, 4716, -76388, 30122, 8190, 52444
15414.1, 996, 491, -9138, 4716, -76388, 30122, 8190, 52387
15418.3, 996, 358, -9598, 4411, -75194, 27125, 9235, 52387
15422.1, 955, 358, -9598, 4411, -75194, 27125, 9235, 52380
15425.8, 1016, 358, -9598, 4411, -75194, 27125, 9235, 52367
15430.1, 998, 13, -9323, 3896, -73518, 24399, 9196, 52367
15433.8, 991, 13, -9323, 3896, -73518, 24399, 9196, 52323
15438.0, 995, -156, -9476, 3729, -73706, 20029, 8693, 52323
15441.7, 958, -156, -9476, 3729, -73706, 20029, 8693, 52298
15444.0, 23, -156, -9476, 3729, -73706, 20029, 8693, 52298
15449.7, 1043, -86, -9732, 2588, -72346, 14057, 7813, 52320
15453.4, 980, -86, -9732, 2588, -72346, 14057, 7813, 52312
15459.1, 995, 449, -9862, 1794, -69729, 11642, 6741, 52305
15462.9, 922, 449, -9862, 1794, -69729, 11642, 6741, 52279
15468.6, 1050, 675, -10430, 1669, -63849, 14560, 6356, 52258
15472.3, 962, 675, -10430, 1669, -63849, 14560, 6356, 52698
15478.1, 1050, 521, -10217, 1615, -56919, 20177, 5245, 52255
15481.8, 932, 521, -10217, 1615, -56919, 20177, 5245, 52240
15486.1, 994, 521, -9987, 1976, -52737, 24762, 3985, 52240
15489.8, 966, 521, -9987, 1976, -52737, 24762, 3985, 52240
15492.1, 26, 521, -9987, 1976, -52737, 24762, 3985, 52240
15497.8, 1024, -25, -10092, 2487, -48541, 26154, 4567, 52226
15501.6, 947, -25, -10092, 2487, -48541, 26154, 4567, 52223
15505.8, 999, -25, -10001, 2130, -44205, 24657, 6094, 52223
15509.6, 974, -25, -10001, 2130, -44205, 24657, 6094, 52153
15511.9, 26, -25, -10001, 2130, -44205, 24657, 6094, 52153
15517.6, 1037, 186, -10191, 2452, -42048, 23327, 5989, 52180
15521.3, 932, 186, -10191, 2452, -42048, 23327, 5989, 52168
15525.6, 994, 150, -10281, 2626, -40316, 20610, 4895, 52168
15529.3, 939, 150, -10281, 2626, -40316, 20610, 4895, 51020
15531.6, 24, 150, -10281, 2626, -40316, 20610, 4895, 51020
15535.9, 957, 278, -10093, 2077, -38238, 19070, 3867, 51020
15539.6, 904, 278, -10093, 2077, -38238, 19070, 3867, 50977
15541.9, 25, 278, -10093, 2077, -38238, 19070, 3867, 50977
15547.7, 1002, 611, -10372, 2109, -36763, 21866, 4357, 50942
15551.5, 897, 611, -10372, 2109, -36763, 21866, 4357, 50903
15555.7, 967, 425, -10511, 2032, -33062, 26666, 4886, 50903
15559.5, 903, 425, -10511, 2032, -33062, 26666, 4886, 50884
15563.7, 974, 425, -10511, 2032, -33062, 26666, 3500, 50884
15567.4, 906, 425, -10511, 2032, -33062, 26666, 3500, 50831
15571.2, 934, 425, -10511, 2032, -33062, 26666, 3500, 50810
15575.4, 957, -10, -10327, 3118, -27554, 27899, 3075, 50810
15579.1, 929, -10, -10327, 3118, -27554, 27899, 3075, 50799
15583.3, 898, -10, -10327, 3118, -27554, 27899, 3075, 50799
15587.1, 892, -10, -10327, 3118, -27554, 27899, 3075, 50780
15590.9, 940, -10, -10327, 3118, -27554, 27899, 3075, 50770
15595.1, 930, 44, -10025, 2931, -23345, 15194, 2629, 50770
15598.9, 886, 44, -10025, 2931, -23345, 15194, 2629, 50739
15603.1, 882, 44, -10025, 2931, -23345, 15194, 2629, 50739
15606.8, 877, 44, -10025, 2931, -23345, 15194, 2629, 50724
15609.1, 21, 44, -10025, 2931, -23345, 15194, 2629, 50724
15614.9, 1018, 162, -9882, 2508, -19788, 7358, 1854, 50686
15618.6, 889, 162, -9882, 2508, -19788, 7358, 1854, 50680
15622.8, 945, 162, -9882, 2508, -19788, 7358, 1854, 50680
15626.5, 931, 162, -9882, 2508, -19788, 7358, 1854, 50653
15628.8, 22, 162, -9882, 2508, -19788, 7358, 1854, 50653
15634.5, 986, -11, -9913, 2185, -14407, 6781, 1001, 50638
15638.2, 901, -11, -9913, 2185, -14407, 6781, 1001, 50613
15643.9, 985, -11, -9913, 2185, -14407, 6781, 1001, 50617
15646.2, 25, -11, -9913, 2185, -14407, 6781, 1001, 50617
15648.4, 5, -11, -9913, 2185, -14407, 6781, 1001, 50617
15654.2, 1025, -166, -9831, 2288, -12560, 2082, 363, 50558
15656.4, 26, -166, -9831, 2288, -12560, 2082, 363, 50558
15660.7, 935, -157, -9912, 2574, -11195, 2082, 363, 50558
15664.5, 884, -157, -9912, 2574, -11195, 2082, 363, 50592
15666.7, 22, -157, -9912, 2574, -11195, 2082, 363, 50592
15671.0, 960, -117, -10019, 2316, -10062, -3355, 323, 50592
15674.8, 915, -117, -10019, 2316, -10062, -3355, 323, 50566
15677.1, 24, -117, -10019, 2316, -10062, -3355, 323, 50566
15682.8, 977, 93, -10112, 2085, -8833, -6855, -39, 50564
15686.5, 892, 93, -10112, 2085, -8833, -6855, -39, 50577
15690.8, 949, 388, -10185, 2109, -7266, -8798, -621, 50577
15694.6, 884, 388, -10185, 2109, -7266, -8798, -621, 50513
15696.8, 25, 388, -10185, 2109, -7266, -8798, -621, 50513
15701.1, 953, 350, -10272, 1687, -4458, -10775, -1395, 50513
15704.9, 911, 350, -10272, 1687, -4458, -10775, -1395, 50509
15709.1, 977, 91, -10261, 1250, -901, -10172, -2646, 50509
15712.9, 886, 91, -10261, 1250, -901, -10172, -2646, 50503
15716.6, 899, 91, -10261, 1250, -901, -10172, -2646, 50490
15720.9, 980, 64, -10342, 1344, 3290, -7581, -3478, 50490
15724.6, 905, 64, -10342, 1344, 3290, -7581, -3478, 50472
15728.8, 960, -63, -10120, 1430, 7980, -6593, -3014, 50472
15732.6, 853, -63, -10120, 1430, 7980, -6593, -3014, 50462
15736.4, 903, -63, -10120, 1430, 7980, -6593, -3014, 50458
15740.6, 987, 217, -10211, 1543, 10990, -8570, -2428, 50458
15744.4, 862, 217, -10211, 1543, 10990, -8570, -2428, 50458
15748.6, 915, 485, -10281, 1372, 14197, -8518, -1946, 50458
15752.4, 861, 485, -10281, 1372, 14197, -8518, -1946, 50452
15756.1, 903, 485, -10281, 1372, 14197, -8518, -1946, 50464
15760.4, 936, 662, -10332, 1504, 19311, -6011, -1872, 50464
15764.2, 866, 662, -10332, 1504, 19311, -6011, -1872, 50458
15768.4, 906, 692, -10518, 1658, 23804, -3561, -1395, 50458
15772.1, 875, 692, -10518, 1658, 23804, -3561, -1395, 50471
15775.9, 909, 692, -10518, 1658, 23804, -3561, -1395, 50476
15780.2, 960, 130, -10550, 1467, 29518, -96, -1907, 50476
15784.0, 879, 130, -10550, 1467, 29518, -96, -1907, 50471
15788.2, 882, -212, -10347, 1801, 34711, 2944, -3968, 50471
15792.0, 919, -212, -10347, 1801, 34711, 2944, -3968, 50485
15797.7, 1040, -151, -10098, 2408, 38850, 1115, -4396, 50475
15801.4, 887, -151, -10098, 2408, 38850, 1115, -4396, 50465
15803.7, 22, -151, -10098, 2408, 38850, 1115, -4396, 50465
15809.4, 1010, 192, -10152, 2944, 40591, -3342, -4029, 50475
15811.7, 26, 192, -10152, 2944, 40591, -3342, -4029, 50475
15815.9, 977, 352, -10637, 2765, 44498, -7962, -3285, 50475
15819.7, 900, 352, -10637, 2765, 44498, -7962, -3285, 50485
15822.0, 23, 352, -10637, 2765, 44498, -7962, -3285, 50485
15827.7, 984, 126, -10174, 2861, 47714, -7371, -5941, 50472
15831.4, 911, 126, -10174, 2861, 47714, -7371, -5941, 50478
15835.7, 988, -394, -9546, 3644, 50995, -7883, -9196, 50478
15839.5, 883, -394, -9546, 3644, 50995, -7883, -9196, 50505
15841.7, 22, -394, -9546, 3644, 50995, -7883, -9196, 50505
15846.0, 951, -521, -9616, 4067, 53323, -16598, -7533, 50505
15849.7, 882, -521, -9616, 4067, 53323, -16598, -7533, 50516
15852.0, 22, -521, -9616, 4067, 53323, -16598, -7533, 50516
15857.8, 989, 26, -10155, 3171, 54649, -26162, -4427, 50534
15861.5, 892, 26, -10155, 3171, 54649, -26162, -4427, 50504
15865.8, 964, 678, -10287, 3393, 58367, -25642, -4007, 50504
15869.6, 892, 678, -10287, 3393, 58367, -25642, -4007, 50574
15873.9, 914, 375, -10121, 3892, 62799, -22907, -6352, 50574
15877.6, 919, 375, -10121, 3892, 62799, -22907, -6352, 50591
15881.4, 913, 375, -10121, 3892, 62799, -22907, -6352, 50605
15885.7, 948, 379, -9803, 3862, 65171, -23087, -7770, 50605
15889.4, 941, 379, -9803, 3862, 65171, -23087, -7770, 50590
15893.7, 946, 468, -9610, 4052, 66501, -22789, -7743, 50590
15897.4, 951, 468, -9610, 4052, 66501, -22789, -7743, 50647
15901.2, 959, 468, -9610, 4052, 66501, -22789, -7743, 50681
15905.4, 1038, 495, -10091, 4364, 69012, -24920, -6921, 50681
15909.1, 943, 495, -10091, 4364, 69012, -24920, -6921, 50705
15913.3, 990, 570, -10079, 4642, 69847, -29221, -8220, 50705
15917.1, 948, 570, -10079, 4642, 69847, -29221, -8220, 50757
15920.8, 958, 570, -10079, 4642, 69847, -29221, -8220, 50768
15925.1, 998, 1049, -9985, 4465, 71738, -33158, -9856, 50768
15928.8, 962, 1049, -9985, 4465, 71738, -33158, -9856, 50834
15933.1, 956, 1022, -10034, 4167, 74835, -33451, -10342, 50834
15936.8, 972, 1022, -10034, 4167, 74835, -33451, -10342, 50860
15939.1, 22, 1022, -10034, 4167, 74835, -33451, -10342, 50860
15944.9, 1046, 806, -10160, 3730, 79079, -29886, -10714, 50888
15948.6, 980, 806, -10160, 3730, 79079, -29886, -10714, 50916
15952.8, 993, 798, -10131, 3967, 83948, -25069, -10972, 50916
15956.6, 1000, 798, -10131, 3967, 83948, -25069, -10972, 50966
15958.9, 23, 798, -10131, 3967, 83948, -25069, -10972, 50966
15964.6, 1086, 674, -10229, 4058, 89369, -22575, -10788, 50980
15966.9, 26, 674, -10229, 4058, 89369, -22575, -10788, 50980
15971.1, 1033, 461, -10207, 4092, 93250, -20558, -12779, 50980
15974.9, 1004, 461, -10207, 4092, 93250, -20558, -12779, 51046
15977.1, 25, 461, -10207, 4092, 93250, -20558, -12779, 51046
15982.9, 1102, 728, -9890, 4751, 96623, -18637, -14827, 51079
15986.6, 996, 728, -9890, 4751, 96623, -18637, -14827, 51127
15990.9, 1052, 1170, -9844, 5282, 97966, -18712, -15842, 51127
15994.7, 1008, 1170, -9844, 5282, 97966, -18712, -15842, 51180
15997.0, 25, 1170, -9844, 5282, 97966, -18712, -15842, 51180
16002.7, 1129, 1265, -9621, 5349, 99161, -21363, -16542, 51214
16006.4, 980, 1265, -9621, 5349, 99161, -21363, -16542, 51214
16010.7, 1014, 1200, -9494, 5182, 101265, -23336, -17605, 51214
16014.4, 960, 1200, -9494, 5182, 101265, -23336, -17605, 51272
16016.7, 24, 1200, -9494, 5182, 101265, -23336, -17605, 51272
16020.9, 1081, 1057, -9236, 4869, 103028, -22080, -17408, 51272
16024.6, 994, 1057, -9236, 4869, 103028, -22080, -17408, 51309
16028.9, 1022, 1112, -9355, 5132, 104879, -19119, -16852, 51309
16032.6, 1014, 1112, -9355, 5132, 104879, -19119, -16852, 51358
16036.4, 1002, 1112, -9355, 5132, 104879, -19119, -16852, 51353
16040.7, 1043, 961, -9327, 5105, 108173, -17565, -17347, 51353
16044.4, 1036, 961, -9327, 5105, 108173, -17565, -17347, 51430
16048.6, 1040, 782, -9037, 5598, 110251, -16988, -19079, 51430
16052.4, 1008, 782, -9037, 5598, 110251, -16988, -19079, 51481
16056.2, 1017, 782, -9037, 5598, 110251, -16988, -19079, 51573
16060.4, 1008, 1015, -9243, 5630, 112299, -19565, -19591, 51573
16064.2, 1050, 1015, -9243, 5630, 112299, -19565, -19591, 51628
16068.4, 1051, 1074, -9438, 5775, 115755, -22417, -19731, 51628
16072.2, 1014, 1074, -9438, 5775, 115755, -22417, -19731, 51651
16075.9, 1031, 1074, -9438, 5775, 115755, -22417, -19731, 52850
16080.2, 1033, 1447, -9232, 6286, 118901, -25887, -22382, 52850
16084.0, 1004, 1447, -9232, 6286, 118901, -25887, -22382, 52883
16088.2, 1052, 1550, -8814, 5708, 121626, -27751, -25112, 52883
16092.0, 1039, 1550, -8814, 5708, 121626, -27751, -25112, 52920
16095.7, 1046, 1550, -8814, 5708, 121626, -27751, -25112, 52946
16100.0, 1044, 1476, -8640, 5895, 125065, -26937, -26390, 52946
16103.7, 1012, 1476, -8640, 5895, 125065, -26937, -26390, 52972
16108.0, 1039, 1570, -8743, 6284, 127870, -23699, -27501, 52972
16111.7, 1042, 1570, -8743, 6284, 127870, -23699, -27501, 52992
16114.0, 25, 1570, -8743, 6284, 127870, -23699, -27501, 52992
16119.8, 1094, 1532, -8757, 6707, 130722, -19770, -28682, 53008
16123.5, 1029, 1532, -8757, 6707, 130722, -19770, -28682, 53038
16129.2, 1117, 1201, -8438, 6968, 132411, -16992, -30949, 53063
16131.5, 28, 1201, -8438, 6968, 132411, -16992, -30949, 53063
16135.7, 1052, 1201, -8438, 6968, 132411, -20029, -33049, 53063
16139.5, 1031, 1201, -8438, 6968, 132411, -20029, -33049, 53088
16141.8, 24, 1201, -8438, 6968, 132411, -20029, -33049, 53088
16146.0, 1072, 1115, -8075, 7418, 133850, -28337, -33289, 53088
16149.8, 1033, 1115, -8075, 7418, 133850, -28337, -33289, 53107
16152.0, 26, 1115, -8075, 7418, 133850, -28337, -33289, 53107
16157.8, 1156, 1621, -7935, 7164, 133645, -34549, -32554, 53126
16161.5, 1034, 1621, -7935, 7164, 133645, -34549, -32554, 53162
16165.8, 1065, 2132, -8055, 7164, 135185, -32699, -33902, 53162
16169.5, 1038, 2132, -8055, 7164, 135185, -32699, -33902, 53183
16171.8, 25, 2132, -8055, 7164, 135185, -32699, -33902, 53183
16176.0, 1072, 2433, -7703, 7315, 137770, -27488, -36549, 53183
16179.8, 1010, 2433, -7703, 7315, 137770, -27488, -36549, 53210
16182.1, 23, 2433, -7703, 7315, 137770, -27488, -36549, 53210
16187.8, 1166, 1966, -7466, 7446, 140234, -23205, -39467, 53260
16191.6, 1012, 1966, -7466, 7446, 140234, -23205, -39467, 53248
16195.9, 1014, 1957, -7277, 7772, 141844, -22369, -41151, 53248
16199.7, 1030, 1957, -7277, 7772, 141844, -22369, -41151, 53254
16203.9, 1085, 1957, -7277, 7772, 141844, -22369, -41151, 53254
16207.6, 1068, 1957, -7277, 7772, 141844, -22369, -41151, 53266
16211.7, 669, 1957, -7277, 7772, 141844, -22369, -41151, 53263
16215.9, 1067, 2048, -7076, 8264, 143226, -30546, -41834, 53263
16219.7, 1048, 2048, -7076, 8264, 143226, -30546, -41834, 53306
16223.9, 1070, 2048, -7076, 8264, 143226, -30546, -41834, 53306
16227.7, 1034, 2048, -7076, 8264, 143226, -30546, -41834, 53348
16231.4, 1018, 2048, -7076, 8264, 143226, -30546, -41834, 53341
16235.7, 1083, 2893, -6711, 8164, 143344, -41186, -42101, 53341
16239.5, 1040, 2893, -6711, 8164, 143344, -41186, -42101, 53364
16243.7, 1068, 2893, -6711, 8164, 143344, -41186, -42101, 53364
16247.5, 1016, 2893, -6711, 8164, 143344, -41186, -42101, 53386
16251.2, 1029, 2893, -6711, 8164, 143344, -41186, -42101, 53406
16255.5, 1070, 2915, -6048, 8006, 143344, -41200, -45159, 53406
16259.3, 1049, 2915, -6048, 8006, 143344, -41200, -45159, 53427
16263.6, 1072, 2915, -6048, 8006, 143344, -41200, -45159, 53427
16267.3, 1023, 2915, -6048, 8006, 143344, -41200, -45159, 53436
16273.1, 1096, 2805, -5780, 8014, 143344, -33876, -46148, 53457
16276.9, 1028, 2805, -5780, 8014, 143344, -33876, -46148, 53446
16282.6, 1133, 2428, -5625, 8471, 143344, -27882, -46458, 53479
16286.3, 1017, 2428, -5625, 8471, 143344, -27882, -46458, 53475
16288.6, 25, 2428, -5625, 8471, 143344, -27882, -46458, 53475
16294.4, 1113, 2081, -5520, 8161, 143344, -25760, -46401, 53479
16296.6, 24, 2081, -5520, 8161, 143344, -25760, -46401, 53479
16300.9, 1032, 2209, -5629, 8723, 143344, -24854, -47443, 53479
16304.7, 1035, 2209, -5629, 8723, 143344, -24854, -47443, 53493
16307.0, 23, 2209, -5629, 8723, 143344, -24854, -47443, 53493
16312.7, 1130, 2347, -5520, 8640, 143344, -25961, -49932, 53497
16316.5, 996, 2347, -5520, 8640, 143344, -25961, -49932, 53507
16320.7, 1015, 2586, -5282, 8093, 143344, -25532, -52400, 53507
16324.5, 998, 2586, -5282, 8093, 143344, -25532, -52400, 53506
16326.8, 23, 2586, -5282, 8093, 143344, -25532, -52400, 53506
16331.0, 1068, 2632, -4831, 8446, 143344, -25244, -53962, 53506
16334.8, 1043, 2632, -4831, 8446, 143344, -25244, -53962, 53519
16337.1, 23, 2632, -4831, 8446, 143344, -25244, -53962, 53519
16342.8, 1128, 2877, -4247, 8737, 143344, -28949, -53725, 53495
16346.5, 1008, 2877, -4247, 8737, 143344, -28949, -53725, 53505
16350.8, 1057, 3145, -3794, 8285, 143344, -30113, -52745, 53505
16354.6, 1040, 3145, -3794, 8285, 143344, -30113, -52745, 53503
16358.8, 1058, 3404, -3434, 7946, 143344, -31509, -50991, 53503
16362.6, 1053, 3404, -3434, 7946, 143344, -31509, -50991, 53488
16366.3, 1010, 3404, -3434, 7946, 143344, -31509, -50991, 53490
16370.6, 1046, 3732, -3002, 8279, 143344, -29041, -49998, 53490
16374.4, 1044, 3732, -3002, 8279, 143344, -29041, -49998, 53492
16378.6, 1066, 3340, -2622, 8075, 143344, -24561, -49175, 53492
16382.4, 1016, 3340, -2622, 8075, 143344, -24561, -49175, 53503
16386.1, 1018, 3340, -2622, 8075, 143344, -24561, -49175, 53487
16390.4, 1036, 2970, -2479, 8854, 143344, -18125, -48147, 53487
16394.2, 1087, 2970, -2479, 8854, 143344, -18125, -48147, 53486
16398.4, 1069, 2545, -2282, 8974, 143344, -14192, -48047, 53486
16402.2, 1044, 2545, -2282, 8974, 143344, -14192, -48047, 53475
16405.9, 1015, 2545, -2282, 8974, 143344, -14192, -48047, 53476
16410.2, 1051, 2700, -2009, 9120, 143344, -12315, -49600, 53476
16414.0, 1038, 2700, -2009, 9120, 143344, -12315, -49600, 53467
16418.2, 1064, 2572, -1543, 9287, 143344, -13860, -51153, 53467
16421.9, 1011, 2572, -1543, 9287, 143344, -13860, -51153, 53482
16425.7, 1022, 2572, -1543, 9287, 143344, -13860, -51153, 53446
16430.0, 1047, 2454, -1289, 8639, 143344, -14577, -52557, 53446
16433.8, 1058, 2454, -1289, 8639, 143344, -14577, -52557, 53452
16438.0, 1048, 2548, -961, 8530, 143344, -9555, -53704, 53452
16441.8, 993, 2548, -961, 8530, 143344, -9555, -53704, 53460
16444.1, 25, 2548, -961, 8530, 143344, -9555, -53704, 53460
16449.8, 1120, 2751, -544, 8032, 143344, -7424, -54574, 53436
16452.1, 25, 2751, -544, 8032, 143344, -7424, -54574, 53436
16457.9, 1132, 3442, -140, 7976, 143344, -1146, -55471, 53425
16461.6, 1012, 3442, -140, 7976, 143344, -1146, -55471, 53440
16465.9, 1037, 3566, 396, 8100, 143344, 5757, -56259, 53440
16469.6, 1027, 3566, 396, 8100, 143344, 5757, -56259, 53402
16471.9, 23, 3566, 396, 8100, 143344, 5757, -56259, 53402
16477.6, 1118, 3698, 973, 7883, 143344, 12840, -56932, 53388
16481.4, 996, 3698, 973, 7883, 143344, 12840, -56932, 53387
16485.7, 1049, 3802, 1484, 8234, 143344, 19005, -56075, 53387
16489.4, 1051, 3802, 1484, 8234, 143344, 19005, -56075, 53363
16491.7, 22, 3802, 1484, 8234, 143344, 19005, -56075, 53363
16496.0, 1048, 3078, 1691, 7983, 143344, 22899, -54053, 53363
16499.8, 1039, 3078, 1691, 7983, 143344, 22899, -54053, 53366
16502.1, 24, 3078, 1691, 7983, 143344, 22899, -54053, 53366
16507.8, 1141, 3005, 1691, 9235, 143344, 22277, -52015, 53315
16511.5, 1018, 3005, 1691, 9235, 143344, 22277, -52015, 53359
16515.7, 1061, 2396, 1948, 8525, 143344, 14297, -49429, 53359
16519.5, 1058, 2396, 1948, 8525, 143344, 14297, -49429, 53351
16523.7, 1099, 2544, 1657, 7573, 143344, 10981, -47653, 53351
16527.4, 1055, 2544, 1657, 7573, 143344, 10981, -47653, 53348
16531.2, 1015, 2544, 1657, 7573, 143344, 10981, -47653, 53301
16535.4, 1099, 2792, 2067, 8360, 143344, 14761, -47893, 53301
16539.1, 1082, 2792, 2067, 8360, 143344, 14761, -47893, 53310
16543.3, 1080, 2703, 2215, 6956, 143344, 16577, -48698, 53310
16547.1, 1011, 2703, 2215, 6956, 143344, 16577, -48698, 53310
16550.9, 1042, 2703, 2215, 6956, 143344, 16577, -48698, 53311
16555.1, 1066, 3185, 2602, 6873, 143344, 26434, -52111, 53311
16558.9, 1074, 3185, 2602, 6873, 143344, 26434, -52111, 53325
16563.1, 1083, 3077, 3343, 7249, 143344, 38434, -54758, 53325
16566.9, 1024, 3077, 3343, 7249, 143344, 38434, -54758, 53287
16569.2, 28, 3077, 3343, 7249, 143344, 38434, -54758, 53287
16574.9, 1093, 3035, 3772, 7219, 143344, 41099, -53445, 53277
16578.6, 1063, 3035, 3772, 7219, 143344, 41099, -53445, 53271
16582.8, 1051, 2807, 4216, 7674, 143344, 43356, -50575, 53271
16586.6, 1002, 2807, 4216, 7674, 143344, 43356, -50575, 53255
16588.9, 26, 2807, 4216, 7674, 143344, 43356, -50575, 53255
16594.6, 1118, 2555, 4494, 7864, 143344, 42263, -46261, 53262
16598.4, 1059, 2555, 4494, 7864, 143344, 42263, -46261, 53237
16604.1, 1098, 2321, 4561, 8187, 143344, 34007, -41073, 53220
16607.8, 1047, 2321, 4561, 8187, 143344, 34007, -41073, 53211
16613.5, 1145, 2025, 4538, 7679, 143344, 26871, -36098, 53215
16617.3, 1018, 2025, 4538, 7679, 143344, 26871, -36098, 53209
16623.0, 1122, 2044, 4212, 7213, 143344, 23179, -32830, 53142
16626.7, 1006, 2044, 4212, 7213, 143344, 23179, -32830, 53191
16631.0, 1037, 1944, 4192, 7286, 143344, 22719, -33482, 53191
16634.8, 1023, 1944, 4192, 7286, 143344, 22719, -33482, 53189
16637.1, 24, 1944, 4192, 7286, 143344, 22719, -33482, 53189
16642.8, 1127, 2036, 4296, 6658, 141918, 25287, -34641, 53199
16646.5, 1005, 2036, 4296, 6658, 141918, 25287, -34641, 53189
16650.8, 1060, 2190, 4685, 6856, 139914, 24754, -34431, 53189
16654.6, 1037, 2190, 4685, 6856, 139914, 24754, -34431, 53182
16656.8, 26, 2190, 4685, 6856, 139914, 24754, -34431, 53182
16661.1, 1056, 2221, 4925, 6268, 137272, 25419, -32778, 53182
16664.9, 1029, 2221, 4925, 6268, 137272, 25419, -32778, 53131
16669.2, 1041, 2097, 5171, 6068, 138436, 29531, -31080, 53131
16672.9, 1055, 2097, 5171, 6068, 138436, 29531, -31080, 53160
16676.7, 999, 2097, 5171, 6068, 138436, 29531, -31080, 53168
16680.9, 1073, 2137, 5464, 6539, 136847, 36046, -29081, 53168
16684.6, 1072, 2137, 5464, 6539, 136847, 36046, -29081, 53163
16688.8, 1085, 1813, 5772, 6830, 134183, 40163, -28035, 53163
16692.6, 1024, 1813, 5772, 6830, 134183, 40163, -28035, 52941
16696.4, 1024, 1813, 5772, 6830, 134183, 40163, -28035, 53136
16700.6, 1038, 1232, 6127, 6581, 128736, 40609, -24859, 53136
16704.4, 1044, 1232, 6127, 6581, 128736, 40609, -24859, 52923
16708.6, 1045, 1130, 6261, 6634, 127078, 39830, -19994, 52923
16712.4, 1014, 1130, 6261, 6634, 127078, 39830, -19994, 52917
16716.1, 1024, 1130, 6261, 6634, 127078, 39830, -19994, 52897
16720.3, 1088, 948, 6293, 6697, 123910, 36676, -16275, 52897
16724.1, 1063, 948, 6293, 6697, 123910, 36676, -16275, 52862
16728.3, 1083, 1022, 6122, 5720, 118126, 32651, -13497, 52862
16732.0, 1044, 1022, 6122, 5720, 118126, 32651, -13497, 52885
16735.7, 1042, 1022, 6122, 5720, 118126, 32651, -13497, 52886
16740.0, 1124, 1132, 6068, 6205, 117676, 32826, -13777, 52886
16743.7, 1089, 1132, 6068, 6205, 117676, 32826, -13777, 53092
16747.9, 1108, 1197, 6222, 5641, 113489, 35818, -15247, 53092
16751.7, 1006, 1197, 6222, 5641, 113489, 35818, -15247, 52885
16753.9, 29, 1197, 6222, 5641, 113489, 35818, -15247, 52885
16759.7, 1139, 1621, 6493, 5807, 112592, 36085, -13733, 52866
16763.5, 1059, 1621, 6493, 5807, 112592, 36085, -13733, 52866
16769.2, 1149, 1449, 8879, 4071, 121801, 52601, 3959, 52894
16771.5, 29, 1449, 8879, 4071, 121801, 52601, 3959, 52894
16773.7, 6, 1449, 8879, 4071, 121801, 52601, 3959, 52894
16779.5, 1134, 1518, 6848, 5558, 115558, 52465, 14910, 52850
16781.7, 25, 1518, 6848, 5558, 115558, 52465, 14910, 52850
16786.0, 1063, 1518, 6848, 5558, 115558, 52465, 14910, 52850
16789.8, 1054, 1518, 6848, 5558, 115558, 52465, 14910, 52828
16792.1, 25, 1518, 6848, 5558, 115558, 52465, 14910, 52828
16797.8, 1113, 1087, 6751, 5164, 113191, 49184, 3408, 52825
16801.6, 1039, 1087, 6751, 5164, 113191, 49184, 3408, 52821
16805.8, 1075, 684, 7021, 4287, 113191, 49184, 2489, 52821
16809.6, 1040, 684, 7021, 4287, 113191, 49184, 2489, 52825
16811.9, 24, 684, 7021, 4287, 113191, 49184, 2489, 52825
16817.6, 1131, 872, 7399, 4378, 115024, 57422, 6601, 52823
16821.4, 1044, 872, 7399, 4378, 115024, 57422, 6601, 52815
16825.6, 1080, 1210, 7766, 4596, 115024, 61902, 10465, 52815
16829.4, 1063, 1210, 7766, 4596, 115024, 61902, 10465, 52823
16831.7, 26, 1210, 7766, 4596, 115024, 61902, 10465, 52823
16835.9, 1068, 1356, 7628, 4073, 114193, 65630, 11300, 52823
16839.7, 1081, 1356, 7628, 4073, 114193, 65630, 11300, 52816
16843.9, 1092, 1209, 7186, 3918, 114193, 65630, 11300, 52816
16847.7, 1021, 1209, 7186, 3918, 114193, 65630, 11300, 52809
16851.4, 1041, 1209, 7186, 3918, 114193, 65630, 11300, 52805
16855.7, 1086, 1048, 7383, 3823, 113388, 68938, 8540, 52805
16859.5, 1061, 1048, 7383, 3823, 113388, 68938, 8540, 52807
16863.7, 1082, 991, 7705, 3855, 113388, 68938, 8540, 52807
16867.4, 1043, 991, 7705, 3855, 113388, 68938, 8540, 52797
16871.2, 1047, 991, 7705, 3855, 113388, 68938, 8540, 52795
16875.5, 1075, 885, 7754, 3762, 118157, 71549, 9651, 52795
16879.3, 1062, 885, 7754, 3762, 118157, 71549, 9651, 52821
16883.5, 1066, 1150, 8017, 4269, 118157, 71549, 9651, 52821
16887.2, 1025, 1150, 8017, 4269, 118157, 71549, 9651, 52805
16891.0, 1052, 1150, 8017, 4269, 118157, 71549, 9651, 52819
16895.3, 1077, 1346, 7900, 3762, 117431, 76218, 17045, 52819
16899.1, 1063, 1346, 7900, 3762, 117431, 76218, 17045, 52826
16903.3, 1070, 1513, 8168, 3282, 117431, 76218, 17045, 52826
16907.0, 991, 1513, 8168, 3282, 117431, 76218, 17045, 52804
16910.8, 1066, 1513, 8168, 3282, 117431, 76218, 17045, 52841
16915.0, 1105, 1167, 8614, 3575, 113253, 76550, 13623, 52841
16918.8, 1067, 1167, 8614, 3575, 113253, 76550, 13623, 52850
16923.0, 1084, 875, 8277, 3618, 113253, 76550, 13623, 52850
16926.7, 1038, 875, 8277, 3618, 113253, 76550, 13623, 52850
16931.0, 1080, 741, 8553, 3329, 113410, 77771, 9948, 52850
16934.8, 1071, 741, 8553, 3329, 113410, 77771, 9948, 52917
16937.0, 24, 741, 8553, 3329, 113410, 77771, 9948, 52917
16942.8, 1115, 634, 9970, 2824, 109346, 79013, 10893, 52891
16946.5, 1040, 634, 9970, 2824, 109346, 79013, 10893, 52865
16950.7, 1104, 786, 9303, 2442, 103916, 83266, 15168, 52865
16954.5, 1071, 786, 9303, 2442, 103916, 83266, 15168, 52894
16956.8, 24, 786, 9303, 2442, 103916, 83266, 15168, 52894
16961.1, 1072, 1170, 9896, 2237, 98229, 82146, 14057, 52894
16964.8, 1089, 1170, 9896, 2237, 98229, 82146, 14057, 52908
16967.1, 26, 1170, 9896, 2237, 98229, 82146, 14057, 52908
16972.8, 1133, 1039, 10354, 2720, 91780, 80601, 9865, 52890
16976.5, 1049, 1039, 10354, 2720, 91780, 80601, 9865, 52885
16980.8, 1093, 1884, 12861, 1969, 85742, 83043, 5814, 52885
16984.6, 1052, 1884, 12861, 1969, 85742, 83043, 5814, 52914
16986.9, 25, 1884, 12861, 1969, 85742, 83043, 5814, 52914
16991.1, 1101, 1218, 12013, 1999, 80330, 81258, 4383, 52914
16994.9, 1051, 1218, 12013, 1999, 80330, 81258, 4383, 52937
16999.2, 1085, 565, 9964, 1702, 72591, 76957, 2065, 52937
17002.9, 1056, 565, 9964, 1702, 72591, 76957, 2065, 52921
17006.7, 1025, 565, 9964, 1702, 72591, 76957, 2065, 52921
17010.9, 1129, 598, 10341, 1152, 67752, 71681, -1347, 52921
17014.6, 1088, 598, 10341, 1152, 67752, 71681, -1347, 52922
17018.8, 1098, 348, 9197, 1670, 62926, 62370, -2791, 52922
17022.6, 1024, 348, 9197, 1670, 62926, 62370, -2791, 52907
17026.3, 1049, 348, 9197, 1670, 62926, 62370, -2791, 52939
17030.6, 1085, 964, 9033, 1267, 54692, 50908, -6943, 52939
17034.4, 1058, 964, 9033, 1267, 54692, 50908, -6943, 52971
17038.6, 1059, 848, 9507, 1283, 48825, 40906, -9572, 52971
17042.4, 1017, 848, 9507, 1283, 48825, 40906, -9572, 52913
17046.1, 1073, 848, 9507, 1283, 48825, 40906, -9572, 53023
17050.4, 1082, 1070, 9646, 1490, 41873, 32931, -11169, 53023
17054.2, 1046, 1070, 9646, 1490, 41873, 32931, -11169, 53019
17058.4, 1064, 1195, 10032, 867, 35280, 25738, -9520, 53019
17062.1, 1019, 1195, 10032, 867, 35280, 25738, -9520, 53073
17065.9, 1066, 1195, 10032, 867, 35280, 25738, -9520, 53105
17070.2, 1075, 1435, 10011, 994, 28114, 21135, -7888, 53105
17074.0, 1053, 1435, 10011, 994, 28114, 21135, -7888, 53159
17078.2, 1073, 1537, 10479, 1042, 24522, 17338, -8247, 53159
17082.0, 1018, 1537, 10479, 1042, 24522, 17338, -8247, 52807
17085.7, 1088, 1537, 10479, 1042, 24522, 17338, -8247, 53272
17090.0, 1090, 1350, 10152, 1088, 18602, 13269, -8968, 53272
17093.8, 1042, 1350, 10152, 1088, 18602, 13269, -8968, 53290
17098.0, 1058, 1171, 10031, 972, 12600, 10465, -8426, 53290
17101.7, 1019, 1171, 10031, 972, 12600, 10465, -8426, 53336
17106.0, 1095, 786, 9944, 1102, 8820, 8513, -6864, 53336
17109.7, 1066, 786, 9944, 1102, 8820, 8513, -6864, 53390
17112.0, 24, 786, 9944, 1102, 8820, 8513, -6864, 53390
17117.7, 1123, 610, 9574, 1410, 4011, 1216, -3578, 53446
17121.4, 1050, 610, 9574, 1410, 4011, 1216, -3578, 53445
17125.7, 1084, 680, 9976, 1197, -918, -6466, -564, 53445
17129.5, 1027, 680, 9976, 1197, -918, -6466, -564, 53573
17131.8, 23, 680, 9976, 1197, -918, -6466, -564, 53573
17136.0, 1137, 600, 9844, 1371, -4751, -11169, 888, 53573
17139.7, 1064, 600, 9844, 1371, -4751, -11169, 888, 53582
17142.0, 25, 600, 9844, 1371, -4751, -11169, 888, 53582
17147.8, 1123, 529, 9632, 1264, -9861, -13895, 2371, 53639
17151.6, 1031, 529, 9632, 1264, -9861, -13895, 2371, 53686
17155.8, 1113, 395, 9567, 1185, -16275, -14800, 1951, 53686
17159.6, 1039, 395, 9567, 1185, -16275, -14800, 1951, 53696
17163.9, 1057, 153, 9626, 1106, -22216, -15724, 918, 53696
17167.6, 1048, 153, 9626, 1106, -22216, -15724, 918, 53714
17171.4, 1065, 153, 9626, 1106, -22216, -15724, 918, 53751
17175.6, 1124, 251, 9654, 1103, -28551, -18038, 393, 53751
17179.3, 1062, 251, 9654, 1103, -28551, -18038, 393, 53769
17183.5, 1062, 379, 9540, 959, -34073, -21892, 542, 53769
17187.3, 1016, 379, 9540, 959, -34073, -21892, 542, 53778
17191.1, 1069, 379, 9540, 959, -34073, -21892, 542, 53808
17195.4, 1075, 564, 9400, 1121, -37240, -27807, 1824, 53808
17199.1, 1059, 564, 9400, 1121, -37240, -27807, 1824, 53835
17203.3, 1078, 801, 9375, 1275, -39896, -35022, 2428, 53835
17207.1, 1016, 801, 9375, 1275, -39896, -35022, 2428, 53823
17210.8, 1081, 801, 9375, 1275, -39896, -35022, 2428, 53864
17215.1, 1092, 714, 9530, 1243, -43776, -41291, 2765, 53864
17218.8, 1028, 714, 9530, 1243, -43776, -41291, 2765, 53891
17223.1, 1049, 441, 9390, 1247, -50055, -44861, 1623, 53891
17226.8, 1017, 441, 9390, 1247, -50055, -44861, 1623, 53896
17229.1, 21, 441, 9390, 1247, -50055, -44861, 1623, 53896
17234.9, 1117, 223, 9270, 1305, -55917, -46327, -433, 53937
17238.6, 1026, 223, 9270, 1305, -55917, -46327, -433, 53940
17242.9, 1061, 129, 9199, 1395, -59535, -45023, -3421, 53940
17246.6, 1053, 129, 9199, 1395, -59535, -45023, -3421, 53962
17248.9, 24, 129, 9199, 1395, -59535, -45023, -3421, 53962
17254.6, 1134, 203, 9096, 1503, -63040, -44078, -7958, 53973
17256.9, 28, 203, 9096, 1503, -63040, -44078, -7958, 53973
17261.1, 1111, 416, 9265, 2117, -63014, -46358, -12105, 53973
17264.9, 1079, 416, 9265, 2117, -63014, -46358, -12105, 54106
17267.1, 27, 416, 9265, 2117, -63014, -46358, -12105, 54106
17272.9, 1115, 696, 9094, 1750, -62725, -50164, -13448, 54105
17276.6, 1058, 696, 9094, 1750, -62725, -50164, -13448, 54111
17280.9, 1117, 994, 8875, 1952, -64418, -48488, -17858, 54111
17284.7, 1069, 994, 8875, 1952, -64418, -48488, -17858, 54088
17286.9, 27, 994, 8875, 1952, -64418, -48488, -17858, 54088
17291.1, 1137, 812, 9208, 2207, -64685, -46887, -22260, 54088
17294.9, 1070, 812, 9208, 2207, -64685, -46887, -22260, 54110
17297.2, 26, 812, 9208, 2207, -64685, -46887, -22260, 54110
17302.9, 1118, 728, 9671, 2181, -65254, -44061, -23734, 54110
17306.7, 1058, 728, 9671, 2181, -65254, -44061, -23734, 54108
17310.9, 1119, 647, 10359, 2449, -66317, -37879, -23179, 54108
17314.7, 1039, 647, 10359, 2449, -66317, -37879, -23179, 54100
17317.0, 25, 647, 10359, 2449, -66317, -37879, -23179, 54100
17322.7, 1147, 503, 10301, 2840, -69620, -33263, -23275, 54096
17326.5, 1056, 503, 10301, 2840, -69620, -33263, -23275, 54042
17330.7, 1111, 580, 10780, 2636, -73776, -34068, -24671, 54042
17334.5, 1071, 580, 10780, 2636, -73776, -34068, -24671, 54078
17338.7, 1081, 580, 10780, 2636, -77237, -37122, -26946, 54078
17342.5, 1050, 580, 10780, 2636, -77237, -37122, -26946, 54058
17346.2, 1081, 580, 10780, 2636, -77237, -37122, -26946, 54048
17350.5, 1091, 431, 8438, 3083, -80523, -42302, -31369, 54048
17354.3, 1036, 431, 8438, 3083, -80523, -42302, -31369, 54057
17358.6, 1055, 431, 8438, 3083, -82837, -42696, -31806, 54057
17362.3, 1048, 431, 8438, 3083, -82837, -42696, -31806, 54037
17366.1, 1067, 431, 8438, 3083, -82837, -42696, -31806, 54030
17370.4, 1070, 869, 9582, 3081, -85261, -40027, -29522, 54030
17374.1, 1056, 869, 9582, 3081, -85261, -40027, -29522, 54032
17378.4, 1062, 869, 9582, 3087, -87396, -37345, -28166, 54032
17382.1, 1070, 869, 9582, 3087, -87396, -37345, -28166, 54019
17385.9, 1049, 869, 9582, 3087, -87396, -37345, -28166, 54014
17390.1, 1104, 608, 9474, 3233, -89741, -37463, -28061, 54014
17393.8, 1043, 608, 9474, 3233, -89741, -37463, -28061, 53966
17398.1, 1069, 608, 9474, 3233, -90590, -38933, -25069, 53966
17401.9, 1025, 608, 9474, 3233, -90590, -38933, -25069, 53978
17405.6, 1070, 608, 9474, 3233, -90590, -38933, -25069, 53962
17409.9, 1088, 671, 8245, 3356, -86670, -37419, -17500, 53962
17413.7, 1053, 671, 8245, 3356, -86670, -37419, -17500, 53938
17417.9, 1055, 671, 8245, 3380, -85900, -30205, -14271, 53938
17421.6, 1069, 671, 8245, 3380, -85900, -30205, -14271, 53864
17425.8, 1090, 704, 8655, 3380, -85900, -30205, -14271, 53864
17429.6, 1051, 704, 8655, 3380, -85900, -30205, -14271, 53875
17431.8, 26, 704, 8655, 3380, -85900, -30205, -14271, 53875
17436.0, 1099, 1234, 9316, 3106, -87335, -20317, -10710, 53875
17439.8, 1063, 1234, 9316, 3106, -87335, -20317, -10710, 53853
17442.0, 26, 1234, 9316, 3106, -87335, -20317, -10710, 53853
17447.8, 1137, 715, 8313, 3958, -90620, -9817, 2178, 53812
17451.5, 1049, 715, 8313, 3958, -90620, -9817, 2178, 53779
17455.8, 1078, 323, 7445, 4948, -88074, -10338, 2922, 53779
17459.5, 1049, 323, 7445, 4948, -88074, -10338, 2922, 53716
17461.8, 24, 323, 7445, 4948, -88074, -10338, 2922, 53716
17466.0, 1104, 396, 7834, 4106, -92130, -16165, -1544, 53716
17469.8, 1048, 396, 7834, 4106, -92130, -16165, -1544, 53676
17472.1, 24, 396, 7834, 4106, -92130, -16165, -1544, 53676
17477.8, 1162, 97, 7821, 4122, -96745, -18847, -6378, 53653
17481.6, 1057, 97, 7821, 4122, -96745, -18847, -6378, 53656
17485.8, 1106, 313, 7884, 5149, -94667, -18847, -6378, 53656
17489.6, 1018, 313, 7884, 5149, -94667, -18847, -6378, 53567
17493.9, 1036, 300, 8075, 5575, -100552, -24141, -10202, 53567
17497.6, 1072, 300, 8075, 5575, -100552, -24141, -10202, 53539
17501.4, 1060, 300, 8075, 5575, -100552, -24141, -10202, 53493
17505.6, 1109, 604, 8388, 5366, -108536, -26954, -4755, 53493
17509.4, 1064, 604, 8388, 5366, -108536, -26954, -4755, 53455
17513.6, 1082, 520, 8366, 5103, -108659, -23664, -4755, 53455
17517.4, 1068, 520, 8366, 5103, -108659, -23664, -4755, 53424
17521.1, 1062, 520, 8366, 5103, -108659, -23664, -4755, 53379
17525.4, 1083, 324, 8136, 4921, -110006, -16800, 7476, 53379
17529.1, 1058, 324, 8136, 4921, -110006, -16800, 7476, 53320
17533.3, 1057, 296, 7688, 5190, -109818, -15387, 7476, 53320
17537.1, 1051, 296, 7688, 5190, -109818, -15387, 7476, 53279
17540.9, 1071, 296, 7688, 5190, -109818, -15387, 7476, 53205
17545.1, 1069, 162, 7509, 6306, -109459, -22247, 7743, 53205
17548.9, 1046, 162, 7509, 6306, -109459, -22247, 7743, 53207
17553.1, 1069, -26, 7551, 7070, -119264, -34829, 7743, 53207
17556.8, 1028, -26, 7551, 7070, -119264, -34829, 7743, 53184
17559.1, 23, -26, 7551, 7070, -119264, -34829, 7743, 53184
17564.9, 1098, 41, 7585, 7133, -131497, -52089, -1430, 53150
17568.6, 1068, 41, 7585, 7133, -131497, -52089, -1430, 53125
17572.8, 1091, 126, 7258, 6454, -136637, -63565, -1430, 53125
17576.5, 1041, 126, 7258, 6454, -136637, -63565, -1430, 53114
17578.8, 25, 126, 7258, 6454, -136637, -63565, -1430, 53114
17584.9, 683, 200, 7231, 6307, -137972, -66247, -3771, 53062
17587.1, 14, 200, 7231, 6307, -137972, -66247, -3771, 53062
17592.9, 1131, 614, 7523, 6303, -141284, -68329, 2314, 53095
17596.6, 1063, 614, 7523, 6303, -141284, -68329, 2314, 53095
17600.9, 1061, 918, 6971, 5565, -138659, -74804, 12525, 53095
17604.7, 1015, 918, 6971, 5565, -138659, -74804, 12525, 53112
17606.9, 24, 918, 6971, 5565, -138659, -74804, 12525, 53112
17612.7, 1144, 1243, 6273, 5056, -131037, -74905, 18572, 53073
17616.4, 1057, 1243, 6273, 5056, -131037, -74905, 18572, 53112
17620.7, 1061, 1560, 5954, 6929, -130460, -69336, 16577, 53112
17624.5, 1029, 1560, 5954, 6929, -130460, -69336, 16577, 53119
17626.8, 22, 1560, 5954, 6929, -130460, -69336, 16577, 53119
17631.0, 1091, 1484, 5964, 7797, -134375, -76589, 11414, 53119
17634.8, 1011, 1484, 5964, 7797, -134375, -76589, 11414, 53114
17637.1, 23, 1484, 5964, 7797, -134375, -76589, 11414, 53114
17642.8, 1160, 1470, 5897, 6406, -140435, -86661, 9931, 53114
17646.6, 1029, 1470, 5897, 6406, -140435, -86661, 9931, 53112
17650.8, 1082, 1695, 5438, 6559, -138869, -84784, 10307, 53112
17654.6, 1038, 1695, 5438, 6559, -138869, -84784, 10307, 53108
17658.8, 1067, 1819, 5306, 6661, -135316, -75316, 11003, 53108
17662.6, 1052, 1819, 5306, 6661, -135316, -75316, 11003, 53114
17666.3, 1062, 1819, 5306, 6661, -135316, -75316, 11003, 53088
17670.6, 1064, 2363, 5192, 6375, -131921, -63184, 14052, 53088
17674.3, 1034, 2363, 5192, 6375, -131921, -63184, 14052, 53105
17678.6, 1084, 2404, 5100, 7314, -128653, -50567, 18790, 53105
17682.3, 1070, 2404, 5100, 7314, -128653, -50567, 18790, 53099
17686.1, 1045, 2404, 5100, 7314, -128653, -50567, 18790, 53093
17690.3, 1056, 2294, 4388, 7067, -128268, -44293, 24622, 53093
17694.1, 1036, 2294, 4388, 7067, -128268, -44293, 24622, 53089
17698.3, 1071, 2153, 4275, 7000, -128981, -41865, 26386, 53089
17702.0, 1032, 2153, 4275, 7000, -128981, -41865, 26386, 53052
17705.8, 1059, 2153, 4275, 7000, -128981, -41865, 26386, 52991
17710.1, 1057, 2222, 3857, 8185, -130779, -40714, 25012, 52991
17713.8, 1015, 2222, 3857, 8185, -130779, -40714, 25012, 52926
17718.1, 1070, 2313, 3650, 8486, -130552, -45268, 22575, 52926
17721.8, 1026, 2313, 3650, 8486, -130552, -45268, 22575, 52907
17724.1, 25, 2313, 3650, 8486, -130552, -45268, 22575, 52907
17729.9, 1058, 2327, 3419, 7081, -133693, -50252, 19945, 52856
17733.7, 1028, 2327, 3419, 7081, -133693, -50252, 19945, 52833
17737.9, 1079, 2708, 3479, 6441, -131952, -45728, 18454, 52833
17741.6, 1033, 2708, 3479, 6441, -131952, -45728, 18454, 52786
17745.9, 1075, 2737, 3477, 7753, -127590, -36934, 19648, 52786
17749.7, 1024, 2737, 3477, 7753, -127590, -36934, 19648, 52775
17751.9, 25, 2737, 3477, 7753, -127590, -36934, 19648, 52775
17756.1, 1083, 2412, 3335, 6885, -126220, -29194, 24916, 52775
17759.9, 1042, 2412, 3335, 6885, -126220, -29194, 24916, 52751
17762.1, 24, 2412, 3335, 6885, -126220, -29194, 24916, 52751
17767.9, 1147, 2563, 2608, 7275, -123057, -12333, 29374, 52719
17771.7, 1046, 2563, 2608, 7275, -123057, -12333, 29374, 52731
17775.9, 1084, 2338, 2347, 9305, -125603, -2073, 29995, 52731
17779.6, 1036, 2338, 2347, 9305, -125603, -2073, 29995, 52650
17781.9, 25, 2338, 2347, 9305, -125603, -2073, 29995, 52650
17786.1, 1098, 2355, 1984, 9198, -130162, -13199, 29356, 52650
17789.9, 1013, 2355, 1984, 9198, -130162, -13199, 29356, 53150
17792.1, 25, 2355, 1984, 9198, -130162, -13199, 29356, 53150
17797.9, 1151, 2423, 1309, 8067, -130215, -21870, 27527, 52597
17801.6, 1027, 2423, 1309, 8067, -130215, -21870, 27527, 52572
17805.9, 1092, 2743, 910, 7364, -128618, -9467, 24605, 52572
17809.6, 1060, 2743, 910, 7364, -128618, -9467, 24605, 52578
17813.8, 1067, 3447, 1013, 8213, -128456, 739, 20453, 52578
17817.6, 1071, 3447, 1013, 8213, -128456, 739, 20453, 52534
17821.3, 1046, 3447, 1013, 8213, -128456, 739, 20453, 52541
17825.6, 1045, 3725, 1282, 8849, -131295, -879, 18655, 52541
17829.4, 1036, 3725, 1282, 8849, -131295, -879, 18655, 52522
17833.6, 1069, 3129, 1482, 8598, -135793, -6741, 22216, 52522
17837.4, 1029, 3129, 1482, 8598, -135793, -6741, 22216, 52549
17841.1, 1052, 3129, 1482, 8598, -135793, -6741, 22216, 52557
17845.3, 1081, 2566, 1060, 8534, -133277, -9703, 26355, 52557
17849.1, 1031, 2566, 1060, 8534, -133277, -9703, 26355, 52567
17853.3, 1104, 1751, 696, 8992, -129064, -6505, 30739, 52567
17857.0, 1081, 1751, 696, 8992, -129064, -6505, 30739, 52588
17860.8, 1012, 1751, 696, 8992, -129064, -6505, 30739, 52582
17865.1, 1043, 1915, 245, 9591, -130066, -15360, 34003, 52582
17868.8, 1055, 1915, 245, 9591, -130066, -15360, 34003, 52594
17873.1, 1092, 1727, -172, 7640, -131466, -18716, 34178, 52594
17876.8, 1035, 1727, -172, 7640, -131466, -18716, 34178, 52577
17880.6, 1016, 1727, -172, 7640, -131466, -18716, 34178, 52617
17884.8, 1096, 2301, -696, 6909, -125787, -739, 30026, 52617
17888.5, 1074, 2301, -696, 6909, -125787, -739, 30026, 52607
17894.3, 1082, 3148, -856, 8176, -124147, 16524, 23130, 52602
17898.0, 1067, 3148, -856, 8176, -124147, 16524, 23130, 52511
17903.7, 1134, 3774, -366, 9020, -127305, 17605, 19237, 52575
17905.9, 28, 3774, -366, 9020, -127305, 17605, 19237, 52575
17908.3, 10, 3774, -366, 9020, -127305, 17605, 19237, 52575
17914.0, 1140, 3575, -150, 8666, -131326, 16183, 21949, 52566
17916.3, 28, 3575, -150, 8666, -131326, 16183, 21949, 52566
17920.5, 1061, 3575, -150, 8511, -133592, 16524, 25642, 52566
17924.3, 1041, 3575, -150, 8511, -133592, 16524, 25642, 52555
17926.6, 24, 3575, -150, 8511, -133592, 16524, 25642, 52555
17930.8, 1022, 3120, -1086, 10965, -131890, 10543, 26219, 52555
17934.6, 1025, 3120, -1086, 10965, -131890, 10543, 26219, 52560
17936.9, 26, 3120, -1086, 10965, -131890, 10543, 26219, 52560
17942.6, 1143, 2048, -1600, 8230, -134642, 2957, 30892, 52545
17946.4, 1027, 2048, -1600, 8230, -134642, 2957, 30892, 52542
17950.6, 1033, 1998, -2219, 7435, -131676, 12657, 37971, 52542
17954.4, 1033, 1998, -2219, 7435, -131676, 12657, 37971, 52554
17956.7, 27, 1998, -2219, 7435, -131676, 12657, 37971, 52554
17960.9, 1038, 1631, -2691, 10532, -129467, 15973, 39358, 52554
17964.7, 1042, 1631, -2691, 10532, -129467, 15973, 39358, 52567
17968.9, 1095, 1631, -2691, 10532, -129467, 15973, 35989, 52567
17972.7, 1052, 1631, -2691, 10532, -129467, 15973, 35989, 52592
17976.5, 1031, 1631, -2691, 10532, -129467, 15973, 35989, 52620
17980.8, 1044, 1862, -3575, 7394, -125065, 5455, 30944, 52620
17984.5, 1055, 1862, -3575, 7394, -125065, 5455, 30944, 52655
17988.8, 1106, 1862, -3575, 7394, -125065, 8710, 26609, 52655
17992.5, 1068, 1862, -3575, 7394, -125065, 8710, 26609, 52657
17996.2, 1044, 1862, -3575, 7394, -125065, 8710, 26609, 52685
18000.5, 1055, 3948, -3072, 8990, -123696, 332, 25615, 52685
18004.3, 1047, 3948, -3072, 8990, -123696, 332, 25615, 52713
18008.5, 1082, 3948, -3072, 8990, -123696, -5285, 29247, 52713
18012.2, 1076, 3948, -3072, 8990, -123696, -5285, 29247, 52734
18016.0, 1054, 3948, -3072, 8990, -123696, -5285, 29247, 52750
18020.3, 1062, 3480, -3184, 9278, -122694, -4589, 34313, 52750
18024.1, 1055, 3480, -3184, 9278, -122694, -4589, 34313, 52772
18028.3, 1081, 3480, -3184, 9278, -122694, -7157, 38137, 52772
18032.0, 1026, 3480, -3184, 9278, -122694, -7157, 38137, 52775
18035.8, 1057, 3480, -3184, 9278, -122694, -7157, 38137, 52791
18040.0, 1093, 1683, -3815, 8801, -124015, -10876, 42687, 52791
18043.8, 1088, 1683, -3815, 8801, -124015, -10876, 42687, 52796
18048.0, 1129, 1683, -3815, 8801, -124015, -3246, 44284, 52796
18051.7, 1028, 1683, -3815, 8801, -124015, -3246, 44284, 52794
18054.0, 30, 1683, -3815, 8801, -124015, -3246, 44284, 52794
18059.7, 1144, 1363, -4058, 9327, -122895, 5368, 40762, 52801
18063.4, 1080, 1363, -4058, 9327, -122895, 5368, 40762, 52786
18069.2, 1146, 1363, -4058, 9327, -122895, 4235, 36168, 52821
18071.4, 30, 1363, -4058, 9327, -122895, 4235, 36168, 52821
18073.7, 11, 1363, -4058, 9327, -122895, 4235, 36168, 52821
18079.4, 1145, 1700, -4417, 8439, -121526, 4274, 33324, 52829
18081.7, 27, 1700, -4417, 8439, -121526, 4274, 33324, 52829
18086.0, 1080, 2358, -4800, 7757, -121526, 4274, 33324, 52829
18089.8, 1039, 2358, -4800, 7757, -121526, 4274, 33324, 52845
18092.1, 24, 2358, -4800, 7757, -121526, 4274, 33324, 52845
18097.8, 1157, 2553, -5182, 8751, -117965, 2931, 30778, 52594
18101.5, 1032, 2553, -5182, 8751, -117965, 2931, 30778, 52855
18105.8, 1071, 2505, -5205, 8581, -116630, -3854, 30179, 52855
18109.6, 1049, 2505, -5205, 8581, -116630, -3854, 30179, 52878
18111.8, 25, 2505, -5205, 8581, -116630, -3854, 30179, 52878
18116.1, 1059, 2753, -5456, 7874, -113638, -3806, 31014, 52878
18119.8, 1040, 2753, -5456, 7874, -113638, -3806, 31014, 52881
18124.1, 1105, 2974, -5757, 8705, -110702, 1763, 30914, 52881
18127.9, 1055, 2974, -5757, 8705, -110702, 1763, 30914, 52906
18131.6, 1035, 2974, -5757, 8705, -110702, 1763, 30914, 52888
18135.9, 1062, 2687, -5548, 8490, -109044, 6610, 30586, 52888
18139.6, 1046, 2687, -5548, 8490, -109044, 6610, 30586, 52902
18143.9, 1087, 2640, -5545, 8372, -107219, 9817, 32270, 52902
18147.7, 1050, 2640, -5545, 8372, -107219, 9817, 32270, 52913
18151.4, 1026, 2640, -5545, 8372, -107219, 9817, 32270, 52919
18155.7, 1087, 2687, -5736, 8062, -106808, 10701, 34554, 52919
18159.4, 1077, 2687, -5736, 8062, -106808, 10701, 34554, 52922
18163.6, 1093, 2761, -5738, 8335, -107259, 9410, 34536, 52922
18167.4, 1035, 2761, -5738, 8335, -107259, 9410, 34536, 52939
18171.1, 1043, 2761, -5738, 8335, -107259, 9410, 34536, 52947
18175.4, 1060, 2623, -5848, 8736, -107189, 7354, 33324, 52947
18179.2, 1077, 2623, -5848, 8736, -107189, 7354, 33324, 52962
18183.4, 1091, 2381, -6062, 8501, -105955, 3801, 32432, 52962
18187.2, 1034, 2381, -6062, 8501, -105955, 3801, 32432, 52976
18190.9, 1043, 2381, -6062, 8501, -105955, 3801, 32432, 52968
18195.2, 1083, 2192, -6294, 8665, -105093, 1251, 32121, 52968
18199.0, 1066, 2192, -6294, 8665, -105093, 1251, 32121, 52978
18203.2, 1075, 1936, -6334, 8695, -104686, 34, 31286, 52978
18206.9, 1018, 1936, -6334, 8695, -104686, 34, 31286, 52983
18210.7, 1049, 1936, -6334, 8695, -104686, 34, 31286, 52956
18215.0, 1078, 2063, -6385, 8948, -104214, 2559, 30704, 52956
18218.8, 1051, 2063, -6385, 8948, -104214, 2559, 30704, 53000
18223.0, 1081, 2006, -6567, 8644, -104109, 6492, 30686, 53000
18226.7, 1006, 2006, -6567, 8644, -104109, 6492, 30686, 53000
18231.0, 1070, 2096, -6716, 8274, -104467, 10548, 30065, 53000
18234.7, 1056, 2096, -6716, 8274, -104467, 10548, 30065, 53010
18237.0, 23, 2096, -6716, 8274, -104467, 10548, 30065, 53010
18242.7, 1153, 2363, -7005, 8465, -104301, 13567, 29536, 52998
18246.4, 1022, 2363, -7005, 8465, -104301, 13567, 29536, 53002
18250.7, 1064, 2208, -7364, 7901, -104787, 14945, 30192, 53002
18254.5, 1069, 2208, -7364, 7901, -104787, 14945, 30192, 52974
18256.8, 23, 2208, -7364, 7901, -104787, 14945, 30192, 52974
18261.0, 1090, 2026, -7456, 7505, -102779, 16249, 29518, 52974
18264.8, 1060, 2026, -7456, 7505, -102779, 16249, 29518, 53004
18267.1, 22, 2026, -7456, 7505, -102779, 16249, 29518, 53004
18272.8, 1131, 1600, -7559, 7447, -99493, 13072, 26547, 53007
18276.6, 1004, 1600, -7559, 7447, -99493, 13072, 26547, 53007
18280.9, 1048, 1549, -7227, 7086, -97634, 7070, 23599, 53007
18284.7, 1039, 1549, -7227, 7086, -97634, 7070, 23599, 52801
18286.9, 24, 1549, -7227, 7086, -97634, 7070, 23599, 52801
18292.7, 1144, 2109, -7008, 7499, -97165, 4396, 22159, 53000
18296.4, 1032, 2109, -7008, 7499, -97165, 4396, 22159, 53001
18300.7, 1055, 2143, -6963, 7523, -96759, 1098, 23971, 53001
18304.5, 1074, 2143, -6963, 7523, -96759, 1098, 23971, 53017
18308.7, 1098, 2348, -6807, 7296, -99445, 345, 25900, 53017
18312.4, 1058, 2348, -6807, 7296, -99445, 345, 25900, 53032
18316.2, 1014, 2348, -6807, 7296, -99445, 345, 25900, 53010
18320.4, 1096, 2411, -7236, 7878, -101842, 7306, 27904, 53010
18324.2, 1073, 2411, -7236, 7878, -101842, 7306, 27904, 53024
18328.4, 1085, 1724, -7424, 7553, -102201, 14030, 30012, 53024
18332.2, 1021, 1724, -7424, 7553, -102201, 14030, 30012, 53028
18335.9, 1041, 1724, -7424, 7553, -102201, 14030, 30012, 53037
18340.2, 1070, 1383, -7374, 7146, -104026, 17920, 29470, 53037
18344.0, 1053, 1383, -7374, 7146, -104026, 17920, 29470, 53021
18348.2, 1072, 1400, -8171, 6997, -103094, 23301, 29702, 53021
18352.0, 1008, 1400, -8171, 6997, -103094, 23301, 29702, 53035
18355.7, 1041, 1400, -8171, 6997, -103094, 23301, 29702, 53009
18360.0, 1118, 963, -8601, 6003, -99532, 31062, 30498, 53009
18363.7, 1068, 963, -8601, 6003, -99532, 31062, 30498, 52996
18368.0, 1070, 574, -8682, 6239, -94274, 37174, 27046, 52996
18371.7, 1003, 574, -8682, 6239, -94274, 37174, 27046, 53032
18374.0, 23, 574, -8682, 6239, -94274, 37174, 27046, 53032
18379.8, 1098, 178, -8789, 6732, -90108, 32559, 21949, 53019
18383.5, 1056, 178, -8789, 6732, -90108, 32559, 21949, 52660
18389.2, 1123, 332, -7680, 5477, -92384, 19490, 16472, 52652
18391.5, 25, 332, -7680, 5477, -92384, 19490, 16472, 52652
18393.8, 5, 332, -7680, 5477, -92384, 19490, 16472, 52652
18399.5, 1135, 1174, -7738, 5723, -95249, 10937, 15706, 52643
18401.8, 27, 1174, -7738, 5723, -95249, 10937, 15706, 52643
18407.5, 1113, 1817, -8571, 5330, -95459, 5442, 21118, 52630
18411.3, 1014, 1817, -8571, 5330, -95459, 5442, 21118, 52608
18415.5, 1072, 2335, -8797, 4945, -94554, 6479, 23931, 52608
18419.3, 1053, 2335, -8797, 4945, -94554, 6479, 23931, 52547
18421.5, 27, 2335, -8797, 4945, -94554, 6479, 23931, 52547
18425.7, 1091, 1898, -8846, 5074, -92427, 14813, 22063, 52547
18429.4, 1057, 1898, -8846, 5074, -92427, 14813, 22063, 52560
18431.7, 24, 1898, -8846, 5074, -92427, 14813, 22063, 52560
18436.0, 1039, 1088, -9293, 5291, -90686, 24587, 20707, 52560
18439.7, 1026, 1088, -9293, 5291, -90686, 24587, 20707, 52546
18442.0, 24, 1088, -9293, 5291, -90686, 24587, 20707, 52546
18447.7, 1127, 6, -9550, 5342, -87050, 34821, 20374, 52534
18451.5, 1015, 6, -9550, 5342, -87050, 34821, 20374, 52518
18455.7, 1063, -668, -8904, 4726, -84508, 41921, 18414, 52518
18459.4, 1017, -668, -8904, 4726, -84508, 41921, 18414, 52496
18463.6, 1075, -858, -8983, 5133, -83642, 41541, 15627, 52496
18467.4, 1005, -858, -8983, 5133, -83642, 41541, 15627, 52488
18471.2, 1027, -858, -8983, 5133, -83642, 41541, 15627, 52476
18475.4, 1088, -361, -9268, 4606, -84727, 31386, 13925, 52476
18479.2, 1070, -361, -9268, 4606, -84727, 31386, 13925, 52434
18483.4, 1019, 1034, -9329, 4451, -85252, 21144, 13772, 52434
18487.2, 993, 1034, -9329, 4451, -85252, 21144, 13772, 52396
18490.9, 1028, 1034, -9329, 4451, -85252, 21144, 13772, 52435
18495.2, 1090, 1930, -9640, 4451, -83673, 16520, 13580, 52435
18499.0, 1024, 1930, -9640, 4451, -83673, 16520, 13580, 52440
18503.2, 1027, 1940, -9616, 4216, -82701, 17858, 13330, 52440
18507.0, 980, 1940, -9616, 4216, -82701, 17858, 13330, 52905
18510.7, 1037, 1940, -9616, 4216, -82701, 17858, 13330, 52454
18515.0, 1062, 1322, -9977, 4517, -78974, 27702, 14551, 52454
18518.8, 1022, 1322, -9977, 4517, -78974, 27702, 14551, 52422
18523.0, 1018, 76, -9872, 4999, -75697, 37109, 14748, 52422
18526.7, 979, 76, -9872, 4999, -75697, 37109, 14748, 52427
18529.0, 21, 76, -9872, 4999, -75697, 37109, 14748, 52427
18534.8, 1082, -591, -9569, 5541, -76957, 39716, 11948, 52426
18538.5, 1015, -591, -9569, 5541, -76957, 39716, 11948, 52403
18544.2, 1078, -699, -9751, 5486, -78226, 35424, 11300, 52396
18547.9, 1007, -699, -9751, 5486, -78226, 35424, 11300, 52389
18553.6, 1095, -401, -9328, 4661, -79748, 28293, 11440, 52408
18555.9, 26, -401, -9328, 4661, -79748, 28293, 11440, 52408
18558.2, 6, -401, -9328, 4661, -79748, 28293, 11440, 52408
18563.9, 1110, 507, -9370, 4658, -82526, 25064, 10946, 52370
18566.2, 28, 507, -9370, 4658, -82526, 25064, 10946, 52370
18570.5, 1044, 507, -9370, 4658, -82526, 24434, 10145, 52370
18574.3, 1022, 507, -9370, 4658, -82526, 24434, 10145, 52359
18576.5, 26, 507, -9370, 4658, -82526, 24434, 10145, 52359
18580.8, 1069, 963, -9683, 4508, -84631, 24430, 8168, 52359
18584.5, 1035, 963, -9683, 4508, -84631, 24430, 8168, 52342
18586.8, 24, 963, -9683, 4508, -84631, 24430, 8168, 52342
18591.0, 1045, 1175, -9966, 5004, -86941, 22094, 7183, 52342
18594.8, 1029, 1175, -9966, 5004, -86941, 22094, 7183, 52274
18597.1, 25, 1175, -9966, 5004, -86941, 22094, 7183, 52274
18602.8, 1095, -3, -10041, 4126, -87444, 17837, 7140, 52260
18606.6, 978, -3, -10041, 4126, -87444, 17837, 7140, 52301
18610.8, 1066, -3, -9912, 3383, -88577, 16275, 5840, 52301
18614.6, 1006, -3, -9912, 3383, -88577, 16275, 5840, 52311
18618.9, 1014, -349, -9912, 3383, -88577, 16275, 5840, 52311
18622.6, 998, -349, -9912, 3383, -88577, 16275, 5840, 52237
18626.4, 1008, -349, -9912, 3383, -88577, 16275, 5840, 52243
18630.6, 1056, -973, -9943, 2529, -87164, 14087, 5215, 52243
18634.3, 1042, -973, -9943, 2529, -87164, 14087, 5215, 52225
18638.5, 1029, -973, -9943, 2529, -87164, 14087, 5215, 52225
18642.3, 985, -973, -9943, 2529, -87164, 14087, 5215, 52199
18646.1, 1017, -973, -9943, 2529, -87164, 14087, 5215, 52173
18650.4, 1046, -273, -10295, 1777, -83616, 13440, 5543, 52173
18654.1, 1021, -273, -10295, 1777, -83616, 13440, 5543, 52153
18658.3, 1011, -273, -10295, 1777, -83616, 13440, 5543, 52153
18662.1, 998, -273, -10295, 1777, -83616, 13440, 5543, 52136
18665.8, 1052, -273, -10295, 1777, -83616, 13440, 5543, 52123
18670.1, 1057, 253, -9780, 135, -76239, 6055, 5044, 52123
18673.8, 1022, 253, -9780, 135, -76239, 6055, 5044, 52102
18678.0, 1057, 253, -9780, 135, -76239, 6055, 5044, 52102
18681.7, 991, 253, -9780, 135, -76239, 6055, 5044, 52082
18684.0, 25, 253, -9780, 135, -76239, 6055, 5044, 52082
18689.7, 1108, 119, -10357, -470, -66763, 12613, 4716, 52052
18693.4, 1007, 119, -10357, -470, -66763, 12613, 4716, 52476
18699.1, 1062, 119, -10357, -470, -60039, 18681, 2826, 52011
18702.9, 980, 119, -10357, -470, -60039, 18681, 2826, 51960
18708.6, 1077, -592, -10085, -582, -60039, 18681, 2826, 51964
18710.8, 28, -592, -10085, -582, -60039, 18681, 2826, 51964
18713.2, 4, -592, -10085, -582, -60039, 18681, 2826, 51964
18718.9, 1102, -674, -9863, -31, -55598, 23616, 1526, 51933
18721.2, 27, -674, -9863, -31, -55598, 23616, 1526, 51933
18723.4, 5, -674, -9863, -31, -55598, 23616, 1526, 51933
18729.2, 1045, -564, -10226, 599, -52023, 22995, 2944, 51884
18731.4, 25, -564, -10226, 599, -52023, 22995, 2944, 51884
18735.7, 980, -110, -10297, 375, -49320, 21682, 4440, 51884
18739.5, 903, -110, -10297, 375, -49320, 21682, 4440, 51841
18741.7, 23, -110, -10297, 375, -49320, 21682, 4440, 51841
18746.0, 908, 489, -10505, 546, -45627, 23428, 4659, 51841
18749.8, 927, 489, -10505, 546, -45627, 23428, 4659, 51814
18752.1, 23, 489, -10505, 546, -45627, 23428, 4659, 51814
18757.8, 994, 361, -10411, 800, -39576, 28376, 4405, 51775
18761.5, 913, 361, -10411, 800, -39576, 28376, 4405, 51742
18765.8, 946, 176, -10237, 959, -35906, 29037, 3701, 51742
18769.6, 860, 176, -10237, 959, -35906, 29037, 3701, 51666
18771.9, 22, 176, -10237, 959, -35906, 29037, 3701, 51666
18776.1, 944, 105, -10267, 720, -32869, 29728, 3766, 51666
18779.9, 894, 105, -10267, 720, -32869, 29728, 3766, 51612
18784.1, 895, -40, -10367, 816, -27956, 34322, 4860, 51612
18787.9, 825, -40, -10367, 816, -27956, 34322, 4860, 51553
18791.6, 899, -40, -10367, 816, -27956, 34322, 4860, 51498
18795.9, 888, -202, -10502, 1180, -23170, 38636, 4939, 51498
18799.6, 877, -202, -10502, 1180, -23170, 38636, 4939, 51398
18803.8, 898, -489, -10567, 1734, -19613, 39957, 2550, 51398
18807.6, 834, -489, -10567, 1734, -19613, 39957, 2550, 51328
18811.3, 874, -489, -10567, 1734, -19613, 39957, 2550, 51270
18815.6, 907, -567, -10162, 2111, -16542, 37144, 1666, 51270
18819.4, 852, -567, -10162, 2111, -16542, 37144, 1666, 51236
18823.6, 860, -143, -9920, 2155, -14127, 30450, 2248, 51236
18827.4, 840, -143, -9920, 2155, -14127, 30450, 2248, 51074
18831.1, 878, -143, -9920, 2155, -14127, 30450, 2248, 50979
18835.4, 925, 147, -10079, 1920, -12893, 22780, 2174, 50979
18839.2, 852, 147, -10079, 1920, -12893, 22780, 2174, 50863
18843.4, 845, 171, -10294, 1328, -10115, 18419, 1828, 50863
18847.1, 801, 171, -10294, 1328, -10115, 18419, 1828, 50785
18850.9, 877, 171, -10294, 1328, -10115, 18419, 1828, 50733
18855.2, 877, -31, -10249, 867, -6470, 18047, 581, 50733
18859.0, 857, -31, -10249, 867, -6470, 18047, 581, 50627
18863.2, 929, -383, -10130, 799, -3202, 20571, -328, 50627
18867.0, 840, -383, -10130, 799, -3202, 20571, -328, 50488
18872.7, 926, -616, -10229, 993, 555, 22990, -634, 50384
18876.4, 852, -616, -10229, 993, 555, 22990, -634, 50263
18880.7, 904, -689, -10186, 1291, 3928, 22973, -345, 50263
18884.5, 871, -689, -10186, 1291, 3928, 22973, -345, 50156
18886.8, 23, -689, -10186, 1291, 3928, 22973, -345, 50156
18891.0, 910, -583, -10183, 1779, 5346, 19766, -288, 50156
18894.7, 860, -583, -10183, 1779, 5346, 19766, -288, 50022
18897.0, 22, -583, -10183, 1779, 5346, 19766, -288, 50022
18902.7, 948, 23, -10400, 1665, 8596, 13444, 91, 49973
18906.4, 877, 23, -10400, 1665, 8596, 13444, 91, 49889
18910.7, 889, 232, -10348, 1206, 11550, 9559, -896, 49889
18914.5, 850, 232, -10348, 1206, 11550, 9559, -896, 49803
18916.7, 20, 232, -10348, 1206, 11550, 9559, -896, 49803
18921.0, 929, 171, -10243, 1122, 15023, 9870, -1732, 49803
18924.7, 889, 171, -10243, 1122, 15023, 9870, -1732, 48300
18927.0, 22, 171, -10243, 1122, 15023, 9870, -1732, 48300
18932.8, 935, -202, -10264, 1351, 18992, 10517, -809, 48352
18936.6, 872, -202, -10264, 1351, 18992, 10517, -809, 48421
18940.8, 955, -644, -10291, 1581, 22080, 10837, -542, 48421
18944.6, 885, -644, -10291, 1581, 22080, 10837, -542, 48477
18948.9, 882, -458, -10603, 1764, 25957, 8351, -546, 48477
18952.6, 879, -458, -10603, 1764, 25957, 8351, -546, 48539
18956.3, 898, -458, -10603, 1764, 25957, 8351, -546, 48613
18960.6, 946, -498, -10844, 1782, 31268, 5254, -568, 48613
18964.3, 870, -498, -10844, 1782, 31268, 5254, -568, 48679
18968.5, 902, -778, -10503, 1448, 36216, 5963, -2314, 48679
18972.3, 863, -778, -10503, 1448, 36216, 5963, -2314, 48712
18976.0, 918, -778, -10503, 1448, 36216, 5963, -2314, 48755
18980.3, 916, -780, -10197, 2385, 39996, 5713, -3749, 48755
18984.4, 604, -780, -10197, 2385, 39996, 5713, -3749, 48818
18988.6, 900, -342, -10453, 2723, 44231, -4283, -3045, 48818
18992.4, 886, -342, -10453, 2723, 44231, -4283, -3045, 48887
18996.1, 941, -342, -10453, 2723, 44231, -4283, -3045, 48951
19000.4, 947, 375, -10829, 1578, 46839, -14892, -2165, 48951
19004.2, 902, 375, -10829, 1578, 46839, -14892, -2165, 48990
19008.4, 962, 538, -10538, 1068, 52767, -10596, -4633, 48990
19012.2, 915, 538, -10538, 1068, 52767, -10596, -4633, 49128
19015.9, 913, 538, -10538, 1068, 52767, -10596, -4633, 49200
19020.2, 919, -53, -10073, 2139, 57129, -2235, -7424, 49200
19024.0, 887, -53, -10073, 2139, 57129, -2235, -7424, 49259
19028.2, 959, -1060, -10141, 2491, 60489, -2791, -7844, 49259
19031.9, 958, -1060, -10141, 2491, 60489, -2791, -7844, 49234
19037.7, 1026, -1590, -10000, 2852, 62664, -6553, -8115, 49362
19041.4, 914, -1590, -10000, 2852, 62664, -6553, -8115, 49430
19045.7, 953, -1301, -9943, 3636, 64996, -13343, -8448, 49430
19049.5, 932, -1301, -9943, 3636, 64996, -13343, -8448, 49502
19051.8, 21, -1301, -9943, 3636, 64996, -13343, -8448, 49502
19056.0, 990, -742, -10064, 4010, 65206, -24395, -7599, 49502
19059.8, 921, -742, -10064, 4010, 65206, -24395, -7599, 49566
19062.0, 24, -742, -10064, 4010, 65206, -24395, -7599, 49566
19067.8, 989, -74, -10354, 3941, 66291, -34786, -7052, 49667
19071.5, 878, -74, -10354, 3941, 66291, -34786, -7052, 49699
19075.8, 948, 369, -10233, 3659, 67625, -39257, -7153, 49699
19079.6, 883, 369, -10233, 3659, 67625, -39257, -7153, 49756
19081.9, 21, 369, -10233, 3659, 67625, -39257, -7153, 49756
19087.6, 1042, 337, -10194, 2646, 70880, -34917, -7424, 49894
19091.3, 912, 337, -10194, 2646, 70880, -34917, -7424, 50157
19095.6, 954, -127, -10246, 3270, 75618, -26141, -7581, 50157
19099.3, 880, -127, -10246, 3270, 75618, -26141, -7581, 50331
19101.6, 21, -127, -10246, 3270, 75618, -26141, -7581, 50331
19105.9, 978, -793, -10393, 3613, 80063, -24986, -8093, 50331
19109.6, 959, -793, -10393, 3613, 80063, -24986, -8093, 50413
19113.9, 950, -811, -10449, 3790, 82120, -29899, -9025, 50413
19117.6, 965, -811, -10449, 3790, 82120, -29899, -9025, 50549
19121.3, 956, -811, -10449, 3790, 82120, -29899, -9025, 50714
19125.6, 1002, -501, -10515, 3554, 85935, -35823, -9227, 50714
19129.3, 936, -501, -10515, 3554, 85935, -35823, -9227, 50888
19133.6, 980, -51, -10317, 3823, 90065, -40565, -9966, 50888
19137.3, 1002, -51, -10317, 3823, 90065, -40565, -9966, 51003
19141.1, 984, -51, -10317, 3823, 90065, -40565, -9966, 51211
19145.4, 1003, 739, -10096, 4018, 92541, -43877, -10871, 51211
19149.1, 993, 739, -10096, 4018, 92541, -43877, -10871, 51371
19153.3, 1026, 1049, -9966, 3579, 94330, -44113, -11742, 51371
19157.1, 983, 1049, -9966, 3579, 94330, -44113, -11742, 51483
19160.8, 1009, 1049, -9966, 3579, 94330, -44113, -11742, 48477
19165.0, 993, 936, -10015, 3422, 98071, -35416, -12543, 48477
19168.8, 961, 936, -10015, 3422, 98071, -35416, -12543, 51667
19173.0, 1021, 465, -9836, 4111, 100950, -25712, -13868, 51667
19176.7, 997, 465, -9836, 4111, 100950, -25712, -13868, 51751
19179.0, 25, 465, -9836, 4111, 100950, -25712, -13868, 51751
19184.7, 1082, -245, -9298, 4628, 102096, -20300, -15203, 51853
19188.4, 992, -245, -9298, 4628, 102096, -20300, -15203, 51921
19194.1, 1060, -747, -9696, 4840, 104008, -19600, -14914, 52008
19196.4, 25, -747, -9696, 4840, 104008, -19600, -14914, 52008
19198.6, 5, -747, -9696, 4840, 104008, -19600, -14914, 52008
19204.3, 1115, -894, -9906, 5325, 106178, -24023, -14210, 52052
19206.6, 25, -894, -9906, 5325, 106178, -24023, -14210, 52052
19210.9, 999, -894, -9906, 5325, 106178, -24023, -14398, 52052
19214.6, 966, -894, -9906, 5325, 106178, -24023, -14398, 52107
19216.9, 23, -894, -9906, 5325, 106178, -24023, -14398, 52107
19222.6, 1161, -368, -9631, 5264, 109626, -33968, -14179, 52170
19226.3, 1007, -368, -9631, 5264, 109626, -33968, -14179, 52230
19230.6, 1043, 529, -9508, 4436, 109626, -33968, -14568, 52230
19234.3, 956, 529, -9508, 4436, 109626, -33968, -14568, 52323
19236.6, 22, 529, -9508, 4436, 109626, -33968, -14568, 52323
19240.9, 970, 1374, -9273, 5099, 113239, -25935, -15575, 52323
19244.7, 978, 1374, -9273, 5099, 113239, -25935, -15575, 52342
19246.9, 23, 1374, -9273, 5099, 113239, -25935, -15575, 52342
19252.7, 1142, 1479, -9237, 5140, 114180, -21726, -17513, 52371
19256.4, 997, 1479, -9237, 5140, 114180, -21726, -17513, 52417
19260.7, 981, 909, -9122, 5386, 115580, -17526, -19088, 52417
19264.4, 948, 909, -9122, 5386, 115580, -17526, -19088, 52426
19266.7, 21, 909, -9122, 5386, 115580, -17526, -19088, 52426
19271.0, 1058, 565, -9139, 6205, 118021, -15338, -18419, 52426
19274.8, 1051, 565, -9139, 6205, 118021, -15338, -18419, 52473
19279.0, 1003, -33, -9044, 6205, 118021, -15338, -18419, 52473
19282.8, 1017, -33, -9044, 6205, 118021, -15338, -18419, 52510
19286.5, 991, -33, -9044, 6205, 118021, -15338, -18419, 52554
19290.8, 1034, 95, -8614, 5855, 118778, -24609, -17019, 52554
19294.6, 1017, 95, -8614, 5855, 118778, -24609, -17019, 52601
19298.8, 1053, 731, -8751, 5855, 118778, -24609, -17019, 52601
19302.6, 1050, 731, -8751, 5855, 118778, -24609, -17019, 52653
19306.3, 1014, 731, -8751, 5855, 118778, -24609, -17019, 52649
19310.6, 1041, 918, -8899, 5952, 121797, -22706, -19683, 52649
19314.4, 1010, 918, -8899, 5952, 121797, -22706, -19683, 52689
19318.6, 1062, 981, -8899, 5952, 121797, -22706, -19683, 52689
19322.4, 1050, 981, -8899, 5952, 121797, -22706, -19683, 52711
19326.1, 1044, 981, -8899, 5952, 121797, -22706, -19683, 52691
19330.4, 1032, 928, -8645, 6644, 125595, -22461, -23765, 52691
19334.2, 1007, 928, -8645, 6644, 125595, -22461, -23765, 52751
19338.4, 1037, 1015, -8645, 6644, 125595, -22461, -23765, 52751
19342.1, 1030, 1015, -8645, 6644, 125595, -22461, -23765, 52777
19347.9, 1126, 1097, -8506, 6749, 127117, -24789, -24579, 52803
19351.6, 995, 1097, -8506, 6749, 127117, -24789, -24579, 52853
19353.9, 26, 1097, -8506, 6749, 127117, -24789, -24579, 52853
19359.6, 1107, 1352, -8487, 6639, 128806, -27877, -24526, 52852
19361.9, 26, 1352, -8487, 6639, 128806, -27877, -24526, 52852
19367.6, 1137, 1473, -8233, 6394, 130425, -28713, -25266, 52843
19371.4, 1002, 1473, -8233, 6394, 130425, -28713, -25266, 52904
19375.6, 1026, 1523, -8166, 7029, 132170, -28105, -26197, 52904
19379.4, 1023, 1523, -8166, 7029, 132170, -28105, -26197, 52925
19381.7, 25, 1523, -8166, 7029, 132170, -28105, -26197, 52925
19385.9, 1049, 1305, -8292, 7263, 134935, -28661, -26254, 52925
19389.7, 1029, 1305, -8292, 7263, 134935, -28661, -26254, 52962
19392.0, 23, 1305, -8292, 7263, 134935, -28661, -26254, 52962
19397.7, 1163, 870, -8045, 6765, 136510, -27042, -27317, 53006
19401.4, 1028, 870, -8045, 6765, 136510, -27042, -27317, 52991
19405.7, 1011, 1021, -7688, 7698, 136839, -24653, -29641, 52991
19409.5, 995, 1021, -7688, 7698, 136839, -24653, -29641, 52972
19411.8, 22, 1021, -7688, 7698, 136839, -24653, -29641, 52972
19416.0, 1082, 1507, -7600, 7553, 136909, -27899, -31920, 52972
19419.8, 999, 1507, -7600, 7553, 136909, -27899, -31920, 53018
19424.1, 1058, 1749, -7525, 7539, 138785, -29072, -33692, 53018
19427.8, 1078, 1749, -7525, 7539, 138785, -29072, -33692, 53048
19431.6, 1012, 1749, -7525, 7539, 138785, -29072, -33692, 53082
19435.9, 1052, 1779, -7428, 7752, 140802, -27847, -34269, 53082
19439.7, 1050, 1779, -7428, 7752, 140802, -27847, -34269, 53151
19443.9, 1034, 1805, -7226, 7774, 142312, -28486, -33871, 53151
19447.6, 1048, 1805, -7226, 7774, 142312, -28486, -33871, 53121
19451.4, 1034, 1805, -7226, 7774, 142312, -28486, -33871, 53154
19455.7, 1055, 1889, -7065, 7771, 143042, -29094, -33880, 53154
19459.5, 1034, 1889, -7065, 7771, 143042, -29094, -33880, 53173
19463.7, 1047, 1868, -7018, 7986, 143309, -29886, -34637, 53173
19467.4, 1057, 1868, -7018, 7986, 143309, -29886, -34637, 53213
19471.2, 1018, 1868, -7018, 7986, 143309, -29886, -34637, 53256
19475.4, 1064, 1835, -6783, 8102, 143344, -26661, -36286, 53256
19479.1, 1040, 1835, -6783, 8102, 143344, -26661, -36286, 53279
19483.4, 1088, 1704, -6275, 7797, 143344, -24749, -37153, 53279
19487.1, 1050, 1704, -6275, 7797, 143344, -24749, -37153, 53303
19490.9, 1033, 1704, -6275, 7797, 143344, -24749, -37153, 53753
19495.1, 1054, 1640, -5841, 7990, 143344, -24526, -37415, 53753
19498.9, 1029, 1640, -5841, 7990, 143344, -24526, -37415, 53772
19503.1, 1072, 1841, -5621, 8367, 143344, -26097, -38758, 53772
19506.8, 978, 1841, -5621, 8367, 143344, -26097, -38758, 53779
19509.1, 25, 1841, -5621, 8367, 143344, -26097, -38758, 53779
19514.8, 1087, 2004, -5289, 8310, 143344, -28372, -39843, 53791
19518.6, 1040, 2004, -5289, 8310, 143344, -28372, -39843, 53797
19522.8, 1070, 2334, -4996, 8430, 143344, -30607, -39725, 53797
19526.6, 997, 2334, -4996, 8430, 143344, -30607, -39725, 53785
19530.9, 1055, 2248, -4671, 8654, 143344, -27436, -39629, 53785
19534.6, 1039, 2248, -4671, 8654, 143344, -27436, -39629, 53799
19536.9, 24, 2248, -4671, 8654, 143344, -27436, -39629, 53799
19541.1, 1047, 2036, -4576, 9053, 143344, -24320, -39191, 53799
19544.9, 1027, 2036, -4576, 9053, 143344, -24320, -39191, 53801
19547.1, 24, 2036, -4576, 9053, 143344, -24320, -39191, 53801
19552.9, 1129, 2020, -4397, 8778, 143344, -21359, -38566, 53799
19556.6, 1014, 2020, -4397, 8778, 143344, -21359, -38566, 53809
19560.9, 1050, 2198, -4295, 9272, 143344, -17675, -38211, 53809
19564.6, 1004, 2198, -4295, 9272, 143344, -17675, -38211, 53794
19566.9, 23, 2198, -4295, 9272, 143344, -17675, -38211, 53794
19571.1, 1067, 2313, -4051, 9417, 143344, -16371, -38990, 53794
19574.9, 1023, 2313, -4051, 9417, 143344, -16371, -38990, 53752
19579.2, 1053, 2216, -3818, 8431, 143344, -17390, -41068, 53752
19582.9, 1051, 2216, -3818, 8431, 143344, -17390, -41068, 53778
19586.7, 1004, 2216, -3818, 8431, 143344, -17390, -41068, 53778
19590.9, 1052, 2185, -3380, 8394, 143344, -15163, -43453, 53778
19594.6, 1046, 2185, -3380, 8394, 143344, -15163, -43453, 53763
19598.9, 1065, 2403, -2958, 8916, 143344, -13930, -44398, 53763
19602.6, 1021, 2403, -2958, 8916, 143344, -13930, -44398, 53774
19606.4, 1016, 2403, -2958, 8916, 143344, -13930, -44398, 53751
19610.7, 1043, 2865, -2578, 9291, 143344, -14450, -43628, 53751
19614.4, 1042, 2865, -2578, 9291, 143344, -14450, -43628, 53736
19618.6, 1074, 2851, -2178, 8662, 143344, -16069, -41068, 53736
19622.4, 1015, 2851, -2178, 8662, 143344, -16069, -41068, 53737
19626.1, 1026, 2851, -2178, 8662, 143344, -16069, -41068, 53733
19630.3, 1058, 3071, -1825, 8276, 143344, -14687, -38080, 53733
19634.1, 1040, 3071, -1825, 8276, 143344, -14687, -38080, 53735
19638.3, 1083, 3170, -1574, 9159, 143344, -8557, -36173, 53735
19642.0, 1052, 3170, -1574, 9159, 143344, -8557, -36173, 53756
19645.7, 1022, 3170, -1574, 9159, 143344, -8557, -36173, 53719
19650.0, 1077, 2909, -1205, 9041, 143344, -10495, -34598, 53719
19653.7, 1044, 2909, -1205, 9041, 143344, -10495, -34598, 53729
19658.0, 1088, 2190, -1016, 8411, 143344, -9550, -34059, 53729
19661.7, 1008, 2190, -1016, 8411, 143344, -9550, -34059, 53702
19664.0, 26, 2190, -1016, 8411, 143344, -9550, -34059, 53702
19669.8, 1086, 2257, -972, 9489, 143344, -4305, -36636, 53695
19673.5, 1053, 2257, -972, 9489, 143344, -4305, -36636, 53691
19679.2, 1100, 2011, -497, 9622, 143344, -4698, -38802, 53626
19681.5, 25, 2011, -497, 9622, 143344, -4698, -38802, 53626
19683.8, 7, 2011, -497, 9622, 143344, -4698, -38802, 53626
19689.5, 1130, 1870, -541, 8276, 143344, -9528, -39016, 53674
19691.8, 25, 1870, -541, 8276, 143344, -9528, -39016, 53674
19697.5, 1138, 2100, -149, 8254, 143344, -2218, -40867, 53664
19701.3, 1004, 2100, -149, 8254, 143344, -2218, -40867, 53655
19705.5, 1070, 2186, -38, 8800, 143344, 9275, -44936, 53655
19709.3, 1029, 2186, -38, 8800, 143344, 9275, -44936, 53656
19711.5, 23, 2186, -38, 8800, 143344, 9275, -44936, 53656
19715.8, 1050, 2587, 400, 8700, 143344, 13794, -48287, 53656
19719.6, 1032, 2587, 400, 8700, 143344, 13794, -48287, 53636
19721.9, 23, 2587, 400, 8700, 143344, 13794, -48287, 53636
19727.6, 1144, 2978, 1237, 8209, 143344, 15837, -47876, 53643
19731.4, 1037, 2978, 1237, 8209, 143344, 15837, -47876, 53627
19735.7, 1086, 3563, 1834, 8468, 143344, 13707, -44148, 53627
19739.5, 1026, 3563, 1834, 8468, 143344, 13707, -44148, 53639
19741.7, 25, 3563, 1834, 8468, 143344, 13707, -44148, 53639
19746.0, 1100, 3663, 2376, 9531, 143344, 7070, -40508, 53639
19749.7, 1084, 3663, 2376, 9531, 143344, 7070, -40508, 53629
19753.9, 1118, 3663, 2376, 7592, 143344, -914, -35989, 53629
19757.7, 1056, 3663, 2376, 7592, 143344, -914, -35989, 53620
19761.4, 1038, 3663, 2376, 7592, 143344, -914, -35989, 53618
19765.7, 1090, 2742, 2298, 8574, 143344, 6168, -35193, 53618
19769.5, 1061, 2742, 2298, 8574, 143344, 6168, -35193, 53609
19773.7, 1104, 2742, 2298, 8480, 143344, 11843, -36943, 53609
19777.4, 1061, 2742, 2298, 8480, 143344, 11843, -36943, 53608
19781.2, 1069, 2742, 2298, 8480, 143344, 11843, -36943, 53606
19785.4, 1105, 2013, 2598, 6768, 143344, 16992, -38903, 53606
19789.2, 1074, 2013, 2598, 6768, 143344, 16992, -38903, 53534
19793.4, 1132, 2013, 2598, 8762, 143344, 31758, -41991, 53534
19797.1, 1070, 2013, 2598, 8762, 143344, 31758, -41991, 53590
19800.9, 1023, 2013, 2598, 8762, 143344, 31758, -41991, 53580
19805.1, 1127, 1710, 3187, 8880, 143344, 33963, -43667, 53580
19808.8, 1086, 1710, 3187, 8880, 143344, 33963, -43667, 53579
19813.1, 1099, 1710, 3187, 8880, 143344, 25777, -42390, 53579
19816.9, 1016, 1710, 3187, 8880, 143344, 25777, -42390, 53572
19820.6, 1048, 1710, 3187, 8880, 143344, 25777, -42390, 53557
19824.9, 1088, 2423, 4055, 6728, 143344, 32047, -42333, 53557
19828.6, 1080, 2423, 4055, 6728, 143344, 32047, -42333, 53490
19832.9, 1112, 2423, 4055, 7189, 143344, 42092, -43838, 53490
19836.6, 1029, 2423, 4055, 7189, 143344, 42092, -43838, 53534
19838.9, 29, 2423, 4055, 7189, 143344, 42092, -43838, 53534
19844.6, 1154, 2813, 4886, 7300, 143344, 47071, -45439, 53538
19846.9, 30, 2813, 4886, 7300, 143344, 47071, -45439, 53538
19852.6, 1150, 2813, 4886, 7300, 143344, 47071, -45439, 53529
19856.3, 984, 2813, 4886, 7300, 143344, 47071, -45439, 53527
19860.6, 1125, 2356, 5333, 7278, 143344, 48926, -43706, 53527
19864.3, 1109, 2356, 5333, 7278, 143344, 48926, -43706, 53516
19866.6, 28, 2356, 5333, 7278, 143344, 48926, -43706, 53516
19870.9, 1083, 1692, 5799, 6981, 143344, 46891, -37358, 53516
19874.6, 1086, 1692, 5799, 6981, 143344, 46891, -37358, 53453
19876.9, 28, 1692, 5799, 6981, 143344, 46891, -37358, 53453
19882.6, 1154, 1301, 5849, 7183, 143344, 47456, -30944, 53506
19886.3, 1021, 1301, 5849, 7183, 143344, 47456, -30944, 53501
19890.6, 1120, 1029, 5962, 7255, 143344, 45995, -26394, 53501
19894.3, 1073, 1029, 5962, 7255, 143344, 45995, -26394, 53505
19896.6, 26, 1029, 5962, 7255, 143344, 45995, -26394, 53505
19900.9, 1085, 1149, 5544, 6731, 143344, 42661, -22479, 53505
19904.7, 1053, 1149, 5544, 6731, 143344, 42661, -22479, 53490
19906.9, 27, 1149, 5544, 6731, 143344, 42661, -22479, 53490
19912.7, 1144, 939, 5114, 6476, 143344, 43374, -25484, 53490
19916.4, 1027, 939, 5114, 6476, 143344, 43374, -25484, 53500
19920.7, 1085, 1143, 4963, 6211, 143344, 43374, -25664, 53500
19924.4, 1079, 1143, 4963, 6211, 143344, 43374, -25664, 53495
19928.7, 1085, 1460, 5578, 6265, 143344, 41764, -25664, 53495
19932.4, 1062, 1460, 5578, 6265, 143344, 41764, -25664, 53501
19936.2, 1032, 1460, 5578, 6265, 143344, 41764, -25664, 53479
19940.4, 1105, 1814, 5789, 6647, 143344, 38876, -16170, 53479
19944.1, 1089, 1814, 5789, 6647, 143344, 38876, -16170, 53470
19948.4, 1097, 1488, 6186, 6390, 143344, 37183, -16170, 53470
19952.1, 1042, 1488, 6186, 6390, 143344, 37183, -16170, 53430
19955.9, 1064, 1488, 6186, 6390, 143344, 37183, -16170, 53436
19960.1, 1107, 1064, 6301, 6268, 143344, 39161, -5040, 53436
19963.9, 1064, 1064, 6301, 6268, 143344, 39161, -5040, 53431
19968.1, 1077, 732, 6351, 6605, 142342, 40513, -5040, 53431
19971.8, 1013, 732, 6351, 6605, 142342, 40513, -5040, 53433
19974.1, 27, 732, 6351, 6605, 142342, 40513, -5040, 53433
19979.8, 1113, 282, 6506, 5306, 136860, 37765, 2843, 53620
19983.6, 1053, 282, 6506, 5306, 136860, 37765, 2843, 53413
19987.8, 1064, 74, 6522, 5078, 133050, 36733, 2843, 53413
19991.6, 1021, 74, 6522, 5078, 133050, 36733, 2843, 53405
19993.9, 23, 74, 6522, 5078, 133050, 36733, 2843, 53405
19999.6, 1109, 609, 5938, 6378, 136777, 49228, 18594, 53399
20003.4, 1055, 609, 5938, 6378, 136777, 49228, 18594, 53404
20009.1, 1147, 504, 6168, 4768, 132674, 42818, 18594, 53381
20011.3, 29, 504, 6168, 4768, 132674, 42818, 18594, 53381
20015.6, 1078, 470, 6163, 3747, 127025, 36492, 13238, 53381
20019.4, 1054, 470, 6163, 3747, 127025, 36492, 13238, 53370
20021.6, 24, 470, 6163, 3747, 127025, 36492, 13238, 53370
20025.9, 1100, 665, 6950, 3888, 127568, 41593, 10574, 53370
20029.6, 1080, 665, 6950, 3888, 127568, 41593, 10574, 53358
20031.9, 23, 665, 6950, 3888, 127568, 41593, 10574, 53358
20036.1, 1100, 782, 7514, 4180, 128412, 51962, 10771, 53358
20039.9, 1079, 782, 7514, 4180, 128412, 51962, 10771, 53020
20042.1, 23, 782, 7514, 4180, 128412, 51962, 10771, 53020
20047.9, 1142, 770, 7655, 3811, 128386, 59002, 13059, 53021
20051.6, 1022, 770, 7655, 3811, 128386, 59002, 13059, 53017
20055.9, 1075, 976, 7929, 3796, 125210, 66032, 15964, 53017
20059.6, 1071, 976, 7929, 3796, 125210, 66032, 15964, 53030
20061.9, 24, 976, 7929, 3796, 125210, 66032, 15964, 53030
20066.1, 1109, 570, 8514, 4014, 119868, 71562, 17828, 53030
20069.9, 1095, 570, 8514, 4014, 119868, 71562, 17828, 53002
20074.1, 1087, 353, 8402, 3649, 115383, 71313, 20164, 53002
20077.9, 1037, 353, 8402, 3649, 115383, 71313, 20164, 53011
20081.6, 1042, 353, 8402, 3649, 115383, 71313, 20164, 53007
20085.9, 1080, 549, 9378, 3762, 114268, 71466, 25174, 53007
20089.6, 1090, 549, 9378, 3762, 114268, 71466, 25174, 53007
20093.8, 1069, 695, 8784, 3251, 112141, 72210, 30376, 53007
20097.6, 1059, 695, 8784, 3251, 112141, 72210, 30376, 53015
20101.4, 1041, 695, 8784, 3251, 112141, 72210, 30376, 53016
20105.7, 1073, 544, 7826, 3327, 111109, 69471, 32743, 53016
20109.4, 1090, 544, 7826, 3327, 111109, 69471, 32743, 53046
20113.6, 1094, 611, 7752, 3115, 110282, 68141, 33084, 53046
20117.4, 1012, 611, 7752, 3115, 110282, 68141, 33084, 53057
20121.1, 1055, 611, 7752, 3115, 110282, 68141, 33084, 53020
20125.4, 1097, 254, 7436, 3009, 108681, 71169, 32388, 53020
20129.2, 1059, 254, 7436, 3009, 108681, 71169, 32388, 53110
20133.4, 1064, 55, 7540, 3080, 104756, 76913, 28350, 53110
20137.2, 1022, 55, 7540, 3080, 104756, 76913, 28350, 53111
20140.9, 1068, 55, 7540, 3080, 104756, 76913, 28350, 53144
20145.2, 1106, 340, 8262, 2921, 101619, 79573, 22824, 53144
20149.0, 1064, 340, 8262, 2921, 101619, 79573, 22824, 53138
20153.2, 1070, 396, 8729, 3084, 99878, 78895, 15505, 53138
20156.9, 1008, 396, 8729, 3084, 99878, 78895, 15505, 53203
20162.7, 1116, 594, 9497, 2767, 94326, 74131, 9340, 53215
20166.4, 1013, 594, 9497, 2767, 94326, 74131, 9340, 53254
20168.7, 22, 594, 9497, 2767, 94326, 74131, 9340, 53254
20174.4, 1143, 1040, 11344, 2133, 87361, 69183, 3198, 53298
20176.7, 26, 1040, 11344, 2133, 87361, 69183, 3198, 53298
20180.9, 1095, 854, 10334, 1511, 86114, 69708, 3539, 53298
20184.7, 1073, 854, 10334, 1511, 86114, 69708, 3539, 53301
20187.0, 23, 854, 10334, 1511, 86114, 69708, 3539, 53301
20192.7, 1129, 1083, 9374, 1935, 86705, 66251, 5215, 53322
20196.4, 1044, 1083, 9374, 1935, 86705, 66251, 5215, 53360
20200.7, 1089, 814, 8956, 1802, 84417, 68828, 5792, 53360
20204.5, 1061, 814, 8956, 1802, 84417, 68828, 5792, 53368
20206.7, 26, 814, 8956, 1802, 84417, 68828, 5792, 53368
20211.0, 1105, 764, 8922, 1466, 80881, 71786, 3132, 53368
20214.7, 1074, 764, 8922, 1466, 80881, 71786, 3132, 53363
20217.0, 25, 764, 8922, 1466, 80881, 71786, 3132, 53363
20222.7, 1130, 419, 9319, 1437, 78786, 68500, -1238, 53454
20226.4, 1035, 419, 9319, 1437, 78786, 68500, -1238, 53459
20230.7, 1093, 17, 10064, 1769, 72429, 59072, -5258, 53459
20234.5, 1063, 17, 10064, 1769, 72429, 59072, -5258, 53496
20238.7, 1082, 130, 10455, 1563, 63333, 48012, -9507, 53496
20242.5, 1004, 130, 10455, 1563, 63333, 48012, -9507, 53523
20246.3, 1023, 130, 10455, 1563, 63333, 48012, -9507, 53556
20250.6, 1076, 943, 10219, 871, 56377, 42407, -16349, 53556
20254.3, 1071, 943, 10219, 871, 56377, 42407, -16349, 53034
20258.6, 1073, 1194, 11040, 513, 51210, 37708, -20558, 53034
20262.3, 1042, 1194, 11040, 513, 51210, 37708, -20558, 53626
20266.0, 1067, 1194, 11040, 513, 51210, 37708, -20558, 53633
20270.3, 1075, 1377, 11672, 579, 48300, 36645, -19661, 53633
20274.1, 1048, 1377, 11672, 579, 48300, 36645, -19661, 53669
20278.3, 1059, 1180, 10509, 795, 45391, 34243, -20505, 53669
20282.0, 1011, 1180, 10509, 795, 45391, 34243, -20505, 53696
20285.8, 1076, 1180, 10509, 795, 45391, 34243, -20505, 53721
20290.0, 1072, 1271, 10149, 674, 42219, 29431, -21551, 53721
20293.8, 1060, 1271, 10149, 674, 42219, 29431, -21551, 53727
20298.0, 1084, 1287, 10131, 242, 40871, 20239, -16909, 53727
20301.7, 1019, 1287, 10131, 242, 40871, 20239, -16909, 53792
20304.0, 20, 1287, 10131, 242, 40871, 20239, -16909, 53792
20309.7, 1130, 1443, 9534, 602, 33298, 11926, -15579, 53839
20313.4, 1056, 1443, 9534, 602, 33298, 11926, -15579, 53888
20319.1, 1072, 1251, 9954, 750, 27142, 4856, -15548, 53957
20322.9, 1005, 1251, 9954, 750, 27142, 4856, -15548, 53963
20328.6, 1112, 891, 9868, 835, 21079, -1413, -13383, 53994
20330.8, 28, 891, 9868, 835, 21079, -1413, -13383, 53994
20333.1, 4, 891, 9868, 835, 21079, -1413, -13383, 53994
20338.9, 1133, 763, 9798, 655, 13987, -6562, -11563, 54021
20341.1, 27, 763, 9798, 655, 13987, -6562, -11563, 54021
20343.4, 3, 763, 9798, 655, 13987, -6562, -11563, 54021
20349.2, 1136, 729, 9857, 641, 8330, -10955, -9165, 54055
20351.4, 27, 729, 9857, 641, 8330, -10955, -9165, 54055
20355.7, 1088, 708, 9777, 838, 1329, -14288, -7743, 54055
20359.4, 1064, 708, 9777, 838, 1329, -14288, -7743, 54071
20361.7, 24, 708, 9777, 838, 1329, -14288, -7743, 54071
20366.0, 1099, 507, 9855, 875, -4930, -16787, -8159, 54071
20369.8, 1070, 507, 9855, 875, -4930, -16787, -8159, 54095
20372.1, 24, 507, 9855, 875, -4930, -16787, -8159, 54095
20377.8, 1126, 370, 9671, 710, -11116, -19950, -7888, 54121
20381.5, 1047, 370, 9671, 710, -11116, -19950, -7888, 54140
20385.8, 1089, 527, 9753, 638, -17557, -22448, -6680, 54140
20389.9, 653, 527, 9753, 638, -17557, -22448, -6680, 54159
20394.2, 1071, 527, 9753, 638, -22308, -23437, -5372, 54159
20398.0, 1014, 527, 9753, 638, -22308, -23437, -5372, 54183
20401.7, 1032, 527, 9753, 638, -22308, -23437, -5372, 54222
20406.0, 1068, 334, 9550, 684, -26771, -25620, -5254, 54222
20409.7, 1078, 334, 9550, 684, -26771, -25620, -5254, 54230
20413.9, 1083, 334, 9550, 684, -31465, -29107, -4716, 54230
20417.7, 1022, 334, 9550, 684, -31465, -29107, -4716, 54253
20421.5, 1064, 334, 9550, 684, -31465, -29107, -4716, 54228
20425.7, 1098, 235, 9259, 500, -35888, -31994, -3583, 54228
20429.5, 1077, 235, 9259, 500, -35888, -31994, -3583, 54257
20433.7, 1056, 235, 9259, 500, -39826, -34541, -3211, 54257
20437.4, 1037, 235, 9259, 500, -39826, -34541, -3211, 54254
20441.2, 1072, 235, 9259, 500, -39826, -34541, -3211, 54267
20445.5, 1075, -139, 9107, 625, -44525, -35945, -3290, 54267
20449.3, 1049, -139, 9107, 625, -44525, -35945, -3290, 54272
20453.5, 1064, -139, 9107, 625, -48970, -36737, -3666, 54272
20457.2, 1023, -139, 9107, 625, -48970, -36737, -3666, 54262
20461.0, 1088, -139, 9107, 625, -48970, -36737, -3666, 54275
20465.3, 1097, -163, 9519, 1144, -53568, -37940, -4606, 54275
20469.1, 1037, -163, 9519, 1144, -53568, -37940, -4606, 54280
20473.3, 1070, -163, 9519, 1144, -58634, -40600, -6798, 54280
20477.0, 1026, -163, 9519, 1144, -58634, -40600, -6798, 54295
20482.8, 1113, -105, 9277, 1297, -63027, -43702, -9397, 54297
20486.5, 1036, -105, 9277, 1297, -63027, -43702, -9397, 54295
20488.8, 23, -105, 9277, 1297, -63027, -43702, -9397, 54295
20494.5, 1143, -6, 9124, 1344, -66413, -45518, -10666, 54297
20496.8, 26, -6, 9124, 1344, -66413, -45518, -10666, 54297
20501.0, 1088, 136, 9300, 1664, -66413, -45518, -10666, 54297
20504.8, 1090, 136, 9300, 1664, -66413, -45518, -10666, 54317
20507.1, 24, 136, 9300, 1664, -66413, -45518, -10666, 54317
20512.8, 1142, 255, 9150, 1476, -69082, -49171, -9927, 54362
20516.5, 1080, 255, 9150, 1476, -69082, -49171, -9927, 54309
20520.7, 1112, 339, 9025, 1688, -71939, -53612, -10907, 54309
20524.5, 1066, 339, 9025, 1688, -71939, -53612, -10907, 54311
20526.8, 25, 339, 9025, 1688, -71939, -53612, -10907, 54311
20531.0, 1097, 612, 8925, 1636, -75404, -55265, -14796, 54311
20534.8, 1079, 612, 8925, 1636, -75404, -55265, -14796, 54317
20537.1, 25, 612, 8925, 1636, -75404, -55265, -14796, 54317
20542.8, 1141, 518, 9223, 1924, -76624, -55112, -18274, 54348
20546.5, 1058, 518, 9223, 1924, -76624, -55112, -18274, 54308
20550.8, 1084, 364, 9725, 2062, -76528, -53870, -19014, 54308
20554.6, 1048, 364, 9725, 2062, -76528, -53870, -19014, 54307
20558.8, 1052, 211, 9734, 2410, -78641, -52763, -19438, 54307
20562.6, 1039, 211, 9734, 2410, -78641, -52763, -19438, 54315
20566.4, 1057, 211, 9734, 2410, -78641, -52763, -19438, 54287
20570.6, 1082, 70, 9586, 2650, -80203, -50685, -20365, 54287
20574.4, 1038, 70, 9586, 2650, -80203, -50685, -20365, 54308
20578.6, 1055, -104, 9735, 2596, -82465, -44787, -22006, 54308
20582.4, 1035, -104, 9735, 2596, -82465, -44787, -22006, 54300
20586.1, 1076, -104, 9735, 2596, -82465, -44787, -22006, 54298
20590.4, 1060, -203, 9954, 2614, -86757, -37979, -25042, 54298
20594.2, 1029, -203, 9954, 2614, -86757, -37979, -25042, 54293
20598.4, 1047, -139, 10333, 2910, -92042, -32931, -27593, 54293
20602.2, 1053, -139, 10333, 2910, -92042, -32931, -27593, 54008
20605.9, 1067, -139, 10333, 2910, -92042, -32931, -27593, 53986
20610.2, 1070, -62, 10410, 3019, -96474, -31973, -28490, 53986
20614.0, 1023, -62, 10410, 3019, -96474, -31973, -28490, 53957
20618.2, 1039, -74, 10313, 3259, -100364, -34541, -30021, 53957
20621.9, 1022, -74, 10313, 3259, -100364, -34541, -30021, 54310
20625.7, 1066, -74, 10313, 3259, -100364, -34541, -30021, 53843
20630.0, 1070, -260, 10101, 3181, -103164, -38885, -32239, 53843
20633.7, 1037, -260, 10101, 3181, -103164, -38885, -32239, 53794
20637.9, 1072, -288, 9784, 3068, -106060, -41786, -33066, 53794
20641.6, 1055, -288, 9784, 3068, -106060, -41786, -33066, 53723
20643.9, 24, -288, 9784, 3068, -106060, -41786, -33066, 53723
20649.6, 1125, 14, 8983, 3360, -106156, -41541, -31478, 53622
20651.9, 26, 14, 8983, 3360, -106156, -41541, -31478, 53622
20657.6, 1121, 151, 9217, 3644, -103431, -44048, -24517, 53498
20661.4, 1017, 151, 9217, 3644, -103431, -44048, -24517, 53411
20665.6, 1070, 235, 8605, 3282, -101291, -44048, -11217, 53411
20669.4, 1038, 235, 8605, 3282, -101291, -44048, -11217, 53333
20671.7, 24, 235, 8605, 3282, -101291, -44048, -11217, 53333
20675.9, 1085, 440, 8437, 3750, -99694, -42236, 1295, 53333
20679.7, 1041, 440, 8437, 3750, -99694, -42236, 1295, 53271
20682.0, 23, 440, 8437, 3750, -99694, -42236, 1295, 53271
20687.7, 1132, 1088, 8538, 4288, -101606, -33950, 12989, 53208
20691.4, 1052, 1088, 8538, 4288, -101606, -33950, 12989, 53181
20695.7, 1078, 95, 6903, 4679, -100499, -27615, 13090, 53181
20699.5, 1019, 95, 6903, 4679, -100499, -27615, 13090, 53133
20701.7, 23, 95, 6903, 4679, -100499, -27615, 13090, 53133
20706.0, 1091, -209, 6808, 4247, -103588, -23415, 2432, 53133
20709.7, 1033, -209, 6808, 4247, -103588, -23415, 2432, 53186
20713.9, 1078, -8, 7452, 4027, -103168, -15194, -6479, 53186
20717.7, 1034, -8, 7452, 4027, -103168, -15194, -6479, 53219
20721.4, 1048, -8, 7452, 4027, -103168, -15194, -6479, 53272
20725.7, 1078, -263, 8118, 4919, -100609, -9108, -8561, 53272
20729.5, 1015, -263, 8118, 4919, -100609, -9108, -8561, 53318
20733.7, 1039, -397, 8400, 5234, -102647, -12972, -5757, 53318
20737.4, 1052, -397, 8400, 5234, -102647, -12972, -5757, 53355
20741.2, 1051, -397, 8400, 5234, -102647, -12972, -5757, 53318
20745.5, 1071, -86, 8453, 5024, -103553, -22942, -498, 53318
20749.3, 1000, -86, 8453, 5024, -103553, -22942, -498, 53280
20753.5, 1036, 24, 8545, 5137, -102311, -33259, 5617, 53280
20757.3, 1062, 24, 8545, 5137, -102311, -33259, 5617, 53072
20761.0, 1055, 24, 8545, 5137, -102311, -33259, 5617, 52844
20765.3, 1038, 135, 8676, 6136, -105058, -44380, 10373, 52844
20769.1, 1013, 135, 8676, 6136, -105058, -44380, 10373, 52553
20773.3, 1059, 40, 8592, 6519, -108230, -54036, 11432, 52553
20777.0, 1035, 40, 8592, 6519, -108230, -54036, 11432, 52287
20780.8, 1062, 40, 8592, 6519, -108230, -54036, 11432, 51998
20785.1, 1037, -286, 8541, 6226, -113161, -57606, 11655, 51998
20788.9, 1024, -286, 8541, 6226, -113161, -57606, 11655, 51867
20793.1, 1043, -250, 8079, 5951, -120152, -55322, 11869, 51867
20796.9, 1016, -250, 8079, 5951, -120152, -55322, 11869, 51700
20799.1, 24, -250, 8079, 5951, -120152, -55322, 11869, 51700
20804.9, 1081, -95, 7632, 6265, -120454, -53822, 11593, 51537
20808.7, 1023, -95, 7632, 6265, -120454, -53822, 11593, 51333
20812.9, 1056, -155, 7381, 6885, -119548, -57120, 11327, 51333
20816.6, 1008, -155, 7381, 6885, -119548, -57120, 11327, 51218
20820.9, 1074, 107, 6978, 5599, -120100, -62887, 13877, 51218
20824.7, 1027, 107, 6978, 5599, -120100, -62887, 13877, 51111
20827.0, 22, 107, 6978, 5599, -120100, -62887, 13877, 51111
20832.7, 1153, 792, 6669, 5552, -115882, -63530, 16577, 51022
20836.4, 1043, 792, 6669, 5552, -115882, -63530, 16577, 50965
20840.7, 1087, 1053, 6601, 7154, -114421, -61167, 16817, 50965
20844.5, 1031, 1053, 6601, 7154, -114421, -61167, 16817, 50863
20846.7, 26, 1053, 6601, 7154, -114421, -61167, 16817, 50863
20851.0, 1054, 1265, 6554, 6722, -116958, -63696, 18121, 50863
20854.7, 1028, 1265, 6554, 6722, -116958, -63696, 18121, 50809
20857.0, 24, 1265, 6554, 6722, -116958, -63696, 18121, 50809
20862.7, 1139, 1516, 6452, 6081, -120786, -66146, 19871, 50786
20866.5, 1034, 1516, 6452, 6081, -120786, -66146, 19871, 50750
20870.7, 1065, 1621, 6062, 6504, -118258, -63683, 19473, 50750
20874.4, 1011, 1621, 6062, 6504, -118258, -63683, 19473, 50748
20876.7, 24, 1621, 6062, 6504, -118258, -63683, 19473, 50748
20881.0, 1056, 1896, 6117, 6215, -114171, -51564, 20383, 50748
20884.7, 1044, 1896, 6117, 6215, -114171, -51564, 20383, 50741
20889.0, 1073, 1746, 5858, 7561, -114779, -39642, 23485, 50741
20892.7, 1070, 1746, 5858, 7561, -114779, -39642, 23485, 50730
20896.5, 1045, 1746, 5858, 7561, -114779, -39642, 23485, 50759
20900.7, 1084, 1253, 5456, 6690, -116070, -37196, 27816, 50759
20904.5, 1021, 1253, 5456, 6690, -116070, -37196, 27816, 50813
20908.8, 1038, 1105, 5021, 6125, -113305, -30362, 31544, 50813
20912.5, 1068, 1105, 5021, 6125, -113305, -30362, 31544, 50859
20916.3, 1038, 1105, 5021, 6125, -113305, -30362, 31544, 53181
20920.5, 1082, 1104, 4974, 8606, -112351, -27510, 31688, 53181
20924.3, 1041, 1104, 4974, 8606, -112351, -27510, 31688, 50984
20928.5, 1072, 1045, 5150, 9101, -117225, -44940, 31224, 50984
20932.3, 1050, 1045, 5150, 9101, -117225, -44940, 31224, 51026
20936.0, 1058, 1045, 5150, 9101, -117225, -44940, 31224, 51033
20940.3, 1057, 950, 5052, 6690, -123219, -63092, 32896, 51033
20944.0, 1049, 950, 5052, 6690, -123219, -63092, 32896, 51037
20948.2, 1075, 1242, 4288, 7128, -120113, -62651, 32099, 51037
20952.0, 1034, 1242, 4288, 7128, -120113, -62651, 32099, 51057
20955.8, 1052, 1242, 4288, 7128, -120113, -62651, 32099, 53355
20960.0, 1074, 1389, 3762, 7768, -115392, -53795, 27987, 53355
20963.8, 1051, 1389, 3762, 7768, -115392, -53795, 27987, 51098
20968.0, 1061, 1984, 3349, 6311, -113519, -43002, 24719, 51098
20971.8, 1042, 1984, 3349, 6311, -113519, -43002, 24719, 51110
20976.0, 1064, 1984, 3349, 6311, -112570, -25668, 22579, 51110
20979.8, 1040, 1984, 3349, 6311, -112570, -25668, 22579, 51135
20982.0, 25, 1984, 3349, 6311, -112570, -25668, 22579, 51135
20987.8, 1138, 2626, 3182, 8447, -110033, -17325, 23673, 51149
20991.5, 1030, 2626, 3182, 8447, -110033, -17325, 23673, 51148
20995.8, 1070, 2773, 3236, 8447, -113152, -24172, 28822, 51148
20999.6, 1033, 2773, 3236, 8447, -113152, -24172, 28822, 51101
21001.9, 23, 2773, 3236, 8447, -113152, -24172, 28822, 51101
21007.6, 1165, 2362, 3290, 7718, -116678, -32729, 32585, 51138
21011.3, 1042, 2362, 3290, 7718, -116678, -32729, 32585, 51146
21015.6, 1053, 1785, 3290, 7718, -116639, -32344, 31964, 51146
21019.4, 1042, 1785, 3290, 7718, -116639, -32344, 31964, 51166
21021.7, 23, 1785, 3290, 7718, -116639, -32344, 31964, 51166
21025.9, 1053, 2056, 2500, 7830, -114499, -27921, 26985, 51166
21029.7, 1002, 2056, 2500, 7830, -114499, -27921, 26985, 51208
21032.0, 23, 2056, 2500, 7830, -114499, -27921, 26985, 51208
21037.7, 1150, 2380, 2107, 8069, -115068, -25572, 21652, 51212
21041.5, 1046, 2380, 2107, 8069, -115068, -25572, 21652, 51244
21045.8, 1059, 2749, 1677, 7783, -111380, -21039, 17460, 51244
21049.6, 1017, 2749, 1677, 7783, -111380, -21039, 17460, 51289
21053.8, 1062, 2749, 1677, 7783, -111380, -21039, 17460, 51289
21057.6, 1061, 2749, 1677, 7783, -111380, -21039, 17460, 51359
21061.4, 1039, 2749, 1677, 7783, -111380, -21039, 17460, 51411
21065.7, 1040, 2915, 1470, 8587, -107403, 12425, 16375, 51411
21069.4, 1063, 2915, 1470, 8587, -107403, 12425, 16375, 51454
21073.6, 1077, 2915, 1470, 8587, -107403, 12425, 16375, 51454
21077.4, 1046, 2915, 1470, 8587, -107403, 12425, 16375, 51512
21081.1, 1049, 2915, 1470, 8587, -107403, 12425, 16375, 51548
21085.4, 1056, 2497, 2508, 7961, -112994, 4913, 18585, 51548
21089.2, 1029, 2497, 2508, 7961, -112994, 4913, 18585, 51555
21093.4, 1089, 2497, 2508, 7961, -112994, 4913, 18585, 51555
21097.1, 1048, 2497, 2508, 7961, -112994, 4913, 18585, 51561
21100.9, 1045, 2497, 2508, 7961, -112994, 4913, 18585, 51546
21105.1, 1052, 3589, 2184, 9565, -113038, 9192, 19797, 51546
21108.9, 1051, 3589, 2184, 9565, -113038, 9192, 19797, 51589
21113.1, 1090, 3589, 2184, 9565, -113038, 9192, 19797, 51589
21116.8, 1049, 3589, 2184, 9565, -113038, 9192, 19797, 51560
21120.6, 1009, 3589, 2184, 9565, -113038, 9192, 19797, 51567
21124.8, 1048, 3594, 1155, 8568, -118498, -1640, 24084, 51567
21128.6, 1063, 3594, 1155, 8568, -118498, -1640, 24084, 51585
21134.3, 1099, 3594, 1155, 8568, -118498, -1640, 24084, 51560
21136.6, 24, 3594, 1155, 8568, -118498, -1640, 24084, 51560
21140.8, 1061, 3091, 693, 8465, -117111, 4655, 28376, 51560
21144.6, 1012, 3091, 693, 8465, -117111, 4655, 28376, 51574
21146.9, 22, 3091, 693, 8465, -117111, 4655, 28376, 51574
21152.6, 1137, 2626, 155, 9312, -115624, 8216, 30730, 51610
21156.4, 1038, 2626, 155, 9312, -115624, 8216, 30730, 51647
21160.6, 1075, 2390, -96, 9732, -116503, -1290, 31754, 51647
21164.4, 1046, 2390, -96, 9732, -116503, -1290, 31754, 51650
21166.7, 24, 2390, -96, 9732, -116503, -1290, 31754, 51650
21170.9, 1064, 2025, -176, 8592, -117221, -8824, 33434, 51650
21174.7, 1036, 2025, -176, 8592, -117221, -8824, 33434, 52204
21177.0, 23, 2025, -176, 8592, -117221, -8824, 33434, 52204
21182.7, 1137, 2067, -350, 8377, -116228, -9266, 33819, 52232
21186.4, 1031, 2067, -350, 8377, -116228, -9266, 33819, 52242
21190.7, 1057, 2504, -511, 9166, -115388, -6733, 32392, 52242
21194.5, 1025, 2504, -511, 9166, -115388, -6733, 32392, 52251
21196.7, 23, 2504, -511, 9166, -115388, -6733, 32392, 52251
21201.0, 1057, 2826, -527, 9205, -118577, -8640, 31321, 52251
21204.7, 1058, 2826, -527, 9205, -118577, -8640, 31321, 52250
21208.9, 1077, 2638, -425, 8023, -120283, -6772, 32576, 52250
21212.7, 1067, 2638, -425, 8023, -120283, -6772, 32576, 52275
21216.4, 1057, 2638, -425, 8023, -120283, -6772, 32576, 52283
21220.6, 1072, 2551, -652, 8670, -119802, 4213, 32581, 52283
21224.4, 1043, 2551, -652, 8670, -119802, 4213, 32581, 52304
21228.6, 1106, 2383, -832, 8989, -119548, 10622, 30831, 52304
21232.3, 1051, 2383, -832, 8989, -119548, 10622, 30831, 52311
21236.1, 1038, 2383, -832, 8989, -119548, 10622, 30831, 52337
21240.4, 1030, 2750, -1106, 9215, -119321, 14057, 30292, 52337
21244.2, 1073, 2750, -1106, 9215, -119321, 14057, 30292, 52357
21248.4, 1089, 2883, -1902, 9875, -118398, 11226, 31404, 52357
21252.1, 1059, 2883, -1902, 9875, -118398, 11226, 31404, 52383
21255.9, 1020, 2883, -1902, 9875, -118398, 11226, 31404, 52450
21260.1, 1099, 2501, -2471, 9541, -118787, -2865, 32029, 52450
21263.8, 1091, 2501, -2471, 9541, -118787, -2865, 32029, 52451
21268.1, 1100, 1710, -2514, 7909, -118122, -7940, 31710, 52451
21271.9, 1020, 1710, -2514, 7909, -118122, -7940, 31710, 52547
21275.6, 1040, 1710, -2514, 7909, -118122, -7940, 31710, 52581
21279.9, 1096, 1748, -2496, 8117, -114320, 909, 30047, 52581
21283.6, 1081, 1748, -2496, 8117, -114320, 909, 30047, 52612
21287.9, 1106, 2282, -2376, 9753, -113336, 5131, 27479, 52612
21291.6, 1029, 2282, -2376, 9753, -113336, 5131, 27479, 52609
21293.9, 27, 2282, -2376, 9753, -113336, 5131, 27479, 52609
21299.6, 1133, 2891, -2346, 9343, -115143, 2782, 26272, 52666
21301.9, 25, 2891, -2346, 9343, -115143, 2782, 26272, 52666
21307.7, 1153, 3149, -2318, 9147, -116123, 4523, 27672, 52698
21311.4, 1040, 3149, -2318, 9147, -116123, 4523, 27672, 52720
21315.7, 1051, 3518, -2402, 9181, -117470, 7708, 30078, 52720
21319.5, 1064, 3518, -2402, 9181, -117470, 7708, 30078, 52780
21321.7, 24, 3518, -2402, 9181, -117470, 7708, 30078, 52780
21326.0, 1083, 3852, -2413, 9806, -119321, 7109, 32222, 52780
21329.8, 1061, 3852, -2413, 9806, -119321, 7109, 32222, 52760
21332.1, 24, 3852, -2413, 9806, -119321, 7109, 32222, 52760
21337.8, 1136, 3540, -2413, 8941, -120826, 3259, 35735, 52786
21341.5, 1041, 3540, -2413, 8941, -120826, 3259, 35735, 52791
21345.8, 1062, 3000, -2930, 8915, -120581, 6146, 39095, 52791
21349.6, 1020, 3000, -2930, 8915, -120581, 6146, 39095, 52798
21351.9, 23, 3000, -2930, 8915, -120581, 6146, 39095, 52798
21356.1, 1088, 2547, -3621, 9641, -118678, 7201, 40766, 52798
21359.9, 1013, 2547, -3621, 9641, -118678, 7201, 40766, 52808
21364.2, 1077, 1835, -3885, 8984, -119470, -2436, 40377, 52808
21367.9, 1074, 1835, -3885, 8984, -119470, -2436, 40377, 52828
21371.7, 1025, 1835, -3885, 8984, -119470, -2436, 40377, 52804
