timestamp, 1145, 940, -10046, 1870, 73124, -32786, 21363, 40910
2981.1, 1200, 940, -10046, 1870, 73124, -32786, 21363, 40883
2985.3, 1155, 912, -10054, 1846, 71580, -25410, 23467, 40883
2989.1, 1153, 912, -10054, 1846, 71580, -25410, 23467, 40913
2993.3, 1215, 730, -9700, 1744, 72258, -15942, 26862, 40913
2997.0, 1168, 730, -9700, 1744, 72258, -15942, 26862, 40947
3000.7, 1176, 730, -9700, 1744, 72258, -15942, 26862, 40938
3005.0, 1147, 205, -9834, 1818, 72512, -8334, 30988, 40938
3008.7, 1128, 205, -9834, 1818, 72512, -8334, 30988, 40919
3013.0, 1148, -385, -9996, 1645, 74594, -7328, 33333, 40919
3016.8, 1110, -385, -9996, 1645, 74594, -7328, 33333, 40961
3022.6, 1271, -886, -9635, 1767, 78313, -6671, 34615, 40751
3026.3, 1151, -886, -9635, 1767, 78313, -6671, 34615, 40993
3028.6, 33, -886, -9635, 1767, 78313, -6671, 34615, 40993
3034.3, 1223, -1056, -10052, 2968, 79153, -8575, 35298, 40976
3036.6, 35, -1056, -10052, 2968, 79153, -8575, 35298, 40976
3040.9, 1188, -640, -9964, 2918, 80737, -13873, 33744, 40976
3044.7, 1163, -640, -9964, 2918, 80737, -13873, 33744, 41019
3047.0, 34, -640, -9964, 2918, 80737, -13873, 33744, 41019
3052.7, 1290, -198, -9933, 3087, 80448, -15032, 30721, 41026
3056.4, 1146, -198, -9933, 3087, 80448, -15032, 30721, 41036
3060.6, 1160, 1, -9803, 4046, 81494, -13672, 29168, 41036
3064.4, 1148, 1, -9803, 4046, 81494, -13672, 29168, 41047
3066.6, 34, 1, -9803, 4046, 81494, -13672, 29168, 41047
3070.9, 1189, 182, -9598, 3640, 79788, -13877, 29422, 41047
3074.7, 1134, 182, -9598, 3640, 79788, -13877, 29422, 41040
3077.0, 33, 182, -9598, 3640, 79788, -13877, 29422, 41040
3082.7, 1272, 14, -9169, 3244, 78186, -12118, 31605, 41048
3086.4, 1121, 14, -9169, 3244, 78186, -12118, 31605, 41051
3090.7, 1197, -163, -8907, 3502, 75596, -7105, 34969, 41051
3094.5, 1173, -163, -8907, 3502, 75596, -7105, 34969, 41028
3098.7, 1185, -513, -8844, 3335, 71510, -1819, 38369, 41028
3102.5, 1245, -513, -8844, 3335, 71510, -1819, 38369, 41048
3106.3, 1160, -513, -8844, 3335, 71510, -1819, 38369, 41245
3110.5, 1147, -826, -8994, 3754, 68443, 1483, 41195, 41245
3114.3, 1124, -826, -8994, 3754, 68443, 1483, 41195, 41251
3118.5, 1160, -1006, -9389, 3972, 68854, 293, 41825, 41251
3122.3, 1151, -1006, -9389, 3972, 68854, 293, 41825, 41269
3126.0, 1158, -1006, -9389, 3972, 68854, 293, 41825, 41242
3130.3, 1194, -1103, -9307, 3687, 67384, -476, 40937, 41242
3134.0, 1191, -1103, -9307, 3687, 67384, -476, 40937, 41236
3138.3, 1149, -1082, -9132, 4580, 64086, 415, 39708, 41236
3142.0, 1154, -1082, -9132, 4580, 64086, 415, 39708, 41236
3145.8, 1189, -1082, -9132, 4580, 64086, 415, 39708, 41259
3150.0, 1193, -1173, -8933, 4730, 61355, -3031, 36938, 41259
3153.8, 1181, -1173, -8933, 4730, 61355, -3031, 36938, 41215
3158.0, 1186, -1305, -8739, 4237, 57794, -6155, 34094, 41215
3161.7, 1242, -1305, -8739, 4237, 57794, -6155, 34094, 41226
3165.5, 1106, -1305, -8739, 4237, 57794, -6155, 34094, 41228
3169.7, 1181, -1545, -8532, 4228, 55734, -5875, 34444, 41228
3173.4, 1150, -1545, -8532, 4228, 55734, -5875, 34444, 41212
3179.2, 1233, -1430, -8831, 4219, 54557, -6645, 37949, 41218
3182.9, 1172, -1430, -8831, 4219, 54557, -6645, 37949, 41227
3188.6, 1287, -980, -9169, 3357, 51358, -11602, 39878, 41227
3190.8, 36, -980, -9169, 3357, 51358, -11602, 39878, 41227
3193.1, 9, -980, -9169, 3357, 51358, -11602, 39878, 41227
3198.8, 1307, -772, -9154, 3378, 50908, -14940, 38023, 41237
3201.0, 36, -772, -9154, 3378, 50908, -14940, 38023, 41237
3203.3, 9, -772, -9154, 3378, 50908, -14940, 38023, 41237
3209.0, 1324, -709, -9175, 3910, 50160, -12048, 35249, 41232
3211.3, 39, -709, -9175, 3910, 50160, -12048, 35249, 41232
3215.5, 1146, -1051, -9372, 4283, 49622, -6457, 35267, 41232
3219.3, 1116, -1051, -9372, 4283, 49622, -6457, 35267, 41234
3221.6, 31, -1051, -9372, 4283, 49622, -6457, 35267, 41234
3225.8, 1517, -1240, -9624, 4918, 52518, -5153, 36803, 41234
3229.5, 1244, -1240, -9624, 4918, 52518, -5153, 36803, 41260
3231.8, 37, -1240, -9624, 4918, 52518, -5153, 36803, 41260
3236.0, 1234, -1121, -9521, 3700, 51533, -7770, 35809, 41260
3239.7, 1157, -1121, -9521, 3700, 51533, -7770, 35809, 41246
3242.0, 34, -1121, -9521, 3700, 51533, -7770, 35809, 41246
3247.7, 1357, -1205, -8816, 2534, 49337, -9065, 32174, 41259
3251.4, 1179, -1205, -8816, 2534, 49337, -9065, 32174, 41254
3255.7, 1236, -1381, -8350, 3157, 46874, -12643, 28726, 41254
3259.5, 1186, -1381, -8350, 3157, 46874, -12643, 28726, 41220
3263.7, 1258, -1424, -8166, 3700, 43037, -11029, 27536, 41220
3267.5, 1202, -1424, -8166, 3700, 43037, -11029, 27536, 41247
3271.2, 1197, -1424, -8166, 3700, 43037, -11029, 27536, 41260
3275.5, 1202, -1323, -8577, 4039, 37306, -4055, 26823, 41260
3279.2, 1172, -1323, -8577, 4039, 37306, -4055, 26823, 41249
3283.4, 1294, -1325, -9150, 4861, 37069, -363, 24526, 41249
3287.1, 1288, -1325, -9150, 4861, 37069, -363, 24526, 41287
3290.9, 1201, -1325, -9150, 4861, 37069, -363, 24526, 41252
3295.1, 1290, -1495, -9278, 4836, 35980, -1728, 21004, 41252
3298.8, 1322, -1495, -9278, 4836, 35980, -1728, 21004, 41262
3303.1, 1324, -1445, -8910, 4331, 35993, -5013, 17368, 41262
3306.8, 1301, -1445, -8910, 4331, 35993, -5013, 17368, 41258
3309.1, 44, -1445, -8910, 4331, 35993, -5013, 17368, 41258
3314.9, 1221, -1104, -8276, 4432, 36019, -7752, 15982, 41260
3318.6, 1189, -1104, -8276, 4432, 36019, -7752, 15982, 41273
3322.8, 1667, -889, -7732, 4113, 30008, -10679, 15780, 41273
3326.6, 1513, -889, -7732, 4113, 30008, -10679, 15780, 41304
3328.8, 59, -889, -7732, 4113, 30008, -10679, 15780, 41304
3334.6, 1268, -1074, -7270, 4536, 27996, -12622, 16747, 41281
3338.3, 1311, -1074, -7270, 4536, 27996, -12622, 16747, 41279
3344.0, 1323, -1178, -7712, 3984, 24172, -7135, 18252, 41283
3347.7, 1285, -1178, -7712, 3984, 24172, -7135, 18252, 41267
3353.4, 1386, -1178, -8338, 3835, 20059, 1500, 17754, 41291
3357.2, 1203, -1178, -8338, 3835, 20059, 1500, 17754, 41293
3362.9, 1375, -1338, -8338, 3835, 16327, 5451, 13173, 41291
3366.6, 1431, -1338, -8338, 3835, 16327, 5451, 13173, 41308
3370.8, 1192, -1466, -8353, 4269, 12140, 8251, 7980, 41308
3374.6, 1107, -1466, -8353, 4269, 12140, 8251, 7980, 41298
3376.9, 35, -1466, -8353, 4269, 12140, 8251, 7980, 41298
3382.6, 1815, -1749, -7911, 5142, 10040, 9296, 5656, 41306
3386.3, 1515, -1749, -7911, 5142, 10040, 9296, 5656, 41301
3390.6, 1152, -1928, -7767, 5624, 9419, 6186, 5477, 41301
3394.3, 1045, -1928, -7767, 5624, 9419, 6186, 5477, 41296
3396.6, 30, -1928, -7767, 5624, 9419, 6186, 5477, 41296
3400.9, 1443, -2060, -8140, 5199, 14652, -1588, 6641, 41296
3404.7, 1290, -2060, -8140, 5199, 14652, -1588, 6641, 41306
3407.0, 65, -2060, -8140, 5199, 14652, -1588, 6641, 41306
3412.7, 1481, -1727, -8256, 3588, 13982, -8684, 7398, 41303
3416.4, 1253, -1727, -8256, 3588, 13982, -8684, 7398, 41300
3420.7, 1273, -1727, -8256, 3588, 13685, -12753, 6461, 41300
3424.4, 1295, -1727, -8256, 3588, 13685, -12753, 6461, 41315
3428.6, 1380, -1232, -7606, 3914, 13685, -12753, 6461, 41315
3432.3, 1240, -1232, -7606, 3914, 13685, -12753, 6461, 41317
3436.0, 1324, -1232, -7606, 3914, 13685, -12753, 6461, 41315
3440.3, 1631, -1046, -7299, 4474, 6531, -3080, 3736, 41315
3444.0, 1326, -1046, -7299, 4474, 6531, -3080, 3736, 41312
3448.2, 1387, -1275, -7846, 4931, 6531, -3080, 3736, 41312
3452.0, 1234, -1275, -7846, 4931, 6531, -3080, 3736, 41309
3455.8, 1361, -1275, -7846, 4931, 6531, -3080, 3736, 41298
3460.0, 1380, -1443, -8467, 5121, -2865, 13357, 1268, 41298
3463.8, 1296, -1443, -8467, 5121, -2865, 13357, 1268, 41310
3468.0, 1264, -1654, -8450, 4967, -2865, 13357, 1268, 41310
3471.7, 1318, -1654, -8450, 4967, -2865, 13357, 1268, 41288
3474.0, 93, -1654, -8450, 4967, -2865, 13357, 1268, 41288
3479.8, 1325, -1920, -7992, 4945, -8163, 8386, -5000, 41300
3483.5, 1107, -1920, -7992, 4945, -8163, 8386, -5000, 41291
3487.7, 1365, -2167, -7655, 5413, -8163, 8386, -5000, 41291
3491.4, 1756, -2167, -7655, 5413, -8163, 8386, -5000, 41291
3493.7, 756, -2167, -7655, 5413, -8163, 8386, -5000, 41291
3499.4, 1461, -2181, -7822, 5623, -6168, -6133, -3902, 41316
3503.1, 1330, -2181, -7822, 5623, -6168, -6133, -3902, 41308
3508.8, 1356, -1838, -8221, 5289, -7323, -11506, -4838, 41275
3512.6, 1275, -1838, -8221, 5289, -7323, -11506, -4838, 41314
3518.3, 1454, -1377, -8136, 4080, -7323, -11506, -4838, 41318
3522.0, 1321, -1377, -8136, 4080, -7323, -11506, -4838, 41318
3527.7, 1447, -1125, -7795, 3972, -7761, -13505, -8137, 41347
3531.4, 1240, -1125, -7795, 3972, -7761, -13505, -8137, 41327
3535.7, 1287, -1080, -7852, 4567, -8111, -11370, -9896, 41327
3539.4, 1436, -1080, -7852, 4567, -8111, -11370, -9896, 41318
3541.7, 53, -1080, -7852, 4567, -8111, -11370, -9896, 41318
3545.9, 1381, -1088, -8365, 4417, -11948, -2568, -8312, 41318
3549.6, 1335, -1088, -8365, 4417, -11948, -2568, -8312, 41326
3551.9, 45, -1088, -8365, 4417, -11948, -2568, -8312, 41326
3557.6, 1450, -1341, -8673, 4642, -14389, 3889, -6921, 41340
3561.3, 1306, -1341, -8673, 4642, -14389, 3889, -6921, 41336
3565.6, 1329, -1695, -8446, 4600, -15277, 6216, -7140, 41336
3569.3, 1259, -1695, -8446, 4600, -15277, 6216, -7140, 41286
3571.6, 38, -1695, -8446, 4600, -15277, 6216, -7140, 41286
3575.9, 1313, -1777, -8295, 4536, -18795, 8435, -8448, 41286
3579.6, 1579, -1777, -8295, 4536, -18795, 8435, -8448, 41341
3583.8, 1713, -1831, -8020, 4852, -21394, 6921, -11300, 41341
3587.6, 1269, -1831, -8020, 4852, -21394, 6921, -11300, 41347
3591.3, 1374, -1831, -8020, 4852, -21394, 6921, -11300, 41355
3595.6, 1397, -1872, -8086, 5085, -22938, 4895, -13746, 41355
3599.3, 1379, -1872, -8086, 5085, -22938, 4895, -13746, 41367
3603.5, 1321, -1783, -8361, 4896, -23502, 4633, -14240, 41367
3607.2, 1252, -1783, -8361, 4896, -23502, 4633, -14240, 41363
3611.0, 1355, -1783, -8361, 4896, -23502, 4633, -14240, 41370
3615.2, 1444, -1655, -8666, 4351, -22986, 1951, -14551, 41370
3618.9, 1299, -1655, -8666, 4351, -22986, 1951, -14551, 41373
3623.1, 1492, -1575, -8629, 4249, -21665, -1128, -15115, 41373
3626.9, 1352, -1575, -8629, 4249, -21665, -1128, -15115, 41389
3630.6, 1347, -1575, -8629, 4249, -21665, -1128, -15115, 41402
3634.9, 1342, -1291, -8498, 4509, -21822, -345, -15811, 41402
3638.6, 1310, -1291, -8498, 4509, -21822, -345, -15811, 41411
3642.8, 1387, -1095, -8317, 4400, -23795, 2563, -16515, 41411
3646.5, 1350, -1095, -8317, 4400, -23795, 2563, -16515, 41416
3648.8, 63, -1095, -8317, 4400, -23795, 2563, -16515, 41416
3654.5, 1397, -1197, -8285, 4326, -25716, 5250, -16467, 41420
3658.2, 1271, -1197, -8285, 4326, -25716, 5250, -16467, 41418
3664.0, 1457, -1378, -8343, 4602, -28249, 7048, -15680, 41432
3667.7, 1260, -1378, -8343, 4602, -28249, 7048, -15680, 41428
3673.4, 1390, -1633, -8485, 4651, -31640, 7608, -15597, 41436
3677.1, 1333, -1633, -8485, 4651, -31640, 7608, -15597, 41442
3682.8, 1650, -1845, -8706, 4796, -33001, 7315, -16218, 41451
3686.5, 1455, -1845, -8706, 4796, -33001, 7315, -16218, 41477
3690.8, 1291, -1920, -9057, 4843, -33009, 4703, -17399, 41477
3694.5, 1304, -1920, -9057, 4843, -33009, 4703, -17399, 41461
3696.8, 40, -1920, -9057, 4843, -33009, 4703, -17399, 41461
3701.0, 1373, -1783, -9165, 4436, -31369, -1255, -18222, 41461
3704.7, 1434, -1783, -9165, 4436, -31369, -1255, -18222, 41447
3707.0, 51, -1783, -9165, 4436, -31369, -1255, -18222, 41447
3712.7, 1394, -1376, -8852, 3483, -29715, -7192, -18747, 41456
3716.4, 1220, -1376, -8852, 3483, -29715, -7192, -18747, 41458
3720.7, 1307, -1098, -8571, 3699, -28871, -10005, -19097, 41458
3724.4, 1426, -1098, -8571, 3699, -28871, -10005, -19097, 41460
3726.7, 55, -1098, -8571, 3699, -28871, -10005, -19097, 41460
3730.9, 1262, -1028, -8350, 3287, -29855, -7192, -18261, 41460
3734.7, 1609, -1028, -8350, 3287, -29855, -7192, -18261, 41465
3738.9, 1495, -1185, -8790, 3834, -32121, 1496, -16953, 41465
3742.7, 1292, -1185, -8790, 3834, -32121, 1496, -16953, 41470
3746.5, 1305, -1185, -8790, 3834, -32121, 1496, -16953, 41455
3750.7, 1307, -1278, -8974, 4139, -34291, 6068, -17688, 41455
3754.5, 1308, -1278, -8974, 4139, -34291, 6068, -17688, 41489
3758.7, 1355, -1497, -9104, 4154, -35906, 7555, -19114, 41489
3762.5, 1411, -1497, -9104, 4154, -35906, 7555, -19114, 41735
3766.2, 1345, -1497, -9104, 4154, -35906, 7555, -19114, 41515
3770.5, 1332, -1698, -9109, 4583, -37319, 5967, -19941, 41515
3774.3, 1305, -1698, -9109, 4583, -37319, 5967, -19941, 41752
3778.5, 1275, -1508, -9158, 4302, -37966, 2183, -20055, 41752
3782.3, 1280, -1508, -9158, 4302, -37966, 2183, -20055, 41759
3786.0, 1355, -1508, -9158, 4302, -37966, 2183, -20055, 41772
3790.3, 1360, -1344, -8936, 4010, -39476, -625, -19854, 41772
3794.0, 1284, -1344, -8936, 4010, -39476, -625, -19854, 41807
3798.2, 1414, -1363, -8826, 4079, -37883, -3342, -19744, 41807
3801.9, 1272, -1363, -8826, 4079, -37883, -3342, -19744, 41777
3805.7, 1321, -1363, -8826, 4079, -37883, -3342, -19744, 41784
3809.9, 1384, -1315, -8834, 3562, -38303, -4703, -19801, 41784
3813.6, 1440, -1315, -8834, 3562, -38303, -4703, -19801, 41753
3817.8, 1293, -1345, -8964, 3461, -39445, -3425, -19412, 41753
3821.6, 1223, -1345, -8964, 3461, -39445, -3425, -19412, 41812
3823.8, 40, -1345, -8964, 3461, -39445, -3425, -19412, 41812
3829.6, 1352, -1270, -9247, 3738, -38434, -3171, -19407, 41801
3833.3, 1327, -1270, -9247, 3738, -38434, -3171, -19407, 41810
3839.0, 1393, -1071, -9370, 3315, -39554, -3578, -19495, 41768
3841.2, 43, -1071, -9370, 3315, -39554, -3578, -19495, 41768
3843.5, 9, -1071, -9370, 3315, -39554, -3578, -19495, 41768
3849.3, 1397, -959, -9446, 3208, -38588, -3101, -19609, 41812
3851.5, 41, -959, -9446, 3208, -38588, -3101, -19609, 41812
3855.8, 1399, -923, -9514, 3632, -37866, -1763, -19184, 41812
3859.5, 1360, -923, -9514, 3632, -37866, -1763, -19184, 41809
3861.8, 42, -923, -9514, 3632, -37866, -1763, -19184, 41809
3866.0, 1315, -971, -9699, 3589, -37433, 424, -18073, 41809
3869.7, 1314, -971, -9699, 3589, -37433, 424, -18073, 41810
3872.0, 39, -971, -9699, 3589, -37433, 424, -18073, 41810
3878.1, 1022, -881, -9677, 3489, -35783, 1150, -17093, 41812
3881.8, 1266, -881, -9677, 3489, -35783, 1150, -17093, 41816
3887.6, 1372, -1098, -9306, 3058, -36124, -485, -16695, 41826
3891.3, 1289, -1098, -9306, 3058, -36124, -485, -16695, 41816
3895.6, 1277, -1304, -9178, 3090, -37297, -1154, -16699, 41816
3899.4, 1231, -1304, -9178, 3090, -37297, -1154, -16699, 41811
3901.7, 36, -1304, -9178, 3090, -37297, -1154, -16699, 41811
3905.9, 1325, -1310, -9307, 3340, -39397, 376, -16979, 41811
3909.6, 1303, -1310, -9307, 3340, -39397, 376, -16979, 41825
3913.8, 1274, -1310, -9696, 3318, -41830, 1404, -17469, 41825
3917.6, 1261, -1310, -9696, 3318, -41830, 1404, -17469, 41827
3921.3, 1283, -1310, -9696, 3318, -41830, 1404, -17469, 41832
3925.6, 1326, -945, -9563, 3686, -42884, 2760, -18397, 41832
3929.4, 1237, -945, -9563, 3686, -42884, 2760, -18397, 41793
3933.6, 1275, -822, -9591, 3822, -44800, 3508, -18869, 41793
3937.3, 1293, -822, -9591, 3822, -44800, 3508, -18869, 41840
3941.1, 1394, -822, -9591, 3822, -44800, 3508, -18869, 41871
3945.3, 1256, -720, -9633, 3434, -44459, 3163, -18839, 41871
3949.1, 1227, -720, -9633, 3434, -44459, 3163, -18839, 41858
3953.3, 1290, -742, -9762, 3108, -40692, 2253, -17688, 41858
3957.0, 1274, -742, -9762, 3108, -40692, 2253, -17688, 41849
3960.8, 1227, -742, -9762, 3108, -40692, 2253, -17688, 41860
3965.0, 1295, -726, -9789, 2523, -39038, 336, -16428, 41860
3968.7, 1253, -726, -9789, 2523, -39038, 336, -16428, 41861
3972.9, 1259, -726, -9557, 2398, -37568, -4440, -15898, 41861
3976.7, 1194, -726, -9557, 2398, -37568, -4440, -15898, 41868
3979.0, 32, -726, -9557, 2398, -37568, -4440, -15898, 41868
3984.8, 1267, -814, -9409, 2463, -37074, -8868, -16113, 41872
3988.5, 1249, -814, -9409, 2463, -37074, -8868, -16113, 41880
3992.7, 1269, -945, -9519, 2600, -37573, -5530, -15172, 41880
3996.5, 1214, -945, -9519, 2600, -37573, -5530, -15172, 41880
3998.8, 34, -945, -9519, 2600, -37573, -5530, -15172, 41880
4004.5, 1335, -945, -9891, 2775, -39191, -1098, -14306, 41843
4006.7, 35, -945, -9891, 2775, -39191, -1098, -14306, 41843
4011.0, 1306, -945, -9891, 2775, -39191, -1098, -14306, 41843
4014.8, 1239, -945, -9891, 2775, -39191, -1098, -14306, 41889
4017.1, 34, -945, -9891, 2775, -39191, -1098, -14306, 41889
4022.8, 1364, -802, -9978, 2958, -38977, -3316, -19035, 41874
4026.5, 1211, -802, -9978, 2958, -38977, -3316, -19035, 41882
4030.7, 1236, -604, -10042, 3002, -39064, -3316, -19035, 41882
4034.4, 1271, -604, -10042, 3002, -39064, -3316, -19035, 41854
4036.7, 36, -604, -10042, 3002, -39064, -3316, -19035, 41854
4040.9, 1281, -460, -10015, 2756, -37818, -3381, -17784, 41854
4044.6, 1235, -460, -10015, 2756, -37818, -3381, -17784, 41891
4046.9, 37, -460, -10015, 2756, -37818, -3381, -17784, 41891
4052.6, 1326, -281, -9907, 2204, -33268, -6680, -15474, 41893
4056.3, 1201, -281, -9907, 2204, -33268, -6680, -15474, 41904
4060.6, 1217, -198, -9766, 2151, -33268, -6680, -13807, 41904
4064.4, 1175, -198, -9766, 2151, -33268, -6680, -13807, 41949
4068.6, 1202, -451, -9520, 1632, -32296, -5963, -13807, 41949
4072.3, 1181, -451, -9520, 1632, -32296, -5963, -13807, 41898
4076.1, 1207, -451, -9520, 1632, -32296, -5963, -13807, 41904
4080.4, 1221, -716, -9630, 1785, -32567, -826, -13908, 41904
4084.1, 1226, -716, -9630, 1785, -32567, -826, -13908, 41908
4088.3, 1262, -741, -9912, 2335, -33027, -826, -13908, 41908
4092.0, 1199, -741, -9912, 2335, -33027, -826, -13908, 41882
4095.8, 1202, -741, -9912, 2335, -33027, -826, -13908, 41897
4100.0, 1234, -686, -9987, 2259, -34182, -962, -16100, 41897
4103.7, 1239, -686, -9987, 2259, -34182, -962, -16100, 41897
4108.0, 1175, -627, -9882, 2443, -34698, -564, -16100, 41897
4111.8, 1184, -627, -9882, 2443, -34698, -564, -16100, 41893
4114.0, 33, -627, -9882, 2443, -34698, -564, -16100, 41893
4119.8, 1257, -500, -9924, 2842, -35617, -1841, -15623, 41884
4123.5, 1197, -500, -9924, 2842, -35617, -1841, -15623, 41868
4127.7, 1242, -202, -10046, 2574, -35363, -3653, -15623, 41868
4131.5, 1190, -202, -10046, 2574, -35363, -3653, -15623, 41856
4133.8, 32, -202, -10046, 2574, -35363, -3653, -15623, 41856
4139.5, 1256, -24, -10092, 1737, -33241, -2533, -11379, 41874
4143.2, 1203, -24, -10092, 1737, -33241, -2533, -11379, 41871
4148.9, 1238, -193, -9861, 1360, -30695, -1666, -11379, 41861
4152.6, 1192, -193, -9861, 1360, -30695, -1666, -11379, 41864
4158.3, 1294, -419, -9513, 1109, -29452, -503, -10985, 41817
4162.0, 1192, -419, -9513, 1109, -29452, -503, -10985, 41883
4167.8, 1254, -755, -9681, 1412, -29155, 3683, -10211, 41856
4171.5, 1137, -755, -9681, 1412, -29155, 3683, -10211, 41854
4175.8, 1180, -856, -10038, 1872, -29330, 5481, -9988, 41854
4179.5, 1176, -856, -10038, 1872, -29330, 5481, -9988, 41831
4181.8, 31, -856, -10038, 1872, -29330, 5481, -9988, 41831
4187.5, 1273, -770, -10222, 2072, -28201, 1347, -10753, 41849
4191.3, 1189, -770, -10222, 2072, -28201, 1347, -10753, 41835
4195.5, 1164, -527, -10114, 2134, -26967, -4851, -11843, 41835
4199.3, 1186, -527, -10114, 2134, -26967, -4851, -11843, 41829
4201.5, 35, -527, -10114, 2134, -26967, -4851, -11843, 41829
4205.8, 1192, -238, -9817, 1928, -26692, -7301, -12280, 41829
4209.6, 1137, -238, -9817, 1928, -26692, -7301, -12280, 41846
4211.9, 30, -238, -9817, 1928, -26692, -7301, -12280, 41846
4217.6, 1321, -99, -9923, 1935, -27169, -5718, -11143, 41806
4221.3, 1135, -99, -9923, 1935, -27169, -5718, -11143, 41807
4225.6, 1200, -74, -10057, 1691, -27252, -3841, -9292, 41807
4229.4, 1172, -74, -10057, 1691, -27252, -3841, -9292, 41794
4233.6, 1174, -74, -10147, 1350, -25471, -1290, -7608, 41794
4237.3, 1200, -74, -10147, 1350, -25471, -1290, -7608, 41766
4241.1, 1187, -74, -10147, 1350, -25471, -1290, -7608, 41721
4245.4, 1187, -288, -10091, 1025, -22798, 2218, -6116, 41721
4249.1, 1179, -288, -10091, 1025, -22798, 2218, -6116, 41775
4253.3, 1209, -495, -9873, 844, -20842, 3066, -6055, 41775
4257.0, 1204, -495, -9873, 844, -20842, 3066, -6055, 41781
4260.7, 1192, -495, -9873, 844, -20842, 3066, -6055, 41798
4265.0, 1208, -647, -9801, 1121, -19009, -389, -7144, 41798
4268.7, 1186, -647, -9801, 1121, -19009, -389, -7144, 41787
4272.9, 1158, -668, -9996, 1405, -17399, -4248, -7551, 41787
4276.7, 1159, -668, -9996, 1405, -17399, -4248, -7551, 41776
4279.0, 31, -668, -9996, 1405, -17399, -4248, -7551, 41776
4284.7, 1200, -474, -10295, 1348, -16620, -6173, -6142, 41747
4288.5, 1159, -474, -10295, 1348, -16620, -6173, -6142, 41752
4292.7, 1169, -265, -10334, 1354, -14673, -7945, -4777, 41752
4296.4, 1166, -265, -10334, 1354, -14673, -7945, -4777, 41775
4298.7, 31, -265, -10334, 1354, -14673, -7945, -4777, 41775
4304.5, 1228, -144, -10089, 1171, -13448, -9025, -5372, 41768
4308.2, 1185, -144, -10089, 1171, -13448, -9025, -5372, 41897
4313.9, 1248, -111, -9923, 1235, -13291, -6811, -6256, 41789
4317.6, 1173, -111, -9923, 1235, -13291, -6811, -6256, 41763
4323.3, 1252, -165, -9998, 1463, -13724, -3434, -5696, 41769
4327.0, 1149, -165, -9998, 1463, -13724, -3434, -5696, 41788
4332.8, 1219, -60, -9991, 1446, -13838, -2082, -4821, 41770
4336.5, 1141, -60, -9991, 1446, -13838, -2082, -4821, 41760
4340.8, 1210, 37, -9925, 1376, -13689, -1627, -4396, 41760
4344.5, 1195, 37, -9925, 1376, -13689, -1627, -4396, 41765
4346.8, 36, 37, -9925, 1376, -13689, -1627, -4396, 41765
4352.5, 1254, 107, -9896, 1416, -13838, -520, -4681, 41766
4356.2, 1126, 107, -9896, 1416, -13838, -520, -4681, 41753
4360.5, 1148, 203, -9983, 1094, -13632, 1225, -4510, 41753
4364.3, 1135, 203, -9983, 1094, -13632, 1225, -4510, 41769
4366.5, 33, 203, -9983, 1094, -13632, 1225, -4510, 41769
4370.8, 1180, 156, -10216, 300, -13300, 3526, -3255, 41769
4374.6, 1141, 156, -10216, 300, -13300, 3526, -3255, 41753
4376.8, 33, 156, -10216, 300, -13300, 3526, -3255, 41753
4382.6, 1244, -287, -10182, 527, -11904, 5901, -3062, 41764
4386.3, 1165, -287, -10182, 527, -11904, 5901, -3062, 41769
4390.6, 1167, -549, -10225, 1314, -11313, 5123, -4011, 41769
4394.3, 1117, -549, -10225, 1314, -11313, 5123, -4011, 41776
4396.6, 31, -549, -10225, 1314, -11313, 5123, -4011, 41776
4400.9, 1209, -401, -10188, 1578, -11987, -179, -5118, 41776
4404.6, 1185, -401, -10188, 1578, -11987, -179, -5118, 41899
4408.8, 1181, -114, -10015, 1560, -12237, -5713, -4838, 41899
4412.6, 1164, -114, -10015, 1560, -12237, -5713, -4838, 41904
4416.3, 1169, -114, -10015, 1560, -12237, -5713, -4838, 41922
4420.6, 1202, 142, -9909, 1446, -12315, -8211, -4305, 41922
4424.3, 1155, 142, -9909, 1446, -12315, -8211, -4305, 41937
4428.5, 1192, 349, -9681, 995, -13252, -5188, -4235, 41937
4432.2, 1165, 349, -9681, 995, -13252, -5188, -4235, 41917
4436.0, 1157, 349, -9681, 995, -13252, -5188, -4235, 41933
4440.2, 1200, 432, -9818, 894, -13370, 1942, -3346, 41933
4443.9, 1177, 432, -9818, 894, -13370, 1942, -3346, 41941
4448.1, 1168, 260, -9793, 693, -13847, 5534, -3246, 41941
4451.9, 1153, 260, -9793, 693, -13847, 5534, -3246, 41944
4455.6, 1166, 260, -9793, 693, -13847, 5534, -3246, 41947
4459.9, 1176, -65, -9728, 486, -13440, 6645, -3670, 41947
4463.6, 1170, -65, -9728, 486, -13440, 6645, -3670, 41917
4467.8, 1203, -383, -9760, 497, -13225, 8522, -3443, 41917
4471.5, 1132, -383, -9760, 497, -13225, 8522, -3443, 41954
4473.8, 28, -383, -9760, 497, -13225, 8522, -3443, 41954
4479.5, 1243, -594, -10027, 710, -13632, 8960, -2664, 41949
4483.2, 1148, -594, -10027, 710, -13632, 8960, -2664, 41953
4489.0, 1234, -594, -10088, 943, -12280, 5193, -2821, 41925
4491.2, 34, -594, -10088, 943, -12280, 5193, -2821, 41925
4493.5, 7, -594, -10088, 943, -12280, 5193, -2821, 41925
4499.2, 1234, -390, -9934, 939, -10998, 279, -4151, 41946
4501.5, 34, -390, -9934, 939, -10998, 279, -4151, 41946
4505.8, 1204, -165, -9884, 885, -10320, -1723, -4746, 41946
4509.5, 1136, -165, -9884, 885, -10320, -1723, -4746, 41951
4511.8, 32, -165, -9884, 885, -10320, -1723, -4746, 41951
4517.5, 1251, 89, -10091, 849, -7612, -2353, -4270, 41977
4521.3, 1139, 89, -10091, 849, -7612, -2353, -4270, 41983
4525.5, 1166, 218, -10136, 558, -6365, -1894, -3583, 41983
4529.3, 1143, 218, -10136, 558, -6365, -1894, -3583, 41900
4531.5, 32, 218, -10136, 558, -6365, -1894, -3583, 41900
4535.8, 1177, 141, -9961, 230, -4602, 616, -2804, 41900
4539.5, 1156, 141, -9961, 230, -4602, 616, -2804, 41947
4541.7, 34, 141, -9961, 230, -4602, 616, -2804, 41947
4547.5, 1267, -131, -9929, 507, -3644, 4405, -2043, 41942
4551.3, 1123, -131, -9929, 507, -3644, 4405, -2043, 41952
4555.5, 1159, -275, -10006, 675, -4624, 7542, -1701, 41952
4559.3, 1153, -275, -10006, 675, -4624, 7542, -1701, 41956
4563.5, 1197, -275, -10006, 675, -4624, 7660, -2730, 41956
4567.2, 1197, -275, -10006, 675, -4624, 7660, -2730, 41959
4571.0, 1143, -275, -10006, 675, -4624, 7660, -2730, 41963
4575.3, 1179, -281, -10104, 1430, -3976, 3110, -3845, 41963
4579.0, 1107, -281, -10104, 1430, -3976, 3110, -3845, 41967
4583.3, 1200, -281, -10104, 1430, -1295, -4130, -4099, 41967
4587.0, 1199, -281, -10104, 1430, -1295, -4130, -4099, 41939
4590.8, 1151, -281, -10104, 1430, -1295, -4130, -4099, 41965
4595.0, 1179, 382, -9965, 570, 1666, -7651, -2957, 41965
4598.7, 1214, 382, -9965, 570, 1666, -7651, -2957, 41959
4602.9, 1145, 382, -9965, 570, 1666, -4777, -2266, 41959
4606.6, 1127, 382, -9965, 570, 1666, -4777, -2266, 41968
4608.9, 29, 382, -9965, 570, 1666, -4777, -2266, 41968
4614.7, 1234, 109, -10524, 28, 8535, -752, -2169, 41982
4618.4, 1196, 109, -10524, 28, 8535, -752, -2169, 41977
4624.1, 1211, -151, -10512, 254, 11340, 8, -2734, 41943
4627.8, 1135, -151, -10512, 254, 11340, 8, -2734, 41974
4633.5, 1207, -342, -10545, 756, 14310, -3005, -3154, 41972
4637.3, 1182, -342, -10545, 756, 14310, -3005, -3154, 41970
4643.0, 1194, -342, -10545, 756, 14310, -3005, -3154, 41917
4646.7, 1085, -342, -10545, 756, 14310, -3005, -3154, 41970
4652.5, 1268, -360, -10740, 1109, 18563, -8614, -2073, 41973
4656.2, 1119, -360, -10740, 1109, 18563, -8614, -2073, 41971
4658.5, 32, -360, -10740, 1109, 18563, -8614, -2073, 41971
4664.2, 1252, -243, -10465, 678, 23249, -18055, -1522, 41994
4666.5, 32, -243, -10465, 678, 23249, -18055, -1522, 41994
4670.7, 1165, 77, -10251, 678, 23249, -18055, -1522, 41994
4674.5, 1117, 77, -10251, 678, 23249, -18055, -1522, 41956
4676.8, 28, 77, -10251, 678, 23249, -18055, -1522, 41956
4682.5, 1233, 255, -10664, 954, 28914, -21297, -1968, 41948
4686.3, 1080, 255, -10664, 954, 28914, -21297, -1968, 41939
4690.5, 1139, 163, -10936, 0, 36960, -19364, 126, 41939
4694.3, 1139, 163, -10936, 0, 36960, -19364, 126, 41911
4696.5, 30, 163, -10936, 0, 36960, -19364, 126, 41911
4700.8, 1162, -145, -10801, 226, 48414, -15588, 2183, 41911
4704.6, 1129, -145, -10801, 226, 48414, -15588, 2183, 41913
4708.8, 1148, -147, -10234, 1515, 54578, -16927, 2314, 41913
4712.5, 1225, -147, -10234, 1515, 54578, -16927, 2314, 41899
4716.3, 1171, -147, -10234, 1515, 54578, -16927, 2314, 41889
4720.5, 1163, 48, -9999, 565, 52439, -17277, 4738, 41889
4724.3, 1064, 48, -9999, 565, 52439, -17277, 4738, 41870
4728.5, 1123, -254, -10503, 991, 57987, -11379, 10662, 41870
4732.2, 1193, -254, -10503, 991, 57987, -11379, 10662, 41876
4736.0, 1166, -254, -10503, 991, 57987, -11379, 10662, 41835
4740.3, 1108, -601, -10747, 1865, 63075, -8492, 14757, 41835
4744.0, 1230, -601, -10747, 1865, 63075, -8492, 14757, 41800
4748.3, 1097, -648, -10637, 1984, 67104, -10285, 15334, 41800
4752.0, 1112, -648, -10637, 1984, 67104, -10285, 15334, 41785
4755.7, 1171, -648, -10637, 1984, 67104, -10285, 15334, 41724
4760.0, 1219, -616, -10439, 1891, 70941, -10675, 15356, 41724
4763.7, 1198, -616, -10439, 1891, 70941, -10675, 15356, 41760
4767.9, 1151, -738, -9825, 1557, 73418, -5731, 17071, 41760
4771.7, 1090, -738, -9825, 1557, 73418, -5731, 17071, 41688
4774.0, 29, -738, -9825, 1557, 73418, -5731, 17071, 41688
4779.8, 1200, -958, -9774, 2737, 75894, -1522, 20475, 41735
4783.5, 1124, -958, -9774, 2737, 75894, -1522, 20475, 41721
4787.7, 1183, -725, -9578, 3107, 75924, -3316, 23148, 41721
4791.5, 1129, -725, -9578, 3107, 75924, -3316, 23148, 41716
4793.8, 31, -725, -9578, 3107, 75924, -3316, 23148, 41716
4799.6, 1192, -561, -9424, 3157, 77071, -6085, 24850, 41671
4803.3, 1116, -561, -9424, 3157, 77071, -6085, 24850, 41692
4809.0, 1242, -553, -9667, 2653, 77828, -2336, 28363, 41625
4811.3, 34, -553, -9667, 2653, 77828, -2336, 28363, 41625
4813.5, 10, -553, -9667, 2653, 77828, -2336, 28363, 41625
4819.3, 1201, -741, -9945, 2316, 80715, 1763, 33801, 41686
4821.5, 31, -741, -9945, 2316, 80715, 1763, 33801, 41686
4825.8, 1162, -1073, -9857, 2561, 87133, 503, 37341, 41686
4829.6, 1179, -1073, -9857, 2561, 87133, 503, 37341, 41689
4831.8, 30, -1073, -9857, 2561, 87133, 503, 37341, 41689
4837.6, 1168, -1312, -9917, 2636, 92506, -3465, 37564, 41674
4841.3, 1173, -1312, -9917, 2636, 92506, -3465, 37564, 41670
4845.6, 1131, -1414, -10144, 3462, 97826, -6518, 38141, 41670
4849.3, 1113, -1414, -10144, 3462, 97826, -6518, 38141, 41676
4851.6, 29, -1414, -10144, 3462, 97826, -6518, 38141, 41676
4855.9, 1190, -1037, -10216, 3647, 98421, -9393, 40211, 41676
4859.7, 1080, -1037, -10216, 3647, 98421, -9393, 40211, 41671
4862.0, 27, -1037, -10216, 3647, 98421, -9393, 40211, 41671
4867.7, 1247, -674, -10558, 4442, 100836, -10998, 42796, 41676
4871.4, 1131, -674, -10558, 4442, 100836, -10998, 42796, 41723
4875.7, 1168, -424, -10548, 4007, 102079, -8671, 45102, 41723
4879.4, 1127, -424, -10548, 4007, 102079, -8671, 45102, 41687
4883.6, 1183, -494, -10362, 4377, 104262, -3430, 47417, 41687
4887.3, 1162, -494, -10362, 4377, 104262, -3430, 47417, 41682
4891.1, 1128, -494, -10362, 4377, 104262, -3430, 47417, 41697
4895.3, 1183, -831, -10088, 4091, 105194, 1474, 49158, 41697
4899.0, 1308, -831, -10088, 4091, 105194, 1474, 49158, 41691
4903.2, 1143, -1067, -9941, 4485, 106156, 6448, 50650, 41691
4907.0, 1152, -1067, -9941, 4485, 106156, 6448, 50650, 41717
4910.8, 1154, -1067, -9941, 4485, 106156, 6448, 50650, 41726
4915.0, 1104, -1354, -9634, 5206, 107692, 10167, 52623, 41726
4918.8, 1041, -1354, -9634, 5206, 107692, 10167, 52623, 41732
4923.0, 1190, -1319, -9757, 4700, 108414, 11475, 54775, 41732
4926.7, 1166, -1319, -9757, 4700, 108414, 11475, 54775, 41769
4929.0, 31, -1319, -9757, 4700, 108414, 11475, 54775, 41769
4934.8, 1204, -942, -9918, 5359, 108624, 15610, 56429, 41757
4938.5, 1110, -942, -9918, 5359, 108624, 15610, 56429, 41763
4942.7, 1189, -1042, -10009, 5834, 107709, 21324, 57239, 41763
4946.4, 1030, -1042, -10009, 5834, 107709, 21324, 57239, 41775
4948.7, 29, -1042, -10009, 5834, 107709, 21324, 57239, 41775
4954.4, 1143, -1480, -9853, 5667, 106944, 20667, 59115, 41790
4958.1, 960, -1480, -9853, 5667, 106944, 20667, 59115, 41786
4963.8, 1122, -2118, -9263, 5535, 108773, 17333, 61867, 41819
4967.6, 887, -2118, -9263, 5535, 108773, 17333, 61867, 41869
4973.3, 1335, -2309, -8962, 5727, 108781, 14967, 64339, 41844
4977.0, 764, -2309, -8962, 5727, 108781, 14967, 64339, 41871
4982.7, 646, -2529, -8708, 5880, 111643, 10080, 65691, 41869
4986.4, 446, -2529, -8708, 5880, 111643, 10080, 65691, 41884
4990.7, 667, -2493, -8590, 5720, 116075, 3298, 65446, 41884
4994.4, 744, -2493, -8590, 5720, 116075, 3298, 65446, 41888
4996.7, 20, -2493, -8590, 5720, 116075, 3298, 65446, 41888
5000.9, 902, -2188, -8732, 6053, 117715, 538, 62808, 41888
5004.6, 570, -2188, -8732, 6053, 117715, 538, 62808, 41923
5006.9, 17, -2188, -8732, 6053, 117715, 538, 62808, 41923
5012.6, 119, -1976, -8501, 6248, 119990, -1434, 59697, 41895
5016.3, 242, -1976, -8501, 6248, 119990, -1434, 59697, 41913
5020.6, 845, -2079, -8211, 6148, 119391, 1448, 58962, 41913
5024.4, 330, -2079, -8211, 6148, 119391, 1448, 58962, 41896
5026.7, 11, -2079, -8211, 6148, 119391, 1448, 58962, 41896
5030.9, 418, -2003, -7962, 6122, 116582, 6199, 60690, 41896
5034.6, 87, -2003, -7962, 6122, 116582, 6199, 60690, 41454
5038.8, 280, -2080, -7659, 6463, 114491, 6593, 62716, 41454
5042.6, 161, -2080, -7659, 6463, 114491, 6593, 62716, 41410
5046.3, 167, -2080, -7659, 6463, 114491, 6593, 62716, 41417
5050.6, 411, -2441, -7549, 6455, 116700, 6216, 64912, 41417
5054.4, 114, -2441, -7549, 6455, 116700, 6216, 64912, 41412
5058.6, 60, -2380, -7603, 7154, 117221, 6991, 65407, 41412
5062.3, 311, -2380, -7603, 7154, 117221, 6991, 65407, 41406
5066.1, 811, -2380, -7603, 7154, 117221, 6991, 65407, 41406
5070.4, 661, -2473, -7475, 7918, 120008, 4978, 64304, 41406
5074.2, 103, -2473, -7475, 7918, 120008, 4978, 64304, 41367
5078.4, 86, -2467, -7347, 6742, 118070, 1789, 62331, 41367
5082.1, 67, -2467, -7347, 6742, 118070, 1789, 62331, 41351
5085.9, 551, -2467, -7347, 6742, 118070, 1789, 62331, 41334
5090.2, 2423, -2704, -6854, 7022, 118319, 699, 61496, 41334
5093.9, 1053, -2704, -6854, 7022, 118319, 699, 61496, 41320
5098.1, 100, -2872, -6722, 7010, 116963, 1049, 62427, 41320
5101.8, 1046, -2872, -6722, 7010, 116963, 1049, 62427, 41308
5105.6, 882, -2872, -6722, 7010, 116963, 1049, 62427, 41257
5109.8, 534, -2877, -6529, 6808, 116057, 2156, 63285, 41257
5113.5, 334, -2877, -6529, 6808, 116057, 2156, 63285, 41254
5117.8, 216, -3065, -6491, 7687, 116595, 800, 62948, 41254
5121.5, 163, -3065, -6491, 7687, 116595, 800, 62948, 41242
5123.8, 55, -3065, -6491, 7687, 116595, 800, 62948, 41242
5129.5, 1694, -3078, -6187, 7349, 115200, -1609, 61443, 41221
5131.7, 1581, -3078, -6187, 7349, 115200, -1609, 61443, 41221
5136.0, 976, -3078, -6187, 7613, 114465, -3088, 59474, 41221
5139.8, 108, -3078, -6187, 7613, 114465, -3088, 59474, 41144
5142.1, 417, -3078, -6187, 7613, 114465, -3088, 59474, 41144
5147.8, 1550, -2763, -5794, 7527, 115261, -3045, 57750, 41181
5151.5, 944, -2763, -5794, 7527, 115261, -3045, 57750, 41162
5155.7, 348, -2763, -5794, 6244, 112535, 3740, 57768, 41162
5159.4, 1629, -2763, -5794, 6244, 112535, 3740, 57768, 41134
5161.7, 516, -2763, -5794, 6244, 112535, 3740, 57768, 41134
5165.9, 1514, -2860, -5834, 7409, 113988, 9528, 56959, 41134
5169.6, 389, -2860, -5834, 7409, 113988, 9528, 56959, 41116
5171.9, 16, -2860, -5834, 7409, 113988, 9528, 56959, 41116
5177.6, 873, -3054, -5380, 7682, 112784, 11690, 55427, 41108
5181.3, 2836, -3054, -5380, 7682, 112784, 11690, 55427, 41062
5185.6, 1827, -3249, -5076, 8065, 109455, 13580, 55047, 41062
5189.4, 475, -3249, -5076, 8065, 109455, 13580, 55047, 41063
5191.6, 199, -3249, -5076, 8065, 109455, 13580, 55047, 41063
5195.9, 2123, -3312, -4701, 8590, 109389, 11510, 56508, 41063
5199.6, 1329, -3312, -4701, 8590, 109389, 11510, 56508, 41019
5203.8, 561, -3312, -4701, 8590, 109389, 11510, 56508, 41019
5207.6, 392, -3312, -4701, 8590, 109389, 11510, 56508, 40996
5211.3, 2551, -3312, -4701, 8590, 109389, 11510, 56508, 40968
5215.5, 1816, -2984, -4712, 7573, 106874, 1841, 58359, 40968
5219.6, 373, -2984, -4712, 7573, 106874, 1841, 58359, 40940
5223.9, 357, -2984, -4712, 7573, 106874, -363, 56722, 40940
5227.6, 2379, -2984, -4712, 7573, 106874, -363, 56722, 40915
5231.4, 2498, -2984, -4712, 7573, 106874, -363, 56722, 40916
5235.6, 1028, -3084, -4527, 7583, 106169, 2769, 55427, 40916
5239.4, 1436, -3084, -4527, 7583, 106169, 2769, 55427, 40857
5243.6, 863, -3084, -4527, 7583, 106169, 6943, 56022, 40857
5247.3, 1019, -3084, -4527, 7583, 106169, 6943, 56022, 40819
5251.1, 1095, -3084, -4527, 7583, 106169, 6943, 56022, 40790
5255.3, 3012, -3449, -4864, 7963, 105780, 7135, 56202, 40790
5259.0, 597, -3449, -4864, 7963, 105780, 7135, 56202, 40765
5263.3, 754, -3449, -4864, 7963, 105780, 5901, 55033, 40765
5267.0, 2373, -3449, -4864, 7963, 105780, 5901, 55033, 40716
5270.8, 1813, -3449, -4864, 7963, 105780, 5901, 55033, 40678
5275.0, 629, -3792, -4039, 7311, 101816, 8093, 53721, 40678
5278.8, 1175, -3792, -4039, 7311, 101816, 8093, 53721, 40630
5283.0, 3098, -3792, -4039, 7311, 101816, 9765, 51722, 40630
5286.7, 2441, -3792, -4039, 7311, 101816, 9765, 51722, 40583
5291.0, 1290, -3810, -3495, 8079, 99449, 9765, 51722, 40583
5294.7, 134, -3810, -3495, 8079, 99449, 9765, 51722, 40582
5297.0, 382, -3810, -3495, 8079, 99449, 9765, 51722, 40582
5302.7, 1539, -3623, -3370, 8622, 101317, 7100, 49258, 40550
5306.4, 226, -3623, -3370, 8622, 101317, 7100, 49258, 40520
5310.7, 1798, -3288, -3555, 7875, 100722, 3626, 47150, 40520
5314.5, 2599, -3288, -3555, 7875, 100722, 3626, 47150, 40458
5316.8, 2325, -3288, -3555, 7875, 100722, 3626, 47150, 40458
5321.0, 1364, -3021, -3436, 7954, 99016, 4493, 45229, 40458
5324.7, 2083, -3021, -3436, 7954, 99016, 4493, 45229, 40445
5327.0, 1323, -3021, -3436, 7954, 99016, 4493, 45229, 40445
5332.7, 1523, -2959, -3063, 8910, 100123, 6361, 44892, 40412
5336.4, 2552, -2959, -3063, 8910, 100123, 6361, 44892, 40382
5340.7, 1251, -3124, -2834, 8398, 97161, 6916, 45771, 40382
5344.5, 642, -3124, -2834, 8398, 97161, 6916, 45771, 41254
5346.8, 1052, -3124, -2834, 8398, 97161, 6916, 45771, 41254
5351.0, 2078, -3551, -2169, 8322, 93770, 6654, 47893, 41254
5354.7, 1049, -3551, -2169, 8322, 93770, 6654, 47893, 40325
5358.9, 945, -4098, -1651, 7548, 89032, 7017, 49381, 40325
5362.7, 2381, -4098, -1651, 7548, 89032, 7017, 49381, 40297
5366.4, 1762, -4098, -1651, 7548, 89032, 7017, 49381, 40282
5370.7, 323, -4299, -1363, 8167, 91653, 7748, 50803, 40282
5374.5, 1232, -4299, -1363, 8167, 91653, 7748, 50803, 40280
5378.7, 3100, -4255, -1831, 7099, 93009, 6746, 47228, 40280
5382.5, 1991, -4255, -1831, 7099, 93009, 6746, 47228, 40240
5386.2, 435, -4255, -1831, 7099, 93009, 6746, 47228, 40207
5390.5, 1259, -4121, -1876, 7713, 96124, 6685, 39948, 40207
5394.2, 1285, -4121, -1876, 7713, 96124, 6685, 39948, 40199
5398.4, 1566, -3793, -1645, 9001, 99003, 10780, 34374, 40199
5402.1, 1869, -3793, -1645, 9001, 99003, 10780, 34374, 40189
5405.9, 2063, -3793, -1645, 9001, 99003, 10780, 34374, 40159
5410.1, 3200, -2992, -1658, 9299, 97284, 12735, 32773, 40159
5413.8, 889, -2992, -1658, 9299, 97284, 12735, 32773, 40134
5418.1, 443, -3006, -1124, 9169, 93976, 10263, 34129, 40134
5421.8, 1455, -3006, -1124, 9169, 93976, 10263, 34129, 40046
5424.1, 1433, -3006, -1124, 9169, 93976, 10263, 34129, 40046
5429.9, 1383, -3621, -218, 8361, 91876, 8373, 39900, 40065
5433.6, 2652, -3621, -218, 8361, 91876, 8373, 39900, 40040
5437.9, 1859, -4170, -198, 7619, 90139, 11742, 46638, 40040
5441.6, 963, -4170, -198, 7619, 90139, 11742, 46638, 39999
5443.9, 845, -4170, -198, 7619, 90139, 11742, 46638, 39999
5449.6, 1927, -4287, -594, 8897, 89592, 13212, 47648, 39966
5453.4, 1173, -4287, -594, 8897, 89592, 13212, 47648, 39939
5459.1, 354, -4415, -503, 9323, 89150, 11764, 42573, 39847
5461.4, 510, -4415, -503, 9323, 89150, 11764, 42573, 39847
5465.6, 2059, -3922, -811, 8541, 88411, 6562, 36033, 39847
5469.3, 2088, -3922, -811, 8541, 88411, 6562, 36033, 39890
5471.6, 1667, -3922, -811, 8541, 88411, 6562, 36033, 39890
5475.8, 2240, -3753, -387, 8392, 88450, 3469, 33088, 39890
5479.5, 1632, -3753, -387, 8392, 88450, 3469, 33088, 39861
5481.8, 254, -3753, -387, 8392, 88450, 3469, 33088, 39861
5486.0, 1548, -3751, -348, 8091, 90677, 9406, 34147, 39861
5489.7, 3011, -3751, -348, 8091, 90677, 9406, 34147, 39831
5492.0, 2358, -3751, -348, 8091, 90677, 9406, 34147, 39831
5497.7, 490, -3699, -343, 7716, 86735, 12950, 34471, 39801
5501.4, 2108, -3699, -343, 7716, 86735, 12950, 34471, 39781
5505.7, 2359, -4071, 476, 8071, 86075, 13365, 34335, 39781
5509.5, 1253, -4071, 476, 8071, 86075, 13365, 34335, 40630
5511.7, 126, -4071, 476, 8071, 86075, 13365, 34335, 40630
5516.0, 1899, -4264, 915, 7870, 82176, 15868, 36129, 40630
5519.7, 2540, -4264, 915, 7870, 82176, 15868, 36129, 39702
5524.0, 910, -4438, 833, 8377, 80733, 15667, 37555, 39702
5527.7, 1825, -4438, 833, 8377, 80733, 15667, 37555, 39669
5531.4, 914, -4438, 833, 8377, 80733, 15667, 37555, 39622
5535.7, 1513, -4509, 885, 8300, 79985, 11830, 36247, 39622
5539.4, 3023, -4509, 885, 8300, 79985, 11830, 36247, 39594
5543.6, 1643, -4558, 851, 8209, 79403, 9366, 33163, 39594
5547.3, 1443, -4558, 851, 8209, 79403, 9366, 33163, 39538
5551.1, 2264, -4558, 851, 8209, 79403, 9366, 33163, 39538
5555.3, 1327, -3854, 787, 8838, 79149, 7638, 28678, 39538
5559.0, 72, -3854, 787, 8838, 79149, 7638, 28678, 39199
5563.2, 1386, -3365, 1092, 8877, 80085, 826, 24946, 39199
5567.0, 2262, -3365, 1092, 8877, 80085, 826, 24946, 39201
5570.7, 2980, -3365, 1092, 8877, 80085, 826, 24946, 39208
5575.0, 2922, -2815, 1205, 8285, 78655, -555, 27300, 39208
5578.7, 1591, -2815, 1205, 8285, 78655, -555, 27300, 39167
5582.9, 275, -2802, 1387, 7938, 74341, 2922, 29536, 39167
5586.6, 94, -2802, 1387, 7938, 74341, 2922, 29536, 39219
5588.9, 791, -2802, 1387, 7938, 74341, 2922, 29536, 39219
5594.6, 2500, -3503, 2061, 7385, 73138, 10018, 33736, 39215
5598.3, 2385, -3503, 2061, 7385, 73138, 10018, 33736, 39219
5604.0, 1209, -4182, 2088, 7219, 69948, 13982, 38636, 39249
5607.8, 41, -4182, 2088, 7219, 69948, 13982, 38636, 39217
5613.5, 2809, -4575, 2199, 7889, 71790, 11440, 39581, 39227
5615.7, 2047, -4575, 2199, 7889, 71790, 11440, 39581, 39227
5618.0, 2369, -4575, 2199, 7889, 71790, 11440, 39581, 39227
5623.7, 548, -5000, 2114, 8613, 72529, 9887, 36431, 39193
5625.9, 27, -5000, 2114, 8613, 72529, 9887, 36431, 39193
5628.2, 374, -5000, 2114, 8613, 72529, 9887, 36431, 39193
5633.9, 3249, -4835, 1713, 8940, 71029, 6120, 31303, 39233
5636.2, 2298, -4835, 1713, 8940, 71029, 6120, 31303, 39233
5640.5, 282, -4487, 1814, 8574, 70416, -2161, 26407, 39233
5644.2, 1633, -4487, 1814, 8574, 70416, -2161, 26407, 39222
5646.5, 2213, -4487, 1814, 8574, 70416, -2161, 26407, 39222
5650.7, 1219, -4024, 2100, 7421, 70359, -6090, 24863, 39222
5654.5, 110, -4024, 2100, 7421, 70359, -6090, 24863, 39233
5656.7, 52, -4024, 2100, 7421, 70359, -6090, 24863, 39233
5660.9, 1545, -4053, 2723, 6324, 68036, -3933, 25966, 39233
5664.6, 849, -4053, 2723, 6324, 68036, -3933, 25966, 39237
5666.9, 542, -4053, 2723, 6324, 68036, -3933, 25966, 39237
5672.6, 2778, -3558, 3173, 6945, 65494, 5823, 26337, 39248
5676.4, 3112, -3558, 3173, 6945, 65494, 5823, 26337, 39243
5680.6, 1607, -3516, 3696, 8833, 60664, 17885, 23214, 39243
5684.4, 520, -3516, 3696, 8833, 60664, 17885, 23214, 39249
5688.6, 2521, -4028, 3466, 9013, 61863, 16734, 23227, 39249
5692.4, 920, -4028, 3466, 9013, 61863, 16734, 23227, 39256
5696.1, 1638, -4028, 3466, 9013, 61863, 16734, 23227, 39262
5700.4, 1758, -4912, 2918, 8900, 65866, 8938, 27821, 39262
5704.1, 1605, -4912, 2918, 8900, 65866, 8938, 27821, 39255
5708.3, 907, -4695, 1845, 7602, 65932, 4186, 30765, 39255
5712.0, 537, -4695, 1845, 7602, 65932, 4186, 30765, 39245
5715.8, 2306, -4695, 1845, 7602, 65932, 4186, 30765, 39250
5720.0, 1846, -4345, 2148, 7608, 62847, -2393, 25979, 39250
5723.7, 1967, -4345, 2148, 7608, 62847, -2393, 25979, 39262
5727.9, 2648, -3814, 3198, 7022, 60581, -4646, 19661, 39262
5731.7, 912, -3814, 3198, 7022, 60581, -4646, 19661, 39227
5734.0, 111, -3814, 3198, 7022, 60581, -4646, 19661, 39227
5739.8, 3063, -4058, 3943, 7088, 60441, -65, 17439, 39277
5743.5, 1133, -4058, 3943, 7088, 60441, -65, 17439, 39271
5747.7, 326, -4051, 4030, 6602, 59785, 6335, 21153, 39271
5751.5, 2882, -4051, 4030, 6602, 59785, 6335, 21153, 39277
5753.8, 2066, -4051, 4030, 6602, 59785, 6335, 21153, 39277
5759.6, 1801, -4194, 3942, 8186, 57834, 9651, 25729, 39123
5763.3, 2353, -4194, 3942, 8186, 57834, 9651, 25729, 39305
5769.0, 299, -4195, 3416, 9486, 55909, 6505, 27755, 39314
5772.8, 3118, -4195, 3416, 9486, 55909, 6505, 27755, 39311
5778.5, 2555, -4084, 3505, 8956, 57015, -2121, 26399, 39361
5780.7, 1463, -4084, 3505, 8956, 57015, -2121, 26399, 39361
5783.0, 691, -4084, 3505, 8956, 57015, -2121, 26399, 39361
5788.7, 1582, -4262, 3557, 8486, 57414, -8942, 24496, 39324
5790.9, 1362, -4262, 3557, 8486, 57414, -8942, 24496, 39324
5793.2, 1075, -4262, 3557, 8486, 57414, -8942, 24496, 39324
5798.9, 1331, -3614, 3621, 6675, 55524, -14862, 24447, 39329
5801.2, 69, -3614, 3621, 6675, 55524, -14862, 24447, 39329
5805.4, 621, -3614, 3621, 6675, 55524, -14862, 24233, 39329
5809.2, 3241, -3614, 3621, 6675, 55524, -14862, 24233, 39327
5811.5, 2677, -3614, 3621, 6675, 55524, -14862, 24233, 39327
5815.7, 1436, -2750, 4526, 6307, 50164, -6015, 24355, 39327
5819.4, 118, -2750, 4526, 6307, 50164, -6015, 24355, 39296
5821.7, 371, -2750, 4526, 6307, 50164, -6015, 24355, 39296
5825.9, 3204, -3269, 5318, 6806, 49735, 6247, 26071, 39296
5829.6, 1992, -3269, 5318, 6806, 49735, 6247, 26071, 39293
5831.9, 941, -3269, 5318, 6806, 49735, 6247, 26071, 39293
5837.6, 455, -4865, 4777, 8117, 52413, 11335, 27265, 39331
5841.3, 3225, -4865, 4777, 8117, 52413, 11335, 27265, 39334
5845.6, 1942, -4865, 4777, 8117, 52277, 6580, 25209, 39334
5849.4, 2014, -4865, 4777, 8117, 52277, 6580, 25209, 39344
5853.6, 1387, -4881, 4105, 8157, 52277, 6580, 25209, 39344
5857.3, 1642, -4881, 4105, 8157, 52277, 6580, 25209, 39298
5861.1, 138, -4881, 4105, 8157, 52277, 6580, 25209, 39333
5865.3, 1272, -4528, 4103, 6498, 47053, -10522, 22448, 39333
5869.1, 2025, -4528, 4103, 6498, 47053, -10522, 22448, 39372
5873.3, 2151, -4031, 4928, 6498, 47053, -10522, 22448, 39372
5877.0, 2157, -4031, 4928, 6498, 47053, -10522, 22448, 39297
5880.7, 2297, -4031, 4928, 6498, 47053, -10522, 22448, 39370
5885.0, 195, -2947, 5008, 6286, 42871, 3255, 21700, 39370
5888.7, 1321, -2947, 5008, 6286, 42871, 3255, 21700, 39385
5892.9, 1856, -3235, 5690, 7175, 42871, 3255, 21700, 39385
5896.7, 1004, -3235, 5690, 7175, 42871, 3255, 21700, 39386
5899.0, 786, -3235, 5690, 7175, 42871, 3255, 21700, 39386
5904.8, 2582, -3340, 5848, 7851, 39546, 4200, 22400, 39399
5908.5, 2277, -3340, 5848, 7851, 39546, 4200, 22400, 39391
5912.7, 1491, -3425, 5385, 7851, 39546, 4200, 22400, 39391
5916.5, 1495, -3425, 5385, 7851, 39546, 4200, 22400, 39395
5918.8, 1657, -3425, 5385, 7851, 39546, 4200, 22400, 39395
5924.6, 997, -3924, 5012, 5979, 39292, -8898, 27694, 39388
5928.3, 2221, -3924, 5012, 5979, 39292, -8898, 27694, 39379
5934.1, 960, -4367, 4601, 5979, 38522, -6461, 24972, 39382
5937.8, 2490, -4367, 4601, 5979, 38522, -6461, 24972, 39394
5943.5, 1128, -4484, 4758, 5965, 38522, -6461, 24972, 39390
5945.7, 577, -4484, 4758, 5965, 38522, -6461, 24972, 39390
5948.0, 1120, -4484, 4758, 5965, 38522, -6461, 24972, 39390
5953.7, 1810, -4156, 5298, 6061, 38526, -1483, 20164, 39394
5955.9, 1745, -4156, 5298, 6061, 38526, -1483, 20164, 39394
5960.2, 782, -4175, 6323, 7190, 38325, 1216, 16388, 39394
5964.0, 1960, -4175, 6323, 7190, 38325, 1216, 16388, 39407
5966.2, 2820, -4175, 6323, 7190, 38325, 1216, 16388, 39407
5970.5, 1461, -3401, 5883, 7526, 38802, -1535, 16375, 39407
5974.2, 701, -3401, 5883, 7526, 38802, -1535, 16375, 39404
5976.5, 1579, -3401, 5883, 7526, 38802, -1535, 16375, 39404
5980.7, 2464, -2825, 5404, 7461, 36514, -3959, 16130, 39404
5984.4, 1506, -2825, 5404, 7461, 36514, -3959, 16130, 39412
5986.7, 1295, -2825, 5404, 7461, 36514, -3959, 16130, 39412
5991.0, 1394, -2787, 5102, 6784, 32226, -9830, 17644, 39412
5994.7, 1264, -2787, 5102, 6784, 32226, -9830, 17644, 39418
5997.0, 1020, -2787, 5102, 6784, 32226, -9830, 17644, 39418
6002.8, 1090, -3474, 5469, 6175, 27479, -10591, 19014, 39466
6006.5, 2705, -3474, 5469, 6175, 27479, -10591, 19014, 39430
6010.7, 2281, -3761, 5715, 6296, 26771, -5490, 17990, 39430
6014.4, 1064, -3761, 5715, 6296, 26771, -5490, 17990, 39446
6018.6, 1349, -3994, 5513, 6334, 25681, -3561, 16371, 39446
6022.4, 1739, -3994, 5513, 6334, 25681, -3561, 16371, 39447
6026.1, 2170, -3994, 5513, 6334, 25681, -3561, 16371, 39470
6030.4, 1470, -3891, 5358, 6375, 24727, -5110, 14590, 39470
6034.1, 1499, -3891, 5358, 6375, 24727, -5110, 14590, 39459
6038.3, 945, -3453, 5797, 6425, 20663, -6790, 11895, 39459
6042.0, 1138, -3453, 5797, 6425, 20663, -6790, 11895, 39460
6045.8, 2673, -3453, 5797, 6425, 20663, -6790, 11895, 39462
6050.0, 2150, -2986, 6192, 6580, 15842, -6356, 10753, 39462
6053.7, 1344, -2986, 6192, 6580, 15842, -6356, 10753, 39471
6057.9, 1521, -3195, 5813, 6869, 12342, -5740, 11348, 39471
6061.6, 1146, -3195, 5813, 6869, 12342, -5740, 11348, 39512
6063.9, 165, -3195, 5813, 6869, 12342, -5740, 11348, 39512
6069.7, 3112, -3611, 5455, 6155, 8137, -4291, 10893, 39485
6073.4, 2183, -3611, 5455, 6155, 8137, -4291, 10893, 39496
6079.1, 1472, -3720, 5720, 5791, 1299, -3307, 9100, 39499
6082.8, 2080, -3720, 5720, 5791, 1299, -3307, 9100, 39534
6088.5, 1656, -3850, 5780, 6115, -2712, -993, 6934, 39488
6092.3, 1277, -3850, 5780, 6115, -2712, -993, 6934, 39565
6098.0, 1205, -3806, 5876, 6546, -5910, -818, 3815, 39586
6101.7, 1664, -3806, 5876, 6546, -5910, -818, 3815, 39568
6107.4, 2406, -3534, 5736, 6301, -10351, -1036, 1233, 39617
6111.1, 1446, -3534, 5736, 6301, -10351, -1036, 1233, 39637
6113.4, 1539, -3534, 5736, 6301, -10351, -1036, 1233, 39637
6119.2, 1911, -3461, 5756, 6354, -14463, -1124, -341, 40769
6121.4, 1188, -3461, 5756, 6354, -14463, -1124, -341, 40769
6125.6, 828, -3106, 5444, 6357, -20072, -424, -2891, 40769
6129.3, 2008, -3106, 5444, 6357, -20072, -424, -2891, 40807
6131.6, 2564, -3106, 5444, 6357, -20072, -424, -2891, 40807
6135.8, 1915, -2925, 5726, 6332, -25296, 927, -6265, 40807
6139.5, 1388, -2925, 5726, 6332, -25296, 927, -6265, 40821
6141.8, 1299, -2925, 5726, 6332, -25296, 927, -6265, 40821
6146.0, 1843, -2982, 5972, 6658, -28687, 2331, -8054, 40821
6149.7, 1488, -2982, 5972, 6658, -28687, 2331, -8054, 40841
6152.0, 1366, -2982, 5972, 6658, -28687, 2331, -8054, 40841
6157.7, 1966, -2876, 6008, 6221, -30787, 1618, -9747, 40865
6161.4, 2042, -2876, 6008, 6221, -30787, 1618, -9747, 40866
6165.7, 1421, -3119, 5735, 6047, -33478, -472, -12153, 40866
6169.4, 1444, -3119, 5735, 6047, -33478, -472, -12153, 40903
6171.7, 1065, -3119, 5735, 6047, -33478, -472, -12153, 40903
6175.9, 1891, -3190, 5838, 6394, -36098, -1098, -13400, 40903
6179.7, 2193, -3190, 5838, 6394, -36098, -1098, -13400, 40906
6183.9, 1700, -2924, 5608, 6589, -37730, -1487, -13667, 40906
6187.7, 1789, -2924, 5608, 6589, -37730, -1487, -13667, 40945
6191.5, 1287, -2924, 5608, 6589, -37730, -1487, -13667, 40929
6195.7, 1898, -2918, 5899, 6772, -38662, -2301, -18191, 40929
6199.5, 1385, -2918, 5899, 6772, -38662, -2301, -18191, 40941
6203.7, 1824, -3128, 5806, 6761, -41064, -4283, -22159, 40941
6207.5, 2683, -3128, 5806, 6761, -41064, -4283, -22159, 40964
6211.2, 2086, -3128, 5806, 6761, -41064, -4283, -22159, 40984
6215.4, 1024, -3521, 5435, 7202, -45596, -3959, -23082, 40984
6219.2, 1277, -3521, 5435, 7202, -45596, -3959, -23082, 40995
6223.4, 2086, -3541, 5106, 6957, -46970, -5757, -21227, 40995
6227.1, 1654, -3541, 5106, 6957, -46970, -5757, -21227, 41018
6230.9, 1776, -3541, 5106, 6957, -46970, -5757, -21227, 41008
6235.1, 1730, -4227, 5088, 7400, -50217, -6816, -21625, 41008
6238.8, 1399, -4227, 5088, 7400, -50217, -6816, -21625, 41009
6243.1, 2691, -3703, 4068, 7585, -55239, -6081, -24360, 41009
6246.8, 1149, -3703, 4068, 7585, -55239, -6081, -24360, 41031
6249.1, 521, -3703, 4068, 7585, -55239, -6081, -24360, 41031
6254.9, 1399, -2964, 5818, 6385, -60848, -2734, -27733, 41030
6258.6, 2028, -2964, 5818, 6385, -60848, -2734, -27733, 41031
6262.9, 1873, -2773, 5670, 7503, -61141, -1981, -27086, 41031
6266.6, 1440, -2773, 5670, 7503, -61141, -1981, -27086, 40986
6270.8, 1402, -2828, 5002, 7189, -63670, 2030, -23620, 40986
6274.5, 1762, -2828, 5002, 7189, -63670, 2030, -23620, 41020
6276.8, 1375, -2828, 5002, 7189, -63670, 2030, -23620, 41020
6281.0, 2189, -3054, 4740, 7143, -67708, 4235, -23489, 41020
6284.7, 1657, -3054, 4740, 7143, -67708, 4235, -23489, 41016
6287.0, 1410, -3054, 4740, 7143, -67708, 4235, -23489, 41016
6292.7, 1826, -3317, 4448, 7252, -69777, 1233, -27335, 41013
6296.4, 1454, -3317, 4448, 7252, -69777, 1233, -27335, 40988
6300.7, 1389, -3480, 4503, 7006, -68745, -1946, -31653, 40988
6304.4, 1551, -3480, 4503, 7006, -68745, -1946, -31653, 40987
6306.7, 1255, -3480, 4503, 7006, -68745, -1946, -31653, 40987
6311.0, 1953, -3929, 4914, 6199, -73549, -3425, -35949, 40987
6314.7, 1082, -3929, 4914, 6199, -73549, -3425, -35949, 40994
6317.0, 884, -3929, 4914, 6199, -73549, -3425, -35949, 40994
6322.7, 1520, -4221, 5186, 6665, -76611, -1579, -35884, 41023
6326.4, 1445, -4221, 5186, 6665, -76611, -1579, -35884, 41033
6330.6, 1677, -4125, 4801, 7954, -76975, 3950, -31430, 41033
6334.4, 1807, -4125, 4801, 7954, -76975, 3950, -31430, 40983
6338.6, 1339, -4125, 4801, 7969, -80155, 8141, -29588, 40983
6342.3, 752, -4125, 4801, 7969, -80155, 8141, -29588, 40980
6346.0, 1430, -4125, 4801, 7969, -80155, 8141, -29588, 40943
6350.3, 2992, -3899, 3219, 7992, -82408, 2668, -36138, 40943
6354.0, 2641, -3899, 3219, 7992, -82408, 2668, -36138, 40951
6358.2, 1459, -3899, 3219, 7755, -81949, -3412, -44997, 40951
6362.0, 1290, -3899, 3219, 7755, -81949, -3412, -44997, 40944
6365.8, 1732, -3899, 3219, 7755, -81949, -3412, -44997, 40932
6370.0, 1499, -3215, 3638, 7344, -83336, -7275, -49993, 40932
6373.8, 1320, -3215, 3638, 7344, -83336, -7275, -49993, 40909
6378.0, 1435, -3215, 3638, 6436, -83581, -11108, -48611, 40909
6381.7, 1422, -3215, 3638, 6436, -83581, -11108, -48611, 40893
6384.0, 1501, -3215, 3638, 6436, -83581, -11108, -48611, 40893
6389.8, 1617, -2721, 4548, 6458, -86932, -5740, -42026, 40804
6393.5, 1573, -2721, 4548, 6458, -86932, -5740, -42026, 40837
6397.7, 1880, -2721, 4548, 6625, -93237, 3320, -35529, 40837
6401.5, 1549, -2721, 4548, 6625, -93237, 3320, -35529, 40793
6403.8, 1442, -2721, 4548, 6625, -93237, 3320, -35529, 40793
6409.5, 1521, -3464, 4088, 7846, -94641, 7840, -32690, 40771
6413.2, 1540, -3464, 4088, 7846, -94641, 7840, -32690, 40734
6419.0, 1968, -4293, 3186, 9217, -88358, 9913, -31351, 40674
6422.7, 2694, -4293, 3186, 9217, -88358, 9913, -31351, 40964
6428.4, 2104, -4293, 3186, 9217, -87203, 6934, -32169, 40525
6432.2, 1071, -4293, 3186, 9217, -87203, 6934, -32169, 40451
6437.9, 1187, -4821, 1167, 8286, -87203, -4746, -36361, 40405
6441.6, 1593, -4821, 1167, 8286, -87203, -4746, -36361, 40390
6445.9, 1591, -5121, 586, 7728, -87147, -4746, -36361, 40390
6449.7, 262, -5121, 586, 7728, -87147, -4746, -36361, 40317
6452.0, 953, -5121, 586, 7728, -87147, -4746, -36361, 40317
6457.7, 2615, -5052, 953, 8167, -92033, -8850, -51870, 40266
6461.4, 1769, -5052, 953, 8167, -92033, -8850, -51870, 40220
6465.7, 1685, -4176, 1660, 8624, -92033, -8850, -56652, 40220
6469.5, 1080, -4176, 1660, 8624, -92033, -8850, -56652, 40146
6471.7, 834, -4176, 1660, 8624, -92033, -8850, -56652, 40146
6476.0, 1416, -3535, 2432, 8705, -93009, -12832, -54307, 40146
6479.7, 1214, -3535, 2432, 8705, -93009, -12832, -54307, 40109
6484.0, 1402, -3261, 2603, 7621, -93009, -12832, -54307, 40109
6487.8, 2123, -3261, 2603, 7621, -93009, -12832, -54307, 40054
6491.5, 2153, -3261, 2603, 7621, -93009, -12832, -54307, 40018
6495.8, 2019, -3257, 2507, 7799, -98185, -1071, -41830, 40018
6499.5, 1362, -3257, 2507, 7799, -98185, -1071, -41830, 39990
6503.7, 1590, -3187, 1921, 7776, -98185, -1071, -41830, 39990
6507.5, 1507, -3187, 1921, 7776, -98185, -1071, -41830, 39949
6511.3, 1633, -3187, 1921, 7776, -98185, -1071, -41830, 39918
6515.5, 1235, -3500, 1359, 8115, -92252, 2436, -38933, 39918
6519.3, 1664, -3500, 1359, 8115, -92252, 2436, -38933, 39906
6523.5, 2284, -4426, 862, 8532, -92252, 2436, -38933, 39906
6527.3, 1445, -4426, 862, 8532, -92252, 2436, -38933, 39898
6531.0, 1139, -4426, 862, 8532, -92252, 2436, -38933, 39880
6535.2, 2291, -4810, -120, 8260, -90900, -4003, -45701, 39880
6539.0, 1914, -4810, -120, 8260, -90900, -4003, -45701, 39874
6543.2, 1504, -5054, -144, 9618, -90900, -4003, -45701, 39874
6546.9, 1347, -5054, -144, 9618, -90900, -4003, -45701, 39895
6550.6, 1479, -5054, -144, 9618, -90900, -4003, -45701, 39849
6554.9, 1736, -4875, -200, 9379, -94134, -18314, -57807, 39849
6558.6, 1536, -4875, -200, 9379, -94134, -18314, -57807, 39864
6562.8, 1494, -4434, 153, 8294, -94134, -18314, -57807, 39864
6566.6, 1576, -4434, 153, 8294, -94134, -18314, -57807, 39860
6568.8, 1399, -4434, 153, 8294, -94134, -18314, -57807, 39860
6574.6, 2420, -3824, 805, 7380, -101786, -14140, -58415, 40932
6578.4, 1383, -3824, 805, 7380, -101786, -14140, -58415, 39857
6584.1, 1335, -3699, 1488, 7987, -101786, -14140, -58415, 39862
6586.4, 93, -3699, 1488, 7987, -101786, -14140, -58415, 39862
6588.6, 87, -3699, 1488, 7987, -101786, -14140, -58415, 39862
6594.4, 2809, -3652, 867, 8106, -102044, -4939, -51573, 39868
6596.6, 1992, -3652, 867, 8106, -102044, -4939, -51573, 39868
6600.9, 1518, -4009, -436, 8445, -100530, -743, -46266, 39868
6604.7, 1928, -4009, -436, 8445, -100530, -743, -46266, 39900
6607.0, 1880, -4009, -436, 8445, -100530, -743, -46266, 39900
6613.0, 2067, -4214, -1657, 9824, -95219, 4396, -43956, 39868
6616.8, 647, -4214, -1657, 9824, -95219, 4396, -43956, 40771
6622.5, 1357, -4137, -2589, 8863, -96549, 1128, -47714, 39878
6626.2, 1720, -4137, -2589, 8863, -96549, 1128, -47714, 39870
6630.5, 1690, -4352, -2182, 8345, -96492, -10513, -55747, 39870
6634.2, 2106, -4352, -2182, 8345, -96492, -10513, -55747, 39874
6636.5, 1015, -4352, -2182, 8345, -96492, -10513, -55747, 39874
6640.7, 1383, -4033, -1146, 8710, -96308, -11650, -59553, 39874
6644.4, 1327, -4033, -1146, 8710, -96308, -11650, -59553, 39864
6646.7, 1807, -4033, -1146, 8710, -96308, -11650, -59553, 39864
6650.9, 2795, -3323, -882, 8395, -98600, -11523, -59693, 39864
6654.6, 1977, -3323, -882, 8395, -98600, -11523, -59693, 39848
6658.8, 1206, -2926, -451, 8026, -102779, -13930, -55795, 39848
6662.6, 1025, -2926, -451, 8026, -102779, -13930, -55795, 39854
6666.3, 1144, -2926, -451, 8026, -102779, -13930, -55795, 39868
6670.6, 1578, -3160, -842, 7896, -102774, -9953, -48204, 39868
6674.4, 1404, -3160, -842, 7896, -102774, -9953, -48204, 39863
6678.6, 632, -3908, -2093, 7953, -97288, 148, -39029, 39863
6682.3, 1758, -3908, -2093, 7953, -97288, 148, -39029, 39866
6686.1, 2670, -3908, -2093, 7953, -97288, 148, -39029, 40201
6690.4, 2240, -4326, -3990, 7415, -97004, 9353, -34934, 40201
6694.1, 1728, -4326, -3990, 7415, -97004, 9353, -34934, 40205
6698.3, 1583, -4135, -4374, 9251, -95201, 11615, -41099, 40205
6702.0, 1718, -4135, -4374, 9251, -95201, 11615, -41099, 40232
6705.7, 1559, -4135, -4374, 9251, -95201, 11615, -41099, 40239
6710.0, 1405, -4179, -3708, 9852, -92852, 6658, -51402, 40239
6713.7, 1034, -4179, -3708, 9852, -92852, 6658, -51402, 40213
6717.9, 1405, -4123, -2979, 8011, -97104, -2896, -57282, 40213
6721.7, 1308, -4123, -2979, 8011, -97104, -2896, -57282, 40243
6724.0, 1011, -4123, -2979, 8011, -97104, -2896, -57282, 40243
6729.7, 2615, -3698, -1899, 7650, -104319, -8828, -58398, 40228
6733.4, 2819, -3698, -1899, 7650, -104319, -8828, -58398, 40240
6739.1, 1935, -3732, -1153, 8522, -109136, -6650, -55720, 40244
6742.8, 1728, -3732, -1153, 8522, -109136, -6650, -55720, 40248
6748.5, 912, -4181, -1600, 8056, -110081, -441, -49171, 40267
6750.8, 577, -4181, -1600, 8056, -110081, -441, -49171, 40267
6753.0, 1103, -4181, -1600, 8056, -110081, -441, -49171, 40267
6758.8, 2111, -4491, -3780, 7868, -107858, 6107, -45505, 40282
6761.0, 1252, -4491, -3780, 7868, -107858, 6107, -45505, 40282
6763.3, 1181, -4491, -3780, 7868, -107858, 6107, -45505, 40282
6769.0, 2109, -4619, -5324, 9726, -101282, 4930, -48860, 40294
6771.2, 1431, -4619, -5324, 9726, -101282, 4930, -48860, 40294
6775.5, 1881, -3926, -5740, 8255, -103921, -3290, -56560, 40294
6779.2, 1573, -3926, -5740, 8255, -103921, -3290, -56560, 40320
6781.5, 839, -3926, -5740, 8255, -103921, -3290, -56560, 40320
6785.7, 857, -3346, -4709, 8236, -105762, -13422, -63206, 40320
6789.5, 1334, -3346, -4709, 8236, -105762, -13422, -63206, 40337
6791.7, 1822, -3346, -4709, 8236, -105762, -13422, -63206, 40337
6797.5, 2018, -3023, -3279, 7706, -101379, -21188, -62856, 40344
6801.3, 1355, -3023, -3279, 7706, -101379, -21188, -62856, 40372
6805.5, 1567, -3240, -2774, 6979, -100237, -16253, -54224, 40372
6809.3, 1329, -3240, -2774, 6979, -100237, -16253, -54224, 40384
6811.6, 1617, -3240, -2774, 6979, -100237, -16253, -54224, 40384
6815.9, 2333, -3260, -3632, 6990, -103063, -4961, -45242, 40384
6819.6, 1984, -3260, -3632, 6990, -103063, -4961, -45242, 40395
6823.8, 2167, -3461, -4493, 8182, -103575, 752, -43348, 40395
6827.6, 1469, -3461, -4493, 8182, -103575, 752, -43348, 40399
6831.4, 820, -3461, -4493, 8182, -103575, 752, -43348, 40410
6835.6, 1416, -3979, -5634, 8691, -102534, 4707, -45990, 40410
6839.4, 1723, -3979, -5634, 8691, -102534, 4707, -45990, 40429
6843.6, 1420, -4134, -6686, 8002, -101602, 3005, -50287, 40429
6847.3, 1800, -4134, -6686, 8002, -101602, 3005, -50287, 40407
6851.1, 1780, -4134, -6686, 8002, -101602, 3005, -50287, 40390
6855.3, 1171, -3841, -7073, 7642, -101414, -1666, -56311, 40390
6859.1, 1649, -3841, -7073, 7642, -101414, -1666, -56311, 40406
6863.3, 1939, -3211, -6313, 7545, -101422, -6356, -59584, 40406
6867.0, 2123, -3211, -6313, 7545, -101422, -6356, -59584, 40407
6870.7, 1696, -3211, -6313, 7545, -101422, -6356, -59584, 40405
6875.0, 2142, -2642, -5582, 6422, -101996, -12845, -56810, 40405
6878.7, 2021, -2642, -5582, 6422, -101996, -12845, -56810, 40442
6882.9, 1120, -2513, -5147, 7513, -95700, -14945, -46660, 40442
6886.7, 1291, -2513, -5147, 7513, -95700, -14945, -46660, 40440
6889.0, 1296, -2513, -5147, 7513, -95700, -14945, -46660, 40440
6894.8, 1637, -2567, -5687, 6023, -96098, -6146, -35512, 40447
6898.5, 965, -2567, -5687, 6023, -96098, -6146, -35512, 40484
6902.7, 1712, -2858, -6651, 6638, -94256, 1662, -33705, 40484
6906.5, 2340, -2858, -6651, 6638, -94256, 1662, -33705, 40506
6908.8, 2319, -2858, -6651, 6638, -94256, 1662, -33705, 40506
6914.5, 1271, -3100, -7146, 6911, -92838, 3950, -42617, 40537
6916.8, 789, -3100, -7146, 6911, -92838, 3950, -42617, 40537
6922.6, 1900, -3574, -7676, 6404, -92747, 8741, -51739, 40532
6926.3, 1325, -3574, -7676, 6404, -92747, 8741, -51739, 40621
6930.6, 1430, -3747, -7950, 7098, -92047, 7280, -55659, 40621
6934.3, 2253, -3747, -7950, 7098, -92047, 7280, -55659, 40664
6936.6, 2474, -3747, -7950, 7098, -92047, 7280, -55659, 40664
6940.8, 1114, -3711, -8190, 8206, -91920, 1360, -54543, 40664
6944.6, 1661, -3711, -8190, 8206, -91920, 1360, -54543, 40722
6946.9, 1527, -3711, -8190, 8206, -91920, 1360, -54543, 40722
6952.6, 1246, -3330, -7524, 7098, -90835, -1404, -51057, 40753
6956.4, 954, -3330, -7524, 7098, -90835, -1404, -51057, 40793
6960.6, 2210, -2785, -7372, 6785, -92922, -5626, -49779, 40793
6964.4, 1949, -2785, -7372, 6785, -92922, -5626, -49779, 40837
6966.6, 1632, -2785, -7372, 6785, -92922, -5626, -49779, 40837
6970.9, 2130, -2537, -6662, 7723, -91504, -11020, -51175, 40837
6974.7, 2055, -2537, -6662, 7723, -91504, -11020, -51175, 40835
6978.9, 1378, -2537, -6662, 7723, -92388, -13238, -50619, 40835
6982.6, 1308, -2537, -6662, 7723, -92388, -13238, -50619, 40841
6986.4, 1283, -2537, -6662, 7723, -92388, -13238, -50619, 40843
6990.6, 1672, -2700, -7754, 5812, -85462, -12665, -47548, 40843
6994.4, 1631, -2700, -7754, 5812, -85462, -12665, -47548, 40842
6998.6, 2127, -2700, -7754, 5812, -82977, -9773, -43986, 40842
7002.3, 1648, -2700, -7754, 5812, -82977, -9773, -43986, 40820
7006.1, 1357, -2700, -7754, 5812, -82977, -9773, -43986, 40849
7010.3, 1697, -2635, -8267, 5078, -83362, -4935, -43186, 40849
7014.0, 1771, -2635, -8267, 5078, -83362, -4935, -43186, 40857
7018.2, 1402, -2635, -8267, 5078, -82920, -3622, -44345, 40857
7021.9, 2000, -2635, -8267, 5078, -82920, -3622, -44345, 40881
7025.7, 2032, -2635, -8267, 5078, -82920, -3622, -44345, 40838
7029.9, 1507, -3171, -7329, 7063, -84810, 1360, -44306, 40838
7033.7, 1041, -3171, -7329, 7063, -84810, 1360, -44306, 40896
7037.9, 1054, -3171, -7329, 7063, -86893, 4226, -43562, 40896
7041.6, 1470, -3171, -7329, 7063, -86893, 4226, -43562, 40926
7043.9, 1744, -3171, -7329, 7063, -86893, 4226, -43562, 40926
7049.6, 1787, -3001, -8452, 6787, -85471, -717, -44621, 40951
7053.3, 1693, -3001, -8452, 6787, -85471, -717, -44621, 40974
7059.0, 1610, -2568, -8328, 6462, -82942, -7682, -45995, 41005
7062.8, 1078, -2568, -8328, 6462, -82942, -7682, -45995, 40988
7068.5, 1377, -2568, -8328, 6462, -82942, -7682, -45579, 41046
7070.7, 1272, -2568, -8328, 6462, -82942, -7682, -45579, 41046
7073.0, 1682, -2568, -8328, 6462, -82942, -7682, -45579, 41046
7078.7, 2208, -2118, -8055, 5469, -82487, -13868, -42674, 41077
7080.9, 1388, -2118, -8055, 5469, -82487, -13868, -42674, 41077
7083.2, 1104, -2118, -8055, 5469, -82487, -13868, -42674, 41077
7088.9, 1042, -1966, -7605, 5695, -83852, -9235, -38238, 41106
7091.2, 586, -1966, -7605, 5695, -83852, -9235, -38238, 41106
7095.5, 1996, -2091, -7607, 5216, -83852, -9235, -38238, 41106
7099.2, 2875, -2091, -7607, 5216, -83852, -9235, -38238, 41126
7101.5, 1851, -2091, -7607, 5216, -83852, -9235, -38238, 41126
7105.7, 1794, -2362, -8036, 5274, -86503, -2611, -35140, 41126
7109.4, 1499, -2362, -8036, 5274, -86503, -2611, -35140, 41150
7111.7, 884, -2362, -8036, 5274, -86503, -2611, -35140, 41150
7115.9, 1618, -2749, -8704, 6068, -83445, 1220, -35074, 41150
7119.6, 1550, -2749, -8704, 6068, -83445, 1220, -35074, 41087
7121.9, 1287, -2749, -8704, 6068, -83445, 1220, -35074, 41087
7127.6, 1776, -2654, -9300, 4883, -82316, 2935, -35512, 41150
7131.3, 1775, -2654, -9300, 4883, -82316, 2935, -35512, 41147
7135.6, 1578, -2414, -9315, 4819, -80024, -2008, -36496, 41147
7139.4, 1949, -2414, -9315, 4819, -80024, -2008, -36496, 41150
7143.6, 1404, -2270, -8702, 5070, -74844, -10303, -37879, 41150
7147.3, 1474, -2270, -8702, 5070, -74844, -10303, -37879, 41174
7151.1, 1662, -2270, -8702, 5070, -74844, -10303, -37879, 41132
7155.4, 1480, -1971, -8396, 4408, -74061, -13260, -37371, 41132
7159.1, 1863, -1971, -8396, 4408, -74061, -13260, -37371, 41137
7163.3, 2236, -1826, -8347, 4904, -73811, -12377, -36518, 41137
7167.0, 1837, -1826, -8347, 4904, -73811, -12377, -36518, 41116
7170.7, 1538, -1826, -8347, 4904, -73811, -12377, -36518, 41123
7175.0, 1677, -1749, -8957, 5413, -74100, -9769, -34948, 41123
7178.7, 1862, -1749, -8957, 5413, -74100, -9769, -34948, 41143
7182.9, 2168, -1511, -9375, 4171, -76056, -5630, -32222, 41143
7186.7, 1350, -1511, -9375, 4171, -76056, -5630, -32222, 41145
7189.0, 804, -1511, -9375, 4171, -76056, -5630, -32222, 41145
7194.8, 1856, -1597, -9315, 4936, -76143, -6842, -31968, 41104
7198.5, 2585, -1597, -9315, 4936, -76143, -6842, -31968, 41169
7202.7, 2344, -1685, -9363, 4996, -71033, -11992, -32362, 41169
7206.5, 1473, -1685, -9363, 4996, -71033, -11992, -32362, 41185
7208.8, 1123, -1685, -9363, 4996, -71033, -11992, -32362, 41185
7214.6, 1276, -1552, -9910, 4581, -69204, -13733, -29509, 41192
7218.3, 2019, -1552, -9910, 4581, -69204, -13733, -29509, 41194
7224.0, 2783, -1366, -10023, 4680, -67542, -19504, -25572, 41210
7227.7, 1726, -1366, -10023, 4680, -67542, -19504, -25572, 41212
7233.5, 1456, -1384, -9809, 4015, -66417, -28643, -24185, 41226
7235.7, 1068, -1384, -9809, 4015, -66417, -28643, -24185, 41226
7238.0, 1193, -1384, -9809, 4015, -66417, -28643, -24185, 41226
7243.7, 1573, -1482, -9894, 2982, -63692, -27869, -22697, 42455
7245.9, 949, -1482, -9894, 2982, -63692, -27869, -22697, 42455
7248.2, 1056, -1482, -9894, 2982, -63692, -27869, -22697, 42455
7253.9, 1877, -1425, -10350, 2851, -63631, -22111, -21669, 42478
7256.2, 1093, -1425, -10350, 2851, -63631, -22111, -21669, 42478
7260.4, 2101, -1469, -10587, 3496, -59759, -20068, -23284, 42478
7264.2, 2268, -1469, -10587, 3496, -59759, -20068, -23284, 42521
7266.5, 2046, -1469, -10587, 3496, -59759, -20068, -23284, 42521
7270.7, 1275, -1474, -10625, 3259, -57895, -15023, -25467, 42521
7274.4, 1413, -1474, -10625, 3259, -57895, -15023, -25467, 42558
7276.7, 1081, -1474, -10625, 3259, -57895, -15023, -25467, 42558
7280.9, 2374, -1454, -10525, 3444, -55720, -10163, -27742, 42558
7284.6, 2413, -1454, -10525, 3444, -55720, -10163, -27742, 42589
7286.9, 1167, -1454, -10525, 3444, -55720, -10163, -27742, 42589
7292.6, 1824, -977, -9966, 3252, -54224, -9769, -30730, 42620
7296.3, 1769, -977, -9966, 3252, -54224, -9769, -30730, 42648
7300.6, 1772, -807, -9436, 3321, -53380, -12486, -31259, 42648
7304.4, 1928, -807, -9436, 3321, -53380, -12486, -31259, 42678
7308.6, 1643, -865, -8895, 3207, -52557, -11296, -27724, 42678
7312.3, 967, -865, -8895, 3207, -52557, -11296, -27724, 42693
7316.1, 1828, -865, -8895, 3207, -52557, -11296, -27724, 42698
7320.3, 2684, -902, -9025, 3040, -53550, -5950, -22509, 42698
7324.1, 1767, -902, -9025, 3040, -53550, -5950, -22509, 42700
7328.3, 1637, -1282, -9169, 4019, -53555, -3670, -20230, 42700
7332.0, 1881, -1282, -9169, 4019, -53555, -3670, -20230, 42717
7335.7, 1754, -1282, -9169, 4019, -53555, -3670, -20230, 42739
7340.0, 1397, -1428, -9401, 4018, -53152, -4563, -21087, 42739
7343.7, 1683, -1428, -9401, 4018, -53152, -4563, -21087, 42740
7347.9, 2444, -1478, -9397, 3669, -53852, -6803, -22842, 42740
7351.7, 1293, -1478, -9397, 3669, -53852, -6803, -22842, 42668
7354.0, 680, -1478, -9397, 3669, -53852, -6803, -22842, 42668
7359.8, 1926, -1490, -9298, 3854, -52229, -13523, -23835, 42745
7363.5, 1737, -1490, -9298, 3854, -52229, -13523, -23835, 42714
7367.7, 1849, -1281, -9234, 3409, -51232, -18650, -22024, 42714
7371.5, 1751, -1281, -9234, 3409, -51232, -18650, -22024, 42711
7373.8, 1137, -1281, -9234, 3409, -51232, -18650, -22024, 42711
7379.6, 1899, -997, -9343, 2602, -51617, -17880, -17929, 42743
7383.3, 1410, -997, -9343, 2602, -51617, -17880, -17929, 42706
7389.1, 1786, -895, -9503, 2577, -48200, -16655, -14875, 42720
7392.8, 1860, -895, -9503, 2577, -48200, -16655, -14875, 42710
7398.5, 1806, -688, -9774, 1401, -45225, -13046, -12858, 42717
7400.7, 766, -688, -9774, 1401, -45225, -13046, -12858, 42717
7403.0, 802, -688, -9774, 1401, -45225, -13046, -12858, 42717
7408.7, 1785, -876, -9892, 1713, -41961, -7616, -11357, 42701
7410.9, 830, -876, -9892, 1713, -41961, -7616, -11357, 42701
7415.2, 1797, -1050, -9842, 2237, -38955, -5455, -10802, 42701
7419.0, 2102, -1050, -9842, 2237, -38955, -5455, -10802, 42734
7421.2, 1401, -1050, -9842, 2237, -38955, -5455, -10802, 42734
7425.5, 2159, -991, -10132, 2780, -38242, -4366, -9861, 42734
7429.2, 1656, -991, -10132, 2780, -38242, -4366, -9861, 42738
7431.5, 831, -991, -10132, 2780, -38242, -4366, -9861, 42738
7435.7, 2216, -831, -10299, 3165, -36851, -5954, -8693, 42738
7439.4, 1909, -831, -10299, 3165, -36851, -5954, -8693, 42767
7441.7, 727, -831, -10299, 3165, -36851, -5954, -8693, 42767
7445.9, 1817, -649, -10359, 2542, -35372, -9450, -8588, 42767
7449.6, 1701, -649, -10359, 2542, -35372, -9450, -8588, 42723
7451.9, 929, -649, -10359, 2542, -35372, -9450, -8588, 42723
7457.6, 2154, -547, -10001, 1948, -33928, -10272, -8631, 42804
7461.3, 2115, -547, -10001, 1948, -33928, -10272, -8631, 42846
7465.6, 1727, -556, -10042, 2088, -32953, -7695, -8365, 42846
7469.4, 2075, -556, -10042, 2088, -32953, -7695, -8365, 42794
7473.6, 2015, -569, -10254, 2288, -33084, -4786, -7367, 42794
7477.3, 1835, -569, -10254, 2288, -33084, -4786, -7367, 42850
7481.1, 1822, -569, -10254, 2288, -33084, -4786, -7367, 42864
7485.3, 2233, -480, -10484, 1953, -31399, -3412, -6059, 42864
7489.1, 1858, -480, -10484, 1953, -31399, -3412, -6059, 42882
7493.3, 1962, -655, -10282, 2000, -27851, -5827, -5936, 42882
7497.0, 1904, -655, -10282, 2000, -27851, -5827, -5936, 42897
7500.8, 1913, -655, -10282, 2000, -27851, -5827, -5936, 42925
7505.0, 1944, -622, -9852, 1877, -26495, -9953, -6798, 42925
7508.7, 1896, -622, -9852, 1877, -26495, -9953, -6798, 42949
7512.9, 1916, -384, -9832, 1525, -27007, -8929, -6781, 42949
7516.6, 1871, -384, -9832, 1525, -27007, -8929, -6781, 42983
7518.9, 750, -384, -9832, 1525, -27007, -8929, -6781, 42983
7524.7, 1862, -397, -9857, 1856, -27457, -4593, -5700, 43021
7528.4, 1779, -397, -9857, 1856, -27457, -4593, -5700, 43058
7534.1, 1773, -421, -9896, 1844, -28284, -1938, -5385, 43089
7537.8, 1900, -421, -9896, 1844, -28284, -1938, -5385, 43128
7543.5, 2006, -471, -9856, 1898, -28359, 1019, -5757, 43168
7547.3, 1567, -471, -9856, 1898, -28359, 1019, -5757, 43182
7553.0, 1760, -455, -10232, 1980, -26565, 3998, -5556, 43266
7556.7, 1649, -455, -10232, 1980, -26565, 3998, -5556, 43319
7562.5, 1923, -455, -10232, 1426, -24832, 1811, -5464, 43349
7566.2, 1611, -455, -10232, 1426, -24832, 1811, -5464, 43448
7568.5, 513, -455, -10232, 1426, -24832, 1811, -5464, 43448
7574.2, 1949, -411, -9520, 1228, -22282, -3062, -5998, 43449
7576.5, 562, -411, -9520, 1228, -22282, -3062, -5998, 43449
7580.8, 1613, -411, -9397, 1442, -21577, -2712, -5573, 43449
7584.5, 1743, -411, -9397, 1442, -21577, -2712, -5573, 43485
7586.8, 609, -411, -9397, 1442, -21577, -2712, -5573, 43485
7592.5, 2074, -546, -10004, 1512, -22610, 1824, -3841, 43546
7596.3, 1810, -546, -10004, 1512, -22610, 1824, -3841, 43570
7600.5, 1614, -385, -10419, 1603, -21415, 3202, -3311, 43570
7604.3, 1634, -385, -10419, 1603, -21415, 3202, -3311, 43635
7606.5, 343, -385, -10419, 1603, -21415, 3202, -3311, 43635
7610.8, 1688, -366, -10077, 1460, -19000, 664, -4943, 43635
7614.6, 1738, -366, -10077, 1460, -19000, 664, -4943, 43677
7618.8, 1724, -366, -10077, 1460, -19000, 664, -4943, 43677
7622.5, 1707, -366, -10077, 1460, -19000, 664, -4943, 43740
7626.3, 1635, -366, -10077, 1460, -19000, 664, -4943, 43813
7630.5, 1619, -644, -9820, 1427, -20015, 4554, -5718, 43813
7634.3, 1664, -644, -9820, 1427, -20015, 4554, -5718, 43817
7638.5, 1655, -644, -9820, 1427, -20015, 4554, -5718, 43817
7642.2, 1750, -644, -9820, 1427, -20015, 4554, -5718, 43873
7646.0, 1722, -644, -9820, 1427, -20015, 4554, -5718, 43898
7650.3, 1628, -660, -10121, 1549, -19534, 1321, -3626, 43898
7654.0, 1623, -660, -10121, 1549, -19534, 1321, -3626, 43939
7658.3, 1559, -660, -10121, 1549, -19534, 1321, -3626, 43939
7662.0, 1546, -660, -10121, 1549, -19534, 1321, -3626, 44028
7665.7, 1562, -660, -10121, 1549, -19534, 1321, -3626, 44063
7670.0, 1581, -288, -9833, 1064, -18812, 1041, -5963, 44063
7673.7, 1584, -288, -9833, 1064, -18812, 1041, -5963, 42794
7677.9, 1544, -288, -9833, 1064, -18812, 1041, -5963, 42794
7681.7, 1424, -288, -9833, 1064, -18812, 1041, -5963, 44170
7684.0, 55, -288, -9833, 1064, -18812, 1041, -5963, 44170
7689.8, 1722, -485, -9872, 1034, -18156, 9100, -4221, 44210
7693.5, 1720, -485, -9872, 1034, -18156, 9100, -4221, 44207
7697.7, 1403, -485, -9872, 1034, -18156, 9100, -4221, 44207
7701.5, 1496, -485, -9872, 1034, -18156, 9100, -4221, 44239
7703.8, 60, -485, -9872, 1034, -18156, 9100, -4221, 44239
7709.6, 1478, -556, -9927, 1706, -16091, 8207, -5088, 44259
7713.3, 1773, -556, -9927, 1706, -16091, 8207, -5088, 44283
7719.0, 1560, -556, -9927, 1706, -16091, 8207, -5088, 44305
7721.3, 72, -556, -9927, 1706, -16091, 8207, -5088, 44305
7723.5, 9, -556, -9927, 1706, -16091, 8207, -5088, 44305
7729.2, 1609, -417, -9892, 1245, -15688, 608, -5656, 44358
7731.5, 143, -417, -9892, 1245, -15688, 608, -5656, 44358
7735.7, 1552, -206, -9850, 847, -14288, 608, -5656, 44358
7739.4, 1461, -206, -9850, 847, -14288, 608, -5656, 44335
7741.7, 86, -206, -9850, 847, -14288, 608, -5656, 44335
7745.9, 1481, -203, -9948, 512, -13728, 30, -4003, 44335
7749.6, 1373, -203, -9948, 512, -13728, 30, -4003, 44331
7751.9, 57, -203, -9948, 512, -13728, 30, -4003, 44331
7757.6, 1636, -460, -9911, 430, -12880, 1369, -3241, 44315
7761.3, 1495, -460, -9911, 430, -12880, 1369, -3241, 44299
7765.5, 1392, -528, -9835, 687, -12145, 3955, -3801, 44299
7769.3, 1370, -528, -9835, 687, -12145, 3955, -3801, 44283
7771.5, 57, -528, -9835, 687, -12145, 3955, -3801, 44283
7775.8, 1451, -488, -9801, 917, -13112, 4956, -5718, 44283
7779.6, 1284, -488, -9801, 917, -13112, 4956, -5718, 44251
7783.8, 1553, -537, -9882, 786, -13383, 5026, -7026, 44251
7787.5, 1708, -537, -9882, 786, -13383, 5026, -7026, 44202
7791.3, 1452, -537, -9882, 786, -13383, 5026, -7026, 44223
7795.5, 1472, -486, -10150, 992, -11935, 3653, -6650, 44223
7799.3, 1211, -486, -10150, 992, -11935, 3653, -6650, 44202
7803.5, 1304, -202, -10413, 825, -9646, 1951, -5700, 44202
7807.2, 1346, -202, -10413, 825, -9646, 1951, -5700, 44205
7811.0, 1545, -202, -10413, 825, -9646, 1951, -5700, 44209
7815.3, 1436, -72, -10401, 739, -6269, 380, -4834, 44209
7819.0, 1238, -72, -10401, 739, -6269, 380, -4834, 44207
7823.3, 1425, -270, -10253, 691, -3906, -4475, -5175, 44207
7827.0, 1439, -270, -10253, 691, -3906, -4475, -5175, 44209
7830.7, 1485, -270, -10253, 691, -3906, -4475, -5175, 44177
7835.0, 1393, -538, -9987, 891, -1216, -8688, -5591, 44177
7838.7, 1253, -538, -9987, 891, -1216, -8688, -5591, 44206
7842.9, 1223, -556, -9975, 915, -2025, -7603, -4431, 44206
7846.7, 1383, -556, -9975, 915, -2025, -7603, -4431, 44206
7849.0, 151, -556, -9975, 915, -2025, -7603, -4431, 44206
7854.8, 1526, -553, -9897, 1189, -1181, -7328, -3963, 44204
7858.5, 1402, -553, -9897, 1189, -1181, -7328, -3963, 44182
7862.7, 1339, -504, -10038, 1423, -1583, -10386, -5223, 44182
7866.5, 1153, -504, -10038, 1423, -1583, -10386, -5223, 44214
7868.8, 35, -504, -10038, 1423, -1583, -10386, -5223, 44214
7874.5, 1981, -381, -9963, 1220, 4, -13330, -5578, 44200
7878.3, 1319, -381, -9963, 1220, 4, -13330, -5578, 44219
7884.0, 1377, -376, -10024, 1075, 2603, -13921, -3745, 44222
7886.3, 41, -376, -10024, 1075, 2603, -13921, -3745, 44222
7888.5, 9, -376, -10024, 1075, 2603, -13921, -3745, 44222
7894.3, 1479, -123, -10524, 927, 8076, -13698, -1268, 44183
7896.5, 239, -123, -10524, 927, 8076, -13698, -1268, 44183
7900.7, 1463, 60, -10575, 129, 13965, -12044, 778, 44183
7904.4, 1310, 60, -10575, 129, 13965, -12044, 778, 44183
7906.7, 43, 60, -10575, 129, 13965, -12044, 778, 44183
7910.9, 1330, -274, -10283, 111, 17649, -10233, -446, 44183
7914.6, 1380, -274, -10283, 111, 17649, -10233, -446, 44178
7916.9, 52, -274, -10283, 111, 17649, -10233, -446, 44178
7922.6, 1431, -462, -10112, 759, 19162, -8977, -2143, 44166
7926.3, 1510, -462, -10112, 759, 19162, -8977, -2143, 44104
7930.6, 1637, -515, -10607, 180, 22255, -8019, 39, 44104
7934.3, 1239, -515, -10607, 180, 22255, -8019, 39, 44150
7936.6, 38, -515, -10607, 180, 22255, -8019, 39, 44150
7940.9, 1222, -1105, -10934, 1421, 33215, -10298, 4331, 44150
7944.6, 1886, -1105, -10934, 1421, 33215, -10298, 4331, 44099
7948.8, 1315, -948, -10804, 955, 38172, -17019, 5875, 44099
7952.6, 1178, -948, -10804, 955, 38172, -17019, 5875, 44093
7956.3, 1415, -948, -10804, 955, 38172, -17019, 5875, 44047
7960.6, 1317, -359, -10637, 1112, 43973, -22470, 5446, 44047
7964.4, 1319, -359, -10637, 1112, 43973, -22470, 5446, 44023
7968.6, 1707, -40, -10675, 1161, 53498, -23634, 7529, 44023
7972.3, 1314, -40, -10675, 1161, 53498, -23634, 7529, 43976
7976.1, 1888, -40, -10675, 1161, 53498, -23634, 7529, 43932
7980.3, 1406, 34, -10610, 1189, 56902, -16069, 12517, 43932
7984.1, 1240, 34, -10610, 1189, 56902, -16069, 12517, 43882
7988.3, 1432, -228, -10657, 2154, 58555, -5315, 17001, 43882
7992.0, 1220, -228, -10657, 2154, 58555, -5315, 17001, 43825
7995.8, 1250, -228, -10657, 2154, 58555, -5315, 17001, 43736
8000.0, 1497, -211, -10523, 1941, 59050, 748, 17837, 43736
8003.7, 1285, -211, -10523, 1941, 59050, 748, 17837, 43736
8007.9, 1206, -342, -10261, 1738, 62300, 5188, 17670, 43736
8011.7, 1234, -342, -10261, 1738, 62300, 5188, 17670, 43666
8014.0, 37, -342, -10261, 1738, 62300, 5188, 17670, 43666
8020.1, 1319, -942, -10397, 1744, 65494, 11423, 19727, 43626
8023.8, 1283, -942, -10397, 1744, 65494, 11423, 19727, 43598
8028.1, 1397, -1453, -10651, 2006, 73203, 13190, 23227, 43598
8031.8, 1419, -1453, -10651, 2006, 73203, 13190, 23227, 43564
8034.1, 63, -1453, -10651, 2006, 73203, 13190, 23227, 43564
8039.8, 1406, -1554, -10287, 2781, 79551, 8093, 26679, 43467
8042.1, 42, -1554, -10287, 2781, 79551, 8093, 26679, 43467
8047.9, 1464, -1835, -9829, 3947, 85663, -2502, 29238, 43508
8051.6, 1127, -1835, -9829, 3947, 85663, -2502, 29238, 43489
8055.9, 1183, -1594, -9680, 3351, 88687, -12674, 30336, 43489
8059.6, 1595, -1594, -9680, 3351, 88687, -12674, 30336, 43479
8061.9, 232, -1594, -9680, 3351, 88687, -12674, 30336, 43479
8067.6, 1450, -1164, -9655, 3427, 91242, -16550, 32178, 43463
8071.3, 1226, -1164, -9655, 3427, 91242, -16550, 32178, 43459
8075.6, 1074, -835, -9990, 3333, 93919, -14577, 36181, 43459
8079.3, 1296, -835, -9990, 3333, 93919, -14577, 36181, 43440
8081.6, 48, -835, -9990, 3333, 93919, -14577, 36181, 43440
8085.8, 1584, -739, -10218, 3278, 95910, -8465, 42040, 43440
8089.5, 1431, -739, -10218, 3278, 95910, -8465, 42040, 43416
8091.8, 103, -739, -10218, 3278, 95910, -8465, 42040, 43416
8096.0, 1340, -1107, -10077, 3890, 98426, -2375, 46940, 43416
8099.7, 1248, -1107, -10077, 3890, 98426, -2375, 46940, 43416
8104.0, 1188, -1313, -9697, 4205, 102022, 901, 49013, 43416
8107.8, 1354, -1313, -9697, 4205, 102022, 901, 49013, 43384
8111.5, 1930, -1313, -9697, 4205, 102022, 901, 49013, 43361
8115.8, 1241, -1307, -9705, 4178, 102731, 1233, 49062, 43361
8119.5, 972, -1307, -9705, 4178, 102731, 1233, 49062, 43360
8123.8, 1561, -1487, -9862, 4581, 106095, -1023, 50282, 43360
8127.5, 2354, -1487, -9862, 4581, 106095, -1023, 50282, 43365
8131.3, 1337, -1487, -9862, 4581, 106095, -1023, 50282, 43325
8135.6, 1020, -1398, -9962, 4332, 106598, -1505, 54277, 43325
8139.3, 511, -1398, -9962, 4332, 106598, -1505, 54277, 43312
8143.5, 1691, -1427, -9932, 4596, 109508, -949, 59452, 43312
8147.3, 1923, -1427, -9932, 4596, 109508, -949, 59452, 43280
8151.0, 1389, -1427, -9932, 4596, 109508, -949, 59452, 43286
8155.3, 1828, -1730, -9844, 4525, 112168, -1316, 62808, 43286
8159.0, 1126, -1730, -9844, 4525, 112168, -1316, 62808, 43290
8163.2, 1103, -1905, -9821, 5316, 114491, -1238, 63289, 43290
8166.9, 1016, -1905, -9821, 5316, 114491, -1238, 63289, 43276
8170.7, 906, -1905, -9821, 5316, 114491, -1238, 63289, 43214
8174.9, 1210, -1962, -9876, 5322, 113620, -1141, 61657, 43214
8178.6, 1444, -1962, -9876, 5322, 113620, -1141, 61657, 43276
8182.8, 1526, -2047, -9774, 6019, 114618, -1614, 59369, 43276
8186.6, 704, -2047, -9774, 6019, 114618, -1614, 59369, 43275
8188.8, 30, -2047, -9774, 6019, 114618, -1614, 59369, 43275
8194.6, 1595, -2026, -9399, 5580, 115392, -1973, 59321, 43285
8198.3, 1766, -2026, -9399, 5580, 115392, -1973, 59321, 43285
8204.0, 1474, -2156, -9317, 5566, 116486, 516, 62296, 43278
8206.2, 227, -2156, -9317, 5566, 116486, 516, 62296, 43278
8208.5, 225, -2156, -9317, 5566, 116486, 516, 62296, 43278
8214.2, 524, -2296, -9143, 5924, 118170, 717, 64921, 43242
8216.5, 47, -2296, -9143, 5924, 118170, 717, 64921, 43242
8220.7, 310, -2296, -9143, 5924, 120213, -1491, 66046, 43242
8224.5, 957, -2296, -9143, 5924, 120213, -1491, 66046, 43291
8226.8, 402, -2296, -9143, 5924, 120213, -1491, 66046, 43291
8231.0, 1064, -2408, -8929, 5927, 121972, -2979, 66081, 43291
8234.7, 679, -2408, -8929, 5927, 121972, -2979, 66081, 43240
8237.0, 788, -2408, -8929, 5927, 121972, -2979, 66081, 43240
8242.7, 643, -2295, -8899, 6647, 124431, -393, 66470, 43298
8246.4, 71, -2295, -8899, 6647, 124431, -393, 66470, 43302
8250.7, 2106, -2403, -8899, 6647, 124138, 3600, 66833, 43302
8254.4, 2126, -2403, -8899, 6647, 124138, 3600, 66833, 43311
8256.7, 906, -2403, -8899, 6647, 124138, 3600, 66833, 43311
8260.9, 412, -2423, -8634, 6292, 126400, 4891, 66824, 43311
8264.7, 417, -2423, -8634, 6292, 126400, 4891, 66824, 43283
8268.9, 1100, -2699, -8634, 6292, 126400, 4891, 66824, 43283
8272.7, 941, -2699, -8634, 6292, 126400, 4891, 66824, 43304
8276.4, 931, -2699, -8634, 6292, 126400, 4891, 66824, 43276
8280.7, 381, -2972, -8113, 6507, 127174, 5215, 67148, 43276
8284.5, 1417, -2972, -8113, 6507, 127174, 5215, 67148, 43266
8288.7, 1214, -3149, -8113, 6507, 127174, 5215, 67148, 43266
8292.5, 2335, -3149, -8113, 6507, 127174, 5215, 67148, 43273
8296.2, 2466, -3149, -8113, 6507, 127174, 5215, 67148, 43227
8300.4, 972, -2784, -7759, 7506, 130280, 218, 68583, 43227
8304.2, 328, -2784, -7759, 7506, 130280, 218, 68583, 43216
8308.4, 578, -2784, -7759, 7506, 130280, 218, 68583, 43216
8312.1, 1570, -2784, -7759, 7506, 130280, 218, 68583, 43203
8315.9, 2817, -2784, -7759, 7506, 130280, 218, 68583, 43167
8320.1, 1221, -2722, -6948, 7403, 131650, -2887, 68867, 43167
8323.8, 90, -2722, -6948, 7403, 131650, -2887, 68867, 43178
8328.1, 454, -2877, -6948, 7403, 131650, -2887, 68867, 43178
8331.8, 1636, -2877, -6948, 7403, 131650, -2887, 68867, 42250
8334.1, 1955, -2877, -6948, 7403, 131650, -2887, 68867, 42250
8339.9, 2507, -2962, -7040, 7034, 132520, 1128, 69896, 42215
8343.6, 1378, -2962, -7040, 7034, 132520, 1128, 69896, 42184
8347.9, 1025, -2962, -7040, 7034, 132520, 1128, 69896, 42184
8351.6, 905, -2962, -7040, 7034, 132520, 1128, 69896, 42149
8353.9, 1524, -2962, -7040, 7034, 132520, 1128, 69896, 42149
8359.7, 321, -3494, -6515, 6601, 135544, 4291, 68237, 42104
8363.4, 792, -3494, -6515, 6601, 135544, 4291, 68237, 42058
8369.2, 2721, -3494, -6515, 6601, 135544, 4291, 68237, 42003
8371.4, 1478, -3494, -6515, 6601, 135544, 4291, 68237, 42003
8375.7, 1321, -3857, -6227, 6955, 135649, 8019, 68889, 42003
8379.4, 489, -3857, -6227, 6955, 135649, 8019, 68889, 41944
8381.7, 118, -3857, -6227, 6955, 135649, 8019, 68889, 41944
8387.5, 3017, -4031, -6004, 8009, 137350, 9686, 68548, 41899
8391.2, 2457, -4031, -6004, 8009, 137350, 9686, 68548, 41823
8395.4, 297, -3904, -6024, 9206, 137193, 7927, 66317, 41823
8399.1, 1378, -3904, -6024, 9206, 137193, 7927, 66317, 41787
8401.4, 2440, -3904, -6024, 9206, 137193, 7927, 66317, 41787
8405.6, 2255, -3376, -5821, 8280, 135802, 1916, 61487, 41787
8409.3, 320, -3376, -5821, 8280, 135802, 1916, 61487, 41735
8411.6, 134, -3376, -5821, 8280, 135802, 1916, 61487, 41735
8415.8, 577, -3068, -5434, 8214, 134900, -4777, 57173, 41735
8419.5, 1985, -3068, -5434, 8214, 134900, -4777, 57173, 41681
8421.8, 1756, -3068, -5434, 8214, 134900, -4777, 57173, 41681
8426.0, 1041, -2927, -5080, 7991, 136795, -7301, 56679, 41681
8429.7, 877, -2927, -5080, 7991, 136795, -7301, 56679, 41642
8433.9, 2754, -2968, -4686, 7517, 134966, -3539, 60616, 41642
8437.7, 2527, -2968, -4686, 7517, 134966, -3539, 60616, 41588
8441.4, 1590, -2968, -4686, 7517, 134966, -3539, 60616, 41542
8445.7, 2626, -3139, -4685, 8148, 134004, 2441, 65901, 41542
8449.4, 1569, -3139, -4685, 8148, 134004, 2441, 65901, 41509
8453.6, 814, -3332, -4318, 7857, 131755, 3692, 68386, 41509
8457.3, 580, -3332, -4318, 7857, 131755, 3692, 68386, 41439
8461.1, 1443, -3332, -4318, 7857, 131755, 3692, 68386, 41411
8465.3, 1851, -3508, -4357, 7417, 130543, 6286, 67520, 41411
8469.0, 2140, -3508, -4357, 7417, 130543, 6286, 67520, 41344
8473.2, 493, -3943, -3941, 7679, 132884, 7350, 65087, 41344
8476.9, 81, -3943, -3941, 7679, 132884, 7350, 65087, 41300
8480.7, 1403, -3943, -3941, 7679, 132884, 7350, 65087, 41267
8485.0, 2468, -4166, -4292, 7649, 133535, 11016, 61679, 41267
8488.7, 2626, -4166, -4292, 7649, 133535, 11016, 61679, 41235
8492.9, 2620, -4177, -4025, 8048, 132652, 12748, 57046, 41235
8496.6, 2496, -4177, -4025, 8048, 132652, 12748, 57046, 41204
8498.9, 911, -4177, -4025, 8048, 132652, 12748, 57046, 41204
8504.6, 617, -4038, -3540, 8203, 131943, 12425, 52557, 41182
8508.3, 896, -4038, -3540, 8203, 131943, 12425, 52557, 41133
8514.0, 2163, -3815, -2863, 9391, 131724, 7013, 50413, 41083
8517.8, 271, -3815, -2863, 9391, 131724, 7013, 50413, 41057
8523.5, 722, -3253, -2489, 8906, 129436, 2563, 51205, 41017
8525.7, 2251, -3253, -2489, 8906, 129436, 2563, 51205, 41017
8528.0, 2501, -3253, -2489, 8906, 129436, 2563, 51205, 41017
8533.7, 2725, -2867, -2196, 8812, 127870, 437, 53200, 40969
8536.0, 1829, -2867, -2196, 8812, 127870, 437, 53200, 40969
8538.2, 1482, -2867, -2196, 8812, 127870, 437, 53200, 40969
8543.9, 2309, -2764, -2195, 7998, 125735, 3355, 55480, 40905
8546.2, 2151, -2764, -2195, 7998, 125735, 3355, 55480, 40905
8550.5, 216, -3172, -2208, 8160, 124952, 7175, 56626, 40905
8554.2, 47, -3172, -2208, 8160, 124952, 7175, 56626, 40885
8556.5, 634, -3172, -2208, 8160, 124952, 7175, 56626, 40885
8560.7, 2463, -3533, -2085, 7202, 124637, 11388, 57208, 40885
8564.4, 1389, -3533, -2085, 7202, 124637, 11388, 57208, 40846
8566.7, 170, -3533, -2085, 7202, 124637, 11388, 57208, 40846
8570.9, 3090, -4202, -1694, 7774, 124400, 18882, 57584, 40846
8574.6, 2980, -4202, -1694, 7774, 124400, 18882, 57584, 40798
8576.9, 2637, -4202, -1694, 7774, 124400, 18882, 57584, 40798
8582.6, 2244, -4526, -1629, 8508, 124182, 21586, 56569, 40753
8586.3, 317, -4526, -1629, 8508, 124182, 21586, 56569, 40713
8590.6, 1312, -4922, -1540, 8943, 126706, 18182, 54863, 40713
8594.4, 904, -4922, -1540, 8943, 126706, 18182, 54863, 40676
8598.6, 968, -4586, -1627, 7743, 125398, 13650, 50510, 40676
8602.3, 2182, -4586, -1627, 7743, 125398, 13650, 50510, 40622
8606.1, 2960, -4586, -1627, 7743, 125398, 13650, 50510, 40594
8610.4, 1233, -3833, -1164, 8661, 123648, 7008, 42976, 40594
8614.2, 158, -3833, -1164, 8661, 123648, 7008, 42976, 40561
8618.4, 748, -3458, -165, 8566, 121425, 5048, 38715, 40561
8622.1, 3101, -3458, -165, 8566, 121425, 5048, 38715, 40520
8625.9, 2574, -3458, -165, 8566, 121425, 5048, 38715, 40485
8630.1, 808, -3110, 229, 7956, 119071, 5254, 40539, 40485
8633.9, 1580, -3110, 229, 7956, 119071, 5254, 40539, 40456
8638.1, 976, -3435, 330, 8657, 120191, 7638, 45063, 40456
8641.8, 2282, -3435, 330, 8657, 120191, 7638, 45063, 40415
8645.6, 2835, -3435, 330, 8657, 120191, 7638, 45063, 40386
8649.8, 1550, -3586, -77, 7929, 118179, 9585, 48497, 40386
8653.5, 500, -3586, -77, 7929, 118179, 9585, 48497, 40348
8657.8, 886, -3869, -266, 7872, 117291, 7910, 48952, 40348
8661.5, 1673, -3869, -266, 7872, 117291, 7910, 48952, 40313
8663.8, 1748, -3869, -266, 7872, 117291, 7910, 48952, 40313
8669.6, 1959, -4217, 212, 7343, 116775, 8955, 46419, 40280
8673.3, 1917, -4217, 212, 7343, 116775, 8955, 46419, 40260
8679.0, 2302, -4337, 504, 7190, 114031, 12862, 41733, 40233
8682.8, 2081, -4337, 504, 7190, 114031, 12862, 41733, 40200
8688.5, 1616, -4203, 940, 7704, 113660, 14582, 37118, 40148
8690.8, 457, -4203, 940, 7704, 113660, 14582, 37118, 40148
8693.0, 19, -4203, 940, 7704, 113660, 14582, 37118, 40148
8698.7, 3035, -4155, 1241, 6965, 111048, 14918, 35193, 40145
8700.9, 3248, -4155, 1241, 6965, 111048, 14918, 35193, 40145
8703.2, 2850, -4155, 1241, 6965, 111048, 14918, 35193, 40145
8708.9, 46, -4308, 1667, 7465, 110444, 13772, 35656, 40124
8711.2, 9, -4308, 1667, 7465, 110444, 13772, 35656, 40124
8715.4, 3057, -4663, 1746, 8580, 111656, 12075, 35866, 40124
8719.2, 3126, -4663, 1746, 8580, 111656, 12075, 35866, 40091
8721.5, 2049, -4663, 1746, 8580, 111656, 12075, 35866, 40091
8725.7, 1119, -4578, 1435, 9117, 109031, 8964, 33766, 40091
8729.4, 1682, -4578, 1435, 9117, 109031, 8964, 33766, 40022
8731.7, 1306, -4578, 1435, 9117, 109031, 8964, 33766, 40022
8735.9, 595, -4149, 1397, 9468, 108646, 1898, 29242, 40022
8739.6, 574, -4149, 1397, 9468, 108646, 1898, 29242, 40049
8741.9, 1012, -4149, 1397, 9468, 108646, 1898, 29242, 40049
8747.6, 2971, -3366, 1484, 7091, 106322, -5044, 25559, 40027
8751.3, 1156, -3366, 1484, 7091, 106322, -5044, 25559, 40008
8755.6, 173, -2801, 2216, 5385, 103129, -4860, 25370, 40008
8759.3, 1940, -2801, 2216, 5385, 103129, -4860, 25370, 40017
8761.6, 1141, -2801, 2216, 5385, 103129, -4860, 25370, 40017
8765.9, 567, -3042, 3187, 5890, 99344, 5971, 28306, 40017
8769.6, 2104, -3042, 3187, 5890, 99344, 5971, 28306, 39973
8773.8, 2363, -3495, 3551, 6979, 95630, 22719, 33154, 39973
8777.6, 3231, -3495, 3551, 6979, 95630, 22719, 33154, 39957
8781.4, 2011, -3495, 3551, 6979, 95630, 22719, 33154, 39937
8785.6, 790, -4135, 3181, 8561, 94667, 29059, 35910, 39937
8789.4, 722, -4135, 3181, 8561, 94667, 29059, 35910, 39906
8793.6, 177, -4509, 2588, 9131, 93889, 22409, 35984, 39906
8797.3, 2705, -4509, 2588, 9131, 93889, 22409, 35984, 39888
8801.1, 3112, -4509, 2588, 9131, 93889, 22409, 35984, 39866
8805.3, 611, -4440, 2179, 8526, 89723, 5853, 32082, 39866
8809.1, 819, -4440, 2179, 8526, 89723, 5853, 32082, 39794
8813.3, 2340, -4415, 2475, 7968, 88428, -4165, 27077, 39794
8817.0, 2517, -4415, 2475, 7968, 88428, -4165, 27077, 39822
8820.7, 605, -4415, 2475, 7968, 88428, -4165, 27077, 39793
8825.0, 1694, -3958, 2618, 6216, 82273, -6540, 21840, 39793
8828.7, 771, -3958, 2618, 6216, 82273, -6540, 21840, 39767
8833.0, 617, -3701, 3095, 5713, 83546, -7249, 20348, 39767
8836.8, 3093, -3701, 3095, 5713, 83546, -7249, 20348, 39752
8839.1, 3186, -3701, 3095, 5713, 83546, -7249, 20348, 39752
8844.8, 1463, -3376, 3576, 5273, 77508, 5298, 22037, 39730
8848.6, 953, -3376, 3576, 5273, 77508, 5298, 22037, 39733
8852.8, 1069, -3669, 4054, 6836, 74962, 13571, 24211, 39733
8856.5, 1045, -3669, 4054, 6836, 74962, 13571, 24211, 39734
8860.7, 1325, -3669, 4054, 6836, 74962, 13571, 24211, 39734
8864.4, 1486, -3669, 4054, 6836, 74962, 13571, 24211, 39765
8866.7, 3155, -3669, 4054, 6836, 74962, 13571, 24211, 39765
8870.9, 1344, -4015, 4067, 8389, 72897, 13947, 24627, 39765
8874.6, 2104, -4015, 4067, 8389, 72897, 13947, 24627, 39733
8876.9, 2188, -4015, 4067, 8389, 72897, 13947, 24627, 39733
8882.6, 935, -3971, 3516, 7853, 64716, -3018, 19609, 39736
8886.3, 1631, -3971, 3516, 7853, 64716, -3018, 19609, 39735
8890.6, 1421, -3998, 3772, 8188, 64716, -3018, 19609, 39735
8894.4, 542, -3998, 3772, 8188, 64716, -3018, 19609, 39734
8896.7, 570, -3998, 3772, 8188, 64716, -3018, 19609, 39734
8900.9, 2834, -3661, 4137, 7313, 60704, -12171, 21000, 39734
8904.6, 2321, -3661, 4137, 7313, 60704, -12171, 21000, 39733
8906.9, 1052, -3661, 4137, 7313, 60704, -12171, 21000, 39733
8912.6, 856, -3208, 4142, 7120, 57107, -10858, 22566, 39718
8916.3, 2153, -3208, 4142, 7120, 57107, -10858, 22566, 39721
8920.6, 2072, -3055, 4548, 5826, 55554, -4055, 23113, 39721
8924.4, 674, -3055, 4548, 5826, 55554, -4055, 23113, 39707
8928.6, 624, -3439, 4962, 5559, 55554, -4055, 23113, 39707
8932.3, 2416, -3439, 4962, 5559, 55554, -4055, 23113, 39708
8936.1, 1253, -3439, 4962, 5559, 55554, -4055, 23113, 39705
8940.3, 2884, -3966, 4981, 5578, 53498, 6020, 21958, 39705
8944.1, 2654, -3966, 4981, 5578, 53498, 6020, 21958, 39700
8948.3, 1823, -4534, 4899, 6357, 53498, 6020, 21958, 39700
8952.0, 250, -4534, 4899, 6357, 53498, 6020, 21958, 39699
8955.8, 1013, -4534, 4899, 6357, 53498, 6020, 21958, 39700
8960.0, 958, -5050, 4887, 7456, 49210, -1951, 16870, 39700
8963.7, 2839, -5050, 4887, 7456, 49210, -1951, 16870, 39695
8967.9, 2976, -5214, 5047, 8323, 49210, -1951, 16870, 39695
8971.6, 778, -5214, 5047, 8323, 49210, -1951, 16870, 39657
8973.9, 94, -5214, 5047, 8323, 49210, -1951, 16870, 39657
8979.7, 147, -4152, 4975, 7639, 42263, -19438, 10180, 39712
8983.4, 966, -4152, 4975, 7639, 42263, -19438, 10180, 39691
8989.1, 2529, -3206, 5431, 6844, 42263, -19438, 10180, 39690
8992.8, 903, -3206, 5431, 6844, 42263, -19438, 10180, 39672
8998.5, 76, -3212, 5888, 5535, 42219, -19609, 11733, 39690
9002.3, 1921, -3212, 5888, 5535, 42219, -19609, 11733, 39687
9008.0, 2243, -3208, 6148, 5812, 41431, -8185, 15207, 39695
9011.7, 1168, -3208, 6148, 5812, 41431, -8185, 15207, 39698
9017.5, 819, -3590, 5947, 6090, 38470, -341, 15010, 39669
9021.2, 1099, -3590, 5947, 6090, 38470, -341, 15010, 39697
9023.5, 116, -3590, 5947, 6090, 38470, -341, 15010, 39697
9029.2, 2774, -4649, 6035, 6331, 41746, 1850, 15684, 39670
9031.5, 3122, -4649, 6035, 6331, 41746, 1850, 15684, 39670
9035.7, 2490, -4834, 5370, 6279, 38666, -1325, 17408, 39670
9039.5, 616, -4834, 5370, 6279, 38666, -1325, 17408, 39681
9041.8, 24, -4834, 5370, 6279, 38666, -1325, 17408, 39681
9047.5, 3188, -4554, 5545, 7174, 37218, -6527, 17447, 39672
9051.3, 2336, -4554, 5545, 7174, 37218, -6527, 17447, 39656
9055.5, 474, -4377, 5745, 7567, 36698, -11138, 15855, 39656
9059.3, 1070, -4377, 5745, 7567, 36698, -11138, 15855, 39694
9061.5, 846, -4377, 5745, 7567, 36698, -11138, 15855, 39694
9065.8, 1313, -3732, 5811, 6586, 34064, -13269, 12713, 39694
9069.6, 3117, -3732, 5811, 6586, 34064, -13269, 12713, 39700
9073.8, 577, -3037, 6089, 6437, 33136, -13265, 8566, 39700
9077.5, 1146, -3037, 6089, 6437, 33136, -13265, 8566, 39637
9081.3, 3166, -3037, 6089, 6437, 33136, -13265, 8566, 39721
9085.5, 2230, -2704, 6339, 5922, 32567, -11073, 6492, 39721
9089.3, 742, -2704, 6339, 5922, 32567, -11073, 6492, 39690
9093.5, 931, -3458, 6059, 6046, 33009, -10062, 9073, 39690
9097.2, 1330, -3458, 6059, 6046, 33009, -10062, 9073, 39687
9101.0, 1303, -3458, 6059, 6046, 33009, -10062, 9073, 39688
9105.3, 1658, -4164, 6105, 5945, 31959, -7997, 11261, 39688
9109.0, 2680, -4164, 6105, 5945, 31959, -7997, 11261, 39690
9113.2, 1222, -4018, 6164, 6459, 29999, -6055, 10237, 39690
9117.0, 331, -4018, 6164, 6459, 29999, -6055, 10237, 39718
9120.7, 1759, -4018, 6164, 6459, 29999, -6055, 10237, 39716
9125.0, 1650, -3564, 6281, 6552, 27961, -9760, 9690, 39716
9128.7, 1551, -3564, 6281, 6552, 27961, -9760, 9690, 39706
9132.9, 2135, -3751, 6159, 6819, 27414, -10298, 9603, 39706
9136.7, 1751, -3751, 6159, 6819, 27414, -10298, 9603, 39702
9139.0, 467, -3751, 6159, 6819, 27414, -10298, 9603, 39702
9144.7, 2450, -3519, 5447, 6108, 22986, -9502, 10697, 39697
9148.5, 2561, -3519, 5447, 6108, 22986, -9502, 10697, 39690
9152.7, 1853, -3744, 5912, 6291, 20291, -11519, 9896, 39690
9156.4, 886, -3744, 5912, 6291, 20291, -11519, 9896, 39699
9158.7, 616, -3744, 5912, 6291, 20291, -11519, 9896, 39699
9164.5, 1892, -3850, 6049, 5996, 19534, -9380, 7218, 39710
9168.3, 1879, -3850, 6049, 5996, 19534, -9380, 7218, 39686
9174.0, 1539, -3518, 6093, 5968, 15570, -6864, 6969, 39686
9176.3, 1167, -3518, 6093, 5968, 15570, -6864, 6969, 39686
9178.5, 750, -3518, 6093, 5968, 15570, -6864, 6969, 39686
9184.3, 1801, -3354, 6159, 5817, 10425, -7393, 6763, 39722
9186.5, 1809, -3354, 6159, 5817, 10425, -7393, 6763, 39722
9190.8, 1629, -3643, 6350, 6208, 6593, -5897, 4930, 39722
9194.6, 1732, -3643, 6350, 6208, 6593, -5897, 4930, 39676
9196.8, 1494, -3643, 6350, 6208, 6593, -5897, 4930, 39676
9202.6, 843, -3692, 5989, 5816, 3355, -3832, 4278, 39680
9206.3, 1774, -3692, 5989, 5816, 3355, -3832, 4278, 39697
9210.6, 2395, -3617, 5815, 6165, -1010, -4195, 3626, 39697
9214.3, 2023, -3617, 5815, 6165, -1010, -4195, 3626, 39693
9216.6, 1829, -3617, 5815, 6165, -1010, -4195, 3626, 39693
9220.9, 1439, -3620, 6176, 6300, -6015, -4410, 1951, 39693
9224.7, 1048, -3620, 6176, 6300, -6015, -4410, 1951, 39698
9227.0, 595, -3620, 6176, 6300, -6015, -4410, 1951, 39698
9232.7, 2426, -3543, 6312, 6463, -9887, -3224, 1513, 39701
9236.4, 2150, -3543, 6312, 6463, -9887, -3224, 1513, 39709
9240.7, 1709, -3324, 6226, 6337, -14687, -1924, 1159, 39709
9244.5, 1625, -3324, 6226, 6337, -14687, -1924, 1159, 39744
9248.7, 1240, -3352, 6173, 6121, -20116, -1750, 188, 39744
9252.5, 2219, -3352, 6173, 6121, -20116, -1750, 188, 39711
9256.2, 2126, -3352, 6173, 6121, -20116, -1750, 188, 39750
9260.5, 1537, -3315, 6185, 5913, -23039, -1754, -2996, 39750
9264.2, 1625, -3315, 6185, 5913, -23039, -1754, -2996, 39763
9268.4, 2289, -3190, 6023, 5843, -25476, -581, -6055, 39763
9272.1, 964, -3190, 6023, 5843, -25476, -581, -6055, 39779
9275.9, 1124, -3190, 6023, 5843, -25476, -581, -6055, 39810
9280.1, 1327, -3300, 5935, 6188, -27812, 931, -8351, 39810
9283.8, 1764, -3300, 5935, 6188, -27812, 931, -8351, 39787
9288.1, 2287, -3249, 6186, 6755, -29715, 2887, -9585, 39787
9291.8, 865, -3249, 6186, 6755, -29715, 2887, -9585, 39808
9294.1, 58, -3249, 6186, 6755, -29715, 2887, -9585, 39808
9299.9, 3044, -3025, 5871, 6543, -33009, 1010, -9555, 39814
9303.6, 2659, -3025, 5871, 6543, -33009, 1010, -9555, 39830
9307.8, 1678, -3217, 5823, 6460, -35630, -3661, -10578, 39830
9311.6, 1142, -3217, 5823, 6460, -35630, -3661, -10578, 39851
9313.9, 858, -3217, 5823, 6460, -35630, -3661, -10578, 39851
9319.7, 1524, -3433, 5939, 6072, -37301, -6558, -12801, 39856
9323.4, 1651, -3433, 5939, 6072, -37301, -6558, -12801, 39884
9329.1, 1021, -3498, 6253, 6061, -38938, -5250, -13759, 39918
9332.9, 1851, -3498, 6253, 6061, -38938, -5250, -13759, 39927
9338.6, 1831, -3428, 6014, 5885, -38780, -4799, -14490, 39947
9340.8, 866, -3428, 6014, 5885, -38780, -4799, -14490, 39947
9343.2, 698, -3428, 6014, 5885, -38780, -4799, -14490, 39947
9348.9, 1991, -3452, 5821, 6143, -38605, -3018, -17544, 39984
9351.2, 1704, -3452, 5821, 6143, -38605, -3018, -17544, 39984
9355.4, 2112, -3670, 5681, 6772, -41033, 2366, -21910, 39984
9359.1, 1494, -3670, 5681, 6772, -41033, 2366, -21910, 40016
9361.4, 1083, -3670, 5681, 6772, -41033, 2366, -21910, 40016
9365.6, 2492, -3796, 5665, 7185, -46130, 2296, -24036, 40016
9369.3, 1237, -3796, 5665, 7185, -46130, 2296, -24036, 40042
9371.6, 469, -3796, 5665, 7185, -46130, 2296, -24036, 40042
9375.8, 998, -3400, 5520, 7158, -51065, -5162, -24789, 40042
9379.5, 2298, -3400, 5520, 7158, -51065, -5162, -24789, 40096
9381.8, 2273, -3400, 5520, 7158, -51065, -5162, -24789, 40096
9386.0, 1915, -3051, 5840, 7103, -54915, -9559, -25060, 40096
9389.7, 969, -3051, 5840, 7103, -54915, -9559, -25060, 40121
9394.0, 1175, -3051, 5840, 7103, -60402, -10259, -25301, 40121
9397.8, 1733, -3051, 5840, 7103, -60402, -10259, -25301, 40156
9401.5, 2172, -3051, 5840, 7103, -60402, -10259, -25301, 40190
9405.8, 1607, -2850, 5996, 6502, -63097, -6737, -24399, 40190
9409.5, 1387, -2850, 5996, 6502, -63097, -6737, -24399, 40231
9413.7, 1462, -2850, 5996, 6502, -64440, -984, -21599, 40231
9417.5, 1724, -2850, 5996, 6502, -64440, -984, -21599, 40256
9421.3, 790, -2850, 5996, 6502, -64440, -984, -21599, 40287
9425.5, 1584, -3531, 5210, 6871, -64230, 3101, -19394, 40287
9429.6, 2560, -3531, 5210, 6871, -64230, 3101, -19394, 40147
9433.8, 2234, -3531, 5210, 7013, -62642, 3408, -21197, 40147
9437.6, 1751, -3531, 5210, 7013, -62642, 3408, -21197, 40121
9441.3, 1147, -3531, 5210, 7013, -62642, 3408, -21197, 40118
9445.6, 2006, -4066, 4341, 7037, -64405, 3053, -26263, 40118
9449.4, 2224, -4066, 4341, 7037, -64405, 3053, -26263, 40066
9453.6, 1821, -4066, 4347, 7002, -69659, -2935, -31784, 40066
9457.3, 633, -4066, 4347, 7002, -69659, -2935, -31784, 40023
9461.1, 1776, -4066, 4347, 7002, -69659, -2935, -31784, 40003
9465.4, 1072, -3616, 4875, 7567, -70267, -4453, -34335, 40003
9469.2, 1591, -3616, 4875, 7567, -70267, -4453, -34335, 39977
9473.4, 1285, -3616, 4835, 8096, -72433, 227, -33863, 39977
9477.1, 1665, -3616, 4835, 8096, -72433, 227, -33863, 39952
9482.9, 1671, -3393, 4835, 8096, -75951, 2826, -32563, 39906
9486.6, 1857, -3393, 4835, 8096, -75951, 2826, -32563, 39891
9488.9, 1584, -3393, 4835, 8096, -75951, 2826, -32563, 39891
9494.6, 2337, -3034, 4476, 6905, -79919, 2795, -30901, 39863
9496.9, 1891, -3034, 4476, 6905, -79919, 2795, -30901, 39863
9502.6, 1461, -2813, 4476, 6905, -79919, 2795, -30901, 39837
9506.3, 1473, -2813, 4476, 6905, -79919, 2795, -30901, 39798
9510.6, 1618, -3040, 4685, 7021, -82242, 739, -29172, 39798
9514.3, 1695, -3040, 4685, 7021, -82242, 739, -29172, 39764
9516.6, 1776, -3040, 4685, 7021, -82242, 739, -29172, 39764
9520.9, 1898, -3708, 4898, 7535, -80803, -1063, -26950, 39764
9524.7, 1601, -3708, 4898, 7535, -80803, -1063, -26950, 39744
9526.9, 1450, -3708, 4898, 7535, -80803, -1063, -26950, 39744
9532.6, 1920, -4201, 4210, 7521, -79433, -1693, -25497, 39746
9536.4, 1996, -4201, 4210, 7521, -79433, -1693, -25497, 39723
9540.6, 1878, -4715, 3376, 8096, -76056, -3395, -27116, 39723
9544.4, 734, -4715, 3376, 8096, -76056, -3395, -27116, 39708
9546.6, 545, -4715, 3376, 8096, -76056, -3395, -27116, 39708
9550.9, 2043, -4604, 2778, 7743, -76467, -6645, -32121, 39708
9554.7, 1567, -4604, 2778, 7743, -76467, -6645, -32121, 39700
9558.9, 1679, -4109, 2684, 7295, -78339, -9270, -38474, 39700
9562.6, 1488, -4109, 2684, 7295, -78339, -9270, -38474, 39699
9566.4, 1331, -4109, 2684, 7295, -78339, -9270, -38474, 39693
9570.6, 2057, -3545, 3327, 7143, -81516, -5770, -41760, 39693
9574.4, 2089, -3545, 3327, 7143, -81516, -5770, -41760, 39693
9578.6, 1953, -3449, 3614, 7341, -84434, 1618, -39756, 39693
9582.3, 1145, -3449, 3614, 7341, -84434, 1618, -39756, 39675
9586.1, 781, -3449, 3614, 7341, -84434, 1618, -39756, 39656
9590.3, 2077, -3601, 3535, 7399, -87427, 6282, -33854, 39656
9594.0, 2777, -3601, 3535, 7399, -87427, 6282, -33854, 39671
9598.2, 1671, -4073, 3214, 8149, -86858, 5770, -29474, 39671
9602.0, 1460, -4073, 3214, 8149, -86858, 5770, -29474, 39658
9605.7, 1722, -4073, 3214, 8149, -86858, 5770, -29474, 39662
9610.0, 1545, -4308, 2711, 8283, -88065, 3237, -30187, 39662
9613.7, 1620, -4308, 2711, 8283, -88065, 3237, -30187, 39664
9617.9, 2662, -4298, 2455, 8867, -86547, -1868, -34895, 39664
9621.6, 885, -4298, 2455, 8867, -86547, -1868, -34895, 39687
9623.9, 104, -4298, 2455, 8867, -86547, -1868, -34895, 39687
9629.6, 1587, -4111, 2188, 8195, -86495, -10920, -40145, 39687
9633.3, 1768, -4111, 2188, 8195, -86495, -10920, -40145, 39744
9639.0, 2125, -4036, 2081, 8404, -82946, -10045, -41423, 39743
9642.8, 1860, -4036, 2081, 8404, -82946, -10045, -41423, 39748
9648.5, 1737, -3453, 1545, 7744, -87479, -3097, -40298, 39724
9652.2, 1359, -3453, 1545, 7744, -87479, -3097, -40298, 39755
9658.0, 1304, -3255, 1716, 7805, -89566, -944, -39043, 39766
9661.7, 747, -3255, 1716, 7805, -89566, -944, -39043, 39778
9665.9, 1585, -3808, 2130, 7374, -93079, 1977, -35109, 39778
9669.6, 2065, -3808, 2130, 7374, -93079, 1977, -35109, 39821
9671.9, 2091, -3808, 2130, 7374, -93079, 1977, -35109, 39821
9677.6, 2331, -4147, 2014, 7319, -97362, 11222, -31592, 39793
9681.3, 1775, -4147, 2014, 7319, -97362, 11222, -31592, 39791
9685.6, 1697, -4333, 1606, 8780, -95144, 8675, -31973, 39791
9689.4, 1553, -4333, 1606, 8780, -95144, 8675, -31973, 39793
9691.6, 890, -4333, 1606, 8780, -95144, 8675, -31973, 39793
9695.9, 997, -5076, 1420, 9577, -87212, -3867, -32764, 39793
9699.6, 1374, -5076, 1420, 9577, -87212, -3867, -32764, 39813
9701.9, 1565, -5076, 1420, 9577, -87212, -3867, -32764, 39813
9707.6, 1307, -5512, 641, 8330, -88953, -12836, -36081, 39809
9711.3, 1928, -5512, 641, 8330, -88953, -12836, -36081, 39809
9715.6, 1005, -4945, 326, 8283, -93132, -15969, -46196, 39809
9719.4, 649, -4945, 326, 8283, -93132, -15969, -46196, 39817
9721.7, 1056, -4945, 326, 8283, -93132, -15969, -46196, 39817
9725.9, 1982, -4640, 284, 9538, -87912, -17452, -56539, 39817
9729.6, 1437, -4640, 284, 9538, -87912, -17452, -56539, 39818
9733.8, 1389, -4291, -381, 8191, -85147, -13116, -57422, 39818
9737.6, 1479, -4291, -381, 8191, -85147, -13116, -57422, 39820
9741.3, 1962, -4291, -381, 8191, -85147, -13116, -57422, 39827
9745.6, 1712, -3468, -1019, 7762, -89072, -7717, -53555, 39827
9749.4, 1772, -3468, -1019, 7762, -89072, -7717, -53555, 39793
9753.6, 1755, -2853, -128, 8753, -92554, -3998, -49560, 39793
9757.3, 2004, -2853, -128, 8753, -92554, -3998, -49560, 39840
9761.1, 1607, -2853, -128, 8753, -92554, -3998, -49560, 39846
9765.3, 1096, -2478, 747, 8489, -98955, -3403, -45758, 39846
9769.1, 1275, -2478, 747, 8489, -98955, -3403, -45758, 39869
9773.3, 1728, -2900, 1544, 9011, -99344, -7161, -41256, 39869
9777.0, 1092, -2900, 1544, 9011, -99344, -7161, -41256, 39826
9780.8, 820, -2900, 1544, 9011, -99344, -7161, -41256, 39865
9785.0, 3132, -3506, 1097, 8707, -99209, -5893, -36514, 39865
9788.7, 1991, -3506, 1097, 8707, -99209, -5893, -36514, 39810
9792.9, 1650, -4042, -31, 8366, -100486, -8754, -35862, 39810
9796.7, 1835, -4042, -31, 8366, -100486, -8754, -35862, 39875
9799.0, 1755, -4042, -31, 8366, -100486, -8754, -35862, 39875
9804.8, 1595, -4739, -774, 8094, -100035, -8575, -39086, 39871
9808.5, 1977, -4739, -774, 8094, -100035, -8575, -39086, 39889
9812.7, 630, -5446, -1939, 8145, -98876, -2515, -44096, 39889
9816.5, 1207, -5446, -1939, 8145, -98876, -2515, -44096, 39877
9818.8, 1383, -5446, -1939, 8145, -98876, -2515, -44096, 39877
9824.5, 2066, -6068, -2998, 8555, -90992, -1478, -47762, 39912
9826.7, 1187, -6068, -2998, 8555, -90992, -1478, -47762, 39912
9831.0, 2102, -5606, -3985, 8736, -86061, -625, -50295, 39912
9834.8, 2276, -5606, -3985, 8736, -86061, -625, -50295, 39858
9837.1, 1406, -5606, -3985, 8736, -86061, -625, -50295, 39858
9842.8, 1104, -3921, -3469, 7592, -92786, -2581, -57015, 39915
9846.5, 1088, -3921, -3469, 7592, -92786, -2581, -57015, 39926
9850.7, 1472, -2675, -1628, 8251, -95455, -9594, -63526, 39926
9854.4, 1185, -2675, -1628, 8251, -95455, -9594, -63526, 39936
9856.7, 363, -2675, -1628, 8251, -95455, -9594, -63526, 39936
9860.9, 1273, -1974, 195, 8374, -98500, -10045, -60537, 39936
9864.6, 3114, -1974, 195, 8374, -98500, -10045, -60537, 39948
9866.9, 3018, -1974, 195, 8374, -98500, -10045, -60537, 39948
9872.6, 1325, -1974, 262, 8998, -102096, -2730, -51770, 39945
9876.3, 1980, -1974, 262, 8998, -102096, -2730, -51770, 39956
9880.6, 1603, -2483, -597, 9445, -100994, 30, -44358, 39956
9884.4, 1352, -2483, -597, 9445, -100994, 30, -44358, 39959
9888.6, 2471, -3827, -2370, 8710, -99318, 1399, -40915, 39959
9892.3, 1083, -3827, -2370, 8710, -99318, 1399, -40915, 39994
9896.1, 478, -3827, -2370, 8710, -99318, 1399, -40915, 39976
9900.4, 1584, -4851, -4218, 8227, -100421, 5350, -41405, 39976
9904.1, 3086, -4851, -4218, 8227, -100421, 5350, -41405, 39992
9908.3, 1935, -5255, -5319, 8962, -98592, 4650, -48235, 39992
9912.0, 891, -5255, -5319, 8962, -98592, 4650, -48235, 39991
9915.8, 1393, -5255, -5319, 8962, -98592, 4650, -48235, 40009
9920.0, 1968, -5363, -4944, 7892, -94628, -1067, -55874, 40009
9923.7, 1311, -5363, -4944, 7892, -94628, -1067, -55874, 40010
9928.0, 1307, -5059, -4494, 7790, -88752, -4716, -58271, 40010
9931.8, 1363, -5059, -4494, 7790, -88752, -4716, -58271, 40012
9934.1, 838, -5059, -4494, 7790, -88752, -4716, -58271, 40012
9939.8, 1273, -3751, -3897, 7900, -86044, -8715, -56460, 40036
9943.5, 2431, -3751, -3897, 7900, -86044, -8715, -56460, 40077
9947.8, 2056, -2388, -3176, 7296, -89947, -10740, -53043, 40077
9951.5, 1530, -2388, -3176, 7296, -89947, -10740, -53043, 40059
9953.8, 1433, -2388, -3176, 7296, -89947, -10740, -53043, 40059
9959.5, 1728, -1748, -2248, 9299, -92086, -11493, -49967, 40077
9963.3, 979, -1748, -2248, 9299, -92086, -11493, -49967, 40134
9969.0, 1562, -1944, -2116, 8949, -95420, -5088, -46082, 40110
9972.7, 2638, -1944, -2116, 8949, -95420, -5088, -46082, 40072
9978.5, 2180, -2955, -3134, 8480, -99314, 1609, -43426, 40122
9980.7, 1045, -2955, -3134, 8480, -99314, 1609, -43426, 40122
9983.0, 694, -2955, -3134, 8480, -99314, 1609, -43426, 40122
9988.7, 1597, -4341, -4482, 8287, -101427, 5534, -42726, 40131
9990.9, 1084, -4341, -4482, 8287, -101427, 5534, -42726, 40131
9993.2, 1093, -4341, -4482, 8287, -101427, 5534, -42726, 40131
9998.9, 1470, -5636, -4920, 8172, -99029, 6947, -42153, 40143
10001.2, 731, -5636, -4920, 8172, -99029, 6947, -42153, 40143
10005.5, 1177, -5636, -4920, 6996, -104371, 8452, -46336, 40143
10009.2, 2684, -5636, -4920, 6996, -104371, 8452, -46336, 40187
10011.5, 2421, -5636, -4920, 6996, -104371, 8452, -46336, 40187
10015.7, 1848, -5164, -4718, 8997, -103636, 4383, -56342, 40187
10019.4, 2119, -5164, -4718, 8997, -103636, 4383, -56342, 40149
10021.7, 1702, -5164, -4718, 8997, -103636, 4383, -56342, 40149
10025.9, 1321, -4800, -4481, 8101, -99712, 2406, -62777, 40149
10029.6, 790, -4800, -4481, 8101, -99712, 2406, -62777, 40425
10031.9, 1142, -4800, -4481, 8101, -99712, 2406, -62777, 40425
10037.6, 1615, -4444, -5506, 7497, -94720, -1894, -63565, 40439
10041.3, 1699, -4444, -5506, 7497, -94720, -1894, -63565, 40431
10045.6, 1553, -3628, -5655, 8849, -89391, -11808, -62651, 40431
10049.4, 2000, -3628, -5655, 8849, -89391, -11808, -62651, 40475
10053.6, 2015, -3628, -5655, 8849, -89391, -11808, -62651, 40475
10057.3, 2387, -3628, -5655, 8849, -89391, -11808, -62651, 40492
10061.1, 1931, -3628, -5655, 8849, -89391, -11808, -62651, 40511
10065.4, 857, -1801, -4217, 7817, -95310, -18314, -61040, 40511
10069.2, 1102, -1801, -4217, 7817, -95310, -18314, -61040, 40554
10073.4, 1463, -1801, -4217, 7817, -95310, -18314, -61040, 40554
10077.1, 1746, -1801, -4217, 7817, -95310, -18314, -61040, 40557
10080.9, 1318, -1801, -4217, 7817, -95310, -18314, -61040, 40562
10085.1, 2041, -2538, -5038, 7196, -96535, -8929, -45697, 40562
10088.9, 1298, -2538, -5038, 7196, -96535, -8929, -45697, 40588
10093.2, 2946, -2538, -5038, 7196, -96535, -8929, -45697, 40588
10096.9, 2460, -2538, -5038, 7196, -96535, -8929, -45697, 40603
10100.7, 1819, -2538, -5038, 7196, -96535, -8929, -45697, 40620
10104.9, 1595, -3567, -7710, 6844, -94169, 4908, -36168, 40620
10108.7, 1176, -3567, -7710, 6844, -94169, 4908, -36168, 40619
10112.9, 1311, -3567, -7710, 6844, -94169, 4908, -42271, 40619
10116.6, 766, -3567, -7710, 6844, -94169, 4908, -42271, 40660
10118.9, 982, -3567, -7710, 6844, -94169, 4908, -42271, 40660
10124.6, 2397, -3690, -7447, 6960, -90227, -1601, -47994, 40670
10128.3, 2500, -3690, -7447, 6960, -90227, -1601, -47994, 40692
10134.0, 932, -3361, -6796, 7341, -90533, -3228, -49661, 40367
10137.8, 1534, -3361, -6796, 7341, -90533, -3228, -49661, 40752
10143.5, 2011, -3361, -6796, 7341, -90533, -3228, -49661, 40796
10145.7, 1782, -3361, -6796, 7341, -90533, -3228, -49661, 40796
10148.0, 1732, -3361, -6796, 7341, -90533, -3228, -49661, 40796
10153.7, 1207, -3080, -6623, 6885, -86657, -6212, -47408, 40829
10155.9, 426, -3080, -6623, 6885, -86657, -6212, -47408, 40829
10158.2, 621, -3080, -6623, 6885, -86657, -6212, -47408, 40829
10163.9, 1957, -2675, -7134, 6277, -83476, -9800, -43186, 40873
10166.2, 2534, -2675, -7134, 6277, -83476, -9800, -43186, 40873
10170.5, 2458, -2401, -7521, 6193, -82233, -9800, -43186, 40873
10174.2, 1533, -2401, -7521, 6193, -82233, -9800, -43186, 40919
10176.5, 1129, -2401, -7521, 6193, -82233, -9800, -43186, 40919
10180.7, 811, -2495, -7704, 6341, -80300, -5206, -43116, 40919
10184.4, 1560, -2495, -7704, 6341, -80300, -5206, -43116, 40977
10186.7, 1197, -2495, -7704, 6341, -80300, -5206, -43116, 40977
10190.9, 1597, -2631, -7971, 5947, -81590, 713, -43155, 40977
10194.6, 1732, -2631, -7971, 5947, -81590, 713, -43155, 41038
10196.9, 1865, -2631, -7971, 5947, -81590, 713, -43155, 41038
10202.6, 1924, -3020, -7666, 6512, -82045, 4103, -43636, 41071
10206.3, 1039, -3020, -7666, 6512, -82045, 4103, -43636, 41101
10210.6, 1445, -3403, -7351, 7081, -82671, 5936, -43860, 41101
10214.4, 2464, -3403, -7351, 7081, -82671, 5936, -43860, 41122
10218.6, 1941, -3662, -7396, 6902, -84368, 7695, -44157, 41122
10222.3, 1362, -3662, -7396, 6902, -84368, 7695, -44157, 41157
10226.1, 1393, -3662, -7396, 6902, -84368, 7695, -44157, 41178
10230.3, 1527, -3536, -8042, 8042, -84832, 4768, -46135, 41178
10234.1, 1499, -3536, -8042, 8042, -84832, 4768, -46135, 41183
10238.3, 1855, -3239, -7960, 7497, -85038, -1544, -49670, 41183
10242.0, 1535, -3239, -7960, 7497, -85038, -1544, -49670, 41214
10245.7, 1546, -3239, -7960, 7497, -85038, -1544, -49670, 41226
10250.0, 657, -2939, -7468, 7073, -85278, -10513, -51818, 41226
10253.7, 1392, -2939, -7468, 7073, -85278, -10513, -51818, 41249
10257.9, 2121, -2830, -6783, 6372, -85742, -16563, -49722, 41249
10261.7, 2575, -2830, -6783, 6372, -85742, -16563, -49722, 41271
10264.0, 2217, -2830, -6783, 6372, -85742, -16563, -49722, 41271
10269.8, 1515, -2645, -6792, 6529, -83572, -17019, -44665, 41288
10273.5, 1650, -2645, -6792, 6529, -83572, -17019, -44665, 41304
10277.7, 2496, -2365, -7700, 5714, -84587, -12412, -39358, 41304
10281.5, 1494, -2365, -7700, 5714, -84587, -12412, -39358, 41334
10283.8, 979, -2365, -7700, 5714, -84587, -12412, -39358, 41334
10289.6, 1822, -2173, -8642, 5486, -80518, -11663, -37284, 41320
10293.3, 1630, -2173, -8642, 5486, -80518, -11663, -37284, 41361
10299.1, 1728, -2099, -8768, 4274, -77359, -12477, -37384, 41374
10302.8, 1589, -2099, -8768, 4274, -77359, -12477, -37384, 41392
10308.5, 1546, -2249, -8497, 4432, -76016, -9686, -36978, 40588
10310.7, 986, -2249, -8497, 4432, -76016, -9686, -36978, 40588
10313.0, 1111, -2249, -8497, 4432, -76016, -9686, -36978, 40588
10318.7, 2437, -2429, -8181, 5561, -75146, -6523, -35521, 41407
10321.0, 1312, -2429, -8181, 5561, -75146, -6523, -35521, 41407
10325.2, 1343, -2426, -8439, 6286, -73947, -5306, -33399, 41407
10329.0, 1531, -2426, -8439, 6286, -73947, -5306, -33399, 41397
10331.2, 933, -2426, -8439, 6286, -73947, -5306, -33399, 41397
10335.5, 1747, -2039, -8980, 5425, -75448, -8194, -32126, 41397
10339.2, 1086, -2039, -8980, 5425, -75448, -8194, -32126, 41389
10341.5, 1222, -2039, -8980, 5425, -75448, -8194, -32126, 41389
10345.7, 1822, -1877, -9143, 5585, -75347, -14687, -33587, 41389
10349.4, 2134, -1877, -9143, 5585, -75347, -14687, -33587, 41400
10351.7, 757, -1877, -9143, 5585, -75347, -14687, -33587, 41400
10355.9, 1224, -1750, -9142, 5053, -72866, -18747, -34895, 41400
10359.7, 3094, -1750, -9142, 5053, -72866, -18747, -34895, 41348
10362.0, 2553, -1750, -9142, 5053, -72866, -18747, -34895, 41348
10367.7, 1506, -1493, -9668, 3582, -70631, -11572, -32865, 41341
10371.4, 1054, -1493, -9668, 3582, -70631, -11572, -32865, 41329
10375.7, 1614, -1506, -9946, 3830, -63819, -6448, -30529, 41329
10379.4, 1768, -1506, -9946, 3830, -63819, -6448, -30529, 41339
10383.6, 1346, -1442, -9506, 2805, -60564, -7131, -30113, 41339
10387.4, 1393, -1442, -9506, 2805, -60564, -7131, -30113, 41343
10391.1, 1377, -1442, -9506, 2805, -60564, -7131, -30113, 41355
10395.4, 1658, -1777, -8516, 3488, -56617, -5070, -28831, 41355
10399.2, 1451, -1777, -8516, 3488, -56617, -5070, -28831, 41321
10403.4, 2043, -1998, -9096, 4585, -56377, -1614, -27593, 41321
10407.1, 1751, -1998, -9096, 4585, -56377, -1614, -27593, 41362
10410.9, 2006, -1998, -9096, 4585, -56377, -1614, -27593, 41367
10415.2, 1687, -1893, -9709, 5084, -56902, -1111, -27558, 41367
10418.9, 1430, -1893, -9709, 5084, -56902, -1111, -27558, 41369
10423.1, 1232, -1797, -10062, 5545, -55869, -4033, -28433, 41369
10426.8, 1152, -1797, -10062, 5545, -55869, -4033, -28433, 41373
10430.6, 1339, -1797, -10062, 5545, -55869, -4033, -28433, 41402
10434.8, 2141, -1725, -9699, 5254, -56455, -9493, -29527, 41402
10438.5, 2190, -1725, -9699, 5254, -56455, -9493, -29527, 41417
10442.8, 1842, -1671, -9324, 4990, -55987, -14017, -29855, 41417
10446.5, 1791, -1671, -9324, 4990, -55987, -14017, -29855, 41472
10448.8, 1719, -1671, -9324, 4990, -55987, -14017, -29855, 41472
10454.6, 1799, -1458, -9244, 4071, -55685, -12888, -28350, 41496
10458.3, 1702, -1458, -9244, 4071, -55685, -12888, -28350, 41558
10464.0, 1110, -1366, -9294, 3787, -55287, -8106, -26447, 41598
10466.3, 848, -1366, -9294, 3787, -55287, -8106, -26447, 41598
10468.5, 1428, -1366, -9294, 3787, -55287, -8106, -26447, 41598
10474.3, 2321, -1615, -9047, 4358, -53616, -7188, -25489, 41648
10476.5, 970, -1615, -9047, 4358, -53616, -7188, -25489, 41648
10480.8, 1857, -1817, -8870, 4185, -53787, -4633, -23747, 41648
10484.5, 1560, -1817, -8870, 4185, -53787, -4633, -23747, 41684
10486.8, 998, -1817, -8870, 4185, -53787, -4633, -23747, 41684
10492.5, 1735, -1643, -9212, 4323, -53642, -3486, -21494, 41740
10496.2, 1720, -1643, -9212, 4323, -53642, -3486, -21494, 41781
10500.5, 2162, -1627, -9501, 4213, -53362, -7630, -21236, 41781
10504.2, 2361, -1627, -9501, 4213, -53362, -7630, -21236, 41830
10506.5, 1164, -1627, -9501, 4213, -53362, -7630, -21236, 41830
10510.7, 1809, -1530, -9558, 4272, -53550, -9927, -21800, 41830
10514.4, 2378, -1530, -9558, 4272, -53550, -9927, -21800, 41880
10516.7, 1691, -1530, -9558, 4272, -53550, -9927, -21800, 41880
10520.9, 1731, -1352, -9701, 3941, -53717, -8728, -20803, 41880
10524.6, 1846, -1352, -9701, 3941, -53717, -8728, -20803, 41917
10528.9, 1278, -1401, -9722, 3467, -48055, -9891, -18432, 41917
10532.6, 1078, -1401, -9722, 3467, -48055, -9891, -18432, 42936
10536.3, 1434, -1401, -9722, 3467, -48055, -9891, -18432, 42006
10540.6, 1903, -1329, -9393, 2050, -45365, -11029, -16861, 42006
10544.4, 2243, -1329, -9393, 2050, -45365, -11029, -16861, 42971
10548.6, 1801, -1280, -8927, 2319, -41961, -8596, -16747, 42971
10552.4, 1759, -1280, -8927, 2319, -41961, -8596, -16747, 42979
10556.1, 1904, -1280, -8927, 2319, -41961, -8596, -16747, 42949
10560.4, 2296, -1180, -9074, 2715, -41007, -7870, -16721, 42949
10564.1, 2000, -1180, -9074, 2715, -41007, -7870, -16721, 42980
10568.3, 1413, -1116, -9707, 2842, -40220, -5337, -14805, 42980
10572.0, 1202, -1116, -9707, 2842, -40220, -5337, -14805, 42963
10575.7, 1448, -1116, -9707, 2842, -40220, -5337, -14805, 42964
10580.0, 2226, -1015, -10175, 3152, -40171, -1290, -12460, 42964
10583.7, 1512, -1015, -10175, 3152, -40171, -1290, -12460, 42940
10587.9, 1863, -1106, -10142, 3836, -39279, -2196, -12810, 42940
10591.7, 1848, -1106, -10142, 3836, -39279, -2196, -12810, 42953
10594.0, 1293, -1106, -10142, 3836, -39279, -2196, -12810, 42953
10599.8, 1693, -867, -9883, 3824, -39060, -5525, -14201, 42939
10603.5, 2429, -867, -9883, 3824, -39060, -5525, -14201, 42925
10607.7, 2142, -751, -9736, 3319, -40329, -6750, -14280, 42925
10611.5, 1983, -751, -9736, 3319, -40329, -6750, -14280, 42937
10613.8, 1193, -751, -9736, 3319, -40329, -6750, -14280, 42937
10619.6, 1628, -661, -9593, 2838, -39480, -7297, -12980, 42899
10623.3, 1448, -661, -9593, 2838, -39480, -7297, -12980, 42890
10629.0, 2104, -804, -9388, 1755, -39699, -6658, -11348, 42890
10631.3, 1354, -804, -9388, 1755, -39699, -6658, -11348, 42890
10633.5, 1174, -804, -9388, 1755, -39699, -6658, -11348, 42890
10639.3, 2325, -1170, -9423, 1875, -38609, -3736, -10307, 42888
10641.5, 1413, -1170, -9423, 1875, -38609, -3736, -10307, 42888
10645.8, 1309, -1170, -9423, 1875, -36693, -1990, -9975, 42888
10649.6, 1492, -1170, -9423, 1875, -36693, -1990, -9975, 42886
10651.8, 1327, -1170, -9423, 1875, -36693, -1990, -9975, 42886
10657.6, 2098, -1233, -10081, 2240, -36190, -2493, -10417, 42946
10661.3, 1950, -1233, -10081, 2240, -36190, -2493, -10417, 42983
10665.6, 2085, -1000, -10517, 2240, -34077, -5810, -11672, 42983
10669.3, 1903, -1000, -10517, 2240, -34077, -5810, -11672, 43009
10671.6, 890, -1000, -10517, 2240, -34077, -5810, -11672, 43009
10675.9, 1929, -853, -10442, 2402, -32121, -8872, -12512, 43009
10679.7, 2107, -853, -10442, 2402, -32121, -8872, -12512, 43037
10682.0, 1071, -853, -10442, 2402, -32121, -8872, -12512, 43037
10687.7, 2055, -604, -9919, 2254, -32095, -7288, -11642, 43070
10691.4, 2520, -604, -9919, 2254, -32095, -7288, -11642, 43102
10695.7, 1715, -604, -10004, 2675, -31014, -5228, -9533, 43102
10699.5, 1630, -604, -10004, 2675, -31014, -5228, -9533, 43136
10703.7, 1690, -709, -10004, 2675, -31014, -5228, -9533, 43136
10707.5, 1728, -709, -10004, 2675, -31014, -5228, -9533, 43107
10711.2, 2057, -709, -10004, 2675, -31014, -5228, -9533, 43212
10715.5, 1756, -862, -9783, 1874, -30205, -5586, -8233, 43212
10719.2, 1608, -862, -9783, 1874, -30205, -5586, -8233, 43223
10723.4, 2174, -862, -9783, 1874, -30205, -5586, -8233, 43223
10727.1, 1813, -862, -9783, 1874, -30205, -5586, -8233, 43255
10730.9, 2063, -862, -9783, 1874, -30205, -5586, -8233, 43289
10735.1, 1909, -1085, -10105, 2224, -28871, -5140, -8229, 43289
10738.8, 1737, -1085, -10105, 2224, -28871, -5140, -8229, 43322
10743.0, 1781, -928, -10105, 2224, -28871, -5140, -8229, 43322
10746.8, 1843, -928, -10105, 2224, -28871, -5140, -8229, 43312
10749.0, 916, -928, -10105, 2224, -28871, -5140, -8229, 43312
10754.8, 1989, -845, -10207, 2797, -26434, -6899, -5915, 43434
10758.5, 1857, -845, -10207, 2797, -26434, -6899, -5915, 43444
10762.7, 1836, -1000, -9964, 2797, -26434, -6899, -5915, 43444
10766.5, 1859, -1000, -9964, 2797, -26434, -6899, -5915, 43493
10768.8, 1066, -1000, -9964, 2797, -26434, -6899, -5915, 43493
10774.5, 1926, -936, -9180, 1861, -27129, -14450, -6733, 43490
10778.3, 1691, -936, -9180, 1861, -27129, -14450, -6733, 43581
10784.0, 1734, -692, -9180, 1861, -25567, -12967, -5079, 43640
10787.7, 1691, -692, -9180, 1861, -25567, -12967, -5079, 43677
10793.4, 1799, -521, -9396, 1710, -25567, -12967, -5079, 43753
10797.2, 2015, -521, -9396, 1710, -25567, -12967, -5079, 43763
10802.9, 1930, -615, -9572, 1392, -25016, -9861, -3469, 43800
10806.6, 1661, -615, -9572, 1392, -25016, -9861, -3469, 43849
10810.9, 1634, -906, -9723, 1389, -24338, -6024, -3285, 43849
10815.0, 1311, -906, -9723, 1389, -24338, -6024, -3285, 43869
10817.3, 409, -906, -9723, 1389, -24338, -6024, -3285, 43869
10823.0, 1788, -860, -9947, 1617, -22750, -2852, -3998, 43857
10826.7, 1805, -860, -9947, 1617, -22750, -2852, -3998, 43938
10832.5, 2089, -874, -10013, 1396, -21114, -3364, -5206, 43981
10836.2, 1844, -874, -10013, 1396, -21114, -3364, -5206, 44025
10840.4, 1853, -924, -9874, 1781, -19005, -7310, -6291, 44025
10844.1, 1711, -924, -9874, 1781, -19005, -7310, -6291, 44042
10846.4, 704, -924, -9874, 1781, -19005, -7310, -6291, 44042
10850.6, 1781, -690, -9806, 1916, -17907, -8671, -5683, 44042
10854.3, 1630, -690, -9806, 1916, -17907, -8671, -5683, 44066
10856.6, 532, -690, -9806, 1916, -17907, -8671, -5683, 44066
10860.8, 1692, -253, -10034, 1879, -18860, -6400, -3596, 44066
10864.5, 1591, -253, -10034, 1879, -18860, -6400, -3596, 44087
10868.7, 1641, -229, -9952, 1735, -18576, -6873, -2957, 44087
10872.5, 1921, -229, -9952, 1735, -18576, -6873, -2957, 44089
10876.3, 1935, -229, -9952, 1735, -18576, -6873, -2957, 44161
10880.5, 1660, -464, -9766, 1743, -18624, -5761, -3613, 44161
10884.3, 1643, -464, -9766, 1743, -18624, -5761, -3613, 44187
10888.5, 1938, -503, -9866, 1767, -19018, -2515, -3412, 44187
10892.3, 1756, -503, -9866, 1767, -19018, -2515, -3412, 44157
10896.0, 1466, -503, -9866, 1767, -19018, -2515, -3412, 44255
10900.2, 1620, -469, -10107, 1561, -17793, -122, -2454, 44255
10904.0, 1604, -469, -10107, 1561, -17793, -122, -2454, 44256
10908.2, 1620, -587, -10085, 1046, -14923, -594, -2664, 44256
10911.9, 1656, -587, -10085, 1046, -14923, -594, -2664, 44263
10915.6, 1637, -587, -10085, 1046, -14923, -594, -2664, 44220
10919.9, 1605, -741, -9924, 961, -12753, -1824, -4186, 44220
10923.6, 1541, -741, -9924, 961, -12753, -1824, -4186, 44313
10927.8, 1562, -781, -9855, 1331, -11830, -3101, -4808, 44313
10931.6, 1627, -781, -9855, 1331, -11830, -3101, -4808, 44349
10933.8, 468, -781, -9855, 1331, -11830, -3101, -4808, 44349
10939.6, 1692, -790, -9908, 1548, -11611, -3946, -4016, 44319
10943.3, 1551, -790, -9908, 1548, -11611, -3946, -4016, 44331
10949.0, 1567, -565, -10000, 1639, -11348, -4965, -2935, 44347
10951.2, 139, -565, -10000, 1639, -11348, -4965, -2935, 44347
10953.5, 127, -565, -10000, 1639, -11348, -4965, -2935, 44347
10959.2, 1763, -422, -9881, 1314, -11637, -4261, -2940, 44369
10961.5, 495, -422, -9881, 1314, -11637, -4261, -2940, 44369
10965.7, 1589, -454, -9757, 1643, -11300, -892, -3644, 44369
10969.5, 1480, -454, -9757, 1643, -11300, -892, -3644, 44375
10971.7, 167, -454, -9757, 1643, -11300, -892, -3644, 44375
10976.0, 1555, -402, -9795, 1644, -13155, 1487, -4690, 44375
10979.7, 1377, -402, -9795, 1644, -13155, 1487, -4690, 44390
10982.0, 69, -402, -9795, 1644, -13155, 1487, -4690, 44390
10987.7, 1986, -500, -9630, 1238, -13934, 3088, -4729, 44399
10991.4, 1665, -500, -9630, 1238, -13934, 3088, -4729, 44454
10995.7, 1492, -699, -9747, 1865, -13693, 3220, -4221, 44454
10999.4, 1424, -699, -9747, 1865, -13693, 3220, -4221, 44443
11001.6, 159, -699, -9747, 1865, -13693, 3220, -4221, 44443
11005.9, 1474, -577, -9914, 1929, -14288, 555, -3745, 44443
11009.7, 1491, -577, -9914, 1929, -14288, 555, -3745, 44468
11013.9, 1425, -475, -9874, 1473, -14131, -3101, -3885, 44468
11017.7, 1443, -475, -9874, 1473, -14131, -3101, -3885, 44492
11021.5, 1728, -475, -9874, 1473, -14131, -3101, -3885, 44491
11025.7, 1635, -567, -9833, 1118, -12980, -5394, -4891, 44491
11029.5, 1285, -567, -9833, 1118, -12980, -5394, -4891, 44531
11033.7, 1433, -562, -9817, 1158, -12245, -4186, -5525, 44531
11037.5, 1407, -562, -9817, 1158, -12245, -4186, -5525, 44542
11041.2, 1453, -562, -9817, 1158, -12245, -4186, -5525, 44560
11045.5, 1517, -364, -9897, 1103, -12853, -953, -4786, 44560
11049.2, 1436, -364, -9897, 1103, -12853, -953, -4786, 44605
11053.5, 1418, -148, -9905, 317, -13247, 3556, -3906, 44605
11057.3, 1354, -148, -9905, 317, -13247, 3556, -3906, 44582
11061.0, 1432, -148, -9905, 317, -13247, 3556, -3906, 44583
11065.3, 1522, -411, -10144, 1053, -12254, 11852, -3911, 44583
11069.0, 1445, -411, -10144, 1053, -12254, 11852, -3911, 44610
11073.2, 1438, -635, -10147, 1235, -11970, 12823, -4965, 44610
11076.9, 1361, -635, -10147, 1235, -11970, 12823, -4965, 44620
11080.7, 1304, -635, -10147, 1235, -11970, 12823, -4965, 44624
11084.9, 1460, -774, -9951, 1284, -10723, 7494, -6838, 44624
11088.6, 1357, -774, -9951, 1284, -10723, 7494, -6838, 44087
11092.8, 1367, -720, -9699, 1412, -9209, 682, -7748, 44087
11096.6, 1691, -720, -9699, 1412, -9209, 682, -7748, 44631
11098.8, 421, -720, -9699, 1412, -9209, 682, -7748, 44631
11104.6, 1312, -566, -9988, 1408, -9283, -4230, -6763, 44623
11108.3, 1461, -566, -9988, 1408, -9283, -4230, -6763, 44614
11114.0, 1431, -283, -10233, 954, -8579, -6028, -5473, 44619
11116.2, 51, -283, -10233, 954, -8579, -6028, -5473, 44619
11118.5, 12, -283, -10233, 954, -8579, -6028, -5473, 44619
11124.2, 1402, -102, -10323, 659, -7564, -4620, -5591, 44610
11126.5, 60, -102, -10323, 659, -7564, -4620, -5591, 44610
11130.7, 1678, -265, -10110, 618, -6282, -988, -6790, 44610
11134.5, 1397, -265, -10110, 618, -6282, -988, -6790, 44401
11136.8, 51, -265, -10110, 618, -6282, -988, -6790, 44401
11141.0, 1441, -449, -10156, 866, -5429, 2673, -7376, 44401
11144.8, 1242, -449, -10156, 866, -5429, 2673, -7376, 44396
11147.0, 47, -449, -10156, 866, -5429, 2673, -7376, 44396
11152.8, 1725, -483, -10151, 1385, -4790, 3005, -6763, 44386
11156.5, 1335, -483, -10151, 1385, -4790, 3005, -6763, 44363
11160.8, 1126, -521, -9920, 1497, -5197, -2257, -5980, 44363
11164.5, 1553, -521, -9920, 1497, -5197, -2257, -5980, 44352
11166.8, 478, -521, -9920, 1497, -5197, -2257, -5980, 44352
11171.0, 2027, -597, -9920, 1466, -2970, -9148, -5731, 44352
11174.7, 1450, -597, -9920, 1466, -2970, -9148, -5731, 44348
11178.9, 1260, -515, -10022, 1149, -520, -13024, -4571, 44348
11182.7, 1231, -515, -10022, 1149, -520, -13024, -4571, 44310
11186.4, 1221, -515, -10022, 1149, -520, -13024, -4571, 44273
11190.7, 1760, -406, -10204, 312, 2200, -12770, -4011, 44273
11194.4, 1574, -406, -10204, 312, 2200, -12770, -4011, 44244
11198.6, 1322, -436, -10404, 422, 6361, -10460, -4523, 44244
11202.3, 1390, -436, -10404, 422, 6361, -10460, -4523, 44211
11206.1, 1277, -436, -10404, 422, 6361, -10460, -4523, 44174
11210.3, 1433, -537, -10585, 926, 12219, -9051, -4134, 44174
11214.0, 1279, -537, -10585, 926, 12219, -9051, -4134, 44149
11218.2, 1357, -331, -10071, -35, 14647, -9397, -3158, 44149
11222.0, 1492, -331, -10071, -35, 14647, -9397, -3158, 44107
11225.8, 1464, -331, -10071, -35, 14647, -9397, -3158, 44059
11230.0, 1432, -659, -9863, 783, 19114, -11099, -2681, 44059
11233.8, 902, -659, -9863, 783, 19114, -11099, -2681, 44035
11238.0, 1961, -917, -10456, 1258, 23332, -12188, -975, 44035
11241.7, 1543, -917, -10456, 1258, 23332, -12188, -975, 44005
11244.0, 66, -917, -10456, 1258, 23332, -12188, -975, 44005
11249.7, 1295, -727, -10629, 1520, 27138, -13816, 1894, 43959
11253.5, 1120, -727, -10629, 1520, 27138, -13816, 1894, 44457
11257.7, 2028, -337, -10220, 2008, 30704, -18475, 3548, 44457
11261.5, 1845, -337, -10220, 2008, 30704, -18475, 3548, 43844
11263.8, 227, -337, -10220, 2008, 30704, -18475, 3548, 43844
11269.5, 1382, -184, -10006, 1485, 30765, -17176, 5442, 43778
11273.3, 1470, -184, -10006, 1485, 30765, -17176, 5442, 43732
11279.0, 1382, -249, -10306, 1430, 31574, -6212, 9043, 43711
11281.2, 59, -249, -10306, 1430, 31574, -6212, 9043, 43711
11285.6, 1369, -249, -10306, 1430, 31574, -6212, 9043, 43711
11289.3, 1054, -249, -10306, 1430, 31574, -6212, 9043, 43634
11291.6, 33, -249, -10306, 1430, 31574, -6212, 9043, 43634
11295.8, 1692, -66, -10455, 1176, 35731, 1868, 10727, 43634
11299.5, 1634, -66, -10455, 1176, 35731, 1868, 10727, 43563
11301.8, 79, -66, -10455, 1176, 35731, 1868, 10727, 43563
11306.0, 1326, -433, -10428, 919, 51542, 1364, 11362, 43563
11309.7, 1271, -433, -10428, 919, 51542, 1364, 11362, 43526
11312.0, 141, -433, -10428, 919, 51542, 1364, 11362, 43526
11317.7, 1568, -918, -10217, 967, 55471, 2813, 14870, 43484
11321.4, 1296, -918, -10217, 967, 55471, 2813, 14870, 43478
11325.7, 1253, -1041, -10520, 1098, 55471, 6794, 19740, 43478
11329.4, 1522, -1041, -10520, 1098, 55471, 6794, 19740, 43451
11331.6, 969, -1041, -10520, 1098, 55471, 6794, 19740, 43451
11335.9, 1707, -1083, -10773, 1855, 65144, 8535, 22269, 43451
11339.7, 1325, -1083, -10773, 1855, 65144, 8535, 22269, 43451
11343.9, 1490, -1147, -10712, 2753, 65144, 8535, 22269, 43451
11347.6, 1099, -1147, -10712, 2753, 65144, 8535, 22269, 43453
11351.4, 1229, -1147, -10712, 2753, 65144, 8535, 22269, 43434
11355.6, 1491, -1081, -10334, 2965, 73247, 2931, 25410, 43434
11359.4, 1244, -1081, -10334, 2965, 73247, 2931, 25410, 43416
11363.6, 1405, -1269, -10133, 3294, 73247, 2931, 25410, 43416
11367.3, 1477, -1269, -10133, 3294, 73247, 2931, 25410, 44401
11371.1, 1169, -1269, -10133, 3294, 73247, 2931, 25410, 43371
11375.3, 2155, -1299, -10268, 3318, 79438, -3504, 35451, 43371
11379.0, 996, -1299, -10268, 3318, 79438, -3504, 35451, 43284
11383.2, 1351, -910, -10341, 2620, 79438, -3504, 35451, 43284
11386.9, 1693, -910, -10341, 2620, 79438, -3504, 35451, 43298
11390.7, 981, -910, -10341, 2620, 79438, -3504, 35451, 43251
11394.9, 644, -781, -10401, 2820, 86648, 3780, 39073, 43251
11398.7, 1963, -781, -10401, 2820, 86648, 3780, 39073, 43257
11402.9, 1480, -825, -10697, 3085, 86648, 3780, 39073, 43257
11406.6, 1565, -825, -10697, 3085, 86648, 3780, 39073, 43217
11408.9, 109, -825, -10697, 3085, 86648, 3780, 39073, 43217
11414.6, 1540, -942, -10459, 3276, 94851, 16721, 40657, 43199
11418.3, 1258, -942, -10459, 3276, 94851, 16721, 40657, 44244
11424.0, 1204, -1123, -10227, 3963, 94851, 16721, 42753, 43151
11427.8, 1163, -1123, -10227, 3963, 94851, 16721, 42753, 43114
11433.5, 1540, -1555, -9913, 4499, 97629, 15929, 42753, 43129
11435.7, 65, -1555, -9913, 4499, 97629, 15929, 42753, 43129
11438.0, 17, -1555, -9913, 4499, 97629, 15929, 42753, 43129
11443.7, 1097, -1649, -9826, 3914, 97599, 15960, 46752, 43133
11445.9, 81, -1649, -9826, 3914, 97599, 15960, 46752, 43133
11448.2, 819, -1649, -9826, 3914, 97599, 15960, 46752, 43133
11453.9, 838, -1761, -9946, 4364, 99585, 14323, 50313, 43131
11456.2, 35, -1761, -9946, 4364, 99585, 14323, 50313, 43131
11460.5, 1793, -1670, -10077, 4305, 100967, 15583, 52741, 43131
11464.2, 1806, -1670, -10077, 4305, 100967, 15583, 52741, 43103
11466.5, 829, -1670, -10077, 4305, 100967, 15583, 52741, 43103
11470.7, 2215, -1571, -10119, 4972, 102748, 19215, 53892, 43103
11474.4, 305, -1571, -10119, 4972, 102748, 19215, 53892, 43128
11476.7, 16, -1571, -10119, 4972, 102748, 19215, 53892, 43128
11480.9, 857, -1622, -9970, 5437, 106502, 17268, 52723, 43128
11484.6, 1169, -1622, -9970, 5437, 106502, 17268, 52723, 43121
11486.9, 78, -1622, -9970, 5437, 106502, 17268, 52723, 43121
11492.6, 699, -1573, -9521, 4834, 109376, 12534, 50028, 43133
11496.3, 1546, -1573, -9521, 4834, 109376, 12534, 50028, 43164
11500.6, 1590, -1994, -9128, 4788, 110221, 13833, 49880, 43164
11504.4, 1244, -1994, -9128, 4788, 110221, 13833, 49880, 43130
11508.6, 912, -2294, -9190, 5103, 110636, 18624, 54574, 43130
11512.3, 1158, -2294, -9190, 5103, 110636, 18624, 54574, 43124
11516.1, 1683, -2294, -9190, 5103, 110636, 18624, 54574, 43123
11520.4, 655, -2382, -9559, 5606, 110151, 21394, 59995, 43123
11524.1, 399, -2382, -9559, 5606, 110151, 21394, 59995, 43118
11528.3, 509, -2404, -9759, 6379, 112513, 18213, 61299, 43118
11532.0, 985, -2404, -9759, 6379, 112513, 18213, 61299, 43104
11535.7, 1949, -2404, -9759, 6379, 112513, 18213, 61299, 43100
11540.0, 1640, -2413, -9253, 6124, 115965, 8330, 59019, 43100
11543.7, 1425, -2413, -9253, 6124, 115965, 8330, 59019, 43105
11547.9, 1421, -2353, -8811, 5772, 116932, 1649, 57037, 43105
11551.7, 148, -2353, -8811, 5772, 116932, 1649, 57037, 43111
11554.0, 751, -2353, -8811, 5772, 116932, 1649, 57037, 43111
11559.7, 1235, -2337, -8304, 5694, 118599, 1658, 58232, 43120
11563.5, 516, -2337, -8304, 5694, 118599, 1658, 58232, 43103
11567.7, 1567, -2453, -8542, 5363, 119036, 8487, 61920, 43103
11571.4, 1181, -2453, -8542, 5363, 119036, 8487, 61920, 43124
11573.7, 397, -2453, -8542, 5363, 119036, 8487, 61920, 43124
11579.5, 1468, -2702, -8796, 6613, 122939, 12337, 64637, 43093
11583.3, 312, -2702, -8796, 6613, 122939, 12337, 64637, 43098
11589.0, 3004, -2841, -8819, 5993, 124571, 11318, 63657, 43065
11592.7, 2760, -2841, -8819, 5993, 124571, 11318, 63657, 43050
11598.5, 1141, -3058, -8419, 6468, 125113, 9826, 60791, 43047
11600.7, 290, -3058, -8419, 6468, 125113, 9826, 60791, 43047
11603.0, 36, -3058, -8419, 6468, 125113, 9826, 60791, 43047
11608.7, 1602, -3086, -7985, 7109, 125424, 8251, 58888, 43048
11610.9, 951, -3086, -7985, 7109, 125424, 8251, 58888, 43048
11613.2, 405, -3086, -7985, 7109, 125424, 8251, 58888, 43048
11618.9, 1503, -2959, -7672, 7052, 124698, 5096, 59457, 43024
11621.2, 865, -2959, -7672, 7052, 124698, 5096, 59457, 43024
11625.4, 1758, -2825, -7402, 7016, 124462, 507, 62467, 43024
11629.2, 1853, -2825, -7402, 7016, 124462, 507, 62467, 43052
11631.5, 2667, -2825, -7402, 7016, 124462, 507, 62467, 43052
11635.7, 816, -2794, -7316, 7250, 126312, -3609, 65892, 43052
11639.4, 1196, -2794, -7316, 7250, 126312, -3609, 65892, 43000
11641.7, 218, -2794, -7316, 7250, 126312, -3609, 65892, 43000
11645.9, 216, -3071, -7269, 7007, 128793, -3556, 68242, 43000
11649.6, 1138, -3071, -7269, 7007, 128793, -3556, 68242, 41953
11651.9, 1827, -3071, -7269, 7007, 128793, -3556, 68242, 41953
11657.6, 2192, -3268, -7440, 6638, 129169, 612, 67922, 41871
11661.3, 2638, -3268, -7440, 6638, 129169, 612, 67922, 41821
11665.6, 1422, -3270, -7073, 6420, 129887, 4930, 64720, 41821
11669.4, 986, -3270, -7073, 6420, 129887, 4930, 64720, 41764
11673.6, 2085, -3604, -6460, 7071, 130788, 8351, 62296, 41764
11677.3, 1198, -3604, -6460, 7071, 130788, 8351, 62296, 41713
11681.1, 98, -3604, -6460, 7071, 130788, 8351, 62296, 41703
11685.3, 2613, -3945, -6133, 7911, 130700, 6811, 62804, 41703
11689.1, 2386, -3945, -6133, 7911, 130700, 6811, 62804, 41632
11693.3, 577, -3943, -5961, 7852, 130714, 4681, 64864, 41632
11697.0, 203, -3943, -5961, 7852, 130714, 4681, 64864, 41581
11700.7, 3005, -3943, -5961, 7852, 130714, 4681, 64864, 41554
11705.0, 2488, -3539, -6069, 7759, 131309, -1911, 64943, 41554
11708.7, 552, -3539, -6069, 7759, 131309, -1911, 64943, 41521
11712.9, 1514, -3301, -5922, 7554, 133780, -8855, 62716, 41521
11716.7, 1402, -3301, -5922, 7554, 133780, -8855, 62716, 41496
11719.0, 1443, -3301, -5922, 7554, 133780, -8855, 62716, 41496
11724.8, 1212, -3300, -5559, 7735, 134161, -7735, 62419, 41411
11728.5, 886, -3300, -5559, 7735, 134161, -7735, 62419, 41410
11732.7, 2588, -3157, -5511, 7334, 133833, -4558, 64055, 41410
11736.5, 2705, -3157, -5511, 7334, 133833, -4558, 64055, 41377
11738.8, 2883, -3157, -5511, 7334, 133833, -4558, 64055, 41377
11744.6, 686, -3339, -5112, 7307, 133960, -3788, 65416, 41328
11748.3, 164, -3339, -5112, 7307, 133960, -3788, 65416, 41276
11754.1, 2421, -3908, -4849, 7299, 136244, 161, 66680, 41239
11757.8, 1779, -3908, -4849, 7299, 136244, 161, 66680, 41183
11763.5, 1437, -4347, -4707, 7252, 133514, 6868, 66767, 41163
11765.7, 1071, -4347, -4707, 7252, 133514, 6868, 66767, 41163
11768.0, 1584, -4347, -4707, 7252, 133514, 6868, 66767, 41163
11773.7, 1878, -4443, -4553, 8215, 133500, 11550, 64869, 41120
11775.9, 1115, -4443, -4553, 8215, 133500, 11550, 64869, 41120
11780.2, 521, -4282, -4578, 7609, 132262, 13186, 60410, 41120
11784.0, 133, -4282, -4578, 7609, 132262, 13186, 60410, 41080
11786.2, 851, -4282, -4578, 7609, 132262, 13186, 60410, 41080
11790.5, 3222, -4156, -4390, 8609, 133627, 13221, 56617, 41080
11794.2, 1432, -4156, -4390, 8609, 133627, 13221, 56617, 41047
11796.5, 173, -4156, -4390, 8609, 133627, 13221, 56617, 41047
11800.7, 2477, -3804, -4150, 8363, 133890, 9664, 55020, 41047
11804.4, 1933, -3804, -4150, 8363, 133890, 9664, 55020, 41011
11806.7, 951, -3804, -4150, 8363, 133890, 9664, 55020, 41011
11810.9, 675, -3534, -3784, 8539, 133864, 5735, 55003, 41011
11814.6, 2313, -3534, -3784, 8539, 133864, 5735, 55003, 40981
11816.9, 2173, -3534, -3784, 8539, 133864, 5735, 55003, 40981
11822.6, 156, -3367, -3389, 9281, 132818, 3618, 56762, 40960
11826.3, 1464, -3367, -3389, 9281, 132818, 3618, 56762, 40930
11830.6, 2876, -3167, -3006, 9002, 129064, 1631, 59002, 40930
11834.4, 1212, -3167, -3006, 9002, 129064, 1631, 59002, 40907
11838.6, 1157, -3167, -3006, 9002, 127183, -874, 62252, 40907
11842.3, 2217, -3167, -3006, 9002, 127183, -874, 62252, 40877
11846.1, 2051, -3167, -3006, 9002, 127183, -874, 62252, 40853
11850.3, 1601, -3722, -2413, 8304, 127275, -848, 66636, 40853
11854.1, 574, -3722, -2413, 8304, 127275, -848, 66636, 40823
11858.3, 1140, -3722, -2413, 8304, 127108, 1373, 69156, 40823
11862.0, 1445, -3722, -2413, 8304, 127108, 1373, 69156, 40807
11865.8, 1043, -3722, -2413, 8304, 127108, 1373, 69156, 40775
11870.0, 1269, -4323, -2763, 7484, 128548, 5258, 66487, 40775
11873.7, 2985, -4323, -2763, 7484, 128548, 5258, 66487, 40751
11877.9, 2766, -4323, -2763, 7484, 128609, 10207, 60669, 40751
11881.6, 1441, -4323, -2763, 7484, 128609, 10207, 60669, 40712
11883.9, 646, -4323, -2763, 7484, 128609, 10207, 60669, 40712
11889.7, 2108, -4460, -2181, 8583, 128688, 11042, 55957, 40694
11893.4, 583, -4460, -2181, 8583, 128688, 11042, 55957, 40651
11899.1, 1098, -4277, -2062, 8184, 126667, 9782, 54172, 40599
11902.8, 683, -4277, -2062, 8184, 126667, 9782, 54172, 40591
11908.5, 2914, -4171, -1398, 8449, 125407, 5814, 53520, 40562
11912.3, 945, -4171, -1398, 8449, 125407, 5814, 53520, 40523
11918.0, 1292, -4171, -1398, 8449, 125407, 5814, 53520, 40435
11921.7, 2417, -4171, -1398, 8449, 125407, 5814, 53520, 40465
11927.5, 1774, -4039, -977, 8369, 124680, 6291, 52592, 40441
11931.2, 2395, -4039, -977, 8369, 124680, 6291, 52592, 40407
11933.5, 3155, -4039, -977, 8369, 124680, 6291, 52592, 40407
11939.2, 594, -4046, -705, 7785, 123945, 7380, 49556, 40404
11941.5, 23, -4046, -705, 7785, 123945, 7380, 49556, 40404
11945.8, 875, -4100, -705, 7785, 123945, 7380, 49556, 40404
11949.6, 2951, -4100, -705, 7785, 123945, 7380, 49556, 40337
11951.9, 3210, -4100, -705, 7785, 123945, 7380, 49556, 40337
11957.6, 1437, -3866, -626, 8659, 124868, 11410, 49162, 40318
11961.3, 164, -3866, -626, 8659, 124868, 11410, 49162, 40284
11965.6, 420, -3446, -540, 8574, 123779, 12595, 49254, 40284
11969.4, 3208, -3446, -540, 8574, 123779, 12595, 49254, 40270
11971.6, 3136, -3446, -540, 8574, 123779, 12595, 49254, 40270
11975.9, 241, -3450, -330, 8306, 121128, 11786, 47784, 40270
11979.6, 625, -3450, -330, 8306, 121128, 11786, 47784, 40250
11983.9, 3205, -3692, 341, 8094, 118336, 13392, 47176, 40250
11987.6, 1457, -3692, 341, 8094, 118336, 13392, 47176, 40226
11991.3, 548, -3692, 341, 8094, 118336, 13392, 47176, 40191
11995.6, 1770, -4168, 495, 7122, 115519, 11545, 48497, 40191
11999.3, 614, -4168, 495, 7122, 115519, 11545, 48497, 40138
12003.5, 1483, -4795, 868, 7627, 116849, 9415, 51787, 40138
12007.2, 2760, -4795, 868, 7627, 116849, 9415, 51787, 40134
12011.0, 2190, -4795, 868, 7627, 116849, 9415, 51787, 40112
12015.3, 1711, -4792, 577, 8125, 117798, 11090, 51376, 40112
12019.0, 1438, -4792, 577, 8125, 117798, 11090, 51376, 40079
12023.3, 1352, -4652, 311, 8066, 119067, 10154, 45863, 40079
12027.0, 893, -4652, 311, 8066, 119067, 10154, 45863, 40065
12030.7, 2323, -4652, 311, 8066, 119067, 10154, 45863, 40005
12035.0, 598, -3946, 387, 6758, 121202, 7778, 40333, 40005
12038.7, 926, -3946, 387, 6758, 121202, 7778, 40333, 40017
12042.9, 3002, -3469, 721, 7310, 118008, 10281, 37603, 40017
12046.7, 865, -3469, 721, 7310, 118008, 10281, 37603, 39999
12049.0, 1836, -3469, 721, 7310, 118008, 10281, 37603, 39999
12054.8, 823, -3296, 1761, 8961, 112246, 16165, 38627, 39981
12058.5, 2168, -3296, 1761, 8961, 112246, 16165, 38627, 39974
12062.7, 2460, -3037, 2414, 8808, 106091, 14192, 41423, 39974
12066.5, 797, -3037, 2414, 8808, 106091, 14192, 41423, 39951
12068.8, 626, -3037, 2414, 8808, 106091, 14192, 41423, 39951
12074.6, 1348, -3483, 2611, 7435, 101103, 7074, 47180, 40775
12078.3, 2882, -3483, 2611, 7435, 101103, 7074, 47180, 39891
12084.0, 1294, -4451, 2463, 6553, 100981, 5827, 47180, 39867
12086.3, 167, -4451, 2463, 6553, 100981, 5827, 47180, 39867
12088.5, 46, -4451, 2463, 6553, 100981, 5827, 47180, 39867
12094.2, 2940, -5279, 1657, 6720, 103046, 10132, 47329, 39854
12096.5, 2135, -5279, 1657, 6720, 103046, 10132, 47329, 39854
12100.7, 2383, -5450, 1060, 8084, 104664, 11033, 42971, 39854
12104.4, 1159, -5450, 1060, 8084, 104664, 11033, 42971, 39828
12106.7, 1474, -5450, 1060, 8084, 104664, 11033, 42971, 39828
12110.9, 2045, -4491, 1201, 7832, 100989, 3010, 33206, 39828
12114.6, 1122, -4491, 1201, 7832, 100989, 3010, 33206, 39804
12116.9, 1495, -4491, 1201, 7832, 100989, 3010, 33206, 39804
12122.6, 1435, -3221, 2498, 7755, 96794, -7083, 25751, 39756
12126.3, 1291, -3221, 2498, 7755, 96794, -7083, 25751, 39761
12130.5, 232, -2352, 3412, 7124, 92961, -3832, 25979, 39761
12134.3, 178, -2352, 3412, 7124, 92961, -3832, 25979, 39743
12136.5, 2555, -2352, 3412, 7124, 92961, -3832, 25979, 39743
12140.8, 3177, -2446, 3888, 6447, 87711, 5302, 32673, 39743
12144.6, 1099, -2446, 3888, 6447, 87711, 5302, 32673, 39739
12148.8, 46, -3208, 3979, 6656, 85694, 9962, 40403, 39739
12152.5, 405, -3208, 3979, 6656, 85694, 9962, 40403, 39780
12156.3, 3205, -3208, 3979, 6656, 85694, 9962, 40403, 39749
12160.5, 2363, -4180, 3591, 7779, 85589, 14415, 45456, 39749
12164.3, 887, -4180, 3591, 7779, 85589, 14415, 45456, 39729
12168.5, 392, -4800, 2895, 7384, 83257, 10710, 43588, 39729
12172.2, 2002, -4800, 2895, 7384, 83257, 10710, 43588, 39725
12176.0, 2176, -4800, 2895, 7384, 83257, 10710, 43588, 39695
12180.3, 494, -4884, 2684, 6421, 84858, 341, 37428, 39695
12184.0, 2739, -4884, 2684, 6421, 84858, 341, 37428, 39744
12188.3, 2579, -4434, 3081, 5682, 81866, -2423, 32226, 39744
12192.0, 1161, -4434, 3081, 5682, 81866, -2423, 32226, 39752
12195.7, 108, -4434, 3081, 5682, 81866, -2423, 32226, 39698
12200.0, 2360, -4055, 3808, 6090, 78331, 4278, 30756, 39698
12203.7, 2875, -4055, 3808, 6090, 78331, 4278, 30756, 39764
12207.9, 200, -4234, 4143, 7485, 77150, 8544, 31307, 39764
12211.7, 1988, -4234, 4143, 7485, 77150, 8544, 31307, 39749
12214.0, 2155, -4234, 4143, 7485, 77150, 8544, 31307, 39749
12219.8, 1326, -3870, 4292, 8443, 71834, 9542, 30358, 39746
12223.8, 2174, -3870, 4292, 8443, 71834, 9542, 30358, 39624
12228.1, 1755, -3205, 4543, 8868, 68767, -1426, 26149, 39624
12231.8, 333, -3205, 4543, 8868, 68767, -1426, 26149, 39625
12234.1, 243, -3205, 4543, 8868, 68767, -1426, 26149, 39625
12239.8, 2636, -3050, 4752, 6829, 66431, -16555, 21429, 39635
12243.6, 1780, -3050, 4752, 6829, 66431, -16555, 21429, 39613
12247.8, 185, -3594, 4798, 5400, 65700, -16800, 21306, 39613
12251.5, 2035, -3594, 4798, 5400, 65700, -16800, 21306, 39617
12255.8, 2112, -4141, 4649, 4122, 65061, -2931, 24587, 39617
12259.5, 840, -4141, 4649, 4122, 65061, -2931, 24587, 39620
12261.8, 1920, -4141, 4649, 4122, 65061, -2931, 24587, 39620
12266.0, 2152, -4436, 4386, 4007, 63823, 12884, 27506, 39620
12269.7, 193, -4436, 4386, 4007, 63823, 12884, 27506, 39611
12272.0, 865, -4436, 4386, 4007, 63823, 12884, 27506, 39611
12277.7, 2699, -4719, 4597, 6483, 62252, 25637, 27317, 39616
12281.4, 1057, -4719, 4597, 6483, 62252, 25637, 27317, 39611
12285.6, 849, -4027, 5375, 9238, 53410, 24964, 21017, 39611
12289.4, 1546, -4027, 5375, 9238, 53410, 24964, 21017, 39609
12291.6, 2700, -4027, 5375, 9238, 53410, 24964, 21017, 39609
12295.9, 1862, -3676, 5866, 9750, 50313, 2843, 13125, 39609
12299.7, 1344, -3676, 5866, 9750, 50313, 2843, 13125, 39612
12303.9, 1317, -3865, 5878, 7231, 50466, -20864, 10421, 39612
12307.6, 2335, -3865, 5878, 7231, 50466, -20864, 10421, 39598
12311.4, 672, -3865, 5878, 7231, 50466, -20864, 10421, 39604
12315.6, 775, -3911, 5527, 5334, 47810, -26298, 12482, 39604
12319.4, 2529, -3911, 5527, 5334, 47810, -26298, 12482, 39614
12323.6, 110, -3775, 5352, 4823, 47128, -18086, 14770, 39614
12327.3, 2711, -3775, 5352, 4823, 47128, -18086, 14770, 39614
12331.1, 3123, -3775, 5352, 4823, 47128, -18086, 14770, 39618
12335.3, 591, -3846, 5096, 4502, 45671, -2769, 14883, 39618
12339.0, 1441, -3846, 5096, 4502, 45671, -2769, 14883, 39614
12343.3, 2045, -4140, 5268, 6096, 46192, 8461, 13238, 39614
12347.0, 573, -4140, 5268, 6096, 46192, 8461, 13238, 39576
12350.7, 2143, -4140, 5268, 6096, 46192, 8461, 13238, 39632
12355.0, 2792, -4129, 5773, 7560, 44083, 7476, 9231, 39632
12358.7, 1061, -4129, 5773, 7560, 44083, 7476, 9231, 39617
12363.0, 565, -3595, 6463, 8413, 37901, -1194, 4326, 39617
12366.7, 804, -3595, 6463, 8413, 37901, -1194, 4326, 39622
12369.0, 2706, -3595, 6463, 8413, 37901, -1194, 4326, 39622
12374.7, 1757, -3276, 7034, 7293, 34991, -12162, 5810, 39599
12378.5, 1114, -3276, 7034, 7293, 34991, -12162, 5810, 39638
12382.7, 1096, -3201, 6623, 5433, 33005, -17714, 13199, 39638
12386.5, 436, -3201, 6623, 5433, 33005, -17714, 13199, 39642
12388.8, 626, -3201, 6623, 5433, 33005, -17714, 13199, 39642
12394.5, 2877, -3106, 6373, 4672, 33202, -10259, 20453, 39645
12398.2, 2028, -3106, 6373, 4672, 33202, -10259, 20453, 39691
12403.9, 529, -3455, 5926, 4782, 31097, 1675, 18834, 39659
12406.2, 231, -3455, 5926, 4782, 31097, 1675, 18834, 39659
12408.5, 1307, -3455, 5926, 4782, 31097, 1675, 18834, 39659
12414.2, 2065, -4411, 6376, 6321, 35805, 6002, 12254, 39655
12416.5, 1432, -4411, 6376, 6321, 35805, 6002, 12254, 39655
12420.7, 1784, -4411, 7015, 6695, 33946, 1763, 6886, 39655
12424.5, 715, -4411, 7015, 6695, 33946, 1763, 6886, 39658
12426.7, 393, -4411, 7015, 6695, 33946, 1763, 6886, 39658
12431.0, 2753, -3856, 7187, 7555, 31150, -7266, 9673, 39658
12434.7, 1242, -3856, 7187, 7555, 31150, -7266, 9673, 39636
12437.0, 516, -3856, 7187, 7555, 31150, -7266, 9673, 39636
12442.8, 3083, -3323, 6665, 6683, 29899, -14630, 14700, 39599
12446.5, 2252, -3323, 6665, 6683, 29899, -14630, 14700, 39665
12450.8, 899, -3248, 6179, 5606, 26228, -15404, 15002, 39665
12454.5, 347, -3248, 6179, 5606, 26228, -15404, 15002, 39669
12456.8, 22, -3248, 6179, 5606, 26228, -15404, 15002, 39669
12461.0, 2551, -3626, 6162, 5359, 25830, -11607, 12801, 39669
12464.7, 2767, -3626, 6162, 5359, 25830, -11607, 12801, 39690
12469.0, 1199, -3626, 6162, 5359, 25830, -7411, 7595, 39690
12472.8, 1624, -3626, 6162, 5359, 25830, -7411, 7595, 39645
12476.5, 867, -3626, 6162, 5359, 25830, -7411, 7595, 39670
12480.8, 1684, -4212, 7113, 5081, 21573, -2721, 5193, 39670
12484.5, 2144, -4212, 7113, 5081, 21573, -2721, 5193, 39685
12488.8, 1003, -4212, 7113, 5081, 21573, -1658, 7971, 39685
12492.5, 532, -4212, 7113, 5081, 21573, -1658, 7971, 39685
12496.3, 1511, -4212, 7113, 5081, 21573, -1658, 7971, 39696
12500.6, 1733, -3274, 6655, 7130, 20444, -2725, 8561, 39696
12504.3, 2556, -3274, 6655, 7130, 20444, -2725, 8561, 39703
12508.5, 2089, -3274, 6655, 7130, 20444, -6781, 6965, 39703
12512.3, 2159, -3274, 6655, 7130, 20444, -6781, 6965, 39715
12516.0, 1821, -3274, 6655, 7130, 20444, -6781, 6965, 39711
12520.2, 1019, -2663, 6428, 5760, 14752, -9813, 7091, 39711
12524.0, 202, -2663, 6428, 5760, 14752, -9813, 7091, 39724
12528.2, 1227, -2663, 6428, 5760, 14752, -8693, 6146, 39724
12531.9, 2892, -2663, 6428, 5760, 14752, -8693, 6146, 39715
12535.7, 2974, -2663, 6428, 5760, 14752, -8693, 6146, 39604
12539.9, 334, -3530, 6878, 4978, 11777, -2603, 6877, 39604
12543.6, 609, -3530, 6878, 4978, 11777, -2603, 6877, 39754
12547.8, 2726, -3530, 6878, 4978, 11777, -2603, 7192, 39754
12551.6, 2513, -3530, 6878, 4978, 11777, -2603, 7192, 39740
12553.8, 1257, -3530, 6878, 4978, 11777, -2603, 7192, 39740
12559.6, 1393, -3957, 6863, 6142, 8947, 3101, 6383, 39745
12563.3, 717, -3957, 6863, 6142, 8947, 3101, 6383, 39767
12569.0, 2086, -3957, 6863, 6142, 8947, 3101, 5840, 39766
12571.2, 1892, -3957, 6863, 6142, 8947, 3101, 5840, 39766
12573.5, 1522, -3957, 6863, 6142, 8947, 3101, 5840, 39766
12579.2, 1959, -3253, 6723, 6534, 5022, -5101, 4777, 39759
12581.5, 1412, -3253, 6723, 6534, 5022, -5101, 4777, 39759
12585.7, 538, -2757, 6625, 6682, 5022, -5101, 4777, 39759
12589.5, 1274, -2757, 6625, 6682, 5022, -5101, 4777, 39806
12591.8, 1991, -2757, 6625, 6682, 5022, -5101, 4777, 39806
12596.0, 2252, -2606, 6802, 6543, -30, -8802, 4519, 39806
12599.7, 1327, -2606, 6802, 6543, -30, -8802, 4519, 39818
12602.0, 1067, -2606, 6802, 6543, -30, -8802, 4519, 39818
12607.7, 2046, -2985, 6761, 6205, -1513, -10053, 5499, 39828
12611.4, 2588, -2985, 6761, 6205, -1513, -10053, 5499, 39890
12615.7, 1763, -3457, 6183, 5053, -3600, -10237, 5853, 39890
12619.4, 1247, -3457, 6183, 5053, -3600, -10237, 5853, 39873
12621.7, 1068, -3457, 6183, 5053, -3600, -10237, 5853, 39873
12626.0, 1677, -3774, 6495, 4908, -7245, -7752, 3784, 39873
12629.7, 1517, -3774, 6495, 4908, -7245, -7752, 3784, 39897
12634.0, 1567, -3968, 6717, 5280, -9537, -4449, 2970, 39897
12637.7, 1705, -3968, 6717, 5280, -9537, -4449, 2970, 39919
12641.4, 1278, -3968, 6717, 5280, -9537, -4449, 2970, 39940
12645.7, 1696, -3973, 6564, 5423, -11130, -2900, 3548, 39940
12649.4, 2030, -3973, 6564, 5423, -11130, -2900, 3548, 39959
12653.6, 2297, -3790, 6308, 5856, -13313, -1238, 2152, 39959
12657.3, 1547, -3790, 6308, 5856, -13313, -1238, 2152, 39972
12661.1, 892, -3790, 6308, 5856, -13313, -1238, 2152, 39988
12665.3, 1997, -3346, 6320, 6338, -17732, -1146, -1308, 39988
12669.0, 2137, -3346, 6320, 6338, -17732, -1146, -1308, 40015
12673.2, 1522, -3170, 6309, 6565, -21464, -2458, -4003, 40015
12677.0, 1545, -3170, 6309, 6565, -21464, -2458, -4003, 39993
12680.8, 1800, -3170, 6309, 6565, -21464, -2458, -4003, 40011
12685.0, 2206, -3260, 6272, 6512, -24539, -2388, -5827, 40011
12688.8, 1248, -3260, 6272, 6512, -24539, -2388, -5827, 40023
12693.0, 1195, -3279, 6267, 5589, -29549, -3368, -6755, 40023
12696.7, 1446, -3279, 6267, 5589, -29549, -3368, -6755, 40028
12699.0, 1197, -3279, 6267, 5589, -29549, -3368, -6755, 40028
12704.8, 2259, -3224, 6295, 5311, -31036, -1732, -7870, 40056
12708.5, 1933, -3224, 6295, 5311, -31036, -1732, -7870, 39970
12712.7, 1627, -3299, 6262, 5429, -32874, 1588, -11572, 39970
12716.5, 1583, -3299, 6262, 5429, -32874, 1588, -11572, 40036
12718.8, 1131, -3299, 6262, 5429, -32874, 1588, -11572, 40036
12724.5, 1726, -3491, 6205, 5470, -35315, 3084, -14870, 40040
12728.3, 1598, -3491, 6205, 5470, -35315, 3084, -14870, 40047
12734.0, 1720, -3507, 6417, 6035, -38535, 3972, -15518, 40055
12736.2, 1154, -3507, 6417, 6035, -38535, 3972, -15518, 40055
12740.5, 1656, -3177, 6526, 6667, -41401, 1290, -14455, 40055
12744.3, 1271, -3177, 6526, 6667, -41401, 1290, -14455, 40062
12746.5, 351, -3177, 6526, 6667, -41401, 1290, -14455, 40062
12750.8, 1558, -2833, 6594, 6680, -45120, -5425, -15006, 40062
12754.5, 2677, -2833, 6594, 6680, -45120, -5425, -15006, 40777
12756.8, 2267, -2833, 6594, 6680, -45120, -5425, -15006, 40777
12761.0, 2358, -2729, 6629, 5787, -48410, -10071, -16918, 40777
12764.7, 1199, -2729, 6629, 5787, -48410, -10071, -16918, 40787
12767.0, 703, -2729, 6629, 5787, -48410, -10071, -16918, 40787
12772.7, 2152, -2907, 6473, 5801, -51997, -7625, -17277, 40789
12776.4, 1420, -2907, 6473, 5801, -51997, -7625, -17277, 40801
12780.7, 1043, -3533, 6183, 6032, -52732, -1715, -15763, 40801
12784.4, 2470, -3533, 6183, 6032, -52732, -1715, -15763, 40824
12786.7, 2300, -3533, 6183, 6032, -52732, -1715, -15763, 40824
12790.9, 2004, -4171, 5559, 5976, -54281, 2003, -13374, 40824
12794.7, 1910, -4171, 5559, 5976, -54281, 2003, -13374, 40812
12798.9, 1440, -4477, 5060, 5822, -58083, 4296, -15605, 40812
12802.6, 1490, -4477, 5060, 5822, -58083, 4296, -15605, 40813
12806.4, 1769, -4477, 5060, 5822, -58083, 4296, -15605, 40830
12810.6, 1630, -4152, 5181, 6230, -60467, 2318, -23962, 40830
12814.4, 1535, -4152, 5181, 6230, -60467, 2318, -23962, 40816
12818.6, 1928, -3492, 5680, 6591, -65031, -1960, -32909, 40816
12822.3, 1868, -3492, 5680, 6591, -65031, -1960, -32909, 40816
12826.1, 1336, -3492, 5680, 6591, -65031, -1960, -32909, 40830
12830.3, 769, -3053, 6131, 6662, -71873, -5521, -36247, 40830
12834.0, 1747, -3053, 6131, 6662, -71873, -5521, -36247, 40798
12838.2, 1555, -2770, 6170, 6753, -76108, -6116, -33224, 40798
12841.9, 2012, -2770, 6170, 6753, -76108, -6116, -33224, 40784
12845.7, 2777, -2770, 6170, 6753, -76108, -6116, -33224, 40778
12850.0, 1671, -2988, 5775, 6903, -78834, -4256, -29509, 40778
12853.7, 397, -2988, 5775, 6903, -78834, -4256, -29509, 40767
12857.9, 1735, -3523, 4938, 7040, -77990, 2318, -27812, 40767
12861.6, 2851, -3523, 4938, 7040, -77990, 2318, -27812, 40755
12863.9, 2386, -3523, 4938, 7040, -77990, 2318, -27812, 40755
12869.6, 1504, -4043, 4195, 6560, -82111, 7752, -30450, 40687
12873.3, 1126, -4043, 4195, 6560, -82111, 7752, -30450, 40746
12879.0, 1767, -4201, 4143, 6431, -83423, 3158, -36107, 40729
12882.8, 1115, -4201, 4143, 6431, -83423, 3158, -36107, 40729
12888.5, 2097, -3714, 4766, 6464, -86569, -4436, -40438, 40762
12890.7, 1980, -3714, 4766, 6464, -86569, -4436, -40438, 40762
12893.0, 1647, -3714, 4766, 6464, -86569, -4436, -40438, 40762
12898.7, 723, -3393, 5326, 6681, -90537, -4742, -40863, 40705
12900.9, 123, -3393, 5326, 6681, -90537, -4742, -40863, 40705
12903.2, 734, -3393, 5326, 6681, -90537, -4742, -40863, 40705
12908.9, 3088, -3347, 5207, 6640, -91929, -1334, -38448, 40693
12911.2, 2212, -3347, 5207, 6640, -91929, -1334, -38448, 40693
12915.5, 1234, -3332, 4654, 6993, -92720, 4291, -36894, 40693
12919.2, 1369, -3332, 4654, 6993, -92720, 4291, -36894, 40675
12921.5, 930, -3332, 4654, 6993, -92720, 4291, -36894, 40675
12925.7, 1534, -3748, 3928, 8099, -92419, 9135, -37144, 40675
12929.4, 1598, -3748, 3928, 8099, -92419, 9135, -37144, 40638
12931.7, 1819, -3748, 3928, 8099, -92419, 9135, -37144, 40638
12935.9, 2445, -3900, 3491, 8688, -92773, 7280, -39358, 40638
12939.6, 1238, -3900, 3491, 8688, -92773, 7280, -39358, 40614
12941.9, 684, -3900, 3491, 8688, -92773, 7280, -39358, 40614
12947.6, 1615, -3509, 2995, 7482, -97940, -2988, -44166, 40587
12951.3, 1077, -3509, 2995, 7482, -97940, -2988, -44166, 40550
12955.6, 346, -3083, 3631, 6696, -97218, -13317, -48935, 40550
12959.4, 2936, -3083, 3631, 6696, -97218, -13317, -48935, 40492
12963.6, 2587, -2964, 4375, 5801, -99029, -9331, -48913, 40492
12967.3, 1062, -2964, 4375, 5801, -99029, -9331, -48913, 40473
12971.1, 648, -2964, 4375, 5801, -99029, -9331, -48913, 40416
12975.3, 2944, -3397, 4418, 6239, -100854, 7966, -41484, 40416
12979.1, 2840, -3397, 4418, 6239, -100854, 7966, -41484, 40416
12983.3, 1363, -4115, 3617, 6909, -103960, 17548, -33513, 40416
12987.0, 1003, -4115, 3617, 6909, -103960, 17548, -33513, 40336
12990.7, 1021, -4115, 3617, 6909, -103960, 17548, -33513, 40787
12995.0, 1809, -5018, 2740, 7212, -105102, 13085, -30148, 40787
12998.7, 1573, -5018, 2740, 7212, -105102, 13085, -30148, 40266
13002.9, 964, -5529, 1738, 8621, -102687, 8723, -32734, 40266
13006.7, 1225, -5529, 1738, 8621, -102687, 8723, -32734, 40182
13009.0, 1458, -5529, 1738, 8621, -102687, 8723, -32734, 40182
13014.7, 1704, -5023, 1095, 10306, -99777, 1461, -42661, 40184
13018.5, 1108, -5023, 1095, 10306, -99777, 1461, -42661, 40136
13022.7, 2272, -3763, 1530, 10365, -101274, -12587, -56779, 40136
13026.4, 1123, -3763, 1530, 10365, -101274, -12587, -56779, 40114
13028.7, 689, -3763, 1530, 10365, -101274, -12587, -56779, 40114
13034.5, 3052, -2724, 2563, 8815, -102459, -24614, -64230, 40067
13038.3, 2946, -2724, 2563, 8815, -102459, -24614, -64230, 40013
13044.0, 739, -2592, 3108, 6928, -108064, -31207, -60695, 40816
13047.7, 542, -2592, 3108, 6928, -108064, -31207, -60695, 39893
13053.5, 1288, -3201, 3564, 6264, -108659, -28017, -47946, 39845
13055.7, 2044, -3201, 3564, 6264, -108659, -28017, -47946, 39845
13058.0, 3000, -3201, 3564, 6264, -108659, -28017, -47946, 39845
13063.7, 1957, -4091, 2942, 6322, -109875, -15387, -33784, 39814
13065.9, 1532, -4091, 2942, 6322, -109875, -15387, -33784, 39814
13068.2, 2087, -4091, 2942, 6322, -109875, -15387, -33784, 39814
13073.9, 639, -5398, 1663, 7814, -104096, -1382, -27895, 39812
13076.2, 42, -5398, 1663, 7814, -104096, -1382, -27895, 39812
13080.4, 504, -5398, 1663, 7814, -97620, 6461, -31933, 39812
13084.2, 1802, -5398, 1663, 7814, -97620, 6461, -31933, 39768
13086.5, 2386, -5398, 1663, 7814, -97620, 6461, -31933, 39768
13090.7, 2028, -6007, -278, 7721, -93469, 6356, -44004, 39768
13094.4, 1613, -6007, -278, 7721, -93469, 6356, -44004, 39756
13096.7, 1002, -6007, -278, 7721, -93469, 6356, -44004, 39756
13100.9, 1371, -5763, -1370, 9695, -99090, -879, -61185, 39756
13104.6, 1709, -5763, -1370, 9695, -99090, -879, -61185, 39757
13106.9, 1721, -5763, -1370, 9695, -99090, -879, -61185, 39757
13112.6, 1501, -3406, 689, 10269, -103299, -16975, -73531, 39767
13116.3, 1964, -3406, 689, 10269, -103299, -16975, -73531, 39792
13120.6, 1677, -3406, 2155, 9235, -107027, -25922, -71121, 39792
13124.4, 873, -3406, 2155, 9235, -107027, -25922, -71121, 39802
13128.6, 2444, -3120, 2155, 9235, -107027, -25922, -71121, 39802
13132.3, 2817, -3120, 2155, 9235, -107027, -25922, -71121, 39822
13136.1, 505, -3120, 2155, 9235, -107027, -25922, -71121, 39866
13140.3, 69, -3133, 1237, 8300, -108007, -18659, -47285, 39866
13144.1, 3028, -3133, 1237, 8300, -108007, -18659, -47285, 39891
13148.3, 2719, -3236, 1237, 8300, -108007, -18659, -47285, 39891
13152.0, 1859, -3236, 1237, 8300, -108007, -18659, -47285, 39897
13155.7, 1461, -3236, 1237, 8300, -108007, -18659, -47285, 39907
13160.0, 1136, -4006, -1797, 7352, -99209, -3784, -35770, 39907
13163.7, 1176, -4006, -1797, 7352, -99209, -3784, -35770, 39916
13167.9, 1338, -4907, -1797, 7352, -99209, -3784, -35770, 39916
13171.7, 1415, -4907, -1797, 7352, -99209, -3784, -35770, 39903
13174.0, 1108, -4907, -1797, 7352, -99209, -3784, -35770, 39903
13179.8, 1391, -5412, -2054, 9088, -98832, -8290, -48983, 39908
13183.5, 1844, -5412, -2054, 9088, -98832, -8290, -48983, 39938
13187.7, 1882, -5014, -2054, 9088, -98832, -8290, -48983, 39938
13191.5, 1178, -5014, -2054, 9088, -98832, -8290, -48983, 39923
13193.8, 1067, -5014, -2054, 9088, -98832, -8290, -48983, 39923
13199.6, 730, -3692, -183, 8800, -95429, -18069, -63014, 39933
13203.3, 1152, -3692, -183, 8800, -95429, -18069, -63014, 39947
13209.0, 2772, -3692, -183, 8800, -97406, -11593, -59833, 39932
13212.8, 907, -3692, -183, 8800, -97406, -11593, -59833, 39963
13218.5, 1573, -3490, -278, 7564, -97406, -11593, -59833, 40000
13220.7, 2534, -3490, -278, 7564, -97406, -11593, -59833, 40000
13223.0, 1938, -3490, -278, 7564, -97406, -11593, -59833, 40000
13228.7, 2195, -3504, -1062, 8297, -100346, 616, -55593, 39963
13230.9, 1964, -3504, -1062, 8297, -100346, 616, -55593, 39963
13235.2, 1283, -4162, -2219, 9421, -98229, 5906, -53437, 39963
13239.0, 1328, -4162, -2219, 9421, -98229, 5906, -53437, 40007
13241.2, 1190, -4162, -2219, 9421, -98229, 5906, -53437, 40007
13245.5, 1754, -5104, -3536, 9136, -89028, 8050, -50317, 40007
13249.2, 1042, -5104, -3536, 9136, -89028, 8050, -50317, 39975
13251.5, 1000, -5104, -3536, 9136, -89028, 8050, -50317, 39975
13255.7, 1828, -4792, -5124, 7528, -92252, 4882, -52238, 39975
13259.4, 1674, -4792, -5124, 7528, -92252, 4882, -52238, 39965
13261.7, 1336, -4792, -5124, 7528, -92252, 4882, -52238, 39965
13265.9, 1225, -3890, -3993, 8932, -95135, -6562, -62379, 39965
13269.6, 1042, -3890, -3993, 8932, -95135, -6562, -62379, 39990
13271.9, 536, -3890, -3993, 8932, -95135, -6562, -62379, 39990
13277.6, 1665, -3199, -1721, 8435, -98526, -16318, -68605, 40286
13281.3, 2644, -3199, -1721, 8435, -98526, -16318, -68605, 40285
13285.6, 2508, -3240, -527, 8461, -95787, -16721, -62125, 40285
13289.4, 2147, -3240, -527, 8461, -95787, -16721, -62125, 40292
13293.6, 1693, -3302, -1341, 8400, -94484, -8216, -49980, 40292
13297.3, 1521, -3302, -1341, 8400, -94484, -8216, -49980, 40303
13301.1, 1326, -3302, -1341, 8400, -94484, -8216, -49980, 40328
13305.3, 1522, -3666, -2749, 9040, -92370, -568, -44673, 40328
13309.1, 1068, -3666, -2749, 9040, -92370, -568, -44673, 40311
13313.3, 1721, -3882, -4103, 8057, -93980, 1618, -49735, 40311
13317.0, 1978, -3882, -4103, 8057, -93980, 1618, -49735, 40316
13320.8, 1799, -3882, -4103, 8057, -93980, 1618, -49735, 40321
13325.0, 1538, -4463, -4320, 8762, -95240, 2493, -59553, 40321
13328.7, 1746, -4463, -4320, 8762, -95240, 2493, -59553, 40339
13332.9, 1221, -4811, -4091, 9467, -89023, 8, -64663, 40339
13336.6, 1364, -4811, -4091, 9467, -89023, 8, -64663, 40336
13338.9, 1032, -4811, -4091, 9467, -89023, 8, -64663, 40336
13344.7, 1521, -4488, -4234, 8280, -88897, -3088, -62677, 40317
13348.4, 2980, -4488, -4234, 8280, -88897, -3088, -62677, 40355
13354.1, 1327, -3625, -4006, 8307, -91998, -7113, -60953, 40357
13357.8, 1243, -3625, -4006, 8307, -91998, -7113, -60953, 40374
13363.5, 2302, -2873, -3059, 8504, -94479, -11397, -59772, 40374
13367.2, 1020, -2873, -3059, 8504, -94479, -11397, -59772, 40388
13373.0, 1470, -2570, -2818, 8061, -95450, -9673, -55620, 40395
13376.7, 1071, -2570, -2818, 8061, -95450, -9673, -55620, 40415
13382.5, 1194, -2726, -3711, 8048, -92427, -1308, -48633, 40409
13386.2, 2234, -2726, -3711, 8048, -92427, -1308, -48633, 40412
13388.5, 1330, -2726, -3711, 8048, -92427, -1308, -48633, 40412
13394.2, 1572, -3299, -5282, 7566, -89570, 7590, -43588, 40424
13396.5, 1315, -3299, -5282, 7566, -89570, 7590, -43588, 40424
13400.7, 2575, -3960, -6150, 8121, -87103, 9008, -43387, 40424
13404.5, 1680, -3960, -6150, 8121, -87103, 9008, -43387, 40437
13406.8, 1333, -3960, -6150, 8121, -87103, 9008, -43387, 40437
13412.5, 2053, -4345, -5857, 7627, -87987, 6138, -46664, 40447
13416.3, 1762, -4345, -5857, 7627, -87987, 6138, -46664, 40463
13420.5, 1337, -4597, -5014, 8405, -88144, 1819, -50120, 40463
13424.3, 917, -4597, -5014, 8405, -88144, 1819, -50120, 40467
13426.5, 1108, -4597, -5014, 8405, -88144, 1819, -50120, 40467
13430.8, 2053, -4383, -4777, 8794, -86963, -599, -52080, 40467
13434.6, 1333, -4383, -4777, 8794, -86963, -599, -52080, 40478
13438.8, 1914, -3879, -5300, 9433, -85480, -4410, -53559, 40478
13442.5, 1966, -3879, -5300, 9433, -85480, -4410, -53559, 40509
13446.3, 1563, -3879, -5300, 9433, -85480, -4410, -53559, 40565
13450.6, 1711, -3574, -5775, 8621, -83095, -11427, -53428, 40565
13454.4, 1931, -3574, -5775, 8621, -83095, -11427, -53428, 40559
13458.6, 1432, -2860, -5654, 7316, -82990, -18764, -51520, 40559
13462.3, 873, -2860, -5654, 7316, -82990, -18764, -51520, 40593
13466.1, 1555, -2860, -5654, 7316, -82990, -18764, -51520, 40629
13470.4, 2123, -2676, -5136, 7044, -82894, -15050, -49455, 40629
13474.1, 1505, -2676, -5136, 7044, -82894, -15050, -49455, 40658
13478.3, 1575, -2919, -4733, 7003, -85130, -4550, -46480, 40658
13482.0, 1347, -2919, -4733, 7003, -85130, -4550, -46480, 40704
13485.8, 2396, -2919, -4733, 7003, -85130, -4550, -46480, 40781
13490.0, 2468, -3607, -5402, 7837, -81013, 4606, -43361, 40781
13493.7, 1166, -3607, -5402, 7837, -81013, 4606, -43361, 40779
13497.9, 835, -3835, -6651, 7042, -78580, 8168, -40198, 40779
13501.7, 1906, -3835, -6651, 7042, -78580, 8168, -40198, 40812
13504.0, 2763, -3835, -6651, 7042, -78580, 8168, -40198, 40812
13509.8, 1767, -3489, -7806, 6779, -75990, 6846, -42923, 40840
13513.5, 1395, -3489, -7806, 6779, -75990, 6846, -42923, 40850
13517.7, 908, -3265, -7183, 7534, -73015, -1758, -49517, 40850
13521.5, 1201, -3265, -7183, 7534, -73015, -1758, -49517, 40861
13523.8, 1483, -3265, -7183, 7534, -73015, -1758, -49517, 40861
13529.5, 1872, -3209, -6334, 7621, -73693, -5035, -51271, 40832
13533.3, 1798, -3209, -6334, 7621, -73693, -5035, -51271, 40862
13539.0, 1831, -2914, -6059, 7863, -77233, -5110, -47871, 40849
13541.3, 867, -2914, -6059, 7863, -77233, -5110, -47871, 40849
13543.5, 771, -2914, -6059, 7863, -77233, -5110, -47871, 40849
13549.3, 1479, -2935, -6080, 7979, -78449, -6523, -43133, 40850
13551.5, 1179, -2935, -6080, 7979, -78449, -6523, -43133, 40850
13555.8, 890, -3010, -6337, 7342, -80265, -7892, -38443, 40850
13559.6, 2541, -3010, -6337, 7342, -80265, -7892, -38443, 40838
13561.8, 3215, -3010, -6337, 7342, -80265, -7892, -38443, 40838
13567.6, 1060, -3368, -6783, 8322, -77552, -7078, -35092, 40854
13571.3, 1032, -3368, -6783, 8322, -77552, -7078, -35092, 40863
13575.6, 2008, -3337, -7256, 7288, -75920, -6636, -35368, 40863
13579.3, 1701, -3337, -7256, 7288, -75920, -6636, -35368, 40869
13581.6, 1202, -3337, -7256, 7288, -75920, -6636, -35368, 40869
13585.9, 1498, -3329, -7582, 6284, -72407, -6046, -39616, 40869
13589.7, 1877, -3329, -7582, 6284, -72407, -6046, -39616, 40877
13592.0, 2041, -3329, -7582, 6284, -72407, -6046, -39616, 40877
13597.7, 1629, -3049, -7270, 6673, -70845, -8190, -43820, 40896
13601.4, 1487, -3049, -7270, 6673, -70845, -8190, -43820, 40901
13605.7, 1375, -2805, -6524, 6482, -71637, -12687, -43798, 40901
13609.5, 1042, -2805, -6524, 6482, -71637, -12687, -43798, 40894
13613.7, 1382, -2645, -6134, 6491, -73566, -14792, -38579, 40894
13617.5, 2089, -2645, -6134, 6491, -73566, -14792, -38579, 40921
13621.2, 1230, -2645, -6134, 6491, -73566, -14792, -38579, 40942
13625.5, 1472, -2519, -6477, 6407, -75303, -14074, -33552, 40942
13629.2, 2753, -2519, -6477, 6407, -75303, -14074, -33552, 40945
13633.4, 2337, -2565, -7319, 7010, -72718, -9721, -31522, 40945
13637.4, 1968, -2565, -7319, 7010, -72718, -9721, -31522, 40962
13641.2, 1516, -2565, -7319, 7010, -72718, -9721, -31522, 40974
13645.4, 1263, -2526, -8590, 6314, -69826, -3902, -30817, 40974
13649.1, 1221, -2526, -8590, 6314, -69826, -3902, -30817, 40989
13653.3, 1401, -2318, -9062, 5205, -69830, -2896, -32196, 40989
13657.1, 1542, -2318, -9062, 5205, -69830, -2896, -32196, 40986
13660.8, 1965, -2318, -9062, 5205, -69830, -2896, -32196, 40994
13665.1, 1822, -2556, -7896, 6607, -67769, -7586, -33429, 40994
13668.8, 1885, -2556, -7896, 6607, -67769, -7586, -33429, 40993
13673.0, 1315, -2513, -6990, 6416, -69441, -9546, -31723, 40993
13676.7, 1319, -2513, -6990, 6416, -69441, -9546, -31723, 40924
13680.5, 1674, -2513, -6990, 6416, -69441, -9546, -31723, 40977
13684.7, 1742, -2471, -7033, 6230, -69777, -8325, -28534, 40977
13688.4, 1288, -2471, -7033, 6230, -69777, -8325, -28534, 40993
13694.2, 1675, -2275, -7910, 5761, -67957, -7078, -26250, 40999
13697.9, 1903, -2275, -7910, 5761, -67957, -7078, -26250, 41015
13703.6, 2287, -2275, -7910, 5115, -68758, -5753, -26687, 41034
13705.8, 1694, -2275, -7910, 5115, -68758, -5753, -26687, 41034
13708.2, 1039, -2275, -7910, 5115, -68758, -5753, -26687, 41034
13713.9, 1727, -2192, -8917, 5958, -64991, -4178, -27882, 40994
13716.2, 1123, -2192, -8917, 5958, -64991, -4178, -27882, 40994
13720.4, 1644, -2192, -8917, 5958, -64991, -4178, -27882, 40994
13724.1, 1449, -2192, -8917, 5958, -64991, -4178, -27882, 41070
13726.4, 771, -2192, -8917, 5958, -64991, -4178, -27882, 41070
13730.6, 1375, -2042, -8941, 5079, -65564, -1544, -28879, 41070
13734.3, 2147, -2042, -8941, 5079, -65564, -1544, -28879, 41102
13736.6, 2377, -2042, -8941, 5079, -65564, -1544, -28879, 41102
13740.8, 2117, -2010, -8633, 5979, -63998, -7183, -28735, 41102
13744.5, 1458, -2010, -8633, 5979, -63998, -7183, -28735, 41111
13746.8, 1034, -2010, -8633, 5979, -63998, -7183, -28735, 41111
13751.0, 1677, -2009, -8362, 6023, -65608, -7673, -27234, 41111
13754.7, 1459, -2009, -8362, 6023, -65608, -7673, -27234, 41100
13759.0, 1574, -1861, -8526, 5160, -65608, -7673, -27234, 41100
13762.8, 1879, -1861, -8526, 5160, -65608, -7673, -27234, 41140
13766.5, 1884, -1861, -8526, 5160, -65608, -7673, -27234, 41156
13770.8, 1736, -1870, -8718, 4891, -64663, -9511, -26766, 41156
13774.5, 1675, -1870, -8718, 4891, -64663, -9511, -26766, 41155
13778.7, 1367, -2001, -8542, 5256, -64663, -9511, -26766, 41155
13782.5, 1049, -2001, -8542, 5256, -64663, -9511, -26766, 41143
13786.3, 1732, -2001, -8542, 5256, -64663, -9511, -26766, 41163
13790.5, 2313, -2082, -8570, 4986, -67896, -5862, -26683, 41163
13794.3, 1592, -2082, -8570, 4986, -67896, -5862, -26683, 41177
13798.5, 1578, -2121, -8691, 5538, -67896, -5862, -26683, 41177
13802.3, 1840, -2121, -8691, 5538, -67896, -5862, -26683, 41185
13806.0, 2016, -2121, -8691, 5538, -67896, -5862, -26683, 41232
13810.3, 2301, -2021, -8946, 5571, -67117, -8395, -30030, 41232
13814.1, 1601, -2021, -8946, 5571, -67117, -8395, -30030, 41253
13818.3, 1177, -1647, -9235, 4384, -67117, -8395, -30030, 41253
13822.0, 1157, -1647, -9235, 4384, -67117, -8395, -30030, 41295
13825.8, 1483, -1647, -9235, 4384, -67117, -8395, -30030, 41302
13830.1, 1899, -1384, -9224, 3391, -61080, -10386, -29186, 41302
13833.9, 1874, -1384, -9224, 3391, -61080, -10386, -29186, 41385
13838.1, 1672, -1083, -9041, 3391, -61080, -10386, -29186, 41385
13841.8, 1896, -1083, -9041, 3391, -61080, -10386, -29186, 41410
13845.6, 1464, -1083, -9041, 3391, -61080, -10386, -29186, 41451
13849.9, 1660, -1098, -8736, 3881, -57291, -7231, -22417, 41451
13853.7, 1489, -1098, -8736, 3881, -57291, -7231, -22417, 41486
13857.9, 2115, -1058, -8724, 3881, -57291, -7231, -22417, 41486
13861.6, 1673, -1058, -8724, 3881, -57291, -7231, -22417, 41506
13865.9, 1955, -1447, -9137, 3656, -57099, -4156, -20715, 41506
13869.6, 1662, -1447, -9137, 3656, -57099, -4156, -20715, 42544
13871.9, 1475, -1447, -9137, 3656, -57099, -4156, -20715, 42544
13877.6, 1466, -1697, -9661, 4056, -56552, -1321, -20575, 42554
13881.3, 1321, -1697, -9661, 4056, -56552, -1321, -20575, 42568
13885.6, 1575, -1922, -9906, 4153, -55725, 1771, -21822, 42568
13889.4, 1194, -1922, -9906, 4153, -55725, 1771, -21822, 42584
13891.6, 1038, -1922, -9906, 4153, -55725, 1771, -21822, 42584
13895.9, 2518, -1972, -9835, 4422, -54001, 48, -23235, 42584
13899.6, 2505, -1972, -9835, 4422, -54001, 48, -23235, 42638
13901.9, 1868, -1972, -9835, 4422, -54001, 48, -23235, 42638
13907.6, 1146, -1900, -9552, 5042, -52120, -6545, -24583, 42667
13911.3, 991, -1900, -9552, 5042, -52120, -6545, -24583, 42712
13915.6, 2027, -1680, -9275, 5133, -50291, -12083, -24176, 42712
13919.4, 2775, -1680, -9275, 5133, -50291, -12083, -24176, 42774
13921.6, 1756, -1680, -9275, 5133, -50291, -12083, -24176, 42774
13925.9, 1756, -1354, -9132, 3897, -52430, -15120, -22387, 42774
13929.6, 1243, -1354, -9132, 3897, -52430, -15120, -22387, 42809
13933.8, 1307, -967, -9270, 3313, -51433, -16756, -22124, 42809
13937.6, 1533, -967, -9270, 3313, -51433, -16756, -22124, 42852
13941.3, 2124, -967, -9270, 3313, -51433, -16756, -22124, 42896
13945.6, 1993, -902, -9440, 2623, -51284, -13995, -22282, 42896
13949.4, 1914, -902, -9440, 2623, -51284, -13995, -22282, 42931
13953.6, 1429, -1173, -9741, 2411, -50637, -4952, -20689, 42931
13957.3, 1647, -1173, -9741, 2411, -50637, -4952, -20689, 42957
13961.1, 1928, -1173, -9741, 2411, -50637, -4952, -20689, 42961
13965.4, 1886, -1378, -9892, 3046, -49613, 2428, -19377, 42961
13969.1, 1429, -1378, -9892, 3046, -49613, 2428, -19377, 42931
13973.3, 1529, -1531, -10008, 3448, -48786, 4410, -20094, 42931
13977.0, 1179, -1531, -10008, 3448, -48786, 4410, -20094, 42973
13980.7, 1550, -1531, -10008, 3448, -48786, 4410, -20094, 42966
13985.0, 2267, -1631, -9890, 3836, -47517, 1509, -21525, 42966
13988.7, 2662, -1631, -9890, 3836, -47517, 1509, -21525, 42961
13992.9, 1723, -1616, -9674, 4030, -46992, -3110, -22255, 42961
13996.7, 1050, -1616, -9674, 4030, -46992, -3110, -22255, 42371
13999.0, 981, -1616, -9674, 4030, -46992, -3110, -22255, 42371
14004.8, 2493, -1432, -9504, 4182, -47399, -6440, -21757, 43016
14008.5, 1330, -1432, -9504, 4182, -47399, -6440, -21757, 42996
14012.7, 1905, -1255, -9461, 3600, -47071, -8102, -21092, 42996
14016.5, 1338, -1255, -9461, 3600, -47071, -8102, -21092, 43001
14018.7, 409, -1255, -9461, 3600, -47071, -8102, -21092, 43001
14024.5, 1822, -963, -9528, 3248, -45933, -8150, -20160, 43051
14026.8, 1438, -963, -9528, 3248, -45933, -8150, -20160, 43051
14032.5, 2120, -829, -9731, 2916, -45216, -8120, -18681, 43028
14036.2, 1641, -829, -9731, 2916, -45216, -8120, -18681, 43050
14040.5, 1586, -914, -9862, 3107, -44170, -8671, -16861, 43050
14044.2, 1583, -914, -9862, 3107, -44170, -8671, -16861, 43059
14046.5, 967, -914, -9862, 3107, -44170, -8671, -16861, 43059
14050.7, 1714, -897, -9912, 2608, -42560, -7599, -14787, 43059
14054.4, 1763, -897, -9912, 2608, -42560, -7599, -14787, 43062
14056.7, 1115, -897, -9912, 2608, -42560, -7599, -14787, 43062
14060.9, 1964, -993, -9800, 2590, -41326, -5595, -13632, 43062
14064.6, 2172, -993, -9800, 2590, -41326, -5595, -13632, 43071
14066.9, 1501, -993, -9800, 2590, -41326, -5595, -13632, 43071
14072.6, 1050, -1088, -9747, 2938, -38929, -5153, -13698, 43130
14076.3, 1650, -1088, -9747, 2938, -38929, -5153, -13698, 43167
14080.6, 2495, -1063, -9664, 2740, -39572, -4077, -13619, 43167
14084.4, 2316, -1063, -9664, 2740, -39572, -4077, -13619, 43211
14086.7, 1463, -1063, -9664, 2740, -39572, -4077, -13619, 43211
14090.9, 1729, -957, -9905, 2924, -36789, -3154, -12818, 43211
14094.6, 1798, -957, -9905, 2924, -36789, -3154, -12818, 43228
14098.8, 1960, -882, -9993, 2814, -33976, -4694, -12342, 43228
14102.6, 1699, -882, -9993, 2814, -33976, -4694, -12342, 43259
14106.4, 1826, -882, -9993, 2814, -33976, -4694, -12342, 43253
14110.6, 1929, -778, -9711, 2066, -31964, -5280, -12219, 43253
14114.4, 1798, -778, -9711, 2066, -31964, -5280, -12219, 43339
14118.6, 1890, -682, -9561, 2120, -29929, -3556, -11480, 43339
14122.3, 1812, -682, -9561, 2120, -29929, -3556, -11480, 43383
14126.1, 1737, -682, -9561, 2120, -29929, -3556, -11480, 43424
14130.3, 1826, -728, -9729, 2086, -29654, -411, -10285, 43424
14134.1, 1801, -728, -9729, 2086, -29654, -411, -10285, 43465
14138.3, 2296, -900, -9973, 2499, -29194, 2235, -8806, 43465
14142.0, 1991, -900, -9973, 2499, -29194, 2235, -8806, 43517
14145.7, 1830, -900, -9973, 2499, -29194, 2235, -8806, 43559
14150.0, 1808, -797, -10105, 2610, -26985, 2489, -8478, 43559
14153.7, 2222, -797, -10105, 2610, -26985, 2489, -8478, 43613
14157.9, 1993, -700, -10103, 3112, -26670, 975, -9686, 43613
14161.7, 1851, -700, -10103, 3112, -26670, 975, -9686, 43620
14164.0, 1012, -700, -10103, 3112, -26670, 975, -9686, 43620
14169.8, 2078, -500, -9783, 2437, -25567, -1881, -10758, 43710
14173.5, 1651, -500, -9783, 2437, -25567, -1881, -10758, 43758
14177.7, 1641, -534, -9672, 2009, -24640, -472, -9091, 43758
14181.5, 1741, -534, -9672, 2009, -24640, -472, -9091, 43805
14183.8, 645, -534, -9672, 2009, -24640, -472, -9091, 43805
14189.5, 1966, -686, -9739, 1992, -24692, 2953, -6527, 43855
14191.8, 1142, -686, -9739, 1992, -24692, 2953, -6527, 43855
14197.5, 1874, -722, -9912, 2251, -23721, 3412, -5691, 43904
14201.2, 1721, -722, -9912, 2251, -23721, 3412, -5691, 43947
14205.5, 1783, -696, -10088, 2532, -22155, 1421, -6418, 43947
14209.2, 1646, -696, -10088, 2532, -22155, 1421, -6418, 43997
14211.5, 665, -696, -10088, 2532, -22155, 1421, -6418, 43997
14215.7, 1891, -601, -9895, 2310, -22772, 1273, -6536, 43997
14219.4, 2180, -601, -9895, 2310, -22772, 1273, -6536, 44043
14221.7, 1225, -601, -9895, 2310, -22772, 1273, -6536, 44043
14225.9, 2056, -722, -9854, 2317, -21162, 1470, -6160, 44043
14229.6, 1863, -722, -9854, 2317, -21162, 1470, -6160, 44072
14231.9, 966, -722, -9854, 2317, -21162, 1470, -6160, 44072
14237.6, 1648, -681, -9814, 2016, -20912, 1942, -5158, 44153
14241.3, 1763, -681, -9814, 2016, -20912, 1942, -5158, 44148
14245.6, 1773, -604, -9861, 1666, -18725, 4213, -4685, 44148
14249.3, 1829, -604, -9861, 1666, -18725, 4213, -4685, 44182
14251.6, 899, -604, -9861, 1666, -18725, 4213, -4685, 44182
14255.9, 1904, -736, -10161, 1939, -16857, 4646, -4523, 44182
14259.6, 1646, -736, -10161, 1939, -16857, 4646, -4523, 44213
14263.9, 1638, -736, -10161, 1538, -14713, 4532, -3998, 44213
14267.6, 1520, -736, -10161, 1538, -14713, 4532, -3998, 44219
14271.3, 1790, -736, -10161, 1538, -14713, 4532, -3998, 44255
14275.6, 1824, -589, -10006, 1368, -13243, 7319, -2913, 44255
14279.3, 1622, -589, -10006, 1368, -13243, 7319, -2913, 44268
14283.6, 1554, -589, -10006, 1526, -11681, 8837, -2681, 44268
14287.3, 1638, -589, -10006, 1526, -11681, 8837, -2681, 44265
14291.1, 1685, -589, -10006, 1526, -11681, 8837, -2681, 44295
14295.3, 1624, -881, -9802, 1817, -10998, 9174, -3093, 44295
14299.1, 1341, -881, -9802, 1817, -10998, 9174, -3093, 44289
14303.3, 1961, -881, -9802, 2082, -11178, 11607, -3158, 44289
14307.0, 2018, -881, -9802, 2082, -11178, 11607, -3158, 44292
14310.8, 1719, -881, -9802, 2082, -11178, 11607, -3158, 44302
14315.0, 1824, -422, -10002, 2294, -10762, 14013, -2699, 44302
14318.7, 1512, -422, -10002, 2294, -10762, 14013, -2699, 44295
14322.9, 1567, -422, -10002, 2136, -9585, 13759, -1990, 44295
14326.7, 1515, -422, -10002, 2136, -9585, 13759, -1990, 44307
14329.0, 328, -422, -10002, 2136, -9585, 13759, -1990, 44307
14334.7, 1889, -653, -9814, 1753, -8141, 11506, -1373, 44302
14338.4, 1678, -653, -9814, 1753, -8141, 11506, -1373, 44329
14344.1, 1668, -653, -9814, 1753, -6330, 12175, -594, 44291
14346.3, 650, -653, -9814, 1753, -6330, 12175, -594, 44291
14348.6, 707, -653, -9814, 1753, -6330, 12175, -594, 44291
14354.3, 1488, -915, -9899, 1958, -4471, 12783, 468, 44278
14356.6, 90, -915, -9899, 1958, -4471, 12783, 468, 44278
14360.8, 2104, -934, -9899, 1958, -4471, 12783, 468, 44278
14364.6, 2298, -934, -9899, 1958, -4471, 12783, 468, 44276
14366.9, 837, -934, -9899, 1958, -4471, 12783, 468, 44276
14372.6, 1589, -765, -9822, 1515, -3316, 9480, 441, 44265
14376.3, 1328, -765, -9822, 1515, -3316, 9480, 441, 44252
14380.5, 2136, -815, -9717, 1688, -1172, 6138, -459, 44252
14384.3, 2444, -815, -9717, 1688, -1172, 6138, -459, 44245
14386.5, 486, -815, -9717, 1688, -1172, 6138, -459, 44245
14390.8, 1729, -843, -10171, 1969, 2743, 7126, 319, 44245
14394.6, 1792, -843, -10171, 1969, 2743, 7126, 319, 44053
14396.9, 227, -843, -10171, 1969, 2743, 7126, 319, 44053
14402.6, 1664, -574, -10566, 1774, 4200, 5131, 3027, 44047
14406.3, 1646, -574, -10566, 1774, 4200, 5131, 3027, 44033
14410.6, 1369, -468, -10418, 1522, 8155, 5131, 3027, 44033
14414.4, 1160, -468, -10418, 1522, 8155, 5131, 3027, 44057
14418.6, 2027, -778, -10186, 872, 12792, 1623, 3548, 44057
14422.3, 2297, -778, -10186, 872, 12792, 1623, 3548, 44031
14426.1, 1544, -778, -10186, 872, 12792, 1623, 3548, 44010
14430.4, 1783, -1068, -10072, 1640, 16423, 664, 5416, 44010
14434.1, 1239, -1068, -10072, 1640, 16423, 664, 5416, 44018
14438.3, 1232, -1089, -10264, 2547, 20055, -1461, 7126, 44018
14442.0, 1553, -1089, -10264, 2547, 20055, -1461, 7126, 44023
14445.8, 1842, -1089, -10264, 2547, 20055, -1461, 7126, 44019
14450.0, 2093, -839, -10325, 1578, 22391, -2664, 8015, 44019
14453.7, 1521, -839, -10325, 1578, 22391, -2664, 8015, 44006
14457.9, 1655, -982, -10380, 2321, 28840, -4580, 7848, 44006
14461.7, 1084, -982, -10380, 2321, 28840, -4580, 7848, 44018
14464.0, 34, -982, -10380, 2321, 28840, -4580, 7848, 44018
14469.8, 1646, -899, -10457, 2193, 34619, -7048, 8649, 44008
14473.5, 2083, -899, -10457, 2193, 34619, -7048, 8649, 43988
14477.7, 1602, -881, -10459, 1664, 40578, -3998, 12324, 43988
14481.5, 664, -881, -10459, 1664, 40578, -3998, 12324, 43931
14483.8, 112, -881, -10459, 1664, 40578, -3998, 12324, 43931
14489.5, 2112, -967, -10445, 2336, 46314, -1049, 15435, 43947
14493.2, 1052, -967, -10445, 2336, 46314, -1049, 15435, 43901
14498.9, 916, -972, -10037, 2542, 48593, 813, 16607, 43891
14502.6, 1603, -972, -10037, 2542, 48593, 813, 16607, 43860
14508.3, 2050, -1107, -10293, 2415, 52811, 3670, 17981, 43809
14512.0, 1299, -1107, -10293, 2415, 52811, 3670, 17981, 43783
14517.8, 1085, -1524, -10176, 3070, 59614, -993, 20374, 43765
14521.5, 1055, -1524, -10176, 3070, 59614, -993, 20374, 43737
14525.7, 1756, -1672, -10053, 2762, 65989, -8041, 23734, 43737
14529.5, 2441, -1672, -10053, 2762, 65989, -8041, 23734, 43756
14531.8, 1075, -1672, -10053, 2762, 65989, -8041, 23734, 43756
14537.5, 1520, -1563, -10241, 2848, 69760, -9305, 29190, 43742
14541.3, 972, -1563, -10241, 2848, 69760, -9305, 29190, 43723
14545.5, 724, -1470, -10476, 3467, 73829, -8238, 33679, 43723
14549.3, 1575, -1470, -10476, 3467, 73829, -8238, 33679, 43710
14551.5, 313, -1470, -10476, 3467, 73829, -8238, 33679, 43710
14555.8, 912, -1439, -10459, 4179, 77071, -7371, 34458, 43710
14559.6, 1612, -1439, -10459, 4179, 77071, -7371, 34458, 43725
14561.8, 1771, -1439, -10459, 4179, 77071, -7371, 34458, 43725
14567.6, 1551, -1271, -10106, 4037, 79258, -3005, 34274, 43687
14571.3, 1532, -1271, -10106, 4037, 79258, -3005, 34274, 43657
14575.6, 1428, -1188, -9716, 3983, 82811, 2795, 36243, 43657
14579.4, 906, -1188, -9716, 3983, 82811, 2795, 36243, 43643
14583.6, 1327, -1525, -9553, 4174, 85471, 997, 39563, 43643
14587.3, 1744, -1525, -9553, 4174, 85471, 997, 39563, 43635
14591.1, 1741, -1525, -9553, 4174, 85471, 997, 39563, 43619
14595.3, 1835, -1924, -9460, 4125, 86902, -3154, 44700, 43619
14599.1, 1843, -1924, -9460, 4125, 86902, -3154, 44700, 43567
14603.3, 195, -1932, -9872, 4184, 89702, -3548, 49727, 43567
14607.0, 693, -1932, -9872, 4184, 89702, -3548, 49727, 43592
14610.7, 2590, -1932, -9872, 4184, 89702, -3548, 49727, 43566
14615.0, 2285, -1995, -10240, 4791, 93989, -2778, 51757, 43566
14618.7, 1701, -1995, -10240, 4791, 93989, -2778, 51757, 43559
14622.9, 1745, -1989, -10265, 4917, 98373, -4410, 50934, 43559
14626.7, 385, -1989, -10265, 4917, 98373, -4410, 50934, 43548
14629.0, 16, -1989, -10265, 4917, 98373, -4410, 50934, 43548
14634.8, 973, -2098, -9793, 5361, 102884, -4051, 50680, 43535
14638.5, 1990, -2098, -9793, 5361, 102884, -4051, 50680, 43471
14642.7, 1075, -2127, -9622, 5705, 102490, -1255, 52045, 43471
14646.5, 591, -2127, -9622, 5705, 102490, -1255, 52045, 43520
14648.8, 1135, -2127, -9622, 5705, 102490, -1255, 52045, 43520
14654.6, 2098, -2306, -9190, 6036, 103487, -2865, 54548, 43501
14658.3, 448, -2306, -9190, 6036, 103487, -2865, 54548, 43503
14664.1, 794, -2400, -8982, 5641, 107381, -6238, 58748, 43468
14667.8, 1927, -2400, -8982, 5641, 107381, -6238, 58748, 43475
14673.5, 1197, -2364, -9070, 5248, 110807, -6221, 63622, 43449
14675.7, 206, -2364, -9070, 5248, 110807, -6221, 63622, 43449
14678.0, 424, -2364, -9070, 5248, 110807, -6221, 63622, 43449
14683.7, 257, -2560, -9175, 5910, 114653, -5779, 65954, 43446
14686.0, 88, -2560, -9175, 5910, 114653, -5779, 65954, 43446
14690.2, 1709, -2682, -9174, 5911, 116661, -7735, 66264, 43446
14694.0, 2601, -2682, -9174, 5911, 116661, -7735, 66264, 43452
14696.2, 1997, -2682, -9174, 5911, 116661, -7735, 66264, 43452
14700.5, 467, -2874, -8917, 6022, 117951, -7074, 67183, 43452
14704.2, 69, -2874, -8917, 6022, 117951, -7074, 67183, 43433
14706.5, 1111, -2874, -8917, 6022, 117951, -7074, 67183, 43433
14710.8, 2130, -3078, -8776, 6987, 119710, -5293, 69703, 43433
14714.5, 1693, -3078, -8776, 6987, 119710, -5293, 69703, 43414
14716.8, 487, -3078, -8776, 6987, 119710, -5293, 69703, 43414
14722.6, 846, -2961, -8806, 7356, 123118, -5652, 72455, 43401
14726.3, 892, -2961, -8806, 7356, 123118, -5652, 72455, 43371
14730.6, 1924, -2706, -8755, 6978, 124777, -9480, 72311, 43371
14734.3, 1201, -2706, -8755, 6978, 124777, -9480, 72311, 43363
14736.6, 151, -2706, -8755, 6978, 124777, -9480, 72311, 43363
14740.9, 887, -2767, -8682, 6900, 127025, -12473, 70539, 43363
14744.7, 1847, -2767, -8682, 6900, 127025, -12473, 70539, 43347
14748.9, 1665, -2878, -8398, 5850, 126815, -9450, 71042, 43347
14752.6, 58, -2878, -8398, 5850, 126815, -9450, 71042, 43317
14756.4, 1077, -2878, -8398, 5850, 126815, -9450, 71042, 43291
14760.6, 3237, -3317, -8096, 6710, 127052, -2673, 74804, 43291
14764.4, 3060, -3317, -8096, 6710, 127052, -2673, 74804, 43217
14768.6, 997, -3446, -8147, 7112, 127813, -625, 77508, 43217
14772.3, 36, -3446, -8147, 7112, 127813, -625, 77508, 43177
14776.1, 84, -3446, -8147, 7112, 127813, -625, 77508, 43137
14780.3, 1692, -3498, -8032, 7401, 130963, -5595, 76813, 43137
14784.0, 1325, -3498, -8032, 7401, 130963, -5595, 76813, 43092
14788.2, 1523, -3286, -7866, 7505, 135465, -8841, 75343, 43092
14792.0, 3237, -3286, -7866, 7505, 135465, -8841, 75343, 43013
14795.7, 2354, -3286, -7866, 7505, 135465, -8841, 75343, 43035
14799.9, 371, -3032, -7740, 7584, 135307, -10285, 74144, 43035
14803.7, 524, -3032, -7740, 7584, 135307, -10285, 74144, 43029
14807.9, 917, -3038, -7372, 7921, 137880, -11090, 73908, 43029
14811.6, 872, -3038, -7372, 7921, 137880, -11090, 73908, 43001
14813.9, 110, -3038, -7372, 7921, 137880, -11090, 73908, 43001
14819.6, 1518, -3125, -7034, 7158, 137871, -9721, 75570, 43009
14823.3, 3209, -3125, -7034, 7158, 137871, -9721, 75570, 42976
14829.0, 2451, -3601, -7201, 6890, 139455, -3368, 77416, 42907
14831.3, 977, -3601, -7201, 6890, 139455, -3368, 77416, 42907
14833.5, 58, -3601, -7201, 6890, 139455, -3368, 77416, 42907
14839.3, 384, -3804, -6814, 6229, 141564, 2725, 77981, 42909
14841.5, 1884, -3804, -6814, 6229, 141564, 2725, 77981, 42909
14845.8, 3181, -4038, -6735, 7262, 142776, 8833, 76130, 42909
14849.5, 1731, -4038, -6735, 7262, 142776, 8833, 76130, 42871
14851.8, 315, -4038, -6735, 7262, 142776, 8833, 76130, 42871
14857.5, 509, -3976, -6406, 8405, 142539, 9787, 72963, 42820
14861.2, 187, -3976, -6406, 8405, 142539, 9787, 72963, 42802
14865.5, 2969, -3821, -6096, 7936, 142452, 3478, 69519, 42802
14869.2, 2302, -3821, -6096, 7936, 142452, 3478, 69519, 42724
14871.5, 1069, -3821, -6096, 7936, 142452, 3478, 69519, 42724
14875.7, 543, -3457, -5636, 8542, 142894, -4458, 69038, 42724
14879.4, 3037, -3457, -5636, 8542, 142894, -4458, 69038, 42643
14881.7, 2915, -3457, -5636, 8542, 142894, -4458, 69038, 42643
14885.9, 2741, -2944, -5188, 8460, 142500, -9139, 69926, 42643
14889.6, 182, -2944, -5188, 8460, 142500, -9139, 69926, 42646
14893.9, 145, -2944, -5188, 8460, 142500, -9139, 72429, 42646
14897.6, 1161, -2944, -5188, 8460, 142500, -9139, 72429, 42602
14901.3, 1687, -2944, -5188, 8460, 142500, -9139, 72429, 42577
14905.6, 3053, -2907, -4652, 8258, 142644, -9695, 76327, 42577
14909.4, 2692, -2907, -4652, 8258, 142644, -9695, 76327, 42569
14913.6, 734, -2907, -4652, 8258, 142644, -9695, 79569, 42569
14917.4, 647, -2907, -4652, 8258, 142644, -9695, 79569, 42501
14921.1, 2191, -2907, -4652, 8258, 142644, -9695, 79569, 42470
14925.4, 1632, -3578, -4360, 7579, 141227, -2213, 80702, 42470
14929.1, 210, -3578, -4360, 7579, 141227, -2213, 80702, 42429
14933.3, 3051, -3578, -4360, 7579, 141227, -2213, 79901, 42429
14937.0, 2327, -3578, -4360, 7579, 141227, -2213, 79901, 42346
14940.7, 617, -3578, -4360, 7579, 141227, -2213, 79901, 42339
14945.0, 2547, -4666, -4249, 6223, 142946, 6829, 77898, 42339
14948.7, 1875, -4666, -4249, 6223, 142946, 6829, 77898, 42278
14952.9, 234, -4666, -4249, 6223, 142946, 6829, 72893, 42278
14956.7, 1188, -4666, -4249, 6223, 142946, 6829, 72893, 42225
14959.0, 1196, -4666, -4249, 6223, 142946, 6829, 72893, 42225
14964.8, 1495, -4740, -3908, 8554, 143344, 11860, 66234, 42202
14968.5, 1634, -4740, -3908, 8554, 143344, 11860, 66234, 42130
14972.7, 2638, -4740, -3908, 8554, 143344, 11860, 60804, 42130
14976.5, 2015, -4740, -3908, 8554, 143344, 11860, 60804, 40752
14978.8, 642, -4740, -3908, 8554, 143344, 11860, 60804, 40752
14984.6, 1539, -3144, -3126, 9679, 143344, 2992, 56346, 40702
14988.3, 1832, -3144, -3126, 9679, 143344, 2992, 56346, 40673
14994.0, 2823, -3144, -3126, 9679, 143344, -2292, 56027, 40635
14996.3, 2248, -3144, -3126, 9679, 143344, -2292, 56027, 40635
14998.5, 2221, -3144, -3126, 9679, 143344, -2292, 56027, 40635
15004.3, 1092, -2469, -2335, 8410, 141621, -2209, 62025, 40601
15006.5, 1025, -2469, -2335, 8410, 141621, -2209, 62025, 40601
15010.8, 356, -2516, -1691, 7762, 141621, -2209, 62025, 40601
15014.6, 239, -2516, -1691, 7762, 141621, -2209, 62025, 40563
15016.8, 1470, -2516, -1691, 7762, 141621, -2209, 62025, 40563
15022.6, 2677, -3122, -1452, 6967, 139844, 2253, 70526, 40561
15026.3, 1340, -3122, -1452, 6967, 139844, 2253, 70526, 40495
15030.6, 60, -4071, -1806, 7019, 139188, 10377, 75194, 40495
15034.3, 404, -4071, -1806, 7019, 139188, 10377, 75194, 40474
15036.6, 2079, -4071, -1806, 7019, 139188, 10377, 75194, 40474
15040.9, 3247, -4524, -1993, 8337, 139827, 16078, 73391, 40474
15045.0, 1544, -4524, -1993, 8337, 139827, 16078, 73391, 40430
15049.2, 358, -4465, -2128, 9195, 137670, 14783, 65367, 40430
15053.0, 1507, -4465, -2128, 9195, 137670, 14783, 65367, 40405
15056.7, 1686, -4465, -2128, 9195, 137670, 14783, 65367, 40370
15062.4, 840, -4220, -1572, 8781, 136804, 4440, 56276, 40369
15066.2, 1542, -4220, -1572, 8781, 136804, 4440, 56276, 40311
15070.4, 902, -3769, -976, 7934, 136139, -835, 51065, 40311
15074.1, 667, -3769, -976, 7934, 136139, -835, 51065, 40290
15078.3, 3114, -3386, -369, 7928, 134170, 743, 50768, 40290
15082.1, 2834, -3386, -369, 7928, 134170, 743, 50768, 40264
15085.8, 626, -3386, -369, 7928, 134170, 743, 50768, 40228
15090.1, 1265, -3108, 120, 7057, 132849, 1509, 53415, 40228
15093.8, 2902, -3108, 120, 7057, 132849, 1509, 53415, 40192
15098.0, 1727, -3181, 368, 7612, 131112, 3346, 57230, 40192
15101.7, 158, -3181, 368, 7612, 131112, 3346, 57230, 40163
15105.5, 133, -3181, 368, 7612, 131112, 3346, 57230, 40144
15109.7, 2762, -3421, 434, 8145, 129957, 7000, 59347, 40144
15113.4, 2706, -3421, 434, 8145, 129957, 7000, 59347, 40114
15119.2, 228, -3841, 286, 7721, 124619, 10990, 57908, 40084
15122.9, 2347, -3841, 286, 7721, 124619, 10990, 57908, 39995
15128.6, 2087, -4278, 548, 7679, 125319, 11707, 53537, 40034
15132.3, 1589, -4278, 548, 7679, 125319, 11707, 53537, 40015
15138.0, 2114, -4571, 530, 7185, 124593, 13444, 50466, 39991
15141.7, 1731, -4571, 530, 7185, 124593, 13444, 50466, 39989
15144.0, 1247, -4571, 530, 7185, 124593, 13444, 50466, 39989
15149.8, 632, -4446, 588, 7239, 123643, 13483, 47985, 39943
15153.6, 390, -4446, 588, 7239, 123643, 13483, 47985, 39934
15157.8, 2218, -4125, 988, 8330, 123206, 9410, 46288, 39934
15161.5, 2551, -4125, 988, 8330, 123206, 9410, 46288, 39920
15165.8, 769, -3522, 1394, 8534, 119373, 4869, 43151, 39920
15169.5, 1956, -3522, 1394, 8534, 119373, 4869, 43151, 39905
15171.8, 2863, -3522, 1394, 8534, 119373, 4869, 43151, 39905
15176.0, 1758, -3385, 1978, 7865, 118503, 573, 39572, 39905
15179.7, 237, -3385, 1978, 7865, 118503, 573, 39572, 39880
15182.0, 152, -3385, 1978, 7865, 118503, 573, 39572, 39880
15187.7, 2429, -3552, 2069, 6204, 115908, 2419, 38189, 39800
15191.4, 654, -3552, 2069, 6204, 115908, 2419, 38189, 39832
15195.7, 1956, -3918, 2196, 6020, 113716, 8579, 38995, 39832
15199.5, 2577, -3918, 2196, 6020, 113716, 8579, 38995, 39820
15201.7, 2291, -3918, 2196, 6020, 113716, 8579, 38995, 39820
15206.0, 1793, -4075, 2184, 6842, 111349, 17509, 40508, 39820
15209.7, 720, -4075, 2184, 6842, 111349, 17509, 40508, 39798
15214.0, 1608, -4329, 2343, 8493, 111839, 17565, 40994, 39798
15217.8, 1499, -4329, 2343, 8493, 111839, 17565, 40994, 39791
15221.5, 684, -4329, 2343, 8493, 111839, 17565, 40994, 39782
15225.8, 2988, -4104, 2314, 8297, 110483, 8763, 39506, 39782
15229.5, 2156, -4104, 2314, 8297, 110483, 8763, 39506, 39775
15233.7, 1326, -3381, 2576, 8876, 104559, 223, 35350, 39775
15237.5, 1799, -3381, 2576, 8876, 104559, 223, 35350, 39773
15241.3, 2044, -3381, 2576, 8876, 104559, 223, 35350, 39809
15245.5, 1933, -2233, 3253, 7342, 98530, -7021, 32056, 39809
15249.3, 1234, -2233, 3253, 7342, 98530, -7021, 32056, 39827
15253.5, 617, -2340, 3843, 6787, 96299, -9209, 33784, 39827
15257.3, 2819, -2340, 3843, 6787, 96299, -9209, 33784, 39822
15261.0, 2762, -2340, 3843, 6787, 96299, -9209, 33784, 39803
15265.2, 1335, -3081, 4083, 5699, 92707, -279, 40478, 39803
15269.0, 241, -3081, 4083, 5699, 92707, -279, 40478, 39819
15273.2, 1194, -4174, 3698, 5880, 91123, 7577, 45531, 39819
15276.9, 1869, -4174, 3698, 5880, 91123, 7577, 45531, 39826
15280.6, 1236, -4174, 3698, 5880, 91123, 7577, 45531, 39826
15284.9, 1639, -5070, 3579, 6205, 89715, 10657, 46139, 39826
15288.6, 3129, -5070, 3579, 6205, 89715, 10657, 46139, 39825
15292.8, 1717, -5343, 2995, 7366, 88595, 14647, 41401, 39825
15296.6, 723, -5343, 2995, 7366, 88595, 14647, 41401, 39826
15298.8, 556, -5343, 2995, 7366, 88595, 14647, 41401, 39826
15304.6, 2856, -4906, 3072, 8132, 88026, 5149, 32585, 39797
15308.4, 358, -4906, 3072, 8132, 88026, 5149, 32585, 39823
15314.1, 1517, -3728, 3708, 7433, 84276, -10417, 24706, 39811
15316.4, 541, -3728, 3708, 7433, 84276, -10417, 24706, 39811
15318.6, 641, -3728, 3708, 7433, 84276, -10417, 24706, 39811
15324.4, 615, -2322, 4655, 6970, 78322, -12674, 21652, 39804
15326.6, 305, -2322, 4655, 6970, 78322, -12674, 21652, 39804
15330.9, 3181, -1709, 5471, 6405, 69690, -4506, 21713, 39804
15334.7, 2317, -1709, 5471, 6405, 69690, -4506, 21713, 40084
15337.0, 1471, -1709, 5471, 6405, 69690, -4506, 21713, 40084
15342.7, 1995, -2502, 5803, 6384, 68824, 2633, 26399, 39794
15346.5, 1749, -2502, 5803, 6384, 68824, 2633, 26399, 39777
15350.7, 667, -3823, 5209, 6434, 69458, 8732, 34733, 39777
15354.5, 1611, -3823, 5209, 6434, 69458, 8732, 34733, 39760
15356.8, 1225, -3823, 5209, 6434, 69458, 8732, 34733, 39760
15362.5, 1309, -5242, 4280, 6693, 71471, 6553, 37538, 39793
15366.3, 3239, -5242, 4280, 6693, 71471, 6553, 37538, 39748
15370.5, 1636, -5686, 3737, 6087, 69974, 1736, 32169, 39748
15374.3, 1001, -5686, 3737, 6087, 69974, 1736, 32169, 39753
15376.5, 637, -5686, 3737, 6087, 69974, 1736, 32169, 39753
15380.8, 41, -5106, 3963, 6747, 69340, -4523, 20431, 39753
15384.6, 2930, -5106, 3963, 6747, 69340, -4523, 20431, 39747
15388.8, 2698, -3846, 5013, 6432, 69174, -13558, 10933, 39747
15392.5, 753, -3846, 5013, 6432, 69174, -13558, 10933, 39754
15396.3, 1489, -3846, 5013, 6432, 69174, -13558, 10933, 39765
15400.5, 124, -2606, 5950, 6179, 63705, -12048, 8920, 39765
15404.3, 2437, -2606, 5950, 6179, 63705, -12048, 8920, 39763
15408.5, 1929, -1804, 6626, 6518, 56858, -2156, 11996, 39763
15412.2, 976, -1804, 6626, 6518, 56858, -2156, 11996, 39726
15416.0, 2521, -1804, 6626, 6518, 56858, -2156, 11996, 39772
15420.3, 1344, -2249, 6430, 6491, 54977, 1907, 17867, 39772
15424.0, 1958, -2249, 6430, 6491, 54977, 1907, 17867, 39763
15428.3, 978, -3763, 5966, 6123, 55922, 4698, 23883, 39763
15432.0, 241, -3763, 5966, 6123, 55922, 4698, 23883, 39749
15435.7, 2673, -3763, 5966, 6123, 55922, 4698, 23883, 39744
15440.0, 2376, -4660, 5483, 6096, 53073, 5525, 25073, 39744
15443.7, 139, -4660, 5483, 6096, 53073, 5525, 25073, 39740
15447.9, 2336, -4463, 5519, 7445, 51127, -2060, 20252, 39740
15451.7, 2308, -4463, 5519, 7445, 51127, -2060, 20252, 39737
15454.0, 1660, -4463, 5519, 7445, 51127, -2060, 20252, 39737
15459.8, 1709, -3826, 5933, 6987, 50934, -12954, 15474, 39728
15463.5, 1637, -3826, 5933, 6987, 50934, -12954, 15474, 39727
15467.7, 2414, -3516, 6111, 5720, 50597, -18725, 15264, 39727
15471.5, 904, -3516, 6111, 5720, 50597, -18725, 15264, 39726
15473.7, 426, -3516, 6111, 5720, 50597, -18725, 15264, 39726
15479.5, 1293, -3288, 6059, 4938, 47863, -14910, 18510, 39822
15481.7, 577, -3288, 6059, 4938, 47863, -14910, 18510, 39822
15486.0, 2437, -3288, 6059, 4938, 46213, -6461, 16082, 39822
15489.7, 2208, -3288, 6059, 4938, 46213, -6461, 16082, 39728
15492.0, 515, -3288, 6059, 4938, 46213, -6461, 16082, 39728
15497.8, 1515, -3284, 6547, 4947, 46953, -1338, 7931, 39731
15501.5, 2564, -3284, 6547, 4947, 46953, -1338, 7931, 39730
15505.8, 2117, -3811, 6547, 4947, 49420, -398, 1863, 39730
15509.6, 1158, -3811, 6547, 4947, 49420, -398, 1863, 39763
15511.8, 1127, -3811, 6547, 4947, 49420, -398, 1863, 39763
15517.6, 42, -3838, 7280, 6583, 47163, -4816, 3880, 39728
15521.3, 2928, -3838, 7280, 6583, 47163, -4816, 3880, 39733
15525.6, 2891, -3838, 7280, 6642, 45246, -12770, 11493, 39733
15529.3, 1249, -3838, 7280, 6642, 45246, -12770, 11493, 39728
15531.6, 688, -3838, 7280, 6642, 45246, -12770, 11493, 39728
15535.9, 1505, -2621, 6279, 5574, 42858, -17705, 13182, 39728
15539.7, 1798, -2621, 6279, 5574, 42858, -17705, 13182, 39723
15543.9, 370, -2621, 6279, 5574, 42858, -17705, 13182, 39723
15547.6, 1453, -2621, 6279, 5574, 42858, -17705, 13182, 39724
15551.4, 1943, -2621, 6279, 5574, 42858, -17705, 13182, 39724
15555.6, 2407, -3018, 6870, 5225, 38194, -12473, 8487, 39724
15559.4, 1459, -3018, 6870, 5225, 38194, -12473, 8487, 39820
15563.6, 1356, -3018, 6870, 5225, 38194, -12473, 8487, 39820
15567.3, 1509, -3018, 6870, 5225, 38194, -12473, 8487, 39841
15571.1, 1594, -3018, 6870, 5225, 38194, -12473, 8487, 39857
15575.3, 1754, -3544, 7316, 6407, 35788, -5831, 6527, 39857
15579.0, 1535, -3544, 7316, 6407, 35788, -5831, 6527, 39811
15583.2, 577, -3544, 7316, 6407, 35788, -5831, 6527, 39811
15587.0, 1214, -3544, 7316, 6407, 35788, -5831, 6527, 39912
15590.8, 2855, -3544, 7316, 6407, 35788, -5831, 6527, 39899
15595.0, 2101, -2967, 7304, 4830, 21779, -14975, 11060, 39899
15598.8, 1648, -2967, 7304, 4830, 21779, -14975, 11060, 39916
15603.0, 916, -2967, 7304, 4830, 21779, -14975, 11060, 39916
15606.7, 2201, -2967, 7304, 4830, 21779, -14975, 11060, 39964
15609.0, 2009, -2967, 7304, 4830, 21779, -14975, 11060, 39964
15614.8, 927, -3442, 6800, 5227, 11598, -11152, 11506, 39969
15618.5, 1295, -3442, 6800, 5227, 11598, -11152, 11506, 40001
15622.7, 1795, -3442, 6800, 5227, 11598, -11152, 11506, 40001
15626.5, 224, -3442, 6800, 5227, 11598, -11152, 11506, 40042
15628.8, 210, -3442, 6800, 5227, 11598, -11152, 11506, 40042
15634.5, 3229, -3338, 7148, 5094, 4300, -5000, 7144, 40119
15638.3, 2070, -3338, 7148, 5094, 4300, -5000, 7144, 40119
15644.0, 1584, -3338, 7148, 5094, 4300, -5000, 7144, 40176
15646.2, 1890, -3338, 7148, 5094, 4300, -5000, 7144, 40176
15650.5, 2378, -3294, 6777, 5603, 69, -2699, 4821, 40176
15654.3, 1052, -3294, 6777, 5603, 69, -2699, 4821, 40210
15656.5, 954, -3294, 6777, 5603, 69, -2699, 4821, 40210
15660.8, 1631, -2843, 6654, 5600, -5320, -227, 2134, 40210
15664.5, 1461, -2843, 6654, 5600, -5320, -227, 2134, 40243
15666.8, 1036, -2843, 6654, 5600, -5320, -227, 2134, 40243
15671.0, 1625, -2584, 7036, 5982, -10338, 1001, 161, 40243
15674.7, 1230, -2584, 7036, 5982, -10338, 1001, 161, 40230
15677.0, 815, -2584, 7036, 5982, -10338, 1001, 161, 40230
15682.7, 1951, -2664, 7147, 5671, -15435, 1483, -638, 40331
15686.4, 1834, -2664, 7147, 5671, -15435, 1483, -638, 40364
15690.6, 2546, -3010, 7095, 5253, -22102, 1767, -1640, 40364
15694.4, 1920, -3010, 7095, 5253, -22102, 1767, -1640, 40388
15696.6, 1693, -3010, 7095, 5253, -22102, 1767, -1640, 40388
15700.9, 1534, -3204, 7030, 5119, -27917, 2996, -2034, 40388
15704.7, 1377, -3204, 7030, 5119, -27917, 2996, -2034, 40406
15708.9, 1167, -3257, 6974, 5266, -31141, 4908, -3040, 40406
15712.6, 1366, -3257, 6974, 5266, -31141, 4908, -3040, 40439
15716.4, 2698, -3257, 6974, 5266, -31141, 4908, -3040, 40455
15720.6, 1482, -2991, 6726, 5428, -33456, 6343, -4716, 40455
15724.4, 435, -2991, 6726, 5428, -33456, 6343, -4716, 40494
15728.6, 3139, -2874, 6994, 5559, -37726, 6728, -7266, 40494
15732.3, 2311, -2874, 6994, 5559, -37726, 6728, -7266, 40509
15736.1, 1831, -2874, 6994, 5559, -37726, 6728, -7266, 40534
15740.3, 1084, -2836, 6949, 5422, -41471, 6527, -9708, 40534
15744.0, 1364, -2836, 6949, 5422, -41471, 6527, -9708, 40495
15748.2, 1983, -2861, 6809, 5861, -44236, 7516, -10434, 40495
15751.9, 1685, -2861, 6809, 5861, -44236, 7516, -10434, 40590
15755.7, 1517, -2861, 6809, 5861, -44236, 7516, -10434, 40605
15760.0, 1156, -2902, 6676, 6044, -46576, 6606, -11440, 40605
15763.7, 1169, -2902, 6676, 6044, -46576, 6606, -11440, 40615
15767.9, 2597, -2743, 6614, 5066, -48685, 3885, -13619, 40615
15771.6, 2099, -2743, 6614, 5066, -48685, 3885, -13619, 40642
15773.9, 1244, -2743, 6614, 5066, -48685, 3885, -13619, 40642
15779.6, 1285, -3332, 6482, 5104, -51700, 6584, -16060, 40658
15783.3, 2170, -3332, 6482, 5104, -51700, 6584, -16060, 39820
15789.0, 1256, -3548, 6534, 5676, -52085, 10994, -15859, 40728
15792.8, 1786, -3548, 6534, 5676, -52085, 10994, -15859, 40711
15798.5, 959, -3651, 6485, 6608, -50803, 10469, -13287, 40728
15800.7, 693, -3651, 6485, 6608, -50803, 10469, -13287, 40728
15803.0, 1344, -3651, 6485, 6608, -50803, 10469, -13287, 40728
15808.7, 2244, -3403, 6262, 7118, -51420, 3906, -11620, 40769
15810.9, 1515, -3403, 6262, 7118, -51420, 3906, -11620, 40769
15813.2, 1351, -3403, 6262, 7118, -51420, 3906, -11620, 40769
15818.9, 1708, -3086, 6253, 6568, -53708, -5013, -13510, 40751
15821.2, 1155, -3086, 6253, 6568, -53708, -5013, -13510, 40751
15825.5, 1599, -2824, 6428, 6214, -56350, -11541, -16835, 40751
15829.2, 1809, -2824, 6428, 6214, -56350, -11541, -16835, 40773
15831.5, 1415, -2824, 6428, 6214, -56350, -11541, -16835, 40773
15835.7, 1118, -2827, 6387, 6001, -57155, -10942, -17867, 40773
15839.4, 1395, -2827, 6387, 6001, -57155, -10942, -17867, 40778
15841.7, 1258, -2827, 6387, 6001, -57155, -10942, -17867, 40778
15845.9, 1128, -2891, 6588, 5517, -63517, -4208, -16498, 40778
15849.6, 1298, -2891, 6588, 5517, -63517, -4208, -16498, 40765
15851.9, 1030, -2891, 6588, 5517, -63517, -4208, -16498, 40765
15857.6, 2434, -2831, 6376, 6395, -66544, 735, -13203, 40809
15861.3, 2067, -2831, 6376, 6395, -66544, 735, -13203, 40808
15865.6, 1147, -3239, 6183, 6733, -68373, 1846, -10207, 40808
15869.4, 1169, -3239, 6183, 6733, -68373, 1846, -10207, 40813
15873.6, 1084, -4023, 5846, 6387, -69515, -332, -11768, 40813
15877.3, 1483, -4023, 5846, 6387, -69515, -332, -11768, 40842
15881.1, 3117, -4023, 5846, 6387, -69515, -332, -11768, 40809
15885.4, 1832, -4137, 5532, 6108, -71921, -1846, -16616, 40809
15889.1, 1608, -4137, 5532, 6108, -71921, -1846, -16616, 40813
15893.3, 970, -3890, 4933, 7019, -72315, -879, -22662, 40813
15897.0, 1079, -3890, 4933, 7019, -72315, -879, -22662, 40802
15900.7, 1829, -3890, 4933, 7019, -72315, -879, -22662, 40785
15905.0, 1129, -3832, 4885, 7433, -70066, -1623, -27611, 40785
15908.7, 897, -3832, 4885, 7433, -70066, -1623, -27611, 40829
15912.9, 1872, -3597, 4726, 6854, -75338, -2765, -29916, 40829
15916.7, 2687, -3597, 4726, 6854, -75338, -2765, -29916, 40829
15919.0, 1745, -3597, 4726, 6854, -75338, -2765, -29916, 40829
15924.7, 1249, -2928, 4838, 6579, -79009, -1189, -30012, 40831
15928.4, 1188, -2928, 4838, 6579, -79009, -1189, -30012, 40832
15934.1, 1326, -2563, 5469, 6705, -82981, 1684, -31093, 40825
15937.8, 1177, -2563, 5469, 6705, -82981, 1684, -31093, 40816
15943.5, 2691, -2591, 5665, 6899, -84981, 2362, -29951, 40806
15947.3, 2356, -2591, 5665, 6899, -84981, 2362, -29951, 40801
15953.0, 729, -2995, 5483, 7227, -86315, 1885, -27125, 40792
15956.7, 2554, -2995, 5483, 7227, -86315, 1885, -27125, 40785
15962.4, 1492, -3835, 4888, 7770, -81328, 2703, -25147, 40787
15966.1, 1679, -3835, 4888, 7770, -81328, 2703, -25147, 40786
15968.4, 1972, -3835, 4888, 7770, -81328, 2703, -25147, 40786
15974.2, 1751, -4329, 3699, 7762, -79061, 6155, -25051, 40803
15976.4, 1105, -4329, 3699, 7762, -79061, 6155, -25051, 40803
15980.7, 1602, -4523, 2826, 7418, -82063, -39, -30782, 40803
15984.4, 1495, -4523, 2826, 7418, -82063, -39, -30782, 40748
15986.7, 1348, -4523, 2826, 7418, -82063, -39, -30782, 40748
15992.4, 1650, -4400, 3262, 7400, -85388, -9139, -37301, 40742
15996.1, 1432, -4400, 3262, 7400, -85388, -9139, -37301, 40726
16000.4, 1705, -3805, 3890, 6891, -90441, -11257, -41121, 40726
16004.1, 1870, -3805, 3890, 6891, -90441, -11257, -41121, 40669
16006.4, 1788, -3805, 3890, 6891, -90441, -11257, -41121, 40669
16010.6, 1272, -3403, 4448, 6463, -96833, -7218, -42744, 40669
16014.3, 311, -3403, 4448, 6463, -96833, -7218, -42744, 40675
16016.6, 373, -3403, 4448, 6463, -96833, -7218, -42744, 40675
16020.8, 3140, -2891, 4712, 6201, -99388, 1798, -42298, 40675
16024.5, 2305, -2891, 4712, 6201, -99388, 1798, -42298, 40653
16028.8, 401, -3199, 4490, 7966, -97389, 8776, -40333, 40653
16032.5, 1897, -3199, 4490, 7966, -97389, 8776, -40333, 40644
16036.3, 3180, -3199, 4490, 7966, -97389, 8776, -40333, 40650
16040.5, 1042, -4025, 3533, 9862, -89758, 7411, -36610, 40650
16044.3, 1288, -4025, 3533, 9862, -89758, 7411, -36610, 40612
16048.5, 2426, -4261, 2145, 8819, -91355, -3294, -36431, 40612
16052.3, 1933, -4261, 2145, 8819, -91355, -3294, -36431, 40574
16056.0, 1319, -4261, 2145, 8819, -91355, -3294, -36431, 40539
16060.3, 1192, -4126, 1889, 7945, -94974, -17657, -43728, 40539
16064.0, 2129, -4126, 1889, 7945, -94974, -17657, -43728, 40488
16068.2, 1417, -3610, 2608, 6931, -97730, -22675, -51437, 40488
16071.9, 1083, -3610, 2608, 6931, -97730, -22675, -51437, 40456
16075.6, 965, -3610, 2608, 6931, -97730, -22675, -51437, 40361
16079.9, 1760, -3306, 3114, 6339, -99699, -16817, -53962, 40361
16083.6, 1350, -3306, 3114, 6339, -99699, -16817, -53962, 40409
16087.8, 1750, -3197, 3262, 6686, -99283, -5193, -51393, 40409
16091.6, 1610, -3197, 3262, 6686, -99283, -5193, -51393, 40376
16093.8, 1535, -3197, 3262, 6686, -99283, -5193, -51393, 40376
16099.6, 1738, -3013, 2559, 7816, -101444, 12976, -48003, 40305
16103.3, 1618, -3013, 2559, 7816, -101444, 12976, -48003, 40289
16109.0, 2270, -3234, 1665, 8044, -103273, 13020, -49407, 40232
16112.7, 2615, -3234, 1665, 8044, -103273, 13020, -49407, 40223
16118.4, 1387, -3882, 1635, 8892, -102591, 4125, -49993, 40203
16122.1, 1448, -3882, 1635, 8892, -102591, 4125, -49993, 40163
16127.9, 1608, -3882, 1635, 8892, -103579, -1701, -48607, 40147
16131.6, 1260, -3882, 1635, 8892, -103579, -1701, -48607, 40124
16135.9, 1409, -4183, 1101, 8540, -103579, -1701, -48532, 40124
16139.7, 1771, -4183, 1101, 8540, -103579, -1701, -48532, 40107
16142.0, 1012, -4183, 1101, 8540, -103579, -1701, -48532, 40107
16147.7, 1764, -4392, 1039, 8482, -98115, -12407, -49013, 40084
16151.4, 1911, -4392, 1039, 8482, -98115, -12407, -49013, 40070
16155.6, 2502, -4374, 981, 8809, -98115, -12407, -50768, 40070
16159.4, 777, -4374, 981, 8809, -98115, -12407, -50768, 39929
16161.6, 631, -4374, 981, 8809, -98115, -12407, -50768, 39929
16165.9, 1470, -4389, 439, 8697, -94890, -12057, -53826, 39929
16169.7, 1998, -4389, 439, 8697, -94890, -12057, -53826, 39951
16172.0, 1704, -4389, 439, 8697, -94890, -12057, -53826, 39951
16177.7, 1698, -4082, 175, 7941, -96321, -9646, -57952, 39956
16181.4, 1609, -4082, 175, 7941, -96321, -9646, -57952, 39962
16185.7, 2406, -3701, 122, 7941, -99257, -10101, -60205, 39962
16189.5, 1853, -3701, 122, 7941, -99257, -10101, -60205, 39969
16193.7, 1645, -3318, 732, 9284, -99257, -10101, -60205, 39969
16197.5, 1294, -3318, 732, 9284, -99257, -10101, -60205, 39962
16201.2, 1961, -3318, 732, 9284, -99257, -10101, -60205, 39943
16205.5, 1549, -3215, 1096, 10077, -104901, -18917, -53406, 39943
16209.3, 1575, -3215, 1096, 10077, -104901, -18917, -53406, 39975
16213.5, 1654, -3237, 1261, 9755, -104901, -18917, -53406, 39975
16217.3, 1323, -3237, 1261, 9755, -104901, -18917, -53406, 39968
16221.0, 1365, -3237, 1261, 9755, -104901, -18917, -53406, 39971
16225.3, 1484, -3641, 1027, 7945, -102901, -14695, -46576, 39971
16229.0, 1664, -3641, 1027, 7945, -102901, -14695, -46576, 39924
16233.3, 2481, -4085, 314, 7649, -102901, -14695, -46576, 39924
16237.0, 1582, -4085, 314, 7649, -102901, -14695, -46576, 39977
16240.8, 756, -4085, 314, 7649, -102901, -14695, -46576, 39980
16245.0, 1830, -4544, -504, 8974, -92812, -2826, -49565, 39980
16248.8, 2012, -4544, -504, 8974, -92812, -2826, -49565, 39968
16253.0, 846, -5209, -1646, 8420, -92812, -2826, -49565, 39968
16256.7, 870, -5209, -1646, 8420, -92812, -2826, -49565, 39939
16260.5, 2401, -5209, -1646, 8420, -92812, -2826, -49565, 39970
16264.7, 2819, -5548, -2456, 7810, -93648, -1728, -59015, 39970
16268.4, 2550, -5548, -2456, 7810, -93648, -1728, -59015, 39980
16274.2, 1261, -5341, -2490, 8236, -96142, -9003, -64956, 39981
16277.9, 894, -5341, -2490, 8236, -96142, -9003, -64956, 40025
16283.6, 521, -4691, -1440, 10219, -96142, -9003, -64956, 39987
16285.8, 1157, -4691, -1440, 10219, -96142, -9003, -64956, 39987
16288.1, 2298, -4691, -1440, 10219, -96142, -9003, -64956, 39987
16293.8, 2143, -3829, -646, 10259, -97292, -14831, -65783, 39996
16296.0, 1054, -3829, -646, 10259, -97292, -14831, -65783, 39996
16298.3, 937, -3829, -646, 10259, -97292, -14831, -65783, 39996
16304.0, 1423, -2712, -786, 8522, -102114, -19049, -64611, 40005
16306.3, 1095, -2712, -786, 8522, -102114, -19049, -64611, 40005
16310.5, 1304, -2540, -225, 8713, -98587, -19329, -61054, 40005
16314.3, 1465, -2540, -225, 8713, -98587, -19329, -61054, 39977
16316.6, 1137, -2540, -225, 8713, -98587, -19329, -61054, 39977
16320.8, 1296, -2826, -927, 7270, -100753, -8535, -54924, 39977
16324.5, 1613, -2826, -927, 7270, -100753, -8535, -54924, 40017
16326.8, 1104, -2826, -927, 7270, -100753, -8535, -54924, 40017
16331.0, 2284, -3594, -1658, 8261, -98089, -870, -50606, 40017
16334.7, 1190, -3594, -1658, 8261, -98089, -870, -50606, 40030
16337.0, 746, -3594, -1658, 8261, -98089, -870, -50606, 40030
16342.7, 1383, -4478, -2715, 8536, -97196, 6055, -49075, 40021
16346.4, 3087, -4478, -2715, 8536, -97196, 6055, -49075, 40036
16350.6, 2511, -5175, -3802, 9130, -95726, 10460, -51030, 40036
16354.4, 2020, -5175, -3802, 9130, -95726, 10460, -51030, 40069
16356.6, 1304, -5175, -3802, 9130, -95726, 10460, -51030, 40069
16360.9, 1023, -5407, -4313, 9520, -91719, 5293, -56219, 40069
16364.7, 965, -5407, -4313, 9520, -91719, 5293, -56219, 40043
16368.9, 1493, -4794, -4255, 8344, -93530, -2861, -63775, 40043
16372.6, 1492, -4794, -4255, 8344, -93530, -2861, -63775, 40074
16376.4, 1524, -4794, -4255, 8344, -93530, -2861, -63775, 40054
16380.7, 1302, -3694, -3163, 9317, -95459, -10937, -70307, 40054
16384.5, 1589, -3694, -3163, 9317, -95459, -10937, -70307, 40036
16388.7, 2326, -2580, -1935, 8876, -99161, -17347, -71029, 40036
16392.4, 1469, -2580, -1935, 8876, -99161, -17347, -71029, 40070
16396.2, 593, -2580, -1935, 8876, -99161, -17347, -71029, 40022
16400.5, 1101, -2157, -1505, 9092, -98461, -18419, -64856, 40022
16404.3, 2635, -2157, -1505, 9092, -98461, -18419, -64856, 40087
16408.5, 2742, -2083, -2130, 8344, -95367, -13628, -55125, 40087
16412.6, 1955, -2083, -2130, 8344, -95367, -13628, -55125, 40055
16416.3, 881, -2083, -2130, 8344, -95367, -13628, -55125, 40106
16420.6, 1029, -2420, -3483, 7795, -96094, -2415, -48335, 40106
16424.4, 1477, -2420, -3483, 7795, -96094, -2415, -48335, 40133
16428.6, 2805, -3186, -4569, 7602, -94099, 6278, -47368, 40133
16432.4, 1928, -3186, -4569, 7602, -94099, 6278, -47368, 40137
16438.1, 1429, -4356, -5055, 7469, -93915, 9769, -48738, 40135
16441.8, 1261, -4356, -5055, 7469, -93915, 9769, -48738, 40172
16447.5, 1565, -4601, -5262, 7691, -96829, 12167, -50803, 40125
16451.2, 1126, -4601, -5262, 7691, -96829, 12167, -50803, 40201
16453.5, 1140, -4601, -5262, 7691, -96829, 12167, -50803, 40201
16459.3, 1460, -4382, -4825, 8053, -100609, 7253, -56385, 40206
16461.5, 615, -4382, -4825, 8053, -100609, 7253, -56385, 40206
16465.8, 1307, -4214, -4119, 9339, -100412, 2187, -61049, 40206
16469.6, 2818, -4214, -4119, 9339, -100412, 2187, -61049, 40220
16471.8, 2137, -4214, -4119, 9339, -100412, 2187, -61049, 40220
16477.6, 2206, -3702, -4170, 9784, -98342, -384, -62196, 40220
16481.3, 1600, -3702, -4170, 9784, -98342, -384, -62196, 40240
16485.6, 1111, -2979, -4626, 8824, -98797, -1977, -62541, 40240
16489.3, 1014, -2979, -4626, 8824, -98797, -1977, -62541, 40251
16491.6, 1203, -2979, -4626, 8824, -98797, -1977, -62541, 40251
16495.9, 2244, -2531, -5452, 8412, -94847, -3836, -63976, 40251
16499.7, 1639, -2531, -5452, 8412, -94847, -3836, -63976, 40263
16502.0, 1192, -2531, -5452, 8412, -94847, -3836, -63976, 40263
16507.7, 1675, -2630, -6138, 7121, -89282, -4060, -61294, 40311
16511.4, 2051, -2630, -6138, 7121, -89282, -4060, -61294, 40278
16515.7, 2029, -2473, -6725, 6062, -88433, -1758, -55528, 40278
16519.5, 1846, -2473, -6725, 6062, -88433, -1758, -55528, 40277
16523.7, 1583, -2299, -6105, 5932, -89977, -1080, -51030, 40277
16527.5, 697, -2299, -6105, 5932, -89977, -1080, -51030, 40279
16531.2, 1134, -2299, -6105, 5932, -89977, -1080, -51030, 40322
16535.5, 1882, -2653, -5191, 6144, -90695, 5420, -47478, 40322
16539.2, 2449, -2653, -5191, 6144, -90695, 5420, -47478, 40299
16543.4, 1805, -3351, -5398, 6568, -93687, 16542, -44441, 40299
16547.1, 1002, -3351, -5398, 6568, -93687, 16542, -44441, 40315
16550.9, 1318, -3351, -5398, 6568, -93687, 16542, -44441, 40317
16555.1, 1802, -3844, -6177, 7823, -93661, 22702, -45430, 40317
16558.8, 2136, -3844, -6177, 7823, -93661, 22702, -45430, 40329
16563.1, 1713, -4065, -7068, 8276, -93670, 22850, -51603, 40329
16566.8, 1731, -4065, -7068, 8276, -93670, 22850, -51603, 40338
16569.1, 1015, -4065, -7068, 8276, -93670, 22850, -51603, 40338
16574.9, 1477, -3885, -7674, 9308, -91032, 18497, -59920, 40354
16578.6, 1367, -3885, -7674, 9308, -91032, 18497, -59920, 40377
16582.8, 1648, -3535, -7599, 8567, -88743, 8955, -66299, 40377
16586.6, 836, -3535, -7599, 8567, -88743, 8955, -66299, 40383
16588.8, 865, -3535, -7599, 8567, -88743, 8955, -66299, 40383
16594.6, 3151, -2971, -7147, 7888, -87623, -870, -67677, 40423
16598.3, 1779, -2971, -7147, 7888, -87623, -870, -67677, 40421
16604.0, 2262, -2426, -6578, 7082, -87973, -6435, -63425, 40430
16607.7, 1814, -2426, -6578, 7082, -87973, -6435, -63425, 40461
16613.4, 1176, -2123, -6203, 6516, -85847, -8833, -56587, 40479
16617.2, 1408, -2123, -6203, 6516, -85847, -8833, -56587, 40511
16622.9, 1763, -2070, -6245, 5800, -86963, -4935, -49342, 40559
16626.6, 1817, -2070, -6245, 5800, -86963, -4935, -49342, 40561
16630.9, 1604, -2387, -6659, 5864, -88000, 3097, -45058, 40561
16634.7, 1151, -2387, -6659, 5864, -88000, 3097, -45058, 40595
16637.0, 1023, -2387, -6659, 5864, -88000, 3097, -45058, 40595
16642.7, 1995, -2885, -7098, 5908, -89846, 11274, -44441, 40625
16646.4, 1509, -2885, -7098, 5908, -89846, 11274, -44441, 40662
16650.7, 1017, -3489, -7516, 6888, -91154, 17202, -47023, 40662
16654.5, 1129, -3489, -7516, 6888, -91154, 17202, -47023, 40665
16656.7, 1492, -3489, -7516, 6888, -91154, 17202, -47023, 40665
16661.0, 1759, -3704, -7671, 8083, -92287, 16957, -51660, 40665
16664.7, 1169, -3704, -7671, 8083, -92287, 16957, -51660, 40687
16669.0, 905, -3704, -7671, 8588, -88402, 9646, -55055, 40687
16672.8, 2716, -3704, -7671, 8588, -88402, 9646, -55055, 40718
16676.5, 2630, -3704, -7671, 8588, -88402, 9646, -55055, 40736
16680.8, 1323, -3332, -8008, 6714, -84867, 3723, -54093, 40736
16684.5, 2021, -3332, -8008, 6714, -84867, 3723, -54093, 40762
16688.7, 1703, -3332, -8008, 5422, -84701, -555, -52557, 40762
16692.5, 1701, -3332, -8008, 5422, -84701, -555, -52557, 40793
16696.3, 1609, -3332, -8008, 5422, -84701, -555, -52557, 40826
16700.5, 1159, -1974, -7670, 5666, -80068, -8513, -51748, 40826
16704.3, 1233, -1974, -7670, 5666, -80068, -8513, -51748, 40856
16708.5, 2170, -1974, -7670, 5303, -78768, -9393, -46603, 40856
16712.3, 1664, -1974, -7670, 5303, -78768, -9393, -46603, 40876
16716.0, 1408, -1974, -7670, 5303, -78768, -9393, -46603, 40912
16720.3, 1534, -1776, -7520, 5493, -79464, -5066, -39038, 40912
16724.1, 1750, -1776, -7520, 5493, -79464, -5066, -39038, 40933
16728.3, 1528, -1776, -7520, 5319, -80501, -844, -34764, 40933
16732.0, 1300, -1776, -7520, 5319, -80501, -844, -34764, 40948
16735.8, 1282, -1776, -7520, 5319, -80501, -844, -34764, 40948
16740.0, 1085, -2228, -8274, 5614, -82496, 4965, -35499, 40948
16743.8, 2032, -2228, -8274, 5614, -82496, 4965, -35499, 40950
16748.0, 2546, -2228, -8274, 6638, -82741, 9997, -38798, 40950
16751.7, 1930, -2228, -8274, 6638, -82741, 9997, -38798, 40967
16755.5, 954, -2228, -8274, 6638, -82741, 9997, -38798, 40967
16759.7, 534, -2881, -9134, 6921, -82535, 10767, -41125, 40967
16763.5, 2382, -2881, -9134, 6921, -82535, 10767, -41125, 41766
16769.2, 2019, -2881, -9134, 7294, -77399, 4545, -41978, 41815
16771.4, 1187, -2881, -9134, 7294, -77399, 4545, -41978, 41815
16773.7, 1769, -2881, -9134, 7294, -77399, 4545, -41978, 41815
16779.4, 1944, -2280, -9451, 5212, -72499, -6518, -41370, 41877
16781.7, 1451, -2280, -9451, 5212, -72499, -6518, -41370, 41877
16787.5, 1785, -2280, -9451, 5212, -72499, -6518, -41370, 41946
16791.3, 1648, -2280, -9451, 5212, -72499, -6518, -41370, 42018
16795.5, 1682, -1665, -9114, 3754, -68159, -16590, -40259, 42018
16799.3, 1590, -1665, -9114, 3754, -68159, -16590, -40259, 42080
16801.6, 1161, -1665, -9114, 3754, -68159, -16590, -40259, 42080
16805.8, 1656, -1277, -8590, 3641, -63412, -22877, -38168, 42080
16809.6, 1646, -1277, -8590, 3641, -63412, -22877, -38168, 42150
16811.9, 1233, -1277, -8590, 3641, -63412, -22877, -38168, 42150
16817.6, 1760, -1281, -8749, 3603, -61250, -4221, -27164, 42203
16821.3, 1579, -1281, -8749, 3603, -61250, -4221, -27164, 42295
16825.5, 1482, -1546, -9533, 4249, -60340, -4221, -27164, 42295
16829.3, 1617, -1546, -9533, 4249, -60340, -4221, -27164, 42359
16831.5, 1252, -1546, -9533, 4249, -60340, -4221, -27164, 42359
16835.8, 1979, -1793, -10180, 4726, -59395, 3001, -30817, 42359
16839.6, 1620, -1793, -10180, 4726, -59395, 3001, -30817, 42423
16843.8, 1437, -2130, -9943, 5239, -59037, 3753, -30817, 42423
16847.5, 1875, -2130, -9943, 5239, -59037, 3753, -30817, 42482
16851.3, 2465, -2130, -9943, 5239, -59037, 3753, -30817, 42544
16855.5, 1362, -2408, -9189, 5936, -60165, -2099, -36549, 42544
16859.3, 883, -2408, -9189, 5936, -60165, -2099, -36549, 42588
16863.5, 2356, -2378, -8673, 6464, -61552, -2099, -36549, 42588
16867.2, 2768, -2378, -8673, 6464, -61552, -2099, -36549, 42650
16871.0, 2300, -2378, -8673, 6464, -61552, -2099, -36549, 42698
16875.3, 1789, -1983, -8616, 6183, -63022, -10653, -31902, 42698
16879.0, 1572, -1983, -8616, 6183, -63022, -10653, -31902, 42735
16883.3, 1427, -1622, -8924, 5246, -63644, -10653, -31902, 42735
16887.0, 1479, -1622, -8924, 5246, -63644, -10653, -31902, 42761
16890.7, 1581, -1622, -8924, 5246, -63644, -10653, -31902, 42777
16895.0, 1763, -1245, -9114, 3745, -63841, -15159, -27637, 42777
16898.7, 1738, -1245, -9114, 3745, -63841, -15159, -27637, 42743
16902.9, 1662, -1158, -8845, 3535, -62274, -15159, -27637, 42743
16906.7, 1608, -1158, -8845, 3535, -62274, -15159, -27637, 42786
16909.0, 1224, -1158, -8845, 3535, -62274, -15159, -27637, 42786
16914.7, 1667, -1103, -8389, 3589, -62130, -6785, -23638, 42787
16918.5, 1437, -1103, -8389, 3589, -62130, -6785, -23638, 42804
16922.7, 1667, -1144, -8478, 3324, -64462, -6785, -23638, 42804
16926.4, 1708, -1144, -8478, 3324, -64462, -6785, -23638, 42778
16928.7, 938, -1144, -8478, 3324, -64462, -6785, -23638, 42778
16934.5, 2051, -1448, -8991, 3949, -66938, 297, -21030, 42823
16936.7, 1782, -1448, -8991, 3949, -66938, 297, -21030, 42823
16941.0, 2094, -1590, -9471, 4335, -66597, 1207, -21057, 42823
16944.7, 1754, -1590, -9471, 4335, -66597, 1207, -21057, 42849
16947.0, 1220, -1590, -9471, 4335, -66597, 1207, -21057, 42849
16952.7, 1654, -1569, -9826, 4029, -66343, 1526, -21840, 42873
16956.4, 890, -1569, -9826, 4029, -66343, 1526, -21840, 42917
16960.7, 1729, -1417, -9879, 3637, -62559, 555, -22662, 42917
16964.4, 2066, -1417, -9879, 3637, -62559, 555, -22662, 42897
16966.7, 1507, -1417, -9879, 3637, -62559, 555, -22662, 42897
16970.9, 2346, -1321, -9678, 3220, -57750, -4501, -23410, 42897
16974.6, 1729, -1321, -9678, 3220, -57750, -4501, -23410, 42904
16976.9, 957, -1321, -9678, 3220, -57750, -4501, -23410, 42904
16982.6, 1772, -1104, -9601, 2668, -55174, -8172, -22947, 42912
16986.3, 1460, -1104, -9601, 2668, -55174, -8172, -22947, 42940
16990.6, 946, -839, -9570, 2407, -52802, -9673, -20715, 42940
16994.4, 1663, -839, -9570, 2407, -52802, -9673, -20715, 42961
16996.7, 2080, -839, -9570, 2407, -52802, -9673, -20715, 42961
17000.9, 2358, -763, -9730, 2400, -51608, -8903, -18607, 42961
17004.6, 1992, -763, -9730, 2400, -51608, -8903, -18607, 42959
17008.8, 2071, -684, -10158, 2449, -51358, -4987, -16861, 42959
17012.6, 1394, -684, -10158, 2449, -51358, -4987, -16861, 42907
17016.3, 1393, -684, -10158, 2449, -51358, -4987, -16861, 42985
17020.6, 1729, -643, -10332, 2184, -50908, 1251, -16244, 42985
17024.3, 1860, -643, -10332, 2184, -50908, 1251, -16244, 42989
17028.5, 2457, -847, -10147, 1973, -50348, 5608, -17408, 42989
17032.2, 1854, -847, -10147, 1973, -50348, 5608, -17408, 43001
17036.0, 1359, -847, -10147, 1973, -50348, 5608, -17408, 43008
17040.3, 1924, -1094, -10192, 3154, -49044, 5958, -18712, 43008
17044.0, 2264, -1094, -10192, 3154, -49044, 5958, -18712, 43008
17048.3, 2342, -933, -10408, 3092, -49433, 2931, -18909, 43008
17052.0, 1770, -933, -10408, 3092, -49433, 2931, -18909, 42967
17055.8, 1447, -933, -10408, 3092, -49433, 2931, -18909, 43012
17060.0, 1611, -707, -10590, 2484, -45671, -1470, -17469, 43012
17063.7, 1446, -707, -10590, 2484, -45671, -1470, -17469, 43028
17067.9, 2192, -592, -10329, 1843, -39821, -7481, -16170, 43028
17071.7, 2423, -592, -10329, 1843, -39821, -7481, -16170, 43042
17074.0, 1281, -592, -10329, 1843, -39821, -7481, -16170, 43042
17079.7, 1983, -601, -9820, 1467, -36584, -11370, -15969, 43074
17083.5, 1724, -601, -9820, 1467, -36584, -11370, -15969, 43100
17087.7, 1804, -751, -9647, 1671, -33368, -10600, -15137, 43100
17091.4, 1780, -751, -9647, 1671, -33368, -10600, -15137, 43107
17093.7, 878, -751, -9647, 1671, -33368, -10600, -15137, 43107
17099.5, 2002, -697, -10031, 1278, -32231, -8347, -13422, 43164
17101.7, 837, -697, -10031, 1278, -32231, -8347, -13422, 43164
17106.0, 1882, -795, -10332, 1771, -29851, -8968, -12670, 43164
17109.7, 1914, -795, -10332, 1771, -29851, -8968, -12670, 43204
17112.0, 836, -795, -10332, 1771, -29851, -8968, -12670, 43204
17117.7, 1829, -1045, -10324, 2611, -27169, -10775, -12884, 43241
17121.4, 1952, -1045, -10324, 2611, -27169, -10775, -12884, 43272
17125.7, 2127, -1022, -10172, 2708, -27265, -10456, -12757, 43272
17129.4, 1832, -1022, -10172, 2708, -27265, -10456, -12757, 43311
17131.7, 744, -1022, -10172, 2708, -27265, -10456, -12757, 43311
17135.9, 1902, -981, -9953, 3111, -27169, -10145, -12683, 43311
17139.6, 1823, -981, -9953, 3111, -27169, -10145, -12683, 43348
17141.9, 913, -981, -9953, 3111, -27169, -10145, -12683, 43348
17147.6, 2083, -842, -9747, 2853, -28656, -13514, -12753, 43372
17151.3, 1790, -842, -9747, 2853, -28656, -13514, -12753, 43407
17155.6, 1824, -705, -9458, 2271, -29028, -13702, -11401, 43407
17159.3, 1764, -705, -9458, 2271, -29028, -13702, -11401, 43442
17161.6, 523, -705, -9458, 2271, -29028, -13702, -11401, 43442
17165.8, 1657, -707, -9256, 2090, -30437, -11047, -9305, 43442
17169.6, 1970, -707, -9256, 2090, -30437, -11047, -9305, 43507
17173.9, 2432, -714, -9386, 2055, -31557, -9830, -8505, 43507
17177.6, 1646, -714, -9386, 2055, -31557, -9830, -8505, 43522
17181.3, 1757, -714, -9386, 2055, -31557, -9830, -8505, 43551
17185.6, 1794, -692, -9918, 2108, -31111, -8588, -7901, 43551
17189.3, 1867, -692, -9918, 2108, -31111, -8588, -7901, 43564
17193.6, 1562, -574, -10168, 1627, -29916, -5713, -6930, 43564
17197.3, 1591, -574, -10168, 1627, -29916, -5713, -6930, 43613
17201.1, 1870, -574, -10168, 1627, -29916, -5713, -6930, 43640
17205.3, 1648, -659, -10042, 1597, -27777, -5258, -7056, 43640
17209.1, 1758, -659, -10042, 1597, -27777, -5258, -7056, 43670
17213.3, 1763, -705, -9806, 1879, -25585, -7498, -7861, 43670
17217.0, 1621, -705, -9806, 1879, -25585, -7498, -7861, 42940
17220.8, 1657, -705, -9806, 1879, -25585, -7498, -7861, 43741
17225.0, 1760, -492, -9891, 1641, -25742, -6326, -6960, 43741
17228.7, 1589, -492, -9891, 1641, -25742, -6326, -6960, 43778
17232.9, 1663, -419, -10007, 1630, -25791, -4042, -4790, 43778
17236.7, 1737, -419, -10007, 1630, -25791, -4042, -4790, 43802
17239.0, 889, -419, -10007, 1630, -25791, -4042, -4790, 43802
17244.8, 1901, -484, -10055, 1694, -25629, -4506, -4536, 43849
17248.5, 1634, -484, -10055, 1694, -25629, -4506, -4536, 43836
17252.8, 1581, -457, -9964, 1541, -24605, -4462, -5783, 43836
17256.5, 1485, -457, -9964, 1541, -24605, -4462, -5783, 43848
17258.8, 186, -457, -9964, 1541, -24605, -4462, -5783, 43848
17264.5, 1877, -495, -10014, 1322, -23450, -2143, -5941, 43868
17266.8, 578, -495, -10014, 1322, -23450, -2143, -5941, 43868
17272.5, 1801, -481, -10133, 1661, -21555, -2511, -5228, 43859
17276.2, 1618, -481, -10133, 1661, -21555, -2511, -5228, 43856
17280.5, 1624, -367, -10050, 1363, -21420, -5236, -5538, 43856
17284.2, 1460, -367, -10050, 1363, -21420, -5236, -5538, 43942
17286.5, 135, -367, -10050, 1363, -21420, -5236, -5538, 43942
17290.7, 1881, -361, -10049, 1274, -20383, -6628, -6330, 43942
17294.4, 1720, -361, -10049, 1274, -20383, -6628, -6330, 43959
17296.7, 997, -361, -10049, 1274, -20383, -6628, -6330, 43959
17300.9, 1538, -340, -10210, 1620, -19337, -5661, -6413, 43959
17304.6, 1624, -340, -10210, 1620, -19337, -5661, -6413, 43986
17306.9, 323, -340, -10210, 1620, -19337, -5661, -6413, 43986
17312.6, 1718, -240, -10311, 1351, -18099, -2340, -5460, 44008
17316.3, 1685, -240, -10311, 1351, -18099, -2340, -5460, 44047
17320.6, 1545, -239, -10250, 1277, -16152, 275, -4974, 44047
17324.4, 1486, -239, -10250, 1277, -16152, 275, -4974, 44066
17328.6, 1621, -239, -10250, 1277, -16152, 275, -5411, 44066
17332.3, 1392, -239, -10250, 1277, -16152, 275, -5411, 44032
17336.1, 1445, -239, -10250, 1277, -16152, 275, -5411, 44131
17340.4, 1571, -406, -9808, 1026, -13278, 8, -5726, 44131
17344.1, 1377, -406, -9808, 1026, -13278, 8, -5726, 44147
17348.3, 1397, -406, -9808, 1026, -13278, 8, -5753, 44147
17352.0, 1789, -406, -9808, 1026, -13278, 8, -5753, 44175
17355.7, 1936, -406, -9808, 1026, -13278, 8, -5753, 44170
17360.0, 1671, -427, -9973, 1314, -13269, 1286, -5403, 44170
17363.7, 1561, -427, -9973, 1314, -13269, 1286, -5403, 44236
17367.9, 1504, -427, -9973, 1314, -13269, 1286, -5403, 44236
17371.7, 1477, -427, -9973, 1314, -13269, 1286, -5403, 44258
17374.0, 110, -427, -9973, 1314, -13269, 1286, -5403, 44258
17379.7, 1545, -302, -10159, 881, -12276, 3797, -5236, 44282
17383.5, 1541, -302, -10159, 881, -12276, 3797, -5236, 44334
17387.7, 1522, -302, -10159, 881, -12276, 3797, -5766, 44334
17391.4, 1799, -302, -10159, 881, -12276, 3797, -5766, 44337
17393.7, 740, -302, -10159, 881, -12276, 3797, -5766, 44337
17399.4, 1442, -572, -10140, 1212, -6400, -1364, -5451, 44342
17403.2, 1363, -572, -10140, 1212, -6400, -1364, -5451, 44359
17408.9, 1575, -512, -9966, 1148, -2953, -6313, -4256, 44385
17412.6, 1956, -512, -9966, 1148, -2953, -6313, -4256, 44334
17418.3, 1539, -512, -9966, 1148, -2953, -6313, -4256, 44401
17422.0, 1452, -512, -9966, 1148, -2953, -6313, -4256, 44409
17427.8, 1194, -358, -9882, 1159, -3158, -9086, -3390, 44447
17431.5, 1571, -358, -9882, 1159, -3158, -9086, -3390, 44420
17435.8, 2027, -264, -9995, 1414, -2003, -7336, -2673, 44420
17439.6, 1354, -264, -9995, 1414, -2003, -7336, -2673, 44428
17441.8, 200, -264, -9995, 1414, -2003, -7336, -2673, 44428
17447.6, 1783, -178, -10188, 1805, -2209, -4436, -2743, 44428
17451.3, 1038, -178, -10188, 1805, -2209, -4436, -2743, 44410
17455.6, 1527, -192, -10284, 1551, 1041, -4033, -3342, 44410
17459.3, 1692, -192, -10284, 1551, 1041, -4033, -3342, 44452
17461.5, 355, -192, -10284, 1551, 1041, -4033, -3342, 44452
17465.8, 1278, -119, -10055, 441, 3263, -2563, -2966, 44452
17469.6, 1085, -119, -10055, 441, 3263, -2563, -2966, 44464
17471.8, 35, -119, -10055, 441, 3263, -2563, -2966, 44464
17477.6, 2204, -508, -10150, -7, 7958, -713, -1649, 43860
17481.3, 1741, -508, -10150, -7, 7958, -713, -1649, 44523
17485.6, 1404, -948, -10537, 1009, 15168, -4554, 1124, 44523
17489.4, 1621, -948, -10537, 1009, 15168, -4554, 1124, 44505
17493.6, 1834, -1088, -10960, 455, 22724, -12241, 3937, 44505
17497.3, 894, -1088, -10960, 455, 22724, -12241, 3937, 44509
17501.1, 1343, -1088, -10960, 455, 22724, -12241, 3937, 44519
17505.3, 1335, -887, -10756, 989, 34331, -18200, 4641, 44519
17509.1, 1245, -887, -10756, 989, 34331, -18200, 4641, 44496
17513.3, 1491, -501, -10421, 1269, 40683, -24382, 3478, 44496
17517.0, 1596, -501, -10421, 1269, 40683, -24382, 3478, 44484
17520.7, 1262, -501, -10421, 1269, 40683, -24382, 3478, 44470
17525.0, 1495, -433, -10395, 1202, 43308, -22216, 5026, 44470
17528.7, 2401, -433, -10395, 1202, 43308, -22216, 5026, 44464
17532.9, 1272, -487, -10891, 1503, 49083, -12153, 10662, 44464
17536.7, 1292, -487, -10891, 1503, 49083, -12153, 10662, 44433
17539.0, 44, -487, -10891, 1503, 49083, -12153, 10662, 44433
17544.8, 1375, -314, -10820, 1850, 51879, -2266, 14905, 44428
17548.5, 1790, -314, -10820, 1850, 51879, -2266, 14905, 44366
17552.7, 1570, -311, -10501, 2253, 56600, -787, 15177, 44366
17556.5, 1269, -311, -10501, 2253, 56600, -787, 15177, 44324
17558.8, 43, -311, -10501, 2253, 56600, -787, 15177, 44324
17564.5, 1376, -479, -10055, 2818, 63206, -3906, 15312, 44288
17568.3, 1172, -479, -10055, 2818, 63206, -3906, 15312, 44247
17574.0, 1995, -771, -10179, 2112, 66514, 682, 19062, 44204
17577.7, 1492, -771, -10179, 2112, 66514, 682, 19062, 44177
17583.5, 1555, -1004, -10742, 2419, 71138, 9870, 25165, 44167
17585.7, 672, -1004, -10742, 2419, 71138, 9870, 25165, 44167
17588.0, 204, -1004, -10742, 2419, 71138, 9870, 25165, 44167
17593.7, 793, -875, -10936, 2977, 75771, 9787, 29032, 44177
17595.9, 145, -875, -10936, 2977, 75771, 9787, 29032, 44177
17600.2, 2016, -844, -10590, 2738, 78523, 8999, 31924, 44177
17604.0, 1395, -844, -10590, 2738, 78523, 8999, 31924, 44160
17606.2, 143, -844, -10590, 2738, 78523, 8999, 31924, 44160
17610.5, 1781, -1096, -10357, 2715, 82833, 12328, 35564, 44160
17614.2, 313, -1096, -10357, 2715, 82833, 12328, 35564, 44147
17616.5, 16, -1096, -10357, 2715, 82833, 12328, 35564, 44147
17620.7, 1880, -1477, -10173, 3032, 87225, 12438, 38321, 44147
17624.4, 2222, -1477, -10173, 3032, 87225, 12438, 38321, 44133
17626.7, 973, -1477, -10173, 3032, 87225, 12438, 38321, 44133
17630.9, 1824, -1829, -10046, 3373, 89968, 10469, 40933, 44133
17634.6, 1904, -1829, -10046, 3373, 89968, 10469, 40933, 44091
17636.9, 746, -1829, -10046, 3373, 89968, 10469, 40933, 44091
17642.6, 784, -2070, -9908, 4502, 91994, 9336, 44498, 44078
17646.3, 1583, -2070, -9908, 4502, 91994, 9336, 44498, 44009
17650.6, 1756, -1785, -10115, 5201, 95901, 4200, 47434, 44009
17654.3, 1007, -1785, -10115, 5201, 95901, 4200, 47434, 43990
17658.5, 1140, -1443, -9869, 5123, 98443, -1951, 49433, 43990
17662.2, 1932, -1443, -9869, 5123, 98443, -1951, 49433, 43950
17666.0, 2359, -1443, -9869, 5123, 98443, -1951, 49433, 43936
17670.3, 989, -1231, -9847, 4926, 98080, -5381, 51201, 43936
17674.0, 1088, -1231, -9847, 4926, 98080, -5381, 51201, 44428
17678.3, 733, -1152, -9815, 4429, 100635, -5840, 54049, 44428
17682.0, 1822, -1152, -9815, 4429, 100635, -5840, 54049, 43898
17685.8, 2038, -1152, -9815, 4429, 100635, -5840, 54049, 43870
17690.0, 862, -1315, -9830, 3739, 103496, 2843, 59076, 43870
17693.7, 200, -1315, -9830, 3739, 103496, 2843, 59076, 43804
17697.9, 1992, -1674, -9891, 4317, 106021, 12972, 62502, 43804
17701.6, 2847, -1674, -9891, 4317, 106021, 12972, 62502, 43834
17703.9, 1963, -1674, -9891, 4317, 106021, 12972, 62502, 43834
17709.7, 1465, -2170, -9879, 4720, 108418, 15680, 63486, 43825
17713.4, 546, -2170, -9879, 4720, 108418, 15680, 63486, 43846
17719.1, 1586, -2585, -9710, 5391, 111008, 14848, 63604, 43834
17722.8, 414, -2585, -9710, 5391, 111008, 14848, 63604, 43819
17728.5, 1524, -2889, -9408, 5877, 113445, 12000, 64807, 43807
17732.3, 2984, -2889, -9408, 5877, 113445, 12000, 64807, 43797
17738.0, 308, -2891, -9332, 5806, 116753, 7721, 67485, 43789
17741.7, 200, -2891, -9332, 5806, 116753, 7721, 67485, 43799
17747.5, 3190, -2684, -9440, 6519, 118988, 2327, 70110, 43806
17751.2, 2421, -2684, -9440, 6519, 118988, 2327, 70110, 43823
17753.5, 847, -2684, -9440, 6519, 118988, 2327, 70110, 43823
17759.2, 180, -2272, -9369, 6444, 121430, -4313, 71199, 43810
17761.5, 11, -2272, -9369, 6444, 121430, -4313, 71199, 43810
17765.8, 1175, -2215, -9075, 6867, 122602, -8338, 72617, 43810
17769.8, 653, -2215, -9075, 6867, 122602, -8338, 72617, 43852
17772.1, 857, -2215, -9075, 6867, 122602, -8338, 72617, 43852
17777.9, 2384, -2379, -8818, 6531, 124072, -9415, 75579, 43864
17781.6, 1814, -2379, -8818, 6531, 124072, -9415, 75579, 43871
17785.9, 896, -2440, -8712, 6093, 124041, -7555, 78173, 43871
17789.7, 253, -2440, -8712, 6093, 124041, -7555, 78173, 43902
17791.9, 15, -2440, -8712, 6093, 124041, -7555, 78173, 43902
17797.7, 130, -2477, -8606, 6317, 127135, -7700, 78865, 43870
17801.4, 2491, -2477, -8606, 6317, 127135, -7700, 78865, 43867
17805.7, 2343, -2680, -8641, 5970, 130963, -5298, 78865, 43867
17809.5, 1493, -2680, -8641, 5970, 130963, -5298, 78865, 43852
17813.7, 883, -2885, -8407, 6605, 132923, 498, 79661, 43852
17817.5, 820, -2885, -8407, 6605, 132923, 498, 79661, 43838
17821.2, 728, -2885, -8407, 6605, 132923, 498, 79661, 43821
17825.5, 1074, -2925, -8086, 6218, 131545, 4025, 80986, 43821
17829.2, 621, -2925, -8086, 6218, 131545, 4025, 80986, 43732
17833.4, 1645, -3424, -7503, 6901, 133702, 3058, 82614, 43732
17837.1, 2390, -3424, -7503, 6901, 133702, 3058, 82614, 43772
17840.9, 2297, -3424, -7503, 6901, 133702, 3058, 82614, 43748
17845.1, 964, -3755, -7460, 6855, 135360, 1386, 84819, 43748
17848.8, 839, -3755, -7460, 6855, 135360, 1386, 84819, 43719
17853.1, 931, -3778, -7523, 7757, 137386, -1028, 85344, 43719
17856.8, 849, -3778, -7523, 7757, 137386, -1028, 85344, 43674
17859.1, 342, -3778, -7523, 7757, 137386, -1028, 85344, 43674
17864.9, 802, -3530, -7416, 7738, 140194, -6825, 82513, 43637
17868.6, 811, -3530, -7416, 7738, 140194, -6825, 82513, 43584
17872.8, 491, -3304, -6837, 7538, 139451, -11965, 78239, 43584
17876.6, 2180, -3304, -6837, 7538, 139451, -11965, 78239, 43575
17878.8, 1904, -3304, -6837, 7538, 139451, -11965, 78239, 43575
17884.6, 3126, -3020, -6278, 7974, 140011, -15242, 77583, 43562
17888.3, 2925, -3020, -6278, 7974, 140011, -15242, 77583, 43554
17894.0, 257, -3020, -5849, 7067, 139197, -15343, 81205, 43528
17897.7, 65, -3020, -5849, 7067, 139197, -15343, 81205, 43544
17903.4, 1677, -2987, -5653, 7091, 140168, -14144, 86473, 43493
17907.2, 2616, -2987, -5653, 7091, 140168, -14144, 86473, 43454
17912.9, 2774, -3261, -5365, 6565, 141708, -12083, 90008, 43427
17916.6, 1999, -3261, -5365, 6565, 141708, -12083, 90008, 43389
17920.9, 1361, -3261, -5365, 6565, 142561, -5753, 90423, 43389
17924.7, 1690, -3261, -5365, 6565, 142561, -5753, 90423, 43367
17926.9, 872, -3261, -5365, 6565, 142561, -5753, 90423, 43367
17932.6, 716, -4052, -5560, 8665, 143196, -586, 88507, 43348
17936.4, 2208, -4052, -5560, 8665, 143196, -586, 88507, 43302
17940.6, 1567, -4052, -5560, 8482, 142334, 2966, 84762, 43302
17944.4, 217, -4052, -5560, 8482, 142334, 2966, 84762, 43267
17946.7, 22, -4052, -5560, 8482, 142334, 2966, 84762, 43267
17951.0, 1903, -3900, -5399, 9156, 142802, -503, 79827, 43267
17954.7, 2076, -3900, -5399, 9156, 142802, -503, 79827, 41638
17957.0, 2475, -3900, -5399, 9156, 142802, -503, 79827, 41638
17962.7, 2597, -3533, -4764, 8306, 140391, -8526, 76480, 41596
17966.4, 974, -3533, -4764, 8306, 140391, -8526, 76480, 41546
17970.7, 488, -3543, -4220, 7134, 137617, -10705, 76528, 41546
17974.4, 1571, -3543, -4220, 7134, 137617, -10705, 76528, 41505
17978.6, 2494, -3543, -4220, 7134, 137617, -10705, 76528, 41505
17982.3, 2190, -3543, -4220, 7134, 137617, -10705, 76528, 43091
17986.0, 1257, -3543, -4220, 7134, 137617, -10705, 76528, 41412
17990.3, 2455, -3917, -4149, 7375, 135649, -2169, 82846, 41412
17994.0, 858, -3917, -4149, 7375, 135649, -2169, 82846, 41361
17998.2, 593, -3917, -4149, 7375, 135649, -2169, 82846, 41361
18002.0, 1844, -3917, -4149, 7375, 135649, -2169, 82846, 41323
18005.8, 896, -3917, -4149, 7375, 135649, -2169, 82846, 41307
18010.0, 408, -4398, -4531, 8718, 140518, 384, 78869, 41307
18013.8, 984, -4398, -4531, 8718, 140518, 384, 78869, 41241
18018.0, 3111, -4398, -4531, 8718, 140518, 384, 78869, 41241
18021.7, 3233, -4398, -4531, 8718, 140518, 384, 78869, 41189
18024.0, 2494, -4398, -4531, 8718, 140518, 384, 78869, 41189
18029.8, 550, -3482, -3767, 8837, 134857, -4869, 67704, 41146
18033.5, 1606, -3482, -3767, 8837, 134857, -4869, 67704, 41091
18037.7, 766, -3482, -3767, 8837, 134857, -4869, 67704, 41091
18041.5, 871, -3482, -3767, 8837, 134857, -4869, 67704, 41063
18043.8, 844, -3482, -3767, 8837, 134857, -4869, 67704, 41063
18049.5, 3031, -3085, -2648, 7245, 132057, -10049, 66964, 41018
18053.2, 975, -3085, -2648, 7245, 132057, -10049, 66964, 40989
18059.0, 323, -3085, -2648, 7820, 131685, -4930, 70626, 40971
18062.7, 2566, -3085, -2648, 7820, 131685, -4930, 70626, 40913
18068.4, 1020, -3415, -2392, 7820, 131685, -4930, 70626, 40882
18072.2, 450, -3415, -2392, 7820, 131685, -4930, 70626, 40847
18077.9, 3207, -3591, -2576, 8654, 130980, 354, 73772, 40801
18081.6, 2129, -3591, -2576, 8654, 130980, 354, 73772, 40778
18085.9, 507, -3579, -2598, 8328, 130521, -2515, 72998, 40778
18089.7, 866, -3579, -2598, 8328, 130521, -2515, 72998, 40726
18092.0, 1949, -3579, -2598, 8328, 130521, -2515, 72998, 40726
18097.7, 1921, -3791, -2449, 7737, 132135, -6269, 69979, 40722
18101.4, 521, -3791, -2449, 7737, 132135, -6269, 69979, 40658
18105.7, 1239, -4336, -2504, 7779, 132940, -2406, 66601, 40658
18109.5, 112, -4336, -2504, 7779, 132940, -2406, 66601, 40604
18111.7, 517, -4336, -2504, 7779, 132940, -2406, 66601, 40604
18116.0, 3207, -4298, -2301, 7953, 132560, 2760, 62086, 40604
18119.7, 2646, -4298, -2301, 7953, 132560, 2760, 62086, 40568
18124.0, 1481, -4345, -2117, 8150, 130385, 4991, 55572, 40568
18127.8, 1211, -4345, -2117, 8150, 130385, 4991, 55572, 40480
18131.5, 787, -4345, -2117, 8150, 130385, 4991, 55572, 40477
18135.8, 1904, -4264, -1286, 8068, 127629, 2576, 50072, 40477
18139.5, 2520, -4264, -1286, 8068, 127629, 2576, 50072, 40422
18143.7, 867, -4191, -863, 8378, 126478, -8, 47963, 40422
18147.5, 1047, -4191, -863, 8378, 126478, -8, 47963, 40391
18151.3, 1449, -4191, -863, 8378, 126478, -8, 47963, 40371
18155.5, 1036, -3739, -522, 8021, 126728, -2441, 47928, 40371
18159.3, 1304, -3739, -522, 8021, 126728, -2441, 47928, 40309
18163.5, 1749, -3243, -455, 7384, 125503, -975, 46970, 40309
18167.3, 1009, -3243, -455, 7384, 125503, -975, 46970, 40236
18171.0, 1475, -3243, -455, 7384, 125503, -975, 46970, 40219
18175.3, 1949, -3032, 89, 8769, 126614, 113, 45526, 40219
18179.0, 3149, -3032, 89, 8769, 126614, 113, 45526, 40173
18183.2, 2697, -3077, 326, 8520, 126115, 6068, 46078, 40173
18186.9, 1886, -3077, 326, 8520, 126115, 6068, 46078, 40140
18190.6, 1777, -3077, 326, 8520, 126115, 6068, 46078, 40126
18194.9, 416, -3283, 270, 7143, 124238, 9900, 47465, 40126
18198.6, 125, -3283, 270, 7143, 124238, 9900, 47465, 40058
18202.9, 2051, -4171, 476, 6598, 123727, 14923, 48462, 40058
18206.6, 2315, -4171, 476, 6598, 123727, 14923, 48462, 40023
18208.9, 1939, -4171, 476, 6598, 123727, 14923, 48462, 40023
18214.7, 1979, -4822, 669, 7034, 122335, 20628, 48519, 39968
18218.4, 2628, -4822, 669, 7034, 122335, 20628, 48519, 39926
18224.1, 1052, -4934, 999, 7593, 120323, 19543, 45483, 39908
18226.4, 94, -4934, 999, 7593, 120323, 19543, 45483, 39908
18228.6, 18, -4934, 999, 7593, 120323, 19543, 45483, 39908
18234.3, 1581, -4633, 1532, 10209, 120121, 13549, 40224, 39877
18236.6, 3032, -4633, 1532, 10209, 120121, 13549, 40224, 39877
18240.8, 3236, -3479, 1509, 10555, 118301, 3517, 33644, 39877
18244.5, 1191, -3479, 1509, 10555, 118301, 3517, 33644, 39879
18246.8, 42, -3479, 1509, 10555, 118301, 3517, 33644, 39879
18251.0, 1973, -2465, 1613, 8312, 114710, -6584, 28490, 39879
18254.7, 2958, -2465, 1613, 8312, 114710, -6584, 28490, 39948
18257.0, 1889, -2465, 1613, 8312, 114710, -6584, 28490, 39948
18262.7, 1081, -2559, 1951, 6190, 114705, -8225, 29754, 39945
18266.4, 1470, -2559, 1951, 6190, 114705, -8225, 29754, 39949
18270.6, 798, -2947, 1980, 4561, 110689, 3998, 36562, 39949
18274.4, 1196, -2947, 1980, 4561, 110689, 3998, 36562, 39957
18276.6, 1597, -2947, 1980, 4561, 110689, 3998, 36562, 39957
18280.9, 3222, -3844, 2534, 5534, 109709, 18961, 41965, 39957
18284.7, 1752, -3844, 2534, 5534, 109709, 18961, 41965, 39950
18288.9, 425, -4766, 2609, 7232, 105916, 26718, 43628, 39950
18292.6, 2552, -4766, 2609, 7232, 105916, 26718, 43628, 39944
18296.4, 2157, -4766, 2609, 7232, 105916, 26718, 43628, 39941
18300.6, 193, -4717, 2806, 9036, 103719, 24832, 42810, 39941
18304.4, 450, -4717, 2806, 9036, 103719, 24832, 42810, 39941
18308.6, 3095, -4420, 2589, 8979, 102678, 11602, 36470, 39941
18312.3, 2405, -4420, 2589, 8979, 102678, 11602, 36470, 39932
18316.1, 266, -4420, 2589, 8979, 102678, 11602, 36470, 39947
18320.3, 1990, -4411, 2756, 8340, 100674, -1316, 28346, 39947
18324.0, 2488, -4411, 2756, 8340, 100674, -1316, 28346, 39928
18328.2, 2156, -4080, 2944, 8249, 97489, -8666, 24237, 39928
18332.0, 2151, -4080, 2944, 8249, 97489, -8666, 24237, 39915
18335.7, 2269, -4080, 2944, 8249, 97489, -8666, 24237, 39923
18340.0, 761, -3145, 2766, 6804, 93840, -17150, 24132, 39923
18343.7, 276, -3145, 2766, 6804, 93840, -17150, 24132, 39914
18347.9, 2119, -2333, 3412, 4815, 90817, -21914, 26092, 39914
18351.6, 3051, -2333, 3412, 4815, 90817, -21914, 26092, 39924
18353.9, 2891, -2333, 3412, 4815, 90817, -21914, 26092, 39924
18359.6, 143, -2748, 4300, 4297, 85930, -8728, 28564, 39946
18363.3, 113, -2748, 4300, 4297, 85930, -8728, 28564, 39908
18369.0, 2877, -3664, 4664, 6080, 85655, 10670, 32375, 39912
18372.8, 1979, -3664, 4664, 6080, 85655, 10670, 32375, 39908
18378.5, 198, -4332, 4628, 7573, 85869, 20532, 36264, 39898
18382.2, 2912, -4332, 4628, 7573, 85869, 20532, 36264, 39897
18388.0, 1692, -4651, 3906, 8898, 82513, 18419, 34265, 39883
18391.7, 1037, -4651, 3906, 8898, 82513, 18419, 34265, 39879
18395.9, 868, -4612, 3568, 8837, 80085, 2143, 26390, 39879
18399.6, 98, -4612, 3568, 8837, 80085, 2143, 26390, 39862
18401.9, 605, -4612, 3568, 8837, 80085, 2143, 26390, 39862
18407.6, 3232, -4273, 3768, 7961, 77640, -12569, 18178, 39856
18411.3, 1581, -4273, 3768, 7961, 77640, -12569, 18178, 39869
18415.6, 190, -3671, 3933, 4941, 74590, -20825, 15163, 39869
18419.3, 2225, -3671, 3933, 4941, 74590, -20825, 15163, 39850
18421.6, 1413, -3671, 3933, 4941, 74590, -20825, 15163, 39850
18425.8, 393, -3172, 4798, 3470, 72179, -17653, 18580, 39850
18429.6, 1423, -3172, 4798, 3470, 72179, -17653, 18580, 39843
18431.8, 1532, -3172, 4798, 3470, 72179, -17653, 18580, 39843
18437.6, 1021, -3008, 5513, 4520, 70919, 761, 23165, 39842
18441.3, 2017, -3008, 5513, 4520, 70919, 761, 23165, 39836
18445.6, 2004, -3168, 6001, 7505, 68023, 17736, 25847, 39836
18449.4, 2371, -3168, 6001, 7505, 68023, 17736, 25847, 39829
18451.6, 859, -3168, 6001, 7505, 68023, 17736, 25847, 39829
18455.9, 947, -3239, 6212, 10406, 63162, 16962, 24806, 39829
18459.6, 3229, -3239, 6212, 10406, 63162, 16962, 24806, 39787
18463.8, 1429, -3487, 5370, 9543, 62392, 2423, 22938, 39787
18467.6, 173, -3487, 5370, 9543, 62392, 2423, 22938, 39817
18471.3, 1024, -3487, 5370, 9543, 62392, 2423, 22938, 39802
18475.6, 1705, -4362, 4582, 7670, 63101, -15898, 22584, 39802
18479.4, 2288, -4362, 4582, 7670, 63101, -15898, 22584, 39790
18483.6, 2750, -4783, 3975, 5101, 60992, -24723, 22693, 39790
18487.3, 551, -4783, 3975, 5101, 60992, -24723, 22693, 39799
18491.1, 175, -4783, 3975, 5101, 60992, -24723, 22693, 39792
18495.3, 2656, -4356, 4399, 4018, 62497, -21175, 19311, 39792
18499.1, 770, -4356, 4399, 4018, 62497, -21175, 19311, 39791
18503.3, 2928, -3187, 5554, 4077, 59562, -9865, 13562, 39791
18507.0, 2049, -3187, 5554, 4077, 59562, -9865, 13562, 39764
18510.8, 1041, -3187, 5554, 4077, 59562, -9865, 13562, 39767
18515.0, 618, -2867, 6513, 6533, 58258, 3911, 9012, 39767
18518.7, 1200, -2867, 6513, 6533, 58258, 3911, 9012, 39766
18522.9, 1392, -3351, 6873, 7837, 60354, 5595, 11484, 39766
18526.7, 3128, -3351, 6873, 7837, 60354, 5595, 11484, 39747
18529.0, 2772, -3351, 6873, 7837, 60354, 5595, 11484, 39747
18534.8, 259, -3700, 6301, 8346, 59269, -1583, 16292, 39746
18538.5, 2788, -3700, 6301, 8346, 59269, -1583, 16292, 39761
18542.7, 1496, -3695, 5697, 7820, 54574, -9113, 16673, 39761
18546.5, 510, -3695, 5697, 7820, 54574, -9113, 16673, 39767
18548.8, 1773, -3695, 5697, 7820, 54574, -9113, 16673, 39767
18554.5, 2679, -3520, 5876, 5784, 50877, -17084, 14932, 39749
18556.7, 962, -3520, 5876, 5784, 50877, -17084, 14932, 39749
18561.0, 866, -3520, 5876, 5784, 50877, -22107, 17609, 39749
18564.7, 1329, -3520, 5876, 5784, 50877, -22107, 17609, 39742
18567.0, 141, -3520, 5876, 5784, 50877, -22107, 17609, 39742
18572.7, 2636, -3503, 6416, 4860, 51949, -14542, 23148, 39738
18576.4, 822, -3503, 6416, 4860, 51949, -14542, 23148, 39728
18580.7, 1969, -3522, 6549, 4389, 51949, -4466, 22597, 39728
18584.4, 2366, -3522, 6549, 4389, 51949, -4466, 22597, 39729
18586.7, 695, -3522, 6549, 4389, 51949, -4466, 22597, 39729
18590.9, 1222, -3071, 6698, 5946, 50173, -3031, 17456, 39729
18594.6, 1779, -3071, 6698, 5946, 50173, -3031, 17456, 39804
18596.9, 1175, -3071, 6698, 5946, 50173, -3031, 17456, 39804
18602.6, 1113, -2950, 7403, 6521, 51140, -9393, 14503, 39807
18606.3, 1542, -2950, 7403, 6521, 51140, -9393, 14503, 39804
18610.6, 2945, -2971, 7454, 6521, 54439, -16555, 14980, 39804
18614.3, 1844, -2971, 7454, 6521, 54439, -16555, 14980, 39740
18616.6, 434, -2971, 7454, 6521, 54439, -16555, 14980, 39740
18620.8, 1220, -3576, 6731, 4926, 55042, -16463, 15548, 39740
18624.6, 1368, -3576, 6731, 4926, 55042, -16463, 15548, 39807
18628.9, 2343, -3874, 6620, 4926, 55042, -16463, 15548, 39807
18632.6, 981, -3874, 6620, 4926, 55042, -16463, 15548, 39800
18636.3, 1284, -3874, 6620, 4926, 55042, -16463, 15548, 39809
18640.6, 2573, -4003, 6208, 5148, 53340, -13164, 10666, 39809
18644.3, 1374, -4003, 6208, 5148, 53340, -13164, 10666, 39822
18648.6, 1355, -3933, 7144, 5148, 53340, -13164, 10666, 39822
18652.3, 1145, -3933, 7144, 5148, 53340, -13164, 10666, 39827
18656.1, 1447, -3933, 7144, 5148, 53340, -13164, 10666, 39791
18660.3, 1542, -3322, 7858, 6564, 46445, -13217, 12114, 39791
18664.1, 2331, -3322, 7858, 6564, 46445, -13217, 12114, 39838
18668.3, 1460, -2055, 7957, 6564, 46445, -13217, 12114, 39838
18672.0, 1799, -2055, 7957, 6564, 46445, -13217, 12114, 39846
18675.8, 2451, -2055, 7957, 6564, 46445, -13217, 12114, 39850
18680.0, 803, -2224, 7704, 5600, 43295, -20799, 16467, 39850
18683.7, 1222, -2224, 7704, 5600, 43295, -20799, 16467, 39894
18687.9, 2266, -3086, 7070, 5600, 43295, -20799, 16467, 39894
18691.7, 1487, -3086, 7070, 5600, 43295, -20799, 16467, 39862
18694.0, 779, -3086, 7070, 5600, 43295, -20799, 16467, 39862
18699.8, 1929, -3778, 7121, 4018, 43391, -8929, 14621, 39873
18703.5, 835, -3778, 7121, 4018, 43391, -8929, 14621, 39882
18707.8, 2626, -4007, 7301, 4018, 43391, -8929, 14621, 39882
18711.5, 2779, -4007, 7301, 4018, 43391, -8929, 14621, 39882
18713.8, 1721, -4007, 7301, 4018, 43391, -8929, 14621, 39882
18719.5, 924, -4138, 6174, 5019, 42678, -5473, 16183, 39910
18721.8, 1071, -4138, 6174, 5019, 42678, -5473, 16183, 39910
18727.5, 1175, -3509, 6522, 5775, 38828, -4073, 15745, 39905
18731.2, 1925, -3509, 6522, 5775, 38828, -4073, 15745, 39856
18735.5, 2025, -2788, 6791, 6278, 33701, -6610, 12031, 39856
18739.2, 1097, -2788, 6791, 6278, 33701, -6610, 12031, 39935
18741.5, 818, -2788, 6791, 6278, 33701, -6610, 12031, 39935
18745.7, 2613, -2739, 7417, 6043, 28678, -9231, 9222, 39935
18749.4, 1773, -2739, 7417, 6043, 28678, -9231, 9222, 39937
18751.7, 921, -2739, 7417, 6043, 28678, -9231, 9222, 39937
18755.9, 1303, -2587, 7493, 5142, 25274, -9323, 7393, 39937
18759.6, 1549, -2587, 7493, 5142, 25274, -9323, 7393, 39956
18761.9, 1744, -2587, 7493, 5142, 25274, -9323, 7393, 39956
18767.6, 1665, -2529, 7330, 5426, 20733, -4585, 5398, 39951
18771.3, 785, -2529, 7330, 5426, 20733, -4585, 5398, 39988
18775.6, 2110, -2397, 7332, 4550, 15837, -3447, 4628, 39988
18779.4, 2572, -2397, 7332, 4550, 15837, -3447, 4628, 40011
18783.6, 1605, -2751, 7086, 4686, 11270, -1544, 3198, 40011
18787.3, 907, -2751, 7086, 4686, 11270, -1544, 3198, 40049
18791.1, 2520, -2751, 7086, 4686, 11270, -1544, 3198, 40115
18795.4, 2041, -2901, 7287, 4494, 5350, -691, 1623, 40115
18799.1, 1654, -2901, 7287, 4494, 5350, -691, 1623, 40104
18803.3, 1442, -2906, 6870, 5181, 524, 1194, 1789, 40104
18807.0, 1253, -2906, 6870, 5181, 524, 1194, 1789, 40127
18810.7, 782, -2906, 6870, 5181, 524, 1194, 1789, 40153
18815.0, 2971, -3037, 6827, 5036, -4760, 2773, 2196, 40153
18818.7, 2267, -3037, 6827, 5036, -4760, 2773, 2196, 40176
18822.9, 647, -2819, 7163, 5023, -10106, 4672, 1093, 40176
18826.7, 1786, -2819, 7163, 5023, -10106, 4672, 1093, 40212
18829.0, 2185, -2819, 7163, 5023, -10106, 4672, 1093, 40212
18834.7, 2184, -2431, 7368, 5235, -16555, 6343, -1308, 40224
18838.5, 964, -2431, 7368, 5235, -16555, 6343, -1308, 40252
18842.7, 1669, -2422, 7354, 5460, -21442, 7918, -4138, 40252
18846.4, 1914, -2422, 7354, 5460, -21442, 7918, -4138, 40305
18848.7, 939, -2422, 7354, 5460, -21442, 7918, -4138, 40305
18854.4, 1439, -2298, 7421, 5148, -26836, 7966, -5206, 40290
18858.2, 1695, -2298, 7421, 5148, -26836, 7966, -5206, 40317
18863.9, 2261, -2069, 7203, 4926, -32874, 7065, -4484, 40328
18867.6, 1190, -2069, 7203, 4926, -32874, 7065, -4484, 40353
18873.3, 2044, -2502, 7170, 5487, -36120, 7857, -5245, 40398
18877.0, 1198, -2502, 7170, 5487, -36120, 7857, -5245, 40417
18882.8, 1769, -2830, 6979, 4858, -39178, 8395, -7131, 40389
18886.5, 2167, -2830, 6979, 4858, -39178, 8395, -7131, 40492
18890.8, 2283, -3116, 7216, 4374, -40036, 10885, -8728, 40492
18894.6, 1113, -3116, 7216, 4374, -40036, 10885, -8728, 40501
18896.8, 479, -3116, 7216, 4374, -40036, 10885, -8728, 40501
18902.6, 1213, -3141, 6952, 5558, -39248, 13685, -10320, 40520
18906.3, 1991, -3141, 6952, 5558, -39248, 13685, -10320, 40564
18910.6, 535, -2712, 7356, 5587, -39506, 11773, -11257, 40564
18914.4, 1602, -2712, 7356, 5587, -39506, 11773, -11257, 40569
18916.6, 2959, -2712, 7356, 5587, -39506, 11773, -11257, 40569
18920.9, 2313, -2675, 7148, 5440, -42162, 6518, -12814, 40569
18924.6, 1276, -2675, 7148, 5440, -42162, 6518, -12814, 40591
18926.9, 1309, -2675, 7148, 5440, -42162, 6518, -12814, 40591
18932.6, 652, -2851, 7405, 5513, -43978, 7704, -12556, 40614
18936.3, 1294, -2851, 7405, 5513, -43978, 7704, -12556, 40654
18940.6, 1987, -3004, 7195, 5760, -47311, 8986, -11799, 40654
18944.4, 2219, -3004, 7195, 5760, -47311, 8986, -11799, 40646
18948.6, 1623, -3131, 7109, 5536, -49438, 7743, -10933, 40646
18952.3, 882, -3131, 7109, 5536, -49438, 7743, -10933, 40696
18956.1, 1747, -3131, 7109, 5536, -49438, 7743, -10933, 40680
18960.3, 1936, -3354, 7207, 5836, -49302, 4676, -10522, 40680
18964.1, 1687, -3354, 7207, 5836, -49302, 4676, -10522, 40736
18968.3, 1401, -3407, 6979, 5967, -51043, 1745, -10517, 40736
18972.0, 1447, -3407, 6979, 5967, -51043, 1745, -10517, 40765
18975.7, 1668, -3407, 6979, 5967, -51043, 1745, -10517, 40746
18980.0, 2177, -3217, 6783, 5620, -53743, 608, -10828, 40746
18983.7, 866, -3217, 6783, 5620, -53743, 608, -10828, 40802
18987.9, 1887, -3428, 6750, 5367, -54478, -1041, -11764, 40802
18991.7, 2202, -3428, 6750, 5367, -54478, -1041, -11764, 40838
18994.0, 1758, -3428, 6750, 5367, -54478, -1041, -11764, 40838
18999.8, 1804, -3961, 6717, 5623, -55410, -1605, -12963, 40840
19003.5, 829, -3961, 6717, 5623, -55410, -1605, -12963, 40859
19007.7, 1177, -3755, 6564, 5486, -57309, 1999, -14910, 40859
19011.5, 1383, -3755, 6564, 5486, -57309, 1999, -14910, 40872
19013.8, 624, -3755, 6564, 5486, -57309, 1999, -14910, 40872
19019.5, 2863, -3748, 6281, 5613, -57182, 1929, -19049, 40877
19023.3, 2129, -3748, 6281, 5613, -57182, 1929, -19049, 40898
19029.0, 1900, -3352, 6357, 6370, -58446, 179, -22654, 40899
19032.7, 1094, -3352, 6357, 6370, -58446, 179, -22654, 40908
19038.5, 1652, -2410, 6596, 7848, -60677, -2861, -23944, 40899
19040.7, 1480, -2410, 6596, 7848, -60677, -2861, -23944, 40899
19043.0, 1173, -2410, 6596, 7848, -60677, -2861, -23944, 40899
19048.7, 632, -1861, 6917, 7674, -61649, -12153, -23524, 40880
19050.9, 943, -1861, 6917, 7674, -61649, -12153, -23524, 40880
19055.2, 2346, -1644, 6673, 6371, -65162, -20099, -22164, 40880
19059.0, 2040, -1644, 6673, 6371, -65162, -20099, -22164, 40920
19061.2, 1561, -1644, 6673, 6371, -65162, -20099, -22164, 40920
19065.5, 1567, -2076, 6821, 5684, -67227, -15522, -18209, 40920
19069.2, 914, -2076, 6821, 5684, -67227, -15522, -18209, 40903
19071.5, 1570, -2076, 6821, 5684, -67227, -15522, -18209, 40903
19075.7, 2375, -2679, 6604, 5167, -70679, -3395, -12622, 40903
19079.4, 1452, -2679, 6604, 5167, -70679, -3395, -12622, 40909
19081.7, 902, -2679, 6604, 5167, -70679, -3395, -12622, 40909
19085.9, 1770, -3485, 6184, 5703, -69966, 4825, -8653, 40909
19089.6, 2192, -3485, 6184, 5703, -69966, 4825, -8653, 40353
19091.9, 1974, -3485, 6184, 5703, -69966, 4825, -8653, 40353
19097.6, 2141, -4157, 5550, 6305, -68111, 7385, -8715, 40933
19101.3, 660, -4157, 5550, 6305, -68111, 7385, -8715, 40910
19105.6, 915, -4241, 4858, 6678, -67507, 3246, -13685, 40910
19109.3, 1860, -4241, 4858, 6678, -67507, 3246, -13685, 40909
19113.5, 1868, -4241, 4858, 6678, -65136, -3521, -21866, 40909
19117.6, 1687, -4241, 4858, 6678, -65136, -3521, -21866, 40951
19121.3, 1772, -4241, 4858, 6678, -65136, -3521, -21866, 40922
19125.6, 1949, -3428, 4886, 7511, -67629, -7573, -28927, 40922
19129.3, 1000, -3428, 4886, 7511, -67629, -7573, -28927, 40921
19133.6, 943, -3428, 5355, 6958, -72551, -10841, -33193, 40921
19137.3, 1515, -3428, 5355, 6958, -72551, -10841, -33193, 40934
19141.1, 2162, -3428, 5355, 6958, -72551, -10841, -33193, 40924
19145.3, 1692, -3056, 5800, 6645, -74888, -10163, -31938, 40924
19149.0, 1452, -3056, 5800, 6645, -74888, -10163, -31938, 40933
19153.2, 1097, -3056, 5800, 6396, -76926, -2340, -27129, 40933
19157.0, 1543, -3056, 5800, 6396, -76926, -2340, -27129, 40974
19160.7, 2693, -3056, 5800, 6396, -76926, -2340, -27129, 40998
19164.9, 2844, -3190, 5005, 6519, -80164, 3644, -25117, 40998
19168.7, 910, -3190, 5005, 6519, -80164, 3644, -25117, 41041
19172.9, 569, -3190, 5005, 7110, -77745, 5394, -25432, 41041
19176.6, 1612, -3190, 5005, 7110, -77745, 5394, -25432, 40590
19178.9, 1211, -3190, 5005, 7110, -77745, 5394, -25432, 40590
19184.6, 1186, -4367, 3920, 7651, -75273, 6461, -28074, 40551
19188.3, 1548, -4367, 3920, 7651, -75273, 6461, -28074, 40538
19194.0, 1477, -4367, 3920, 8346, -80059, 5705, -36068, 40414
19196.3, 1521, -4367, 3920, 8346, -80059, 5705, -36068, 40414
19198.5, 1415, -4367, 3920, 8346, -80059, 5705, -36068, 40414
19204.2, 1774, -2639, 4078, 8961, -85733, -4786, -45636, 40416
19206.5, 1531, -2639, 4078, 8961, -85733, -4786, -45636, 40416
19210.7, 2004, -2639, 4078, 8961, -85733, -4786, -45636, 40416
19214.4, 1521, -2639, 4078, 8961, -85733, -4786, -45636, 40386
19216.7, 1174, -2639, 4078, 8961, -85733, -4786, -45636, 40386
19220.9, 1369, -2017, 4908, 8137, -89465, -17876, -49162, 40386
19224.6, 979, -2017, 4908, 8137, -89465, -17876, -49162, 40358
19226.9, 753, -2017, 4908, 8137, -89465, -17876, -49162, 40358
19232.6, 1760, -2143, 5160, 6589, -90196, -19985, -32620, 40325
19236.3, 3003, -2143, 5160, 6589, -90196, -19985, -32620, 40302
19240.5, 2528, -2702, 4655, 5892, -91145, -7940, -32620, 40302
19244.3, 1386, -2702, 4655, 5892, -91145, -7940, -32620, 40263
19246.5, 1289, -2702, 4655, 5892, -91145, -7940, -32620, 40263
19250.8, 2053, -3454, 3839, 5988, -95030, 10657, -23865, 40263
19254.6, 1109, -3454, 3839, 5988, -95030, 10657, -23865, 40230
19258.8, 1646, -4103, 2857, 6921, -96264, 22934, -23865, 40230
19262.5, 1340, -4103, 2857, 6921, -96264, 22934, -23865, 40161
19266.3, 1092, -4103, 2857, 6921, -96264, 22934, -23865, 40134
19270.5, 1325, -4607, 2154, 8818, -90318, 15557, -36816, 40134
19274.3, 1724, -4607, 2154, 8818, -90318, 15557, -36816, 40057
19278.5, 1359, -4785, 2212, 9250, -85348, -577, -36816, 40057
19282.2, 463, -4785, 2212, 9250, -85348, -577, -36816, 40017
19286.0, 1566, -4785, 2212, 9250, -85348, -577, -36816, 39995
19290.3, 2813, -4058, 2493, 8921, -86053, -9148, -58061, 39995
19294.0, 1489, -4058, 2493, 8921, -86053, -9148, -58061, 39973
19298.3, 1686, -2955, 2905, 8213, -90362, -15509, -58061, 39973
19302.0, 1759, -2955, 2905, 8213, -90362, -15509, -58061, 39959
19305.7, 1149, -2955, 2905, 8213, -90362, -15509, -58061, 39934
19310.0, 2005, -2307, 3552, 7021, -95214, -18414, -51393, 39934
19313.7, 2562, -2307, 3552, 7021, -95214, -18414, -51393, 39931
19317.9, 1476, -2952, 3809, 7751, -95367, -11418, -51393, 39931
19321.7, 1128, -2952, 3809, 7751, -95367, -11418, -51393, 39912
19324.0, 1221, -2952, 3809, 7751, -95367, -11418, -51393, 39912
19329.8, 1214, -3673, 3131, 7331, -95892, 3386, -34274, 39905
19333.5, 1184, -3673, 3131, 7331, -95892, 3386, -34274, 39903
19337.7, 1415, -4170, 1716, 7067, -96247, 3386, -34274, 39903
19341.5, 1826, -4170, 1716, 7067, -96247, 3386, -34274, 39877
19343.8, 1829, -4170, 1716, 7067, -96247, 3386, -34274, 39877
19349.6, 906, -4445, 924, 8433, -95402, 542, -45548, 39858
19353.3, 674, -4445, 924, 8433, -95402, 542, -45548, 39868
19359.0, 2945, -4472, 944, 9523, -94011, 542, -45548, 39878
19361.3, 2351, -4472, 944, 9523, -94011, 542, -45548, 39878
19363.5, 1256, -4472, 944, 9523, -94011, 542, -45548, 39878
19369.3, 1895, -4484, 1303, 10256, -95271, -9550, -55357, 39924
19371.5, 1797, -4484, 1303, 10256, -95271, -9550, -55357, 39924
19375.8, 647, -3530, 1727, 10305, -98727, -15373, -63499, 39924
19379.5, 1164, -3530, 1727, 10305, -98727, -15373, -63499, 39925
19381.8, 2137, -3530, 1727, 10305, -98727, -15373, -63499, 39925
19387.5, 2177, -2448, 1934, 8175, -100932, -25322, -68391, 39975
19391.2, 1672, -2448, 1934, 8175, -100932, -25322, -68391, 39972
19395.5, 2348, -2714, 2489, 6992, -98859, -27912, -63403, 39972
19399.2, 1632, -2714, 2489, 6992, -98859, -27912, -63403, 39977
19401.5, 1377, -2714, 2489, 6992, -98859, -27912, -63403, 39977
19405.7, 1197, -3443, 1977, 6842, -100486, -11598, -49696, 39977
19409.4, 1504, -3443, 1977, 6842, -100486, -11598, -49696, 40590
19411.7, 1110, -3443, 1977, 6842, -100486, -11598, -49696, 40590
19415.9, 778, -4030, 641, 7222, -103164, 2765, -40521, 40590
19419.6, 2228, -4030, 641, 7222, -103164, 2765, -40521, 39994
19423.9, 2846, -4474, 91, 7737, -103829, 9620, -42508, 39994
19427.6, 1439, -4474, 91, 7737, -103829, 9620, -42508, 40002
19431.3, 1553, -4474, 91, 7737, -103829, 9620, -42508, 40016
19435.6, 1385, -4797, -644, 8354, -102591, 11672, -51463, 40016
19439.4, 1232, -4797, -644, 8354, -102591, 11672, -51463, 40021
19443.6, 1125, -5021, -1039, 10190, -95223, 8693, -60082, 40021
19447.3, 1312, -5021, -1039, 10190, -95223, 8693, -60082, 39993
19451.1, 792, -5021, -1039, 10190, -95223, 8693, -60082, 40003
19455.3, 2225, -4352, -1445, 10477, -94212, -839, -66597, 40003
19459.1, 2875, -4352, -1445, 10477, -94212, -839, -66597, 40015
19463.3, 1798, -2971, -964, 10463, -96448, -13873, -73072, 40015
19467.0, 2523, -2971, -964, 10463, -96448, -13873, -73072, 39999
19470.7, 1682, -2971, -964, 10463, -96448, -13873, -73072, 40013
19475.0, 1412, -2053, 171, 8985, -99099, -22483, -76226, 40013
19478.7, 1056, -2053, 171, 8985, -99099, -22483, -76226, 39999
19482.9, 1703, -2073, 1119, 7508, -101873, -21647, -70460, 39999
19486.7, 2314, -2073, 1119, 7508, -101873, -21647, -70460, 40026
19489.0, 2182, -2073, 1119, 7508, -101873, -21647, -70460, 40026
19494.8, 1141, -2970, 865, 7120, -103518, -14831, -57847, 40000
19498.5, 1400, -2970, 865, 7120, -103518, -14831, -57847, 40010
19502.7, 2022, -4605, -564, 7734, -97082, -2379, -44568, 40010
19506.5, 1490, -4605, -564, 7734, -97082, -2379, -44568, 40016
19508.8, 546, -4605, -564, 7734, -97082, -2379, -44568, 40016
19514.6, 1454, -5456, -2833, 7580, -92454, 11528, -38194, 40031
19518.3, 1380, -5456, -2833, 7580, -92454, 11528, -38194, 40037
19524.0, 1215, -5210, -4522, 7698, -90633, 15159, -48703, 40044
19526.3, 1200, -5210, -4522, 7698, -90633, 15159, -48703, 40044
19528.5, 1280, -5210, -4522, 7698, -90633, 15159, -48703, 40044
19534.3, 2468, -4584, -3741, 8918, -93976, 11593, -68867, 40062
19536.5, 1635, -4584, -3741, 8918, -93976, 11593, -68867, 40062
19540.7, 2229, -3942, -2124, 10406, -95407, 5180, -82890, 40062
19544.4, 1705, -3942, -2124, 10406, -95407, 5180, -82890, 40092
19546.7, 1274, -3942, -2124, 10406, -95407, 5180, -82890, 40092
19550.9, 1448, -3345, -864, 10240, -97100, -3749, -83852, 40092
19554.6, 1099, -3345, -864, 10240, -97100, -3749, -83852, 40080
19556.9, 362, -3345, -864, 10240, -97100, -3749, -83852, 40080
19562.6, 2076, -3236, -843, 9375, -97021, -10027, -76559, 40088
19566.3, 2921, -3236, -843, 9375, -97021, -10027, -76559, 40099
19570.6, 857, -3483, -1214, 9075, -96391, -7590, -67419, 40099
19574.4, 1497, -3483, -1214, 9075, -96391, -7590, -67419, 40109
19576.7, 1954, -3483, -1214, 9075, -96391, -7590, -67419, 40109
19580.9, 1797, -3602, -2446, 8240, -96938, 2261, -62314, 40109
19584.6, 548, -3602, -2446, 8240, -96938, 2261, -62314, 40108
19588.8, 695, -3750, -3205, 7998, -97900, 4843, -64396, 40108
19592.6, 1899, -3750, -3205, 7998, -97900, 4843, -64396, 40066
19596.3, 2415, -3750, -3205, 7998, -97900, 4843, -64396, 40097
19600.6, 1609, -4336, -2979, 9053, -93709, 3456, -67752, 40097
19604.4, 1555, -4336, -2979, 9053, -93709, 3456, -67752, 40093
19608.6, 1311, -4380, -2890, 8300, -93740, 5009, -67734, 40093
19612.3, 1385, -4380, -2890, 8300, -93740, 5009, -67734, 40103
19616.1, 1211, -4380, -2890, 8300, -93740, 5009, -67734, 40102
19620.3, 1106, -4146, -2626, 8359, -93259, 2471, -67026, 40102
19624.1, 1272, -4146, -2626, 8359, -93259, 2471, -67026, 40112
19628.3, 2146, -3671, -2391, 8399, -94007, 74, -66326, 40112
19632.0, 1772, -3671, -2391, 8399, -94007, 74, -66326, 40121
19635.8, 1971, -3671, -2391, 8399, -94007, 74, -66326, 40155
19640.0, 2244, -3671, -2577, 8520, -94348, 2051, -64974, 40155
19643.7, 1798, -3671, -2577, 8520, -94348, 2051, -64974, 40194
19647.9, 1439, -4044, -3228, 8845, -91071, 7936, -62585, 40194
19651.7, 2026, -4044, -3228, 8845, -91071, 7936, -62585, 40165
19654.0, 2001, -4044, -3228, 8845, -91071, 7936, -62585, 40165
19659.8, 785, -4178, -4436, 8300, -90012, 10793, -62563, 40171
19663.5, 760, -4178, -4436, 8300, -90012, 10793, -62563, 40183
19667.7, 2229, -4063, -4875, 8496, -90113, 8308, -66588, 40183
19671.5, 2491, -4063, -4875, 8496, -90113, 8308, -66588, 40180
19673.7, 1870, -4063, -4875, 8496, -90113, 8308, -66588, 40180
19679.5, 1415, -3685, -4547, 8318, -94274, 6234, -69659, 40003
19681.7, 1012, -3685, -4547, 8318, -94274, 6234, -69659, 40003
19686.0, 2050, -3405, -3819, 8801, -96610, 2839, -69274, 40003
19689.8, 948, -3405, -3819, 8801, -96610, 2839, -69274, 40207
19692.1, 886, -3405, -3819, 8801, -96610, 2839, -69274, 40207
19697.8, 645, -3278, -3693, 8636, -97301, -804, -64716, 40404
19701.5, 2090, -3278, -3693, 8636, -97301, -804, -64716, 40427
19705.7, 3009, -3407, -4117, 7954, -95796, -3071, -58914, 40427
19709.4, 2534, -3407, -4117, 7954, -95796, -3071, -58914, 40435
19711.7, 1741, -3407, -4117, 7954, -95796, -3071, -58914, 40435
19715.9, 1439, -3510, -4853, 8056, -93048, -568, -54653, 40435
19719.6, 1258, -3510, -4853, 8056, -93048, -568, -54653, 40468
19721.9, 1208, -3510, -4853, 8056, -93048, -568, -54653, 40468
19727.6, 1832, -3330, -5877, 6894, -92930, 3994, -54517, 40474
19731.3, 1803, -3330, -5877, 6894, -92930, 3994, -54517, 40453
19735.6, 1743, -3199, -6133, 7248, -91338, 2835, -58044, 40453
19739.4, 941, -3199, -6133, 7248, -91338, 2835, -58044, 40516
19741.6, 697, -3199, -6133, 7248, -91338, 2835, -58044, 40516
19745.9, 1499, -3264, -5726, 7817, -88302, 3451, -60244, 40516
19749.6, 2021, -3264, -5726, 7817, -88302, 3451, -60244, 40530
19753.8, 2456, -3264, -5726, 7817, -88463, 7966, -60454, 40530
19757.6, 1514, -3264, -5726, 7817, -88463, 7966, -60454, 40547
19761.3, 449, -3264, -5726, 7817, -88463, 7966, -60454, 40596
19765.6, 603, -3428, -5568, 7722, -88853, 8618, -58219, 40596
19769.4, 2456, -3428, -5568, 7722, -88853, 8618, -58219, 40599
19773.6, 2736, -3428, -5568, 7722, -92204, 11335, -56202, 40599
19777.3, 1728, -3428, -5568, 7722, -92204, 11335, -56202, 40598
19781.1, 1262, -3428, -5568, 7722, -92204, 11335, -56202, 40643
19785.4, 1153, -3719, -6174, 9214, -91430, 11659, -56232, 40643
19789.1, 1511, -3719, -6174, 9214, -91430, 11659, -56232, 40653
19793.3, 1399, -3719, -6174, 9214, -93613, 4843, -58354, 40653
19797.0, 1614, -3719, -6174, 9214, -93613, 4843, -58354, 40672
19800.7, 2133, -3719, -6174, 9214, -93613, 4843, -58354, 40724
19805.0, 1988, -3098, -6516, 8203, -94497, -3460, -61277, 40724
19808.7, 2482, -3098, -6516, 8203, -94497, -3460, -61277, 40716
19812.9, 1365, -3098, -6516, 8203, -94510, -6811, -60542, 40716
19816.7, 1411, -3098, -6516, 8203, -94510, -6811, -60542, 40721
19819.0, 1419, -3098, -6516, 8203, -94510, -6811, -60542, 40721
19824.7, 1651, -2690, -6248, 6655, -93342, -6807, -56044, 40740
19828.4, 1447, -2690, -6248, 6655, -93342, -6807, -56044, 40740
19834.1, 1458, -3042, -6450, 6820, -91850, -4191, -50462, 40763
19837.8, 1076, -3042, -6450, 6820, -91850, -4191, -50462, 40780
19843.5, 1358, -3042, -6450, 6820, -91850, -4191, -50462, 40794
19845.8, 1350, -3042, -6450, 6820, -91850, -4191, -50462, 40794
19848.0, 2068, -3042, -6450, 6820, -91850, -4191, -50462, 40794
19853.8, 1837, -3186, -6379, 6872, -92865, 2099, -50247, 40844
19856.0, 1549, -3186, -6379, 6872, -92865, 2099, -50247, 40844
19858.3, 1975, -3186, -6379, 6872, -92865, 2099, -50247, 40844
19864.0, 1290, -3422, -6359, 6379, -97472, 7984, -52951, 40833
19866.3, 703, -3422, -6359, 6379, -97472, 7984, -52951, 40833
19870.6, 1336, -3526, -6501, 7513, -97472, 7984, -52951, 40833
19874.4, 1264, -3526, -6501, 7513, -97472, 7984, -52951, 40843
19876.6, 1039, -3526, -6501, 7513, -97472, 7984, -52951, 40843
19880.9, 1419, -3375, -7091, 6878, -97244, 8216, -55423, 40843
19884.6, 1829, -3375, -7091, 6878, -97244, 8216, -55423, 40851
19886.9, 2179, -3375, -7091, 6878, -97244, 8216, -55423, 40851
19892.6, 1522, -3121, -7785, 6707, -94387, 3368, -56849, 40859
19896.3, 1441, -3121, -7785, 6707, -94387, 3368, -56849, 40872
19900.6, 1343, -2514, -8067, 7381, -88315, -3014, -56749, 40872
19904.4, 1462, -2514, -8067, 7381, -88315, -3014, -56749, 40876
19906.7, 1453, -2514, -8067, 7381, -88315, -3014, -56749, 40876
19910.9, 2268, -1795, -8053, 6097, -86958, -9725, -56040, 40876
19914.6, 1667, -1795, -8053, 6097, -86958, -9725, -56040, 40878
19918.8, 1271, -1444, -7760, 5851, -86534, -14988, -53428, 40878
19922.6, 793, -1444, -7760, 5851, -86534, -14988, -53428, 40880
19926.4, 2209, -1444, -7760, 5851, -86534, -14988, -53428, 40895
19930.6, 2502, -1593, -7387, 5292, -88792, -13466, -47351, 40895
19934.4, 1750, -1593, -7387, 5292, -88792, -13466, -47351, 40886
19938.6, 2096, -2031, -7733, 5605, -90362, -4208, -40101, 40886
19942.3, 1308, -2031, -7733, 5605, -90362, -4208, -40101, 40931
19946.1, 1474, -2031, -7733, 5605, -90362, -4208, -40101, 40920
19950.3, 1528, -2297, -8591, 5583, -91180, 2655, -36689, 40920
19954.1, 964, -2297, -8591, 5583, -91180, 2655, -36689, 40904
19958.3, 923, -2484, -9206, 5208, -89303, 5923, -39073, 40904
19962.0, 1751, -2484, -9206, 5208, -89303, 5923, -39073, 40922
19965.7, 2246, -2484, -9206, 5208, -89303, 5923, -39073, 40969
19970.0, 2418, -2493, -9259, 5636, -88162, 5538, -44529, 40969
19973.7, 1003, -2493, -9259, 5636, -88162, 5538, -44529, 40948
19977.9, 1054, -2401, -9261, 6225, -86394, 2113, -49578, 40948
19981.7, 1863, -2401, -9261, 6225, -86394, 2113, -49578, 40948
19984.0, 2371, -2401, -9261, 6225, -86394, 2113, -49578, 40948
19989.8, 1935, -2125, -9180, 5444, -83178, -2310, -50562, 40950
19993.5, 1546, -2125, -9180, 5444, -83178, -2310, -50562, 40947
19997.7, 1655, -1875, -9236, 4597, -79530, -4475, -47990, 40947
20001.5, 1420, -1875, -9236, 4597, -79530, -4475, -47990, 40974
20003.8, 1465, -1875, -9236, 4597, -79530, -4475, -47990, 40974
20009.5, 1698, -1599, -9139, 4849, -76918, -7105, -45316, 40999
20011.8, 1308, -1599, -9139, 4849, -76918, -7105, -45316, 40999
20017.6, 1549, -1516, -8909, 4208, -76432, -7735, -44096, 41044
20021.3, 1456, -1516, -8909, 4208, -76432, -7735, -44096, 41082
20025.6, 1605, -1728, -8931, 4576, -76134, -4200, -43243, 41082
20029.3, 1471, -1728, -8931, 4576, -76134, -4200, -43243, 41148
20031.6, 1061, -1728, -8931, 4576, -76134, -4200, -43243, 41148
20035.8, 1406, -2059, -9004, 5038, -77320, -905, -42779, 41148
20039.6, 2238, -2059, -9004, 5038, -77320, -905, -42779, 41228
20041.9, 1995, -2059, -9004, 5038, -77320, -905, -42779, 41228
20047.6, 2012, -2296, -9207, 5778, -78676, -988, -43168, 41289
20051.4, 1526, -2296, -9207, 5778, -78676, -988, -43168, 41366
20055.6, 1384, -2155, -9367, 6095, -79858, -4585, -45413, 41366
20059.4, 2172, -2155, -9367, 6095, -79858, -4585, -45413, 41423
20061.6, 1517, -2155, -9367, 6095, -79858, -4585, -45413, 41423
20065.9, 1472, -1918, -9115, 5472, -80370, -9126, -48007, 41423
20069.7, 1898, -1918, -9115, 5472, -80370, -9126, -48007, 41490
20073.9, 1608, -1577, -8995, 4981, -78436, -12280, -47386, 41490
20077.6, 1222, -1577, -8995, 4981, -78436, -12280, -47386, 41534
20081.4, 1412, -1577, -8995, 4981, -78436, -12280, -47386, 41579
20085.6, 2488, -1009, -8867, 3745, -78195, -13702, -43680, 41579
20089.4, 2311, -1009, -8867, 3745, -78195, -13702, -43680, 41659
20093.6, 2061, -1029, -8736, 3649, -76415, -13361, -39104, 41659
20097.3, 1589, -1029, -8736, 3649, -76415, -13361, -39104, 41739
20101.1, 1343, -1029, -8736, 3649, -76415, -13361, -39104, 41801
20105.3, 1521, -1252, -9106, 3525, -72840, -8982, -33989, 41801
20109.0, 1631, -1252, -9106, 3525, -72840, -8982, -33989, 41846
20113.2, 1779, -1365, -9849, 2589, -72919, -2826, -30677, 41846
20116.9, 1653, -1365, -9849, 2589, -72919, -2826, -30677, 41909
20120.7, 1629, -1365, -9849, 2589, -72919, -2826, -30677, 41959
20124.9, 1674, -1594, -9969, 3022, -70206, -1960, -31832, 41959
20128.7, 1493, -1594, -9969, 3022, -70206, -1960, -31832, 42016
20132.9, 918, -1797, -9783, 3273, -68382, -3233, -34764, 42016
20136.6, 1617, -1797, -9783, 3273, -68382, -3233, -34764, 42076
20138.9, 1895, -1797, -9783, 3273, -68382, -3233, -34764, 42076
20144.6, 2195, -1872, -9776, 3924, -68802, -2480, -35420, 42146
20148.3, 1696, -1872, -9776, 3924, -68802, -2480, -35420, 42184
20154.0, 2438, -1628, -9965, 5031, -67822, -4484, -33968, 42245
20157.8, 1593, -1628, -9965, 5031, -67822, -4484, -33968, 42291
20163.5, 1978, -994, -10088, 4678, -66474, -9445, -32839, 42364
20165.7, 1524, -994, -10088, 4678, -66474, -9445, -32839, 42364
20168.0, 1339, -994, -10088, 4678, -66474, -9445, -32839, 42364
20173.7, 1359, -538, -10003, 3543, -64541, -15920, -33106, 42400
20175.9, 1236, -538, -10003, 3543, -64541, -15920, -33106, 42400
20178.2, 1449, -538, -10003, 3543, -64541, -15920, -33106, 42400
20183.9, 1944, -349, -9708, 2818, -60992, -19224, -32690, 42460
20186.2, 1088, -349, -9708, 2818, -60992, -19224, -32690, 42460
20190.5, 1759, -200, -9602, 1700, -60809, -15155, -29422, 42460
20194.2, 1683, -200, -9602, 1700, -60809, -15155, -29422, 42485
20196.5, 785, -200, -9602, 1700, -60809, -15155, -29422, 42485
20200.7, 1808, -588, -9847, 2271, -59334, -9209, -25200, 42485
20204.4, 2456, -588, -9847, 2271, -59334, -9209, -25200, 42526
20206.7, 1948, -588, -9847, 2271, -59334, -9209, -25200, 42526
20210.9, 1693, -949, -10234, 2947, -57225, -5853, -22465, 42526
20214.6, 1894, -949, -10234, 2947, -57225, -5853, -22465, 42567
20216.9, 877, -949, -10234, 2947, -57225, -5853, -22465, 42567
20222.6, 1867, -953, -10547, 2700, -56254, -4033, -22496, 43647
20226.3, 2007, -953, -10547, 2700, -56254, -4033, -22496, 43692
20230.6, 2114, -888, -10464, 2596, -54727, -4405, -24530, 43692
20234.4, 1613, -888, -10464, 2596, -54727, -4405, -24530, 43686
20238.6, 2093, -822, -10250, 2971, -52754, -6921, -26429, 43686
20242.3, 1738, -822, -10250, 2971, -52754, -6921, -26429, 43769
20246.1, 1338, -822, -10250, 2971, -52754, -6921, -26429, 43812
20250.4, 2126, -690, -9982, 2558, -51494, -8211, -25655, 43812
20254.1, 2610, -690, -9982, 2558, -51494, -8211, -25655, 43862
20258.3, 2176, -498, -10126, 2771, -50527, -7144, -22238, 43862
20262.0, 892, -498, -10126, 2771, -50527, -7144, -22238, 43841
20265.7, 1837, -498, -10126, 2771, -50527, -7144, -22238, 43910
20270.0, 2172, -230, -10367, 3033, -47040, -7791, -19272, 43910
20273.7, 2054, -230, -10367, 3033, -47040, -7791, -19272, 43948
20277.9, 2013, -125, -10421, 2087, -45076, -11003, -18419, 43948
20281.7, 1244, -125, -10421, 2087, -45076, -11003, -18419, 43992
20284.0, 483, -125, -10421, 2087, -45076, -11003, -18419, 43992
20289.8, 2005, -230, -10016, 1700, -41974, -12355, -18812, 44052
20293.5, 1979, -230, -10016, 1700, -41974, -12355, -18812, 44081
20297.7, 1976, -229, -9844, 1466, -40316, -8133, -17360, 44081
20301.5, 1854, -229, -9844, 1466, -40316, -8133, -17360, 44108
20303.8, 1018, -229, -9844, 1466, -40316, -8133, -17360, 44108
20309.6, 2046, -418, -10114, 1304, -38986, -3526, -14096, 44119
20313.3, 1938, -418, -10114, 1304, -38986, -3526, -14096, 44182
20319.0, 1930, -659, -10323, 1680, -36124, -1898, -11401, 44216
20322.7, 1732, -659, -10323, 1680, -36124, -1898, -11401, 44234
20328.5, 2096, -799, -10386, 1801, -34256, -1640, -10753, 43000
20330.7, 1166, -799, -10386, 1801, -34256, -1640, -10753, 43000
20333.0, 1092, -799, -10386, 1801, -34256, -1640, -10753, 43000
20338.7, 1973, -880, -10271, 2260, -32401, -2108, -10990, 44287
20340.9, 967, -880, -10271, 2260, -32401, -2108, -10990, 44287
20343.2, 864, -880, -10271, 2260, -32401, -2108, -10990, 44287
20348.9, 1917, -704, -9992, 2507, -30673, -5534, -11340, 44300
20351.2, 808, -704, -9992, 2507, -30673, -5534, -11340, 44300
20355.4, 2002, -704, -9992, 2507, -30817, -7428, -10228, 44300
20359.2, 1890, -704, -9992, 2507, -30817, -7428, -10228, 44316
20361.5, 731, -704, -9992, 2507, -30817, -7428, -10228, 44316
20365.7, 1935, -424, -9647, 1944, -30936, -6383, -8360, 44316
20369.4, 1875, -424, -9647, 1944, -30936, -6383, -8360, 44324
20371.7, 774, -424, -9647, 1944, -30936, -6383, -8360, 44324
20375.9, 1930, -6, -9636, 1805, -31973, -2563, -6610, 44324
20379.6, 1911, -6, -9636, 1805, -31973, -2563, -6610, 44333
20381.9, 830, -6, -9636, 1805, -31973, -2563, -6610, 44333
20387.6, 1941, -204, -9799, 1780, -33499, 1312, -5197, 44337
20391.3, 1841, -204, -9799, 1780, -33499, 1312, -5197, 44346
20395.6, 1762, -362, -9738, 1946, -34908, 3255, -5420, 44346
20399.4, 1797, -362, -9738, 1946, -34908, 3255, -5420, 44352
20403.6, 1974, -362, -9738, 1946, -34908, 3255, -5420, 44352
20407.3, 1938, -362, -9738, 1946, -34908, 3255, -5420, 44369
20411.1, 1710, -362, -9738, 1946, -34908, 3255, -5420, 44368
20415.3, 1837, -415, -9728, 1594, -37778, 2349, -5503, 44368
20419.1, 1753, -415, -9728, 1594, -37778, 2349, -5503, 44374
20423.3, 1635, -415, -9728, 1594, -37778, 2349, -5503, 44374
20427.0, 1629, -415, -9728, 1594, -37778, 2349, -5503, 44379
20430.7, 1865, -415, -9728, 1594, -37778, 2349, -5503, 44386
20435.0, 1966, -208, -10046, 1301, -37936, 3119, -2231, 44386
20438.7, 1865, -208, -10046, 1301, -37936, 3119, -2231, 44391
20442.9, 1896, -208, -10046, 1301, -37936, 3119, -2231, 44391
20446.7, 1648, -208, -10046, 1301, -37936, 3119, -2231, 44396
20449.0, 336, -208, -10046, 1301, -37936, 3119, -2231, 44396
20454.8, 1809, -64, -10310, 1171, -34239, 783, -1960, 44394
20458.5, 1725, -64, -10310, 1171, -34239, 783, -1960, 44386
20462.7, 1736, -64, -10310, 1171, -34239, 783, -1960, 44386
20466.5, 1654, -64, -10310, 1171, -34239, 783, -1960, 44417
20468.8, 523, -64, -10310, 1171, -34239, 783, -1960, 44417
20474.5, 1802, -173, -9895, 577, -30927, -345, -2450, 44397
20478.3, 1677, -173, -9895, 577, -30927, -345, -2450, 44390
20484.0, 1754, -173, -9895, 395, -29339, 485, -463, 44386
20487.7, 1620, -173, -9895, 395, -29339, 485, -463, 44384
20493.5, 1771, -332, -10085, 395, -29339, 485, -463, 44384
20495.7, 369, -332, -10085, 395, -29339, 485, -463, 44384
20498.0, 303, -332, -10085, 395, -29339, 485, -463, 44384
20503.7, 1829, -516, -10394, 795, -28503, 297, 463, 44384
20505.9, 496, -516, -10394, 795, -28503, 297, 463, 44384
20510.2, 1759, -471, -10283, 1073, -26149, -1995, -1662, 44384
20514.0, 1673, -471, -10283, 1073, -26149, -1995, -1662, 44347
20516.2, 470, -471, -10283, 1073, -26149, -1995, -1662, 44347
20520.5, 1728, -87, -10241, 1215, -24907, -6361, -4278, 44347
20524.2, 1695, -87, -10241, 1215, -24907, -6361, -4278, 44410
20526.5, 474, -87, -10241, 1215, -24907, -6361, -4278, 44410
20530.7, 1723, 289, -10156, 1223, -24942, -9520, -4248, 44410
20534.4, 1704, 289, -10156, 1223, -24942, -9520, -4248, 44383
20536.7, 507, 289, -10156, 1223, -24942, -9520, -4248, 44383
20540.9, 1737, 507, -10073, 860, -24942, -9441, -2292, 44383
20544.6, 1691, 507, -10073, 860, -24942, -9441, -2292, 44392
20546.9, 497, 507, -10073, 860, -24942, -9441, -2292, 44392
20552.9, 1425, 496, -9955, 766, -25161, -5481, -568, 44381
20556.7, 1605, 496, -9955, 766, -25161, -5481, -568, 44398
20561.0, 1689, 386, -9850, 488, -25476, 765, -249, 44398
20564.7, 1709, 386, -9850, 488, -25476, 765, -249, 44398
20568.9, 1697, 108, -9904, 496, -25292, 6370, -835, 44398
20572.7, 1611, 108, -9904, 496, -25292, 6370, -835, 44413
20576.4, 1622, 108, -9904, 496, -25292, 6370, -835, 44454
20580.6, 1676, -83, -9996, 349, -24631, 8693, -1364, 44454
20584.4, 1642, -83, -9996, 349, -24631, 8693, -1364, 44411
20588.6, 1649, -229, -10010, 419, -23966, 10277, -1111, 44411
20592.3, 1595, -229, -10010, 419, -23966, 10277, -1111, 44432
20596.1, 1609, -229, -10010, 419, -23966, 10277, -1111, 44324
20600.3, 1682, -220, -10104, 467, -21345, 10705, -717, 44324
20604.0, 1618, -220, -10104, 467, -21345, 10705, -717, 44454
20608.2, 1620, -224, -10160, 550, -18944, 9756, -647, 44454
20612.0, 1570, -224, -10160, 550, -18944, 9756, -647, 44477
20615.7, 1608, -224, -10160, 550, -18944, 9756, -647, 44503
20619.9, 1664, -248, -10082, 774, -16861, 8308, -656, 44503
20623.7, 1592, -248, -10082, 774, -16861, 8308, -656, 44512
20627.9, 1619, -33, -10051, 662, -15693, 6461, -323, 44512
20631.6, 1531, -33, -10051, 662, -15693, 6461, -323, 44541
20633.9, 299, -33, -10051, 662, -15693, 6461, -323, 44541
20639.6, 1673, -13, -9842, 684, -13938, 6282, 183, 44552
20643.3, 1544, -13, -9842, 684, -13938, 6282, 183, 44567
20649.0, 1669, -38, -9790, 401, -13676, 8627, 1211, 44588
20651.3, 251, -38, -9790, 401, -13676, 8627, 1211, 44588
20653.5, 153, -38, -9790, 401, -13676, 8627, 1211, 44588
20659.2, 1716, -177, -9853, 320, -12762, 11650, 1776, 44592
20661.5, 311, -177, -9853, 320, -12762, 11650, 1776, 44592
20665.7, 1672, -218, -10026, 413, -11213, 12018, 656, 44592
20669.4, 1613, -218, -10026, 413, -11213, 12018, 656, 44593
20671.7, 385, -218, -10026, 413, -11213, 12018, 656, 44593
20675.9, 1692, -289, -10101, 300, -10246, 11012, -765, 44593
20679.6, 1627, -289, -10101, 300, -10246, 11012, -765, 44603
20681.9, 405, -289, -10101, 300, -10246, 11012, -765, 44603
20687.6, 1742, -348, -10129, 280, -8268, 9795, -931, 44613
20691.3, 1596, -348, -10129, 280, -8268, 9795, -931, 44616
20695.5, 1681, -270, -10194, 273, -5884, 8579, 284, 44616
20699.3, 1589, -270, -10194, 273, -5884, 8579, 284, 44621
20701.5, 406, -270, -10194, 273, -5884, 8579, 284, 44621
20705.8, 1711, -227, -10275, 422, -3355, 6505, 1592, 44621
20709.6, 1598, -227, -10275, 422, -3355, 6505, 1592, 44688
20713.8, 1640, -126, -10241, 198, -2069, 5582, 2226, 44688
20717.5, 1581, -126, -10241, 198, -2069, 5582, 2226, 44654
20721.3, 1614, -126, -10241, 198, -2069, 5582, 2226, 44663
20725.5, 1678, -129, -10106, 158, -962, 6050, 2607, 44663
20729.3, 1584, -129, -10106, 158, -962, 6050, 2607, 44664
20733.5, 1625, -221, -9892, 241, -568, 7205, 2664, 44664
20737.2, 1568, -221, -9892, 241, -568, 7205, 2664, 44661
20741.0, 1615, -221, -9892, 241, -568, 7205, 2664, 44721
20745.3, 1659, -346, -9848, 166, -1881, 8745, 2454, 44721
20749.0, 1594, -346, -9848, 166, -1881, 8745, 2454, 44775
20753.3, 1614, -404, -10068, 463, -2423, 7940, 1960, 44775
20757.0, 1599, -404, -10068, 463, -2423, 7940, 1960, 44767
20760.7, 1641, -404, -10068, 463, -2423, 7940, 1960, 44734
20765.0, 1650, -260, -10301, 411, -1526, 3198, 704, 44734
20768.7, 1588, -260, -10301, 411, -1526, 3198, 704, 44747
20772.9, 1590, -98, -10195, 156, -1211, 91, -332, 44747
20776.7, 1562, -98, -10195, 156, -1211, 91, -332, 44728
20779.0, 341, -98, -10195, 156, -1211, 91, -332, 44728
20784.8, 1693, 15, -9964, 49, -892, 1181, 293, 44707
20788.5, 1589, 15, -9964, 49, -892, 1181, 293, 44707
20792.7, 1623, 291, -9816, -203, -1430, 5223, 1360, 44707
20796.5, 1539, 291, -9816, -203, -1430, 5223, 1360, 44629
20798.8, 314, 291, -9816, -203, -1430, 5223, 1360, 44629
20804.6, 1650, 265, -9903, -45, -2874, 10097, 1631, 44631
20808.3, 1602, 265, -9903, -45, -2874, 10097, 1631, 44610
20814.0, 1661, -144, -9946, 8, -3548, 10172, 1194, 44580
20816.3, 360, -144, -9946, 8, -3548, 10172, 1194, 44580
20818.6, 322, -144, -9946, 8, -3548, 10172, 1194, 44580
20824.3, 1721, -396, -9975, 61, -4370, 9546, 853, 44583
20826.5, 414, -396, -9975, 61, -4370, 9546, 853, 44583
20830.8, 1689, -515, -9865, 249, -3941, 7656, 503, 44583
20834.6, 1598, -515, -9865, 249, -3941, 7656, 503, 44506
20836.8, 454, -515, -9865, 249, -3941, 7656, 503, 44506
20842.6, 1689, -443, -9766, 145, -4611, 4930, 542, 44495
20846.3, 1597, -443, -9766, 145, -4611, 4930, 542, 44461
20850.6, 1644, -360, -9821, 393, -3574, 3010, 726, 44461
20854.3, 1585, -360, -9821, 393, -3574, 3010, 726, 44439
20856.6, 475, -360, -9821, 393, -3574, 3010, 726, 44439
20860.9, 1701, -171, -9806, 494, -3001, 568, -69, 44439
20864.7, 1569, -171, -9806, 494, -3001, 568, -69, 44403
20867.0, 472, -171, -9806, 494, -3001, 568, -69, 44403
20872.7, 1739, 69, -10095, 457, -3609, -2642, -1439, 44378
20876.4, 1596, 69, -10095, 457, -3609, -2642, -1439, 44359
20880.7, 1652, 202, -10066, 330, -3635, -3871, -1776, 44359
20884.4, 1559, 202, -10066, 330, -3635, -3871, -1776, 44368
20888.6, 1641, 104, -9994, 96, -3867, -2349, -437, 44368
20892.3, 1592, 104, -9994, 96, -3867, -2349, -437, 44311
20896.0, 1606, 104, -9994, 96, -3867, -2349, -437, 44299
20900.3, 1681, -57, -9933, -96, -4812, 2095, 1325, 44299
20904.0, 1578, -57, -9933, -96, -4812, 2095, 1325, 44269
20908.2, 1652, -192, -10052, -73, -5044, 6461, 1329, 44269
20912.0, 1583, -192, -10052, -73, -5044, 6461, 1329, 44237
20915.8, 1619, -192, -10052, -73, -5044, 6461, 1329, 44211
20920.0, 1666, -295, -10103, -41, -5223, 8986, 122, 44211
20923.8, 1588, -295, -10103, -41, -5223, 8986, 122, 44213
20928.0, 1626, -447, -10050, 30, -4672, 9450, -433, 44213
20931.7, 1569, -447, -10050, 30, -4672, 9450, -433, 44156
20934.0, 455, -447, -10050, 30, -4672, 9450, -433, 44156
20939.8, 1715, -518, -9966, -52, -4151, 8273, 52, 44109
20943.5, 1614, -518, -9966, -52, -4151, 8273, 52, 44066
20947.7, 1660, -364, -9900, 41, -3613, 6273, 144, 44066
20951.5, 1611, -364, -9900, 41, -3613, 6273, 144, 44013
20953.8, 478, -364, -9900, 41, -3613, 6273, 144, 44013
20959.5, 1686, -190, -10026, 20, -3023, 3972, -629, 43998
20963.2, 1605, -190, -10026, 20, -3023, 3972, -629, 43976
20969.0, 1691, -31, -10049, 37, -2388, 2716, -905, 43955
20972.7, 1608, -31, -10049, 37, -2388, 2716, -905, 43948
20978.4, 1691, -31, -10060, -49, -2187, 3714, -341, 43900
20982.1, 1590, -31, -10060, -49, -2187, 3714, -341, 43877
20987.9, 1677, 57, -10060, -49, -2441, 6238, 157, 43852
20991.6, 1566, 57, -10060, -49, -2441, 6238, 157, 43821
20995.9, 1642, 90, -9987, -17, -2288, 8225, 411, 43821
20999.7, 1524, 90, -9987, -17, -2288, 8225, 411, 43826
21002.0, 550, 90, -9987, -17, -2288, 8225, 411, 43826
21007.7, 1715, 88, -9960, 90, -2358, 8850, 297, 43722
21011.4, 1617, 88, -9960, 90, -2358, 8850, 297, 43745
21015.6, 1686, -135, -9931, -4, -2108, 9244, 8, 43745
21019.4, 1556, -135, -9931, -4, -2108, 9244, 8, 43720
21021.6, 528, -135, -9931, -4, -2108, 9244, 8, 43720
21025.9, 1679, -367, -9934, 26, -2257, 7883, -310, 43720
21029.7, 1629, -367, -9934, 26, -2257, 7883, -310, 43684
21033.9, 1665, -387, -9982, 274, -2257, 7883, -310, 43684
21037.6, 1636, -387, -9982, 274, -2257, 7883, -310, 43649
21041.4, 1656, -387, -9982, 274, -2257, 7883, -310, 43634
21045.6, 1692, -211, -10049, 89, -3346, 3465, -914, 43634
21049.4, 2393, -211, -10049, 89, -3346, 3465, -914, 43583
21053.6, 2188, -135, -10115, -168, -3346, 3465, -914, 43583
21057.3, 1909, -135, -10115, -168, -3346, 3465, -914, 44461
21061.1, 1717, -135, -10115, -168, -3346, 3465, -914, 43527
21065.3, 1677, -86, -10141, -251, -2511, 4151, -262, 43527
21069.0, 1509, -86, -10141, -251, -2511, 4151, -262, 43504
21073.3, 1544, -214, -10123, -150, -2511, 4151, -262, 43504
21077.0, 1499, -214, -10123, -150, -2511, 4151, -262, 43461
21080.7, 1472, -214, -10123, -150, -2511, 4151, -262, 43422
21085.0, 1545, -317, -10238, -75, -2581, 3841, 91, 43422
21088.7, 1396, -317, -10238, -75, -2581, 3841, 91, 43390
21093.0, 1558, -422, -10101, -105, -2581, 3841, 91, 43390
21096.7, 1466, -422, -10101, -105, -2581, 3841, 91, 43342
21099.0, 421, -422, -10101, -105, -2581, 3841, 91, 43342
21104.8, 1637, -431, -9951, -26, -2681, 2183, 643, 43345
21108.5, 1481, -431, -9951, -26, -2681, 2183, 643, 43317
21112.7, 1586, -437, -9988, 171, -2681, 2183, 643, 43317
21116.5, 1544, -437, -9988, 171, -2681, 2183, 643, 43297
21118.8, 479, -437, -9988, 171, -2681, 2183, 643, 43297
21124.5, 1656, -262, -9958, 157, -3040, -1273, 0, 43274
21128.2, 1548, -262, -9958, 157, -3040, -1273, 0, 43262
21134.0, 1627, -193, -9958, -222, -3040, -1273, 0, 43256
21136.2, 454, -193, -9958, -222, -3040, -1273, 0, 43256
21138.5, 442, -193, -9958, -222, -3040, -1273, 0, 43256
21144.2, 1670, -105, -9922, -205, -2073, 542, -126, 43223
21146.5, 475, -105, -9922, -205, -2073, 542, -126, 43223
21150.7, 1612, -153, -9982, -106, -2134, 2117, -65, 43223
21154.5, 1538, -153, -9982, -106, -2134, 2117, -65, 43206
21156.7, 540, -153, -9982, -106, -2134, 2117, -65, 43206
21161.0, 1690, -265, -10025, -206, -2353, 2856, 87, 43206
21164.7, 1574, -265, -10025, -206, -2353, 2856, 87, 43196
21167.0, 602, -265, -10025, -206, -2353, 2856, 87, 43196
21172.7, 1776, -392, -10015, -117, -1771, 2983, 288, 43173
21176.4, 1593, -392, -10015, -117, -1771, 2983, 288, 43162
21180.7, 1675, -401, -9936, 4, -1662, 2463, 678, 43162
21184.4, 1600, -401, -9936, 4, -1662, 2463, 678, 43115
21186.6, 586, -401, -9936, 4, -1662, 2463, 678, 43115
21190.9, 1694, -387, -9950, -49, -1946, 1854, 1255, 43115
21194.7, 1578, -387, -9950, -49, -1946, 1854, 1255, 43134
21198.9, 1666, -327, -9930, -105, -2428, 831, 1470, 43134
21202.6, 1637, -327, -9930, -105, -2428, 831, 1470, 43109
21206.4, 1637, -327, -9930, -105, -2428, 831, 1470, 43104
21210.7, 1697, -275, -9896, -253, -2642, 695, 1229, 43104
21214.4, 1618, -275, -9896, -253, -2642, 695, 1229, 43062
21218.6, 1717, -358, -9929, -215, -2773, 2231, 1351, 43062
21222.3, 1721, -358, -9929, -215, -2773, 2231, 1351, 43080
21226.1, 1628, -358, -9929, -215, -2773, 2231, 1351, 43070
21230.3, 1717, -337, -10043, -184, -2725, 3027, 1649, 43070
21234.0, 1654, -337, -10043, -184, -2725, 3027, 1649, 43070
21238.2, 1730, -327, -9976, -74, -2117, 2708, 1789, 43070
21242.0, 1664, -327, -9976, -74, -2117, 2708, 1789, 43072
21245.7, 1627, -327, -9976, -74, -2117, 2708, 1789, 43034
21250.0, 1707, -338, -9977, -101, -1251, 2393, 1640, 43034
21253.7, 1659, -338, -9977, -101, -1251, 2393, 1640, 43024
21257.9, 1734, -205, -9989, -372, -411, 3185, 1679, 43024
21261.6, 1659, -205, -9989, -372, -411, 3185, 1679, 43020
21263.9, 634, -205, -9989, -372, -411, 3185, 1679, 43020
21269.6, 1781, -52, -10010, -314, -594, 6873, 1399, 43000
21273.3, 1684, -52, -10010, -314, -594, 6873, 1399, 43583
21279.0, 1745, -257, -9971, 77, -91, 7201, 1588, 42979
21282.8, 1681, -257, -9971, 77, -91, 7201, 1588, 42942
21288.5, 1809, -497, -9941, -67, -441, 6300, 2226, 42963
21292.2, 1699, -497, -9941, -67, -441, 6300, 2226, 42941
21298.0, 1791, -653, -10000, 140, -1360, 4217, 2327, 42946
21301.7, 1650, -653, -10000, 140, -1360, 4217, 2327, 42939
21306.0, 1735, -574, -9948, 15, -1128, 691, 1977, 42939
21309.7, 1673, -574, -9948, 15, -1128, 691, 1977, 42926
21312.0, 647, -574, -9948, 15, -1128, 691, 1977, 42926
21317.7, 1857, -434, -10000, -157, -770, -1723, 1968, 42918
21321.4, 1670, -434, -10000, -157, -770, -1723, 1968, 42905
21325.7, 1739, -282, -10112, -221, -336, -1561, 2134, 42905
21329.4, 1697, -282, -10112, -221, -336, -1561, 2134, 42891
21331.7, 628, -282, -10112, -221, -336, -1561, 2134, 42891
21335.9, 1787, -230, -10158, -254, 65, 293, 1960, 42891
21339.6, 1699, -230, -10158, -254, 65, 293, 1960, 42902
21341.9, 662, -230, -10158, -254, 65, 293, 1960, 42902
21347.6, 1857, -184, -10054, -137, 804, 1483, 1710, 42898
21351.3, 1682, -184, -10054, -137, 804, 1483, 1710, 42893
21355.6, 1701, -153, -9976, -236, 796, 1946, 1824, 42893
21359.4, 1632, -153, -9976, -236, 796, 1946, 1824, 42895
21361.7, 580, -153, -9976, -236, 796, 1946, 1824, 42895
21365.9, 1739, 43, -9959, -576, 774, 5652, 2038, 42895
21369.6, 1670, 43, -9959, -576, 774, 5652, 2038, 42884
21373.8, 1754, -195, -10086, 93, 1776, 8666, 2213, 42884
21377.6, 1720, -195, -10086, 93, 1776, 8666, 2213, 42884
21381.4, 1665, -195, -10086, 93, 1776, 8666, 2213, 42789
21385.6, 1705, -549, -10132, 256, 1163, 5718, 2095, 42789
21389.4, 1657, -549, -10132, 256, 1163, 5718, 2095, 42789
21393.6, 1722, -660, -10159, 15, 1671, 940, 1465, 42789
21397.3, 1675, -660, -10159, 15, 1671, 940, 1465, 42793
21401.1, 1644, -660, -10159, 15, 1671, 940, 1465, 42819
21405.4, 1670, -527, -9963, -35, 1885, -2056, 1233, 42819
21409.2, 1659, -527, -9963, -35, 1885, -2056, 1233, 42788
21413.4, 1708, -332, -10006, -152, 1719, -3828, 1513, 42788
21417.1, 1686, -332, -10006, -152, 1719, -3828, 1513, 42790
21420.9, 1664, -332, -10006, -152, 1719, -3828, 1513, 42788
21425.1, 1712, -218, -10046, -302, 1246, -3513, 1614, 42788
21428.9, 1713, -218, -10046, -302, 1246, -3513, 1614, 42811
21433.1, 1771, -294, -10003, -253, 551, -1093, 1496, 42811
21436.8, 1668, -294, -10003, -253, 551, -1093, 1496, 42781
21440.6, 1654, -294, -10003, -253, 551, -1093, 1496, 42779
21444.8, 1700, -363, -9922, -251, 21, 1242, 1260, 42779
21448.6, 1665, -363, -9922, -251, 21, 1242, 1260, 42777
21452.9, 1741, -193, -9906, -462, -148, 4405, 752, 42777
21456.6, 1637, -193, -9906, -462, -148, 4405, 752, 42783
21460.9, 1678, -438, -9951, 177, -157, 4375, 524, 42783
21464.7, 1631, -438, -9951, 177, -157, 4375, 524, 42777
21467.0, 536, -438, -9951, 177, -157, 4375, 524, 42777
21472.7, 1821, -658, -10039, -47, 323, 231, 752, 42778
21476.4, 1614, -658, -10039, -47, 323, 231, 752, 42775
21480.7, 1682, -558, -10001, -34, 629, -2156, 914, 42775
21484.5, 1643, -558, -10001, -34, 629, -2156, 914, 42795
21486.7, 536, -558, -10001, -34, 629, -2156, 914, 42795
21491.0, 1712, -368, -9915, -107, 476, -3163, 520, 42795
21494.7, 1663, -368, -9915, -107, 476, -3163, 520, 42774
21497.0, 548, -368, -9915, -107, 476, -3163, 520, 42774
21502.7, 1816, -231, -9912, -173, 524, -3001, 546, 42770
21506.4, 1652, -231, -9912, -173, 524, -3001, 546, 42790
21510.7, 1701, -298, -9936, -104, 459, -2340, 800, 42790
21514.4, 1654, -298, -9936, -104, 459, -2340, 800, 42779
21516.7, 508, -298, -9936, -104, 459, -2340, 800, 42779
21520.9, 1710, -359, -9862, -114, 551, -1308, 1133, 42779
21524.7, 1642, -359, -9862, -114, 551, -1308, 1133, 42761
21528.9, 1741, -359, -9940, 32, -131, -1413, 1299, 42761
21532.6, 1703, -359, -9940, 32, -131, -1413, 1299, 42769
21536.4, 1658, -359, -9940, 32, -131, -1413, 1299, 42795
21540.6, 1694, -513, -9934, -74, 271, -1833, 835, 42795
21544.4, 1656, -513, -9934, -74, 271, -1833, 835, 42765
21548.6, 1723, -513, -9989, -112, -279, -1207, 472, 42765
21552.3, 1668, -513, -9989, -112, -279, -1207, 472, 42792
21556.1, 1633, -513, -9989, -112, -279, -1207, 472, 42759
21560.3, 1696, -451, -10037, -150, 21, -953, 756, 42759
21564.0, 1679, -451, -10037, -150, 21, -953, 756, 42754
21568.2, 1763, -451, -10037, -180, 39, -1181, 1509, 42754
21571.9, 1632, -451, -10037, -180, 39, -1181, 1509, 42747
21575.7, 1654, -451, -10037, -180, 39, -1181, 1509, 42756
21580.0, 1681, -469, -9896, -309, -485, -135, 1911, 42756
21583.7, 1662, -469, -9896, -309, -485, -135, 1911, 42751
21587.9, 1750, -469, -9896, -193, -411, 332, 1579, 42751
21591.6, 1590, -469, -9896, -193, -411, 332, 1579, 42797
21593.9, 542, -469, -9896, -193, -411, 332, 1579, 42797
21599.7, 1736, -599, -9955, -151, -271, -896, 1019, 42749
21603.4, 1701, -599, -9955, -151, -271, -896, 1019, 42749
21609.2, 1707, -589, -9933, -215, -699, -1872, 818, 42749
21612.9, 1647, -589, -9933, -215, -699, -1872, 818, 42734
21618.6, 1779, -589, -9933, -215, -349, -2283, 870, 42751
21620.9, 424, -589, -9933, -215, -349, -2283, 870, 42751
21623.1, 482, -589, -9933, -215, -349, -2283, 870, 42751
21628.9, 1758, -579, -9961, -132, -78, -3023, 498, 42759
21631.1, 446, -579, -9961, -132, -78, -3023, 498, 42759
21633.4, 528, -579, -9961, -132, -78, -3023, 498, 42759
21639.1, 1778, -394, -10008, -179, 166, -3491, 13, 42752
21641.4, 452, -394, -10008, -179, 166, -3491, 13, 42752
21645.7, 1719, -394, -10008, -179, 166, -3491, 13, 42752
21649.4, 1676, -394, -10008, -179, 166, -3491, 13, 42785
21651.7, 510, -394, -10008, -179, 166, -3491, 13, 42785
21655.9, 1712, -429, -9918, -157, -231, -3180, 104, 42785
21659.7, 1693, -429, -9918, -157, -231, -3180, 104, 42753
21661.9, 535, -429, -9918, -157, -231, -3180, 104, 42753
21667.6, 1797, -518, -9843, -171, -529, -1924, 69, 42744
21671.4, 1639, -518, -9843, -171, -529, -1924, 69, 42758
21675.6, 1708, -460, -9903, 38, -529, -1924, -183, 42758
21679.4, 1654, -460, -9903, 38, -529, -1924, -183, 42750
21681.6, 484, -460, -9903, 38, -529, -1924, -183, 42750
21685.9, 1707, -475, -10001, -71, -472, -3325, 83, 42750
21689.7, 1705, -475, -10001, -71, -472, -3325, 83, 42765
21693.9, 1762, -451, -10022, -89, -472, -3325, 83, 42765
21697.6, 1684, -451, -10022, -89, -472, -3325, 83, 42755
21701.4, 1638, -451, -10022, -89, -472, -3325, 83, 42750
21705.7, 1700, -450, -9977, -97, -1058, -2275, 835, 42750
