timestamp, 1465, -1606, -9937, 934, 441, -3565, -2953, 49043
2818.2, 1485, -1606, -9937, 934, 441, -3565, -2953, 49043
2821.9, 1500, -1606, -9937, 934, 441, -3565, -2953, 49038
2825.7, 1545, -1606, -9937, 934, 441, -3565, -2953, 49042
2830.0, 1503, -1678, -9573, 1003, 599, -2485, -2205, 49042
2833.7, 1438, -1678, -9573, 1003, 599, -2485, -2205, 49046
2837.9, 1614, -1678, -9573, 1003, 599, -2485, -2205, 49046
2841.7, 1510, -1678, -9573, 1003, 599, -2485, -2205, 49036
2844.0, 317, -1678, -9573, 1003, 599, -2485, -2205, 49036
2849.8, 1581, -1695, -10000, 953, 358, -2743, -542, 49050
2853.5, 1456, -1695, -10000, 953, 358, -2743, -542, 49046
2857.7, 1529, -1695, -10000, 953, 358, -2743, -975, 49046
2861.5, 1518, -1695, -10000, 953, 358, -2743, -975, 49054
2863.8, 322, -1695, -10000, 953, 358, -2743, -975, 49054
2869.5, 1662, -1665, -10081, 985, 1596, -2323, -2485, 49049
2871.8, 406, -1665, -10081, 985, 1596, -2323, -2485, 49049
2876.0, 1585, -1749, -9972, 1061, 1596, -2323, -2485, 49049
2879.7, 1521, -1749, -9972, 1061, 1596, -2323, -2485, 49047
2882.0, 411, -1749, -9972, 1061, 1596, -2323, -2485, 49047
2887.7, 1618, -1740, -9752, 1063, 1500, -3049, -3745, 49044
2891.4, 1563, -1740, -9752, 1063, 1500, -3049, -3745, 49047
2895.6, 1567, -1711, -9580, 1047, 1264, -3701, -3346, 49047
2899.4, 1496, -1711, -9580, 1047, 1264, -3701, -3346, 49052
2901.7, 388, -1711, -9580, 1047, 1264, -3701, -3346, 49052
2906.0, 1507, -1661, -9717, 967, 218, -4361, -2003, 49052
2909.7, 1607, -1661, -9717, 967, 218, -4361, -2003, 49053
2912.0, 504, -1661, -9717, 967, 218, -4361, -2003, 49053
2917.7, 1641, -1652, -9759, 891, 21, -4598, -1483, 49060
2921.4, 1508, -1652, -9759, 891, 21, -4598, -1483, 49059
2925.7, 1588, -1593, -9830, 1018, 157, -4703, -1605, 49059
2929.5, 1545, -1593, -9830, 1018, 157, -4703, -1605, 49088
2931.7, 445, -1593, -9830, 1018, 157, -4703, -1605, 49088
2936.0, 1581, -1574, -9878, 1067, -83, -5446, -2113, 49088
2939.8, 1538, -1574, -9878, 1067, -83, -5446, -2113, 49049
2944.0, 1541, -1581, -9903, 975, 279, -5635, -2161, 49049
2947.8, 1515, -1581, -9903, 975, 279, -5635, -2161, 49056
2951.5, 1555, -1581, -9903, 975, 279, -5635, -2161, 49057
2955.8, 1586, -1635, -9877, 899, 520, -4830, -2537, 49057
2959.5, 1603, -1635, -9877, 899, 520, -4830, -2537, 49061
2963.7, 1516, -1588, -9778, 969, 651, -3959, -2926, 49061
2967.5, 1511, -1588, -9778, 969, 651, -3959, -2926, 49067
2971.2, 1552, -1588, -9778, 969, 651, -3959, -2926, 49096
2975.5, 1517, -1587, -9728, 1017, 608, -3683, -2808, 49096
2979.3, 1499, -1587, -9728, 1017, 608, -3683, -2808, 49064
2983.5, 1608, -1646, -9685, 1015, -341, -3937, -2099, 49064
2987.3, 1500, -1646, -9685, 1015, -341, -3937, -2099, 49062
2991.0, 1523, -1646, -9685, 1015, -341, -3937, -2099, 49072
2995.3, 1552, -1721, -9798, 1027, -1347, -4125, -1168, 49072
2999.1, 1517, -1721, -9798, 1027, -1347, -4125, -1168, 49075
3003.3, 1528, -1742, -9874, 1108, -1290, -4230, -966, 49075
3007.0, 1537, -1742, -9874, 1108, -1290, -4230, -966, 49079
3010.8, 1569, -1742, -9874, 1108, -1290, -4230, -966, 49027
3015.0, 1549, -1661, -9912, 1094, -888, -5114, -1540, 49027
3018.8, 1483, -1661, -9912, 1094, -888, -5114, -1540, 49081
3023.0, 1533, -1582, -9885, 1076, -201, -6523, -1316, 49081
3026.7, 1538, -1582, -9885, 1076, -201, -6523, -1316, 49089
3032.4, 1726, -1521, -10026, 1055, -104, -8028, -1084, 49087
3036.1, 1514, -1521, -10026, 1055, -104, -8028, -1084, 49056
3038.4, 374, -1521, -10026, 1055, -104, -8028, -1084, 49056
3044.2, 1591, -1499, -10017, 973, 170, -8386, -1854, 49084
3046.4, 347, -1499, -10017, 973, 170, -8386, -1854, 49084
3050.7, 1569, -1561, -9897, 960, 490, -8032, -2773, 49084
3054.4, 1488, -1561, -9897, 960, 490, -8032, -2773, 49088
3056.7, 388, -1561, -9897, 960, 490, -8032, -2773, 49088
3062.5, 1673, -1634, -9681, 962, 205, -7210, -3316, 49087
3066.2, 1531, -1634, -9681, 962, 205, -7210, -3316, 49123
3070.4, 1569, -1613, -9590, 977, -52, -6741, -2896, 49123
3074.2, 1518, -1613, -9590, 977, -52, -6741, -2896, 49084
3076.5, 429, -1613, -9590, 977, -52, -6741, -2896, 49084
3080.7, 1534, -1542, -9690, 946, 113, -6781, -1854, 49084
3084.5, 1462, -1542, -9690, 946, 113, -6781, -1854, 49080
3086.8, 427, -1542, -9690, 946, 113, -6781, -1854, 49080
3092.5, 1731, -1496, -9904, 1058, -21, -6715, -1098, 49081
3096.3, 1547, -1496, -9904, 1058, -21, -6715, -1098, 49088
3100.5, 1540, -1491, -10097, 894, -205, -6234, -1649, 49088
3104.3, 1483, -1491, -10097, 894, -205, -6234, -1649, 49058
3108.5, 1569, -1502, -10046, 889, 1364, -4462, -3010, 49058
3112.2, 1548, -1502, -10046, 889, 1364, -4462, -3010, 49086
3116.0, 1546, -1502, -10046, 889, 1364, -4462, -3010, 49018
3120.3, 1541, -1553, -9856, 1065, 1889, -3456, -4221, 49018
3124.0, 1468, -1553, -9856, 1065, 1889, -3456, -4221, 49082
3128.3, 1580, -1608, -9609, 1012, 1172, -3333, -4252, 49082
3132.0, 1582, -1608, -9609, 1012, 1172, -3333, -4252, 49076
3135.8, 1533, -1608, -9609, 1012, 1172, -3333, -4252, 49080
3140.0, 1539, -1582, -9608, 1000, 831, -3167, -2498, 49080
3143.7, 1521, -1582, -9608, 1000, 831, -3167, -2498, 49089
3147.9, 1586, -1522, -9806, 1021, 1238, -2988, -831, 49089
3151.7, 1518, -1522, -9806, 1021, 1238, -2988, -831, 49081
3154.0, 320, -1522, -9806, 1021, 1238, -2988, -831, 49081
3159.8, 1567, -1467, -9936, 985, 966, -2366, -787, 49049
3163.5, 1524, -1467, -9936, 985, 966, -2366, -787, 49079
3167.7, 1584, -1469, -9896, 921, 284, -1793, -1741, 49079
3171.5, 1479, -1469, -9896, 921, 284, -1793, -1741, 49072
3173.8, 329, -1469, -9896, 921, 284, -1793, -1741, 49072
3179.6, 1541, -1499, -9884, 1018, 704, -1260, -2113, 49081
3183.3, 1529, -1499, -9884, 1018, 704, -1260, -2113, 49074
3189.0, 1628, -1473, -9751, 933, 726, -402, -1745, 49072
3191.3, 340, -1473, -9751, 933, 726, -402, -1745, 49072
3193.5, 314, -1473, -9751, 933, 726, -402, -1745, 49072
3199.3, 1533, -1453, -9754, 981, -69, 813, -1360, 49077
3201.5, 332, -1453, -9754, 981, -69, 813, -1360, 49077
3205.8, 1510, -1457, -9774, 1073, -166, 1351, -953, 49077
3209.6, 1449, -1457, -9774, 1073, -166, 1351, -953, 49078
3211.9, 375, -1457, -9774, 1073, -166, 1351, -953, 49078
3217.6, 1636, -1470, -9872, 1039, -271, 1028, -796, 49115
3221.3, 1567, -1470, -9872, 1039, -271, 1028, -796, 49079
3225.6, 1530, -1506, -9890, 996, -691, 1102, -1159, 49079
3229.3, 1430, -1506, -9890, 996, -691, 1102, -1159, 49086
3231.6, 321, -1506, -9890, 996, -691, 1102, -1159, 49086
3235.9, 1544, -1491, -9890, 924, -826, 1452, -1478, 49086
3239.7, 1493, -1491, -9890, 924, -826, 1452, -1478, 49073
3242.0, 406, -1491, -9890, 924, -826, 1452, -1478, 49073
3247.7, 1668, -1447, -9852, 1007, -791, 1955, -1553, 49047
3251.4, 1530, -1447, -9852, 1007, -791, 1955, -1553, 49070
3255.7, 1530, -1594, -9756, 1049, -1010, 2126, -1837, 49070
3259.5, 1506, -1594, -9756, 1049, -1010, 2126, -1837, 49069
3263.7, 1520, -1719, -9722, 1018, -1238, 1736, -1364, 49069
3267.5, 1541, -1719, -9722, 1018, -1238, 1736, -1364, 49077
3271.2, 1516, -1719, -9722, 1018, -1238, 1736, -1364, 49094
3275.5, 1524, -1716, -9760, 1070, -927, 958, -533, 49094
3279.3, 1521, -1716, -9760, 1070, -927, 958, -533, 49075
3283.5, 1506, -1655, -9998, 1088, -419, -100, -249, 49075
3287.3, 1513, -1655, -9998, 1088, -419, -100, -249, 49070
3291.0, 1564, -1655, -9998, 1088, -419, -100, -249, 49075
3295.3, 1534, -1542, -10048, 1068, -113, -1133, -568, 49075
3299.1, 1467, -1542, -10048, 1068, -113, -1133, -568, 49082
3303.3, 1555, -1453, -10006, 992, 288, -1780, -1146, 49082
3307.0, 1545, -1453, -10006, 992, 288, -1780, -1146, 49070
3310.8, 1512, -1453, -10006, 992, 288, -1780, -1146, 49080
3315.1, 1474, -1418, -9884, 940, 691, -1028, -1531, 49080
3318.8, 1548, -1418, -9884, 940, 691, -1028, -1531, 49107
3323.0, 1573, -1417, -9722, 1008, 774, 319, -1430, 49107
3326.7, 1542, -1417, -9722, 1008, 774, 319, -1430, 49087
3330.5, 1487, -1417, -9722, 1008, 774, 319, -1430, 49085
3334.7, 1542, -1511, -9634, 1096, -398, 590, -551, 49085
3338.4, 1488, -1511, -9634, 1096, -398, 590, -551, 49075
3344.2, 1605, -1436, -9820, 959, -870, 1067, 288, 49083
3347.9, 1545, -1436, -9820, 959, -870, 1067, 288, 49068
3353.6, 1598, -1462, -9907, 1053, -599, 1605, 603, 49106
3355.8, 330, -1462, -9907, 1053, -599, 1605, 603, 49106
3358.2, 424, -1462, -9907, 1053, -599, 1605, 603, 49106
3363.9, 1615, -1533, -9951, 972, -1378, 923, 857, 49069
3366.2, 355, -1533, -9951, 972, -1378, 923, 857, 49069
3370.4, 1558, -1533, -9951, 972, -1378, 1448, 870, 49069
3374.2, 1499, -1533, -9951, 972, -1378, 1448, 870, 49055
3376.4, 364, -1533, -9951, 972, -1378, 1448, 870, 49055
3380.6, 1528, -1494, -10058, 757, -695, 2926, 892, 49055
3384.3, 1499, -1494, -10058, 757, -695, 2926, 892, 49073
3386.6, 504, -1494, -10058, 757, -695, 2926, 892, 49073
3390.8, 1541, -1509, -9933, 1016, -796, 3460, 756, 49073
3394.5, 1639, -1509, -9933, 1016, -796, 3460, 756, 49070
3396.8, 472, -1509, -9933, 1016, -796, 3460, 756, 49070
3401.0, 1593, -1668, -9845, 1003, -1465, 3990, 594, 49070
3404.8, 1515, -1668, -9845, 1003, -1465, 3990, 594, 49071
3407.0, 432, -1668, -9845, 1003, -1465, 3990, 594, 49071
3412.8, 1733, -1697, -9854, 1075, -1579, 3784, 1216, 49104
3416.5, 1570, -1697, -9854, 1075, -1579, 3784, 1216, 49063
3420.8, 1580, -1627, -9998, 1061, -1452, 2957, 1658, 49063
3424.5, 1594, -1627, -9998, 1061, -1452, 2957, 1658, 49070
3428.7, 1608, -1627, -9998, 1061, -1452, 2957, 1658, 49070
3432.5, 1622, -1627, -9998, 1061, -1452, 2957, 1658, 49073
3436.2, 1569, -1627, -9998, 1061, -1452, 2957, 1658, 49050
3440.5, 1527, -1461, -10148, 1021, -1408, 1474, 1614, 49050
3444.3, 1541, -1461, -10148, 1021, -1408, 1474, 1614, 49059
3448.5, 1627, -1461, -10148, 1021, -1408, 1474, 1614, 49059
3452.3, 1551, -1461, -10148, 1021, -1408, 1474, 1614, 49078
3456.0, 1500, -1461, -10148, 1021, -1408, 1474, 1614, 49070
3460.3, 1544, -1515, -9870, 1040, -476, 1894, -699, 49070
3464.1, 1550, -1515, -9870, 1040, -476, 1894, -699, 49083
3468.3, 1606, -1515, -9870, 1040, -476, 1894, -699, 49083
3472.0, 1505, -1515, -9870, 1040, -476, 1894, -699, 49082
3475.8, 1560, -1515, -9870, 1040, -476, 1894, -699, 49079
3480.1, 1535, -1581, -9789, 1022, -34, 3753, 126, 49079
3483.8, 1564, -1581, -9789, 1022, -34, 3753, 126, 49035
3488.0, 1598, -1581, -9789, 1022, -34, 3753, 126, 49035
3491.7, 1485, -1581, -9789, 1022, -34, 3753, 126, 49073
3495.5, 1498, -1581, -9789, 1022, -34, 3753, 126, 49076
3499.7, 1560, -1606, -9903, 1031, 503, 4322, 726, 49076
3503.4, 1560, -1606, -9903, 1031, 503, 4322, 726, 49066
3509.2, 1575, -1606, -9903, 1003, 297, 4401, 196, 49036
3512.9, 1535, -1606, -9903, 1003, 297, 4401, 196, 49068
3518.6, 1659, -1622, -9830, 1003, 297, 4401, 196, 49064
3520.8, 299, -1622, -9830, 1003, 297, 4401, 196, 49064
3523.2, 357, -1622, -9830, 1003, 297, 4401, 196, 49064
3528.9, 1661, -1605, -9705, 1011, -4, 4453, -223, 49064
3531.2, 318, -1605, -9705, 1011, -4, 4453, -223, 49064
3535.4, 1503, -1596, -9611, 962, 21, 4493, 78, 49064
3539.1, 1490, -1596, -9611, 962, 21, 4493, 78, 49064
3541.4, 277, -1596, -9611, 962, 21, 4493, 78, 49064
3545.6, 1573, -1548, -9641, 908, -258, 4716, 380, 49064
3549.3, 1549, -1548, -9641, 908, -258, 4716, 380, 49062
3551.6, 378, -1548, -9641, 908, -258, 4716, 380, 49062
3555.8, 1507, -1548, -9676, 982, -104, 5026, 450, 49062
3559.5, 1522, -1548, -9676, 982, -104, 5026, 450, 49060
3561.8, 474, -1548, -9676, 982, -104, 5026, 450, 49060
3566.0, 1551, -1587, -9727, 953, 144, 5153, 389, 49060
3569.8, 1513, -1587, -9727, 953, 144, 5153, 389, 49063
3574.1, 1590, -1636, -9735, 949, -131, 6011, 126, 49063
3577.8, 1600, -1636, -9735, 949, -131, 6011, 126, 49057
3581.6, 1528, -1636, -9735, 949, -131, 6011, 126, 49058
3585.8, 1546, -1680, -9732, 1025, 113, 6536, -227, 49058
3589.5, 1539, -1680, -9732, 1025, 113, 6536, -227, 49060
3593.8, 1573, -1703, -9677, 1048, -43, 6243, 78, 49060
3597.5, 1552, -1703, -9677, 1048, -43, 6243, 78, 49052
3601.3, 1570, -1703, -9677, 1048, -43, 6243, 78, 49059
3605.6, 1491, -1691, -9667, 968, -240, 6037, 616, 49059
3609.3, 1577, -1691, -9667, 968, -240, 6037, 616, 49060
3613.5, 1567, -1637, -9740, 1033, -533, 5936, 1211, 49060
3617.3, 1538, -1637, -9740, 1033, -533, 5936, 1211, 49056
3621.0, 1485, -1637, -9740, 1033, -533, 5936, 1211, 49074
3625.2, 1538, -1607, -9902, 968, -524, 5875, 1583, 49074
3629.0, 1567, -1607, -9902, 968, -524, 5875, 1583, 49053
3633.2, 1606, -1602, -9953, 927, -69, 6286, 988, 49053
3636.9, 1539, -1602, -9953, 927, -69, 6286, 988, 49049
3640.6, 1488, -1602, -9953, 927, -69, 6286, 988, 49047
3644.9, 1561, -1599, -9867, 978, -61, 6921, -13, 49047
3648.6, 1560, -1599, -9867, 978, -61, 6921, -13, 49051
3652.8, 1549, -1636, -9718, 1021, -100, 6986, -236, 49051
3656.6, 1507, -1636, -9718, 1021, -100, 6986, -236, 49048
3658.8, 438, -1636, -9718, 1021, -100, 6986, -236, 49048
3664.5, 1594, -1683, -9610, 927, -975, 7223, 170, 49025
3668.3, 1524, -1683, -9610, 927, -975, 7223, 170, 49039
3674.0, 1682, -1767, -9565, 1020, -2126, 7525, 699, 49047
3676.2, 343, -1767, -9565, 1020, -2126, 7525, 699, 49047
3678.5, 342, -1767, -9565, 1020, -2126, 7525, 699, 49047
3684.2, 1617, -1787, -9567, 983, -2856, 6785, 1483, 49054
3686.5, 299, -1787, -9567, 983, -2856, 6785, 1483, 49054
3690.7, 1607, -1740, -9827, 924, -2699, 6650, 2060, 49054
3694.5, 1539, -1740, -9827, 924, -2699, 6650, 2060, 49083
3696.7, 342, -1740, -9827, 924, -2699, 6650, 2060, 49083
3701.0, 1477, -1656, -9984, 1001, -1754, 6470, 1868, 49083
3704.8, 1546, -1656, -9984, 1001, -1754, 6470, 1868, 49057
3707.0, 414, -1656, -9984, 1001, -1754, 6470, 1868, 49057
3712.8, 1690, -1529, -10054, 932, -1509, 5915, 1264, 49041
3716.5, 1485, -1529, -10054, 932, -1509, 5915, 1264, 49045
3720.8, 1576, -1500, -10171, 890, -1141, 6632, 1369, 49045
3724.5, 1569, -1500, -10171, 890, -1141, 6632, 1369, 49085
3726.8, 443, -1500, -10171, 890, -1141, 6632, 1369, 49085
3731.0, 1539, -1533, -10138, 839, -647, 8054, 1268, 49085
3734.8, 1516, -1533, -10138, 839, -647, 8054, 1268, 49059
3739.0, 1585, -1534, -9989, 896, -17, 9458, 306, 49059
3742.8, 1620, -1534, -9989, 896, -17, 9458, 306, 49067
3746.5, 1528, -1534, -9989, 896, -17, 9458, 306, 49060
3750.8, 1578, -1630, -9735, 1009, 183, 10561, -174, 49060
3754.5, 1560, -1630, -9735, 1009, 183, 10561, -174, 49072
3758.8, 1586, -1665, -9656, 887, -516, 11379, 384, 49072
3762.5, 1514, -1665, -9656, 887, -516, 11379, 384, 49077
3766.3, 1510, -1665, -9656, 887, -516, 11379, 384, 49071
3770.6, 1552, -1691, -9739, 980, -494, 12324, 1181, 49071
3774.3, 1576, -1691, -9739, 980, -494, 12324, 1181, 49088
3778.5, 1590, -1782, -9886, 1057, -135, 12022, 1461, 49088
3782.3, 1523, -1782, -9886, 1057, -135, 12022, 1461, 49073
3786.0, 1468, -1782, -9886, 1057, -135, 12022, 1461, 49075
3790.3, 1530, -1863, -10002, 1015, -245, 10688, 730, 49075
3794.1, 1551, -1863, -10002, 1015, -245, 10688, 730, 49088
3798.3, 1595, -1960, -9988, 962, -459, 9498, -100, 49088
3802.0, 1506, -1960, -9988, 962, -459, 9498, -100, 49081
3805.8, 1529, -1960, -9988, 962, -459, 9498, -100, 49084
3810.1, 1546, -1947, -9900, 1049, -839, 7691, -818, 49084
3813.8, 1559, -1947, -9900, 1049, -839, 7691, -818, 49091
3818.0, 1542, -2004, -9728, 1035, -1321, 5228, -1225, 49091
3821.7, 1487, -2004, -9728, 1035, -1321, 5228, -1225, 49081
3825.5, 1535, -2004, -9728, 1035, -1321, 5228, -1225, 49038
3829.7, 1597, -1905, -9695, 1070, -1439, 2725, -971, 49038
3833.5, 1562, -1905, -9695, 1070, -1439, 2725, -971, 49076
3837.7, 1552, -1859, -9715, 1063, -1430, 804, -389, 49076
3841.4, 1445, -1859, -9715, 1063, -1430, 804, -389, 49085
3843.7, 385, -1859, -9715, 1063, -1430, 804, -389, 49085
3849.4, 1668, -1888, -9810, 1055, -1373, -988, -262, 49078
3851.7, 345, -1888, -9810, 1055, -1373, -988, -262, 49078
3857.4, 1622, -1834, -9840, 1028, -1329, -2423, -909, 49067
3861.2, 1454, -1834, -9840, 1028, -1329, -2423, -909, 49067
3865.4, 1545, -1850, -9760, 1050, -1198, -3631, -1833, 49067
3869.2, 1526, -1850, -9760, 1050, -1198, -3631, -1833, 48996
3871.4, 322, -1850, -9760, 1050, -1198, -3631, -1833, 48996
3875.6, 1583, -1873, -9735, 954, -896, -5048, -2708, 48996
3879.3, 1571, -1873, -9735, 954, -896, -5048, -2708, 49072
3881.6, 367, -1873, -9735, 954, -896, -5048, -2708, 49072
3885.8, 1522, -1904, -9671, 888, -1023, -5998, -3185, 49072
3889.5, 1547, -1904, -9671, 888, -1023, -5998, -3185, 49067
3891.8, 437, -1904, -9671, 888, -1023, -5998, -3185, 49067
3896.0, 1610, -1948, -9683, 847, -1233, -6628, -3158, 49067
3899.7, 1573, -1948, -9683, 847, -1233, -6628, -3158, 49063
3903.9, 1619, -1940, -9804, 827, -936, -7131, -3176, 49063
3907.7, 1512, -1940, -9804, 827, -936, -7131, -3176, 49057
3911.4, 1485, -1940, -9804, 827, -936, -7131, -3176, 49055
3915.7, 1605, -1812, -9851, 875, -538, -7503, -3215, 49055
3919.5, 1576, -1812, -9851, 875, -538, -7503, -3215, 49057
3923.7, 1552, -1664, -9859, 880, -96, -7800, -2778, 49057
3927.5, 1509, -1664, -9859, 880, -96, -7800, -2778, 49055
3931.2, 1556, -1664, -9859, 880, -96, -7800, -2778, 49081
3935.5, 1538, -1531, -9884, 838, -144, -7656, -2235, 49081
3939.3, 1547, -1531, -9884, 838, -144, -7656, -2235, 49057
3943.5, 1575, -1361, -9942, 903, 236, -6505, -1837, 49057
3947.3, 1484, -1361, -9942, 903, 236, -6505, -1837, 49051
3951.0, 1498, -1361, -9942, 903, 236, -6505, -1837, 49038
3955.3, 1567, -1203, -9978, 855, 717, -4869, -1605, 49038
3959.1, 1561, -1203, -9978, 855, 717, -4869, -1605, 49023
3963.3, 1616, -1176, -9994, 850, 1386, -2646, -1715, 49023
3967.0, 1482, -1176, -9994, 850, 1386, -2646, -1715, 49040
3970.8, 1506, -1176, -9994, 850, 1386, -2646, -1715, 49040
3975.1, 1582, -1275, -9972, 874, 1308, 266, -2318, 49040
3978.9, 1580, -1275, -9972, 874, 1308, 266, -2318, 48972
3983.1, 1581, -1446, -9870, 821, 778, 2677, -2905, 48972
3986.8, 1469, -1446, -9870, 821, 778, 2677, -2905, 49052
3990.6, 1518, -1446, -9870, 821, 778, 2677, -2905, 49092
3994.9, 1591, -1581, -9741, 793, 371, 4711, -2804, 49092
3998.7, 1549, -1581, -9741, 793, 371, 4711, -2804, 49056
4002.9, 1509, -1728, -9744, 890, 581, 5740, -1868, 49056
4006.6, 1420, -1728, -9744, 890, 581, 5740, -1868, 49046
4010.9, 1568, -1728, -9744, 890, 581, 5740, -940, 49046
4015.0, 1303, -1728, -9744, 890, 581, 5740, -940, 49048
4017.2, 353, -1728, -9744, 890, 581, 5740, -940, 49048
4023.0, 1630, -1796, -9878, 948, 1260, 4821, -678, 49059
4026.7, 1378, -1796, -9878, 948, 1260, 4821, -678, 49048
4031.0, 1595, -1798, -10012, 929, 1001, 4287, -1233, 49048
4034.7, 1605, -1798, -10012, 929, 1001, 4287, -1233, 49043
4037.0, 403, -1798, -10012, 929, 1001, 4287, -1233, 49043
4042.7, 1619, -1893, -9961, 900, 826, 3316, -1833, 49042
4046.4, 1528, -1893, -9961, 900, 826, 3316, -1833, 49058
4050.6, 1567, -1913, -9829, 1004, 826, 1465, -1767, 49058
4054.4, 1549, -1913, -9829, 1004, 826, 1465, -1767, 49043
4056.6, 389, -1913, -9829, 1004, 826, 1465, -1767, 49043
4060.9, 1568, -1802, -9719, 975, 629, -69, -1098, 49043
4064.7, 1559, -1802, -9719, 975, 629, -69, -1098, 49040
4068.9, 1626, -1715, -9736, 907, 629, -69, -1098, 49040
4072.7, 1492, -1715, -9736, 907, 629, -69, -1098, 49021
4076.4, 1510, -1715, -9736, 907, 629, -69, -1098, 49049
4080.7, 1574, -1613, -9885, 889, -52, -612, -1273, 49049
4084.4, 1553, -1613, -9885, 889, -52, -612, -1273, 49036
4088.7, 1580, -1605, -9896, 853, -52, -612, -1273, 49036
4092.5, 1490, -1605, -9896, 853, -52, -612, -1273, 49036
4096.3, 1527, -1605, -9896, 853, -52, -612, -1273, 49028
4100.5, 1611, -1718, -9777, 942, -56, 1172, -2817, 49028
4104.3, 1536, -1718, -9777, 942, -56, 1172, -2817, 49028
4108.5, 1542, -1845, -9731, 942, -56, 1172, -2817, 49028
4112.3, 1494, -1845, -9731, 942, -56, 1172, -2817, 48993
4116.0, 1553, -1845, -9731, 942, -56, 1172, -2817, 49039
4120.3, 1644, -1970, -9664, 897, -647, -376, -2441, 49039
4124.1, 1525, -1970, -9664, 897, -647, -376, -2441, 49028
4128.3, 1520, -2014, -9748, 897, -647, -376, -2441, 49028
4132.1, 1443, -2014, -9748, 897, -647, -376, -2441, 49028
4135.8, 1537, -2014, -9748, 897, -647, -376, -2441, 49033
4140.1, 1603, -1905, -9860, 995, 26, -4895, -1592, 49033
4143.9, 1520, -1905, -9860, 995, 26, -4895, -1592, 49060
4148.1, 1531, -1784, -9932, 995, 26, -4895, -1592, 49060
4151.8, 1487, -1784, -9932, 995, 26, -4895, -1592, 49031
4157.6, 1601, -1689, -10053, 865, -26, -5818, -1399, 49025
4161.3, 1464, -1689, -10053, 865, -26, -5818, -1399, 49063
4163.6, 339, -1689, -10053, 865, -26, -5818, -1399, 49063
4169.4, 1658, -1441, -10004, 828, -188, -5350, -2130, 49035
4171.7, 368, -1441, -10004, 828, -188, -5350, -2130, 49035
4175.9, 1583, -1314, -9828, 776, -196, -4016, -3018, 49035
4179.6, 1573, -1314, -9828, 776, -196, -4016, -3018, 49028
4181.9, 401, -1314, -9828, 776, -196, -4016, -3018, 49028
4187.6, 1644, -1292, -9585, 774, -437, -2012, -3290, 49024
4191.3, 1551, -1292, -9585, 774, -437, -2012, -3290, 49073
4195.5, 1584, -1433, -9527, 822, -490, 376, -2782, 49073
4199.3, 1499, -1433, -9527, 822, -490, 376, -2782, 49033
4201.6, 364, -1433, -9527, 822, -490, 376, -2782, 49033
4205.8, 1607, -1546, -9705, 893, -26, 1719, -1439, 49033
4209.6, 1553, -1546, -9705, 893, -26, 1719, -1439, 49038
4211.9, 423, -1546, -9705, 893, -26, 1719, -1439, 49038
4217.6, 1621, -1608, -10056, 897, -83, 1933, -411, 49032
4221.3, 1511, -1608, -10056, 897, -83, 1933, -411, 49013
4225.6, 1632, -1685, -10189, 859, -104, 2235, -743, 49013
4229.4, 1515, -1685, -10189, 859, -104, 2235, -743, 48996
4233.6, 1551, -1670, -10055, 794, -258, 3215, -2279, 48996
4237.4, 1501, -1670, -10055, 794, -258, 3215, -2279, 49033
4241.1, 1526, -1670, -10055, 794, -258, 3215, -2279, 49045
4245.4, 1585, -1596, -9756, 835, -78, 3823, -3316, 49045
4249.2, 1532, -1596, -9756, 835, -78, 3823, -3316, 49045
4253.4, 1526, -1544, -9597, 854, 468, 4116, -2703, 49045
4257.1, 1516, -1544, -9597, 854, 468, 4116, -2703, 49056
4260.9, 1542, -1544, -9597, 854, 468, 4116, -2703, 49052
4265.1, 1647, -1472, -9734, 896, 918, 4851, -1102, 49052
4268.9, 1560, -1472, -9734, 896, 918, 4851, -1102, 49026
4273.1, 1510, -1451, -10012, 818, 288, 5381, -524, 49026
4276.8, 1511, -1451, -10012, 818, 288, 5381, -524, 49055
4280.6, 1571, -1451, -10012, 818, 288, 5381, -524, 49056
4284.8, 1652, -1453, -10152, 797, -166, 6028, -914, 49056
4288.5, 1526, -1453, -10152, 797, -166, 6028, -914, 49062
4292.8, 1449, -1618, -10103, 656, -43, 7306, -1500, 49062
4296.5, 1465, -1618, -10103, 656, -43, 7306, -1500, 49065
4298.8, 308, -1618, -10103, 656, -43, 7306, -1500, 49065
4304.6, 1587, -1737, -10051, 781, 708, 9113, -1728, 49064
4308.3, 1508, -1737, -10051, 781, 708, 9113, -1728, 49086
4314.0, 1567, -1804, -9842, 940, 1273, 9927, -2099, 49082
4317.8, 1465, -1804, -9842, 940, 1273, 9927, -2099, 49076
4323.5, 1606, -1921, -9614, 948, 796, 9248, -3023, 49075
4325.8, 379, -1921, -9614, 948, 796, 9248, -3023, 49075
4328.1, 278, -1921, -9614, 948, 796, 9248, -3023, 49075
4333.8, 1652, -1955, -9463, 910, 367, 8106, -2961, 49101
4336.1, 460, -1955, -9463, 910, 367, 8106, -2961, 49101
4338.3, 449, -1955, -9463, 910, 367, 8106, -2961, 49101
4344.1, 1657, -1885, -9701, 688, 26, 6943, -796, 49071
4346.3, 381, -1885, -9701, 688, 26, 6943, -796, 49071
4350.6, 1548, -1863, -9994, 1005, -1067, 5258, 1574, 49071
4354.3, 1562, -1863, -9994, 1005, -1067, 5258, 1574, 49075
4356.6, 543, -1863, -9994, 1005, -1067, 5258, 1574, 49075
4360.9, 1562, -1862, -10131, 937, 923, 1990, 1268, 49075
4364.7, 1510, -1862, -10131, 937, 923, 1990, 1268, 49081
4367.0, 359, -1862, -10131, 937, 923, 1990, 1268, 49081
4372.7, 1642, -1929, -10309, 1012, 2121, -91, -1561, 49050
4376.4, 1563, -1929, -10309, 1012, 2121, -91, -1561, 49076
4380.7, 1655, -1911, -10129, 1235, 2384, -3600, -5740, 49076
4384.5, 1734, -1911, -10129, 1235, 2384, -3600, -5740, 49082
4388.7, 1740, -1815, -9504, 927, 2786, -7183, -8426, 49082
4392.5, 1595, -1815, -9504, 927, 2786, -7183, -8426, 49083
4396.2, 1540, -1815, -9504, 927, 2786, -7183, -8426, 49111
4400.5, 1470, -1792, -9196, 746, 2148, -8430, -6540, 49111
4404.3, 1590, -1792, -9196, 746, 2148, -8430, -6540, 49087
4408.5, 1471, -1628, -9436, 594, 2078, -7459, -1553, 49087
4412.3, 1346, -1628, -9436, 594, 2078, -7459, -1553, 49077
4416.0, 1515, -1628, -9436, 594, 2078, -7459, -1553, 49085
4420.3, 1614, -1827, -9952, 884, 3587, -6619, 809, 49085
4424.1, 1564, -1827, -9952, 884, 3587, -6619, 809, 49088
4428.3, 1499, -2026, -10334, 789, 6378, -7376, -2012, 49088
4432.0, 1484, -2026, -10334, 789, 6378, -7376, -2012, 49105
4435.8, 1594, -2026, -10334, 789, 6378, -7376, -2012, 49032
4440.1, 1611, -2287, -10389, 629, 7013, -8194, -7988, 49032
4443.9, 1446, -2287, -10389, 629, 7013, -8194, -7988, 49104
4448.1, 1583, -2414, -10034, 552, 8741, -9065, -12753, 49104
4451.8, 1607, -2414, -10034, 552, 8741, -9065, -12753, 49111
4455.6, 1670, -2414, -10034, 552, 8741, -9065, -12753, 49055
4459.9, 1576, -2504, -9525, 658, 12145, -10701, -13733, 49055
4463.6, 1376, -2504, -9525, 658, 12145, -10701, -13733, 49079
4467.9, 1429, -2333, -9342, 930, 12993, -13663, -11252, 49079
4471.6, 1469, -2333, -9342, 930, 12993, -13663, -11252, 49076
4473.9, 258, -2333, -9342, 930, 12993, -13663, -11252, 49076
4479.6, 1670, -2025, -9599, 1173, 12862, -18887, -8426, 49080
4483.3, 1541, -2025, -9599, 1173, 12862, -18887, -8426, 49068
4489.1, 1553, -1683, -10131, 1315, 15080, -24216, -7380, 49064
4491.3, 350, -1683, -10131, 1315, 15080, -24216, -7380, 49064
4495.6, 1659, -1314, -10471, 1316, 17622, -25996, -8841, 49064
4499.4, 1671, -1314, -10471, 1316, 17622, -25996, -8841, 49077
4501.7, 691, -1314, -10471, 1316, 17622, -25996, -8841, 49077
4505.9, 1651, -1022, -10485, 1048, 18143, -23157, -11576, 49077
4509.6, 1491, -1022, -10485, 1048, 18143, -23157, -11576, 49067
4511.9, 277, -1022, -10485, 1048, 18143, -23157, -11576, 49067
4517.6, 1643, -697, -10190, 915, 17504, -15710, -13295, 49068
4521.3, 1536, -697, -10190, 915, 17504, -15710, -13295, 49068
4525.6, 1605, -435, -9650, 702, 16052, -5569, -13177, 49068
4529.4, 1627, -435, -9650, 702, 16052, -5569, -13177, 49069
4531.7, 653, -435, -9650, 702, 16052, -5569, -13177, 49069
4535.9, 1604, -267, -9175, 540, 13952, 5635, -10876, 49069
4539.6, 1435, -267, -9175, 540, 13952, 5635, -10876, 49046
4541.9, 278, -267, -9175, 540, 13952, 5635, -10876, 49046
4547.6, 1602, -298, -9078, 965, 13046, 16117, -6934, 49049
4551.3, 1658, -298, -9078, 965, 13046, 16117, -6934, 49080
4555.6, 1710, -602, -9438, 1127, 14568, 22715, -3101, 49080
4559.4, 1661, -602, -9438, 1127, 14568, 22715, -3101, 49058
4563.6, 1446, -602, -9438, 1127, 15470, 27177, -1841, 49058
4567.3, 1414, -602, -9438, 1127, 15470, 27177, -1841, 49045
4571.1, 1581, -602, -9438, 1127, 15470, 27177, -1841, 49047
4575.4, 1646, -1240, -10152, 1092, 16301, 30039, -4077, 49047
4579.2, 1486, -1240, -10152, 1092, 16301, 30039, -4077, 49052
4583.4, 1326, -1240, -10152, 1092, 18139, 32104, -8211, 49052
4587.1, 1370, -1240, -10152, 1092, 18139, 32104, -8211, 49042
4590.9, 1711, -1240, -10152, 1092, 18139, 32104, -8211, 49014
4595.1, 1820, -1613, -9734, 712, 19267, 36208, -10972, 49014
4598.9, 1659, -1613, -9734, 712, 19267, 36208, -10972, 49053
4603.1, 1490, -1613, -9734, 712, 18379, 40430, -11147, 49053
4606.8, 1308, -1613, -9734, 712, 18379, 40430, -11147, 49050
4610.6, 1318, -1613, -9734, 712, 18379, 40430, -11147, 49055
4614.8, 1441, -1816, -9011, 1290, 18506, 41821, -9257, 49055
4618.5, 1476, -1816, -9011, 1290, 18506, 41821, -9257, 49016
4622.8, 1695, -1816, -9011, 1290, 20847, 41659, -6317, 49016
4626.5, 1900, -1816, -9011, 1290, 20847, 41659, -6317, 49034
4628.8, 900, -1816, -9011, 1290, 20847, 41659, -6317, 49034
4634.6, 1460, -1819, -9090, 1467, 22439, 41226, -3793, 49031
4638.3, 1202, -1819, -9090, 1467, 22439, 41226, -3793, 49025
4644.0, 1526, -1819, -9090, 1467, 22382, 39743, -3552, 49049
4646.3, 272, -1819, -9090, 1467, 22382, 39743, -3552, 49049
4648.5, 214, -1819, -9090, 1467, 22382, 39743, -3552, 49049
4654.3, 1675, -1680, -9559, 2145, 22877, 35319, -5853, 49025
4656.5, 729, -1680, -9559, 2145, 22877, 35319, -5853, 49025
4660.8, 1859, -1522, -9559, 2145, 22877, 35319, -5853, 49025
4664.6, 1626, -1522, -9559, 2145, 22877, 35319, -5853, 49030
4666.9, 418, -1522, -9559, 2145, 22877, 35319, -5853, 49030
4672.6, 1300, -1360, -9644, 2284, 22540, 28831, -9576, 49026
4676.4, 1346, -1360, -9644, 2284, 22540, 28831, -9576, 48993
4680.6, 1537, -1086, -9501, 2195, 20768, 24749, -11882, 48993
4684.4, 1513, -1086, -9501, 2195, 20768, 24749, -11882, 48993
4686.7, 526, -1086, -9501, 2195, 20768, 24749, -11882, 48993
4690.9, 1823, -731, -9370, 1838, 17985, 25585, -10797, 48993
4694.7, 1857, -731, -9370, 1838, 17985, 25585, -10797, 49020
4697.0, 921, -731, -9370, 1838, 17985, 25585, -10797, 49020
4702.7, 1495, -393, -9256, 1312, 13812, 43448, -4475, 48947
4706.4, 1252, -393, -9256, 1312, 13812, 43448, -4475, 49021
4710.7, 1424, -49, -9306, 1283, 13812, 43448, -3548, 49021
4714.5, 1586, -49, -9306, 1283, 13812, 43448, -3548, 48993
4718.7, 1710, 49, -9413, 1527, 13602, 55458, -3548, 48993
4722.5, 1591, 49, -9413, 1527, 13602, 55458, -3548, 49028
4726.2, 1555, 49, -9413, 1527, 13602, 55458, -3548, 49020
4730.5, 1510, -191, -9461, 1661, 12210, 63666, -2366, 49020
4734.3, 1501, -191, -9461, 1661, 12210, 63666, -2366, 49007
4738.5, 1396, -647, -9694, 1668, 9117, 67411, -2366, 49007
4742.3, 1593, -647, -9694, 1668, 9117, 67411, -2366, 48941
4746.0, 1749, -647, -9694, 1668, 9117, 67411, -2366, 49017
4750.2, 1612, -921, -9841, 1819, 6991, 68167, -2983, 49017
4754.0, 1235, -921, -9841, 1819, 6991, 68167, -2983, 48998
4758.2, 1137, -1259, -9852, 1720, 6934, 67511, -2983, 48998
4761.9, 1675, -1259, -9852, 1720, 6934, 67511, -2983, 49019
4765.7, 1828, -1259, -9852, 1720, 6934, 67511, -2983, 49007
4769.9, 1798, -1499, -9791, 1654, 7393, 66767, -5390, 49007
4773.6, 1461, -1499, -9791, 1654, 7393, 66767, -5390, 49005
4777.8, 1376, -1628, -9667, 1834, 8330, 65884, -5390, 49005
4781.6, 1346, -1628, -9667, 1834, 8330, 65884, -5390, 48931
4783.9, 298, -1628, -9667, 1834, 8330, 65884, -5390, 48931
4789.6, 1451, -1564, -9632, 1838, 10482, 65079, -9555, 48999
4793.4, 1351, -1564, -9632, 1838, 10482, 65079, -9555, 48999
4799.1, 1509, -1389, -9584, 1566, 11353, 66391, -9555, 48986
4802.8, 1710, -1389, -9584, 1566, 11353, 66391, -9555, 48975
4808.6, 2093, -1143, -9689, 1122, 10802, 71248, -9432, 48981
4810.8, 907, -1143, -9689, 1122, 10802, 71248, -9432, 48981
4813.2, 392, -1143, -9689, 1122, 10802, 71248, -9432, 48981
4818.9, 1013, -1004, -9821, 719, 9787, 80050, -7625, 48979
4821.2, 39, -1004, -9821, 719, 9787, 80050, -7625, 48979
4825.4, 1493, -939, -9914, 597, 10600, 91128, -6435, 48979
4829.1, 1820, -939, -9914, 597, 10600, 91128, -6435, 48976
4831.4, 922, -939, -9914, 597, 10600, 91128, -6435, 48976
4835.6, 1417, -1165, -10004, 937, 14157, 99707, -8964, 48976
4839.3, 1291, -1165, -10004, 937, 14157, 99707, -8964, 49017
4841.6, 290, -1165, -10004, 937, 14157, 99707, -8964, 49017
4845.8, 1679, -1250, -9982, 1350, 17644, 103474, -14057, 49017
4849.5, 1690, -1250, -9982, 1350, 17644, 103474, -14057, 48974
4851.8, 574, -1250, -9982, 1350, 17644, 103474, -14057, 48974
4856.0, 1361, -1420, -10064, 1417, 21315, 103706, -17605, 48974
4859.8, 1261, -1420, -10064, 1417, 21315, 103706, -17605, 48968
4862.1, 194, -1420, -10064, 1417, 21315, 103706, -17605, 48968
4867.8, 2033, -1296, -10230, 888, 23494, 103903, -19749, 48967
4871.6, 1812, -1296, -10230, 888, 23494, 103903, -19749, 48970
4875.8, 1572, -1369, -10340, 171, 24150, 109389, -23607, 48970
4879.5, 1266, -1369, -10340, 171, 24150, 109389, -23607, 48966
4883.7, 1421, -1357, -10366, -131, 23157, 123009, -29562, 48966
4887.5, 1582, -1357, -10366, -131, 23157, 123009, -29562, 48961
4891.2, 1703, -1357, -10366, -131, 23157, 123009, -29562, 48959
4895.5, 1406, -1532, -10136, -90, 22623, 139254, -34003, 48959
4899.2, 1334, -1532, -10136, -90, 22623, 139254, -34003, 48994
4903.4, 1669, -1430, -10371, 215, 23883, 143344, -34624, 48994
4907.1, 1748, -1430, -10371, 215, 23883, 143344, -34624, 48970
4910.9, 1636, -1430, -10371, 215, 23883, 143344, -34624, 48966
4915.1, 1477, -1622, -10786, 874, 28127, 143344, -34891, 48966
4918.8, 1399, -1622, -10786, 874, 28127, 143344, -34891, 48977
4923.1, 1624, -1847, -11001, 1234, 31084, 143344, -40670, 48977
4926.8, 1602, -1847, -11001, 1234, 31084, 143344, -40670, 48947
4929.1, 374, -1847, -11001, 1234, 31084, 143344, -40670, 48947
4934.9, 1673, -2166, -11132, 2468, 37678, 143344, -52618, 48953
4938.6, 1450, -2166, -11132, 2468, 37678, 143344, -52618, 48962
4942.8, 1478, -2340, -10311, 3413, 40053, 143344, -63057, 48962
4946.6, 1258, -2340, -10311, 3413, 40053, 143344, -63057, 48965
4948.9, 107, -2340, -10311, 3413, 40053, 143344, -63057, 48965
4954.7, 1470, -2507, -10138, 4167, 38609, 143344, -65709, 48956
4958.4, 1694, -2507, -10138, 4167, 38609, 143344, -65709, 48983
4964.1, 1536, -2200, -9693, 4857, 36553, 138348, -61181, 48956
4967.9, 1281, -2200, -9693, 4857, 36553, 138348, -61181, 48981
4973.6, 1473, -2051, -9787, 5359, 31867, 111398, -52430, 48953
4975.8, 321, -2051, -9787, 5359, 31867, 111398, -52430, 48953
4978.2, 662, -2051, -9787, 5359, 31867, 111398, -52430, 48953
4983.9, 1587, -1278, -10028, 3783, 30787, 78707, -44105, 49019
4986.2, 482, -1278, -10028, 3783, 30787, 78707, -44105, 49019
4990.4, 1301, -1240, -10554, 3214, 33701, 56464, -39905, 49019
4994.2, 1432, -1240, -10554, 3214, 33701, 56464, -39905, 48951
4996.5, 398, -1240, -10554, 3214, 33701, 56464, -39905, 48951
5000.7, 1487, -1000, -10657, 2733, 38369, 48362, -43663, 48951
5004.5, 1353, -1000, -10657, 2733, 38369, 48362, -43663, 48960
5006.8, 132, -1000, -10657, 2733, 38369, 48362, -43663, 48960
5012.5, 1610, -909, -10430, 2727, 43501, 53857, -49818, 48962
5016.3, 1558, -909, -10430, 2727, 43501, 53857, -49818, 48975
5020.5, 1343, -667, -10345, 2306, 47596, 62349, -53231, 48975
5024.3, 1177, -667, -10345, 2306, 47596, 62349, -53231, 48961
5026.6, 48, -667, -10345, 2306, 47596, 62349, -53231, 48961
5030.9, 1588, -626, -9949, 2247, 52618, 68557, -51450, 48961
5034.6, 1688, -626, -9949, 2247, 52618, 68557, -51450, 48964
5038.8, 1716, -606, -10106, 1728, 57558, 72368, -47176, 48964
5042.6, 1780, -606, -10106, 1728, 57558, 72368, -47176, 48968
5046.3, 1462, -606, -10106, 1728, 57558, 72368, -47176, 48962
5050.6, 1286, -693, -10235, 2368, 60568, 75028, -45999, 48962
5054.4, 1369, -693, -10235, 2368, 60568, 75028, -45999, 48988
5058.6, 1344, -785, -10637, 3409, 63442, 73133, -45885, 48988
5062.4, 1184, -785, -10637, 3409, 63442, 73133, -45885, 48984
5066.1, 1397, -785, -10637, 3409, 63442, 73133, -45885, 48987
5070.4, 1515, -854, -10901, 3971, 68307, 68399, -43286, 48987
5074.2, 1414, -854, -10901, 3971, 68307, 68399, -43286, 49013
5078.4, 1583, -972, -10999, 4096, 72897, 62922, -39817, 49013
5082.1, 1331, -972, -10999, 4096, 72897, 62922, -39817, 48986
5085.9, 1618, -972, -10999, 4096, 72897, 62922, -39817, 48891
5090.2, 1410, -933, -10725, 4010, 75627, 58096, -38968, 48891
5093.9, 1417, -933, -10725, 4010, 75627, 58096, -38968, 48909
5098.1, 1557, -1057, -10472, 4142, 80098, 55751, -41086, 48909
5101.8, 1704, -1057, -10472, 4142, 80098, 55751, -41086, 48905
5105.6, 1566, -1057, -10472, 4142, 80098, 55751, -41086, 48902
5109.8, 1317, -1296, -10320, 4060, 84718, 55860, -42083, 48902
5113.5, 1356, -1296, -10320, 4060, 84718, 55860, -42083, 48989
5117.8, 1521, -1465, -10318, 4388, 90078, 57925, -39589, 48989
5121.5, 1394, -1465, -10318, 4388, 90078, 57925, -39589, 48923
5123.8, 104, -1465, -10318, 4388, 90078, 57925, -39589, 48923
5129.5, 1435, -1398, -10280, 4682, 92843, 56989, -34598, 48911
5131.8, 227, -1398, -10280, 4682, 92843, 56989, -34598, 48911
5137.6, 1733, -926, -10269, 4752, 94015, 48930, -30459, 48913
5141.3, 1338, -926, -10269, 4752, 94015, 48930, -30459, 48912
5145.6, 1366, -926, -10207, 4677, 96824, 38286, -28853, 48912
5149.3, 1736, -926, -10207, 4677, 96824, 38286, -28853, 48943
5151.6, 889, -926, -10207, 4677, 96824, 38286, -28853, 48943
5155.9, 1559, -205, -10252, 4565, 100661, 31399, -27807, 48943
5159.7, 1083, -205, -10252, 4565, 100661, 31399, -27807, 48928
5161.9, 39, -205, -10252, 4565, 100661, 31399, -27807, 48928
5167.6, 1669, -405, -10334, 4688, 105767, 32213, -25147, 48928
5171.4, 1632, -405, -10334, 4688, 105767, 32213, -25147, 48941
5175.7, 1810, -443, -10343, 3984, 110155, 36186, -22833, 48941
5179.5, 1413, -443, -10343, 3984, 110155, 36186, -22833, 48951
5181.7, 65, -443, -10343, 3984, 110155, 36186, -22833, 48951
5186.0, 1134, -710, -10241, 5013, 114775, 43536, -21477, 48951
5189.8, 1341, -710, -10241, 5013, 114775, 43536, -21477, 48965
5194.1, 1714, -710, -10241, 5013, 118621, 44910, -20514, 48965
5197.8, 1769, -710, -10241, 5013, 118621, 44910, -20514, 48997
5201.6, 1359, -710, -10241, 5013, 118621, 44910, -20514, 48987
5205.8, 1080, -1380, -10238, 4374, 122628, 47640, -17600, 48987
5209.5, 1306, -1380, -10238, 4374, 122628, 47640, -17600, 49003
5213.8, 1731, -1380, -10238, 4374, 128163, 55887, -13702, 49003
5217.6, 1411, -1380, -10238, 4374, 128163, 55887, -13702, 49016
5221.3, 1513, -1380, -10238, 4374, 128163, 55887, -13702, 49037
5225.6, 1482, -1884, -10687, 5478, 133654, 64046, -11103, 49037
5229.3, 1635, -1884, -10687, 5478, 133654, 64046, -11103, 49047
5233.5, 1296, -1884, -10687, 5478, 138715, 65752, -11908, 49047
5237.3, 1750, -1884, -10687, 5478, 138715, 65752, -11908, 49080
5241.0, 1701, -1884, -10687, 5478, 138715, 65752, -11908, 49074
5245.3, 1773, -1901, -10287, 6565, 142443, 59947, -12762, 49074
5249.1, 1201, -1901, -10287, 6565, 142443, 59947, -12762, 49098
5253.3, 1109, -1901, -10287, 6565, 143336, 48401, -10172, 49098
5257.1, 1437, -1901, -10287, 6565, 143336, 48401, -10172, 49106
5260.9, 1591, -1901, -10287, 6565, 143336, 48401, -10172, 49128
5265.2, 1807, -1161, -9485, 7235, 143169, 29234, -7170, 49128
5268.9, 1570, -1161, -9485, 7235, 143169, 29234, -7170, 49138
5273.2, 1149, -1161, -9485, 7235, 143292, 7822, -6895, 49138
5276.9, 1131, -1161, -9485, 7235, 143292, 7822, -6895, 49142
5280.6, 1319, -1161, -9485, 7235, 143292, 7822, -6895, 49162
5284.9, 2520, -757, -8688, 6031, 143344, -7551, -3963, 49162
5288.7, 2227, -757, -8688, 6031, 143344, -7551, -3963, 49057
5292.9, 1228, -757, -8688, 6031, 143344, -11484, 4501, 49057
5296.7, 739, -757, -8688, 6031, 143344, -11484, 4501, 49070
5300.9, 1125, -798, -8791, 5765, 143344, -11484, 4501, 49070
5304.6, 2038, -798, -8791, 5765, 143344, -11484, 4501, 49044
5306.9, 1569, -798, -8791, 5765, 143344, -11484, 4501, 49044
5312.6, 1533, -1052, -8989, 5457, 143344, -4392, 11786, 49118
5316.3, 1198, -1052, -8989, 5457, 143344, -4392, 11786, 49138
5320.6, 1579, -1375, -9278, 5578, 143344, 10548, 11458, 49138
5324.4, 1788, -1375, -9278, 5578, 143344, 10548, 11458, 49159
5326.6, 439, -1375, -9278, 5578, 143344, 10548, 11458, 49159
5330.9, 1205, -1425, -9171, 6671, 143344, 27659, 5057, 49159
5334.6, 1043, -1425, -9171, 6671, 143344, 27659, 5057, 49155
5336.9, 54, -1425, -9171, 6671, 143344, 27659, 5057, 49155
5342.6, 2262, -1499, -8689, 7356, 143344, 37634, -5075, 49209
5346.3, 1395, -1499, -8689, 7356, 143344, 37634, -5075, 49229
5350.6, 1120, -1464, -7867, 7635, 143344, 38863, -14752, 49229
5354.4, 1527, -1464, -7867, 7635, 143344, 38863, -14752, 49253
5356.7, 825, -1464, -7867, 7635, 143344, 38863, -14752, 49253
5360.9, 1420, -1135, -6914, 7959, 143344, 36671, -16227, 49253
5364.6, 1785, -1135, -6914, 7959, 143344, 36671, -16227, 49310
5368.8, 1428, -921, -6380, 8758, 143344, 30997, -8159, 49310
5372.6, 708, -921, -6380, 8758, 143344, 30997, -8159, 49317
5376.4, 1097, -921, -6380, 8758, 143344, 30997, -8159, 49329
5380.6, 2703, -701, -6239, 8294, 143344, 22010, 1557, 49329
5384.4, 1963, -701, -6239, 8294, 143344, 22010, 1557, 49339
5388.6, 1466, -841, -6581, 8708, 143344, 16629, 7175, 49339
5392.4, 1616, -841, -6581, 8708, 143344, 16629, 7175, 49366
5396.1, 1470, -841, -6581, 8708, 143344, 16629, 7175, 49383
5400.4, 904, -1000, -6695, 8268, 143344, 11440, 5805, 49383
5404.2, 1132, -1000, -6695, 8268, 143344, 11440, 5805, 49395
5408.4, 1726, -1137, -6742, 7254, 143344, 13357, 940, 49395
5412.2, 1907, -1137, -6742, 7254, 143344, 13357, 940, 49342
5416.3, 1571, -1137, -6742, 7254, 143344, 13357, 940, 49420
5420.5, 1235, -1213, -6262, 7346, 143344, 23424, -7936, 49420
5424.3, 1400, -1213, -6262, 7346, 143344, 23424, -7936, 49430
5428.5, 1335, -952, -5914, 8790, 143344, 31277, -7936, 49430
5432.3, 1305, -952, -5914, 8790, 143344, 31277, -7936, 49438
5438.0, 1787, -763, -5119, 9186, 143344, 30402, -10018, 49445
5441.7, 1606, -763, -5119, 9186, 143344, 30402, -10018, 49454
5445.4, 1234, -763, -5119, 9186, 143344, 30402, -10018, 49047
5449.7, 1153, -585, -4335, 8472, 143344, 24185, -9095, 49047
5453.5, 1197, -585, -4335, 8472, 143344, 24185, -9095, 49473
5457.7, 1734, -372, -3835, 7913, 143344, 22623, -4882, 49473
5461.4, 1968, -372, -3835, 7913, 143344, 22623, -4882, 49472
5465.6, 1371, -524, -3646, 7938, 143344, 26228, -1054, 49472
5469.3, 1169, -524, -3646, 7938, 143344, 26228, -1054, 49480
5471.6, 52, -524, -3646, 7938, 143344, 26228, -1054, 49480
5475.8, 1664, -442, -3644, 8271, 143344, 31929, -236, 49480
5479.5, 1597, -442, -3644, 8271, 143344, 31929, -236, 49490
5481.8, 111, -442, -3644, 8271, 143344, 31929, -236, 49490
5486.0, 1251, -723, -3436, 8312, 143344, 37017, -2134, 49490
5489.7, 1277, -723, -3436, 8312, 143344, 37017, -2134, 49506
5492.0, 115, -723, -3436, 8312, 143344, 37017, -2134, 49506
5497.7, 1417, -857, -3084, 8242, 143344, 40290, -4908, 49138
5501.4, 1169, -857, -3084, 8242, 143344, 40290, -4908, 49510
5505.7, 1995, -1089, -2474, 8490, 143344, 44525, -5665, 49510
5509.5, 1746, -1089, -2474, 8490, 143344, 44525, -5665, 49509
5511.7, 584, -1089, -2474, 8490, 143344, 44525, -5665, 49509
5516.0, 1314, -999, -2188, 9021, 143344, 44774, -2992, 49509
5519.7, 1386, -999, -2188, 9021, 143344, 44774, -2992, 49512
5524.0, 1299, -915, -1979, 9448, 143344, 41353, 2043, 49512
5527.8, 1216, -915, -1979, 9448, 143344, 41353, 2043, 49542
5531.5, 1243, -915, -1979, 9448, 143344, 41353, 2043, 49527
5535.8, 1536, -855, -1916, 9181, 143344, 31496, 7669, 49527
5539.5, 1268, -855, -1916, 9181, 143344, 31496, 7669, 49533
5543.7, 1029, -1054, -1633, 8617, 143344, 19749, 12696, 49533
5547.5, 1365, -1054, -1633, 8617, 143344, 19749, 12696, 49539
5551.3, 2294, -1054, -1633, 8617, 143344, 19749, 12696, 49570
5555.5, 1643, -1198, -1610, 8330, 143344, 14682, 15592, 49570
5559.3, 1329, -1198, -1610, 8330, 143344, 14682, 15592, 49548
5563.5, 1254, -1284, -1617, 8656, 143344, 16498, 16244, 49548
5567.3, 1221, -1284, -1617, 8656, 143344, 16498, 16244, 49549
5571.0, 1058, -1284, -1617, 8656, 143344, 16498, 16244, 49547
5575.3, 1785, -1365, -1114, 8797, 143344, 19928, 14669, 49547
5579.1, 1916, -1365, -1114, 8797, 143344, 19928, 14669, 49584
5583.3, 1160, -1544, -669, 8201, 143344, 22610, 11838, 49584
5587.0, 1029, -1544, -669, 8201, 143344, 22610, 11838, 49491
5590.8, 1205, -1544, -669, 8201, 143344, 22610, 11838, 49568
5595.0, 1349, -2108, -347, 8419, 143344, 26845, 9878, 49568
5598.8, 1286, -2108, -347, 8419, 143344, 26845, 9878, 49556
5603.0, 2152, -2264, 88, 7861, 143344, 28779, 9209, 49556
5606.7, 2017, -2264, 88, 7861, 143344, 28779, 9209, 49559
5612.5, 1251, -2125, 148, 7673, 143344, 28503, 9891, 49540
5616.2, 867, -2125, 148, 7673, 143344, 28503, 9891, 49548
5618.5, 32, -2125, 148, 7673, 143344, 28503, 9891, 49548
5624.3, 1325, -1881, 585, 9023, 143344, 32668, 9782, 49548
5626.6, 63, -1881, 585, 9023, 143344, 32668, 9782, 49548
5630.8, 2071, -1999, 1177, 8827, 143344, 34825, 8982, 49548
5634.6, 2095, -1999, 1177, 8827, 143344, 34825, 8982, 49541
5636.9, 290, -1999, 1177, 8827, 143344, 34825, 8982, 49541
5642.6, 1255, -2180, 1039, 8342, 143344, 28910, 8942, 49419
5646.3, 1262, -2180, 1039, 8342, 143344, 28910, 8942, 49539
5650.5, 1516, -2227, 1279, 8548, 143344, 20624, 9900, 49539
5654.3, 1428, -2227, 1279, 8548, 143344, 20624, 9900, 49421
5656.6, 144, -2227, 1279, 8548, 143344, 20624, 9900, 49421
5660.8, 1252, -2154, 1874, 8458, 143344, 12963, 9520, 49421
5664.6, 1283, -2154, 1874, 8458, 143344, 12963, 9520, 49408
5666.9, 93, -2154, 1874, 8458, 143344, 12963, 9520, 49408
5672.6, 1697, -2919, 2066, 8982, 143344, 13707, 7984, 49398
5676.4, 1275, -2919, 2066, 8982, 143344, 13707, 7984, 49392
5680.6, 1218, -3028, 2560, 7683, 143344, 4956, 5013, 49392
5684.4, 1152, -3028, 2560, 7683, 143344, 4956, 5013, 49372
5688.6, 1293, -2828, 3033, 7419, 143344, -1785, 3018, 49372
5692.4, 1160, -2828, 3033, 7419, 143344, -1785, 3018, 49399
5696.2, 1551, -2828, 3033, 7419, 143344, -1785, 3018, 49380
5700.4, 2240, -2477, 3850, 7520, 143344, 5324, 4672, 49380
5704.2, 1377, -2477, 3850, 7520, 143344, 5324, 4672, 49388
5708.4, 1002, -1851, 3611, 7205, 143327, 16975, 8395, 49388
5712.1, 1069, -1851, 3611, 7205, 143327, 16975, 8395, 49564
5715.9, 2331, -1851, 3611, 7205, 143327, 16975, 8395, 49404
5720.1, 1552, -1901, 4080, 8460, 142636, 31693, 8378, 49404
5723.9, 1402, -1901, 4080, 8460, 142636, 31693, 8378, 49376
5728.1, 1497, -2312, 3957, 9473, 134896, 33801, 5079, 49376
5731.8, 1244, -2312, 3957, 9473, 134896, 33801, 5079, 49370
5735.6, 1167, -2312, 3957, 9473, 134896, 33801, 5079, 49379
5739.8, 1280, -2338, 4109, 9067, 127025, 23620, 923, 49379
5743.5, 1250, -2338, 4109, 9067, 127025, 23620, 923, 49373
5747.8, 1267, -2315, 3882, 9106, 122712, 17815, -1268, 49373
5751.5, 1237, -2315, 3882, 9106, 122712, 17815, -1268, 49369
5753.8, 85, -2315, 3882, 9106, 122712, 17815, -1268, 49369
5759.6, 1645, -2307, 3770, 7841, 124317, 4729, -2970, 49356
5763.3, 1235, -2307, 3770, 7841, 124317, 4729, -2970, 49369
5769.0, 1261, -1737, 3929, 6949, 124855, 1973, -4620, 49362
5772.8, 1251, -1737, 3929, 6949, 124855, 1973, -4620, 49354
5778.5, 1419, -2057, 4161, 7274, 120541, 19079, -3946, 49360
5780.7, 65, -2057, 4161, 7274, 120541, 19079, -3946, 49360
5783.0, 18, -2057, 4161, 7274, 120541, 19079, -3946, 49360
5788.7, 1324, -2191, 3714, 6130, 115746, 20921, -1356, 49380
5790.9, 70, -2191, 3714, 6130, 115746, 20921, -1356, 49380
5793.2, 201, -2191, 3714, 6130, 115746, 20921, -1356, 49380
5798.9, 1651, -2382, 3761, 5842, 122760, 17080, 4904, 49497
5801.2, 102, -2382, 3761, 5842, 122760, 17080, 4904, 49497
5805.4, 1140, -2382, 3761, 5842, 134004, 16778, 10010, 49497
5809.2, 1273, -2382, 3761, 5842, 134004, 16778, 10010, 49381
5811.5, 149, -2382, 3761, 5842, 134004, 16778, 10010, 49381
5815.7, 1692, -2565, 3557, 7972, 141726, 16235, 8763, 49381
5819.5, 1176, -2565, 3557, 7972, 141726, 16235, 8763, 49386
5821.7, 57, -2565, 3557, 7972, 141726, 16235, 8763, 49386
5825.9, 1231, -2980, 4690, 7940, 138694, 8977, 3211, 49386
5829.6, 1226, -2980, 4690, 7940, 138694, 8977, 3211, 49307
5831.9, 71, -2980, 4690, 7940, 138694, 8977, 3211, 49307
5837.6, 1784, -3315, 5358, 8114, 126010, 9931, -1019, 49360
5841.3, 1458, -3315, 5358, 8114, 126010, 9931, -1019, 49351
5845.6, 1242, -3029, 5535, 8128, 116985, 1863, 573, 49351
5849.4, 1243, -3029, 5535, 8128, 116985, 1863, 573, 49360
5853.6, 1278, -3029, 5535, 8128, 116985, 1863, 573, 49360
5857.3, 1275, -3029, 5535, 8128, 116985, 1863, 573, 49372
5861.1, 1312, -3029, 5535, 8128, 116985, 1863, 573, 49373
5865.3, 1336, -1975, 5042, 7093, 119273, -23008, 10465, 49373
5869.1, 1241, -1975, 5042, 7093, 119273, -23008, 10465, 49359
5873.3, 1569, -1975, 5042, 7093, 119273, -23008, 10465, 49359
5877.0, 1586, -1975, 5042, 7093, 119273, -23008, 10465, 49348
5880.7, 1143, -1975, 5042, 7093, 119273, -23008, 10465, 49333
5885.0, 1306, -1704, 5408, 5448, 110881, -25777, 10618, 49333
5888.7, 1263, -1704, 5408, 5448, 110881, -25777, 10618, 49325
5892.9, 1275, -1704, 5408, 5448, 110881, -25777, 10618, 49325
5896.7, 1296, -1704, 5408, 5448, 110881, -25777, 10618, 49330
5899.0, 94, -1704, 5408, 5448, 110881, -25777, 10618, 49330
5904.8, 1419, -1978, 5892, 7097, 97800, 4550, 8811, 49315
5908.5, 1324, -1978, 5892, 7097, 97800, 4550, 8811, 49310
5912.7, 1266, -1978, 5892, 7097, 97800, 4550, 8811, 49310
5916.5, 1179, -1978, 5892, 7097, 97800, 4550, 8811, 49292
5918.8, 41, -1978, 5892, 7097, 97800, 4550, 8811, 49292
5924.6, 1301, -1894, 5316, 6096, 89903, -9520, 7752, 49319
5928.3, 1318, -1894, 5316, 6096, 89903, -9520, 7752, 49324
5934.1, 1300, -1894, 6193, 5575, 85143, -10281, 7245, 49331
5937.8, 1250, -1894, 6193, 5575, 85143, -10281, 7245, 49357
5943.5, 1335, -2002, 6193, 5575, 85143, -10281, 7245, 49332
5945.7, 47, -2002, 6193, 5575, 85143, -10281, 7245, 49332
5948.0, 14, -2002, 6193, 5575, 85143, -10281, 7245, 49332
5953.7, 1464, -2038, 6194, 5902, 78663, -8846, 7638, 49350
5955.9, 189, -2038, 6194, 5902, 78663, -8846, 7638, 49350
5960.2, 1147, -2196, 6331, 6637, 71755, -8627, 9143, 49350
5964.0, 1227, -2196, 6331, 6637, 71755, -8627, 9143, 49337
5966.2, 45, -2196, 6331, 6637, 71755, -8627, 9143, 49337
5970.5, 1348, -1790, 6712, 5266, 61544, -9078, 9323, 49337
5974.2, 1224, -1790, 6712, 5266, 61544, -9078, 9323, 49343
5976.5, 43, -1790, 6712, 5266, 61544, -9078, 9323, 49343
5980.8, 1266, -1925, 7380, 5545, 51818, -4440, 8338, 49343
5984.5, 1190, -1925, 7380, 5545, 51818, -4440, 8338, 49353
5986.8, 45, -1925, 7380, 5545, 51818, -4440, 8338, 49353
5992.6, 1437, -1885, 7169, 5205, 48182, 91, 8395, 49344
5996.3, 1272, -1885, 7169, 5205, 48182, 91, 8395, 49352
6000.6, 1263, -2073, 6702, 5614, 50720, 621, 8872, 49352
6004.3, 1200, -2073, 6702, 5614, 50720, 621, 8872, 49353
6006.6, 44, -2073, 6702, 5614, 50720, 621, 8872, 49353
6010.9, 1475, -2082, 6379, 5511, 52347, -104, 8128, 49353
6014.7, 1314, -2082, 6379, 5511, 52347, -104, 8128, 49339
6018.9, 1214, -2224, 6369, 5137, 48252, 1242, 4353, 49339
6022.6, 1261, -2224, 6369, 5137, 48252, 1242, 4353, 49343
6026.4, 1214, -2224, 6369, 5137, 48252, 1242, 4353, 49348
6030.7, 1251, -2318, 6535, 5260, 38995, 3745, 376, 49348
6034.5, 1377, -2318, 6535, 5260, 38995, 3745, 376, 49343
6038.7, 1186, -2181, 7119, 5797, 33141, 4165, 826, 49343
6042.5, 1274, -2181, 7119, 5797, 33141, 4165, 826, 49369
6046.3, 1269, -2181, 7119, 5797, 33141, 4165, 826, 49310
6050.5, 1264, -2017, 7475, 6145, 28455, -3281, 3745, 49310
6054.3, 1148, -2017, 7475, 6145, 28455, -3281, 3745, 49342
6058.5, 1246, -1776, 7601, 6044, 27707, -13256, 8347, 49342
6062.3, 1222, -1776, 7601, 6044, 27707, -13256, 8347, 49371
6066.0, 1231, -1776, 7601, 6044, 27707, -13256, 8347, 49352
6070.3, 1223, -1861, 7384, 5670, 32187, -21079, 11257, 49352
6074.1, 1173, -1861, 7384, 5670, 32187, -21079, 11257, 49364
6078.3, 1172, -1773, 7192, 4795, 30568, -23642, 9765, 49364
6082.0, 1172, -1773, 7192, 4795, 30568, -23642, 9765, 49350
6085.8, 1190, -1773, 7192, 4795, 30568, -23642, 9765, 49349
6090.1, 1374, -1912, 7122, 4456, 25104, -20129, 5578, 49349
6093.9, 1189, -1912, 7122, 4456, 25104, -20129, 5578, 49362
6098.1, 1180, -2141, 7147, 4809, 27506, -15632, -380, 49362
6101.8, 1172, -2141, 7147, 4809, 27506, -15632, -380, 49372
6107.6, 1270, -1709, 7996, 4930, 29361, -7756, -5306, 49388
6111.3, 1189, -1709, 7996, 4930, 29361, -7756, -5306, 49401
6115.5, 1188, -1709, 8599, 4819, 30909, -905, -5976, 49401
6119.3, 1169, -1709, 8599, 4819, 30909, -905, -5976, 49411
6121.6, 37, -1709, 8599, 4819, 30909, -905, -5976, 49411
6125.8, 1185, -1831, 9102, 4849, 29361, -866, -4895, 49411
6129.6, 1173, -1831, 9102, 4849, 29361, -866, -4895, 49427
6131.9, 36, -1831, 9102, 4849, 29361, -866, -4895, 49427
6137.6, 1251, -2304, 9131, 5158, 26981, -6286, -450, 49446
6141.3, 1168, -2304, 9131, 5158, 26981, -6286, -450, 49440
6145.6, 1191, -2576, 8843, 4864, 26779, -9437, 2476, 49440
6149.4, 1140, -2576, 8843, 4864, 26779, -9437, 2476, 49450
6151.6, 35, -2576, 8843, 4864, 26779, -9437, 2476, 49450
6155.9, 1171, -2772, 8553, 4461, 27059, -10246, -328, 49450
6159.6, 1130, -2772, 8553, 4461, 27059, -10246, -328, 49442
6163.9, 1166, -2781, 8792, 4555, 27094, -7975, -5788, 49442
6167.6, 1180, -2781, 8792, 4555, 27094, -7975, -5788, 49456
6171.3, 1149, -2781, 8792, 4555, 27094, -7975, -5788, 49469
6175.5, 1156, -2756, 9153, 4587, 27042, -7214, -9056, 49469
6179.3, 1205, -2756, 9153, 4587, 27042, -7214, -9056, 49474
6183.5, 1183, -2657, 9433, 4256, 24745, -6720, -8898, 49474
6187.2, 1152, -2657, 9433, 4256, 24745, -6720, -8898, 49217
6191.0, 1141, -2657, 9433, 4256, 24745, -6720, -8898, 49216
6195.3, 1124, -2536, 9580, 4470, 20982, -3889, -7288, 49216
6199.0, 1154, -2536, 9580, 4470, 20982, -3889, -7288, 49219
6203.3, 1160, -2177, 9568, 4094, 17285, -3045, -6055, 49219
6207.0, 1156, -2177, 9568, 4094, 17285, -3045, -6055, 49154
6210.7, 1189, -2177, 9568, 4094, 17285, -3045, -6055, 49222
6215.0, 1150, -1953, 9589, 4026, 14140, -1382, -5425, 49222
6218.7, 1127, -1953, 9589, 4026, 14140, -1382, -5425, 49228
6222.9, 1091, -2003, 9667, 4101, 12245, 1251, -5661, 49228
6226.7, 1112, -2003, 9667, 4101, 12245, 1251, -5661, 49219
6229.0, 32, -2003, 9667, 4101, 12245, 1251, -5661, 49219
6234.8, 1120, -2106, 9638, 4021, 10522, 3237, -6041, 49215
6238.5, 1123, -2106, 9638, 4021, 10522, 3237, -6041, 49231
6242.7, 1172, -2055, 9732, 3897, 7875, 3893, -5236, 49231
6246.5, 1076, -2055, 9732, 3897, 7875, 3893, -5236, 49242
6248.8, 31, -2055, 9732, 3897, 7875, 3893, -5236, 49242
6254.6, 1136, -2096, 9822, 4003, 5643, 3806, -3268, 49275
6258.3, 1157, -2096, 9822, 4003, 5643, 3806, -3268, 49287
6264.0, 1250, -2196, 9719, 4212, 3841, 966, -704, 49254
6266.3, 36, -2196, 9719, 4212, 3841, 966, -704, 49254
6268.5, 11, -2196, 9719, 4212, 3841, 966, -704, 49254
6274.3, 1234, -2210, 9129, 4024, 1929, -4541, 2677, 49266
6276.5, 35, -2210, 9129, 4024, 1929, -4541, 2677, 49266
6280.8, 1103, -2404, 8762, 4156, 1146, -5197, 4816, 49266
6284.6, 1113, -2404, 8762, 4156, 1146, -5197, 4816, 49267
6286.9, 35, -2404, 8762, 4156, 1146, -5197, 4816, 49267
6292.6, 1229, -2207, 8638, 4087, -1251, -3810, 3360, 49251
6296.3, 1120, -2207, 8638, 4087, -1251, -3810, 3360, 49232
6300.6, 1110, -2722, 8395, 4389, -6138, -2813, 2445, 49232
6304.3, 1100, -2722, 8395, 4389, -6138, -2813, 2445, 49271
6306.6, 32, -2722, 8395, 4389, -6138, -2813, 2445, 49271
6310.9, 1145, -2871, 8322, 4478, -11712, -4274, -835, 49271
6314.7, 1128, -2871, 8322, 4478, -11712, -4274, -835, 49210
6317.0, 35, -2871, 8322, 4478, -11712, -4274, -835, 49210
6322.7, 1227, -2865, 8197, 4320, -16205, -6470, -2235, 49258
6326.4, 1111, -2865, 8197, 4320, -16205, -6470, -2235, 49246
6330.6, 1141, -2684, 7922, 3910, -18423, -7634, -1019, 49246
6334.4, 1097, -2684, 7922, 3910, -18423, -7634, -1019, 49246
6338.6, 1175, -2545, 7609, 4112, -18550, -6518, 739, 49246
6342.3, 1140, -2545, 7609, 4112, -18550, -6518, 739, 49249
6346.1, 1086, -2545, 7609, 4112, -18550, -6518, 739, 49243
6350.3, 1136, -1979, 7716, 4416, -20694, -6348, 249, 49243
6354.0, 1134, -1979, 7716, 4416, -20694, -6348, 249, 49173
6358.2, 1132, -1593, 8108, 5011, -24894, -9056, -673, 49173
6362.0, 1104, -1593, 8108, 5011, -24894, -9056, -673, 49227
6365.8, 1100, -1593, 8108, 5011, -24894, -9056, -673, 49219
6370.0, 1093, -1415, 8288, 5110, -31426, -13339, -1644, 49219
6373.8, 1127, -1415, 8288, 5110, -31426, -13339, -1644, 49214
6378.0, 1063, -1425, 8254, 4837, -37275, -16988, -2624, 49214
6381.7, 1060, -1425, 8254, 4837, -37275, -16988, -2624, 49206
6384.0, 35, -1425, 8254, 4837, -37275, -16988, -2624, 49206
6389.8, 1090, -1683, 7913, 4197, -41755, -17802, -1220, 49191
6393.5, 1055, -1683, 7913, 4197, -41755, -17802, -1220, 49124
6397.7, 1104, -2137, 7415, 4051, -45881, -13225, 2191, 49124
6401.5, 1042, -2137, 7415, 4051, -45881, -13225, 2191, 49170
6403.8, 36, -2137, 7415, 4051, -45881, -13225, 2191, 49170
6409.5, 1093, -1749, 7718, 4759, -51459, -8369, 6527, 49163
6413.2, 1070, -1749, 7718, 4759, -51459, -8369, 6527, 49145
6419.0, 1178, -1480, 7198, 5882, -55874, -7870, 11418, 49143
6422.7, 1093, -1480, 7198, 5882, -55874, -7870, 11418, 49123
6428.4, 1189, -1480, 7124, 6539, -62318, -14813, 11243, 49108
6432.2, 1097, -1480, 7124, 6539, -62318, -14813, 11243, 49087
6437.9, 1305, -1176, 7124, 6539, -72831, -25147, 7306, 49088
6441.6, 1005, -1176, 7124, 6539, -72831, -25147, 7306, 49077
6445.9, 1070, -1112, 6818, 6335, -82176, -31924, 3403, 49077
6449.7, 1056, -1112, 6818, 6335, -82176, -31924, 3403, 49074
6452.0, 33, -1112, 6818, 6335, -82176, -31924, 3403, 49074
6457.7, 1215, -1158, 7054, 5606, -92563, -30975, 2590, 49070
6461.4, 1109, -1158, 7054, 5606, -92563, -30975, 2590, 49073
6465.7, 1070, -1901, 6893, 5606, -103291, -30940, 5333, 49073
6469.5, 1078, -1901, 6893, 5606, -103291, -30940, 5333, 49063
6471.7, 34, -1901, 6893, 5606, -103291, -30940, 5333, 49063
6476.0, 1129, -2523, 6679, 4359, -112329, -32073, 9437, 49063
6479.8, 1061, -2523, 6679, 4359, -112329, -32073, 9437, 49058
6484.1, 1125, -2480, 6440, 4359, -112329, -32073, 9437, 49058
6487.8, 1172, -2480, 6440, 4359, -112329, -32073, 9437, 49046
6491.6, 1127, -2480, 6440, 4359, -112329, -32073, 9437, 49038
6495.8, 1115, -1968, 6181, 5257, -121430, -31828, 13011, 49038
6499.5, 1093, -1968, 6181, 5257, -121430, -31828, 13011, 49021
6503.7, 1232, -1283, 6381, 5257, -121430, -31828, 13011, 49021
6507.5, 1256, -1283, 6381, 5257, -121430, -31828, 13011, 49014
6511.3, 1092, -1283, 6381, 5257, -121430, -31828, 13011, 49030
6515.5, 1182, -578, 6557, 5026, -142474, -29544, 5761, 49030
6519.3, 1383, -578, 6557, 5026, -142474, -29544, 5761, 48989
6523.5, 1189, -215, 6393, 5026, -142474, -29544, 5761, 48989
6527.3, 1188, -215, 6393, 5026, -142474, -29544, 5761, 48975
6531.0, 1196, -215, 6393, 5026, -142474, -29544, 5761, 48958
6535.2, 1211, 49, 6784, 5725, -143344, -9931, 7708, 48958
6539.0, 1339, 49, 6784, 5725, -143344, -9931, 7708, 49246
6543.2, 1345, 61, 7328, 5725, -143344, -9931, 7708, 49246
6546.9, 1053, 61, 7328, 5725, -143344, -9931, 7708, 48952
6550.6, 1230, 61, 7328, 5725, -143344, -9931, 7708, 48949
6554.9, 1277, -502, 6772, 6031, -143344, -12062, 34987, 48949
6558.6, 1257, -502, 6772, 6031, -143344, -12062, 34987, 48952
6562.8, 1217, -714, 6462, 6031, -143344, -12062, 34987, 48952
6566.6, 1231, -714, 6462, 6031, -143344, -12062, 34987, 48971
6568.8, 77, -714, 6462, 6031, -143344, -12062, 34987, 48971
6574.6, 1274, -793, 5734, 6297, -143344, -2038, 39397, 48941
6578.4, 1318, -793, 5734, 6297, -143344, -2038, 39397, 49214
6584.1, 1423, -964, 4824, 6297, -143344, -2038, 39397, 48925
6586.4, 51, -964, 4824, 6297, -143344, -2038, 39397, 48925
6588.6, 32, -964, 4824, 6297, -143344, -2038, 39397, 48925
6594.4, 1392, -1399, 4574, 5708, -143344, 367, 29916, 48921
6596.6, 48, -1399, 4574, 5708, -143344, 367, 29916, 48921
6600.9, 1205, -1738, 4342, 5487, -143344, -1478, 22912, 48921
6604.7, 1146, -1738, 4342, 5487, -143344, -1478, 22912, 48902
6607.0, 45, -1738, 4342, 5487, -143344, -1478, 22912, 48902
6612.7, 1544, -1563, 4819, 6184, -143344, -4541, 23196, 48915
6616.5, 1188, -1563, 4819, 6184, -143344, -4541, 23196, 48793
6620.7, 1191, -915, 4805, 8352, -143344, -1785, 31137, 48793
6624.5, 1244, -915, 4805, 8352, -143344, -1785, 31137, 48771
6626.8, 50, -915, 4805, 8352, -143344, -1785, 31137, 48771
6632.5, 1366, 687, 4369, 11105, -143344, -3609, 42775, 48774
6636.3, 1412, 687, 4369, 11105, -143344, -3609, 42775, 48791
6640.5, 1444, 1448, 3205, 11584, -143344, -15063, 48156, 48791
6644.3, 1233, 1448, 3205, 11584, -143344, -15063, 48156, 48800
6646.6, 53, 1448, 3205, 11584, -143344, -15063, 48156, 48800
6650.8, 1328, 962, 2819, 6964, -143344, -33250, 45824, 48800
6654.6, 1406, 962, 2819, 6964, -143344, -33250, 45824, 48826
6658.8, 1326, -559, 2917, 3707, -143344, -35849, 40364, 48826
6662.5, 1241, -559, 2917, 3707, -143344, -35849, 40364, 48856
6666.3, 1225, -559, 2917, 3707, -143344, -35849, 40364, 48910
6670.5, 1228, -2547, 2149, 3388, -143344, -18917, 32021, 48910
6674.3, 1280, -2547, 2149, 3388, -143344, -18917, 32021, 48957
6678.5, 1578, -3387, 1964, 6490, -143344, 17040, 22404, 48957
6682.2, 1364, -3387, 1964, 6490, -143344, 17040, 22404, 49015
6686.0, 1141, -3387, 1964, 6490, -143344, 17040, 22404, 49075
6690.3, 1167, -2910, 1715, 8743, -143344, 47045, 17723, 49075
6694.1, 1304, -2910, 1715, 8743, -143344, 47045, 17723, 49126
6698.3, 1429, -895, 844, 10607, -143344, 45211, 22667, 49126
6702.0, 1493, -895, 844, 10607, -143344, 45211, 22667, 49159
6705.7, 1313, -895, 844, 10607, -143344, 45211, 22667, 49193
6710.0, 1250, -147, -118, 9726, -143344, 21258, 28521, 49193
6713.7, 1269, -147, -118, 9726, -143344, 21258, 28521, 49217
6717.9, 1249, -431, -1169, 7514, -143344, -2537, 25668, 49217
6721.7, 1223, -431, -1169, 7514, -143344, -2537, 25668, 49261
6724.0, 84, -431, -1169, 7514, -143344, -2537, 25668, 49261
6729.8, 1530, -1532, -738, 7034, -143344, -7275, 13733, 49317
6733.5, 1541, -1532, -738, 7034, -143344, -7275, 13733, 49349
6737.7, 1333, -1782, -611, 8608, -143344, -354, 1154, 49349
6741.5, 1150, -1782, -611, 8608, -143344, -354, 1154, 49379
6743.7, 59, -1782, -611, 8608, -143344, -354, 1154, 49379
6749.5, 1426, -1601, -873, 11802, -143344, 7205, 323, 49445
6751.7, 57, -1601, -873, 11802, -143344, 7205, 323, 49445
6756.0, 1198, -537, -928, 12158, -143344, -24649, 5753, 49445
6759.7, 1353, -537, -928, 12158, -143344, -24649, 5753, 49514
6762.0, 65, -537, -928, 12158, -143344, -24649, 5753, 49514
6767.8, 1463, -198, -605, 9602, -143344, -60533, 9406, 49553
6771.5, 1189, -198, -605, 9602, -143344, -60533, 9406, 49602
6775.8, 1206, -1039, -619, 8002, -143344, -74866, 10093, 49602
6779.6, 1373, -1039, -619, 8002, -143344, -74866, 10093, 49660
6781.9, 68, -1039, -619, 8002, -143344, -74866, 10093, 49660
6787.6, 1490, -1324, -505, 8283, -143344, -66277, 10364, 50068
6791.3, 1493, -1324, -505, 8283, -143344, -66277, 10364, 50076
6795.6, 1200, -642, -973, 9486, -143344, -43628, 15859, 50076
6799.3, 1211, -642, -973, 9486, -143344, -43628, 15859, 50094
6801.6, 50, -642, -973, 9486, -143344, -43628, 15859, 50094
6805.9, 1272, -123, -1940, 10968, -143344, -28407, 26709, 50094
6810.0, 983, -123, -1940, 10968, -143344, -28407, 26709, 50109
6814.3, 1301, -182, -3499, 9272, -143344, -32371, 32904, 50109
6818.1, 1339, -182, -3499, 9272, -143344, -32371, 32904, 50105
6821.8, 1276, -182, -3499, 9272, -143344, -32371, 32904, 50126
6827.6, 1476, -337, -4386, 8824, -143344, -39918, 28184, 50100
6831.4, 1330, -337, -4386, 8824, -143344, -39918, 28184, 50100
6835.6, 1157, -513, -4024, 8769, -143344, -38430, 14722, 50100
6839.4, 1167, -513, -4024, 8769, -143344, -38430, 14722, 50114
6843.6, 1379, -104, -3459, 8634, -143344, -31474, 1986, 50114
6847.4, 1291, -104, -3459, 8634, -143344, -31474, 1986, 50124
6851.1, 1267, -104, -3459, 8634, -143344, -31474, 1986, 50141
6855.4, 1349, -536, -2995, 8942, -143344, -17889, 34, 50141
6859.1, 1280, -536, -2995, 8942, -143344, -17889, 34, 50154
6863.3, 1329, -784, -2952, 8947, -143344, -6820, 11138, 50154
6867.0, 1369, -784, -2952, 8947, -143344, -6820, 11138, 50168
6870.7, 1236, -784, -2952, 8947, -143344, -6820, 11138, 50138
6875.0, 1322, -1384, -3890, 9295, -143344, 4182, 22242, 50138
6878.7, 1378, -1384, -3890, 9295, -143344, 4182, 22242, 50178
6882.9, 1275, -1914, -4556, 9823, -143344, 3399, 21779, 50178
6886.7, 1232, -1914, -4556, 9823, -143344, 3399, 21779, 50186
6889.0, 67, -1914, -4556, 9823, -143344, 3399, 21779, 50186
6894.8, 1264, -1574, -4779, 10622, -141686, -5796, 11733, 50176
6898.5, 1320, -1574, -4779, 10622, -141686, -5796, 11733, 50190
6902.7, 1308, -1198, -4722, 10820, -142076, -20764, 822, 50190
6906.5, 1142, -1198, -4722, 10820, -142076, -20764, 822, 50188
6908.8, 51, -1198, -4722, 10820, -142076, -20764, 822, 50188
6914.5, 1439, -497, -4418, 8758, -143117, -35061, -240, 50194
6916.8, 56, -497, -4418, 8758, -143117, -35061, -240, 50194
6922.6, 1315, 298, -4422, 8999, -143344, -34882, 8076, 50201
6926.3, 1138, 298, -4422, 8999, -143344, -34882, 8076, 50225
6930.6, 1368, 586, -4772, 9900, -143344, -28092, 20072, 50225
6934.3, 1425, 586, -4772, 9900, -143344, -28092, 20072, 50232
6936.6, 66, 586, -4772, 9900, -143344, -28092, 20072, 50232
6940.9, 1217, 645, -4768, 7484, -143344, -30559, 28105, 50232
6944.7, 1184, 645, -4768, 7484, -143344, -30559, 28105, 50250
6947.0, 40, 645, -4768, 7484, -143344, -30559, 28105, 50250
6952.7, 1590, 379, -5087, 7094, -143344, -26718, 31636, 50243
6956.4, 1647, 379, -5087, 7094, -143344, -26718, 31636, 50267
6960.6, 1462, -91, -5355, 6708, -143344, -14927, 32366, 50267
6964.4, 1189, -91, -5355, 6708, -143344, -14927, 32366, 50278
6966.6, 47, -91, -5355, 6708, -143344, -14927, 32366, 50278
6970.9, 1175, 0, -6025, 7057, -143344, -3631, 31386, 50278
6974.7, 1389, 0, -6025, 7057, -143344, -3631, 31386, 50291
6978.9, 1524, -119, -6644, 6580, -143344, 11685, 35464, 50291
6982.7, 1286, -119, -6644, 6580, -143344, 11685, 35464, 50244
6986.4, 1089, -119, -6644, 6580, -143344, 11685, 35464, 50295
6990.7, 1260, 16, -7846, 7741, -143344, 26631, 43273, 50295
6994.4, 1348, 16, -7846, 7741, -143344, 26631, 43273, 50305
6998.7, 1349, -400, -8764, 7883, -143217, 39384, 49180, 50305
7002.5, 1341, -400, -8764, 7883, -143217, 39384, 49180, 50312
7006.3, 1287, -400, -8764, 7883, -143217, 39384, 49180, 50319
7010.5, 1270, -616, -9967, 6442, -143231, 43733, 48252, 50319
7014.3, 1297, -616, -9967, 6442, -143231, 43733, 48252, 50332
7018.5, 1254, -993, -10087, 7012, -138116, 41226, 36733, 50332
7022.3, 1251, -993, -10087, 7012, -138116, 41226, 36733, 50294
7026.0, 1207, -993, -10087, 7012, -138116, 41226, 36733, 50346
7030.3, 1248, -1574, -9590, 7600, -133308, 33902, 18222, 50346
7034.1, 1277, -1574, -9590, 7600, -133308, 33902, 18222, 50355
7038.3, 1337, -2078, -8434, 7411, -129615, 19342, 1172, 50355
7042.1, 1361, -2078, -8434, 7411, -129615, 19342, 1172, 50364
7045.9, 1382, -2078, -8434, 7411, -129615, 19342, 1172, 50364
7050.2, 1253, -2273, -7660, 9072, -124978, 4611, -2275, 50364
7053.9, 1234, -2273, -7660, 9072, -124978, 4611, -2275, 50362
7058.1, 1191, -1903, -7641, 10338, -117496, -10163, 8701, 50362
7061.9, 1227, -1903, -7641, 10338, -117496, -10163, 8701, 50301
7067.6, 1398, -1903, -7641, 10338, -117496, -10163, 8701, 50370
7071.3, 1128, -1903, -7641, 10338, -117496, -10163, 8701, 50363
7073.6, 41, -1903, -7641, 10338, -117496, -10163, 8701, 50363
7079.4, 1364, -1071, -8947, 6714, -112268, -25869, 26434, 50358
7081.6, 58, -1071, -8947, 6714, -112268, -25869, 26434, 50358
7085.9, 1283, -1071, -8947, 6714, -112268, -25869, 26434, 50358
7089.6, 1354, -1071, -8947, 6714, -112268, -25869, 26434, 50321
7091.9, 63, -1071, -8947, 6714, -112268, -25869, 26434, 50321
7097.6, 1363, -1006, -9177, 6003, -113467, -22470, 11287, 50333
7101.3, 1284, -1006, -9177, 6003, -113467, -22470, 11287, 50317
7105.5, 1303, -706, -8560, 6004, -114675, -16183, 11287, 50317
7109.3, 1332, -706, -8560, 6004, -114675, -16183, 11287, 50308
7111.6, 69, -706, -8560, 6004, -114675, -16183, 11287, 50308
7115.8, 1233, -464, -7438, 6759, -118765, -11060, 1675, 50308
7119.6, 1300, -464, -7438, 6759, -118765, -11060, 1675, 50351
7121.9, 165, -464, -7438, 6759, -118765, -11060, 1675, 50351
7127.6, 1557, -323, -6583, 8099, -119872, -16878, 14109, 50308
7131.3, 1080, -323, -6583, 8099, -119872, -16878, 14109, 50299
7135.6, 1140, -314, -6106, 7616, -119872, -18160, 33281, 50299
7139.4, 1308, -314, -6106, 7616, -119872, -18160, 33281, 50294
7143.6, 1369, -455, -6993, 8063, -117103, -18160, 33281, 50294
7147.4, 1303, -455, -6993, 8063, -117103, -18160, 33281, 50314
7151.1, 1287, -455, -6993, 8063, -117103, -18160, 33281, 50302
7155.4, 1208, -971, -8190, 7172, -113161, -25664, 47854, 50302
7159.2, 1318, -971, -8190, 7172, -113161, -25664, 47854, 50302
7163.4, 1408, -1065, -9147, 5694, -114425, -25664, 47854, 50302
7167.1, 1374, -1065, -9147, 5694, -114425, -25664, 47854, 50264
7170.9, 1348, -1065, -9147, 5694, -114425, -25664, 47854, 50274
7175.1, 1348, -1152, -9310, 5379, -114403, -12591, 31749, 50274
7178.9, 1511, -1152, -9310, 5379, -114403, -12591, 31749, 50288
7183.1, 1300, -1088, -8816, 4781, -118826, -12591, 31749, 50288
7186.8, 1206, -1088, -8816, 4781, -118826, -12591, 31749, 50264
7190.6, 1264, -1088, -8816, 4781, -118826, -12591, 31749, 50264
7194.8, 1413, -693, -8174, 5537, -125472, -249, 31426, 50264
7198.5, 1447, -693, -8174, 5537, -125472, -249, 31426, 50262
7202.8, 1457, -713, -7712, 6456, -128710, -249, 31426, 50262
7206.5, 1251, -713, -7712, 6456, -128710, -249, 31426, 50256
7208.8, 49, -713, -7712, 6456, -128710, -249, 31426, 50256
7214.6, 1273, -672, -8016, 5955, -131344, 1273, 47128, 50256
7218.3, 1308, -672, -8016, 5955, -131344, 1273, 47128, 50288
7224.0, 1493, -901, -8750, 4405, -132065, 1273, 47128, 50261
7227.8, 1274, -901, -8750, 4405, -132065, 1273, 47128, 50262
7233.5, 1322, -1026, -9701, 3543, -133881, 10355, 48567, 50249
7235.8, 68, -1026, -9701, 3543, -133881, 10355, 48567, 50249
7238.1, 16, -1026, -9701, 3543, -133881, 10355, 48567, 50249
7243.8, 1469, -1037, -10724, 4386, -131777, 19814, 44323, 50257
7246.1, 88, -1037, -10724, 4386, -131777, 19814, 44323, 50257
7248.3, 19, -1037, -10724, 4386, -131777, 19814, 44323, 50257
7254.1, 1387, -1356, -10907, 3451, -126649, 17789, 38290, 50251
7256.3, 96, -1356, -10907, 3451, -126649, 17789, 38290, 50251
7260.6, 1406, -1607, -10451, 2444, -124580, 10342, 31649, 50251
7264.3, 1521, -1607, -10451, 2444, -124580, 10342, 31649, 50274
7266.6, 197, -1607, -10451, 2444, -124580, 10342, 31649, 50274
7270.9, 1289, -1620, -9760, 3198, -122930, 3880, 24929, 50274
7274.7, 1272, -1620, -9760, 3198, -122930, 3880, 24929, 50233
7277.0, 63, -1620, -9760, 3198, -122930, 3880, 24929, 50233
7282.7, 1769, -1290, -9260, 3818, -121548, -2616, 21875, 50227
7286.4, 1515, -1290, -9260, 3818, -121548, -2616, 21875, 50201
7290.7, 1343, -1471, -8846, 2610, -112286, -11799, 24609, 50201
7294.5, 1160, -1471, -8846, 2610, -112286, -11799, 24609, 50185
7298.7, 1240, -1451, -9239, 1015, -107355, -17841, 29632, 50185
7302.5, 1237, -1451, -9239, 1015, -107355, -17841, 29632, 50174
7306.2, 1322, -1451, -9239, 1015, -107355, -17841, 29632, 50152
7310.5, 1394, -1333, -10031, 1066, -102219, -17040, 33062, 50152
7314.3, 1360, -1333, -10031, 1066, -102219, -17040, 33062, 50102
7318.5, 1428, -1326, -10938, 742, -96955, -16104, 33364, 50102
7322.3, 1434, -1326, -10938, 742, -96955, -16104, 33364, 50145
7326.0, 1405, -1326, -10938, 742, -96955, -16104, 33364, 50137
7330.3, 1303, -1668, -11322, 744, -90384, -14844, 29024, 50137
7334.1, 1425, -1668, -11322, 744, -90384, -14844, 29024, 50138
7338.3, 1329, -2445, -10971, 319, -86600, -12302, 21726, 50138
7342.0, 1293, -2445, -10971, 319, -86600, -12302, 21726, 50121
7345.8, 1395, -2445, -10971, 319, -86600, -12302, 21726, 50141
7350.1, 1449, -3019, -10524, -700, -83804, -5425, 13794, 50141
7353.9, 1295, -3019, -10524, -700, -83804, -5425, 13794, 50153
7358.1, 1210, -3002, -10274, -488, -74853, 4895, 7328, 50153
7361.8, 1271, -3002, -10274, -488, -74853, 4895, 7328, 49538
7365.6, 1428, -3002, -10274, -488, -74853, 4895, 7328, 49533
7369.9, 1638, -2673, -10343, 484, -66785, 8579, 4318, 49533
7373.6, 1475, -2673, -10343, 484, -66785, 8579, 4318, 49499
7377.9, 1340, -2279, -10922, 1130, -60122, 2441, 4335, 49499
7381.6, 1200, -2279, -10922, 1130, -60122, 2441, 4335, 49472
7383.9, 50, -2279, -10922, 1130, -60122, 2441, 4335, 49472
7389.6, 1429, -2032, -11474, 1919, -51691, -7630, 5337, 49448
7393.4, 1389, -2032, -11474, 1919, -51691, -7630, 5337, 49431
7399.1, 1536, -2094, -11791, 2322, -44319, -18948, 5945, 49360
7401.3, 176, -2094, -11791, 2322, -44319, -18948, 5945, 49360
7405.6, 1644, -2421, -11333, 2084, -41305, -26057, 1041, 49360
7409.4, 1594, -2421, -11333, 2084, -41305, -26057, 1041, 49437
7411.7, 198, -2421, -11333, 2084, -41305, -26057, 1041, 49437
7415.9, 1380, -2449, -10220, 1736, -44796, -24649, -9782, 49437
7419.6, 1195, -2449, -10220, 1736, -44796, -24649, -9782, 49452
7421.9, 62, -2449, -10220, 1736, -44796, -24649, -9782, 49452
7427.6, 1468, -2316, -9244, 1917, -47373, -16480, -17115, 49458
7431.3, 1495, -2316, -9244, 1917, -47373, -16480, -17115, 49486
7435.6, 1513, -1636, -9129, 2046, -45163, -12145, -13343, 49486
7439.4, 1435, -1636, -9129, 2046, -45163, -12145, -13343, 49497
7441.7, 158, -1636, -9129, 2046, -45163, -12145, -13343, 49497
7445.9, 1438, -1061, -9631, 2450, -39909, -16979, -3832, 49497
7449.6, 1450, -1061, -9631, 2450, -39909, -16979, -3832, 49509
7451.9, 184, -1061, -9631, 2450, -39909, -16979, -3832, 49509
7457.6, 1511, -826, -10292, 2297, -36719, -28433, 1119, 49513
7461.3, 1379, -826, -10292, 2297, -36719, -28433, 1119, 49488
7465.6, 1481, -1196, -10874, 1785, -32454, -34304, -660, 49488
7469.4, 1440, -1196, -10874, 1785, -32454, -34304, -660, 49539
7473.6, 1425, -1805, -10612, 1243, -31854, -33482, -6024, 49539
7477.3, 1349, -1805, -10612, 1243, -31854, -33482, -6024, 49545
7481.1, 1450, -1805, -10612, 1243, -31854, -33482, -6024, 49541
7485.3, 1452, -2209, -10275, 961, -31181, -27637, -10994, 49541
7489.1, 1407, -2209, -10275, 961, -31181, -27637, -10994, 49539
7493.3, 1386, -2104, -9741, 1245, -28647, -19941, -12153, 49539
7497.0, 1372, -2104, -9741, 1245, -28647, -19941, -12153, 49539
7500.8, 1388, -2104, -9741, 1245, -28647, -19941, -12153, 49502
7505.0, 1510, -2036, -9768, 1704, -25353, -15500, -9437, 49502
7508.7, 1522, -2036, -9768, 1704, -25353, -15500, -9437, 49535
7512.9, 1411, -1962, -10144, 1768, -22461, -16178, -5823, 49535
7516.6, 1356, -1962, -10144, 1768, -22461, -16178, -5823, 49529
7518.9, 64, -1962, -10144, 1768, -22461, -16178, -5823, 49529
7524.7, 1482, -2047, -10428, 1703, -19280, -18567, -5123, 49537
7528.4, 1365, -2047, -10428, 1703, -19280, -18567, -5123, 49563
7534.1, 1455, -2226, -10316, 1894, -16712, -21730, -9056, 49541
7537.8, 1390, -2226, -10316, 1894, -16712, -21730, -9056, 49540
7543.5, 1355, -2085, -9788, 2074, -15912, -26491, -14971, 49526
7547.2, 1371, -2085, -9788, 2074, -15912, -26491, -14971, 49502
7553.0, 1440, -1879, -9064, 2130, -16774, -32314, -18707, 49537
7556.7, 1432, -1879, -9064, 2130, -16774, -32314, -18707, 49531
7562.5, 1522, -1363, -8657, 1740, -18983, -37148, -18462, 49515
7566.2, 1298, -1363, -8657, 1740, -18983, -37148, -18462, 49537
7568.5, 55, -1363, -8657, 1740, -18983, -37148, -18462, 49537
7574.2, 1536, -789, -8542, 1377, -20466, -36746, -14813, 49524
7576.5, 241, -789, -8542, 1377, -20466, -36746, -14813, 49524
7580.7, 1474, -258, -9019, 1170, -19880, -30139, -8903, 49524
7584.5, 1350, -258, -9019, 1170, -19880, -30139, -8903, 49497
7586.8, 96, -258, -9019, 1170, -19880, -30139, -8903, 49497
7592.5, 1430, -131, -9829, 813, -17719, -19784, -3736, 49472
7596.3, 1369, -131, -9829, 813, -17719, -19784, -3736, 49465
7600.5, 1442, -400, -10542, 480, -15041, -7008, -2651, 49465
7604.3, 1429, -400, -10542, 480, -15041, -7008, -2651, 49493
7606.5, 421, -400, -10542, 480, -15041, -7008, -2651, 49493
7610.8, 1626, -972, -10901, 347, -11681, 6794, -5963, 49493
7614.6, 1356, -972, -10901, 347, -11681, 6794, -5963, 49466
7618.8, 1269, -972, -10901, 347, -8929, 18563, -11397, 49466
7622.5, 1249, -972, -10901, 347, -8929, 18563, -11397, 49441
7626.3, 1431, -972, -10901, 347, -8929, 18563, -11397, 49479
7630.6, 1562, -2242, -10350, 505, -7441, 24504, -15973, 49479
7634.4, 1453, -2242, -10350, 505, -7441, 24504, -15973, 49478
7638.6, 1342, -2242, -10350, 505, -4878, 24342, -18515, 49478
7642.3, 1321, -2242, -10350, 505, -4878, 24342, -18515, 49458
7646.1, 1479, -2242, -10350, 505, -4878, 24342, -18515, 49459
7650.4, 1518, -2558, -10154, 763, -717, 20155, -18751, 49459
7654.1, 1350, -2558, -10154, 763, -717, 20155, -18751, 49446
7658.3, 1270, -2558, -10154, 763, 3456, 12162, -17430, 49446
7662.0, 1626, -2558, -10154, 763, 3456, 12162, -17430, 49441
7665.8, 1663, -2558, -10154, 763, 3456, 12162, -17430, 49441
7670.0, 1384, -2282, -11114, 1619, 8400, 914, -16870, 49441
7673.7, 992, -2282, -11114, 1619, 8400, 914, -16870, 49451
7677.9, 1201, -2282, -11114, 1619, 12792, -12285, -18725, 49451
7681.7, 1458, -2282, -11114, 1619, 12792, -12285, -18725, 49418
7684.0, 412, -2282, -11114, 1619, 12792, -12285, -18725, 49418
7689.8, 1627, -1800, -11161, 1658, 15688, -24793, -23043, 49424
7693.5, 1426, -1800, -11161, 1658, 15688, -24793, -23043, 49425
7697.7, 1620, -1800, -11161, 1658, 14818, -32694, -29046, 49425
7701.5, 1645, -1800, -11161, 1658, 14818, -32694, -29046, 49414
7703.8, 446, -1800, -11161, 1658, 14818, -32694, -29046, 49414
7709.5, 1257, -912, -9664, 1740, 13855, -35333, -32926, 49411
7713.3, 1198, -912, -9664, 1740, 13855, -35333, -32926, 49400
7719.0, 1442, -912, -9664, 1740, 14262, -33416, -29737, 49413
7721.3, 78, -912, -9664, 1740, 14262, -33416, -29737, 49413
7723.5, 24, -912, -9664, 1740, 14262, -33416, -29737, 49413
7729.3, 1855, -277, -9321, 1248, 18195, -28634, -21411, 49398
7731.5, 638, -277, -9321, 1248, 18195, -28634, -21411, 49398
7735.8, 1293, -22, -9709, 1248, 18195, -28634, -21411, 49398
7739.6, 1149, -22, -9709, 1248, 18195, -28634, -21411, 49393
7741.8, 83, -22, -9709, 1248, 18195, -28634, -21411, 49393
7747.6, 1808, -53, -10291, 1228, 23712, -23476, -14892, 49401
7751.3, 1581, -53, -10291, 1228, 23712, -23476, -14892, 49379
7755.6, 1699, -159, -10893, 1881, 27803, -21385, -14538, 49379
7759.3, 1335, -159, -10893, 1881, 27803, -21385, -14538, 49385
7761.6, 59, -159, -10893, 1881, 27803, -21385, -14538, 49385
7765.9, 1355, -355, -10835, 2218, 32104, -24837, -19412, 49385
7769.7, 1251, -355, -10835, 2218, 32104, -24837, -19412, 49378
7772.0, 80, -355, -10835, 2218, 32104, -24837, -19412, 49378
7777.7, 1421, -409, -10630, 2015, 33604, -29632, -27484, 49374
7781.4, 1582, -409, -10630, 2015, 33604, -29632, -27484, 49378
7785.7, 1927, -223, -10433, 1560, 36886, -28219, -27484, 49378
7789.4, 1540, -223, -10433, 1560, 36886, -28219, -27484, 49339
7793.6, 1210, -406, -10201, 425, 41200, -18440, -25200, 49339
7797.3, 1557, -406, -10201, 425, 41200, -18440, -25200, 49365
7801.1, 1610, -406, -10201, 425, 41200, -18440, -25200, 49365
7805.3, 1395, -574, -10165, -113, 44236, 83, -19897, 49365
7809.0, 1080, -574, -10165, -113, 44236, 83, -19897, 49377
7813.2, 1629, -934, -10514, 345, 47828, 23874, -13873, 49377
7817.0, 1626, -934, -10514, 345, 47828, 23874, -13873, 49472
7820.7, 1489, -934, -10514, 345, 47828, 23874, -13873, 49356
7825.0, 1172, -1814, -10985, 635, 56276, 43295, -8067, 49356
7828.7, 1318, -1814, -10985, 635, 56276, 43295, -8067, 49371
7832.9, 1599, -2475, -11402, 1642, 63810, 52212, -6448, 49371
7836.6, 1722, -2475, -11402, 1642, 63810, 52212, -6448, 49360
7838.9, 464, -2475, -11402, 1642, 63810, 52212, -6448, 49360
7844.6, 1661, -2275, -11719, 3983, 68128, 49512, -10714, 49370
7848.3, 1378, -2275, -11719, 3983, 68128, 49512, -10714, 49344
7854.0, 1171, -1440, -11633, 4543, 69401, 39786, -15903, 49346
7857.8, 1160, -1440, -11633, 4543, 69401, 39786, -15903, 49334
7863.5, 1484, -512, -11191, 3301, 68631, 31609, -18900, 49354
7867.2, 1325, -512, -11191, 3301, 68631, 31609, -18900, 49357
7873.0, 1810, 184, -10515, 2132, 70771, 33989, -21061, 49346
7876.8, 1959, 184, -10515, 2132, 70771, 33989, -21061, 49371
7882.5, 1338, 244, -10033, 2145, 75198, 44918, -22890, 49343
7886.2, 1128, 244, -10033, 2145, 75198, 44918, -22890, 49338
7888.5, 88, 244, -10033, 2145, 75198, 44918, -22890, 49338
7894.3, 1413, 102, -9875, 3159, 81546, 57177, -21258, 49341
7896.5, 55, 102, -9875, 3159, 81546, 57177, -21258, 49341
7900.7, 1305, -393, -9894, 3914, 86101, 61132, -17058, 49341
7904.5, 1875, -393, -9894, 3914, 86101, 61132, -17058, 49349
7906.8, 949, -393, -9894, 3914, 86101, 61132, -17058, 49349
7912.5, 1166, -659, -10185, 4649, 88507, 56499, -15019, 49351
7916.2, 869, -659, -10185, 4649, 88507, 56499, -15019, 49383
7920.5, 1687, -773, -10266, 5302, 90992, 46677, -17592, 49383
7924.2, 1968, -773, -10266, 5302, 90992, 46677, -17592, 49401
7926.5, 929, -773, -10266, 5302, 90992, 46677, -17592, 49401
7930.8, 1250, -679, -10036, 5160, 92410, 35748, -23122, 49401
7934.5, 1284, -679, -10036, 5160, 92410, 35748, -23122, 49435
7936.8, 102, -679, -10036, 5160, 92410, 35748, -23122, 49435
7942.5, 1637, -799, -9587, 5101, 97262, 31356, -26871, 49473
7946.3, 1238, -799, -9587, 5101, 97262, 31356, -26871, 49498
7950.6, 1426, -871, -8981, 4660, 101619, 31456, -26679, 49498
7954.3, 1535, -871, -8981, 4660, 101619, 31456, -26679, 49535
7958.6, 1541, -640, -8687, 4724, 105474, 32533, -24780, 49535
7962.3, 1148, -640, -8687, 4724, 105474, 32533, -24780, 49515
7966.1, 1315, -640, -8687, 4724, 105474, 32533, -24780, 49603
7970.3, 1494, -400, -8370, 5183, 110422, 32161, -24062, 49603
7974.0, 1314, -400, -8370, 5183, 110422, 32161, -24062, 49619
7978.2, 1246, -314, -8330, 5606, 113834, 29658, -22636, 49619
7982.0, 1501, -314, -8330, 5606, 113834, 29658, -22636, 49638
7985.7, 1945, -314, -8330, 5606, 113834, 29658, -22636, 49635
7990.0, 1505, -247, -8571, 5607, 118420, 27619, -17368, 49635
7993.7, 1161, -247, -8571, 5607, 118420, 27619, -17368, 49671
7998.0, 773, -357, -8976, 5519, 123499, 25309, -11335, 49671
8001.7, 1838, -357, -8976, 5519, 123499, 25309, -11335, 50095
8004.0, 1301, -357, -8976, 5519, 123499, 25309, -11335, 50095
8009.8, 1576, -552, -9363, 5770, 127927, 20217, -8706, 50103
8013.5, 1076, -552, -9363, 5770, 127927, 20217, -8706, 50109
8017.7, 981, -661, -9508, 5676, 132678, 12600, -9896, 50109
8021.4, 1887, -661, -9508, 5676, 132678, 12600, -9896, 50125
8023.7, 941, -661, -9508, 5676, 132678, 12600, -9896, 50125
8029.4, 1577, -561, -9656, 5555, 135670, 8316, -12735, 50125
8033.1, 1114, -561, -9656, 5555, 135670, 8316, -12735, 50134
8038.8, 1569, -588, -9739, 6053, 140212, 7459, -14223, 50140
8041.1, 305, -588, -9739, 6053, 140212, 7459, -14223, 50140
8043.3, 693, -588, -9739, 6053, 140212, 7459, -14223, 50140
8049.1, 1454, -464, -9879, 5858, 142802, 5775, -14625, 50148
8051.3, 54, -464, -9879, 5858, 142802, 5775, -14625, 50148
8055.6, 1052, -927, -10049, 6914, 143322, 5223, -14910, 50148
8059.3, 1560, -927, -10049, 6914, 143322, 5223, -14910, 50146
8061.6, 405, -927, -10049, 6914, 143322, 5223, -14910, 50146
8065.9, 1803, -711, -10079, 6149, 143344, 2594, -14932, 50146
8069.7, 1466, -711, -10079, 6149, 143344, 2594, -14932, 50163
8071.9, 65, -711, -10079, 6149, 143344, 2594, -14932, 50163
8077.6, 1254, -504, -10550, 6418, 143344, 1032, -13978, 50196
8081.4, 2028, -504, -10550, 6418, 143344, 1032, -13978, 50159
8085.6, 1869, -430, -10491, 6996, 143344, -5066, -16371, 50159
8089.4, 1339, -430, -10491, 6996, 143344, -5066, -16371, 50178
8091.7, 53, -430, -10491, 6996, 143344, -5066, -16371, 50178
8095.9, 1222, -119, -10332, 6757, 143344, -13155, -21376, 50178
8099.7, 1268, -119, -10332, 6757, 143344, -13155, -21376, 50169
8103.9, 2000, -114, -9852, 6771, 143344, -17977, -25178, 50169
8107.7, 1846, -114, -9852, 6771, 143344, -17977, -25178, 49902
8111.5, 1187, -114, -9852, 6771, 143344, -17977, -25178, 50188
8115.7, 1066, -110, -9446, 6851, 143344, -21455, -25931, 50188
8119.5, 1467, -110, -9446, 6851, 143344, -21455, -25931, 50190
8123.7, 1819, -142, -9145, 6769, 143344, -24172, -24347, 50190
8127.5, 1421, -142, -9145, 6769, 143344, -24172, -24347, 50193
8131.2, 1298, -142, -9145, 6769, 143344, -24172, -24347, 50206
8135.5, 1413, -294, -8871, 6607, 143344, -26014, -22938, 50206
8139.3, 1305, -294, -8871, 6607, 143344, -26014, -22938, 50209
8143.5, 1201, -348, -8727, 6147, 143344, -26132, -25436, 50209
8147.3, 1254, -348, -8727, 6147, 143344, -26132, -25436, 49987
8151.0, 1679, -348, -8727, 6147, 143344, -26132, -25436, 50220
8155.3, 1629, -459, -8503, 6461, 143344, -22321, -29711, 50220
8159.1, 1120, -459, -8503, 6461, 143344, -22321, -29711, 50231
8163.3, 1700, -501, -8552, 6559, 143344, -16633, -32222, 50231
8167.0, 1986, -501, -8552, 6559, 143344, -16633, -32222, 50242
8171.1, 906, -501, -8552, 6559, 143344, -16633, -32222, 50258
8175.4, 1024, -557, -8711, 7041, 143344, -11467, -33854, 50258
8179.2, 1428, -557, -8711, 7041, 143344, -11467, -33854, 50249
8183.4, 1535, -482, -8563, 7150, 143344, -8789, -36571, 50249
8187.1, 1261, -482, -8563, 7150, 143344, -8789, -36571, 50255
8192.9, 1905, -234, -8172, 7370, 143344, -8264, -39988, 50253
8196.6, 1857, -234, -8172, 7370, 143344, -8264, -39988, 50287
8200.9, 1225, -234, -8172, 7832, 143344, -10653, -42639, 50287
8204.7, 1032, -234, -8172, 7832, 143344, -10653, -42639, 50275
8206.9, 52, -234, -8172, 7832, 143344, -10653, -42639, 50275
8212.7, 2135, 426, -6771, 8112, 143344, -14848, -43825, 50273
8216.4, 1603, 426, -6771, 8112, 143344, -14848, -43825, 50269
8220.7, 1219, 426, -6771, 7780, 143344, -16476, -42678, 50269
8224.5, 1021, 426, -6771, 7780, 143344, -16476, -42678, 50236
8226.8, 278, 426, -6771, 7780, 143344, -16476, -42678, 50236
8231.0, 2047, 168, -5455, 7357, 143344, -12031, -37651, 50236
8234.7, 1451, 168, -5455, 7357, 143344, -12031, -37651, 50278
8237.0, 66, 168, -5455, 7357, 143344, -12031, -37651, 50278
8242.7, 1482, -151, -5458, 7339, 143344, -2611, -30870, 50286
8246.4, 2005, -151, -5458, 7339, 143344, -2611, -30870, 50285
8250.6, 1522, -139, -5729, 7630, 143344, 7809, -26989, 50285
8254.4, 915, -139, -5729, 7630, 143344, 7809, -26989, 50273
8256.7, 81, -139, -5729, 7630, 143344, 7809, -26989, 50273
8261.0, 1525, -203, -5930, 8712, 143344, 12521, -28289, 50273
8264.7, 1329, -203, -5930, 8712, 143344, 12521, -28289, 50284
8268.9, 1152, -203, -5930, 8712, 143344, 12521, -33683, 50284
8272.7, 1700, -203, -5930, 8712, 143344, 12521, -33683, 50282
8276.4, 1379, -203, -5930, 8712, 143344, 12521, -33683, 50277
8280.7, 1844, -37, -4992, 8722, 143344, 9043, -36684, 50277
8284.5, 1695, -37, -4992, 8722, 143344, 9043, -36684, 50280
8288.7, 1245, -37, -4992, 8722, 143344, 9043, -36028, 50280
8292.5, 1665, -37, -4992, 8722, 143344, 9043, -36028, 50307
8296.2, 1551, -37, -4992, 8722, 143344, 9043, -36028, 50282
8300.5, 1258, 124, -3583, 8695, 143344, -638, -32506, 50282
8304.2, 1294, 124, -3583, 8695, 143344, -638, -32506, 50278
8308.4, 1735, 124, -3583, 8695, 143344, -638, -27786, 50278
8312.1, 1325, 124, -3583, 8695, 143344, -638, -27786, 50278
8315.9, 1282, 124, -3583, 8695, 143344, -638, -27786, 50297
8320.1, 1232, 349, -2855, 8121, 143344, 2353, -23218, 50297
8323.8, 1272, 349, -2855, 8121, 143344, 2353, -23218, 50283
8328.1, 1218, 349, -2855, 8121, 143344, 2353, -19302, 50283
8331.9, 989, 349, -2855, 8121, 143344, 2353, -19302, 50315
8335.6, 1358, 349, -2855, 8121, 143344, 2353, -19302, 50272
8339.9, 1825, 694, -2612, 8035, 143344, 20116, -15990, 50272
8343.6, 1705, 694, -2612, 8035, 143344, 20116, -15990, 50271
8347.9, 1874, 694, -2612, 8035, 143344, 20116, -12818, 50271
8351.6, 1914, 694, -2612, 8035, 143344, 20116, -12818, 50269
8353.9, 1163, 694, -2612, 8035, 143344, 20116, -12818, 50269
8359.7, 1342, 669, -2131, 9632, 143344, 24119, -11668, 50244
8363.4, 681, 669, -2131, 9632, 143344, 24119, -11668, 50257
8369.2, 1601, 669, -2131, 9632, 143344, 20558, -13400, 50298
8371.4, 630, 669, -2131, 9632, 143344, 20558, -13400, 50298
8375.7, 1784, 46, -1554, 9279, 143344, 20558, -13400, 50298
8379.4, 1126, 46, -1554, 9279, 143344, 20558, -13400, 50248
8381.7, 41, 46, -1554, 9279, 143344, 20558, -13400, 50248
8387.4, 1807, -719, -1088, 9016, 143344, 20680, -16756, 50238
8391.2, 1632, -719, -1088, 9016, 143344, 20680, -16756, 50244
8395.4, 1337, -1057, -960, 9515, 143344, 23660, -19464, 50244
8399.2, 1413, -1057, -960, 9515, 143344, 23660, -19464, 50201
8401.5, 67, -1057, -960, 9515, 143344, 23660, -19464, 50201
8405.7, 955, -1157, -661, 9014, 143344, 23887, -21271, 50201
8409.5, 1063, -1157, -661, 9014, 143344, 23887, -21271, 50228
8411.7, 540, -1157, -661, 9014, 143344, 23887, -21271, 50228
8417.5, 1864, -1169, -632, 9254, 143344, 23463, -21678, 50220
8421.3, 1974, -1169, -632, 9254, 143344, 23463, -21678, 50219
8425.5, 1286, -802, -470, 9427, 143344, 21096, -20256, 50219
8429.3, 1152, -802, -470, 9427, 143344, 21096, -20256, 50235
8431.5, 57, -802, -470, 9427, 143344, 21096, -20256, 50235
8435.8, 1254, -56, -637, 9352, 143344, 12626, -17294, 50235
8439.6, 1407, -56, -637, 9352, 143344, 12626, -17294, 50212
8443.8, 1779, 323, -365, 9264, 143344, 2909, -15207, 50212
8447.6, 1316, 323, -365, 9264, 143344, 2909, -15207, 50205
8451.3, 1185, 323, -365, 9264, 143344, 2909, -15207, 50198
8455.6, 1201, 90, -209, 8426, 143344, -1605, -17732, 50198
8459.4, 1520, 90, -209, 8426, 143344, -1605, -17732, 50199
8463.6, 1394, -382, 193, 7798, 143344, 4768, -24093, 50199
8467.3, 1188, -382, 193, 7798, 143344, 4768, -24093, 50198
8471.1, 1762, -382, 193, 7798, 143344, 4768, -24093, 50142
8475.3, 1623, -687, 341, 7830, 143344, 15509, -31797, 50142
8479.1, 1656, -687, 341, 7830, 143344, 15509, -31797, 50172
8483.3, 1459, -721, 777, 8452, 143344, 28844, -39091, 50172
8487.0, 1201, -721, 777, 8452, 143344, 28844, -39091, 50177
8490.8, 1153, -721, 777, 8452, 143344, 28844, -39091, 50173
8495.0, 1138, -614, 1195, 8737, 143344, 32764, -43549, 50173
8498.7, 1213, -614, 1195, 8737, 143344, 32764, -43549, 50161
8503.0, 2344, -192, 2159, 9299, 143344, 32703, -44096, 50161
8506.8, 1722, -192, 2159, 9299, 143344, 32703, -44096, 50167
8510.5, 1445, -192, 2159, 9299, 143344, 32703, -44096, 50168
8514.8, 1335, -460, 2609, 8720, 143344, 29199, -41081, 50168
8518.5, 1082, -460, 2609, 8720, 143344, 29199, -41081, 50168
8522.8, 1218, -521, 2373, 7804, 143344, 15408, -37363, 50168
8526.6, 1521, -521, 2373, 7804, 143344, 15408, -37363, 50167
8530.8, 1318, -854, 2656, 7807, 143344, 7883, -37450, 50167
8534.6, 1181, -854, 2656, 7807, 143344, 7883, -37450, 50184
8536.9, 42, -854, 2656, 7807, 143344, 7883, -37450, 50184
8542.6, 1445, -664, 3213, 7737, 143344, 7599, -42210, 50159
8546.3, 1055, -664, 3213, 7737, 143344, 7599, -42210, 50159
8550.6, 1434, -787, 3868, 8065, 143344, 14516, -47548, 50159
8554.3, 1847, -787, 3868, 8065, 143344, 14516, -47548, 49829
8556.6, 848, -787, 3868, 8065, 143344, 14516, -47548, 49829
8560.9, 1482, -565, 4274, 8117, 143344, 21757, -48182, 49829
8564.7, 1209, -565, 4274, 8117, 143344, 21757, -48182, 49810
8566.9, 42, -565, 4274, 8117, 143344, 21757, -48182, 49810
8572.6, 1871, -466, 4333, 8023, 143344, 21936, -44708, 49798
8576.4, 1382, -466, 4333, 8023, 143344, 21936, -44708, 49774
8580.7, 1057, -529, 4563, 7831, 143344, 17364, -41471, 49774
8584.5, 1180, -529, 4563, 7831, 143344, 17364, -41471, 49763
8586.8, 42, -529, 4563, 7831, 143344, 17364, -41471, 49763
8591.0, 1774, -916, 4674, 7712, 143344, 11598, -39638, 49763
8594.7, 1959, -916, 4674, 7712, 143344, 11598, -39638, 49696
8599.0, 1560, -1122, 4894, 7537, 143344, 6247, -39585, 49696
8602.7, 1236, -1122, 4894, 7537, 143344, 6247, -39585, 49713
8606.5, 1157, -1122, 4894, 7537, 143344, 6247, -39585, 49694
8610.7, 1365, -799, 5322, 7650, 143344, 1701, -38929, 49694
8614.5, 1342, -799, 5322, 7650, 143344, 1701, -38929, 49664
8618.7, 1288, -228, 6128, 8016, 143344, 481, -36811, 49664
8622.5, 1243, -228, 6128, 8016, 143344, 481, -36811, 49634
8626.2, 1409, -228, 6128, 8016, 143344, 481, -36811, 49615
8630.5, 1493, 154, 6445, 7240, 143344, 428, -35206, 49615
8634.2, 1131, 154, 6445, 7240, 143344, 428, -35206, 49547
8638.4, 1279, 13, 6262, 6422, 141857, -166, -35691, 49547
8642.1, 1913, 13, 6262, 6422, 141857, -166, -35691, 49569
8645.9, 1255, 13, 6262, 6422, 141857, -166, -35691, 49542
8650.1, 1334, -138, 6072, 6159, 142714, 1574, -39209, 49542
8653.9, 1383, -138, 6072, 6159, 142714, 1574, -39209, 49521
8658.1, 1270, -162, 5750, 5971, 143309, 6733, -40110, 49521
8661.9, 1042, -162, 5750, 5971, 143309, 6733, -40110, 49462
8665.6, 1405, -162, 5750, 5971, 143309, 6733, -40110, 49493
8669.9, 2001, -567, 5449, 5662, 143344, 11095, -36334, 49493
8673.6, 1210, -567, 5449, 5662, 143344, 11095, -36334, 49479
8677.9, 1236, -943, 5572, 5218, 143344, 15229, -32611, 49479
8681.7, 1176, -943, 5572, 5218, 143344, 15229, -32611, 49466
8687.4, 1286, -1211, 5846, 6117, 143130, 25095, -29256, 49495
8691.1, 1135, -1211, 5846, 6117, 143130, 25095, -29256, 49448
8693.4, 89, -1211, 5846, 6117, 143130, 25095, -29256, 49448
8699.2, 1456, -1319, 5954, 6137, 137530, 27313, -28166, 49447
8701.4, 55, -1319, 5954, 6137, 137530, 27313, -28166, 49447
8705.7, 1069, -1286, 5963, 6445, 127896, 19460, -29317, 49447
8709.4, 1504, -1286, 5963, 6445, 127896, 19460, -29317, 49429
8711.7, 65, -1286, 5963, 6445, 127896, 19460, -29317, 49429
8717.5, 1889, -1012, 6371, 6226, 125127, 11475, -27912, 49397
8721.3, 1363, -1012, 6371, 6226, 125127, 11475, -27912, 49441
8725.5, 1281, -741, 6381, 6182, 120913, 988, -24692, 49441
8729.3, 1139, -741, 6381, 6182, 120913, 988, -24692, 49438
8731.6, 38, -741, 6381, 6182, 120913, 988, -24692, 49438
8735.8, 1796, -743, 6748, 5316, 111734, -10106, -20637, 49438
8739.6, 1553, -743, 6748, 5316, 111734, -10106, -20637, 49356
8741.8, 71, -743, 6748, 5316, 111734, -10106, -20637, 49356
8747.6, 1495, -1223, 6541, 4855, 103221, -17430, -17128, 49424
8751.3, 1128, -1223, 6541, 4855, 103221, -17430, -17128, 49440
8755.6, 1166, -1441, 6568, 4533, 99773, -19040, -16069, 49440
8759.4, 1168, -1441, 6568, 4533, 99773, -19040, -16069, 49426
8763.6, 1262, -1604, 7018, 5563, 102363, -13803, -17635, 49426
8767.4, 1162, -1604, 7018, 5563, 102363, -13803, -17635, 49432
8771.1, 1259, -1604, 7018, 5563, 102363, -13803, -17635, 49447
8775.4, 1642, -1083, 7694, 5928, 101138, -15072, -19337, 49447
8779.1, 1255, -1083, 7694, 5928, 101138, -15072, -19337, 49467
8783.3, 1199, 13, 8342, 5376, 93770, -22654, -16205, 49467
8787.0, 1225, 13, 8342, 5376, 93770, -22654, -16205, 49478
8790.7, 1217, 13, 8342, 5376, 93770, -22654, -16205, 49497
8795.0, 1254, 320, 8739, 5009, 90130, -30096, -3928, 49497
8798.7, 1210, 320, 8739, 5009, 90130, -30096, -3928, 49490
8802.9, 1161, 17, 8051, 3608, 85663, -32874, 9944, 49490
8806.7, 1206, 17, 8051, 3608, 85663, -32874, 9944, 49486
8809.0, 38, 17, 8051, 3608, 85663, -32874, 9944, 49486
8814.8, 1154, -707, 7200, 2069, 82430, -20580, 16165, 49498
8818.5, 1311, -707, 7200, 2069, 82430, -20580, 16165, 49501
8822.7, 1244, -1282, 6484, 2395, 79289, 5919, 13790, 49501
8826.5, 1109, -1282, 6484, 2395, 79289, 5919, 13790, 49486
8828.8, 34, -1282, 6484, 2395, 79289, 5919, 13790, 49486
8834.5, 1208, -1870, 6389, 3613, 75881, 31728, 7835, 49521
8838.3, 1203, -1870, 6389, 3613, 75881, 31728, 7835, 49499
8844.0, 1167, -2228, 6891, 4436, 75509, 39099, -1553, 49517
8847.7, 1129, -2228, 6891, 4436, 75509, 39099, -1553, 49532
8853.5, 1233, -2068, 7802, 5069, 72389, 38548, -10123, 49538
8855.7, 42, -2068, 7802, 5069, 72389, 38548, -10123, 49538
8858.0, 10, -2068, 7802, 5069, 72389, 38548, -10123, 49538
8863.7, 1234, -2601, 8466, 6291, 60515, 33394, -18099, 49543
8865.9, 41, -2601, 8466, 6291, 60515, 33394, -18099, 49543
8870.2, 1075, -2601, 8466, 6291, 60515, 33394, -25340, 49543
8874.0, 1138, -2601, 8466, 6291, 60515, 33394, -25340, 49582
8876.2, 46, -2601, 8466, 6291, 60515, 33394, -25340, 49582
8880.5, 1160, -2763, 8539, 5579, 39064, -9165, -26149, 49582
8884.2, 1138, -2763, 8539, 5579, 39064, -9165, -26149, 49595
8886.5, 40, -2763, 8539, 5579, 39064, -9165, -26149, 49595
8890.8, 1095, -2338, 8312, 3639, 41659, -11016, -19438, 49595
8894.5, 1094, -2338, 8312, 3639, 41659, -11016, -19438, 49704
8896.8, 36, -2338, 8312, 3639, 41659, -11016, -19438, 49704
8902.6, 1257, -1406, 8325, 2868, 41668, -2568, -9288, 49730
8906.3, 1106, -1406, 8325, 2868, 41668, -2568, -9288, 49754
8910.6, 1136, -1406, 8325, 2294, 40902, 3920, -923, 49754
8914.3, 1073, -1406, 8325, 2294, 40902, 3920, -923, 49782
8916.6, 38, -1406, 8325, 2294, 40902, 3920, -923, 49782
8920.9, 1106, -1210, 8924, 3628, 37428, 12202, 1986, 49782
8924.7, 1161, -1210, 8924, 3628, 37428, 12202, 1986, 49804
8928.9, 1098, -1210, 8924, 3628, 37428, 12202, 1986, 49804
8932.6, 1130, -1210, 8924, 3628, 37428, 12202, 1986, 49845
8936.4, 1088, -1210, 8924, 3628, 37428, 12202, 1986, 49875
8940.6, 1158, -1937, 8821, 3346, 35949, 24802, -6934, 49875
8944.4, 1150, -1937, 8821, 3346, 35949, 24802, -6934, 49922
8948.6, 1091, -1937, 8821, 3346, 35949, 24802, -6934, 49922
8952.3, 1098, -1937, 8821, 3346, 35949, 24802, -6934, 49887
8956.1, 1147, -1937, 8821, 3346, 35949, 24802, -6934, 49902
8960.3, 1093, -2437, 10654, 3370, 39191, 22142, -12315, 49902
8964.0, 1134, -2437, 10654, 3370, 39191, 22142, -12315, 49356
8968.2, 1078, -2437, 10654, 3370, 39191, 22142, -12315, 49356
8972.0, 1059, -2437, 10654, 3370, 39191, 22142, -12315, 49907
8975.7, 1088, -2437, 10654, 3370, 39191, 22142, -12315, 49921
8980.0, 1084, -2285, 10183, 3257, 38189, 13164, 1579, 49921
8983.7, 1083, -2285, 10183, 3257, 38189, 13164, 1579, 49922
8987.9, 1074, -2285, 10183, 3257, 38189, 13164, 1579, 49922
8991.6, 979, -2285, 10183, 3257, 38189, 13164, 1579, 49938
8993.9, 31, -2285, 10183, 3257, 38189, 13164, 1579, 49938
8999.6, 1176, -1712, 9933, 2079, 33128, 16625, 9935, 49932
9003.3, 1102, -1712, 9933, 2079, 33128, 16625, 9935, 49935
9009.0, 1144, -1712, 9933, 2079, 33128, 16625, 9935, 49953
9011.3, 39, -1712, 9933, 2079, 33128, 16625, 9935, 49953
9013.5, 9, -1712, 9933, 2079, 33128, 16625, 9935, 49953
9019.3, 1270, -1951, 10134, 2176, 29588, 21429, 7494, 49958
9021.5, 44, -1951, 10134, 2176, 29588, 21429, 7494, 49958
9025.8, 1025, -2401, 10476, 2414, 25235, 24482, 3386, 49958
9029.5, 1048, -2401, 10476, 2414, 25235, 24482, 3386, 49961
9031.8, 36, -2401, 10476, 2414, 25235, 24482, 3386, 49961
9037.5, 1149, -2650, 10923, 2956, 23336, 24622, 2235, 49959
9041.2, 1027, -2650, 10923, 2956, 23336, 24622, 2235, 49954
9045.5, 1002, -2388, 10594, 2678, 20882, 22741, 4528, 49954
9049.2, 1058, -2388, 10594, 2678, 20882, 22741, 4528, 49939
9051.5, 36, -2388, 10594, 2678, 20882, 22741, 4528, 49939
9055.7, 1021, -2093, 9991, 2653, 16572, 18082, 7000, 49939
9059.4, 1008, -2093, 9991, 2653, 16572, 18082, 7000, 49926
9061.7, 34, -2093, 9991, 2653, 16572, 18082, 7000, 49926
9065.9, 1114, -1779, 9506, 2400, 12035, 16052, 8575, 49926
9069.6, 1068, -1779, 9506, 2400, 12035, 16052, 8575, 49939
9073.9, 982, -1695, 9464, 2271, 7091, 15198, 8631, 49939
9077.6, 1099, -1695, 9464, 2271, 7091, 15198, 8631, 49939
9081.3, 1056, -1695, 9464, 2271, 7091, 15198, 8631, 49921
9085.6, 973, -1947, 9596, 2245, 2651, 14183, 7560, 49921
9089.3, 1170, -1947, 9596, 2245, 2651, 14183, 7560, 49526
9093.5, 1098, -2069, 9666, 2099, -3255, 13405, 6444, 49526
9097.2, 1101, -2069, 9666, 2099, -3255, 13405, 6444, 49519
9101.0, 1081, -2069, 9666, 2099, -3255, 13405, 6444, 49541
9105.3, 1079, -2160, 9604, 2137, -8894, 14004, 6746, 49541
9109.0, 1083, -2160, 9604, 2137, -8894, 14004, 6746, 49513
9113.3, 1070, -2169, 9534, 2485, -12871, 14135, 8058, 49513
9117.0, 1101, -2169, 9534, 2485, -12871, 14135, 8058, 49515
9120.7, 1056, -2169, 9534, 2485, -12871, 14135, 8058, 49498
9125.0, 1031, -2057, 9063, 2507, -18279, 11484, 9340, 49498
9128.7, 1157, -2057, 9063, 2507, -18279, 11484, 9340, 49467
9132.9, 1105, -1731, 8691, 2644, -24054, 8982, 7966, 49467
9136.7, 1052, -1731, 8691, 2644, -24054, 8982, 7966, 49499
9139.0, 32, -1731, 8691, 2644, -24054, 8982, 7966, 49499
9144.7, 1077, -1663, 8714, 2723, -30376, 5792, 4878, 49480
9148.4, 1199, -1663, 8714, 2723, -30376, 5792, 4878, 49471
9154.1, 1148, -1762, 8568, 2234, -38986, 2931, 1675, 49485
9157.8, 1132, -1762, 8568, 2234, -38986, 2931, 1675, 49447
9163.5, 1115, -2203, 8625, 2489, -47294, 2769, -109, 49438
9167.3, 1124, -2203, 8625, 2489, -47294, 2769, -109, 49395
9173.0, 1232, -2087, 8965, 2569, -53152, 796, 3491, 49389
9176.7, 1114, -2087, 8965, 2569, -53152, 796, 3491, 49408
9182.4, 1243, -1826, 9123, 3002, -60109, -5350, 12048, 49392
9186.1, 1119, -1826, 9123, 3002, -60109, -5350, 12048, 49631
9190.4, 1104, -1850, 8467, 3393, -61303, -10491, 18664, 49631
9194.1, 1136, -1850, 8467, 3393, -61303, -10491, 18664, 49393
9196.4, 40, -1850, 8467, 3393, -61303, -10491, 18664, 49393
9200.6, 1145, -1484, 7904, 2986, -64252, -13142, 17202, 49393
9204.3, 1116, -1484, 7904, 2986, -64252, -13142, 17202, 49377
9206.6, 39, -1484, 7904, 2986, -64252, -13142, 17202, 49377
9210.8, 1259, -1205, 7883, 2943, -68084, -16148, 11825, 49377
9214.5, 1173, -1205, 7883, 2943, -68084, -16148, 11825, 49356
9216.8, 43, -1205, 7883, 2943, -68084, -16148, 11825, 49356
9221.0, 1157, -862, 7461, 2141, -68741, -12005, 6881, 49356
9224.7, 1079, -862, 7461, 2141, -68741, -12005, 6881, 49359
9227.0, 37, -862, 7461, 2141, -68741, -12005, 6881, 49359
9232.7, 1315, -818, 7980, 2579, -71773, -1644, 2782, 49354
9236.4, 1338, -818, 7980, 2579, -71773, -1644, 2782, 49359
9240.7, 1072, -876, 8262, 3317, -77473, 5718, 2961, 49359
9244.5, 1038, -876, 8262, 3317, -77473, 5718, 2961, 49355
9248.7, 1109, -577, 8454, 3628, -78628, 4331, 7748, 49355
9252.5, 1010, -577, 8454, 3628, -78628, 4331, 7748, 49356
9256.2, 1067, -577, 8454, 3628, -78628, 4331, 7748, 49367
9260.5, 591, -534, 8623, 3855, -78913, 345, 15890, 49367
9264.3, 847, -534, 8623, 3855, -78913, 345, 15890, 49362
9268.5, 1293, -649, 8605, 3979, -80278, -997, 24574, 49362
9272.3, 1048, -649, 8605, 3979, -80278, -997, 24574, 49363
9276.0, 980, -649, 8605, 3979, -80278, -997, 24574, 49393
9280.3, 865, -700, 8342, 3756, -82855, 100, 29789, 49393
9284.0, 654, -700, 8342, 3756, -82855, 100, 29789, 49336
9288.2, 768, -940, 8065, 3652, -86573, 3666, 30004, 49336
9291.9, 1399, -940, 8065, 3652, -86573, 3666, 30004, 49329
9295.6, 952, -940, 8065, 3652, -86573, 3666, 30004, 49303
9299.9, 889, -1205, 7856, 3458, -92489, 9231, 27387, 49303
9303.6, 897, -1205, 7856, 3458, -92489, 9231, 27387, 49267
9307.8, 936, -1276, 8137, 3526, -99777, 15807, 24360, 49267
9311.6, 1038, -1276, 8137, 3526, -99777, 15807, 24360, 49285
9313.8, 46, -1276, 8137, 3526, -99777, 15807, 24360, 49285
9319.6, 1012, -1329, 8256, 4180, -108501, 22334, 22483, 49278
9323.3, 1027, -1329, 8256, 4180, -108501, 22334, 22483, 49252
9329.0, 1080, -1540, 8300, 4607, -112119, 24697, 22505, 49264
9332.7, 884, -1540, 8300, 4607, -112119, 24697, 22505, 49259
9338.4, 1395, -1642, 8485, 4741, -116783, 23957, 26591, 49240
9342.1, 1544, -1642, 8485, 4741, -116783, 23957, 26591, 49243
9347.9, 1144, -1637, 8431, 5134, -122790, 22632, 34409, 49219
9351.6, 1085, -1637, 8431, 5134, -122790, 22632, 34409, 49177
9355.9, 1107, -1727, 8035, 5621, -126207, 22094, 39913, 49177
9359.7, 1158, -1727, 8035, 5621, -126207, 22094, 39913, 49092
9362.0, 102, -1727, 8035, 5621, -126207, 22094, 39913, 49092
9367.7, 1222, -2088, 7801, 5566, -129760, 19219, 37402, 49085
9371.4, 1188, -2088, 7801, 5566, -129760, 19219, 37402, 49059
9375.7, 1502, -2459, 7500, 4862, -137591, 13978, 26998, 49059
9379.5, 1327, -2459, 7500, 4862, -137591, 13978, 26998, 49032
9381.7, 93, -2459, 7500, 4862, -137591, 13978, 26998, 49032
9386.0, 1176, -2464, 7430, 4505, -140724, 14245, 17045, 49032
9389.8, 1152, -2464, 7430, 4505, -140724, 14245, 17045, 49025
9394.1, 1279, -2152, 7531, 4836, -140037, 18541, 15653, 49025
9397.8, 1518, -2152, 7531, 4836, -140037, 18541, 15653, 49076
9401.6, 1589, -2152, 7531, 4836, -140037, 18541, 15653, 49076
9405.8, 1091, -1381, 7205, 5377, -141909, 26320, 23240, 49076
9409.5, 1116, -1381, 7205, 5377, -141909, 26320, 23240, 49067
9413.7, 1094, -317, 6799, 6659, -143178, 29356, 36855, 49067
9417.5, 1422, -317, 6799, 6659, -143178, 29356, 36855, 49139
9421.2, 1616, -317, 6799, 6659, -143178, 29356, 36855, 49167
9425.5, 1432, 650, 6263, 8683, -143344, 26639, 49814, 49167
9429.3, 1539, 650, 6263, 8683, -143344, 26639, 49814, 49169
9433.5, 1408, 1104, 5678, 8431, -143344, 12333, 53502, 49169
9437.3, 1401, 1104, 5678, 8431, -143344, 12333, 53502, 49184
9441.0, 1413, 1104, 5678, 8431, -143344, 12333, 53502, 49207
9445.3, 1311, 431, 5508, 5885, -143344, -6365, 46660, 49207
9449.1, 1238, 431, 5508, 5885, -143344, -6365, 46660, 49238
9453.3, 1651, -517, 5737, 4249, -143344, -12097, 35849, 49238
9457.0, 1549, -517, 5737, 4249, -143344, -12097, 35849, 49276
9460.8, 1177, -517, 5737, 4249, -143344, -12097, 35849, 49305
9465.1, 1413, -1092, 6114, 3839, -143344, 10215, 28245, 49305
9468.8, 1402, -1092, 6114, 3839, -143344, 10215, 28245, 49335
9473.0, 1190, -1454, 6400, 5861, -143344, 45789, 25314, 49335
9476.7, 1156, -1454, 6400, 5861, -143344, 45789, 25314, 49370
9480.5, 1505, -1454, 6400, 5861, -143344, 45789, 25314, 49386
9484.7, 1611, -1385, 6172, 6921, -143344, 78624, 29776, 49386
9488.5, 1490, -1385, 6172, 6921, -143344, 78624, 29776, 49381
9494.2, 1531, -1250, 4840, 6723, -143344, 95555, 40928, 49419
9496.4, 146, -1250, 4840, 6723, -143344, 95555, 40928, 49419
9498.7, 37, -1250, 4840, 6723, -143344, 95555, 40928, 49419
9504.4, 1327, -891, 3116, 7174, -143344, 87707, 50588, 49447
9506.6, 423, -891, 3116, 7174, -143344, 87707, 50588, 49447
9510.9, 1880, -891, 3116, 7174, -143344, 87707, 46489, 49447
9514.7, 1355, -891, 3116, 7174, -143344, 87707, 46489, 49472
9517.0, 449, -891, 3116, 7174, -143344, 87707, 46489, 49472
9522.7, 1662, -881, 2011, 7601, -143344, 58455, 24110, 49512
9526.4, 1312, -881, 2011, 7601, -143344, 58455, 24110, 49514
9530.6, 1498, -1296, 1359, 7533, -143344, 58455, -2699, 49514
9534.3, 1252, -1296, 1359, 7533, -143344, 58455, -2699, 49499
9536.6, 255, -1296, 1359, 7533, -143344, 58455, -2699, 49499
9540.8, 1520, -2457, 1135, 7187, -143344, 34576, -17797, 49499
9544.5, 1451, -2457, 1135, 7187, -143344, 34576, -17797, 49502
9546.8, 316, -2457, 1135, 7187, -143344, 34576, -17797, 49502
9551.0, 1538, -2851, 1359, 6613, -143344, 31745, -14735, 49502
9555.1, 1153, -2851, 1359, 6613, -143344, 31745, -14735, 49510
9559.3, 1468, -2693, 1609, 7876, -143344, 31745, -14735, 49510
9563.1, 1579, -2693, 1609, 7876, -143344, 31745, -14735, 49518
9566.8, 1704, -2693, 1609, 7876, -143344, 31745, -14735, 49488
9572.6, 1586, -2581, 1144, 8708, -143344, 5718, 11138, 49572
9576.3, 1504, -2581, 1144, 8708, -143344, 5718, 11138, 49604
9580.6, 1454, -1648, 669, 8708, -143344, -12153, 10255, 49604
9584.4, 1455, -1648, 669, 8708, -143344, -12153, 10255, 49625
9588.6, 1440, -1400, 112, 9708, -143344, -12153, 10255, 49625
9592.3, 1519, -1400, 112, 9708, -143344, -12153, 10255, 49619
9596.1, 1554, -1400, 112, 9708, -143344, -12153, 10255, 49666
9600.4, 1236, -1489, 95, 10280, -140326, -36947, -18296, 49666
9604.2, 1487, -1489, 95, 10280, -140326, -36947, -18296, 49700
9608.4, 1432, -1850, 639, 9451, -140326, -36947, -18296, 49700
9612.1, 1324, -1850, 639, 9451, -140326, -36947, -18296, 49688
9615.9, 1790, -1850, 639, 9451, -140326, -36947, -18296, 49724
9620.2, 1778, -2997, 857, 7052, -143344, -3145, -22225, 49724
9624.0, 1409, -2997, 857, 7052, -143344, -3145, -22225, 49621
9628.2, 1466, -3698, 511, 5284, -143344, -3145, -22225, 49621
9631.9, 1415, -3698, 511, 5284, -143344, -3145, -22225, 49674
9635.7, 1188, -3698, 511, 5284, -143344, -3145, -22225, 49631
9640.0, 1264, -3412, -887, 9905, -143344, 42709, -6085, 49631
9643.8, 1829, -3412, -887, 9905, -143344, 42709, -6085, 49638
9648.0, 1815, -821, -2068, 9905, -143344, 42709, -6085, 49638
9651.7, 1942, -821, -2068, 9905, -143344, 42709, -6085, 49626
9656.0, 1390, 1131, -2557, 12295, -143344, 37271, -3473, 49626
9659.8, 1481, 1131, -2557, 12295, -143344, 37271, -3473, 49626
9662.0, 780, 1131, -2557, 12295, -143344, 37271, -3473, 49626
9667.8, 1680, 1984, -3164, 11800, -143344, 5779, -7306, 49623
9671.5, 1333, 1984, -3164, 11800, -143344, 5779, -7306, 49635
9675.8, 1320, 418, -3133, 9664, -143344, -23787, -13295, 49635
9679.5, 1281, 418, -3133, 9664, -143344, -23787, -13295, 49597
9681.8, 215, 418, -3133, 9664, -143344, -23787, -13295, 49597
9686.0, 1704, -1600, -2811, 7258, -143344, -30004, -15907, 49597
9689.7, 1641, -1600, -2811, 7258, -143344, -30004, -15907, 49667
9692.0, 804, -1600, -2811, 7258, -143344, -30004, -15907, 49667
9697.7, 1629, -3122, -2597, 6500, -143344, -12407, -16953, 49673
9701.4, 1442, -3122, -2597, 6500, -143344, -12407, -16953, 49705
9705.7, 1458, -3369, -2339, 7706, -143344, 11795, -14560, 49705
9709.5, 1570, -3369, -2339, 7706, -143344, 11795, -14560, 49722
9711.8, 898, -3369, -2339, 7706, -143344, 11795, -14560, 49722
9716.0, 1777, -2464, -1958, 9876, -143344, 25567, -8951, 49722
9719.8, 1292, -2464, -1958, 9876, -143344, 25567, -8951, 49731
9724.0, 1281, -1612, -1869, 10594, -143344, 17990, -4449, 49731
9727.8, 1406, -1612, -1869, 10594, -143344, 17990, -4449, 50118
9731.5, 1681, -1612, -1869, 10594, -143344, 17990, -4449, 50134
9735.8, 1748, -1116, -2067, 11767, -143344, 11300, -3626, 50134
9739.5, 1430, -1116, -2067, 11767, -143344, 11300, -3626, 50140
9743.7, 1388, -1570, -2350, 11236, -143344, 8098, -4830, 50140
9747.5, 1570, -1570, -2350, 11236, -143344, 8098, -4830, 50170
9751.2, 1683, -1570, -2350, 11236, -143344, 8098, -4830, 50173
9755.5, 1504, -2085, -2884, 8921, -143344, -4760, -3088, 50173
9759.3, 1674, -2085, -2884, 8921, -143344, -4760, -3088, 50175
9763.5, 1308, -2472, -3345, 8002, -143344, -9848, 1973, 50175
9767.3, 1527, -2472, -3345, 8002, -143344, -9848, 1973, 50173
9771.0, 1682, -2472, -3345, 8002, -143344, -9848, 1973, 50192
9775.3, 1979, -2743, -3585, 8363, -143344, -5805, 4725, 50192
9779.1, 1556, -2743, -3585, 8363, -143344, -5805, 4725, 50186
9783.3, 1300, -2989, -3926, 9213, -143344, 2200, 1102, 50186
9787.0, 1385, -2989, -3926, 9213, -143344, 2200, 1102, 50204
9790.8, 1674, -2989, -3926, 9213, -143344, 2200, 1102, 50199
9795.1, 1481, -3290, -4133, 10645, -143344, 8579, -4808, 50199
9798.8, 1381, -3290, -4133, 10645, -143344, 8579, -4808, 50172
9803.0, 1559, -3218, -4311, 11453, -143095, 3206, -8732, 50172
9806.7, 1564, -3218, -4311, 11453, -143095, 3206, -8732, 50212
9810.5, 1262, -3218, -4311, 11453, -143095, 3206, -8732, 50221
9814.7, 1319, -2522, -4293, 11187, -142968, -18624, -11222, 50221
9818.5, 1615, -2522, -4293, 11187, -142968, -18624, -11222, 50239
9822.7, 1711, -1801, -4332, 10245, -143261, -39708, -11576, 50239
9826.4, 1469, -1801, -4332, 10245, -143261, -39708, -11576, 50252
9830.6, 1306, -1015, -4155, 8302, -143344, -57186, -9288, 50252
9834.3, 1680, -1015, -4155, 8302, -143344, -57186, -9288, 50252
9836.6, 1193, -1015, -4155, 8302, -143344, -57186, -9288, 50252
9840.8, 1299, -521, -3877, 7995, -143344, -61032, -3460, 50252
9844.5, 1150, -521, -3877, 7995, -143344, -61032, -3460, 50243
9846.8, 77, -521, -3877, 7995, -143344, -61032, -3460, 50243
9851.0, 1876, -454, -4052, 9518, -143344, -45058, 8706, 50243
9854.7, 1866, -454, -4052, 9518, -143344, -45058, 8706, 50267
9857.0, 994, -454, -4052, 9518, -143344, -45058, 8706, 50267
9862.7, 1363, -645, -4935, 9168, -143344, -30183, 24530, 50278
9866.4, 1166, -645, -4935, 9168, -143344, -30183, 24530, 50298
9870.7, 1281, -835, -6147, 8874, -143344, -27930, 33123, 50298
9874.5, 1476, -835, -6147, 8874, -143344, -27930, 33123, 50305
9876.7, 529, -835, -6147, 8874, -143344, -27930, 33123, 50305
9881.0, 1708, -1118, -6862, 7667, -143309, -28101, 29785, 50305
9884.7, 1620, -1118, -6862, 7667, -143309, -28101, 29785, 50298
9888.9, 1555, -1105, -7299, 5977, -143344, -29763, 19613, 50298
9892.7, 1528, -1105, -7299, 5977, -143344, -29763, 19613, 50328
9896.4, 1454, -1105, -7299, 5977, -143344, -29763, 19613, 50352
9900.7, 1550, -1307, -7046, 6279, -143344, -21700, 11996, 50352
9904.5, 1501, -1307, -7046, 6279, -143344, -21700, 11996, 50339
9908.7, 1271, -1914, -7109, 7179, -143344, -971, 12801, 50339
9912.5, 1039, -1914, -7109, 7179, -143344, -971, 12801, 50380
9916.3, 1622, -1914, -7109, 7179, -143344, -971, 12801, 50336
9920.5, 1985, -2122, -7329, 8428, -140776, 16957, 20816, 50336
9924.3, 1843, -2122, -7329, 8428, -140776, 16957, 20816, 50324
9928.5, 1369, -1947, -8009, 8982, -136926, 18195, 26460, 50324
9932.3, 1547, -1947, -8009, 8982, -136926, 18195, 26460, 50330
9936.0, 1497, -1947, -8009, 8982, -136926, 18195, 26460, 50339
9940.3, 1315, -1857, -8651, 9638, -128325, 6033, 21096, 50339
9944.1, 1437, -1857, -8651, 9638, -128325, 6033, 21096, 50358
9948.3, 1578, -1786, -8542, 8402, -129808, -16572, 5608, 50358
9952.0, 1629, -1786, -8542, 8402, -129808, -16572, 5608, 50396
9955.8, 1602, -1786, -8542, 8402, -129808, -16572, 5608, 50376
9960.1, 1508, -1660, -7960, 7235, -132612, -34545, -5228, 50376
9963.9, 1171, -1660, -7960, 7235, -132612, -34545, -5228, 50381
9968.1, 1337, -1459, -7296, 6941, -134349, -42035, -1863, 50381
9971.8, 1336, -1459, -7296, 6941, -134349, -42035, -1863, 50394
9977.6, 1689, -1344, -7046, 6987, -131195, -38618, 11887, 50368
9981.3, 1520, -1344, -7046, 6987, -131195, -38618, 11887, 50412
9983.6, 632, -1344, -7046, 6987, -131195, -38618, 11887, 50412
9989.3, 1785, -1087, -7249, 6516, -127375, -29549, 24102, 50410
9991.6, 768, -1087, -7249, 6516, -127375, -29549, 24102, 50410
9995.8, 1579, -894, -7779, 7286, -119658, -17627, 27051, 50410
9999.6, 1342, -894, -7779, 7286, -119658, -17627, 27051, 50398
10001.9, 187, -894, -7779, 7286, -119658, -17627, 27051, 50398
10007.6, 1853, -1074, -8096, 7207, -113865, -10863, 23472, 50399
10011.3, 1694, -1074, -8096, 7207, -113865, -10863, 23472, 50383
10015.5, 1325, -1156, -8318, 6498, -112596, -10692, 17320, 50383
10019.3, 1113, -1156, -8318, 6498, -112596, -10692, 17320, 50379
10021.5, 50, -1156, -8318, 6498, -112596, -10692, 17320, 50379
10025.8, 1585, -1386, -8318, 7261, -108195, -13352, 12722, 50379
10029.6, 1568, -1386, -8318, 7261, -108195, -13352, 12722, 50368
10031.9, 593, -1386, -8318, 7261, -108195, -13352, 12722, 50368
10037.6, 1841, -1607, -8178, 6400, -105797, -19792, 13483, 50376
10041.3, 1613, -1607, -8178, 6400, -105797, -19792, 13483, 50382
10045.6, 1341, -1800, -8037, 6005, -106051, -20816, 18248, 50382
10049.4, 1502, -1800, -8037, 6005, -106051, -20816, 18248, 50375
10053.6, 1436, -1800, -8037, 6005, -103422, -12495, 24202, 50375
10057.4, 1535, -1800, -8037, 6005, -103422, -12495, 24202, 50397
10061.2, 1784, -1800, -8037, 6005, -103422, -12495, 24202, 50410
10065.5, 1670, -2023, -8216, 7101, -102599, -7485, 26267, 50410
10069.2, 1432, -2023, -8216, 7101, -102599, -7485, 26267, 50426
10073.4, 1322, -2023, -8216, 7101, -102796, -11882, 23529, 50426
10077.2, 1412, -2023, -8216, 7101, -102796, -11882, 23529, 50422
10080.9, 1464, -2023, -8216, 7101, -102796, -11882, 23529, 50414
10085.2, 1643, -1619, -8519, 7363, -102232, -23861, 21048, 50414
10089.0, 1932, -1619, -8519, 7363, -102232, -23861, 21048, 50413
10093.2, 1898, -1619, -8519, 7363, -100552, -39961, 20663, 50413
10096.9, 1351, -1619, -8519, 7363, -100552, -39961, 20663, 50435
10100.7, 980, -1619, -8519, 7363, -100552, -39961, 20663, 50404
10105.0, 1106, -1460, -9033, 4262, -95380, -48344, 23030, 50404
10108.7, 1528, -1460, -9033, 4262, -95380, -48344, 23030, 50425
10112.9, 1580, -1460, -9033, 4262, -90463, -43903, 29155, 50425
10116.6, 1885, -1460, -9033, 4262, -90463, -43903, 29155, 50396
10118.9, 1080, -1460, -9033, 4262, -90463, -43903, 29155, 50396
10124.6, 1602, -1502, -9253, 2982, -89159, -28945, 32686, 50390
10128.3, 1507, -1502, -9253, 2982, -89159, -28945, 32686, 50393
10134.0, 1606, -1590, -9568, 4791, -84893, -12412, 30546, 50385
10137.8, 1754, -1590, -9568, 4791, -84893, -12412, 30546, 50393
10143.5, 1984, -1590, -9568, 4791, -82470, -6116, 25283, 50424
10145.7, 760, -1590, -9568, 4791, -82470, -6116, 25283, 50424
10148.0, 231, -1590, -9568, 4791, -82470, -6116, 25283, 50424
10153.7, 1445, -1618, -9837, 5279, -82098, -9380, 19193, 50394
10156.0, 303, -1618, -9837, 5279, -82098, -9380, 19193, 50394
10158.2, 397, -1618, -9837, 5279, -82098, -9380, 19193, 50394
10163.9, 1777, -1662, -10103, 5434, -78121, -19714, 15675, 50400
10166.2, 687, -1662, -10103, 5434, -78121, -19714, 15675, 50400
10170.4, 1852, -1783, -10144, 5434, -78121, -19714, 15675, 50400
10174.2, 1718, -1783, -10144, 5434, -78121, -19714, 15675, 50402
10176.5, 474, -1783, -10144, 5434, -78121, -19714, 15675, 50402
10180.7, 1173, -1789, -10171, 5140, -75544, -33421, 14105, 50402
10184.4, 1703, -1789, -10171, 5140, -75544, -33421, 14105, 50410
10186.7, 746, -1789, -10171, 5140, -75544, -33421, 14105, 50410
10190.9, 1709, -2041, -9829, 4568, -72875, -45614, 13908, 50410
10194.7, 1701, -2041, -9829, 4568, -72875, -45614, 13908, 50401
10197.0, 691, -2041, -9829, 4568, -72875, -45614, 13908, 50401
10202.7, 1370, -1904, -9498, 4158, -69961, -55082, 17557, 50377
10206.5, 1326, -1904, -9498, 4158, -69961, -55082, 17557, 50387
10210.7, 1706, -1605, -9241, 4393, -69961, -55082, 18742, 50387
10214.5, 1679, -1605, -9241, 4393, -69961, -55082, 18742, 50391
10218.8, 1842, -1380, -9247, 3718, -67341, -55322, 18742, 50391
10222.5, 1396, -1380, -9247, 3718, -67341, -55322, 18742, 50376
10226.2, 1053, -1380, -9247, 3718, -67341, -55322, 18742, 50301
10230.5, 1320, -1220, -9497, 2681, -65429, -51236, 22015, 50301
10234.2, 1948, -1220, -9497, 2681, -65429, -51236, 22015, 50359
10238.4, 2150, -1376, -9841, 2277, -61137, -42009, 22015, 50359
10242.2, 1890, -1376, -9841, 2277, -61137, -42009, 22015, 50335
10245.9, 1472, -1376, -9841, 2277, -61137, -42009, 22015, 50334
10250.2, 1454, -1524, -10460, 2146, -55992, -32821, 21853, 50334
10253.9, 1553, -1524, -10460, 2146, -55992, -32821, 21853, 50329
10258.1, 1595, -1717, -11069, 2573, -49381, -25909, 21853, 50329
10261.8, 1736, -1717, -11069, 2573, -49381, -25909, 21853, 50361
10265.6, 1655, -1717, -11069, 2573, -49381, -25909, 21853, 50360
10269.8, 1579, -1809, -11181, 2892, -45351, -22684, 7231, 50360
10273.6, 1533, -1809, -11181, 2892, -45351, -22684, 7231, 50367
10277.9, 1695, -1915, -10926, 3958, -42836, -23581, 7231, 50367
10281.6, 1639, -1915, -10926, 3958, -42836, -23581, 7231, 50367
10283.9, 772, -1915, -10926, 3958, -42836, -23581, 7231, 50367
10289.6, 1511, -2027, -10247, 5230, -39240, -32165, 503, 50272
10293.3, 1256, -2027, -10247, 5230, -39240, -32165, 503, 50283
10299.1, 1822, -1725, -9741, 5319, -38649, -50549, 503, 50269
10302.8, 1894, -1725, -9741, 5319, -38649, -50549, 503, 50271
10308.5, 1468, -1520, -9360, 4311, -37039, -69003, 1745, 50283
10310.8, 137, -1520, -9360, 4311, -37039, -69003, 1745, 50283
10313.0, 130, -1520, -9360, 4311, -37039, -69003, 1745, 50283
10318.7, 1922, -1252, -9060, 2419, -35123, -77285, 2073, 50293
10320.9, 838, -1252, -9060, 2419, -35123, -77285, 2073, 50293
10325.2, 1907, -1128, -9101, 1817, -32817, -71243, 1995, 50293
10329.0, 1977, -1128, -9101, 1817, -32817, -71243, 1995, 50297
10331.2, 925, -1128, -9101, 1817, -32817, -71243, 1995, 50297
10335.5, 1359, -1302, -9161, 2121, -28490, -57252, 2751, 50297
10339.2, 903, -1302, -9161, 2121, -28490, -57252, 2751, 50307
10341.5, 188, -1302, -9161, 2121, -28490, -57252, 2751, 50307
10345.7, 1736, -1515, -9365, 2458, -26154, -43488, 3701, 50307
10349.4, 1851, -1515, -9365, 2458, -26154, -43488, 3701, 50322
10351.7, 841, -1515, -9365, 2458, -26154, -43488, 3701, 50322
10355.9, 1619, -1614, -9544, 3135, -23533, -34978, 2406, 50322
10359.6, 1740, -1614, -9544, 3135, -23533, -34978, 2406, 50324
10361.9, 959, -1614, -9544, 3135, -23533, -34978, 2406, 50324
10367.6, 1886, -1561, -9634, 3946, -20930, -34265, -1137, 50327
10371.3, 1441, -1561, -9634, 3946, -20930, -34265, -1137, 50335
10375.6, 1182, -1379, -9571, 4355, -20230, -40097, -5066, 50335
10379.4, 1535, -1379, -9571, 4355, -20230, -40097, -5066, 50336
10383.6, 1774, -1123, -9406, 4092, -20256, -46712, -6938, 50336
10387.4, 1751, -1123, -9406, 4092, -20256, -46712, -6938, 50330
10391.1, 1948, -1123, -9406, 4092, -20256, -46712, -6938, 50325
10395.4, 1919, -943, -9218, 3555, -20046, -48633, -5871, 50325
10399.2, 1550, -943, -9218, 3555, -20046, -48633, -5871, 50333
10403.4, 1436, -682, -9234, 3378, -20142, -45553, -3819, 50333
10407.1, 1545, -682, -9234, 3378, -20142, -45553, -3819, 50309
10410.9, 1570, -682, -9234, 3378, -20142, -45553, -3819, 50351
10415.2, 1202, -565, -9333, 3272, -19495, -39668, -1885, 50351
10418.9, 1591, -565, -9333, 3272, -19495, -39668, -1885, 50316
10423.1, 1788, -493, -9466, 3294, -17929, -33359, -590, 50316
10426.8, 1863, -493, -9466, 3294, -17929, -33359, -590, 50312
10430.6, 1860, -493, -9466, 3294, -17929, -33359, -590, 50313
10434.8, 1781, -472, -9691, 3139, -15798, -27667, -367, 50313
10438.5, 1406, -472, -9691, 3139, -15798, -27667, -367, 50313
10442.8, 1342, -658, -9923, 3121, -13676, -22115, -1653, 50313
10446.5, 1458, -658, -9923, 3121, -13676, -22115, -1653, 50316
10448.8, 769, -658, -9923, 3121, -13676, -22115, -1653, 50316
10454.6, 1980, -978, -9958, 3214, -12057, -16826, -3430, 50325
10458.3, 1838, -978, -9958, 3214, -12057, -16826, -3430, 50294
10464.0, 1801, -1218, -9896, 3226, -11751, -13413, -5241, 50331
10466.3, 495, -1218, -9896, 3226, -11751, -13413, -5241, 50331
10468.5, 149, -1218, -9896, 3226, -11751, -13413, -5241, 50331
10474.3, 1560, -1269, -9851, 3455, -11414, -11375, -7087, 50332
10476.5, 498, -1269, -9851, 3455, -11414, -11375, -7087, 50332
10480.8, 1948, -1267, -9866, 3418, -10797, -10530, -7949, 50332
10484.5, 2073, -1267, -9866, 3418, -10797, -10530, -7949, 50324
10486.8, 1093, -1267, -9866, 3418, -10797, -10530, -7949, 50324
10492.5, 1432, -1146, -9942, 3388, -10543, -10290, -7529, 50296
10496.2, 1349, -1146, -9942, 3388, -10543, -10290, -7529, 50318
10500.5, 1721, -930, -9981, 3410, -9725, -9528, -6448, 50318
10504.2, 1639, -930, -9981, 3410, -9725, -9528, -6448, 50322
10506.5, 328, -930, -9981, 3410, -9725, -9528, -6448, 50322
10510.8, 1474, -887, -9949, 3225, -7918, -8351, -5836, 50322
10514.5, 1613, -887, -9949, 3225, -7918, -8351, -5836, 50317
10516.8, 991, -887, -9949, 3225, -7918, -8351, -5836, 50317
10522.6, 2034, -980, -9845, 2910, -5731, -6181, -6335, 50355
10526.3, 1690, -980, -9845, 2910, -5731, -6181, -6335, 50318
10530.6, 1274, -1037, -9652, 2871, -4033, -3066, -7966, 50318
10534.3, 1224, -1037, -9652, 2871, -4033, -3066, -7966, 50320
10536.6, 409, -1037, -9652, 2871, -4033, -3066, -7966, 50320
10540.9, 1815, -1145, -9620, 2870, -3692, 8, -9235, 50320
10544.7, 1842, -1145, -9620, 2870, -3692, 8, -9235, 50323
10548.9, 1780, -1148, -9718, 2910, -2458, 1168, -9314, 50323
10552.6, 1658, -1148, -9718, 2910, -2458, 1168, -9314, 50313
10556.4, 1553, -1148, -9718, 2910, -2458, 1168, -9314, 50320
10560.7, 1665, -982, -9882, 2992, -555, 1356, -8973, 50320
10564.5, 1805, -982, -9882, 2992, -555, 1356, -8973, 50312
10568.7, 1468, -824, -10039, 2962, 1058, 2961, -9423, 50312
10572.5, 1210, -824, -10039, 2962, 1058, 2961, -9423, 50316
10576.2, 1793, -824, -10039, 2962, 1058, 2961, -9423, 50315
10580.5, 1786, -844, -10138, 2939, 3841, 6698, -10145, 50315
10584.3, 1432, -844, -10138, 2939, 3841, 6698, -10145, 50301
10588.5, 1582, -726, -10125, 3201, 6470, 9476, -11528, 50301
10592.3, 1917, -726, -10125, 3201, 6470, 9476, -11528, 50314
10596.0, 1616, -726, -10125, 3201, 6470, 9476, -11528, 50312
10600.3, 1514, -594, -9958, 3632, 8303, 9117, -13510, 50312
10604.1, 1755, -594, -9958, 3632, 8303, 9117, -13510, 50317
10608.3, 1832, -333, -9725, 3954, 10740, 5866, -15107, 50317
10612.0, 1557, -333, -9725, 3954, 10740, 5866, -15107, 50307
10617.8, 1209, -41, -9443, 3583, 10977, 1614, -14743, 50308
10621.5, 1501, -41, -9443, 3583, 10977, 1614, -14743, 50290
10623.8, 965, -41, -9443, 3583, 10977, 1614, -14743, 50290
10629.5, 1959, 149, -9477, 3188, 12801, 1295, -12433, 50308
10631.8, 843, 149, -9477, 3188, 12801, 1295, -12433, 50308
10637.5, 851, 150, -9728, 3189, 17128, 7393, -9703, 50314
10641.3, 1754, 150, -9728, 3189, 17128, 7393, -9703, 50307
10645.5, 1928, 150, -10088, 2973, 21590, 16100, -7966, 50307
10649.3, 1592, 150, -10088, 2973, 21590, 16100, -7966, 50312
10651.6, 333, 150, -10088, 2973, 21590, 16100, -7966, 50312
10655.8, 1628, -585, -10205, 2593, 24999, 25055, -10679, 50312
10659.6, 1999, -585, -10205, 2593, 24999, 25055, -10679, 50311
10661.8, 1145, -585, -10205, 2593, 24999, 25055, -10679, 50311
10667.6, 1445, -972, -9996, 3424, 28980, 33898, -16774, 50280
10671.3, 1476, -972, -9996, 3424, 28980, 33898, -16774, 50295
10675.6, 1881, -1052, -10033, 4517, 31557, 35744, -20969, 50295
10679.4, 1724, -1052, -10033, 4517, 31557, 35744, -20969, 50306
10681.6, 472, -1052, -10033, 4517, 31557, 35744, -20969, 50306
10685.9, 1472, -995, -9814, 4724, 31929, 29404, -21503, 50306
10689.6, 1884, -995, -9814, 4724, 31929, 29404, -21503, 50299
10693.9, 1894, -995, -9814, 4724, 31929, 23340, -19399, 50299
10697.7, 1396, -995, -9814, 4724, 31929, 23340, -19399, 50226
10701.4, 1249, -995, -9814, 4724, 31929, 23340, -19399, 50304
10705.7, 1211, -625, -9480, 3899, 36999, 21367, -17469, 50304
10709.4, 1385, -625, -9480, 3899, 36999, 21367, -17469, 50288
10713.7, 1973, -625, -9480, 3899, 36999, 23459, -17299, 50288
10717.4, 2039, -625, -9480, 3899, 36999, 23459, -17299, 50288
10721.1, 1984, -625, -9480, 3899, 36999, 23459, -17299, 50261
10725.4, 1868, -573, -9497, 3337, 46410, 29776, -20252, 50261
10729.1, 1173, -573, -9497, 3337, 46410, 29776, -20252, 50277
10733.4, 1090, -573, -9497, 3337, 46410, 35792, -25419, 50277
10737.1, 1669, -573, -9497, 3337, 46410, 35792, -25419, 50282
10740.9, 1801, -573, -9497, 3337, 46410, 35792, -25419, 50271
10745.1, 1017, -265, -9786, 4847, 53962, 37787, -27982, 50271
10748.9, 1196, -265, -9786, 4847, 53962, 37787, -27982, 50311
10753.1, 1791, -265, -9786, 4847, 56657, 37349, -28122, 50311
10756.8, 2186, -265, -9786, 4847, 56657, 37349, -28122, 50268
10760.6, 1812, -265, -9786, 4847, 56657, 37349, -28122, 50298
10764.8, 1788, -16, -9272, 4170, 57672, 37122, -30997, 50298
10768.5, 2147, -16, -9272, 4170, 57672, 37122, -30997, 50270
10772.8, 2032, -16, -9272, 4170, 57672, 40762, -35936, 50270
10776.6, 911, -16, -9272, 4170, 57672, 40762, -35936, 50275
10778.9, 29, -16, -9272, 4170, 57672, 40762, -35936, 50275
10784.6, 1548, 18, -8797, 4193, 63241, 46830, -36068, 50232
10788.3, 1798, 18, -8797, 4193, 63241, 46830, -36068, 50285
10794.1, 2263, 18, -8797, 4193, 67721, 54329, -30231, 50271
10796.3, 1485, 18, -8797, 4193, 67721, 54329, -30231, 50271
10798.6, 1172, 18, -8797, 4193, 67721, 54329, -30231, 50271
10804.3, 1503, -179, -9145, 4324, 71519, 60074, -26009, 50279
10806.6, 143, -179, -9145, 4324, 71519, 60074, -26009, 50279
10810.8, 1446, -173, -9680, 5268, 71519, 60074, -26009, 50279
10814.6, 1396, -173, -9680, 5268, 71519, 60074, -26009, 50264
10816.9, 740, -173, -9680, 5268, 71519, 60074, -26009, 50264
10822.6, 2031, -110, -9889, 6324, 73925, 59063, -28892, 50214
10826.4, 1560, -110, -9889, 6324, 73925, 59063, -28892, 50236
10830.6, 1277, -110, -9719, 6090, 74122, 51892, -34812, 50236
10834.4, 1222, -110, -9719, 6090, 74122, 51892, -34812, 50202
10836.6, 616, -110, -9719, 6090, 74122, 51892, -34812, 50202
10840.9, 1693, -417, -9252, 5313, 75207, 46861, -38172, 50202
10844.7, 1577, -417, -9252, 5313, 75207, 46861, -38172, 50195
10849.0, 1333, -799, -9002, 4549, 77377, 49302, -37454, 50195
10852.7, 1683, -799, -9002, 4549, 77377, 49302, -37454, 50198
10856.4, 1981, -799, -9002, 4549, 77377, 49302, -37454, 50205
10860.7, 1134, -1125, -9214, 4533, 79503, 57895, -34860, 50205
10864.5, 1323, -1125, -9214, 4533, 79503, 57895, -34860, 50208
10868.7, 1995, -1360, -9653, 4916, 81988, 67642, -34584, 50208
10872.5, 1678, -1360, -9653, 4916, 81988, 67642, -34584, 50242
10876.3, 1529, -1360, -9653, 4916, 81988, 67642, -34584, 50207
10880.5, 1610, -1717, -9879, 4960, 85370, 72591, -38124, 50207
10884.3, 1490, -1717, -9879, 4960, 85370, 72591, -38124, 50205
10888.5, 1143, -1789, -9938, 4487, 86276, 72337, -44665, 50205
10892.3, 2101, -1789, -9938, 4487, 86276, 72337, -44665, 50208
10896.0, 2411, -1789, -9938, 4487, 86276, 72337, -44665, 50182
10900.3, 2031, -1952, -9826, 4959, 89557, 71283, -50492, 50182
10904.1, 1082, -1952, -9826, 4959, 89557, 71283, -50492, 50219
10908.3, 1186, -1946, -9908, 5437, 92309, 69183, -52470, 50219
10912.0, 1623, -1946, -9908, 5437, 92309, 69183, -52470, 50222
10915.8, 1640, -1946, -9908, 5437, 92309, 69183, -52470, 50217
10920.0, 1438, -1948, -10143, 5680, 94484, 67201, -52177, 50217
10923.8, 1884, -1948, -10143, 5680, 94484, 67201, -52177, 50243
10928.0, 2030, -1768, -10410, 5893, 96929, 68023, -53371, 50243
10931.7, 1481, -1768, -10410, 5893, 96929, 68023, -53371, 50217
10935.5, 800, -1768, -10410, 5893, 96929, 68023, -53371, 50230
10939.7, 775, -1129, -10441, 6541, 100022, 67288, -58678, 50230
10943.5, 2330, -1129, -10441, 6541, 100022, 67288, -58678, 50220
10949.2, 2158, -32, -9821, 7478, 101571, 57239, -64383, 50228
10951.4, 560, -32, -9821, 7478, 101571, 57239, -64383, 50228
10953.7, 31, -32, -9821, 7478, 101571, 57239, -64383, 50228
10959.7, 1580, 1116, -9104, 7705, 97494, 33893, -65582, 50224
10962.0, 1148, 1116, -9104, 7705, 97494, 33893, -65582, 50224
10967.7, 1398, 1679, -8137, 6944, 98469, 7656, -61272, 50195
10971.5, 1390, 1679, -8137, 6944, 98469, 7656, -61272, 50221
10975.8, 2189, 1234, -7450, 5285, 103116, -4904, -51818, 50221
10979.5, 2036, 1234, -7450, 5285, 103116, -4904, -51818, 50218
10981.8, 565, 1234, -7450, 5285, 103116, -4904, -51818, 50218
10987.5, 1808, 369, -7543, 4509, 108029, 5967, -40193, 50224
10991.2, 2306, 369, -7543, 4509, 108029, 5967, -40193, 50179
10995.5, 1467, -452, -8189, 4795, 114451, 31049, -31911, 50179
10999.2, 633, -452, -8189, 4795, 114451, 31049, -31911, 50218
11001.5, 32, -452, -8189, 4795, 114451, 31049, -31911, 50218
11005.8, 1829, -865, -8968, 5750, 118538, 54600, -32187, 50218
11009.5, 2423, -865, -8968, 5750, 118538, 54600, -32187, 50219
11011.8, 1607, -865, -8968, 5750, 118538, 54600, -32187, 50219
11017.6, 1592, -810, -9477, 7086, 122200, 69161, -40136, 50216
11021.3, 1781, -810, -9477, 7086, 122200, 69161, -40136, 50218
11025.6, 1206, -705, -9312, 7902, 122593, 69996, -50637, 50218
11029.3, 835, -705, -9312, 7902, 122593, 69996, -50637, 50197
11033.6, 1898, -777, -8503, 8249, 122694, 58888, -56950, 50197
11037.3, 1838, -777, -8503, 8249, 122694, 58888, -56950, 50221
11041.1, 2147, -777, -8503, 8249, 122694, 58888, -56950, 50228
11045.3, 1367, -862, -7590, 8268, 121578, 42040, -56162, 50228
11049.0, 1050, -862, -7590, 8268, 121578, 42040, -56162, 50243
11053.2, 2186, -1055, -6972, 7722, 120476, 27125, -51337, 50243
11057.0, 2209, -1055, -6972, 7722, 120476, 27125, -51337, 50267
11060.7, 1342, -1055, -6972, 7722, 120476, 27125, -51337, 50234
11065.0, 723, -1162, -6848, 7524, 120887, 21367, -46633, 50234
11068.7, 1096, -1162, -6848, 7524, 120887, 21367, -46633, 50241
11072.9, 1790, -1122, -7176, 7257, 123171, 25467, -45063, 50241
11076.6, 1583, -1122, -7176, 7257, 123171, 25467, -45063, 50235
11078.9, 613, -1122, -7176, 7257, 123171, 25467, -45063, 50235
11084.6, 1319, -999, -7318, 7513, 126636, 33473, -44437, 50236
11088.3, 1256, -999, -7318, 7513, 126636, 33473, -44437, 50227
11094.0, 1580, -544, -7711, 8021, 127703, 37761, -42897, 50244
11097.8, 1620, -544, -7711, 8021, 127703, 37761, -42897, 50221
11103.5, 1906, 11, -7742, 8737, 128745, 32795, -43278, 50227
11107.2, 870, 11, -7742, 8737, 128745, 32795, -43278, 50230
11113.0, 1997, 244, -7122, 9094, 129904, 19245, -46393, 50218
11116.7, 2117, 244, -7122, 9094, 129904, 19245, -46393, 50233
11121.0, 935, 467, -6095, 8085, 129033, 4121, -48624, 50233
11124.7, 773, 467, -6095, 8085, 129033, 4121, -48624, 50188
11127.0, 463, 467, -6095, 8085, 129033, 4121, -48624, 50188
11132.7, 1916, 300, -5240, 7590, 130840, -2310, -46165, 50232
11136.4, 1574, 300, -5240, 7590, 130840, -2310, -46165, 50239
11140.7, 1498, 194, -4740, 7968, 135460, 813, -38719, 50239
11144.4, 1207, 194, -4740, 7968, 135460, 813, -38719, 50240
11146.7, 51, 194, -4740, 7968, 135460, 813, -38719, 50240
11150.9, 2092, 206, -4789, 8303, 138011, 4895, -30030, 50240
11154.6, 1863, 206, -4789, 8303, 138011, 4895, -30030, 50214
11156.9, 203, 206, -4789, 8303, 138011, 4895, -30030, 50214
11162.7, 504, 250, -4919, 8311, 140746, 4353, -24548, 50251
11166.4, 2722, 250, -4919, 8311, 140746, 4353, -24548, 50249
11170.7, 2153, 309, -5064, 8343, 142596, 4733, -21722, 50249
11174.4, 1043, 309, -5064, 8343, 142596, 4733, -21722, 50246
11176.7, 33, 309, -5064, 8343, 142596, 4733, -21722, 50246
11180.9, 2023, 25, -5039, 8803, 143252, 7923, -21359, 50246
11184.6, 1630, 25, -5039, 8803, 143252, 7923, -21359, 50255
11188.8, 1723, -482, -4744, 8806, 143344, 10797, -23200, 50255
11192.6, 1485, -482, -4744, 8806, 143344, 10797, -23200, 50241
11196.4, 1297, -482, -4744, 8806, 143344, 10797, -23200, 50273
11200.6, 1320, -836, -4419, 8525, 143344, 12608, -24986, 50273
11204.4, 1713, -836, -4419, 8525, 143344, 12608, -24986, 50242
11208.6, 1473, -856, -4089, 9022, 143318, 16406, -25248, 50242
11212.3, 1135, -856, -4089, 9022, 143318, 16406, -25248, 50229
11216.1, 2379, -856, -4089, 9022, 143318, 16406, -25248, 50248
11220.3, 1381, -633, -3823, 9530, 143344, 17880, -24942, 50248
11224.1, 1916, -633, -3823, 9530, 143344, 17880, -24942, 50235
11228.3, 1510, -369, -3466, 9838, 143344, 11943, -24294, 50235
11232.0, 803, -369, -3466, 9838, 143344, 11943, -24294, 50238
11235.7, 1680, -369, -3466, 9838, 143344, 11943, -24294, 50254
11240.0, 1604, -279, -3196, 9605, 143336, 4996, -22037, 50254
11243.7, 1513, -279, -3196, 9605, 143336, 4996, -22037, 50248
11247.9, 1593, -455, -3056, 9546, 143344, -1544, -18615, 50248
11251.7, 1147, -455, -3056, 9546, 143344, -1544, -18615, 50247
11254.0, 43, -455, -3056, 9546, 143344, -1544, -18615, 50247
11259.8, 2540, -298, -2633, 9741, 143344, -4484, -13868, 50206
11263.5, 1964, -298, -2633, 9741, 143344, -4484, -13868, 50239
11267.7, 1058, -65, -2740, 9373, 143344, -7380, -10242, 50239
11271.5, 2003, -65, -2740, 9373, 143344, -7380, -10242, 50237
11273.8, 1380, -65, -2740, 9373, 143344, -7380, -10242, 50237
11279.5, 1257, -116, -2484, 8974, 143344, -7638, -8986, 50233
11281.8, 36, -116, -2484, 8974, 143344, -7638, -8986, 50233
11287.5, 1586, -116, -2484, 8523, 143344, -1859, -10145, 50232
11291.2, 1545, -116, -2484, 8523, 143344, -1859, -10145, 50233
11295.5, 1538, -441, -2454, 8523, 143344, 9345, -12342, 50233
11299.2, 1668, -441, -2454, 8523, 143344, 9345, -12342, 50182
11301.5, 812, -441, -2454, 8523, 143344, 9345, -12342, 50182
11305.8, 1436, -593, -2366, 9436, 143344, 22640, -16668, 50182
11309.5, 1312, -593, -2366, 9436, 143344, 22640, -16668, 50227
11311.8, 454, -593, -2366, 9436, 143344, 22640, -16668, 50227
11317.6, 1493, -680, -2009, 9714, 143344, 29326, -22566, 50197
11321.3, 1440, -680, -2009, 9714, 143344, 29326, -22566, 50215
11325.6, 1954, -680, -2009, 9312, 143344, 27177, -26416, 50215
11329.3, 1230, -680, -2009, 9312, 143344, 27177, -26416, 50225
11331.6, 33, -680, -2009, 9312, 143344, 27177, -26416, 50225
11335.9, 1377, -403, -911, 9937, 143344, 27352, -25782, 50225
11339.7, 1078, -403, -911, 9937, 143344, 27352, -25782, 50213
11343.9, 2037, -403, -911, 9937, 143344, 27352, -25782, 50213
11347.6, 2394, -403, -911, 9937, 143344, 27352, -25782, 50153
11351.4, 1388, -403, -911, 9937, 143344, 27352, -25782, 50208
11355.6, 1380, -600, -531, 9186, 143344, 21897, -17850, 50208
11359.4, 1690, -600, -531, 9186, 143344, 21897, -17850, 50215
11363.6, 1464, -600, -531, 9186, 143344, 21897, -17850, 50215
11367.3, 992, -600, -531, 9186, 143344, 21897, -17850, 50215
11371.1, 1334, -600, -531, 9186, 143344, 21897, -17850, 50230
11375.3, 1964, -475, -363, 9206, 143344, 18327, -15063, 50230
11379.0, 1572, -475, -363, 9206, 143344, 18327, -15063, 50207
11383.2, 2023, -475, -363, 9206, 143344, 18327, -15063, 50207
11386.9, 1566, -475, -363, 9206, 143344, 18327, -15063, 50197
11390.7, 754, -475, -363, 9206, 143344, 18327, -15063, 50205
11394.9, 1653, -646, 806, 9128, 143344, 22107, -21310, 50205
11398.7, 1419, -646, 806, 9128, 143344, 22107, -21310, 50199
11402.9, 1363, -646, 806, 9128, 143344, 22107, -21310, 50199
11406.6, 1930, -646, 806, 9128, 143344, 22107, -21310, 50206
11408.9, 1317, -646, 806, 9128, 143344, 22107, -21310, 50206
11414.6, 852, -666, 1664, 8505, 140116, 28398, -22710, 50194
11418.3, 1127, -666, 1664, 8505, 140116, 28398, -22710, 50192
11424.0, 1883, -666, 1664, 9099, 134747, 33429, -19477, 50207
11427.8, 2519, -666, 1664, 9099, 134747, 33429, -19477, 50186
11433.5, 1082, -325, 1870, 9099, 134747, 33429, -19477, 50177
11435.8, 32, -325, 1870, 9099, 134747, 33429, -19477, 50177
11438.1, 19, -325, 1870, 9099, 134747, 33429, -19477, 50177
11443.8, 2313, -38, 1829, 8580, 132376, 28267, -15277, 49948
11446.1, 1860, -38, 1829, 8580, 132376, 28267, -15277, 49948
11448.3, 1332, -38, 1829, 8580, 132376, 28267, -15277, 49948
11454.1, 443, -123, 1880, 8735, 134835, 20834, -11488, 49956
11456.3, 17, -123, 1880, 8735, 134835, 20834, -11488, 49956
11460.6, 1658, -238, 2109, 7765, 138164, 14192, -8198, 49956
11464.3, 1807, -238, 2109, 7765, 138164, 14192, -8198, 49919
11466.6, 708, -238, 2109, 7765, 138164, 14192, -8198, 49919
11470.8, 1455, -486, 1938, 8652, 137184, 13348, -6768, 49919
11474.6, 1054, -486, 1938, 8652, 137184, 13348, -6768, 49932
11476.8, 33, -486, 1938, 8652, 137184, 13348, -6768, 49932
11482.6, 2015, -751, 1682, 8016, 141187, 3640, -7931, 49907
11486.3, 1957, -751, 1682, 8016, 141187, 3640, -7931, 49867
11490.6, 1454, -496, 1895, 7596, 143196, -7083, -12980, 49867
11494.3, 1514, -496, 1895, 7596, 143196, -7083, -12980, 49882
11496.6, 427, -496, 1895, 7596, 143196, -7083, -12980, 49882
11500.9, 1595, -607, 2312, 8017, 143344, -6877, -18825, 49882
11504.7, 1316, -607, 2312, 8017, 143344, -6877, -18825, 49902
11508.9, 1253, -1003, 2857, 7001, 143344, -10018, -23222, 49902
11512.7, 1363, -1003, 2857, 7001, 143344, -10018, -23222, 49863
11516.5, 1197, -1003, 2857, 7001, 143344, -10018, -23222, 49856
11520.7, 1178, -1422, 3555, 7253, 143344, -5276, -25970, 49856
11524.5, 1972, -1422, 3555, 7253, 143344, -5276, -25970, 49836
11528.7, 2221, -1874, 3677, 8002, 138024, 6033, -32454, 49836
11532.5, 1636, -1874, 3677, 8002, 138024, 6033, -32454, 49808
11536.2, 1421, -1874, 3677, 8002, 138024, 6033, -32454, 49817
11540.5, 936, -1887, 3738, 7776, 134310, 9209, -35914, 49817
11544.3, 1417, -1887, 3738, 7776, 134310, 9209, -35914, 49828
11548.5, 2083, -1785, 3824, 8679, 130670, 8614, -31373, 49828
11552.3, 1642, -1785, 3824, 8679, 130670, 8614, -31373, 49794
11556.0, 1688, -1785, 3824, 8679, 130670, 8614, -31373, 49786
11560.3, 1167, -1211, 3823, 8742, 123972, 2310, -26272, 49786
11564.1, 1190, -1211, 3823, 8742, 123972, 2310, -26272, 49775
11568.3, 1384, -834, 4307, 8236, 110492, -3797, -26197, 49775
11572.0, 2095, -834, 4307, 8236, 110492, -3797, -26197, 49729
11575.8, 1473, -834, 4307, 8236, 110492, -3797, -26197, 49760
11580.1, 1344, -339, 4797, 8332, 95424, -2821, -28144, 49760
11583.9, 1694, -339, 4797, 8332, 95424, -2821, -28144, 49742
11588.1, 1566, -46, 4937, 7837, 83725, -3526, -27304, 49742
11591.9, 967, -46, 4937, 7837, 83725, -3526, -27304, 49724
11597.6, 1532, 250, 5034, 6620, 79770, -7035, -22592, 49730
11601.3, 1270, 250, 5034, 6620, 79770, -7035, -22592, 49711
11605.6, 1640, 555, 4974, 6303, 79635, -245, -16069, 49711
11609.4, 2041, 555, 4974, 6303, 79635, -245, -16069, 49702
11611.7, 626, 555, 4974, 6303, 79635, -245, -16069, 49702
11615.9, 1188, 320, 4475, 6226, 81236, 7612, -9734, 49702
11619.6, 1360, 320, 4475, 6226, 81236, 7612, -9734, 49701
11621.9, 175, 320, 4475, 6226, 81236, 7612, -9734, 49701
11627.6, 1374, 129, 4177, 6489, 83152, 11681, -6440, 49697
11631.3, 1417, 129, 4177, 6489, 83152, 11681, -6440, 49679
11635.6, 1321, -241, 4260, 6722, 81590, 17544, -6575, 49679
11639.4, 1761, -241, 4260, 6722, 81590, 17544, -6575, 49658
11641.6, 983, -241, 4260, 6722, 81590, 17544, -6575, 49658
11645.9, 1317, -696, 4569, 7032, 78370, 18375, -7984, 49658
11649.6, 1190, -696, 4569, 7032, 78370, 18375, -7984, 49669
11651.9, 268, -696, 4569, 7032, 78370, 18375, -7984, 49669
11657.6, 1601, -1166, 5129, 7233, 75710, 15912, -8111, 49663
11661.3, 1214, -1166, 5129, 7233, 75710, 15912, -8111, 49665
11665.6, 1197, -1798, 5653, 7427, 70408, 12573, -7341, 49665
11669.4, 1132, -1798, 5653, 7427, 70408, 12573, -7341, 49666
11673.6, 1996, -2035, 6046, 7385, 60424, 12967, -8741, 49666
11677.3, 2201, -2035, 6046, 7385, 60424, 12967, -8741, 49657
11681.1, 1375, -2035, 6046, 7385, 60424, 12967, -8741, 49648
11685.3, 1445, -2058, 6599, 7998, 48462, 18016, -8811, 49648
11689.1, 1399, -2058, 6599, 7998, 48462, 18016, -8811, 49663
11693.3, 1291, -1563, 6387, 7815, 35175, 20694, -6300, 49663
11697.0, 1318, -1563, 6387, 7815, 35175, 20694, -6300, 49647
11700.7, 1310, -1563, 6387, 7815, 35175, 20694, -6300, 49649
11705.0, 1443, -1387, 6050, 7430, 26337, 17613, -5674, 49649
11708.7, 1439, -1387, 6050, 7430, 26337, 17613, -5674, 49631
11712.9, 1407, -1301, 5089, 6411, 26136, 6129, -5425, 49631
11716.7, 1332, -1301, 5089, 6411, 26136, 6129, -5425, 49632
11719.0, 49, -1301, 5089, 6411, 26136, 6129, -5425, 49632
11724.8, 1265, -1158, 4890, 5530, 28691, -3303, -5713, 49620
11728.5, 1285, -1158, 4890, 5530, 28691, -3303, -5713, 49628
11732.7, 1408, -1202, 5014, 5295, 28302, -118, -6238, 49628
11736.5, 1509, -1202, 5014, 5295, 28302, -118, -6238, 49600
11738.8, 76, -1202, 5014, 5295, 28302, -118, -6238, 49600
11744.5, 1301, -1448, 5419, 6141, 26981, 6671, -4383, 49619
11748.3, 1470, -1448, 5419, 6141, 26981, 6671, -4383, 49589
11754.0, 1248, -1685, 5773, 6862, 27886, 8155, -1260, 49582
11757.7, 1252, -1685, 5773, 6862, 27886, 8155, -1260, 49579
11763.5, 1310, -2041, 6270, 7264, 27094, 7411, -91, 49579
11765.7, 42, -2041, 6270, 7264, 27094, 7411, -91, 49579
11768.0, 8, -2041, 6270, 7264, 27094, 7411, -91, 49579
11773.7, 1282, -2464, 6433, 7427, 23389, 4838, -1470, 49569
11775.9, 39, -2464, 6433, 7427, 23389, 4838, -1470, 49569
11780.2, 1401, -2533, 6803, 7125, 17360, 4392, -5796, 49569
11784.0, 1300, -2533, 6803, 7125, 17360, 4392, -5796, 49544
11786.2, 41, -2533, 6803, 7125, 17360, 4392, -5796, 49544
11790.5, 1334, -2443, 7158, 7204, 9192, 5241, -8163, 49544
11794.2, 1294, -2443, 7158, 7204, 9192, 5241, -8163, 49574
11796.5, 39, -2443, 7158, 7204, 9192, 5241, -8163, 49574
11800.8, 1230, -2227, 6495, 6989, 3412, 839, -6006, 49574
11804.5, 1175, -2227, 6495, 6989, 3412, 839, -6006, 49578
11806.8, 31, -2227, 6495, 6989, 3412, 839, -6006, 49578
11812.6, 1377, -1437, 7249, 6092, 5613, 3071, -6825, 49577
11816.3, 1185, -1437, 7249, 6092, 5613, 3071, -6825, 49583
11820.6, 1186, -1362, 7601, 7017, -1019, 3031, -4550, 49583
11824.3, 1153, -1362, 7601, 7017, -1019, 3031, -4550, 49642
11826.6, 31, -1362, 7601, 7017, -1019, 3031, -4550, 49642
11830.9, 1246, -1227, 7605, 7019, -1583, 3570, 3167, 49642
11834.7, 1486, -1227, 7605, 7019, -1583, 3570, 3167, 49673
11838.9, 1170, -1360, 7295, 6777, -1522, 3456, 8745, 49673
11842.6, 1162, -1360, 7295, 6777, -1522, 3456, 8745, 49699
11846.4, 1275, -1360, 7295, 6777, -1522, 3456, 8745, 49717
11850.6, 1257, -1674, 7084, 6632, -3609, 6094, 9918, 49717
11854.4, 1184, -1674, 7084, 6632, -3609, 6094, 9918, 49729
11858.6, 1224, -1868, 7192, 5986, -7958, 10294, 8058, 49729
11862.3, 1184, -1868, 7192, 5986, -7958, 10294, 8058, 49740
11866.1, 1166, -1868, 7192, 5986, -7958, 10294, 8058, 49747
11870.3, 1242, -2178, 7317, 6074, -14455, 11585, 6973, 49747
11874.0, 1211, -2178, 7317, 6074, -14455, 11585, 6973, 49743
11878.2, 1135, -2074, 7633, 6273, -17443, 12280, 9848, 49743
11882.0, 1115, -2074, 7633, 6273, -17443, 12280, 9848, 49757
11885.7, 1184, -2074, 7633, 6273, -17443, 12280, 9848, 49758
11890.0, 1154, -1737, 7935, 6948, -20654, 17088, 15465, 49758
11893.7, 1216, -1737, 7935, 6948, -20654, 17088, 15465, 49749
11897.9, 1182, -1747, 7657, 7033, -24920, 18082, 19714, 49749
11901.6, 1120, -1747, 7657, 7033, -24920, 18082, 19714, 49757
11903.9, 34, -1747, 7657, 7033, -24920, 18082, 19714, 49757
11909.6, 1208, -2032, 7032, 6239, -27681, 13357, 21131, 49768
11913.3, 1128, -2032, 7032, 6239, -27681, 13357, 21131, 49766
11919.0, 1317, -2231, 6607, 6150, -27173, 9852, 19954, 49761
11921.3, 42, -2231, 6607, 6150, -27173, 9852, 19954, 49761
11923.5, 7, -2231, 6607, 6150, -27173, 9852, 19954, 49761
11929.3, 1241, -2112, 6624, 6393, -26316, 11322, 17802, 49772
11931.5, 36, -2112, 6624, 6393, -26316, 11322, 17802, 49772
11935.8, 1146, -2112, 6624, 6393, -26316, 12188, 16502, 49772
11939.6, 1117, -2112, 6624, 6393, -26316, 12188, 16502, 49778
11941.9, 32, -2112, 6624, 6393, -26316, 12188, 16502, 49778
11947.6, 1263, -2079, 6834, 6617, -34821, 11309, 17351, 49775
11951.3, 1111, -2079, 6834, 6617, -34821, 11309, 17351, 49775
11955.6, 1131, -1931, 6801, 6409, -34821, 16249, 19753, 49775
11959.4, 1095, -1931, 6801, 6409, -34821, 16249, 19753, 49462
11961.7, 33, -1931, 6801, 6409, -34821, 16249, 19753, 49462
11965.9, 1093, -1741, 6541, 6086, -37804, 22942, 19954, 49462
11969.7, 1121, -1741, 6541, 6086, -37804, 22942, 19954, 49401
11972.0, 34, -1741, 6541, 6086, -37804, 22942, 19954, 49401
11977.7, 1224, -1610, 6353, 7186, -39121, 28560, 19092, 49379
11981.4, 1072, -1610, 6353, 7186, -39121, 28560, 19092, 49368
11985.7, 1060, -1509, 6353, 7186, -39327, 29107, 18882, 49368
11989.5, 1081, -1509, 6353, 7186, -39327, 29107, 18882, 49355
11993.7, 1050, -1769, 6360, 8247, -39327, 29107, 18882, 49355
11997.5, 1062, -1769, 6360, 8247, -39327, 29107, 18882, 49357
12001.2, 1084, -1769, 6360, 8247, -39327, 29107, 18882, 49365
12005.5, 1139, -1977, 6159, 7874, -46699, 15859, 22374, 49365
12009.3, 1108, -1977, 6159, 7874, -46699, 15859, 22374, 49367
12013.5, 1064, -2164, 5715, 7054, -46699, 15859, 22374, 49367
12017.3, 1051, -2164, 5715, 7054, -46699, 15859, 22374, 49370
12021.0, 1112, -2164, 5715, 7054, -46699, 15859, 22374, 49364
12025.3, 1175, -2255, 5388, 6097, -50291, 5621, 26456, 49364
12029.1, 1090, -2255, 5388, 6097, -50291, 5621, 26456, 49396
12033.3, 1063, -1785, 5228, 6097, -50291, 5621, 26456, 49396
12037.0, 1050, -1785, 5228, 6097, -50291, 5621, 26456, 49382
12040.8, 1171, -1785, 5228, 6097, -50291, 5621, 26456, 49377
12045.1, 1182, -1177, 5689, 7115, -64545, 21520, 27361, 49377
12048.9, 1047, -1177, 5689, 7115, -64545, 21520, 27361, 49364
12053.1, 1148, -626, 5788, 7115, -64545, 21520, 27361, 49364
12056.9, 1122, -626, 5788, 7115, -64545, 21520, 27361, 49359
12060.6, 1173, -626, 5788, 7115, -64545, 21520, 27361, 49383
12064.9, 1222, -429, 5609, 7158, -71689, 33622, 33149, 49383
12068.6, 1081, -429, 5609, 7158, -71689, 33622, 33149, 49385
12072.8, 1233, -358, 5609, 7158, -71689, 33622, 33149, 49385
12076.5, 1129, -358, 5609, 7158, -71689, 33622, 33149, 49332
12078.8, 37, -358, 5609, 7158, -71689, 33622, 33149, 49332
12084.5, 1301, -784, 5061, 8018, -71554, 39406, 35039, 49406
12086.8, 51, -784, 5061, 8018, -71554, 39406, 35039, 49406
12092.5, 1313, -1590, 4781, 7394, -73864, 36186, 34996, 49381
12096.3, 1091, -1590, 4781, 7394, -73864, 36186, 34996, 49386
12100.5, 1202, -2100, 4870, 6717, -79910, 28074, 34755, 49386
12104.3, 1234, -2100, 4870, 6717, -79910, 28074, 34755, 49345
12106.6, 57, -2100, 4870, 6717, -79910, 28074, 34755, 49345
12110.8, 1227, -2394, 4630, 6960, -84810, 25497, 35464, 49345
12114.6, 1437, -2394, 4630, 6960, -84810, 25497, 35464, 49393
12116.8, 107, -2394, 4630, 6960, -84810, 25497, 35464, 49393
12122.6, 1163, -2163, 4710, 7159, -93709, 26871, 32996, 49391
12126.3, 1255, -2163, 4710, 7159, -93709, 26871, 32996, 49391
12130.6, 1375, -1825, 4721, 6759, -100167, 23695, 30607, 49391
12134.4, 1213, -1825, 4721, 6759, -100167, 23695, 30607, 49427
12136.7, 50, -1825, 4721, 6759, -100167, 23695, 30607, 49427
12140.9, 1221, -1445, 4875, 7198, -102739, 28354, 32038, 49427
12144.6, 1104, -1445, 4875, 7198, -102739, 28354, 32038, 49384
12148.9, 1436, -1441, 4587, 8017, -107377, 36299, 35840, 49384
12152.6, 1991, -1441, 4587, 8017, -107377, 36299, 35840, 49379
12156.4, 1410, -1441, 4587, 8017, -107377, 36299, 35840, 49371
12160.7, 1193, -1572, 4042, 7952, -113340, 37231, 39253, 49371
12164.4, 1181, -1572, 4042, 7952, -113340, 37231, 39253, 49350
12168.6, 1212, -1545, 3479, 7884, -115515, 31872, 40044, 49350
12172.4, 1289, -1545, 3479, 7884, -115515, 31872, 40044, 49378
12176.1, 1323, -1545, 3479, 7884, -115515, 31872, 40044, 49369
12180.4, 1358, -1770, 3081, 8926, -117103, 31920, 37809, 49369
12184.2, 1234, -1770, 3081, 8926, -117103, 31920, 37809, 49375
12188.4, 1413, -1908, 3103, 7842, -126719, 25725, 35018, 49375
12192.1, 1280, -1908, 3103, 7842, -126719, 25725, 35018, 49365
12195.9, 1212, -1908, 3103, 7842, -126719, 25725, 35018, 49356
12200.1, 1129, -1736, 3430, 6969, -139962, 18248, 34064, 49356
12203.9, 1220, -1736, 3430, 6969, -139962, 18248, 34064, 49343
12208.1, 1942, -1713, 3306, 7045, -143344, 20120, 36194, 49343
12211.8, 1715, -1713, 3306, 7045, -143344, 20120, 36194, 49376
12215.6, 1329, -1713, 3306, 7045, -143344, 20120, 36194, 49372
12219.8, 1139, -1485, 2880, 7567, -143344, 23756, 38894, 49372
12223.5, 1473, -1485, 2880, 7567, -143344, 23756, 38894, 49379
12227.8, 1417, -1469, 2090, 8769, -133185, 24342, 40259, 49379
12231.5, 1184, -1469, 2090, 8769, -133185, 24342, 40259, 49373
12233.8, 39, -1469, 2090, 8769, -133185, 24342, 40259, 49373
12239.6, 1312, -1536, 995, 9620, -112216, 17872, 41886, 49375
12243.3, 1548, -1536, 995, 9620, -112216, 17872, 41886, 49379
12249.0, 1629, -2247, 393, 8723, -99747, 3110, 42783, 49390
12251.3, 104, -2247, 393, 8723, -99747, 3110, 42783, 49390
12253.6, 9, -2247, 393, 8723, -99747, 3110, 42783, 49390
12259.3, 1325, -2999, 2, 7905, -102735, -13252, 40972, 49391
12261.6, 58, -2999, 2, 7905, -102735, -13252, 40972, 49391
12265.8, 1195, -3153, 584, 8225, -122501, -15513, 36457, 49391
12269.6, 1215, -3153, 584, 8225, -122501, -15513, 36457, 49359
12271.9, 55, -3153, 584, 8225, -122501, -15513, 36457, 49359
12277.6, 1820, -2462, 1199, 9562, -139647, -3696, 29947, 49428
12281.4, 1660, -2462, 1199, 9562, -139647, -3696, 29947, 49413
12285.6, 1327, -1354, 1509, 10085, -143344, 196, 27029, 49413
12289.4, 1369, -1354, 1509, 10085, -143344, 196, 27029, 49421
12291.6, 251, -1354, 1509, 10085, -143344, 196, 27029, 49421
12295.9, 1214, -195, 1313, 9050, -143344, -16362, 28367, 49421
12299.7, 1329, -195, 1313, 9050, -143344, -16362, 28367, 49423
12303.9, 1304, 269, 1548, 8607, -141844, -24837, 29496, 49423
12307.7, 1272, 269, 1548, 8607, -141844, -24837, 29496, 49458
12311.4, 1368, 269, 1548, 8607, -141844, -24837, 29496, 49453
12315.7, 1456, -569, 1362, 8128, -142846, -12140, 28451, 49453
12319.5, 1447, -569, 1362, 8128, -142846, -12140, 28451, 49453
12323.7, 1588, -999, 315, 6482, -143344, 844, 29089, 49453
12327.5, 1351, -999, 315, 6482, -143344, 844, 29089, 49490
12331.3, 1384, -999, 315, 6482, -143344, 844, 29089, 49485
12335.5, 1237, -1119, -878, 6982, -143344, 11825, 34173, 49485
12339.3, 1207, -1119, -878, 6982, -143344, 11825, 34173, 49490
12343.5, 1508, -803, -1527, 9013, -143344, 24439, 38395, 49490
12347.3, 1608, -803, -1527, 9013, -143344, 24439, 38395, 49495
12351.3, 1350, -803, -1527, 9013, -143344, 24439, 38395, 49515
12355.6, 1269, -1132, -2240, 9810, -143344, 35009, 36859, 49515
12359.4, 1288, -1132, -2240, 9810, -143344, 35009, 36859, 49427
12363.6, 1453, -2027, -2879, 9209, -143344, 28626, 30542, 49427
12367.4, 1340, -2027, -2879, 9209, -143344, 28626, 30542, 49522
12371.2, 1386, -2027, -2879, 9209, -143344, 28626, 30542, 49522
12375.5, 1257, -2649, -3044, 9449, -136769, 16157, 22592, 49522
12379.2, 1273, -2649, -3044, 9449, -136769, 16157, 22592, 49525
12383.4, 1284, -3107, -2841, 10029, -130324, 3911, 11799, 49525
12387.2, 1175, -3107, -2841, 10029, -130324, 3911, 11799, 49530
12392.9, 1608, -3001, -1953, 10395, -130967, -6689, 1461, 49554
12396.6, 1816, -3001, -1953, 10395, -130967, -6689, 1461, 49562
12398.9, 590, -3001, -1953, 10395, -130967, -6689, 1461, 49562
12404.6, 1415, -2539, -1090, 10091, -140417, -17185, -2891, 49565
12406.9, 69, -2539, -1090, 10091, -140417, -17185, -2891, 49565
12412.6, 1313, -1961, -573, 10549, -143344, -22439, 686, 49365
12416.4, 1340, -1961, -573, 10549, -143344, -22439, 686, 49643
12420.6, 1744, -1873, -508, 9601, -143344, -27777, 7975, 49643
12424.4, 1421, -1873, -508, 9601, -143344, -27777, 7975, 49629
12426.7, 179, -1873, -508, 9601, -143344, -27777, 7975, 49629
12430.9, 1379, -1706, -1492, 9023, -140833, -35263, 14665, 49629
12434.7, 1367, -1706, -1492, 9023, -140833, -35263, 14665, 49635
12437.0, 100, -1706, -1492, 9023, -140833, -35263, 14665, 49635
12442.7, 1244, -1311, -2209, 9908, -126688, -34571, 17880, 49649
12446.4, 1467, -1311, -2209, 9908, -126688, -34571, 17880, 49648
12450.7, 1754, -1065, -2803, 9741, -126251, -32371, 14660, 49648
12454.5, 1447, -1065, -2803, 9741, -126251, -32371, 14660, 49373
12456.7, 123, -1065, -2803, 9741, -126251, -32371, 14660, 49373
12461.0, 1226, -1161, -3114, 9212, -127143, -29579, 9826, 49373
12464.8, 1192, -1161, -3114, 9212, -127143, -29579, 9826, 49694
12469.1, 1788, -1161, -3004, 9017, -127992, -28197, 7135, 49694
12472.8, 1437, -1161, -3004, 9017, -127992, -28197, 7135, 49689
12476.6, 1447, -1161, -3004, 9017, -127992, -28197, 7135, 49713
12480.8, 1534, -1601, -2630, 9388, -128333, -27554, 6365, 49713
12484.5, 1361, -1601, -2630, 9388, -128333, -27554, 6365, 49732
12488.8, 1182, -1601, -1996, 9715, -133894, -25847, 6540, 49732
12492.5, 1447, -1601, -1996, 9715, -133894, -25847, 6540, 49737
12496.3, 1629, -1601, -1996, 9715, -133894, -25847, 6540, 49764
12500.6, 1383, -1798, -1604, 9554, -141354, -23305, 7280, 49764
12504.3, 1364, -1798, -1604, 9554, -141354, -23305, 7280, 50148
12508.5, 1207, -1523, -1651, 9661, -141126, -27982, 9717, 50148
12512.3, 1266, -1523, -1651, 9661, -141126, -27982, 9717, 50157
12516.0, 1427, -1523, -1651, 9661, -141126, -27982, 9717, 50181
12520.3, 1542, -879, -1542, 10178, -137762, -33403, 13457, 50181
12524.1, 1465, -879, -1542, 10178, -137762, -33403, 13457, 50168
12528.3, 1036, -192, -1469, 10806, -141135, -34042, 17618, 50168
12532.0, 1321, -192, -1469, 10806, -141135, -34042, 17618, 50180
12535.8, 1927, -192, -1469, 10806, -141135, -34042, 17618, 50198
12540.1, 1624, -65, -1688, 9270, -143161, -32301, 24312, 50198
12543.9, 1194, -65, -1688, 9270, -143161, -32301, 24312, 50214
12548.1, 1217, -232, -2809, 8273, -143344, -29776, 32231, 50214
12551.8, 1281, -232, -2809, 8273, -143344, -29776, 32231, 50230
12555.6, 1536, -232, -2809, 8273, -143344, -29776, 32231, 50219
12559.8, 1575, -644, -3707, 6334, -143344, -25847, 39218, 50219
12563.6, 1332, -644, -3707, 6334, -143344, -25847, 39218, 50244
12567.8, 1309, -853, -5419, 5815, -143344, -17981, 41278, 50244
12571.5, 1291, -853, -5419, 5815, -143344, -17981, 41278, 50252
12575.7, 1501, -853, -5419, 5815, -143344, -17981, 41278, 50252
12579.5, 1543, -853, -5419, 5815, -143344, -17981, 41278, 50269
12581.8, 138, -853, -5419, 5815, -143344, -17981, 41278, 50269
12587.5, 1296, -805, -6713, 7371, -135605, -6431, 37559, 50198
12591.3, 1470, -805, -6713, 7371, -135605, -6431, 37559, 50274
12595.5, 1606, -723, -7376, 8833, -133439, 1518, 30411, 50274
12599.3, 1594, -723, -7376, 8833, -133439, 1518, 30411, 50272
12601.6, 120, -723, -7376, 8833, -133439, 1518, 30411, 50272
12605.8, 1327, -943, -7554, 8646, -134935, 1080, 25349, 50272
12609.6, 1467, -943, -7554, 8646, -134935, 1080, 25349, 50286
12611.8, 198, -943, -7554, 8646, -134935, 1080, 25349, 50286
12617.6, 1441, -1106, -7738, 8298, -133907, -9467, 25152, 50298
12621.3, 1297, -1106, -7738, 8298, -133907, -9467, 25152, 50322
12625.6, 1456, -1702, -7938, 7472, -133907, -9467, 23354, 50322
12629.4, 1618, -1702, -7938, 7472, -133907, -9467, 23354, 50307
12631.7, 449, -1702, -7938, 7472, -133907, -9467, 23354, 50307
12635.9, 1301, -1829, -8161, 7104, -129099, -13265, 15500, 50307
12639.6, 1130, -1829, -8161, 7104, -129099, -13265, 15500, 50306
12643.8, 1525, -1803, -8366, 8300, -129099, -13265, 15500, 50306
12647.6, 1511, -1803, -8366, 8300, -129099, -13265, 15500, 50316
12651.4, 1182, -1803, -8366, 8300, -129099, -13265, 15500, 50330
12655.6, 1135, -1832, -7972, 8251, -129055, -5022, 5372, 50330
12659.4, 1623, -1832, -7972, 8251, -129055, -5022, 5372, 50331
12663.6, 1876, -1962, -7829, 7008, -129055, -5022, 5372, 50331
12667.4, 1502, -1962, -7829, 7008, -129055, -5022, 5372, 50352
12671.1, 1185, -1962, -7829, 7008, -129055, -5022, 5372, 50337
12675.4, 1466, -1838, -8349, 7279, -121014, -3128, 21271, 50337
12679.2, 1258, -1838, -8349, 7279, -121014, -3128, 21271, 50339
12683.4, 1298, -1391, -9270, 8086, -121014, -3128, 21271, 50339
12687.1, 1470, -1391, -9270, 8086, -121014, -3128, 21271, 50347
12690.9, 1565, -1391, -9270, 8086, -121014, -3128, 21271, 50355
12695.2, 1361, -1070, -9732, 7012, -112351, -25060, 4541, 50355
12698.9, 1370, -1070, -9732, 7012, -112351, -25060, 4541, 50375
12703.1, 1401, -948, -9650, 5969, -112351, -25060, 4541, 50375
12706.8, 1393, -948, -9650, 5969, -112351, -25060, 4541, 50411
12710.6, 1306, -948, -9650, 5969, -112351, -25060, 4541, 50405
12714.8, 1643, -981, -9240, 5654, -104966, -19626, -4217, 50405
12718.6, 1671, -981, -9240, 5654, -104966, -19626, -4217, 50406
12722.9, 1275, -1079, -8732, 5849, -104966, -19626, -4217, 50406
12726.6, 1066, -1079, -8732, 5849, -104966, -19626, -4217, 50423
12730.9, 1366, -1214, -8258, 6988, -101046, -9975, -1605, 50423
12734.7, 1666, -1214, -8258, 6988, -101046, -9975, -1605, 50421
12737.0, 817, -1214, -8258, 6988, -101046, -9975, -1605, 50421
12742.7, 1500, -1513, -7817, 7473, -96925, -3421, 3023, 50420
12746.4, 1100, -1513, -7817, 7473, -96925, -3421, 3023, 50388
12750.7, 1354, -1655, -7840, 7680, -96772, -3994, 6759, 50388
12754.5, 1495, -1655, -7840, 7680, -96772, -3994, 6759, 50407
12756.7, 416, -1655, -7840, 7680, -96772, -3994, 6759, 50407
12761.0, 1554, -1685, -7868, 8410, -94777, -10657, 7345, 50407
12764.8, 1183, -1685, -7868, 8410, -94777, -10657, 7345, 50403
12767.0, 60, -1685, -7868, 8410, -94777, -10657, 7345, 50403
12772.8, 1650, -1563, -7892, 8242, -95262, -22789, 4615, 50394
12776.5, 1443, -1563, -7892, 8242, -95262, -22789, 4615, 50230
12780.8, 1452, -1488, -7664, 7414, -94532, -32397, 2235, 50230
12784.5, 1458, -1488, -7664, 7414, -94532, -32397, 2235, 50402
12786.8, 485, -1488, -7664, 7414, -94532, -32397, 2235, 50402
12791.0, 1575, -1416, -7051, 6172, -95494, -34843, 4523, 50402
12794.8, 1531, -1416, -7051, 6172, -95494, -34843, 4523, 50416
12799.0, 1383, -1203, -6937, 6510, -94890, -30275, 11108, 50416
12802.8, 1365, -1203, -6937, 6510, -94890, -30275, 11108, 50415
12806.5, 1395, -1203, -6937, 6510, -94890, -30275, 11108, 50453
12810.8, 1359, -974, -7048, 6653, -93547, -26394, 18353, 50453
12814.5, 1362, -974, -7048, 6653, -93547, -26394, 18353, 50423
12818.7, 1551, -833, -7424, 6190, -91753, -23664, 24688, 50423
12822.5, 1687, -833, -7424, 6190, -91753, -23664, 24688, 50428
12826.3, 1691, -833, -7424, 6190, -91753, -23664, 24688, 50426
12830.5, 1390, -973, -8028, 6148, -91417, -22002, 28941, 50426
12834.3, 1352, -973, -8028, 6148, -91417, -22002, 28941, 50423
12838.5, 1280, -1133, -8614, 6949, -89002, -22260, 29802, 50423
12842.3, 1460, -1133, -8614, 6949, -89002, -22260, 29802, 50414
12846.0, 1683, -1133, -8614, 6949, -89002, -22260, 29802, 50409
12850.3, 1765, -1332, -8955, 6372, -86915, -26079, 27654, 50409
12854.1, 1212, -1332, -8955, 6372, -86915, -26079, 27654, 50381
12858.3, 1197, -1579, -8894, 5490, -88568, -29606, 24032, 50381
12862.0, 1464, -1579, -8894, 5490, -88568, -29606, 24032, 50390
12865.8, 1587, -1579, -8894, 5490, -88568, -29606, 24032, 50392
12870.1, 1655, -1841, -8643, 5064, -88087, -30428, 21367, 50392
12873.9, 1519, -1841, -8643, 5064, -88087, -30428, 21367, 50379
12878.1, 1165, -1886, -8441, 3758, -89290, -31649, 21582, 50379
12881.8, 1420, -1886, -8441, 3758, -89290, -31649, 21582, 50379
12887.6, 1674, -1584, -8563, 4050, -86285, -28586, 24360, 50376
12891.3, 1492, -1584, -8563, 4050, -86285, -28586, 24360, 50365
12893.6, 227, -1584, -8563, 4050, -86285, -28586, 24360, 50365
12899.3, 1553, -1486, -8877, 4613, -81533, -23502, 29864, 50385
12901.6, 573, -1486, -8877, 4613, -81533, -23502, 29864, 50385
12905.8, 1887, -1275, -9519, 4465, -80081, -20772, 34681, 50385
12909.6, 1640, -1275, -9519, 4465, -80081, -20772, 34681, 50394
12911.9, 411, -1275, -9519, 4465, -80081, -20772, 34681, 50394
12917.6, 1214, -1092, -10197, 4488, -76410, -18178, 36028, 50398
12921.3, 1284, -1092, -10197, 4488, -76410, -18178, 36028, 50400
12925.5, 1716, -1074, -10849, 3950, -69935, -15395, 34506, 50400
12929.3, 1759, -1074, -10849, 3950, -69935, -15395, 34506, 50391
12931.6, 714, -1074, -10849, 3950, -69935, -15395, 34506, 50391
12935.8, 1385, -1398, -11006, 2670, -63635, -13431, 29732, 50391
12939.6, 1020, -1398, -11006, 2670, -63635, -13431, 29732, 50351
12941.9, 54, -1398, -11006, 2670, -63635, -13431, 29732, 50351
12947.6, 1836, -1873, -10891, 2553, -57134, -10657, 20816, 50386
12951.3, 1475, -1873, -10891, 2553, -57134, -10657, 20816, 50384
12955.6, 1352, -2354, -10439, 2466, -52688, -9983, 10732, 50384
12959.4, 1620, -2354, -10439, 2466, -52688, -9983, 10732, 50373
12963.6, 1693, -2358, -9916, 3434, -48957, -11068, 3955, 50373
12967.3, 1377, -2358, -9916, 3434, -48957, -11068, 3955, 50338
12971.1, 1476, -2358, -9916, 3434, -48957, -11068, 3955, 50357
12975.4, 1695, -2277, -9728, 4669, -45338, -15824, 4213, 50357
12979.1, 1719, -2277, -9728, 4669, -45338, -15824, 4213, 50351
12983.3, 1735, -2017, -10122, 5060, -42748, -24242, 10395, 50351
12987.0, 1400, -2017, -10122, 5060, -42748, -24242, 10395, 50347
12990.7, 1309, -2017, -10122, 5060, -42748, -24242, 10395, 50353
12995.0, 1252, -1505, -10442, 4624, -41046, -31693, 15163, 50353
12998.7, 1210, -1505, -10442, 4624, -41046, -31693, 15163, 50324
13002.9, 1560, -1210, -10545, 4331, -37209, -36842, 14533, 50324
13006.7, 1474, -1210, -10545, 4331, -37209, -36842, 14533, 50325
13009.0, 302, -1210, -10545, 4331, -37209, -36842, 14533, 50325
13014.8, 1667, -936, -10578, 3602, -33731, -39034, 9218, 50335
13018.5, 1816, -936, -10578, 3602, -33731, -39034, 9218, 50360
13022.7, 1703, -1079, -9884, 2907, -34869, -36229, 2117, 50360
13026.5, 1295, -1079, -9884, 2907, -34869, -36229, 2117, 50340
13028.8, 91, -1079, -9884, 2907, -34869, -36229, 2117, 50340
13034.6, 1636, -1135, -9305, 3238, -35039, -29076, -3723, 50358
13038.3, 2044, -1135, -9305, 3238, -35039, -29076, -3723, 50349
13044.0, 1425, -1028, -8878, 3836, -31942, -24159, -4296, 50353
13047.8, 720, -1028, -8878, 3836, -31942, -24159, -4296, 50358
13053.5, 1372, -943, -8994, 4063, -28140, -24412, 643, 50356
13055.7, 308, -943, -8994, 4063, -28140, -24412, 643, 50356
13058.0, 702, -943, -8994, 4063, -28140, -24412, 643, 50356
13063.7, 1738, -1069, -9466, 3763, -22557, -26670, 8334, 50409
13066.0, 523, -1069, -9466, 3763, -22557, -26670, 8334, 50409
13068.2, 456, -1069, -9466, 3763, -22557, -26670, 8334, 50409
13073.9, 1702, -1265, -10025, 3450, -18620, -28232, 11773, 50336
13076.2, 460, -1265, -10025, 3450, -18620, -28232, 11773, 50336
13080.4, 1290, -1465, -10222, 3616, -15802, -28118, 6352, 50336
13084.2, 1640, -1465, -10222, 3616, -15802, -28118, 6352, 50299
13086.5, 743, -1465, -10222, 3616, -15802, -28118, 6352, 50299
13090.7, 1830, -1610, -9760, 3847, -14542, -26871, -3062, 50299
13094.5, 1495, -1610, -9760, 3847, -14542, -26871, -3062, 50271
13096.8, 179, -1610, -9760, 3847, -14542, -26871, -3062, 50271
13102.5, 1789, -1643, -9098, 3996, -15229, -25200, -9384, 50277
13106.2, 1769, -1643, -9098, 3996, -15229, -25200, -9384, 50264
13110.5, 1569, -1468, -8630, 4216, -14993, -23651, -9362, 50264
13114.2, 1355, -1468, -8630, 4216, -14993, -23651, -9362, 50268
13116.5, 105, -1468, -8630, 4216, -14993, -23651, -9362, 50268
13120.7, 1714, -1200, -8579, 4225, -14323, -22990, -4501, 50268
13124.5, 1447, -1200, -8579, 4225, -14323, -22990, -4501, 50272
13128.8, 1417, -1200, -8579, 4225, -12643, -23148, 1238, 50272
13132.5, 1445, -1200, -8579, 4225, -12643, -23148, 1238, 50266
13136.2, 1533, -1200, -8579, 4225, -12643, -23148, 1238, 50274
13140.5, 1513, -629, -9357, 4189, -11213, -23935, 4948, 50274
13144.2, 1563, -629, -9357, 4189, -11213, -23935, 4948, 50280
13148.4, 1631, -629, -9357, 4189, -10552, -23467, 4589, 50280
13152.2, 1689, -629, -9357, 4189, -10552, -23467, 4589, 50271
13155.9, 1595, -629, -9357, 4189, -10552, -23467, 4589, 50250
13160.2, 1551, -419, -9590, 3276, -9957, -19053, 866, 50250
13163.9, 1510, -419, -9590, 3276, -9957, -19053, 866, 50270
13168.1, 1829, -419, -9590, 3276, -9380, -11558, -3097, 50270
13171.8, 1778, -419, -9590, 3276, -9380, -11558, -3097, 50259
13175.6, 1424, -419, -9590, 3276, -9380, -11558, -3097, 50247
13179.8, 1153, -716, -9105, 3505, -9576, -3736, -4003, 50247
13183.6, 1543, -716, -9105, 3505, -9576, -3736, -4003, 50275
13187.9, 1784, -716, -9105, 3505, -8456, 1351, -1719, 50275
13191.6, 1693, -716, -9105, 3505, -8456, 1351, -1719, 50257
13193.9, 636, -716, -9105, 3505, -8456, 1351, -1719, 50257
13199.6, 1561, -1120, -9346, 3581, -7074, 3635, 621, 50245
13203.3, 1579, -1120, -9346, 3581, -7074, 3635, 621, 50251
13209.1, 1646, -1309, -9643, 3597, -5792, 3994, 984, 50252
13212.8, 1622, -1309, -9643, 3597, -5792, 3994, 984, 50248
13218.5, 1650, -1309, -9643, 3597, -5792, 3994, -713, 50200
13220.8, 327, -1309, -9643, 3597, -5792, 3994, -713, 50200
13223.0, 385, -1309, -9643, 3597, -5792, 3994, -713, 50200
13228.7, 1698, -1373, -9865, 3552, -4340, 1623, -2572, 50247
13230.9, 498, -1373, -9865, 3552, -4340, 1623, -2572, 50247
13235.2, 1676, -1503, -9954, 3474, -4340, 1623, -2572, 50247
13239.0, 1734, -1503, -9954, 3474, -4340, 1623, -2572, 50249
13241.2, 607, -1503, -9954, 3474, -4340, 1623, -2572, 50249
13245.5, 1516, -1472, -9832, 3403, -4663, 1526, -4073, 50249
13249.2, 1194, -1472, -9832, 3403, -4663, 1526, -4073, 50250
13251.5, 82, -1472, -9832, 3403, -4663, 1526, -4073, 50250
13255.7, 1686, -1432, -9649, 3329, -5551, 1561, -4956, 50250
13259.4, 1689, -1432, -9649, 3329, -5551, 1561, -4956, 50241
13261.7, 525, -1432, -9649, 3329, -5551, 1561, -4956, 50241
13265.9, 1414, -1287, -9381, 3247, -5328, 1032, -5818, 50241
13269.6, 1538, -1287, -9381, 3247, -5328, 1032, -5818, 50248
13271.9, 572, -1287, -9381, 3247, -5328, 1032, -5818, 50248
13277.6, 1784, -1091, -9234, 3136, -4851, -161, -5048, 50243
13281.3, 1482, -1091, -9234, 3136, -4851, -161, -5048, 50234
13285.6, 1533, -981, -9267, 2953, -4252, -1478, -5048, 50234
13289.4, 1649, -981, -9267, 2953, -4252, -1478, -5048, 50237
13293.6, 1697, -954, -9534, 2869, -2804, -1522, -3176, 50237
13297.4, 1526, -954, -9534, 2869, -2804, -1522, -3176, 50222
13301.1, 1494, -954, -9534, 2869, -2804, -1522, -3176, 50224
13305.4, 1655, -1089, -9828, 2840, -1198, 503, -1798, 50224
13309.2, 1780, -1089, -9828, 2840, -1198, 503, -1798, 50215
13313.4, 1636, -1275, -9874, 2698, -1181, 3998, -2436, 50215
13317.1, 1113, -1275, -9874, 2698, -1181, 3998, -2436, 50215
13320.9, 1172, -1275, -9874, 2698, -1181, 3998, -2436, 50211
13325.2, 1670, -1412, -9726, 2902, -1470, 7529, -5534, 50211
13328.9, 1847, -1412, -9726, 2902, -1470, 7529, -5534, 50220
13333.1, 1741, -1290, -9512, 3138, -656, 9738, -8592, 50220
13336.8, 1852, -1290, -9512, 3138, -656, 9738, -8592, 50207
13340.6, 1668, -1290, -9512, 3138, -656, 9738, -8592, 50211
13344.8, 1421, -1262, -9322, 3007, -245, 10045, -9524, 50211
13348.5, 1327, -1262, -9322, 3007, -245, 10045, -9524, 50236
13352.8, 1782, -1170, -9371, 2879, -153, 10062, -8526, 50236
13356.5, 1468, -1170, -9371, 2879, -153, 10062, -8526, 50212
13358.8, 116, -1170, -9371, 2879, -153, 10062, -8526, 50212
13364.6, 1705, -1246, -9495, 3036, 1071, 10714, -7253, 50216
13368.3, 1661, -1246, -9495, 3036, 1071, 10714, -7253, 50199
13374.0, 1523, -1339, -9700, 3087, 2970, 10530, -7109, 50197
13376.3, 343, -1339, -9700, 3087, 2970, 10530, -7109, 50197
13378.5, 761, -1339, -9700, 3087, 2970, 10530, -7109, 50197
13384.3, 1661, -1374, -9771, 3226, 3399, 9371, -8150, 50199
13386.5, 525, -1374, -9771, 3226, 3399, 9371, -8150, 50199
13390.8, 1563, -1271, -9683, 3405, 3456, 8102, -9962, 50199
13394.5, 1720, -1271, -9683, 3405, 3456, 8102, -9962, 50192
13396.8, 336, -1271, -9683, 3405, 3456, 8102, -9962, 50192
13402.5, 1445, -1229, -9555, 3247, 3084, 7691, -10390, 50185
13406.2, 1289, -1229, -9555, 3247, 3084, 7691, -10390, 50162
13410.5, 1655, -1108, -9333, 2648, 3154, 8155, -10705, 50162
13414.2, 1714, -1108, -9333, 2648, 3154, 8155, -10705, 50180
13416.5, 685, -1108, -9333, 2648, 3154, 8155, -10705, 50180
13420.8, 1486, -1042, -9228, 2487, 3850, 8933, -11060, 50180
13424.5, 1562, -1042, -9228, 2487, 3850, 8933, -11060, 50179
13426.8, 667, -1042, -9228, 2487, 3850, 8933, -11060, 50179
13432.6, 1731, -978, -9565, 3034, 5744, 8929, -11116, 50178
13436.3, 1190, -978, -9565, 3034, 5744, 8929, -11116, 50115
13440.6, 1403, -873, -9797, 3931, 8443, 6238, -10758, 50115
13444.3, 1674, -873, -9797, 3931, 8443, 6238, -10758, 50168
13446.6, 643, -873, -9797, 3931, 8443, 6238, -10758, 50168
13450.9, 1414, -574, -10031, 3744, 9065, -651, -10333, 50168
13454.7, 1706, -574, -10031, 3744, 9065, -651, -10333, 50166
13458.9, 1844, -367, -10050, 3276, 9966, -4541, -12722, 50166
13462.6, 1753, -367, -10050, 3276, 9966, -4541, -12722, 50155
13466.4, 1558, -367, -10050, 3276, 9966, -4541, -12722, 50171
13470.7, 1252, -351, -9579, 2706, 10675, -1789, -16931, 50171
13474.5, 1143, -351, -9579, 2706, 10675, -1789, -16931, 50152
13478.7, 1545, -388, -9254, 2202, 10723, 6680, -19407, 50152
13482.5, 1798, -388, -9254, 2202, 10723, 6680, -19407, 50152
13486.2, 1595, -388, -9254, 2202, 10723, 6680, -19407, 50145
13490.5, 1665, -525, -9244, 2045, 12460, 17653, -17176, 50145
13494.3, 2017, -525, -9244, 2045, 12460, 17653, -17176, 50146
13498.5, 1702, -755, -9677, 2446, 14586, 27042, -13855, 50146
13502.3, 822, -755, -9677, 2446, 14586, 27042, -13855, 50135
13506.0, 1237, -755, -9677, 2446, 14586, 27042, -13855, 50134
13510.3, 1875, -877, -10180, 3755, 18143, 32769, -14783, 50134
13514.1, 1919, -877, -10180, 3755, 18143, 32769, -14783, 50124
13518.3, 1223, -1019, -10369, 3789, 21757, 34073, -19775, 50124
13522.0, 1239, -1019, -10369, 3789, 21757, 34073, -19775, 50126
13527.8, 1629, -1053, -10286, 3471, 22492, 34934, -26967, 50106
13531.5, 1376, -1053, -10286, 3471, 22492, 34934, -26967, 50112
13533.8, 555, -1053, -10286, 3471, 22492, 34934, -26967, 50112
13539.5, 1857, -846, -9735, 3852, 22164, 36369, -33316, 50113
13541.8, 679, -846, -9735, 3852, 22164, 36369, -33316, 50113
13547.5, 1685, -486, -9224, 4176, 21555, 33622, -35438, 50104
13551.3, 1628, -486, -9224, 4176, 21555, 33622, -35438, 50043
13555.5, 1746, -95, -8969, 4326, 22282, 29509, -34121, 50043
13559.3, 1639, -95, -8969, 4326, 22282, 29509, -34121, 50108
13561.6, 249, -95, -8969, 4326, 22282, 29509, -34121, 50108
13565.8, 1233, 37, -8985, 4172, 24054, 28787, -31741, 50108
13569.6, 1753, 37, -8985, 4172, 24054, 28787, -31741, 50106
13571.8, 684, 37, -8985, 4172, 24054, 28787, -31741, 50106
13577.6, 1293, -19, -9282, 4076, 27777, 33224, -30931, 50118
13581.3, 1378, -19, -9282, 4076, 27777, 33224, -30931, 50112
13585.6, 1746, -156, -9468, 3884, 32226, 40705, -32366, 50112
13589.4, 1524, -156, -9468, 3884, 32226, 40705, -32366, 50121
13591.6, 246, -156, -9468, 3884, 32226, 40705, -32366, 50121
13595.9, 1603, -328, -9668, 4014, 37139, 47272, -34672, 50121
13599.6, 1614, -328, -9668, 4014, 37139, 47272, -34672, 50123
13603.9, 1633, -464, -9559, 4459, 41278, 49985, -35748, 50123
13607.7, 1606, -464, -9559, 4459, 41278, 49985, -35748, 50117
13611.4, 1622, -464, -9559, 4459, 41278, 49985, -35748, 50124
13615.7, 1735, -522, -9519, 4539, 43050, 46292, -35949, 50124
13619.4, 1827, -522, -9519, 4539, 43050, 46292, -35949, 50142
13623.7, 1307, -494, -9263, 4738, 45618, 40285, -38076, 50142
13627.4, 1005, -494, -9263, 4738, 45618, 40285, -38076, 50114
13631.1, 1254, -494, -9263, 4738, 45618, 40285, -38076, 50120
13635.4, 2084, -393, -9020, 4518, 47482, 37266, -40513, 50120
13639.1, 2041, -393, -9020, 4518, 47482, 37266, -40513, 50103
13643.4, 1538, -480, -8930, 4244, 51792, 40521, -40460, 50103
13647.1, 1689, -480, -8930, 4244, 51792, 40521, -40460, 50100
13650.9, 1418, -480, -8930, 4244, 51792, 40521, -40460, 50120
13655.1, 1251, -598, -9154, 4668, 56788, 47911, -38951, 50120
13658.9, 1325, -598, -9154, 4668, 56788, 47911, -38951, 50125
13663.1, 1498, -650, -9631, 5371, 62449, 55703, -37997, 50125
13666.8, 1478, -650, -9631, 5371, 62449, 55703, -37997, 50091
13670.6, 1374, -650, -9631, 5371, 62449, 55703, -37997, 50137
13674.8, 1882, -648, -9775, 5721, 66737, 58678, -38561, 50137
13678.5, 1918, -648, -9775, 5721, 66737, 58678, -38561, 50125
13682.7, 1531, -658, -9705, 6023, 70364, 55948, -40548, 50125
13686.5, 1111, -658, -9705, 6023, 70364, 55948, -40548, 50133
13688.8, 191, -658, -9705, 6023, 70364, 55948, -40548, 50133
13694.6, 1684, -733, -9332, 5885, 73698, 49013, -43230, 50093
13698.3, 1446, -733, -9332, 5885, 73698, 49013, -43230, 50137
13704.0, 1539, -790, -8949, 5636, 76480, 43365, -44061, 50131
13706.3, 333, -790, -8949, 5636, 76480, 43365, -44061, 50131
13708.6, 655, -790, -8949, 5636, 76480, 43365, -44061, 50131
13714.3, 1446, -738, -8791, 6061, 80505, 41519, -40416, 50129
13716.6, 72, -738, -8791, 6061, 80505, 41519, -40416, 50129
13720.8, 2044, -738, -9055, 6369, 84399, 38251, -34020, 50129
13724.6, 1689, -738, -9055, 6369, 84399, 38251, -34020, 50157
13726.9, 176, -738, -9055, 6369, 84399, 38251, -34020, 50157
13732.6, 1369, -811, -9364, 6249, 86797, 33946, -31119, 50126
13736.4, 1504, -811, -9364, 6249, 86797, 33946, -31119, 50124
13740.6, 1293, -964, -9571, 5696, 90340, 33198, -34234, 50124
13744.4, 2211, -964, -9571, 5696, 90340, 33198, -34234, 50128
13746.6, 1431, -964, -9571, 5696, 90340, 33198, -34234, 50128
13750.9, 1459, -1166, -9553, 5830, 95354, 36754, -37577, 50128
13754.7, 1057, -1166, -9553, 5830, 95354, 36754, -37577, 50132
13758.9, 1544, -1166, -9553, 5830, 95354, 36754, -37577, 50132
13763.0, 1697, -1166, -9553, 5830, 95354, 36754, -37577, 50140
13766.7, 1820, -1166, -9553, 5830, 95354, 36754, -37577, 50149
13772.5, 1288, -1862, -9756, 6331, 102884, 38273, -32196, 50135
13776.2, 1082, -1862, -9756, 6331, 102884, 38273, -32196, 50160
13780.4, 2000, -1802, -9894, 7072, 104695, 32301, -30664, 50160
13784.1, 1906, -1802, -9894, 7072, 104695, 32301, -30664, 50154
13788.3, 1765, -1802, -9894, 7072, 104695, 32301, -30664, 50154
13792.1, 1145, -1802, -9894, 7072, 104695, 32301, -30664, 50148
13795.8, 1325, -1802, -9894, 7072, 104695, 32301, -30664, 50165
13800.1, 1358, -1411, -9136, 7063, 105859, 9222, -36448, 50165
13803.9, 1116, -1411, -9136, 7063, 105859, 9222, -36448, 50174
13808.1, 1620, -1411, -9136, 7063, 105859, 9222, -36448, 50174
13811.8, 1965, -1411, -9136, 7063, 105859, 9222, -36448, 50179
13815.6, 1371, -1411, -9136, 7063, 105859, 9222, -36448, 50172
13819.9, 970, -2146, -8134, 4826, 106318, 664, -35569, 50172
13823.6, 2120, -2146, -8134, 4826, 106318, 664, -35569, 50172
13827.8, 2247, -2146, -8134, 4826, 106318, 664, -35569, 50172
13831.5, 1490, -2146, -8134, 4826, 106318, 664, -35569, 50215
13833.8, 58, -2146, -8134, 4826, 106318, 664, -35569, 50215
13839.5, 1268, -2114, -9530, 6640, 119456, 26136, -20379, 50145
13843.2, 1462, -2114, -9530, 6640, 119456, 26136, -20379, 50214
13849.0, 1633, -2114, -10219, 8337, 125131, 29098, -21997, 50211
13852.8, 1364, -2114, -10219, 8337, 125131, 29098, -21997, 50212
13858.5, 1886, -1364, -10219, 8337, 125131, 29098, -21997, 50226
13860.8, 1000, -1364, -10219, 8337, 125131, 29098, -21997, 50226
13863.0, 280, -1364, -10219, 8337, 125131, 29098, -21997, 50226
13868.8, 1506, -331, -10164, 8634, 125682, 16603, -35949, 50225
13871.0, 97, -331, -10164, 8634, 125682, 16603, -35949, 50225
13873.3, 11, -331, -10164, 8634, 125682, 16603, -35949, 50225
13879.1, 2149, 309, -9256, 8333, 126387, -12578, -55965, 50243
13881.4, 1329, 309, -9256, 8333, 126387, -12578, -55965, 50243
13885.6, 1335, 740, -8366, 7627, 129362, -12578, -55965, 50243
13889.4, 1153, 740, -8366, 7627, 129362, -12578, -55965, 50247
13891.7, 172, 740, -8366, 7627, 129362, -12578, -55965, 50247
13895.9, 2161, 784, -7698, 7114, 133045, -12486, -47784, 50247
13899.6, 1887, 784, -7698, 7114, 133045, -12486, -47784, 50290
13901.9, 268, 784, -7698, 7114, 133045, -12486, -47784, 50290
13907.6, 1209, 705, -7713, 6706, 139407, -4956, -33871, 50267
13911.3, 1887, 705, -7713, 6706, 139407, -4956, -33871, 50274
13915.6, 2129, 486, -7776, 6298, 142819, 11462, -22461, 50274
13919.4, 1090, 486, -7776, 6298, 142819, 11462, -22461, 50296
13921.6, 55, 486, -7776, 6298, 142819, 11462, -22461, 50296
13925.9, 1652, 135, -8080, 7073, 143344, 30017, -19587, 50296
13929.6, 1480, 135, -8080, 7073, 143344, 30017, -19587, 50310
13933.8, 1390, -26, -8222, 7971, 143344, 43286, -25414, 50310
13937.6, 1806, -26, -8222, 7971, 143344, 43286, -25414, 50131
13941.3, 1797, -26, -8222, 7971, 143344, 43286, -25414, 50318
13945.5, 1476, -320, -7679, 8026, 143344, 50094, -34624, 50318
13949.3, 1192, -320, -7679, 8026, 143344, 50094, -34624, 50350
13953.5, 1378, -518, -6999, 8376, 143344, 52037, -39327, 50350
13957.2, 2119, -518, -6999, 8376, 143344, 52037, -39327, 50276
13961.0, 1809, -518, -6999, 8376, 143344, 52037, -39327, 50316
13965.3, 1243, -518, -6273, 8435, 143344, 49490, -36457, 50316
13969.0, 942, -518, -6273, 8435, 143344, 49490, -36457, 50309
13973.3, 1261, -745, -5873, 7956, 143344, 42783, -28704, 50309
13977.0, 1321, -745, -5873, 7956, 143344, 42783, -28704, 50310
13980.7, 2064, -745, -5873, 7956, 143344, 42783, -28704, 50319
13985.0, 2152, -802, -5534, 8726, 143344, 38080, -19171, 50319
13988.7, 1303, -802, -5534, 8726, 143344, 38080, -19171, 50319
13992.9, 807, -276, -5385, 9290, 143344, 34786, -11160, 50319
13996.7, 1806, -276, -5385, 9290, 143344, 34786, -11160, 50315
13999.0, 1701, -276, -5385, 9290, 143344, 34786, -11160, 50315
14004.8, 1437, 516, -5422, 9496, 143344, 27261, -7459, 50326
14008.5, 954, 516, -5422, 9496, 143344, 27261, -7459, 50321
14012.7, 1308, 780, -5062, 8979, 143344, 17797, -6103, 50321
14016.5, 1908, 780, -5062, 8979, 143344, 17797, -6103, 50328
14018.7, 923, 780, -5062, 8979, 143344, 17797, -6103, 50328
14024.4, 1238, 799, -4809, 8160, 143344, 13860, -4908, 50325
14026.7, 51, 799, -4809, 8160, 143344, 13860, -4908, 50325
14031.0, 1236, 494, -4427, 8024, 143344, 20641, -3325, 50325
14034.7, 1743, 494, -4427, 8024, 143344, 20641, -3325, 50295
14037.0, 1367, 494, -4427, 8024, 143344, 20641, -3325, 50295
14042.7, 2007, -55, -4138, 8449, 143344, 30748, -2441, 50328
14046.4, 1106, -55, -4138, 8449, 143344, 30748, -2441, 50328
14050.7, 1176, -445, -3927, 8834, 143344, 40399, -1404, 50328
14054.4, 1730, -445, -3927, 8834, 143344, 40399, -1404, 50331
14056.7, 580, -445, -3927, 8834, 143344, 40399, -1404, 50331
14060.9, 1368, -726, -3771, 9445, 143344, 47548, -192, 50331
14064.6, 1331, -726, -3771, 9445, 143344, 47548, -192, 50338
14066.9, 64, -726, -3771, 9445, 143344, 47548, -192, 50338
14072.6, 1756, -704, -3480, 9480, 143344, 45491, 546, 50339
14076.3, 2426, -704, -3480, 9480, 143344, 45491, 546, 50337
14080.6, 1512, -634, -3135, 9839, 143344, 37568, 778, 50337
14084.4, 1491, -634, -3135, 9839, 143344, 37568, 778, 50331
14086.7, 594, -634, -3135, 9839, 143344, 37568, 778, 50331
14090.9, 1761, -583, -2757, 9888, 143344, 29798, 69, 50331
14094.6, 1271, -583, -2757, 9888, 143344, 29798, 69, 50330
14098.8, 301, -725, -2375, 9285, 143344, 20654, -1028, 50330
14102.6, 2100, -725, -2375, 9285, 143344, 20654, -1028, 50330
14106.4, 2810, -725, -2375, 9285, 143344, 20654, -1028, 50349
14110.6, 1234, -1249, -2021, 8740, 143344, 19119, -2379, 50349
14114.4, 656, -1249, -2021, 8740, 143344, 19119, -2379, 50331
14118.6, 1761, -1757, -1747, 8791, 143344, 27759, -4186, 50331
14122.3, 2356, -1757, -1747, 8791, 143344, 27759, -4186, 50336
14126.1, 1493, -1757, -1747, 8791, 143344, 27759, -4186, 50335
14130.3, 947, -2041, -1670, 8957, 143344, 39301, -6321, 50335
14134.1, 1357, -2041, -1670, 8957, 143344, 39301, -6321, 50320
14138.3, 1832, -1625, -1902, 9882, 143344, 41882, -8260, 50320
14142.0, 1170, -1625, -1902, 9882, 143344, 41882, -8260, 50144
14145.7, 1557, -1625, -1902, 9882, 143344, 41882, -8260, 50124
14150.0, 1475, -848, -1350, 10137, 143344, 32988, -10972, 50124
14153.7, 1569, -848, -1350, 10137, 143344, 32988, -10972, 50115
14157.9, 1505, -323, -988, 9550, 143344, 21420, -10767, 50115
14161.7, 768, -323, -988, 9550, 143344, 21420, -10767, 50068
14164.0, 28, -323, -988, 9550, 143344, 21420, -10767, 50068
14169.8, 1324, 166, -343, 8337, 143344, 10753, -7227, 50085
14173.5, 1308, 166, -343, 8337, 143344, 10753, -7227, 50088
14177.7, 2475, 248, 278, 7671, 143344, 10430, -3145, 50088
14181.5, 1568, 248, 278, 7671, 143344, 10430, -3145, 50062
14183.8, 73, 248, 278, 7671, 143344, 10430, -3145, 50062
14189.5, 1871, -23, 607, 7983, 143344, 22286, -371, 50306
14191.8, 2006, -23, 607, 7983, 143344, 22286, -371, 50306
14197.5, 1400, -467, 672, 7793, 143344, 32139, 1006, 50063
14201.2, 393, -467, 672, 7793, 143344, 32139, 1006, 50056
14205.5, 1147, -485, 1043, 8782, 143344, 38942, 1478, 50056
14209.2, 1232, -485, 1043, 8782, 143344, 38942, 1478, 50056
14211.5, 552, -485, 1043, 8782, 143344, 38942, 1478, 50056
14215.7, 2378, -1135, 1167, 9247, 143344, 43654, 739, 50056
14219.5, 1779, -1135, 1167, 9247, 143344, 43654, 739, 50051
14221.8, 237, -1135, 1167, 9247, 143344, 43654, 739, 50051
14227.5, 638, -1558, 1158, 8393, 143344, 34567, -608, 50061
14231.2, 1667, -1558, 1158, 8393, 143344, 34567, -608, 50028
14235.5, 2713, -2033, 1398, 8325, 143344, 28289, -761, 50028
14239.2, 1364, -2033, 1398, 8325, 143344, 28289, -761, 50023
14241.5, 140, -2033, 1398, 8325, 143344, 28289, -761, 50023
14245.8, 1635, -1803, 1832, 8060, 143344, 21814, -1745, 50023
14249.5, 824, -1803, 1832, 8060, 143344, 21814, -1745, 50008
14253.8, 1129, -1350, 2930, 8827, 143344, 26272, -4322, 50008
14257.5, 1354, -1350, 2930, 8827, 143344, 26272, -4322, 49994
14261.2, 1464, -1350, 2930, 8827, 143344, 26272, -4322, 49986
14265.5, 1164, -1450, 3397, 8977, 141183, 36654, -4921, 49986
14269.2, 1647, -1450, 3397, 8977, 141183, 36654, -4921, 49990
14273.4, 2338, -1331, 3239, 7585, 142557, 27584, -91, 49990
14277.2, 1878, -1331, 3239, 7585, 142557, 27584, -91, 49965
14281.0, 1366, -1331, 3239, 7585, 142557, 27584, -91, 49957
14285.2, 1129, -734, 2922, 8037, 143331, 18672, 6326, 49957
14289.0, 1037, -734, 2922, 8037, 143331, 18672, 6326, 49949
14293.2, 1780, -542, 2706, 8651, 143344, 10714, 9472, 49949
14296.9, 1528, -542, 2706, 8651, 143344, 10714, 9472, 49937
14300.7, 1499, -542, 2706, 8651, 143344, 10714, 9472, 49927
14305.0, 863, -471, 2928, 8435, 143344, -5460, 7669, 49927
14308.7, 1549, -471, 2928, 8435, 143344, -5460, 7669, 49952
14312.9, 2985, -1116, 3447, 7951, 143344, -16489, 3386, 49952
14316.6, 1244, -1116, 3447, 7951, 143344, -16489, 3386, 49919
14318.9, 46, -1116, 3447, 7951, 143344, -16489, 3386, 49919
14324.6, 1513, -1441, 3696, 7374, 143344, -20282, 6116, 49899
14328.3, 1455, -1441, 3696, 7374, 143344, -20282, 6116, 49916
14334.0, 1211, -1705, 4037, 7948, 143344, -20855, 11042, 49927
14337.7, 1501, -1705, 4037, 7948, 143344, -20855, 11042, 49915
14343.5, 1328, -1269, 4666, 7932, 143344, -20190, 14192, 49853
14345.7, 47, -1269, 4666, 7932, 143344, -20190, 14192, 49853
14348.1, 87, -1269, 4666, 7932, 143344, -20190, 14192, 49853
14353.8, 1305, -792, 4958, 8266, 143344, -21774, 13265, 49899
14356.1, 41, -792, 4958, 8266, 143344, -21774, 13265, 49899
14358.3, 19, -792, 4958, 8266, 143344, -21774, 13265, 49899
14364.1, 1848, -486, 5651, 8382, 143174, -25537, 12757, 49902
14366.3, 1323, -486, 5651, 8382, 143174, -25537, 12757, 49902
14370.6, 1310, -486, 5651, 8382, 137617, -30796, 16437, 49902
14374.4, 1236, -486, 5651, 8382, 137617, -30796, 16437, 49905
14376.6, 72, -486, 5651, 8382, 137617, -30796, 16437, 49905
14380.9, 1188, -679, 5633, 7472, 138357, -34121, 18825, 49905
14384.7, 1681, -679, 5633, 7472, 138357, -34121, 18825, 49893
14387.0, 1057, -679, 5633, 7472, 138357, -34121, 18825, 49893
14392.7, 1623, -1523, 4277, 5782, 142321, -29076, 16380, 49899
14396.4, 1181, -1523, 4277, 5782, 142321, -29076, 16380, 49888
14400.7, 1161, -1523, 4277, 6327, 143344, -20834, 6418, 49888
14404.5, 1143, -1523, 4277, 6327, 143344, -20834, 6418, 49877
14406.8, 44, -1523, 4277, 6327, 143344, -20834, 6418, 49877
14411.0, 1964, -1826, 4636, 6656, 142618, -15072, -6125, 49877
14414.8, 2085, -1826, 4636, 6656, 142618, -15072, -6125, 49882
14419.0, 1053, -1826, 4636, 6656, 142618, -15072, -6125, 49882
14422.8, 1162, -1826, 4636, 6656, 142618, -15072, -6125, 49876
14426.5, 1127, -1826, 4636, 6656, 142618, -15072, -6125, 49905
14430.8, 1297, -1298, 6317, 7236, 130508, -6496, -13667, 49905
14434.5, 2338, -1298, 6317, 7236, 130508, -6496, -13667, 49902
14438.7, 1463, -1298, 6317, 7236, 130508, -6496, -13667, 49902
14442.5, 1349, -1298, 6317, 7236, 130508, -6496, -13667, 49890
14446.2, 1533, -1298, 6317, 7236, 130508, -6496, -13667, 49903
14450.5, 1274, -247, 6831, 6930, 113506, -14061, 909, 49903
14454.3, 1284, -247, 6831, 6930, 113506, -14061, 909, 49897
14458.5, 1325, -247, 6831, 6930, 113506, -14061, 909, 49897
14462.3, 1275, -247, 6831, 6930, 113506, -14061, 909, 50028
14466.0, 1224, -247, 6831, 6930, 113506, -14061, 909, 49900
14470.3, 1448, -528, 5848, 5650, 109337, -26701, -6693, 49900
14474.1, 1504, -528, 5848, 5650, 109337, -26701, -6693, 49865
14478.3, 1210, -528, 5848, 5650, 109337, -26701, -6693, 49865
14482.0, 1253, -528, 5848, 5650, 109337, -26701, -6693, 49922
14485.8, 1277, -528, 5848, 5650, 109337, -26701, -6693, 49922
14490.1, 1597, -1219, 6061, 5127, 110750, -21975, -14945, 49922
14493.9, 1245, -1219, 6061, 5127, 110750, -21975, -14945, 49942
14498.1, 1172, -1219, 6061, 5127, 110750, -21975, -14945, 49942
14501.8, 1238, -1219, 6061, 5127, 110750, -21975, -14945, 49912
14507.6, 1304, -1308, 6591, 5157, 108169, -11055, -14197, 49909
14511.3, 1302, -1308, 6591, 5157, 108169, -11055, -14197, 49851
14515.6, 1340, -1546, 6914, 6230, 103973, 3740, -11764, 49851
14519.4, 1219, -1546, 6914, 6230, 103973, 3740, -11764, 49873
14521.7, 35, -1546, 6914, 6230, 103973, 3740, -11764, 49873
14525.9, 1205, -1591, 6943, 5873, 96413, 6842, -13663, 49873
14529.6, 1213, -1591, 6943, 5873, 96413, 6842, -13663, 49861
14531.9, 37, -1591, 6943, 5873, 96413, 6842, -13663, 49861
14537.6, 1416, -1640, 7069, 5564, 91688, 6072, -18283, 49863
14541.3, 1205, -1640, 7069, 5564, 91688, 6072, -18283, 49849
14545.6, 1198, -1836, 7062, 5500, 87847, 5411, -22500, 49849
14549.4, 1266, -1836, 7062, 5500, 87847, 5411, -22500, 49834
14551.6, 38, -1836, 7062, 5500, 87847, 5411, -22500, 49834
14555.9, 1117, -1816, 7359, 5195, 86696, -214, -22899, 49834
14559.6, 1206, -1816, 7359, 5195, 86696, -214, -22899, 49790
14561.9, 35, -1816, 7359, 5195, 86696, -214, -22899, 49790
14567.6, 1331, -1768, 7552, 4910, 84185, -7035, -21770, 49834
14571.3, 1221, -1768, 7552, 4910, 84185, -7035, -21770, 49818
14575.6, 1166, -1530, 8198, 4660, 81175, -8146, -21669, 49818
14579.4, 1175, -1530, 8198, 4660, 81175, -8146, -21669, 49815
14583.6, 1176, -1475, 8230, 4865, 79092, -10128, -21472, 49815
14587.4, 1212, -1475, 8230, 4865, 79092, -10128, -21472, 49789
14591.1, 1188, -1475, 8230, 4865, 79092, -10128, -21472, 49827
14595.4, 1133, -899, 7605, 4476, 81787, -12302, -20567, 49827
14599.1, 1168, -899, 7605, 4476, 81787, -12302, -20567, 49831
14603.3, 1170, -429, 7517, 4122, 87374, -10290, -21083, 49831
14607.0, 1202, -429, 7517, 4122, 87374, -10290, -21083, 49832
14610.7, 1154, -429, 7517, 4122, 87374, -10290, -21083, 49868
14615.0, 1148, -530, 7359, 4029, 84066, -3150, -22767, 49868
14618.7, 1170, -530, 7359, 4029, 84066, -3150, -22767, 49857
14622.9, 1148, -942, 7298, 4130, 83008, 5398, -23371, 49857
14626.7, 1109, -942, 7298, 4130, 83008, 5398, -23371, 49864
14629.0, 32, -942, 7298, 4130, 83008, 5398, -23371, 49864
14634.8, 1138, -1208, 8505, 3474, 80632, 12849, -23310, 49867
14638.5, 1140, -1208, 8505, 3474, 80632, 12849, -23310, 49904
14642.7, 1094, -1255, 8037, 4092, 80085, 19994, -20173, 49904
14646.5, 1080, -1255, 8037, 4092, 80085, 19994, -20173, 49888
14648.8, 31, -1255, 8037, 4092, 80085, 19994, -20173, 49888
14654.6, 1151, -1380, 8132, 4601, 83016, 23677, -15443, 49917
14658.3, 1141, -1380, 8132, 4601, 83016, 23677, -15443, 49956
14664.1, 1131, -1627, 8079, 4925, 85344, 24299, -9887, 49972
14667.8, 1079, -1627, 8079, 4925, 85344, 24299, -9887, 49962
14673.5, 1215, -1348, 8153, 4112, 82911, 23367, -5398, 50012
14675.7, 34, -1348, 8153, 4112, 82911, 23367, -5398, 50012
14678.0, 10, -1348, 8153, 4112, 82911, 23367, -5398, 50012
14683.7, 1207, -1407, 8708, 3541, 77845, 22798, -2966, 49900
14686.0, 34, -1407, 8708, 3541, 77845, 22798, -2966, 49900
14690.2, 1081, -1427, 9921, 3494, 75723, 24723, -2900, 49900
14694.0, 1059, -1427, 9921, 3494, 75723, 24723, -2900, 50027
14696.2, 30, -1427, 9921, 3494, 75723, 24723, -2900, 50027
14700.5, 1081, -1929, 10535, 3439, 78900, 24027, -1981, 50027
14704.2, 1107, -1929, 10535, 3439, 78900, 24027, -1981, 49901
14706.5, 31, -1929, 10535, 3439, 78900, 24027, -1981, 49901
14710.8, 1084, -2229, 9971, 3186, 81188, 22159, 166, 49901
14714.5, 1092, -2229, 9971, 3186, 81188, 22159, 166, 49858
14716.8, 31, -2229, 9971, 3186, 81188, 22159, 166, 49858
14722.6, 1185, -2574, 9488, 2724, 77714, 22929, 735, 49817
14726.3, 1026, -2574, 9488, 2724, 77714, 22929, 735, 49782
14730.6, 942, -2919, 8863, 2624, 72035, 26250, 179, 49782
14734.3, 943, -2919, 8863, 2624, 72035, 26250, 179, 49717
14736.6, 28, -2919, 8863, 2624, 72035, 26250, 179, 49717
14740.9, 907, -2715, 9226, 2175, 67984, 27112, -1732, 49717
14744.7, 1001, -2715, 9226, 2175, 67984, 27112, -1732, 49671
14748.9, 959, -2472, 10111, 1743, 60437, 30192, -4812, 49671
14752.6, 1035, -2472, 10111, 1743, 60437, 30192, -4812, 49618
14756.4, 1005, -2472, 10111, 1743, 60437, 30192, -4812, 49561
14760.6, 1039, -2267, 10464, 2662, 51459, 30419, -6772, 49561
14764.4, 1058, -2267, 10464, 2662, 51459, 30419, -6772, 49539
14768.6, 937, -2027, 10645, 2490, 47635, 25007, -5455, 49539
14772.3, 1152, -2027, 10645, 2490, 47635, 25007, -5455, 49537
14776.1, 1126, -2027, 10645, 2490, 47635, 25007, -5455, 49487
14780.3, 1053, -2299, 10666, 2266, 41046, 20645, -3718, 49487
14784.0, 1128, -2299, 10666, 2266, 41046, 20645, -3718, 49464
14788.2, 1062, -2274, 10049, 1911, 32533, 20103, -336, 49464
14792.0, 998, -2274, 10049, 1911, 32533, 20103, -336, 49446
14795.7, 1067, -2274, 10049, 1911, 32533, 20103, -336, 49431
14799.9, 956, -1999, 9878, 1619, 24736, 20256, 1225, 49431
14803.7, 1166, -1999, 9878, 1619, 24736, 20256, 1225, 49415
14807.9, 1160, -1746, 10033, 1956, 17417, 18353, 2699, 49415
14811.6, 1067, -1746, 10033, 1956, 17417, 18353, 2699, 49396
14813.9, 37, -1746, 10033, 1956, 17417, 18353, 2699, 49396
14819.6, 1113, -1433, 10110, 2072, 12105, 16288, 5770, 49388
14823.3, 1124, -1433, 10110, 2072, 12105, 16288, 5770, 49367
14829.0, 1247, -1485, 10035, 2123, 7328, 15548, 9192, 49363
14831.3, 38, -1485, 10035, 2123, 7328, 15548, 9192, 49363
14833.5, 14, -1485, 10035, 2123, 7328, 15548, 9192, 49363
14839.3, 1159, -1844, 9772, 2121, 1496, 15194, 12547, 49339
14841.5, 32, -1844, 9772, 2121, 1496, 15194, 12547, 49339
14845.8, 1194, -2199, 9358, 2014, -5543, 15724, 14621, 49339
14849.6, 1130, -2199, 9358, 2014, -5543, 15724, 14621, 49359
14851.9, 34, -2199, 9358, 2014, -5543, 15724, 14621, 49359
14857.6, 1268, -2370, 9006, 1902, -13737, 17307, 14288, 49372
14861.3, 1128, -2370, 9006, 1902, -13737, 17307, 14288, 49372
14865.6, 1062, -2478, 8819, 2541, -21179, 18843, 11913, 49372
14869.4, 1109, -2478, 8819, 2541, -21179, 18843, 11913, 49371
14871.7, 34, -2478, 8819, 2541, -21179, 18843, 11913, 49371
14875.9, 1079, -2385, 8662, 2603, -28599, 16292, 10417, 49371
14879.7, 1229, -2385, 8662, 2603, -28599, 16292, 10417, 49383
14882.0, 39, -2385, 8662, 2603, -28599, 16292, 10417, 49383
14887.7, 1299, -2101, 8682, 2295, -36943, 12337, 6641, 49395
14891.4, 1192, -2101, 8682, 2295, -36943, 12337, 6641, 49411
14895.7, 1106, -2538, 8601, 2471, -45780, 7708, 4554, 49411
14899.5, 1142, -2538, 8601, 2471, -45780, 7708, 4554, 49424
14903.7, 1073, -2418, 8239, 2047, -56504, 3036, 5324, 49424
14907.5, 1135, -2418, 8239, 2047, -56504, 3036, 5324, 49458
14911.2, 1091, -2418, 8239, 2047, -56504, 3036, 5324, 49436
14915.5, 1213, -2260, 8258, 2419, -63438, 835, 4239, 49436
14919.3, 1289, -2260, 8258, 2419, -63438, 835, 4239, 49471
14923.5, 1162, -1872, 8185, 2447, -67437, -5088, 1859, 49471
14927.3, 1128, -1872, 8185, 2447, -67437, -5088, 1859, 49449
14931.0, 1144, -1872, 8185, 2447, -67437, -5088, 1859, 49465
14935.3, 1233, -1370, 8626, 2320, -72214, -6842, -1373, 49465
14939.1, 1179, -1370, 8626, 2320, -72214, -6842, -1373, 49462
14943.3, 1137, -1250, 8896, 2697, -78493, -6951, -2379, 49462
14947.0, 1167, -1250, 8896, 2697, -78493, -6951, -2379, 49503
14950.8, 1170, -1250, 8896, 2697, -78493, -6951, -2379, 49485
14955.1, 1181, -1102, 9081, 2343, -85777, -8225, -1391, 49485
14958.9, 1173, -1102, 9081, 2343, -85777, -8225, -1391, 49490
14963.1, 1183, -1044, 9269, 1735, -92480, -7420, 936, 49490
14966.8, 1194, -1044, 9269, 1735, -92480, -7420, 936, 49473
14970.6, 1173, -1044, 9269, 1735, -92480, -7420, 936, 49482
14974.9, 1185, -1515, 8852, 1954, -98723, -2226, 4392, 49482
14978.6, 1257, -1515, 8852, 1954, -98723, -2226, 4392, 49466
14982.8, 1266, -1274, 8824, 2423, -99970, 4484, 8841, 49466
14986.5, 1105, -1274, 8824, 2423, -99970, 4484, 8841, 49498
14988.8, 37, -1274, 8824, 2423, -99970, 4484, 8841, 49498
14994.6, 1224, -1124, 8880, 3135, -98675, 6951, 15715, 49465
14996.8, 34, -1124, 8880, 3135, -98675, 6951, 15715, 49465
15002.6, 1376, -1124, 8880, 3135, -98675, 6951, 22780, 49439
15006.3, 1156, -1124, 8880, 3135, -98675, 6951, 22780, 49445
15010.5, 904, -773, 8487, 3669, -93775, 6584, 22780, 49445
15014.3, 1040, -773, 8487, 3669, -93775, 6584, 22780, 49426
15016.6, 34, -773, 8487, 3669, -93775, 6584, 22780, 49426
15020.8, 772, -559, 8319, 3823, -91933, 6553, 24592, 49426
15024.6, 471, -559, 8319, 3823, -91933, 6553, 24592, 49419
15026.8, 17, -559, 8319, 3823, -91933, 6553, 24592, 49419
15032.6, 1775, -710, 8333, 3629, -107136, 6383, 21726, 49354
15036.3, 1376, -710, 8333, 3629, -107136, 6383, 21726, 49394
15040.6, 1298, -1296, 8398, 3188, -107136, 12875, 20606, 49394
15044.4, 904, -1296, 8398, 3188, -107136, 12875, 20606, 49380
15046.6, 31, -1296, 8398, 3188, -107136, 12875, 20606, 49380
15050.9, 1239, -1907, 8389, 3087, -115497, 26394, 22400, 49380
15054.6, 1499, -1907, 8389, 3087, -115497, 26394, 22400, 49375
15058.9, 1035, -2090, 8544, 3168, -115497, 26394, 22400, 49375
15062.6, 834, -2090, 8544, 3168, -115497, 26394, 22400, 49313
15066.3, 729, -2090, 8544, 3168, -115497, 26394, 22400, 49364
15070.6, 1206, -2115, 8245, 3620, -114198, 48497, 30612, 49364
15074.4, 1424, -2115, 8245, 3620, -114198, 48497, 30612, 49367
15078.6, 1142, -1412, 7909, 5008, -114198, 48497, 30612, 49367
15082.3, 817, -1412, 7909, 5008, -114198, 48497, 30612, 49365
15086.1, 795, -1412, 7909, 5008, -114198, 48497, 30612, 49394
15090.3, 687, -1196, 7204, 5925, -115733, 33578, 25279, 49394
15094.1, 1104, -1196, 7204, 5925, -115733, 33578, 25279, 49366
15098.3, 1769, -1299, 7181, 5874, -115733, 33578, 25279, 49366
15102.0, 1442, -1299, 7181, 5874, -115733, 33578, 25279, 49372
15105.7, 1689, -1299, 7181, 5874, -115733, 33578, 25279, 49364
15110.0, 1431, -1698, 7387, 5603, -122020, 15570, 8767, 49364
15113.7, 1014, -1698, 7387, 5603, -122020, 15570, 8767, 49370
15117.9, 1139, -2143, 7804, 5173, -122020, 15570, 8767, 49370
15121.7, 1451, -2143, 7804, 5173, -122020, 15570, 8767, 49361
15124.0, 393, -2143, 7804, 5173, -122020, 15570, 8767, 49361
15129.8, 1553, -2525, 8033, 4839, -117308, 23091, 14284, 49369
15133.5, 1437, -2525, 8033, 4839, -117308, 23091, 14284, 49332
15137.7, 1033, -2610, 7891, 5600, -117308, 23091, 14284, 49332
15141.5, 1217, -2610, 7891, 5600, -117308, 23091, 14284, 49348
15143.8, 525, -2610, 7891, 5600, -117308, 23091, 14284, 49348
15149.6, 1527, -2423, 7471, 6790, -111761, 14757, 26731, 49328
15153.3, 1606, -2423, 7471, 6790, -111761, 14757, 26731, 49299
15159.0, 1097, -2042, 6780, 7064, -111761, 14757, 26731, 49272
15161.3, 402, -2042, 6780, 7064, -111761, 14757, 26731, 49272
15163.6, 907, -2042, 6780, 7064, -111761, 14757, 26731, 49272
15169.6, 1556, -1539, 6678, 7145, -120887, 4563, 20475, 49254
15171.9, 385, -1539, 6678, 7145, -120887, 4563, 20475, 49254
15177.6, 1406, -1530, 6738, 6976, -132827, -1662, 9642, 49191
15181.3, 997, -1530, 6738, 6976, -132827, -1662, 9642, 49200
15185.6, 1326, -1578, 6573, 6658, -135837, -3797, 1806, 49200
15189.3, 2088, -1578, 6573, 6658, -135837, -3797, 1806, 49187
15191.6, 966, -1578, 6573, 6658, -135837, -3797, 1806, 49187
15195.8, 1359, -1582, 6469, 6205, -130000, -2485, 2113, 49187
15199.5, 1397, -1582, 6469, 6205, -130000, -2485, 2113, 49191
15201.8, 474, -1582, 6469, 6205, -130000, -2485, 2113, 49191
15206.0, 1319, -1523, 6029, 5774, -129156, -1649, 8391, 49191
15209.7, 1726, -1523, 6029, 5774, -129156, -1649, 8391, 49226
15214.0, 1377, -1437, 5566, 5739, -126150, -1391, 17924, 49226
15217.8, 786, -1437, 5566, 5739, -126150, -1391, 17924, 49278
15221.5, 1891, -1437, 5566, 5739, -126150, -1391, 17924, 49278
15225.8, 1949, -900, 5142, 6474, -121482, 3705, 25196, 49278
15229.5, 1774, -900, 5142, 6474, -121482, 3705, 25196, 49900
15233.7, 1553, -644, 4651, 7255, -119382, 9900, 24233, 49900
15237.5, 1321, -644, 4651, 7255, -119382, 9900, 24233, 49908
15241.3, 1089, -644, 4651, 7255, -119382, 9900, 24233, 49898
15245.5, 1592, -753, 4392, 7372, -122353, 8452, 14577, 49898
15249.3, 2357, -753, 4392, 7372, -122353, 8452, 14577, 49870
15253.5, 1624, -1511, 4296, 7129, -125638, 2450, 2016, 49870
15257.2, 949, -1511, 4296, 7129, -125638, 2450, 2016, 49893
15261.0, 693, -1511, 4296, 7129, -125638, 2450, 2016, 49865
15265.3, 1519, -1936, 4587, 6734, -127843, 43, -7507, 49865
15269.1, 2072, -1936, 4587, 6734, -127843, 43, -7507, 49879
15273.3, 1602, -1886, 5264, 7546, -136130, 10662, -11397, 49879
15277.0, 1298, -1886, 5264, 7546, -136130, 10662, -11397, 49878
15280.8, 1593, -1886, 5264, 7546, -136130, 10662, -11397, 49890
15285.1, 1858, -2021, 5428, 7429, -142202, 21044, -6650, 49890
15288.8, 1836, -2021, 5428, 7429, -142202, 21044, -6650, 49928
15293.1, 1684, -1302, 4733, 6730, -143309, 22619, 5530, 49928
15296.8, 1366, -1302, 4733, 6730, -143309, 22619, 5530, 49938
15300.6, 1496, -1302, 4733, 6730, -143309, 22619, 5530, 49888
15304.8, 1763, -654, 3710, 7704, -143095, 23791, 16065, 49888
15308.6, 1597, -654, 3710, 7704, -143095, 23791, 16065, 49986
15312.8, 1499, -850, 3160, 7771, -141708, 12022, 15395, 49986
15316.5, 1299, -850, 3160, 7771, -141708, 12022, 15395, 49980
15320.8, 1443, -598, 3245, 7519, -142469, -673, 4029, 49980
15324.6, 1731, -598, 3245, 7519, -142469, -673, 4029, 49989
15326.9, 1200, -598, 3245, 7519, -142469, -673, 4029, 49989
15332.6, 1809, -1000, 3587, 8177, -143235, 3355, -7328, 49959
15336.3, 1035, -1000, 3587, 8177, -143235, 3355, -7328, 50013
15340.5, 1477, -1465, 3760, 7431, -143344, 10202, -8894, 50013
15344.3, 1744, -1465, 3760, 7431, -143344, 10202, -8894, 50062
15346.6, 522, -1465, 3760, 7431, -143344, 10202, -8894, 50062
15350.8, 1069, -1317, 3457, 7911, -143344, 24124, 717, 50062
15354.6, 1823, -1317, 3457, 7911, -143344, 24124, 717, 50117
15356.9, 1723, -1317, 3457, 7911, -143344, 24124, 717, 50117
15362.6, 1816, -1291, 2277, 7673, -143344, 40981, 12753, 50196
15366.3, 1261, -1291, 2277, 7673, -143344, 40981, 12753, 50222
15370.6, 1462, -1420, 588, 7732, -143344, 42958, 17390, 50222
15374.4, 1930, -1420, 588, 7732, -143344, 42958, 17390, 50266
15376.6, 1163, -1420, 588, 7732, -143344, 42958, 17390, 50266
15380.9, 1346, -1454, -413, 7963, -143344, 36973, 11672, 50266
15384.6, 1396, -1454, -413, 7963, -143344, 36973, 11672, 50298
15388.8, 1706, -1631, -988, 8656, -143344, 36334, -3351, 50298
15392.6, 1717, -1631, -988, 8656, -143344, 36334, -3351, 50312
15396.3, 1802, -1631, -988, 8656, -143344, 36334, -3351, 50351
15400.6, 1420, -2246, -731, 9229, -143344, 30997, -20812, 50351
15404.4, 1585, -2246, -731, 9229, -143344, 30997, -20812, 50353
15408.6, 1446, -2093, -156, 8790, -143344, 17045, -32095, 50353
15412.3, 1252, -2093, -156, 8790, -143344, 17045, -32095, 50365
15416.1, 1311, -2093, -156, 8790, -143344, 17045, -32095, 50349
15420.4, 1942, -2120, 809, 9187, -143344, 8378, -32248, 50349
15424.2, 1794, -2120, 809, 9187, -143344, 8378, -32248, 50329
15428.4, 1463, -1548, 1138, 8452, -143344, -1640, -23432, 50329
15432.1, 1707, -1548, 1138, 8452, -143344, -1640, -23432, 50300
15435.9, 1645, -1548, 1138, 8452, -143344, -1640, -23432, 50288
15440.1, 1992, -975, 928, 9552, -143344, -4908, -11204, 50288
15443.9, 2077, -975, 928, 9552, -143344, -4908, -11204, 50264
15448.1, 1884, -1067, 662, 9465, -143344, -4764, -3521, 50264
15451.8, 1706, -1067, 662, 9465, -143344, -4764, -3521, 50244
15455.6, 1098, -1067, 662, 9465, -143344, -4764, -3521, 50237
15459.8, 1363, -1308, -240, 8059, -143344, -7433, -3285, 50237
15463.5, 1563, -1308, -240, 8059, -143344, -7433, -3285, 50213
15467.8, 1662, -2130, -1088, 8522, -143344, -2003, -6811, 50213
15471.5, 1708, -2130, -1088, 8522, -143344, -2003, -6811, 50236
15473.8, 915, -2130, -1088, 8522, -143344, -2003, -6811, 50236
15479.5, 1981, -2717, -1953, 8266, -143344, 2690, -12919, 50262
15481.8, 457, -2717, -1953, 8266, -143344, 2690, -12919, 50262
15487.5, 1151, -2236, -2197, 8836, -143231, 1715, -17819, 50280
15491.2, 1210, -2236, -2197, 8836, -143231, 1715, -17819, 49879
15495.5, 1456, -1348, -1849, 10293, -143318, 10885, -17150, 49879
15499.2, 1896, -1348, -1849, 10293, -143318, 10885, -17150, 50331
15501.5, 859, -1348, -1849, 10293, -143318, 10885, -17150, 50331
15505.7, 2169, -714, -2335, 9618, -143344, 28184, -14840, 50331
15509.5, 2092, -714, -2335, 9618, -143344, 28184, -14840, 50321
15511.7, 1286, -714, -2335, 9618, -143344, 28184, -14840, 50321
15515.9, 1711, -1115, -2982, 8727, -143344, 38329, -13378, 50321
15519.6, 1605, -1115, -2982, 8727, -143344, 38329, -13378, 50312
15521.9, 639, -1115, -2982, 8727, -143344, 38329, -13378, 50312
15527.6, 1787, -1692, -3404, 7439, -141074, 35477, -13269, 50301
15531.3, 1852, -1692, -3404, 7439, -141074, 35477, -13269, 50273
15535.6, 1750, -2551, -3963, 7022, -136703, 28722, -18178, 50273
15539.4, 1607, -2551, -3963, 7022, -136703, 28722, -18178, 50237
15541.7, 388, -2551, -3963, 7022, -136703, 28722, -18178, 50237
15545.9, 1001, -3297, -4167, 9081, -130070, 30271, -29527, 50237
15549.6, 1503, -3297, -4167, 9081, -130070, 30271, -29527, 50220
15553.8, 1840, -3297, -4167, 9081, -124357, 29242, -42223, 50220
15557.6, 1594, -3297, -4167, 9081, -124357, 29242, -42223, 50214
15561.4, 1505, -3297, -4167, 9081, -124357, 29242, -42223, 50181
15565.6, 910, -2551, -2639, 11246, -127122, 19587, -46756, 50181
15569.4, 924, -2551, -2639, 11246, -127122, 19587, -46756, 50163
15573.6, 1879, -2551, -2639, 12110, -132892, 9550, -38421, 50163
15577.4, 2226, -2551, -2639, 12110, -132892, 9550, -38421, 50158
15581.1, 2290, -2551, -2639, 12110, -132892, 9550, -38421, 50169
15585.4, 1760, -1514, -2880, 11636, -131492, -9830, -24797, 50169
15589.2, 1512, -1514, -2880, 11636, -131492, -9830, -24797, 50169
15593.4, 1568, -1514, -2880, 9851, -123626, -30034, -16445, 50169
15597.1, 1319, -1514, -2880, 9851, -123626, -30034, -16445, 50173
15600.9, 1203, -1514, -2880, 9851, -123626, -30034, -16445, 50266
15605.1, 1733, -2663, -3820, 8553, -127857, -33849, -17640, 50266
15608.9, 1580, -2663, -3820, 8553, -127857, -33849, -17640, 50174
15613.1, 1382, -2663, -3820, 8622, -129484, -20908, -24106, 50174
15616.8, 1745, -2663, -3820, 8622, -129484, -20908, -24106, 50126
15620.6, 2113, -2663, -3820, 8622, -129484, -20908, -24106, 50077
15624.8, 1595, -3623, -3982, 8756, -127174, -12525, -28993, 50077
15628.6, 938, -3623, -3982, 8756, -127174, -12525, -28993, 50029
15632.8, 1353, -3623, -3982, 9964, -121841, -8426, -30157, 50029
15636.5, 1125, -3623, -3982, 9964, -121841, -8426, -30157, 49955
15638.8, 137, -3623, -3982, 9964, -121841, -8426, -30157, 49955
15644.5, 2060, -1798, -3708, 10725, -122077, -6960, -27991, 49907
15646.8, 1397, -1798, -3708, 10725, -122077, -6960, -27991, 49907
15652.6, 1981, -1798, -3708, 10725, -122077, -6960, -27991, 49855
15656.3, 1816, -1798, -3708, 10725, -122077, -6960, -27991, 50300
15660.6, 1468, -1264, -3946, 10652, -124663, -13650, -25375, 50300
15664.3, 1259, -1264, -3946, 10652, -124663, -13650, -25375, 49859
15666.6, 476, -1264, -3946, 10652, -124663, -13650, -25375, 49859
15670.9, 1576, -997, -4057, 10784, -120712, -26981, -22041, 49859
15674.7, 1638, -997, -4057, 10784, -120712, -26981, -22041, 49850
15677.0, 946, -997, -4057, 10784, -120712, -26981, -22041, 49850
15682.7, 1530, -1362, -4015, 9657, -121955, -37831, -15684, 49872
15686.4, 1374, -1362, -4015, 9657, -121955, -37831, -15684, 49886
15690.7, 1910, -1966, -4092, 7874, -125533, -47522, -15684, 49886
15694.5, 1723, -1966, -4092, 7874, -125533, -47522, -15684, 49906
15696.7, 617, -1966, -4092, 7874, -125533, -47522, -15684, 49906
15701.0, 1528, -2297, -4123, 8464, -122576, -38255, -13125, 49906
15704.7, 1715, -2297, -4123, 8464, -122576, -38255, -13125, 49886
15708.9, 1838, -2445, -4040, 9542, -119500, -38255, -13125, 49886
15712.7, 1692, -2445, -4040, 9542, -119500, -38255, -13125, 49942
15716.4, 1726, -2445, -4040, 9542, -119500, -38255, -13125, 49940
15720.6, 1577, -1983, -4212, 9773, -119710, -35136, -3710, 49940
15724.4, 1632, -1983, -4212, 9773, -119710, -35136, -3710, 49946
15728.6, 1537, -1494, -4435, 9602, -118455, -43798, -3710, 49946
15732.3, 1413, -1494, -4435, 9602, -118455, -43798, -3710, 49972
15736.1, 1670, -1494, -4435, 9602, -118455, -43798, -3710, 49934
15740.3, 2028, -1103, -5005, 9151, -117400, -53371, -148, 49934
15744.0, 1947, -1103, -5005, 9151, -117400, -53371, -148, 49925
15748.2, 1215, -1311, -5173, 7715, -122681, -59089, -148, 49925
15751.9, 1003, -1311, -5173, 7715, -122681, -59089, -148, 49911
15755.7, 1426, -1311, -5173, 7715, -122681, -59089, -148, 49914
15759.9, 1737, -1249, -5423, 7467, -124510, -55769, 861, 49914
15763.7, 1897, -1249, -5423, 7467, -124510, -55769, 861, 50112
15767.9, 2004, -1232, -5400, 7341, -124842, -39598, 861, 50112
15771.6, 2141, -1232, -5400, 7341, -124842, -39598, 861, 50134
15773.9, 1136, -1232, -5400, 7341, -124842, -39598, 861, 50134
15779.6, 920, -1283, -6134, 7148, -125822, -26232, 7630, 50138
15783.3, 1127, -1283, -6134, 7148, -125822, -26232, 7630, 50097
15789.0, 1477, -1193, -6718, 8672, -118196, -19294, 13693, 50068
15792.8, 1710, -1193, -6718, 8672, -118196, -19294, 13693, 50098
15798.5, 2011, -1598, -7494, 8737, -115296, -15295, 14660, 50114
15800.7, 928, -1598, -7494, 8737, -115296, -15295, 14660, 50114
15803.0, 272, -1598, -7494, 8737, -115296, -15295, 14660, 50114
15808.7, 1285, -1812, -7872, 6881, -117890, -18602, 10443, 50047
15810.9, 286, -1812, -7872, 6881, -117890, -18602, 10443, 50047
15813.2, 343, -1812, -7872, 6881, -117890, -18602, 10443, 50047
15818.9, 1789, -1568, -7994, 7456, -116241, -21835, 5000, 50125
15821.2, 1171, -1568, -7994, 7456, -116241, -21835, 5000, 50125
15825.5, 2045, -1518, -7795, 7132, -114031, -25961, 2196, 50125
15829.2, 1812, -1518, -7795, 7132, -114031, -25961, 2196, 50096
15831.5, 1226, -1518, -7795, 7132, -114031, -25961, 2196, 50096
15835.8, 1725, -1104, -7671, 6066, -112684, -31570, 3841, 50096
15839.5, 1167, -1104, -7671, 6066, -112684, -31570, 3841, 50159
15841.8, 71, -1104, -7671, 6066, -112684, -31570, 3841, 50159
15847.5, 1557, -662, -7614, 7409, -106178, -31312, 11195, 50161
15851.2, 2142, -662, -7614, 7409, -106178, -31312, 11195, 50199
15855.5, 2313, -553, -8054, 7917, -101239, -31876, 17867, 50199
15859.2, 1641, -553, -8054, 7917, -101239, -31876, 17867, 50212
15861.5, 474, -553, -8054, 7917, -101239, -31876, 17867, 50212
15865.8, 1323, -822, -8494, 7278, -98312, -37323, 18034, 50212
15869.5, 1432, -822, -8494, 7278, -98312, -37323, 18034, 50215
15873.8, 1441, -1155, -8431, 6540, -96234, -43291, 13392, 50215
15877.5, 1700, -1155, -8431, 6540, -96234, -43291, 13392, 50222
15881.3, 1897, -1155, -8431, 6540, -96234, -43291, 13392, 50225
15885.5, 1393, -1348, -8364, 5846, -98019, -42941, 8942, 50225
15889.2, 1295, -1348, -8364, 5846, -98019, -42941, 8942, 50239
15893.5, 1628, -1535, -8387, 6011, -98404, -36151, 9213, 50239
15897.2, 1735, -1535, -8387, 6011, -98404, -36151, 9213, 50217
15900.9, 1853, -1535, -8387, 6011, -98404, -36151, 9213, 50220
15905.2, 1734, -1590, -8441, 5739, -95954, -28354, 14428, 50220
15909.0, 1887, -1590, -8441, 5739, -95954, -28354, 14428, 50235
15913.2, 1446, -1526, -8998, 6630, -91312, -19027, 19049, 50235
15916.9, 1425, -1526, -8998, 6630, -91312, -19027, 19049, 50244
15920.7, 1540, -1526, -8998, 6630, -91312, -19027, 19049, 50268
15925.0, 1794, -1596, -9330, 6862, -84473, -16078, 20855, 50268
15928.7, 1824, -1596, -9330, 6862, -84473, -16078, 20855, 50309
15932.9, 1707, -1719, -9594, 6380, -83760, -24334, 17390, 50309
15936.6, 1429, -1719, -9594, 6380, -83760, -24334, 17390, 50287
15938.9, 353, -1719, -9594, 6380, -83760, -24334, 17390, 50287
15944.6, 1321, -1710, -9567, 7496, -82106, -38128, 9712, 50293
15948.3, 1515, -1710, -9567, 7496, -82106, -38128, 9712, 50299
15954.0, 1700, -1612, -9109, 7205, -79215, -55580, 2358, 50302
15957.7, 1642, -1612, -9109, 7205, -79215, -55580, 2358, 50299
15963.5, 1556, -1426, -8560, 5739, -77723, -68649, 1273, 50244
15965.7, 736, -1426, -8560, 5739, -77723, -68649, 1273, 50244
15968.1, 892, -1426, -8560, 5739, -77723, -68649, 1273, 50244
15973.8, 1829, -1138, -8319, 5666, -75500, -71121, 9331, 50289
15976.1, 727, -1138, -8319, 5666, -75500, -71121, 9331, 50289
15978.3, 539, -1138, -8319, 5666, -75500, -71121, 9331, 50289
15984.1, 1694, -805, -8603, 6342, -74809, -67332, 19884, 50270
15986.3, 868, -805, -8603, 6342, -74809, -67332, 19884, 50270
15990.6, 1868, -500, -9119, 6600, -75649, -63298, 24237, 50270
15994.3, 1659, -500, -9119, 6600, -75649, -63298, 24237, 50279
15996.6, 746, -500, -9119, 6600, -75649, -63298, 24237, 50279
16000.9, 1449, -333, -9270, 6160, -75137, -59969, 21162, 50279
16004.7, 1541, -333, -9270, 6160, -75137, -59969, 21162, 50226
16006.9, 1098, -333, -9270, 6160, -75137, -59969, 21162, 50226
16012.6, 1861, -138, -9155, 6018, -72271, -53861, 16704, 50272
16016.4, 1306, -138, -9155, 6018, -72271, -53861, 16704, 50263
16020.6, 1341, -49, -9004, 5751, -72608, -48152, 13798, 50263
16024.4, 1449, -49, -9004, 5751, -72608, -48152, 13798, 50294
16026.6, 779, -49, -9004, 5751, -72608, -48152, 13798, 50294
16030.9, 1700, -8, -8819, 5043, -73094, -43037, 12700, 50294
16034.7, 1642, -8, -8819, 5043, -73094, -43037, 12700, 50288
16038.9, 1771, -88, -8542, 4124, -73164, -35971, 13807, 50288
16042.6, 1835, -88, -8542, 4124, -73164, -35971, 13807, 50275
16046.4, 1908, -88, -8542, 4124, -73164, -35971, 13807, 50307
16050.6, 1737, -121, -8452, 4444, -74288, -26036, 16139, 50307
16054.4, 1536, -121, -8452, 4444, -74288, -26036, 16139, 50311
16058.6, 1432, -342, -8389, 5359, -74813, -19355, 17233, 50311
16062.3, 1859, -342, -8389, 5359, -74813, -19355, 17233, 50269
16066.1, 2166, -342, -8389, 5359, -74813, -19355, 17233, 50242
16070.3, 1623, -338, -8398, 6077, -77740, -18576, 17828, 50242
16074.0, 877, -338, -8398, 6077, -77740, -18576, 17828, 50266
16078.2, 1457, -372, -8689, 6303, -79359, -21634, 19250, 50266
16082.0, 1664, -372, -8689, 6303, -79359, -21634, 19250, 50199
16085.8, 1896, -372, -8689, 6303, -79359, -21634, 19250, 50239
16090.0, 1897, -495, -8739, 4633, -79232, -28241, 21109, 50239
16093.8, 1697, -495, -8739, 4633, -79232, -28241, 21109, 50195
16098.0, 1357, -467, -8798, 3470, -80221, -30327, 21341, 50195
16101.7, 1307, -467, -8798, 3470, -80221, -30327, 21341, 50218
16104.0, 670, -467, -8798, 3470, -80221, -30327, 21341, 50218
16109.8, 1764, -491, -8821, 3289, -76121, -25309, 20514, 50201
16113.6, 1650, -491, -8821, 3289, -76121, -25309, 20514, 50205
16117.8, 1692, -446, -8913, 2709, -73558, -16603, 20890, 50205
16121.5, 1785, -446, -8913, 2709, -73558, -16603, 20890, 50213
16123.8, 913, -446, -8913, 2709, -73558, -16603, 20890, 50213
16129.6, 1547, -518, -9144, 2869, -74888, -4112, 22877, 50225
16131.8, 863, -518, -9144, 2869, -74888, -4112, 22877, 50225
16136.0, 1951, -605, -9525, 4213, -76581, 7472, 25580, 50225
16139.8, 1795, -605, -9525, 4213, -76581, 7472, 25580, 50193
16142.1, 876, -605, -9525, 4213, -76581, 7472, 25580, 50193
16147.8, 2029, -655, -10107, 4910, -78134, 11038, 26604, 50239
16151.5, 2166, -655, -10107, 4910, -78134, 11038, 26604, 50233
16155.8, 1735, -555, -10438, 4478, -79884, 7157, 24452, 50233
16159.5, 1059, -555, -10438, 4478, -79884, 7157, 24452, 50252
16161.8, 180, -555, -10438, 4478, -79884, 7157, 24452, 50252
16166.0, 1508, -378, -10593, 3748, -79210, 524, 19259, 50252
16169.7, 1481, -378, -10593, 3748, -79210, 524, 19259, 50262
16172.0, 882, -378, -10593, 3748, -79210, 524, 19259, 50262
16177.7, 2031, -482, -10191, 2492, -75469, -6120, 13488, 50252
16181.4, 1937, -482, -10191, 2492, -75469, -6120, 13488, 50207
16185.7, 2102, -637, -9749, 1554, -71720, -9030, 10775, 50207
16189.5, 1732, -637, -9749, 1554, -71720, -9030, 10775, 50272
16193.7, 1026, -637, -9749, 1554, -71720, -9030, 13020, 50272
16197.5, 684, -637, -9749, 1554, -71720, -9030, 13020, 50273
16201.3, 1322, -637, -9749, 1554, -71720, -9030, 13020, 50273
16205.5, 2138, -1544, -9692, 385, -57882, -511, 18169, 50273
16209.3, 2217, -1544, -9692, 385, -57882, -511, 18169, 50288
16213.5, 1843, -1544, -9692, 385, -57882, 7503, 20925, 50288
16217.3, 1332, -1544, -9692, 385, -57882, 7503, 20925, 50280
16221.0, 1262, -1544, -9692, 385, -57882, 7503, 20925, 50270
16225.2, 1565, -2464, -10628, 1145, -47119, 13868, 18510, 50270
16229.0, 1619, -2464, -10628, 1145, -47119, 13868, 18510, 50271
16233.3, 1743, -2464, -10628, 1145, -47119, 12652, 11698, 50271
16237.0, 1884, -2464, -10628, 1145, -47119, 12652, 11698, 50293
16240.8, 1934, -2464, -10628, 1145, -47119, 12652, 11698, 50277
16245.0, 1879, -2392, -10873, 3330, -39633, 2773, 3504, 50277
16248.8, 1680, -2392, -10873, 3330, -39633, 2773, 3504, 50277
16253.0, 1554, -2392, -10873, 3330, -39633, -15492, -1316, 50277
16256.7, 1680, -2392, -10873, 3330, -39633, -15492, -1316, 50290
16260.5, 1445, -2392, -10873, 3330, -39633, -15492, -1316, 50270
16264.7, 1612, -1965, -10152, 3533, -32686, -34226, -2445, 50270
16268.5, 1743, -1965, -10152, 3533, -32686, -34226, -2445, 50292
16272.8, 1912, -1965, -10152, 3533, -32686, -44673, -1596, 50292
16276.5, 1845, -1965, -10152, 3533, -32686, -44673, -1596, 50283
16278.8, 846, -1965, -10152, 3533, -32686, -44673, -1596, 50283
16284.5, 1554, -1722, -9952, 2861, -33416, -46533, 214, 50230
16286.8, 537, -1722, -9952, 2861, -33416, -46533, 214, 50230
16292.5, 1799, -1379, -9689, 2413, -33416, -46533, 214, 50277
16296.3, 1657, -1379, -9689, 2413, -33416, -46533, 214, 50240
16300.5, 1663, -934, -9524, 1977, -32288, -41869, 2524, 50240
16304.3, 1698, -934, -9524, 1977, -32288, -41869, 2524, 50237
16306.6, 947, -934, -9524, 1977, -32288, -41869, 2524, 50237
16310.8, 1896, -626, -9455, 1670, -31557, -33202, 4856, 50237
16314.6, 1761, -626, -9455, 1670, -31557, -33202, 4856, 50230
16316.9, 890, -626, -9455, 1670, -31557, -33202, 4856, 50230
16322.6, 1564, -454, -9771, 1788, -30677, -22137, 6138, 50228
16326.3, 1379, -454, -9771, 1788, -30677, -22137, 6138, 50260
16330.6, 1821, -828, -10086, 2136, -28547, -12451, 5346, 50260
16334.4, 1990, -828, -10086, 2136, -28547, -12451, 5346, 50218
16336.6, 1280, -828, -10086, 2136, -28547, -12451, 5346, 50218
16340.9, 1707, -1185, -10197, 2465, -26902, -5180, 5691, 50218
16344.6, 1638, -1185, -10197, 2465, -26902, -5180, 5691, 50204
16348.9, 1608, -1689, -10158, 2857, -25060, -2878, 5433, 50204
16352.6, 1663, -1689, -10158, 2857, -25060, -2878, 5433, 50202
16356.3, 1861, -1689, -10158, 2857, -25060, -2878, 5433, 50164
16360.6, 1946, -1926, -9943, 2989, -23533, -6619, 4261, 50164
16364.4, 1761, -1926, -9943, 2989, -23533, -6619, 4261, 50179
16368.6, 1545, -1856, -9571, 2641, -22754, -12219, 2283, 50179
16372.3, 1434, -1856, -9571, 2641, -22754, -12219, 2283, 50190
16376.1, 1472, -1856, -9571, 2641, -22754, -12219, 2283, 50142
16380.4, 1645, -1630, -9263, 2204, -22973, -15356, 1430, 50142
16384.2, 1683, -1630, -9263, 2204, -22973, -15356, 1430, 50135
16388.4, 1646, -1448, -9223, 1674, -21984, -13510, 4681, 50135
16392.1, 1625, -1448, -9223, 1674, -21984, -13510, 4681, 50131
16395.9, 1708, -1448, -9223, 1674, -21984, -13510, 4681, 50093
16400.1, 1820, -1067, -9474, 1499, -20103, -7870, 10220, 50093
16403.9, 1791, -1067, -9474, 1499, -20103, -7870, 10220, 50103
16408.1, 1644, -844, -9722, 1691, -19350, -1505, 13934, 50103
16411.8, 1534, -844, -9722, 1691, -19350, -1505, 13934, 50102
16415.6, 1798, -844, -9722, 1691, -19350, -1505, 13934, 50115
16419.8, 1725, -800, -9979, 1685, -18165, 3552, 14000, 50115
16423.5, 1661, -800, -9979, 1685, -18165, 3552, 14000, 50127
16427.8, 1721, -847, -10064, 1479, -16940, 9231, 11217, 50127
16431.5, 1687, -847, -10064, 1479, -16940, 9231, 11217, 50110
16433.8, 816, -847, -10064, 1479, -16940, 9231, 11217, 50110
16439.6, 1602, -927, -9983, 1536, -15820, 15745, 7739, 50100
16443.3, 1627, -927, -9983, 1536, -15820, 15745, 7739, 50103
16449.0, 1960, -1121, -9762, 1748, -15260, 20519, 6216, 50098
16451.3, 1100, -1121, -9762, 1748, -15260, 20519, 6216, 50098
16453.5, 1139, -1121, -9762, 1748, -15260, 20519, 6216, 50098
16459.3, 1505, -1213, -9650, 2050, -14796, 21184, 7113, 50100
16461.5, 376, -1213, -9650, 2050, -14796, 21184, 7113, 50100
16465.8, 1625, -1202, -9703, 2310, -15487, 17299, 8947, 50100
16469.6, 1733, -1202, -9703, 2310, -15487, 17299, 8947, 50047
16471.9, 852, -1202, -9703, 2310, -15487, 17299, 8947, 50047
16477.6, 1847, -1135, -9882, 2105, -14993, 11134, 10259, 50080
16481.3, 1624, -1135, -9882, 2105, -14993, 11134, 10259, 50074
16485.6, 1651, -1127, -10138, 1464, -13803, 6912, 10360, 50074
16489.3, 1584, -1127, -10138, 1464, -13803, 6912, 10360, 50071
16491.6, 735, -1127, -10138, 1464, -13803, 6912, 10360, 50071
16495.9, 1695, -1198, -10318, 1229, -12657, 6986, 9717, 50071
16499.7, 1887, -1198, -10318, 1229, -12657, 6986, 9717, 50065
16502.0, 1217, -1198, -10318, 1229, -12657, 6986, 9717, 50065
16507.7, 1855, -1252, -10377, 1298, -11038, 8728, 8312, 50055
16511.4, 1306, -1252, -10377, 1298, -11038, 8728, 8312, 50042
16515.7, 1393, -1418, -10307, 1543, -9017, 8951, 5862, 50042
16519.5, 1592, -1418, -10307, 1543, -9017, 8951, 5862, 50033
16523.7, 1871, -1606, -10117, 1411, -6715, 6571, 2918, 50033
16527.5, 1891, -1606, -10117, 1411, -6715, 6571, 2918, 50032
16531.2, 1766, -1606, -10117, 1411, -6715, 6571, 2918, 50054
16535.5, 1574, -1727, -9966, 1170, -4471, 3460, 240, 50054
16539.3, 1598, -1727, -9966, 1170, -4471, 3460, 240, 50014
16543.5, 1825, -1694, -9976, 1168, -3259, 1929, -1404, 50014
16547.3, 1662, -1694, -9976, 1168, -3259, 1929, -1404, 50008
16551.0, 1570, -1694, -9976, 1168, -3259, 1929, -1404, 50004
16555.3, 1703, -1555, -10067, 1231, -1872, 1636, -1684, 50004
16559.1, 1763, -1555, -10067, 1231, -1872, 1636, -1684, 49989
16563.3, 1670, -1247, -10146, 1198, -157, 1785, -1041, 49989
16567.0, 1483, -1247, -10146, 1198, -157, 1785, -1041, 49975
16570.8, 1488, -1247, -10146, 1198, -157, 1785, -1041, 49997
16575.1, 1736, -983, -10216, 1385, 1470, 2629, -1277, 49997
16578.9, 1960, -983, -10216, 1385, 1470, 2629, -1277, 49952
16583.1, 1868, -775, -10025, 1305, 2996, 3841, -2865, 49952
16587.2, 1459, -775, -10025, 1305, 2996, 3841, -2865, 49950
16590.9, 1371, -775, -10025, 1305, 2996, 3841, -2865, 49940
16595.2, 1684, -705, -9831, 1306, 3863, 6326, -5254, 49940
16599.0, 1950, -705, -9831, 1306, 3863, 6326, -5254, 49914
16603.2, 1857, -806, -9632, 1396, 5048, 10762, -6641, 49914
16606.9, 1560, -806, -9632, 1396, 5048, 10762, -6641, 49897
16612.6, 1857, -985, -9442, 1344, 4720, 15260, -6772, 49917
16616.4, 1913, -985, -9442, 1344, 4720, 15260, -6772, 49874
16620.7, 1568, -1112, -9510, 1534, 3246, 18414, -6720, 49874
16624.5, 1362, -1112, -9510, 1534, 3246, 18414, -6720, 49839
16626.7, 227, -1112, -9510, 1534, 3246, 18414, -6720, 49839
16631.0, 1367, -1207, -9638, 1865, 3657, 19407, -6873, 49839
16634.8, 1940, -1207, -9638, 1865, 3657, 19407, -6873, 49831
16637.0, 1279, -1207, -9638, 1865, 3657, 19407, -6873, 49831
16642.8, 1830, -1360, -9911, 1865, 5656, 16712, -7533, 49808
16646.5, 1700, -1360, -9911, 1865, 5656, 16712, -7533, 49799
16650.8, 1829, -1383, -10147, 1546, 7682, 13610, -8780, 49799
16654.5, 1486, -1383, -10147, 1546, 7682, 13610, -8780, 49739
16656.8, 178, -1383, -10147, 1546, 7682, 13610, -8780, 49739
16661.0, 986, -1502, -10237, 1508, 9927, 12998, -10438, 49739
16664.7, 1738, -1502, -10237, 1508, 9927, 12998, -10438, 49760
16669.0, 2029, -1545, -10086, 1314, 12267, 14236, -12499, 49760
16672.8, 2088, -1545, -10086, 1314, 12267, 14236, -12499, 49747
16676.5, 1836, -1545, -10086, 1314, 12267, 14236, -12499, 49731
16680.8, 1415, -1628, -9899, 1161, 13125, 17784, -14481, 49731
16684.5, 1299, -1628, -9899, 1161, 13125, 17784, -14481, 50100
16688.7, 1288, -1590, -9714, 1485, 14061, 22360, -16038, 50100
16692.5, 2001, -1590, -9714, 1485, 14061, 22360, -16038, 49703
16696.3, 1854, -1590, -9714, 1485, 14061, 22360, -16038, 49678
16700.5, 1414, -1445, -9738, 1786, 16358, 24211, -16480, 49678
16704.3, 1102, -1445, -9738, 1786, 16358, 24211, -16480, 49674
16708.5, 1850, -1209, -10008, 1829, 19333, 23305, -16529, 49674
16712.3, 1960, -1209, -10008, 1829, 19333, 23305, -16529, 50071
16716.0, 1545, -1209, -10008, 1829, 19333, 23305, -16529, 49635
16720.3, 1703, -1072, -10308, 1660, 22387, 24128, -16437, 49635
16724.1, 1922, -1072, -10308, 1660, 22387, 24128, -16437, 49627
16728.3, 1537, -802, -10598, 1709, 22640, 29956, -17211, 49627
16732.1, 880, -802, -10598, 1709, 22640, 29956, -17211, 49614
16735.8, 940, -802, -10598, 1709, 22640, 29956, -17211, 49598
16740.1, 2138, -410, -10749, 1889, 22780, 39537, -19320, 49598
16743.8, 2150, -410, -10749, 1889, 22780, 39537, -19320, 49570
16748.1, 1715, -169, -10549, 1577, 23760, 51245, -21739, 49570
16751.8, 1107, -169, -10549, 1577, 23760, 51245, -21739, 49583
16755.6, 1252, -169, -10549, 1577, 23760, 51245, -21739, 49560
16759.8, 2300, -99, -10144, 964, 23310, 65385, -23848, 49560
16763.6, 2123, -99, -10144, 964, 23310, 65385, -23848, 49543
16767.8, 1349, 6, -10029, 1024, 22702, 82715, -24889, 49543
16771.5, 465, 6, -10029, 1024, 22702, 82715, -24889, 49557
16775.8, 1860, 6, -10029, 1024, 24251, 99366, -23787, 49557
16779.6, 2399, 6, -10029, 1024, 24251, 99366, -23787, 49526
16781.9, 1639, 6, -10029, 1024, 24251, 99366, -23787, 49526
16787.6, 1206, -15, -10227, 1281, 26346, 112653, -23113, 49506
16791.3, 1038, -15, -10227, 1281, 26346, 112653, -23113, 49506
16795.6, 1745, -132, -10557, 1281, 29054, 126750, -25489, 49506
16799.4, 1821, -132, -10557, 1281, 29054, 126750, -25489, 49499
16801.7, 1022, -132, -10557, 1281, 29054, 126750, -25489, 49499
16805.9, 2052, -462, -11288, 1828, 33062, 136611, -30529, 49499
16809.7, 1944, -462, -11288, 1828, 33062, 136611, -30529, 49487
16812.0, 835, -462, -11288, 1828, 33062, 136611, -30529, 49487
16817.7, 917, -1617, -10968, 2222, 35709, 137206, -37170, 49477
16821.4, 1552, -1617, -10968, 2222, 35709, 137206, -37170, 49468
16825.7, 2073, -2151, -10247, 2978, 38614, 125240, -43623, 49468
16829.5, 2039, -2151, -10247, 2978, 38614, 125240, -43623, 49434
16831.8, 875, -2151, -10247, 2978, 38614, 125240, -43623, 49434
16837.5, 1772, -2114, -9571, 3836, 40141, 101628, -45509, 49454
16841.2, 1792, -2114, -9571, 3836, 40141, 101628, -45509, 49438
16845.5, 1753, -2066, -9461, 4395, 43155, 69708, -42000, 49438
16849.2, 1638, -2066, -9461, 4395, 43155, 69708, -42000, 49440
16853.4, 1466, -2066, -9461, 4395, 43155, 69708, -42000, 49440
16857.2, 1340, -2066, -9461, 4395, 43155, 69708, -42000, 49545
16860.9, 1522, -2066, -9461, 4395, 43155, 69708, -42000, 49421
16865.2, 1646, -1667, -9863, 2867, 48112, 19683, -31561, 49421
16868.9, 1978, -1667, -9863, 2867, 48112, 19683, -31561, 49578
16873.1, 2341, -1667, -9863, 2867, 48112, 19683, -31561, 49578
16876.8, 2040, -1667, -9863, 2867, 48112, 19683, -31561, 49588
16880.6, 827, -1667, -9863, 2867, 48112, 19683, -31561, 49430
16884.8, 629, -1262, -10284, 2069, 56097, 18252, -37258, 49430
16888.5, 1911, -1262, -10284, 2069, 56097, 18252, -37258, 49630
16892.8, 2058, -540, -10284, 2069, 56097, 18252, -37258, 49630
16896.5, 903, -540, -10284, 2069, 56097, 18252, -37258, 49619
16898.8, 66, -540, -10284, 2069, 56097, 18252, -37258, 49619
16904.6, 2149, -84, -10295, 1328, 64204, 46065, -43015, 49629
16908.3, 2118, -84, -10295, 1328, 64204, 46065, -43015, 49661
16914.0, 1384, -84, -10295, 1328, 72455, 62117, -47272, 49642
16917.8, 2180, -84, -10295, 1328, 72455, 62117, -47272, 49648
16923.5, 2088, -171, -10097, 2614, 77482, 70841, -51345, 49583
16927.2, 740, -171, -10097, 2614, 77482, 70841, -51345, 49655
16933.0, 484, -379, -9664, 3626, 77482, 70841, -51345, 49702
16936.7, 1714, -379, -9664, 3626, 77482, 70841, -51345, 49630
16941.0, 2140, -649, -9529, 4259, 80632, 71576, -51061, 49630
16944.7, 1862, -649, -9529, 4259, 80632, 71576, -51061, 49673
16947.0, 931, -649, -9529, 4259, 80632, 71576, -51061, 49673
16952.7, 1676, -1033, -9366, 4302, 84246, 66942, -45203, 49698
16956.4, 1831, -1033, -9366, 4302, 84246, 66942, -45203, 49668
16960.7, 1548, -1133, -9559, 4430, 85694, 61653, -38964, 49668
16964.5, 1344, -1133, -9559, 4430, 85694, 61653, -38964, 49672
16966.7, 493, -1133, -9559, 4430, 85694, 61653, -38964, 49672
16971.0, 1779, -1235, -9998, 4825, 87212, 58997, -36466, 49672
16974.7, 1605, -1235, -9998, 4825, 87212, 58997, -36466, 49674
16977.0, 194, -1235, -9998, 4825, 87212, 58997, -36466, 49674
16982.8, 1721, -1348, -10199, 4606, 90108, 57956, -36719, 49708
16986.5, 2100, -1348, -10199, 4606, 90108, 57956, -36719, 49678
16990.7, 1618, -1441, -10146, 4406, 93766, 58096, -37809, 49678
16994.4, 1071, -1441, -10146, 4406, 93766, 58096, -37809, 49684
16996.7, 141, -1441, -10146, 4406, 93766, 58096, -37809, 49684
17000.9, 2027, -1305, -9911, 4660, 96304, 59054, -38841, 49684
17004.6, 2090, -1305, -9911, 4660, 96304, 59054, -38841, 49685
17008.9, 992, -1200, -9803, 5754, 97056, 60533, -40714, 49685
17012.6, 433, -1200, -9803, 5754, 97056, 60533, -40714, 49697
17016.4, 2603, -1200, -9803, 5754, 97056, 60533, -40714, 49681
17020.6, 2604, -1466, -9678, 6257, 99287, 60603, -43387, 49681
17024.4, 1849, -1466, -9678, 6257, 99287, 60603, -43387, 49697
17028.6, 729, -1845, -9413, 5534, 102249, 60117, -45570, 49697
17032.4, 1141, -1845, -9413, 5534, 102249, 60117, -45570, 49703
17036.1, 919, -1845, -9413, 5534, 102249, 60117, -45570, 49702
17040.3, 1567, -2207, -9457, 5416, 104918, 61951, -44678, 49702
17044.1, 2296, -2207, -9457, 5416, 104918, 61951, -44678, 49695
17048.3, 1833, -2083, -9772, 5449, 108593, 59304, -41108, 49695
17052.0, 701, -2083, -9772, 5449, 108593, 59304, -41108, 49709
17055.7, 1102, -2083, -9772, 5449, 108593, 59304, -41108, 49687
17060.0, 2424, -1546, -10304, 6368, 112106, 48309, -39493, 49687
17063.7, 2000, -1546, -10304, 6368, 112106, 48309, -39493, 49684
17067.9, 1154, -1055, -10348, 7006, 117514, 30336, -41182, 49684
17071.7, 946, -1055, -10348, 7006, 117514, 30336, -41182, 49714
17074.0, 678, -1055, -10348, 7006, 117514, 30336, -41182, 49714
17079.8, 2056, -400, -10057, 6696, 118682, 10587, -43278, 49722
17083.5, 1685, -400, -10057, 6696, 118682, 10587, -43278, 49669
17087.8, 1638, 269, -9573, 6004, 121578, -5731, -43628, 49669
17091.5, 1199, 269, -9573, 6004, 121578, -5731, -43628, 49765
17093.8, 58, 269, -9573, 6004, 121578, -5731, -43628, 49765
17099.6, 798, 810, -8968, 5593, 126837, -13147, -39191, 49751
17101.9, 968, 810, -8968, 5593, 126837, -13147, -39191, 49751
17107.6, 2717, 1004, -8890, 5031, 129909, -11978, -30152, 49749
17111.4, 1594, 1004, -8890, 5031, 129909, -11978, -30152, 49784
17115.6, 535, 759, -9348, 4301, 131956, -1159, -21538, 49784
17119.4, 370, 759, -9348, 4301, 131956, -1159, -21538, 49754
17121.6, 811, 759, -9348, 4301, 131956, -1159, -21538, 49754
17125.9, 2720, 537, -10157, 4484, 137202, 16502, -18939, 49754
17129.7, 2334, 537, -10157, 4484, 137202, 16502, -18939, 49754
17132.0, 608, 537, -10157, 4484, 137202, 16502, -18939, 49754
17137.7, 713, 96, -10671, 5566, 142167, 35175, -22522, 49762
17141.4, 1301, 96, -10671, 5566, 142167, 35175, -22522, 49760
17145.7, 2561, -565, -10499, 6193, 143340, 51918, -33530, 49760
17149.5, 2186, -565, -10499, 6193, 143340, 51918, -33530, 49732
17151.7, 563, -565, -10499, 6193, 143340, 51918, -33530, 49732
17156.0, 1320, -1103, -9746, 6917, 143344, 63801, -47587, 49732
17159.8, 2107, -1103, -9746, 6917, 143344, 63801, -47587, 49776
17164.0, 2013, -1246, -8638, 7679, 143344, 70622, -54889, 49776
17167.8, 1118, -1246, -8638, 7679, 143344, 70622, -54889, 49785
17171.5, 1597, -1246, -8638, 7679, 143344, 70622, -54889, 49807
17175.8, 2224, -1142, -7928, 7221, 143344, 64698, -49718, 49807
17179.5, 1081, -1142, -7928, 7221, 143344, 64698, -49718, 49808
17183.7, 1055, -629, -8037, 7802, 143344, 49451, -35814, 49808
17187.5, 1827, -629, -8037, 7802, 143344, 49451, -35814, 49815
17191.3, 2260, -629, -8037, 7802, 143344, 49451, -35814, 49749
17195.5, 1402, 46, -8787, 8684, 143344, 31189, -23817, 49749
17199.3, 894, 46, -8787, 8684, 143344, 31189, -23817, 49858
17203.5, 2173, 319, -8749, 7814, 143344, 13208, -19871, 49858
17207.3, 2090, 319, -8749, 7814, 143344, 13208, -19871, 49838
17211.0, 1376, 319, -8749, 7814, 143344, 13208, -19871, 49842
17215.3, 940, 448, -8547, 7415, 143344, 7328, -18734, 49842
17219.1, 2029, 448, -8547, 7415, 143344, 7328, -18734, 49848
17223.3, 1951, 686, -8423, 7185, 143344, 10259, -17110, 49848
17227.0, 1084, 686, -8423, 7185, 143344, 10259, -17110, 49860
17230.8, 360, 686, -8423, 7185, 143344, 10259, -17110, 49800
17235.0, 2274, 1120, -8064, 7320, 143344, 10753, -15255, 49800
17238.8, 3130, 1120, -8064, 7320, 143344, 10753, -15255, 49888
17243.0, 1483, 1600, -7825, 8173, 143344, 8347, -10543, 49888
17246.7, 733, 1600, -7825, 8173, 143344, 8347, -10543, 49865
17252.5, 1359, 1440, -7287, 7555, 143344, 1378, -5306, 49876
17256.2, 1437, 1440, -7287, 7555, 143344, 1378, -5306, 49884
17258.5, 523, 1440, -7287, 7555, 143344, 1378, -5306, 49884
17264.3, 1385, 1213, -6789, 6329, 143344, -1233, 2620, 49888
17266.5, 1296, 1213, -6789, 6329, 143344, -1233, 2620, 49888
17270.8, 2849, 423, -6745, 7503, 143344, 4256, 13147, 49888
17274.6, 1294, 423, -6745, 7503, 143344, 4256, 13147, 49709
17276.9, 56, 423, -6745, 7503, 143344, 4256, 13147, 49709
17282.6, 1839, -116, -6745, 8096, 143344, 7175, 18707, 49935
17286.3, 2490, -116, -6745, 8096, 143344, 7175, 18707, 49917
17290.5, 1946, -259, -6617, 7764, 143344, 8925, 15509, 49917
17294.3, 1391, -259, -6617, 7764, 143344, 8925, 15509, 49919
17296.6, 135, -259, -6617, 7764, 143344, 8925, 15509, 49919
17300.8, 1607, -173, -6253, 8270, 143344, 11261, 10141, 49919
17304.6, 1770, -173, -6253, 8270, 143344, 11261, 10141, 49955
17306.9, 580, -173, -6253, 8270, 143344, 11261, 10141, 49955
17312.6, 1731, 292, -5938, 8539, 143344, 8010, 9218, 49917
17316.4, 1999, 292, -5938, 8539, 143344, 8010, 9218, 49927
17320.6, 1598, 604, -5377, 8577, 143344, -3150, 14092, 49927
17324.4, 966, 604, -5377, 8577, 143344, -3150, 14092, 49928
17328.6, 1512, 640, -5005, 8046, 143344, -17548, 21792, 49928
17332.4, 2098, 640, -5005, 8046, 143344, -17548, 21792, 49947
17336.2, 1895, 640, -5005, 8046, 143344, -17548, 21792, 49932
17340.5, 1372, 495, -4281, 8152, 143344, -25585, 27807, 49932
17344.2, 1190, 495, -4281, 8152, 143344, -25585, 27807, 49930
17348.5, 1259, 345, -3584, 8045, 143344, -27724, 29347, 49930
17352.2, 1319, 345, -3584, 8045, 143344, -27724, 29347, 49932
17355.9, 2444, 345, -3584, 8045, 143344, -27724, 29347, 49906
17360.2, 1693, 406, -3084, 8271, 143344, -23607, 27895, 49906
17364.0, 1344, 406, -3084, 8271, 143344, -23607, 27895, 49948
17368.2, 917, 318, -2408, 8280, 143344, -17915, 25589, 49948
17371.9, 1387, 318, -2408, 8280, 143344, -17915, 25589, 49938
17375.7, 2177, 318, -2408, 8280, 143344, -17915, 25589, 49936
17380.0, 2517, 498, -1891, 8401, 143344, -13037, 24137, 49936
17383.7, 1338, 498, -1891, 8401, 143344, -13037, 24137, 49958
17387.9, 871, 585, -1420, 8412, 143344, -9270, 26145, 49958
17391.6, 1019, 585, -1420, 8412, 143344, -9270, 26145, 49959
17393.9, 318, 585, -1420, 8412, 143344, -9270, 26145, 49959
17399.6, 1938, 181, -1231, 7945, 143344, -6479, 30800, 49936
17403.3, 1606, 181, -1231, 7945, 143344, -6479, 30800, 49933
17409.0, 1183, -500, -1444, 8107, 143344, 310, 34453, 49932
17412.8, 2036, -500, -1444, 8107, 143344, 310, 34453, 49935
17418.5, 1631, -500, -1491, 9046, 143344, 11611, 32931, 49939
17420.7, 446, -500, -1491, 9046, 143344, 11611, 32931, 49939
17423.1, 109, -500, -1491, 9046, 143344, 11611, 32931, 49939
17428.8, 1660, -1133, -1366, 9418, 143344, 20624, 25476, 49979
17431.1, 899, -1133, -1366, 9418, 143344, 20624, 25476, 49979
17433.3, 780, -1133, -1366, 9418, 143344, 20624, 25476, 49979
17439.0, 1322, -1354, -918, 9865, 143344, 17955, 14516, 49946
17441.3, 44, -1354, -918, 9865, 143344, 17955, 14516, 49946
17445.6, 2285, -1354, -918, 9865, 143344, 17955, 4956, 49946
17449.3, 1586, -1354, -918, 9865, 143344, 17955, 4956, 49943
17451.6, 133, -1354, -918, 9865, 143344, 17955, 4956, 49943
17455.9, 2219, -1177, -224, 9459, 143344, 5635, 1924, 49943
17459.7, 2166, -1177, -224, 9459, 143344, 5635, 1924, 49881
17462.0, 551, -1177, -224, 9459, 143344, 5635, 1924, 49881
17467.7, 2512, -1012, 337, 9712, 143344, -1885, 4081, 49873
17471.4, 1921, -1012, 337, 9712, 143344, -1885, 4081, 49870
17475.7, 1535, -641, 498, 9712, 143344, -10491, 7949, 49870
17479.5, 1247, -641, 498, 9712, 143344, -10491, 7949, 49871
17483.7, 1256, -302, 874, 9335, 143344, -10491, 7949, 49871
17487.5, 1013, -302, 874, 9335, 143344, -10491, 7949, 49878
17491.2, 1105, -302, 874, 9335, 143344, -10491, 7949, 49869
17495.5, 2420, 55, 846, 8916, 143344, -14087, 6400, 49869
17499.3, 2275, 55, 846, 8916, 143344, -14087, 6400, 49867
17503.5, 1562, 251, 1006, 8584, 143344, -14087, 6400, 49867
17507.2, 1382, 251, 1006, 8584, 143344, -14087, 6400, 49898
17511.0, 1265, 251, 1006, 8584, 143344, -14087, 6400, 49859
17515.3, 880, 373, 890, 8785, 143344, -6654, -2375, 49859
17519.1, 1683, 373, 890, 8785, 143344, -6654, -2375, 49851
17523.3, 1632, 141, 1327, 8500, 143344, -6654, -2375, 49851
17527.0, 1388, 141, 1327, 8500, 143344, -6654, -2375, 49838
17530.8, 2576, 141, 1327, 8500, 143344, -6654, -2375, 49838
17535.0, 2122, 22, 2012, 9433, 143344, 17320, -9113, 49838
17538.8, 1203, 22, 2012, 9433, 143344, 17320, -9113, 49826
17543.0, 953, -720, 2025, 9433, 143344, 17320, -9113, 49826
17546.7, 1237, -720, 2025, 9433, 143344, 17320, -9113, 49777
17550.5, 2318, -720, 2025, 9433, 143344, 17320, -9113, 49803
17554.7, 2001, -1194, 2576, 8848, 143344, 8964, -19009, 49803
17558.4, 817, -1194, 2576, 8848, 143344, 8964, -19009, 49796
17564.2, 1075, -1159, 2901, 7730, 143344, 8955, -20020, 49772
17567.9, 1131, -1159, 2901, 7730, 143344, 8955, -20020, 49715
17573.6, 2750, -571, 3914, 8413, 143344, 8955, -19880, 49751
17577.3, 1434, -571, 3914, 8413, 143344, 8955, -19880, 49733
17583.0, 1713, -451, 4205, 7637, 143344, 11554, -19880, 49712
17586.8, 1889, -451, 4205, 7637, 143344, 11554, -19880, 49742
17591.0, 1534, -185, 4123, 7308, 143344, 10880, -18305, 49742
17594.8, 1342, -185, 4123, 7308, 143344, 10880, -18305, 49696
17597.0, 222, -185, 4123, 7308, 143344, 10880, -18305, 49696
17602.8, 1810, -588, 3998, 7691, 143344, 14958, -18152, 49697
17606.5, 1720, -588, 3998, 7691, 143344, 14958, -18152, 49672
17610.8, 1428, -1063, 3759, 7336, 143344, 11375, -20816, 49672
17614.5, 1027, -1063, 3759, 7336, 143344, 11375, -20816, 49672
17616.8, 50, -1063, 3759, 7336, 143344, 11375, -20816, 49672
17621.0, 1371, -1194, 4425, 7479, 143344, 6247, -26184, 49672
17624.8, 1696, -1194, 4425, 7479, 143344, 6247, -26184, 49678
17627.1, 748, -1194, 4425, 7479, 143344, 6247, -26184, 49678
17632.8, 1375, -1003, 5751, 8818, 143344, 17443, -33062, 49659
17636.6, 1352, -1003, 5751, 8818, 143344, 17443, -33062, 49647
17640.8, 1304, -562, 6812, 8601, 126772, 33425, -37039, 49647
17644.5, 1306, -562, 6812, 8601, 126772, 33425, -37039, 49639
17648.8, 2035, 261, 6446, 7696, 115475, 40272, -32112, 49639
17652.5, 1895, 261, 6446, 7696, 115475, 40272, -32112, 49659
17656.3, 1493, 261, 6446, 7696, 115475, 40272, -32112, 49624
17660.6, 1520, 665, 5586, 6920, 127384, 36706, -19862, 49624
17664.3, 1756, 665, 5586, 6920, 127384, 36706, -19862, 49597
17668.5, 1468, 620, 4281, 6461, 140492, 29899, -12079, 49597
17672.3, 963, 620, 4281, 6461, 140492, 29899, -12079, 49604
17676.0, 1430, 620, 4281, 6461, 140492, 29899, -12079, 49595
17680.3, 1492, -251, 3745, 6213, 143344, 23301, -15894, 49595
17684.1, 1418, -251, 3745, 6213, 143344, 23301, -15894, 49588
17688.3, 1437, -1359, 3722, 6466, 143344, 21761, -22960, 49588
17692.0, 1409, -1359, 3722, 6466, 143344, 21761, -22960, 49588
17695.8, 1547, -1359, 3722, 6466, 143344, 21761, -22960, 49593
17700.0, 1329, -1674, 4471, 5822, 143344, 19692, -29282, 49593
17703.8, 1348, -1674, 4471, 5822, 143344, 19692, -29282, 49580
17708.0, 2101, -1968, 5022, 5658, 143344, 18419, -29964, 49580
17711.7, 1390, -1968, 5022, 5658, 143344, 18419, -29964, 49615
17715.5, 1215, -1968, 5022, 5658, 143344, 18419, -29964, 49636
17719.7, 1395, -2241, 5438, 5866, 143344, 11751, -28127, 49636
17723.4, 1432, -2241, 5438, 5866, 143344, 11751, -28127, 49648
17729.2, 1394, -2297, 5796, 6543, 143344, 8015, -27777, 49580
17732.9, 1476, -2297, 5796, 6543, 143344, 8015, -27777, 49653
17738.6, 1432, -2221, 6431, 5628, 143344, 11475, -28105, 49652
17740.8, 54, -2221, 6431, 5628, 143344, 11475, -28105, 49652
17743.1, 49, -2221, 6431, 5628, 143344, 11475, -28105, 49652
17748.8, 1635, -2487, 6669, 5341, 135220, 8645, -28770, 49629
17751.1, 191, -2487, 6669, 5341, 135220, 8645, -28770, 49629
17753.4, 62, -2487, 6669, 5341, 135220, 8645, -28770, 49629
17759.1, 1506, -2462, 6622, 5289, 124427, 4663, -29063, 49630
17761.4, 59, -2462, 6622, 5289, 124427, 4663, -29063, 49630
17765.6, 1377, -1661, 6647, 5338, 117186, 608, -29597, 49630
17769.3, 1254, -1661, 6647, 5338, 117186, 608, -29597, 49596
17771.6, 44, -1661, 6647, 5338, 117186, 608, -29597, 49596
17775.8, 1328, -802, 6914, 6506, 117216, -1850, -30572, 49596
17779.5, 1321, -802, 6914, 6506, 117216, -1850, -30572, 49566
17781.8, 54, -802, 6914, 6506, 117216, -1850, -30572, 49566
17786.0, 1453, 23, 7741, 7579, 116586, -2226, -29802, 49566
17789.7, 1324, 23, 7741, 7579, 116586, -2226, -29802, 49551
17792.0, 54, 23, 7741, 7579, 116586, -2226, -29802, 49551
17797.7, 1429, 450, 7768, 6737, 107294, -11935, -26911, 49552
17801.4, 1398, 450, 7768, 6737, 107294, -11935, -26911, 49533
17805.7, 1303, 284, 6890, 4962, 99467, -27733, -22693, 49533
17809.5, 1254, 284, 6890, 4962, 99467, -27733, -22693, 49516
17813.7, 1230, 86, 6606, 2703, 98526, -29544, -17198, 49516
17817.5, 1278, 86, 6606, 2703, 98526, -29544, -17198, 49498
17821.2, 1328, 86, 6606, 2703, 98526, -29544, -17198, 49509
17825.5, 1221, -513, 6329, 2484, 95398, -16568, -12272, 49509
17829.3, 1200, -513, 6329, 2484, 95398, -16568, -12272, 49497
17833.5, 1262, -769, 6711, 2860, 92790, 1684, -8601, 49497
17837.3, 1236, -769, 6711, 2860, 92790, 1684, -8601, 49482
17841.0, 1269, -769, 6711, 2860, 92790, 1684, -8601, 49454
17845.3, 1236, -740, 7197, 3533, 87103, 21000, -7026, 49454
17849.1, 1248, -740, 7197, 3533, 87103, 21000, -7026, 49478
17853.3, 1270, -317, 7808, 4393, 82907, 35774, -7551, 49478
17857.0, 1268, -317, 7808, 4393, 82907, 35774, -7551, 49451
17860.8, 1224, -317, 7808, 4393, 82907, 35774, -7551, 49469
17865.1, 1197, -319, 7899, 5450, 81000, 36938, -10242, 49469
17868.9, 1142, -319, 7899, 5450, 81000, 36938, -10242, 49490
17873.1, 1271, -876, 7472, 5062, 80396, 25878, -13921, 49490
17876.8, 1237, -876, 7472, 5062, 80396, 25878, -13921, 49449
17880.6, 1138, -876, 7472, 5062, 80396, 25878, -13921, 49472
17884.9, 1165, -1655, 7625, 4275, 76126, 16909, -19232, 49472
17888.6, 1186, -1655, 7625, 4275, 76126, 16909, -19232, 49472
17892.8, 1202, -2423, 8333, 3655, 70259, 13418, -21061, 49472
17896.5, 1118, -2423, 8333, 3655, 70259, 13418, -21061, 49445
17898.8, 46, -2423, 8333, 3655, 70259, 13418, -21061, 49445
17904.6, 1214, -2746, 9009, 3431, 63701, 12985, -16852, 49493
17906.8, 42, -2746, 9009, 3431, 63701, 12985, -16852, 49493
17912.6, 1260, -2725, 9098, 3343, 58774, 13995, -10683, 49440
17916.3, 1139, -2725, 9098, 3343, 58774, 13995, -10683, 49534
17920.5, 1139, -2118, 8962, 3571, 56420, 8260, -3622, 49534
17924.3, 1142, -2118, 8962, 3571, 56420, 8260, -3622, 49557
17926.6, 43, -2118, 8962, 3571, 56420, 8260, -3622, 49557
17930.8, 1114, -1388, 8955, 3224, 56998, 5665, 2095, 49557
17934.6, 1214, -1388, 8955, 3224, 56998, 5665, 2095, 49579
17936.8, 49, -1388, 8955, 3224, 56998, 5665, 2095, 49579
17942.6, 1164, -1582, 9408, 3159, 56049, 6558, 2795, 49614
17946.3, 1117, -1582, 9408, 3159, 56049, 6558, 2795, 49671
17950.6, 1067, -1612, 9318, 2742, 61404, 12582, -1526, 49671
17954.7, 768, -1612, 9318, 2742, 61404, 12582, -1526, 49704
17957.0, 29, -1612, 9318, 2742, 61404, 12582, -1526, 49704
17962.7, 1218, -1891, 9387, 3263, 62239, 19998, -8522, 49737
17966.4, 1095, -1891, 9387, 3263, 62239, 19998, -8522, 49762
17970.7, 972, -1794, 8707, 3326, 60144, 22234, -14870, 49762
17974.5, 1065, -1794, 8707, 3326, 60144, 22234, -14870, 49742
17978.7, 1038, -1794, 8707, 3177, 58135, 20580, -15207, 49742
17982.5, 1074, -1794, 8707, 3177, 58135, 20580, -15207, 49766
17986.2, 1064, -1794, 8707, 3177, 58135, 20580, -15207, 49774
17990.5, 1034, -1831, 8315, 3277, 54080, 19442, -10749, 49774
17994.3, 990, -1831, 8315, 3277, 54080, 19442, -10749, 49754
17998.5, 909, -1831, 8187, 3218, 51315, 16415, -6103, 49754
18002.3, 1073, -1831, 8187, 3218, 51315, 16415, -6103, 49773
18006.0, 1032, -1831, 8187, 3218, 51315, 16415, -6103, 49757
18010.3, 946, -1771, 8281, 3074, 49350, 14319, -5665, 49757
18014.1, 1043, -1771, 8281, 3074, 49350, 14319, -5665, 49745
18018.3, 910, -1771, 9010, 2781, 46065, 11585, -9060, 49745
18022.1, 982, -1771, 9010, 2781, 46065, 11585, -9060, 49739
18025.8, 1033, -1771, 9010, 2781, 46065, 11585, -9060, 49728
18030.1, 966, -2014, 9495, 2882, 42315, 11125, -11974, 49728
18033.9, 1023, -2014, 9495, 2882, 42315, 11125, -11974, 49725
18038.1, 1036, -1850, 10585, 2629, 44231, 11108, -9664, 49725
18041.8, 996, -1850, 10585, 2629, 44231, 11108, -9664, 49733
18045.6, 1029, -1850, 10585, 2629, 44231, 11108, -9664, 49746
18049.9, 961, -1570, 10780, 2662, 45435, 9891, -2979, 49746
18053.6, 1092, -1570, 10780, 2662, 45435, 9891, -2979, 49760
18057.9, 1030, -1707, 10768, 2369, 42827, 6619, 5748, 49760
18061.6, 1050, -1707, 10768, 2369, 42827, 6619, 5748, 49321
18065.9, 1055, -1707, 10768, 2369, 42827, 6619, 5748, 49321
18069.6, 1126, -1707, 10768, 2369, 42827, 6619, 5748, 49309
18071.9, 32, -1707, 10768, 2369, 42827, 6619, 5748, 49309
18077.6, 1215, -1886, 10234, 1646, 40731, 4926, 12044, 49274
18081.3, 1121, -1886, 10234, 1646, 40731, 4926, 12044, 49261
18085.6, 1130, -2157, 9592, 1817, 39568, 6286, 13851, 49261
18089.4, 1117, -2157, 9592, 1817, 39568, 6286, 13851, 49243
18091.7, 30, -2157, 9592, 1817, 39568, 6286, 13851, 49243
18095.9, 1105, -2572, 9728, 1704, 36470, 10351, 11313, 49243
18099.6, 1225, -2572, 9728, 1704, 36470, 10351, 11313, 49213
18101.9, 37, -2572, 9728, 1704, 36470, 10351, 11313, 49213
18107.6, 1294, -2896, 9826, 1682, 30656, 15544, 5503, 49233
18111.3, 1165, -2896, 9826, 1682, 30656, 15544, 5503, 49192
18115.6, 1130, -3016, 9943, 1811, 24290, 15544, 5503, 49192
18119.4, 1124, -3016, 9943, 1811, 24290, 15544, 5503, 49190
18121.7, 30, -3016, 9943, 1811, 24290, 15544, 5503, 49190
18125.9, 1185, -2877, 9982, 1918, 15032, 13260, 3714, 49190
18129.6, 1192, -2877, 9982, 1918, 15032, 13260, 3714, 49165
18133.8, 1206, -2577, 9825, 2077, 15032, 13260, 3714, 49165
18137.6, 1165, -2577, 9825, 2077, 15032, 13260, 3714, 49140
18141.3, 1181, -2577, 9825, 2077, 15032, 13260, 3714, 49140
18145.6, 1165, -2514, 9646, 2188, 8636, 8837, 4252, 49140
18149.4, 1175, -2514, 9646, 2188, 8636, 8837, 4252, 49132
18153.6, 1180, -2240, 9690, 2209, 8636, 8837, 4252, 49132
18157.3, 1142, -2240, 9690, 2209, 8636, 8837, 4252, 49115
18161.1, 1175, -2240, 9690, 2209, 8636, 8837, 4252, 49140
18165.3, 1218, -1968, 9379, 2182, 2406, 6663, 3390, 49140
18169.1, 1210, -1968, 9379, 2182, 2406, 6663, 3390, 49120
18173.3, 1228, -1739, 9269, 2161, 2406, 6663, 3390, 49120
18177.0, 1181, -1739, 9269, 2161, 2406, 6663, 3390, 49124
18180.8, 1159, -1739, 9269, 2161, 2406, 6663, 3390, 49129
18185.0, 1233, -1529, 9296, 2093, -5840, 8815, 3421, 49129
18188.7, 1172, -1529, 9296, 2093, -5840, 8815, 3421, 49131
18192.9, 1191, -1487, 9312, 2065, -5840, 8815, 3421, 49131
18196.7, 1165, -1487, 9312, 2065, -5840, 8815, 3421, 49149
18199.0, 36, -1487, 9312, 2065, -5840, 8815, 3421, 49149
18204.8, 1170, -1473, 9157, 1895, -15220, 9756, 10027, 49117
18208.5, 1190, -1473, 9157, 1895, -15220, 9756, 10027, 49152
18212.7, 1163, -1548, 9351, 1777, -15220, 9756, 10027, 49152
18216.5, 1118, -1548, 9351, 1777, -15220, 9756, 10027, 49159
18218.8, 34, -1548, 9351, 1777, -15220, 9756, 10027, 49159
18224.5, 1270, -1512, 9180, 1759, -19342, 9314, 14017, 49171
18226.8, 34, -1512, 9180, 1759, -19342, 9314, 14017, 49171
18232.5, 1239, -1463, 9110, 2135, -21407, 7288, 15220, 49143
18236.2, 1140, -1463, 9110, 2135, -21407, 7288, 15220, 49181
18240.5, 1205, -1424, 9169, 2072, -22549, 5267, 14218, 49181
18244.2, 1199, -1424, 9169, 2072, -22549, 5267, 14218, 49191
18246.5, 34, -1424, 9169, 2072, -22549, 5267, 14218, 49191
18250.7, 1149, -1493, 9193, 2104, -25401, 3640, 12941, 49191
18254.5, 1156, -1493, 9193, 2104, -25401, 3640, 12941, 49200
18256.7, 33, -1493, 9193, 2104, -25401, 3640, 12941, 49200
18260.9, 1116, -1640, 9369, 1826, -30594, 3543, 12280, 49200
18264.6, 1205, -1640, 9369, 1826, -30594, 3543, 12280, 49200
18266.9, 34, -1640, 9369, 1826, -30594, 3543, 12280, 49200
18272.6, 1300, -1859, 9243, 1901, -38518, 5775, 11795, 49211
18276.3, 1163, -1859, 9243, 1901, -38518, 5775, 11795, 49218
18280.6, 1190, -1802, 8419, 1774, -45496, 8303, 10876, 49218
18284.4, 1163, -1802, 8419, 1774, -45496, 8303, 10876, 49226
18286.6, 33, -1802, 8419, 1774, -45496, 8303, 10876, 49226
18290.9, 1125, -1654, 8780, 2284, -50763, 10911, 7791, 49226
18294.6, 1296, -1654, 8780, 2284, -50763, 10911, 7791, 49236
18298.8, 1205, -1572, 8868, 2476, -53095, 8006, 7389, 49236
18302.6, 1164, -1572, 8868, 2476, -53095, 8006, 7389, 49240
18306.3, 1162, -1572, 8868, 2476, -53095, 8006, 7389, 49251
18310.6, 1301, -1569, 8733, 2784, -56749, 5468, 5700, 49251
18314.4, 1224, -1569, 8733, 2784, -56749, 5468, 5700, 49209
18318.6, 1162, -1875, 8708, 2989, -60765, 2795, 3202, 49209
18322.3, 1146, -1875, 8708, 2989, -60765, 2795, 3202, 49248
18326.1, 1212, -1875, 8708, 2989, -60765, 2795, 3202, 49265
18330.4, 1221, -1552, 8727, 2889, -64864, -310, -284, 49265
18334.2, 1245, -1552, 8727, 2889, -64864, -310, -284, 49265
18338.4, 1245, -1507, 8641, 2694, -68321, -3215, -4248, 49265
18342.1, 1197, -1507, 8641, 2694, -68321, -3215, -4248, 49269
18345.9, 1203, -1507, 8641, 2694, -68321, -3215, -4248, 49271
18350.1, 1195, -1254, 9261, 2882, -72188, -5880, -5678, 49271
18353.9, 1194, -1254, 9261, 2882, -72188, -5880, -5678, 49274
18358.1, 1252, -1259, 9276, 2863, -73829, -5245, 371, 49274
18361.8, 1206, -1259, 9276, 2863, -73829, -5245, 371, 49269
18365.6, 1161, -1259, 9276, 2863, -73829, -5245, 371, 49226
18369.8, 1203, -1262, 9431, 3122, -73383, -3508, 10176, 49226
18373.5, 1198, -1262, 9431, 3122, -73383, -3508, 10176, 49274
18377.8, 1187, -1299, 9115, 3317, -76419, -1277, 18515, 49274
18381.5, 1146, -1299, 9115, 3317, -76419, -1277, 18515, 49270
18383.8, 36, -1299, 9115, 3317, -76419, -1277, 18515, 49270
18389.5, 1327, -1320, 9043, 3072, -80483, 3696, 22050, 49266
18391.8, 39, -1320, 9043, 3072, -80483, 3696, 22050, 49266
18397.5, 1348, -1694, 9240, 3410, -81743, 7634, 23957, 49252
18401.2, 1180, -1694, 9240, 3410, -81743, 7634, 23957, 49244
18405.5, 1165, -1446, 9017, 3375, -86429, 8592, 24128, 49244
18409.2, 1198, -1446, 9017, 3375, -86429, 8592, 24128, 49176
18411.5, 37, -1446, 9017, 3375, -86429, 8592, 24128, 49176
18415.8, 1144, -1340, 9058, 3521, -91500, 7236, 23905, 49176
18419.5, 1476, -1340, 9058, 3521, -91500, 7236, 23905, 49227
18421.8, 190, -1340, 9058, 3521, -91500, 7236, 23905, 49227
18427.5, 1008, -1340, 8833, 3859, -95608, 4291, 23393, 49221
18431.2, 896, -1340, 8833, 3859, -95608, 4291, 23393, 49216
18435.5, 1196, -1092, 9199, 4370, -98959, -1207, 24710, 49216
18439.2, 1138, -1092, 9199, 4370, -98959, -1207, 24710, 49183
18441.5, 39, -1092, 9199, 4370, -98959, -1207, 24710, 49183
18445.8, 1152, -1635, 9620, 5762, -101081, -12849, 30936, 49183
18449.5, 1282, -1635, 9620, 5762, -101081, -12849, 30936, 49198
18451.8, 53, -1635, 9620, 5762, -101081, -12849, 30936, 49198
18457.6, 1182, -1368, 9529, 4148, -97502, -27567, 39056, 49195
18461.3, 935, -1368, 9529, 4148, -97502, -27567, 39056, 49197
18465.6, 1162, -1207, 9034, 3069, -101331, -25738, 42871, 49197
18469.3, 1662, -1207, 9034, 3069, -101331, -25738, 42871, 49225
18473.6, 1812, -1114, 8059, 3041, -108313, -12027, 41252, 49225
18477.3, 1068, -1114, 8059, 3041, -108313, -12027, 41252, 49191
18481.1, 1027, -1114, 8059, 3041, -108313, -12027, 41252, 49192
18485.3, 1305, -1010, 7338, 3635, -110006, 2673, 36273, 49192
18489.0, 1154, -1010, 7338, 3635, -110006, 2673, 36273, 49170
18493.2, 1616, -1059, 7507, 4931, -113594, 15833, 34024, 49170
18497.0, 1353, -1059, 7507, 4931, -113594, 15833, 34024, 49147
18500.8, 1180, -1059, 7507, 4931, -113594, 15833, 34024, 49183
18505.0, 1323, -923, 7071, 6050, -117877, 20969, 37971, 49183
18508.8, 1322, -923, 7071, 6050, -117877, 20969, 37971, 49189
18513.0, 1395, -1133, 6707, 6624, -124256, 18174, 39905, 49189
18516.7, 1203, -1133, 6707, 6624, -124256, 18174, 39905, 49236
18519.0, 59, -1133, 6707, 6624, -124256, 18174, 39905, 49236
18524.8, 1698, -1189, 6233, 6184, -133811, 9327, 33316, 49192
18528.5, 1515, -1189, 6233, 6184, -133811, 9327, 33316, 49195
18532.7, 1327, -1104, 6554, 5210, -141376, 262, 21962, 49195
18536.5, 1222, -1104, 6554, 5210, -141376, 262, 21962, 49180
18538.8, 52, -1104, 6554, 5210, -141376, 262, 21962, 49180
18544.5, 1313, -1643, 7379, 6198, -143279, -3333, 14284, 49203
18548.3, 1848, -1643, 7379, 6198, -143279, -3333, 14284, 49181
18554.0, 1561, -1390, 8152, 5451, -143344, -2515, 15618, 49170
18556.2, 133, -1390, 8152, 5451, -143344, -2515, 15618, 49170
18560.5, 1310, -1345, 7992, 5779, -143344, 4090, 25196, 49170
18564.3, 1357, -1345, 7992, 5779, -143344, 4090, 25196, 49156
18566.5, 270, -1345, 7992, 5779, -143344, 4090, 25196, 49156
18570.8, 1668, -908, 7256, 6449, -143344, 9108, 40123, 49156
18574.5, 1409, -908, 7256, 6449, -143344, 9108, 40123, 49148
18576.8, 68, -908, 7256, 6449, -143344, 9108, 40123, 49148
18581.0, 1396, -294, 6119, 6580, -143344, 12932, 51892, 49148
18584.8, 1458, -294, 6119, 6580, -143344, 12932, 51892, 49123
18587.0, 125, -294, 6119, 6580, -143344, 12932, 51892, 49123
18592.8, 1408, 31, 4747, 6628, -143344, 14494, 54032, 50198
18596.5, 1713, 31, 4747, 6628, -143344, 14494, 54032, 50187
18600.8, 1614, 382, 4160, 5136, -143344, 14988, 46616, 50187
18604.5, 1438, 382, 4160, 5136, -143344, 14988, 46616, 50198
18606.8, 132, 382, 4160, 5136, -143344, 14988, 46616, 50198
18611.0, 1371, 364, 3763, 5389, -143344, 20287, 35569, 50198
18614.7, 1522, 364, 3763, 5389, -143344, 20287, 35569, 50170
18618.9, 1646, 364, 3763, 5389, -143344, 36881, 27856, 50170
18622.7, 1529, 364, 3763, 5389, -143344, 36881, 27856, 50171
18626.4, 1129, 364, 3763, 5389, -143344, 36881, 27856, 50162
18630.6, 1459, -448, 4390, 6750, -143344, 39493, 25957, 50162
18634.4, 1844, -448, 4390, 6750, -143344, 39493, 25957, 50157
18638.6, 1695, -448, 4390, 6750, -143344, 36912, 30516, 50157
18642.3, 1300, -448, 4390, 6750, -143344, 36912, 30516, 50162
18646.1, 1241, -448, 4390, 6750, -143344, 36912, 30516, 50149
18650.3, 1410, -645, 4021, 8364, -143344, 42420, 37034, 50149
18654.0, 1500, -645, 4021, 8364, -143344, 42420, 37034, 50180
18658.2, 1343, -645, 4021, 8364, -139997, 38614, 37218, 50180
18661.9, 1084, -645, 4021, 8364, -139997, 38614, 37218, 50168
18665.7, 1572, -645, 4021, 8364, -139997, 38614, 37218, 50118
18669.9, 2101, -677, 3299, 8528, -137556, 23992, 31102, 50118
18673.7, 1623, -677, 3299, 8528, -137556, 23992, 31102, 50181
18677.9, 1255, -677, 3299, 8528, -141222, 7638, 24513, 50181
18681.6, 1258, -677, 3299, 8528, -141222, 7638, 24513, 50126
18683.9, 152, -677, 3299, 8528, -141222, 7638, 24513, 50126
18689.6, 1668, -1746, 3763, 6974, -139726, 1509, 22597, 50095
18693.3, 1330, -1746, 3763, 6974, -139726, 1509, 22597, 50081
18699.0, 1477, -1561, 4012, 8907, -139127, 12101, 25301, 50024
18702.8, 1308, -1561, 4012, 8907, -139127, 12101, 25301, 50002
18708.5, 1559, -1561, 4012, 8907, -139127, 12101, 25301, 49985
18710.7, 223, -1561, 4012, 8907, -139127, 12101, 25301, 49985
18713.0, 42, -1561, 4012, 8907, -139127, 12101, 25301, 49985
18718.7, 1327, -1518, 3838, 9604, -142334, 10346, 34038, 49968
18720.9, 88, -1518, 3838, 9604, -142334, 10346, 34038, 49968
18723.2, 102, -1518, 3838, 9604, -142334, 10346, 34038, 49968
18728.9, 1691, -1069, 3005, 8158, -141030, 3928, 35411, 49953
18731.2, 135, -1069, 3005, 8158, -141030, 3928, 35411, 49953
18735.5, 1168, -912, 1896, 9075, -141030, 3928, 35411, 49953
18739.2, 1885, -912, 1896, 9075, -141030, 3928, 35411, 49999
18741.5, 1720, -912, 1896, 9075, -141030, 3928, 35411, 49999
18745.8, 2090, -713, 1338, 10297, -134012, 7818, 31360, 49999
18749.5, 1566, -713, 1338, 10297, -134012, 7818, 31360, 50033
18751.8, 212, -713, 1338, 10297, -134012, 7818, 31360, 50033
18757.6, 1336, -665, 698, 9747, -129642, -1758, 24500, 49992
18761.3, 1312, -665, 698, 9747, -129642, -1758, 24500, 50018
18765.6, 1588, -1421, 565, 9019, -125901, -14643, 21494, 50018
18769.3, 1586, -1421, 565, 9019, -125901, -14643, 21494, 50021
18771.6, 247, -1421, 565, 9019, -125901, -14643, 21494, 50021
18775.9, 1177, -1883, 726, 7317, -134397, -16100, 22426, 50021
18779.7, 1284, -1883, 726, 7317, -134397, -16100, 22426, 50021
18783.9, 1453, -2495, 528, 7824, -141883, -7021, 23887, 50021
18787.6, 1537, -2495, 528, 7824, -141883, -7021, 23887, 50017
18791.4, 1497, -2495, 528, 7824, -141883, -7021, 23887, 49996
18795.7, 1585, -1887, 764, 10018, -143344, 6715, 21512, 49996
18799.5, 1598, -1887, 764, 10018, -143344, 6715, 21512, 49970
18803.7, 1551, 198, 992, 9637, -143344, 7564, 17955, 49970
18807.5, 1502, 198, 992, 9637, -143344, 7564, 17955, 49949
18811.2, 1557, 198, 992, 9637, -143344, 7564, 17955, 49927
18815.5, 1326, 1227, 1365, 9002, -143344, 1137, 23485, 49927
18819.2, 1273, 1227, 1365, 9002, -143344, 1137, 23485, 49902
18823.4, 1927, 727, 1060, 8416, -139297, -428, 23485, 49902
18827.1, 1990, 727, 1060, 8416, -139297, -428, 23485, 49888
18830.9, 1594, 727, 1060, 8416, -139297, -428, 23485, 49835
18835.1, 1575, -832, 410, 7731, -134275, 10193, 28700, 49835
18838.9, 1408, -832, 410, 7731, -134275, 10193, 28700, 49888
18843.1, 1465, -2117, -492, 7971, -132730, 32506, 31806, 49888
18846.9, 1318, -2117, -492, 7971, -132730, 32506, 31806, 49910
18850.6, 1406, -2117, -492, 7971, -132730, 32506, 31806, 49928
18854.9, 1570, -2617, -1411, 9388, -138331, 54145, 22592, 49928
18858.7, 1616, -2617, -1411, 9388, -138331, 54145, 22592, 49965
18862.8, 1673, -2215, -1966, 10464, -142097, 58695, 22592, 49965
18866.6, 1383, -2215, -1966, 10464, -142097, 58695, 22592, 49978
18868.9, 58, -2215, -1966, 10464, -142097, 58695, 22592, 49978
18874.6, 1364, -1515, -1908, 11405, -141914, 42376, 11611, 49938
18876.9, 67, -1515, -1908, 11405, -141914, 42376, 11611, 49938
18882.6, 1731, -1051, -1286, 11074, -142032, 19757, 861, 50000
18886.3, 2113, -1051, -1286, 11074, -142032, 19757, 861, 49976
18890.6, 1798, -1432, -431, 9599, -142557, 4274, -4340, 49976
18894.3, 1624, -1432, -431, 9599, -142557, 4274, -4340, 49955
18896.6, 480, -1432, -431, 9599, -142557, 4274, -4340, 49955
18900.8, 1648, -2234, -127, 8877, -139411, 573, -1785, 49955
18904.5, 1274, -2234, -127, 8877, -139411, 573, -1785, 49973
18906.8, 71, -2234, -127, 8877, -139411, 573, -1785, 49973
18911.1, 1442, -2575, -176, 9997, -132245, 11099, 5398, 49973
18914.8, 1456, -2575, -176, 9997, -132245, 11099, 5398, 49937
18917.1, 271, -2575, -176, 9997, -132245, 11099, 5398, 49937
18922.9, 1749, -2634, -638, 10631, -133916, 17325, 10500, 49915
18926.6, 1690, -2634, -638, 10631, -133916, 17325, 10500, 49919
18930.9, 1476, -1781, -1524, 10016, -138068, 6680, 9511, 49919
18934.6, 1034, -1781, -1524, 10016, -138068, 6680, 9511, 49925
18938.9, 1613, -956, -1964, 10374, -132048, -4541, 4283, 49925
18942.6, 1449, -956, -1964, 10374, -132048, -4541, 4283, 49920
18946.4, 1470, -956, -1964, 10374, -132048, -4541, 4283, 49920
18950.6, 1842, -446, -1913, 10465, -126548, -9611, -1045, 49920
18954.3, 1901, -446, -1913, 10465, -126548, -9611, -1045, 49927
18958.5, 1561, -692, -1877, 9309, -130661, -8133, -1837, 49927
18962.3, 1463, -692, -1877, 9309, -130661, -8133, -1837, 49935
18966.1, 1295, -692, -1877, 9309, -130661, -8133, -1837, 49918
18970.3, 1446, -1490, -2353, 9518, -125967, -5460, 4633, 49918
18974.1, 1321, -1490, -2353, 9518, -125967, -5460, 4633, 49918
18978.3, 1554, -1825, -2710, 9686, -123175, -4471, 13033, 49918
18982.0, 2065, -1825, -2710, 9686, -123175, -4471, 13033, 49894
18985.8, 1886, -1825, -2710, 9686, -123175, -4471, 13033, 49887
18990.1, 1484, -1782, -3255, 9623, -130197, -6496, 15203, 49887
18993.8, 998, -1782, -3255, 9623, -130197, -6496, 15203, 49877
18998.0, 1270, -1616, -3697, 10107, -125253, -15028, 10290, 49877
19001.7, 1564, -1616, -3697, 10107, -125253, -15028, 10290, 49874
19005.5, 1886, -1616, -3697, 10107, -125253, -15028, 10290, 49899
19009.7, 1707, -1473, -3305, 10094, -116311, -24635, 3596, 49899
19013.4, 1248, -1473, -3305, 10094, -116311, -24635, 3596, 49882
19019.1, 1519, -1642, -3031, 9269, -115138, -32301, 1080, 49883
19022.9, 1269, -1642, -3031, 9269, -115138, -32301, 1080, 49892
19028.6, 1480, -1713, -2763, 9664, -115173, -28192, 5293, 49900
19032.3, 1487, -1713, -2763, 9664, -115173, -28192, 5293, 49920
19038.0, 1353, -1378, -3046, 9283, -121683, -20628, 13339, 49931
19041.8, 1419, -1378, -3046, 9283, -121683, -20628, 13339, 49931
19046.0, 1570, -535, -3555, 9296, -124632, -16275, 19101, 49931
19049.8, 1546, -535, -3555, 9296, -124632, -16275, 19101, 49947
19052.0, 653, -535, -3555, 9296, -124632, -16275, 19101, 49947
19057.8, 1908, 244, -3838, 9332, -123258, -15238, 19088, 49917
19061.5, 1449, 244, -3838, 9332, -123258, -15238, 19088, 49912
19065.8, 1589, 789, -4263, 10032, -117230, -17749, 15295, 49912
19069.5, 1402, 789, -4263, 10032, -117230, -17749, 15295, 49916
19071.8, 342, 789, -4263, 10032, -117230, -17749, 15295, 49916
19076.0, 1665, 405, -4163, 9924, -114701, -22207, 13392, 49916
19079.8, 1619, 405, -4163, 9924, -114701, -22207, 13392, 49944
19082.0, 213, 405, -4163, 9924, -114701, -22207, 13392, 49944
19087.8, 1512, -185, -4458, 8376, -119360, -29190, 17045, 49917
19091.5, 1505, -185, -4458, 8376, -119360, -29190, 17045, 49931
19095.8, 1579, -872, -4792, 8173, -119032, -26381, 24329, 49931
19099.5, 1736, -872, -4792, 8173, -119032, -26381, 24329, 49938
19103.7, 1721, -1045, -5287, 7353, -120450, -21669, 30222, 49938
19107.5, 1472, -1045, -5287, 7353, -120450, -21669, 30222, 49951
19111.3, 1461, -1045, -5287, 7353, -120450, -21669, 30222, 49961
19115.5, 1431, -845, -5905, 8515, -112224, -17005, 30835, 49961
19119.3, 1103, -845, -5905, 8515, -112224, -17005, 30835, 49973
19123.5, 1527, -651, -5688, 8783, -107075, -15916, 26631, 49973
19127.3, 2005, -651, -5688, 8783, -107075, -15916, 26631, 49975
19131.0, 2069, -651, -5688, 8783, -107075, -15916, 26631, 50000
19135.3, 1235, -652, -5757, 8297, -110693, -19582, 20055, 50000
19139.1, 1098, -652, -5757, 8297, -110693, -19582, 20055, 49973
19143.3, 1320, -967, -5683, 9717, -106309, -23835, 16157, 49973
19147.1, 1608, -967, -5683, 9717, -106309, -23835, 16157, 49971
19150.8, 1627, -967, -5683, 9717, -106309, -23835, 16157, 49987
19155.1, 1615, -1210, -5532, 8469, -110334, -31229, 17469, 49987
19158.8, 1549, -1210, -5532, 8469, -110334, -31229, 17469, 49984
19163.0, 1580, -1196, -5917, 7701, -115256, -34838, 21499, 49984
19166.7, 1366, -1196, -5917, 7701, -115256, -34838, 21499, 49995
19170.5, 1147, -1196, -5917, 7701, -115256, -34838, 21499, 49954
19174.7, 1479, -918, -6249, 8390, -114902, -31513, 24937, 49954
19178.4, 1496, -918, -6249, 8390, -114902, -31513, 24937, 50042
19184.2, 1437, -495, -6570, 8296, -114788, -27685, 26184, 50077
19187.9, 1506, -495, -6570, 8296, -114788, -27685, 26184, 50059
19193.6, 2042, -80, -6731, 7377, -115593, -27414, 25751, 50106
19195.8, 1172, -80, -6731, 7377, -115593, -27414, 25751, 50106
19198.1, 606, -80, -6731, 7377, -115593, -27414, 25751, 50106
19203.8, 1382, -10, -7071, 8022, -110334, -30419, 23494, 50173
19206.0, 62, -10, -7071, 8022, -110334, -30419, 23494, 50173
19208.3, 55, -10, -7071, 8022, -110334, -30419, 23494, 50173
19214.0, 1339, -284, -7192, 8227, -101965, -36457, 21385, 50154
19216.3, 53, -284, -7192, 8227, -101965, -36457, 21385, 50154
19220.5, 1321, -284, -7192, 8227, -100390, -43335, 21135, 50154
19224.3, 1794, -284, -7192, 8227, -100390, -43335, 21135, 50175
19226.6, 1433, -284, -7192, 8227, -100390, -43335, 21135, 50175
19230.8, 2182, -878, -7809, 7045, -101011, -45421, 22535, 50175
19234.5, 1591, -878, -7809, 7045, -101011, -45421, 22535, 50095
19236.8, 308, -878, -7809, 7045, -101011, -45421, 22535, 50095
19241.0, 1432, -699, -7934, 7523, -98067, -44630, 23612, 50095
19244.8, 1310, -699, -7934, 7523, -98067, -44630, 23612, 50189
19247.0, 533, -699, -7934, 7523, -98067, -44630, 23612, 50189
19252.8, 1690, -567, -8162, 7490, -96754, -46804, 22964, 50159
19256.5, 1468, -567, -8162, 7490, -96754, -46804, 22964, 50196
19260.8, 1254, -293, -7989, 7488, -94834, -48173, 20374, 50196
19264.5, 1273, -293, -7989, 7488, -94834, -48173, 20374, 50194
19268.7, 1542, -293, -7989, 7488, -94834, -48173, 20374, 50194
19272.5, 1545, -293, -7989, 7488, -94834, -48173, 20374, 50216
19276.2, 1691, -293, -7989, 7488, -94834, -48173, 20374, 50214
19280.5, 1748, -314, -7583, 6537, -96675, -46445, 10281, 50214
19284.3, 1283, -314, -7583, 6537, -96675, -46445, 10281, 50219
19288.5, 1059, -314, -7583, 6537, -96675, -46445, 10281, 50219
19292.2, 1403, -314, -7583, 6537, -96675, -46445, 10281, 50214
19296.0, 1888, -314, -7583, 6537, -96675, -46445, 10281, 50216
19300.2, 2018, 533, -7478, 7243, -93005, -33206, 12013, 50216
19304.0, 1685, 533, -7478, 7243, -93005, -33206, 12013, 50185
19308.2, 1417, 533, -7478, 7243, -93005, -33206, 12013, 50185
19311.9, 1317, 533, -7478, 7243, -93005, -33206, 12013, 50205
19315.7, 1196, 533, -7478, 7243, -93005, -33206, 12013, 50214
19319.9, 1533, 522, -7823, 6150, -95245, -21822, 26049, 50214
19323.6, 1778, 522, -7823, 6150, -95245, -21822, 26049, 50205
19327.8, 1826, 522, -7823, 6150, -95245, -21822, 26049, 50205
19331.6, 1556, 522, -7823, 6150, -95245, -21822, 26049, 50144
19333.8, 164, 522, -7823, 6150, -95245, -21822, 26049, 50144
19339.6, 1507, 305, -8271, 6632, -93582, -15579, 27431, 50228
19343.3, 1263, 305, -8271, 6632, -93582, -15579, 27431, 50227
19349.3, 1681, 200, -8138, 6000, -92419, -16419, 22619, 50238
19353.0, 1926, 200, -8138, 6000, -92419, -16419, 22619, 50261
19358.7, 1389, 200, -8138, 6000, -92419, -16419, 22619, 50250
19361.0, 303, 200, -8138, 6000, -92419, -16419, 22619, 50250
19363.2, 460, 200, -8138, 6000, -92419, -16419, 22619, 50250
19368.9, 1713, 152, -8021, 5864, -93617, -15360, 18252, 50251
19371.2, 715, 152, -8021, 5864, -93617, -15360, 18252, 50251
19375.4, 1556, -102, -7812, 6176, -91574, -14280, 18252, 50251
19379.2, 1249, -102, -7812, 6176, -91574, -14280, 18252, 50242
19381.4, 401, -102, -7812, 6176, -91574, -14280, 18252, 50242
19385.6, 1484, -369, -7864, 5596, -92305, -14848, 21319, 50242
19389.3, 1473, -369, -7864, 5596, -92305, -14848, 21319, 50246
19391.6, 603, -369, -7864, 5596, -92305, -14848, 21319, 50246
19395.8, 1587, -614, -8168, 5669, -92567, -14560, 25379, 50246
19399.5, 1591, -614, -8168, 5669, -92567, -14560, 25379, 50241
19401.8, 641, -614, -8168, 5669, -92567, -14560, 25379, 50241
19406.0, 1703, -654, -8683, 5727, -92650, -15575, 28656, 50241
19409.8, 1794, -654, -8683, 5727, -92650, -15575, 28656, 50241
19412.0, 983, -654, -8683, 5727, -92650, -15575, 28656, 50241
19417.8, 1834, -701, -9230, 5535, -94042, -18178, 29881, 50240
19421.5, 1245, -701, -9230, 5535, -94042, -18178, 29881, 50265
19425.8, 1474, -659, -9764, 5623, -94029, -20291, 28236, 50265
19429.5, 1488, -659, -9764, 5623, -94029, -20291, 28236, 50236
19433.7, 1685, -744, -9929, 5012, -90747, -22264, 25025, 50236
19437.5, 1785, -744, -9929, 5012, -90747, -22264, 25025, 50233
19441.2, 1630, -744, -9929, 5012, -90747, -22264, 25025, 50240
19445.5, 1509, -935, -9873, 4449, -88599, -24338, 21752, 50240
19449.3, 1639, -935, -9873, 4449, -88599, -24338, 21752, 50237
19453.5, 1775, -945, -9687, 4649, -88463, -25751, 18563, 50237
19457.3, 1551, -945, -9687, 4649, -88463, -25751, 18563, 50260
19461.0, 1416, -945, -9687, 4649, -88463, -25751, 18563, 50244
19465.3, 1737, -982, -9384, 5268, -88048, -28070, 16747, 50244
19469.1, 1732, -982, -9384, 5268, -88048, -28070, 16747, 50255
19473.3, 1783, -886, -9195, 5183, -88380, -33946, 18134, 50255
19477.0, 1445, -886, -9195, 5183, -88380, -33946, 18134, 50238
19480.8, 1191, -886, -9195, 5183, -88380, -33946, 18134, 50238
19485.1, 1640, -765, -9105, 4287, -88945, -41983, 22553, 50238
19488.9, 1443, -765, -9105, 4287, -88945, -41983, 22553, 50241
19493.1, 1552, -591, -9419, 3798, -88048, -48838, 27169, 50241
19496.8, 1407, -591, -9419, 3798, -88048, -48838, 27169, 50216
19500.6, 1659, -591, -9419, 3798, -88048, -48838, 27169, 50240
19504.9, 1911, -460, -9837, 2864, -85558, -51660, 29172, 50240
19508.7, 1980, -460, -9837, 2864, -85558, -51660, 29172, 50177
19512.9, 1579, -647, -10061, 2215, -83030, -46121, 28017, 50177
19516.6, 890, -647, -10061, 2215, -83030, -46121, 28017, 50223
19520.9, 1326, -860, -10456, 2833, -79403, -32944, 25449, 50223
19524.6, 1456, -860, -10456, 2833, -79403, -32944, 25449, 50213
19526.9, 1074, -860, -10456, 2833, -79403, -32944, 25449, 50213
19532.6, 2189, -1093, -10657, 3376, -75483, -20510, 22203, 50214
19536.3, 1726, -1093, -10657, 3376, -75483, -20510, 22203, 50173
19540.6, 1458, -1130, -10648, 3720, -73991, -15137, 17403, 50173
19544.4, 1316, -1130, -10648, 3720, -73991, -15137, 17403, 50204
19546.7, 476, -1130, -10648, 3720, -73991, -15137, 17403, 50204
19550.9, 1780, -1166, -10389, 4322, -72893, -17740, 12390, 50204
19554.6, 1755, -1166, -10389, 4322, -72893, -17740, 12390, 50203
19556.9, 877, -1166, -10389, 4322, -72893, -17740, 12390, 50203
19562.6, 1425, -1106, -9954, 4167, -72214, -27961, 9305, 50197
19566.3, 1388, -1106, -9954, 4167, -72214, -27961, 9305, 50214
19570.6, 1626, -1015, -9537, 3801, -71991, -39458, 8365, 50214
19574.4, 1546, -1015, -9537, 3801, -71991, -39458, 8365, 50194
19576.7, 777, -1015, -9537, 3801, -71991, -39458, 8365, 50194
19580.9, 1633, -787, -9221, 3313, -70766, -46472, 10543, 50194
19584.6, 1414, -787, -9221, 3313, -70766, -46472, 10543, 50187
19588.8, 1726, -660, -9235, 3036, -69576, -48077, 15216, 50187
19592.6, 1966, -660, -9235, 3036, -69576, -48077, 15216, 50191
19596.3, 2038, -660, -9235, 3036, -69576, -48077, 15216, 50175
19600.6, 1736, -534, -9464, 3056, -68745, -44634, 19731, 50175
19604.4, 1765, -534, -9464, 3056, -68745, -44634, 19731, 50186
19608.6, 1819, -581, -9810, 2972, -68281, -38601, 21687, 50186
19612.3, 1567, -581, -9810, 2972, -68281, -38601, 21687, 50193
19616.1, 1103, -581, -9810, 2972, -68281, -38601, 21687, 50205
19620.3, 950, -635, -10067, 2879, -67148, -32016, 21061, 50205
19624.1, 1454, -635, -10067, 2879, -67148, -32016, 21061, 50230
19628.3, 1853, -682, -10301, 2718, -63565, -26906, 19342, 50230
19632.0, 1774, -682, -10301, 2718, -63565, -26906, 19342, 50216
19635.8, 1684, -682, -10301, 2718, -63565, -26906, 19342, 50223
19640.0, 1720, -807, -10242, 2193, -61027, -23432, 18213, 50223
19643.7, 1605, -807, -10242, 2193, -61027, -23432, 18213, 50233
19647.9, 1472, -1048, -10320, 2588, -57720, -20072, 16712, 50233
19651.7, 1674, -1048, -10320, 2588, -57720, -20072, 16712, 50268
19654.0, 1148, -1048, -10320, 2588, -57720, -20072, 16712, 50268
19659.8, 1941, -1271, -10107, 2738, -53590, -21415, 16025, 50238
19663.5, 1629, -1271, -10107, 2738, -53590, -21415, 16025, 50243
19667.8, 1693, -1493, -10138, 2589, -52150, -24771, 15072, 50243
19671.5, 1736, -1493, -10138, 2589, -52150, -24771, 15072, 50251
19673.8, 790, -1493, -10138, 2589, -52150, -24771, 15072, 50251
19679.5, 1552, -1451, -10215, 2355, -50641, -28249, 13514, 50245
19681.7, 671, -1451, -10215, 2355, -50641, -28249, 13514, 50245
19686.0, 1750, -1227, -10202, 1829, -48029, -30874, 11261, 50245
19689.8, 1578, -1227, -10202, 1829, -48029, -30874, 11261, 50228
19692.1, 635, -1227, -10202, 1829, -48029, -30874, 11261, 50228
19697.8, 1963, -1077, -9912, 1119, -44988, -30778, 9353, 50229
19701.6, 1873, -1077, -9912, 1119, -44988, -30778, 9353, 50018
19705.8, 1627, -955, -9744, 949, -44126, -28162, 8242, 50018
19709.6, 1224, -955, -9744, 949, -44126, -28162, 8242, 50026
19711.9, 305, -955, -9744, 949, -44126, -28162, 8242, 50026
19717.6, 1802, -822, -9830, 1043, -42083, -24880, 7503, 50027
19721.3, 1730, -822, -9830, 1043, -42083, -24880, 7503, 50022
19725.6, 1710, -821, -10132, 1059, -37787, -21779, 6947, 50022
19729.3, 1854, -821, -10132, 1059, -37787, -21779, 6947, 50017
19731.6, 1227, -821, -10132, 1059, -37787, -21779, 6947, 50017
19735.9, 1866, -814, -10464, 1012, -33766, -18900, 5162, 50017
19739.7, 1326, -814, -10464, 1012, -33766, -18900, 5162, 50023
19743.9, 1193, -844, -10593, 1357, -30432, -15295, 2257, 50023
19747.7, 1419, -844, -10593, 1357, -30432, -15295, 2257, 50044
19751.4, 1471, -844, -10593, 1357, -30432, -15295, 2257, 50004
19755.7, 1929, -888, -10605, 1601, -26530, -15006, -564, 50004
19759.5, 2003, -888, -10605, 1601, -26530, -15006, -564, 50008
19763.7, 1973, -803, -10393, 1543, -24216, -19224, -3513, 50008
19767.5, 1632, -803, -10393, 1543, -24216, -19224, -3513, 50015
19771.2, 1448, -803, -10393, 1543, -24216, -19224, -3513, 49997
19775.5, 1498, -795, -10212, 1391, -22824, -23660, -5788, 49997
19779.3, 1378, -795, -10212, 1391, -22824, -23660, -5788, 49995
19783.5, 1748, -906, -10047, 987, -21350, -24224, -6216, 49995
19787.3, 1885, -906, -10047, 987, -21350, -24224, -6216, 50013
19791.0, 1985, -906, -10047, 987, -21350, -24224, -6216, 49983
19795.2, 1876, -1010, -10025, 882, -20164, -20549, -5442, 49983
19799.0, 1654, -1010, -10025, 882, -20164, -20549, -5442, 49968
19803.2, 1611, -1052, -10309, 1359, -18300, -16515, -4865, 49968
19806.9, 1504, -1052, -10309, 1359, -18300, -16515, -4865, 49964
19810.7, 1568, -1052, -10309, 1359, -18300, -16515, -4865, 49952
19814.9, 1684, -970, -10482, 1785, -16695, -16616, -4948, 49952
19818.6, 1777, -970, -10482, 1785, -16695, -16616, -4948, 49950
19822.8, 1764, -869, -10580, 1950, -16130, -20475, -6090, 49950
19826.6, 1248, -869, -10580, 1950, -16130, -20475, -6090, 49903
19828.8, 378, -869, -10580, 1950, -16130, -20475, -6090, 49903
19834.6, 2170, -711, -10469, 1722, -15080, -24421, -8299, 49928
19838.4, 2029, -711, -10469, 1722, -15080, -24421, -8299, 49914
19844.1, 1653, -431, -10188, 1646, -13562, -25182, -10714, 49908
19846.4, 336, -431, -10188, 1646, -13562, -25182, -10714, 49908
19848.6, 475, -431, -10188, 1646, -13562, -25182, -10714, 49908
19854.4, 1709, -228, -9927, 1485, -11970, -23419, -12079, 49858
19856.6, 736, -228, -9927, 1485, -11970, -23419, -12079, 49858
19860.9, 1801, -228, -9927, 1485, -9769, -18344, -11873, 49858
19864.6, 1722, -228, -9927, 1485, -9769, -18344, -11873, 49876
19866.9, 779, -228, -9927, 1485, -9769, -18344, -11873, 49876
19872.7, 1676, -113, -9726, 1141, -7840, -10115, -10653, 49862
19876.5, 1544, -113, -9726, 1141, -7840, -10115, -10653, 49843
19880.7, 1686, -125, -9650, 1141, -6225, -1715, -8855, 49843
19884.5, 1707, -125, -9650, 1141, -6225, -1715, -8855, 49831
19886.7, 787, -125, -9650, 1141, -6225, -1715, -8855, 49831
19892.5, 1494, -317, -9963, 1530, -4598, 4068, -7192, 49812
19896.3, 1495, -317, -9963, 1530, -4598, 4068, -7192, 49795
19900.5, 1777, -525, -9963, 1530, -3123, 7507, -6584, 49795
19904.3, 2078, -525, -9963, 1530, -3123, 7507, -6584, 49788
19906.6, 1314, -525, -9963, 1530, -3123, 7507, -6584, 49788
19910.8, 1628, -868, -10164, 1782, -1802, 9371, -6781, 49788
19914.6, 1514, -868, -10164, 1782, -1802, 9371, -6781, 49771
19918.8, 1802, -868, -10164, 1782, -1802, 9371, -6781, 49771
19922.5, 1766, -868, -10164, 1782, -1802, 9371, -6781, 49763
19926.3, 1585, -868, -10164, 1782, -1802, 9371, -6781, 49738
19930.6, 1659, -946, -9853, 1616, -1054, 9038, -7271, 49738
19934.4, 1691, -946, -9853, 1616, -1054, 9038, -7271, 49730
19938.6, 1772, -946, -9853, 1616, -1054, 9038, -7271, 49730
19942.3, 1643, -946, -9853, 1616, -1054, 9038, -7271, 49723
19946.1, 1620, -946, -9853, 1616, -1054, 9038, -7271, 49692
19950.4, 1640, -796, -9731, 1399, -511, 9935, -4125, 49692
19954.2, 1654, -796, -9731, 1399, -511, 9935, -4125, 49691
19958.4, 1751, -796, -9731, 1399, -511, 9935, -4125, 49691
19962.1, 1711, -796, -9731, 1399, -511, 9935, -4125, 49684
19965.9, 1686, -796, -9731, 1399, -511, 9935, -4125, 49665
19970.2, 1753, -682, -10089, 1536, -245, 8885, -2016, 49665
19973.9, 1726, -682, -10089, 1536, -245, 8885, -2016, 49590
19978.2, 1908, -682, -10089, 1536, -245, 8885, -2016, 49590
19981.9, 1631, -682, -10089, 1536, -245, 8885, -2016, 49638
19985.7, 1520, -682, -10089, 1536, -245, 8885, -2016, 49628
19989.9, 1723, -732, -10009, 1322, -245, 2568, -2760, 49628
19993.7, 1655, -732, -10009, 1322, -245, 2568, -2760, 49623
19997.9, 1817, -732, -10009, 1322, -245, 2568, -2760, 49623
20001.6, 1555, -732, -10009, 1322, -245, 2568, -2760, 49609
20005.9, 1639, -775, -9863, 1080, 332, 1321, -2865, 49609
20009.7, 1671, -775, -9863, 1080, 332, 1321, -2865, 49603
20012.0, 756, -775, -9863, 1080, 332, 1321, -2865, 49603
20017.7, 2017, -760, -9793, 998, 669, 1540, -2957, 49519
20021.4, 1583, -760, -9793, 998, 669, 1540, -2957, 49586
20025.7, 1532, -754, -9790, 1021, 879, 2296, -3180, 49586
20029.5, 1691, -754, -9790, 1021, 879, 2296, -3180, 49572
20031.7, 778, -754, -9790, 1021, 879, 2296, -3180, 49572
20036.0, 1925, -628, -9867, 1092, 874, 2922, -3150, 49572
20039.7, 1981, -628, -9867, 1092, 874, 2922, -3150, 49565
20042.0, 985, -628, -9867, 1092, 874, 2922, -3150, 49565
20047.7, 1577, -505, -10106, 1159, 8, 3810, -2471, 49522
20051.4, 1261, -505, -10106, 1159, 8, 3810, -2471, 49545
20055.7, 1614, -403, -10310, 1237, -271, 4138, -1968, 49545
20059.5, 1840, -403, -10310, 1237, -271, 4138, -1968, 49539
20061.7, 956, -403, -10310, 1237, -271, 4138, -1968, 49539
20066.0, 1839, -366, -10434, 1217, 323, 2725, -3189, 49539
20069.8, 1851, -366, -10434, 1217, 323, 2725, -3189, 49524
20074.0, 1950, -301, -10214, 1054, 1049, 739, -6531, 49524
20077.8, 1533, -301, -10214, 1054, 1049, 739, -6531, 49550
20081.5, 1233, -301, -10214, 1054, 1049, 739, -6531, 49515
20085.8, 1682, -297, -10005, 967, 1509, 791, -8653, 49515
20089.5, 1759, -297, -10005, 967, 1509, 791, -8653, 49497
20093.7, 1791, -282, -10021, 764, 2502, 2130, -7196, 49497
20097.5, 1596, -282, -10021, 764, 2502, 2130, -7196, 49486
20101.3, 1492, -282, -10021, 764, 2502, 2130, -7196, 49480
20105.5, 1990, -373, -10070, 393, 3202, 5048, -4926, 49480
20109.3, 1891, -373, -10070, 393, 3202, 5048, -4926, 49479
20113.5, 1848, -497, -9990, 386, 3416, 9808, -5009, 49479
20117.3, 1757, -497, -9990, 386, 3416, 9808, -5009, 49473
20121.0, 1608, -497, -9990, 386, 3416, 9808, -5009, 49415
20125.3, 1718, -604, -9976, 785, 3364, 14148, -6461, 49415
20129.1, 1466, -604, -9976, 785, 3364, 14148, -6461, 49460
20133.3, 1710, -746, -10086, 1555, 3539, 14170, -6514, 49460
20137.0, 1840, -746, -10086, 1555, 3539, 14170, -6514, 49462
20140.8, 2044, -746, -10086, 1555, 3539, 14170, -6514, 49456
20145.1, 1864, -833, -10213, 1841, 2012, 8570, -5508, 49456
20148.9, 1518, -833, -10213, 1841, 2012, 8570, -5508, 49408
20153.1, 934, -789, -10292, 1707, 866, 1881, -5289, 49408
20156.8, 1140, -789, -10292, 1707, 866, 1881, -5289, 49442
20162.6, 1955, -648, -10129, 1398, 2310, -1329, -6378, 49445
20166.3, 1856, -648, -10129, 1398, 2310, -1329, -6378, 49437
20168.6, 979, -648, -10129, 1398, 2310, -1329, -6378, 49437
20174.3, 1823, -397, -9774, 900, 3561, 153, -8268, 49438
20176.6, 688, -397, -9774, 900, 3561, 153, -8268, 49438
20180.8, 1709, -238, -9360, 536, 3158, 4768, -9804, 49438
20184.6, 1833, -238, -9360, 536, 3158, 4768, -9804, 49434
20186.9, 1024, -238, -9360, 536, 3158, 4768, -9804, 49434
20192.6, 1751, -151, -9138, 585, 1596, 11261, -9856, 49395
20196.3, 1582, -151, -9138, 585, 1596, 11261, -9856, 49425
20200.6, 1562, -234, -9233, 812, -752, 17771, -7936, 49425
20204.4, 1523, -234, -9233, 812, -752, 17771, -7936, 49411
20206.6, 779, -234, -9233, 812, -752, 17771, -7936, 49411
20210.9, 1946, -510, -9499, 1070, -2117, 21350, -5184, 49411
20214.6, 2097, -510, -9499, 1070, -2117, 21350, -5184, 49412
20216.9, 1050, -510, -9499, 1070, -2117, 21350, -5184, 49412
20222.6, 1749, -726, -9798, 1274, -2940, 21835, -4086, 49400
20226.3, 1545, -726, -9798, 1274, -2940, 21835, -4086, 49395
20230.6, 1658, -826, -10011, 1301, -3110, 21722, -5525, 49395
20234.4, 1762, -826, -10011, 1301, -3110, 21722, -5525, 49365
20238.6, 2065, -841, -9949, 1128, -1741, 21586, -7826, 49365
20242.4, 1906, -841, -9949, 1128, -1741, 21586, -7826, 49394
20246.2, 1409, -841, -9949, 1128, -1741, 21586, -7826, 49393
20250.5, 1122, -757, -9704, 963, -686, 21065, -9725, 49393
20254.2, 1189, -757, -9704, 963, -686, 21065, -9725, 49391
20258.4, 1562, -750, -9504, 1162, 26, 19902, -9878, 49391
20262.2, 1775, -750, -9504, 1162, 26, 19902, -9878, 49420
20265.9, 2063, -750, -9504, 1162, 26, 19902, -9878, 49377
20270.2, 2062, -816, -9513, 1152, 669, 17014, -8833, 49377
20274.0, 1432, -816, -9513, 1152, 669, 17014, -8833, 49262
20278.2, 1204, -870, -9610, 1048, -520, 14831, -7695, 49262
20281.9, 1334, -870, -9610, 1048, -520, 14831, -7695, 49263
20285.7, 1621, -870, -9610, 1048, -520, 14831, -7695, 49278
20290.0, 1525, -863, -9841, 1012, -507, 14372, -6873, 49278
20293.7, 1658, -863, -9841, 1012, -507, 14372, -6873, 49257
20297.9, 2277, -778, -9911, 1019, 603, 15050, -6685, 49257
20301.6, 2189, -778, -9911, 1019, 603, 15050, -6685, 49255
20303.9, 1179, -778, -9911, 1019, 603, 15050, -6685, 49255
20309.6, 1184, -597, -9923, 1167, 822, 16218, -7770, 49259
20313.3, 887, -597, -9923, 1167, 822, 16218, -7770, 49253
20319.0, 1700, -415, -9919, 1264, 608, 17067, -8522, 49225
20322.8, 1579, -415, -9919, 1264, 608, 17067, -8522, 49243
20328.5, 2135, -466, -10115, 1015, 533, 18156, -8303, 49267
20330.7, 1406, -466, -10115, 1015, 533, 18156, -8303, 49267
20333.1, 1154, -466, -10115, 1015, 533, 18156, -8303, 49267
20338.8, 1685, -524, -10161, 734, 1456, 21328, -7774, 49228
20341.1, 447, -524, -10161, 734, 1456, 21328, -7774, 49228
20343.3, 432, -524, -10161, 734, 1456, 21328, -7774, 49228
20349.1, 1676, -668, -10175, 701, 2200, 26289, -7043, 49246
20351.3, 705, -668, -10175, 701, 2200, 26289, -7043, 49246
20355.6, 1782, -763, -10235, 817, 2852, 30502, -5936, 49246
20359.3, 2128, -763, -10235, 817, 2852, 30502, -5936, 49250
20361.6, 1407, -763, -10235, 817, 2852, 30502, -5936, 49250
20365.9, 1782, -753, -10223, 914, 2681, 32117, -4655, 49250
20369.7, 1434, -753, -10223, 914, 2681, 32117, -4655, 49243
20372.0, 309, -753, -10223, 914, 2681, 32117, -4655, 49243
20377.7, 1641, -692, -10377, 1223, 2603, 30804, -3403, 49251
20381.4, 1714, -692, -10377, 1223, 2603, 30804, -3403, 49235
20385.7, 1755, -659, -10484, 1513, 4221, 26989, -3276, 49235
20389.5, 1751, -659, -10484, 1513, 4221, 26989, -3276, 49242
20393.7, 1869, -659, -10374, 1356, 5827, 22304, -4305, 49242
20397.5, 1863, -659, -10374, 1356, 5827, 22304, -4305, 49248
20401.2, 1643, -659, -10374, 1356, 5827, 22304, -4305, 49249
20405.5, 1750, -879, -10231, 1268, 6356, 19110, -4991, 49249
20409.2, 1786, -879, -10231, 1268, 6356, 19110, -4991, 49233
20413.4, 1872, -879, -10076, 1286, 6444, 18174, -4900, 49233
20417.1, 1506, -879, -10076, 1286, 6444, 18174, -4900, 49227
20420.9, 1498, -879, -10076, 1286, 6444, 18174, -4900, 49167
20425.1, 1775, -918, -9969, 1200, 6387, 17955, -4226, 49167
20428.9, 1930, -918, -9969, 1200, 6387, 17955, -4226, 49248
20433.1, 2012, -918, -9969, 1192, 5871, 17959, -3189, 49248
20436.8, 1682, -918, -9969, 1192, 5871, 17959, -3189, 49227
20439.1, 543, -918, -9969, 1192, 5871, 17959, -3189, 49227
20444.9, 1585, -781, -9885, 1596, 5341, 15811, -2708, 49226
20448.6, 1623, -781, -9885, 1596, 5341, 15811, -2708, 49174
20452.8, 1713, -781, -9926, 1610, 4698, 9651, -3272, 49174
20456.6, 1802, -781, -9926, 1610, 4698, 9651, -3272, 49214
20458.9, 1057, -781, -9926, 1610, 4698, 9651, -3272, 49214
20464.6, 1884, -626, -9906, 1407, 4375, 3075, -4077, 49212
20468.3, 1446, -626, -9906, 1407, 4375, 3075, -4077, 49208
20474.0, 1675, -598, -9874, 1254, 4865, -183, -4217, 49246
20477.7, 1540, -598, -9874, 1254, 4865, -183, -4217, 49217
20483.4, 1705, -577, -9866, 1079, 5376, -201, -3845, 49215
20487.2, 1805, -577, -9866, 1079, 5376, -201, -3845, 49211
20492.9, 1705, -577, -9866, 1079, 5376, 1951, -3780, 49223
20496.6, 1739, -577, -9866, 1079, 5376, 1951, -3780, 49160
20500.8, 1816, -640, -9795, 900, 5635, 1951, -3780, 49160
20504.6, 1901, -640, -9795, 900, 5635, 1951, -3780, 49199
20506.9, 1066, -640, -9795, 900, 5635, 1951, -3780, 49199
20512.6, 1687, -679, -9592, 878, 5823, 8220, -3670, 49204
20516.4, 1213, -679, -9592, 878, 5823, 8220, -3670, 49229
20520.6, 1644, -714, -9481, 1089, 5643, 8220, -3670, 49229
20524.4, 1881, -714, -9481, 1089, 5643, 8220, -3670, 49200
20526.7, 1120, -714, -9481, 1089, 5643, 8220, -3670, 49200
20530.9, 1898, -805, -9569, 1191, 4738, 9187, -2747, 49200
20534.7, 1421, -805, -9569, 1191, 4738, 9187, -2747, 49190
20537.0, 589, -805, -9569, 1191, 4738, 9187, -2747, 49190
20542.7, 1593, -763, -9787, 1309, 5228, 7892, -2651, 49163
20546.4, 1641, -763, -9787, 1309, 5228, 7892, -2651, 49159
20550.7, 1743, -721, -10082, 1513, 5368, 5661, -3023, 49159
20554.5, 1629, -721, -10082, 1513, 5368, 5661, -3023, 49195
20558.7, 1675, -662, -10164, 1355, 5368, 5661, -3023, 49195
20562.5, 1737, -662, -10164, 1355, 5368, 5661, -3023, 49190
20566.3, 1894, -662, -10164, 1355, 5368, 5661, -3023, 49250
20570.5, 1844, -552, -10104, 1287, 5210, 5416, -3723, 49250
20574.3, 1966, -552, -10104, 1287, 5210, 5416, -3723, 49206
20578.5, 1982, -459, -9953, 1403, 5210, 5416, -3723, 49206
20582.3, 1584, -459, -9953, 1403, 5210, 5416, -3723, 49198
20586.0, 1124, -459, -9953, 1403, 5210, 5416, -3723, 49200
20590.3, 1259, -488, -9857, 1643, 4606, 4458, -1938, 49200
20594.1, 1553, -488, -9857, 1643, 4606, 4458, -1938, 49221
20598.3, 1782, -525, -9986, 1667, 4606, 4458, -1938, 49221
20602.0, 1864, -525, -9986, 1667, 4606, 4458, -1938, 49208
20605.8, 1846, -525, -9986, 1667, 4606, 4458, -1938, 49202
20610.0, 1650, -605, -10128, 1381, 4908, 3898, -909, 49202
20613.8, 1361, -605, -10128, 1381, 4908, 3898, -909, 49197
20618.0, 1725, -583, -10100, 1332, 4908, 3898, -909, 49197
20621.7, 1785, -583, -10100, 1332, 4908, 3898, -909, 49206
20625.5, 1889, -583, -10100, 1332, 4908, 3898, -909, 49209
20629.7, 1767, -542, -9960, 1351, 4589, 5853, -1798, 49209
20633.4, 1609, -542, -9960, 1351, 4589, 5853, -1798, 49222
20639.2, 1760, -538, -9868, 1257, 4589, 7918, -1456, 49200
20642.9, 1509, -538, -9868, 1257, 4589, 7918, -1456, 49207
20648.6, 1764, -515, -9850, 1116, 4480, 7918, -1456, 49199
20650.8, 824, -515, -9850, 1116, 4480, 7918, -1456, 49199
20653.1, 848, -515, -9850, 1116, 4480, 7918, -1456, 49199
20658.9, 1758, -546, -9891, 1109, 4729, 10662, -888, 49217
20661.2, 754, -546, -9891, 1109, 4729, 10662, -888, 49217
20663.4, 707, -546, -9891, 1109, 4729, 10662, -888, 49217
20669.2, 1722, -525, -9981, 1231, 4698, 12687, -730, 49208
20671.4, 724, -525, -9981, 1231, 4698, 12687, -730, 49208
20675.7, 1697, -531, -10048, 1491, 4681, 12315, -931, 49208
20679.4, 1621, -531, -10048, 1491, 4681, 12315, -931, 49204
20681.7, 761, -531, -10048, 1491, 4681, 12315, -931, 49204
20687.5, 1846, -570, -10143, 1601, 4134, 8238, -1535, 49211
20691.2, 1711, -570, -10143, 1601, 4134, 8238, -1535, 49213
20695.4, 1652, -586, -10103, 1774, 3539, 2607, -2651, 49213
20699.2, 1680, -586, -10103, 1774, 3539, 2607, -2651, 49217
20701.5, 936, -586, -10103, 1774, 3539, 2607, -2651, 49217
20705.7, 1835, -559, -10016, 1742, 3447, -1907, -3508, 49217
20709.5, 1764, -559, -10016, 1742, 3447, -1907, -3508, 49213
20711.7, 865, -559, -10016, 1742, 3447, -1907, -3508, 49213
20717.5, 1777, -378, -9833, 1667, 3093, -3819, -3836, 49208
20721.2, 1672, -378, -9833, 1667, 3093, -3819, -3836, 49244
20725.4, 1699, -267, -9659, 1650, 2905, -3360, -3893, 49244
20729.2, 1712, -267, -9659, 1650, 2905, -3360, -3893, 49226
20733.4, 1818, -169, -9490, 1478, 2651, -1159, -3600, 49226
20737.2, 1734, -169, -9490, 1478, 2651, -1159, -3600, 49224
20741.3, 1424, -169, -9490, 1478, 2651, -1159, -3600, 49229
20745.5, 1730, -241, -9465, 1444, 2480, 2331, -2454, 49229
20749.2, 1706, -241, -9465, 1444, 2480, 2331, -2454, 49237
20753.4, 1652, -345, -9554, 1437, 2388, 5595, -988, 49237
20757.2, 1658, -345, -9554, 1437, 2388, 5595, -988, 49236
20760.9, 1736, -345, -9554, 1437, 2388, 5595, -988, 49186
20765.2, 1623, -509, -9665, 1361, 2323, 7984, -293, 49186
20769.0, 1652, -509, -9665, 1361, 2323, 7984, -293, 49266
20773.2, 1722, -613, -9731, 1418, 2506, 9773, -524, 49266
20777.0, 1776, -613, -9731, 1418, 2506, 9773, -524, 49275
20780.7, 1786, -613, -9731, 1418, 2506, 9773, -524, 49212
20785.0, 1748, -700, -9796, 1470, 2379, 11121, -1194, 49212
20788.7, 1655, -700, -9796, 1470, 2379, 11121, -1194, 49250
20793.0, 1656, -719, -9862, 1553, 2047, 11707, -1679, 49250
20796.7, 1640, -719, -9862, 1553, 2047, 11707, -1679, 49245
20799.0, 705, -719, -9862, 1553, 2047, 11707, -1679, 49245
20804.8, 1774, -587, -9884, 1662, 1960, 11108, -1955, 49256
