timestamp, 23, 2090, -9157, 548, -4895, 9940, 6365, 39578
3060.3, 1063, 2045, -9076, 692, -4681, 11502, 7883, 39578
3064.1, 1010, 2045, -9076, 692, -4681, 11502, 7883, 39578
3066.3, 21, 2045, -9076, 692, -4681, 11502, 7883, 39578
3070.6, 1072, 2014, -9086, 841, -3600, 11388, 9472, 39578
3074.3, 1043, 2014, -9086, 841, -3600, 11388, 9472, 39601
3076.6, 22, 2014, -9086, 841, -3600, 11388, 9472, 39601
3080.8, 1076, 1996, -9216, 861, -2598, 8264, 9200, 39601
3084.6, 1031, 1996, -9216, 861, -2598, 8264, 9200, 39578
3086.8, 23, 1996, -9216, 861, -2598, 8264, 9200, 39578
3092.6, 1113, 1721, -9458, 900, -2471, 6593, 7350, 39562
3096.4, 1015, 1721, -9458, 900, -2471, 6593, 7350, 39573
3100.6, 1068, 1682, -9689, 1352, -1574, 5928, 5403, 39573
3104.3, 1056, 1682, -9689, 1352, -1574, 5928, 5403, 39564
3108.5, 1066, 1755, -9891, 1592, -1968, 5468, 4221, 39564
3112.3, 1043, 1755, -9891, 1592, -1968, 5468, 4221, 39581
3116.0, 1040, 1755, -9891, 1592, -1968, 5468, 4221, 39608
3120.3, 1080, 1732, -10137, 2228, -2891, 1999, 4248, 39608
3124.0, 1041, 1732, -10137, 2228, -2891, 1999, 4248, 39563
3128.2, 1087, 1767, -10441, 2385, -3771, -5884, 4143, 39563
3131.9, 1000, 1767, -10441, 2385, -3771, -5884, 4143, 39572
3135.7, 1014, 1767, -10441, 2385, -3771, -5884, 4143, 39582
3139.9, 1070, 1697, -10694, 2093, -4388, -15286, 2415, 39582
3143.6, 1079, 1697, -10694, 2093, -4388, -15286, 2415, 39581
3147.8, 1052, 1630, -10486, 1226, -5779, -21674, -888, 39581
3151.5, 1009, 1630, -10486, 1226, -5779, -21674, -888, 39568
3153.8, 20, 1630, -10486, 1226, -5779, -21674, -888, 39568
3159.5, 1120, 1752, -10370, 954, -6943, -23726, -4103, 39557
3163.3, 1042, 1752, -10370, 954, -6943, -23726, -4103, 39544
3169.0, 1089, 1700, -10227, 917, -7765, -24163, -6693, 39565
3172.7, 1029, 1700, -10227, 917, -7765, -24163, -6693, 39598
3178.4, 1074, 1912, -10064, 543, -7577, -24509, -7586, 39560
3182.2, 1001, 1912, -10064, 543, -7577, -24509, -7586, 39530
3187.9, 1078, 2066, -10106, 203, -6947, -24355, -6768, 39560
3191.6, 1007, 2066, -10106, 203, -6947, -24355, -6768, 39559
3197.4, 1110, 2126, -10184, -113, -4830, -22938, -5792, 39571
3201.1, 965, 2126, -10184, -113, -4830, -22938, -5792, 39582
3203.3, 22, 2126, -10184, -113, -4830, -22938, -5792, 39582
3209.1, 1106, 2219, -10265, -531, -3023, -19451, -5578, 39576
3211.3, 24, 2219, -10265, -531, -3023, -19451, -5578, 39576
3215.5, 1045, 2353, -9937, -714, -2126, -12521, -5687, 39576
3219.2, 1026, 2353, -9937, -714, -2126, -12521, -5687, 39566
3221.5, 22, 2353, -9937, -714, -2126, -12521, -5687, 39566
3225.7, 1089, 2294, -9653, -519, -1443, -5114, -5538, 39566
3229.4, 1011, 2294, -9653, -519, -1443, -5114, -5538, 39574
3231.7, 22, 2294, -9653, -519, -1443, -5114, -5538, 39574
3235.9, 1089, 2183, -9505, -400, -625, 441, -4707, 39574
3239.6, 1018, 2183, -9505, -400, -625, 441, -4707, 39589
3241.9, 23, 2183, -9505, -400, -625, 441, -4707, 39589
3247.6, 1076, 2151, -9620, -219, 328, 4405, -3206, 39573
3251.3, 1020, 2151, -9620, -219, 328, 4405, -3206, 39585
3255.6, 1064, 2163, -9806, 90, 2143, 7070, -1999, 39585
3259.4, 995, 2163, -9806, 90, 2143, 7070, -1999, 39574
3263.6, 1042, 2218, -9755, 95, 2852, 9717, -1150, 39574
3267.4, 1000, 2218, -9755, 95, 2852, 9717, -1150, 39580
3271.1, 1018, 2218, -9755, 95, 2852, 9717, -1150, 39580
3275.4, 1084, 2191, -9615, 250, 3771, 13510, -415, 39580
3279.1, 1034, 2191, -9615, 250, 3771, 13510, -415, 39556
3283.3, 1086, 2117, -9596, 391, 4970, 17824, 319, 39556
3287.0, 1031, 2117, -9596, 391, 4970, 17824, 319, 39588
3290.7, 1018, 2117, -9596, 391, 4970, 17824, 319, 39544
3295.0, 1047, 2090, -9566, 656, 5556, 21433, 721, 39544
3298.7, 1041, 2090, -9566, 656, 5556, 21433, 721, 39542
3302.9, 1043, 2006, -9501, 973, 5306, 24110, 310, 39542
3306.7, 989, 2006, -9501, 973, 5306, 24110, 310, 39569
3309.0, 21, 2006, -9501, 973, 5306, 24110, 310, 39569
3314.7, 1103, 2125, -9339, 902, 6015, 25791, -205, 39542
3318.5, 1012, 2125, -9339, 902, 6015, 25791, -205, 39534
3322.7, 1067, 1981, -9270, 1235, 4606, 26482, -673, 39534
3326.4, 1018, 1981, -9270, 1235, 4606, 26482, -673, 39535
3328.7, 23, 1981, -9270, 1235, 4606, 26482, -673, 39535
3334.4, 1095, 2160, -9356, 1445, 3766, 24662, -691, 39520
3338.2, 1022, 2160, -9356, 1445, 3766, 24662, -691, 39532
3343.9, 1123, 2173, -9399, 1722, 2568, 22562, -454, 39536
3347.6, 1050, 2173, -9399, 1722, 2568, 22562, -454, 39542
3353.3, 1108, 1936, -9443, 1676, 2415, 19801, 227, 39558
3357.0, 1007, 1936, -9443, 1676, 2415, 19801, 227, 39540
3362.8, 1090, 1936, -9443, 1676, 4003, 16441, 713, 39532
3366.5, 987, 1936, -9443, 1676, 4003, 16441, 713, 39558
3370.8, 1037, 1664, -9683, 1494, 5267, 11957, -581, 39558
3374.5, 1001, 1664, -9683, 1494, 5267, 11957, -581, 39540
3376.8, 22, 1664, -9683, 1494, 5267, 11957, -581, 39540
3382.5, 1131, 1584, -9527, 1097, 6501, 8378, -2108, 39547
3386.2, 1003, 1584, -9527, 1097, 6501, 8378, -2108, 39549
3390.5, 1049, 1853, -9461, 1043, 6820, 6658, -2073, 39549
3394.2, 1001, 1853, -9461, 1043, 6820, 6658, -2073, 39571
3396.5, 21, 1853, -9461, 1043, 6820, 6658, -2073, 39571
3400.7, 1051, 1971, -9441, 1250, 6006, 4908, -454, 39571
3404.5, 994, 1971, -9441, 1250, 6006, 4908, -454, 39555
3406.7, 22, 1971, -9441, 1250, 6006, 4908, -454, 39555
3412.4, 1124, 1664, -9603, 1211, 4668, 3906, 1496, 39562
3416.2, 991, 1664, -9603, 1211, 4668, 3906, 1496, 39558
3420.4, 1071, 1664, -9603, 1211, 3731, 1793, 1706, 39558
3424.1, 990, 1664, -9603, 1211, 3731, 1793, 1706, 39593
3428.4, 1056, 1491, -9793, 1637, 3731, 1793, 1706, 39593
3432.1, 1024, 1491, -9793, 1637, 3731, 1793, 1706, 39576
3435.8, 1038, 1491, -9793, 1637, 3731, 1793, 1706, 39541
3440.0, 1061, 1518, -10073, 1414, 2905, -8553, -2156, 39541
3443.8, 999, 1518, -10073, 1414, 2905, -8553, -2156, 39579
3448.0, 1068, 1700, -10063, 1072, 2905, -8553, -2156, 39579
3451.7, 1014, 1700, -10063, 1072, 2905, -8553, -2156, 39582
3455.5, 1001, 1700, -10063, 1072, 2905, -8553, -2156, 39576
3459.7, 1075, 1912, -10150, 875, 4353, -9756, -1430, 39576
3463.5, 1042, 1912, -10150, 875, 4353, -9756, -1430, 39615
3467.7, 1059, 2035, -10133, 647, 4353, -9756, -1430, 39615
3471.4, 1014, 2035, -10133, 647, 4353, -9756, -1430, 39581
3473.7, 22, 2035, -10133, 647, 4353, -9756, -1430, 39581
3479.4, 1119, 2032, -9991, 336, 4615, -6514, -629, 39592
3483.2, 989, 2032, -9991, 336, 4615, -6514, -629, 39600
3488.9, 1105, 2124, -9897, 534, 4418, -5398, -463, 39585
3492.6, 1022, 2124, -9897, 534, 4418, -5398, -463, 39586
3498.3, 1076, 2193, -9959, 798, 4418, -5398, -463, 39592
3502.1, 990, 2193, -9959, 798, 4418, -5398, -463, 39595
3507.8, 1086, 2150, -10061, 709, 5035, -5779, 78, 39591
3511.5, 1013, 2150, -10061, 709, 5035, -5779, 78, 39599
3515.8, 1035, 2027, -10133, 568, 5740, -6278, 673, 39599
3519.5, 1018, 2027, -10133, 568, 5740, -6278, 673, 39598
3521.8, 22, 2027, -10133, 568, 5740, -6278, 673, 39598
3527.5, 1102, 2011, -10116, 733, 6072, -5306, 236, 39607
3531.2, 1013, 2011, -10116, 733, 6072, -5306, 236, 39600
3535.4, 1064, 2067, -10120, 1071, 6020, -3679, -1369, 39600
3539.2, 990, 2067, -10120, 1071, 6020, -3679, -1369, 39599
3541.5, 19, 2067, -10120, 1071, 6020, -3679, -1369, 39599
3545.8, 1033, 2083, -10029, 1146, 5560, -2721, -3040, 39599
3549.5, 1022, 2083, -10029, 1146, 5560, -2721, -3040, 39596
3551.8, 22, 2083, -10029, 1146, 5560, -2721, -3040, 39596
3557.5, 1110, 1939, -9916, 1159, 5175, -1596, -3263, 39599
3561.2, 1014, 1939, -9916, 1159, 5175, -1596, -3263, 39600
3565.5, 1073, 1725, -9805, 1078, 4335, -993, -2773, 39600
3569.2, 1016, 1725, -9805, 1078, 4335, -993, -2773, 39609
3571.5, 21, 1725, -9805, 1078, 4335, -993, -2773, 39609
3575.7, 1078, 1680, -9736, 1163, 3360, -2196, -3010, 39609
3579.5, 997, 1680, -9736, 1163, 3360, -2196, -3010, 39605
3583.7, 1065, 1820, -9679, 1207, 2782, -4405, -3797, 39605
3587.4, 1018, 1820, -9679, 1207, 2782, -4405, -3797, 39636
3591.2, 1032, 1820, -9679, 1207, 2782, -4405, -3797, 39605
3595.4, 1059, 2076, -9715, 1187, 2327, -7332, -4125, 39605
3599.2, 984, 2076, -9715, 1187, 2327, -7332, -4125, 39601
3603.4, 1092, 2169, -9700, 1043, 2240, -8693, -3644, 39601
3607.1, 1015, 2169, -9700, 1043, 2240, -8693, -3644, 39608
3610.9, 996, 2169, -9700, 1043, 2240, -8693, -3644, 39574
3615.1, 1081, 2213, -9673, 859, 1540, -8518, -3010, 39574
3618.8, 1041, 2213, -9673, 859, 1540, -8518, -3010, 39606
3623.0, 1066, 2046, -9494, 902, 1141, -8316, -2773, 39606
3626.8, 1021, 2046, -9494, 902, 1141, -8316, -2773, 39643
3630.5, 1047, 2046, -9494, 902, 1141, -8316, -2773, 39613
3634.7, 1070, 1874, -9454, 817, 1478, -7809, -2957, 39613
3638.5, 1007, 1874, -9454, 817, 1478, -7809, -2957, 39609
3642.7, 1088, 1713, -9489, 860, 2310, -6431, -2874, 39609
3646.4, 1018, 1713, -9489, 860, 2310, -6431, -2874, 39617
3648.7, 23, 1713, -9489, 860, 2310, -6431, -2874, 39617
3654.4, 1074, 1755, -9537, 1034, 2218, -6234, -2568, 39579
3658.1, 1029, 1755, -9537, 1034, 2218, -6234, -2568, 39607
3663.9, 1089, 1892, -9540, 996, 2156, -6335, -1789, 39615
3667.6, 1020, 1892, -9540, 996, 2156, -6335, -1789, 39603
3673.3, 1088, 2010, -9667, 1018, 2467, -5652, -699, 39603
3677.0, 1007, 2010, -9667, 1018, 2467, -5652, -699, 39596
3682.7, 1122, 2048, -9586, 1004, 2121, -5118, -8, 39611
3686.4, 991, 2048, -9586, 1004, 2121, -5118, -8, 39594
3690.7, 1061, 2127, -9787, 1161, 1819, -5853, 148, 39594
3694.4, 992, 2127, -9787, 1161, 1819, -5853, 148, 39593
3696.7, 20, 2127, -9787, 1161, 1819, -5853, 148, 39593
3700.9, 1065, 1965, -9677, 1030, 1417, -6085, 30, 39593
3704.6, 1005, 1965, -9677, 1030, 1417, -6085, 30, 39590
3706.9, 21, 1965, -9677, 1030, 1417, -6085, 30, 39590
3712.6, 1091, 1981, -9637, 984, 1233, -5486, 122, 39598
3716.3, 992, 1981, -9637, 984, 1233, -5486, 122, 39594
3720.6, 1062, 1931, -9720, 1114, 367, -5390, 34, 39594
3724.3, 1008, 1931, -9720, 1114, 367, -5390, 34, 39565
3726.5, 22, 1931, -9720, 1114, 367, -5390, 34, 39565
3730.7, 1059, 1788, -9597, 1189, -481, -6339, -157, 39565
3734.5, 986, 1788, -9597, 1189, -481, -6339, -157, 39600
3736.7, 20, 1788, -9597, 1189, -481, -6339, -157, 39600
3742.5, 1112, 1951, -9732, 760, -56, -7726, 161, 39594
3746.2, 991, 1951, -9732, 760, -56, -7726, 161, 39577
3750.5, 1034, 2011, -9713, 751, -1063, -7048, 533, 39577
3754.2, 1029, 2011, -9713, 751, -1063, -7048, 533, 39583
3758.5, 1041, 2053, -9650, 808, -1658, -6855, 485, 39583
3762.2, 1034, 2053, -9650, 808, -1658, -6855, 485, 39569
3765.9, 1021, 2053, -9650, 808, -1658, -6855, 485, 39582
3770.2, 1034, 2007, -9546, 551, -1728, -6146, 708, 39582
3773.9, 1037, 2007, -9546, 551, -1728, -6146, 708, 39581
3778.1, 1059, 2038, -9569, 448, -2279, -3915, 1194, 39581
3781.9, 995, 2038, -9569, 448, -2279, -3915, 1194, 39583
3785.6, 1018, 2038, -9569, 448, -2279, -3915, 1194, 39588
3789.8, 1062, 2046, -9628, 593, -2734, -1833, 1522, 39588
3793.6, 1004, 2046, -9628, 593, -2734, -1833, 1522, 39581
3797.8, 1082, 2105, -9694, 708, -3268, -1102, 1356, 39581
3801.9, 644, 2105, -9694, 708, -3268, -1102, 1356, 39592
3805.6, 1002, 2105, -9694, 708, -3268, -1102, 1356, 39593
3809.9, 1061, 2066, -9754, 633, -3390, -1456, 1154, 39593
3813.6, 1017, 2066, -9754, 633, -3390, -1456, 1154, 39597
3817.9, 1069, 2039, -9718, 609, -3447, -1281, 1111, 39597
3821.6, 996, 2039, -9718, 609, -3447, -1281, 1111, 39593
3825.4, 986, 2039, -9718, 609, -3447, -1281, 1111, 39570
3829.6, 1086, 2037, -9701, 589, -3714, -621, 1255, 39570
3833.3, 1026, 2037, -9701, 589, -3714, -621, 1255, 39597
3837.6, 1047, 1975, -9732, 605, -3828, -262, 1439, 39597
3841.3, 971, 1975, -9732, 605, -3828, -262, 1439, 39595
3843.6, 22, 1975, -9732, 605, -3828, -262, 1439, 39595
3849.3, 1093, 1944, -9820, 713, -3819, -148, 1986, 39594
3851.5, 23, 1944, -9820, 713, -3819, -148, 1986, 39594
3855.8, 1052, 1874, -9864, 579, -3797, -8, 2515, 39594
3859.5, 1020, 1874, -9864, 579, -3797, -8, 2515, 39621
3861.8, 20, 1874, -9864, 579, -3797, -8, 2515, 39621
3867.5, 1129, 1837, -9886, 709, -3793, 975, 2716, 39601
3871.2, 1021, 1837, -9886, 709, -3793, 975, 2716, 39619
3875.5, 1060, 1816, -9860, 922, -3946, 2266, 2598, 39619
3879.2, 1035, 1816, -9860, 922, -3946, 2266, 2598, 39604
3881.5, 23, 1816, -9860, 922, -3946, 2266, 2598, 39604
3885.7, 1052, 1790, -9810, 998, -3880, 2248, 2633, 39604
3889.4, 1027, 1790, -9810, 998, -3880, 2248, 2633, 39609
3891.7, 20, 1790, -9810, 998, -3880, 2248, 2633, 39609
3895.9, 1054, 1754, -9758, 917, -3705, 1216, 2966, 39609
3899.6, 1038, 1754, -9758, 917, -3705, 1216, 2966, 39595
3903.8, 1080, 1796, -9773, 969, -3587, -144, 2948, 39595
3907.6, 1035, 1796, -9773, 969, -3587, -144, 2948, 39607
3911.3, 1021, 1796, -9773, 969, -3587, -144, 2948, 39606
3915.6, 1057, 1873, -9853, 1061, -3158, -2681, 2130, 39606
3919.3, 1016, 1873, -9853, 1061, -3158, -2681, 2130, 39589
3923.5, 1090, 1878, -9929, 875, -2450, -5411, 1605, 39589
3927.2, 1038, 1878, -9929, 875, -2450, -5411, 1605, 39604
3930.9, 1034, 1878, -9929, 875, -2450, -5411, 1605, 39610
3935.2, 1089, 2030, -9801, 634, -1837, -7157, 1273, 39610
3938.9, 1061, 2030, -9801, 634, -1837, -7157, 1273, 39615
3943.1, 1064, 2030, -9516, 577, -1885, -8391, 1159, 39615
3946.9, 1004, 2030, -9516, 577, -1885, -8391, 1159, 39631
3950.7, 1012, 2030, -9516, 577, -1885, -8391, 1159, 39618
3954.9, 1076, 2043, -9631, 782, -2226, -7306, 1920, 39618
3958.7, 1019, 2043, -9631, 782, -2226, -7306, 1920, 39632
3962.9, 1041, 1869, -9997, 1060, -2253, -4878, 2279, 39632
3966.6, 993, 1869, -9997, 1060, -2253, -4878, 2279, 39637
3968.9, 21, 1869, -9997, 1060, -2253, -4878, 2279, 39637
3974.6, 1131, 1671, -10137, 1109, -1894, -4322, 1378, 39621
3978.4, 1002, 1671, -10137, 1109, -1894, -4322, 1378, 39626
3982.6, 1057, 1512, -9900, 875, -2331, -5271, -166, 39626
3986.4, 1008, 1512, -9900, 875, -2331, -5271, -166, 39643
3988.7, 21, 1512, -9900, 875, -2331, -5271, -166, 39643
3994.4, 1096, 1657, -9726, 823, -2940, -6212, -927, 39639
3998.1, 1022, 1657, -9726, 823, -2940, -6212, -927, 39584
4003.9, 1095, 1820, -9730, 729, -3364, -6536, -433, 39645
4006.1, 23, 1820, -9730, 729, -3364, -6536, -433, 39645
4010.4, 1058, 1820, -9730, 729, -3364, -6536, -433, 39645
4014.1, 1027, 1820, -9730, 729, -3364, -6536, -433, 39646
4016.4, 23, 1820, -9730, 729, -3364, -6536, -433, 39646
4020.6, 1069, 1965, -9838, 665, -3710, -5573, 415, 39646
4024.4, 1021, 1965, -9838, 665, -3710, -5573, 415, 39639
4026.6, 21, 1965, -9838, 665, -3710, -5573, 415, 39639
4030.9, 1083, 2049, -9830, 756, -3854, -3338, -349, 39639
4034.6, 1024, 2049, -9830, 756, -3854, -3338, -349, 39642
4036.9, 20, 2049, -9830, 756, -3854, -3338, -349, 39642
4042.6, 1117, 2090, -9743, 597, -2830, -2988, -905, 39644
4046.3, 1020, 2090, -9743, 597, -2830, -2988, -905, 39642
4050.6, 1077, 2060, -9730, 684, -2830, -2445, -1098, 39642
4054.3, 1020, 2060, -9730, 684, -2830, -2445, -1098, 39636
4056.5, 23, 2060, -9730, 684, -2830, -2445, -1098, 39636
4060.8, 1082, 2085, -9732, 620, -2086, -909, -918, 39636
4064.5, 1040, 2085, -9732, 620, -2086, -909, -918, 39640
4068.7, 1109, 2085, -9816, 722, -2086, -909, -918, 39640
4072.4, 1050, 2085, -9816, 722, -2086, -909, -918, 39635
4076.2, 1021, 2085, -9816, 722, -2086, -909, -918, 39632
4080.4, 1094, 1971, -9891, 684, -831, 1273, -901, 39632
4084.1, 1050, 1971, -9891, 684, -831, 1273, -901, 39646
4088.3, 1077, 1894, -9859, 818, -831, 1273, -901, 39646
4092.1, 1014, 1894, -9859, 818, -831, 1273, -901, 39605
4095.8, 1045, 1894, -9859, 818, -831, 1273, -901, 39643
4100.0, 1071, 1849, -9701, 867, -1789, 2117, -1334, 39643
4103.8, 999, 1849, -9701, 867, -1789, 2117, -1334, 39636
4108.0, 1090, 1855, -9492, 771, -1789, 2117, -1334, 39636
4111.7, 1030, 1855, -9492, 771, -1789, 2117, -1334, 39641
4115.4, 1042, 1855, -9492, 771, -1789, 2117, -1334, 39639
4119.7, 1097, 1804, -9681, 857, -1828, 3154, -699, 39639
4123.4, 1034, 1804, -9681, 857, -1828, 3154, -699, 39642
4127.6, 1085, 1664, -9915, 986, -1203, 3154, -699, 39642
4131.4, 988, 1664, -9915, 986, -1203, 3154, -699, 39650
4133.6, 22, 1664, -9915, 986, -1203, 3154, -699, 39650
4139.4, 1113, 1770, -9974, 1002, -682, -669, -2445, 39623
4143.1, 1034, 1770, -9974, 1002, -682, -669, -2445, 39639
4148.8, 1109, 1914, -9742, 1167, -616, -669, -2445, 39629
4152.5, 1040, 1914, -9742, 1167, -616, -669, -2445, 39623
4158.2, 1116, 1938, -9689, 1235, -708, -3045, -2331, 39637
4161.9, 1000, 1938, -9689, 1235, -708, -3045, -2331, 39636
4167.7, 1095, 1928, -9818, 1252, -625, -5635, -1859, 39581
4171.4, 993, 1928, -9818, 1252, -625, -5635, -1859, 39660
4175.7, 1060, 1921, -9802, 1018, -1207, -8071, -2082, 39660
4179.4, 1000, 1921, -9802, 1018, -1207, -8071, -2082, 39644
4181.7, 21, 1921, -9802, 1018, -1207, -8071, -2082, 39644
4187.4, 1100, 1915, -9664, 943, -1531, -9502, -2555, 39644
4191.2, 1009, 1915, -9664, 943, -1531, -9502, -2555, 39650
4195.4, 1020, 1920, -9636, 812, -1483, -10040, -2358, 39650
4199.2, 985, 1920, -9636, 812, -1483, -10040, -2358, 39641
4201.4, 21, 1920, -9636, 812, -1483, -10040, -2358, 39641
4205.7, 1041, 1917, -9812, 972, -1391, -10421, -1710, 39641
4209.5, 995, 1917, -9812, 972, -1391, -10421, -1710, 39636
4211.7, 21, 1917, -9812, 972, -1391, -10421, -1710, 39636
4217.5, 1087, 1881, -9891, 994, -822, -11047, -1518, 39595
4221.2, 1040, 1881, -9891, 994, -822, -11047, -1518, 39641
4225.4, 1056, 1853, -9860, 1115, 153, -13160, -1474, 39641
4229.2, 987, 1853, -9860, 1115, 153, -13160, -1474, 39644
4231.4, 22, 1853, -9860, 1115, 153, -13160, -1474, 39644
4235.7, 1055, 1920, -9700, 1143, 594, -17001, -1426, 39644
4239.5, 1009, 1920, -9700, 1143, 594, -17001, -1426, 39602
4243.7, 1056, 2036, -9626, 1049, 896, -21044, -1290, 39602
4247.4, 1016, 2036, -9626, 1049, 896, -21044, -1290, 39642
4251.2, 1001, 2036, -9626, 1049, 896, -21044, -1290, 39677
4255.4, 1051, 2066, -9696, 917, 1373, -23896, -918, 39677
4259.2, 1026, 2066, -9696, 917, 1373, -23896, -918, 39652
4263.4, 1073, 1995, -9826, 1018, 2835, -25664, -463, 39652
4267.1, 981, 1995, -9826, 1018, 2835, -25664, -463, 39650
4270.9, 1017, 1995, -9826, 1018, 2835, -25664, -463, 39647
4275.2, 1069, 1786, -9950, 1004, 5805, -27856, -245, 39647
4278.9, 1016, 1786, -9950, 1004, 5805, -27856, -245, 39660
4283.2, 1060, 1532, -9972, 890, 9533, -30297, 253, 39660
4286.9, 1020, 1532, -9972, 890, 9533, -30297, 253, 39653
4290.6, 1032, 1532, -9972, 890, 9533, -30297, 253, 39651
4294.9, 1062, 1390, -9762, 924, 11922, -32646, 804, 39651
4298.6, 1025, 1390, -9762, 924, 11922, -32646, 804, 39661
4302.9, 1040, 1056, -9551, 1209, 14004, -37581, -958, 39661
4306.7, 958, 1056, -9551, 1209, 14004, -37581, -958, 39663
4310.4, 1060, 1056, -9551, 1209, 14004, -37581, -958, 39656
4314.7, 1034, 917, -9350, 1142, 12779, -38010, -6908, 39656
4318.4, 1006, 917, -9350, 1142, 12779, -38010, -6908, 39657
4322.7, 1031, 1133, -9531, 940, 11576, -34344, -10277, 39657
4326.4, 1022, 1133, -9531, 940, 11576, -34344, -10277, 39664
4330.6, 1089, 1599, -9877, 1238, 13317, -32646, -6825, 39664
4334.3, 1043, 1599, -9877, 1238, 13317, -32646, -6825, 39671
4336.6, 23, 1599, -9877, 1238, 13317, -32646, -6825, 39671
4340.8, 1059, 1892, -10318, 742, 18125, -34768, -2025, 39671
4344.5, 1033, 1892, -10318, 742, 18125, -34768, -2025, 39674
4346.8, 23, 1892, -10318, 742, 18125, -34768, -2025, 39674
4352.5, 1116, 1998, -10435, 184, 24911, -37586, -1767, 39679
4356.2, 1024, 1998, -10435, 184, 24911, -37586, -1767, 39666
4360.5, 1045, 2242, -10024, -656, 28866, -36234, -5805, 39666
4364.2, 1032, 2242, -10024, -656, 28866, -36234, -5805, 39642
4366.4, 23, 2242, -10024, -656, 28866, -36234, -5805, 39642
4370.7, 1053, 2580, -9581, -209, 30699, -28494, -9778, 39642
4374.5, 991, 2580, -9581, -209, 30699, -28494, -9778, 39686
4376.7, 21, 2580, -9581, -209, 30699, -28494, -9778, 39686
4382.5, 1123, 2877, -9882, 904, 31474, -18309, -9275, 39682
4386.2, 1018, 2877, -9882, 904, 31474, -18309, -9275, 39636
4390.4, 1064, 2926, -10372, 1369, 31049, -11642, -5670, 39636
4394.2, 998, 2926, -10372, 1369, 31049, -11642, -5670, 39720
4396.4, 23, 2926, -10372, 1369, 31049, -11642, -5670, 39720
4400.7, 1093, 2971, -10667, 1527, 31128, -6706, -2441, 39720
4404.4, 1067, 2971, -10667, 1527, 31128, -6706, -2441, 39695
4408.6, 1060, 2542, -10312, 1738, 31181, -1570, -490, 39695
4412.4, 1013, 2542, -10312, 1738, 31181, -1570, -490, 39700
4416.2, 988, 2542, -10312, 1738, 31181, -1570, -490, 39717
4420.4, 1043, 2143, -10022, 1476, 31841, -1233, 1001, 39717
4424.1, 1046, 2143, -10022, 1476, 31841, -1233, 1001, 39714
4428.4, 1088, 1817, -10382, 1390, 33679, -1715, 2646, 39714
4432.1, 974, 1817, -10382, 1390, 33679, -1715, 2646, 39718
4435.9, 1005, 1817, -10382, 1390, 33679, -1715, 2646, 39717
4440.1, 1077, 1500, -10819, 1282, 35022, -1986, 2992, 39717
4443.8, 1068, 1500, -10819, 1282, 35022, -1986, 2992, 39742
4448.0, 1016, 1165, -10910, 1407, 37183, 1071, 2533, 39742
4451.8, 982, 1165, -10910, 1407, 37183, 1071, 2533, 39717
4455.5, 1049, 1165, -10910, 1407, 37183, 1071, 2533, 39725
4459.7, 1071, 1107, -10811, 1780, 41094, 3644, 1526, 39725
4463.5, 1040, 1107, -10811, 1780, 41094, 3644, 1526, 39739
4467.7, 1082, 1457, -10703, 2242, 42565, -135, -441, 39739
4471.4, 990, 1457, -10703, 2242, 42565, -135, -441, 39720
4473.7, 21, 1457, -10703, 2242, 42565, -135, -441, 39720
4479.4, 1133, 1886, -10338, 2082, 43628, -10867, -1942, 39769
4483.1, 1027, 1886, -10338, 2082, 43628, -10867, -1942, 39768
4488.9, 1120, 2371, -10373, 1925, 46887, -20886, -1277, 39781
4491.1, 24, 2371, -10373, 1925, 46887, -20886, -1277, 39781
4493.4, 2, 2371, -10373, 1925, 46887, -20886, -1277, 39781
4499.1, 1130, 2791, -10483, 1573, 51687, -24294, 301, 39791
4501.3, 24, 2791, -10483, 1573, 51687, -24294, 301, 39791
4505.6, 1061, 2659, -10475, 1585, 55642, -22470, 1325, 39791
4509.3, 1039, 2659, -10475, 1585, 55642, -22470, 1325, 39760
4511.6, 23, 2659, -10475, 1585, 55642, -22470, 1325, 39760
4517.3, 1132, 2377, -10395, 1962, 57947, -15807, 1465, 40124
4521.0, 1033, 2377, -10395, 1962, 57947, -15807, 1465, 40168
4525.3, 1061, 1866, -10491, 2594, 59636, -7450, -91, 40168
4529.0, 1045, 1866, -10491, 2594, 59636, -7450, -91, 40138
4531.3, 23, 1866, -10491, 2594, 59636, -7450, -91, 40138
4535.5, 1056, 1640, -10443, 3098, 62966, -2476, -2511, 40138
4539.2, 1054, 1640, -10443, 3098, 62966, -2476, -2511, 40141
4541.5, 22, 1640, -10443, 3098, 62966, -2476, -2511, 40141
4545.7, 1100, 1697, -10482, 3225, 64829, -3211, -4261, 40141
4549.4, 1036, 1697, -10482, 3225, 64829, -3211, -4261, 40145
4553.7, 1077, 1697, -10482, 3225, 65787, -8146, -5254, 40145
4557.4, 969, 1697, -10482, 3225, 65787, -8146, -5254, 40149
4561.2, 1041, 1697, -10482, 3225, 65787, -8146, -5254, 40166
4565.5, 1048, 2407, -10282, 3033, 67572, -12521, -5608, 40166
4569.2, 1039, 2407, -10282, 3033, 67572, -12521, -5608, 40162
4573.5, 1046, 2407, -10282, 3033, 70132, -14105, -6545, 40162
4577.2, 1000, 2407, -10282, 3033, 70132, -14105, -6545, 40170
4580.9, 1068, 2407, -10282, 3033, 70132, -14105, -6545, 40211
4585.1, 1089, 2250, -10328, 2581, 72039, -10561, -8247, 40211
4588.9, 1014, 2250, -10328, 2581, 72039, -10561, -8247, 40192
4593.1, 1049, 2250, -10328, 2581, 73894, -1334, -10972, 40192
4596.8, 1045, 2250, -10328, 2581, 73894, -1334, -10972, 40196
4600.5, 1062, 2250, -10328, 2581, 73894, -1334, -10972, 40207
4604.8, 1089, 2820, -10488, 4781, 75802, 2445, -15238, 40207
4608.5, 1040, 2820, -10488, 4781, 75802, 2445, -15238, 40193
4612.7, 1019, 2820, -10488, 4781, 78204, -4309, -17964, 40193
4616.4, 1032, 2820, -10488, 4781, 78204, -4309, -17964, 40220
4618.8, 20, 2820, -10488, 4781, 78204, -4309, -17964, 40220
4624.4, 1129, 3327, -9817, 3556, 79923, -13864, -15649, 40222
4628.2, 1017, 3327, -9817, 3556, 79923, -13864, -15649, 40223
4633.9, 1073, 3204, -9654, 2796, 83485, -17325, -10180, 40264
4637.6, 1055, 3204, -9654, 2796, 83485, -17325, -10180, 40237
4643.3, 1142, 3204, -9654, 2796, 83485, -17325, -6671, 40245
4647.1, 983, 3204, -9654, 2796, 83485, -17325, -6671, 40271
4652.8, 1097, 2903, -9771, 2726, 87427, -9349, -6671, 40272
4656.5, 1026, 2903, -9771, 2726, 87427, -9349, -6671, 40291
4660.7, 1053, 2879, -9594, 3223, 89920, 2244, -8408, 40291
4664.5, 988, 2879, -9594, 3223, 89920, 2244, -8408, 40076
4666.7, 21, 2879, -9594, 3223, 89920, 2244, -8408, 40076
4672.5, 1121, 3055, -9104, 4633, 92506, 3666, -13260, 40324
4676.2, 992, 3055, -9104, 4633, 92506, 3666, -13260, 40330
4680.5, 1030, 3276, -8536, 5691, 92856, -6698, -14910, 40330
4684.2, 1035, 3276, -8536, 5691, 92856, -6698, -14910, 40256
4686.5, 23, 3276, -8536, 5691, 92856, -6698, -14910, 40256
4690.7, 1034, 3518, -8353, 6660, 94151, -19823, -11169, 40256
4694.5, 1011, 3518, -8353, 6660, 94151, -19823, -11169, 40327
4696.7, 22, 3518, -8353, 6660, 94151, -19823, -11169, 40327
4702.5, 1096, 3849, -8333, 6164, 95849, -29837, 1421, 40341
4706.2, 998, 3849, -8333, 6164, 95849, -29837, 1421, 40324
4710.5, 1037, 3199, -8571, 3707, 94645, -32974, 1421, 40324
4714.2, 1034, 3199, -8571, 3707, 94645, -32974, 1421, 40342
4716.5, 22, 3199, -8571, 3707, 94645, -32974, 1421, 40342
4720.7, 1079, 1534, -8470, 2816, 96627, -12906, -61, 40342
4724.5, 990, 1534, -8470, 2816, 96627, -12906, -61, 40352
4728.7, 1074, 774, -8532, 4291, 100022, 15251, -61, 40352
4732.4, 1071, 774, -8532, 4291, 100022, 15251, -61, 40353
4736.1, 1043, 774, -8532, 4291, 100022, 15251, -61, 40373
4740.4, 1064, 1622, -8408, 6052, 102586, 15903, -26477, 40373
4744.1, 1061, 1622, -8408, 6052, 102586, 15903, -26477, 40386
4748.3, 1035, 2429, -7860, 6369, 106091, -2712, -26477, 40386
4752.0, 1028, 2429, -7860, 6369, 106091, -2712, -26477, 40388
4755.8, 1051, 2429, -7860, 6369, 106091, -2712, -26477, 40401
4760.0, 1055, 3282, -7397, 5658, 110404, -24933, -25896, 40401
4763.8, 967, 3282, -7397, 5658, 110404, -24933, -25896, 40410
4768.0, 1088, 4386, -7647, 6128, 116779, -40395, -13965, 40410
4771.7, 1057, 4386, -7647, 6128, 116779, -40395, -13965, 40407
4775.4, 1053, 4386, -7647, 6128, 116779, -40395, -13965, 40435
4779.7, 1064, 4565, -8598, 5605, 121241, -46629, -3661, 40435
4783.4, 1022, 4565, -8598, 5605, 121241, -46629, -3661, 40447
4787.7, 1096, 2631, -9095, 4537, 122331, -33062, -1688, 40447
4791.4, 1031, 2631, -9095, 4537, 122331, -33062, -1688, 40455
4793.7, 21, 2631, -9095, 4537, 122331, -33062, -1688, 40455
4799.4, 1069, 792, -8968, 4088, 120222, 1618, -7109, 40478
4803.2, 1009, 792, -8968, 4088, 120222, 1618, -7109, 40497
4808.9, 1197, 354, -8428, 6419, 121823, 26504, -21604, 40535
4811.1, 26, 354, -8428, 6419, 121823, 26504, -21604, 40535
4813.4, 2, 354, -8428, 6419, 121823, 26504, -21604, 40535
4819.1, 1115, 854, -7767, 7670, 121976, 26561, -39226, 40543
4821.4, 23, 854, -7767, 7670, 121976, 26561, -39226, 40543
4825.6, 1117, 1548, -7149, 8314, 123766, 12438, -48204, 40543
4829.3, 1054, 1548, -7149, 8314, 123766, 12438, -48204, 40555
4831.6, 22, 1548, -7149, 8314, 123766, 12438, -48204, 40555
4835.8, 1061, 2868, -7311, 7334, 126373, -4983, -46038, 40555
4839.5, 1091, 2868, -7311, 7334, 126373, -4983, -46038, 40581
4841.8, 24, 2868, -7311, 7334, 126373, -4983, -46038, 40581
4847.5, 1118, 3873, -7529, 6753, 128793, -18992, -38719, 40590
4851.2, 1038, 3873, -7529, 6753, 128793, -18992, -38719, 40622
4855.4, 1026, 4331, -7797, 6160, 128005, -22483, -32821, 40622
4859.2, 989, 4331, -7797, 6160, 128005, -22483, -32821, 40592
4861.4, 22, 4331, -7797, 6160, 128005, -22483, -32821, 40592
4865.7, 1112, 4344, -7325, 6200, 127012, -16402, -32187, 40592
4869.4, 1001, 4344, -7325, 6200, 127012, -16402, -32187, 40633
4871.7, 21, 4344, -7325, 6200, 127012, -16402, -32187, 40633
4877.4, 1141, 3811, -6809, 6896, 125669, -3193, -35232, 40648
4881.2, 1069, 3811, -6809, 6896, 125669, -3193, -35232, 40648
4885.4, 1051, 3316, -6640, 7467, 123385, 9388, -37927, 40648
4889.2, 1037, 3316, -6640, 7467, 123385, 9388, -37927, 40640
4893.4, 1077, 2691, -6585, 7886, 122379, 13847, -37831, 40640
4897.1, 1032, 2691, -6585, 7886, 122379, 13847, -37831, 40661
4900.9, 1032, 2691, -6585, 7886, 122379, 13847, -37831, 40670
4905.2, 1081, 1716, -6596, 7012, 122138, 13978, -34948, 40670
4908.9, 1049, 1716, -6596, 7012, 122138, 13978, -34948, 40704
4913.2, 996, 1377, -6696, 6498, 123871, 16568, -33036, 40704
4916.9, 1089, 1377, -6696, 6498, 123871, 16568, -33036, 40723
4920.6, 1072, 1377, -6696, 6498, 123871, 16568, -33036, 40672
4924.9, 1101, 1783, -6593, 6856, 125188, 15413, -36890, 40672
4928.6, 992, 1783, -6593, 6856, 125188, 15413, -36890, 40718
4932.8, 1063, 2732, -6309, 8340, 126723, 7621, -46016, 40718
4936.6, 1029, 2732, -6309, 8340, 126723, 7621, -46016, 40720
4938.9, 21, 2732, -6309, 8340, 126723, 7621, -46016, 40720
4944.6, 1092, 3817, -5770, 8566, 125227, -3906, -53795, 40733
4948.4, 1036, 3817, -5770, 8566, 125227, -3906, -53795, 40757
4952.6, 1074, 4868, -5263, 8079, 125293, -12998, -55156, 40757
4956.3, 1004, 4868, -5263, 8079, 125293, -12998, -55156, 40756
4958.6, 21, 4868, -5263, 8079, 125293, -12998, -55156, 40756
4964.4, 1053, 4608, -4808, 7214, 124742, -15566, -47408, 40762
4968.1, 1011, 4608, -4808, 7214, 124742, -15566, -47408, 40778
4973.8, 1158, 3369, -5003, 7020, 125022, -8448, -34694, 40814
4976.0, 25, 3369, -5003, 7020, 125022, -8448, -34694, 40814
4978.3, 3, 3369, -5003, 7020, 125022, -8448, -34694, 40814
4984.0, 1083, 2176, -5477, 6674, 125599, 5661, -26486, 40792
4986.3, 23, 2176, -5477, 6674, 125599, 5661, -26486, 40792
4990.5, 1077, 2090, -5755, 7007, 127183, 15015, -31176, 40792
4994.3, 1046, 2090, -5755, 7007, 127183, 15015, -31176, 40777
4996.6, 21, 2090, -5755, 7007, 127183, 15015, -31176, 40777
5000.8, 1070, 3015, -5258, 7919, 128924, 9515, -46314, 40777
5004.5, 1066, 3015, -5258, 7919, 128924, 9515, -46314, 40797
5006.8, 22, 3015, -5258, 7919, 128924, 9515, -46314, 40797
5012.5, 1142, 4374, -4168, 9280, 129086, -6120, -59347, 40786
5016.2, 983, 4374, -4168, 9280, 129086, -6120, -59347, 40796
5020.5, 1091, 4899, -3332, 8904, 129230, -19189, -59426, 40796
5024.2, 1057, 4899, -3332, 8904, 129230, -19189, -59426, 40798
5026.5, 21, 4899, -3332, 8904, 129230, -19189, -59426, 40798
5030.8, 1040, 4198, -3121, 7490, 127598, -16214, -47670, 40798
5034.5, 1012, 4198, -3121, 7490, 127598, -16214, -47670, 40810
5038.7, 1064, 3018, -3369, 7363, 127205, -3066, -34436, 40810
5042.4, 1067, 3018, -3369, 7363, 127205, -3066, -34436, 40767
5046.2, 1098, 3018, -3369, 7363, 127205, -3066, -34436, 40815
5050.4, 1077, 2319, -3773, 7016, 127222, 8982, -30336, 40815
5054.2, 1021, 2319, -3773, 7016, 127222, 8982, -30336, 40820
5058.4, 1032, 2385, -3803, 6736, 127305, 13812, -40211, 40820
5062.1, 1055, 2385, -3803, 6736, 127305, 13812, -40211, 40814
5065.9, 1034, 2385, -3803, 6736, 127305, 13812, -40211, 40581
5070.1, 1120, 3077, -3047, 6897, 129838, 11327, -56473, 40581
5073.8, 1076, 3077, -3047, 6897, 129838, 11327, -56473, 40818
5078.0, 974, 4027, -1758, 10095, 131606, 3653, -66487, 40818
5081.7, 1055, 4027, -1758, 10095, 131606, 3653, -66487, 40696
5085.5, 1111, 4027, -1758, 10095, 131606, 3653, -66487, 40677
5089.7, 1086, 4198, -1004, 10305, 129121, -5993, -62222, 40677
5093.5, 1009, 4198, -1004, 10305, 129121, -5993, -62222, 40653
5097.7, 1026, 4561, -1299, 9549, 127480, -12473, -48515, 40653
5101.4, 975, 4561, -1299, 9549, 127480, -12473, -48515, 40644
5103.7, 20, 4561, -1299, 9549, 127480, -12473, -48515, 40644
5109.4, 1172, 4227, -2161, 9087, 127975, -14774, -37629, 40611
5113.1, 1046, 4227, -2161, 9087, 127975, -14774, -37629, 40585
5118.9, 1094, 3977, -2700, 8306, 126614, -14288, -33863, 40576
5122.6, 1008, 3977, -2700, 8306, 126614, -14288, -33863, 40567
5128.3, 1064, 3804, -2229, 7668, 124238, -13011, -35171, 40560
5132.0, 1117, 3804, -2229, 7668, 124238, -13011, -35171, 40552
5137.7, 1142, 3643, -1452, 7104, 123661, -8255, -37778, 40572
5141.4, 1004, 3643, -1452, 7104, 123661, -8255, -37778, 40548
5145.7, 1043, 3643, -665, 8554, 124120, -7109, -40276, 40548
5149.4, 1044, 3643, -665, 8554, 124120, -7109, -40276, 40539
5151.7, 21, 3643, -665, 8554, 124120, -7109, -40276, 40539
5155.9, 1073, 3467, -47, 9028, 123385, -5013, -40377, 40539
5159.6, 1034, 3467, -47, 9028, 123385, -5013, -40377, 40529
5161.9, 21, 3467, -47, 9028, 123385, -5013, -40377, 40529
5167.6, 1115, 3586, -140, 9683, 121504, -2178, -38076, 40528
5171.3, 1013, 3586, -140, 9683, 121504, -2178, -38076, 40508
5175.6, 1072, 3706, -461, 10668, 118796, -2301, -35105, 40508
5179.3, 998, 3706, -461, 10668, 118796, -2301, -35105, 40844
5181.5, 21, 3706, -461, 10668, 118796, -2301, -35105, 40844
5185.8, 1074, 3560, -1082, 9443, 117921, -6597, -32261, 40844
5189.9, 663, 3560, -1082, 9443, 117921, -6597, -32261, 40488
5194.1, 1037, 3560, -1082, 9443, 119264, -10500, -30126, 40488
5197.8, 1053, 3560, -1082, 9443, 119264, -10500, -30126, 40481
5201.6, 1029, 3560, -1082, 9443, 119264, -10500, -30126, 40460
5207.3, 1168, 3372, -592, 7104, 119277, -10788, -28109, 40464
5211.0, 1037, 3372, -592, 7104, 119277, -10788, -28109, 40412
5215.3, 1082, 4025, 369, 8804, 119916, -14000, -28122, 40412
5219.0, 980, 4025, 369, 8804, 119916, -14000, -28122, 40400
5223.2, 1055, 4025, 369, 8804, 119916, -14000, -28122, 40400
5227.0, 1078, 4025, 369, 8804, 119916, -14000, -28122, 40374
5230.7, 1067, 4025, 369, 8804, 119916, -14000, -28122, 40379
5235.0, 1044, 3591, 1574, 8603, 115046, -11003, -29076, 40379
5238.7, 978, 3591, 1574, 8603, 115046, -11003, -29076, 40377
5242.9, 1087, 3591, 1574, 8603, 115046, -11003, -29076, 40377
5246.6, 1051, 3591, 1574, 8603, 115046, -11003, -29076, 40376
5250.4, 1065, 3591, 1574, 8603, 115046, -11003, -29076, 40381
5254.6, 1072, 3240, 1020, 9490, 110492, 3933, -27794, 40381
5258.3, 998, 3240, 1020, 9490, 110492, 3933, -27794, 40341
5264.0, 1177, 3030, 609, 8177, 112338, -1894, -27615, 40363
5267.8, 1041, 3030, 609, 8177, 112338, -1894, -27615, 40364
5273.5, 1082, 3030, 609, 8177, 114801, -5858, -24320, 40356
5277.2, 1030, 3030, 609, 8177, 114801, -5858, -24320, 40377
5282.9, 1085, 3068, 1217, 7566, 116263, -14472, -18545, 40346
5286.6, 1027, 3068, 1217, 7566, 116263, -14472, -18545, 40341
5290.9, 1088, 3528, 1692, 8802, 116263, -14472, -18545, 40341
5294.6, 1011, 3528, 1692, 8802, 116263, -14472, -18545, 40317
5296.9, 20, 3528, 1692, 8802, 116263, -14472, -18545, 40317
5302.6, 1129, 4155, 2130, 8931, 116998, -22977, -16270, 40321
5306.3, 1041, 4155, 2130, 8931, 116998, -22977, -16270, 40309
5310.6, 1072, 3981, 2318, 8312, 115445, -19040, -18187, 40309
5314.3, 1032, 3981, 2318, 8312, 115445, -19040, -18187, 40307
5316.6, 20, 3981, 2318, 8312, 115445, -19040, -18187, 40307
5320.8, 1082, 3258, 2513, 8496, 113458, -6387, -20960, 40307
5324.6, 1030, 3258, 2513, 8496, 113458, -6387, -20960, 40316
5326.9, 20, 3258, 2513, 8496, 113458, -6387, -20960, 40316
5332.6, 1131, 2583, 2291, 9260, 111761, 3272, -21004, 40326
5336.3, 1011, 2583, 2291, 9260, 111761, 3272, -21004, 40323
5340.6, 1032, 2697, 2148, 8331, 111297, 5818, -20667, 40323
5344.3, 1050, 2697, 2148, 8331, 111297, 5818, -20667, 40325
5346.6, 21, 2697, 2148, 8331, 111297, 5818, -20667, 40325
5350.9, 1080, 3044, 2248, 8169, 111778, 6580, -22470, 40325
5354.6, 1026, 3044, 2248, 8169, 111778, 6580, -22470, 40367
5358.8, 1039, 3452, 2830, 8322, 113528, 2209, -23664, 40367
5362.6, 989, 3452, 2830, 8322, 113528, 2209, -23664, 40324
5366.3, 1046, 3452, 2830, 8322, 113528, 2209, -23664, 40318
5370.6, 1129, 4083, 3232, 8484, 116446, -9642, -21870, 40318
5374.3, 1053, 4083, 3232, 8484, 116446, -9642, -21870, 40323
5378.5, 1087, 4606, 3585, 8129, 119120, -17985, -18878, 40323
5382.2, 1073, 4606, 3585, 8129, 119120, -17985, -18878, 40286
5385.9, 1078, 4606, 3585, 8129, 119120, -17985, -18878, 40302
5390.2, 1107, 4634, 3569, 8291, 116101, -13995, -16174, 40302
5393.9, 1024, 4634, 3569, 8291, 116101, -13995, -16174, 40336
5398.1, 1061, 3760, 3538, 9055, 111288, 608, -14927, 40336
5401.9, 1005, 3760, 3538, 9055, 111288, 608, -14927, 40288
5405.7, 1033, 3760, 3538, 9055, 111288, 608, -14927, 40281
5409.9, 1094, 2792, 3750, 7863, 105846, 19696, -15793, 40281
5413.7, 1030, 2792, 3750, 7863, 105846, 19696, -15793, 40265
5417.9, 1081, 2053, 3376, 7531, 101996, 36282, -18388, 40265
5421.6, 1027, 2053, 3376, 7531, 101996, 36282, -18388, 40247
5423.9, 22, 2053, 3376, 7531, 101996, 36282, -18388, 40247
5429.6, 1126, 2669, 3604, 6897, 103785, 40198, -22312, 40244
5433.4, 1032, 2669, 3604, 6897, 103785, 40198, -22312, 40256
5437.6, 1095, 3427, 4205, 7922, 111258, 31443, -25489, 40256
5441.3, 1044, 3427, 4205, 7922, 111258, 31443, -25489, 40227
5443.6, 22, 3427, 4205, 7922, 111258, 31443, -25489, 40227
5449.3, 1116, 3833, 4751, 8724, 116188, 13960, -24207, 40231
5453.0, 1031, 3833, 4751, 8724, 116188, 13960, -24207, 40223
5458.7, 1093, 3681, 4905, 8046, 117225, 1828, -19302, 40232
5461.0, 23, 3681, 4905, 8046, 117225, 1828, -19302, 40232
5463.2, 3, 3681, 4905, 8046, 117225, 1828, -19302, 40232
5469.0, 1174, 3609, 4693, 8002, 114460, 3648, -18611, 40209
5471.2, 23, 3609, 4693, 8002, 114460, 3648, -18611, 40209
5475.4, 1022, 3336, 4703, 7808, 109508, 11379, -23148, 40209
5479.2, 991, 3336, 4703, 7808, 109508, 11379, -23148, 40196
5481.5, 20, 3336, 4703, 7808, 109508, 11379, -23148, 40196
5485.7, 1075, 3403, 4899, 6239, 108672, 19639, -26736, 40196
5489.4, 1024, 3403, 4899, 6239, 108672, 19639, -26736, 40189
5491.7, 20, 3403, 4899, 6239, 108672, 19639, -26736, 40189
5497.5, 1164, 3914, 5377, 6737, 108773, 25580, -27046, 40173
5501.2, 1013, 3914, 5377, 6737, 108773, 25580, -27046, 40168
5505.4, 1080, 4180, 5560, 7218, 110081, 24719, -23292, 40168
5509.1, 1017, 4180, 5560, 7218, 110081, 24719, -23292, 40127
5511.4, 21, 4180, 5560, 7218, 110081, 24719, -23292, 40127
5515.6, 1113, 4246, 5854, 7076, 113082, 21030, -17220, 40127
5519.3, 981, 4246, 5854, 7076, 113082, 21030, -17220, 40147
5523.6, 1085, 3468, 5919, 7377, 111529, 20449, -12578, 40147
5527.3, 1044, 3468, 5919, 7377, 111529, 20449, -12578, 40151
5531.0, 1013, 3468, 5919, 7377, 111529, 20449, -12578, 40132
5535.3, 1080, 2632, 5703, 7223, 113703, 26057, -12792, 40132
5539.0, 1038, 2632, 5703, 7223, 113703, 26057, -12792, 40126
5543.2, 1093, 2384, 6022, 5385, 113712, 28346, -18125, 40126
5546.9, 1059, 2384, 6022, 5385, 113712, 28346, -18125, 40108
5550.6, 1005, 2384, 6022, 5385, 113712, 28346, -18125, 40104
5554.9, 1065, 3166, 6034, 6138, 115633, 29059, -25751, 40104
5558.6, 1034, 3166, 6034, 6138, 115633, 29059, -25751, 40096
5562.9, 1046, 3808, 6178, 6623, 119859, 23550, -30021, 40096
5566.7, 1046, 3808, 6178, 6623, 119859, 23550, -30021, 40089
5570.4, 1009, 3808, 6178, 6623, 119859, 23550, -30021, 40083
5574.7, 1058, 4500, 6433, 7278, 120073, 16353, -30214, 40083
5578.4, 1049, 4500, 6433, 7278, 120073, 16353, -30214, 40075
5582.6, 1097, 3907, 6546, 6331, 115816, 16585, -25462, 40075
5586.4, 993, 3907, 6546, 6331, 115816, 16585, -25462, 40050
5588.6, 22, 3907, 6546, 6331, 115816, 16585, -25462, 40050
5594.4, 1109, 3342, 6573, 6092, 110418, 33692, -20300, 40061
5598.2, 1007, 3342, 6573, 6092, 110418, 33692, -20300, 40058
5603.9, 1093, 2438, 6259, 5976, 104166, 53830, -19880, 40043
5607.6, 1021, 2438, 6259, 5976, 104166, 53830, -19880, 40046
5613.3, 1114, 1490, 6418, 5056, 101331, 69703, -24959, 40035
5615.6, 24, 1490, 6418, 5056, 101331, 69703, -24959, 40035
5617.9, 2, 1490, 6418, 5056, 101331, 69703, -24959, 40035
5623.6, 1105, 1856, 6654, 4763, 103291, 77596, -30021, 40055
5625.8, 24, 1856, 6654, 4763, 103291, 77596, -30021, 40055
5628.1, 2, 1856, 6654, 4763, 103291, 77596, -30021, 40055
5633.9, 1108, 2182, 6753, 5582, 106524, 71952, -33753, 40028
5636.1, 22, 2182, 6753, 5582, 106524, 71952, -33753, 40028
5640.4, 1091, 2331, 6890, 6534, 106305, 55397, -34436, 40028
5644.1, 1021, 2331, 6890, 6534, 106305, 55397, -34436, 40018
5646.4, 21, 2331, 6890, 6534, 106305, 55397, -34436, 40018
5650.6, 1064, 2429, 7049, 6817, 105636, 45478, -33268, 40018
5654.3, 1039, 2429, 7049, 6817, 105636, 45478, -33268, 40019
5656.6, 21, 2429, 7049, 6817, 105636, 45478, -33268, 40019
5660.8, 1066, 2332, 6643, 6565, 105697, 49783, -35144, 40019
5664.5, 1043, 2332, 6643, 6565, 105697, 49783, -35144, 40015
5666.8, 20, 2332, 6643, 6565, 105697, 49783, -35144, 40015
5672.5, 1099, 2595, 6488, 5012, 104717, 54578, -38474, 40005
5676.2, 1017, 2595, 6488, 5012, 104717, 54578, -38474, 40005
5680.5, 1045, 2934, 6101, 5363, 102538, 51411, -38876, 40005
5684.2, 1031, 2934, 6101, 5363, 102538, 51411, -38876, 40016
5686.4, 21, 2934, 6101, 5363, 102538, 51411, -38876, 40016
5690.7, 1072, 3198, 6279, 5649, 102591, 39401, -34545, 40016
5694.4, 1028, 3198, 6279, 5649, 102591, 39401, -34545, 40018
5698.6, 1070, 3219, 6334, 4644, 101164, 21674, -24749, 40018
5702.4, 1042, 3219, 6334, 4644, 101164, 21674, -24749, 40031
5706.1, 983, 3219, 6334, 4644, 101164, 21674, -24749, 40050
5710.3, 1082, 2691, 7341, 4265, 95074, 14831, -11978, 40050
5714.0, 1026, 2691, 7341, 4265, 95074, 14831, -11978, 40058
5718.2, 1059, 1646, 8063, 5318, 92532, 22789, 918, 40058
5722.0, 1001, 1646, 8063, 5318, 92532, 22789, 918, 40052
5725.7, 1003, 1646, 8063, 5318, 92532, 22789, 918, 40103
5730.0, 1077, 1046, 7788, 5368, 86420, 30516, 6728, 40103
5733.7, 1004, 1046, 7788, 5368, 86420, 30516, 6728, 40114
5737.9, 1065, 961, 7171, 4603, 83800, 42166, 3381, 40114
5741.6, 1006, 961, 7171, 4603, 83800, 42166, 3381, 40130
5745.3, 996, 961, 7171, 4603, 83800, 42166, 3381, 40161
5749.6, 1063, 829, 6220, 4423, 77272, 45491, -5293, 40161
5753.3, 1012, 829, 6220, 4423, 77272, 45491, -5293, 40160
5759.0, 1070, 1122, 6357, 3945, 72013, 30087, -10412, 40179
5762.7, 1017, 1122, 6357, 3945, 72013, 30087, -10412, 40155
5768.5, 1066, 1167, 6481, 4661, 70128, 9358, -11523, 40218
5772.2, 997, 1167, 6481, 4661, 70128, 9358, -11523, 40207
5777.9, 1056, 1167, 6481, 4969, 68369, -5263, -11020, 40214
5781.6, 962, 1167, 6481, 4969, 68369, -5263, -11020, 40219
5785.9, 1035, 1411, 6838, 4969, 62887, -4134, -14127, 40219
5789.6, 996, 1411, 6838, 4969, 62887, -4134, -14127, 40161
5791.9, 20, 1411, 6838, 4969, 62887, -4134, -14127, 40161
5797.6, 988, 1794, 6996, 3091, 57357, 6138, -16629, 40202
5801.3, 880, 1794, 6996, 3091, 57357, 6138, -16629, 40194
5805.6, 853, 1926, 8004, 3091, 55935, 23730, -15894, 40194
5809.3, 823, 1926, 8004, 3091, 55935, 23730, -15894, 40140
5811.6, 15, 1926, 8004, 3091, 55935, 23730, -15894, 40140
5815.9, 719, 1841, 7985, 1758, 51656, 36028, -17259, 40140
5819.6, 513, 1841, 7985, 1758, 51656, 36028, -17259, 40175
5821.9, 10, 1841, 7985, 1758, 51656, 36028, -17259, 40175
5827.6, 338, 2285, 8292, 1920, 47005, 35879, -14774, 40166
5831.3, 239, 2285, 8292, 1920, 47005, 35879, -14774, 40146
5835.6, 182, 2285, 8292, 4021, 47185, 24207, -11799, 40146
5839.3, 231, 2285, 8292, 4021, 47185, 24207, -11799, 40113
5841.6, 6, 2285, 8292, 4021, 47185, 24207, -11799, 40113
5845.9, 237, 458, 9299, 3098, 42923, 14507, -12692, 40113
5849.6, 291, 458, 9299, 3098, 42923, 14507, -12692, 40110
5853.9, 249, 458, 9299, 3098, 42923, 14507, -12692, 40110
5857.7, 383, 458, 9299, 3098, 42923, 14507, -12692, 40096
5861.4, 371, 458, 9299, 3098, 42923, 14507, -12692, 40081
5865.7, 278, 694, 8229, 3503, 41431, 17749, -15859, 40081
5869.4, 458, 694, 8229, 3503, 41431, 17749, -15859, 40058
5873.6, 635, 694, 8229, 3503, 41431, 17749, -15859, 40058
5877.4, 621, 694, 8229, 3503, 41431, 17749, -15859, 40031
5881.1, 686, 694, 8229, 3503, 41431, 17749, -15859, 40039
5885.4, 878, 2239, 8755, 3378, 41046, 31084, -26775, 40039
5889.1, 897, 2239, 8755, 3378, 41046, 31084, -26775, 39989
5893.3, 999, 2239, 8755, 3378, 41046, 31084, -26775, 39989
5897.0, 1009, 2239, 8755, 3378, 41046, 31084, -26775, 39971
5900.7, 962, 2239, 8755, 3378, 41046, 31084, -26775, 39954
5905.0, 983, 1633, 9206, 4079, 23161, 14761, -30327, 39954
5908.7, 1015, 1633, 9206, 4079, 23161, 14761, -30327, 39945
5913.0, 1020, 1633, 9206, 4079, 23161, 14761, -30327, 39945
5916.7, 1011, 1633, 9206, 4079, 23161, 14761, -30327, 39920
5919.0, 21, 1633, 9206, 4079, 23161, 14761, -30327, 39920
5924.7, 1074, 1983, 10920, 2508, 13588, 26670, -21612, 39933
5928.5, 1000, 1983, 10920, 2508, 13588, 26670, -21612, 39902
5932.7, 1028, 1983, 10920, 2508, 13588, 26670, -21612, 39902
5936.4, 962, 1983, 10920, 2508, 13588, 26670, -21612, 39875
5938.7, 20, 1983, 10920, 2508, 13588, 26670, -21612, 39875
5944.4, 1192, 1529, 11084, 3515, 6628, 29203, -17080, 39866
5946.7, 26, 1529, 11084, 3515, 6628, 29203, -17080, 39866
5950.9, 1093, 981, 10820, 3941, 1465, 18445, -17080, 39866
5954.6, 1089, 981, 10820, 3941, 1465, 18445, -17080, 39859
5956.9, 22, 981, 10820, 3941, 1465, 18445, -17080, 39859
5962.6, 1152, 1094, 11428, 3504, 166, -1176, -14096, 39839
5966.3, 1074, 1094, 11428, 3504, 166, -1176, -14096, 39835
5970.5, 1052, 2095, 9858, 3087, -3530, -16559, -8421, 39835
5974.3, 1068, 2095, 9858, 3087, -3530, -16559, -8421, 39788
5976.5, 23, 2095, 9858, 3087, -3530, -16559, -8421, 39788
5980.8, 1064, 2576, 8698, 2904, -8330, -18944, -4760, 39788
5984.6, 1022, 2576, 8698, 2904, -8330, -18944, -4760, 39833
5986.9, 20, 2576, 8698, 2904, -8330, -18944, -4760, 39833
5992.6, 1180, 2356, 8742, 2833, -16441, -14450, -4344, 39811
5996.3, 1084, 2356, 8742, 2833, -16441, -14450, -4344, 39820
6000.6, 1084, 2005, 9008, 2739, -25751, -9262, -4764, 39820
6004.3, 1051, 2005, 9008, 2739, -25751, -9262, -4764, 39794
6006.5, 25, 2005, 9008, 2739, -25751, -9262, -4764, 39794
6010.8, 1062, 1193, 9476, 3103, -32716, -6326, -6387, 39794
6014.5, 1063, 1193, 9476, 3103, -32716, -6326, -6387, 39827
6018.7, 1124, 1068, 9607, 3025, -37971, -5766, -8605, 39827
6022.4, 1105, 1068, 9607, 3025, -37971, -5766, -8605, 39848
6026.1, 1047, 1068, 9607, 3025, -37971, -5766, -8605, 39869
6030.4, 1087, 1144, 9667, 2829, -42376, -4068, -10255, 39869
6034.1, 1101, 1144, 9667, 2829, -42376, -4068, -10255, 39928
6038.3, 1075, 1982, 9875, 3032, -46909, -2528, -7236, 39928
6042.1, 1082, 1982, 9875, 3032, -46909, -2528, -7236, 39890
6045.8, 1060, 1982, 9875, 3032, -46909, -2528, -7236, 39910
6050.0, 1047, 1556, 9180, 3056, -52072, -3167, -3425, 39910
6053.8, 1042, 1556, 9180, 3056, -52072, -3167, -3425, 39928
6058.0, 1069, 766, 9278, 3214, -55817, -5670, -1990, 39928
6061.7, 1015, 766, 9278, 3214, -55817, -5670, -1990, 39934
6065.5, 1046, 766, 9278, 3214, -55817, -5670, -1990, 39940
6069.7, 1077, 354, 8851, 3303, -57291, -9161, 1736, 39940
6073.4, 1053, 354, 8851, 3303, -57291, -9161, 1736, 39944
6077.7, 1041, 298, 8797, 2897, -61706, -12722, 7599, 39944
6081.4, 1042, 298, 8797, 2897, -61706, -12722, 7599, 39957
6083.7, 23, 298, 8797, 2897, -61706, -12722, 7599, 39957
6089.4, 1107, 230, 9098, 3775, -67979, -18782, 13422, 39953
6093.1, 1081, 230, 9098, 3775, -67979, -18782, 13422, 39964
6098.9, 1216, 689, 9824, 3425, -71344, -31854, 17600, 39977
6101.2, 30, 689, 9824, 3425, -71344, -31854, 17600, 39977
6103.4, 3, 689, 9824, 3425, -71344, -31854, 17600, 39977
6109.1, 1205, 305, 8250, 4036, -73702, -50015, 13733, 39977
6111.4, 29, 305, 8250, 4036, -73702, -50015, 13733, 39977
6115.6, 1108, 376, 7980, 3361, -72245, -67319, 3745, 39977
6119.3, 1091, 376, 7980, 3361, -72245, -67319, 3745, 39985
6121.6, 26, 376, 7980, 3361, -72245, -67319, 3745, 39985
6125.8, 1138, 300, 9865, 3826, -77893, -73418, -5525, 39985
6129.5, 1098, 300, 9865, 3826, -77893, -73418, -5525, 40006
6131.8, 25, 300, 9865, 3826, -77893, -73418, -5525, 40006
6137.5, 1234, 767, 9856, 3936, -86832, -69585, -4851, 40018
6141.2, 1137, 767, 9856, 3936, -86832, -69585, -4851, 40033
6145.5, 1092, 1265, 10098, 3428, -87199, -57864, 2016, 40033
6149.2, 1104, 1265, 10098, 3428, -87199, -57864, 2016, 40057
6151.4, 27, 1265, 10098, 3428, -87199, -57864, 2016, 40057
6155.7, 1156, 1396, 9765, 3607, -87794, -50483, 16848, 40057
6159.4, 1078, 1396, 9765, 3607, -87794, -50483, 16848, 40040
6161.7, 25, 1396, 9765, 3607, -87794, -50483, 16848, 40040
6167.4, 1271, 1241, 8603, 3652, -92353, -54430, 31815, 40111
6171.2, 1094, 1241, 8603, 3652, -92353, -54430, 31815, 40115
6175.4, 1097, 1207, 7291, 4341, -96470, -63092, 36264, 40115
6179.1, 1109, 1207, 7291, 4341, -96470, -63092, 36264, 40144
6183.4, 1160, 1424, 7179, 4318, -106659, -75347, 29584, 40144
6187.1, 1083, 1424, 7179, 4318, -106659, -75347, 29584, 40152
6190.9, 1099, 1424, 7179, 4318, -106659, -75347, 29584, 40206
6195.2, 1118, 1469, 6798, 5508, -117098, -86223, 19018, 40206
6198.9, 1103, 1469, 6798, 5508, -117098, -86223, 19018, 40218
6203.2, 1124, 1338, 7337, 5179, -124628, -85628, 16021, 40218
6206.9, 1108, 1338, 7337, 5179, -124628, -85628, 16021, 40237
6210.6, 1096, 1338, 7337, 5179, -124628, -85628, 16021, 40265
6214.9, 1141, 1187, 7674, 4335, -129733, -78445, 24614, 40265
6218.6, 1110, 1187, 7674, 4335, -129733, -78445, 24614, 40275
6222.8, 1099, 1220, 7696, 4028, -136615, -77491, 39178, 40275
6226.6, 1059, 1220, 7696, 4028, -136615, -77491, 39178, 40284
6228.8, 23, 1220, 7696, 4028, -136615, -77491, 39178, 40284
6234.5, 1203, 1212, 7152, 4805, -134949, -84316, 50873, 40296
6238.3, 1077, 1212, 7152, 4805, -134949, -84316, 50873, 40298
6244.0, 1154, 1581, 6452, 6171, -134039, -95372, 52640, 39848
6247.7, 1103, 1581, 6452, 6171, -134039, -95372, 52640, 40297
6253.4, 1110, 2082, 5401, 6786, -132297, -107526, 45483, 40304
6257.2, 1063, 2082, 5401, 6786, -132297, -107526, 45483, 40314
6262.9, 1167, 2328, 4308, 5326, -129313, -107412, 35127, 40301
6266.6, 1047, 2328, 4308, 5326, -129313, -107412, 35127, 40304
6272.4, 1132, 2560, 4479, 4484, -130425, -84653, 30419, 40313
6276.1, 1047, 2560, 4479, 4484, -130425, -84653, 30419, 40307
6280.3, 1109, 2764, 5260, 4820, -133973, -53406, 33171, 40307
6284.0, 1072, 2764, 5260, 4820, -133973, -53406, 33171, 40299
6286.3, 25, 2764, 5260, 4820, -133973, -53406, 33171, 40299
6290.5, 1084, 2803, 6226, 4914, -137854, -39918, 40661, 40299
6294.2, 1049, 2803, 6226, 4914, -137854, -39918, 40661, 39306
6296.5, 24, 2803, 6226, 4914, -137854, -39918, 40661, 39306
6300.7, 1125, 3024, 6790, 6226, -138974, -41668, 50995, 39306
6304.4, 1020, 3024, 6790, 6226, -138974, -41668, 50995, 39298
6306.7, 22, 3024, 6790, 6226, -138974, -41668, 50995, 39298
6310.9, 1129, 3088, 6288, 7127, -137219, -50882, 56889, 39298
6314.6, 1087, 3088, 6288, 7127, -137219, -50882, 56889, 39297
6316.9, 24, 3088, 6288, 7127, -137219, -50882, 56889, 39297
6322.6, 1154, 2917, 4980, 6743, -138646, -61867, 55191, 39308
6326.3, 1044, 2917, 4980, 6743, -138646, -61867, 55191, 39298
6330.6, 1096, 2443, 3587, 4551, -135115, -56569, 48777, 39298
6334.3, 1062, 2443, 3587, 4551, -135115, -56569, 48777, 39276
6338.5, 1107, 2572, 3755, 4032, -137530, -24251, 41878, 39276
6342.2, 1072, 2572, 3755, 4032, -137530, -24251, 41878, 39309
6345.9, 1063, 2572, 3755, 4032, -137530, -24251, 41878, 39248
6350.2, 1117, 2837, 4947, 5939, -140977, 393, 40648, 39248
6353.9, 1068, 2837, 4947, 5939, -140977, 393, 40648, 39234
6358.1, 1070, 2837, 5743, 7366, -140772, -6221, 46498, 39234
6361.9, 1008, 2837, 5743, 7366, -140772, -6221, 46498, 39236
6365.6, 1051, 2837, 5743, 7366, -140772, -6221, 46498, 39218
6369.9, 1121, 3029, 4810, 6266, -139704, -24364, 51621, 39218
6373.6, 1110, 3029, 4810, 6266, -139704, -24364, 51621, 39212
6377.8, 1116, 3029, 3953, 8710, -137911, -28017, 50252, 39212
6381.5, 1031, 3029, 3953, 8710, -137911, -28017, 50252, 39198
6383.8, 22, 3029, 3953, 8710, -137911, -28017, 50252, 39198
6389.5, 1131, 2940, 3074, 7752, -138300, -27274, 44717, 39189
6393.2, 1070, 2940, 3074, 7752, -138300, -27274, 44717, 39195
6398.9, 1124, 3093, 2879, 6000, -141909, -23918, 37783, 39176
6402.6, 1058, 3093, 2879, 6000, -141909, -23918, 37783, 39158
6408.4, 1101, 2395, 3345, 6619, -143274, -16235, 37594, 39163
6412.1, 1029, 2395, 3345, 6619, -143274, -16235, 37594, 39172
6417.8, 1133, 2499, 3214, 6458, -143344, -10001, 41160, 39159
6421.6, 1016, 2499, 3214, 6458, -143344, -10001, 41160, 39733
6425.8, 1093, 2499, 3214, 6458, -143344, -10001, 41160, 39733
6429.5, 1055, 2499, 3214, 6458, -143344, -10001, 41160, 39185
6431.8, 24, 2499, 3214, 6458, -143344, -10001, 41160, 39185
6437.5, 1142, 3774, 2854, 6514, -143344, -22107, 24587, 39204
6441.2, 1026, 3774, 2854, 6514, -143344, -22107, 24587, 39214
6445.5, 1089, 5218, 2885, 9789, -141866, -22107, 24587, 39214
6449.2, 1058, 5218, 2885, 9789, -141866, -22107, 24587, 39236
6451.5, 23, 5218, 2885, 9789, -141866, -22107, 24587, 39236
6455.8, 1068, 6317, 2343, 9853, -139424, -50234, 31128, 39236
6459.5, 1056, 6317, 2343, 9853, -139424, -50234, 31128, 39214
6461.8, 24, 6317, 2343, 9853, -139424, -50234, 31128, 39214
6467.5, 1107, 6215, 1817, 5813, -140772, -11983, 45238, 39230
6471.2, 1051, 6215, 1817, 5813, -140772, -11983, 45238, 39247
6475.5, 1084, 5248, 2255, 6730, -140772, 17368, 56206, 39247
6479.2, 1032, 5248, 2255, 6730, -140772, 17368, 56206, 39247
6481.5, 22, 5248, 2255, 6730, -140772, 17368, 56206, 39247
6485.7, 1085, 4094, 2562, 8127, -143344, 20834, 55108, 39247
6489.5, 1051, 4094, 2562, 8127, -143344, 20834, 55108, 39227
6493.7, 1076, 3081, 2301, 7862, -143344, 20834, 55108, 39227
6497.5, 1067, 3081, 2301, 7862, -143344, 20834, 55108, 39247
6501.2, 1066, 3081, 2301, 7862, -143344, 20834, 55108, 39257
6505.5, 1075, 3081, 1917, 9123, -142062, -13763, 33141, 39257
6509.2, 1042, 3081, 1917, 9123, -142062, -13763, 33141, 39276
6513.4, 1144, 4031, 1010, 9379, -142062, -13763, 33141, 39276
6517.1, 1070, 4031, 1010, 9379, -142062, -13763, 33141, 39303
6520.9, 1032, 4031, 1010, 9379, -142062, -13763, 33141, 39320
6525.1, 1075, 5964, -111, 9823, -133037, -45881, 23629, 39320
6528.8, 1038, 5964, -111, 9823, -133037, -45881, 23629, 39347
6533.1, 1098, 6443, 102, 7431, -133037, -45881, 23629, 39347
6536.8, 1040, 6443, 102, 7431, -133037, -45881, 23629, 39340
6540.6, 1044, 6443, 102, 7431, -133037, -45881, 23629, 39364
6544.8, 1097, 5625, 1210, 8228, -138278, 13842, 57694, 39364
6548.9, 676, 5625, 1210, 8228, -138278, 13842, 57694, 39384
6553.1, 1088, 4402, 1387, 8994, -138278, 13842, 57694, 39384
6556.9, 995, 4402, 1387, 8994, -138278, 13842, 57694, 39414
6560.6, 1036, 4402, 1387, 8994, -138278, 13842, 57694, 39429
6564.8, 1088, 2732, 740, 8810, -141901, 28249, 50247, 39429
6568.6, 1042, 2732, 740, 8810, -141901, 28249, 50247, 39481
6572.8, 1113, 1901, 428, 8810, -141901, 28249, 50247, 39481
6576.5, 1035, 1901, 428, 8810, -141901, 28249, 50247, 39503
6578.8, 22, 1901, 428, 8810, -141901, 28249, 50247, 39503
6584.5, 1134, 2700, -890, 9409, -138046, 11698, 33613, 39524
6586.8, 25, 2700, -890, 9409, -138046, 11698, 33613, 39524
6592.5, 1156, 4509, -1564, 9629, -127336, -11471, 16647, 39558
6596.2, 1036, 4509, -1564, 9629, -127336, -11471, 16647, 39609
6600.4, 1064, 6452, -2014, 8124, -119798, -27541, 6518, 39609
6604.2, 1032, 6452, -2014, 8124, -119798, -27541, 6518, 39666
6606.5, 22, 6452, -2014, 8124, -119798, -27541, 6518, 39666
6610.7, 1073, 6695, -653, 9285, -116162, -18152, 11300, 39666
6614.4, 1057, 6695, -653, 9285, -116162, -18152, 11300, 39655
6616.7, 23, 6695, -653, 9285, -116162, -18152, 11300, 39655
6622.4, 1183, 6027, 173, 7803, -120248, 11860, 33149, 39729
6626.1, 1029, 6027, 173, 7803, -120248, 11860, 33149, 39762
6630.4, 1110, 5313, -145, 9366, -123245, 36514, 51533, 39762
6634.1, 1043, 5313, -145, 9366, -123245, 36514, 51533, 39795
6636.4, 25, 5313, -145, 9366, -123245, 36514, 51533, 39795
6640.6, 1092, 3787, -665, 8140, -126391, 36803, 54526, 39795
6644.3, 1035, 3787, -665, 8140, -126391, 36803, 54526, 39805
6646.6, 22, 3787, -665, 8140, -126391, 36803, 54526, 39805
6650.8, 1124, 2704, -942, 8942, -126286, 26954, 48957, 39805
6654.5, 1091, 2704, -942, 8942, -126286, 26954, 48957, 39860
6658.7, 1077, 2912, -1995, 10196, -123337, 7774, 40758, 39860
6662.5, 1055, 2912, -1995, 10196, -123337, 7774, 40758, 39908
6666.2, 1082, 2912, -1995, 10196, -123337, 7774, 40758, 39963
6670.4, 1083, 4338, -3318, 9212, -114132, -16577, 28976, 39963
6674.2, 1022, 4338, -3318, 9212, -114132, -16577, 28976, 39982
6678.4, 1107, 5589, -3145, 8020, -108637, -17045, 20492, 39982
6682.1, 1044, 5589, -3145, 8020, -108637, -17045, 20492, 40033
6685.9, 1037, 5589, -3145, 8020, -108637, -17045, 20492, 40060
6690.2, 1090, 5860, -2122, 9320, -111148, 1986, 23301, 40060
6693.9, 1048, 5860, -2122, 9320, -111148, 1986, 23301, 40096
6698.2, 1064, 4932, -1467, 9634, -115151, 18965, 37389, 40096
6701.9, 1058, 4932, -1467, 9634, -115151, 18965, 37389, 40144
6705.6, 1044, 4932, -1467, 9634, -115151, 18965, 37389, 40188
6709.9, 1106, 3966, -2049, 8476, -116066, 28337, 49652, 40188
6713.6, 1045, 3966, -2049, 8476, -116066, 28337, 49652, 40204
6717.8, 1079, 2728, -2888, 8194, -117790, 28586, 48484, 40204
6721.6, 990, 2728, -2888, 8194, -117790, 28586, 48484, 40213
6723.8, 22, 2728, -2888, 8194, -117790, 28586, 48484, 40213
6729.5, 1162, 2450, -3345, 9115, -117483, 18834, 38220, 40252
6733.3, 1082, 2450, -3345, 9115, -117483, 18834, 38220, 40273
6739.0, 1144, 3456, -4041, 10741, -112045, 2371, 26429, 40302
6742.7, 1046, 3456, -4041, 10741, -112045, 2371, 26429, 40325
6748.4, 1131, 5106, -4716, 8414, -105666, -14328, 15684, 40357
6750.7, 25, 5106, -4716, 8414, -105666, -14328, 15684, 40357
6752.9, 4, 5106, -4716, 8414, -105666, -14328, 15684, 40357
6758.6, 1139, 6403, -4752, 7052, -103439, -17382, 10928, 40334
6760.9, 24, 6403, -4752, 7052, -103439, -17382, 10928, 40334
6763.1, 4, 6403, -4752, 7052, -103439, -17382, 10928, 40334
6768.9, 1151, 6552, -4201, 9431, -103732, -2143, 18685, 40410
6771.1, 25, 6552, -4201, 9431, -103732, -2143, 18685, 40410
6775.3, 1112, 5239, -3720, 8333, -107351, 14713, 34777, 40410
6779.0, 1058, 5239, -3720, 8333, -107351, 14713, 34777, 40404
6781.3, 23, 5239, -3720, 8333, -107351, 14713, 34777, 40404
6785.5, 1101, 3467, -3730, 7700, -107569, 29947, 47806, 40404
6789.2, 1070, 3467, -3730, 7700, -107569, 29947, 47806, 40447
6791.5, 23, 3467, -3730, 7700, -107569, 29947, 47806, 40447
6795.7, 1102, 1727, -4353, 7503, -108650, 37769, 48068, 40447
6799.4, 1071, 1727, -4353, 7503, -108650, 37769, 48068, 40457
6801.7, 23, 1727, -4353, 7503, -108650, 37769, 48068, 40457
6805.9, 1123, 1419, -5147, 8586, -108059, 30218, 34851, 40457
6809.6, 1069, 1419, -5147, 8586, -108059, 30218, 34851, 40489
6813.8, 1117, 2424, -5592, 9905, -105259, 14822, 16730, 40489
6817.6, 1084, 2424, -5592, 9905, -105259, 14822, 16730, 40502
6821.3, 1058, 2424, -5592, 9905, -105259, 14822, 16730, 40512
6825.5, 1113, 4200, -5578, 9529, -101799, -6400, 4357, 40512
6829.3, 1032, 4200, -5578, 9529, -101799, -6400, 4357, 40491
6833.5, 1103, 5871, -5587, 8151, -97935, -24679, 2047, 40491
6837.2, 1098, 5871, -5587, 8151, -97935, -24679, 2047, 40564
6840.9, 1082, 5871, -5587, 8151, -97935, -24679, 2047, 40945
6845.2, 1127, 6311, -5579, 7051, -96890, -29129, 10443, 40945
6848.9, 1071, 6311, -5579, 7051, -96890, -29129, 10443, 40936
6853.1, 1083, 5845, -5407, 7810, -95284, -14888, 26967, 40936
6856.9, 1021, 5845, -5407, 7810, -95284, -14888, 26967, 40941
6860.7, 1059, 5845, -5407, 7810, -95284, -14888, 26967, 40939
6864.9, 1082, 4921, -5878, 6903, -95608, 1347, 38693, 40939
6868.7, 1039, 4921, -5878, 6903, -95608, 1347, 38693, 40953
6872.9, 1080, 3154, -5934, 6395, -97734, 15470, 38500, 40953
6876.6, 1040, 3154, -5934, 6395, -97734, 15470, 38500, 40950
6878.9, 23, 3154, -5934, 6395, -97734, 15470, 38500, 40950
6884.6, 1093, 1998, -5978, 6785, -99279, 26272, 32257, 40971
6888.4, 1092, 1998, -5978, 6785, -99279, 26272, 32257, 40964
6892.6, 1131, 1942, -6303, 8547, -99104, 23572, 22969, 40964
6896.3, 1060, 1942, -6303, 8547, -99104, 23572, 22969, 40976
6898.6, 24, 1942, -6303, 8547, -99104, 23572, 22969, 40976
6904.3, 1110, 2593, -6690, 8915, -97817, 9664, 12416, 40975
6908.0, 1070, 2593, -6690, 8915, -97817, 9664, 12416, 40991
6913.7, 1153, 3735, -6755, 8147, -94554, -3530, 6173, 40984
6916.0, 25, 3735, -6755, 8147, -94554, -3530, 6173, 40984
6918.2, 4, 3735, -6755, 8147, -94554, -3530, 6173, 40984
6924.0, 1181, 4647, -6607, 7180, -92200, -10679, 6076, 40982
6926.2, 25, 4647, -6607, 7180, -92200, -10679, 6076, 40982
6930.5, 1080, 4926, -6363, 6997, -89006, -8474, 11668, 40982
6934.2, 1071, 4926, -6363, 6997, -89006, -8474, 11668, 40982
6936.5, 23, 4926, -6363, 6997, -89006, -8474, 11668, 40982
6940.7, 1075, 4289, -6675, 6239, -86595, 349, 19088, 40982
6944.4, 1057, 4289, -6675, 6239, -86595, 349, 19088, 40992
6946.7, 22, 4289, -6675, 6239, -86595, 349, 19088, 40992
6952.5, 1172, 3401, -7076, 5757, -85659, 9638, 22435, 41013
6956.2, 1042, 3401, -7076, 5757, -85659, 9638, 22435, 40994
6960.4, 1118, 2504, -7509, 6169, -87059, 16822, 20685, 40994
6964.1, 1032, 2504, -7509, 6169, -87059, 16822, 20685, 40966
6966.4, 22, 2504, -7509, 6169, -87059, 16822, 20685, 40966
6970.6, 1109, 2338, -7598, 7447, -88341, 16235, 13982, 40966
6974.3, 1066, 2338, -7598, 7447, -88341, 16235, 13982, 40997
6978.5, 1124, 2338, -7598, 7447, -89391, 8089, 6545, 40997
6982.3, 1072, 2338, -7598, 7447, -89391, 8089, 6545, 41011
6986.0, 1071, 2338, -7598, 7447, -89391, 8089, 6545, 40994
6990.3, 1080, 3427, -6994, 7672, -88726, 293, 3211, 40994
6994.0, 1063, 3427, -6994, 7672, -88726, 293, 3211, 41045
6998.2, 1123, 3427, -6994, 7672, -87055, -3408, 4865, 41045
7001.9, 1082, 3427, -6994, 7672, -87055, -3408, 4865, 41004
7005.7, 1053, 3427, -6994, 7672, -87055, -3408, 4865, 40997
7009.9, 1103, 4461, -7473, 5378, -84338, -1802, 7805, 40997
7013.6, 1043, 4461, -7473, 5378, -84338, -1802, 7805, 40998
7017.8, 1102, 4461, -7473, 5378, -83279, 6356, 11169, 40998
7021.6, 1037, 4461, -7473, 5378, -83279, 6356, 11169, 40975
7023.8, 24, 4461, -7473, 5378, -83279, 6356, 11169, 40975
7029.5, 1168, 3253, -7728, 5767, -82128, 12490, 13444, 40999
7033.3, 1031, 3253, -7728, 5767, -82128, 12490, 13444, 41001
7039.0, 1131, 2797, -7820, 5859, -81984, 13028, 13072, 40988
7042.7, 1045, 2797, -7820, 5859, -81984, 13028, 13072, 40984
7048.4, 1147, 2569, -7694, 5176, -82820, 9380, 10863, 40979
7052.2, 1009, 2569, -7694, 5176, -82820, 9380, 10863, 40995
7057.9, 1138, 2569, -7616, 5855, -84871, 6024, 9279, 40966
7061.6, 1070, 2569, -7616, 5855, -84871, 6024, 9279, 40971
7067.3, 1161, 2373, -7616, 5855, -84871, 6024, 9279, 40981
7071.0, 1027, 2373, -7616, 5855, -84871, 6024, 9279, 40970
7073.3, 23, 2373, -7616, 5855, -84871, 6024, 9279, 40970
7079.1, 1154, 2709, -7947, 6308, -85698, 2624, 8085, 40964
7081.3, 24, 2709, -7947, 6308, -85698, 2624, 8085, 40964
7085.5, 1100, 3418, -8324, 6308, -85698, 2624, 8085, 40964
7089.2, 1048, 3418, -8324, 6308, -85698, 2624, 8085, 40973
7091.5, 22, 3418, -8324, 6308, -85698, 2624, 8085, 40973
7095.7, 1115, 3967, -8202, 5211, -83646, 3241, 6291, 40973
7099.4, 1074, 3967, -8202, 5211, -83646, 3241, 6291, 40971
7101.7, 22, 3967, -8202, 5211, -83646, 3241, 6291, 40971
7105.9, 1108, 3860, -7916, 4329, -81875, 5162, 6558, 40971
7109.6, 1049, 3860, -7916, 4329, -81875, 5162, 6558, 40965
7111.9, 22, 3860, -7916, 4329, -81875, 5162, 6558, 40965
7117.6, 1147, 3443, -8072, 4500, -78383, 5460, 12818, 40965
7121.3, 1069, 3443, -8072, 4500, -78383, 5460, 12818, 40975
7125.6, 1093, 3028, -8627, 4518, -76524, 5460, 12818, 40975
7129.3, 1034, 3028, -8627, 4518, -76524, 5460, 12818, 40968
7131.5, 23, 3028, -8627, 4518, -76524, 5460, 12818, 40968
7135.7, 1102, 2611, -8790, 4742, -76043, 2143, 13527, 40968
7139.5, 1056, 2611, -8790, 4742, -76043, 2143, 13527, 40961
7143.7, 1117, 2426, -8777, 4923, -76156, -83, 13527, 40961
7147.4, 1099, 2426, -8777, 4923, -76156, -83, 13527, 40956
7151.1, 1062, 2426, -8777, 4923, -76156, -83, 13527, 40950
7155.4, 1129, 2676, -8682, 4986, -77408, -2226, 10548, 40950
7159.1, 1050, 2676, -8682, 4986, -77408, -2226, 10548, 40945
7163.4, 1093, 2926, -8602, 5349, -77272, -3018, 10548, 40945
7167.1, 1055, 2926, -8602, 5349, -77272, -3018, 10548, 40945
7170.8, 1068, 2926, -8602, 5349, -77272, -3018, 10548, 40972
7175.0, 1076, 3178, -8630, 4584, -75548, -3185, 11130, 40972
7178.8, 1060, 3178, -8630, 4584, -75548, -3185, 11130, 40945
7183.0, 1121, 3415, -8789, 3520, -73291, -2743, 11130, 40945
7186.7, 1035, 3415, -8789, 3520, -73291, -2743, 11130, 40970
7190.5, 1061, 3415, -8789, 3520, -73291, -2743, 11130, 40954
7194.7, 1120, 3282, -8790, 3749, -70989, -279, 12805, 40954
7198.4, 1061, 3282, -8790, 3749, -70989, -279, 12805, 40939
7202.7, 1099, 2961, -8730, 3833, -68990, 603, 15058, 40939
7206.4, 1045, 2961, -8730, 3833, -68990, 603, 15058, 40943
7208.7, 24, 2961, -8730, 3833, -68990, 603, 15058, 40943
7214.4, 1110, 2844, -8778, 4368, -67271, -533, 15890, 40947
7218.2, 1036, 2844, -8778, 4368, -67271, -533, 15890, 40941
7223.9, 1135, 2772, -8895, 4511, -67695, -4431, 14800, 40955
7227.6, 1060, 2772, -8895, 4511, -67695, -4431, 14800, 40952
7233.3, 1145, 2683, -8904, 4421, -68321, -8452, 13746, 40960
7235.6, 25, 2683, -8904, 4421, -68321, -8452, 13746, 40960
7237.9, 3, 2683, -8904, 4421, -68321, -8452, 13746, 40960
7243.6, 1130, 2690, -9013, 4195, -68093, -7595, 14144, 40941
7245.8, 25, 2690, -9013, 4195, -68093, -7595, 14144, 40941
7248.1, 4, 2690, -9013, 4195, -68093, -7595, 14144, 40941
7253.8, 1115, 2775, -8955, 3316, -67944, -791, 15190, 40950
7256.1, 23, 2775, -8955, 3316, -67944, -791, 15190, 40950
7260.4, 1074, 2844, -8691, 3300, -67297, 6370, 14870, 40950
7264.1, 1078, 2844, -8691, 3300, -67297, 6370, 14870, 40942
7266.4, 23, 2844, -8691, 3300, -67297, 6370, 14870, 40942
7270.6, 1112, 2853, -8621, 3728, -67306, 9542, 13068, 40942
7274.3, 1071, 2853, -8621, 3728, -67306, 9542, 13068, 40934
7276.6, 23, 2853, -8621, 3728, -67306, 9542, 13068, 40934
7280.8, 1110, 2825, -8865, 4176, -65923, 9095, 11913, 40934
7284.5, 1053, 2825, -8865, 4176, -65923, 9095, 11913, 40933
7286.8, 23, 2825, -8865, 4176, -65923, 9095, 11913, 40933
7292.5, 1154, 2940, -8927, 3496, -64921, 4746, 12333, 40926
7296.2, 1059, 2940, -8927, 3496, -64921, 4746, 12333, 40926
7300.5, 1099, 2948, -8904, 2933, -64173, -183, 13667, 40926
7304.2, 1030, 2948, -8904, 2933, -64173, -183, 13667, 40909
7306.5, 22, 2948, -8904, 2933, -64173, -183, 13667, 40909
7310.8, 1076, 2648, -8997, 3303, -64799, -581, 15080, 40909
7314.5, 1077, 2648, -8997, 3303, -64799, -581, 15080, 40939
7318.7, 1100, 2670, -8894, 3454, -65941, 1483, 15282, 40939
7322.5, 1061, 2670, -8894, 3454, -65941, 1483, 15282, 40935
7326.2, 1075, 2670, -8894, 3454, -65941, 1483, 15282, 40942
7330.4, 1107, 2775, -8764, 3963, -67712, 3749, 13545, 40942
7334.2, 1048, 2775, -8764, 3963, -67712, 3749, 13545, 40909
7338.4, 1117, 2767, -8846, 4170, -69655, 7984, 11270, 40909
7342.1, 1049, 2767, -8846, 4170, -69655, 7984, 11270, 40936
7345.9, 1045, 2767, -8846, 4170, -69655, 7984, 11270, 40945
7350.1, 1102, 2806, -8895, 3389, -69546, 11493, 10491, 40945
7353.8, 1066, 2806, -8895, 3389, -69546, 11493, 10491, 40947
7358.0, 1093, 3044, -9044, 2316, -67301, 12797, 10640, 40947
7361.8, 1048, 3044, -9044, 2316, -67301, 12797, 10640, 40933
7365.5, 1053, 3044, -9044, 2316, -67301, 12797, 10640, 40936
7369.7, 1091, 2803, -9412, 1572, -65241, 10312, 11305, 40936
7373.5, 1042, 2803, -9412, 1572, -65241, 10312, 11305, 40938
7377.7, 1105, 2531, -9541, 1813, -63066, 6020, 11830, 40938
7381.4, 1043, 2531, -9541, 1813, -63066, 6020, 11830, 40944
7383.7, 23, 2531, -9541, 1813, -63066, 6020, 11830, 40944
7389.4, 1121, 2491, -10013, 2735, -60297, 2515, 10648, 40928
7393.1, 1042, 2491, -10013, 2735, -60297, 2515, 10648, 40922
7398.9, 1158, 2667, -9943, 2734, -58464, -30, 7778, 40930
7401.1, 26, 2667, -9943, 2734, -58464, -30, 7778, 40930
7403.4, 4, 2667, -9943, 2734, -58464, -30, 7778, 40930
7409.1, 1131, 2831, -9567, 2841, -58022, -2187, 6321, 40914
7411.3, 25, 2831, -9567, 2841, -58022, -2187, 6321, 40914
7415.6, 1074, 2958, -9407, 3021, -55874, 1553, 6908, 40914
7419.3, 1045, 2958, -9407, 3021, -55874, 1553, 6908, 40912
7421.6, 23, 2958, -9407, 3021, -55874, 1553, 6908, 40912
7427.3, 1189, 2918, -9580, 2433, -51603, 4305, 8159, 40901
7431.0, 1043, 2918, -9580, 2433, -51603, 4305, 8159, 40913
7435.3, 1071, 2793, -9894, 2143, -46703, 6103, 8461, 40913
7439.0, 1059, 2793, -9894, 2143, -46703, 6103, 8461, 40917
7441.3, 24, 2793, -9894, 2143, -46703, 6103, 8461, 40917
7445.5, 1109, 2476, -10015, 1106, -40867, 8181, 7713, 40917
7449.2, 1048, 2476, -10015, 1106, -40867, 8181, 7713, 40927
7451.5, 23, 2476, -10015, 1106, -40867, 8181, 7713, 40927
7455.7, 1110, 2524, -9876, 1168, -35753, 9310, 6877, 40927
7459.4, 1035, 2524, -9876, 1168, -35753, 9310, 6877, 40919
7463.7, 1091, 2437, -9757, 2286, -31986, 8382, 6466, 40919
7467.4, 1033, 2437, -9757, 2286, -31986, 8382, 6466, 40925
7471.2, 1054, 2437, -9757, 2286, -31986, 8382, 6466, 40924
7475.5, 1085, 2340, -9797, 2085, -28910, 4326, 6413, 40924
7479.2, 1078, 2340, -9797, 2085, -28910, 4326, 6413, 40910
7483.4, 1082, 2506, -9827, 1869, -25580, 1636, 5643, 40910
7487.2, 1046, 2506, -9827, 1869, -25580, 1636, 5643, 40920
7490.9, 1054, 2506, -9827, 1869, -25580, 1636, 5643, 40911
7495.1, 1090, 2611, -9934, 1865, -23240, 2051, 4134, 40911
7498.9, 1025, 2611, -9934, 1865, -23240, 2051, 4134, 40908
7503.1, 1107, 2623, -10054, 1825, -20593, 1080, 3535, 40908
7506.8, 1069, 2623, -10054, 1825, -20593, 1080, 3535, 40892
7510.5, 1055, 2623, -10054, 1825, -20593, 1080, 3535, 40895
7514.8, 1111, 2606, -10184, 2244, -16244, -1697, 4633, 40895
7518.5, 1042, 2606, -10184, 2244, -16244, -1697, 4633, 40900
7522.7, 1088, 2629, -10133, 1938, -12805, -5801, 6492, 40900
7526.5, 1023, 2629, -10133, 1938, -12805, -5801, 6492, 40890
7528.8, 21, 2629, -10133, 1938, -12805, -5801, 6492, 40890
7534.5, 1100, 2481, -10210, 1300, -9375, -9940, 6973, 40924
7538.3, 1023, 2481, -10210, 1300, -9375, -9940, 6973, 40893
7544.0, 1121, 1954, -10649, 1381, -7651, -6794, 5718, 40890
7547.7, 1046, 1954, -10649, 1381, -7651, -6794, 5718, 40861
7553.4, 1133, 1834, -10957, 1061, -2480, -2362, 2996, 40895
7555.7, 26, 1834, -10957, 1061, -2480, -2362, 2996, 40895
7558.0, 3, 1834, -10957, 1061, -2480, -2362, 2996, 40895
7563.7, 1141, 1871, -10804, 572, 2585, -454, 43, 40891
7565.9, 27, 1871, -10804, 572, 2585, -454, 43, 40891
7568.2, 4, 1871, -10804, 572, 2585, -454, 43, 40891
7573.9, 1130, 1777, -10485, 1021, 6930, -1636, -826, 40892
7576.2, 26, 1777, -10485, 1021, 6930, -1636, -826, 40892
7580.4, 1096, 1777, -10427, 1854, 10434, -7223, 804, 40892
7584.2, 1025, 1777, -10427, 1854, 10434, -7223, 804, 40856
7586.5, 21, 1777, -10427, 1854, 10434, -7223, 804, 40856
7590.7, 1093, 1956, -10870, 2926, 12853, -16590, 2743, 40856
7594.4, 1072, 1956, -10870, 2926, 12853, -16590, 2743, 40883
7596.7, 23, 1956, -10870, 2926, 12853, -16590, 2743, 40883
7600.9, 1123, 2487, -11401, 3061, 16384, -27947, 3591, 40883
7604.6, 1032, 2487, -11401, 3061, 16384, -27947, 3591, 40886
7606.9, 23, 2487, -11401, 3061, 16384, -27947, 3591, 40886
7612.6, 1126, 2673, -11394, 2008, 19775, -31163, 4064, 40869
7616.3, 1047, 2673, -11394, 2008, 19775, -31163, 4064, 40876
7620.6, 1102, 2514, -11309, 1476, 23997, -19823, 4528, 40876
7624.3, 1011, 2514, -11309, 1476, 23997, -19823, 4528, 40894
7626.6, 22, 2514, -11309, 1476, 23997, -19823, 4528, 40894
7630.8, 1080, 1886, -11060, 987, 26827, -2983, 4440, 40894
7634.6, 1105, 1886, -11060, 987, 26827, -2983, 4440, 40879
7638.8, 1087, 1886, -11060, 987, 29802, 10955, 4445, 40879
7642.5, 1042, 1886, -11060, 987, 29802, 10955, 4445, 40880
7646.3, 1030, 1886, -11060, 987, 29802, 10955, 4445, 40889
7650.6, 1089, 1378, -10364, 2787, 32108, 13151, 4790, 40889
7654.3, 1046, 1378, -10364, 2787, 32108, 13151, 4790, 40887
7658.5, 1117, 1378, -10364, 2787, 34108, 3075, 5814, 40887
7662.2, 1068, 1378, -10364, 2787, 34108, 3075, 5814, 40878
7665.9, 1037, 1378, -10364, 2787, 34108, 3075, 5814, 40881
7670.2, 1064, 2448, -11158, 4634, 35477, -12722, 6825, 40881
7673.9, 1067, 2448, -11158, 4634, 35477, -12722, 6825, 40880
7678.1, 1099, 2448, -11158, 4634, 39428, -25686, 7980, 40880
7681.9, 997, 2448, -11158, 4634, 39428, -25686, 7980, 40872
7685.6, 1025, 2448, -11158, 4634, 39428, -25686, 7980, 40870
7689.8, 1079, 3513, -10356, 2565, 42635, -28521, 9856, 40870
7693.6, 1060, 3513, -10356, 2565, 42635, -28521, 9856, 40883
7697.8, 1118, 3513, -10356, 2565, 45430, -16769, 11830, 40883
7701.5, 1026, 3513, -10356, 2565, 45430, -16769, 11830, 40867
7703.8, 22, 3513, -10356, 2565, 45430, -16769, 11830, 40867
7709.5, 1141, 1754, -9894, 2301, 47950, 2541, 11830, 40869
7713.2, 1076, 1754, -9894, 2301, 47950, 2541, 11830, 40910
7718.9, 1109, 1754, -9894, 2301, 47950, 10697, 8216, 40869
7721.2, 25, 1754, -9894, 2301, 47950, 10697, 8216, 40869
7723.4, 3, 1754, -9894, 2301, 47950, 10697, 8216, 40869
7729.2, 1148, 1175, -9956, 3128, 53165, 6768, 3806, 40874
7731.4, 26, 1175, -9956, 3128, 53165, 6768, 3806, 40874
7735.6, 1104, 1390, -10004, 3543, 53165, 6768, 3806, 40874
7739.3, 1061, 1390, -10004, 3543, 53165, 6768, 3806, 40860
7741.6, 23, 1390, -10004, 3543, 53165, 6768, 3806, 40860
7745.8, 1091, 2107, -10396, 4697, 56871, -6641, 761, 40860
7749.5, 1071, 2107, -10396, 4697, 56871, -6641, 761, 40865
7751.8, 24, 2107, -10396, 4697, 56871, -6641, 761, 40865
7757.5, 1122, 2721, -10293, 4208, 59973, -17408, 209, 40858
7761.2, 1031, 2721, -10293, 4208, 59973, -17408, 209, 40876
7765.5, 1085, 2874, -9721, 3450, 63582, -15360, 1771, 40876
7769.2, 1026, 2874, -9721, 3450, 63582, -15360, 1771, 40854
7771.4, 25, 2874, -9721, 3450, 63582, -15360, 1771, 40854
7775.7, 1097, 2432, -9200, 2849, 65836, -3998, 3031, 40854
7779.4, 1062, 2432, -9200, 2849, 65836, -3998, 3031, 40853
7781.6, 25, 2432, -9200, 2849, 65836, -3998, 3031, 40853
7787.4, 1102, 2166, -9311, 3506, 69209, 3517, 1404, 40822
7791.2, 1027, 2166, -9311, 3506, 69209, 3517, 1404, 40854
7795.4, 1110, 2137, -9915, 4248, 70972, -1049, -2240, 40854
7799.1, 1077, 2137, -9915, 4248, 70972, -1049, -2240, 40828
7803.4, 1103, 2519, -10121, 4878, 74170, -14958, -3893, 40828
7807.1, 1027, 2519, -10121, 4878, 74170, -14958, -3893, 40825
7810.9, 1059, 2519, -10121, 4878, 74170, -14958, -3893, 40789
7815.1, 1105, 3205, -10186, 5122, 77268, -27422, -3018, 40789
7818.8, 1075, 3205, -10186, 5122, 77268, -27422, -3018, 40821
7823.0, 1085, 3535, -9926, 4389, 78865, -32331, -1995, 40821
7826.8, 1058, 3535, -9926, 4389, 78865, -32331, -1995, 40815
7830.5, 1057, 3535, -9926, 4389, 78865, -32331, -1995, 40814
7834.7, 1080, 3336, -9509, 3334, 79560, -27418, -1819, 40814
7838.5, 1041, 3336, -9509, 3334, 79560, -27418, -1819, 40840
7842.7, 1144, 2892, -9386, 3501, 83576, -17749, -1942, 40840
7846.4, 1029, 2892, -9386, 3501, 83576, -17749, -1942, 40805
7848.7, 21, 2892, -9386, 3501, 83576, -17749, -1942, 40805
7854.4, 1112, 2520, -9635, 4141, 85930, -10338, -2515, 40816
7858.1, 1058, 2520, -9635, 4141, 85930, -10338, -2515, 40816
7863.8, 1141, 2260, -9902, 5614, 88402, -7511, -3434, 40807
7867.6, 1011, 2260, -9902, 5614, 88402, -7511, -3434, 40807
7873.3, 1123, 1799, -9726, 5821, 87483, -9997, -4156, 40800
7877.0, 1050, 1799, -9726, 5821, 87483, -9997, -4156, 40795
7882.7, 1138, 1804, -9599, 6692, 86123, -10005, -4453, 40793
7886.4, 1043, 1804, -9599, 6692, 86123, -10005, -4453, 40798
7890.7, 1113, 2186, -9920, 5637, 85173, -13483, -6798, 40798
7894.4, 1072, 2186, -9920, 5637, 85173, -13483, -6798, 40787
7896.7, 24, 2186, -9920, 5637, 85173, -13483, -6798, 40787
7900.9, 1094, 2802, -9902, 4483, 88017, -21398, -11108, 40787
7904.6, 1056, 2802, -9902, 4483, 88017, -21398, -11108, 40755
7906.9, 22, 2802, -9902, 4483, 88017, -21398, -11108, 40755
7912.6, 1144, 2708, -10121, 4152, 91010, -16165, -13588, 40803
7916.3, 1077, 2708, -10121, 4152, 91010, -16165, -13588, 40781
7920.6, 1073, 2648, -10526, 4287, 93652, -2379, -14621, 40781
7924.3, 1049, 2648, -10526, 4287, 93652, -2379, -14621, 40777
7926.5, 25, 2648, -10526, 4287, 93652, -2379, -14621, 40777
7930.8, 1098, 2053, -10554, 4904, 95149, 12998, -19092, 40777
7934.5, 1027, 2053, -10554, 4904, 95149, 12998, -19092, 40771
7936.7, 24, 2053, -10554, 4904, 95149, 12998, -19092, 40771
7942.4, 1203, 1711, -10164, 5426, 97498, 26552, -26211, 40544
7946.1, 1020, 1711, -10164, 5426, 97498, 26552, -26211, 40563
7950.4, 1109, 2301, -9459, 5508, 100075, 25843, -34374, 40563
7954.1, 1020, 2301, -9459, 5508, 100075, 25843, -34374, 40536
7958.4, 1095, 3308, -8773, 5734, 104446, 4991, -39021, 40536
7962.1, 1082, 3308, -8773, 5734, 104446, 4991, -39021, 40541
7966.2, 688, 3308, -8773, 5734, 104446, 4991, -39021, 40539
7970.5, 1068, 4441, -8731, 5490, 110680, -25756, -34173, 40539
7974.2, 1050, 4441, -8731, 5490, 110680, -25756, -34173, 40517
7978.4, 1083, 5108, -9116, 5450, 116766, -50090, -21884, 40517
7982.2, 1081, 5108, -9116, 5450, 116766, -50090, -21884, 40535
7985.9, 1065, 5108, -9116, 5450, 116766, -50090, -21884, 40539
7990.1, 1094, 4984, -9318, 5079, 120480, -61806, -9878, 40539
7993.9, 981, 4984, -9318, 5079, 120480, -61806, -9878, 40531
7998.1, 1133, 4636, -9289, 5614, 123954, -54858, -5613, 40531
8001.8, 1105, 4636, -9289, 5614, 123954, -54858, -5613, 40533
8005.5, 1056, 4636, -9289, 5614, 123954, -54858, -5613, 40542
8009.8, 1080, 2920, -8675, 4187, 123622, -33600, -11029, 40542
8013.5, 1124, 2920, -8675, 4187, 123622, -33600, -11029, 40542
8017.7, 1074, 1807, -7780, 5272, 123280, -9113, -19088, 40542
8021.5, 1026, 1807, -7780, 5272, 123280, -9113, -19088, 40547
8023.7, 22, 1807, -7780, 5272, 123280, -9113, -19088, 40547
8029.4, 1181, 1895, -7272, 6822, 124794, 695, -27812, 40567
8033.2, 1067, 1895, -7272, 6822, 124794, 695, -27812, 40543
8038.9, 1082, 2372, -7039, 6681, 125796, -14284, -34746, 40533
8041.1, 25, 2372, -7039, 6681, 125796, -14284, -34746, 40533
8043.4, 2, 2372, -7039, 6681, 125796, -14284, -34746, 40533
8049.1, 1177, 3482, -7115, 6934, 129790, -36623, -35993, 40550
8051.4, 27, 3482, -7115, 6934, 129790, -36623, -35993, 40550
8055.6, 1081, 4244, -7703, 6297, 133282, -57295, -33771, 40550
8059.4, 1064, 4244, -7703, 6297, 133282, -57295, -33771, 40541
8061.6, 23, 4244, -7703, 6297, 133282, -57295, -33771, 40541
8065.9, 1118, 4262, -7780, 5198, 134087, -64366, -31093, 40541
8069.6, 1081, 4262, -7780, 5198, 134087, -64366, -31093, 40574
8071.9, 24, 4262, -7780, 5198, 134087, -64366, -31093, 40574
8077.6, 1120, 3233, -7647, 4063, 134581, -45859, -30481, 40500
8081.3, 1016, 3233, -7647, 4063, 134581, -45859, -30481, 40556
8085.6, 1088, 2915, -6826, 5581, 137210, -14988, -36313, 40556
8089.3, 1085, 2915, -6826, 5581, 137210, -14988, -36313, 40560
8091.5, 26, 2915, -6826, 5581, 137210, -14988, -36313, 40560
8095.8, 1099, 2560, -6272, 6712, 138646, 2900, -47679, 40560
8099.6, 1014, 2560, -6272, 6712, 138646, 2900, -47679, 40564
8103.8, 1087, 2426, -5106, 7683, 139446, 5626, -56259, 40564
8107.5, 1092, 2426, -5106, 7683, 139446, 5626, -56259, 40567
8111.3, 1106, 2426, -5106, 7683, 139446, 5626, -56259, 40573
8115.5, 1083, 2803, -5102, 7831, 140767, -5407, -57160, 40573
8119.3, 1032, 2803, -5102, 7831, 140767, -5407, -57160, 40577
8123.5, 1117, 3017, -5453, 6594, 142688, -21695, -53082, 40577
8127.2, 1093, 3017, -5453, 6594, 142688, -21695, -53082, 40575
8130.9, 1076, 3017, -5453, 6594, 142688, -21695, -53082, 40580
8135.2, 1078, 3033, -6186, 5867, 143314, -24465, -50190, 40580
8138.9, 1018, 3033, -6186, 5867, 143314, -24465, -50190, 40601
8143.1, 1145, 3163, -6296, 6551, 143344, -13352, -54316, 40601
8146.9, 1069, 3163, -6296, 6551, 143344, -13352, -54316, 40571
8150.6, 1032, 3163, -6296, 6551, 143344, -13352, -54316, 40566
8154.8, 1090, 3297, -5639, 6440, 143344, -2458, -65192, 40566
8158.6, 1063, 3297, -5639, 6440, 143344, -2458, -65192, 40559
8162.8, 1146, 3010, -4644, 7320, 142557, 8133, -75837, 40559
8166.5, 1058, 3010, -4644, 7320, 142557, 8133, -75837, 40556
8168.8, 22, 3010, -4644, 7320, 142557, 8133, -75837, 40556
8174.5, 1082, 2933, -3471, 7599, 142972, 15225, -78978, 40558
8178.2, 1058, 2933, -3471, 7599, 142972, 15225, -78978, 40547
8183.9, 1165, 3741, -3299, 7706, 143314, 8850, -75351, 40544
8187.6, 1043, 3741, -3299, 7706, 143314, 8850, -75351, 40546
8193.4, 1056, 4238, -3561, 7377, 143344, -2183, -68321, 40546
8197.1, 1061, 4238, -3561, 7377, 143344, -2183, -68321, 40553
8202.9, 1206, 4238, -4070, 7419, 143344, -4589, -62497, 40538
8206.6, 1001, 4238, -4070, 7419, 143344, -4589, -62497, 40528
8210.8, 1077, 4378, -4070, 7419, 143344, -3788, -58722, 40528
8214.5, 1034, 4378, -4070, 7419, 143344, -3788, -58722, 40509
8216.8, 24, 4378, -4070, 7419, 143344, -3788, -58722, 40509
8222.5, 1157, 4418, -3584, 8191, 143344, 1833, -57519, 40512
8226.2, 1017, 4418, -3584, 8191, 143344, 1833, -57519, 40485
8230.5, 1055, 3902, -3584, 8191, 143344, 4392, -58258, 40485
8234.2, 1057, 3902, -3584, 8191, 143344, 4392, -58258, 40444
8236.4, 25, 3902, -3584, 8191, 143344, 4392, -58258, 40444
8240.7, 1108, 3687, -2589, 7612, 143344, 8688, -57829, 40444
8244.5, 1035, 3687, -2589, 7612, 143344, 8688, -57829, 40464
8246.7, 24, 3687, -2589, 7612, 143344, 8688, -57829, 40464
8252.4, 1127, 2518, -1846, 7532, 143344, 17067, -56083, 40455
8256.2, 1108, 2518, -1846, 7532, 143344, 17067, -56083, 40424
8260.4, 1118, 2518, -1633, 8031, 143340, 26534, -56486, 40424
8264.2, 946, 2518, -1633, 8031, 143340, 26534, -56486, 40424
8266.4, 23, 2518, -1633, 8031, 143340, 26534, -56486, 40424
8270.7, 1090, 3135, -1403, 9128, 143344, 27821, -60739, 40424
8274.4, 1127, 3135, -1403, 9128, 143344, 27821, -60739, 40409
8278.6, 1113, 3135, -1403, 9128, 143344, 27821, -60739, 40409
8282.4, 954, 3135, -1403, 9128, 143344, 27821, -60739, 40381
8286.2, 1001, 3135, -1403, 9128, 143344, 27821, -60739, 40385
8290.4, 1114, 4832, -991, 9236, 143344, 4366, -68268, 40385
8294.2, 1079, 4832, -991, 9236, 143344, 4366, -68268, 40377
8298.4, 1113, 4832, -991, 9236, 143344, 4366, -68268, 40377
8302.1, 965, 4832, -991, 9236, 143344, 4366, -68268, 40356
8305.9, 969, 4832, -991, 9236, 143344, 4366, -68268, 40337
8310.1, 1131, 4794, -1033, 7794, 143344, 2034, -48852, 40337
8313.8, 1108, 4794, -1033, 7794, 143344, 2034, -48852, 40322
8318.0, 1099, 4794, -1033, 7794, 143344, 2034, -48852, 40322
8321.8, 1030, 4794, -1033, 7794, 143344, 2034, -48852, 40302
8325.5, 1011, 4794, -1033, 7794, 143344, 2034, -48852, 40313
8329.7, 1086, 2958, -544, 7913, 143344, 16139, -40644, 40313
8333.5, 1075, 2958, -544, 7913, 143344, 16139, -40644, 40285
8337.7, 1119, 2958, -544, 7913, 143344, 16139, -40644, 40285
8341.4, 959, 2958, -544, 7913, 143344, 16139, -40644, 40274
8343.7, 21, 2958, -544, 7913, 143344, 16139, -40644, 40274
8349.4, 1151, 1955, -175, 9141, 143344, 34759, -51888, 40252
8353.1, 1048, 1955, -175, 9141, 143344, 34759, -51888, 40244
8358.9, 1088, 1955, -175, 9880, 143344, 24535, -57414, 40227
8362.6, 1023, 1955, -175, 9880, 143344, 24535, -57414, 40238
8368.3, 1157, 2691, 39, 9880, 143344, 24535, -57414, 40212
8372.0, 1101, 2691, 39, 9880, 143344, 24535, -57414, 40188
8377.7, 1092, 3905, 147, 9175, 143344, 7980, -59085, 40176
8381.4, 972, 3905, 147, 9175, 143344, 7980, -59085, 40174
8385.7, 1064, 5248, 623, 8864, 143344, -8837, -55427, 40174
8389.4, 1100, 5248, 623, 8864, 143344, -8837, -55427, 40172
8391.7, 25, 5248, 623, 8864, 143344, -8837, -55427, 40172
8395.9, 1106, 5700, 1060, 7758, 143344, -17110, -48042, 40172
8399.6, 989, 5700, 1060, 7758, 143344, -17110, -48042, 40162
8401.9, 21, 5700, 1060, 7758, 143344, -17110, -48042, 40162
8407.6, 1169, 5234, 1555, 7034, 143344, -11156, -38697, 40135
8411.3, 1049, 5234, 1555, 7034, 143344, -11156, -38697, 40098
8415.5, 1108, 4137, 2056, 7503, 143344, 2975, -28932, 40098
8419.3, 1019, 4137, 2056, 7503, 143344, 2975, -28932, 40105
8421.5, 23, 4137, 2056, 7503, 143344, 2975, -28932, 40105
8425.8, 1061, 2763, 1914, 8927, 143344, 17316, -21927, 40105
8429.5, 1042, 2763, 1914, 8927, 143344, 17316, -21927, 40075
8433.7, 1117, 1796, 1624, 9286, 143344, 24548, -20519, 40075
8437.4, 1093, 1796, 1624, 9286, 143344, 24548, -20519, 40074
8441.1, 1043, 1796, 1624, 9286, 143344, 24548, -20519, 40485
8445.4, 1099, 2021, 1591, 9695, 143322, 22207, -25615, 40485
8449.1, 1037, 2021, 1591, 9695, 143322, 22207, -25615, 40036
8453.3, 1116, 2771, 1716, 8399, 143279, 10981, -33359, 40036
8457.1, 1038, 2771, 1716, 8399, 143279, 10981, -33359, 40021
8460.8, 1003, 2771, 1716, 8399, 143279, 10981, -33359, 40001
8465.0, 1077, 3786, 2646, 7509, 143301, -4431, -36601, 40001
8468.8, 1007, 3786, 2646, 7509, 143301, -4431, -36601, 40008
8473.0, 1105, 4323, 3513, 7565, 143344, -13833, -32091, 40008
8476.7, 1067, 4323, 3513, 7565, 143344, -13833, -32091, 39953
8480.5, 1056, 4323, 3513, 7565, 143344, -13833, -32091, 39921
8484.7, 1090, 4409, 3588, 7189, 143344, -13037, -24539, 39921
8488.4, 1081, 4409, 3588, 7189, 143344, -13037, -24539, 39911
8492.6, 1087, 4249, 3750, 7010, 143182, -3193, -19521, 39911
8496.4, 954, 4249, 3750, 7010, 143182, -3193, -19521, 39870
8498.6, 22, 4249, 3750, 7010, 143182, -3193, -19521, 39870
8504.4, 1137, 3255, 4009, 7544, 141459, 13418, -16970, 39866
8508.1, 1001, 3255, 4009, 7544, 141459, 13418, -16970, 39848
8513.8, 1141, 2465, 3990, 7945, 138536, 26617, -16332, 39836
8517.5, 1092, 2465, 3990, 7945, 138536, 26617, -16332, 39812
8523.2, 1105, 2248, 3785, 7422, 136812, 31841, -18353, 39814
8526.9, 971, 2248, 3785, 7422, 136812, 31841, -18353, 39774
8532.6, 1142, 2849, 3948, 6547, 136528, 30831, -22807, 39742
8536.4, 1057, 2849, 3948, 6547, 136528, 30831, -22807, 39740
8540.6, 1066, 3588, 3856, 6238, 141266, 26342, -27099, 39740
8544.4, 1024, 3588, 3856, 6238, 141266, 26342, -27099, 39720
8546.6, 24, 3588, 3856, 6238, 141266, 26342, -27099, 39720
8552.4, 1137, 3571, 4500, 6334, 143226, 13619, -28175, 39716
8556.1, 952, 3571, 4500, 6334, 143226, 13619, -28175, 39690
8560.3, 1065, 2715, 5612, 8106, 143344, 4305, -22579, 39690
8564.0, 1085, 2715, 5612, 8106, 143344, 4305, -22579, 39666
8566.3, 24, 2715, 5612, 8106, 143344, 4305, -22579, 39666
8570.5, 1075, 2090, 6153, 6433, 143344, 10871, -15496, 39666
8574.2, 1013, 2090, 6153, 6433, 143344, 10871, -15496, 39597
8576.5, 21, 2090, 6153, 6433, 143344, 10871, -15496, 39597
8580.7, 1109, 2182, 5494, 6592, 143344, 26071, -19902, 39597
8584.4, 1023, 2182, 5494, 6592, 143344, 26071, -19902, 39633
8586.7, 22, 2182, 5494, 6592, 143344, 26071, -19902, 39633
8590.9, 1063, 2550, 5590, 6133, 143309, 29426, -32428, 39633
8594.6, 1056, 2550, 5590, 6133, 143309, 29426, -32428, 39396
8598.8, 1133, 3556, 5471, 5586, 143340, 22391, -40255, 39396
8602.6, 1068, 3556, 5471, 5586, 143340, 22391, -40255, 39588
8606.3, 1070, 3556, 5471, 5586, 143340, 22391, -40255, 39395
8610.5, 1089, 4271, 5629, 5297, 143344, 18458, -39323, 39395
8614.3, 1042, 4271, 5629, 5297, 143344, 18458, -39323, 39397
8618.5, 1101, 4457, 6445, 6128, 143344, 22067, -31531, 39397
8622.2, 1009, 4457, 6445, 6128, 143344, 22067, -31531, 39407
8625.9, 1025, 4457, 6445, 6128, 143344, 22067, -31531, 39435
8630.2, 1144, 3835, 7207, 6806, 142469, 30686, -20256, 39435
8633.9, 1025, 3835, 7207, 6806, 142469, 30686, -20256, 39407
8638.1, 1067, 2634, 7168, 6235, 141607, 44962, -13431, 39407
8641.9, 997, 2634, 7168, 6235, 141607, 44962, -13431, 39412
8645.6, 1040, 2634, 7168, 6235, 141607, 44962, -13431, 39419
8649.8, 1100, 1476, 6625, 5547, 139897, 60813, -16244, 39419
8653.6, 994, 1476, 6625, 5547, 139897, 60813, -16244, 39391
8657.8, 1091, 1226, 6490, 4601, 141577, 64834, -26867, 39391
8661.5, 1046, 1226, 6490, 4601, 141577, 64834, -26867, 39430
8663.8, 22, 1226, 6490, 4601, 141577, 64834, -26867, 39430
8669.5, 1130, 1981, 6812, 5968, 143091, 55624, -35993, 39434
8673.2, 1051, 1981, 6812, 5968, 143091, 55624, -35993, 39444
8678.9, 1119, 2857, 6681, 6215, 143344, 32073, -37809, 39481
8682.6, 1007, 2857, 6681, 6215, 143344, 32073, -37809, 39462
8688.4, 1113, 3303, 6794, 4792, 143344, 13982, -35416, 39474
8690.6, 24, 3303, 6794, 4792, 143344, 13982, -35416, 39474
8692.9, 4, 3303, 6794, 4792, 143344, 13982, -35416, 39474
8698.6, 1091, 3045, 7859, 5528, 142404, 20523, -32204, 39484
8700.8, 23, 3045, 7859, 5528, 142404, 20523, -32204, 39484
8703.1, 3, 3045, 7859, 5528, 142404, 20523, -32204, 39484
8708.8, 1094, 2703, 8187, 5858, 135977, 43055, -29767, 39481
8711.1, 23, 2703, 8187, 5858, 135977, 43055, -29767, 39481
8715.3, 1068, 2921, 8059, 4084, 128360, 62515, -30065, 39481
8719.1, 1007, 2921, 8059, 4084, 128360, 62515, -30065, 39471
8721.4, 20, 2921, 8059, 4084, 128360, 62515, -30065, 39471
8725.6, 1068, 3038, 7960, 3621, 124098, 71440, -31566, 39471
8729.3, 1041, 3038, 7960, 3621, 124098, 71440, -31566, 39489
8731.6, 22, 3038, 7960, 3621, 124098, 71440, -31566, 39489
8735.8, 1093, 2069, 7524, 4447, 119400, 66872, -31469, 39489
8739.5, 993, 2069, 7524, 4447, 119400, 66872, -31469, 39492
8741.8, 20, 2069, 7524, 4447, 119400, 66872, -31469, 39492
8747.5, 1125, 1134, 7304, 4921, 122720, 53069, -30494, 39507
8751.2, 1036, 1134, 7304, 4921, 122720, 53069, -30494, 39540
8755.5, 1050, 808, 6759, 5309, 122545, 40727, -31286, 39540
8759.2, 1003, 808, 6759, 5309, 122545, 40727, -31286, 39547
8761.5, 21, 808, 6759, 5309, 122545, 40727, -31286, 39547
8765.7, 1093, 1426, 6535, 5195, 122073, 32401, -34519, 39547
8769.5, 1005, 1426, 6535, 5195, 122073, 32401, -34519, 39594
8773.7, 1056, 1747, 6954, 5137, 114145, 29111, -35407, 39594
8777.4, 1015, 1747, 6954, 5137, 114145, 29111, -35407, 39607
8781.2, 1022, 1747, 6954, 5137, 114145, 29111, -35407, 39612
8785.5, 1068, 1713, 7149, 4544, 106948, 31693, -34217, 39612
8789.2, 1023, 1713, 7149, 4544, 106948, 31693, -34217, 39659
8793.4, 1077, 1238, 7438, 4497, 101304, 30419, -30791, 39659
8797.1, 1037, 1238, 7438, 4497, 101304, 30419, -30791, 39709
8800.8, 1007, 1238, 7438, 4497, 101304, 30419, -30791, 39742
8805.1, 1052, 1205, 6993, 3835, 99764, 24815, -28529, 39742
8808.8, 1027, 1205, 6993, 3835, 99764, 24815, -28529, 39837
8813.0, 1049, 1734, 6723, 3410, 95709, 17596, -31080, 39837
8816.8, 1001, 1734, 6723, 3410, 95709, 17596, -31080, 39840
8820.5, 1034, 1734, 6723, 3410, 95709, 17596, -31080, 39893
8824.7, 1038, 2149, 7018, 2856, 90406, 8452, -34493, 39893
8828.5, 967, 2149, 7018, 2856, 90406, 8452, -34493, 39942
8832.7, 1062, 1945, 8279, 3780, 83716, 3696, -30669, 39942
8836.4, 1000, 1945, 8279, 3780, 83716, 3696, -30669, 39950
8838.7, 21, 1945, 8279, 3780, 83716, 3696, -30669, 39950
8844.4, 1086, 2125, 7929, 3753, 73527, -6711, -22544, 40036
8848.1, 988, 2125, 7929, 3753, 73527, -6711, -22544, 40077
8853.9, 1084, 2648, 8338, 1634, 66264, 11173, -14345, 40090
8856.1, 21, 2648, 8338, 1634, 66264, 11173, -14345, 40090
8858.4, 4, 2648, 8338, 1634, 66264, 11173, -14345, 40090
8864.1, 1091, 1795, 12884, -1024, 68797, 63731, -1662, 40120
8866.3, 22, 1795, 12884, -1024, 68797, 63731, -1662, 40120
8870.6, 1019, 1795, 12884, -1024, 68797, 63731, 2419, 40120
8874.3, 1024, 1795, 12884, -1024, 68797, 63731, 2419, 40145
8876.5, 21, 1795, 12884, -1024, 68797, 63731, 2419, 40145
8880.8, 1052, 2423, 9447, 4840, 46686, 50711, -2563, 40145
8884.5, 1011, 2423, 9447, 4840, 46686, 50711, -2563, 40147
8886.8, 21, 2423, 9447, 4840, 46686, 50711, -2563, 40147
8892.5, 1121, 2081, 9265, 2825, 47360, 34860, -6265, 40126
8896.2, 1038, 2081, 9265, 2825, 47360, 34860, -6265, 40111
8900.5, 1098, 992, 7723, 1936, 53301, 34646, -5293, 40111
8904.2, 1040, 992, 7723, 1936, 53301, 34646, -5293, 40109
8906.5, 21, 992, 7723, 1936, 53301, 34646, -5293, 40109
8910.7, 1100, 1555, 7096, 2370, 43173, 25629, -5328, 40109
8914.4, 1022, 1555, 7096, 2370, 43173, 25629, -5328, 40086
8918.7, 1100, 2460, 7268, 2970, 43173, 25629, -5328, 40086
8922.4, 1027, 2460, 7268, 2970, 43173, 25629, -5328, 40052
8926.2, 1072, 2460, 7268, 2970, 43173, 25629, -5328, 39992
8930.5, 1072, 2631, 8431, 1590, 19434, 22264, -10600, 39992
8934.2, 1048, 2631, 8431, 1590, 19434, 22264, -10600, 40001
8938.5, 1102, 1892, 10354, 1415, 19434, 22264, -10600, 40001
8942.2, 1060, 1892, 10354, 1415, 19434, 22264, -10600, 39972
8945.9, 1063, 1892, 10354, 1415, 19434, 22264, -10600, 39954
8950.1, 1083, 1131, 11158, 2882, 12486, 13195, -5420, 39954
8953.9, 1054, 1131, 11158, 2882, 12486, 13195, -5420, 39938
8958.1, 1116, 525, 10135, 3435, 12486, 13195, -5420, 39938
8961.8, 1064, 525, 10135, 3435, 12486, 13195, -5420, 39917
8965.5, 1055, 525, 10135, 3435, 12486, 13195, -5420, 39892
8969.8, 1111, 1066, 9193, 2282, -8, -9331, -8251, 39892
8973.5, 1071, 1066, 9193, 2282, -8, -9331, -8251, 39873
8977.7, 1102, 1545, 9328, 1760, -8, -9331, -8251, 39873
8981.5, 1023, 1545, 9328, 1760, -8, -9331, -8251, 39857
8983.8, 21, 1545, 9328, 1760, -8, -9331, -8251, 39857
8989.5, 1129, 1794, 8726, 1280, -17723, -9839, -13658, 39880
8993.2, 1051, 1794, 8726, 1280, -17723, -9839, -13658, 39857
8998.9, 1151, 1358, 9785, 1576, -25882, -7630, -10333, 39872
9002.6, 1063, 1358, 9785, 1576, -25882, -7630, -10333, 39847
9008.3, 1139, 1359, 10417, 2127, -25882, -7630, -10333, 39807
9012.1, 1015, 1359, 10417, 2127, -25882, -7630, -10333, 39821
9017.8, 1113, 1332, 10567, 2619, -31767, -12276, -9511, 39802
9021.5, 1013, 1332, 10567, 2619, -31767, -12276, -9511, 39790
9025.8, 1076, 1363, 10206, 2694, -37017, -16327, -9362, 39790
9029.5, 1035, 1363, 10206, 2694, -37017, -16327, -9362, 39820
9031.8, 21, 1363, 10206, 2694, -37017, -16327, -9362, 39820
9037.5, 1122, 1417, 9429, 2644, -46152, -19202, -8264, 39798
9041.2, 987, 1417, 9429, 2644, -46152, -19202, -8264, 39812
9045.5, 1065, 1186, 9341, 2708, -56407, -19455, -8776, 39812
9049.2, 1026, 1186, 9341, 2708, -56407, -19455, -8776, 39795
9051.5, 20, 1186, 9341, 2708, -56407, -19455, -8776, 39795
9055.7, 1071, 980, 9243, 2592, -63224, -19770, -8710, 39795
9059.5, 1005, 980, 9243, 2592, -63224, -19770, -8710, 39815
9061.7, 20, 980, 9243, 2592, -63224, -19770, -8710, 39815
9067.5, 1136, 1034, 9064, 2297, -70145, -20405, -6540, 39829
9071.1, 1037, 1034, 9064, 2297, -70145, -20405, -6540, 39837
9075.4, 1099, 979, 9107, 2557, -73435, -24023, -5101, 39837
9079.1, 1015, 979, 9107, 2557, -73435, -24023, -5101, 39831
9081.4, 20, 979, 9107, 2557, -73435, -24023, -5101, 39831
9085.6, 1079, 967, 9001, 2564, -76091, -34169, -4471, 39831
9089.3, 1018, 967, 9001, 2564, -76091, -34169, -4471, 39824
9093.5, 1079, 702, 9324, 2614, -78948, -47670, -5530, 39824
9097.3, 1025, 702, 9324, 2614, -78948, -47670, -5530, 39852
9101.0, 1032, 702, 9324, 2614, -78948, -47670, -5530, 39858
9105.3, 1069, 156, 9168, 3356, -83835, -57685, -9695, 39858
9109.0, 1022, 156, 9168, 3356, -83835, -57685, -9695, 39867
9113.2, 1085, 243, 9803, 3129, -86622, -66982, -12447, 39867
9116.9, 1050, 243, 9803, 3129, -86622, -66982, -12447, 39833
9120.6, 1011, 243, 9803, 3129, -86622, -66982, -12447, 39854
9124.9, 1089, -135, 10254, 2573, -79910, -71108, -9227, 39854
9128.6, 1034, -135, 10254, 2573, -79910, -71108, -9227, 39864
9132.8, 1050, -297, 10261, 2720, -82295, -69826, -5061, 39864
9136.6, 978, -297, 10261, 2720, -82295, -69826, -5061, 39870
9138.8, 22, -297, 10261, 2720, -82295, -69826, -5061, 39870
9144.5, 1121, 566, 10399, 2603, -91710, -69042, -1557, 40314
9148.2, 1035, 566, 10399, 2603, -91710, -69042, -1557, 40301
9154.0, 1090, 1106, 9993, 2057, -90874, -75308, -3819, 40316
9157.7, 1052, 1106, 9993, 2057, -90874, -75308, -3819, 40315
9163.4, 1082, 974, 10057, 2810, -88109, -84784, -5897, 39912
9167.1, 1026, 974, 10057, 2810, -88109, -84784, -5897, 40315
9172.9, 1100, 457, 10198, 3647, -87466, -90760, 205, 40333
9176.6, 988, 457, 10198, 3647, -87466, -90760, 205, 40318
9182.4, 1118, 836, 10247, 3175, -93963, -94077, 11248, 40349
9186.1, 1030, 836, 10247, 3175, -93963, -94077, 11248, 39939
9190.3, 1070, 1325, 10217, 2768, -101199, -89356, 24132, 39939
9194.0, 1043, 1325, 10217, 2768, -101199, -89356, 24132, 40339
9196.3, 22, 1325, 10217, 2768, -101199, -89356, 24132, 40339
9200.5, 1069, 2071, 10062, 2005, -104502, -78094, 35521, 40339
9204.2, 1035, 2071, 10062, 2005, -104502, -78094, 35521, 40378
9206.5, 22, 2071, 10062, 2005, -104502, -78094, 35521, 40378
9210.7, 1082, 2318, 9151, 2475, -114819, -69362, 38483, 40378
9214.4, 1018, 2318, 9151, 2475, -114819, -69362, 38483, 40370
9216.7, 21, 2318, 9151, 2475, -114819, -69362, 38483, 40370
9220.9, 1083, 2420, 8508, 3897, -121373, -72372, 33622, 40370
9224.6, 1029, 2420, 8508, 3897, -121373, -72372, 33622, 40358
9226.9, 21, 2420, 8508, 3897, -121373, -72372, 33622, 40358
9232.6, 1124, 2557, 8259, 5140, -122195, -80549, 27309, 40340
9236.3, 1033, 2557, 8259, 5140, -122195, -80549, 27309, 40316
9240.6, 1076, 2037, 8104, 6829, -125253, -92384, 28293, 40316
9244.3, 1029, 2037, 8104, 6829, -125253, -92384, 28293, 40297
9248.5, 1099, 1698, 8298, 6617, -130180, -112579, 40460, 40297
9252.2, 1078, 1698, 8298, 6617, -130180, -112579, 40460, 40296
9255.9, 1054, 1698, 8298, 6617, -130180, -112579, 40460, 40277
9260.2, 1092, 1235, 9259, 6351, -140387, -136419, 65258, 40277
9263.9, 1076, 1235, 9259, 6351, -140387, -136419, 65258, 40264
9268.1, 1087, 280, 7838, 4707, -143344, -143139, 93197, 40264
9271.9, 1026, 280, 7838, 4707, -143344, -143139, 93197, 40214
9275.7, 1060, 280, 7838, 4707, -143344, -143139, 93197, 40216
9279.9, 1103, 908, 4773, 2720, -143344, -143344, 100394, 40216
9283.7, 1037, 908, 4773, 2720, -143344, -143344, 100394, 40180
9287.9, 1093, 1859, 3019, 2837, -133470, -125595, 75561, 40180
9291.6, 1068, 1859, 3019, 2837, -133470, -125595, 75561, 40125
9293.9, 22, 1859, 3019, 2837, -133470, -125595, 75561, 40125
9299.6, 1122, 3757, 2860, 5137, -122169, -105841, 36286, 40096
9303.4, 1075, 3757, 2860, 5137, -122169, -105841, 36286, 39983
9307.6, 1096, 4701, 3999, 4763, -113480, -104559, 11143, 39983
9311.3, 1042, 4701, 3999, 4763, -113480, -104559, 11143, 39886
9313.6, 21, 4701, 3999, 4763, -113480, -104559, 11143, 39886
9319.6, 1134, 4297, 5681, 5524, -108471, -93762, 17425, 39784
9323.3, 1057, 4297, 5681, 5524, -108471, -93762, 17425, 39685
9329.0, 1164, 3584, 5997, 5242, -105789, -63801, 44266, 39627
9332.8, 1046, 3584, 5997, 5242, -105789, -63801, 44266, 39560
9338.5, 1111, 3178, 5608, 5008, -108081, -32602, 61745, 39431
9340.7, 26, 3178, 5608, 5008, -108081, -32602, 61745, 39431
9343.0, 3, 3178, 5608, 5008, -108081, -32602, 61745, 39431
9348.8, 1172, 3738, 5101, 5016, -110606, -19407, 60257, 39451
9351.0, 28, 3738, 5101, 5016, -110606, -19407, 60257, 39451
9355.3, 1066, 3693, 5106, 3593, -108637, -11992, 47062, 39451
9359.0, 1080, 3693, 5106, 3593, -108637, -11992, 47062, 39401
9361.3, 23, 3693, 5106, 3593, -108637, -11992, 47062, 39401
9365.5, 1112, 3772, 5434, 5547, -100574, 686, 35403, 39401
9369.2, 1069, 3772, 5434, 5547, -100574, 686, 35403, 39356
9371.5, 23, 3772, 5434, 5547, -100574, 686, 35403, 39356
9375.7, 1122, 3983, 5151, 7342, -97187, 6965, 33569, 39356
9379.4, 1070, 3983, 5151, 7342, -97187, 6965, 33569, 39332
9381.7, 23, 3983, 5151, 7342, -97187, 6965, 33569, 39332
9385.9, 1119, 3825, 4597, 5886, -103514, 3705, 37909, 39332
9389.6, 1049, 3825, 4597, 5886, -103514, 3705, 37909, 39253
9393.9, 1089, 3825, 4597, 6300, -111870, -1938, 46931, 39253
9397.7, 1041, 3825, 4597, 6300, -111870, -1938, 46931, 39187
9401.4, 1046, 3825, 4597, 6300, -111870, -1938, 46931, 39135
9405.7, 1122, 3305, 4515, 5409, -121158, -13545, 58236, 39135
9409.4, 1075, 3305, 4515, 5409, -121158, -13545, 58236, 39086
9413.6, 1073, 3305, 4515, 6029, -124855, -31666, 63272, 39086
9417.3, 1082, 3305, 4515, 6029, -124855, -31666, 63272, 39021
9421.1, 1052, 3305, 4515, 6029, -124855, -31666, 63272, 38981
9425.4, 1097, 3821, 3753, 5179, -120336, -41125, 59107, 38981
9429.1, 1077, 3821, 3753, 5179, -120336, -41125, 59107, 38938
9433.3, 1125, 3821, 3753, 6002, -117352, -28534, 51568, 38938
9437.0, 1067, 3821, 3753, 6002, -117352, -28534, 51568, 38908
9440.7, 1046, 3821, 3753, 6002, -117352, -28534, 51568, 38880
9445.0, 1087, 4752, 4325, 6873, -124265, -9913, 47570, 38880
9448.7, 1070, 4752, 4325, 6873, -124265, -9913, 47570, 38862
9452.9, 1094, 4752, 4325, 7861, -134039, -2511, 52623, 38862
9456.6, 1028, 4752, 4325, 7861, -134039, -2511, 52623, 38851
9458.9, 21, 4752, 4325, 7861, -134039, -2511, 52623, 38851
9464.6, 1157, 3494, 3914, 6757, -139512, 1986, 62760, 38839
9468.4, 1032, 3494, 3914, 6757, -139512, 1986, 62760, 38825
9472.6, 1076, 3494, 3914, 5292, -140606, 6562, 65529, 38825
9476.4, 1015, 3494, 3914, 5292, -140606, 6562, 65529, 38815
9478.7, 20, 3494, 3914, 5292, -140606, 6562, 65529, 38815
9484.4, 1100, 4335, 2332, 6826, -139665, -2913, 58057, 38811
9488.1, 1021, 4335, 2332, 6826, -139665, -2913, 58057, 38810
9493.9, 1139, 4335, 2332, 8461, -135522, -27650, 49888, 38804
9496.1, 26, 4335, 2332, 8461, -135522, -27650, 49888, 38804
9498.4, 3, 4335, 2332, 8461, -135522, -27650, 49888, 38804
9504.1, 1141, 6113, 1493, 8560, -128189, -48655, 48838, 38834
9506.4, 25, 6113, 1493, 8560, -128189, -48655, 48838, 38834
9510.6, 1078, 6113, 1493, 8560, -128189, -48655, 48838, 38834
9514.4, 1015, 6113, 1493, 8560, -128189, -48655, 48838, 38803
9516.6, 22, 6113, 1493, 8560, -128189, -48655, 48838, 38803
9520.9, 1099, 5725, 1792, 7139, -129926, -34926, 53979, 38803
9524.6, 1051, 5725, 1792, 7139, -129926, -34926, 53979, 38797
9526.9, 22, 5725, 1792, 7139, -129926, -34926, 53979, 38797
9532.6, 1101, 4154, 2696, 7805, -139311, 33889, 69786, 38796
9536.3, 1028, 4154, 2696, 7805, -139311, 33889, 69786, 38762
9540.6, 1082, 2979, 2876, 7530, -142933, 33889, 69786, 38762
9544.3, 1023, 2979, 2876, 7530, -142933, 33889, 69786, 38792
9546.5, 23, 2979, 2876, 7530, -142933, 33889, 69786, 38792
9550.8, 1082, 2846, 2267, 8690, -143331, 2030, 46699, 38792
9554.5, 1003, 2846, 2267, 8690, -143331, 2030, 46699, 38787
9556.8, 21, 2846, 2267, 8690, -143331, 2030, 46699, 38787
9562.5, 1149, 3604, 1146, 9110, -139910, -33281, 34313, 38736
9566.3, 1060, 3604, 1146, 9110, -139910, -33281, 34313, 38826
9570.5, 1056, 4247, 546, 6454, -139910, -31027, 31570, 38826
9574.3, 1004, 4247, 546, 6454, -139910, -31027, 31570, 38810
9578.5, 1101, 5998, -451, 7602, -126601, -31027, 31570, 38810
9582.2, 1049, 5998, -451, 7602, -126601, -31027, 31570, 38813
9585.9, 1037, 5998, -451, 7602, -126601, -31027, 31570, 38836
9590.2, 1107, 7457, -320, 7326, -123464, 17408, 34948, 38836
9593.9, 1045, 7457, -320, 7326, -123464, 17408, 34948, 38840
9598.1, 1076, 7237, 872, 7548, -130910, 17408, 34948, 38840
9601.9, 969, 7237, 872, 7548, -130910, 17408, 34948, 38857
9605.6, 1059, 7237, 872, 7548, -130910, 17408, 34948, 38879
9609.8, 1064, 5457, 1756, 9475, -136620, 39012, 64917, 38879
9613.6, 1008, 5457, 1756, 9475, -136620, 39012, 64917, 38885
9617.8, 1090, 3817, 818, 8534, -141209, 43343, 64917, 38885
9621.5, 995, 3817, 818, 8534, -141209, 43343, 64917, 38871
9623.8, 20, 3817, 818, 8534, -141209, 43343, 64917, 38871
9629.5, 1121, 2933, -263, 7555, -142351, 33434, 46388, 38908
9633.2, 1034, 2933, -263, 7555, -142351, 33434, 46388, 38915
9638.9, 1117, 3115, -1074, 7483, -141909, 22168, 46388, 38916
9642.6, 1044, 3115, -1074, 7483, -141909, 22168, 46388, 38923
9648.4, 1092, 4581, -1774, 8298, -134905, 8933, 28293, 38933
9652.1, 1026, 4581, -1774, 8298, -134905, 8933, 28293, 38948
9657.8, 1100, 6757, -1624, 8915, -126417, 4213, 17662, 38965
9661.5, 993, 6757, -1624, 8915, -126417, 4213, 17662, 38975
9665.8, 1077, 7820, -1009, 8760, -127227, 8990, 20904, 38975
9669.5, 1018, 7820, -1009, 8760, -127227, 8990, 20904, 38986
9671.8, 22, 7820, -1009, 8760, -127227, 8990, 20904, 38986
9677.5, 1084, 6550, -582, 8525, -131107, 20960, 38246, 38981
9681.2, 995, 6550, -582, 8525, -131107, 20960, 38246, 39014
9685.5, 1057, 4346, -1174, 7811, -134896, 35481, 58092, 39014
9689.2, 1001, 4346, -1174, 7811, -134896, 35481, 58092, 39035
9691.5, 22, 4346, -1174, 7811, -134896, 35481, 58092, 39035
9695.7, 1054, 3104, -1892, 8322, -137053, 42136, 64431, 39035
9699.5, 977, 3104, -1892, 8322, -137053, 42136, 64431, 39037
9701.7, 21, 3104, -1892, 8322, -137053, 42136, 64431, 39037
9707.5, 1077, 3018, -2563, 8833, -134686, 33530, 54088, 39073
9711.2, 997, 3018, -2563, 8833, -134686, 33530, 54088, 39117
9715.5, 1070, 4147, -3278, 8981, -130114, 16073, 37021, 39117
9719.2, 1019, 4147, -3278, 8981, -130114, 16073, 37021, 39083
9721.4, 24, 4147, -3278, 8981, -130114, 16073, 37021, 39083
9725.7, 1072, 5613, -3644, 7627, -125914, 3858, 24583, 39083
9729.4, 992, 5613, -3644, 7627, -125914, 3858, 24583, 40254
9733.6, 1059, 6339, -2865, 10015, -125271, 10049, 25139, 40254
9737.4, 1013, 6339, -2865, 10015, -125271, 10049, 25139, 40263
9741.2, 980, 6339, -2865, 10015, -125271, 10049, 25139, 40302
9745.4, 1063, 6017, -2465, 9979, -127712, 23695, 37927, 40302
9749.1, 1018, 6017, -2465, 9979, -127712, 23695, 37927, 40295
9753.4, 1089, 5137, -2705, 8628, -129698, 36063, 50746, 40295
9757.1, 965, 5137, -2705, 8628, -129698, 36063, 50746, 40317
9760.9, 992, 5137, -2705, 8628, -129698, 36063, 50746, 40346
9765.1, 1091, 3564, -2867, 7576, -129900, 46279, 56679, 40346
9768.8, 1028, 3564, -2867, 7576, -129900, 46279, 56679, 40358
9773.0, 1070, 2890, -3324, 8709, -128128, 43895, 53651, 40358
9776.8, 1000, 2890, -3324, 8709, -128128, 43895, 53651, 40399
9780.5, 1047, 2890, -3324, 8709, -128128, 43895, 53651, 40422
9784.7, 1080, 3212, -4041, 9134, -126107, 24706, 43304, 40422
9788.5, 1004, 3212, -4041, 9134, -126107, 24706, 43304, 40446
9792.7, 1084, 4327, -4927, 9264, -122847, 3294, 33193, 40446
9796.4, 985, 4327, -4927, 9264, -122847, 3294, 33193, 40477
9798.7, 19, 4327, -4927, 9264, -122847, 3294, 33193, 40477
9804.4, 1102, 5773, -5483, 8705, -117190, -7380, 27029, 40476
9808.1, 1039, 5773, -5483, 8705, -117190, -7380, 27029, 40485
9813.8, 1084, 5787, -4820, 8101, -117260, -2883, 27869, 40502
9817.6, 980, 5787, -4820, 8101, -117260, -2883, 27869, 40510
9823.3, 1078, 4416, -4068, 9318, -117698, 20632, 38754, 40560
9827.0, 1021, 4416, -4068, 9318, -117698, 20632, 38754, 40497
9832.7, 1084, 3340, -4596, 8581, -118013, 41064, 48445, 40590
9836.4, 983, 3340, -4596, 8581, -118013, 41064, 48445, 40610
9840.7, 1076, 3251, -5218, 8123, -115978, 40784, 44721, 40610
9844.4, 1004, 3251, -5218, 8123, -115978, 40784, 44721, 40556
9846.7, 21, 3251, -5218, 8123, -115978, 40784, 44721, 40556
9850.9, 1052, 2962, -5355, 7299, -112771, 29426, 34554, 40556
9854.6, 1017, 2962, -5355, 7299, -112771, 29426, 34554, 40628
9856.9, 21, 2962, -5355, 7299, -112771, 29426, 34554, 40628
9862.6, 1095, 3296, -5769, 7952, -110072, 14131, 27427, 40659
9866.3, 1005, 3296, -5769, 7952, -110072, 14131, 27427, 40666
9870.6, 1074, 4031, -6001, 9649, -105784, 3871, 26460, 40666
9874.3, 996, 4031, -6001, 9649, -105784, 3871, 26460, 40683
9876.5, 23, 4031, -6001, 9649, -105784, 3871, 26460, 40683
9880.8, 1059, 4987, -6251, 8038, -100985, -4453, 28127, 40683
9884.5, 1014, 4987, -6251, 8038, -100985, -4453, 28127, 40697
9888.7, 1085, 5362, -6064, 7272, -97222, -2178, 28726, 40697
9892.4, 1052, 5362, -6064, 7272, -97222, -2178, 28726, 40722
9896.1, 1003, 5362, -6064, 7272, -97222, -2178, 28726, 40714
9900.4, 1091, 3822, -5607, 7229, -96111, 15492, 31535, 40714
9904.1, 1030, 3822, -5607, 7229, -96111, 15492, 31535, 40750
9908.3, 1059, 2730, -5718, 7836, -95109, 34125, 35053, 40750
9912.1, 1001, 2730, -5718, 7836, -95109, 34125, 35053, 40717
9915.8, 1031, 2730, -5718, 7836, -95109, 34125, 35053, 40729
9920.0, 1069, 2300, -6449, 8176, -94274, 41033, 31294, 40729
9923.8, 982, 2300, -6449, 8176, -94274, 41033, 31294, 40734
9928.0, 1062, 2400, -6942, 7826, -91570, 31640, 21000, 40734
9931.7, 952, 2400, -6942, 7826, -91570, 31640, 21000, 40752
9935.5, 969, 2400, -6942, 7826, -91570, 31640, 21000, 40757
9939.7, 1103, 2938, -7210, 7104, -88993, 13518, 11270, 40757
9943.4, 1029, 2938, -7210, 7104, -88993, 13518, 11270, 40724
9947.7, 1045, 3695, -7348, 8210, -86061, 411, 8408, 40724
9951.4, 976, 3695, -7348, 8210, -86061, 411, 8408, 40770
9953.7, 20, 3695, -7348, 8210, -86061, 411, 8408, 40770
9959.4, 1104, 4651, -7369, 8075, -81717, -5289, 11418, 40775
9963.2, 966, 4651, -7369, 8075, -81717, -5289, 11418, 40785
9968.9, 1089, 5598, -7021, 6980, -79967, -5757, 14905, 40816
9972.6, 1002, 5598, -7021, 6980, -79967, -5757, 14905, 40803
9978.3, 1087, 4886, -6219, 7460, -78799, 5608, 19368, 40804
9980.6, 22, 4886, -6219, 7460, -78799, 5608, 19368, 40804
9982.9, 3, 4886, -6219, 7460, -78799, 5608, 19368, 40804
9988.6, 1079, 3620, -6095, 7400, -77845, 19906, 24990, 40833
9990.8, 23, 3620, -6095, 7400, -77845, 19906, 24990, 40833
9993.1, 3, 3620, -6095, 7400, -77845, 19906, 24990, 40833
9998.8, 1098, 2690, -6347, 7466, -77793, 28346, 27099, 40835
10001.1, 24, 2690, -6347, 7466, -77793, 28346, 27099, 40835
10005.3, 1056, 1968, -6811, 7381, -78270, 33469, 24006, 40835
10009.1, 999, 1968, -6811, 7381, -78270, 33469, 24006, 40851
10011.3, 21, 1968, -6811, 7381, -78270, 33469, 24006, 40851
10015.6, 1090, 2262, -7205, 7371, -77959, 27755, 15872, 40851
10019.3, 1038, 2262, -7205, 7371, -77959, 27755, 15872, 40476
10021.6, 23, 2262, -7205, 7371, -77959, 27755, 15872, 40476
10025.8, 1092, 3005, -7265, 7136, -78033, 11532, 7157, 40476
10029.5, 1031, 3005, -7265, 7136, -78033, 11532, 7157, 40858
10031.8, 22, 3005, -7265, 7136, -78033, 11532, 7157, 40858
10037.5, 1100, 3798, -7064, 7403, -78471, -1281, 3985, 40864
10041.2, 1026, 3798, -7064, 7403, -78471, -1281, 3985, 40877
10045.5, 1082, 4506, -6839, 7189, -77600, -4690, 6816, 40877
10049.2, 1016, 4506, -6839, 7189, -77600, -4690, 6816, 40909
10051.4, 23, 4506, -6839, 7189, -77600, -4690, 6816, 40909
10055.7, 1087, 4644, -6608, 6641, -77456, -454, 10981, 40909
10059.4, 1034, 4644, -6608, 6641, -77456, -454, 10981, 40878
10063.6, 1100, 4644, -6608, 6641, -78191, 8146, 14179, 40878
10067.3, 1042, 4644, -6608, 6641, -78191, 8146, 14179, 40857
10071.0, 1032, 4644, -6608, 6641, -78191, 8146, 14179, 40861
10075.3, 1103, 2924, -7134, 5878, -78768, 17854, 14739, 40861
10079.0, 1042, 2924, -7134, 5878, -78768, 17854, 14739, 40885
10083.2, 1084, 2924, -7134, 5878, -80072, 25712, 11668, 40885
10087.0, 1015, 2924, -7134, 5878, -80072, 25712, 11668, 40827
10090.7, 1040, 2924, -7134, 5878, -80072, 25712, 11668, 40898
10095.0, 1077, 2352, -7534, 6811, -80068, 23209, 6619, 40898
10098.7, 1039, 2352, -7534, 6811, -80068, 23209, 6619, 40876
10102.9, 1084, 2352, -7534, 6811, -79753, 14455, 2305, 40876
10106.6, 1021, 2352, -7534, 6811, -79753, 14455, 2305, 40907
10110.4, 1025, 2352, -7534, 6811, -79753, 14455, 2305, 40901
10114.6, 1088, 3572, -8008, 5855, -79350, 6225, 660, 40901
10118.3, 1035, 3572, -8008, 5855, -79350, 6225, 660, 40915
10124.0, 1094, 3907, -7803, 5246, -79232, 5035, 1553, 40907
10127.8, 1011, 3907, -7803, 5246, -79232, 5035, 1553, 40915
10133.5, 1101, 3859, -8011, 6540, -77806, 4501, 4130, 40912
10137.2, 1026, 3859, -8011, 6540, -77806, 4501, 4130, 40909
10142.9, 1111, 3859, -8011, 6540, -77806, 4501, 4130, 40919
10146.6, 1008, 3859, -8011, 6540, -77806, 4501, 4130, 40903
10150.9, 1091, 3000, -8336, 6160, -77154, 2025, 6536, 40903
10154.6, 1030, 3000, -8336, 6160, -77154, 2025, 6536, 40907
10156.9, 22, 3000, -8336, 6160, -77154, 2025, 6536, 40907
10162.6, 1069, 2229, -8653, 4897, -75185, 3084, 7826, 40906
10166.3, 1016, 2229, -8653, 4897, -75185, 3084, 7826, 40902
10170.6, 1071, 1666, -8974, 4864, -74096, 8697, 6706, 40902
10174.3, 1012, 1666, -8974, 4864, -74096, 8697, 6706, 40907
10176.6, 20, 1666, -8974, 4864, -74096, 8697, 6706, 40907
10180.9, 1045, 1753, -9205, 4487, -75434, 9467, 2756, 40907
10184.6, 1010, 1753, -9205, 4487, -75434, 9467, 2756, 40903
10186.9, 20, 1753, -9205, 4487, -75434, 9467, 2756, 40903
10192.6, 1112, 2338, -8997, 5084, -76196, 4375, -1802, 40909
10196.3, 1023, 2338, -8997, 5084, -76196, 4375, -1802, 40861
10200.5, 1085, 3029, -8917, 5807, -76926, -1990, -4497, 40861
10204.3, 992, 3029, -8917, 5807, -76926, -1990, -4497, 40908
10206.5, 22, 3029, -8917, 5807, -76926, -1990, -4497, 40908
10210.8, 1082, 3364, -8538, 5633, -75640, -5630, -3158, 40908
10214.5, 1031, 3364, -8538, 5633, -75640, -5630, -3158, 40907
10218.7, 1086, 3336, -8434, 4312, -75045, -2944, 2248, 40907
10222.4, 1072, 3336, -8434, 4312, -75045, -2944, 2248, 40902
10226.1, 1024, 3336, -8434, 4312, -75045, -2944, 2248, 40864
10230.4, 1100, 2971, -8656, 4152, -74822, 4620, 7507, 40864
10234.1, 1042, 2971, -8656, 4152, -74822, 4620, 7507, 40889
10238.3, 1061, 2301, -9204, 4015, -72919, 9568, 8723, 40889
10242.1, 1000, 2301, -9204, 4015, -72919, 9568, 8723, 40882
10245.8, 1045, 2301, -9204, 4015, -72919, 9568, 8723, 40880
10250.0, 1083, 1846, -9471, 3343, -70740, 10106, 5810, 40880
10253.8, 992, 1846, -9471, 3343, -70740, 10106, 5810, 40905
10258.0, 1099, 1840, -9450, 3630, -69869, 7542, 2047, 40905
10261.7, 1006, 1840, -9450, 3630, -69869, 7542, 2047, 40880
10265.5, 1020, 1840, -9450, 3630, -69869, 7542, 2047, 40902
10269.7, 1097, 2144, -9448, 3885, -67708, -2498, 415, 40902
10273.4, 1031, 2144, -9448, 3885, -67708, -2498, 415, 40889
10277.7, 1064, 2794, -9393, 3184, -66715, -15982, 1666, 40889
10281.4, 1002, 2794, -9393, 3184, -66715, -15982, 1666, 40886
10283.7, 21, 2794, -9393, 3184, -66715, -15982, 1666, 40886
10289.4, 1117, 3049, -9084, 3433, -65429, -19840, 3990, 40904
10293.2, 1004, 3049, -9084, 3433, -65429, -19840, 3990, 40903
10298.9, 1106, 2946, -8663, 3815, -64339, -14529, 6295, 40900
10302.6, 1024, 2946, -8663, 3815, -64339, -14529, 6295, 40916
10308.3, 1115, 2855, -8512, 3595, -64921, -7883, 7634, 40908
10310.6, 23, 2855, -8512, 3595, -64921, -7883, 7634, 40908
10312.9, 3, 2855, -8512, 3595, -64921, -7883, 7634, 40908
10318.6, 1076, 2432, -8719, 3966, -66540, 174, 8408, 40929
10320.9, 22, 2432, -8719, 3966, -66540, 174, 8408, 40929
10325.1, 1079, 2295, -9363, 3777, -66977, 5635, 8102, 40929
10328.9, 1009, 2295, -9363, 3777, -66977, 5635, 8102, 40898
10331.1, 20, 2295, -9363, 3777, -66977, 5635, 8102, 40898
10335.4, 1098, 2410, -9587, 2646, -65989, 2191, 5840, 40898
10339.1, 1040, 2410, -9587, 2646, -65989, 2191, 5840, 40923
10341.4, 21, 2410, -9587, 2646, -65989, 2191, 5840, 40923
10345.6, 1102, 2525, -9276, 2418, -65214, -4655, 3434, 40923
10349.3, 1031, 2525, -9276, 2418, -65214, -4655, 3434, 40870
10351.6, 21, 2525, -9276, 2418, -65214, -4655, 3434, 40870
10355.8, 1100, 2567, -9356, 2793, -64370, -12237, 2856, 40870
10359.5, 1022, 2567, -9356, 2793, -64370, -12237, 2856, 40842
10361.8, 21, 2567, -9356, 2793, -64370, -12237, 2856, 40842
10367.5, 1109, 2844, -9289, 3041, -62983, -19674, 3928, 40833
10371.2, 1038, 2844, -9289, 3041, -62983, -19674, 3928, 40822
10375.5, 1080, 2871, -8932, 3163, -62300, -22789, 5958, 40822
10379.2, 1034, 2871, -8932, 3163, -62300, -22789, 5958, 40931
10383.4, 1105, 2615, -8705, 2770, -60940, -19525, 8483, 40931
10387.1, 1015, 2615, -8705, 2770, -60940, -19525, 8483, 40823
10390.9, 1011, 2615, -8705, 2770, -60940, -19525, 8483, 40823
10395.1, 1101, 2401, -8861, 2296, -59514, -12556, 10325, 40823
10398.8, 1046, 2401, -8861, 2296, -59514, -12556, 10325, 40818
10403.0, 1077, 2342, -9228, 1787, -58604, -6838, 9795, 40818
10406.8, 1023, 2342, -9228, 1787, -58604, -6838, 9795, 40838
10410.5, 1048, 2342, -9228, 1787, -58604, -6838, 9795, 40815
10414.7, 1074, 2291, -9635, 2094, -56517, -4554, 7625, 40815
10418.5, 1003, 2291, -9635, 2094, -56517, -4554, 7625, 40811
10422.7, 1092, 2318, -9544, 2102, -53743, -7223, 5328, 40811
10426.4, 1018, 2318, -9544, 2102, -53743, -7223, 5328, 40804
10428.7, 23, 2318, -9544, 2102, -53743, -7223, 5328, 40804
10434.4, 1103, 2404, -9124, 2027, -51402, -14599, 4195, 40788
10438.1, 1005, 2404, -9124, 2027, -51402, -14599, 4195, 40802
10443.9, 1107, 2450, -9002, 2145, -49412, -21240, 4891, 40810
10447.6, 1015, 2450, -9002, 2145, -49412, -21240, 4891, 40803
10453.3, 1105, 2310, -9169, 1867, -46349, -25187, 7013, 40818
10457.0, 1015, 2310, -9169, 1867, -46349, -25187, 7013, 40802
10462.7, 1114, 2618, -9616, 1519, -43453, -27357, 8001, 40805
10466.4, 1006, 2618, -9616, 1519, -43453, -27357, 8001, 40806
10470.7, 1077, 2614, -9925, 1225, -41611, -25296, 6803, 40806
10474.4, 1000, 2614, -9925, 1225, -41611, -25296, 6803, 40796
10476.7, 19, 2614, -9925, 1225, -41611, -25296, 6803, 40796
10480.9, 1072, 2501, -9845, 1316, -39611, -19845, 5276, 40796
10484.6, 1001, 2501, -9845, 1316, -39611, -19845, 5276, 40794
10486.9, 21, 2501, -9845, 1316, -39611, -19845, 5276, 40794
10492.6, 1086, 2474, -9690, 1584, -37678, -11720, 5153, 40789
10496.3, 999, 2474, -9690, 1584, -37678, -11720, 5153, 40782
10500.6, 1049, 2276, -9373, 2405, -36553, -3561, 5446, 40782
10504.3, 995, 2276, -9373, 2405, -36553, -3561, 5446, 40783
10506.5, 22, 2276, -9373, 2405, -36553, -3561, 5446, 40783
10510.7, 1071, 2064, -9487, 2793, -36133, -1671, 5079, 40783
10514.5, 976, 2064, -9487, 2793, -36133, -1671, 5079, 40785
10516.7, 21, 2064, -9487, 2793, -36133, -1671, 5079, 40785
10522.5, 1105, 1972, -9903, 2453, -34991, -5547, 4956, 40768
10526.2, 992, 1972, -9903, 2453, -34991, -5547, 4956, 40813
10530.4, 1078, 2072, -10098, 1993, -33259, -12202, 5853, 40813
10534.1, 985, 2072, -10098, 1993, -33259, -12202, 5853, 40780
10536.4, 20, 2072, -10098, 1993, -33259, -12202, 5853, 40780
10540.6, 1066, 2364, -10213, 1737, -30612, -23546, 7503, 40780
10544.3, 1013, 2364, -10213, 1737, -30612, -23546, 7503, 40810
10548.5, 1048, 2640, -10389, 1698, -28787, -31767, 9598, 40810
10552.3, 977, 2640, -10389, 1698, -28787, -31767, 9598, 40769
10556.1, 989, 2640, -10389, 1698, -28787, -31767, 9598, 40768
10560.4, 1030, 2523, -10144, 1261, -25357, -33797, 11274, 40768
10564.1, 1048, 2523, -10144, 1261, -25357, -33797, 11274, 40757
10568.3, 1043, 2382, -10043, 1357, -22102, -23861, 11782, 40757
10572.0, 990, 2382, -10043, 1357, -22102, -23861, 11782, 40758
10575.8, 1012, 2382, -10043, 1357, -22102, -23861, 11782, 40761
10580.0, 1054, 2089, -10167, 2152, -18987, -11226, 10259, 40761
10583.8, 975, 2089, -10167, 2152, -18987, -11226, 10259, 40786
10588.0, 1071, 1990, -10251, 2060, -15142, -6755, 7958, 40786
10591.7, 979, 1990, -10251, 2060, -15142, -6755, 7958, 40752
10595.5, 986, 1990, -10251, 2060, -15142, -6755, 7958, 40747
10599.7, 1071, 2031, -9890, 1713, -11033, -6623, 7358, 40747
10603.4, 1006, 2031, -9890, 1713, -11033, -6623, 7358, 40752
10607.7, 1069, 2222, -9893, 2641, -7673, -10823, 8636, 40752
10611.4, 980, 2222, -9893, 2641, -7673, -10823, 8636, 40748
10613.7, 24, 2222, -9893, 2641, -7673, -10823, 8636, 40748
10619.4, 1100, 2702, -10136, 2651, -2086, -20549, 10338, 40753
10623.2, 982, 2702, -10136, 2651, -2086, -20549, 10338, 40723
10628.9, 1068, 3010, -10134, 2295, 3036, -28197, 11090, 40733
10631.1, 23, 3010, -10134, 2295, 3036, -28197, 11090, 40733
10633.4, 4, 3010, -10134, 2295, 3036, -28197, 11090, 40733
10639.1, 1126, 2989, -10259, 1806, 7564, -24872, 10101, 40730
10641.4, 24, 2989, -10259, 1806, 7564, -24872, 10101, 40730
10645.6, 1080, 2989, -10259, 1590, 11327, -14577, 8229, 40730
10649.3, 1018, 2989, -10259, 1590, 11327, -14577, 8229, 40725
10651.6, 21, 2989, -10259, 1590, 11327, -14577, 8229, 40725
10655.8, 1091, 2223, -9822, 2298, 13549, -3683, 5985, 40725
10659.5, 1019, 2223, -9822, 2298, 13549, -3683, 5985, 40732
10661.8, 22, 2223, -9822, 2298, 13549, -3683, 5985, 40732
10667.5, 1089, 1846, -9572, 3683, 15299, 4641, 5460, 40720
10671.2, 1035, 1846, -9572, 3683, 15299, 4641, 5460, 40705
10675.5, 1084, 1846, -9936, 3861, 18090, 2957, 6129, 40705
10679.2, 1008, 1846, -9936, 3861, 18090, 2957, 6129, 40705
10681.4, 22, 1846, -9936, 3861, 18090, 2957, 6129, 40705
10685.7, 1061, 2309, -9814, 3015, 18755, -1596, 6689, 40705
10689.4, 1014, 2309, -9814, 3015, 18755, -1596, 6689, 40706
10691.6, 23, 2309, -9814, 3015, 18755, -1596, 6689, 40706
10697.7, 726, 2437, -9798, 2945, 21131, -2336, 7511, 40698
10701.5, 989, 2437, -9798, 2945, 21131, -2336, 7511, 40658
10705.7, 1049, 2598, -10116, 2227, 22903, -2476, 7481, 40658
10709.4, 1028, 2598, -10116, 2227, 22903, -2476, 7481, 40695
10713.7, 1105, 2598, -10116, 2227, 22903, -2476, 6545, 40695
10717.4, 1057, 2598, -10116, 2227, 22903, -2476, 6545, 40688
10721.1, 985, 2598, -10116, 2227, 22903, -2476, 6545, 40683
10725.4, 1094, 2571, -10347, 2916, 26836, 2283, 6146, 40683
10729.1, 1059, 2571, -10347, 2916, 26836, 2283, 6146, 40689
10733.3, 1070, 2571, -10347, 2916, 26836, 2283, 6146, 40689
10737.0, 1019, 2571, -10347, 2916, 26836, 2283, 6146, 40683
10740.8, 1036, 2571, -10347, 2916, 26836, 2283, 6146, 40687
10745.0, 1071, 2618, -9959, 4348, 29474, 4064, 6912, 40687
10748.8, 987, 2618, -9959, 4348, 29474, 4064, 6912, 40680
10753.0, 1088, 2618, -9959, 4348, 29474, 4064, 6912, 40680
10756.7, 1003, 2618, -9959, 4348, 29474, 4064, 6912, 40683
10760.5, 1005, 2618, -9959, 4348, 29474, 4064, 6912, 40710
10764.7, 1095, 2105, -9945, 3443, 33539, 2961, 9323, 40710
10768.4, 1037, 2105, -9945, 3443, 33539, 2961, 9323, 40680
10772.7, 1074, 2105, -9945, 3443, 33539, 2961, 9323, 40680
10776.4, 963, 2105, -9945, 3443, 33539, 2961, 9323, 40690
10778.7, 20, 2105, -9945, 3443, 33539, 2961, 9323, 40690
10784.5, 1095, 2252, -10981, 2608, 38036, 5481, 8859, 40671
10788.2, 1052, 2252, -10981, 2608, 38036, 5481, 8859, 40658
10793.9, 1099, 2252, -10981, 2608, 38036, 5481, 8859, 40659
10796.2, 22, 2252, -10981, 2608, 38036, 5481, 8859, 40659
10798.4, 3, 2252, -10981, 2608, 38036, 5481, 8859, 40659
10804.2, 1123, 2485, -11437, 3270, 41939, -3937, 1964, 40659
10806.4, 23, 2485, -11437, 3270, 41939, -3937, 1964, 40659
10810.6, 1075, 3064, -11520, 3815, 45019, -3937, 1964, 40659
10814.3, 1033, 3064, -11520, 3815, 45019, -3937, 1964, 40661
10816.6, 20, 3064, -11520, 3815, 45019, -3937, 1964, 40661
10820.8, 1090, 3130, -10906, 3504, 47714, -2935, 389, 40661
10824.5, 1030, 3130, -10906, 3504, 47714, -2935, 389, 40688
10826.8, 22, 3130, -10906, 3504, 47714, -2935, 389, 40688
10832.5, 1083, 3060, -10399, 3652, 52251, 2891, 1474, 40658
10836.2, 1013, 3060, -10399, 3652, 52251, 2891, 1474, 40681
10840.5, 1084, 2592, -10015, 3409, 54001, 9878, 3058, 40681
10844.2, 1011, 2592, -10015, 3409, 54001, 9878, 3058, 40653
10846.5, 20, 2592, -10015, 3409, 54001, 9878, 3058, 40653
10850.7, 1051, 2151, -10429, 3767, 57838, 9695, 3972, 40653
10854.5, 1037, 2151, -10429, 3767, 57838, 9695, 3972, 40652
10858.7, 1093, 2016, -11034, 3052, 62707, 3058, 3841, 40652
10862.5, 1032, 2016, -11034, 3052, 62707, 3058, 3841, 40649
10866.2, 1028, 2016, -11034, 3052, 62707, 3058, 3841, 40665
10870.5, 1072, 2299, -11209, 2609, 67874, -2572, 2673, 40665
10874.2, 1021, 2299, -11209, 2609, 67874, -2572, 2673, 40630
10878.4, 1109, 2589, -10763, 3053, 72573, -6518, 231, 40630
10882.1, 1035, 2589, -10763, 3053, 72573, -6518, 231, 40252
10885.9, 1019, 2589, -10763, 3053, 72573, -6518, 231, 40638
10890.1, 1072, 2566, -10493, 2521, 75220, -8570, -1806, 40638
10893.8, 1028, 2566, -10493, 2521, 75220, -8570, -1806, 40199
10898.1, 1089, 2652, -10655, 3135, 77745, -6798, -3198, 40199
10901.8, 1032, 2652, -10655, 3135, 77745, -6798, -3198, 40176
10905.6, 1002, 2652, -10655, 3135, 77745, -6798, -3198, 40163
10909.8, 1078, 2605, -10899, 4230, 80671, -1338, -5022, 40163
10913.6, 1015, 2605, -10899, 4230, 80671, -1338, -5022, 40168
10917.8, 1083, 2411, -10609, 4591, 82789, -3710, -6759, 40168
10921.5, 1020, 2411, -10609, 4591, 82789, -3710, -6759, 40114
10923.8, 21, 2411, -10609, 4591, 82789, -3710, -6759, 40114
10929.5, 1096, 2351, -10017, 4187, 85760, -10561, -6111, 40090
10933.3, 1002, 2351, -10017, 4187, 85760, -10561, -6111, 40054
10939.0, 1135, 2645, -10012, 4140, 88533, -18821, -3320, 40034
10942.7, 1030, 2645, -10012, 4140, 88533, -18821, -3320, 40013
10948.4, 1113, 2980, -10147, 3950, 91460, -28411, -3320, 39982
10950.7, 24, 2980, -10147, 3950, 91460, -28411, -3320, 39982
10952.9, 2, 2980, -10147, 3950, 91460, -28411, -3320, 39982
10958.7, 1136, 2699, -10663, 2955, 93425, -24968, -5416, 39960
10960.9, 23, 2699, -10663, 2955, 93425, -24968, -5416, 39960
10963.2, 2, 2699, -10663, 2955, 93425, -24968, -5416, 39960
10968.9, 1104, 2193, -10117, 3869, 95140, -8356, -8811, 39934
10971.1, 22, 2193, -10117, 3869, 95140, -8356, -8811, 39934
10975.4, 1071, 2005, -9769, 4294, 96111, 2305, -13737, 39934
10979.1, 1054, 2005, -9769, 4294, 96111, 2305, -13737, 39918
10981.4, 21, 2005, -9769, 4294, 96111, 2305, -13737, 39918
10985.6, 1076, 2061, -9248, 4575, 97581, 4300, -18720, 39918
10989.3, 1018, 2061, -9248, 4575, 97581, 4300, -18720, 39881
10991.6, 20, 2061, -9248, 4575, 97581, 4300, -18720, 39881
10997.4, 1142, 1945, -9286, 5135, 99309, 2708, -20943, 39858
11001.1, 1005, 1945, -9286, 5135, 99309, 2708, -20943, 39835
11005.3, 1077, 2011, -9197, 5872, 101987, 433, -21297, 39835
11009.0, 1025, 2011, -9197, 5872, 101987, 433, -21297, 39817
11011.3, 21, 2011, -9197, 5872, 101987, 433, -21297, 39817
11015.5, 1118, 2382, -8840, 6089, 104126, -7275, -20523, 39817
11019.2, 1029, 2382, -8840, 6089, 104126, -7275, -20523, 39780
11023.5, 1069, 3613, -8842, 5237, 107994, -21472, -20164, 39780
11027.2, 993, 3613, -8842, 5237, 107994, -21472, -20164, 39763
11030.9, 1033, 3613, -8842, 5237, 107994, -21472, -20164, 39738
11035.1, 1084, 3062, -9008, 3113, 108493, -26066, -21604, 39738
11038.9, 1022, 3062, -9008, 3113, 108493, -26066, -21604, 39704
11043.1, 1074, 2291, -9042, 3470, 109464, -3898, -22330, 39704
11046.8, 1017, 2291, -9042, 3470, 109464, -3898, -22330, 39686
11050.6, 1012, 2291, -9042, 3470, 109464, -3898, -22330, 39690
11054.8, 1109, 1769, -9040, 4752, 112776, 24167, -27024, 39690
11058.5, 1031, 1769, -9040, 4752, 112776, 24167, -27024, 39638
11062.8, 1073, 1796, -8366, 5685, 114185, 35958, -36798, 39638
11066.5, 992, 1796, -8366, 5685, 114185, 35958, -36798, 39626
11068.8, 19, 1796, -8366, 5685, 114185, 35958, -36798, 39626
11074.6, 1086, 1628, -7784, 7001, 115799, 33565, -43693, 39595
11078.3, 1060, 1628, -7784, 7001, 115799, 33565, -43693, 39590
11084.0, 1101, 1900, -7623, 7552, 116346, 17885, -42232, 39576
11087.7, 1018, 1900, -7623, 7552, 116346, 17885, -42232, 39581
11093.5, 1097, 3052, -8129, 6609, 119977, -8789, -35455, 39552
11097.2, 1042, 3052, -8129, 6609, 119977, -8789, -35455, 39545
11102.9, 1105, 3616, -8664, 4505, 122348, -28350, -29833, 39513
11106.6, 1006, 3616, -8664, 4505, 122348, -28350, -29833, 39545
11110.9, 1078, 3119, -8845, 4307, 123902, -21258, -27641, 39545
11114.6, 1032, 3119, -8845, 4307, 123902, -21258, -27641, 39532
11116.9, 20, 3119, -8845, 4307, 123902, -21258, -27641, 39532
11122.6, 1085, 2383, -8750, 4137, 126597, 7367, -29514, 39513
11126.3, 1012, 2383, -8750, 4137, 126597, 7367, -29514, 39471
11130.5, 1094, 2035, -8075, 6064, 128207, 34615, -38911, 39471
11134.3, 1012, 2035, -8075, 6064, 128207, 34615, -38911, 39494
11136.5, 21, 2035, -8075, 6064, 128207, 34615, -38911, 39494
11140.8, 1069, 1800, -6899, 7213, 126614, 44708, -49731, 39494
11144.5, 997, 1800, -6899, 7213, 126614, 44708, -49731, 39495
11146.7, 21, 1800, -6899, 7213, 126614, 44708, -49731, 39495
11152.5, 1146, 1911, -6023, 8087, 125796, 39130, -52938, 39454
11156.2, 995, 1911, -6023, 8087, 125796, 39130, -52938, 39449
11160.4, 1079, 2412, -6132, 6945, 126623, 18821, -47018, 39449
11164.1, 1020, 2412, -6132, 6945, 126623, 18821, -47018, 39409
11166.4, 20, 2412, -6132, 6945, 126623, 18821, -47018, 39409
11170.6, 1108, 3809, -6659, 6589, 131361, -8216, -37323, 39409
11174.3, 1038, 3809, -6659, 6589, 131361, -8216, -37323, 39421
11176.6, 21, 3809, -6659, 6589, 131361, -8216, -37323, 39421
11180.8, 1088, 4561, -7546, 5586, 134717, -28280, -31666, 39421
11184.5, 1056, 4561, -7546, 5586, 134717, -28280, -31666, 39423
11188.7, 1079, 3382, -7382, 4046, 133745, -22002, -32869, 39423
11192.5, 1037, 3382, -7382, 4046, 133745, -22002, -32869, 39407
11196.2, 1016, 3382, -7382, 4046, 133745, -22002, -32869, 39430
11200.4, 1076, 1456, -6585, 5478, 132061, 21744, -37931, 39430
11204.2, 1011, 1456, -6585, 5478, 132061, 21744, -37931, 39429
11208.4, 1097, 540, -5410, 6553, 130945, 70101, -47180, 39429
11212.1, 1000, 540, -5410, 6553, 130945, 70101, -47180, 39422
11215.9, 1006, 540, -5410, 6553, 130945, 70101, -47180, 39470
11220.1, 1114, 722, -4301, 8785, 127699, 89422, -62147, 39470
11223.8, 1061, 722, -4301, 8785, 127699, 89422, -62147, 39434
11228.0, 1063, 2056, -2967, 8779, 125682, 61679, -72831, 39434
11231.8, 982, 2056, -2967, 8779, 125682, 61679, -72831, 39429
11235.5, 995, 2056, -2967, 8779, 125682, 61679, -72831, 39427
11239.7, 1077, 3966, -2918, 8423, 127498, 16577, -69633, 39427
11243.5, 1058, 3966, -2918, 8423, 127498, 16577, -69633, 39412
11247.7, 1098, 5377, -3729, 7802, 128968, -19219, -55029, 39412
11251.4, 932, 5377, -3729, 7802, 128968, -19219, -55029, 39412
11253.7, 18, 5377, -3729, 7802, 128968, -19219, -55029, 39412
11259.4, 1130, 5541, -5032, 6686, 131755, -33351, -41296, 39420
11263.1, 1054, 5541, -5032, 6686, 131755, -33351, -41296, 39398
11268.9, 1100, 3449, -5600, 5672, 131672, -11047, -36606, 39396
11272.6, 989, 3449, -5600, 5672, 131672, -11047, -36606, 39399
11278.3, 1032, 1634, -4365, 6243, 130219, 38557, -40421, 39401
11282.0, 1015, 1634, -4365, 6243, 130219, 38557, -40421, 39406
11287.7, 666, 1634, -4365, 6243, 128115, 74936, -52408, 39415
11291.4, 804, 1634, -4365, 6243, 128115, 74936, -52408, 39403
11295.7, 955, 1278, -3169, 7945, 127428, 79250, -65547, 39403
11299.4, 856, 1278, -3169, 7945, 127428, 79250, -65547, 39409
11301.7, 18, 1278, -3169, 7945, 127428, 79250, -65547, 39409
11305.9, 1092, 1225, -2095, 9822, 127682, 58892, -68071, 39409
11309.6, 1010, 1225, -2095, 9822, 127682, 58892, -68071, 39412
11311.9, 20, 1225, -2095, 9822, 127682, 58892, -68071, 39412
11317.6, 897, 1749, -1838, 8677, 130302, 33303, -61692, 39409
11321.3, 974, 1749, -1838, 8677, 130302, 33303, -61692, 39326
11325.5, 1068, 3094, -1838, 8677, 133312, 9025, -52457, 39326
11329.3, 1021, 3094, -1838, 8677, 133312, 9025, -52457, 39414
11331.5, 22, 3094, -1838, 8677, 133312, 9025, -52457, 39414
11335.8, 1019, 3978, -2137, 7433, 136895, -1968, -46279, 39414
11339.5, 954, 3978, -2137, 7433, 136895, -1968, -46279, 39381
11343.7, 1108, 4258, -2316, 7433, 136895, -1968, -46279, 39381
11347.4, 1124, 4258, -2316, 7433, 136895, -1968, -46279, 39378
11351.1, 1043, 4258, -2316, 7433, 136895, -1968, -46279, 39402
11355.4, 1059, 3605, -1789, 10356, 133741, 29522, -48025, 39402
11359.1, 981, 3605, -1789, 10356, 133741, 29522, -48025, 39372
11363.3, 1107, 2773, -902, 10356, 133741, 29522, -48025, 39372
11367.1, 1087, 2773, -902, 10356, 133741, 29522, -48025, 39386
11370.8, 1039, 2773, -902, 10356, 133741, 29522, -48025, 39384
11375.0, 1075, 2574, -502, 11243, 125730, 39043, -46896, 39384
11378.8, 983, 2574, -502, 11243, 125730, 39043, -46896, 39401
11383.0, 1132, 2745, -619, 11243, 125730, 39043, -46896, 39401
11386.7, 1027, 2745, -619, 11243, 125730, 39043, -46896, 39397
11390.5, 1061, 2745, -619, 11243, 125730, 39043, -46896, 39428
11394.7, 1107, 2605, -1213, 9295, 121307, 21437, -35783, 39428
11398.4, 1045, 2605, -1213, 9295, 121307, 21437, -35783, 39472
11402.6, 1118, 2440, -1766, 9295, 121307, 21437, -35783, 39472
11406.4, 1079, 2440, -1766, 9295, 121307, 21437, -35783, 39426
11408.6, 22, 2440, -1766, 9295, 121307, 21437, -35783, 39426
11414.4, 1151, 1863, -1594, 8839, 121915, 14393, -30511, 39432
11418.1, 1091, 1863, -1594, 8839, 121915, 14393, -30511, 39415
11423.8, 1147, 1974, -1275, 9131, 121128, 13759, -34458, 39428
11427.5, 1076, 1974, -1275, 9131, 121128, 13759, -34458, 39416
11433.2, 1204, 2115, -811, 9463, 121128, 13759, -34458, 39423
11436.9, 1027, 2115, -811, 9463, 121128, 13759, -34458, 39411
11442.6, 1168, 2136, -8, 10115, 117553, 19062, -37940, 39422
11446.4, 1071, 2136, -8, 10115, 117553, 19062, -37940, 39409
11450.6, 1094, 2505, 278, 9894, 113655, 21179, -36824, 39409
11454.4, 1040, 2505, 278, 9894, 113655, 21179, -36824, 39375
11456.6, 22, 2505, 278, 9894, 113655, 21179, -36824, 39375
11462.4, 1143, 2628, 356, 9689, 111240, 15548, -31382, 39419
11466.1, 991, 2628, 356, 9689, 111240, 15548, -31382, 39384
11470.3, 1099, 1832, -86, 9181, 110829, 9629, -22181, 39384
11474.0, 1140, 1832, -86, 9181, 110829, 9629, -22181, 39388
11476.3, 25, 1832, -86, 9181, 110829, 9629, -22181, 39388
11480.5, 1104, 1065, -537, 9092, 112391, 8478, -14656, 39388
11484.2, 1069, 1065, -537, 9092, 112391, 8478, -14656, 39379
11486.5, 22, 1065, -537, 9092, 112391, 8478, -14656, 39379
11490.7, 1125, 765, -281, 8204, 113397, 13085, -12762, 39379
11494.4, 1082, 765, -281, 8204, 113397, 13085, -12762, 39367
11496.7, 23, 765, -281, 8204, 113397, 13085, -12762, 39367
11500.9, 1121, 1707, 935, 9337, 110894, 12945, -16078, 39367
11504.6, 1055, 1707, 935, 9337, 110894, 12945, -16078, 39415
11508.8, 1152, 2620, 2038, 9921, 105758, 5451, -19184, 39415
11512.6, 1080, 2620, 2038, 9921, 105758, 5451, -19184, 38736
11516.3, 1073, 2620, 2038, 9921, 105758, 5451, -19184, 38757
11520.5, 1094, 2904, 2598, 9643, 104739, 78, -17872, 38757
11524.3, 1015, 2904, 2598, 9643, 104739, 78, -17872, 38721
11528.5, 1136, 2689, 1899, 9329, 104791, 853, -11856, 38721
11532.2, 1116, 2689, 1899, 9329, 104791, 853, -11856, 38719
11535.9, 1018, 2689, 1899, 9329, 104791, 853, -11856, 38708
11540.2, 1158, 2778, 736, 9294, 106616, 3220, -4729, 38708
11543.9, 1114, 2778, 736, 9294, 106616, 3220, -4729, 38696
11548.1, 1107, 2616, -122, 8265, 108689, 1916, -498, 38696
11551.9, 1009, 2616, -122, 8265, 108689, 1916, -498, 38711
11555.6, 1114, 2616, -122, 8265, 108689, 1916, -498, 38705
11559.8, 1115, 2212, 125, 8548, 108055, 3185, 2161, 38705
11563.6, 1010, 2212, 125, 8548, 108055, 3185, 2161, 38719
11567.8, 1101, 1167, 1143, 8377, 106725, 12031, 6440, 38719
11571.5, 1032, 1167, 1143, 8377, 106725, 12031, 6440, 38727
11573.8, 21, 1167, 1143, 8377, 106725, 12031, 6440, 38727
11579.5, 1153, 608, 1576, 9138, 106550, 17832, 9765, 38713
11583.2, 1030, 608, 1576, 9138, 106550, 17832, 9765, 38702
11588.9, 1150, 559, 2068, 9025, 105019, 18580, 8334, 38690
11592.6, 1081, 559, 2068, 9025, 105019, 18580, 8334, 38664
11598.4, 1161, 1298, 2300, 9365, 104170, 15260, 3307, 38654
11600.6, 25, 1298, 2300, 9365, 104170, 15260, 3307, 38654
11602.9, 2, 1298, 2300, 9365, 104170, 15260, 3307, 38654
11608.6, 1112, 2113, 2181, 9090, 106953, 8561, -3871, 38528
11610.8, 24, 2113, 2181, 9090, 106953, 8561, -3871, 38528
11613.1, 2, 2113, 2181, 9090, 106953, 8561, -3871, 38528
11618.8, 1138, 2764, 1924, 8306, 109105, 5429, -7905, 38562
11621.1, 25, 2764, 1924, 8306, 109105, 5429, -7905, 38562
11625.3, 1108, 3733, 1950, 9095, 111398, 1281, -5516, 38562
11629.1, 1048, 3733, 1950, 9095, 111398, 1281, -5516, 38552
11631.4, 22, 3733, 1950, 9095, 111398, 1281, -5516, 38552
11635.6, 1083, 3320, 1815, 9599, 108213, -5258, 826, 38552
11639.3, 1059, 3320, 1815, 9599, 108213, -5258, 826, 38463
11641.6, 23, 3320, 1815, 9599, 108213, -5258, 826, 38463
11645.8, 1146, 2010, 2005, 8947, 106375, -4042, 9401, 38463
11649.5, 1106, 2010, 2005, 8947, 106375, -4042, 9401, 38477
11651.8, 26, 2010, 2005, 8947, 106375, -4042, 9401, 38477
11657.5, 1114, 1603, 2402, 8532, 102433, 4156, 16555, 38460
11661.2, 1009, 1603, 2402, 8532, 102433, 4156, 16555, 38469
11665.5, 1088, 1963, 2708, 8514, 101628, 9607, 14096, 38469
11669.2, 1093, 1963, 2708, 8514, 101628, 9607, 14096, 38473
11671.5, 25, 1963, 2708, 8514, 101628, 9607, 14096, 38473
11675.7, 1092, 2206, 3212, 8635, 101335, 5687, 5661, 38473
11679.5, 1015, 2206, 3212, 8635, 101335, 5687, 5661, 38481
11683.7, 1080, 2414, 3675, 7910, 100622, 4300, -1404, 38481
11687.4, 1029, 2414, 3675, 7910, 100622, 4300, -1404, 38494
11691.2, 1049, 2414, 3675, 7910, 100622, 4300, -1404, 38516
11695.5, 1157, 2197, 3783, 7994, 99366, 11725, -3552, 38516
11699.2, 1077, 2197, 3783, 7994, 99366, 11725, -3552, 38516
11703.4, 1080, 2024, 3832, 8855, 95962, 17570, -1255, 38516
11707.1, 1092, 2024, 3832, 8855, 95962, 17570, -1255, 38508
11710.8, 1047, 2024, 3832, 8855, 95962, 17570, -1255, 38491
11715.1, 1112, 1828, 3877, 9202, 92659, 16480, 2480, 38491
11718.8, 1066, 1828, 3877, 9202, 92659, 16480, 2480, 38471
11723.0, 1073, 2317, 3915, 8563, 89916, 13514, 3889, 38471
11726.8, 1021, 2317, 3915, 8563, 89916, 13514, 3889, 38443
11730.5, 1079, 2317, 3915, 8563, 89916, 13514, 3889, 38447
11734.7, 1114, 2641, 3806, 8572, 88507, 9192, 586, 38447
11738.5, 1014, 2641, 3806, 8572, 88507, 9192, 586, 38424
11742.7, 1081, 2969, 3907, 8198, 90804, 3434, -3395, 38424
11746.4, 1026, 2969, 3907, 8198, 90804, 3434, -3395, 38411
11748.7, 21, 2969, 3907, 8198, 90804, 3434, -3395, 38411
11754.4, 1169, 3043, 4636, 7728, 90861, -472, -4440, 38409
11758.1, 1149, 3043, 4636, 7728, 90861, -472, -4440, 38402
11763.9, 1132, 3387, 5040, 8171, 93014, -3526, -1973, 38393
11766.1, 25, 3387, 5040, 8171, 93014, -3526, -1973, 38393
11768.4, 3, 3387, 5040, 8171, 93014, -3526, -1973, 38393
11774.1, 1189, 3261, 4694, 7753, 91929, -5131, -1535, 38408
11776.3, 26, 3261, 4694, 7753, 91929, -5131, -1535, 38408
11780.6, 1080, 2600, 5108, 7185, 86311, 6553, -1080, 38408
11784.3, 1044, 2600, 5108, 7185, 86311, 6553, -1080, 38408
11786.6, 22, 2600, 5108, 7185, 86311, 6553, -1080, 38408
11792.3, 1152, 1999, 5455, 7701, 82316, 26079, 581, 38405
11796.0, 1049, 1999, 5455, 7701, 82316, 26079, 581, 38422
11800.3, 1084, 1771, 4978, 7942, 82067, 36006, -511, 38422
11804.0, 1013, 1771, 4978, 7942, 82067, 36006, -511, 38409
11806.3, 21, 1771, 4978, 7942, 82067, 36006, -511, 38409
11810.5, 1135, 1816, 5281, 7368, 85274, 31596, -4134, 38409
11814.2, 1021, 1816, 5281, 7368, 85274, 31596, -4134, 38396
11816.5, 21, 1816, 5281, 7368, 85274, 31596, -4134, 38396
11820.7, 1097, 2398, 5126, 7883, 89951, 17548, -8386, 38396
11824.4, 1077, 2398, 5126, 7883, 89951, 17548, -8386, 38422
11828.7, 1051, 2398, 5550, 8223, 92195, -1636, -11685, 38422
11832.4, 985, 2398, 5550, 8223, 92195, -1636, -11685, 38446
11836.2, 1104, 2398, 5550, 8223, 92195, -1636, -11685, 38451
11840.5, 1090, 3567, 5862, 8395, 91023, -15846, -10417, 38451
11844.2, 1009, 3567, 5862, 8395, 91023, -15846, -10417, 38654
11848.5, 1085, 3060, 5882, 7000, 87667, -12342, -5241, 38654
11852.2, 1027, 3060, 5882, 7000, 87667, -12342, -5241, 38470
11855.9, 1015, 3060, 5882, 7000, 87667, -12342, -5241, 38476
11860.1, 1084, 2276, 5867, 6510, 82229, 6203, -2253, 38476
11863.9, 1018, 2276, 5867, 6510, 82229, 6203, -2253, 38490
11868.1, 1116, 2276, 5873, 6891, 78676, 26027, -4038, 38490
11871.8, 1115, 2276, 5873, 6891, 78676, 26027, -4038, 38511
11875.5, 1033, 2276, 5873, 6891, 78676, 26027, -4038, 38456
11879.8, 1090, 1201, 5542, 7691, 79853, 33281, -9275, 38456
11883.5, 1003, 1201, 5542, 7691, 79853, 33281, -9275, 38479
11887.7, 1067, 1201, 5542, 6746, 85423, 27580, -14997, 38479
11891.5, 1054, 1201, 5542, 6746, 85423, 27580, -14997, 38476
11893.8, 22, 1201, 5542, 6746, 85423, 27580, -14997, 38476
11899.5, 1119, 1794, 6241, 7860, 90266, 15203, -17443, 38497
11903.2, 1005, 1794, 6241, 7860, 90266, 15203, -17443, 38488
11908.9, 1131, 2297, 6731, 7887, 91972, -6260, -15212, 38491
11912.6, 1039, 2297, 6731, 7887, 91972, -6260, -15212, 38494
11918.3, 1090, 2297, 6731, 7887, 93617, -15303, -13409, 38502
11922.1, 944, 2297, 6731, 7887, 93617, -15303, -13409, 38490
11927.8, 1164, 2112, 6581, 6288, 93617, -4, -15837, 38521
11931.5, 985, 2112, 6581, 6288, 93617, -4, -15837, 38532
11935.8, 1077, 2661, 6734, 5690, 91522, -4, -15837, 38532
11939.5, 1008, 2661, 6734, 5690, 91522, -4, -15837, 38536
11941.8, 23, 2661, 6734, 5690, 91522, -4, -15837, 38536
11947.5, 1110, 2981, 6802, 6540, 87339, 22588, -22080, 38555
11951.2, 990, 2981, 6802, 6540, 87339, 22588, -22080, 38576
11955.5, 1066, 2801, 7101, 5496, 84574, 22588, -22080, 38576
11959.2, 1021, 2801, 7101, 5496, 84574, 22588, -22080, 38606
11961.5, 22, 2801, 7101, 5496, 84574, 22588, -22080, 38606
11965.7, 1084, 2197, 7159, 5731, 87623, 25034, -12897, 38606
11969.5, 982, 2197, 7159, 5731, 87623, 25034, -12897, 38616
11971.7, 22, 2197, 7159, 5731, 87623, 25034, -12897, 38616
11977.5, 1130, 1936, 6796, 6245, 88722, 20680, -12600, 38633
11981.2, 1051, 1936, 6796, 6245, 88722, 20680, -12600, 38662
11985.4, 1089, 1986, 7403, 7601, 88722, 16450, -13116, 38662
11989.1, 1006, 1986, 7403, 7601, 88722, 16450, -13116, 38683
11991.4, 21, 1986, 7403, 7601, 88722, 16450, -13116, 38683
11995.6, 1119, 1364, 7374, 6896, 82618, 16857, -15089, 38683
11999.3, 1050, 1364, 7374, 6896, 82618, 16857, -15089, 38701
12003.5, 1084, 1015, 7421, 5721, 82618, 16857, -15089, 38701
12007.3, 1028, 1015, 7421, 5721, 82618, 16857, -15089, 38405
12011.0, 1023, 1015, 7421, 5721, 82618, 16857, -15089, 38719
12015.3, 1082, 748, 7088, 5727, 88927, 19066, -25812, 38719
12019.0, 995, 748, 7088, 5727, 88927, 19066, -25812, 38733
12023.2, 1093, 1480, 7012, 5511, 88927, 19066, -25812, 38733
12026.9, 1063, 1480, 7012, 5511, 88927, 19066, -25812, 38740
12030.6, 1058, 1480, 7012, 5511, 88927, 19066, -25812, 38783
12034.9, 1112, 1791, 7103, 5924, 91955, 5000, -30813, 38783
12038.6, 1027, 1791, 7103, 5924, 91955, 5000, -30813, 38738
12042.8, 1062, 1496, 7245, 6483, 91955, 5000, -30813, 38738
12046.6, 988, 1496, 7245, 6483, 91955, 5000, -30813, 38735
12048.8, 22, 1496, 7245, 6483, 91955, 5000, -30813, 38735
12054.5, 1142, 1826, 7526, 5630, 88284, 22032, -21157, 38740
12058.2, 1013, 1826, 7526, 5630, 88284, 22032, -21157, 38729
12064.3, 1098, 1887, 7951, 5190, 88284, 30787, -15321, 38736
12068.0, 1026, 1887, 7951, 5190, 88284, 30787, -15321, 38732
12073.7, 1081, 2059, 7481, 5189, 81140, 30787, -15321, 38731
12077.4, 1001, 2059, 7481, 5189, 81140, 30787, -15321, 38728
12083.2, 1077, 1829, 7348, 5612, 77447, 27716, -10858, 38756
12086.9, 1026, 1829, 7348, 5612, 77447, 27716, -10858, 38735
12092.6, 1084, 1563, 7563, 5659, 73667, 16065, -3981, 38722
12096.3, 983, 1563, 7563, 5659, 73667, 16065, -3981, 38729
12100.6, 1063, 1469, 7267, 5629, 70145, 3373, 2301, 38729
12104.3, 994, 1469, 7267, 5629, 70145, 3373, 2301, 38738
12106.6, 21, 1469, 7267, 5629, 70145, 3373, 2301, 38738
12110.8, 1074, 1408, 6881, 5440, 66212, -7516, 5271, 38738
12114.5, 1011, 1408, 6881, 5440, 66212, -7516, 5271, 38744
12116.8, 21, 1408, 6881, 5440, 66212, -7516, 5271, 38744
12122.5, 1086, 808, 7006, 5270, 60511, -12442, 5761, 39174
12126.2, 1011, 808, 7006, 5270, 60511, -12442, 5761, 39202
12130.5, 1061, 369, 7000, 4880, 54574, -5420, 3762, 39202
12134.2, 993, 369, 7000, 4880, 54574, -5420, 3762, 39235
12136.4, 21, 369, 7000, 4880, 54574, -5420, 3762, 39235
12140.6, 1077, 102, 7187, 4814, 50129, 10242, 1124, 39235
12144.4, 971, 102, 7187, 4814, 50129, 10242, 1124, 39304
12146.6, 21, 102, 7187, 4814, 50129, 10242, 1124, 39304
12152.3, 1125, 532, 7920, 3671, 45071, 14678, 1246, 39287
12156.1, 998, 532, 7920, 3671, 45071, 14678, 1246, 39325
12160.3, 1084, 1423, 5749, 4030, 52977, 22623, 11747, 39325
12164.0, 1014, 1423, 5749, 4030, 52977, 22623, 11747, 39315
12168.2, 1051, 2018, 9005, 3980, 46660, 4519, 18624, 39315
12172.0, 976, 2018, 9005, 3980, 46660, 4519, 18624, 39332
12175.7, 1003, 2018, 9005, 3980, 46660, 4519, 18624, 39344
12179.9, 1069, 1820, 9180, 2934, 46743, -3451, 20746, 39344
12183.7, 977, 1820, 9180, 2934, 46743, -3451, 20746, 39356
12187.9, 1073, 1469, 8207, 3573, 43269, 7818, 22619, 39356
12191.6, 983, 1469, 8207, 3573, 43269, 7818, 22619, 39366
12195.4, 992, 1469, 8207, 3573, 43269, 7818, 22619, 39381
12199.6, 1073, 1293, 8038, 4131, 43164, 22592, 20221, 39381
12203.3, 994, 1293, 8038, 4131, 43164, 22592, 20221, 39397
12209.0, 1114, 555, 7158, 5099, 41449, 35214, 18060, 39441
12212.8, 991, 555, 7158, 5099, 41449, 35214, 18060, 39442
12218.5, 1091, -478, 7314, 5515, 33648, 39432, 15951, 39466
12222.2, 1013, -478, 7314, 5515, 33648, 39432, 15951, 39479
12227.9, 1075, -1057, 8344, 3248, 27278, 32034, 9349, 39495
12231.6, 973, -1057, 8344, 3248, 27278, 32034, 9349, 39511
12233.9, 21, -1057, 8344, 3248, 27278, 32034, 9349, 39511
12239.6, 1122, -273, 8166, 3053, 28529, 19289, 4095, 39522
12243.4, 977, -273, 8166, 3053, 28529, 19289, 4095, 39538
12247.6, 1080, 1411, 9541, 2535, 31036, 9997, 651, 39538
12251.3, 1004, 1411, 9541, 2535, 31036, 9997, 651, 39538
12255.6, 1068, 1936, 8868, 4339, 36068, -1881, -13160, 39538
12259.3, 1000, 1936, 8868, 4339, 36068, -1881, -13160, 39545
12261.6, 21, 1936, 8868, 4339, 36068, -1881, -13160, 39545
12265.8, 1056, 2005, 10122, 2773, 29886, -11257, -13396, 39545
12269.6, 985, 2005, 10122, 2773, 29886, -11257, -13396, 39541
12271.9, 19, 2005, 10122, 2773, 29886, -11257, -13396, 39541
12277.6, 1100, 933, 9837, 3173, 26154, -5980, -6356, 39529
12281.3, 1017, 933, 9837, 3173, 26154, -5980, -6356, 39522
12285.6, 1081, 1367, 9093, 3002, 24167, 2450, -3675, 39522
12289.3, 1015, 1367, 9093, 3002, 24167, 2450, -3675, 39511
12291.5, 22, 1367, 9093, 3002, 24167, 2450, -3675, 39511
12295.8, 1085, 723, 9123, 2440, 19009, 11738, -7354, 39511
12299.5, 1025, 723, 9123, 2440, 19009, 11738, -7354, 39501
12301.8, 22, 723, 9123, 2440, 19009, 11738, -7354, 39501
12307.5, 1135, 1907, 9485, 1722, 18782, 11952, -8238, 39486
12311.2, 1030, 1907, 9485, 1722, 18782, 11952, -8238, 39486
12315.5, 1075, 1205, 8961, 2915, 20580, 7748, -3775, 39486
12319.2, 1019, 1205, 8961, 2915, 20580, 7748, -3775, 39509
12323.5, 1074, 1676, 8947, 2662, 18554, 4606, -6650, 39509
12327.2, 1049, 1676, 8947, 2662, 18554, 4606, -6650, 39465
12331.0, 1021, 1676, 8947, 2662, 18554, 4606, -6650, 39471
12335.2, 1086, 1795, 10454, 1704, 15286, 5726, -8203, 39471
12338.9, 1023, 1795, 10454, 1704, 15286, 5726, -8203, 39459
12343.2, 1079, 1082, 10404, 3114, 7883, 11047, -7546, 39459
12346.9, 1034, 1082, 10404, 3114, 7883, 11047, -7546, 39425
12350.6, 1045, 1082, 10404, 3114, 7883, 11047, -7546, 39430
12354.8, 1087, 1176, 10877, 3363, 4195, 8133, -9454, 39430
12358.6, 1001, 1176, 10877, 3363, 4195, 8133, -9454, 39449
12362.8, 1109, 1441, 10749, 3223, 2012, 1697, -9638, 39449
12366.5, 1029, 1441, 10749, 3223, 2012, 1697, -9638, 39419
12368.8, 23, 1441, 10749, 3223, 2012, 1697, -9638, 39419
12374.5, 1123, 1936, 10567, 2998, 26, -5941, -7546, 39425
12378.2, 1041, 1936, 10567, 2998, 26, -5941, -7546, 39426
12383.9, 1089, 2204, 10122, 2610, -1588, -9205, -3723, 39447
12387.7, 995, 2204, 10122, 2610, -1588, -9205, -3723, 39453
12393.4, 1123, 2286, 9542, 3073, -4646, -9410, -476, 39474
12397.1, 1005, 2286, 9542, 3073, -4646, -9410, -476, 39493
12402.9, 1129, 2103, 9127, 3296, -10277, -10434, -791, 39532
12406.6, 982, 2103, 9127, 3296, -10277, -10434, -791, 39529
12410.8, 1097, 1604, 9219, 3554, -17946, -10692, -1386, 39529
12414.5, 1040, 1604, 9219, 3554, -17946, -10692, -1386, 39527
12416.8, 22, 1604, 9219, 3554, -17946, -10692, -1386, 39527
12422.5, 1090, 1542, 9582, 3427, -25196, -7861, -1544, 39561
12426.2, 1013, 1542, 9582, 3427, -25196, -7861, -1544, 39583
12430.5, 1066, 1156, 9317, 3142, -33758, -6584, 1006, 39583
12434.2, 1017, 1156, 9317, 3142, -33758, -6584, 1006, 39590
12436.4, 22, 1156, 9317, 3142, -33758, -6584, 1006, 39590
12440.7, 1058, 954, 9303, 2871, -41987, -8666, 1863, 39590
12444.5, 981, 954, 9303, 2871, -41987, -8666, 1863, 39607
12446.8, 19, 954, 9303, 2871, -41987, -8666, 1863, 39607
12452.5, 1095, 887, 9269, 2282, -44822, -14774, 2218, 39633
12456.2, 1006, 887, 9269, 2282, -44822, -14774, 2218, 39643
12460.4, 1066, 735, 8351, 3835, -44774, -19425, -861, 39643
12464.2, 1001, 735, 8351, 3835, -44774, -19425, -861, 39667
12466.4, 22, 735, 8351, 3835, -44774, -19425, -861, 39667
12470.7, 1069, 856, 8373, 4289, -45868, -32791, -4711, 39667
12474.4, 1015, 856, 8373, 4289, -45868, -32791, -4711, 39679
12478.6, 1096, 856, 8373, 4289, -50015, -49902, -2957, 39679
12482.3, 1036, 856, 8373, 4289, -50015, -49902, -2957, 39714
12486.0, 1028, 856, 8373, 4289, -50015, -49902, -2957, 39750
12490.3, 1084, 488, 9142, 4386, -59238, -60450, 1491, 39750
12494.0, 1011, 488, 9142, 4386, -59238, -60450, 1491, 39790
12498.2, 1050, 488, 9142, 4386, -62764, -67944, 1395, 39790
12502.0, 974, 488, 9142, 4386, -62764, -67944, 1395, 39833
12505.8, 1030, 488, 9142, 4386, -62764, -67944, 1395, 39871
12510.1, 1081, 500, 8766, 3434, -71353, -68482, -5355, 39871
12513.8, 1067, 500, 8766, 3434, -71353, -68482, -5355, 39908
12518.0, 1061, 500, 8766, 3434, -72551, -66107, -14822, 39908
12521.7, 1034, 500, 8766, 3434, -72551, -66107, -14822, 39952
12525.5, 1061, 500, 8766, 3434, -72551, -66107, -14822, 39975
12529.7, 1072, 1422, 10138, 3577, -77460, -69143, -17067, 39975
12533.5, 991, 1422, 10138, 3577, -77460, -69143, -17067, 40026
12537.7, 1084, 1422, 10138, 3577, -86171, -80680, -8098, 40026
12541.4, 1025, 1422, 10138, 3577, -86171, -80680, -8098, 40035
12543.7, 22, 1422, 10138, 3577, -86171, -80680, -8098, 40035
12549.4, 1090, 1694, 10150, 3800, -90962, -91294, 7726, 40079
12553.1, 1029, 1694, 10150, 3800, -90962, -91294, 7726, 40076
12558.9, 1083, 1505, 8659, 3675, -96689, -86910, 18217, 40089
12562.6, 1036, 1505, 8659, 3675, -96689, -86910, 18217, 40115
12568.3, 1118, 1505, 8659, 3675, -96689, -86910, 20540, 40137
12572.0, 1095, 1505, 8659, 3675, -96689, -86910, 20540, 40153
12577.7, 1132, 1433, 9150, 2372, -97235, -59229, 20540, 40201
12581.4, 1004, 1433, 9150, 2372, -97235, -59229, 20540, 40189
12585.7, 1039, 1095, 8632, 4464, -109643, -50427, 20361, 40189
12589.4, 1031, 1095, 8632, 4464, -109643, -50427, 20361, 40198
12591.7, 22, 1095, 8632, 4464, -109643, -50427, 20361, 40198
12595.9, 1084, 1423, 8193, 5154, -122331, -71773, 22067, 40198
12599.6, 1045, 1423, 8193, 5154, -122331, -71773, 22067, 40208
12601.9, 22, 1423, 8193, 5154, -122331, -71773, 22067, 40208
12607.6, 1117, 1170, 7031, 3731, -128640, -102809, 23489, 40209
12611.3, 1029, 1170, 7031, 3731, -128640, -102809, 23489, 40192
12615.6, 1069, 1572, 7259, 4490, -122965, -122830, 25655, 40192
12619.3, 1012, 1572, 7259, 4490, -122965, -122830, 25655, 40121
12621.6, 20, 1572, 7259, 4490, -122965, -122830, 25655, 40121
12625.9, 1068, 1926, 7372, 6354, -123560, -135959, 34296, 40121
12629.6, 1057, 1926, 7372, 6354, -123560, -135959, 34296, 40159
12633.8, 1108, 1809, 6771, 5142, -128106, -141021, 46791, 40159
12637.6, 1070, 1809, 6771, 5142, -128106, -141021, 46791, 40134
12641.3, 1074, 1809, 6771, 5142, -128106, -141021, 46791, 40119
12645.6, 1086, 2005, 6045, 2419, -133045, -125752, 53038, 40119
12649.3, 1058, 2005, 6045, 2419, -133045, -125752, 53038, 40106
12653.5, 1111, 2142, 5946, 2642, -130727, -96934, 48160, 40106
12657.2, 1070, 2142, 5946, 2642, -130727, -96934, 48160, 40101
12660.9, 1074, 2142, 5946, 2642, -130727, -96934, 48160, 40088
12665.2, 1142, 2508, 6011, 4623, -129838, -79950, 37647, 40088
12668.9, 1079, 2508, 6011, 4623, -129838, -79950, 37647, 40100
12673.1, 1108, 3026, 6673, 5973, -126295, -79884, 30577, 40100
12676.9, 1024, 3026, 6673, 5973, -126295, -79884, 30577, 40100
12680.7, 1048, 3026, 6673, 5973, -126295, -79884, 30577, 40093
12684.9, 1109, 3392, 6142, 6907, -118787, -83835, 30748, 40093
12688.7, 1065, 3392, 6142, 6907, -118787, -83835, 30748, 40097
12692.9, 1106, 3489, 5063, 4508, -117628, -73509, 34974, 40097
12696.6, 1044, 3489, 5063, 4508, -117628, -73509, 34974, 40097
12698.9, 22, 3489, 5063, 4508, -117628, -73509, 34974, 40097
12704.6, 1134, 3500, 4684, 4429, -119063, -46091, 37901, 40091
12708.4, 1075, 3500, 4684, 4429, -119063, -46091, 37901, 40068
12712.6, 1124, 3255, 4983, 4973, -122589, -20772, 39576, 40068
12716.3, 1055, 3255, 4983, 4973, -122589, -20772, 39576, 40038
12718.6, 22, 3255, 4983, 4973, -122589, -20772, 39576, 40038
12724.3, 1144, 3281, 5187, 6232, -121355, -10955, 39760, 40012
12728.0, 1075, 3281, 5187, 6232, -121355, -10955, 39760, 40001
12733.7, 1139, 3644, 5328, 6878, -120852, -10005, 37726, 39970
12736.0, 26, 3644, 5328, 6878, -120852, -10005, 37726, 39970
12738.2, 3, 3644, 5328, 6878, -120852, -10005, 37726, 39970
12743.9, 1172, 4329, 4636, 7994, -121066, -21367, 36794, 39962
12746.2, 26, 4329, 4636, 7994, -121066, -21367, 36794, 39962
12750.4, 1116, 4469, 4066, 6527, -121176, -35070, 40132, 39962
12754.1, 1075, 4469, 4066, 6527, -121176, -35070, 40132, 39930
12756.4, 23, 4469, 4066, 6527, -121176, -35070, 40132, 39930
12760.6, 1112, 3894, 3869, 6470, -121714, -29956, 47810, 39930
12764.3, 1071, 3894, 3869, 6470, -121714, -29956, 47810, 39891
12766.6, 22, 3894, 3869, 6470, -121714, -29956, 47810, 39891
12770.8, 1098, 2915, 4160, 5289, -125166, -10876, 56735, 39891
12774.5, 1063, 2915, 4160, 5289, -125166, -10876, 56735, 38399
12776.8, 23, 2915, 4160, 5289, -125166, -10876, 56735, 38399
12782.5, 1154, 2383, 4493, 7020, -130928, -5293, 62130, 38368
12786.2, 1058, 2383, 4493, 7020, -130928, -5293, 62130, 38341
12790.5, 1098, 1535, 4543, 7549, -135062, -23437, 63250, 38341
12794.2, 1042, 1535, 4543, 7549, -135062, -23437, 63250, 38310
12796.5, 22, 1535, 4543, 7549, -135062, -23437, 63250, 38310
12800.8, 1073, 1892, 3789, 6528, -139669, -46629, 62502, 38310
12804.5, 1055, 1892, 3789, 6528, -139669, -46629, 62502, 38324
12808.7, 1107, 2606, 2331, 7413, -135224, -63456, 58599, 38324
12812.5, 1029, 2606, 2331, 7413, -135224, -63456, 58599, 38276
12816.2, 1052, 2606, 2331, 7413, -135224, -63456, 58599, 38262
12820.5, 1093, 3056, 1794, 6144, -125284, -65346, 50208, 38262
12824.2, 1039, 3056, 1794, 6144, -125284, -65346, 50208, 38283
12828.5, 1097, 3068, 2435, 6426, -123932, -46323, 44398, 38283
12832.2, 1062, 3068, 2435, 6426, -123932, -46323, 44398, 38325
12836.0, 1018, 3068, 2435, 6426, -123932, -46323, 44398, 38366
12840.2, 1090, 3172, 2827, 8779, -124562, -24863, 43256, 38366
12844.0, 1019, 3172, 2827, 8779, -124562, -24863, 43256, 38437
12848.2, 1097, 3567, 2726, 7462, -126198, -12569, 41860, 38437
12851.9, 1063, 3567, 2726, 7462, -126198, -12569, 41860, 38464
12855.7, 1039, 3567, 2726, 7462, -126198, -12569, 41860, 38512
12859.9, 1110, 4173, 2429, 5809, -126041, -4466, 36138, 38512
12863.6, 1064, 4173, 2429, 5809, -126041, -4466, 36138, 38548
12867.8, 1086, 4333, 2267, 5654, -128592, 2275, 28236, 38548
12871.6, 1004, 4333, 2267, 5654, -128592, 2275, 28236, 38596
12873.8, 22, 4333, 2267, 5654, -128592, 2275, 28236, 38596
12879.5, 1144, 4719, 2299, 8018, -126373, -3911, 24609, 38629
12883.3, 1042, 4719, 2299, 8018, -126373, -3911, 24609, 38684
12889.0, 1120, 5341, 2223, 8334, -124007, -14345, 26088, 38718
12891.3, 24, 5341, 2223, 8334, -124007, -14345, 26088, 38718
12893.5, 3, 5341, 2223, 8334, -124007, -14345, 26088, 38718
12899.2, 1117, 5455, 2717, 8986, -124431, -11729, 32226, 38827
12901.5, 24, 5455, 2717, 8986, -124431, -11729, 32226, 38827
12905.7, 1075, 5537, 2540, 7791, -126093, 5831, 38819, 38827
12909.5, 1018, 5537, 2540, 7791, -126093, 5831, 38819, 38886
12911.8, 20, 5537, 2540, 7791, -126093, 5831, 38819, 38886
12917.5, 1111, 5559, 2225, 6558, -127524, 21787, 38531, 38946
12921.2, 1058, 5559, 2225, 6558, -127524, 21787, 38531, 38966
12925.4, 1057, 5112, 2219, 6882, -127817, 26350, 35949, 38966
12929.2, 1011, 5112, 2219, 6882, -127817, 26350, 35949, 39044
12931.4, 22, 5112, 2219, 6882, -127817, 26350, 35949, 39044
12935.7, 1062, 5302, 2126, 7281, -125988, 19294, 36916, 39044
12939.5, 978, 5302, 2126, 7281, -125988, 19294, 36916, 39102
12941.8, 19, 5302, 2126, 7281, -125988, 19294, 36916, 39102
12947.5, 1147, 6102, 1527, 8826, -122615, 5792, 37708, 39140
12951.2, 1038, 6102, 1527, 8826, -122615, 5792, 37708, 39169
12955.5, 1075, 6789, 635, 9902, -118485, -9870, 37791, 39169
12959.2, 1026, 6789, 635, 9902, -118485, -9870, 37791, 39195
12961.4, 23, 6789, 635, 9902, -118485, -9870, 37791, 39195
12965.7, 1080, 6589, 306, 7971, -118201, -5180, 38518, 39195
12969.5, 1000, 6589, 306, 7971, -118201, -5180, 38518, 39243
12973.7, 1068, 5489, 769, 8623, -122331, 19705, 41515, 39243
12977.4, 1026, 5489, 769, 8623, -122331, 19705, 41515, 39293
12981.2, 1025, 5489, 769, 8623, -122331, 19705, 41515, 39349
12985.4, 1076, 4156, 1425, 8927, -124772, 32834, 46913, 39349
12989.2, 1000, 4156, 1425, 8927, -124772, 32834, 46913, 39402
12993.4, 1098, 3384, 1282, 6859, -126645, 35092, 48462, 39402
12997.1, 999, 3384, 1282, 6859, -126645, 35092, 48462, 39464
13000.9, 973, 3384, 1282, 6859, -126645, 35092, 48462, 39500
13005.2, 1076, 3594, 884, 9662, -124973, 28914, 42691, 39500
13008.9, 1023, 3594, 884, 9662, -124973, 28914, 42691, 39539
13013.2, 1054, 4682, -387, 9369, -117938, 7196, 31185, 39539
13016.9, 1044, 4682, -387, 9369, -117938, 7196, 31185, 39568
13020.6, 1034, 4682, -387, 9369, -117938, 7196, 31185, 39606
13024.9, 1098, 5756, -1701, 8088, -113318, -7433, 18340, 39606
13028.6, 1027, 5756, -1701, 8088, -113318, -7433, 18340, 39604
13032.9, 1049, 5638, -1835, 8946, -112929, 4081, 13168, 39604
13036.7, 950, 5638, -1835, 8946, -112929, 4081, 13168, 39626
13040.4, 1033, 5638, -1835, 8946, -112929, 4081, 13168, 39663
13044.7, 1060, 5285, -882, 9997, -115812, 32401, 19797, 39663
13048.4, 1013, 5285, -882, 9997, -115812, 32401, 19797, 39703
13052.7, 1066, 5182, -451, 9020, -119561, 48016, 28538, 39703
13056.4, 994, 5182, -451, 9020, -119561, 48016, 28538, 39735
13060.6, 1086, 5182, -451, 9084, -116993, 43177, 32493, 39735
13064.3, 1036, 5182, -451, 9084, -116993, 43177, 32493, 39759
13066.6, 23, 5182, -451, 9084, -116993, 43177, 32493, 39759
13070.8, 1082, 4061, -991, 7941, -112911, 31290, 32581, 39759
13074.5, 1016, 4061, -991, 7941, -112911, 31290, 32581, 39774
13076.8, 22, 4061, -991, 7941, -112911, 31290, 32581, 39774
13082.5, 1096, 4286, -2198, 9233, -108943, 19893, 28503, 39821
13086.2, 1016, 4286, -2198, 9233, -108943, 19893, 28503, 39881
13090.5, 1077, 4693, -3241, 8732, -105824, 5398, 21608, 39881
13094.2, 1021, 4693, -3241, 8732, -105824, 5398, 21608, 39931
13096.4, 23, 4693, -3241, 8732, -105824, 5398, 21608, 39931
13100.7, 1070, 5033, -3439, 8866, -105916, 2099, 16957, 39931
13104.5, 991, 5033, -3439, 8866, -105916, 2099, 16957, 38596
13106.7, 21, 5033, -3439, 8866, -105916, 2099, 16957, 38596
13112.5, 1098, 4643, -2629, 10253, -108527, 15128, 19679, 40011
13116.2, 1026, 4643, -2629, 10253, -108527, 15128, 19679, 40003
13120.4, 1074, 4348, -1981, 8977, -112146, 28486, 26281, 40003
13124.2, 990, 4348, -1981, 8977, -112146, 28486, 26281, 40047
13126.4, 22, 4348, -1981, 8977, -112146, 28486, 26281, 40047
13130.7, 1072, 4304, -1484, 8143, -114145, 40683, 29549, 40047
13134.4, 1026, 4304, -1484, 8143, -114145, 40683, 29549, 40104
13138.6, 1058, 4304, -1484, 8143, -114145, 40683, 27759, 40104
13142.4, 995, 4304, -1484, 8143, -114145, 40683, 27759, 40134
13146.2, 980, 4304, -1484, 8143, -114145, 40683, 27759, 40165
13150.4, 1062, 3999, -2352, 8724, -109556, 26687, 24325, 40165
13154.1, 1008, 3999, -2352, 8724, -109556, 26687, 24325, 40174
13158.4, 1108, 3999, -2352, 8724, -109556, 7424, 24010, 40174
13162.1, 1010, 3999, -2352, 8724, -109556, 7424, 24010, 40218
13165.9, 994, 3999, -2352, 8724, -109556, 7424, 24010, 40225
13170.1, 1087, 4797, -4092, 8267, -104581, -3154, 25467, 40225
13173.8, 1022, 4797, -4092, 8267, -104581, -3154, 25467, 40248
13178.0, 1065, 4797, -4092, 8267, -104581, -3154, 25296, 40248
13181.8, 998, 4797, -4092, 8267, -104581, -3154, 25296, 40275
13185.5, 1007, 4797, -4092, 8267, -104581, -3154, 25296, 40282
13189.7, 1066, 3831, -3245, 9014, -107504, 18121, 26123, 40282
13193.5, 987, 3831, -3245, 9014, -107504, 18121, 26123, 40320
13197.7, 1066, 3831, -3245, 9014, -107504, 18121, 27742, 40320
13201.4, 985, 3831, -3245, 9014, -107504, 18121, 27742, 40347
13203.7, 20, 3831, -3245, 9014, -107504, 18121, 27742, 40347
13209.4, 1087, 2742, -2800, 8517, -111643, 41760, 26456, 40375
13213.1, 979, 2742, -2800, 8517, -111643, 41760, 26456, 40403
13218.9, 1087, 2742, -2800, 8517, -111643, 41760, 23240, 40371
13221.1, 23, 2742, -2800, 8517, -111643, 41760, 23240, 40371
13223.4, 2, 2742, -2800, 8517, -111643, 41760, 23240, 40371
13229.1, 1107, 2982, -3531, 8620, -107644, 10841, 20387, 40478
13231.3, 24, 2982, -3531, 8620, -107644, 10841, 20387, 40478
13235.6, 1043, 3432, -4561, 8681, -107644, 10841, 20387, 40478
13239.3, 1003, 3432, -4561, 8681, -107644, 10841, 20387, 40494
13241.6, 21, 3432, -4561, 8681, -107644, 10841, 20387, 40494
13247.3, 1081, 4284, -5653, 8191, -102923, -6348, 18550, 40520
13251.0, 1019, 4284, -5653, 8191, -102923, -6348, 18550, 40542
13255.3, 1102, 4865, -6282, 6756, -100403, -15732, 17088, 40542
13259.0, 1024, 4865, -6282, 6756, -100403, -15732, 17088, 40551
13261.3, 21, 4865, -6282, 6756, -100403, -15732, 17088, 40551
13265.5, 1083, 4569, -5849, 9023, -99139, -7336, 18620, 40551
13269.2, 1034, 4569, -5849, 9023, -99139, -7336, 18620, 39626
13271.5, 21, 4569, -5849, 9023, -99139, -7336, 18620, 39626
13275.7, 1089, 3634, -5057, 9497, -100294, 11073, 24885, 39626
13279.4, 1007, 3634, -5057, 9497, -100294, 11073, 24885, 40939
13283.7, 1083, 3400, -4830, 8571, -99904, 21787, 27838, 40939
13287.4, 946, 3400, -4830, 8571, -99904, 21787, 27838, 40974
13291.2, 1009, 3400, -4830, 8571, -99904, 21787, 27838, 41011
13295.5, 1050, 2519, -4763, 7251, -99384, 28162, 26088, 41011
13299.2, 1000, 2519, -4763, 7251, -99384, 28162, 26088, 40998
13303.5, 1078, 1890, -5102, 7333, -98299, 26075, 23778, 40998
13307.2, 1009, 1890, -5102, 7333, -98299, 26075, 23778, 40999
13310.9, 1051, 1890, -5102, 7333, -98299, 26075, 23778, 41009
13315.1, 1072, 2378, -5986, 8095, -96627, 15680, 21512, 41009
13318.9, 1005, 2378, -5986, 8095, -96627, 15680, 21512, 40985
13323.1, 1091, 3492, -6877, 8297, -94930, 4, 19114, 40985
13326.8, 1041, 3492, -6877, 8297, -94930, 4, 19114, 41015
13330.5, 1023, 3492, -6877, 8297, -94930, 4, 19114, 41021
13334.8, 1094, 4596, -7348, 7515, -92585, -14743, 17014, 41021
13338.5, 1039, 4596, -7348, 7515, -92585, -14743, 17014, 41019
13342.7, 1064, 4805, -7072, 6734, -89815, -22802, 16931, 41019
13346.4, 1010, 4805, -7072, 6734, -89815, -22802, 16931, 41058
13348.8, 20, 4805, -7072, 6734, -89815, -22802, 16931, 41058
13354.4, 1138, 3977, -6260, 7852, -89058, -13483, 22360, 41029
13358.2, 1017, 3977, -6260, 7852, -89058, -13483, 22360, 41026
13363.9, 1136, 2962, -5832, 8764, -90371, 2139, 29566, 41033
13367.6, 1025, 2962, -5832, 8764, -90371, 2139, 29566, 41038
13373.3, 1098, 2163, -5721, 7605, -91885, 14367, 31084, 41048
13377.1, 973, 2163, -5721, 7605, -91885, 14367, 31084, 40789
13382.8, 1078, 1627, -5712, 6467, -92979, 23200, 26736, 41077
13386.5, 1004, 1627, -5712, 6467, -92979, 23200, 26736, 41079
13390.7, 1076, 1893, -6457, 7601, -92169, 19600, 19985, 41079
13394.5, 991, 1893, -6457, 7601, -92169, 19600, 19985, 41006
13396.7, 21, 1893, -6457, 7601, -92169, 19600, 19985, 41006
13402.5, 1095, 2781, -7203, 7153, -90629, 4554, 15592, 41086
13406.2, 963, 2781, -7203, 7153, -90629, 4554, 15592, 41093
13410.5, 1069, 3656, -7728, 6581, -88577, -10040, 15133, 41093
13414.6, 661, 3656, -7728, 6581, -88577, -10040, 15133, 41066
13416.8, 13, 3656, -7728, 6581, -88577, -10040, 15133, 41066
13422.5, 1105, 4215, -7788, 6592, -86683, -14240, 17526, 41075
13426.2, 1017, 4215, -7788, 6592, -86683, -14240, 17526, 41081
13430.5, 1095, 4054, -7495, 6583, -84613, -10758, 20466, 41081
13434.2, 1018, 4054, -7495, 6583, -84613, -10758, 20466, 41053
13436.5, 22, 4054, -7495, 6583, -84613, -10758, 20466, 41053
13440.7, 1097, 3531, -7018, 6808, -82203, -179, 22124, 41053
13444.4, 1046, 3531, -7018, 6808, -82203, -179, 22124, 41064
13448.6, 1057, 2892, -6693, 6471, -81350, 10220, 22264, 41064
13452.4, 996, 2892, -6693, 6471, -81350, 10220, 22264, 41062
13456.1, 1028, 2892, -6693, 6471, -81350, 10220, 22264, 41071
13460.4, 1074, 2401, -6805, 6692, -79744, 13720, 20554, 41071
13464.1, 1014, 2401, -6805, 6692, -79744, 13720, 20554, 41030
13468.3, 1094, 2147, -7429, 6129, -79980, 10465, 18125, 41030
13472.0, 1050, 2147, -7429, 6129, -79980, 10465, 18125, 41066
13475.7, 1029, 2147, -7429, 6129, -79980, 10465, 18125, 41067
13480.0, 1092, 2458, -8028, 6113, -79718, 4357, 16529, 41067
13483.7, 1028, 2458, -8028, 6113, -79718, 4357, 16529, 41059
13487.9, 1075, 2990, -8266, 6482, -77731, -3408, 15920, 41059
13491.7, 984, 2990, -8266, 6482, -77731, -3408, 15920, 41061
13494.0, 19, 2990, -8266, 6482, -77731, -3408, 15920, 41061
13499.7, 1104, 3313, -7896, 5489, -76393, -11007, 16384, 41051
13503.4, 1024, 3313, -7896, 5489, -76393, -11007, 16384, 41065
13507.7, 1063, 3374, -7513, 6180, -75819, -10342, 18209, 41065
13511.4, 998, 3374, -7513, 6180, -75819, -10342, 18209, 41040
13513.7, 20, 3374, -7513, 6180, -75819, -10342, 18209, 41040
13519.4, 1115, 3108, -7692, 7039, -75574, -5823, 20584, 41040
13523.1, 1013, 3108, -7692, 7039, -75574, -5823, 20584, 41043
13528.9, 1126, 3192, -8193, 7004, -74896, -5026, 21542, 41044
13532.6, 1043, 3192, -8193, 7004, -74896, -5026, 21542, 41048
13538.3, 1094, 2895, -8341, 5747, -74958, -2966, 20059, 41001
13542.1, 1003, 2895, -8341, 5747, -74958, -2966, 20059, 41061
13547.8, 1080, 2535, -8286, 4873, -74415, 1491, 16909, 41060
13551.5, 1007, 2535, -8286, 4873, -74415, 1491, 16909, 41048
13555.8, 1059, 2271, -8237, 4435, -73566, 5770, 14389, 41048
13559.5, 1016, 2271, -8237, 4435, -73566, 5770, 14389, 41028
13561.7, 22, 2271, -8237, 4435, -73566, 5770, 14389, 41028
13567.5, 1120, 2490, -8418, 5227, -72809, 4046, 12875, 41069
13571.2, 992, 2490, -8418, 5227, -72809, 4046, 12875, 41064
13575.5, 1062, 3027, -8499, 5601, -71462, -6540, 12412, 41064
13579.2, 1013, 3027, -8499, 5601, -71462, -6540, 12412, 41094
13581.5, 20, 3027, -8499, 5601, -71462, -6540, 12412, 41094
13585.7, 1070, 3583, -8503, 4851, -70036, -18440, 14052, 41094
13589.5, 995, 3583, -8503, 4851, -70036, -18440, 14052, 41105
13591.7, 22, 3583, -8503, 4851, -70036, -18440, 14052, 41105
13597.5, 1130, 3558, -8520, 5123, -68955, -20077, 17290, 41077
13601.2, 986, 3558, -8520, 5123, -68955, -20077, 17290, 41093
13605.5, 1057, 2968, -8650, 5450, -69143, -11655, 20295, 41093
13609.2, 1025, 2968, -8650, 5450, -69143, -11655, 20295, 41110
13613.5, 1049, 2441, -8690, 5505, -70215, -1063, 20029, 41110
13617.2, 1041, 2441, -8690, 5505, -70215, -1063, 20029, 41083
13620.9, 1025, 2441, -8690, 5505, -70215, -1063, 20029, 41089
13625.2, 1068, 2050, -8593, 5404, -71072, 6798, 15474, 41089
13628.9, 1037, 2050, -8593, 5404, -71072, 6798, 15474, 41090
13633.1, 1069, 1999, -8504, 4753, -69878, 8080, 10854, 41090
13636.9, 984, 1999, -8504, 4753, -69878, 8080, 10854, 41093
13640.7, 1027, 1999, -8504, 4753, -69878, 8080, 10854, 41083
13644.9, 1075, 2336, -8685, 3658, -67625, -1351, 9257, 41083
13648.7, 1005, 2336, -8685, 3658, -67625, -1351, 9257, 41102
13652.9, 1055, 2529, -9019, 3598, -65468, -11917, 10758, 41102
13656.6, 1012, 2529, -9019, 3598, -65468, -11917, 10758, 41088
13658.9, 21, 2529, -9019, 3598, -65468, -11917, 10758, 41088
13664.6, 1094, 2811, -9111, 4510, -63464, -20068, 13641, 41070
13668.4, 1007, 2811, -9111, 4510, -63464, -20068, 13641, 41089
13672.6, 1069, 3151, -9166, 4229, -61513, -28315, 15426, 41089
13676.4, 1023, 3151, -9166, 4229, -61513, -28315, 15426, 41084
13678.7, 22, 3151, -9166, 4229, -61513, -28315, 15426, 41084
13684.4, 1085, 2997, -8966, 4509, -62152, -24845, 15487, 41093
13688.1, 1019, 2997, -8966, 4509, -62152, -24845, 15487, 41084
13693.9, 1119, 2627, -8852, 4339, -63731, -14450, 14617, 41083
13697.6, 1045, 2627, -8852, 4339, -63731, -14450, 14617, 41053
13703.3, 1110, 2336, -8889, 4548, -65429, -4055, 13094, 41087
13707.0, 1032, 2336, -8889, 4548, -65429, -4055, 13094, 41085
13712.8, 1058, 2336, -9035, 4643, -65967, 3246, 11138, 41084
13716.5, 997, 2336, -9035, 4643, -65967, 3246, 11138, 41048
13720.8, 1058, 2147, -9035, 4643, -64488, 2419, 9371, 41048
13724.5, 1005, 2147, -9035, 4643, -64488, 2419, 9371, 41096
13726.8, 20, 2147, -9035, 4643, -64488, 2419, 9371, 41096
13732.5, 1098, 2152, -8547, 3120, -64247, -4541, 8483, 41114
13736.3, 1019, 2152, -8547, 3120, -64247, -4541, 8483, 41113
13740.5, 1067, 2347, -8547, 3120, -63587, -13028, 9073, 41113
13744.3, 998, 2347, -8547, 3120, -63587, -13028, 9073, 41150
13746.5, 21, 2347, -8547, 3120, -63587, -13028, 9073, 41150
13750.8, 1056, 2419, -9495, 3061, -63193, -17465, 10740, 41150
13754.6, 1016, 2419, -9495, 3061, -63193, -17465, 10740, 41109
13758.8, 1071, 2603, -9495, 3061, -63193, -17465, 10740, 41109
13762.5, 1024, 2603, -9495, 3061, -63193, -17465, 10740, 41101
13766.3, 1038, 2603, -9495, 3061, -63193, -17465, 10740, 41102
13770.5, 1075, 2890, -9490, 3553, -63438, -12915, 9830, 41102
13774.3, 999, 2890, -9490, 3553, -63438, -12915, 9830, 41093
13778.5, 1082, 2662, -9490, 3553, -63438, -12915, 9830, 41093
13782.2, 1044, 2662, -9490, 3553, -63438, -12915, 9830, 41089
13785.9, 1033, 2662, -9490, 3553, -63438, -12915, 9830, 41077
13790.2, 1100, 2437, -8887, 4348, -64908, 839, 8605, 41077
13793.9, 999, 2437, -8887, 4348, -64908, 839, 8605, 41071
13798.2, 1084, 2264, -8887, 4348, -64908, 839, 8605, 41071
13801.9, 1033, 2264, -8887, 4348, -64908, 839, 8605, 41072
13805.6, 1042, 2264, -8887, 4348, -64908, 839, 8605, 41052
13809.8, 1077, 2236, -8740, 3507, -67656, -7726, 9865, 41052
13813.6, 1003, 2236, -8740, 3507, -67656, -7726, 9865, 41042
13817.8, 1099, 2437, -8984, 3507, -67656, -7726, 9865, 41042
13821.5, 1016, 2437, -8984, 3507, -67656, -7726, 9865, 41004
13823.8, 22, 2437, -8984, 3507, -67656, -7726, 9865, 41004
13829.5, 1117, 2374, -9583, 1268, -63884, -13777, 9528, 41025
13833.2, 1042, 2374, -9583, 1268, -63884, -13777, 9528, 41014
13838.9, 1102, 2316, -9854, 1268, -62721, -12416, 7595, 41000
13842.6, 1023, 2316, -9854, 1268, -62721, -12416, 7595, 40968
13848.4, 1099, 2496, -10030, 1630, -62721, -10338, 5560, 41005
13852.1, 1007, 2496, -10030, 1630, -62721, -10338, 5560, 41006
13857.9, 1123, 2055, -9825, 2234, -61198, -10338, 5560, 40989
13861.6, 982, 2055, -9825, 2234, -61198, -10338, 5560, 41089
13865.8, 1092, 1912, -9887, 2640, -60380, -8553, 5915, 41089
13869.5, 1034, 1912, -9887, 2640, -60380, -8553, 5915, 40979
13871.8, 20, 1912, -9887, 2640, -60380, -8553, 5915, 40979
13877.5, 1095, 1935, -9528, 2973, -59575, -7498, 7980, 40938
13881.2, 999, 1935, -9528, 2973, -59575, -7498, 7980, 40971
13885.5, 1075, 1965, -9817, 3002, -58818, -7507, 8916, 40971
13889.2, 1011, 1965, -9817, 3002, -58818, -7507, 8916, 40970
13891.4, 21, 1965, -9817, 3002, -58818, -7507, 8916, 40970
13895.7, 1076, 1899, -9717, 2974, -59024, -6776, 7691, 40970
13899.5, 996, 1899, -9717, 2974, -59024, -6776, 7691, 40950
13901.8, 20, 1899, -9717, 2974, -59024, -6776, 7691, 40950
13907.5, 1092, 2026, -9735, 2394, -59601, -5661, 6068, 40909
13911.2, 1029, 2026, -9735, 2394, -59601, -5661, 6068, 40936
13915.5, 1075, 2005, -9553, 1854, -60117, -3539, 6728, 40936
13919.2, 1019, 2005, -9553, 1854, -60117, -3539, 6728, 40928
13921.4, 22, 2005, -9553, 1854, -60117, -3539, 6728, 40928
13925.7, 1087, 2059, -9667, 1706, -59837, -2795, 8588, 40928
13929.4, 1040, 2059, -9667, 1706, -59837, -2795, 8588, 40909
13933.6, 1072, 2110, -9885, 1439, -58564, -7323, 9598, 40909
13937.4, 1038, 2110, -9885, 1439, -58564, -7323, 9598, 40939
13941.1, 1035, 2110, -9885, 1439, -58564, -7323, 9598, 40901
13945.3, 1085, 2132, -10052, 1203, -56779, -10591, 9668, 40901
13949.0, 1035, 2132, -10052, 1203, -56779, -10591, 9668, 40896
13953.3, 1086, 2062, -10149, 1179, -54246, -9025, 8876, 40896
13957.0, 1029, 2062, -10149, 1179, -54246, -9025, 8876, 40886
13960.8, 1029, 2062, -10149, 1179, -54246, -9025, 8876, 40880
13965.1, 1063, 1908, -10104, 865, -51542, -2248, 8063, 40880
13968.8, 1077, 1908, -10104, 865, -51542, -2248, 8063, 40872
13973.0, 1078, 1731, -9979, 534, -49206, 9314, 8548, 40872
13976.7, 1031, 1731, -9979, 534, -49206, 9314, 8548, 40866
13980.5, 1051, 1731, -9979, 534, -49206, 9314, 8548, 40847
13984.7, 1058, 1353, -9680, 867, -47101, 20177, 10036, 40847
13988.5, 1020, 1353, -9680, 867, -47101, 20177, 10036, 40845
13992.7, 1106, 1070, -9719, 1372, -45728, 23380, 10981, 40845
13996.4, 1020, 1070, -9719, 1372, -45728, 23380, 10981, 40840
13998.7, 22, 1070, -9719, 1372, -45728, 23380, 10981, 40840
14004.4, 1109, 1001, -9866, 1715, -42840, 18594, 10670, 40453
14008.1, 1027, 1001, -9866, 1715, -42840, 18594, 10670, 40437
14013.9, 1113, 1365, -10455, 1098, -38618, 11287, 9463, 40427
14017.6, 1022, 1365, -10455, 1098, -38618, 11287, 9463, 40424
14023.3, 1094, 2019, -10497, 928, -33692, 7000, 8203, 40412
14027.0, 1038, 2019, -10497, 928, -33692, 7000, 8203, 40405
14032.7, 1122, 2415, -10301, 406, -28096, 5744, 7971, 40394
14036.4, 991, 2415, -10301, 406, -28096, 5744, 7971, 40391
14040.7, 1092, 2287, -10316, 303, -24929, 5954, 8176, 40391
14044.4, 1012, 2287, -10316, 303, -24929, 5954, 8176, 40383
14046.7, 20, 2287, -10316, 303, -24929, 5954, 8176, 40383
14050.9, 1094, 1963, -10134, 754, -21717, 10670, 8671, 40383
14054.6, 1026, 1963, -10134, 754, -21717, 10670, 8671, 40334
14056.9, 20, 1963, -10134, 754, -21717, 10670, 8671, 40334
14062.6, 1106, 1989, -10156, 1131, -18419, 12560, 9406, 40353
14066.3, 1044, 1989, -10156, 1131, -18419, 12560, 9406, 40361
14070.5, 1079, 2124, -10314, 1365, -14901, 14358, 10727, 40361
14074.3, 997, 2124, -10314, 1365, -14901, 14358, 10727, 40337
14076.5, 20, 2124, -10314, 1365, -14901, 14358, 10727, 40337
14080.8, 1079, 1945, -10147, 1314, -11563, 16375, 11038, 40337
14084.5, 988, 1945, -10147, 1314, -11563, 16375, 11038, 40322
14086.8, 19, 1945, -10147, 1314, -11563, 16375, 11038, 40322
14092.5, 1113, 1681, -9913, 1423, -9419, 15977, 9725, 40312
14096.3, 1039, 1681, -9913, 1423, -9419, 15977, 9725, 40316
14100.5, 1074, 1590, -9729, 1345, -8251, 15282, 8247, 40316
14104.3, 1019, 1590, -9729, 1345, -8251, 15282, 8247, 40294
14108.5, 1099, 1767, -9604, 1331, -6601, 13361, 7735, 40294
14112.2, 1042, 1767, -9604, 1331, -6601, 13361, 7735, 40245
14115.9, 1028, 1767, -9604, 1331, -6601, 13361, 7735, 40262
14120.2, 1097, 1926, -9614, 1168, -4703, 10753, 7778, 40262
14123.9, 1038, 1926, -9614, 1168, -4703, 10753, 7778, 40244
14128.1, 1077, 2014, -9719, 814, -3027, 9397, 7730, 40244
14131.9, 984, 2014, -9719, 814, -3027, 9397, 7730, 40240
14135.7, 1022, 2014, -9719, 814, -3027, 9397, 7730, 40250
14139.9, 1078, 1947, -9940, 588, -1789, 9450, 7109, 40250
14143.7, 1001, 1947, -9940, 588, -1789, 9450, 7109, 40204
14147.9, 1077, 1865, -9975, 568, -481, 8863, 6356, 40204
14151.6, 1005, 1865, -9975, 568, -481, 8863, 6356, 40192
14153.9, 20, 1865, -9975, 568, -481, 8863, 6356, 40192
14159.6, 1136, 2237, -10239, 181, 2585, 7778, 6265, 40194
14163.4, 1003, 2237, -10239, 181, 2585, 7778, 6265, 40172
14167.6, 1098, 1996, -9960, 795, 2856, 8610, 6571, 40172
14171.3, 1012, 1996, -9960, 795, 2856, 8610, 6571, 40165
14173.6, 22, 1996, -9960, 795, 2856, 8610, 6571, 40165
14179.3, 1116, 1922, -9998, 902, 4729, 4226, 5543, 40122
14183.0, 1040, 1922, -9998, 902, 4729, 4226, 5543, 40150
14188.7, 1096, 1789, -9873, 842, 5862, 546, 4637, 40137
14191.0, 23, 1789, -9873, 842, 5862, 546, 4637, 40137
14193.2, 2, 1789, -9873, 842, 5862, 546, 4637, 40137
14198.9, 1119, 1780, -9936, 600, 7157, -126, 4274, 40137
14201.2, 22, 1780, -9936, 600, 7157, -126, 4274, 40137
14205.5, 1062, 1814, -10080, 598, 7275, 2528, 4283, 40137
14209.2, 1032, 1814, -10080, 598, 7275, 2528, 4283, 40125
14211.5, 21, 1814, -10080, 598, 7275, 2528, 4283, 40125
14215.7, 1068, 1731, -10022, 737, 8050, 5385, 4278, 40125
14219.4, 1017, 1731, -10022, 737, 8050, 5385, 4278, 40116
14221.7, 19, 1731, -10022, 737, 8050, 5385, 4278, 40116
14227.5, 1132, 1661, -10196, 1106, 8618, 4816, 2852, 40107
14231.2, 1004, 1661, -10196, 1106, 8618, 4816, 2852, 40101
14235.4, 1093, 1808, -10269, 819, 10176, -188, 813, 40101
14239.1, 1020, 1808, -10269, 819, 10176, -188, 813, 40079
14241.4, 19, 1808, -10269, 819, 10176, -188, 813, 40079
14245.6, 1104, 1667, -10018, 877, 10228, -4663, -459, 40079
14249.3, 1020, 1667, -10018, 877, 10228, -4663, -459, 40071
14253.6, 1071, 1709, -10107, 1010, 11397, -10443, -888, 40071
14257.3, 1002, 1709, -10107, 1010, 11397, -10443, -888, 40068
14261.0, 1033, 1709, -10107, 1010, 11397, -10443, -888, 40049
14265.3, 1105, 1786, -10326, 905, 14105, -14787, -328, 40049
14269.1, 988, 1786, -10326, 905, 14105, -14787, -328, 40053
14273.3, 1051, 1939, -10283, 245, 17832, -16808, 183, 40053
14277.0, 1020, 1939, -10283, 245, 17832, -16808, 183, 40032
14280.8, 1063, 1939, -10283, 245, 17832, -16808, 183, 40022
14285.0, 1071, 1925, -10358, -407, 22951, -15614, -332, 40022
14288.8, 990, 1925, -10358, -407, 22951, -15614, -332, 40019
14293.0, 1116, 1802, -10427, -498, 24994, -13028, -2301, 40019
14296.7, 1037, 1802, -10427, -498, 24994, -13028, -2301, 40016
14300.4, 1012, 1802, -10427, -498, 24994, -13028, -2301, 40026
14304.7, 1093, 1529, -10292, 946, 26193, -13212, -4165, 40026
14308.4, 1040, 1529, -10292, 946, 26193, -13212, -4165, 40002
14312.6, 1078, 1529, -10529, 2277, 30756, -22977, -4125, 40002
14316.4, 993, 1529, -10529, 2277, 30756, -22977, -4125, 39975
14318.6, 21, 1529, -10529, 2277, 30756, -22977, -4125, 39975
14324.4, 1118, 2067, -10375, 1350, 33600, -42193, -3031, 39993
14328.1, 1046, 2067, -10375, 1350, 33600, -42193, -3031, 39984
14333.8, 1113, 2021, -10121, 177, 34409, -54360, -393, 39978
14337.5, 1016, 2021, -10121, 177, 34409, -54360, -393, 39966
14343.2, 1128, 2021, -10121, 177, 35026, -53629, 3574, 39974
14346.9, 1010, 2021, -10121, 177, 35026, -53629, 3574, 39927
14352.7, 1077, 1847, -10706, 1305, 35026, -48943, 6282, 39954
14356.4, 998, 1847, -10706, 1305, 35026, -48943, 6282, 39964
14360.7, 1059, 2464, -11474, 1420, 35376, -48943, 6282, 39964
14364.4, 987, 2464, -11474, 1420, 35376, -48943, 6282, 39956
14366.7, 19, 2464, -11474, 1420, 35376, -48943, 6282, 39956
14372.4, 1097, 2603, -11393, 2209, 28525, -19897, 7065, 39920
14376.2, 1026, 2603, -11393, 2209, 28525, -19897, 7065, 39967
14380.4, 1043, 2284, -10612, 3701, 28525, -19897, 7065, 39967
14384.2, 979, 2284, -10612, 3701, 28525, -19897, 7065, 39957
14386.4, 20, 2284, -10612, 3701, 28525, -19897, 7065, 39957
14390.7, 1059, 1365, -10372, 4636, 25725, -21385, 8150, 39957
14394.5, 981, 1365, -10372, 4636, 25725, -21385, 8150, 39957
14396.8, 19, 1365, -10372, 4636, 25725, -21385, 8150, 39957
14402.5, 1091, 902, -10206, 3694, 25296, -30192, 10552, 39997
14406.2, 1027, 902, -10206, 3694, 25296, -30192, 10552, 39961
14410.5, 1063, 1092, -10468, 2486, 28210, -38951, 14315, 39961
14414.2, 1013, 1092, -10468, 2486, 28210, -38951, 14315, 39966
14416.4, 22, 1092, -10468, 2486, 28210, -38951, 14315, 39966
14420.7, 1047, 1320, -10890, 1847, 35617, -47185, 17977, 39966
14424.5, 970, 1320, -10890, 1847, 35617, -47185, 17977, 39957
14428.7, 1073, 1818, -10950, 1936, 35617, -47185, 17977, 39957
14432.4, 1024, 1818, -10950, 1936, 35617, -47185, 17977, 39978
14436.2, 1014, 1818, -10950, 1936, 35617, -47185, 17977, 39980
14440.4, 1073, 2410, -10545, 1396, 40386, -42652, 15155, 39980
14444.2, 998, 2410, -10545, 1396, 40386, -42652, 15155, 39987
14448.4, 1108, 2169, -10409, -330, 40386, -42652, 15155, 39987
14452.1, 996, 2169, -10409, -330, 40386, -42652, 15155, 39980
14455.9, 984, 2169, -10409, -330, 40386, -42652, 15155, 39966
14460.2, 1068, 1131, -10783, 1263, 40044, 13483, 7905, 39966
14463.9, 1038, 1131, -10783, 1263, 40044, 13483, 7905, 39960
14468.2, 1088, 700, -11111, 2682, 40044, 13483, 7905, 39960
14471.9, 1010, 700, -11111, 2682, 40044, 13483, 7905, 39957
14475.6, 991, 700, -11111, 2682, 40044, 13483, 7905, 39930
14479.9, 1075, 1218, -10441, 2908, 45032, -3889, 1968, 39930
14483.6, 1017, 1218, -10441, 2908, 45032, -3889, 1968, 39960
14487.9, 1067, 1578, -9793, 2276, 45032, -3889, 1968, 39960
14491.7, 973, 1578, -9793, 2276, 45032, -3889, 1968, 39954
14495.4, 1044, 1578, -9793, 2276, 45032, -3889, 1968, 39950
14499.7, 1064, 1899, -9726, 1014, 54714, -31089, 8570, 39950
14503.4, 1026, 1899, -9726, 1014, 54714, -31089, 8570, 40016
14507.7, 1073, 2231, -10219, 1014, 54714, -31089, 8570, 40016
14511.4, 988, 2231, -10219, 1014, 54714, -31089, 8570, 39932
14515.6, 1081, 2329, -11140, 1765, 59159, -36789, 7503, 39932
14519.3, 1059, 2329, -11140, 1765, 59159, -36789, 7503, 39917
14521.6, 22, 2329, -11140, 1765, 59159, -36789, 7503, 39917
14525.8, 1093, 2241, -11334, 1418, 61110, -34654, 3014, 39917
14529.5, 1031, 2241, -11334, 1418, 61110, -34654, 3014, 39910
14531.8, 21, 2241, -11334, 1418, 61110, -34654, 3014, 39910
14537.5, 1110, 2091, -10721, 2035, 63079, -19469, -3408, 39907
14541.2, 1027, 2091, -10721, 2035, 63079, -19469, -3408, 39902
14545.5, 1076, 1654, -9486, 3359, 65087, 831, -8553, 39902
14549.2, 1028, 1654, -9486, 3359, 65087, 831, -8553, 39978
14551.4, 21, 1654, -9486, 3359, 65087, 831, -8553, 39978
14555.7, 1085, 1310, -8714, 4104, 66199, 8430, -10806, 39978
14559.5, 1018, 1310, -8714, 4104, 66199, 8430, -10806, 39876
14561.7, 20, 1310, -8714, 4104, 66199, 8430, -10806, 39876
14567.5, 1113, 1314, -9055, 3251, 66212, 4217, -10390, 39866
14571.2, 1031, 1314, -9055, 3251, 66212, 4217, -10390, 39847
14575.4, 1091, 1631, -10188, 3259, 69200, -4598, -9393, 39847
14579.2, 1005, 1631, -10188, 3259, 69200, -4598, -9393, 39838
14581.4, 22, 1631, -10188, 3259, 69200, -4598, -9393, 39838
14585.7, 1091, 2076, -11059, 2736, 71217, -18287, -10189, 39838
14589.4, 1033, 2076, -11059, 2736, 71217, -18287, -10189, 39814
14593.6, 1068, 2475, -11035, 3074, 73264, -29435, -11725, 39814
14597.4, 1029, 2475, -11035, 3074, 73264, -29435, -11725, 39206
14601.2, 1001, 2475, -11035, 3074, 73264, -29435, -11725, 39778
14605.4, 1091, 2656, -10913, 4823, 76546, -32436, -13807, 39778
14609.1, 1027, 2656, -10913, 4823, 76546, -32436, -13807, 39189
14613.4, 1071, 2465, -10221, 5100, 77023, -28914, -15815, 39189
14617.1, 1021, 2465, -10221, 5100, 77023, -28914, -15815, 39182
14620.9, 997, 2465, -10221, 5100, 77023, -28914, -15815, 39136
14625.1, 1113, 2286, -9401, 5717, 79324, -22089, -16476, 39136
14628.8, 1065, 2286, -9401, 5717, 79324, -22089, -16476, 39169
14633.0, 1086, 1533, -9293, 3708, 77985, -14433, -15041, 39169
14636.8, 1015, 1533, -9293, 3708, 77985, -14433, -15041, 39136
14640.5, 1034, 1533, -9293, 3708, 77985, -14433, -15041, 39128
14644.7, 1083, 946, -9925, 3084, 79556, -2699, -13046, 39128
14648.5, 1024, 946, -9925, 3084, 79556, -2699, -13046, 39081
14652.7, 1106, 1564, -10955, 3726, 82360, -914, -14253, 39081
14656.4, 1027, 1564, -10955, 3726, 82360, -914, -14253, 39101
14658.7, 21, 1564, -10955, 3726, 82360, -914, -14253, 39101
14664.4, 1104, 2614, -11408, 5735, 85436, -14910, -20064, 39088
14668.1, 1033, 2614, -11408, 5735, 85436, -14910, -20064, 39075
14673.9, 1140, 3223, -10537, 7828, 84469, -31719, -23498, 39098
14676.1, 25, 3223, -10537, 7828, 84469, -31719, -23498, 39098
14678.4, 2, 3223, -10537, 7828, 84469, -31719, -23498, 39098
14684.1, 1142, 2910, -9281, 7691, 79359, -41401, -19749, 39049
14686.3, 24, 2910, -9281, 7691, 79359, -41401, -19749, 39049
14690.6, 1059, 2321, -8602, 6322, 73133, -36894, -12407, 39049
14694.3, 1033, 2321, -8602, 6322, 73133, -36894, -12407, 39057
14696.6, 21, 2321, -8602, 6322, 73133, -36894, -12407, 39057
14702.3, 1124, 1195, -8848, 4460, 67896, -13173, -8588, 39059
14706.0, 1030, 1195, -8848, 4460, 67896, -13173, -8588, 39038
14710.3, 1122, 1056, -10067, 4523, 68189, 11020, -13807, 39038
14714.0, 1052, 1056, -10067, 4523, 68189, 11020, -13807, 39037
14716.3, 22, 1056, -10067, 4523, 68189, 11020, -13807, 39037
14720.5, 1108, 1792, -10607, 5498, 71256, 16690, -27125, 39037
14724.2, 1052, 1792, -10607, 5498, 71256, 16690, -27125, 39025
14726.5, 22, 1792, -10607, 5498, 71256, 16690, -27125, 39025
14730.7, 1115, 2645, -10095, 5468, 75478, -7135, -36829, 39025
14734.4, 1016, 2645, -10095, 5468, 75478, -7135, -36829, 39015
14738.7, 1083, 3578, -9296, 6815, 80628, -45155, -31719, 39015
14742.4, 1013, 3578, -9296, 6815, 80628, -45155, -31719, 39011
14746.2, 1019, 3578, -9296, 6815, 80628, -45155, -31719, 38960
14750.5, 1072, 4281, -9238, 6533, 83590, -78523, -16655, 38960
14754.6, 689, 4281, -9238, 6533, 83590, -78523, -16655, 39014
14758.8, 1081, 3716, -9337, 5852, 85598, -89496, -5035, 39014
14762.5, 1040, 3716, -9337, 5852, 85598, -89496, -5035, 38997
14766.2, 1039, 3716, -9337, 5852, 85598, -89496, -5035, 38983
14770.5, 1083, 1708, -9760, 4226, 88105, -66168, -2113, 38983
14774.2, 1050, 1708, -9760, 4226, 88105, -66168, -2113, 38965
14778.4, 1102, 343, -9829, 3133, 91508, -32309, -10176, 38965
14782.1, 1021, 343, -9829, 3133, 91508, -32309, -10176, 38949
14785.9, 1051, 343, -9829, 3133, 91508, -32309, -10176, 38930
14790.1, 1100, 304, -10031, 5008, 95385, -16266, -27134, 38930
14793.8, 1034, 304, -10031, 5008, 95385, -16266, -27134, 38921
14798.0, 1075, 1699, -9477, 5707, 99305, -32528, -44065, 38921
14801.7, 1001, 1699, -9477, 5707, 99305, -32528, -44065, 38847
14805.5, 1050, 1699, -9477, 5707, 99305, -32528, -44065, 38927
14809.7, 1087, 3742, -8848, 6650, 101978, -68933, -51835, 38927
14813.5, 1013, 3742, -8848, 6650, 101978, -68933, -51835, 38921
14817.7, 1100, 4373, -8072, 6818, 104183, -99292, -45868, 38921
14821.4, 1015, 4373, -8072, 6818, 104183, -99292, -45868, 38906
14823.7, 20, 4373, -8072, 6818, 104183, -99292, -45868, 38906
14829.4, 1130, 3556, -8256, 5237, 104078, -101243, -32533, 38853
14831.7, 25, 3556, -8256, 5237, 104078, -101243, -32533, 38853
14837.4, 1087, 2120, -8797, 4063, 104371, -72888, -25633, 38922
14841.1, 973, 2120, -8797, 4063, 104371, -72888, -25633, 38885
14843.4, 20, 2120, -8797, 4063, 104371, -72888, -25633, 38885
14849.2, 1111, 1900, -9618, 4506, 104800, -45951, -35958, 38865
14851.4, 24, 1900, -9618, 4506, 104800, -45951, -35958, 38865
14855.7, 1100, 1848, -9416, 5027, 107827, -40145, -57532, 38865
14859.4, 1048, 1848, -9416, 5027, 107827, -40145, -57532, 38864
14861.7, 21, 1848, -9416, 5027, 107827, -40145, -57532, 38864
14867.4, 1097, 2504, -8689, 4147, 110085, -46314, -71843, 38853
14871.2, 1068, 2504, -8689, 4147, 110085, -46314, -71843, 38838
14875.4, 1096, 3275, -8033, 4794, 113415, -52872, -73229, 38838
14879.2, 1011, 3275, -8033, 4794, 113415, -52872, -73229, 38826
14881.4, 22, 3275, -8033, 4794, 113415, -52872, -73229, 38826
14885.7, 1076, 3917, -7570, 6628, 115536, -55397, -68465, 38826
14889.4, 999, 3917, -7570, 6628, 115536, -55397, -68465, 38818
14891.7, 20, 3917, -7570, 6628, 115536, -55397, -68465, 38818
14897.4, 1148, 3967, -7368, 5426, 115580, -59448, -64930, 38819
14901.2, 1050, 3967, -7368, 5426, 115580, -59448, -64930, 38816
14905.4, 1078, 4171, -7268, 5443, 115974, -58096, -65639, 38816
14909.2, 1027, 4171, -7268, 5443, 115974, -58096, -65639, 38831
14913.4, 1074, 4171, -7268, 5443, 117873, -48852, -68456, 38831
14917.1, 1077, 4171, -7268, 5443, 117873, -48852, -68456, 38853
14920.8, 1062, 4171, -7268, 5443, 117873, -48852, -68456, 38834
14925.1, 1118, 3868, -7259, 4274, 120681, -40276, -69996, 38834
14928.8, 1024, 3868, -7259, 4274, 120681, -40276, -69996, 38834
14933.1, 1046, 3868, -7259, 4274, 123385, -25209, -72319, 38834
14936.8, 1011, 3868, -7259, 4274, 123385, -25209, -72319, 38786
14940.5, 1091, 3868, -7259, 4274, 123385, -25209, -72319, 38816
14944.7, 1103, 2519, -7586, 3059, 127017, -669, -77635, 38816
14948.5, 1002, 2519, -7586, 3059, 127017, -669, -77635, 38807
14952.7, 1084, 2519, -7586, 3059, 134988, 11488, -88328, 38807
14956.4, 1012, 2519, -7586, 3059, 134988, 11488, -88328, 38815
14958.7, 20, 2519, -7586, 3059, 134988, 11488, -88328, 38815
14964.4, 1139, 3870, -6421, 5794, 137057, 5604, -98198, 38809
14968.1, 1061, 3870, -6421, 5794, 137057, 5604, -98198, 38798
14973.9, 1085, 4916, -5271, 6915, 134660, -12280, -98382, 38780
14977.6, 988, 4916, -5271, 6915, 134660, -12280, -98382, 38793
14983.3, 1140, 5514, -4527, 5400, 133002, -30586, -89198, 38796
14987.1, 1024, 5514, -4527, 5400, 133002, -30586, -89198, 38812
14992.8, 1087, 5514, -4527, 5400, 133002, -30586, -89198, 38806
14996.5, 1036, 5514, -4527, 5400, 133002, -30586, -89198, 38813
15000.7, 1085, 5634, -4610, 3921, 133474, -40324, -78606, 38813
15004.4, 994, 5634, -4610, 3921, 133474, -40324, -78606, 38849
15006.7, 20, 5634, -4610, 3921, 133474, -40324, -78606, 38849
15010.9, 1102, 4317, -4633, 3611, 137136, -23021, -73641, 38849
15014.6, 1068, 4317, -4633, 3611, 137136, -23021, -73641, 38808
15016.9, 23, 4317, -4633, 3611, 137136, -23021, -73641, 38808
15022.6, 1107, 2362, -4661, 2544, 141393, 18357, -75990, 38813
15026.3, 1035, 2362, -4661, 2544, 141393, 18357, -75990, 38806
15030.6, 1087, 1733, -4034, 4703, 143126, 56613, -86770, 38806
15034.3, 1003, 1733, -4034, 4703, 143126, 56613, -86770, 38799
15036.6, 22, 1733, -4034, 4703, 143126, 56613, -86770, 38799
15040.9, 1061, 2359, -3403, 4881, 143344, 69309, -101803, 38799
15044.6, 1044, 2359, -3403, 4881, 143344, 69309, -101803, 38803
15046.9, 22, 2359, -3403, 4881, 143344, 69309, -101803, 38803
15052.6, 1103, 3834, -2209, 6198, 143344, 29514, -110461, 38807
15056.3, 1027, 3834, -2209, 6198, 143344, 29514, -110461, 38805
15060.6, 1057, 5307, -979, 6254, 143344, 29514, -99948, 38805
15064.3, 1065, 5307, -979, 6254, 143344, 29514, -99948, 38809
15068.5, 1116, 5883, -203, 6202, 143344, 7507, -99948, 38809
15072.2, 1047, 5883, -203, 6202, 143344, 7507, -99948, 38800
15075.9, 1040, 5883, -203, 6202, 143344, 7507, -99948, 38813
15080.2, 1090, 5254, -168, 5618, 140291, 2808, -90358, 38813
15083.9, 1006, 5254, -168, 5618, 140291, 2808, -90358, 38814
15088.1, 1072, 4398, -708, 6801, 141971, 21140, -89570, 38814
15091.9, 999, 4398, -708, 6801, 141971, 21140, -89570, 38812
15095.7, 1032, 4398, -708, 6801, 141971, 21140, -89570, 38842
15099.9, 1099, 3530, -42, 7058, 143231, 56053, -94169, 38842
15103.7, 1040, 3530, -42, 7058, 143231, 56053, -94169, 38771
15107.9, 1073, 3800, 545, 7291, 143318, 73203, -96220, 38771
15111.6, 988, 3800, 545, 7291, 143318, 73203, -96220, 38832
15113.9, 20, 3800, 545, 7291, 143318, 73203, -96220, 38832
15119.6, 1132, 4704, 732, 8526, 143344, 66155, -91719, 38845
15123.4, 1038, 4704, 732, 8526, 143344, 66155, -91719, 38810
15127.6, 1072, 5499, 501, 8945, 143344, 48615, -81503, 38810
15131.4, 981, 5499, 501, 8945, 143344, 48615, -81503, 38812
15133.7, 19, 5499, 501, 8945, 143344, 48615, -81503, 38812
15139.4, 1132, 5691, -195, 8854, 143344, 29964, -71269, 38824
15143.1, 1076, 5691, -195, 8854, 143344, 29964, -71269, 38832
15148.9, 1110, 5225, -232, 7934, 143309, 27930, -63819, 38841
15152.6, 980, 5225, -232, 7934, 143309, 27930, -63819, 38842
15158.3, 1176, 4674, -121, 8695, 142749, 35416, -60734, 38830
15162.0, 1053, 4674, -121, 8695, 142749, 35416, -60734, 38828
15167.8, 988, 3988, 332, 7884, 142084, 44420, -61810, 38848
15171.5, 937, 3988, 332, 7884, 142084, 44420, -61810, 38808
15175.8, 1088, 3619, 926, 8204, 141656, 52964, -62069, 38808
15179.5, 1065, 3619, 926, 8204, 141656, 52964, -62069, 38801
15181.8, 22, 3619, 926, 8204, 141656, 52964, -62069, 38801
15187.5, 1022, 3391, 1536, 9750, 141612, 53135, -57925, 38785
15191.3, 935, 3391, 1536, 9750, 141612, 53135, -57925, 38771
15195.5, 1088, 3281, 1141, 10277, 142036, 41554, -51914, 38771
15199.3, 1057, 3281, 1141, 10277, 142036, 41554, -51914, 38767
15201.5, 22, 3281, 1141, 10277, 142036, 41554, -51914, 38767
15205.8, 1072, 3717, 934, 9208, 139661, 27160, -47242, 38767
15209.5, 995, 3717, 934, 9208, 139661, 27160, -47242, 38801
15211.7, 23, 3717, 934, 9208, 139661, 27160, -47242, 38801
15217.5, 1172, 4229, 1058, 8973, 137596, 17929, -45203, 38934
15221.2, 1028, 4229, 1058, 8973, 137596, 17929, -45203, 38946
15225.5, 1073, 4389, 1777, 8556, 132761, 12718, -43483, 38946
15229.2, 937, 4389, 1777, 8556, 132761, 12718, -43483, 38920
15233.5, 1044, 4180, 2224, 8471, 130328, 13505, -40561, 38920
15237.2, 1064, 4180, 2224, 8471, 130328, 13505, -40561, 38901
15241.0, 987, 4180, 2224, 8471, 130328, 13505, -40561, 38894
15245.2, 1098, 3862, 2270, 7941, 126680, 22724, -36295, 38894
15248.9, 996, 3862, 2270, 7941, 126680, 22724, -36295, 38878
15253.2, 1079, 3112, 1837, 8388, 125267, 34598, -31867, 38878
15256.9, 1032, 3112, 1837, 8388, 125267, 34598, -31867, 38878
15260.6, 1021, 3112, 1837, 8388, 125267, 34598, -31867, 38806
15264.8, 1080, 2939, 1718, 8150, 124851, 40832, -28297, 38806
15268.6, 992, 2939, 1718, 8150, 124851, 40832, -28297, 38846
15272.8, 1102, 2713, 2088, 8270, 130495, 33198, -28022, 38846
15276.5, 1045, 2713, 2088, 8270, 130495, 33198, -28022, 38839
15278.8, 22, 2713, 2088, 8270, 130495, 33198, -28022, 38839
15284.5, 1121, 3065, 2503, 8097, 129143, 20304, -26731, 38828
15288.2, 1023, 3065, 2503, 8097, 129143, 20304, -26731, 38834
15293.9, 1091, 4579, 3478, 7170, 125577, 8833, -25550, 38796
15297.6, 1095, 4579, 3478, 7170, 125577, 8833, -25550, 38778
15303.4, 1125, 5348, 3978, 7605, 123429, 3504, -27418, 38748
15307.1, 859, 5348, 3978, 7605, 123429, 3504, -27418, 38714
15312.9, 1132, 5315, 4331, 7502, 118131, 8737, -27151, 38706
15316.6, 985, 5315, 4331, 7502, 118131, 8737, -27151, 38706
15320.8, 1089, 4339, 4205, 7487, 109844, 23564, -19530, 38706
15324.5, 1049, 4339, 4205, 7487, 109844, 23564, -19530, 38663
15326.8, 22, 4339, 4205, 7487, 109844, 23564, -19530, 38663
15332.5, 1073, 3148, 4003, 7717, 103999, 38054, -7783, 38663
15336.2, 996, 3148, 4003, 7717, 103999, 38054, -7783, 38666
15340.5, 1069, 2184, 3440, 6877, 96916, 49657, -30, 38666
15344.2, 1009, 2184, 3440, 6877, 96916, 49657, -30, 38653
15346.4, 22, 2184, 3440, 6877, 96916, 49657, -30, 38653
15350.7, 1084, 2126, 3355, 6536, 93867, 59925, -354, 38653
15354.5, 1018, 2126, 3355, 6536, 93867, 59925, -354, 38652
15356.8, 21, 2126, 3355, 6536, 93867, 59925, -354, 38652
15362.5, 1024, 2187, 3157, 6658, 106926, 57702, -7341, 38670
15366.2, 1037, 2187, 3157, 6658, 106926, 57702, -7341, 38663
15370.5, 1108, 2437, 4197, 7338, 115869, 40058, -14035, 38663
15374.2, 1030, 2437, 4197, 7338, 115869, 40058, -14035, 38684
15376.4, 23, 2437, 4197, 7338, 115869, 40058, -14035, 38684
15380.7, 1080, 2956, 5073, 10022, 115449, 18979, -15500, 38684
15384.4, 1010, 2956, 5073, 10022, 115449, 18979, -15500, 38650
15388.6, 1069, 3655, 5572, 8608, 111253, 9743, -13361, 38650
15392.4, 1006, 3655, 5572, 8608, 111253, 9743, -13361, 38706
15396.1, 1026, 3655, 5572, 8608, 111253, 9743, -13361, 38709
15400.3, 1118, 4294, 4929, 6827, 103816, 17684, -13610, 38709
15404.0, 1068, 4294, 4929, 6827, 103816, 17684, -13610, 38743
15408.2, 1086, 4569, 4716, 6262, 95919, 33727, -15216, 38743
15412.0, 999, 4569, 4716, 6262, 95919, 33727, -15216, 38758
15415.7, 1014, 4569, 4716, 6262, 95919, 33727, -15216, 38775
15420.0, 1074, 4497, 4664, 7124, 91123, 42031, -13453, 38775
15423.7, 1020, 4497, 4664, 7124, 91123, 42031, -13453, 38726
15427.9, 1127, 4256, 4733, 6756, 86665, 37131, -7831, 38726
15431.6, 933, 4256, 4733, 6756, 86665, 37131, -7831, 38802
15435.4, 1050, 4256, 4733, 6756, 86665, 37131, -7831, 38783
15439.6, 1147, 3351, 4593, 6744, 85488, 30594, -2541, 38783
15443.3, 1025, 3351, 4593, 6744, 85488, 30594, -2541, 38834
15449.0, 1119, 2679, 5361, 7741, 83371, 33303, -826, 38842
15452.8, 1048, 2679, 5361, 7741, 83371, 33303, -826, 38862
15458.5, 1091, 1880, 5606, 8179, 77631, 43750, -2835, 38865
15462.2, 1023, 1880, 5606, 8179, 77631, 43750, -2835, 38899
15467.9, 1096, 1311, 5024, 7500, 83345, 50440, -10539, 38919
15471.6, 1020, 1311, 5024, 7500, 83345, 50440, -10539, 38932
15475.9, 1083, 942, 5206, 6237, 89890, 46572, -21656, 38932
15479.6, 1028, 942, 5206, 6237, 89890, 46572, -21656, 38994
15481.9, 20, 942, 5206, 6237, 89890, 46572, -21656, 38994
15487.6, 1055, 2362, 5337, 7098, 92860, 31837, -30782, 38982
15491.3, 937, 2362, 5337, 7098, 92860, 31837, -30782, 39008
15495.6, 1107, 3920, 5882, 7194, 96514, 5499, -34160, 39008
15499.3, 1089, 3920, 5882, 7194, 96514, 5499, -34160, 39024
15501.6, 22, 3920, 5882, 7194, 96514, 5499, -34160, 39024
15505.9, 1042, 4457, 6006, 6510, 99086, -20050, -32944, 39024
15509.6, 1008, 4457, 6006, 6510, 99086, -20050, -32944, 39070
15511.9, 21, 4457, 6006, 6510, 99086, -20050, -32944, 39070
15517.6, 1083, 3899, 6315, 6370, 96461, -21477, -30861, 39087
15521.3, 1001, 3899, 6315, 6370, 96461, -21477, -30861, 39114
15525.6, 1081, 3549, 7012, 6163, 88148, 8260, -28910, 39114
15529.3, 1011, 3549, 7012, 6163, 88148, 8260, -28910, 39161
15531.6, 21, 3549, 7012, 6163, 88148, 8260, -28910, 39161
15535.9, 1054, 3588, 7142, 6034, 78567, 43278, -28700, 39161
15539.6, 1030, 3588, 7142, 6034, 78567, 43278, -28700, 39193
15543.8, 1082, 3588, 7142, 6034, 78567, 56635, -29361, 39193
15547.6, 1026, 3588, 7142, 6034, 78567, 56635, -29361, 39237
15551.3, 1024, 3588, 7142, 6034, 78567, 56635, -29361, 39278
15555.5, 1084, 3056, 6881, 5778, 71086, 51542, -28875, 39278
15559.3, 983, 3056, 6881, 5778, 71086, 51542, -28875, 39270
15563.5, 1095, 3056, 6881, 5778, 71086, 37857, -27173, 39270
15567.2, 1043, 3056, 6881, 5778, 71086, 37857, -27173, 39338
15570.9, 1029, 3056, 6881, 5778, 71086, 37857, -27173, 39371
15575.2, 1083, 2199, 6807, 7823, 80269, 16651, -25165, 39371
15578.9, 997, 2199, 6807, 7823, 80269, 16651, -25165, 39391
15583.1, 1082, 2199, 6807, 7823, 80269, 16651, -24115, 39391
15586.9, 989, 2199, 6807, 7823, 80269, 16651, -24115, 39369
15590.7, 1050, 2199, 6807, 7823, 80269, 16651, -24115, 39419
15594.9, 1076, 2382, 6745, 6884, 76970, -2266, -27807, 39419
15598.7, 990, 2382, 6745, 6884, 76970, -2266, -27807, 39369
15602.9, 1072, 2382, 6745, 6884, 76970, -664, -37538, 39369
15606.6, 999, 2382, 6745, 6884, 76970, -664, -37538, 39449
15608.9, 21, 2382, 6745, 6884, 76970, -664, -37538, 39449
15614.6, 1104, 3948, 7505, 4761, 69874, 481, -44297, 39466
15618.4, 1021, 3948, 7505, 4761, 69874, 481, -44297, 39465
15622.6, 1074, 3948, 7505, 4761, 69874, 481, -41786, 39465
15626.3, 1022, 3948, 7505, 4761, 69874, 481, -41786, 39508
15628.6, 23, 3948, 7505, 4761, 69874, 481, -41786, 39508
15634.3, 1114, 3375, 7816, 4807, 71488, 4186, -35031, 39507
15638.0, 1001, 3375, 7816, 4807, 71488, 4186, -35031, 38802
15643.7, 1126, 3375, 7816, 4807, 71488, 4186, -30008, 39531
15646.0, 24, 3375, 7816, 4807, 71488, 4186, -30008, 39531
15648.2, 3, 3375, 7816, 4807, 71488, 4186, -30008, 39531
15654.0, 1133, 2623, 8039, 6359, 67131, 27374, -29247, 39557
15656.2, 23, 2623, 8039, 6359, 67131, 27374, -29247, 39557
15660.5, 1060, 1665, 8076, 6440, 67131, 27374, -29247, 39557
15664.2, 988, 1665, 8076, 6440, 67131, 27374, -29247, 39572
15666.5, 20, 1665, 8076, 6440, 67131, 27374, -29247, 39572
15670.7, 1054, 1104, 7660, 5592, 68312, 37765, -32716, 39572
15674.4, 1022, 1104, 7660, 5592, 68312, 37765, -32716, 39632
15676.7, 20, 1104, 7660, 5592, 68312, 37765, -32716, 39632
15682.5, 1124, 1690, 7242, 5970, 67187, 37804, -37783, 39632
15686.2, 1004, 1690, 7242, 5970, 67187, 37804, -37783, 39679
15690.4, 1088, 2630, 7207, 6245, 69034, 20352, -41694, 39679
15694.1, 1015, 2630, 7207, 6245, 69034, 20352, -41694, 39709
15696.4, 20, 2630, 7207, 6245, 69034, 20352, -41694, 39709
15700.6, 1086, 3067, 6963, 5239, 66614, -8216, -43807, 39709
15704.3, 990, 3067, 6963, 5239, 66614, -8216, -43807, 39724
15708.5, 1098, 3111, 7514, 5283, 67332, -24894, -45281, 39724
15712.3, 995, 3111, 7514, 5283, 67332, -24894, -45281, 39782
15716.0, 1045, 3111, 7514, 5283, 67332, -24894, -45281, 39820
15720.3, 1090, 2296, 8280, 5732, 64164, -21398, -43151, 39820
15724.0, 1025, 2296, 8280, 5732, 64164, -21398, -43151, 39855
15728.2, 1093, 1649, 9013, 4934, 58026, 161, -35875, 39855
15731.9, 1031, 1649, 9013, 4934, 58026, 161, -35875, 39888
15735.7, 1000, 1649, 9013, 4934, 58026, 161, -35875, 39885
15739.9, 1089, 1479, 8575, 4288, 54307, 23984, -29019, 39885
15743.6, 1017, 1479, 8575, 4288, 54307, 23984, -29019, 39904
15747.8, 1080, 1601, 8249, 4119, 52387, 35761, -28398, 39904
15751.6, 983, 1601, 8249, 4119, 52387, 35761, -28398, 39909
15753.8, 22, 1601, 8249, 4119, 52387, 35761, -28398, 39909
15759.5, 1137, 969, 7573, 4158, 52321, 33268, -32213, 39916
15763.3, 958, 969, 7573, 4158, 52321, 33268, -32213, 39920
15769.0, 1104, 707, 7517, 4470, 57138, 22413, -36702, 39921
15772.7, 1031, 707, 7517, 4470, 57138, 22413, -36702, 39937
15778.4, 1129, 533, 7674, 6336, 61719, 5534, -40955, 39942
15782.2, 976, 533, 7674, 6336, 61719, 5534, -40955, 39967
15787.9, 1102, 598, 7991, 6154, 58468, -10342, -39957, 39957
15791.6, 1011, 598, 7991, 6154, 58468, -10342, -39957, 39968
15797.3, 1094, 238, 8118, 4622, 55388, -13020, -36098, 39958
15801.0, 984, 238, 8118, 4622, 55388, -13020, -36098, 39950
15803.3, 21, 238, 8118, 4622, 55388, -13020, -36098, 39950
15809.0, 1093, 577, 8380, 3488, 49670, -1706, -34580, 39955
15811.3, 22, 577, 8380, 3488, 49670, -1706, -34580, 39955
15815.5, 1079, 1047, 8320, 3999, 47653, 5551, -36006, 39955
15819.2, 1014, 1047, 8320, 3999, 47653, 5551, -36006, 39999
15821.5, 19, 1047, 8320, 3999, 47653, 5551, -36006, 39999
15825.7, 1072, 1712, 8077, 5066, 49600, 4383, -37441, 39999
15829.4, 1033, 1712, 8077, 5066, 49600, 4383, -37441, 39965
15831.7, 20, 1712, 8077, 5066, 49600, 4383, -37441, 39965
15835.9, 1102, 1962, 8112, 4716, 54001, -3023, -36960, 39965
15839.6, 1019, 1962, 8112, 4716, 54001, -3023, -36960, 39963
15841.9, 20, 1962, 8112, 4716, 54001, -3023, -36960, 39963
15847.6, 1095, 2166, 7899, 4196, 56110, -6020, -33254, 39964
15851.3, 1015, 2166, 7899, 4196, 56110, -6020, -33254, 39973
15855.6, 1066, 1754, 7716, 4895, 51809, -21, -27195, 39973
15859.3, 1013, 1754, 7716, 4895, 51809, -21, -27195, 39989
15861.5, 22, 1754, 7716, 4895, 51809, -21, -27195, 39989
15865.7, 1081, 460, 7530, 4500, 44853, 10040, -25331, 39989
15869.5, 997, 460, 7530, 4500, 44853, 10040, -25331, 39887
15873.7, 1074, -778, 8408, 4121, 39043, 24872, -23979, 39887
15877.4, 1071, -778, 8408, 4121, 39043, 24872, -23979, 39902
15881.1, 999, -778, 8408, 4121, 39043, 24872, -23979, 39859
15885.4, 1075, -982, 8948, 3330, 38671, 30454, -19801, 39859
15889.1, 997, -982, 8948, 3330, 38671, 30454, -19801, 39856
15893.4, 1088, 559, 8660, 3611, 39279, 20295, -16686, 39856
15897.1, 1015, 559, 8660, 3611, 39279, 20295, -16686, 39846
15900.8, 1023, 559, 8660, 3611, 39279, 20295, -16686, 39848
15905.0, 1032, 1176, 9120, 3898, 38693, 4628, -12530, 39848
15908.8, 984, 1176, 9120, 3898, 38693, 4628, -12530, 39833
15913.0, 1088, 1390, 8367, 4394, 39747, -6505, -7643, 39833
15916.7, 992, 1390, 8367, 4394, 39747, -6505, -7643, 39790
15920.5, 991, 1390, 8367, 4394, 39747, -6505, -7643, 39828
15924.7, 1084, 1690, 8170, 3707, 38854, -8426, -5175, 39828
15928.4, 1020, 1690, 8170, 3707, 38854, -8426, -5175, 39815
15932.7, 1074, 1112, 8097, 4163, 31933, 9603, -4873, 39815
15936.4, 986, 1112, 8097, 4163, 31933, 9603, -4873, 39810
15938.7, 22, 1112, 8097, 4163, 31933, 9603, -4873, 39810
15944.4, 1078, -852, 8956, 4424, 23555, 29422, -6291, 39780
15948.2, 1007, -852, 8956, 4424, 23555, 29422, -6291, 39787
15953.9, 1095, -625, 9744, 1783, 18699, 44078, -6930, 39775
15957.6, 1011, -625, 9744, 1783, 18699, 44078, -6930, 39765
15963.3, 1101, -322, 8636, 2590, 18384, 46725, -78, 39747
15965.6, 24, -322, 8636, 2590, 18384, 46725, -78, 39747
15967.9, 4, -322, 8636, 2590, 18384, 46725, -78, 39747
15973.6, 1091, 949, 8724, 2499, 26880, 41711, 682, 39734
15975.8, 25, 949, 8724, 2499, 26880, 41711, 682, 39734
15978.1, 4, 949, 8724, 2499, 26880, 41711, 682, 39734
15983.8, 1090, 1671, 8417, 3241, 35324, 27856, 441, 39727
15986.1, 24, 1671, 8417, 3241, 35324, 27856, 441, 39727
15990.4, 1043, 2190, 8443, 3189, 40504, 18952, -1399, 39727
15994.1, 1041, 2190, 8443, 3189, 40504, 18952, -1399, 39704
15996.4, 21, 2190, 8443, 3189, 40504, 18952, -1399, 39704
16000.6, 1103, 1515, 9029, 3899, 38176, 18760, -2926, 39704
16004.3, 1046, 1515, 9029, 3899, 38176, 18760, -2926, 39692
16006.6, 22, 1515, 9029, 3899, 38176, 18760, -2926, 39692
16010.8, 1116, 432, 9799, 3558, 30262, 22829, -538, 39692
16014.5, 1031, 432, 9799, 3558, 30262, 22829, -538, 39682
16016.8, 22, 432, 9799, 3558, 30262, 22829, -538, 39682
16022.5, 1140, -653, 9870, 3834, 23279, 39524, 581, 39667
16026.2, 1049, -653, 9870, 3834, 23279, 39524, 581, 39647
16030.5, 1091, -519, 10041, 2106, 32664, 44752, -2874, 39647
16034.2, 1009, -519, 10041, 2106, 32664, 44752, -2874, 39631
16036.5, 21, -519, 10041, 2106, 32664, 44752, -2874, 39631
16040.8, 1068, 9, 9999, 2857, 36199, 34768, -7056, 39631
16044.5, 1065, 9, 9999, 2857, 36199, 34768, -7056, 39609
16048.7, 1086, 687, 9260, 3202, 36278, 19989, -13278, 39609
16052.5, 1036, 687, 9260, 3202, 36278, 19989, -13278, 39600
16056.2, 1049, 687, 9260, 3202, 36278, 19989, -13278, 39600
16060.4, 1092, 1633, 9462, 3101, 38421, 15715, -16095, 39600
16064.2, 1012, 1633, 9462, 3101, 38421, 15715, -16095, 39591
16068.4, 1107, 2027, 9503, 2206, 37231, 24093, -15155, 39591
16072.1, 1023, 2027, 9503, 2206, 37231, 24093, -15155, 39574
16075.9, 1022, 2027, 9503, 2206, 37231, 24093, -15155, 39574
16080.1, 1110, 1765, 9059, 3597, 30726, 31417, -10924, 39574
16083.8, 1056, 1765, 9059, 3597, 30726, 31417, -10924, 39572
16088.0, 1087, 796, 9582, 3635, 22960, 26858, -12053, 39572
16091.8, 1031, 796, 9582, 3635, 22960, 26858, -12053, 39565
16095.8, 680, 796, 9582, 3635, 22960, 26858, -12053, 39531
16100.1, 1087, 486, 9595, 2383, 18375, 23861, -11204, 39531
16103.9, 1015, 486, 9595, 2383, 18375, 23861, -11204, 39550
16108.1, 1075, -442, 9702, 2734, 15023, 19784, -8793, 39550
16111.8, 1003, -442, 9702, 2734, 15023, 19784, -8793, 39521
16117.6, 1131, -357, 9662, 2384, 15623, 26902, -4585, 39516
16121.3, 1024, -357, 9662, 2384, 15623, 26902, -4585, 39494
16123.6, 23, -357, 9662, 2384, 15623, 26902, -4585, 39494
16129.3, 1111, 1430, 9876, 1591, 14288, 21726, -2760, 39486
16131.6, 25, 1430, 9876, 1591, 14288, 21726, -2760, 39486
16135.8, 1051, 1430, 9876, 1591, 12285, 11086, -3136, 39486
16139.6, 1020, 1430, 9876, 1591, 12285, 11086, -3136, 39399
16141.9, 20, 1430, 9876, 1591, 12285, 11086, -3136, 39399
16147.6, 1118, -108, 7648, 3789, 10220, 17749, -1334, 39442
16151.3, 1065, -108, 7648, 3789, 10220, 17749, -1334, 39435
16155.5, 1079, -108, 7648, 3789, 5083, 17110, 4926, 39435
16159.3, 1026, -108, 7648, 3789, 5083, 17110, 4926, 39422
16161.5, 23, -108, 7648, 3789, 5083, 17110, 4926, 39422
16165.8, 1086, 673, 10106, 3184, -293, 9931, 1448, 39422
16169.5, 991, 673, 10106, 3184, -293, 9931, 1448, 39418
16171.8, 21, 673, 10106, 3184, -293, 9931, 1448, 39418
16177.5, 1130, -574, 10264, 2133, -2156, 3788, -262, 39406
16181.3, 1039, -574, 10264, 2133, -2156, 3788, -262, 39377
16185.5, 1083, -454, 9522, 2617, -4536, 5945, 3841, 39377
16189.3, 1002, -454, 9522, 2617, -4536, 5945, 3841, 39360
16191.5, 23, -454, 9522, 2617, -4536, 5945, 3841, 39360
16195.8, 1084, 131, 9495, 2562, -8330, -2279, 240, 39360
16199.5, 1041, 131, 9495, 2562, -8330, -2279, 240, 39350
16203.7, 1105, 131, 9495, 2562, -8330, -2279, 240, 39350
16207.4, 1054, 131, 9495, 2562, -8330, -2279, 240, 39346
16211.1, 1017, 131, 9495, 2562, -8330, -2279, 240, 39332
16215.4, 1112, -176, 9876, 2310, -15225, -4698, -2590, 39332
16219.1, 1057, -176, 9876, 2310, -15225, -4698, -2590, 39326
16223.3, 1091, -176, 9876, 2310, -15225, -4698, -2590, 39326
16227.1, 1028, -176, 9876, 2310, -15225, -4698, -2590, 39342
16230.8, 1037, -176, 9876, 2310, -15225, -4698, -2590, 39280
16235.0, 1085, -265, 9653, 2294, -23266, -411, -498, 39280
16238.8, 1007, -265, 9653, 2294, -23266, -411, -498, 39348
16243.0, 1113, -265, 9653, 2294, -23266, -411, -498, 39348
16246.7, 1035, -265, 9653, 2294, -23266, -411, -498, 39351
16250.5, 1002, -265, 9653, 2294, -23266, -411, -498, 39374
16254.7, 1107, -278, 9457, 2196, -28726, -1382, 1395, 39374
16258.4, 1037, -278, 9457, 2196, -28726, -1382, 1395, 39393
16262.7, 1090, -278, 9457, 2196, -28726, -1382, 1395, 39393
16266.4, 1004, -278, 9457, 2196, -28726, -1382, 1395, 39410
16268.7, 22, -278, 9457, 2196, -28726, -1382, 1395, 39410
16274.4, 1126, -705, 8832, 2606, -36404, -10215, -3797, 39600
16278.2, 1013, -705, 8832, 2606, -36404, -10215, -3797, 39468
16283.9, 1137, -705, 8832, 2606, -36404, -10215, -3797, 39482
16286.1, 27, -705, 8832, 2606, -36404, -10215, -3797, 39482
16288.4, 5, -705, 8832, 2606, -36404, -10215, -3797, 39482
16294.1, 1139, -613, 9071, 2196, -37328, -16962, -12530, 39508
16296.4, 26, -613, 9071, 2196, -37328, -16962, -12530, 39508
16300.6, 1092, -407, 9490, 2787, -37603, -15999, -8596, 39508
16304.3, 1055, -407, 9490, 2787, -37603, -15999, -8596, 39524
16306.6, 24, -407, 9490, 2787, -37603, -15999, -8596, 39524
16310.8, 1091, -525, 9452, 2496, -44730, -16590, 577, 39524
16314.5, 1044, -525, 9452, 2496, -44730, -16590, 577, 39544
16316.8, 24, -525, 9452, 2496, -44730, -16590, 577, 39544
16322.5, 1090, -640, 9831, 2394, -48558, -20755, 2349, 39533
16326.2, 1023, -640, 9831, 2394, -48558, -20755, 2349, 39589
16330.5, 1063, -312, 9453, 2391, -49460, -25572, 454, 39589
16334.2, 1032, -312, 9453, 2391, -49460, -25572, 454, 39619
16336.4, 26, -312, 9453, 2391, -49460, -25572, 454, 39619
16340.7, 1078, -301, 8909, 2959, -50177, -35578, -1806, 39619
16344.4, 999, -301, 8909, 2959, -50177, -35578, -1806, 39636
16346.7, 23, -301, 8909, 2959, -50177, -35578, -1806, 39636
16352.4, 1117, -751, 9332, 3312, -49066, -49385, -6628, 39671
16356.2, 1031, -751, 9332, 3312, -49066, -49385, -6628, 39690
16360.4, 1054, -692, 9325, 2978, -53209, -60655, -9082, 39690
16364.2, 1016, -692, 9325, 2978, -53209, -60655, -9082, 39742
16368.4, 1103, -722, 9486, 2549, -55887, -62169, -10679, 39742
16372.1, 1027, -722, 9486, 2549, -55887, -62169, -10679, 39743
16375.9, 1012, -722, 9486, 2549, -55887, -62169, -10679, 39743
16380.2, 1059, -304, 9323, 2868, -60537, -53594, -12162, 39743
16383.9, 1032, -304, 9323, 2868, -60537, -53594, -12162, 40117
16388.2, 1053, 382, 9850, 2561, -66763, -47403, -14100, 40117
16391.9, 1060, 382, 9850, 2561, -66763, -47403, -14100, 40100
16395.6, 1039, 382, 9850, 2561, -66763, -47403, -14100, 40093
16399.9, 1086, 889, 9568, 3510, -72359, -45198, -14735, 40093
16403.6, 1057, 889, 9568, 3510, -72359, -45198, -14735, 40059
16407.8, 1083, 43, 10100, 4363, -73089, -52754, -11965, 40059
16411.6, 1009, 43, 10100, 4363, -73089, -52754, -11965, 40103
16413.8, 24, 43, 10100, 4363, -73089, -52754, -11965, 40103
16419.5, 1142, 236, 9891, 3718, -75006, -65897, -4711, 40105
16423.3, 1024, 236, 9891, 3718, -75006, -65897, -4711, 40117
16429.0, 1114, 25, 9805, 3787, -75308, -73103, 3058, 40152
16432.7, 1044, 25, 9805, 3787, -75308, -73103, 3058, 40124
16438.4, 1098, -229, 9305, 3610, -76791, -74148, 8938, 40149
16442.1, 1016, -229, 9305, 3610, -76791, -74148, 8938, 40104
16447.9, 1067, 71, 8748, 3924, -81148, -68819, 9891, 40140
16451.6, 968, 71, 8748, 3924, -81148, -68819, 9891, 40132
16457.4, 1125, 494, 8575, 4148, -80125, -63289, 7249, 40014
16461.1, 1010, 494, 8575, 4148, -80125, -63289, 7249, 40132
16465.3, 1080, 1008, 8686, 4330, -82732, -63911, 7126, 40132
16469.0, 1020, 1008, 8686, 4330, -82732, -63911, 7126, 40150
16471.3, 25, 1008, 8686, 4330, -82732, -63911, 7126, 40150
16475.5, 1073, 1261, 8307, 4267, -83620, -70154, 11068, 40150
16479.2, 1050, 1261, 8307, 4267, -83620, -70154, 11068, 40058
16481.5, 26, 1261, 8307, 4267, -83620, -70154, 11068, 40058
16485.7, 1068, 1319, 8319, 4665, -87238, -79945, 14389, 40058
16489.4, 1026, 1319, 8319, 4665, -87238, -79945, 14389, 40122
16491.7, 23, 1319, 8319, 4665, -87238, -79945, 14389, 40122
16495.9, 1070, 1179, 8109, 5158, -91832, -91806, 15969, 40122
16499.6, 1021, 1179, 8109, 5158, -91832, -91806, 15969, 40080
16501.9, 23, 1179, 8109, 5158, -91832, -91806, 15969, 40080
16507.6, 1117, 1222, 7923, 4577, -94847, -99454, 17456, 40079
16511.3, 1024, 1222, 7923, 4577, -94847, -99454, 17456, 40049
16515.6, 1079, 827, 8475, 4343, -96177, -95770, 22632, 40049
16519.3, 1032, 827, 8475, 4343, -96177, -95770, 22632, 40038
16523.5, 1101, 634, 8523, 5432, -104069, -88472, 31592, 40038
16527.2, 1058, 634, 8523, 5432, -104069, -88472, 31592, 40030
16530.9, 1039, 634, 8523, 5432, -104069, -88472, 31592, 40017
16535.2, 1113, 728, 8265, 6361, -110387, -96054, 39730, 40017
16538.9, 1052, 728, 8265, 6361, -110387, -96054, 39730, 39994
16543.1, 1108, 911, 7143, 4250, -112395, -115379, 42149, 39994
16546.9, 1030, 911, 7143, 4250, -112395, -115379, 42149, 39969
16550.7, 1060, 911, 7143, 4250, -112395, -115379, 42149, 39926
16554.9, 1092, 1271, 6336, 3461, -107779, -117531, 37489, 39926
16558.7, 1036, 1271, 6336, 3461, -107779, -117531, 37489, 39936
16562.9, 1081, 1124, 6400, 4733, -102009, -100976, 29759, 39936
16566.6, 1039, 1124, 6400, 4733, -102009, -100976, 29759, 39872
16568.9, 22, 1124, 6400, 4733, -102009, -100976, 29759, 39872
16574.6, 1123, 1383, 6477, 4762, -102744, -84093, 22912, 39830
16578.4, 1068, 1383, 6477, 4762, -102744, -84093, 22912, 39768
16582.6, 1108, 1866, 6540, 5071, -104227, -74944, 19119, 39768
16586.3, 1052, 1866, 6540, 5071, -104227, -74944, 19119, 39728
16588.6, 23, 1866, 6540, 5071, -104227, -74944, 19119, 39728
16594.3, 1126, 1965, 6618, 5354, -107491, -66584, 20575, 39675
16598.0, 1086, 1965, 6618, 5354, -107491, -66584, 20575, 39625
16603.7, 1105, 2467, 6188, 4869, -110304, -61404, 25134, 39607
16607.5, 1020, 2467, 6188, 4869, -110304, -61404, 25134, 39546
16613.2, 1126, 3011, 5747, 4503, -108768, -58087, 27768, 39493
16616.9, 1075, 3011, 5747, 4503, -108768, -58087, 27768, 39439
16622.6, 1132, 3120, 5786, 5550, -104148, -51822, 28866, 39380
16626.3, 999, 3120, 5786, 5550, -104148, -51822, 28866, 39284
16630.6, 1097, 2679, 6032, 6394, -106301, -41287, 31001, 39284
16634.3, 1049, 2679, 6032, 6394, -106301, -41287, 31001, 39301
16636.6, 25, 2679, 6032, 6394, -106301, -41287, 31001, 39301
16640.8, 1078, 2248, 6117, 6658, -109000, -30629, 36649, 39301
16644.5, 1049, 2248, 6117, 6658, -109000, -30629, 36649, 39242
16646.8, 25, 2248, 6117, 6658, -109000, -30629, 36649, 39242
16652.5, 1122, 2039, 5781, 6487, -114285, -22575, 41790, 39230
16656.2, 1050, 2039, 5781, 6487, -114285, -22575, 41790, 39181
16660.5, 1092, 1774, 5414, 6281, -118013, -26044, 45028, 39181
16664.2, 1004, 1774, 5414, 6281, -118013, -26044, 45028, 39093
16666.5, 24, 1774, 5414, 6281, -118013, -26044, 45028, 39093
16670.8, 1083, 1758, 5245, 4844, -122348, -39458, 46668, 39093
16674.5, 1082, 1758, 5245, 4844, -122348, -39458, 46668, 39057
16678.7, 1065, 2453, 4875, 7000, -118993, -53568, 46441, 39057
16682.5, 1004, 2453, 4875, 7000, -118993, -53568, 46441, 39020
16686.2, 1027, 2453, 4875, 7000, -118993, -53568, 46441, 38997
16690.5, 1107, 3164, 4232, 7835, -112246, -63119, 44192, 38997
16694.2, 1056, 3164, 4232, 7835, -112246, -63119, 44192, 38955
16698.4, 1106, 3472, 3513, 6109, -111489, -55353, 38889, 38955
16702.1, 1022, 3472, 3513, 6109, -111489, -55353, 38889, 38909
16705.9, 1036, 3472, 3513, 6109, -111489, -55353, 38889, 38914
16710.1, 1110, 3011, 3952, 5901, -118778, -25966, 36426, 38914
16713.8, 1069, 3011, 3952, 5901, -118778, -25966, 36426, 38903
16718.0, 1070, 2209, 4660, 7063, -125827, -826, 41869, 38903
16721.8, 1029, 2209, 4660, 7063, -125827, -826, 41869, 38877
16725.5, 1061, 2209, 4660, 7063, -125827, -826, 41869, 38857
16729.7, 1096, 2145, 4773, 6655, -128548, 2594, 49683, 38857
16733.5, 1027, 2145, 4773, 6655, -128548, 2594, 49683, 38841
16737.7, 1098, 2352, 4805, 7554, -128167, -12705, 52986, 38841
16741.4, 1012, 2352, 4805, 7554, -128167, -12705, 52986, 38857
16743.7, 22, 2352, 4805, 7554, -128167, -12705, 52986, 38857
16749.4, 1107, 2887, 3911, 9076, -128058, -41484, 52977, 38800
16753.1, 1053, 2887, 3911, 9076, -128058, -41484, 52977, 38779
16758.8, 1135, 3888, 2387, 9023, -120922, -66396, 47277, 38757
16762.6, 1019, 3888, 2387, 9023, -120922, -66396, 47277, 38720
16768.3, 1109, 3888, 2387, 7902, -120935, -61224, 38679, 38695
16772.0, 1037, 3888, 2387, 7902, -120935, -61224, 38679, 38714
16777.7, 1127, 4376, 1769, 7902, -127371, -32686, 38028, 38684
16781.4, 1023, 4376, 1769, 7902, -127371, -32686, 38028, 38662
16785.7, 1091, 3860, 2564, 6435, -127371, -32686, 47990, 38662
16789.4, 1042, 3860, 2564, 6435, -127371, -32686, 47990, 38647
16791.7, 24, 3860, 2564, 6435, -127371, -32686, 47990, 38647
16795.9, 1102, 3503, 3406, 5629, -130399, -1574, 60082, 38647
16799.6, 1058, 3503, 3406, 5629, -130399, -1574, 60082, 38624
16801.9, 24, 3503, 3406, 5629, -130399, -1574, 60082, 38624
16807.6, 1085, 3086, 3750, 7883, -126124, -17653, 65337, 38645
16811.3, 999, 3086, 3750, 7883, -126124, -17653, 65337, 38648
16815.6, 1087, 3311, 2835, 8337, -118030, -43947, 58210, 38648
16819.3, 1049, 3311, 2835, 8337, -118030, -43947, 58210, 38649
16821.5, 25, 3311, 2835, 8337, -118030, -43947, 58210, 38649
16825.8, 1109, 4401, 1616, 8562, -113799, -52255, 44853, 38649
16829.5, 1026, 4401, 1616, 8562, -113799, -52255, 44853, 38668
16831.7, 25, 4401, 1616, 8562, -113799, -52255, 44853, 38668
16837.4, 1186, 4968, 978, 8289, -113528, -21980, 38386, 38649
16841.1, 1011, 4968, 978, 8289, -113528, -21980, 38386, 38645
16845.4, 1105, 4561, 978, 8289, -122379, 26298, 41112, 38645
16849.1, 1057, 4561, 978, 8289, -122379, 26298, 41112, 38655
16853.3, 1074, 4159, 1747, 6087, -122379, 26298, 41112, 38655
16857.1, 1025, 4159, 1747, 6087, -122379, 26298, 41112, 38646
16860.8, 1059, 4159, 1747, 6087, -122379, 26298, 41112, 38645
16865.0, 1090, 3729, 2769, 7109, -125302, 64982, 49713, 38645
16868.8, 1009, 3729, 2769, 7109, -125302, 64982, 49713, 38565
16873.0, 1076, 2979, 3030, 8183, -125302, 64982, 49713, 38565
16876.7, 1044, 2979, 3030, 8183, -125302, 64982, 49713, 38641
16880.4, 1021, 2979, 3030, 8183, -125302, 64982, 49713, 38664
16884.7, 1120, 3620, 1450, 8397, -116022, 26591, 34440, 38664
16888.4, 1088, 3620, 1450, 8397, -116022, 26591, 34440, 38575
16892.6, 1088, 4565, -281, 8496, -116022, 26591, 34440, 38575
16896.4, 988, 4565, -281, 8496, -116022, 26591, 34440, 38663
16898.7, 21, 4565, -281, 8496, -116022, 26591, 34440, 38663
16904.4, 1112, 4801, -1016, 9681, -116267, 4729, 25729, 38693
16908.2, 996, 4801, -1016, 9681, -116267, 4729, 25729, 38687
16913.9, 1101, 3822, -873, 8115, -116267, 20002, 37109, 38701
16917.6, 1006, 3822, -873, 8115, -116267, 20002, 37109, 38727
16923.4, 1076, 2694, 86, 9174, -122405, 20002, 37109, 38750
16927.1, 985, 2694, 86, 9174, -122405, 20002, 37109, 38771
16932.9, 1080, 2641, 723, 10106, -125135, 29391, 47307, 38782
16936.6, 978, 2641, 723, 10106, -125135, 29391, 47307, 38811
16940.8, 1093, 3314, 430, 9627, -122838, 15373, 46721, 38811
16944.5, 1017, 3314, 430, 9627, -122838, 15373, 46721, 38859
16946.8, 24, 3314, 430, 9627, -122838, 15373, 46721, 38859
16952.5, 1072, 4226, -144, 8320, -116888, -2165, 37909, 38903
16956.2, 1001, 4226, -144, 8320, -116888, -2165, 37909, 38938
16960.4, 1079, 5145, -736, 8084, -111656, -16494, 30406, 38938
16964.2, 977, 5145, -736, 8084, -111656, -16494, 30406, 38976
16966.4, 22, 5145, -736, 8084, -111656, -16494, 30406, 38976
16970.7, 1065, 5909, -1089, 7953, -107001, -28105, 29063, 38976
16974.5, 987, 5909, -1089, 7953, -107001, -28105, 29063, 39013
16976.7, 22, 5909, -1089, 7953, -107001, -28105, 29063, 39013
16982.5, 1080, 6218, -982, 10459, -105312, -27313, 34676, 39057
16986.2, 1003, 6218, -982, 10459, -105312, -27313, 34676, 39093
16990.5, 1058, 4831, -366, 10662, -110566, -8876, 46848, 39093
16994.2, 1002, 4831, -366, 10662, -110566, -8876, 46848, 39130
16996.4, 23, 4831, -366, 10662, -110566, -8876, 46848, 39130
17000.7, 1060, 3632, -41, 9138, -115256, 14183, 57431, 39130
17004.5, 990, 3632, -41, 9138, -115256, 14183, 57431, 39151
17008.7, 1053, 3517, 10, 9525, -117011, 24154, 58901, 39151
17012.4, 996, 3517, 10, 9525, -117011, 24154, 58901, 39138
17016.2, 1006, 3517, 10, 9525, -117011, 24154, 58901, 39098
17020.4, 1054, 3751, -330, 9803, -116048, 12595, 52828, 39098
17024.2, 989, 3751, -330, 9803, -116048, 12595, 52828, 39116
17028.4, 1083, 4133, -1107, 8792, -114246, -12508, 46401, 39116
17032.1, 992, 4133, -1107, 8792, -114246, -12508, 46401, 39116
17035.8, 1023, 4133, -1107, 8792, -114246, -12508, 46401, 39092
17040.1, 1081, 4395, -1735, 9009, -108138, -29824, 44800, 39092
17043.8, 1006, 4395, -1735, 9009, -108138, -29824, 44800, 38649
17048.0, 1062, 4386, -2175, 7659, -104949, -32782, 46983, 38649
17051.8, 1012, 4386, -2175, 7659, -104949, -32782, 46983, 39075
17055.5, 1020, 4386, -2175, 7659, -104949, -32782, 46983, 39072
17059.7, 1068, 4282, -1912, 8766, -106379, -15767, 49569, 39072
17063.5, 977, 4282, -1912, 8766, -106379, -15767, 49569, 39084
17067.7, 1080, 3850, -1323, 9926, -109792, 10675, 52299, 39084
17071.4, 981, 3850, -1323, 9926, -109792, 10675, 52299, 39342
17073.7, 21, 3850, -1323, 9926, -109792, 10675, 52299, 39342
17079.4, 1112, 3627, -1290, 8672, -113581, 24150, 53865, 39372
17083.1, 1009, 3627, -1290, 8672, -113581, 24150, 53865, 39405
17088.8, 1084, 3234, -1530, 8877, -115659, 25817, 53240, 39423
17092.5, 1001, 3234, -1530, 8877, -115659, 25817, 53240, 39445
17098.3, 1060, 2831, -2055, 9297, -113174, 17329, 52912, 39452
17102.0, 995, 2831, -2055, 9297, -113174, 17329, 52912, 39455
17107.7, 1093, 3530, -3178, 9477, -109893, -6046, 53152, 39504
17111.4, 977, 3530, -3178, 9477, -109893, -6046, 53152, 39526
17115.7, 1069, 4100, -4026, 7791, -107775, -25786, 52220, 39526
17119.4, 1005, 4100, -4026, 7791, -107775, -25786, 52220, 39544
17121.7, 22, 4100, -4026, 7791, -107775, -25786, 52220, 39544
17125.9, 1071, 4258, -4507, 9014, -108129, -26884, 52054, 39544
17129.6, 991, 4258, -4507, 9014, -108129, -26884, 52054, 39530
17131.9, 21, 4258, -4507, 9014, -108129, -26884, 52054, 39530
17137.6, 1070, 3825, -4350, 10054, -111533, -11633, 52942, 39585
17141.3, 994, 3825, -4350, 10054, -111533, -11633, 52942, 39595
17145.6, 1050, 2944, -4067, 8148, -114469, 7905, 53467, 39595
17149.3, 984, 2944, -4067, 8148, -114469, 7905, 53467, 39623
17151.5, 22, 2944, -4067, 8148, -114469, 7905, 53467, 39623
17155.7, 1062, 2277, -3907, 8294, -112841, 23997, 51647, 39623
17159.5, 978, 2277, -3907, 8294, -112841, 23997, 51647, 39645
17163.7, 1073, 1734, -4378, 8134, -112032, 23253, 46283, 39645
17167.4, 1026, 1734, -4378, 8134, -112032, 23253, 46283, 39681
17171.1, 985, 1734, -4378, 8134, -112032, 23253, 46283, 39653
17175.4, 1077, 2140, -5297, 8540, -110002, 4733, 39537, 39653
17179.1, 994, 2140, -5297, 8540, -110002, 4733, 39537, 39730
17183.3, 1054, 2943, -6110, 7645, -106974, -17255, 35026, 39730
17187.1, 1008, 2943, -6110, 7645, -106974, -17255, 35026, 39722
17190.8, 1025, 2943, -6110, 7645, -106974, -17255, 35026, 39789
17195.0, 1033, 3747, -6668, 7131, -103155, -32428, 33753, 39789
17198.8, 968, 3747, -6668, 7131, -103155, -32428, 33753, 39791
17203.0, 1075, 4253, -6632, 7737, -99817, -31487, 35385, 39791
17206.7, 976, 4253, -6632, 7737, -99817, -31487, 35385, 39804
17210.5, 986, 4253, -6632, 7737, -99817, -31487, 35385, 39826
17214.7, 1070, 4186, -6346, 8793, -99147, -15273, 38391, 39826
17218.4, 985, 4186, -6346, 8793, -99147, -15273, 38391, 39836
17222.7, 1054, 3574, -5922, 8871, -99747, 3001, 40066, 39836
17226.4, 972, 3574, -5922, 8871, -99747, 3001, 40066, 39858
17228.7, 21, 3574, -5922, 8871, -99747, 3001, 40066, 39858
17234.4, 1075, 2736, -5780, 7904, -99353, 17255, 38531, 39856
17238.2, 970, 2736, -5780, 7904, -99353, 17255, 38531, 39876
17243.9, 1075, 2333, -5923, 6771, -99904, 25060, 33736, 39874
17247.6, 989, 2333, -5923, 6771, -99904, 25060, 33736, 39877
17253.3, 1056, 2796, -6306, 7309, -98723, 18515, 27624, 39878
17255.6, 23, 2796, -6306, 7309, -98723, 18515, 27624, 39878
17257.9, 4, 2796, -6306, 7309, -98723, 18515, 27624, 39878
17263.6, 1084, 3669, -6698, 7932, -98334, 3311, 25432, 39906
17265.8, 24, 3669, -6698, 7932, -98334, 3311, 25432, 39906
17268.1, 4, 3669, -6698, 7932, -98334, 3311, 25432, 39906
17273.8, 1024, 4398, -7130, 8164, -96597, -10705, 28674, 39917
17276.1, 21, 4398, -7130, 8164, -96597, -10705, 28674, 39917
17280.4, 1036, 5048, -7402, 6787, -93193, -16629, 33373, 39917
17284.1, 1000, 5048, -7402, 6787, -93193, -16629, 33373, 39937
17286.4, 21, 5048, -7402, 6787, -93193, -16629, 33373, 39937
17290.6, 1081, 4810, -7216, 6067, -91644, -8868, 35840, 39937
17294.3, 1022, 4810, -7216, 6067, -91644, -8868, 35840, 39951
17296.6, 23, 4810, -7216, 6067, -91644, -8868, 35840, 39951
17300.8, 1081, 3725, -6756, 8097, -89618, 5980, 37056, 39951
17304.5, 1002, 3725, -6756, 8097, -89618, 5980, 37056, 39964
17306.8, 22, 3725, -6756, 8097, -89618, 5980, 37056, 39964
17312.5, 1094, 2949, -6731, 7932, -87077, 12245, 37769, 39987
17316.2, 1012, 2949, -6731, 7932, -87077, 12245, 37769, 40008
17320.5, 1073, 2583, -7005, 6853, -87129, 11751, 35245, 40008
17324.2, 991, 2583, -7005, 6853, -87129, 11751, 35245, 40055
17326.4, 23, 2583, -7005, 6853, -87129, 11751, 35245, 40055
17330.7, 1070, 2366, -7378, 6108, -88345, 11305, 30061, 40055
17334.4, 1004, 2366, -7378, 6108, -88345, 11305, 30061, 40045
17338.6, 1055, 2366, -7378, 6340, -89015, 9314, 25497, 40045
17342.4, 1005, 2366, -7378, 6340, -89015, 9314, 25497, 40061
17346.1, 998, 2366, -7378, 6340, -89015, 9314, 25497, 40054
17350.3, 1085, 3159, -8191, 7331, -88560, 5945, 22815, 40054
17354.0, 1017, 3159, -8191, 7331, -88560, 5945, 22815, 40032
17358.2, 1061, 3159, -8191, 7537, -86381, 2397, 22745, 40032
17362.0, 996, 3159, -8191, 7537, -86381, 2397, 22745, 40074
17365.7, 1011, 3159, -8191, 7537, -86381, 2397, 22745, 40136
17370.0, 1058, 3912, -7788, 6539, -84425, 61, 24299, 40136
17373.7, 1005, 3912, -7788, 6539, -84425, 61, 24299, 40110
17377.9, 1081, 3912, -7788, 6015, -83222, 1640, 26731, 40110
17381.6, 995, 3912, -7788, 6015, -83222, 1640, 26731, 40144
17385.3, 1020, 3912, -7788, 6015, -83222, 1640, 26731, 40132
17389.6, 1046, 2757, -7653, 6448, -82570, 4340, 28980, 40132
17393.3, 1007, 2757, -7653, 6448, -82570, 4340, 28980, 40101
17399.0, 1113, 2581, -8392, 6308, -81940, 4711, 29177, 40160
17402.8, 996, 2581, -8392, 6308, -81940, 4711, 29177, 40185
17408.5, 1095, 2703, -8740, 5939, -82863, 4278, 25734, 40200
17412.2, 1009, 2703, -8740, 5939, -82863, 4278, 25734, 40230
17417.9, 1074, 2703, -8740, 5939, -82863, 4278, 20873, 40232
17421.6, 969, 2703, -8740, 5939, -82863, 4278, 20873, 40272
17425.9, 1059, 2636, -8398, 5614, -84648, 4252, 20873, 40272
17429.9, 634, 2636, -8398, 5614, -84648, 4252, 20873, 40250
17432.2, 13, 2636, -8398, 5614, -84648, 4252, 20873, 40250
17437.9, 1060, 2812, -8026, 5459, -86044, 10010, 16922, 40257
17441.6, 971, 2812, -8026, 5459, -86044, 10010, 16922, 40262
17447.4, 1089, 2948, -7819, 6043, -86241, 10010, 16922, 40259
17451.1, 947, 2948, -7819, 6043, -86241, 10010, 16922, 40292
17455.3, 1061, 2845, -7678, 5943, -85410, 9218, 17592, 40292
17459.0, 992, 2845, -7678, 5943, -85410, 9218, 17592, 40297
17461.3, 21, 2845, -7678, 5943, -85410, 9218, 17592, 40297
17465.5, 1048, 2586, -7831, 5397, -83012, 7380, 18235, 40297
17469.2, 979, 2586, -7831, 5397, -83012, 7380, 18235, 40303
17471.5, 21, 2586, -7831, 5397, -83012, 7380, 18235, 40303
17475.7, 1077, 2289, -8336, 5129, -80208, 704, 16423, 40303
17479.4, 968, 2289, -8336, 5129, -80208, 704, 16423, 40354
17483.7, 1055, 2248, -9000, 3942, -77863, 704, 16423, 40354
17487.4, 950, 2248, -9000, 3942, -77863, 704, 16423, 40326
17491.2, 996, 2248, -9000, 3942, -77863, 704, 16423, 40338
17495.4, 1056, 2070, -9232, 3949, -76751, 192, 10513, 40338
17499.2, 981, 2070, -9232, 3949, -76751, 192, 10513, 40346
17503.4, 1044, 2169, -9305, 4575, -76721, 1295, 10513, 40346
17507.2, 963, 2169, -9305, 4575, -76721, 1295, 10513, 40367
17510.9, 1005, 2169, -9305, 4575, -76721, 1295, 10513, 40375
17515.1, 1057, 2397, -9136, 4847, -77451, 5075, 3631, 40375
17518.9, 977, 2397, -9136, 4847, -77451, 5075, 3631, 40393
17523.1, 1086, 2534, -8774, 4787, -77373, 5075, 3631, 40393
17526.8, 1005, 2534, -8774, 4787, -77373, 5075, 3631, 40401
17530.5, 989, 2534, -8774, 4787, -77373, 5075, 3631, 40414
17534.8, 1075, 2603, -8458, 4589, -77425, 8999, 4090, 40414
17538.5, 1005, 2603, -8458, 4589, -77425, 8999, 4090, 40418
17542.7, 1044, 2441, -8408, 4904, -75570, 13103, 4090, 40418
17546.5, 968, 2441, -8408, 4904, -75570, 13103, 4090, 40438
17548.7, 22, 2441, -8408, 4904, -75570, 13103, 4090, 40438
17554.4, 1110, 2059, -8854, 4550, -73531, 12315, 4672, 40474
17558.2, 989, 2059, -8854, 4550, -73531, 12315, 4672, 40450
17563.9, 1107, 1860, -9480, 3996, -70001, 5022, 4672, 40462
17567.6, 1000, 1860, -9480, 3996, -70001, 5022, 4672, 40478
17573.3, 1080, 1789, -10223, 3818, -68010, -4073, 2489, 40481
17577.0, 982, 1789, -10223, 3818, -68010, -4073, 2489, 40487
17582.8, 1061, 2117, -10487, 3748, -67441, -11585, 275, 40499
17586.5, 986, 2117, -10487, 3748, -67441, -11585, 275, 40487
17590.7, 1048, 2535, -10137, 4063, -67778, -14630, -1106, 40487
17594.5, 980, 2535, -10137, 4063, -67778, -14630, -1106, 40512
17596.7, 21, 2535, -10137, 4063, -67778, -14630, -1106, 40512
17602.5, 1082, 2803, -9543, 4469, -69428, -15093, -1461, 40505
17606.2, 961, 2803, -9543, 4469, -69428, -15093, -1461, 40512
17610.4, 1065, 2846, -9379, 4628, -70976, -12958, -787, 40512
17614.1, 998, 2846, -9379, 4628, -70976, -12958, -787, 40513
17616.4, 21, 2846, -9379, 4628, -70976, -12958, -787, 40513
17620.6, 1063, 2813, -9635, 4152, -72026, -9143, 664, 40513
17624.3, 1002, 2813, -9635, 4152, -72026, -9143, 664, 40516
17626.6, 19, 2813, -9635, 4152, -72026, -9143, 664, 40516
17630.8, 1070, 2839, -10134, 4018, -72613, -7358, 1780, 40516
17634.5, 980, 2839, -10134, 4018, -72613, -7358, 1780, 40525
17636.8, 21, 2839, -10134, 4018, -72613, -7358, 1780, 40525
17642.5, 1076, 2657, -10516, 3960, -73544, -7936, 2397, 40548
17646.2, 999, 2657, -10516, 3960, -73544, -7936, 2397, 40524
17650.5, 1065, 2500, -10716, 3648, -73509, -10062, 1483, 40524
17654.2, 1001, 2500, -10716, 3648, -73509, -10062, 1483, 40531
17658.4, 1081, 2463, -10631, 3382, -74419, -9108, -1583, 40531
17662.1, 1029, 2463, -10631, 3382, -74419, -9108, -1583, 40546
17665.8, 998, 2463, -10631, 3382, -74419, -9108, -1583, 40551
17670.1, 1069, 2632, -9945, 3250, -76975, -4606, -5543, 40551
17673.8, 1005, 2632, -9945, 3250, -76975, -4606, -5543, 40565
17678.0, 1055, 2523, -8849, 3764, -77329, -1938, -7888, 40565
17681.8, 987, 2523, -8849, 3764, -77329, -1938, -7888, 40520
17685.5, 1006, 2523, -8849, 3764, -77329, -1938, -7888, 40575
17689.7, 1058, 1978, -8145, 3719, -78042, -1653, -6181, 40575
17693.5, 970, 1978, -8145, 3719, -78042, -1653, -6181, 40582
17697.7, 1079, 1491, -8214, 3612, -77784, -2712, -1509, 40582
17701.4, 1009, 1491, -8214, 3612, -77784, -2712, -1509, 40585
17703.7, 22, 1491, -8214, 3612, -77784, -2712, -1509, 40585
17709.4, 1105, 1174, -8913, 2992, -76874, -3937, 2279, 40108
17713.1, 987, 1174, -8913, 2992, -76874, -3937, 2279, 40084
17718.9, 1091, 1220, -9806, 2456, -75391, -5355, 2134, 40065
17722.6, 976, 1220, -9806, 2456, -75391, -5355, 2134, 40036
17728.3, 1084, 1469, -10170, 1969, -73606, -5722, -2021, 40002
17732.0, 995, 1469, -10170, 1969, -73606, -5722, -2021, 39998
17737.7, 1076, 1796, -9948, 2264, -71401, -2760, -6890, 39959
17741.4, 970, 1796, -9948, 2264, -71401, -2760, -6890, 39924
17745.7, 1028, 2239, -9250, 2076, -70456, 1194, -9760, 39924
17749.4, 985, 2239, -9250, 2076, -70456, 1194, -9760, 39915
17751.7, 22, 2239, -9250, 2076, -70456, 1194, -9760, 39915
17755.9, 1058, 2593, -8724, 1755, -69554, 1942, -10259, 39915
17759.6, 993, 2593, -8724, 1755, -69554, 1942, -10259, 39892
17761.9, 22, 2593, -8724, 1755, -69554, 1942, -10259, 39892
17767.6, 1071, 2414, -8873, 1350, -67813, 2371, -8990, 39876
17771.3, 985, 2414, -8873, 1350, -67813, 2371, -8990, 39857
17775.6, 1053, 1978, -9433, 936, -65779, 3412, -7350, 39857
17779.3, 984, 1978, -9433, 936, -65779, 3412, -7350, 39838
17781.5, 23, 1978, -9433, 936, -65779, 3412, -7350, 39838
17785.8, 1027, 1862, -9950, 884, -63547, 4029, -7682, 39838
17789.6, 963, 1862, -9950, 884, -63547, 4029, -7682, 39809
17791.8, 22, 1862, -9950, 884, -63547, 4029, -7682, 39809
17797.5, 1077, 1844, -10091, 1322, -61338, 1128, -10228, 39821
17801.3, 1008, 1844, -10091, 1322, -61338, 1128, -10228, 39801
17805.5, 1042, 2050, -9795, 1298, -58923, 660, -12223, 39801
17809.3, 950, 2050, -9795, 1298, -58923, 660, -12223, 39789
17811.5, 25, 2050, -9795, 1298, -58923, 660, -12223, 39789
17815.8, 1038, 2221, -9857, 1451, -56709, 5346, -12578, 39789
17819.5, 975, 2221, -9857, 1451, -56709, 5346, -12578, 39775
17823.7, 1065, 2361, -9876, 1631, -55082, 9358, -12228, 39775
17827.4, 1029, 2361, -9876, 1631, -55082, 9358, -12228, 39748
17831.1, 971, 2361, -9876, 1631, -55082, 9358, -12228, 39705
17835.4, 1058, 2611, -10181, 1338, -52623, 9537, -12280, 39705
17839.1, 1043, 2611, -10181, 1338, -52623, 9537, -12280, 39721
17843.3, 1050, 2688, -10376, 1250, -50177, 6667, -13221, 39721
17847.0, 995, 2688, -10376, 1250, -50177, 6667, -13221, 39709
17850.8, 1016, 2688, -10376, 1250, -50177, 6667, -13221, 39701
17855.0, 1052, 2678, -10757, 1407, -49258, 1531, -14975, 39701
17858.8, 994, 2678, -10757, 1407, -49258, 1531, -14975, 39694
17863.0, 1080, 2889, -10780, 1952, -48156, -2012, -15566, 39694
17866.7, 979, 2889, -10780, 1952, -48156, -2012, -15566, 39672
17870.5, 987, 2889, -10780, 1952, -48156, -2012, -15566, 39618
17874.7, 1080, 3061, -10463, 1765, -44481, -3618, -14787, 39618
17878.4, 1005, 3061, -10463, 1765, -44481, -3618, -14787, 39643
17882.7, 1058, 2823, -10164, 1623, -40145, -2323, -13160, 39643
17886.4, 975, 2823, -10164, 1623, -40145, -2323, -13160, 39636
17888.7, 23, 2823, -10164, 1623, -40145, -2323, -13160, 39636
17894.4, 1104, 2320, -9908, 1055, -35814, 205, -12070, 39614
17898.1, 986, 2320, -9908, 1055, -35814, 205, -12070, 39642
17903.9, 1081, 2139, -9891, 226, -31233, 1679, -12552, 39587
17906.1, 25, 2139, -9891, 226, -31233, 1679, -12552, 39587
17908.4, 5, 2139, -9891, 226, -31233, 1679, -12552, 39587
17914.1, 1103, 2158, -10006, 379, -28219, 2502, -13855, 39578
17916.4, 26, 2158, -10006, 379, -28219, 2502, -13855, 39578
17920.6, 1079, 2429, -10082, 870, -25629, 1561, -14529, 39578
17924.3, 1022, 2429, -10082, 870, -25629, 1561, -14529, 39550
17926.6, 24, 2429, -10082, 870, -25629, 1561, -14529, 39550
17930.8, 1081, 3050, -9965, 1036, -23305, -848, -14153, 39550
17934.5, 1030, 3050, -9965, 1036, -23305, -848, -14153, 39505
17936.8, 25, 3050, -9965, 1036, -23305, -848, -14153, 39505
17942.5, 1088, 3491, -9672, 1405, -20239, -1715, -12740, 39530
17946.2, 1003, 3491, -9672, 1405, -20239, -1715, -12740, 39507
17950.5, 1061, 3745, -9430, 1281, -17552, 2454, -10675, 39507
17954.2, 1009, 3745, -9430, 1281, -17552, 2454, -10675, 40002
17956.4, 27, 3745, -9430, 1281, -17552, 2454, -10675, 40002
17960.7, 1069, 3247, -9084, 793, -16178, 11160, -8220, 40002
17964.4, 1008, 3247, -9084, 793, -16178, 11160, -8220, 39494
17966.6, 26, 3247, -9084, 793, -16178, 11160, -8220, 39494
17972.3, 1118, 2672, -8927, 1332, -13855, 19232, -5451, 39482
17976.1, 989, 2672, -8927, 1332, -13855, 19232, -5451, 39477
17980.3, 1087, 2566, -9329, 1453, -11116, 22050, -4068, 39477
17984.0, 1034, 2566, -9329, 1453, -11116, 22050, -4068, 39463
17988.2, 1070, 2566, -9329, 1453, -11116, 22050, -4138, 39463
17992.0, 1006, 2566, -9329, 1453, -11116, 22050, -4138, 39443
17995.7, 1023, 2566, -9329, 1453, -11116, 22050, -4138, 39435
18000.0, 1082, 3393, -9680, 1208, -7441, 13304, -3990, 39435
18003.7, 1027, 3393, -9680, 1208, -7441, 13304, -3990, 39414
18007.9, 1091, 3393, -9680, 1208, -7441, 13304, -2708, 39414
18011.6, 1042, 3393, -9680, 1208, -7441, 13304, -2708, 39393
18015.3, 1032, 3393, -9680, 1208, -7441, 13304, -2708, 39377
18019.6, 1106, 3975, -9358, 1018, -5595, 5897, -472, 39377
18023.3, 1038, 3975, -9358, 1018, -5595, 5897, -472, 39363
18029.0, 1102, 4103, -9343, 676, -5289, 3600, 2629, 39348
18032.7, 1008, 4103, -9343, 676, -5289, 3600, 2629, 39353
18038.5, 1090, 4103, -9343, 254, -4335, 3469, 5455, 39323
18042.2, 1007, 4103, -9343, 254, -4335, 3469, 5455, 39307
18047.9, 1085, 4051, -9476, 254, -3504, 5683, 7520, 39298
18051.6, 942, 4051, -9476, 254, -3504, 5683, 7520, 39270
18053.9, 23, 4051, -9476, 254, -3504, 5683, 7520, 39270
18059.6, 1073, 2885, -9075, 84, -3486, 13357, 8868, 39272
18063.4, 974, 2885, -9075, 84, -3486, 13357, 8868, 39281
18067.6, 1061, 2885, -9075, 84, -831, 15872, 9323, 39281
18071.3, 956, 2885, -9075, 84, -831, 15872, 9323, 39244
18075.6, 1053, 2219, -8595, 457, -831, 15872, 9323, 39244
18079.3, 978, 2219, -8595, 457, -831, 15872, 9323, 39229
18081.6, 23, 2219, -8595, 457, -831, 15872, 9323, 39229
18085.8, 1040, 1782, -8455, 617, 498, 12810, 10119, 39229
18089.6, 959, 1782, -8455, 617, 498, 12810, 10119, 39182
18091.9, 20, 1782, -8455, 617, 498, 12810, 10119, 39182
18097.6, 1053, 1913, -8352, 680, 1557, 4073, 10491, 39225
18101.3, 966, 1913, -8352, 680, 1557, 4073, 10491, 39195
18105.6, 1050, 2193, -8308, 689, 1850, -6304, 10863, 39195
18109.3, 971, 2193, -8308, 689, 1850, -6304, 10863, 39186
18111.5, 23, 2193, -8308, 689, 1850, -6304, 10863, 39186
18115.8, 1047, 2812, -8416, 297, 2725, -14735, 11830, 39186
18119.5, 971, 2812, -8416, 297, 2725, -14735, 11830, 39140
18121.7, 23, 2812, -8416, 297, 2725, -14735, 11830, 39140
18127.4, 1080, 3472, -8461, -288, 2918, -17605, 13553, 39168
18131.2, 969, 3472, -8461, -288, 2918, -17605, 13553, 39160
18135.4, 1071, 3886, -8568, -291, 2393, -15023, 14586, 39160
18139.1, 966, 3886, -8568, -291, 2393, -15023, 14586, 39106
18143.4, 1061, 3659, -8748, -312, -13, -6903, 14153, 39106
18147.1, 981, 3659, -8748, -312, -13, -6903, 14153, 39138
18150.9, 997, 3659, -8748, -312, -13, -6903, 14153, 39154
18155.1, 1052, 3283, -9033, 113, -2721, 2633, 13689, 39154
18158.8, 996, 3283, -9033, 113, -2721, 2633, 13689, 39100
18163.0, 1075, 2689, -9230, 985, -4515, 8903, 14162, 39100
18166.7, 959, 2689, -9230, 985, -4515, 8903, 14162, 39093
18170.5, 1002, 2689, -9230, 985, -4515, 8903, 14162, 39099
18174.7, 1080, 2284, -9198, 1621, -5328, 9467, 14848, 39099
18178.4, 996, 2284, -9198, 1621, -5328, 9467, 14848, 39096
18182.7, 1062, 1968, -9134, 1654, -5438, 3705, 14621, 39096
18186.4, 966, 1968, -9134, 1654, -5438, 3705, 14621, 39093
18188.7, 22, 1968, -9134, 1654, -5438, 3705, 14621, 39093
18194.4, 1104, 1983, -9259, 1522, -5713, -4585, 13553, 39075
18198.2, 976, 1983, -9259, 1522, -5713, -4585, 13553, 39114
18203.9, 1085, 2325, -9684, 1229, -7048, -14621, 11751, 39074
18207.6, 993, 2325, -9684, 1229, -7048, -14621, 11751, 39067
18213.3, 1078, 2714, -9993, 558, -8216, -22671, 10622, 39056
18217.1, 997, 2714, -9993, 558, -8216, -22671, 10622, 39056
18222.8, 1099, 2907, -10205, -29, -8194, -22977, 10928, 39039
18226.5, 936, 2907, -10205, -29, -8194, -22977, 10928, 39038
18230.8, 1064, 3043, -10086, 114, -8723, -17351, 11755, 39038
18234.5, 996, 3043, -10086, 114, -8723, -17351, 11755, 39030
18236.8, 22, 3043, -10086, 114, -8723, -17351, 11755, 39030
18242.5, 1065, 3023, -10176, 381, -8115, -10666, 11423, 39017
18246.2, 955, 3023, -10176, 381, -8115, -10666, 11423, 39025
18250.5, 1062, 2711, -10314, 656, -7332, -5705, 10771, 39025
18254.2, 985, 2711, -10314, 656, -7332, -5705, 10771, 39014
18256.5, 23, 2711, -10314, 656, -7332, -5705, 10771, 39014
18260.7, 1056, 2041, -10015, 1127, -7914, -5114, 10434, 39014
18264.5, 971, 2041, -10015, 1127, -7914, -5114, 10434, 38987
18266.8, 21, 2041, -10015, 1127, -7914, -5114, 10434, 38987
18272.5, 1077, 1890, -9954, 894, -6090, -7945, 11012, 38991
18276.2, 994, 1890, -9954, 894, -6090, -7945, 11012, 39006
18280.5, 1066, 2014, -9910, 1244, -7048, -9095, 11572, 39006
18284.2, 997, 2014, -9910, 1244, -7048, -9095, 11572, 38990
18286.4, 24, 2014, -9910, 1244, -7048, -9095, 11572, 38990
18290.6, 1064, 2104, -9692, 1674, -8505, -14258, 10548, 38990
18294.4, 985, 2104, -9692, 1674, -8505, -14258, 10548, 39229
18298.6, 1089, 2386, -9684, 939, -8798, -19219, 9432, 39229
18302.3, 1016, 2386, -9684, 939, -8798, -19219, 9432, 39007
18306.0, 1007, 2386, -9684, 939, -8798, -19219, 9432, 38978
18310.3, 1088, 1846, -9634, 668, -10788, -19849, 9183, 38978
18314.0, 1023, 1846, -9634, 668, -10788, -19849, 9183, 38973
18318.2, 1064, 1821, -10030, 473, -8933, -16087, 9839, 38973
18322.0, 989, 1821, -10030, 473, -8933, -16087, 9839, 39021
18325.7, 1009, 1821, -10030, 473, -8933, -16087, 9839, 38978
18329.9, 1082, 1697, -10475, 527, -8443, -16397, 8098, 38978
18333.7, 988, 1697, -10475, 527, -8443, -16397, 8098, 38976
18337.9, 1074, 1801, -10624, 16, -8623, -20904, 4375, 38976
18341.6, 992, 1801, -10624, 16, -8623, -20904, 4375, 38969
18345.4, 999, 1801, -10624, 16, -8623, -20904, 4375, 38948
18349.6, 1090, 1844, -10411, -30, -8080, -22623, 2038, 38948
18353.3, 1014, 1844, -10411, -30, -8080, -22623, 2038, 38864
18359.0, 1123, 2024, -10218, 354, -6768, -25747, 1903, 38973
18362.8, 995, 2024, -10218, 354, -6768, -25747, 1903, 38984
18368.5, 1097, 2090, -10172, 290, -4983, -30721, 2366, 38946
18372.2, 1018, 2090, -10172, 290, -4983, -30721, 2366, 38976
18377.9, 1078, 1872, -10341, -21, -4379, -31452, 2117, 38945
18381.6, 985, 1872, -10341, -21, -4379, -31452, 2117, 38951
18385.9, 1075, 1469, -10545, -111, -3661, -27567, 1045, 38951
18389.6, 1004, 1469, -10545, -111, -3661, -27567, 1045, 38824
18391.9, 23, 1469, -10545, -111, -3661, -27567, 1045, 38824
18397.6, 1060, 1356, -10830, 37, -2791, -23060, -122, 38814
18401.3, 986, 1356, -10830, 37, -2791, -23060, -122, 38844
18405.6, 1064, 1570, -10942, 72, -2349, -21310, -1605, 38844
18409.3, 987, 1570, -10942, 72, -2349, -21310, -1605, 38812
18411.6, 22, 1570, -10942, 72, -2349, -21310, -1605, 38812
18415.8, 1067, 1855, -10797, -141, -2086, -20952, -2786, 38812
18419.6, 978, 1855, -10797, -141, -2086, -20952, -2786, 38809
18421.8, 22, 1855, -10797, -141, -2086, -20952, -2786, 38809
18427.5, 1067, 2028, -10515, 2, -2576, -20116, -3867, 38806
18431.3, 985, 2028, -10515, 2, -2576, -20116, -3867, 38804
18435.5, 1061, 2079, -10264, 212, -2673, -20689, -4589, 38804
18439.3, 976, 2079, -10264, 212, -2673, -20689, -4589, 38798
18441.5, 22, 2079, -10264, 212, -2673, -20689, -4589, 38798
18445.8, 1066, 2787, -10478, -531, 975, -18637, -3513, 38798
18449.5, 985, 2787, -10478, -531, 975, -18637, -3513, 38842
18451.8, 22, 2787, -10478, -531, 975, -18637, -3513, 38842
18457.5, 1081, 2558, -10350, 22, 634, -12635, -2585, 38789
18461.2, 985, 2558, -10350, 22, 634, -12635, -2585, 38796
18465.5, 1058, 2442, -9990, -163, 1924, -9476, -3758, 38796
18469.2, 1006, 2442, -9990, -163, 1924, -9476, -3758, 38791
18473.5, 1042, 2132, -9682, -627, 3491, -4576, -4720, 38791
18477.2, 1006, 2132, -9682, -627, 3491, -4576, -4720, 38785
18480.9, 1006, 2132, -9682, -627, 3491, -4576, -4720, 38779
18485.2, 1090, 1703, -9522, -419, 5013, 2598, -5096, 38779
18488.9, 1016, 1703, -9522, -419, 5013, 2598, -5096, 38814
18493.1, 1072, 1378, -9731, 80, 5390, 6125, -6081, 38814
18496.9, 951, 1378, -9731, 80, 5390, 6125, -6081, 38777
18500.7, 992, 1378, -9731, 80, 5390, 6125, -6081, 38776
18504.9, 1063, 1368, -9929, 468, 4606, 4326, -7686, 38776
18508.7, 983, 1368, -9929, 468, 4606, 4326, -7686, 38776
18512.9, 1048, 1747, -9689, 474, 4725, -590, -8281, 38776
18516.6, 965, 1747, -9689, 474, 4725, -590, -8281, 38744
18518.9, 21, 1747, -9689, 474, 4725, -590, -8281, 38744
18524.6, 1093, 2121, -9463, 505, 3906, -4891, -8001, 38765
18528.3, 1007, 2121, -9463, 505, 3906, -4891, -8001, 38754
18532.6, 1081, 2353, -9427, 224, 3500, -6978, -7634, 38754
18536.3, 982, 2353, -9427, 224, 3500, -6978, -7634, 38761
18538.6, 21, 2353, -9427, 224, 3500, -6978, -7634, 38761
18544.3, 1108, 2389, -9726, -19, 3815, -5534, -7258, 38789
18548.0, 1012, 2389, -9726, -19, 3815, -5534, -7258, 38751
18553.7, 1096, 2220, -9856, -15, 4974, -148, -6693, 38749
18556.0, 26, 2220, -9856, -15, 4974, -148, -6693, 38749
18558.2, 4, 2220, -9856, -15, 4974, -148, -6693, 38749
18563.9, 1109, 2029, -9689, -108, 6072, 6168, -6195, 38756
18566.2, 27, 2029, -9689, -108, 6072, 6168, -6195, 38756
18570.4, 1076, 2029, -9689, -108, 6868, 9559, -5578, 38756
18574.1, 1021, 2029, -9689, -108, 6868, 9559, -5578, 38747
18576.4, 24, 2029, -9689, -108, 6868, 9559, -5578, 38747
18580.6, 1096, 1858, -9482, -223, 7717, 10399, -4760, 38747
18584.3, 1023, 1858, -9482, -223, 7717, 10399, -4760, 38770
18586.6, 23, 1858, -9482, -223, 7717, 10399, -4760, 38770
18590.8, 1094, 1504, -9790, -163, 9423, 8063, -4431, 38770
18594.5, 1011, 1504, -9790, -163, 9423, 8063, -4431, 38677
18596.8, 23, 1504, -9790, -163, 9423, 8063, -4431, 38677
18602.5, 1089, 1486, -10204, -180, 11694, 3491, -4611, 38741
18606.2, 1041, 1486, -10204, -180, 11694, 3491, -4611, 38740
18610.4, 1074, 1638, -10446, -186, 15238, -205, -5184, 38740
18614.2, 982, 1638, -10446, -186, 15238, -205, -5184, 38747
18616.4, 23, 1638, -10446, -186, 15238, -205, -5184, 38747
18620.7, 1087, 1939, -10427, -540, 21127, -109, -5363, 38747
18624.4, 1019, 1939, -10427, -540, 21127, -109, -5363, 38758
18628.6, 1085, 1939, -10427, -540, 21127, -109, -5363, 38758
18632.3, 1031, 1939, -10427, -540, 21127, -109, -5363, 38713
18636.0, 1033, 1939, -10427, -540, 21127, -109, -5363, 38721
18640.3, 1084, 2452, -9562, -1987, 36151, 1981, -3780, 38721
18644.0, 1033, 2452, -9562, -1987, 36151, 1981, -3780, 38714
18648.2, 1064, 2452, -9562, -1987, 36151, 1981, -3780, 38714
18652.0, 1003, 2452, -9562, -1987, 36151, 1981, -3780, 38723
18655.7, 1035, 2452, -9562, -1987, 36151, 1981, -3780, 38721
18660.0, 1084, 2276, -8981, -227, 40915, -12223, -3666, 38721
18663.7, 1021, 2276, -8981, -227, 40915, -12223, -3666, 38716
18667.9, 1073, 2276, -8981, -227, 40915, -12223, -3666, 38716
18671.6, 1005, 2276, -8981, -227, 40915, -12223, -3666, 38706
18675.4, 1031, 2276, -8981, -227, 40915, -12223, -3666, 38699
18679.6, 1081, 2425, -9831, 1549, 40583, -21512, 5871, 38699
18683.3, 998, 2425, -9831, 1549, 40583, -21512, 5871, 38702
18687.6, 1073, 2425, -9831, 1549, 40583, -21512, 5871, 38702
18691.3, 987, 2425, -9831, 1549, 40583, -21512, 5871, 38704
18693.6, 21, 2425, -9831, 1549, 40583, -21512, 5871, 38704
18699.3, 1095, 1881, -9607, 1470, 40220, 866, 7958, 38707
18703.1, 973, 1881, -9607, 1470, 40220, 866, 7958, 38692
18708.8, 1148, 1881, -9607, 1470, 40220, 866, 7958, 38695
18711.0, 27, 1881, -9607, 1470, 40220, 866, 7958, 38695
18713.3, 3, 1881, -9607, 1470, 40220, 866, 7958, 38695
18719.0, 1098, 1505, -9281, 2480, 37581, 12433, 5805, 38688
18721.3, 24, 1505, -9281, 2480, 37581, 12433, 5805, 38688
18725.5, 1106, 1555, -9409, 3449, 35840, 8281, 5805, 38688
18729.2, 1043, 1555, -9409, 3449, 35840, 8281, 5805, 38680
18731.5, 22, 1555, -9409, 3449, 35840, 8281, 5805, 38680
18735.7, 1088, 1704, -9733, 2895, 35197, -15286, 7616, 38680
18739.4, 1033, 1704, -9733, 2895, 35197, -15286, 7616, 38672
18741.7, 23, 1704, -9733, 2895, 35197, -15286, 7616, 38672
18745.9, 1101, 2173, -9868, 1661, 36330, -35293, 12363, 38672
18749.6, 1004, 2173, -9868, 1661, 36330, -35293, 12363, 38692
18751.9, 21, 2173, -9868, 1661, 36330, -35293, 12363, 38692
18757.6, 1144, 2579, -10207, 1247, 39506, -41156, 17058, 38655
18761.3, 1043, 2579, -10207, 1247, 39506, -41156, 17058, 38641
18765.6, 1093, 3047, -10539, 173, 40189, -42442, 18082, 38641
18769.3, 994, 3047, -10539, 173, 40189, -42442, 18082, 38646
18771.5, 23, 3047, -10539, 173, 40189, -42442, 18082, 38646
18775.8, 1058, 3226, -11194, 696, 41484, -38373, 16406, 38646
18779.5, 1042, 3226, -11194, 696, 41484, -38373, 16406, 38629
18783.7, 1115, 2807, -11597, 779, 44319, -27851, 14127, 38629
18787.7, 724, 2807, -11597, 779, 44319, -27851, 14127, 38630
18791.4, 1008, 2807, -11597, 779, 44319, -27851, 14127, 38558
18795.7, 1108, 2042, -11285, 806, 47123, -17403, 13418, 38558
18799.4, 1064, 2042, -11285, 806, 47123, -17403, 13418, 38611
18803.6, 1049, 1735, -11212, 2345, 50698, -14385, 15063, 38611
18807.4, 969, 1735, -11212, 2345, 50698, -14385, 15063, 38611
18811.1, 1050, 1735, -11212, 2345, 50698, -14385, 15063, 38616
18815.3, 1098, 1749, -11222, 2606, 53865, -21477, 17649, 38616
18819.1, 1040, 1749, -11222, 2606, 53865, -21477, 17649, 38628
18823.3, 1089, 2140, -11324, 2535, 58310, -34738, 18703, 38628
18827.0, 1055, 2140, -11324, 2535, 58310, -34738, 18703, 38599
18830.7, 1037, 2140, -11324, 2535, 58310, -34738, 18703, 38600
18835.0, 1046, 2169, -11697, 1563, 60249, -45553, 17745, 38600
18838.7, 1031, 2169, -11697, 1563, 60249, -45553, 17745, 38595
18842.9, 1081, 2059, -12116, 650, 61929, -44949, 14608, 38595
18846.7, 965, 2059, -12116, 650, 61929, -44949, 14608, 38599
18849.0, 20, 2059, -12116, 650, 61929, -44949, 14608, 38599
18854.7, 1115, 2146, -12803, 1425, 64094, -38268, 9489, 38529
18858.5, 995, 2146, -12803, 1425, 64094, -38268, 9489, 38581
18862.7, 1054, 2641, -12580, 1450, 66282, -34444, 1706, 38581
18866.4, 989, 2641, -12580, 1450, 66282, -34444, 1706, 38549
18868.7, 22, 2641, -12580, 1450, 66282, -34444, 1706, 38549
18874.4, 1137, 3188, -11848, 1868, 70613, -31198, -4576, 38583
18876.7, 25, 3188, -11848, 1868, 70613, -31198, -4576, 38583
18880.9, 1106, 3145, -10639, 2548, 73488, -25791, -4046, 38583
18884.6, 1047, 3145, -10639, 2548, 73488, -25791, -4046, 38564
18886.9, 24, 3145, -10639, 2548, 73488, -25791, -4046, 38564
18892.6, 1076, 3246, -10491, 3233, 77259, -29431, 818, 38434
18896.3, 1005, 3246, -10491, 3233, 77259, -29431, 818, 38430
18900.6, 1092, 2912, -11048, 2231, 80335, -37787, 4825, 38430
18904.3, 1044, 2912, -11048, 2231, 80335, -37787, 4825, 38420
18906.6, 24, 2912, -11048, 2231, 80335, -37787, 4825, 38420
18910.8, 1085, 2644, -11668, 1690, 83493, -36829, 5621, 38420
18914.6, 1027, 2644, -11668, 1690, 83493, -36829, 5621, 38565
18916.8, 24, 2644, -11668, 1690, 83493, -36829, 5621, 38565
18922.5, 1114, 2593, -12088, 2425, 86503, -29024, 1036, 38396
18926.3, 1007, 2593, -12088, 2425, 86503, -29024, 1036, 38342
18930.5, 1065, 2653, -11391, 2679, 88682, -22277, -7398, 38342
18934.3, 1011, 2653, -11391, 2679, 88682, -22277, -7398, 38372
18936.5, 25, 2653, -11391, 2679, 88682, -22277, -7398, 38372
18940.8, 1108, 2630, -10430, 2695, 92607, -16935, -14035, 38372
18944.5, 1029, 2630, -10430, 2695, 92607, -16935, -14035, 38362
18948.7, 1094, 2588, -9918, 2877, 95656, -15465, -15802, 38362
18952.4, 1068, 2588, -9918, 2877, 95656, -15465, -15802, 38347
18956.1, 1007, 2588, -9918, 2877, 95656, -15465, -15802, 38312
18960.4, 1114, 2608, -9984, 2827, 100088, -20260, -13269, 38312
18964.1, 1091, 2608, -9984, 2827, 100088, -20260, -13269, 38333
18968.3, 1086, 2863, -10686, 3099, 103277, -32121, -8872, 38333
18972.1, 1011, 2863, -10686, 3099, 103277, -32121, -8872, 38264
18975.8, 1043, 2863, -10686, 3099, 103277, -32121, -8872, 38309
18980.0, 1088, 3535, -11274, 3598, 104275, -45509, -8128, 38309
18983.8, 1031, 3535, -11274, 3598, 104275, -45509, -8128, 38300
18988.0, 1107, 3422, -11245, 3144, 106336, -44866, -13252, 38300
18991.7, 991, 3422, -11245, 3144, 106336, -44866, -13252, 38289
18995.5, 1025, 3422, -11245, 3144, 106336, -44866, -13252, 38315
18999.7, 1119, 2508, -10106, 2654, 109166, -16813, -20313, 38315
19003.4, 1027, 2508, -10106, 2654, 109166, -16813, -20313, 38262
19007.7, 1107, 1492, -9453, 2696, 112553, 20877, -27676, 38262
19011.4, 1002, 1492, -9453, 2696, 112553, 20877, -27676, 38267
19013.7, 25, 1492, -9453, 2696, 112553, 20877, -27676, 38267
19019.4, 1119, 897, -8968, 4700, 114801, 44879, -36619, 38267
19023.1, 1025, 897, -8968, 4700, 114801, 44879, -36619, 38239
19028.9, 1107, 1284, -8860, 5005, 116311, 40163, -45351, 38264
19032.6, 1021, 1284, -8860, 5005, 116311, 40163, -45351, 38264
19038.3, 1100, 1964, -9156, 5337, 118630, 15750, -48965, 38267
19040.6, 25, 1964, -9156, 5337, 118630, 15750, -48965, 38267
19042.9, 6, 1964, -9156, 5337, 118630, 15750, -48965, 38267
19048.6, 1111, 2938, -9114, 4469, 122025, -6969, -44717, 38278
19050.8, 27, 2938, -9114, 4469, 122025, -6969, -44717, 38278
19055.1, 1064, 4217, -9194, 4660, 127647, -21958, -38986, 38278
19058.8, 1061, 4217, -9194, 4660, 127647, -21958, -38986, 38245
19061.1, 26, 4217, -9194, 4660, 127647, -21958, -38986, 38245
19065.3, 1098, 5337, -8870, 4734, 131733, -32668, -38312, 38245
19069.1, 1009, 5337, -8870, 4734, 131733, -32668, -38312, 38243
19071.3, 23, 5337, -8870, 4734, 131733, -32668, -38312, 38243
19075.6, 1127, 4521, -8051, 4052, 131309, -30397, -40968, 38243
19079.3, 1054, 4521, -8051, 4052, 131309, -30397, -40968, 38224
19081.6, 23, 4521, -8051, 4052, 131309, -30397, -40968, 38224
19085.8, 1104, 3034, -7176, 3833, 130897, -3517, -40421, 38224
19089.5, 968, 3034, -7176, 3833, 130897, -3517, -40421, 38211
19091.8, 22, 3034, -7176, 3833, 130897, -3517, -40421, 38211
19097.5, 1154, 2039, -6656, 5141, 133610, 28604, -40950, 38191
19101.2, 1067, 2039, -6656, 5141, 133610, 28604, -40950, 38180
19105.5, 1079, 1243, -6661, 6277, 134144, 38010, -46261, 38180
19109.2, 1002, 1243, -6661, 6277, 134144, 38010, -46261, 38175
19113.4, 1117, 896, -6061, 5831, 134883, 32169, -52303, 38175
19117.1, 1066, 896, -6061, 5831, 134883, 32169, -52303, 38166
19120.9, 1028, 896, -6061, 5831, 134883, 32169, -52303, 38176
19125.2, 1089, 1690, -6029, 5791, 137876, 17889, -56757, 38176
19128.9, 1035, 1690, -6029, 5791, 137876, 17889, -56757, 38158
19133.2, 1006, 2834, -6051, 5713, 141008, -5070, -59719, 38158
19136.9, 1062, 2834, -6051, 5713, 141008, -5070, -59719, 38163
19140.7, 1063, 2834, -6051, 5713, 141008, -5070, -59719, 38142
19144.9, 1134, 4397, -6187, 5605, 142955, -26136, -61841, 38142
19148.6, 1088, 4397, -6187, 5605, 142955, -26136, -61841, 38131
19152.8, 1051, 4359, -6044, 5872, 143318, -27422, -63407, 38131
19156.5, 1010, 4359, -6044, 5872, 143318, -27422, -63407, 38127
19158.8, 24, 4359, -6044, 5872, 143318, -27422, -63407, 38127
19164.5, 1138, 2980, -5180, 5784, 143222, -2690, -62681, 38161
19168.2, 1016, 2980, -5180, 5784, 143222, -2690, -62681, 38115
19174.0, 1110, 2124, -4630, 6930, 142872, 34676, -63281, 38138
19177.7, 1046, 2124, -4630, 6930, 142872, 34676, -63281, 38102
19183.4, 1094, 1258, -4509, 7240, 140514, 57532, -70578, 38085
19187.2, 1034, 1258, -4509, 7240, 140514, 57532, -70578, 38069
19192.9, 1067, 1258, -4509, 7240, 141761, 58757, -81643, 38045
19196.6, 1054, 1258, -4509, 7240, 141761, 58757, -81643, 38039
19202.3, 1140, 1193, -4249, 7758, 141761, 43527, -88993, 38018
19206.0, 956, 1193, -4249, 7758, 141761, 43527, -88993, 38003
19208.3, 23, 1193, -4249, 7758, 141761, 43527, -88993, 38003
19214.0, 1137, 3291, -4371, 8261, 143340, 24172, -90730, 38010
19216.3, 26, 3291, -4371, 8261, 143340, 24172, -90730, 38010
19220.5, 1074, 3291, -4371, 8261, 143340, 8531, -88415, 38010
19224.2, 1031, 3291, -4371, 8261, 143340, 8531, -88415, 37986
19226.5, 23, 3291, -4371, 8261, 143340, 8531, -88415, 37986
19230.7, 1102, 4577, -4363, 8357, 143287, 6623, -84163, 37986
19234.4, 1047, 4577, -4363, 8357, 143287, 6623, -84163, 37969
19236.7, 25, 4577, -4363, 8357, 143287, 6623, -84163, 37969
19240.9, 1111, 5502, -4079, 8603, 142058, 17032, -79578, 37969
19244.6, 1029, 5502, -4079, 8603, 142058, 17032, -79578, 37977
19246.9, 23, 5502, -4079, 8603, 142058, 17032, -79578, 37977
19252.6, 1060, 4278, -3384, 7832, 141345, 30901, -72875, 37971
19256.3, 1056, 4278, -3384, 7832, 141345, 30901, -72875, 37979
19260.6, 1137, 4278, -3384, 7821, 140816, 43046, -64829, 37979
19264.3, 1021, 4278, -3384, 7821, 140816, 43046, -64829, 37985
19266.6, 23, 4278, -3384, 7821, 140816, 43046, -64829, 37985
19270.9, 1032, 3617, -3882, 8778, 141822, 43636, -60756, 37985
19274.6, 1048, 3617, -3882, 8778, 141822, 43636, -60756, 37983
19278.8, 1119, 3617, -3882, 8778, 141822, 43636, -60756, 37983
19282.6, 1019, 3617, -3882, 8778, 141822, 43636, -60756, 37974
19286.3, 1032, 3617, -3882, 8778, 141822, 43636, -60756, 37969
19290.6, 1096, 3247, -3488, 9617, 137766, 28831, -65573, 37969
19294.3, 1031, 3247, -3488, 9617, 137766, 28831, -65573, 37958
19298.5, 1075, 3247, -3488, 9617, 137766, 28831, -65573, 37958
19302.2, 1032, 3247, -3488, 9617, 137766, 28831, -65573, 37945
19305.9, 1068, 3247, -3488, 9617, 137766, 28831, -65573, 37934
19310.2, 1120, 4485, -3097, 8685, 136913, 15850, -61574, 37934
19313.9, 1033, 4485, -3097, 8685, 136913, 15850, -61574, 37918
19318.1, 1063, 4485, -3097, 8685, 136913, 15850, -61574, 37918
19321.9, 978, 4485, -3097, 8685, 136913, 15850, -61574, 37902
19325.6, 1045, 4485, -3097, 8685, 136913, 15850, -61574, 37886
19329.8, 1092, 4553, -2825, 8775, 133693, 21275, -52273, 37886
19333.6, 1023, 4553, -2825, 8775, 133693, 21275, -52273, 37895
19337.8, 1110, 4240, -2825, 8775, 133693, 21275, -52273, 37895
19341.5, 1029, 4240, -2825, 8775, 133693, 21275, -52273, 37904
19343.8, 26, 4240, -2825, 8775, 133693, 21275, -52273, 37904
19349.5, 1118, 3954, -2689, 8586, 130171, 19836, -45745, 37877
19353.2, 979, 3954, -2689, 8586, 130171, 19836, -45745, 37873
19359.0, 1137, 3631, -2689, 8586, 130171, 19836, -45745, 37856
19361.2, 26, 3631, -2689, 8586, 130171, 19836, -45745, 37856
19363.5, 6, 3631, -2689, 8586, 130171, 19836, -45745, 37856
19369.2, 1109, 3273, -2295, 8637, 128526, 21954, -44634, 37829
19371.4, 25, 3273, -2295, 8637, 128526, 21954, -44634, 37829
19375.7, 1057, 3189, -1936, 8881, 127336, 23546, -44065, 37829
19379.4, 1029, 3189, -1936, 8881, 127336, 23546, -44065, 37848
19381.7, 22, 3189, -1936, 8881, 127336, 23546, -44065, 37848
19387.4, 1173, 3202, -1807, 8673, 127266, 22649, -43794, 37838
19391.1, 956, 3202, -1807, 8673, 127266, 22649, -43794, 37816
19395.4, 1118, 3541, -2010, 8985, 128596, 17732, -44402, 37816
19399.1, 1054, 3541, -2010, 8985, 128596, 17732, -44402, 37816
19401.4, 23, 3541, -2010, 8985, 128596, 17732, -44402, 37816
19405.6, 1087, 4024, -1992, 8985, 127808, 11475, -45596, 37816
19409.3, 1034, 4024, -1992, 8985, 127808, 11475, -45596, 37801
19411.6, 23, 4024, -1992, 8985, 127808, 11475, -45596, 37801
19415.8, 1100, 4259, -1545, 9375, 125529, 7879, -44756, 37801
19419.5, 1062, 4259, -1545, 9375, 125529, 7879, -44756, 37820
19423.8, 1082, 3944, -1161, 9270, 121810, 11939, -39799, 37820
19427.5, 1002, 3944, -1161, 9270, 121810, 11939, -39799, 37791
19431.3, 990, 3944, -1161, 9270, 121810, 11939, -39799, 37743
19435.5, 1072, 3805, -930, 9098, 119408, 16021, -34339, 37743
19439.3, 1052, 3805, -930, 9098, 119408, 16021, -34339, 37777
19443.5, 1075, 3506, -1041, 8256, 116954, 16852, -32108, 37777
19447.2, 991, 3506, -1041, 8256, 116954, 16852, -32108, 37646
19451.0, 1014, 3506, -1041, 8256, 116954, 16852, -32108, 37749
19455.2, 1103, 2770, -936, 8328, 118008, 18734, -31859, 37749
19459.0, 1003, 2770, -936, 8328, 118008, 18734, -31859, 37628
19463.2, 1090, 2021, -1013, 7775, 117063, 24176, -31924, 37628
19466.9, 1006, 2021, -1013, 7775, 117063, 24176, -31924, 37624
19470.6, 1054, 2021, -1013, 7775, 117063, 24176, -31924, 37626
19474.9, 1119, 1819, -357, 8598, 117715, 29907, -33915, 37626
19478.6, 1048, 1819, -357, 8598, 117715, 29907, -33915, 37655
19482.8, 1067, 1729, 171, 8605, 116066, 28118, -37069, 37655
19486.5, 970, 1729, 171, 8605, 116066, 28118, -37069, 37615
19488.9, 25, 1729, 171, 8605, 116066, 28118, -37069, 37615
19494.5, 1167, 2391, 811, 9699, 113515, 19687, -39843, 37609
19498.3, 1020, 2391, 811, 9699, 113515, 19687, -39843, 37613
19504.0, 1094, 2750, 1309, 9014, 110041, 10968, -40027, 37610
19507.7, 1006, 2750, 1309, 9014, 110041, 10968, -40027, 37620
19513.4, 1122, 2961, 1174, 8426, 109079, 7450, -36693, 37617
19517.1, 1018, 2961, 1174, 8426, 109079, 7450, -36693, 37617
19522.9, 1105, 2744, 1287, 9113, 109604, 10211, -31430, 37610
19526.6, 1022, 2744, 1287, 9113, 109604, 10211, -31430, 37627
19532.3, 1116, 2843, 913, 8147, 110842, 11370, -26617, 37628
19536.0, 942, 2843, 913, 8147, 110842, 11370, -26617, 37627
19540.3, 1048, 2737, 956, 7362, 111052, 15360, -24040, 37627
19544.0, 1046, 2737, 956, 7362, 111052, 15360, -24040, 37630
19546.3, 25, 2737, 956, 7362, 111052, 15360, -24040, 37630
19550.5, 1082, 2873, 1681, 7837, 106839, 18843, -23419, 37630
19554.2, 1017, 2873, 1681, 7837, 106839, 18843, -23419, 37602
19556.5, 25, 2873, 1681, 7837, 106839, 18843, -23419, 37602
19560.7, 1079, 2791, 2287, 8949, 105154, 18279, -21822, 37602
19564.4, 1011, 2791, 2287, 8949, 105154, 18279, -21822, 37635
19566.7, 26, 2791, 2287, 8949, 105154, 18279, -21822, 37635
19570.9, 1067, 2673, 2329, 8953, 104717, 15190, -19455, 37635
19574.6, 1019, 2673, 2329, 8953, 104717, 15190, -19455, 37623
19578.9, 1075, 2410, 2105, 8681, 105054, 15076, -16275, 37623
19582.7, 1038, 2410, 2105, 8681, 105054, 15076, -16275, 37624
19586.4, 1033, 2410, 2105, 8681, 105054, 15076, -16275, 37617
19590.7, 1088, 1997, 1801, 9050, 104524, 16870, -14026, 37617
19594.4, 1000, 1997, 1801, 9050, 104524, 16870, -14026, 37610
19598.6, 1062, 1601, 1477, 8620, 103374, 23152, -13505, 37610
19602.4, 985, 1601, 1477, 8620, 103374, 23152, -13505, 37615
19606.2, 962, 1601, 1477, 8620, 103374, 23152, -13505, 37617
19610.4, 1108, 1536, 1931, 7135, 101676, 25169, -15759, 37617
19614.2, 1034, 1536, 1931, 7135, 101676, 25169, -15759, 37612
19618.4, 1045, 2391, 2793, 8153, 102433, 18484, -19175, 37612
19622.1, 1017, 2391, 2793, 8153, 102433, 18484, -19175, 37608
19625.9, 1032, 2391, 2793, 8153, 102433, 18484, -19175, 37543
19630.1, 1055, 2991, 3671, 8261, 103509, 4983, -19928, 37543
19633.9, 967, 2991, 3671, 8261, 103509, 4983, -19928, 37608
19638.1, 1105, 3252, 3654, 8398, 103413, -1404, -18073, 37608
19641.8, 1062, 3252, 3654, 8398, 103413, -1404, -18073, 37608
19645.5, 1006, 3252, 3654, 8398, 103413, -1404, -18073, 37606
19649.8, 1095, 2933, 3564, 8414, 100526, 5906, -15404, 37606
19653.5, 1028, 2933, 3564, 8414, 100526, 5906, -15404, 37594
19657.7, 1074, 2855, 3357, 8313, 96654, 16428, -12517, 37594
19661.5, 1012, 2855, 3357, 8313, 96654, 16428, -12517, 37612
19663.7, 26, 2855, 3357, 8313, 96654, 16428, -12517, 37612
19669.4, 1111, 2710, 3403, 8065, 93215, 20724, -9161, 37613
19673.2, 992, 2710, 3403, 8065, 93215, 20724, -9161, 37607
19678.9, 1066, 2415, 3334, 7411, 92703, 19272, -5127, 37646
19681.1, 28, 2415, 3334, 7411, 92703, 19272, -5127, 37646
19683.4, 7, 2415, 3334, 7411, 92703, 19272, -5127, 37646
19689.2, 1123, 2596, 3223, 7514, 94457, 14472, -2743, 37613
19691.4, 27, 2596, 3223, 7514, 94457, 14472, -2743, 37613
19695.7, 1084, 2062, 4019, 8065, 93902, 9012, -2362, 37613
19699.4, 1025, 2062, 4019, 8065, 93902, 9012, -2362, 37613
19701.7, 25, 2062, 4019, 8065, 93902, 9012, -2362, 37613
19705.9, 1070, 1358, 4660, 9302, 90699, 5350, -1815, 37613
19709.6, 1005, 1358, 4660, 9302, 90699, 5350, -1815, 37589
19711.9, 24, 1358, 4660, 9302, 90699, 5350, -1815, 37589
19717.6, 1149, 1339, 4572, 7619, 86993, 6457, -3679, 37627
19721.3, 1017, 1339, 4572, 7619, 86993, 6457, -3679, 37616
19725.5, 1079, 2338, 4518, 7660, 86070, 11904, -9629, 37616
19729.3, 980, 2338, 4518, 7660, 86070, 11904, -9629, 37618
19731.5, 25, 2338, 4518, 7660, 86070, 11904, -9629, 37618
19735.8, 1087, 3008, 4511, 7829, 86482, 11003, -14971, 37618
19739.5, 1000, 3008, 4511, 7829, 86482, 11003, -14971, 37617
19741.7, 25, 3008, 4511, 7829, 86482, 11003, -14971, 37617
19747.5, 1150, 3537, 4590, 7532, 85773, 5495, -14197, 37633
19751.2, 992, 3537, 4590, 7532, 85773, 5495, -14197, 37651
19755.5, 1069, 3264, 4787, 7381, 81608, 6588, -6685, 37651
19759.2, 1022, 3264, 4787, 7381, 81608, 6588, -6685, 37658
19763.5, 1051, 3264, 4787, 7802, 76799, 12552, 1666, 37658
19767.2, 1023, 3264, 4787, 7802, 76799, 12552, 1666, 37679
19770.9, 1028, 3264, 4787, 7802, 76799, 12552, 1666, 37685
19775.2, 1105, 1184, 4958, 6906, 73894, 20431, 4615, 37685
19778.9, 1056, 1184, 4958, 6906, 73894, 20431, 4615, 37690
19783.1, 1078, 1184, 4958, 6666, 75426, 26701, 463, 37690
19786.9, 969, 1184, 4958, 6666, 75426, 26701, 463, 37690
19790.6, 1025, 1184, 4958, 6666, 75426, 26701, 463, 37717
19794.8, 1064, 1401, 5449, 8012, 76896, 21503, -9336, 37717
19798.6, 1000, 1401, 5449, 8012, 76896, 21503, -9336, 37725
19802.8, 1098, 1401, 5449, 7395, 79035, 3570, -17981, 37725
19806.5, 1003, 1401, 5449, 7395, 79035, 3570, -17981, 37719
19808.8, 24, 1401, 5449, 7395, 79035, 3570, -17981, 37719
19814.5, 1112, 2779, 5581, 7014, 83095, -9108, -22050, 37731
19818.2, 1029, 2779, 5581, 7014, 83095, -9108, -22050, 37762
19823.9, 1130, 2956, 5574, 7207, 81770, -9047, -21297, 37745
19827.6, 999, 2956, 5574, 7207, 81770, -9047, -21297, 37750
19833.4, 1074, 2410, 6075, 7667, 76029, 1106, -16861, 37757
19837.1, 965, 2410, 6075, 7667, 76029, 1106, -16861, 37765
19842.8, 1148, 2410, 6075, 7667, 76029, 1106, -12678, 37766
19846.5, 979, 2410, 6075, 7667, 76029, 1106, -12678, 37805
19850.8, 1037, 2318, 6229, 6547, 72875, 14407, -12678, 37805
19854.5, 1017, 2318, 6229, 6547, 72875, 14407, -12678, 37805
19856.8, 27, 2318, 6229, 6547, 72875, 14407, -12678, 37805
19862.5, 1119, 2777, 6442, 6999, 70276, 18812, -14862, 37822
19866.2, 985, 2777, 6442, 6999, 70276, 18812, -14862, 37835
19870.5, 1053, 2844, 6633, 6883, 69966, 14017, -14862, 37835
19874.2, 1010, 2844, 6633, 6883, 69966, 14017, -14862, 37852
19876.4, 27, 2844, 6633, 6883, 69966, 14017, -14862, 37852
19880.7, 1060, 2871, 6609, 6866, 69340, 9835, -12350, 37852
19884.5, 968, 2871, 6609, 6866, 69340, 9835, -12350, 37872
19886.7, 24, 2871, 6609, 6866, 69340, 9835, -12350, 37872
19892.5, 1118, 2914, 6378, 6320, 69436, 9616, -10250, 37887
19896.2, 952, 2914, 6378, 6320, 69436, 9616, -10250, 37646
19900.5, 1040, 2684, 6305, 6717, 69436, 9616, -8448, 37646
19904.2, 1072, 2684, 6305, 6717, 69436, 9616, -8448, 37939
19906.4, 30, 2684, 6305, 6717, 69436, 9616, -8448, 37939
19910.7, 1075, 1936, 6562, 6640, 64379, 21227, -9100, 37939
19914.4, 1005, 1936, 6562, 6640, 64379, 21227, -9100, 37923
19918.6, 1083, 1363, 6668, 7296, 64379, 21227, -9100, 37923
19922.3, 1025, 1363, 6668, 7296, 64379, 21227, -9100, 37929
19926.1, 1008, 1363, 6668, 7296, 64379, 21227, -9100, 37974
19930.3, 1105, 1041, 6525, 6611, 65022, 23170, -21131, 37974
19934.0, 999, 1041, 6525, 6611, 65022, 23170, -21131, 37965
19938.3, 1051, 1436, 6662, 6068, 65022, 23170, -21131, 37965
19942.0, 1001, 1436, 6662, 6068, 65022, 23170, -21131, 37976
19945.7, 1028, 1436, 6662, 6068, 65022, 23170, -21131, 37617
19950.0, 1055, 2039, 7361, 6153, 70836, -7485, -25301, 37617
19953.7, 1013, 2039, 7361, 6153, 70836, -7485, -25301, 38007
19957.9, 1052, 2665, 7180, 6532, 70836, -7485, -25301, 38007
19961.7, 936, 2665, 7180, 6532, 70836, -7485, -25301, 38031
19965.5, 1052, 2665, 7180, 6532, 70836, -7485, -25301, 37970
19969.7, 1083, 2793, 7368, 5924, 67472, -3110, -20702, 37970
19973.4, 966, 2793, 7368, 5924, 67472, -3110, -20702, 38043
19977.7, 1066, 2752, 7477, 5324, 67472, -3110, -20702, 38043
19981.4, 1025, 2752, 7477, 5324, 67472, -3110, -20702, 38090
19983.7, 25, 2752, 7477, 5324, 67472, -3110, -20702, 38090
19989.4, 1097, 2796, 7599, 5662, 64081, 33631, -18690, 38056
19993.1, 1042, 2796, 7599, 5662, 64081, 33631, -18690, 38066
19998.8, 1083, 2243, 7591, 6095, 59430, 33631, -18690, 38048
20002.5, 977, 2243, 7591, 6095, 59430, 33631, -18690, 38061
20008.3, 1103, 1434, 7447, 5732, 56289, 41396, -17959, 38087
20012.0, 1017, 1434, 7447, 5732, 56289, 41396, -17959, 38098
20017.7, 1089, 1040, 7226, 5352, 54885, 46358, -19162, 38109
20021.4, 978, 1040, 7226, 5352, 54885, 46358, -19162, 38141
20025.7, 1082, 1258, 7304, 6107, 58275, 43212, -22846, 38141
20029.4, 1004, 1258, 7304, 6107, 58275, 43212, -22846, 38124
20031.7, 26, 1258, 7304, 6107, 58275, 43212, -22846, 38124
20035.9, 1088, 2077, 7571, 7198, 58962, 27221, -24968, 38124
20039.6, 1030, 2077, 7571, 7198, 58962, 27221, -24968, 38190
20041.9, 25, 2077, 7571, 7198, 58962, 27221, -24968, 38190
20047.6, 1059, 2788, 7581, 7328, 60043, 6610, -23012, 38178
20051.3, 1011, 2788, 7581, 7328, 60043, 6610, -23012, 38214
20055.6, 1073, 2764, 7103, 5755, 58372, -7966, -19350, 38214
20059.3, 999, 2764, 7103, 5755, 58372, -7966, -19350, 38230
20061.5, 27, 2764, 7103, 5755, 58372, -7966, -19350, 38230
20065.8, 1071, 2197, 7091, 4950, 54701, -6851, -15710, 38230
20069.5, 1002, 2197, 7091, 4950, 54701, -6851, -15710, 38239
20073.7, 1084, 1773, 7071, 4895, 53830, 5101, -12608, 38239
20077.4, 1047, 1773, 7071, 4895, 53830, 5101, -12608, 37822
20081.2, 987, 1773, 7071, 4895, 53830, 5101, -12608, 38299
20085.4, 1108, 1523, 7416, 5502, 55230, 13059, -11541, 38299
20089.1, 1046, 1523, 7416, 5502, 55230, 13059, -11541, 38278
20093.3, 1060, 997, 7306, 5770, 55777, 16021, -11313, 38278
20097.1, 986, 997, 7306, 5770, 55777, 16021, -11313, 38550
20100.8, 1039, 997, 7306, 5770, 55777, 16021, -11313, 38562
20105.0, 1082, 705, 7487, 6165, 54495, 20580, -12608, 38562
20108.8, 973, 705, 7487, 6165, 54495, 20580, -12608, 38570
20113.0, 1077, 528, 7347, 5355, 51813, 23966, -14923, 38570
20116.7, 1006, 528, 7347, 5355, 51813, 23966, -14923, 38583
20120.4, 1037, 528, 7347, 5355, 51813, 23966, -14923, 38600
20124.7, 1094, 970, 7273, 4562, 50763, 21695, -17115, 38600
20128.4, 1009, 970, 7273, 4562, 50763, 21695, -17115, 38612
20132.6, 1068, 1433, 7430, 5228, 51778, 12381, -18270, 38612
20136.4, 981, 1433, 7430, 5228, 51778, 12381, -18270, 38595
20138.6, 23, 1433, 7430, 5228, 51778, 12381, -18270, 38595
20144.4, 1102, 1514, 7756, 6134, 53686, -3395, -17075, 38611
20148.4, 659, 1514, 7756, 6134, 53686, -3395, -17075, 38637
20154.1, 1096, 1514, 7837, 4734, 51135, -19368, -13938, 38652
20157.9, 988, 1514, 7837, 4734, 51135, -19368, -13938, 38688
20163.6, 1119, 936, 8149, 4263, 50650, -20199, -10710, 38615
20165.8, 29, 936, 8149, 4263, 50650, -20199, -10710, 38615
20168.1, 5, 936, 8149, 4263, 50650, -20199, -10710, 38615
20173.8, 1099, 287, 8414, 4040, 48007, -4471, -7840, 38665
20176.0, 28, 287, 8414, 4040, 48007, -4471, -7840, 38665
20178.3, 4, 287, 8414, 4040, 48007, -4471, -7840, 38665
20184.0, 1123, 44, 8441, 3942, 46016, 14879, -9384, 38659
20186.2, 28, 44, 8441, 3942, 46016, 14879, -9384, 38659
20190.5, 1070, 195, 8507, 4176, 44726, 28665, -12875, 38659
20194.2, 1025, 195, 8507, 4176, 44726, 28665, -12875, 38704
20196.5, 26, 195, 8507, 4176, 44726, 28665, -12875, 38704
20200.7, 1059, 632, 8726, 4311, 46472, 29619, -14109, 38704
20204.5, 1040, 632, 8726, 4311, 46472, 29619, -14109, 38723
20206.7, 26, 632, 8726, 4311, 46472, 29619, -14109, 38723
20212.4, 1139, 1154, 8375, 4753, 47933, 18629, -13667, 38743
20216.2, 997, 1154, 8375, 4753, 47933, 18629, -13667, 38751
20220.4, 1088, 973, 8154, 5308, 48725, 2835, -13125, 38751
20224.1, 1011, 973, 8154, 5308, 48725, 2835, -13125, 38772
20226.4, 26, 973, 8154, 5308, 48725, 2835, -13125, 38772
20230.6, 1095, 757, 8268, 5209, 46415, -8058, -13186, 38772
20234.3, 1010, 757, 8268, 5209, 46415, -8058, -13186, 38770
20238.6, 1083, 972, 8908, 3680, 36413, 1242, -11243, 38770
20242.3, 1005, 972, 8908, 3680, 36413, 1242, -11243, 38781
20246.1, 1029, 972, 8908, 3680, 36413, 1242, -11243, 38789
20250.3, 1085, 654, 9066, 3502, 32681, 5884, -7192, 38789
20254.1, 1012, 654, 9066, 3502, 32681, 5884, -7192, 38800
20258.3, 1067, 141, 8328, 3315, 35757, 20173, -5718, 38800
20262.0, 1019, 141, 8328, 3315, 35757, 20173, -5718, 38797
20265.8, 1023, 141, 8328, 3315, 35757, 20173, -5718, 38794
20270.0, 1085, 908, 8961, 2563, 37857, 33981, -7271, 38794
20273.8, 1000, 908, 8961, 2563, 37857, 33981, -7271, 38819
20278.0, 1069, 1509, 8768, 4386, 36842, 28901, -5442, 38819
20281.7, 981, 1509, 8768, 4386, 36842, 28901, -5442, 38835
20285.5, 1013, 1509, 8768, 4386, 36842, 28901, -5442, 38850
20289.7, 1089, 1630, 8983, 4152, 36750, 10395, -1395, 38850
20293.4, 1022, 1630, 8983, 4152, 36750, 10395, -1395, 38869
20297.7, 1075, 1436, 8365, 4296, 39721, 5446, 1036, 38869
20301.4, 991, 1436, 8365, 4296, 39721, 5446, 1036, 38897
20303.7, 22, 1436, 8365, 4296, 39721, 5446, 1036, 38897
20309.4, 1112, 686, 8344, 4378, 38548, 11270, -411, 38933
20313.2, 1008, 686, 8344, 4378, 38548, 11270, -411, 38953
20318.9, 1092, -90, 8451, 4012, 33049, 20120, -2169, 38982
20322.6, 993, -90, 8451, 4012, 33049, 20120, -2169, 39022
20328.3, 1106, -535, 9113, 3799, 32515, 29413, -621, 39074
20330.6, 24, -535, 9113, 3799, 32515, 29413, -621, 39074
20332.9, 4, -535, 9113, 3799, 32515, 29413, -621, 39074
20338.6, 1074, 240, 8947, 3610, 31014, 31461, 5442, 39046
20340.8, 26, 240, 8947, 3610, 31014, 31461, 5442, 39046
20343.1, 4, 240, 8947, 3610, 31014, 31461, 5442, 39046
20348.8, 1102, 932, 8797, 3525, 34313, 21818, 4856, 39030
20351.1, 25, 932, 8797, 3525, 34313, 21818, 4856, 39030
20355.3, 1068, 1204, 8368, 3963, 36864, 9445, -1045, 39030
20359.1, 1030, 1204, 8368, 3963, 36864, 9445, -1045, 39032
20361.4, 22, 1204, 8368, 3963, 36864, 9445, -1045, 39032
20365.6, 1097, 1479, 8815, 3687, 36846, 5770, -4860, 39032
20369.3, 1037, 1479, 8815, 3687, 36846, 5770, -4860, 39036
20371.6, 23, 1479, 8815, 3687, 36846, 5770, -4860, 39036
20375.8, 1095, 669, 9552, 3750, 33863, 9673, -831, 39036
20379.5, 1042, 669, 9552, 3750, 33863, 9673, -831, 39038
20381.8, 23, 669, 9552, 3750, 33863, 9673, -831, 39038
20387.5, 1124, 412, 8225, 4543, 32318, 20943, 3478, 38637
20391.2, 1029, 412, 8225, 4543, 32318, 20943, 3478, 39024
20395.5, 1089, -328, 10147, 1610, 25983, 28599, 944, 39024
20399.2, 1017, -328, 10147, 1610, 25983, 28599, 944, 39032
20401.5, 22, -328, 10147, 1610, 25983, 28599, 944, 39032
20405.8, 1082, 376, 10144, 1653, 29916, 34917, -3745, 39032
20409.5, 1060, 376, 10144, 1653, 29916, 34917, -3745, 39034
20413.7, 1082, 376, 10144, 1653, 36518, 39450, -6212, 39034
20417.4, 1042, 376, 10144, 1653, 36518, 39450, -6212, 39036
20421.2, 1050, 376, 10144, 1653, 36518, 39450, -6212, 38997
20425.5, 1103, 294, 9537, 3461, 42289, 32843, -8268, 38997
20429.2, 1042, 294, 9537, 3461, 42289, 32843, -8268, 38961
20433.4, 1046, 294, 9537, 3461, 42805, 26587, -10526, 38961
20437.1, 504, 294, 9537, 3461, 42805, 26587, -10526, 38924
20440.9, 143, 294, 9537, 3461, 42805, 26587, -10526, 38919
20445.1, 57, 808, 9697, 3110, 46218, 28735, -7783, 38919
20448.8, 53, 808, 9697, 3110, 46218, 28735, -7783, 38818
20453.0, 68, 808, 9697, 3110, 48322, 31395, -2423, 38818
20456.7, 64, 808, 9697, 3110, 48322, 31395, -2423, 38842
20460.5, 69, 808, 9697, 3110, 48322, 31395, -2423, 38767
20464.7, 92, 1115, 8839, 2972, 46642, 30612, 65, 38767
20468.5, 76, 1115, 8839, 2972, 46642, 30612, 65, 38748
20472.7, 101, 1115, 8839, 2972, 42530, 32139, 310, 38748
20476.4, 101, 1115, 8839, 2972, 42530, 32139, 310, 38695
20478.7, 10, 1115, 8839, 2972, 42530, 32139, 310, 38695
20484.4, 140, 954, 8895, 2787, 40854, 28888, -2869, 38657
20488.1, 125, 954, 8895, 2787, 40854, 28888, -2869, 38611
20493.8, 157, 954, 8895, 2787, 36956, 24294, -4930, 38590
20496.0, 14, 954, 8895, 2787, 36956, 24294, -4930, 38590
20498.3, 11, 954, 8895, 2787, 36956, 24294, -4930, 38590
20504.0, 208, 673, 8822, 2754, 37441, 33661, -2318, 38541
20506.2, 8, 673, 8822, 2754, 37441, 33661, -2318, 38541
20510.5, 250, 479, 9248, 2665, 37441, 33661, -2318, 38541
20514.2, 316, 479, 9248, 2665, 37441, 33661, -2318, 38519
20516.5, 8, 479, 9248, 2665, 37441, 33661, -2318, 38519
20520.7, 246, 805, 9394, 2874, 30546, 28989, -6628, 38519
20524.4, 398, 805, 9394, 2874, 30546, 28989, -6628, 38503
20526.7, 10, 805, 9394, 2874, 30546, 28989, -6628, 38503
20530.9, 363, 312, 9729, 2572, 27401, 22185, -17281, 38503
20534.6, 543, 312, 9729, 2572, 27401, 22185, -17281, 38447
20536.9, 12, 312, 9729, 2572, 27401, 22185, -17281, 38447
20542.6, 506, 59, 9946, 2763, 24535, 18799, -17189, 38404
20546.3, 618, 59, 9946, 2763, 24535, 18799, -17189, 38394
20550.6, 652, 753, 9880, 2008, 19035, 18563, -17189, 38394
20554.3, 733, 753, 9880, 2008, 19035, 18563, -17189, 38362
20556.5, 18, 753, 9880, 2008, 19035, 18563, -17189, 38362
20560.8, 711, 563, 9979, 2039, 16450, 17106, -9467, 38362
20564.5, 799, 563, 9979, 2039, 16450, 17106, -9467, 38343
20568.7, 945, 719, 9898, 2935, 10053, 9349, -9467, 38343
20572.4, 869, 719, 9898, 2935, 10053, 9349, -9467, 38326
20576.1, 939, 719, 9898, 2935, 10053, 9349, -9467, 38290
20580.4, 1091, 576, 10200, 2751, 3049, -69, -10023, 38290
20584.1, 1047, 576, 10200, 2751, 3049, -69, -10023, 38281
20588.3, 980, 553, 10369, 2568, -4466, -7367, -7472, 38281
20592.1, 986, 553, 10369, 2568, -4466, -7367, -7472, 38269
20595.8, 1044, 553, 10369, 2568, -4466, -7367, -7472, 38257
20600.0, 1035, 516, 9934, 2713, -10207, -11243, -4081, 38257
20603.8, 1046, 516, 9934, 2713, -10207, -11243, -4081, 38256
20608.0, 1059, 509, 9372, 2612, -14739, -11410, -2511, 38256
20611.7, 1031, 509, 9372, 2612, -14739, -11410, -2511, 38702
20615.5, 1072, 509, 9372, 2612, -14739, -11410, -2511, 38747
20619.7, 1119, 473, 9019, 2484, -20930, -9997, -3968, 38747
20623.4, 1087, 473, 9019, 2484, -20930, -9997, -3968, 38772
20627.7, 1120, 394, 8877, 2551, -27169, -11768, -5586, 38772
20631.4, 1033, 394, 8877, 2551, -27169, -11768, -5586, 38803
20633.7, 26, 394, 8877, 2551, -27169, -11768, -5586, 38803
20639.4, 1205, 637, 9051, 1982, -35162, -14057, -5534, 38837
20643.2, 1073, 637, 9051, 1982, -35162, -14057, -5534, 38874
20648.9, 1219, 573, 9329, 2601, -41641, -18685, -6383, 38905
20651.1, 32, 573, 9329, 2601, -41641, -18685, -6383, 38905
20653.4, 8, 573, 9329, 2601, -41641, -18685, -6383, 38905
20659.1, 1298, 696, 9107, 2446, -46734, -24999, -6383, 38960
20661.4, 35, 696, 9107, 2446, -46734, -24999, -6383, 38960
20665.6, 1132, 607, 9209, 2809, -50418, -30682, -3753, 38960
20669.3, 1165, 607, 9209, 2809, -50418, -30682, -3753, 38986
20671.6, 30, 607, 9209, 2809, -50418, -30682, -3753, 38986
20675.8, 1172, 118, 9160, 3051, -53874, -37367, -822, 38986
20679.5, 1167, 118, 9160, 3051, -53874, -37367, -822, 38974
20681.8, 31, 118, 9160, 3051, -53874, -37367, -822, 38974
20687.5, 1209, -241, 9055, 2962, -56092, -45050, 341, 39041
20691.2, 1116, -241, 9055, 2962, -56092, -45050, 341, 39037
20695.5, 1161, -503, 9026, 3261, -61530, -43938, -923, 39037
20699.2, 1119, -503, 9026, 3261, -61530, -43938, -923, 39041
20701.4, 30, -503, 9026, 3261, -61530, -43938, -923, 39041
20705.7, 1091, -503, 9512, 2571, -63552, -43562, -2314, 39041
20709.4, 1148, -503, 9512, 2571, -63552, -43562, -2314, 39119
20711.6, 35, -503, 9512, 2571, -63552, -43562, -2314, 39119
20717.4, 1136, -388, 10130, 3216, -71834, -46585, -1531, 38275
20721.1, 1063, -388, 10130, 3216, -71834, -46585, -1531, 39186
20725.3, 1087, -224, 9683, 3064, -64685, -57755, 1981, 39186
20729.0, 1038, -224, 9683, 3064, -64685, -57755, 1981, 39210
20733.3, 1030, -500, 11273, 2970, -65026, -73943, 8920, 39210
20737.0, 1086, -500, 11273, 2970, -65026, -73943, 8920, 39229
20740.8, 1073, -500, 11273, 2970, -65026, -73943, 8920, 39258
20745.0, 1118, -50, 7371, 9697, -55362, -64912, 8054, 39258
20748.8, 1145, -50, 7371, 9697, -55362, -64912, 8054, 39253
20753.0, 1165, 870, 9686, 3990, -72805, -72031, 1828, 39253
20756.7, 1126, 870, 9686, 3990, -72805, -72031, 1828, 39260
20760.5, 1191, 870, 9686, 3990, -72805, -72031, 1828, 39280
20764.7, 1400, 411, 9967, 3192, -82478, -81205, 914, 39280
20768.5, 1257, 411, 9967, 3192, -82478, -81205, 914, 39293
20772.7, 1197, -318, 10593, 3289, -89159, -76139, 7070, 39293
20776.4, 1151, -318, 10593, 3289, -89159, -76139, 7070, 39285
20778.7, 36, -318, 10593, 3289, -89159, -76139, 7070, 39285
20784.4, 1309, -123, 9693, 2323, -88183, -74958, 17180, 39291
20788.1, 1195, -123, 9693, 2323, -88183, -74958, 17180, 39304
20793.9, 1239, 732, 8845, 2178, -87641, -72967, 20462, 39309
20797.6, 1195, 732, 8845, 2178, -87641, -72967, 20462, 39327
20803.3, 1212, 1400, 8441, 3432, -89877, -76222, 17198, 39370
20807.0, 1141, 1400, 8441, 3432, -89877, -76222, 17198, 39393
20812.8, 1396, 1986, 8349, 3947, -101799, -87225, 11852, 39405
20816.5, 1209, 1986, 8349, 3947, -101799, -87225, 11852, 39420
20820.7, 1215, 1951, 8285, 4460, -106878, -93644, 9563, 39420
20824.4, 1171, 1951, 8285, 4460, -106878, -93644, 9563, 39457
20826.7, 32, 1951, 8285, 4460, -106878, -93644, 9563, 39457
20830.9, 1267, 1269, 8298, 3662, -111844, -89496, 13663, 39457
20834.6, 1280, 1269, 8298, 3662, -111844, -89496, 13663, 39424
20836.9, 38, 1269, 8298, 3662, -111844, -89496, 13663, 39424
20842.6, 1232, 1143, 8069, 3176, -115243, -79153, 22929, 39409
20846.3, 1167, 1143, 8069, 3176, -115243, -79153, 22929, 39403
20850.6, 1271, 1442, 8116, 4331, -112404, -70688, 33613, 39403
20854.3, 1184, 1442, 8116, 4331, -112404, -70688, 33613, 39388
20856.6, 31, 1442, 8116, 4331, -112404, -70688, 33613, 39388
20860.9, 1162, 1753, 7931, 4878, -115637, -73881, 42009, 39388
20864.6, 1196, 1753, 7931, 4878, -115637, -73881, 42009, 39376
20866.9, 32, 1753, 7931, 4878, -115637, -73881, 42009, 39376
20872.6, 1299, 2017, 7312, 4902, -118905, -85191, 44857, 39358
20876.3, 1181, 2017, 7312, 4902, -118905, -85191, 44857, 39335
20880.5, 1152, 1990, 6652, 4966, -122331, -94654, 42648, 39335
20884.3, 1182, 1990, 6652, 4966, -122331, -94654, 42648, 39314
20888.5, 1201, 1628, 6241, 5602, -121946, -98132, 38815, 39314
20892.2, 1206, 1628, 6241, 5602, -121946, -98132, 38815, 39292
20895.9, 1161, 1628, 6241, 5602, -121946, -98132, 38815, 39286
20900.2, 1209, 1308, 6192, 5340, -120406, -91815, 36702, 39286
20903.9, 1224, 1308, 6192, 5340, -120406, -91815, 36702, 39312
20908.1, 1185, 1487, 6105, 4814, -122029, -76515, 35936, 39312
20911.9, 1144, 1487, 6105, 4814, -122029, -76515, 35936, 39254
20915.7, 1170, 1487, 6105, 4814, -122029, -76515, 35936, 39248
20919.9, 1160, 2007, 5985, 5587, -124269, -63381, 34641, 39248
20923.7, 1136, 2007, 5985, 5587, -124269, -63381, 34641, 39218
20927.9, 1184, 2761, 5954, 5114, -124877, -60498, 32918, 39218
20931.6, 1194, 2761, 5954, 5114, -124877, -60498, 32918, 39208
20933.9, 34, 2761, 5954, 5114, -124877, -60498, 32918, 39208
20939.6, 1229, 3314, 6067, 6272, -125555, -68627, 35569, 39177
20943.4, 1123, 3314, 6067, 6272, -125555, -68627, 35569, 39155
20947.6, 1192, 3356, 6489, 5940, -125122, -80488, 44910, 39155
20951.3, 1155, 3356, 6489, 5940, -125122, -80488, 44910, 39130
20953.6, 33, 3356, 6489, 5940, -125122, -80488, 44910, 39130
20959.3, 1233, 3207, 6144, 6093, -125319, -83218, 56945, 39138
20963.0, 1162, 3207, 6144, 6093, -125319, -83218, 56945, 39084
20968.7, 1191, 2890, 5824, 6912, -126702, -73951, 65857, 39068
20972.4, 1125, 2890, 5824, 6912, -126702, -73951, 65857, 39040
20978.2, 1198, 2755, 5365, 5968, -127712, -65416, 69099, 39002
20981.9, 1116, 2755, 5365, 5968, -127712, -65416, 69099, 39008
20987.6, 1258, 3055, 5234, 5790, -127017, -63193, 68067, 38983
20991.3, 1124, 3055, 5234, 5790, -127017, -63193, 68067, 38952
20995.6, 1148, 3055, 5306, 5706, -127419, -66540, 67516, 38952
20999.3, 1125, 3055, 5306, 5706, -127419, -66540, 67516, 38937
21001.6, 28, 3055, 5306, 5706, -127419, -66540, 67516, 38937
21005.8, 1177, 2837, 5094, 6031, -128683, -73733, 70324, 38937
21009.5, 1158, 2837, 5094, 6031, -128683, -73733, 70324, 38875
21011.8, 30, 2837, 5094, 6031, -128683, -73733, 70324, 38875
21017.5, 1207, 1965, 5386, 6083, -131921, -74380, 75868, 38817
21021.2, 1094, 1965, 5386, 6083, -131921, -74380, 75868, 38780
21025.4, 1131, 1555, 5304, 5173, -135999, -65853, 81135, 38780
21029.2, 1080, 1555, 5304, 5173, -135999, -65853, 81135, 38739
21031.5, 26, 1555, 5304, 5173, -135999, -65853, 81135, 38739
21035.8, 1120, 1853, 4662, 6927, -135456, -55493, 79967, 38739
21039.5, 1102, 1853, 4662, 6927, -135456, -55493, 79967, 38699
21043.7, 1138, 1853, 4662, 6927, -135456, -55493, 79967, 38699
21047.5, 1127, 1853, 4662, 6927, -135456, -55493, 79967, 38655
21051.2, 1117, 1853, 4662, 6927, -135456, -55493, 79967, 38617
21055.5, 1113, 2144, 2603, 5689, -135815, -67909, 61841, 38617
21059.2, 1112, 2144, 2603, 5689, -135815, -67909, 61841, 38581
21063.4, 1197, 2144, 2603, 5689, -135815, -67909, 61841, 38581
21067.1, 1154, 2144, 2603, 5689, -135815, -67909, 61841, 38543
21070.9, 1132, 2144, 2603, 5689, -135815, -67909, 61841, 38526
21075.1, 1132, 3419, 2626, 6089, -129974, -27331, 39585, 38526
21078.8, 1118, 3419, 2626, 6089, -129974, -27331, 39585, 38506
21083.0, 1136, 3419, 2626, 6089, -129974, -27331, 39585, 38506
21086.8, 1077, 3419, 2626, 6089, -129974, -27331, 39585, 38496
21090.5, 1138, 3419, 2626, 6089, -129974, -27331, 39585, 38481
21094.7, 1147, 4480, 2870, 6507, -130644, -11200, 40001, 38481
21098.5, 1065, 4480, 2870, 6507, -130644, -11200, 40001, 38460
21102.7, 1145, 4480, 2870, 6507, -130644, -11200, 40001, 38460
21106.4, 1102, 4480, 2870, 6507, -130644, -11200, 40001, 38445
21108.7, 32, 4480, 2870, 6507, -130644, -11200, 40001, 38445
21114.4, 1141, 5017, 1814, 8172, -134949, -1093, 42696, 38420
21118.1, 1101, 5017, 1814, 8172, -134949, -1093, 42696, 38405
21123.8, 1223, 5017, 1259, 6450, -134157, -12403, 40723, 38365
21127.6, 1122, 5017, 1259, 6450, -134157, -12403, 40723, 38370
21133.3, 1170, 4850, 1259, 6450, -134157, -12403, 40723, 38332
21137.0, 1106, 4850, 1259, 6450, -134157, -12403, 40723, 38304
21142.7, 1190, 5287, 958, 7420, -128347, -11681, 39113, 38266
21146.4, 1113, 5287, 958, 7420, -128347, -11681, 39113, 38247
21150.7, 1138, 6172, 1345, 7567, -122983, -5031, 38846, 38247
21154.4, 1104, 6172, 1345, 7567, -122983, -5031, 38846, 38219
21156.7, 30, 6172, 1345, 7567, -122983, -5031, 38846, 38219
21160.9, 1109, 5907, 2182, 8356, -124921, 1470, 43518, 38219
21164.6, 1098, 5907, 2182, 8356, -124921, 1470, 43518, 38198
21166.9, 30, 5907, 2182, 8356, -124921, 1470, 43518, 38198
21172.6, 1171, 5337, 2474, 8761, -124930, 11064, 55576, 38170
21176.3, 1076, 5337, 2474, 8761, -124930, 11064, 55576, 38157
21180.6, 1102, 4834, 1658, 7277, -126632, 22422, 62712, 38157
21184.3, 1095, 4834, 1658, 7277, -126632, 22422, 62712, 38118
21186.5, 30, 4834, 1658, 7277, -126632, 22422, 62712, 38118
21190.8, 1148, 4663, 881, 9963, -127213, 16909, 58971, 38118
21194.5, 1066, 4663, 881, 9963, -127213, 16909, 58971, 38079
21196.7, 29, 4663, 881, 9963, -127213, 16909, 58971, 38079
21202.5, 1208, 5231, -48, 7395, -124273, -6212, 52404, 38057
21206.2, 1117, 5231, -48, 7395, -124273, -6212, 52404, 38036
21210.5, 1137, 5700, -714, 6403, -121710, -11935, 46283, 38036
21214.2, 1109, 5700, -714, 6403, -121710, -11935, 46283, 38013
21218.5, 1120, 5836, 25, 8639, -119863, 2725, 43986, 38013
21222.2, 1111, 5836, 25, 8639, -119863, 2725, 43986, 37967
21225.9, 1098, 5836, 25, 8639, -119863, 2725, 43986, 37985
21230.2, 1158, 5641, 957, 9107, -120926, 19810, 48173, 37985
21233.9, 1109, 5641, 957, 9107, -120926, 19810, 48173, 37977
21238.1, 1115, 5371, 1440, 8498, -121924, 30642, 54784, 37977
21241.9, 1079, 5371, 1440, 8498, -121924, 30642, 54784, 37962
21245.6, 1090, 5371, 1440, 8498, -121924, 30642, 54784, 37962
21249.8, 1118, 4174, 1530, 8622, -124930, 34462, 59430, 37962
21253.6, 1079, 4174, 1530, 8622, -124930, 34462, 59430, 38379
21257.8, 1141, 4008, 537, 9696, -123263, 22255, 60367, 38379
21261.5, 1066, 4008, 537, 9696, -123263, 22255, 60367, 38371
21263.8, 31, 4008, 537, 9696, -123263, 22255, 60367, 38371
21269.5, 1179, 4387, -1089, 7106, -123026, 5495, 53139, 38417
21273.2, 1135, 4387, -1089, 7106, -123026, 5495, 53139, 38427
21278.9, 1126, 4933, -1614, 7768, -120301, 3863, 41974, 38473
21282.6, 1088, 4933, -1614, 7768, -120301, 3863, 41974, 38487
21288.4, 1162, 6146, -1921, 8734, -118056, 9800, 32961, 38505
21292.1, 1075, 6146, -1921, 8734, -118056, 9800, 32961, 38523
21297.9, 1175, 7077, -1334, 9050, -120226, 13606, 28538, 38486
21301.6, 1051, 7077, -1334, 9050, -120226, 13606, 28538, 38583
21305.8, 1124, 6071, -77, 9316, -121508, 24176, 35836, 38583
21309.5, 1080, 6071, -77, 9316, -121508, 24176, 35836, 38592
21311.8, 31, 6071, -77, 9316, -121508, 24176, 35836, 38592
21317.5, 1154, 4978, -58, 8778, -122825, 35661, 51148, 38565
21321.2, 1070, 4978, -58, 8778, -122825, 35661, 51148, 38616
21325.4, 1130, 4434, -1115, 9262, -123516, 38259, 58061, 38616
21329.2, 1043, 4434, -1115, 9262, -123516, 38259, 58061, 38629
21331.4, 32, 4434, -1115, 9262, -123516, 38259, 58061, 38629
21335.7, 1101, 3653, -2126, 7913, -126163, 34650, 54071, 38629
21339.5, 1047, 3653, -2126, 7913, -126163, 34650, 54071, 38650
21341.7, 30, 3653, -2126, 7913, -126163, 34650, 54071, 38650
21347.5, 1158, 3757, -2879, 8876, -128193, 23817, 46581, 38647
21351.2, 1043, 3757, -2879, 8876, -128193, 23817, 46581, 38681
21355.5, 1129, 4179, -3506, 8275, -129274, 8233, 40040, 38681
21359.2, 1064, 4179, -3506, 8275, -129274, 8233, 40040, 38691
21361.5, 31, 4179, -3506, 8275, -129274, 8233, 40040, 38691
21365.7, 1088, 4537, -3410, 8206, -129852, 262, 37691, 38691
21369.5, 1068, 4537, -3410, 8206, -129852, 262, 37691, 38696
21373.7, 1115, 5395, -3370, 9323, -127222, -4003, 40053, 38696
21377.4, 1069, 5395, -3370, 9323, -127222, -4003, 40053, 38707
21381.2, 1059, 5395, -3370, 9323, -127222, -4003, 40053, 38715
21385.4, 1103, 5621, -3173, 9372, -126268, -10596, 43794, 38715
21389.2, 1048, 5621, -3173, 9372, -126268, -10596, 43794, 38719
21393.4, 1127, 4773, -2660, 8631, -125892, -4974, 50527, 38719
21397.1, 1086, 4773, -2660, 8631, -125892, -4974, 50527, 38730
21400.8, 1051, 4773, -2660, 8631, -125892, -4974, 50527, 38750
21405.1, 1117, 3842, -2871, 7112, -126417, 13133, 56823, 38750
21408.8, 1089, 3842, -2871, 7112, -126417, 13133, 56823, 38750
21413.0, 1091, 3043, -3514, 7144, -128290, 24649, 56105, 38750
21416.8, 1048, 3043, -3514, 7144, -128290, 24649, 56105, 38767
21420.5, 1082, 3043, -3514, 7144, -128290, 24649, 56105, 38778
21424.7, 1129, 2642, -4281, 7677, -129935, 23879, 50278, 38778
21428.5, 1033, 2642, -4281, 7677, -129935, 23879, 50278, 38831
21432.7, 1115, 3158, -5123, 7971, -129379, 12005, 43068, 38831
21436.4, 1047, 3158, -5123, 7971, -129379, 12005, 43068, 38800
21438.7, 31, 3158, -5123, 7971, -129379, 12005, 43068, 38800
21444.4, 1137, 4040, -5464, 7249, -125971, -4029, 36461, 38823
21448.1, 1071, 4040, -5464, 7249, -125971, -4029, 36461, 38836
21453.8, 1133, 4560, -5093, 7384, -123582, -11121, 34283, 38845
21457.5, 1051, 4560, -5093, 7384, -123582, -11121, 34283, 38876
21463.3, 1139, 4435, -4458, 8679, -122003, -7459, 38715, 38887
21467.0, 1050, 4435, -4458, 8679, -122003, -7459, 38715, 38839
21472.7, 1139, 4349, -4375, 9667, -122362, 2121, 44577, 38929
21476.4, 1015, 4349, -4375, 9667, -122362, 2121, 44577, 38932
21480.7, 1067, 3832, -4719, 8221, -123180, 13448, 45911, 38932
21484.4, 1061, 3832, -4719, 8221, -123180, 13448, 45911, 38941
21486.7, 31, 3832, -4719, 8221, -123180, 13448, 45911, 38941
21490.9, 1108, 2885, -4846, 6017, -124317, 23822, 43720, 38941
21494.6, 1045, 2885, -4846, 6017, -124317, 23822, 43720, 38980
21496.9, 29, 2885, -4846, 6017, -124317, 23822, 43720, 38980
21502.6, 1118, 2177, -5452, 5951, -126321, 31334, 40478, 38979
21506.7, 667, 2177, -5452, 5951, -126321, 31334, 40478, 38994
21512.4, 1092, 2193, -6573, 7999, -125848, 27720, 36177, 38950
21516.1, 985, 2193, -6573, 7999, -125848, 27720, 36177, 39030
21520.4, 1073, 3146, -7587, 8494, -121412, 11961, 30651, 39030
21524.1, 1044, 3146, -7587, 8494, -121412, 11961, 30651, 39036
21526.4, 27, 3146, -7587, 8494, -121412, 11961, 30651, 39036
21530.7, 1093, 4430, -7842, 7336, -119141, -4956, 25668, 39036
21534.4, 1037, 4430, -7842, 7336, -119141, -4956, 25668, 39018
21538.6, 1117, 4631, -6920, 7521, -117076, -10220, 25891, 39018
21542.3, 1050, 4631, -6920, 7521, -117076, -10220, 25891, 39075
21546.0, 1039, 4631, -6920, 7521, -117076, -10220, 25891, 39103
21550.3, 1102, 4374, -6462, 7082, -114828, -5823, 32388, 39103
21554.0, 1057, 4374, -6462, 7082, -114828, -5823, 32388, 39103
21558.2, 1092, 3935, -6569, 6665, -113196, 2156, 38754, 39103
21562.0, 1027, 3935, -6569, 6665, -113196, 2156, 38754, 39112
21565.7, 1057, 3935, -6569, 6665, -113196, 2156, 38754, 39109
21570.0, 1089, 3427, -6894, 6556, -113165, 11410, 41309, 39109
21573.7, 1049, 3427, -6894, 6556, -113165, 11410, 41309, 39117
21577.9, 1098, 3047, -7338, 6716, -112469, 16043, 39996, 39117
21581.6, 1005, 3047, -7338, 6716, -112469, 16043, 39996, 39124
21585.4, 1043, 3047, -7338, 6716, -112469, 16043, 39996, 39159
21589.6, 1110, 2928, -7800, 6020, -112382, 15260, 36286, 39159
21593.3, 1057, 2928, -7800, 6020, -112382, 15260, 36286, 39122
21599.0, 1109, 3206, -7979, 6488, -111704, 11747, 33324, 39112
21602.8, 1031, 3206, -7979, 6488, -111704, 11747, 33324, 39145
21608.5, 1116, 3389, -8172, 6746, -110072, 7472, 32016, 39143
21612.2, 1045, 3389, -8172, 6746, -110072, 7472, 32016, 39152
21617.9, 1132, 3389, -8172, 6644, -106983, 2568, 32077, 39149
21621.6, 995, 3389, -8172, 6644, -106983, 2568, 32077, 39128
21625.9, 1093, 3567, -7781, 6644, -105544, -1255, 32791, 39128
21629.6, 1036, 3567, -7781, 6644, -105544, -1255, 32791, 39174
21631.9, 28, 3567, -7781, 6644, -105544, -1255, 32791, 39174
21637.6, 1087, 3475, -7470, 6141, -105001, -1229, 33919, 39164
21641.3, 1021, 3475, -7470, 6141, -105001, -1229, 33919, 39167
21645.6, 1075, 3195, -7359, 6141, -105942, 5639, 35153, 39167
21649.3, 1038, 3195, -7359, 6141, -105942, 5639, 35153, 39131
21651.5, 29, 3195, -7359, 6141, -105942, 5639, 35153, 39131
21655.8, 1072, 2742, -7419, 5551, -108781, 14761, 33635, 39131
21659.6, 1010, 2742, -7419, 5551, -108781, 14761, 33635, 39175
21661.8, 29, 2742, -7419, 5551, -108781, 14761, 33635, 39175
21667.5, 1121, 2881, -8129, 5315, -111341, 20510, 29321, 39175
21671.3, 1047, 2881, -8129, 5315, -111341, 20510, 29321, 39172
21675.5, 1056, 2881, -8129, 4856, -113869, 20545, 24916, 39172
21679.3, 1019, 2881, -8129, 4856, -113869, 20545, 24916, 39207
21681.5, 34, 2881, -8129, 4856, -113869, 20545, 24916, 39207
21685.8, 1085, 3052, -8193, 5212, -115751, 19132, 23012, 39207
21689.5, 1046, 3052, -8193, 5212, -115751, 19132, 23012, 39161
21693.7, 1100, 3052, -8193, 5212, -115751, 19132, 23012, 39161
21697.4, 1088, 3052, -8193, 5212, -115751, 19132, 23012, 39148
21701.1, 1023, 3052, -8193, 5212, -115751, 19132, 23012, 39130
21705.4, 1111, 3299, -8375, 5129, -116547, 17150, 23918, 39130
21709.1, 1036, 3299, -8375, 5129, -116547, 17150, 23918, 39159
21713.3, 1091, 3518, -8375, 5129, -116547, 17150, 23918, 39159
21717.1, 992, 3518, -8375, 5129, -116547, 17150, 23918, 39157
21720.8, 1037, 3518, -8375, 5129, -116547, 17150, 23918, 38950
21725.0, 1090, 3525, -7721, 5201, -119220, 18077, 22251, 38950
21728.8, 1022, 3525, -7721, 5201, -119220, 18077, 22251, 39149
21733.0, 1106, 3117, -7721, 5201, -119220, 18077, 22251, 39149
21736.7, 1006, 3117, -7721, 5201, -119220, 18077, 22251, 39169
21740.5, 1028, 3117, -7721, 5201, -119220, 18077, 22251, 39141
21744.7, 1113, 2778, -8036, 4748, -125980, 25441, 21302, 39141
21748.4, 1042, 2778, -8036, 4748, -125980, 25441, 21302, 39142
21752.7, 1075, 2282, -8484, 4748, -125980, 25441, 21302, 39142
21756.4, 1026, 2282, -8484, 4748, -125980, 25441, 21302, 39106
21758.7, 22, 2282, -8484, 4748, -125980, 25441, 21302, 39106
21764.4, 1130, 2346, -8961, 4250, -130980, 31719, 14687, 39136
21768.2, 1017, 2346, -8961, 4250, -130980, 31719, 14687, 39105
21773.9, 1111, 2425, -9100, 4250, -133330, 30358, 11283, 39115
21777.6, 1029, 2425, -9100, 4250, -133330, 30358, 11283, 39105
21783.3, 1123, 2525, -9029, 4163, -133330, 30358, 11283, 39106
21785.6, 26, 2525, -9029, 4163, -133330, 30358, 11283, 39106
21787.9, 3, 2525, -9029, 4163, -133330, 30358, 11283, 39106
21793.6, 1093, 2722, -9027, 4331, -134030, 25847, 10298, 39045
21795.9, 26, 2722, -9027, 4331, -134030, 25847, 10298, 39045
21798.1, 4, 2722, -9027, 4331, -134030, 25847, 10298, 39045
21803.8, 1120, 2779, -9204, 4331, -135093, 20768, 10871, 39120
21806.1, 28, 2779, -9204, 4331, -135093, 20768, 10871, 39120
21810.3, 1080, 2592, -9404, 3499, -137565, 21919, 11935, 39120
21814.1, 1030, 2592, -9404, 3499, -137565, 21919, 11935, 39103
21816.4, 22, 2592, -9404, 3499, -137565, 21919, 11935, 39103
21820.6, 1106, 2425, -9522, 2730, -139717, 28096, 12009, 39103
21824.3, 1059, 2425, -9522, 2730, -139717, 28096, 12009, 39097
21826.6, 26, 2425, -9522, 2730, -139717, 28096, 12009, 39097
21830.8, 1101, 2270, -9918, 2439, -141074, 32694, 10574, 39097
21834.5, 1039, 2270, -9918, 2439, -141074, 32694, 10574, 39095
21836.8, 23, 2270, -9918, 2439, -141074, 32694, 10574, 39095
21842.5, 1126, 2249, -10119, 2235, -140977, 31421, 8876, 39085
21846.2, 1040, 2249, -10119, 2235, -140977, 31421, 8876, 39149
21850.5, 1093, 2544, -10602, 1576, -136366, 23314, 8767, 39149
21854.2, 1043, 2544, -10602, 1576, -136366, 23314, 8767, 39103
21856.4, 26, 2544, -10602, 1576, -136366, 23314, 8767, 39103
21860.7, 1093, 2414, -10897, 835, -130250, 14253, 10062, 39103
21864.4, 1035, 2414, -10897, 835, -130250, 14253, 10062, 39114
21868.6, 1091, 2175, -11242, -77, -120918, 9213, 11152, 39114
21872.4, 1040, 2175, -11242, -77, -120918, 9213, 11152, 39108
21876.2, 1020, 2175, -11242, -77, -120918, 9213, 11152, 39154
21880.4, 1079, 1853, -11135, -1037, -110719, 9655, 11467, 39154
21884.1, 1055, 1853, -11135, -1037, -110719, 9655, 11467, 38720
21888.4, 1115, 753, -10334, -1182, -104192, 15710, 12897, 38720
21892.1, 1028, 753, -10334, -1182, -104192, 15710, 12897, 38707
21895.9, 1030, 753, -10334, -1182, -104192, 15710, 12897, 38679
21900.1, 1111, 44, -11078, -20, -97931, 18427, 14743, 38679
21903.8, 1065, 44, -11078, -20, -97931, 18427, 14743, 38686
21908.0, 1091, 232, -12474, 313, -92016, 13238, 14503, 38686
21911.8, 1022, 232, -12474, 313, -92016, 13238, 14503, 38681
21915.5, 1056, 232, -12474, 313, -92016, 13238, 14503, 38662
21919.7, 1090, 739, -12524, 352, -84561, 3141, 9034, 38662
21923.5, 1035, 739, -12524, 352, -84561, 3141, 9034, 38673
21927.7, 1104, 1362, -11464, 666, -77911, -11550, 5245, 38673
21931.4, 1027, 1362, -11464, 666, -77911, -11550, 5245, 38634
21933.7, 21, 1362, -11464, 666, -77911, -11550, 5245, 38634
21939.4, 1116, 1994, -11080, -461, -70556, -24469, 8859, 38609
21943.1, 1051, 1994, -11080, -461, -70556, -24469, 8859, 38612
21948.8, 1139, 2054, -11065, -361, -65542, -25664, 15286, 38610
21951.1, 25, 2054, -11065, -361, -65542, -25664, 15286, 38610
21953.3, 3, 2054, -11065, -361, -65542, -25664, 15286, 38610
21959.1, 1146, 1947, -11048, -92, -60795, -28503, 17749, 38590
21961.3, 25, 1947, -11048, -92, -60795, -28503, 17749, 38590
21965.5, 1111, 1819, -10913, -353, -56407, -25572, 17767, 38590
21969.2, 1060, 1819, -10913, -353, -56407, -25572, 17767, 39043
21971.5, 23, 1819, -10913, -353, -56407, -25572, 17767, 39043
21975.7, 1117, 1415, -10932, 491, -52531, -17342, 17797, 39043
21979.4, 1064, 1415, -10932, 491, -52531, -17342, 17797, 38581
21981.7, 22, 1415, -10932, 491, -52531, -17342, 17797, 38581
21985.9, 1115, 1177, -11008, 1287, -48020, -15198, 17544, 38581
21989.6, 1044, 1177, -11008, 1287, -48020, -15198, 17544, 38570
21991.9, 22, 1177, -11008, 1287, -48020, -15198, 17544, 38570
21997.6, 1124, 1590, -11048, 1468, -41283, -17552, 17080, 38565
22001.3, 1066, 1590, -11048, 1468, -41283, -17552, 17080, 38553
22005.6, 1095, 2106, -10865, 2067, -35136, -18300, 17229, 38553
22009.3, 1037, 2106, -10865, 2067, -35136, -18300, 17229, 38548
22011.5, 24, 2106, -10865, 2067, -35136, -18300, 17229, 38548
22015.7, 1097, 3029, -10719, 2172, -26622, -19998, 16332, 38548
22019.5, 1029, 3029, -10719, 2172, -26622, -19998, 16332, 38540
22023.7, 1110, 3673, -10474, 2315, -18795, -20707, 14525, 38540
22027.4, 1079, 3673, -10474, 2315, -18795, -20707, 14525, 38540
22031.1, 1040, 3673, -10474, 2315, -18795, -20707, 14525, 38539
22035.4, 1113, 3990, -10119, 1996, -13116, -19399, 10994, 38539
22039.1, 1059, 3990, -10119, 1996, -13116, -19399, 10994, 38533
22043.3, 1084, 4012, -9577, 1128, -7778, -12193, 7385, 38533
22047.1, 1035, 4012, -9577, 1128, -7778, -12193, 7385, 38527
22050.8, 1060, 4012, -9577, 1128, -7778, -12193, 7385, 38507
22055.0, 1068, 3636, -9559, 317, -4095, -787, 4637, 38507
22058.8, 1020, 3636, -9559, 317, -4095, -787, 4637, 38514
22063.0, 1099, 2696, -9545, -333, -1049, 13995, 3123, 38514
22066.7, 1023, 2696, -9545, -333, -1049, 13995, 3123, 38519
22070.5, 1031, 2696, -9545, -333, -1049, 13995, 3123, 38505
22074.7, 1106, 1424, -9695, -375, 2629, 27576, 1793, 38505
22078.4, 1032, 1424, -9695, -375, 2629, 27576, 1793, 38502
22082.7, 1096, 337, -9468, -267, 4046, 33031, -459, 38502
22086.4, 1011, 337, -9468, -267, 4046, 33031, -459, 38491
22088.7, 22, 337, -9468, -267, 4046, 33031, -459, 38491
22094.4, 1107, 98, -9510, -435, 5652, 31819, -2730, 38497
22098.2, 1009, 98, -9510, -435, 5652, 31819, -2730, 38485
22103.9, 1146, 506, -10026, 107, 7428, 25125, -3876, 38478
22106.1, 27, 506, -10026, 107, 7428, 25125, -3876, 38478
22108.4, 3, 506, -10026, 107, 7428, 25125, -3876, 38478
22114.1, 1146, 958, -10255, 375, 10158, 13120, -3937, 38466
22116.3, 26, 958, -10255, 375, 10158, 13120, -3937, 38466
22120.6, 1107, 1537, -10457, -198, 13177, 3933, -3351, 38466
22124.3, 1045, 1537, -10457, -198, 13177, 3933, -3351, 38474
22126.6, 23, 1537, -10457, -198, 13177, 3933, -3351, 38474
22130.8, 1102, 1976, -10768, -251, 15220, 2585, -3906, 38474
22134.5, 1048, 1976, -10768, -251, 15220, 2585, -3906, 38464
22136.8, 23, 1976, -10768, -251, 15220, 2585, -3906, 38464
22142.5, 1115, 2273, -10774, -158, 17377, 5390, -5792, 38420
22146.2, 1033, 2273, -10774, -158, 17377, 5390, -5792, 38452
22150.5, 1087, 2340, -10642, 470, 18532, 9165, -6483, 38452
22154.2, 1035, 2340, -10642, 470, 18532, 9165, -6483, 38441
22156.4, 25, 2340, -10642, 470, 18532, 9165, -6483, 38441
22160.7, 1087, 2197, -10503, 816, 19482, 13812, -5595, 38441
22164.4, 1028, 2197, -10503, 816, 19482, 13812, -5595, 38435
22166.6, 25, 2197, -10503, 816, 19482, 13812, -5595, 38435
22172.4, 1095, 1956, -10469, 458, 19591, 20365, -4545, 38392
22176.2, 1018, 1956, -10469, 458, 19591, 20365, -4545, 38420
22180.4, 1080, 1670, -10392, 385, 18865, 29321, -3583, 38420
22184.1, 1002, 1670, -10392, 385, 18865, 29321, -3583, 38412
22188.4, 1094, 1509, -10507, 678, 17557, 35249, -2979, 38412
22192.1, 1020, 1509, -10507, 678, 17557, 35249, -2979, 38430
22195.9, 1021, 1509, -10507, 678, 17557, 35249, -2979, 38433
22200.2, 1079, 1351, -10503, 766, 16113, 34628, -3298, 38433
22203.9, 1036, 1351, -10503, 766, 16113, 34628, -3298, 38349
22208.1, 1074, 1239, -10352, 689, 16034, 29212, -3893, 38349
22211.9, 1035, 1239, -10352, 689, 16034, 29212, -3893, 38377
22215.6, 1031, 1239, -10352, 689, 16034, 29212, -3893, 38362
22219.9, 1103, 1218, -10307, 666, 16800, 24229, -3605, 38362
22223.6, 1037, 1218, -10307, 666, 16800, 24229, -3605, 38356
22227.8, 1078, 1218, -10039, 594, 17040, 20654, -2878, 38356
22231.6, 995, 1218, -10039, 594, 17040, 20654, -2878, 38338
22233.8, 25, 1218, -10039, 594, 17040, 20654, -2878, 38338
22239.5, 1143, 1130, -10100, 629, 17137, 16992, -2528, 38333
22243.3, 1028, 1130, -10100, 629, 17137, 16992, -2528, 38319
22249.0, 1123, 1174, -10046, 466, 17994, 14984, -2178, 38314
22252.7, 1042, 1174, -10046, 466, 17994, 14984, -2178, 38339
22258.4, 1101, 1138, -9908, 613, 17285, 13755, -1316, 38291
22262.1, 1015, 1138, -9908, 613, 17285, 13755, -1316, 38273
22267.9, 1099, 1138, -9908, 613, 16091, 10815, -735, 38279
22271.6, 1008, 1138, -9908, 613, 16091, 10815, -735, 38270
22277.4, 1112, 1235, -9563, 689, 16091, 10815, -433, 38260
22281.1, 1005, 1235, -9563, 689, 16091, 10815, -433, 38256
22285.3, 1087, 1409, -9474, 572, 14000, 6295, -433, 38256
22289.0, 1028, 1409, -9474, 572, 14000, 6295, -433, 38240
22291.3, 25, 1409, -9474, 572, 14000, 6295, -433, 38240
22295.5, 1089, 1459, -9528, 596, 11983, 2353, 13, 38240
22299.2, 1032, 1459, -9528, 596, 11983, 2353, 13, 38210
22301.5, 24, 1459, -9528, 596, 11983, 2353, 13, 38210
22305.7, 1097, 1463, -9476, 465, 11086, -4974, 1955, 38210
22309.4, 1031, 1463, -9476, 465, 11086, -4974, 1955, 38229
22311.7, 23, 1463, -9476, 465, 11086, -4974, 1955, 38229
22315.9, 1096, 1409, -9309, 422, 8627, -5565, 2030, 38229
22319.6, 1027, 1409, -9309, 422, 8627, -5565, 2030, 38223
22321.9, 24, 1409, -9309, 422, 8627, -5565, 2030, 38223
22327.6, 1094, 1281, -9200, 283, 7363, -2471, 2769, 38219
22331.3, 1041, 1281, -9200, 283, 7363, -2471, 2769, 38466
22335.6, 1091, 1245, -8995, 283, 5376, 1111, 4401, 38466
22339.3, 1031, 1245, -8995, 283, 5376, 1111, 4401, 38211
22343.5, 1100, 1109, -8921, 559, 5376, 1111, 4401, 38211
22347.2, 1047, 1109, -8921, 559, 5376, 1111, 4401, 38204
22350.9, 1034, 1109, -8921, 559, 5376, 1111, 4401, 38200
22355.2, 1098, 1153, -9118, 838, 520, -1990, 6278, 38200
22358.9, 1036, 1153, -9118, 838, 520, -1990, 6278, 38212
22363.1, 1069, 1280, -9270, 914, 520, -1990, 6278, 38212
22366.8, 1010, 1280, -9270, 914, 520, -1990, 6278, 38182
22370.6, 1046, 1280, -9270, 914, 520, -1990, 6278, 38179
22374.8, 1077, 1530, -9381, 707, -1277, -8505, 6803, 38179
22378.6, 1000, 1530, -9381, 707, -1277, -8505, 6803, 38170
22382.8, 1092, 1823, -9424, 630, -1277, -8505, 6803, 38170
22386.5, 1020, 1823, -9424, 630, -1277, -8505, 6803, 38144
22388.8, 25, 1823, -9424, 630, -1277, -8505, 6803, 38144
22394.5, 1113, 1989, -9377, 635, -1286, -10023, 7490, 38158
22398.2, 1041, 1989, -9377, 635, -1286, -10023, 7490, 38153
22403.9, 1101, 1949, -9263, 611, -1286, -10023, 7490, 38152
22407.6, 1019, 1949, -9263, 611, -1286, -10023, 7490, 38136
22413.4, 1083, 1817, -9269, 806, -699, -6286, 8728, 38144
22417.1, 1011, 1817, -9269, 806, -699, -6286, 8728, 38124
22422.8, 1127, 1843, -9495, 893, -603, -2091, 9835, 38127
22426.6, 1013, 1843, -9495, 893, -603, -2091, 9835, 38110
22430.8, 1083, 1922, -9883, 1342, -831, -288, 9839, 38110
22434.5, 1031, 1922, -9883, 1342, -831, -288, 9839, 38076
22436.8, 23, 1922, -9883, 1342, -831, -288, 9839, 38076
22442.5, 1099, 1958, -9994, 1443, -914, 139, 9073, 38105
22446.2, 1011, 1958, -9994, 1443, -914, 139, 9073, 38314
