timestamp, 1100, 2622, -9619, -1100, 450, 153, -923, 37659
4557.5, 1087, 2622, -9619, -1100, 450, 153, -923, 37663
4561.3, 1080, 2622, -9619, -1100, 450, 153, -923, 37667
4565.5, 1108, 2599, -9561, -1087, 288, 131, -1001, 37667
4569.3, 1069, 2599, -9561, -1087, 288, 131, -1001, 37660
4573.5, 1063, 2599, -9561, -1087, 765, -30, -1128, 37660
4577.3, 1073, 2599, -9561, -1087, 765, -30, -1128, 37675
4581.0, 1065, 2599, -9561, -1087, 765, -30, -1128, 37670
4585.3, 1050, 2696, -9599, -1124, 341, -135, -1295, 37670
4589.0, 1076, 2696, -9599, -1124, 341, -135, -1295, 37665
4593.3, 1042, 2696, -9599, -1124, 144, 446, -1225, 37665
4597.0, 1079, 2696, -9599, -1124, 144, 446, -1225, 37665
4600.8, 1019, 2696, -9599, -1124, 144, 446, -1225, 37658
4605.1, 1043, 2680, -9573, -1140, 258, 1863, -931, 37658
4608.9, 1069, 2680, -9573, -1140, 258, 1863, -931, 37667
4613.1, 1069, 2680, -9573, -1140, 389, 3255, -730, 37667
4616.8, 1050, 2680, -9573, -1140, 389, 3255, -730, 37669
4620.6, 1093, 2680, -9573, -1140, 389, 3255, -730, 37664
4624.8, 1074, 2456, -9614, -1032, 179, 3753, -892, 37664
4628.6, 1068, 2456, -9614, -1032, 179, 3753, -892, 37688
4632.8, 1089, 2456, -9614, -1032, 148, 3793, -975, 37688
4636.5, 1054, 2456, -9614, -1032, 148, 3793, -975, 37666
4638.8, 23, 2456, -9614, -1032, 148, 3793, -975, 37666
4644.5, 1159, 2455, -9631, -894, 293, 3053, -975, 37662
4646.8, 27, 2455, -9631, -894, 293, 3053, -975, 37662
4652.5, 1163, 2489, -9631, -894, 293, 3053, -975, 37665
4656.3, 1032, 2489, -9631, -894, 293, 3053, -975, 37656
4660.5, 1057, 2554, -9681, -996, 354, 1439, -1049, 37656
4664.3, 1041, 2554, -9681, -996, 354, 1439, -1049, 37666
4666.6, 26, 2554, -9681, -996, 354, 1439, -1049, 37666
4670.8, 1043, 2617, -9664, -1135, 310, 997, -1168, 37666
4674.6, 1070, 2617, -9664, -1135, 310, 997, -1168, 37633
4676.9, 24, 2617, -9664, -1135, 310, 997, -1168, 37633
4682.6, 1155, 2671, -9638, -1204, 621, 1903, -1470, 37658
4686.3, 1046, 2671, -9638, -1204, 621, 1903, -1470, 37666
4690.6, 1060, 2693, -9573, -1255, 1194, 3762, -1741, 37666
4694.3, 1079, 2693, -9573, -1255, 1194, 3762, -1741, 37659
4696.5, 27, 2693, -9573, -1255, 1194, 3762, -1741, 37659
4700.8, 1043, 2428, -9529, -971, 879, 5140, -1942, 37659
4704.6, 1069, 2428, -9529, -971, 879, 5140, -1942, 37665
4708.8, 1028, 2400, -9609, -1232, 1233, 5232, -2016, 37665
4712.5, 1074, 2400, -9609, -1232, 1233, 5232, -2016, 37641
4716.3, 1092, 2400, -9609, -1232, 1233, 5232, -2016, 37661
4720.5, 1014, 2456, -9597, -1159, 1548, 6085, -1592, 37661
4724.3, 1046, 2456, -9597, -1159, 1548, 6085, -1592, 37658
4728.5, 1084, 2431, -9588, -993, 1505, 6348, -1093, 37658
4732.2, 1076, 2431, -9588, -993, 1505, 6348, -1093, 37667
4736.0, 1068, 2431, -9588, -993, 1505, 6348, -1093, 37662
4740.3, 1045, 2527, -9556, -1071, 1701, 5915, -804, 37662
4744.0, 1089, 2527, -9556, -1071, 1701, 5915, -804, 37667
4748.2, 1064, 2470, -9549, -1054, 1500, 5525, -844, 37667
4752.0, 1062, 2470, -9549, -1054, 1500, 5525, -844, 37630
4755.7, 1081, 2470, -9549, -1054, 1500, 5525, -844, 37656
4760.0, 1071, 2476, -9647, -1089, 1561, 3981, -962, 37656
4763.7, 1074, 2476, -9647, -1089, 1561, 3981, -962, 37654
4767.9, 1077, 2391, -9620, -914, 1601, 3071, -691, 37654
4771.7, 1047, 2391, -9620, -914, 1601, 3071, -691, 37651
4774.0, 22, 2391, -9620, -914, 1601, 3071, -691, 37651
4779.7, 1072, 2307, -9559, -928, 993, 1329, -376, 37652
4783.5, 1084, 2307, -9559, -928, 993, 1329, -376, 37647
4787.7, 1060, 2327, -9504, -937, 393, -529, -236, 37647
4791.4, 1039, 2327, -9504, -937, 393, -529, -236, 37668
4793.7, 23, 2327, -9504, -937, 393, -529, -236, 37668
4799.5, 1110, 2330, -9592, -881, 279, -2148, 13, 37647
4803.2, 1091, 2330, -9592, -881, 279, -2148, 13, 37647
4808.9, 1150, 2385, -9741, -896, 783, -3521, 78, 37641
4811.1, 26, 2385, -9741, -896, 783, -3521, 78, 37641
4813.5, 3, 2385, -9741, -896, 783, -3521, 78, 37641
4819.2, 1168, 2542, -9741, -1015, 507, -4453, -74, 37641
4821.5, 27, 2542, -9741, -1015, 507, -4453, -74, 37641
4825.7, 1080, 2598, -9653, -988, 695, -4090, -104, 37641
4829.4, 1068, 2598, -9653, -988, 695, -4090, -104, 37638
4831.7, 24, 2598, -9653, -988, 695, -4090, -104, 37638
4835.9, 1084, 2683, -9561, -897, 433, -3583, 52, 37638
4839.6, 1087, 2683, -9561, -897, 433, -3583, 52, 37615
4841.9, 25, 2683, -9561, -897, 433, -3583, 52, 37615
4847.6, 1172, 2738, -9557, -1038, 43, -2161, 656, 37639
4851.3, 1074, 2738, -9557, -1038, 43, -2161, 656, 37633
4855.6, 1073, 2651, -9620, -1089, -686, -1198, 857, 37633
4859.3, 1074, 2651, -9620, -1089, -686, -1198, 857, 37630
4861.6, 27, 2651, -9620, -1089, -686, -1198, 857, 37630
4865.8, 1046, 2529, -9640, -1168, -1001, -91, 883, 37630
4869.6, 1052, 2529, -9640, -1168, -1001, -91, 883, 37666
4873.8, 1064, 2629, -9553, -1398, -949, 2104, 1128, 37666
4877.5, 1089, 2629, -9553, -1398, -949, 2104, 1128, 37619
4881.3, 1077, 2629, -9553, -1398, -949, 2104, 1128, 37622
4885.5, 1072, 2587, -9567, -1353, -905, 4602, 1666, 37622
4889.3, 1086, 2587, -9567, -1353, -905, 4602, 1666, 37631
4893.5, 1050, 2568, -9581, -1237, -306, 6243, 1321, 37631
4897.2, 1095, 2568, -9581, -1237, -306, 6243, 1321, 37647
4901.0, 1047, 2568, -9581, -1237, -306, 6243, 1321, 37608
4905.2, 1092, 2506, -9605, -995, 253, 7275, 686, 37608
4908.9, 1103, 2506, -9605, -995, 253, 7275, 686, 37616
4913.1, 1056, 2685, -9832, -1210, 135, 7056, 660, 37616
4916.9, 1074, 2685, -9832, -1210, 135, 7056, 660, 37624
4920.6, 1079, 2685, -9832, -1210, 135, 7056, 660, 37636
4924.8, 1043, 2623, -9595, -905, 363, 9485, 1885, 37636
4928.6, 1032, 2623, -9595, -905, 363, 9485, 1885, 37550
4932.8, 1040, 2648, -9723, -1068, 678, 8771, 2126, 37550
4936.5, 1031, 2648, -9723, -1068, 678, 8771, 2126, 37602
4938.8, 23, 2648, -9723, -1068, 678, 8771, 2126, 37602
4944.6, 1019, 2604, -9720, -1156, 656, 7494, 1491, 37590
4948.3, 1071, 2604, -9720, -1156, 656, 7494, 1491, 37596
4954.1, 1075, 2598, -9611, -1104, 1041, 6011, 472, 37592
4958.2, 708, 2598, -9611, -1104, 1041, 6011, 472, 37595
4963.9, 1100, 2484, -9534, -1046, 984, 3985, -533, 37595
4967.7, 991, 2484, -9534, -1046, 984, 3985, -533, 37586
4973.4, 1132, 2458, -9553, -1061, 1019, 2143, -818, 37590
4977.1, 1051, 2458, -9553, -1061, 1019, 2143, -818, 37577
4982.8, 1111, 2486, -9586, -897, 1373, 1789, -166, 37561
4986.6, 1038, 2486, -9586, -897, 1373, 1789, -166, 37573
4990.8, 1018, 2553, -9613, -844, 1636, 1566, 507, 37573
4994.6, 1027, 2553, -9613, -844, 1636, 1566, 507, 37572
4996.9, 22, 2553, -9613, -844, 1636, 1566, 507, 37572
5002.6, 1139, 2632, -9642, -865, 1106, 1295, 402, 37584
5006.4, 1046, 2632, -9642, -865, 1106, 1295, 402, 37563
5010.6, 991, 2635, -9524, -857, 498, 1868, -367, 37563
5014.4, 1044, 2635, -9524, -857, 498, 1868, -367, 37568
5016.6, 24, 2635, -9524, -857, 498, 1868, -367, 37568
5020.9, 1029, 2577, -9589, -887, 131, 2073, -1010, 37568
5024.7, 1053, 2577, -9589, -887, 131, 2073, -1010, 37528
5028.9, 1042, 2476, -9629, -843, -39, 1627, -1216, 37528
5032.6, 1064, 2476, -9629, -843, -39, 1627, -1216, 37566
5036.4, 1078, 2476, -9629, -843, -39, 1627, -1216, 37568
5040.6, 1024, 2440, -9577, -867, -297, 363, -1242, 37568
5044.4, 1038, 2440, -9577, -867, -297, 363, -1242, 37556
5048.6, 1070, 2423, -9550, -959, -271, -1238, -1233, 37556
5052.3, 1064, 2423, -9550, -959, -271, -1238, -1233, 37534
5056.1, 1037, 2423, -9550, -959, -271, -1238, -1233, 37551
5060.3, 1008, 2595, -9560, -996, -91, -2253, -1238, 37551
5064.1, 1082, 2595, -9560, -996, -91, -2253, -1238, 37553
5068.3, 1009, 2647, -9594, -1003, -161, -2388, -1176, 37553
5072.0, 1024, 2647, -9594, -1003, -161, -2388, -1176, 37549
5075.7, 1076, 2647, -9594, -1003, -161, -2388, -1176, 37571
5080.0, 1080, 2733, -9573, -1118, -69, -1592, -1036, 37571
5083.7, 1029, 2733, -9573, -1118, -69, -1592, -1036, 37548
5088.0, 1042, 2696, -9603, -1104, -179, 349, -988, 37548
5091.7, 1012, 2696, -9603, -1104, -179, 349, -988, 37541
5094.0, 23, 2696, -9603, -1104, -179, 349, -988, 37541
5099.7, 1098, 2638, -9577, -1091, -349, 2384, -940, 37538
5103.5, 1031, 2638, -9577, -1091, -349, 2384, -940, 37537
5107.7, 1041, 2526, -9591, -1070, -415, 3675, -770, 37537
5111.5, 1060, 2526, -9591, -1070, -415, 3675, -770, 37535
5113.8, 25, 2526, -9591, -1070, -415, 3675, -770, 37535
5119.5, 1127, 2492, -9591, -978, 8, 3906, -896, 37510
5123.2, 1036, 2492, -9591, -978, 8, 3906, -896, 37513
5129.0, 1179, 2465, -9620, -1024, -21, 3224, -1045, 37511
5131.2, 27, 2465, -9620, -1024, -21, 3224, -1045, 37511
5133.5, 3, 2465, -9620, -1024, -21, 3224, -1045, 37511
5139.2, 1149, 2440, -9588, -1036, 188, 2843, -1176, 37486
5141.5, 25, 2440, -9588, -1036, 188, 2843, -1176, 37486
5145.8, 1034, 2440, -9585, -1125, 643, 2782, -1268, 37486
5149.5, 1100, 2440, -9585, -1125, 643, 2782, -1268, 37507
5151.8, 25, 2440, -9585, -1125, 643, 2782, -1268, 37507
5156.0, 1076, 2608, -9612, -1147, 927, 3994, -1076, 37507
5159.7, 1108, 2608, -9612, -1147, 927, 3994, -1076, 37517
5162.0, 24, 2608, -9612, -1147, 927, 3994, -1076, 37517
5167.7, 1153, 2635, -9637, -1099, 1089, 6020, -1084, 37498
5171.4, 1035, 2635, -9637, -1099, 1089, 6020, -1084, 37530
5175.6, 1079, 2592, -9644, -1063, 1124, 7218, -1347, 37530
5179.4, 1036, 2592, -9644, -1063, 1124, 7218, -1347, 37498
5181.6, 23, 2592, -9644, -1063, 1124, 7218, -1347, 37498
5185.9, 1060, 2527, -9619, -940, 1207, 7590, -1413, 37498
5189.7, 1077, 2527, -9619, -940, 1207, 7590, -1413, 37454
5193.9, 1051, 2527, -9619, -940, 1207, 7590, -1321, 37454
5197.6, 1071, 2527, -9619, -940, 1207, 7590, -1321, 37490
5201.4, 1102, 2527, -9619, -940, 1207, 7590, -1321, 37504
5205.6, 1096, 2426, -9493, -893, 223, 7415, -839, 37504
5209.4, 1087, 2426, -9493, -893, 223, 7415, -839, 37491
5213.6, 1094, 2426, -9493, -893, 223, 7415, -284, 37491
5217.3, 1086, 2426, -9493, -893, 223, 7415, -284, 37527
5221.0, 1085, 2426, -9493, -893, 223, 7415, -284, 37491
5225.3, 1028, 2361, -9565, -868, -739, 4291, -170, 37491
5229.0, 1096, 2361, -9565, -868, -739, 4291, -170, 37507
5233.2, 985, 2361, -9565, -868, -739, 4291, -301, 37507
5237.0, 1062, 2361, -9565, -868, -739, 4291, -301, 37488
5240.7, 1079, 2361, -9565, -868, -739, 4291, -301, 37480
5244.9, 1120, 2324, -9570, -921, -1229, 1098, -319, 37480
5248.7, 1063, 2324, -9570, -921, -1229, 1098, -319, 37483
5252.9, 1089, 2324, -9570, -921, -1229, 1098, -319, 37483
5256.6, 1062, 2324, -9570, -921, -1229, 1098, -319, 37495
5258.9, 25, 2324, -9570, -921, -1229, 1098, -319, 37495
5264.6, 1126, 2362, -9564, -978, -1505, -2139, -581, 37475
5268.3, 1107, 2362, -9564, -978, -1505, -2139, -581, 37479
5274.0, 1076, 2436, -9561, -971, -1732, -3211, -608, 37473
5277.7, 1013, 2436, -9561, -971, -1732, -3211, -608, 37482
5283.5, 1101, 2436, -9561, -978, -1684, -3863, -384, 37476
5287.2, 1054, 2436, -9561, -978, -1684, -3863, -384, 37465
5293.0, 1165, 2508, -9592, -978, -1684, -3863, -384, 37472
5296.6, 1022, 2508, -9592, -978, -1684, -3863, -384, 37468
5300.9, 1041, 2602, -9597, -993, -1881, -3898, -139, 37468
5304.6, 1089, 2602, -9597, -993, -1881, -3898, -139, 37472
5306.9, 25, 2602, -9597, -993, -1881, -3898, -139, 37472
5312.6, 1155, 2671, -9574, -1029, -2240, -3346, 13, 37473
5316.3, 1039, 2671, -9574, -1029, -2240, -3346, 13, 37468
5320.6, 1054, 2596, -9546, -1089, -2113, -2905, -61, 37468
5324.3, 1040, 2596, -9546, -1089, -2113, -2905, -61, 37456
5326.6, 24, 2596, -9546, -1089, -2113, -2905, -61, 37456
5330.8, 1079, 2586, -9590, -1150, -1710, -1973, -170, 37456
5334.6, 1027, 2586, -9590, -1150, -1710, -1973, -170, 37464
5336.8, 23, 2586, -9590, -1150, -1710, -1973, -170, 37464
5342.6, 1112, 2535, -9552, -1124, -1815, -468, -201, 37459
5346.3, 1054, 2535, -9552, -1124, -1815, -468, -201, 37464
5350.6, 1049, 2558, -9601, -1119, -1535, 831, -314, 37464
5354.3, 1026, 2558, -9601, -1119, -1535, 831, -314, 37460
5356.5, 24, 2558, -9601, -1119, -1535, 831, -314, 37460
5360.8, 1072, 2517, -9631, -1103, -1364, 1889, -201, 37460
5364.5, 1085, 2517, -9631, -1103, -1364, 1889, -201, 37469
5368.7, 1099, 2420, -9669, -1079, -1207, 2266, -4, 37469
5372.5, 1037, 2420, -9669, -1079, -1207, 2266, -4, 37466
5376.2, 1065, 2420, -9669, -1079, -1207, 2266, -4, 37478
5380.4, 1120, 2411, -9645, -1015, -1111, 2108, -113, 37478
5384.1, 1068, 2411, -9645, -1015, -1111, 2108, -113, 37468
5388.4, 1049, 2461, -9562, -1016, -953, 1981, 39, 37468
5392.1, 1064, 2461, -9562, -1016, -953, 1981, 39, 37468
5395.8, 1072, 2461, -9562, -1016, -953, 1981, 39, 37464
5400.1, 1053, 2378, -9567, -943, -1644, 695, 56, 37464
5403.8, 1074, 2378, -9567, -943, -1644, 695, 56, 37472
5408.1, 1055, 2450, -9571, -1039, -1574, -490, 126, 37472
5411.8, 1047, 2450, -9571, -1039, -1574, -490, 126, 37464
5415.6, 1062, 2450, -9571, -1039, -1574, -490, 126, 37445
5419.8, 1060, 2413, -9598, -939, -1876, -1728, -17, 37445
5423.5, 1050, 2413, -9598, -939, -1876, -1728, -17, 37469
5427.8, 1104, 2596, -9742, -1325, -1977, -2856, 0, 37469
5431.5, 1040, 2596, -9742, -1325, -1977, -2856, 0, 37468
5433.8, 24, 2596, -9742, -1325, -1977, -2856, 0, 37468
5439.5, 1076, 2589, -9657, -1065, -1465, -231, 1001, 37472
5443.2, 1068, 2589, -9657, -1065, -1465, -231, 1001, 37491
5449.0, 1087, 2575, -9743, -988, -1627, -170, 1106, 37462
5452.7, 1042, 2575, -9743, -988, -1627, -170, 1106, 37478
5458.4, 1096, 2621, -9686, -1184, -1329, -227, 428, 37460
5462.1, 1019, 2621, -9686, -1184, -1329, -227, 428, 37462
5467.8, 1145, 2672, -9576, -1283, -1846, 1640, 209, 37468
5471.5, 1017, 2672, -9576, -1283, -1846, 1640, 209, 37465
5475.8, 1051, 2554, -9442, -1004, -2301, 3469, 590, 37465
5479.5, 1013, 2554, -9442, -1004, -2301, 3469, 590, 37466
5481.8, 22, 2554, -9442, -1004, -2301, 3469, 590, 37466
5486.0, 1021, 2385, -9535, -994, -2712, 3141, 804, 37466
5489.7, 1061, 2385, -9535, -994, -2712, 3141, 804, 37435
5492.0, 23, 2385, -9535, -994, -2712, 3141, 804, 37435
5497.7, 1144, 2410, -9719, -1149, -2292, 3001, 853, 37468
5501.4, 1051, 2410, -9719, -1149, -2292, 3001, 853, 37459
5505.7, 1013, 2381, -9765, -1122, -2419, 3136, 546, 37459
5509.4, 1049, 2381, -9765, -1122, -2419, 3136, 546, 37470
5511.6, 25, 2381, -9765, -1122, -2419, 3136, 546, 37470
5515.9, 1063, 2413, -9677, -1146, -2248, 3661, 494, 37470
5519.7, 1053, 2413, -9677, -1146, -2248, 3661, 494, 37472
5523.9, 1029, 2470, -9708, -1036, -1745, 3880, 647, 37472
5527.6, 1075, 2470, -9708, -1036, -1745, 3880, 647, 37471
5531.4, 1053, 2470, -9708, -1036, -1745, 3880, 647, 37470
5535.6, 1038, 2478, -9750, -959, -1601, 3836, 437, 37470
5539.4, 1040, 2478, -9750, -959, -1601, 3836, 437, 37469
5543.6, 1057, 2511, -9752, -945, -1859, 3416, -148, 37469
5547.3, 1072, 2511, -9752, -945, -1859, 3416, -148, 37465
5551.1, 1063, 2511, -9752, -945, -1859, 3416, -148, 37471
5555.3, 1078, 2600, -9775, -1046, -1609, 2896, -393, 37471
5559.0, 1049, 2600, -9775, -1046, -1609, 2896, -393, 37462
5563.2, 1077, 2568, -9783, -1003, -1076, 3228, -498, 37462
5566.9, 1053, 2568, -9783, -1003, -1076, 3228, -498, 37465
5570.7, 1076, 2568, -9783, -1003, -1076, 3228, -498, 37465
5574.9, 1042, 2673, -9738, -1174, -708, 4431, -660, 37465
5578.7, 1049, 2673, -9738, -1174, -708, 4431, -660, 37468
5582.9, 1084, 2821, -9667, -1347, -1102, 7087, -520, 37468
5586.6, 1070, 2821, -9667, -1347, -1102, 7087, -520, 37455
5588.9, 25, 2821, -9667, -1347, -1102, 7087, -520, 37455
5594.6, 1077, 2819, -9515, -1295, -822, 11607, 17, 37461
5598.3, 1070, 2819, -9515, -1295, -822, 11607, 17, 37469
5604.0, 1110, 2934, -9683, -1235, 131, 16756, 664, 37493
5607.7, 1060, 2934, -9683, -1235, 131, 16756, 664, 37476
5613.5, 1120, 2648, -9666, -1027, 4, 20077, 980, 37480
5615.7, 26, 2648, -9666, -1027, 4, 20077, 980, 37480
5618.0, 2, 2648, -9666, -1027, 4, 20077, 980, 37480
5623.7, 1097, 2341, -9616, -926, -113, 20812, 472, 37466
5625.9, 26, 2341, -9616, -926, -113, 20812, 472, 37466
5628.2, 2, 2341, -9616, -926, -113, 20812, 472, 37466
5633.9, 1153, 2239, -9663, -1007, -34, 20352, 135, 37470
5636.2, 27, 2239, -9663, -1007, -34, 20352, 135, 37470
5640.5, 1039, 2020, -9624, -814, -1566, 17045, -205, 37470
5644.2, 1103, 2020, -9624, -814, -1566, 17045, -205, 37473
5646.5, 27, 2020, -9624, -814, -1566, 17045, -205, 37473
5650.7, 1024, 2156, -9524, -903, -363, 14148, -284, 37473
5654.4, 1107, 2156, -9524, -903, -363, 14148, -284, 37473
5656.7, 25, 2156, -9524, -903, -363, 14148, -284, 37473
5660.9, 1069, 2310, -9539, -904, -1023, 11576, 174, 37473
5664.6, 1083, 2310, -9539, -904, -1023, 11576, 174, 37473
5666.9, 25, 2310, -9539, -904, -1023, 11576, 174, 37473
5672.6, 1178, 2391, -9631, -1019, -1019, 9765, 590, 37486
5676.3, 1083, 2391, -9631, -1019, -1019, 9765, 590, 37470
5680.6, 1076, 2629, -9785, -1150, 188, 9498, 288, 37470
5684.3, 1023, 2629, -9785, -1150, 188, 9498, 288, 37461
5686.6, 25, 2629, -9785, -1150, 188, 9498, 288, 37461
5690.8, 1075, 2456, -9644, -906, -437, 9537, -376, 37461
5694.6, 1093, 2456, -9644, -906, -437, 9537, -376, 37472
5698.8, 1024, 2590, -9539, -1106, -301, 9353, -358, 37472
5702.5, 1103, 2590, -9539, -1106, -301, 9353, -358, 37384
5706.3, 1098, 2590, -9539, -1106, -301, 9353, -358, 37467
5710.5, 1008, 2617, -9622, -1065, -301, 10832, 529, 37467
5714.3, 1080, 2617, -9622, -1065, -301, 10832, 529, 37385
5718.5, 1040, 2534, -9754, -818, -481, 11327, 625, 37385
5722.2, 1117, 2534, -9754, -818, -481, 11327, 625, 37381
5725.9, 1108, 2534, -9754, -818, -481, 11327, 625, 37372
5730.2, 1082, 2488, -9711, -945, -507, 10727, -148, 37372
5733.9, 1111, 2488, -9711, -945, -507, 10727, -148, 37391
5738.1, 1077, 2504, -9612, -1018, -1540, 11138, -844, 37391
5741.9, 1070, 2504, -9612, -1018, -1540, 11138, -844, 37357
5745.6, 1106, 2504, -9612, -1018, -1540, 11138, -844, 37361
5749.8, 1085, 2667, -9580, -1123, -1981, 14105, -314, 37361
5753.6, 1025, 2667, -9580, -1123, -1981, 14105, -314, 37330
5757.8, 1021, 2703, -9700, -1165, -2716, 19469, 1067, 37330
5761.5, 1049, 2703, -9700, -1165, -2716, 19469, 1067, 37365
5763.8, 24, 2703, -9700, -1165, -2716, 19469, 1067, 37365
5769.5, 1044, 2625, -9852, -1218, -3272, 24758, 2546, 37350
5773.2, 1073, 2625, -9852, -1218, -3272, 24758, 2546, 37353
5779.0, 1121, 2386, -9794, -988, -2874, 30691, 3727, 37306
5781.2, 27, 2386, -9794, -988, -2874, 30691, 3727, 37306
5783.4, 3, 2386, -9794, -988, -2874, 30691, 3727, 37306
5789.2, 1179, 2239, -9831, -713, -3036, 34755, 4751, 37346
5791.4, 28, 2239, -9831, -713, -3036, 34755, 4751, 37346
5795.6, 1040, 2239, -9831, -713, -3154, 35569, 5656, 37346
5799.3, 1077, 2239, -9831, -713, -3154, 35569, 5656, 37339
5801.6, 25, 2239, -9831, -713, -3154, 35569, 5656, 37339
5805.8, 1064, 2134, -9794, -498, -2800, 33701, 6313, 37339
5809.5, 1088, 2134, -9794, -498, -2800, 33701, 6313, 37328
5811.8, 25, 2134, -9794, -498, -2800, 33701, 6313, 37328
5816.0, 1033, 2207, -9777, -664, -3968, 29190, 6111, 37328
5819.7, 1112, 2207, -9777, -664, -3968, 29190, 6111, 37313
5822.0, 26, 2207, -9777, -664, -3968, 29190, 6111, 37313
5827.7, 1197, 2277, -9706, -957, -4243, 23332, 5140, 37319
5831.4, 1064, 2277, -9706, -957, -4243, 23332, 5140, 37303
5835.6, 972, 2277, -9537, -1224, -2865, 19832, 4033, 37303
5839.4, 1006, 2277, -9537, -1224, -2865, 19832, 4033, 37306
5841.6, 25, 2277, -9537, -1224, -2865, 19832, 4033, 37306
5845.9, 1058, 2518, -9398, -1176, -2537, 18178, 3613, 37306
5849.6, 1029, 2518, -9398, -1176, -2537, 18178, 3613, 37293
5853.8, 1071, 2518, -9398, -1176, -2537, 18178, 3613, 37293
5857.5, 1081, 2518, -9398, -1176, -2537, 18178, 3613, 37284
5861.2, 1066, 2518, -9398, -1176, -2537, 18178, 3613, 37280
5865.5, 1053, 2425, -9397, -1029, -839, 15229, 3766, 37280
5869.2, 1083, 2425, -9397, -1029, -839, 15229, 3766, 37275
5873.4, 1024, 2425, -9397, -1029, -839, 15229, 3766, 37275
5877.2, 1073, 2425, -9397, -1029, -839, 15229, 3766, 37267
5880.9, 1048, 2425, -9397, -1029, -839, 15229, 3766, 37268
5885.2, 1033, 2194, -9574, -582, 590, 10285, 2043, 37268
5888.9, 1028, 2194, -9574, -582, 590, 10285, 2043, 37292
5893.1, 1051, 2194, -9574, -582, 590, 10285, 2043, 37292
5896.8, 1075, 2194, -9574, -582, 590, 10285, 2043, 37263
5900.6, 1067, 2194, -9574, -582, 590, 10285, 2043, 37252
5904.8, 1073, 2130, -9701, -465, 249, 358, -739, 37252
5908.5, 1087, 2130, -9701, -465, 249, 358, -739, 37249
5912.8, 1053, 2130, -9701, -465, 249, 358, -739, 37249
5916.5, 1062, 2130, -9701, -465, 249, 358, -739, 37241
5918.8, 24, 2130, -9701, -465, 249, 358, -739, 37241
5924.5, 1088, 2491, -9538, -563, -297, -2970, -581, 37245
5928.3, 1052, 2491, -9538, -563, -297, -2970, -581, 37242
5934.0, 1042, 2491, -9538, -563, -1395, -4536, -1605, 37240
5937.7, 1073, 2491, -9538, -563, -1395, -4536, -1605, 37244
5943.4, 1143, 2562, -9434, -621, -1395, -4536, -1605, 37197
5945.7, 28, 2562, -9434, -621, -1395, -4536, -1605, 37197
5948.0, 2, 2562, -9434, -621, -1395, -4536, -1605, 37197
5953.7, 1131, 2572, -9426, -786, -1841, -4401, -1854, 37250
5956.0, 28, 2572, -9426, -786, -1841, -4401, -1854, 37250
5960.2, 1068, 2606, -9448, -737, -1434, -2379, -1137, 37250
5964.0, 1056, 2606, -9448, -737, -1434, -2379, -1137, 37238
5966.2, 25, 2606, -9448, -737, -1434, -2379, -1137, 37238
5970.5, 1103, 2617, -9593, -670, -1172, -638, -428, 37238
5974.2, 1075, 2617, -9593, -670, -1172, -638, -428, 37229
5976.5, 26, 2617, -9593, -670, -1172, -638, -428, 37229
5980.7, 1063, 2551, -9461, -521, -993, 1448, 227, 37229
5984.4, 1043, 2551, -9461, -521, -993, 1448, 227, 37204
5986.7, 26, 2551, -9461, -521, -993, 1448, 227, 37204
5990.9, 1091, 2471, -9641, -665, -1955, 1207, 4, 37204
5994.6, 1063, 2471, -9641, -665, -1955, 1207, 4, 37225
5996.9, 26, 2471, -9641, -665, -1955, 1207, 4, 37225
6002.6, 1188, 2370, -9692, -695, -1798, 1518, -428, 37213
6006.3, 1070, 2370, -9692, -695, -1798, 1518, -428, 37225
6010.6, 1049, 2385, -9644, -963, -1596, 2629, -507, 37225
6014.3, 1091, 2385, -9644, -963, -1596, 2629, -507, 37255
6018.5, 1083, 2404, -9748, -1111, -1627, 2843, -196, 37255
6022.2, 1115, 2404, -9748, -1111, -1627, 2843, -196, 37216
6026.0, 1052, 2404, -9748, -1111, -1627, 2843, -196, 37230
6030.2, 1055, 2221, -9657, -979, -1592, 2721, 428, 37230
6033.9, 1047, 2221, -9657, -979, -1592, 2721, 428, 37194
6038.1, 1043, 2118, -9588, -922, -1675, 2279, 896, 37194
6041.9, 1086, 2118, -9588, -922, -1675, 2279, 896, 37228
6045.6, 1104, 2118, -9588, -922, -1675, 2279, 896, 37230
6049.8, 1091, 2264, -9674, -961, -848, 1277, 555, 37230
6053.6, 1052, 2264, -9674, -961, -848, 1277, 555, 37224
6057.8, 1105, 2239, -9737, -737, -1006, -656, -122, 37224
6061.5, 1080, 2239, -9737, -737, -1006, -656, -122, 37221
6063.8, 26, 2239, -9737, -737, -1006, -656, -122, 37221
6069.5, 1108, 2258, -9670, -747, -1273, -3530, -879, 37235
6073.2, 1054, 2258, -9670, -747, -1273, -3530, -879, 37227
6079.0, 1076, 2343, -9705, -825, -1478, -5079, -953, 37230
6082.7, 1047, 2343, -9705, -825, -1478, -5079, -953, 37227
6088.4, 1106, 2455, -9723, -940, -1666, -4151, -839, 37230
6092.1, 1019, 2455, -9723, -940, -1666, -4151, -839, 37226
6097.8, 1147, 2556, -9798, -1067, -1806, -1526, -398, 37224
6101.5, 1057, 2556, -9798, -1067, -1806, -1526, -398, 37231
6105.8, 1035, 2652, -9755, -1041, -1802, 2156, 78, 37231
6109.5, 1067, 2652, -9755, -1041, -1802, 2156, 78, 37232
6111.8, 24, 2652, -9755, -1041, -1802, 2156, 78, 37232
6116.0, 1009, 2602, -9646, -1007, -1264, 5652, 809, 37232
6119.7, 1072, 2602, -9646, -1007, -1264, 5652, 809, 37199
6122.0, 25, 2602, -9646, -1007, -1264, 5652, 809, 37199
6127.7, 1165, 2428, -9600, -874, -306, 8019, 1220, 37246
6131.4, 1059, 2428, -9600, -874, -306, 8019, 1220, 37217
6135.7, 1021, 2254, -9594, -696, 402, 8588, 901, 37217
6139.4, 1003, 2254, -9594, -696, 402, 8588, 901, 37226
6141.6, 25, 2254, -9594, -696, 402, 8588, 901, 37226
6145.9, 1009, 2121, -9572, -655, 586, 7511, 245, 37226
6149.7, 1028, 2121, -9572, -655, 586, 7511, 245, 37190
6151.9, 26, 2121, -9572, -655, 586, 7511, 245, 37190
6157.6, 1186, 2008, -9511, -542, 813, 4751, -153, 37220
6161.4, 1068, 2008, -9511, -542, 813, 4751, -153, 37220
6165.6, 1018, 2084, -9533, -544, 411, 2191, -196, 37220
6169.4, 1033, 2084, -9533, -544, 411, 2191, -196, 37224
6171.6, 25, 2084, -9533, -544, 411, 2191, -196, 37224
6175.9, 1057, 2334, -9644, -716, -770, 301, -174, 37224
6179.6, 1065, 2334, -9644, -716, -770, 301, -174, 37252
6183.8, 1079, 2601, -9690, -1003, -822, 1644, 52, 37252
6187.5, 1103, 2601, -9690, -1003, -822, 1644, 52, 37225
6191.2, 1031, 2601, -9690, -1003, -822, 1644, 52, 37227
6195.5, 975, 2845, -9649, -934, -783, 5923, 411, 37227
6199.2, 1093, 2845, -9649, -934, -783, 5923, 411, 37221
6203.4, 1017, 3062, -9519, -991, -695, 11563, 1321, 37221
6207.1, 1091, 3062, -9519, -991, -695, 11563, 1321, 37244
6210.9, 1072, 3062, -9519, -991, -695, 11563, 1321, 37213
6215.1, 1003, 2998, -9439, -903, -411, 16651, 2126, 37213
6218.9, 1045, 2998, -9439, -903, -411, 16651, 2126, 37220
6223.1, 927, 2761, -9556, -820, -166, 19604, 2248, 37220
6226.8, 1012, 2761, -9556, -820, -166, 19604, 2248, 37271
6230.6, 1064, 2761, -9556, -820, -166, 19604, 2248, 37169
6234.8, 1019, 2676, -9673, -908, 551, 20829, 1789, 37169
6238.5, 1080, 2676, -9673, -908, 551, 20829, 1789, 37244
6242.8, 986, 2405, -9698, -900, 511, 19928, 901, 37244
6246.5, 1028, 2405, -9698, -900, 511, 19928, 901, 37272
6248.8, 23, 2405, -9698, -900, 511, 19928, 901, 37272
6254.5, 1074, 2320, -9659, -1022, 516, 16157, 100, 37189
6258.3, 1054, 2320, -9659, -1022, 516, 16157, 100, 37248
6264.0, 1123, 2315, -9457, -1061, 1303, 14271, 279, 37181
6266.3, 26, 2315, -9457, -1061, 1303, 14271, 279, 37181
6268.5, 2, 2315, -9457, -1061, 1303, 14271, 279, 37181
6274.3, 1139, 2337, -9575, -1079, 2165, 13225, 573, 37169
6276.5, 28, 2337, -9575, -1079, 2165, 13225, 573, 37169
6280.7, 992, 2252, -9745, -1001, 2988, 11707, 559, 37169
6284.4, 991, 2252, -9745, -1001, 2988, 11707, 559, 37162
6286.7, 25, 2252, -9745, -1001, 2988, 11707, 559, 37162
6290.9, 1028, 2246, -9803, -1130, 3745, 11287, 74, 37162
6294.6, 1037, 2246, -9803, -1130, 3745, 11287, 74, 37173
6296.9, 25, 2246, -9803, -1130, 3745, 11287, 74, 37173
6302.6, 1137, 2252, -9789, -1015, 4396, 12547, 209, 37165
6306.3, 1049, 2252, -9789, -1015, 4396, 12547, 209, 37160
6310.6, 985, 2222, -9785, -814, 4882, 13247, 564, 37160
6314.3, 1050, 2222, -9785, -814, 4882, 13247, 564, 37156
6316.5, 27, 2222, -9785, -814, 4882, 13247, 564, 37156
6320.8, 1003, 2068, -9796, -682, 4773, 11405, 376, 37156
6324.6, 1060, 2068, -9796, -682, 4773, 11405, 376, 37152
6328.8, 1074, 2020, -9732, -526, 5070, 8610, -245, 37152
6332.5, 1089, 2020, -9732, -526, 5070, 8610, -245, 37179
6336.6, 743, 2020, -9732, -526, 5070, 8610, -245, 37152
6340.9, 1079, 2146, -9696, -613, 5005, 4431, -669, 37152
6344.7, 1058, 2146, -9696, -613, 5005, 4431, -669, 37150
6348.9, 1049, 2273, -9668, -635, 5101, 634, -446, 37150
6352.6, 1078, 2273, -9668, -635, 5101, 634, -446, 37138
6356.4, 1047, 2273, -9668, -635, 5101, 634, -446, 37140
6360.6, 1011, 2246, -9661, -536, 3889, -2681, -258, 37140
6364.4, 1051, 2246, -9661, -536, 3889, -2681, -258, 37128
6368.6, 1116, 2413, -9685, -702, 3486, -4401, -17, 37128
6372.3, 1075, 2413, -9685, -702, 3486, -4401, -17, 37118
6376.0, 1069, 2413, -9685, -702, 3486, -4401, -17, 37127
6380.3, 947, 2503, -9713, -650, 4077, -3548, 323, 37127
6384.0, 1076, 2503, -9713, -650, 4077, -3548, 323, 37122
6388.2, 1010, 2522, -9786, -673, 4108, -1837, 336, 37122
6392.0, 1052, 2522, -9786, -673, 4108, -1837, 336, 37119
6395.8, 1059, 2522, -9786, -673, 4108, -1837, 336, 37134
6400.0, 1038, 2321, -9799, -476, 3088, -1881, -301, 37134
6403.8, 1069, 2321, -9799, -476, 3088, -1881, -301, 37121
6408.0, 1043, 2333, -9696, -803, 4270, -2537, -844, 37121
6411.7, 1028, 2333, -9696, -803, 4270, -2537, -844, 37124
6414.0, 23, 2333, -9696, -803, 4270, -2537, -844, 37124
6419.7, 1015, 2369, -9598, -723, 4081, -2292, -1176, 37116
6423.5, 1090, 2369, -9598, -723, 4081, -2292, -1176, 37135
6427.7, 895, 2405, -9608, -570, 4668, -2620, -1566, 37135
6431.5, 1058, 2405, -9608, -570, 4668, -2620, -1566, 37117
6435.8, 870, 2405, -9608, -570, 4668, -2620, -1566, 37117
6439.5, 1077, 2405, -9608, -570, 4668, -2620, -1566, 37106
6441.8, 26, 2405, -9608, -570, 4668, -2620, -1566, 37106
6446.0, 1026, 2409, -9574, -564, 4060, -3259, -2012, 37106
6449.7, 1069, 2409, -9574, -564, 4060, -3259, -2012, 37109
6452.0, 25, 2409, -9574, -564, 4060, -3259, -2012, 37109
6457.7, 1173, 2446, -9613, -652, 3451, -3736, -1894, 37106
6461.4, 1059, 2446, -9613, -652, 3451, -3736, -1894, 37110
6465.7, 984, 2379, -9533, -586, 3451, -4165, -1526, 37110
6469.4, 1061, 2379, -9533, -586, 3451, -4165, -1526, 37079
6471.6, 26, 2379, -9533, -586, 3451, -4165, -1526, 37079
6475.9, 927, 2362, -9551, -636, 2463, -4825, -1448, 37079
6479.7, 1088, 2362, -9551, -636, 2463, -4825, -1448, 37103
6483.9, 951, 2301, -9583, -594, 2463, -4825, -1448, 37103
6487.6, 1064, 2301, -9583, -594, 2463, -4825, -1448, 37106
6491.4, 1074, 2301, -9583, -594, 2463, -4825, -1448, 37083
6495.6, 994, 2257, -9649, -608, 1889, -7446, -1430, 37083
6499.4, 1049, 2257, -9649, -608, 1889, -7446, -1430, 37181
6503.6, 1009, 2265, -9648, -591, 1889, -7446, -1430, 37181
6507.3, 1087, 2265, -9648, -591, 1889, -7446, -1430, 37106
6511.1, 1005, 2265, -9648, -591, 1889, -7446, -1430, 37098
6515.3, 1048, 2334, -9717, -631, 1189, -11257, -2012, 37098
6519.0, 1083, 2334, -9717, -631, 1189, -11257, -2012, 37108
6523.3, 1046, 2395, -9719, -624, 1189, -11257, -2012, 37108
6527.0, 1090, 2395, -9719, -624, 1189, -11257, -2012, 37103
6530.7, 1068, 2395, -9719, -624, 1189, -11257, -2012, 37090
6534.9, 1032, 2316, -9774, -715, 783, -10032, -1811, 37090
6538.7, 1104, 2316, -9774, -715, 783, -10032, -1811, 37094
6542.9, 1064, 2413, -9705, -685, 783, -10032, -1811, 37094
6546.6, 1039, 2413, -9705, -685, 783, -10032, -1811, 37086
6548.9, 24, 2413, -9705, -685, 783, -10032, -1811, 37086
6554.6, 1083, 2396, -9694, -601, 319, -7997, -1942, 37092
6558.3, 1092, 2396, -9694, -601, 319, -7997, -1942, 37090
6564.0, 1042, 2274, -9612, -528, 319, -7997, -2051, 37094
6567.7, 1057, 2274, -9612, -528, 319, -7997, -2051, 37084
6573.5, 929, 2313, -9644, -379, -1500, -10307, -2051, 37091
6577.2, 1056, 2313, -9644, -379, -1500, -10307, -2051, 37097
6583.0, 1117, 2343, -9607, -789, -1146, -9983, -2008, 37084
6586.7, 1023, 2343, -9607, -789, -1146, -9983, -2008, 37085
6590.9, 1054, 2392, -9705, -681, -1811, -7975, -1071, 37085
6594.6, 1002, 2392, -9705, -681, -1811, -7975, -1071, 37078
6596.9, 24, 2392, -9705, -681, -1811, -7975, -1071, 37078
6602.6, 1137, 2254, -9820, -1074, -1089, -6518, -581, 37087
6606.3, 999, 2254, -9820, -1074, -1089, -6518, -581, 37082
6610.6, 1038, 2063, -9751, -1223, 21, -4786, -314, 37082
6614.3, 1059, 2063, -9751, -1223, 21, -4786, -314, 37057
6616.6, 25, 2063, -9751, -1223, 21, -4786, -314, 37057
6620.8, 1003, 2003, -9687, -1034, 1649, -4103, -1277, 37057
6624.6, 1052, 2003, -9687, -1034, 1649, -4103, -1277, 37095
6626.9, 24, 2003, -9687, -1034, 1649, -4103, -1277, 37095
6632.6, 1148, 2079, -9553, -751, 3084, -6986, -2743, 37088
6636.3, 1016, 2079, -9553, -751, 3084, -6986, -2743, 37082
6640.6, 900, 2353, -9540, -710, 3255, -11961, -4116, 37082
6644.3, 1046, 2353, -9540, -710, 3255, -11961, -4116, 37056
6646.5, 25, 2353, -9540, -710, 3255, -11961, -4116, 37056
6650.7, 977, 2529, -9623, -622, 2883, -16327, -4847, 37056
6654.5, 1087, 2529, -9623, -622, 2883, -16327, -4847, 37085
6658.7, 1018, 2739, -9787, -607, 3158, -17592, -4707, 37085
6662.5, 1092, 2739, -9787, -607, 3158, -17592, -4707, 37086
6666.2, 1077, 2739, -9787, -607, 3158, -17592, -4707, 37118
6670.4, 1031, 2742, -9769, -637, 2883, -16279, -4506, 37118
6674.1, 1083, 2742, -9769, -637, 2883, -16279, -4506, 37114
6678.3, 999, 2365, -9573, -281, 1592, -13890, -4830, 37114
6682.1, 1062, 2365, -9573, -281, 1592, -13890, -4830, 37090
6685.8, 1094, 2365, -9573, -281, 1592, -13890, -4830, 37113
6690.0, 1062, 2262, -9716, -763, 1137, -14437, -5101, 37113
6693.8, 1071, 2262, -9716, -763, 1137, -14437, -5101, 37087
6698.0, 956, 2240, -9536, -977, 1675, -11869, -3600, 37087
6701.7, 1049, 2240, -9536, -977, 1675, -11869, -3600, 37096
6705.5, 1087, 2240, -9536, -977, 1675, -11869, -3600, 37103
6709.7, 1019, 2395, -9629, -789, 1916, -9782, -1666, 37103
6713.4, 1049, 2395, -9629, -789, 1916, -9782, -1666, 37108
6719.2, 1036, 2520, -9839, -637, 3027, -10780, -1098, 37107
6722.9, 1031, 2520, -9839, -637, 3027, -10780, -1098, 37115
6728.6, 975, 2465, -10326, -596, 5241, -12665, -2353, 37103
6732.3, 1007, 2465, -10326, -596, 5241, -12665, -2353, 37116
6738.0, 884, 2123, -10255, -1211, 9891, -11755, -3635, 37094
6741.8, 984, 2123, -10255, -1211, 9891, -11755, -3635, 37118
6746.0, 902, 1661, -9609, -2096, 14805, -9690, -4554, 37118
6749.7, 1061, 1661, -9609, -2096, 14805, -9690, -4554, 37120
6752.0, 25, 1661, -9609, -2096, 14805, -9690, -4554, 37120
6757.7, 1042, 1539, -9030, -1719, 17434, -9108, -5985, 37142
6761.4, 1008, 1539, -9030, -1719, 17434, -9108, -5985, 37139
6765.7, 841, 2124, -9065, -1054, 17854, -11585, -7988, 37139
6769.4, 1044, 2124, -9065, -1054, 17854, -11585, -7988, 37144
6771.7, 24, 2124, -9065, -1054, 17854, -11585, -7988, 37144
6776.0, 927, 2827, -9356, -638, 15715, -14905, -8697, 37144
6779.7, 1016, 2827, -9356, -638, 15715, -14905, -8697, 37100
6782.0, 23, 2827, -9356, -638, 15715, -14905, -8697, 37100
6787.7, 1111, 3483, -9573, -359, 15636, -14065, -6733, 37160
6791.4, 1113, 3483, -9573, -359, 15636, -14065, -6733, 37148
6795.7, 892, 3923, -9546, -224, 14634, -10246, -3819, 37148
6799.4, 1105, 3923, -9546, -224, 14634, -10246, -3819, 37180
6801.7, 26, 3923, -9546, -224, 14634, -10246, -3819, 37180
6806.0, 988, 3784, -9559, 83, 12040, -5442, -2384, 37180
6809.7, 1046, 3784, -9559, 83, 12040, -5442, -2384, 37180
6814.0, 1029, 3248, -9722, 217, 11471, -1242, -3158, 37180
6817.7, 1062, 3248, -9722, 217, 11471, -1242, -3158, 37193
6821.4, 1091, 3248, -9722, 217, 11471, -1242, -3158, 37170
6825.7, 1110, 2476, -9823, -38, 13737, 419, -4900, 37170
6829.4, 1072, 2476, -9823, -38, 13737, 419, -4900, 37218
6833.6, 960, 1780, -9728, -463, 16297, 240, -5718, 37218
6837.3, 1088, 1780, -9728, -463, 16297, 240, -5718, 37229
6841.0, 1128, 1780, -9728, -463, 16297, 240, -5718, 37235
6845.3, 1098, 1463, -9559, -803, 16739, 940, -5040, 37235
6849.0, 1037, 1463, -9559, -803, 16739, 940, -5040, 37301
6853.2, 985, 1785, -9558, -693, 16542, 2988, -3150, 37301
6857.0, 1066, 1785, -9558, -693, 16542, 2988, -3150, 37278
6860.8, 1092, 1785, -9558, -693, 16542, 2988, -3150, 37281
6865.0, 1052, 2472, -9730, -191, 16257, 3403, -1566, 37281
6868.8, 1018, 2472, -9730, -191, 16257, 3403, -1566, 37306
6873.0, 1001, 2970, -9857, 142, 15982, 1609, -1872, 37306
6876.7, 1028, 2970, -9857, 142, 15982, 1609, -1872, 38086
6879.0, 24, 2970, -9857, 142, 15982, 1609, -1872, 38086
6884.7, 1128, 2983, -9889, 163, 16087, -949, -3508, 38091
6888.5, 1071, 2983, -9889, 163, 16087, -949, -3508, 38095
6892.7, 1104, 2877, -9805, 145, 16520, -4436, -5044, 38095
6896.5, 1045, 2877, -9805, 145, 16520, -4436, -5044, 38097
6898.8, 25, 2877, -9805, 145, 16520, -4436, -5044, 38097
6904.5, 1023, 2830, -9701, -207, 17294, -7481, -5626, 38105
6908.3, 1050, 2830, -9701, -207, 17294, -7481, -5626, 38101
6914.0, 1230, 2717, -9647, -42, 16769, -9773, -5061, 38099
6916.2, 30, 2717, -9647, -42, 16769, -9773, -5061, 38099
6920.5, 873, 2856, -9960, -119, 17867, -11668, -3858, 38099
6924.3, 1012, 2856, -9960, -119, 17867, -11668, -3858, 38109
6926.5, 22, 2856, -9960, -119, 17867, -11668, -3858, 38109
6930.8, 1039, 2810, -10332, -491, 20584, -11812, -3626, 38109
6934.5, 1091, 2810, -10332, -491, 20584, -11812, -3626, 38099
6936.8, 25, 2810, -10332, -491, 20584, -11812, -3626, 38099
6941.0, 1126, 2472, -10222, -1192, 24793, -6457, -4935, 38099
6944.7, 1096, 2472, -10222, -1192, 24793, -6457, -4935, 38121
6947.0, 25, 2472, -10222, -1192, 24793, -6457, -4935, 38121
6952.7, 1178, 1872, -9960, -1164, 27265, -1671, -7070, 38114
6956.4, 1067, 1872, -9960, -1164, 27265, -1671, -7070, 38116
6960.7, 1072, 1518, -9709, -537, 28026, -529, -8561, 38116
6964.4, 1055, 1518, -9709, -537, 28026, -529, -8561, 38156
6966.7, 25, 1518, -9709, -537, 28026, -529, -8561, 38156
6970.9, 1061, 1633, -9724, 226, 27545, -4847, -8557, 38156
6974.7, 1086, 1633, -9724, 226, 27545, -4847, -8557, 38112
6978.9, 1096, 1633, -9724, 812, 26298, -13435, -7577, 38112
6982.6, 1084, 1633, -9724, 812, 26298, -13435, -7577, 38147
6986.4, 1096, 1633, -9724, 812, 26298, -13435, -7577, 38124
6990.6, 1040, 2983, -9732, 961, 24609, -22269, -5740, 38124
6994.4, 1055, 2983, -9732, 961, 24609, -22269, -5740, 38122
6998.6, 1019, 2983, -9732, 829, 23472, -25441, -4230, 38122
7002.3, 1013, 2983, -9732, 829, 23472, -25441, -4230, 38125
7006.1, 1036, 2983, -9732, 829, 23472, -25441, -4230, 38137
7010.3, 1048, 3159, -9725, 677, 22448, -21958, -4392, 38137
7014.0, 1120, 3159, -9725, 677, 22448, -21958, -4392, 38127
7018.2, 992, 3159, -9725, 677, 21437, -14621, -6015, 38127
7021.9, 1041, 3159, -9725, 677, 21437, -14621, -6015, 38146
7025.7, 1107, 3159, -9725, 677, 21437, -14621, -6015, 38127
7029.9, 1029, 2519, -9609, 7, 23861, -5201, -6492, 38127
7033.7, 1075, 2519, -9609, 7, 23861, -5201, -6492, 38123
7037.9, 986, 2519, -9609, 7, 23682, 1850, -5792, 38123
7041.6, 1078, 2519, -9609, 7, 23682, 1850, -5792, 38130
7043.9, 25, 2519, -9609, 7, 23682, 1850, -5792, 38130
7049.6, 1110, 2201, -9524, 1097, 24251, 546, -4996, 38112
7053.3, 1084, 2201, -9524, 1097, 24251, 546, -4996, 38116
7059.0, 1113, 2733, -9370, 1098, 21560, -6251, -4974, 38134
7062.7, 1065, 2733, -9370, 1098, 21560, -6251, -4974, 38117
7068.5, 1150, 2733, -9370, 1098, 18751, -11628, -5420, 38135
7070.7, 26, 2733, -9370, 1098, 18751, -11628, -5420, 38135
7073.0, 3, 2733, -9370, 1098, 18751, -11628, -5420, 38135
7078.7, 1166, 3260, -9220, 939, 15553, -12652, -4790, 38116
7080.9, 26, 3260, -9220, 939, 15553, -12652, -4790, 38116
7083.2, 3, 3260, -9220, 939, 15553, -12652, -4790, 38116
7088.9, 1188, 3546, -9169, 1653, 13335, -9218, -3692, 38111
7091.2, 25, 3546, -9169, 1653, 13335, -9218, -3692, 38111
7095.5, 1030, 3541, -9248, 1653, 13335, -9218, -3692, 38111
7099.2, 1116, 3541, -9248, 1653, 13335, -9218, -3692, 38109
7101.5, 24, 3541, -9248, 1653, 13335, -9218, -3692, 38109
7105.7, 1099, 3370, -9260, 1558, 8710, -3185, -3740, 38109
7109.4, 1099, 3370, -9260, 1558, 8710, -3185, -3740, 38119
7111.7, 23, 3370, -9260, 1558, 8710, -3185, -3740, 38119
7115.9, 1068, 3141, -9294, 1624, 6448, 3648, -2432, 38119
7119.6, 1091, 3141, -9294, 1624, 6448, 3648, -2432, 38107
7121.9, 23, 3141, -9294, 1624, 6448, 3648, -2432, 38107
7127.6, 1187, 2677, -9670, 1408, 9117, 10942, 43, 38108
7131.3, 1055, 2677, -9670, 1408, 9117, 10942, 43, 38101
7135.6, 1073, 2042, -9757, 577, 9117, 10942, 43, 38101
7139.4, 1072, 2042, -9757, 577, 9117, 10942, 43, 38105
7143.6, 1091, 1667, -9635, 193, 10172, 10180, 1133, 38105
7147.3, 1080, 1667, -9635, 193, 10172, 10180, 1133, 38098
7151.1, 1114, 1667, -9635, 193, 10172, 10180, 1133, 38080
7155.3, 1065, 1704, -9565, 379, 11191, 7800, 34, 38080
7159.1, 1074, 1704, -9565, 379, 11191, 7800, 34, 38087
7163.3, 1102, 2019, -9704, 418, 13352, 4838, -1763, 38087
7167.0, 1089, 2019, -9704, 418, 13352, 4838, -1763, 38074
7170.7, 1086, 2019, -9704, 418, 13352, 4838, -1763, 38071
7175.0, 1102, 2451, -9843, 593, 15417, 603, -2270, 38071
7178.7, 1078, 2451, -9843, 593, 15417, 603, -2270, 38059
7182.9, 1098, 2836, -9688, 620, 15063, -5105, -2126, 38059
7186.7, 1038, 2836, -9688, 620, 15063, -5105, -2126, 38048
7189.0, 24, 2836, -9688, 620, 15063, -5105, -2126, 38048
7194.6, 1120, 3061, -9506, 604, 13882, -10172, -2073, 38035
7198.4, 1052, 3061, -9506, 604, 13882, -10172, -2073, 38063
7204.1, 1133, 2963, -9488, 590, 11589, -12390, -2327, 38023
7207.8, 1065, 2963, -9488, 590, 11589, -12390, -2327, 38036
7213.5, 1134, 2974, -9424, 509, 8968, -8413, -1203, 38007
7217.3, 1065, 2974, -9424, 509, 8968, -8413, -1203, 37982
7223.0, 1104, 2877, -9598, 815, 7525, -4558, 1881, 37993
7226.7, 1026, 2877, -9598, 815, 7525, -4558, 1881, 37988
7232.5, 1143, 2458, -9757, 815, 5761, -3806, 4926, 37985
7236.2, 1002, 2458, -9757, 815, 5761, -3806, 4926, 37990
7238.5, 23, 2458, -9757, 815, 5761, -3806, 4926, 37990
7244.2, 1124, 2151, -9912, 358, 6807, -4812, 6155, 37965
7246.4, 23, 2151, -9912, 358, 6807, -4812, 6155, 37965
7250.7, 1047, 1625, -9762, -16, 7651, -6151, 5718, 37965
7254.4, 1060, 1625, -9762, -16, 7651, -6151, 5718, 37955
7256.7, 22, 1625, -9762, -16, 7651, -6151, 5718, 37955
7262.4, 1125, 1448, -9714, -32, 8386, -7975, 5215, 37962
7266.1, 1033, 1448, -9714, -32, 8386, -7975, 5215, 37957
7270.4, 1084, 1796, -9652, 145, 7988, -9266, 5328, 37957
7274.1, 1060, 1796, -9652, 145, 7988, -9266, 5328, 37954
7276.4, 23, 1796, -9652, 145, 7988, -9266, 5328, 37954
7280.6, 1045, 2371, -9446, 266, 7091, -9358, 5416, 37954
7284.3, 1052, 2371, -9446, 266, 7091, -9358, 5416, 37895
7286.6, 21, 2371, -9446, 266, 7091, -9358, 5416, 37895
7290.8, 1084, 2647, -9518, 622, 6046, -10740, 6011, 37895
7294.5, 1061, 2647, -9518, 622, 6046, -10740, 6011, 37951
7298.8, 1070, 2764, -9726, 602, 6068, -12333, 6860, 37951
7302.5, 1029, 2764, -9726, 602, 6068, -12333, 6860, 37949
7306.3, 1040, 2764, -9726, 602, 6068, -12333, 6860, 37934
7310.6, 1016, 2519, -9814, 401, 5363, -12206, 7463, 37934
7314.3, 1064, 2519, -9814, 401, 5363, -12206, 7463, 37945
7318.5, 1073, 2287, -9893, 152, 7323, -12167, 7682, 37945
7322.3, 1017, 2287, -9893, 152, 7323, -12167, 7682, 37930
7326.0, 1046, 2287, -9893, 152, 7323, -12167, 7682, 37934
7330.3, 1076, 1949, -9717, -283, 8321, -9804, 7625, 37934
7334.0, 1038, 1949, -9717, -283, 8321, -9804, 7625, 37929
7338.2, 1089, 1813, -9597, -82, 8347, -4571, 7595, 37929
7341.9, 1064, 1813, -9597, -82, 8347, -4571, 7595, 37923
7345.6, 1011, 1813, -9597, -82, 8347, -4571, 7595, 37924
7349.9, 1097, 1990, -9491, 332, 8137, -673, 8115, 37924
7353.6, 1038, 1990, -9491, 332, 8137, -673, 8115, 37870
7357.8, 1084, 2355, -9594, 687, 7179, -2008, 8102, 37870
7361.6, 1003, 2355, -9594, 687, 7179, -2008, 8102, 37902
7363.8, 24, 2355, -9594, 687, 7179, -2008, 8102, 37902
7369.5, 1110, 2690, -9592, 722, 5775, -5302, 7818, 37907
7373.3, 1034, 2690, -9592, 722, 5775, -5302, 7818, 37876
7379.0, 1076, 2799, -9740, 964, 5026, -7231, 7813, 37895
7382.7, 1049, 2799, -9740, 964, 5026, -7231, 7813, 37885
7388.4, 1059, 2823, -9806, 778, 4886, -7481, 7651, 37887
7392.1, 1024, 2823, -9806, 778, 4886, -7481, 7651, 37880
7397.8, 1106, 2669, -9702, 512, 4331, -5674, 7599, 37880
7401.6, 1017, 2669, -9702, 512, 4331, -5674, 7599, 37830
7405.8, 1044, 2307, -9530, 319, 3998, -1894, 7844, 37830
7409.6, 987, 2307, -9530, 319, 3998, -1894, 7844, 37865
7411.9, 19, 2307, -9530, 319, 3998, -1894, 7844, 37865
7417.6, 1107, 2101, -9458, 351, 3618, 1885, 8561, 37867
7421.4, 1013, 2101, -9458, 351, 3618, 1885, 8561, 37864
7425.6, 1055, 2072, -9571, 371, 2677, 3403, 8850, 37864
7429.4, 987, 2072, -9571, 371, 2677, 3403, 8850, 37856
7431.6, 21, 2072, -9571, 371, 2677, 3403, 8850, 37856
7435.9, 1033, 2148, -9506, 591, 1548, 2095, 8583, 37856
7439.7, 1010, 2148, -9506, 591, 1548, 2095, 8583, 37848
7442.0, 20, 2148, -9506, 591, 1548, 2095, 8583, 37848
7447.7, 1084, 2300, -9509, 634, 1439, -398, 8225, 37844
7451.4, 1033, 2300, -9509, 634, 1439, -398, 8225, 37842
7455.7, 1078, 2519, -9591, 776, 1102, -3578, 7853, 37842
7459.4, 1006, 2519, -9591, 776, 1102, -3578, 7853, 37799
7461.7, 21, 2519, -9591, 776, 1102, -3578, 7853, 37799
7466.0, 1023, 2748, -9551, 666, 993, -6011, 7503, 37799
7469.7, 1060, 2748, -9551, 666, 993, -6011, 7503, 37831
7473.9, 1051, 2890, -9678, 538, 1421, -6273, 6733, 37831
7477.7, 1015, 2890, -9678, 538, 1421, -6273, 6733, 37775
7481.4, 997, 2890, -9678, 538, 1421, -6273, 6733, 37770
7485.7, 999, 2989, -9735, 352, 1574, -4073, 5792, 37770
7489.4, 1030, 2989, -9735, 352, 1574, -4073, 5792, 37740
7493.6, 1068, 2781, -9768, 438, 1684, -1203, 5013, 37740
7497.3, 1027, 2781, -9768, 438, 1684, -1203, 5013, 37777
7501.1, 980, 2781, -9768, 438, 1684, -1203, 5013, 37778
7505.3, 1068, 2550, -9737, 216, 2104, 664, 4458, 37778
7509.0, 1031, 2550, -9737, 216, 2104, 664, 4458, 37777
7513.2, 1031, 2182, -9659, 336, 2073, 1382, 4760, 37777
7517.0, 996, 2182, -9659, 336, 2073, 1382, 4760, 37818
7520.7, 1046, 2182, -9659, 336, 2073, 1382, 4760, 37790
7524.9, 1042, 2034, -9635, 510, 1850, 1172, 5197, 37790
7528.7, 1014, 2034, -9635, 510, 1850, 1172, 5197, 37791
7532.9, 1062, 2097, -9699, 697, 980, -1185, 4698, 37791
7536.6, 977, 2097, -9699, 697, 980, -1185, 4698, 37769
7538.9, 20, 2097, -9699, 697, 980, -1185, 4698, 37769
7544.6, 1114, 2243, -9738, 666, 314, -5608, 3644, 37803
7548.3, 1006, 2243, -9738, 666, 314, -5608, 3644, 37802
7554.0, 1110, 2473, -9748, 591, 100, -9104, 2918, 37799
7556.3, 23, 2473, -9748, 591, 100, -9104, 2918, 37799
7558.5, 2, 2473, -9748, 591, 100, -9104, 2918, 37799
7564.3, 1123, 2511, -9836, 705, -209, -10788, 2454, 37773
7566.5, 24, 2511, -9836, 705, -209, -10788, 2454, 37773
7570.7, 1057, 2498, -9829, 699, -398, -12547, 2187, 37773
7574.4, 1022, 2498, -9829, 699, -398, -12547, 2187, 37804
7576.7, 21, 2498, -9829, 699, -398, -12547, 2187, 37804
7580.9, 1071, 2532, -9827, 753, -174, -14398, 1986, 37804
7584.6, 1038, 2532, -9827, 753, -174, -14398, 1986, 37807
7586.9, 21, 2532, -9827, 753, -174, -14398, 1986, 37807
7592.6, 1121, 2592, -9924, 538, 297, -15461, 1474, 37815
7596.3, 993, 2592, -9924, 538, 297, -15461, 1474, 37818
7600.6, 1056, 2512, -9834, 225, 192, -15295, 428, 37818
7604.3, 1022, 2512, -9834, 225, 192, -15295, 428, 37816
7606.5, 23, 2512, -9834, 225, 192, -15295, 428, 37816
7610.8, 1070, 2425, -9665, 285, 1220, -14087, 0, 37816
7614.6, 1021, 2425, -9665, 285, 1220, -14087, 0, 37815
7618.8, 1071, 2425, -9665, 285, 1220, -13422, -647, 37815
7622.5, 1016, 2425, -9665, 285, 1220, -13422, -647, 37818
7626.3, 1016, 2425, -9665, 285, 1220, -13422, -647, 37826
7630.5, 1083, 2314, -10128, 323, 3605, -12884, -1693, 37826
7634.3, 997, 2314, -10128, 323, 3605, -12884, -1693, 37830
7638.5, 1084, 2314, -10128, 323, 3605, -13133, -2861, 37830
7642.2, 1024, 2314, -10128, 323, 3605, -13133, -2861, 37821
7646.0, 1008, 2314, -10128, 323, 3605, -13133, -2861, 37826
7650.3, 1052, 2237, -9812, 120, 8277, -12521, -3294, 37826
7654.0, 1026, 2237, -9812, 120, 8277, -12521, -3294, 37852
7658.3, 1045, 2237, -9812, 120, 8277, -13422, -3933, 37852
7662.0, 1055, 2237, -9812, 120, 8277, -13422, -3933, 37825
7665.7, 1006, 2237, -9812, 120, 8277, -13422, -3933, 37828
7670.0, 1060, 2271, -10010, 570, 9808, -14787, -4681, 37828
7673.7, 1027, 2271, -10010, 570, 9808, -14787, -4681, 37830
7677.9, 1068, 2271, -10010, 570, 9808, -16782, -5258, 37830
7681.7, 973, 2271, -10010, 570, 9808, -16782, -5258, 37831
7684.0, 19, 2271, -10010, 570, 9808, -16782, -5258, 37831
7689.7, 1074, 2059, -10308, 43, 16143, -18458, -5293, 37836
7693.8, 659, 2059, -10308, 43, 16143, -18458, -5293, 37838
7698.0, 1034, 2059, -10308, 43, 21639, -20208, -5280, 37838
7701.8, 963, 2059, -10308, 43, 21639, -20208, -5280, 37836
7704.1, 20, 2059, -10308, 43, 21639, -20208, -5280, 37836
7709.8, 1080, 1721, -10031, 99, 24968, -23577, -5919, 37832
7713.6, 974, 1721, -10031, 99, 24968, -23577, -5919, 37802
7717.8, 1051, 1721, -10031, 99, 26267, -27239, -6772, 37802
7721.5, 982, 1721, -10031, 99, 26267, -27239, -6772, 37858
7725.8, 1058, 1974, -9900, 571, 26267, -27239, -6772, 37858
7729.5, 1035, 1974, -9900, 571, 26267, -27239, -6772, 37837
7731.8, 20, 1974, -9900, 571, 26267, -27239, -6772, 37837
7736.0, 1054, 2380, -9872, 1089, 26477, -29304, -6208, 37837
7739.7, 1042, 2380, -9872, 1089, 26477, -29304, -6208, 37837
7742.0, 21, 2380, -9872, 1089, 26477, -29304, -6208, 37837
7747.7, 1084, 2865, -10060, 1369, 27300, -30061, -4698, 37818
7751.4, 1002, 2865, -10060, 1369, 27300, -30061, -4698, 37834
7755.7, 1056, 2931, -10045, 1067, 28433, -29177, -3587, 37834
7759.4, 1027, 2931, -10045, 1067, 28433, -29177, -3587, 37848
7761.7, 20, 2931, -10045, 1067, 28433, -29177, -3587, 37848
7766.0, 1012, 2653, -9951, 481, 30748, -24032, -3683, 37848
7769.7, 1016, 2653, -9951, 481, 30748, -24032, -3683, 37838
7772.0, 21, 2653, -9951, 481, 30748, -24032, -3683, 37838
7777.7, 1108, 2184, -9736, 496, 30813, -15824, -4506, 37892
7781.4, 1039, 2184, -9736, 496, 30813, -15824, -4506, 37834
7785.7, 1038, 2028, -9647, 1035, 31924, -9069, -4790, 37834
7789.4, 1020, 2028, -9647, 1035, 31924, -9069, -4790, 37853
7793.6, 1069, 2038, -9540, 1578, 32340, -5420, -3876, 37853
7797.3, 1046, 2038, -9540, 1578, 32340, -5420, -3876, 37865
7801.0, 1049, 2038, -9540, 1578, 32340, -5420, -3876, 37885
7805.3, 1074, 2446, -9668, 2012, 33386, -5481, -2760, 37885
7809.0, 1028, 2446, -9668, 2012, 33386, -5481, -2760, 37857
7813.2, 1065, 2554, -9725, 2167, 35197, -8522, -1741, 37857
7817.0, 1000, 2554, -9725, 2167, 35197, -8522, -1741, 37857
7820.7, 1014, 2554, -9725, 2167, 35197, -8522, -1741, 37866
7824.9, 1051, 2530, -9860, 1750, 37026, -14280, -1588, 37866
7828.7, 992, 2530, -9860, 1750, 37026, -14280, -1588, 37862
7832.9, 1076, 2532, -9821, 1351, 38916, -17679, -1693, 37862
7836.6, 1018, 2532, -9821, 1351, 38916, -17679, -1693, 37876
7838.9, 21, 2532, -9821, 1351, 38916, -17679, -1693, 37876
7844.6, 1091, 2620, -9952, 1363, 42521, -17714, -1754, 37865
7848.3, 1047, 2620, -9952, 1363, 42521, -17714, -1754, 37873
7854.0, 1079, 2513, -10048, 798, 46388, -16113, -2310, 37873
7857.7, 1015, 2513, -10048, 798, 46388, -16113, -2310, 37857
7863.5, 1065, 2105, -10002, 576, 48257, -10587, -2450, 37850
7867.2, 1003, 2105, -10002, 576, 48257, -10587, -2450, 37868
7873.0, 1055, 1814, -10082, 1908, 51376, -3290, -1439, 37874
7876.7, 1001, 1814, -10082, 1908, 51376, -3290, -1439, 37869
7880.9, 1066, 1731, -10348, 2513, 55257, -1732, -669, 37869
7884.6, 1024, 1731, -10348, 2513, 55257, -1732, -669, 37868
7886.9, 22, 1731, -10348, 2513, 55257, -1732, -669, 37868
7892.6, 1095, 1882, -10423, 2267, 57379, -7017, -997, 37849
7896.3, 978, 1882, -10423, 2267, 57379, -7017, -997, 37890
7900.5, 1055, 2375, -10006, 2490, 58380, -11506, -599, 37890
7904.3, 985, 2375, -10006, 2490, 58380, -11506, -599, 37875
7906.6, 20, 2375, -10006, 2490, 58380, -11506, -599, 37875
7910.9, 1036, 2849, -9918, 2422, 59780, -14945, -109, 37875
7914.6, 1030, 2849, -9918, 2422, 59780, -14945, -109, 37879
7916.9, 22, 2849, -9918, 2422, 59780, -14945, -109, 37879
7922.6, 1048, 3111, -10083, 2265, 62309, -17745, -209, 37844
7926.3, 992, 3111, -10083, 2265, 62309, -17745, -209, 37888
7930.6, 1059, 2928, -10094, 1868, 64982, -16034, -892, 37888
7934.3, 996, 2928, -10094, 1868, 64982, -16034, -892, 37883
7936.6, 22, 2928, -10094, 1868, 64982, -16034, -892, 37883
7940.9, 1029, 2337, -10142, 2096, 66715, -9104, -1898, 37883
7944.6, 1028, 2337, -10142, 2096, 66715, -9104, -1898, 37885
7948.8, 1027, 1865, -10028, 2697, 68496, 988, -2126, 37885
7952.6, 1001, 1865, -10028, 2697, 68496, 988, -2126, 37913
7956.3, 1020, 1865, -10028, 2697, 68496, 988, -2126, 37882
7960.6, 1032, 1546, -9978, 3498, 70959, 7616, -1470, 37882
7964.3, 1024, 1546, -9978, 3498, 70959, 7616, -1470, 37884
7968.5, 1033, 1866, -9806, 3861, 72193, 5744, -1281, 37884
7972.2, 1007, 1866, -9806, 3861, 72193, 5744, -1281, 37876
7976.0, 1001, 1866, -9806, 3861, 72193, 5744, -1281, 37878
7980.2, 1060, 2306, -9677, 3698, 73295, 174, -1946, 37878
7983.9, 1034, 2306, -9677, 3698, 73295, 174, -1946, 37827
7988.1, 1034, 2737, -9522, 3837, 74498, -3023, -2957, 37827
7991.9, 983, 2737, -9522, 3837, 74498, -3023, -2957, 37870
7995.6, 1011, 2737, -9522, 3837, 74498, -3023, -2957, 37897
7999.8, 1027, 3030, -9558, 3927, 76519, -5285, -3513, 37897
8003.6, 990, 3030, -9558, 3927, 76519, -5285, -3513, 37813
8007.8, 1061, 2918, -9377, 3755, 78475, -4493, -2778, 37813
8011.5, 969, 2918, -9377, 3755, 78475, -4493, -2778, 37893
8013.8, 20, 2918, -9377, 3755, 78475, -4493, -2778, 37893
8019.5, 1054, 2716, -9375, 4043, 80308, -450, -1360, 37906
8023.2, 1029, 2716, -9375, 4043, 80308, -450, -1360, 37879
8029.0, 1021, 2672, -9515, 4400, 81888, 2008, -1561, 37888
8032.7, 995, 2672, -9515, 4400, 81888, 2008, -1561, 37877
8038.4, 1068, 2445, -9606, 4728, 84368, -1395, -3683, 37894
8042.1, 999, 2445, -9606, 4728, 84368, -1395, -3683, 37858
8047.8, 1053, 2347, -9312, 4277, 85475, -4322, -5726, 37898
8051.5, 968, 2347, -9312, 4277, 85475, -4322, -5726, 37902
8055.8, 994, 2525, -8913, 4584, 87186, -2629, -6225, 37902
8059.5, 998, 2525, -8913, 4584, 87186, -2629, -6225, 37921
8061.8, 21, 2525, -8913, 4584, 87186, -2629, -6225, 37921
8066.0, 1008, 2968, -8939, 5006, 90603, -3014, -6601, 37921
8069.7, 1009, 2968, -8939, 5006, 90603, -3014, -6601, 37925
8072.0, 21, 2968, -8939, 5006, 90603, -3014, -6601, 37925
8077.7, 1031, 3107, -9010, 5050, 92856, -6510, -6991, 37923
8081.4, 967, 3107, -9010, 5050, 92856, -6510, -6991, 37924
8085.7, 1027, 3047, -8824, 4712, 94987, -9660, -7367, 37924
8089.4, 974, 3047, -8824, 4712, 94987, -9660, -7367, 38251
8091.6, 23, 3047, -8824, 4712, 94987, -9660, -7367, 38251
8095.8, 1019, 2921, -8617, 5292, 96732, -10517, -8089, 38251
8099.6, 987, 2921, -8617, 5292, 96732, -10517, -8089, 38255
8101.8, 23, 2921, -8617, 5292, 96732, -10517, -8089, 38255
8107.6, 1062, 2995, -8384, 5832, 98417, -8938, -9432, 38258
8111.3, 951, 2995, -8384, 5832, 98417, -8938, -9432, 38260
8115.6, 1045, 2904, -8121, 5612, 99852, -6702, -9940, 38260
8119.3, 1033, 2904, -8121, 5612, 99852, -6702, -9940, 38255
8123.6, 991, 3209, -7923, 5898, 100805, -4663, -8408, 38255
8127.3, 968, 3209, -7923, 5898, 100805, -4663, -8408, 38283
8131.0, 913, 3209, -7923, 5898, 100805, -4663, -8408, 38290
8135.3, 1033, 2904, -8122, 5571, 100644, -2196, -6781, 38290
8139.0, 990, 2904, -8122, 5571, 100644, -2196, -6781, 38295
8143.2, 952, 2704, -8197, 5530, 102350, -1960, -8080, 38295
8147.0, 901, 2704, -8197, 5530, 102350, -1960, -8080, 38331
8150.7, 1028, 2704, -8197, 5530, 102350, -1960, -8080, 38311
8154.9, 1059, 2690, -8130, 5932, 103172, -1653, -11143, 38311
8158.7, 931, 2690, -8130, 5932, 103172, -1653, -11143, 38316
8162.9, 995, 3104, -8100, 6530, 105622, -4987, -14918, 38316
8166.6, 933, 3104, -8100, 6530, 105622, -4987, -14918, 38332
8168.9, 19, 3104, -8100, 6530, 105622, -4987, -14918, 38332
8174.6, 1088, 3397, -7744, 6187, 106607, -10053, -16922, 38337
8178.3, 1049, 3397, -7744, 6187, 106607, -10053, -16922, 38339
8184.0, 1054, 3618, -7443, 6093, 108759, -11965, -15688, 38315
8187.7, 975, 3618, -7443, 6093, 108759, -11965, -15688, 38369
8193.5, 1030, 3701, -7414, 6042, 110291, -7787, -13448, 38373
8197.2, 995, 3701, -7414, 6042, 110291, -7787, -13448, 38375
8203.0, 1003, 3423, -7610, 6442, 112242, -1115, -12508, 38376
8206.7, 960, 3423, -7610, 6442, 112242, -1115, -12508, 38383
8211.0, 998, 3423, -7610, 7106, 114141, 1299, -11786, 38383
8214.7, 1006, 3423, -7610, 7106, 114141, 1299, -11786, 38370
8217.0, 24, 3423, -7610, 7106, 114141, 1299, -11786, 38370
8222.7, 1062, 2721, -7630, 6573, 115611, -2305, -11138, 38406
8226.4, 956, 2721, -7630, 6573, 115611, -2305, -11138, 38419
8230.7, 914, 2721, -7630, 6555, 116928, -6571, -11952, 38419
8234.4, 1039, 2721, -7630, 6555, 116928, -6571, -11952, 38425
8236.7, 26, 2721, -7630, 6555, 116928, -6571, -11952, 38425
8240.9, 985, 2836, -7555, 7208, 118761, -9463, -14739, 38425
8244.6, 1001, 2836, -7555, 7208, 118761, -9463, -14739, 38448
8246.9, 24, 2836, -7555, 7208, 118761, -9463, -14739, 38448
8252.6, 1112, 3244, -7460, 7074, 119391, -14503, -18642, 38469
8256.3, 1004, 3244, -7460, 7074, 119391, -14503, -18642, 38483
8260.6, 900, 3571, -7177, 7666, 120349, -15793, -21835, 38483
8264.4, 926, 3571, -7177, 7666, 120349, -15793, -21835, 38514
8266.6, 22, 3571, -7177, 7666, 120349, -15793, -21835, 38514
8270.9, 1083, 3497, -6865, 7316, 121819, -12530, -23012, 38514
8274.6, 1009, 3497, -6865, 7316, 121819, -12530, -23012, 38506
8278.8, 889, 3497, -6865, 7316, 121819, -12530, -23012, 38506
8282.6, 940, 3497, -6865, 7316, 121819, -12530, -23012, 38522
8286.3, 1034, 3497, -6865, 7316, 121819, -12530, -23012, 38537
8290.6, 1009, 3224, -6346, 7431, 125660, -3263, -18668, 38537
8294.3, 1001, 3224, -6346, 7431, 125660, -3263, -18668, 38535
8298.5, 945, 3224, -6346, 7431, 125660, -3263, -18668, 38535
8302.2, 998, 3224, -6346, 7431, 125660, -3263, -18668, 38548
8306.0, 915, 3224, -6346, 7431, 125660, -3263, -18668, 38572
8310.3, 862, 3024, -6463, 7784, 128543, -284, -15982, 38572
8314.0, 954, 3024, -6463, 7784, 128543, -284, -15982, 38563
8318.3, 829, 3024, -6463, 7784, 128543, -284, -15982, 38563
8322.0, 997, 3024, -6463, 7784, 128543, -284, -15982, 38578
8325.7, 1053, 3024, -6463, 7784, 128543, -284, -15982, 38577
8330.0, 997, 3026, -5983, 8020, 128207, -11817, -21866, 38577
8333.7, 1051, 3026, -5983, 8020, 128207, -11817, -21866, 38585
8337.9, 902, 3026, -5983, 8020, 128207, -11817, -21866, 38585
8341.7, 892, 3026, -5983, 8020, 128207, -11817, -21866, 38594
8344.0, 19, 3026, -5983, 8020, 128207, -11817, -21866, 38594
8349.7, 923, 3959, -5280, 7788, 129580, -24841, -24137, 38629
8353.5, 1011, 3959, -5280, 7788, 129580, -24841, -24137, 38607
8357.7, 688, 3959, -5280, 7788, 129580, -24841, -24137, 38607
8361.4, 1006, 3959, -5280, 7788, 129580, -24841, -24137, 38599
8363.7, 23, 3959, -5280, 7788, 129580, -24841, -24137, 38599
8369.5, 1110, 3694, -4920, 8121, 129803, -17723, -17662, 38619
8371.7, 25, 3694, -4920, 8121, 129803, -17723, -17662, 38619
8376.0, 871, 3406, -4801, 8167, 130731, -17723, -17662, 38619
8379.7, 1003, 3406, -4801, 8167, 130731, -17723, -17662, 38633
8382.0, 23, 3406, -4801, 8167, 130731, -17723, -17662, 38633
8387.7, 1169, 3530, -4711, 8305, 131987, -16612, -15618, 38641
8391.4, 999, 3530, -4711, 8305, 131987, -16612, -15618, 38602
8395.7, 892, 3411, -4733, 8295, 131720, -19792, -16590, 38602
8399.4, 1060, 3411, -4733, 8295, 131720, -19792, -16590, 38668
8401.7, 24, 3411, -4733, 8295, 131720, -19792, -16590, 38668
8405.9, 979, 3366, -4565, 8917, 133829, -21433, -17377, 38668
8409.6, 1043, 3366, -4565, 8917, 133829, -21433, -17377, 38682
8411.9, 25, 3366, -4565, 8917, 133829, -21433, -17377, 38682
8417.6, 1051, 3595, -4606, 8548, 134651, -22509, -18388, 38683
8421.3, 924, 3595, -4606, 8548, 134651, -22509, -18388, 38706
8425.6, 930, 3626, -4349, 8542, 134240, -23778, -19591, 38706
8429.3, 1016, 3626, -4349, 8542, 134240, -23778, -19591, 38710
8431.6, 23, 3626, -4349, 8542, 134240, -23778, -19591, 38710
8435.9, 991, 3361, -4065, 8319, 133850, -24027, -18917, 38710
8439.6, 1007, 3361, -4065, 8319, 133850, -24027, -18917, 38711
8443.9, 900, 3165, -3943, 8390, 133767, -24845, -18077, 38711
8447.6, 952, 3165, -3943, 8390, 133767, -24845, -18077, 38735
8451.3, 1043, 3165, -3943, 8390, 133767, -24845, -18077, 38756
8455.6, 990, 3374, -3669, 8371, 135019, -22671, -19705, 38756
8459.3, 895, 3374, -3669, 8371, 135019, -22671, -19705, 38751
8463.6, 926, 3875, -3314, 8971, 136007, -21927, -22995, 38751
8467.3, 1110, 3875, -3314, 8971, 136007, -21927, -22995, 38744
8471.1, 1019, 3875, -3314, 8971, 136007, -21927, -22995, 38735
8475.3, 894, 3718, -2924, 8978, 135968, -27825, -24049, 38735
8479.1, 930, 3718, -2924, 8978, 135968, -27825, -24049, 38759
8483.3, 619, 3618, -2667, 8577, 136449, -30069, -20698, 38759
8487.0, 1055, 3618, -2667, 8577, 136449, -30069, -20698, 38755
8490.8, 1110, 3618, -2667, 8577, 136449, -30069, -20698, 38777
8495.0, 873, 3521, -2876, 8794, 137368, -26022, -17259, 38777
8498.7, 969, 3521, -2876, 8794, 137368, -26022, -17259, 38778
8502.9, 879, 3501, -2867, 8569, 137237, -23502, -17382, 38778
8506.7, 907, 3501, -2867, 8569, 137237, -23502, -17382, 38772
8509.0, 20, 3501, -2867, 8569, 137237, -23502, -17382, 38772
8514.7, 678, 3457, -2513, 8511, 136874, -22619, -19412, 38748
8518.5, 1025, 3457, -2513, 8511, 136874, -22619, -19412, 38789
8522.7, 1140, 3716, -2258, 8799, 137560, -21367, -20995, 38789
8526.4, 912, 3716, -2258, 8799, 137560, -21367, -20995, 38780
8528.7, 20, 3716, -2258, 8799, 137560, -21367, -20995, 38780
8534.5, 991, 3755, -1960, 8567, 136475, -18335, -21144, 38810
8536.7, 24, 3755, -1960, 8567, 136475, -18335, -21144, 38810
8540.9, 1057, 4068, -1631, 9138, 136077, -14809, -20383, 38810
8544.6, 1158, 4068, -1631, 9138, 136077, -14809, -20383, 38809
8546.9, 29, 4068, -1631, 9138, 136077, -14809, -20383, 38809
8552.6, 965, 3840, -1496, 9376, 136651, -15640, -19591, 38819
8556.3, 928, 3840, -1496, 9376, 136651, -15640, -19591, 38577
8560.5, 978, 3576, -1295, 8202, 136055, -15855, -19329, 38577
8564.3, 1073, 3576, -1295, 8202, 136055, -15855, -19329, 38836
8566.5, 25, 3576, -1295, 8202, 136055, -15855, -19329, 38836
8570.8, 790, 3647, -1207, 9000, 135697, -13466, -19018, 38836
8574.5, 986, 3647, -1207, 9000, 135697, -13466, -19018, 38808
8576.8, 22, 3647, -1207, 9000, 135697, -13466, -19018, 38808
8582.5, 1000, 3522, -891, 8913, 135548, -12140, -19018, 38831
8586.3, 1038, 3522, -891, 8913, 135548, -12140, -19018, 38829
8590.5, 827, 3668, -825, 8889, 135579, -15933, -20204, 38829
8594.3, 1390, 3668, -825, 8889, 135579, -15933, -20204, 38846
8596.5, 62, 3668, -825, 8889, 135579, -15933, -20204, 38846
8600.7, 880, 3263, -492, 8480, 134520, -13978, -21179, 38846
8604.5, 985, 3263, -492, 8480, 134520, -13978, -21179, 38619
8608.7, 1234, 3629, -185, 8392, 135552, -9340, -21914, 38619
8612.5, 1132, 3629, -185, 8392, 135552, -9340, -21914, 38862
8616.3, 1033, 3629, -185, 8392, 135552, -9340, -21914, 38869
8620.5, 1016, 4107, -34, 8028, 134984, -6059, -23467, 38869
8624.2, 982, 4107, -34, 8028, 134984, -6059, -23467, 38871
8628.5, 843, 4424, 553, 8836, 136016, -3460, -23826, 38871
8632.2, 1138, 4424, 553, 8836, 136016, -3460, -23826, 38915
8636.0, 1235, 4424, 553, 8836, 136016, -3460, -23826, 38884
8640.3, 1172, 4274, 801, 8843, 134257, -2248, -20453, 38884
8644.0, 1139, 4274, 801, 8843, 134257, -2248, -20453, 38888
8648.3, 940, 3826, 873, 8323, 132967, -4865, -15548, 38888
8652.0, 930, 3826, 873, 8323, 132967, -4865, -15548, 38902
8655.7, 1184, 3826, 873, 8323, 132967, -4865, -15548, 39035
8660.0, 1123, 3324, 940, 8492, 132109, -4274, -12272, 39035
8663.7, 1145, 3324, 940, 8492, 132109, -4274, -12272, 39045
8668.0, 1011, 3238, 791, 7841, 131125, -3333, -13352, 39045
8671.8, 1001, 3238, 791, 7841, 131125, -3333, -13352, 39082
8675.5, 1026, 3238, 791, 7841, 131125, -3333, -13352, 39062
8679.8, 1246, 3456, 1146, 8474, 131947, -2366, -18235, 39062
8683.5, 1362, 3456, 1146, 8474, 131947, -2366, -18235, 39067
8687.8, 720, 3809, 1444, 6876, 130053, 787, -21975, 39067
8691.5, 1384, 3809, 1444, 6876, 130053, 787, -21975, 39070
8695.7, 1261, 4770, 2146, 8600, 131497, 8461, -23699, 39070
8699.4, 1129, 4770, 2146, 8600, 131497, 8461, -23699, 39071
8701.7, 27, 4770, 2146, 8600, 131497, 8461, -23699, 39071
8705.9, 901, 4585, 2400, 7980, 129523, 10635, -22308, 39071
8709.6, 1189, 4585, 2400, 7980, 129523, 10635, -22308, 39091
8711.9, 29, 4585, 2400, 7980, 129523, 10635, -22308, 39091
8717.6, 1336, 4115, 2549, 8494, 127397, 12967, -18274, 39089
8721.3, 1158, 4115, 2549, 8494, 127397, 12967, -18274, 39108
8725.6, 935, 3515, 2616, 7617, 126833, 14857, -12832, 39108
8729.3, 1138, 3515, 2616, 7617, 126833, 14857, -12832, 39102
8731.5, 29, 3515, 2616, 7617, 126833, 14857, -12832, 39102
8735.8, 882, 3297, 2328, 7164, 125796, 15479, -12005, 39102
8739.6, 983, 3297, 2328, 7164, 125796, 15479, -12005, 39140
8741.8, 23, 3297, 2328, 7164, 125796, 15479, -12005, 39140
8747.6, 1610, 3455, 2556, 7342, 127200, 17272, -16476, 39109
8751.3, 1176, 3455, 2556, 7342, 127200, 17272, -16476, 39118
8755.5, 855, 4079, 2920, 9158, 126723, 18423, -22330, 39118
8759.3, 1103, 4079, 2920, 9158, 126723, 18423, -22330, 39128
8761.5, 27, 4079, 2920, 9158, 126723, 18423, -22330, 39128
8765.8, 938, 4338, 3433, 7739, 123796, 12302, -23730, 39128
8769.5, 1037, 4338, 3433, 7739, 123796, 12302, -23730, 39106
8773.7, 1255, 4448, 3647, 7256, 120625, 10395, -20304, 39106
8777.5, 1368, 4448, 3647, 7256, 120625, 10395, -20304, 39151
8781.3, 1081, 4448, 3647, 7256, 120625, 10395, -20304, 39174
8785.5, 1059, 3783, 3843, 7013, 118765, 15098, -13702, 39174
8789.2, 1064, 3783, 3843, 7013, 118765, 15098, -13702, 39155
8793.5, 893, 3810, 3579, 6900, 117820, 20895, -10889, 39155
8797.2, 988, 3810, 3579, 6900, 117820, 20895, -10889, 39155
8801.0, 1258, 3810, 3579, 6900, 117820, 20895, -10889, 39159
8805.2, 1144, 3934, 3802, 7760, 118367, 24075, -13125, 39159
8808.9, 1121, 3934, 3802, 7760, 118367, 24075, -13125, 39168
8813.1, 1003, 3933, 3945, 8551, 115191, 23008, -16533, 39168
8816.9, 989, 3933, 3945, 8551, 115191, 23008, -16533, 39175
8820.6, 1204, 3933, 3945, 8551, 115191, 23008, -16533, 39192
8824.8, 951, 3653, 4225, 7721, 113375, 12648, -15010, 39192
8828.6, 1108, 3653, 4225, 7721, 113375, 12648, -15010, 39198
8832.8, 949, 3250, 4156, 6043, 110929, 3176, -8137, 39198
8836.5, 1236, 3250, 4156, 6043, 110929, 3176, -8137, 39207
8838.8, 34, 3250, 4156, 6043, 110929, 3176, -8137, 39207
8844.5, 1001, 2874, 4149, 7422, 112535, 4983, -2778, 39209
8848.2, 897, 2874, 4149, 7422, 112535, 4983, -2778, 39252
8854.0, 1193, 3236, 3623, 7393, 113178, 7153, -5433, 39235
8856.2, 29, 3236, 3623, 7393, 113178, 7153, -5433, 39235
8858.5, 4, 3236, 3623, 7393, 113178, 7153, -5433, 39235
8864.2, 831, 4110, 4067, 6438, 109508, 6991, -12980, 39246
8866.4, 714, 4110, 4067, 6438, 109508, 6991, -12980, 39246
8870.7, 1084, 4110, 4067, 6438, 109508, 13812, -18239, 39246
8874.4, 536, 4110, 4067, 6438, 109508, 13812, -18239, 39261
8876.7, 12, 4110, 4067, 6438, 109508, 13812, -18239, 39261
8882.4, 463, 4383, 4740, 6409, 102376, 21240, -18650, 39267
8886.1, 488, 4383, 4740, 6409, 102376, 21240, -18650, 39272
8890.4, 903, 3806, 5178, 8510, 102376, 16765, -13208, 39272
8894.1, 617, 3806, 5178, 8510, 102376, 16765, -13208, 39261
8896.4, 134, 3806, 5178, 8510, 102376, 16765, -13208, 39261
8900.6, 552, 3466, 5271, 6878, 92895, 10093, -7678, 39261
8904.3, 820, 3466, 5271, 6878, 92895, 10093, -7678, 39314
8906.6, 22, 3466, 5271, 6878, 92895, 10093, -7678, 39314
8910.8, 359, 2744, 5018, 7861, 93451, 13466, -4843, 39314
8914.5, 643, 2744, 5018, 7861, 93451, 13466, -4843, 39339
8918.8, 1203, 2873, 4938, 7861, 93451, 13466, -4843, 39339
8922.5, 714, 2873, 4938, 7861, 93451, 13466, -4843, 39369
8926.3, 1377, 2873, 4938, 7861, 93451, 13466, -4843, 39382
8930.6, 689, 3308, 5105, 6667, 89303, -12648, -5919, 39382
8934.3, 1235, 3308, 5105, 6667, 89303, -12648, -5919, 39410
8938.6, 595, 3753, 4679, 6667, 89303, -12648, -5919, 39410
8942.3, 776, 3753, 4679, 6667, 89303, -12648, -5919, 39450
8946.0, 1001, 3753, 4679, 6667, 89303, -12648, -5919, 39498
8950.2, 1721, 3506, 5103, 4886, 82386, 266, -6785, 39498
8954.0, 1063, 3506, 5103, 4886, 82386, 266, -6785, 39533
8958.2, 1538, 2887, 5380, 4886, 82386, 266, -6785, 39533
8961.9, 1369, 2887, 5380, 4886, 82386, 266, -6785, 39563
8965.6, 1332, 2887, 5380, 4886, 82386, 266, -6785, 39586
8969.9, 1422, 3067, 5209, 5711, 75824, 22549, -13680, 39586
8973.6, 1230, 3067, 5209, 5711, 75824, 22549, -13680, 39639
8977.8, 992, 3365, 5285, 5711, 75824, 22549, -13680, 39639
8981.6, 1065, 3365, 5285, 5711, 75824, 22549, -13680, 39638
8983.9, 49, 3365, 5285, 5711, 75824, 22549, -13680, 39638
8989.6, 1336, 3722, 5756, 7192, 68496, 18038, -19595, 39650
8993.4, 1331, 3722, 5756, 7192, 68496, 18038, -19595, 39668
8999.1, 1260, 3707, 6413, 5992, 60927, 16778, -18073, 39683
9002.8, 1237, 3707, 6413, 5992, 60927, 16778, -18073, 39695
9008.6, 1545, 4424, 6690, 5587, 60927, 16778, -18073, 39689
9010.8, 75, 4424, 6690, 5587, 60927, 16778, -18073, 39689
9013.1, 6, 4424, 6690, 5587, 60927, 16778, -18073, 39689
9018.8, 1658, 2809, 6934, 6488, 58910, 16113, -19552, 39678
9021.0, 176, 2809, 6934, 6488, 58910, 16113, -19552, 39678
9023.3, 13, 2809, 6934, 6488, 58910, 16113, -19552, 39678
9029.1, 1451, 2635, 6352, 6421, 54137, 10158, -13260, 39680
9031.4, 46, 2635, 6352, 6421, 54137, 10158, -13260, 39680
9035.6, 1662, 2864, 6096, 5341, 55948, 8837, -6015, 39680
9039.3, 1332, 2864, 6096, 5341, 55948, 8837, -6015, 39652
9041.6, 40, 2864, 6096, 5341, 55948, 8837, -6015, 39652
9045.8, 1222, 3233, 5414, 5407, 54417, 11952, -1881, 39652
9049.5, 1941, 3233, 5414, 5407, 54417, 11952, -1881, 39629
9051.8, 549, 3233, 5414, 5407, 54417, 11952, -1881, 39629
9056.0, 1346, 3793, 6236, 4265, 54307, 20453, 5674, 39629
9059.7, 1235, 3793, 6236, 4265, 54307, 20453, 5674, 39616
9062.0, 34, 3793, 6236, 4265, 54307, 20453, 5674, 39616
9067.7, 1571, 3772, 5830, 6011, 46450, 20624, 984, 39577
9071.4, 1437, 3772, 5830, 6011, 46450, 20624, 984, 39543
9075.7, 1230, 3211, 6869, 5175, 37647, 18961, -6750, 39543
9079.8, 867, 3211, 6869, 5175, 37647, 18961, -6750, 39469
9084.0, 1965, 2757, 7152, 5473, 31272, 24600, -9813, 39469
9087.8, 1363, 2757, 7152, 5473, 31272, 24600, -9813, 39444
9091.5, 1291, 2757, 7152, 5473, 31272, 24600, -9813, 39365
9095.7, 1242, 2992, 6925, 5717, 27877, 30389, -12184, 39365
9099.5, 1037, 2992, 6925, 5717, 27877, 30389, -12184, 39294
9103.7, 1728, 3283, 7197, 5452, 24776, 33578, -15452, 39294
9107.5, 1757, 3283, 7197, 5452, 24776, 33578, -15452, 39174
9111.3, 1161, 3283, 7197, 5452, 24776, 33578, -15452, 39149
9115.5, 1526, 3247, 7115, 4813, 19184, 34073, -15282, 39149
9119.2, 1338, 3247, 7115, 4813, 19184, 34073, -15282, 39081
9123.5, 1426, 2361, 7102, 5599, 13549, 32624, -16507, 39081
9127.2, 1452, 2361, 7102, 5599, 13549, 32624, -16507, 38998
9131.0, 1381, 2361, 7102, 5599, 13549, 32624, -16507, 38918
9135.3, 1201, 2687, 7281, 5635, 5805, 24902, -18699, 38918
9139.0, 1236, 2687, 7281, 5635, 5805, 24902, -18699, 38853
9143.3, 1453, 3190, 7295, 6043, -1863, 12972, -19180, 38853
9147.0, 1384, 3190, 7295, 6043, -1863, 12972, -19180, 38759
9150.7, 1460, 3190, 7295, 6043, -1863, 12972, -19180, 38675
9155.0, 1281, 2779, 7613, 5680, -8128, -752, -20825, 38675
9158.8, 1250, 2779, 7613, 5680, -8128, -752, -20825, 38608
9163.0, 1368, 2877, 7805, 4761, -11379, -3613, -21205, 38608
9166.8, 1255, 2877, 7805, 4761, -11379, -3613, -21205, 38567
9172.5, 1439, 3035, 8938, 5032, -7752, 8811, -17294, 38479
9176.2, 1160, 3035, 8938, 5032, -7752, 8811, -17294, 38366
9178.5, 32, 3035, 8938, 5032, -7752, 8811, -17294, 38366
9184.2, 1408, 3309, 8169, 5138, -10767, 10093, -11742, 38307
9186.5, 42, 3309, 8169, 5138, -10767, 10093, -11742, 38307
9190.7, 1546, 3301, 7781, 5194, -14805, 2646, -9927, 38307
9194.4, 1269, 3301, 7781, 5194, -14805, 2646, -9927, 38118
9196.7, 36, 3301, 7781, 5194, -14805, 2646, -9927, 38118
9200.9, 1369, 3320, 7460, 4749, -17666, -1636, -11567, 38118
9204.6, 1326, 3320, 7460, 4749, -17666, -1636, -11567, 38143
9206.9, 40, 3320, 7460, 4749, -17666, -1636, -11567, 38143
9212.6, 1357, 3069, 7793, 4338, -20033, 1863, -11475, 38159
9216.3, 1394, 3069, 7793, 4338, -20033, 1863, -11475, 38181
9220.6, 1294, 3172, 8023, 4868, -21739, 8238, -8741, 38181
9224.3, 1232, 3172, 8023, 4868, -21739, 8238, -8741, 38212
9226.5, 38, 3172, 8023, 4868, -21739, 8238, -8741, 38212
9230.8, 1254, 2879, 8267, 5801, -23887, 8373, -5941, 38212
9234.6, 1232, 2879, 8267, 5801, -23887, 8373, -5941, 38224
9238.8, 1215, 2707, 8113, 5021, -25979, 2362, -5591, 38224
9242.5, 1181, 2707, 8113, 5021, -25979, 2362, -5591, 38256
9246.3, 1417, 2707, 8113, 5021, -25979, 2362, -5591, 38289
9250.5, 1260, 2905, 7550, 4198, -27716, -3316, -6107, 38289
9254.3, 1153, 2905, 7550, 4198, -27716, -3316, -6107, 38300
9258.5, 1205, 3181, 6800, 4871, -26285, -4353, -9021, 38300
9262.2, 1243, 3181, 6800, 4871, -26285, -4353, -9021, 38314
9266.0, 1531, 3181, 6800, 4871, -26285, -4353, -9021, 38339
9270.3, 1269, 2956, 7142, 5564, -32808, -6356, -13855, 38339
9274.0, 1467, 2956, 7142, 5564, -32808, -6356, -13855, 38404
9278.3, 1168, 2839, 7497, 4627, -42201, -10110, -18672, 38404
9282.0, 1255, 2839, 7497, 4627, -42201, -10110, -18672, 38411
9285.7, 1333, 2839, 7497, 4627, -42201, -10110, -18672, 38424
9290.0, 1147, 2605, 7454, 5529, -43103, -7866, -17605, 38424
9293.7, 1282, 2605, 7454, 5529, -43103, -7866, -17605, 38450
9297.9, 1302, 2166, 8091, 5401, -43142, -8526, -12447, 38450
9301.7, 1341, 2166, 8091, 5401, -43142, -8526, -12447, 38445
9304.0, 82, 2166, 8091, 5401, -43142, -8526, -12447, 38445
9309.7, 1314, 2468, 7932, 4727, -47898, -11987, -6982, 38488
9313.5, 1187, 2468, 7932, 4727, -47898, -11987, -6982, 38515
9317.7, 1244, 2461, 7583, 5915, -57484, -17281, -3495, 38515
9321.4, 1179, 2461, 7583, 5915, -57484, -17281, -3495, 38492
9323.7, 39, 2461, 7583, 5915, -57484, -17281, -3495, 38492
9329.4, 1487, 2151, 7501, 6424, -63871, -25926, -6076, 38559
9333.2, 1137, 2151, 7501, 6424, -63871, -25926, -6076, 38562
9338.9, 1253, 2369, 7143, 6120, -69664, -31417, -11720, 38563
9341.1, 146, 2369, 7143, 6120, -69664, -31417, -11720, 38563
9343.5, 365, 2369, 7143, 6120, -69664, -31417, -11720, 38563
9349.2, 1386, 2745, 7203, 5635, -76327, -33158, -13947, 38543
9351.5, 100, 2745, 7203, 5635, -76327, -33158, -13947, 38543
9355.7, 1175, 3064, 6897, 5053, -79534, -30669, -10443, 38543
9359.4, 1276, 3064, 6897, 5053, -79534, -30669, -10443, 38615
9361.7, 80, 3064, 6897, 5053, -79534, -30669, -10443, 38615
9365.9, 1246, 2798, 6768, 6235, -80365, -23791, -3718, 38615
9369.6, 1364, 2798, 6768, 6235, -80365, -23791, -3718, 38634
9371.9, 288, 2798, 6768, 6235, -80365, -23791, -3718, 38634
9377.6, 1433, 2381, 6249, 6555, -81231, -31487, 5381, 38651
9381.3, 1233, 2381, 6249, 6555, -81231, -31487, 5381, 38729
9385.6, 1573, 2507, 5770, 6421, -88726, -44091, 12346, 38729
9389.3, 1487, 2507, 5770, 6421, -88726, -44091, 12346, 38735
9391.6, 80, 2507, 5770, 6421, -88726, -44091, 12346, 38735
9395.9, 1425, 2316, 5815, 6501, -94081, -53349, 13925, 38735
9399.6, 1726, 2316, 5815, 6501, -94081, -53349, 13925, 38759
9403.8, 1276, 2316, 6298, 6214, -99427, -53507, 11410, 38759
9407.6, 1326, 2316, 6298, 6214, -99427, -53507, 11410, 38801
9411.3, 1395, 2316, 6298, 6214, -99427, -53507, 11410, 38837
9415.6, 1224, 2897, 6334, 6262, -99847, -49648, 9717, 38837
9419.3, 1327, 2897, 6334, 6262, -99847, -49648, 9717, 38884
9423.5, 1315, 2897, 6334, 6479, -98850, -43641, 11265, 38884
9427.2, 1259, 2897, 6334, 6479, -98850, -43641, 11265, 38929
9431.0, 1290, 2897, 6334, 6479, -98850, -43641, 11265, 38968
9435.3, 1324, 3024, 6148, 6455, -100867, -41462, 16437, 38968
9439.0, 1204, 3024, 6148, 6455, -100867, -41462, 16437, 39002
9443.2, 1335, 3024, 6148, 7532, -102481, -44700, 23441, 39002
9447.0, 1203, 3024, 6148, 7532, -102481, -44700, 23441, 39044
9450.8, 1259, 3024, 6148, 7532, -102481, -44700, 23441, 39097
9455.0, 1374, 2697, 4927, 6751, -104852, -48305, 29365, 39097
9458.7, 1346, 2697, 4927, 6751, -104852, -48305, 29365, 39121
9462.9, 1210, 2697, 4927, 6036, -106563, -51687, 30393, 39121
9466.7, 1191, 2697, 4927, 6036, -106563, -51687, 30393, 39146
9469.0, 33, 2697, 4927, 6036, -106563, -51687, 30393, 39146
9474.7, 1234, 2978, 4214, 7327, -104052, -49307, 28206, 39167
9478.5, 1186, 2978, 4214, 7327, -104052, -49307, 28206, 39170
9482.7, 1246, 2978, 4280, 7096, -105867, -44153, 26836, 39170
9486.4, 1324, 2978, 4280, 7096, -105867, -44153, 26836, 39173
9488.7, 37, 2978, 4280, 7096, -105867, -44153, 26836, 39173
9494.5, 1321, 3763, 4535, 6647, -110142, -38242, 27322, 39168
9496.7, 32, 3763, 4535, 6647, -110142, -38242, 27322, 39168
9501.0, 1214, 3763, 4535, 6647, -110142, -38242, 27322, 39168
9504.7, 1183, 3763, 4535, 6647, -110142, -38242, 27322, 39164
9507.0, 28, 3763, 4535, 6647, -110142, -38242, 27322, 39164
9512.7, 1333, 3228, 4934, 7338, -111279, -27952, 39187, 39158
9516.4, 1371, 3228, 4934, 7338, -111279, -27952, 39187, 39174
9520.7, 1301, 2702, 4487, 6445, -113047, -22614, 39187, 39174
9524.4, 1185, 2702, 4487, 6445, -113047, -22614, 39187, 39172
9526.7, 30, 2702, 4487, 6445, -113047, -22614, 39187, 39172
9530.9, 1258, 2833, 3928, 7295, -113576, -22737, 36811, 39172
9534.6, 1379, 2833, 3928, 7295, -113576, -22737, 36811, 39112
9536.9, 43, 2833, 3928, 7295, -113576, -22737, 36811, 39112
9542.6, 1300, 3436, 3659, 8717, -113218, -41112, 32598, 39207
9546.3, 1186, 3436, 3659, 8717, -113218, -41112, 32598, 39196
9550.6, 1196, 4072, 2832, 7080, -113218, -41112, 30310, 39196
9554.3, 1194, 4072, 2832, 7080, -113218, -41112, 30310, 39193
9556.5, 33, 4072, 2832, 7080, -113218, -41112, 30310, 39193
9560.8, 1186, 4284, 2775, 7197, -110855, -21932, 34331, 39193
9564.6, 1187, 4284, 2775, 7197, -110855, -21932, 34331, 39173
9568.8, 1170, 4082, 3160, 7550, -110855, -21932, 34331, 39173
9572.5, 1185, 4082, 3160, 7550, -110855, -21932, 34331, 39206
9576.3, 1174, 4082, 3160, 7550, -110855, -21932, 34331, 39226
9580.5, 1111, 3784, 3220, 6999, -113896, -6930, 45395, 39226
9584.3, 1317, 3784, 3220, 6999, -113896, -6930, 45395, 39227
9588.5, 1347, 3440, 3144, 7269, -113896, -6930, 45395, 39227
9592.2, 1247, 3440, 3144, 7269, -113896, -6930, 45395, 39262
9596.0, 1175, 3440, 3144, 7269, -113896, -6930, 45395, 39223
9600.3, 1153, 3406, 2557, 8786, -112391, -19714, 40644, 39223
9604.0, 1199, 3406, 2557, 8786, -112391, -19714, 40644, 39243
9608.3, 1212, 3771, 2175, 8662, -112391, -19714, 40644, 39243
9612.0, 1222, 3771, 2175, 8662, -112391, -19714, 40644, 39250
9615.7, 1181, 3771, 2175, 8662, -112391, -19714, 40644, 39229
9620.0, 1166, 4311, 1668, 6742, -110365, -20510, 36663, 39229
9623.7, 1209, 4311, 1668, 6742, -110365, -20510, 36663, 39248
9627.9, 1184, 4765, 1551, 6962, -110365, -20510, 36663, 39248
9631.7, 1109, 4765, 1551, 6962, -110365, -20510, 36663, 39256
9634.0, 25, 4765, 1551, 6962, -110365, -20510, 36663, 39256
9639.7, 1184, 4850, 1939, 8193, -113454, 6881, 43523, 39259
9643.5, 1164, 4850, 1939, 8193, -113454, 6881, 43523, 39266
9647.7, 1127, 4402, 2270, 7583, -113454, 6881, 43523, 39266
9651.4, 1170, 4402, 2270, 7583, -113454, 6881, 43523, 39249
9653.7, 27, 4402, 2270, 7583, -113454, 6881, 43523, 39249
9659.5, 1229, 3675, 2176, 7595, -115519, 5656, 48598, 39302
9661.7, 29, 3675, 2176, 7595, -115519, 5656, 48598, 39302
9666.0, 1252, 3637, 1505, 9168, -115803, -1351, 51205, 39302
9669.7, 1298, 3637, 1505, 9168, -115803, -1351, 51205, 39291
9672.0, 35, 3637, 1505, 9168, -115803, -1351, 51205, 39291
9677.7, 1280, 4313, 479, 9925, -112001, -19206, 48042, 39285
9681.4, 1209, 4313, 479, 9925, -112001, -19206, 48042, 39301
9685.7, 1236, 4991, -111, 7895, -107189, -29715, 40871, 39301
9689.4, 1138, 4991, -111, 7895, -107189, -29715, 40871, 39291
9691.7, 28, 4991, -111, 7895, -107189, -29715, 40871, 39291
9695.9, 1243, 5535, -59, 7601, -105163, -17185, 36444, 39291
9699.6, 1210, 5535, -59, 7601, -105163, -17185, 36444, 39236
9701.9, 31, 5535, -59, 7601, -105163, -17185, 36444, 39236
9707.6, 1263, 5137, 324, 8594, -106620, 993, 39226, 39460
9711.3, 1152, 5137, 324, 8594, -106620, 993, 39226, 39496
9715.6, 1150, 4445, 416, 7435, -107394, 13050, 47346, 39496
9719.4, 1127, 4445, 416, 7435, -107394, 13050, 47346, 39493
9721.6, 28, 4445, 416, 7435, -107394, 13050, 47346, 39493
9725.9, 1134, 3998, 47, 7041, -107788, 20470, 51770, 39493
9729.6, 1141, 3998, 47, 7041, -107788, 20470, 51770, 39502
9733.8, 1205, 3982, -434, 8280, -108431, 15273, 47902, 39502
9737.6, 1227, 3982, -434, 8280, -108431, 15273, 47902, 39528
9741.3, 1181, 3982, -434, 8280, -108431, 15273, 47902, 39548
9745.6, 1184, 4575, -912, 9628, -107189, 236, 40430, 39548
9749.3, 1210, 4575, -912, 9628, -107189, 236, 40430, 39560
9753.5, 1258, 5467, -1440, 10934, -103619, -14078, 33871, 39560
9757.2, 1173, 5467, -1440, 10934, -103619, -14078, 33871, 39615
9761.0, 1072, 5467, -1440, 10934, -103619, -14078, 33871, 39573
9765.3, 1149, 5567, -1091, 8244, -104139, -15006, 32883, 39573
9769.0, 1175, 5567, -1091, 8244, -104139, -15006, 32883, 39583
9773.3, 1152, 5240, -375, 7490, -104857, -721, 38999, 39583
9777.0, 1169, 5240, -375, 7490, -104857, -721, 38999, 39602
9780.7, 1161, 5240, -375, 7490, -104857, -721, 38999, 39580
9785.0, 1178, 4363, -425, 8154, -105286, 16633, 47863, 39580
9788.7, 1152, 4363, -425, 8154, -105286, 16633, 47863, 39632
9792.9, 1147, 3881, -1524, 8632, -103641, 25104, 51140, 39632
9796.7, 1072, 3881, -1524, 8632, -103641, 25104, 51140, 39649
9799.0, 23, 3881, -1524, 8632, -103641, 25104, 51140, 39649
9804.7, 1168, 4035, -2525, 8346, -102604, 21354, 43868, 39655
9808.5, 1130, 4035, -2525, 8346, -102604, 21354, 43868, 39689
9812.7, 1325, 4106, -2955, 9046, -103824, 10508, 33228, 39689
9816.4, 1160, 4106, -2955, 9046, -103824, 10508, 33228, 39680
9818.7, 26, 4106, -2955, 9046, -103824, 10508, 33228, 39680
9824.5, 1321, 4676, -2775, 10409, -102219, -4361, 27873, 39690
9826.7, 33, 4676, -2775, 10409, -102219, -4361, 27873, 39690
9831.0, 1157, 5134, -2551, 9083, -100963, -14494, 29168, 39690
9834.7, 1151, 5134, -2551, 9083, -100963, -14494, 29168, 39697
9837.0, 28, 5134, -2551, 9083, -100963, -14494, 29168, 39697
9842.7, 1303, 5239, -2102, 8700, -100819, -8071, 33836, 39727
9846.4, 1155, 5239, -2102, 8700, -100819, -8071, 33836, 39778
9850.7, 1157, 4961, -2081, 8391, -101571, 8846, 38723, 39778
9854.4, 1161, 4961, -2081, 8391, -101571, 8846, 38723, 39719
9856.7, 27, 4961, -2081, 8391, -101571, 8846, 38723, 39719
9860.9, 1170, 4462, -2486, 7798, -100976, 21831, 40613, 39719
9864.6, 1141, 4462, -2486, 7798, -100976, 21831, 40613, 39771
9866.9, 28, 4462, -2486, 7798, -100976, 21831, 40613, 39771
9872.6, 1272, 3886, -3059, 8078, -100302, 26294, 38636, 39769
9876.3, 1099, 3886, -3059, 8078, -100302, 26294, 38636, 39785
9880.6, 1069, 3463, -3700, 8371, -100823, 20510, 34418, 39785
9884.3, 1150, 3463, -3700, 8371, -100823, 20510, 34418, 39796
9886.6, 28, 3463, -3700, 8371, -100823, 20510, 34418, 39796
9890.9, 1293, 3489, -3993, 8658, -101624, 10381, 30507, 39796
9894.6, 1178, 3489, -3993, 8658, -101624, 10381, 30507, 39809
9898.9, 1182, 3951, -4225, 9891, -99169, 4125, 27247, 39809
9902.6, 1175, 3951, -4225, 9891, -99169, 4125, 27247, 39821
9906.3, 1135, 3951, -4225, 9891, -99169, 4125, 27247, 39846
9910.6, 1151, 4604, -4012, 8411, -98124, 1960, 23314, 39846
9914.3, 1166, 4604, -4012, 8411, -98124, 1960, 23314, 39850
9918.6, 1142, 4938, -3251, 7733, -98412, 8334, 22015, 39850
9922.3, 1137, 4938, -3251, 7733, -98412, 8334, 22015, 39857
9926.1, 1138, 4938, -3251, 7733, -98412, 8334, 22015, 39862
9930.3, 1165, 4916, -3160, 8519, -97931, 17158, 26184, 39862
9934.1, 1114, 4916, -3160, 8519, -97931, 17158, 26184, 39874
9938.3, 1183, 4555, -3830, 8481, -96623, 18051, 31837, 39874
9942.0, 1142, 4555, -3830, 8481, -96623, 18051, 31837, 39881
9945.8, 1119, 4555, -3830, 8481, -96623, 18051, 31837, 39874
9950.0, 1124, 3818, -4492, 7530, -96514, 14988, 34326, 39874
9953.7, 1142, 3818, -4492, 7530, -96514, 14988, 34326, 39923
9957.9, 1216, 3255, -4978, 7738, -96610, 13851, 33307, 39923
9961.7, 1103, 3255, -4978, 7738, -96610, 13851, 33307, 39928
9964.0, 25, 3255, -4978, 7738, -96610, 13851, 33307, 39928
9969.7, 1169, 3361, -5343, 8151, -95875, 7424, 27873, 39934
9973.5, 1186, 3361, -5343, 8151, -95875, 7424, 27873, 39928
9977.7, 1165, 3708, -5202, 8422, -94344, -1946, 20912, 39928
9981.4, 1108, 3708, -5202, 8422, -94344, -1946, 20912, 39939
9983.7, 25, 3708, -5202, 8422, -94344, -1946, 20912, 39939
9989.5, 1272, 4398, -4983, 7822, -92270, -6667, 16900, 39943
9991.7, 32, 4398, -4983, 7822, -92270, -6667, 16900, 39943
9995.9, 1193, 4989, -4715, 7986, -90625, -4379, 17207, 39943
9999.6, 1172, 4989, -4715, 7986, -90625, -4379, 17207, 39954
10001.9, 28, 4989, -4715, 7986, -90625, -4379, 17207, 39954
10007.6, 1245, 4855, -4622, 7693, -92125, 4073, 22010, 39964
10011.3, 1141, 4855, -4622, 7693, -92125, 4073, 22010, 39985
10015.5, 1154, 4468, -5084, 8057, -93062, 17128, 27256, 39985
10019.3, 1157, 4468, -5084, 8057, -93062, 17128, 27256, 40017
10021.6, 27, 4468, -5084, 8057, -93062, 17128, 27256, 40017
10025.8, 1148, 3846, -5647, 7386, -92961, 24859, 27282, 40017
10029.6, 1109, 3846, -5647, 7386, -92961, 24859, 27282, 39991
10031.9, 27, 3846, -5647, 7386, -92961, 24859, 27282, 39991
10037.6, 1256, 3323, -5886, 6958, -93591, 25226, 22632, 39980
10041.3, 1113, 3323, -5886, 6958, -93591, 25226, 22632, 40006
10045.6, 1147, 3407, -5952, 7539, -92576, 19018, 16668, 40006
10049.3, 1189, 3407, -5952, 7539, -92576, 19018, 16668, 40009
10051.5, 30, 3407, -5952, 7539, -92576, 19018, 16668, 40009
10055.7, 1165, 3721, -6058, 7825, -91714, 6811, 11550, 40009
10059.5, 1086, 3721, -6058, 7825, -91714, 6811, 11550, 40019
10063.7, 1161, 3721, -6058, 7825, -89566, -1426, 9826, 40019
10067.5, 1261, 3721, -6058, 7825, -89566, -1426, 9826, 39966
10071.3, 1157, 3721, -6058, 7825, -89566, -1426, 9826, 40036
10075.5, 1143, 4351, -6152, 7230, -88748, -345, 10893, 40036
10079.2, 1152, 4351, -6152, 7230, -88748, -345, 10893, 40042
10083.5, 1193, 4351, -6152, 7230, -89111, 8513, 12359, 40042
10087.2, 1127, 4351, -6152, 7230, -89111, 8513, 12359, 40048
10091.0, 1134, 4351, -6152, 7230, -89111, 8513, 12359, 40058
10095.3, 1135, 4059, -6090, 7624, -90235, 17268, 13466, 40058
10099.0, 1167, 4059, -6090, 7624, -90235, 17268, 13466, 40054
10103.3, 1168, 4059, -6090, 7624, -91290, 21380, 13273, 40054
10107.0, 1154, 4059, -6090, 7624, -91290, 21380, 13273, 40061
10110.7, 1140, 4059, -6090, 7624, -91290, 21380, 13273, 40069
10115.0, 1143, 3478, -6407, 7360, -91141, 22032, 11860, 40069
10118.7, 1096, 3478, -6407, 7360, -91141, 22032, 11860, 40064
10123.0, 1124, 3478, -6407, 7360, -90480, 16038, 9095, 40064
10126.8, 1177, 3478, -6407, 7360, -90480, 16038, 9095, 40072
10130.5, 1205, 3478, -6407, 7360, -90480, 16038, 9095, 40073
10134.8, 1178, 3538, -6803, 6988, -89115, 7170, 5245, 40073
10138.5, 1191, 3538, -6803, 6988, -89115, 7170, 5245, 40103
10142.8, 1141, 3538, -6803, 6988, -86775, 883, 1452, 40103
10146.5, 1117, 3538, -6803, 6988, -86775, 883, 1452, 40073
10150.7, 1195, 4004, -6981, 6702, -86775, 883, 1452, 40073
10154.4, 1173, 4004, -6981, 6702, -86775, 883, 1452, 40076
10156.7, 27, 4004, -6981, 6702, -86775, 883, 1452, 40076
10160.9, 1169, 4336, -6854, 6437, -84775, -1697, -402, 40076
10164.6, 1159, 4336, -6854, 6437, -84775, -1697, -402, 40093
10166.9, 28, 4336, -6854, 6437, -84775, -1697, -402, 40093
10172.6, 1255, 4463, -6519, 6569, -83699, -428, 2436, 40105
10176.3, 1126, 4463, -6519, 6569, -83699, -428, 2436, 40105
10180.6, 1094, 4181, -6613, 7010, -83826, 4458, 8233, 40105
10184.3, 1183, 4181, -6613, 7010, -83826, 4458, 8233, 40124
10186.5, 30, 4181, -6613, 7010, -83826, 4458, 8233, 40124
10190.8, 1170, 3899, -6913, 6912, -85493, 11112, 11598, 40124
10194.6, 1130, 3899, -6913, 6912, -85493, 11112, 11598, 40107
10196.8, 26, 3899, -6913, 6912, -85493, 11112, 11598, 40107
10202.6, 1269, 3621, -7122, 6867, -87024, 16874, 10045, 40095
10206.3, 1134, 3621, -7122, 6867, -87024, 16874, 10045, 40120
10210.5, 1164, 3282, -7178, 6881, -85764, 17285, 5350, 40120
10214.3, 1089, 3282, -7178, 6881, -85764, 17285, 5350, 40126
10216.5, 26, 3282, -7178, 6881, -85764, 17285, 5350, 40126
10220.8, 1228, 3189, -7068, 5898, -84902, 11134, 516, 40126
10224.5, 1183, 3189, -7068, 5898, -84902, 11134, 516, 40125
10228.7, 1169, 3526, -7159, 6187, -83826, 5206, -3014, 40125
10232.5, 1170, 3526, -7159, 6187, -83826, 5206, -3014, 40184
10236.3, 1155, 3526, -7159, 6187, -83826, 5206, -3014, 40193
10240.5, 1168, 3744, -7301, 6492, -81892, 1881, -4523, 40193
10244.2, 1173, 3744, -7301, 6492, -81892, 1881, -4523, 40191
10248.5, 1166, 4136, -7319, 5675, -81533, 542, -3933, 40191
10252.2, 1144, 4136, -7319, 5675, -81533, 542, -3933, 40218
10256.0, 1150, 4136, -7319, 5675, -81533, 542, -3933, 40193
10260.2, 1191, 4086, -7080, 5773, -81231, 3902, -1522, 40193
10263.9, 1140, 4086, -7080, 5773, -81231, 3902, -1522, 40211
10268.1, 1162, 3704, -7173, 6047, -82771, 8719, 1693, 40211
10271.9, 1171, 3704, -7173, 6047, -82771, 8719, 1693, 40197
10275.6, 1208, 3704, -7173, 6047, -82771, 8719, 1693, 40204
10279.8, 1174, 3529, -7366, 6126, -84998, 11173, 2734, 40204
10283.6, 1120, 3529, -7366, 6126, -84998, 11173, 2734, 40195
10287.8, 1219, 3518, -7548, 6763, -86350, 13405, 490, 40195
10291.5, 1165, 3518, -7548, 6763, -86350, 13405, 490, 40189
10293.8, 28, 3518, -7548, 6763, -86350, 13405, 490, 40189
10299.5, 1208, 3316, -7601, 6232, -85922, 13352, -2436, 40183
10303.2, 1159, 3316, -7601, 6232, -85922, 13352, -2436, 40189
10309.0, 1301, 3591, -7760, 5021, -83835, 10027, -4081, 40186
10311.2, 31, 3591, -7760, 5021, -83835, 10027, -4081, 40186
10313.5, 4, 3591, -7760, 5021, -83835, 10027, -4081, 40186
10319.2, 1250, 3662, -7975, 4796, -81761, 6584, -4029, 40189
10321.4, 27, 3662, -7975, 4796, -81761, 6584, -4029, 40189
10325.7, 1134, 3553, -8504, 4527, -79250, 2616, -2047, 40189
10329.4, 1161, 3553, -8504, 4527, -79250, 2616, -2047, 40198
10331.7, 27, 3553, -8504, 4527, -79250, 2616, -2047, 40198
10337.4, 1265, 3674, -8960, 4771, -77119, 1509, -424, 40187
10341.1, 1145, 3674, -8960, 4771, -77119, 1509, -424, 40192
10345.4, 1176, 3537, -9001, 5216, -76253, 3850, -161, 40192
10349.1, 1146, 3537, -9001, 5216, -76253, 3850, -161, 40213
10351.4, 25, 3537, -9001, 5216, -76253, 3850, -161, 40213
10355.6, 1167, 3198, -8692, 5308, -77395, 5884, -590, 40213
10359.3, 1178, 3198, -8692, 5308, -77395, 5884, -590, 40242
10361.6, 28, 3198, -8692, 5308, -77395, 5884, -590, 40242
10365.8, 1225, 3024, -8204, 5190, -79884, 7883, -1172, 40242
10369.5, 1126, 3024, -8204, 5190, -79884, 7883, -1172, 40209
10373.8, 1179, 2953, -8048, 5824, -81415, 9743, -2056, 40209
10377.5, 1162, 2953, -8048, 5824, -81415, 9743, -2056, 40232
10381.3, 1158, 2953, -8048, 5824, -81415, 9743, -2056, 40217
10385.6, 1139, 3000, -8079, 5175, -81240, 10732, -2537, 40217
10389.3, 1152, 3000, -8079, 5175, -81240, 10732, -2537, 40217
10393.6, 1153, 3602, -8244, 4094, -79464, 10403, -2371, 40217
10397.3, 1159, 3602, -8244, 4094, -79464, 10403, -2371, 40217
10401.0, 1170, 3602, -8244, 4094, -79464, 10403, -2371, 40204
10405.2, 1179, 3613, -8322, 3476, -77587, 7240, -1338, 40204
10409.0, 1161, 3613, -8322, 3476, -77587, 7240, -1338, 40218
10413.2, 1190, 3142, -8687, 3358, -76393, 5910, 1566, 40218
10416.9, 1166, 3142, -8687, 3358, -76393, 5910, 1566, 40253
10420.6, 1147, 3142, -8687, 3358, -76393, 5910, 1566, 40219
10424.9, 1187, 2813, -9178, 3809, -75741, 7638, 3736, 40219
10428.6, 1160, 2813, -9178, 3809, -75741, 7638, 3736, 40237
10432.8, 1153, 2891, -9351, 3967, -75819, 6706, 2353, 40237
10436.6, 1115, 2891, -9351, 3967, -75819, 6706, 2353, 40206
10438.9, 26, 2891, -9351, 3967, -75819, 6706, 2353, 40206
10444.6, 1182, 2931, -9033, 4204, -77355, 4471, -538, 40209
10448.4, 1122, 2931, -9033, 4204, -77355, 4471, -538, 40224
10454.1, 1193, 2974, -8626, 4647, -79416, 2371, -2327, 40248
10457.8, 1165, 2974, -8626, 4647, -79416, 2371, -2327, 40228
10463.6, 1257, 3017, -8340, 5063, -80330, 5153, -2016, 40238
10465.8, 28, 3017, -8340, 5063, -80330, 5153, -2016, 40238
10468.1, 4, 3017, -8340, 5063, -80330, 5153, -2016, 40238
10473.8, 1235, 3159, -8596, 4506, -78116, 10981, -288, 40243
10476.0, 28, 3159, -8596, 4506, -78116, 10981, -288, 40243
10478.3, 4, 3159, -8596, 4506, -78116, 10981, -288, 40243
10484.1, 1217, 3658, -8879, 3394, -74839, 14800, 931, 40249
10486.3, 26, 3658, -8879, 3394, -74839, 14800, 931, 40249
10490.6, 1183, 3733, -9311, 2732, -71252, 13825, 1426, 40249
10494.3, 1160, 3733, -9311, 2732, -71252, 13825, 1426, 40249
10496.6, 25, 3733, -9311, 2732, -71252, 13825, 1426, 40249
10500.8, 1194, 3391, -9936, 2313, -68246, 8640, 1614, 40249
10504.5, 1166, 3391, -9936, 2313, -68246, 8640, 1614, 40247
10506.8, 25, 3391, -9936, 2313, -68246, 8640, 1614, 40247
10511.0, 1181, 2900, -10239, 1740, -63989, 3255, 1483, 40247
10515.0, 783, 2900, -10239, 1740, -63989, 3255, 1483, 40249
10519.3, 1152, 2533, -10345, 2376, -61093, 2371, 1513, 40249
10523.1, 1120, 2533, -10345, 2376, -61093, 2371, 1513, 40244
10526.8, 1144, 2533, -10345, 2376, -61093, 2371, 1513, 40244
10532.6, 1251, 2493, -10158, 2806, -59518, -1448, 756, 40244
10536.3, 1144, 2493, -10158, 2806, -59518, -1448, 756, 40234
10540.6, 1187, 2684, -9662, 2949, -59872, -7761, -310, 40234
10544.3, 1159, 2684, -9662, 2949, -59872, -7761, -310, 40241
10548.5, 1211, 2903, -9337, 3384, -60249, -7411, -454, 40241
10552.2, 1175, 2903, -9337, 3384, -60249, -7411, -454, 40229
10555.9, 1137, 2903, -9337, 3384, -60249, -7411, -454, 40232
10560.2, 1169, 3049, -9308, 2525, -60122, -1846, 599, 40232
10563.9, 1095, 3049, -9308, 2525, -60122, -1846, 599, 40229
10568.2, 1146, 3181, -9302, 2014, -58205, 4353, 2340, 40229
10571.9, 1151, 3181, -9302, 2014, -58205, 4353, 2340, 40236
10575.6, 1159, 3181, -9302, 2014, -58205, 4353, 2340, 40246
10579.8, 1170, 3076, -9329, 2210, -58079, 10775, 3950, 40246
10583.6, 1132, 3076, -9329, 2210, -58079, 10775, 3950, 40253
10587.8, 1177, 2918, -9466, 2317, -58538, 12359, 4326, 40253
10591.5, 1125, 2918, -9466, 2317, -58538, 12359, 4326, 40277
10593.8, 26, 2918, -9466, 2317, -58538, 12359, 4326, 40277
10599.5, 1219, 2824, -9553, 2514, -59369, 10220, 4038, 40250
10603.2, 1138, 2824, -9553, 2514, -59369, 10220, 4038, 40250
10609.0, 1158, 2896, -9477, 2354, -61058, 7813, 2804, 40253
10612.7, 1103, 2896, -9477, 2354, -61058, 7813, 2804, 40225
10618.4, 1219, 2868, -9151, 2273, -63806, 5827, 1981, 40241
10622.2, 1144, 2868, -9151, 2273, -63806, 5827, 1981, 40271
10627.9, 1241, 2757, -9175, 2870, -65906, 7061, 2515, 40255
10631.6, 1110, 2757, -9175, 2870, -65906, 7061, 2515, 40258
10635.8, 1141, 2757, -9175, 2408, -66242, 10570, 3565, 40258
10639.5, 1134, 2757, -9175, 2408, -66242, 10570, 3565, 40249
10641.8, 23, 2757, -9175, 2408, -66242, 10570, 3565, 40249
10646.0, 1165, 2856, -9426, 1721, -65341, 14078, 4208, 40249
10649.7, 1141, 2856, -9426, 1721, -65341, 14078, 4208, 40244
10652.0, 25, 2856, -9426, 1721, -65341, 14078, 4208, 40244
10657.7, 1230, 2984, -9433, 1603, -63407, 15920, 4169, 40244
10661.4, 1114, 2984, -9433, 1603, -63407, 15920, 4169, 40253
10665.7, 1144, 2873, -9619, 1426, -62432, 15496, 3889, 40253
10669.4, 1121, 2873, -9619, 1426, -62432, 15496, 3889, 40233
10671.7, 24, 2873, -9619, 1426, -62432, 15496, 3889, 40233
10676.0, 1105, 2740, -9887, 1176, -61255, 17049, 2966, 40233
10679.7, 1106, 2740, -9887, 1176, -61255, 17049, 2966, 40222
10682.0, 23, 2740, -9887, 1176, -61255, 17049, 2966, 40222
10687.7, 1230, 2462, -9914, 1415, -59982, 22645, 1378, 40229
10691.4, 1119, 2462, -9914, 1415, -59982, 22645, 1378, 40217
10695.7, 1150, 2331, -9575, 1984, -58665, 26508, -166, 40217
10699.4, 1127, 2331, -9575, 1984, -58665, 26508, -166, 40218
10703.6, 1170, 2331, -9575, 1984, -58665, 26508, -166, 40218
10707.3, 1142, 2331, -9575, 1984, -58665, 26508, -166, 40157
10711.0, 1116, 2331, -9575, 1984, -58665, 26508, -166, 40199
10715.3, 1139, 2657, -8598, 1951, -61517, 24189, 393, 40199
10719.0, 1143, 2657, -8598, 1951, -61517, 24189, 393, 40191
10723.2, 1142, 2657, -8598, 1951, -61517, 24189, 393, 40191
10727.0, 1104, 2657, -8598, 1951, -61517, 24189, 393, 40176
10730.8, 1126, 2657, -8598, 1951, -61517, 24189, 393, 40157
10735.0, 1132, 2458, -8637, 2225, -68377, 19797, 5118, 40157
10738.8, 1122, 2458, -8637, 2225, -68377, 19797, 5118, 40145
10743.0, 1132, 2458, -8637, 2225, -68377, 19797, 5118, 40145
10746.7, 1111, 2458, -8637, 2225, -68377, 19797, 5118, 40128
10749.0, 25, 2458, -8637, 2225, -68377, 19797, 5118, 40128
10754.7, 1169, 2117, -8864, 2428, -73794, 18773, 7533, 40129
10758.5, 1121, 2117, -8864, 2428, -73794, 18773, 7533, 40100
10762.7, 1138, 2117, -8864, 2428, -73794, 18773, 7533, 40100
10766.5, 1098, 2117, -8864, 2428, -73794, 18773, 7533, 40090
10768.8, 24, 2117, -8864, 2428, -73794, 18773, 7533, 40090
10774.5, 1146, -1825, -11121, 1480, -57300, 21919, 25484, 40079
10778.2, 1127, -1825, -11121, 1480, -57300, 21919, 25484, 40071
10784.0, 1173, -1322, -12077, 823, -62738, 10574, 28696, 40062
10787.7, 1128, -1322, -12077, 823, -62738, 10574, 28696, 40084
10793.4, 1230, -1322, -12077, 823, -62738, 10574, 28696, 40058
10797.1, 1120, -1322, -12077, 823, -62738, 10574, 28696, 40069
10802.9, 1215, 1739, -10508, 2763, -59216, -5136, 15115, 40039
10806.6, 1105, 1739, -10508, 2763, -59216, -5136, 15115, 40044
10810.9, 1125, 4046, -8254, 3349, -56149, -16288, 2113, 40044
10814.6, 1084, 4046, -8254, 3349, -56149, -16288, 2113, 40027
10816.9, 23, 4046, -8254, 3349, -56149, -16288, 2113, 40027
10822.6, 1219, 5660, -7840, 1808, -58380, -26836, 3504, 40022
10826.4, 1111, 5660, -7840, 1808, -58380, -26836, 3504, 40010
10830.6, 1131, 5600, -8729, -115, -60087, -30148, 14665, 40010
10834.4, 1092, 5600, -8729, -115, -60087, -30148, 14665, 40034
10836.6, 22, 5600, -8729, -115, -60087, -30148, 14665, 40034
10840.9, 1126, 4202, -10034, -1573, -55064, -16174, 24530, 40034
10844.6, 1083, 4202, -10034, -1573, -55064, -16174, 24530, 40010
10846.9, 22, 4202, -10034, -1573, -55064, -16174, 24530, 40010
10852.6, 1226, 3233, -10704, -1800, -49753, 2423, 23585, 39875
10856.4, 1125, 3233, -10704, -1800, -49753, 2423, 23585, 39886
10860.6, 1123, 2715, -10566, -1232, -43593, 12626, 15662, 39886
10864.4, 1088, 2715, -10566, -1232, -43593, 12626, 15662, 39832
10868.6, 1166, 2145, -10235, -1023, -36041, 19407, 9870, 39832
10872.3, 1130, 2145, -10235, -1023, -36041, 19407, 9870, 39912
10876.1, 1084, 2145, -10235, -1023, -36041, 19407, 9870, 39938
10880.3, 1142, 1698, -9778, -1614, -32843, 23708, 9419, 39938
10884.0, 1107, 1698, -9778, -1614, -32843, 23708, 9419, 39941
10888.3, 1137, 1362, -9381, -1282, -26512, 24530, 12963, 39941
10892.0, 1123, 1362, -9381, -1282, -26512, 24530, 12963, 39968
10895.7, 1126, 1362, -9381, -1282, -26512, 24530, 12963, 39962
10899.9, 1126, 1317, -9883, -524, -23905, 18944, 14988, 39962
10903.7, 1112, 1317, -9883, -524, -23905, 18944, 14988, 39974
10907.9, 1150, 1629, -10634, -346, -19263, 4528, 12713, 39974
10911.6, 1106, 1629, -10634, -346, -19263, 4528, 12713, 39986
10913.9, 25, 1629, -10634, -346, -19263, 4528, 12713, 39986
10919.6, 1213, 2169, -11121, -617, -15754, -10154, 9218, 39994
10923.3, 1129, 2169, -11121, -617, -15754, -10154, 9218, 40001
10929.0, 1140, 2732, -10500, -512, -10277, -17277, 7179, 40019
10932.7, 1093, 2732, -10500, -512, -10277, -17277, 7179, 39957
10938.5, 1147, 3100, -10704, -653, -5569, -21100, 7157, 40027
10942.2, 1084, 3100, -10704, -653, -5569, -21100, 7157, 40030
10948.0, 1203, 3488, -10971, -2006, 3828, -17999, 7039, 40031
10951.7, 1055, 3488, -10971, -2006, 3828, -17999, 7039, 40041
10955.9, 1110, 3582, -10678, -2598, 9480, -4602, 5560, 40041
10959.6, 1098, 3582, -10678, -2598, 9480, -4602, 5560, 39801
10961.9, 22, 3582, -10678, -2598, 9480, -4602, 5560, 39801
10967.6, 1177, 3076, -10150, -865, 13002, 12420, 4532, 40054
10971.3, 1059, 3076, -10150, -865, 13002, 12420, 4532, 40062
10975.6, 1108, 2413, -10222, 1262, 15282, 17990, 4781, 40062
10979.3, 1095, 2413, -10222, 1262, 15282, 17990, 4781, 40009
10981.5, 24, 2413, -10222, 1262, 15282, 17990, 4781, 40009
10985.8, 1119, 2108, -10406, 2682, 16073, 8421, 4305, 40009
10989.6, 1054, 2108, -10406, 2682, 16073, 8421, 4305, 40069
10991.9, 21, 2108, -10406, 2682, 16073, 8421, 4305, 40069
10997.6, 1167, 2030, -10120, 1733, 17259, -8133, 3631, 40074
11001.3, 1078, 2030, -10120, 1733, 17259, -8133, 3631, 40075
11005.6, 1110, 1944, -9470, 708, 19254, -19250, 4550, 40075
11009.3, 1076, 1944, -9470, 708, 19254, -19250, 4550, 40114
11011.5, 25, 1944, -9470, 708, 19254, -19250, 4550, 40114
11015.8, 1109, 2230, -9224, 442, 16813, -21197, 4243, 40114
11019.5, 1086, 2230, -9224, 442, 16813, -21197, 4243, 40088
11023.7, 1110, 2695, -9272, 305, 14726, -15969, 1509, 40088
11027.5, 1085, 2695, -9272, 305, 14726, -15969, 1509, 40105
11031.2, 1083, 2695, -9272, 305, 14726, -15969, 1509, 40099
11035.4, 1147, 2944, -9362, -151, 12867, -2165, -122, 40099
11039.1, 1093, 2944, -9362, -151, 12867, -2165, -122, 40111
11043.3, 1103, 2847, -9468, 418, 11668, 15338, 538, 40111
11047.1, 1084, 2847, -9468, 418, 11668, 15338, 538, 40116
11050.8, 1091, 2847, -9468, 418, 11668, 15338, 538, 40153
11055.1, 1109, 2841, -9482, 1174, 10963, 23397, 1137, 40153
11058.8, 1076, 2841, -9482, 1174, 10963, 23397, 1137, 40107
11063.0, 1119, 2970, -9705, 1181, 11025, 17027, 4, 40107
11066.7, 1054, 2970, -9705, 1181, 11025, 17027, 4, 40098
11070.5, 1084, 2970, -9705, 1181, 11025, 17027, 4, 40091
11074.7, 1127, 2984, -9653, 154, 12123, 5901, -2086, 40091
11078.4, 1081, 2984, -9653, 154, 12123, 5901, -2086, 40083
11084.1, 1173, 2706, -9581, -655, 13352, 804, -3504, 40083
11087.9, 1067, 2706, -9581, -655, 13352, 804, -3504, 40093
11093.6, 1146, 2352, -9582, -856, 15697, 3377, -3985, 40082
11097.3, 1075, 2352, -9582, -856, 15697, 3377, -3985, 40076
11103.0, 1129, 2179, -9743, -896, 17001, 9542, -4401, 40041
11106.7, 1049, 2179, -9743, -896, 17001, 9542, -4401, 40092
11111.0, 1110, 2198, -9789, -827, 17736, 15890, -5031, 40092
11114.7, 1062, 2198, -9789, -827, 17736, 15890, -5031, 40081
11117.0, 21, 2198, -9789, -827, 17736, 15890, -5031, 40081
11122.7, 1145, 2249, -9811, -138, 17736, 20099, -5166, 40076
11126.4, 1037, 2249, -9811, -138, 17736, 20099, -5166, 40051
11130.7, 1085, 2488, -9915, 811, 17185, 18357, -5153, 40051
11134.4, 1056, 2488, -9915, 811, 17185, 18357, -5153, 40065
11136.7, 21, 2488, -9915, 811, 17185, 18357, -5153, 40065
11141.0, 1071, 2486, -10091, 1048, 17824, 9463, -5044, 40065
11144.7, 1063, 2486, -10091, 1048, 17824, 9463, -5044, 40071
11147.0, 22, 2486, -10091, 1048, 17824, 9463, -5044, 40071
11152.7, 1126, 2290, -10164, 446, 19062, -148, -5026, 40025
11156.4, 1045, 2290, -10164, 446, 19062, -148, -5026, 40060
11160.7, 1092, 2102, -10001, 23, 19587, -6479, -5608, 40060
11164.4, 1042, 2102, -10001, 23, 19587, -6479, -5608, 40076
11166.7, 22, 2102, -10001, 23, 19587, -6479, -5608, 40076
11171.0, 1065, 2093, -10004, 20, 20029, -8754, -6120, 40076
11174.7, 1079, 2093, -10004, 20, 20029, -8754, -6120, 40022
11178.9, 1123, 2145, -10240, 9, 23008, -7542, -5403, 40022
11182.7, 1062, 2145, -10240, 9, 23008, -7542, -5403, 40059
11186.4, 1061, 2145, -10240, 9, 23008, -7542, -5403, 40073
11190.6, 1111, 2164, -10221, 66, 26053, -6693, -4156, 40073
11194.4, 1022, 2164, -10221, 66, 26053, -6693, -4156, 40046
11198.6, 1123, 2367, -10159, -61, 28009, -7249, -4484, 40046
11202.3, 1086, 2367, -10159, -61, 28009, -7249, -4484, 40035
11206.0, 1068, 2367, -10159, -61, 28009, -7249, -4484, 40034
11210.3, 1096, 2274, -10029, 308, 28879, -7144, -6020, 40034
11214.0, 1084, 2274, -10029, 308, 28879, -7144, -6020, 40037
11218.2, 1093, 2181, -10003, 344, 32274, -10517, -7249, 40037
11222.0, 1011, 2181, -10003, 344, 32274, -10517, -7249, 40033
11225.8, 1051, 2181, -10003, 344, 32274, -10517, -7249, 40032
11230.0, 1096, 1883, -9904, -344, 35722, -17264, -7437, 40032
11233.8, 1051, 1883, -9904, -344, 35722, -17264, -7437, 40042
11238.0, 1099, 1802, -9900, -569, 38535, -21840, -7118, 40042
11241.7, 1018, 1802, -9900, -569, 38535, -21840, -7118, 40036
11244.0, 21, 1802, -9900, -569, 38535, -21840, -7118, 40036
11249.7, 1200, 2002, -10186, -557, 42420, -21577, -6790, 40026
11253.5, 1059, 2002, -10186, -557, 42420, -21577, -6790, 40029
11257.7, 1037, 2313, -10610, -471, 47911, -19307, -6466, 40029
11261.5, 1009, 2313, -10610, -471, 47911, -19307, -6466, 40034
11263.8, 20, 2313, -10610, -471, 47911, -19307, -6466, 40034
11269.5, 1134, 2430, -10777, -696, 54106, -18550, -6230, 40031
11273.2, 1103, 2430, -10777, -696, 54106, -18550, -6230, 40029
11278.9, 1134, 2262, -10472, -690, 62060, -20252, -6435, 40045
11281.2, 24, 2262, -10472, -690, 62060, -20252, -6435, 40045
11285.4, 1085, 2262, -10472, -690, 62060, -20252, -6650, 40045
11289.2, 1014, 2262, -10472, -690, 62060, -20252, -6650, 40026
11291.5, 22, 2262, -10472, -690, 62060, -20252, -6650, 40026
11295.7, 1091, 1846, -10373, -83, 72066, -26298, -5932, 40026
11299.5, 1083, 1846, -10373, -83, 72066, -26298, -5932, 40008
11301.7, 23, 1846, -10373, -83, 72066, -26298, -5932, 40008
11306.0, 1078, 1883, -10401, 1018, 74861, -31242, -4318, 40008
11309.7, 1091, 1883, -10401, 1018, 74861, -31242, -4318, 40035
11312.0, 23, 1883, -10401, 1018, 74861, -31242, -4318, 40035
11317.7, 1131, 2620, -10753, 726, 77565, -32594, -2428, 40028
11321.4, 1056, 2620, -10753, 726, 77565, -32594, -2428, 40076
11325.7, 1103, 2620, -10753, 726, 82776, -28324, -2432, 40076
11329.4, 1082, 2620, -10753, 726, 82776, -28324, -2432, 40049
11331.6, 25, 2620, -10753, 726, 82776, -28324, -2432, 40049
11335.9, 1106, 2938, -10986, 218, 87536, -23822, -4589, 40049
11339.6, 1074, 2938, -10986, 218, 87536, -23822, -4589, 40027
11343.8, 1094, 2663, -10986, 218, 87536, -23822, -4589, 40027
11347.5, 1115, 2663, -10986, 218, 87536, -23822, -4589, 40027
11351.2, 1081, 2663, -10986, 218, 87536, -23822, -4589, 40049
11355.5, 1114, 2213, -10254, 1535, 93818, -14074, -4283, 40049
11359.2, 1091, 2213, -10254, 1535, 93818, -14074, -4283, 40026
11363.4, 1097, 2143, -10254, 1535, 93818, -14074, -4283, 40026
11367.2, 1064, 2143, -10254, 1535, 93818, -14074, -4283, 40039
11370.9, 1091, 2143, -10254, 1535, 93818, -14074, -4283, 40035
11375.1, 1111, 2608, -10281, 2425, 100403, -24119, -56, 40035
11378.9, 1047, 2608, -10281, 2425, 100403, -24119, -56, 40050
11383.1, 1110, 2780, -10480, 2425, 100403, -24119, -56, 40050
11386.8, 1028, 2780, -10480, 2425, 100403, -24119, -56, 40008
11390.6, 1060, 2780, -10480, 2425, 100403, -24119, -56, 40033
11394.8, 1115, 2617, -10459, 2431, 106445, -15168, -1771, 40033
11398.5, 1087, 2617, -10459, 2431, 106445, -15168, -1771, 40036
11402.8, 1093, 2633, -10588, 2431, 106445, -15168, -1771, 40036
11406.5, 1042, 2633, -10588, 2431, 106445, -15168, -1771, 40052
11408.8, 21, 2633, -10588, 2431, 106445, -15168, -1771, 40052
11414.5, 1159, 2632, -10392, 3293, 110881, -4410, -8050, 40073
11418.3, 1038, 2632, -10392, 3293, 110881, -4410, -8050, 40049
11424.0, 1122, 2583, -10152, 3293, 113773, -735, -7975, 40050
11427.7, 1069, 2583, -10152, 3293, 113773, -735, -7975, 40061
11433.4, 1151, 2821, -9698, 3221, 113773, -735, -7975, 40071
11435.7, 25, 2821, -9698, 3221, 113773, -735, -7975, 40071
11438.0, 3, 2821, -9698, 3221, 113773, -735, -7975, 40071
11443.7, 1160, 2804, -9790, 3775, 115121, 196, -6243, 40064
11445.9, 26, 2804, -9790, 3775, 115121, 196, -6243, 40064
11448.2, 2, 2804, -9790, 3775, 115121, 196, -6243, 40064
11453.9, 1162, 2825, -9850, 4033, 116131, -1995, -5464, 40064
11456.2, 26, 2825, -9850, 4033, 116131, -1995, -5464, 40064
11460.4, 1076, 2943, -9921, 4142, 118455, -3543, -6711, 40064
11464.2, 1029, 2943, -9921, 4142, 118455, -3543, -6711, 40105
11466.4, 22, 2943, -9921, 4142, 118455, -3543, -6711, 40105
11470.7, 1122, 3067, -9955, 4179, 120861, -2594, -9830, 40105
11474.4, 1060, 3067, -9955, 4179, 120861, -2594, -9830, 40092
11476.7, 23, 3067, -9955, 4179, 120861, -2594, -9830, 40092
11480.9, 1144, 2880, -9794, 4133, 121850, 1544, -13619, 40092
11484.6, 1077, 2880, -9794, 4133, 121850, 1544, -13619, 40097
11486.9, 24, 2880, -9794, 4133, 121850, 1544, -13619, 40097
11492.6, 1131, 2848, -9558, 4798, 123543, 3303, -16695, 40093
11496.3, 1085, 2848, -9558, 4798, 123543, 3303, -16695, 40093
11500.6, 1093, 3099, -9106, 5161, 124514, 1938, -17714, 40093
11504.4, 1063, 3099, -9106, 5161, 124514, 1938, -17714, 40099
11508.6, 1115, 3262, -9123, 5804, 126925, -3583, -17754, 40099
11512.3, 1073, 3262, -9123, 5804, 126925, -3583, -17754, 40119
11516.1, 1072, 3262, -9123, 5804, 126925, -3583, -17754, 40103
11520.3, 1082, 3595, -8945, 5284, 129147, -11335, -17898, 40103
11524.1, 1037, 3595, -8945, 5284, 129147, -11335, -17898, 40099
11528.3, 1110, 3795, -8812, 4663, 131925, -14918, -18156, 40099
11532.0, 1100, 3795, -8812, 4663, 131925, -14918, -18156, 40094
11535.7, 995, 3795, -8812, 4663, 131925, -14918, -18156, 40053
11540.0, 1116, 3632, -8688, 4858, 132901, -11891, -17880, 40053
11543.7, 1145, 3632, -8688, 4858, 132901, -11891, -17880, 40088
11547.9, 1093, 3331, -8614, 5647, 133916, -7516, -18563, 40088
11551.7, 1002, 3331, -8614, 5647, 133916, -7516, -18563, 40097
11553.9, 21, 3331, -8614, 5647, 133916, -7516, -18563, 40097
11559.6, 1167, 3193, -8393, 5961, 134957, -5215, -20050, 40087
11563.4, 1118, 3193, -8393, 5961, 134957, -5215, -20050, 40119
11569.1, 1142, 3367, -8120, 6425, 137543, -4585, -22842, 40090
11572.8, 1028, 3367, -8120, 6425, 137543, -4585, -22842, 40069
11578.5, 1137, 3592, -8069, 5743, 138042, -9126, -25331, 40082
11582.3, 1068, 3592, -8069, 5743, 138042, -9126, -25331, 40077
11588.0, 1132, 3791, -7159, 6173, 138672, -12027, -25694, 40084
11591.7, 1045, 3791, -7159, 6173, 138672, -12027, -25694, 40106
11597.5, 1160, 4135, -6994, 6560, 140330, -13645, -23686, 40116
11601.2, 974, 4135, -6994, 6560, 140330, -13645, -23686, 40129
11603.4, 21, 4135, -6994, 6560, 140330, -13645, -23686, 40129
11609.2, 1220, 4426, -6824, 6655, 141240, -18502, -21359, 40097
11611.4, 27, 4426, -6824, 6655, 141240, -18502, -21359, 40097
11615.6, 1095, 4093, -6658, 5999, 140737, -22374, -20637, 40097
11619.3, 1105, 4093, -6658, 5999, 140737, -22374, -20637, 40127
11621.6, 24, 4093, -6658, 5999, 140737, -22374, -20637, 40127
11625.8, 1114, 3591, -6625, 6903, 141905, -17526, -20348, 40127
11629.5, 1105, 3591, -6625, 6903, 141905, -17526, -20348, 40102
11631.8, 24, 3591, -6625, 6903, 141905, -17526, -20348, 40102
11636.0, 1095, 3364, -6550, 6655, 142137, -13466, -21254, 40102
11639.7, 1045, 3364, -6550, 6655, 142137, -13466, -21254, 40104
11642.0, 23, 3364, -6550, 6655, 142137, -13466, -21254, 40104
11647.7, 1262, 3927, -6355, 7387, 142819, -16747, -24526, 40130
11651.4, 1074, 3927, -6355, 7387, 142819, -16747, -24526, 40124
11655.6, 1102, 4448, -6134, 7303, 143257, -20724, -27191, 40124
11659.4, 1020, 4448, -6134, 7303, 143257, -20724, -27191, 40132
11661.6, 23, 4448, -6134, 7303, 143257, -20724, -27191, 40132
11665.9, 1140, 4389, -5758, 7860, 143344, -29172, -26246, 40132
11669.6, 1131, 4389, -5758, 7860, 143344, -29172, -26246, 40138
11673.8, 1122, 4712, -5659, 6765, 143344, -32721, -22041, 40138
11677.5, 1107, 4712, -5659, 6765, 143344, -32721, -22041, 40143
11681.2, 1093, 4712, -5659, 6765, 143344, -32721, -22041, 40151
11685.5, 1120, 4328, -5764, 7787, 143344, -26674, -18707, 40151
11689.2, 1077, 4328, -5764, 7787, 143344, -26674, -18707, 40153
11693.4, 1117, 3826, -5690, 7892, 143344, -22627, -19521, 40153
11697.2, 1087, 3826, -5690, 7892, 143344, -22627, -19521, 40162
11700.9, 1112, 3826, -5690, 7892, 143344, -22627, -19521, 40179
11705.1, 1117, 3335, -5333, 7583, 143344, -18974, -22885, 40179
11708.9, 1036, 3335, -5333, 7583, 143344, -18974, -22885, 40184
11713.1, 1157, 3436, -4853, 8100, 143344, -14192, -25913, 40184
11716.8, 1085, 3436, -4853, 8100, 143344, -14192, -25913, 40167
11720.6, 1013, 3436, -4853, 8100, 143344, -14192, -25913, 40200
11724.8, 1123, 3877, -4642, 8156, 143344, -18550, -28031, 40200
11728.5, 1153, 3877, -4642, 8156, 143344, -18550, -28031, 40219
11732.8, 1085, 4055, -4342, 7730, 143344, -23384, -27659, 40219
11736.5, 1006, 4055, -4342, 7730, 143344, -23384, -27659, 40230
11738.8, 21, 4055, -4342, 7730, 143344, -23384, -27659, 40230
11744.5, 1207, 4033, -4369, 8072, 143344, -24290, -25480, 40244
11748.3, 1059, 4033, -4369, 8072, 143344, -24290, -25480, 40257
11754.0, 1106, 3703, -4317, 8157, 143344, -23183, -25095, 40274
11757.7, 1120, 3703, -4317, 8157, 143344, -23183, -25095, 40257
11763.4, 1172, 3681, -4117, 8380, 143344, -22146, -27466, 40263
11765.7, 25, 3681, -4117, 8380, 143344, -22146, -27466, 40263
11768.0, 3, 3681, -4117, 8380, 143344, -22146, -27466, 40263
11773.7, 1160, 3668, -3694, 7945, 143344, -20694, -31211, 40281
11776.0, 25, 3668, -3694, 7945, 143344, -20694, -31211, 40281
11780.2, 1095, 3802, -3262, 8123, 143344, -18755, -34392, 40281
11784.0, 1061, 3802, -3262, 8123, 143344, -18755, -34392, 40287
11786.2, 21, 3802, -3262, 8123, 143344, -18755, -34392, 40287
11790.5, 1131, 3990, -2925, 7975, 143344, -17797, -36251, 40287
11794.2, 1187, 3990, -2925, 7975, 143344, -17797, -36251, 40287
11796.5, 26, 3990, -2925, 7975, 143344, -17797, -36251, 40287
11800.7, 1123, 4145, -2650, 8645, 143344, -21061, -36505, 40287
11804.4, 1136, 4145, -2650, 8645, 143344, -21061, -36505, 40245
11806.7, 26, 4145, -2650, 8645, 143344, -21061, -36505, 40245
11810.9, 1138, 4129, -2652, 8042, 143344, -22562, -35980, 40245
11814.6, 1049, 4129, -2652, 8042, 143344, -22562, -35980, 40309
11816.9, 23, 4129, -2652, 8042, 143344, -22562, -35980, 40309
11822.6, 1154, 4185, -2638, 9270, 143344, -20545, -37061, 40323
11826.3, 1081, 4185, -2638, 9270, 143344, -20545, -37061, 40324
11830.6, 1182, 3963, -2510, 8215, 143344, -18034, -40110, 40324
11834.3, 1126, 3963, -2510, 8215, 143344, -18034, -40110, 40351
11838.5, 1100, 3963, -1917, 8118, 143344, -12858, -43606, 40351
11842.2, 1029, 3963, -1917, 8118, 143344, -12858, -43606, 40329
11846.0, 1046, 3963, -1917, 8118, 143344, -12858, -43606, 40326
11850.2, 1204, 3994, -1647, 8691, 143344, -9467, -45404, 40326
11854.3, 730, 3994, -1647, 8691, 143344, -9467, -45404, 40344
11858.5, 1136, 4774, -1587, 8632, 143344, -11427, -46279, 40344
11862.2, 1093, 4774, -1587, 8632, 143344, -11427, -46279, 40352
11866.0, 1054, 4774, -1587, 8632, 143344, -11427, -46279, 40336
11870.2, 1121, 4988, -1387, 8120, 143344, -10885, -46366, 40336
11874.0, 1027, 4988, -1387, 8120, 143344, -10885, -46366, 40362
11878.2, 1013, 5052, -1046, 8710, 143344, -9051, -43461, 40362
11881.9, 1253, 5052, -1046, 8710, 143344, -9051, -43461, 40384
11885.7, 1171, 5052, -1046, 8710, 143344, -9051, -43461, 40352
11889.9, 1056, 4996, -1113, 9046, 143344, -11834, -39016, 40352
11893.7, 1057, 4996, -1113, 9046, 143344, -11834, -39016, 40375
11897.9, 1097, 4512, -937, 8623, 143344, -14761, -36046, 40375
11901.6, 987, 4512, -937, 8623, 143344, -14761, -36046, 40357
11903.9, 21, 4512, -937, 8623, 143344, -14761, -36046, 40357
11909.6, 1288, 4289, -912, 8467, 143344, -15632, -35582, 40151
11913.3, 1144, 4289, -912, 8467, 143344, -15632, -35582, 40357
11919.0, 1012, 4292, -754, 8373, 143344, -12867, -38321, 40323
11921.3, 22, 4292, -754, 8373, 143344, -12867, -38321, 40323
11923.5, 4, 4292, -754, 8373, 143344, -12867, -38321, 40323
11929.3, 1226, 4508, -253, 7948, 143344, -5928, -41055, 40363
11931.5, 27, 4508, -253, 7948, 143344, -5928, -41055, 40363
11935.7, 1279, 4508, -253, 7948, 143344, -5928, -41055, 40363
11939.4, 1110, 4508, -253, 7948, 143344, -5928, -41055, 40353
11941.7, 24, 4508, -253, 7948, 143344, -5928, -41055, 40353
11945.9, 1108, 4904, 110, 8614, 143283, -91, -41519, 40353
11949.6, 1103, 4904, 110, 8614, 143283, -91, -41519, 40366
11951.9, 23, 4904, 110, 8614, 143283, -91, -41519, 40366
11957.6, 1238, 4830, 385, 8952, 142964, -629, -37494, 40361
11961.3, 1089, 4830, 385, 8952, 142964, -629, -37494, 40367
11965.6, 964, 4390, 588, 7683, 142964, -629, -33766, 40367
11969.3, 1151, 4390, 588, 7683, 142964, -629, -33766, 40360
11971.5, 28, 4390, 588, 7683, 142964, -629, -33766, 40360
11975.8, 1166, 4156, 769, 8766, 141971, -11195, -32406, 40360
11979.5, 1025, 4156, 769, 8766, 141971, -11195, -32406, 40360
11981.8, 21, 4156, 769, 8766, 141971, -11195, -32406, 40360
11987.5, 1152, 4156, 846, 8603, 141607, -16883, -34514, 40323
11991.3, 1097, 4156, 846, 8603, 141607, -16883, -34514, 40356
11995.5, 1090, 4223, 1009, 7733, 141664, -13698, -37380, 40356
11999.3, 1041, 4223, 1009, 7733, 141664, -13698, -37380, 40359
12003.5, 1184, 4487, 1120, 7923, 141664, -13698, -37380, 40359
12007.2, 1167, 4487, 1120, 7923, 141664, -13698, -37380, 40358
12011.0, 1105, 4487, 1120, 7923, 141664, -13698, -37380, 40198
12015.3, 1048, 4546, 1509, 7238, 137088, 1583, -37787, 40198
12019.0, 1100, 4546, 1509, 7238, 137088, 1583, -37787, 40178
12023.3, 1066, 4594, 1862, 8302, 137088, 1583, -37787, 40178
12027.0, 1146, 4594, 1862, 8302, 137088, 1583, -37787, 40182
12030.7, 1178, 4594, 1862, 8302, 137088, 1583, -37787, 40158
12035.0, 1064, 4773, 2397, 7981, 131304, 7245, -31430, 40158
12038.7, 1141, 4773, 2397, 7981, 131304, 7245, -31430, 40144
12042.9, 1137, 4199, 2593, 6379, 131304, 7245, -31430, 40144
12046.7, 1054, 4199, 2593, 6379, 131304, 7245, -31430, 40138
12048.9, 25, 4199, 2593, 6379, 131304, 7245, -31430, 40138
12054.6, 1185, 3762, 3027, 8450, 130420, 6689, -23266, 40142
12058.4, 1065, 3762, 3027, 8450, 130420, 6689, -23266, 40118
12064.1, 1109, 3695, 2626, 8405, 130420, 6689, -26372, 40096
12067.8, 1123, 3695, 2626, 8405, 130420, 6689, -26372, 40094
12073.5, 1095, 3853, 2691, 8442, 129397, -2970, -26372, 40078
12077.2, 1170, 3853, 2691, 8442, 129397, -2970, -26372, 40085
12083.0, 1098, 3428, 2809, 7122, 126872, -4886, -28744, 40077
12086.7, 1237, 3428, 2809, 7122, 126872, -4886, -28744, 40071
12092.5, 1117, 3530, 3041, 7790, 126387, -1343, -26972, 40062
12096.2, 1045, 3530, 3041, 7790, 126387, -1343, -26972, 40064
12100.4, 1087, 3643, 2715, 6695, 124895, 3106, -27366, 40064
12104.1, 1020, 3643, 2715, 6695, 124895, 3106, -27366, 40039
12106.4, 22, 3643, 2715, 6695, 124895, 3106, -27366, 40039
12110.6, 1144, 4099, 3093, 6580, 122458, 11799, -30459, 40039
12114.3, 1025, 4099, 3093, 6580, 122458, 11799, -30459, 40033
12116.6, 22, 4099, 3093, 6580, 122458, 11799, -30459, 40033
12120.8, 1151, 3895, 3596, 6541, 118603, 22037, -32112, 40033
12124.5, 984, 3895, 3596, 6541, 118603, 22037, -32112, 40029
12126.8, 20, 3895, 3596, 6541, 118603, 22037, -32112, 40029
12131.0, 1179, 3753, 4188, 7449, 117164, 28140, -30349, 40029
12134.7, 1061, 3753, 4188, 7449, 117164, 28140, -30349, 40008
12137.0, 21, 3753, 4188, 7449, 117164, 28140, -30349, 40008
12142.7, 1149, 3453, 4491, 7636, 112977, 26876, -26442, 40018
12146.4, 1088, 3453, 4491, 7636, 112977, 26876, -26442, 40023
12150.7, 1136, 3377, 4698, 7659, 111411, 20020, -22347, 40023
12154.4, 1054, 3377, 4698, 7659, 111411, 20020, -22347, 39989
12158.6, 1103, 3317, 3976, 6771, 110527, 12053, -17955, 39989
12162.3, 1128, 3317, 3976, 6771, 110527, 12053, -17955, 40018
12166.0, 1014, 3317, 3976, 6771, 110527, 12053, -17955, 39969
12170.3, 1229, 3189, 4337, 7268, 108129, 8190, -13794, 39969
12174.0, 1046, 3189, 4337, 7268, 108129, 8190, -13794, 39978
12178.2, 1079, 3180, 4257, 7265, 107753, 4764, -9043, 39978
12182.0, 1109, 3180, 4257, 7265, 107753, 4764, -9043, 39966
12185.8, 1079, 3180, 4257, 7265, 107753, 4764, -9043, 39968
12190.0, 1019, 3652, 4414, 5934, 106047, 2235, -7735, 39968
12193.8, 1015, 3652, 4414, 5934, 106047, 2235, -7735, 39975
12198.0, 1015, 3742, 4622, 5221, 102744, 7691, -9870, 39975
12201.7, 871, 3742, 4622, 5221, 102744, 7691, -9870, 39994
12204.0, 19, 3742, 4622, 5221, 102744, 7691, -9870, 39994
12209.7, 783, 3799, 4892, 5647, 99559, 19735, -11817, 39990
12213.5, 364, 3799, 4892, 5647, 99559, 19735, -11817, 40004
12217.7, 159, 3809, 5162, 6362, 96667, 33915, -16546, 40004
12221.5, 547, 3809, 5162, 6362, 96667, 33915, -16546, 40009
12223.8, 13, 3809, 5162, 6362, 96667, 33915, -16546, 40009
12229.5, 333, 3902, 5886, 6086, 92187, 34042, -19206, 40040
12233.2, 393, 3902, 5886, 6086, 92187, 34042, -19206, 40039
12239.0, 311, 3538, 6077, 6970, 91215, 26517, -16537, 40050
12242.7, 317, 3538, 6077, 6970, 91215, 26517, -16537, 40077
12248.4, 634, 3741, 6104, 5928, 89312, 19062, -9572, 40092
12252.2, 630, 3741, 6104, 5928, 89312, 19062, -9572, 40108
12257.9, 1199, 3464, 5891, 5310, 84828, 15828, -5140, 40110
12261.6, 706, 3464, 5891, 5310, 84828, 15828, -5140, 40115
12265.9, 473, 3215, 5660, 5426, 78781, 18808, -7971, 40115
12269.6, 707, 3215, 5660, 5426, 78781, 18808, -7971, 40098
12271.9, 14, 3215, 5660, 5426, 78781, 18808, -7971, 40098
12277.6, 1012, 3775, 6066, 6444, 74787, 23152, -13470, 40093
12281.4, 1159, 3775, 6066, 6444, 74787, 23152, -13470, 40081
12285.6, 915, 3729, 6127, 6571, 66890, 22535, -14967, 40081
12289.4, 884, 3729, 6127, 6571, 66890, 22535, -14967, 40057
12291.6, 20, 3729, 6127, 6571, 66890, 22535, -14967, 40057
12295.9, 911, 3804, 6321, 5648, 66509, 17692, -10460, 40057
12299.6, 1053, 3804, 6321, 5648, 66509, 17692, -10460, 40039
12301.9, 23, 3804, 6321, 5648, 66509, 17692, -10460, 40039
12307.6, 1042, 3347, 5882, 4951, 60292, 18790, -3906, 40011
12311.4, 1257, 3347, 5882, 4951, 60292, 18790, -3906, 39990
12315.6, 839, 2263, 16074, 2358, 61456, 21319, 118, 39990
12319.4, 1456, 2263, 16074, 2358, 61456, 21319, 118, 39954
12323.6, 1139, 3618, 6156, 7113, 58026, 22942, 6046, 39954
12327.3, 1051, 3618, 6156, 7113, 58026, 22942, 6046, 39925
12331.1, 844, 3618, 6156, 7113, 58026, 22942, 6046, 39894
12335.3, 1143, 3871, 6120, 5973, 52645, 19823, 866, 39894
12339.0, 994, 3871, 6120, 5973, 52645, 19823, 866, 39875
12343.3, 1024, 3662, 5444, 4863, 45666, 22037, -3416, 39875
12347.0, 986, 3662, 5444, 4863, 45666, 22037, -3416, 39854
12350.7, 1406, 3662, 5444, 4863, 45666, 22037, -3416, 39850
12354.9, 1169, 2510, 5306, 4584, 41935, 30603, -6995, 39850
12358.7, 630, 2510, 5306, 4584, 41935, 30603, -6995, 39836
12363.0, 1344, 2720, 6040, 5150, 37472, 28087, -8417, 39836
12366.7, 1473, 2720, 6040, 5150, 37472, 28087, -8417, 39804
12369.0, 53, 2720, 6040, 5150, 37472, 28087, -8417, 39804
12374.7, 1148, 3247, 5690, 5606, 30056, 21687, -11423, 39819
12378.5, 1075, 3247, 5690, 5606, 30056, 21687, -11423, 39785
12382.7, 985, 3653, 7100, 5641, 24242, 18895, -13777, 39785
12386.5, 902, 3653, 7100, 5641, 24242, 18895, -13777, 39744
12388.8, 121, 3653, 7100, 5641, 24242, 18895, -13777, 39744
12394.5, 1142, 3747, 7733, 5738, 18930, 19700, -12517, 39782
12398.2, 1023, 3747, 7733, 5738, 18930, 19700, -12517, 39773
12404.0, 1315, 3744, 8155, 5245, 13715, 25161, -7371, 39761
12406.2, 36, 3744, 8155, 5245, 13715, 25161, -7371, 39761
12408.5, 7, 3744, 8155, 5245, 13715, 25161, -7371, 39761
12414.2, 1289, 3260, 7485, 5285, 7984, 30677, -6553, 39768
12416.5, 33, 3260, 7485, 5285, 7984, 30677, -6553, 39768
12420.7, 1131, 2843, 6458, 5330, 2533, 29671, -7468, 39768
12424.5, 1044, 2843, 6458, 5330, 2533, 29671, -7468, 39729
12426.7, 25, 2843, 6458, 5330, 2533, 29671, -7468, 39729
12431.0, 1276, 2579, 6229, 5885, -5840, 23800, -8120, 39729
12434.7, 1219, 2579, 6229, 5885, -5840, 23800, -8120, 39706
12437.0, 33, 2579, 6229, 5885, -5840, 23800, -8120, 39706
12442.7, 1318, 2952, 5888, 3877, -8715, 15308, -9611, 39708
12446.4, 1253, 2952, 5888, 3877, -8715, 15308, -9611, 39687
12450.7, 1195, 3334, 6646, 5222, -9843, 12626, -15142, 39687
12454.4, 1168, 3334, 6646, 5222, -9843, 12626, -15142, 39665
12456.6, 31, 3334, 6646, 5222, -9843, 12626, -15142, 39665
12460.9, 1261, 3868, 7570, 5574, -14372, 9113, -17189, 39665
12464.6, 1134, 3868, 7570, 5574, -14372, 9113, -17189, 39592
12466.9, 29, 3868, 7570, 5574, -14372, 9113, -17189, 39592
12472.6, 1272, 3896, 8121, 5477, -20567, 6558, -14372, 39635
12476.3, 1399, 3896, 8121, 5477, -20567, 6558, -14372, 39624
12480.6, 1138, 3311, 7957, 5820, -26582, 7455, -9060, 39624
12484.3, 1328, 3311, 7957, 5820, -26582, 7455, -9060, 39618
12488.6, 1158, 3311, 7957, 5820, -35088, 9528, -7704, 39618
12492.3, 1180, 3311, 7957, 5820, -35088, 9528, -7704, 39608
12496.0, 1200, 3311, 7957, 5820, -35088, 9528, -7704, 39577
12500.3, 1353, 2514, 6985, 5600, -41449, 7590, -9791, 39577
12504.0, 1247, 2514, 6985, 5600, -41449, 7590, -9791, 39593
12508.2, 1061, 2514, 6985, 5600, -45308, 3084, -12635, 39593
12512.0, 1211, 2514, 6985, 5600, -45308, 3084, -12635, 39566
12515.7, 1361, 2514, 6985, 5600, -45308, 3084, -12635, 39561
12519.9, 1216, 2620, 6908, 5441, -47452, -2423, -13186, 39561
12523.7, 1352, 2620, 6908, 5441, -47452, -2423, -13186, 39546
12527.9, 1180, 2620, 6908, 5441, -51013, -5096, -15505, 39546
12531.6, 1115, 2620, 6908, 5441, -51013, -5096, -15505, 39551
12533.9, 73, 2620, 6908, 5441, -51013, -5096, -15505, 39551
12539.6, 1279, 3206, 7074, 5909, -51708, -8850, -14612, 39537
12543.3, 1228, 3206, 7074, 5909, -51708, -8850, -14612, 39535
12549.0, 1202, 3150, 7290, 5730, -58118, -7590, -9563, 39511
12552.7, 1252, 3150, 7290, 5730, -58118, -7590, -9563, 39500
12558.5, 1316, 2678, 6871, 5824, -64492, -4357, -6785, 39464
12562.2, 1185, 2678, 6871, 5824, -64492, -4357, -6785, 39459
12568.0, 1359, 2678, 6871, 5824, -64492, -4357, -6785, 39458
12571.7, 1194, 2678, 6871, 5824, -64492, -4357, -6785, 39426
12575.9, 1207, 2227, 6995, 5857, -68741, -11519, -8435, 39426
12579.6, 1201, 2227, 6995, 5857, -68741, -11519, -8435, 39400
12581.9, 33, 2227, 6995, 5857, -68741, -11519, -8435, 39400
12587.6, 1406, 2134, 6920, 5645, -74993, -14490, -8618, 39376
12591.3, 1391, 2134, 6920, 5645, -74993, -14490, -8618, 39355
12595.5, 1223, 2353, 7022, 5773, -82754, -19937, -7980, 39355
12599.3, 1039, 2353, 7022, 5773, -82754, -19937, -7980, 39339
12601.5, 28, 2353, 7022, 5773, -82754, -19937, -7980, 39339
12605.8, 1450, 2700, 6999, 6098, -87663, -26849, -5617, 39339
12609.6, 1253, 2700, 6999, 6098, -87663, -26849, -5617, 39332
12611.8, 42, 2700, 6999, 6098, -87663, -26849, -5617, 39332
12617.6, 1331, 2789, 6981, 6318, -87295, -29680, 980, 39303
12621.3, 1234, 2789, 6981, 6318, -87295, -29680, 980, 39267
12625.6, 1218, 2676, 6569, 5988, -90240, -30699, 980, 39267
12629.3, 1222, 2676, 6569, 5988, -90240, -30699, 980, 39279
12631.6, 37, 2676, 6569, 5988, -90240, -30699, 980, 39279
12635.8, 1126, 2462, 6244, 6120, -94960, -31500, 1715, 39279
12639.6, 1247, 2462, 6244, 6120, -94960, -31500, 1715, 39266
12643.8, 1164, 2060, 6074, 6736, -99362, -33416, 1715, 39266
12647.5, 1127, 2060, 6074, 6736, -99362, -33416, 1715, 39254
12651.3, 1197, 2060, 6074, 6736, -99362, -33416, 1715, 39708
12655.6, 1924, 1859, 5590, 6506, -105259, -36457, -3128, 39708
12659.3, 1484, 1859, 5590, 6506, -105259, -36457, -3128, 39217
12663.5, 1191, 2124, 5483, 5696, -107797, -34462, -3128, 39217
12667.2, 1381, 2124, 5483, 5696, -107797, -34462, -3128, 39605
12670.9, 1239, 2124, 5483, 5696, -107797, -34462, -3128, 39154
12675.2, 1805, 2563, 5738, 7088, -108317, -27221, -7013, 39154
12678.9, 1340, 2563, 5738, 7088, -108317, -27221, -7013, 39607
12683.1, 1244, 3075, 5809, 7676, -110501, -30109, -7013, 39607
12686.9, 1250, 3075, 5809, 7676, -110501, -30109, -7013, 39602
12690.6, 1342, 3075, 5809, 7676, -110501, -30109, -7013, 39581
12694.8, 1299, 3037, 6085, 7813, -111450, -38483, -1312, 39581
12698.6, 1495, 3037, 6085, 7813, -111450, -38483, -1312, 39612
12702.8, 1327, 2949, 5468, 6547, -114591, -40014, 8474, 39612
12706.5, 1239, 2949, 5468, 6547, -114591, -40014, 8474, 39596
12708.8, 32, 2949, 5468, 6547, -114591, -40014, 8474, 39596
12714.5, 1178, 2837, 4647, 7248, -120441, -35346, 13260, 39586
12718.2, 1486, 2837, 4647, 7248, -120441, -35346, 13260, 39560
12724.0, 1493, 2881, 4218, 6867, -129624, -36628, 9878, 39601
12727.7, 1209, 2881, 4218, 6867, -129624, -36628, 9878, 39610
12733.4, 1303, 2687, 3839, 7970, -129130, -39038, 4274, 39600
12737.1, 1179, 2687, 3839, 7970, -129130, -39038, 4274, 39634
12742.8, 1342, 2682, 4364, 6577, -125595, -32038, 3736, 39639
12746.5, 1419, 2682, 4364, 6577, -125595, -32038, 3736, 39620
12750.8, 1248, 4010, 4323, 8112, -122414, -17329, 6623, 39620
12754.5, 1170, 4010, 4323, 8112, -122414, -17329, 6623, 39641
12756.8, 29, 4010, 4323, 8112, -122414, -17329, 6623, 39641
12761.0, 1214, 4542, 4286, 8692, -124133, -14608, 9401, 39641
12764.7, 1303, 4542, 4286, 8692, -124133, -14608, 9401, 39631
12767.0, 35, 4542, 4286, 8692, -124133, -14608, 9401, 39631
12772.7, 1290, 3821, 3935, 6958, -126723, -16178, 15312, 39652
12776.4, 1172, 3821, 3935, 6958, -126723, -16178, 15312, 39660
12780.7, 1045, 3373, 3589, 7724, -130364, -6431, 22780, 39660
12784.4, 1197, 3373, 3589, 7724, -130364, -6431, 22780, 39674
12786.6, 33, 3373, 3589, 7724, -130364, -6431, 22780, 39674
12790.9, 1077, 2927, 3041, 7925, -136515, -7945, 27191, 39674
12794.7, 1864, 2927, 3041, 7925, -136515, -7945, 27191, 39676
12798.9, 1448, 2553, 2161, 8155, -135386, -22785, 26263, 39676
12802.6, 1084, 2553, 2161, 8155, -135386, -22785, 26263, 39686
12806.4, 981, 2553, 2161, 8155, -135386, -22785, 26263, 39740
12810.6, 2033, 2738, 2431, 8838, -125070, -31518, 24447, 39740
12814.4, 1310, 2738, 2431, 8838, -125070, -31518, 24447, 39726
12818.6, 1167, 3859, 2107, 7256, -120651, -26967, 21433, 39726
12822.3, 1114, 3859, 2107, 7256, -120651, -26967, 21433, 39749
12826.0, 1144, 3859, 2107, 7256, -120651, -26967, 21433, 39772
12830.3, 1186, 4531, 2245, 8393, -117405, -14757, 16957, 39772
12834.0, 1199, 4531, 2245, 8393, -117405, -14757, 16957, 39787
12838.2, 1095, 4387, 2230, 8280, -119150, -4882, 17434, 39787
12841.9, 1151, 4387, 2230, 8280, -119150, -4882, 17434, 39801
12845.7, 1154, 4387, 2230, 8280, -119150, -4882, 17434, 39863
12849.9, 1214, 3546, 2167, 7631, -122843, 1793, 22798, 39863
12853.7, 1177, 3546, 2167, 7631, -122843, 1793, 22798, 39846
12857.9, 1153, 2579, 2054, 7953, -125665, 5901, 29492, 39846
12861.6, 1150, 2579, 2054, 7953, -125665, 5901, 29492, 39869
12863.9, 28, 2579, 2054, 7953, -125665, 5901, 29492, 39869
12869.6, 1237, 2407, 1511, 8712, -123823, 3368, 32152, 39861
12873.3, 1546, 2407, 1511, 8712, -123823, 3368, 32152, 39898
12879.0, 1167, 2798, 302, 8897, -118743, -5700, 24596, 39907
12882.7, 1080, 2798, 302, 8897, -118743, -5700, 24596, 39924
12888.5, 1253, 3499, 437, 9581, -115024, -7691, 12429, 39602
12890.7, 34, 3499, 437, 9581, -115024, -7691, 12429, 39602
12893.0, 2, 3499, 437, 9581, -115024, -7691, 12429, 39602
12898.7, 1261, 4312, 806, 8359, -116573, -1719, 7157, 39974
12900.9, 33, 4312, 806, 8359, -116573, -1719, 7157, 39974
12903.2, 3, 4312, 806, 8359, -116573, -1719, 7157, 39974
12909.0, 1237, 4085, 1147, 8747, -119089, 6816, 11821, 39974
12911.2, 30, 4085, 1147, 8747, -119089, 6816, 11821, 39974
12915.5, 1285, 3250, 1004, 8742, -119750, 15640, 21245, 39974
12919.2, 1124, 3250, 1004, 8742, -119750, 15640, 21245, 39987
12921.5, 27, 3250, 1004, 8742, -119750, 15640, 21245, 39987
12925.7, 1226, 3017, 338, 9253, -121591, 20855, 24369, 39987
12929.4, 1362, 3017, 338, 9253, -121591, 20855, 24369, 40045
12931.7, 40, 3017, 338, 9253, -121591, 20855, 24369, 40045
12935.9, 1165, 3162, -40, 9525, -124357, 13855, 19202, 40045
12939.6, 1170, 3162, -40, 9525, -124357, 13855, 19202, 40013
12941.9, 28, 3162, -40, 9525, -124357, 13855, 19202, 40013
12947.6, 1357, 3509, -561, 8706, -122821, -227, 13085, 40030
12951.3, 1128, 3509, -561, 8706, -122821, -227, 13085, 40009
12955.6, 1513, 3818, -835, 8516, -117107, -5171, 10697, 40009
12959.3, 1338, 3818, -835, 8516, -117107, -5171, 10697, 40052
12961.5, 41, 3818, -835, 8516, -117107, -5171, 10697, 40052
12965.8, 1185, 4270, -835, 9750, -111879, -288, 10202, 40052
12969.5, 1170, 4270, -835, 9750, -111879, -288, 10202, 40072
12973.7, 1164, 4750, -745, 9184, -112881, 3233, 9279, 40072
12977.5, 1173, 4750, -745, 9184, -112881, 3233, 9279, 40085
12981.2, 1182, 4750, -745, 9184, -112881, 3233, 9279, 40095
12985.4, 1305, 4176, -561, 9132, -113826, 5057, 8964, 40095
12989.1, 1201, 4176, -561, 9132, -113826, 5057, 8964, 40109
12993.3, 1227, 3198, -455, 8427, -115335, 2734, 12578, 40109
12997.1, 1181, 3198, -455, 8427, -115335, 2734, 12578, 40111
13000.8, 1150, 3198, -455, 8427, -115335, 2734, 12578, 40113
13005.1, 1159, 2843, -791, 7596, -115506, -1089, 16178, 40113
13008.8, 1305, 2843, -791, 7596, -115506, -1089, 16178, 40130
13013.0, 1334, 3501, -1459, 9522, -113204, -6273, 14341, 40130
13016.7, 1225, 3501, -1459, 9522, -113204, -6273, 14341, 40141
13020.4, 1173, 3501, -1459, 9522, -113204, -6273, 14341, 40148
13024.7, 1168, 4353, -2539, 11055, -109210, -14078, 5998, 40148
13028.4, 1550, 4353, -2539, 11055, -109210, -14078, 5998, 40158
13034.1, 1298, 5059, -2119, 8901, -110776, -18594, -2883, 40168
13037.9, 1089, 5059, -2119, 8901, -110776, -18594, -2883, 40188
13043.6, 1362, 4944, -1430, 8910, -112623, -11169, -787, 40171
13047.3, 1344, 4944, -1430, 8910, -112623, -11169, -787, 40211
13053.0, 1384, 4609, -1604, 9091, -114438, -4493, 8478, 40196
13056.7, 1234, 4609, -1604, 9091, -114438, -4493, 8478, 40213
13061.0, 1178, 4486, -2501, 8989, -114469, -3482, 14687, 40213
13064.7, 1207, 4486, -2501, 8989, -114469, -3482, 14687, 40203
13067.0, 32, 4486, -2501, 8989, -114469, -3482, 14687, 40203
13072.7, 1308, 4508, -2888, 7390, -112023, -3898, 14240, 40229
13076.4, 1158, 4508, -2888, 7390, -112023, -3898, 14240, 40174
13080.7, 1315, 4535, -2950, 8013, -113795, -9441, 12053, 40174
13084.4, 1382, 4535, -2950, 8013, -113795, -9441, 12053, 40250
13086.7, 45, 4535, -2950, 8013, -113795, -9441, 12053, 40250
13091.0, 1315, 4743, -2907, 9769, -114898, -19350, 12958, 40250
13094.7, 1210, 4743, -2907, 9769, -114898, -19350, 12958, 40251
13097.0, 31, 4743, -2907, 9769, -114898, -19350, 12958, 40251
13102.7, 1276, 5255, -3254, 9452, -115038, -29216, 16590, 40256
13106.4, 1233, 5255, -3254, 9452, -115038, -29216, 16590, 40295
13110.7, 1468, 5459, -3601, 8130, -114968, -27471, 18602, 40295
13114.4, 1232, 5459, -3601, 8130, -114968, -27471, 18602, 40277
13116.7, 34, 5459, -3601, 8130, -114968, -27471, 18602, 40277
13121.0, 1237, 5418, -3364, 7741, -113817, -15150, 18895, 40277
13124.7, 1236, 5418, -3364, 7741, -113817, -15150, 18895, 40280
13129.0, 1174, 5418, -3364, 7741, -111424, -5958, 20155, 40280
13132.8, 1144, 5418, -3364, 7741, -111424, -5958, 20155, 40275
13136.5, 1124, 5418, -3364, 7741, -111424, -5958, 20155, 40261
13140.8, 1090, 5067, -4173, 7141, -106918, -1859, 22487, 40261
13144.5, 1133, 5067, -4173, 7141, -106918, -1859, 22487, 40290
13148.7, 1122, 5067, -4173, 7141, -103606, -4248, 25546, 40290
13152.5, 1102, 5067, -4173, 7141, -103606, -4248, 25546, 40307
13156.2, 1099, 5067, -4173, 7141, -103606, -4248, 25546, 40334
13160.5, 1046, 4070, -4591, 6476, -104034, -11025, 29439, 40334
13164.2, 1084, 4070, -4591, 6476, -104034, -11025, 29439, 40292
13168.4, 1155, 4070, -4591, 6476, -104135, -19482, 31132, 40292
13172.1, 1219, 4070, -4591, 6476, -104135, -19482, 31132, 40350
13175.8, 1220, 4070, -4591, 6476, -104135, -19482, 31132, 40357
13180.1, 1050, 4184, -4097, 8324, -102910, -21398, 29767, 40357
13183.8, 1171, 4184, -4097, 8324, -102910, -21398, 29767, 40346
13188.1, 1171, 4184, -4097, 8324, -102910, -22194, 24469, 40346
13191.8, 1093, 4184, -4097, 8324, -102910, -22194, 24469, 40338
13194.1, 25, 4184, -4097, 8324, -102910, -22194, 24469, 40338
13200.2, 1099, 5424, -3186, 6862, -98810, -23262, 18777, 40363
13203.9, 1137, 5424, -3186, 6862, -98810, -23262, 18777, 40376
13208.1, 1174, 5424, -3186, 6862, -97104, -23682, 19539, 40376
13211.8, 1164, 5424, -3186, 6862, -97104, -23682, 19539, 40113
13217.6, 1223, 5440, -3055, 7530, -97104, -23682, 19539, 40411
13221.3, 1109, 5440, -3055, 7530, -97104, -23682, 19539, 40380
13225.6, 1139, 5008, -3991, 7411, -94729, -22920, 26928, 40380
13229.3, 1131, 5008, -3991, 7411, -94729, -22920, 26928, 40388
13231.6, 28, 5008, -3991, 7411, -94729, -22920, 26928, 40388
13235.8, 1148, 4574, -5226, 6945, -94125, -19626, 33088, 40388
13239.6, 1113, 4574, -5226, 6945, -94125, -19626, 33088, 40388
13241.8, 28, 4574, -5226, 6945, -94125, -19626, 33088, 40388
13247.6, 1180, 4494, -5928, 7275, -96255, -15737, 33569, 40392
13251.3, 1104, 4494, -5928, 7275, -96255, -15737, 33569, 40354
13255.5, 1344, 4579, -6441, 7898, -102114, -16349, 28984, 40354
13259.3, 1204, 4579, -6441, 7898, -102114, -16349, 28984, 40410
13261.6, 31, 4579, -6441, 7898, -102114, -16349, 28984, 40410
13265.9, 1150, 4626, -6073, 8976, -106826, -19079, 23603, 40410
13269.6, 1084, 4626, -6073, 8976, -106826, -19079, 23603, 40420
13271.9, 28, 4626, -6073, 8976, -106826, -19079, 23603, 40420
13277.6, 1384, 5047, -5847, 8905, -106738, -20072, 20956, 40497
13281.3, 1148, 5047, -5847, 8905, -106738, -20072, 20956, 40516
13285.6, 1152, 5346, -5187, 6764, -107014, -19114, 21984, 40516
13289.3, 1167, 5346, -5187, 6764, -107014, -19114, 21984, 40506
13293.5, 1196, 5280, -4833, 6254, -104927, -17714, 26171, 40506
13297.2, 1159, 5280, -4833, 6254, -104927, -17714, 26171, 40511
13301.0, 1132, 5280, -4833, 6254, -104927, -17714, 26171, 40513
13305.3, 1156, 4554, -5531, 5797, -102744, -14953, 33504, 40513
13309.0, 1152, 4554, -5531, 5797, -102744, -14953, 33504, 40542
13313.3, 1190, 3629, -6565, 5952, -100967, -13002, 39327, 40542
13317.0, 1197, 3629, -6565, 5952, -100967, -13002, 39327, 40525
13320.8, 1166, 3629, -6565, 5952, -100967, -13002, 39327, 40529
13325.0, 1058, 3104, -7200, 5730, -101339, -10561, 37971, 40529
13328.7, 1137, 3104, -7200, 5730, -101339, -10561, 37971, 40520
13332.9, 1247, 2923, -7061, 5924, -105386, -9296, 29592, 40520
13336.7, 1400, 2923, -7061, 5924, -105386, -9296, 29592, 40522
13339.0, 64, 2923, -7061, 5924, -105386, -9296, 29592, 40522
13344.7, 1150, 2884, -6391, 7331, -109158, -7739, 20134, 40509
13348.5, 1178, 2884, -6391, 7331, -109158, -7739, 20134, 40480
13352.7, 1226, 3145, -5728, 8754, -105272, -2988, 14363, 40480
13356.4, 1088, 3145, -5728, 8754, -105272, -2988, 14363, 40499
13358.7, 24, 3145, -5728, 8754, -105272, -2988, 14363, 40499
13364.5, 1293, 3960, -5397, 6032, -102468, 1203, 13339, 40487
13368.2, 1198, 3960, -5397, 6032, -102468, 1203, 13339, 40465
13373.9, 1276, 4646, -5557, 4981, -100508, 1032, 13829, 40465
13376.1, 32, 4646, -5557, 4981, -100508, 1032, 13829, 40465
13378.4, 3, 4646, -5557, 4981, -100508, 1032, 13829, 40465
13384.1, 1294, 4013, -6436, 5736, -99086, 3915, 18834, 40465
13386.3, 31, 4013, -6436, 5736, -99086, 3915, 18834, 40465
13390.6, 1163, 3627, -7448, 5566, -97664, 4278, 25441, 40465
13394.4, 1162, 3627, -7448, 5566, -97664, 4278, 25441, 40491
13396.6, 29, 3627, -7448, 5566, -97664, 4278, 25441, 40491
13400.9, 1202, 3772, -8251, 5524, -98706, -516, 26412, 40491
13404.6, 1181, 3772, -8251, 5524, -98706, -516, 26412, 40511
13406.9, 28, 3772, -8251, 5524, -98706, -516, 26412, 40511
13412.6, 1160, 3741, -7840, 5808, -103374, -5131, 22850, 40509
13416.3, 1283, 3741, -7840, 5808, -103374, -5131, 22850, 40484
13420.6, 1308, 3684, -6923, 5862, -111892, -9130, 18817, 40484
13424.3, 1186, 3684, -6923, 5862, -111892, -9130, 18817, 40511
13426.5, 32, 3684, -6923, 5862, -111892, -9130, 18817, 40511
13430.8, 1206, 3835, -6314, 8719, -114075, -6991, 16100, 40511
13434.5, 1124, 3835, -6314, 8719, -114075, -6991, 16100, 40496
13436.8, 27, 3835, -6314, 8719, -114075, -6991, 16100, 40496
13442.5, 1312, 3345, -5390, 7710, -110768, 5915, 18244, 40518
13446.3, 1175, 3345, -5390, 7710, -110768, 5915, 18244, 40520
13450.5, 1161, 3699, -5338, 4110, -111306, 13623, 24574, 40520
13454.2, 1140, 3699, -5338, 4110, -111306, 13623, 24574, 40531
13458.5, 1215, 3859, -6311, 4510, -107092, 15146, 28534, 40531
13462.2, 1180, 3859, -6311, 4510, -107092, 15146, 28534, 40523
13466.0, 1174, 3859, -6311, 4510, -107092, 15146, 28534, 40521
13470.3, 1173, 2752, -7566, 3463, -107128, 20120, 31552, 40521
13474.0, 1185, 2752, -7566, 3463, -107128, 20120, 31552, 40526
13478.3, 1178, 2549, -8557, 4375, -109525, 22754, 31023, 40526
13482.0, 1186, 2549, -8557, 4375, -109525, 22754, 31023, 40509
13485.7, 1153, 2549, -8557, 4375, -109525, 22754, 31023, 40505
13490.0, 1138, 2894, -8749, 5612, -116372, 25060, 24478, 40505
13493.7, 1237, 2894, -8749, 5612, -116372, 25060, 24478, 40481
13497.9, 1223, 3522, -8299, 6869, -124295, 24194, 16122, 40481
13501.7, 1158, 3522, -8299, 6869, -124295, 24194, 16122, 40491
13504.0, 26, 3522, -8299, 6869, -124295, 24194, 16122, 40491
13509.7, 1175, 3982, -7905, 7657, -127437, 21993, 11248, 40499
13513.5, 1192, 3982, -7905, 7657, -127437, 21993, 11248, 40545
13517.7, 1206, 3704, -7890, 4860, -125945, 27593, 13348, 40545
13521.4, 1131, 3704, -7890, 4860, -125945, 27593, 13348, 40535
13523.7, 25, 3704, -7890, 4860, -125945, 27593, 13348, 40535
13529.5, 1227, 3939, -8687, 2032, -121815, 36299, 18252, 40538
13533.2, 1185, 3939, -8687, 2032, -121815, 36299, 18252, 40561
13538.9, 1277, 3787, -9905, 1824, -115165, 39191, 19696, 40572
13541.1, 31, 3787, -9905, 1824, -115165, 39191, 19696, 40572
13543.4, 4, 3787, -9905, 1824, -115165, 39191, 19696, 40572
13549.1, 1286, 3050, -10663, 2079, -110413, 38736, 18506, 40574
13551.4, 31, 3050, -10663, 2079, -110413, 38736, 18506, 40574
13555.6, 1180, 2738, -11170, 3249, -106891, 40346, 15238, 40574
13559.4, 1152, 2738, -11170, 3249, -106891, 40346, 15238, 40530
13561.6, 27, 2738, -11170, 3249, -106891, 40346, 15238, 40530
13565.9, 1210, 2877, -11132, 3905, -106515, 38395, 10220, 40530
13569.6, 1185, 2877, -11132, 3905, -106515, 38395, 10220, 40578
13571.9, 29, 2877, -11132, 3905, -106515, 38395, 10220, 40578
13577.6, 1282, 2952, -10475, 3798, -109004, 32121, 6693, 40566
13581.3, 1154, 2952, -10475, 3798, -109004, 32121, 6693, 40565
13585.6, 1174, 2818, -9634, 3623, -112833, 34178, 6960, 40565
13589.3, 1189, 2818, -9634, 3623, -112833, 34178, 6960, 40525
13591.5, 30, 2818, -9634, 3623, -112833, 34178, 6960, 40525
13595.7, 1215, 2557, -9064, 4307, -117772, 44726, 8767, 40525
13599.5, 1162, 2557, -9064, 4307, -117772, 44726, 8767, 40543
13601.7, 29, 2557, -9064, 4307, -117772, 44726, 8767, 40543
13607.5, 1307, 2490, -9278, 4584, -120148, 53638, 9362, 40535
13611.2, 1163, 2490, -9278, 4584, -120148, 53638, 9362, 40568
13615.4, 1212, 2454, -9583, 2708, -120843, 57444, 8286, 40568
13619.1, 1195, 2454, -9583, 2708, -120843, 57444, 8286, 40580
13623.3, 1182, 2922, -9692, 1938, -120546, 58814, 7428, 40580
13627.1, 1175, 2922, -9692, 1938, -120546, 58814, 7428, 40567
13630.8, 1174, 2922, -9692, 1938, -120546, 58814, 7428, 40576
13635.0, 1178, 3422, -9869, 1329, -117737, 54968, 7253, 40576
13638.8, 1157, 3422, -9869, 1329, -117737, 54968, 7253, 40599
13643.0, 1175, 3844, -10243, 998, -114718, 42783, 6759, 40599
13646.7, 1149, 3844, -10243, 998, -114718, 42783, 6759, 40591
13650.5, 1141, 3844, -10243, 998, -114718, 42783, 6759, 40573
13654.7, 1192, 4048, -10277, 828, -110313, 33373, 6715, 40573
13658.4, 1174, 4048, -10277, 828, -110313, 33373, 6715, 40605
13664.1, 1247, 3733, -10551, 1082, -105071, 32909, 7831, 40518
13667.9, 1148, 3733, -10551, 1082, -105071, 32909, 7831, 40606
13673.6, 1213, 3183, -10595, 1087, -101838, 38334, 9025, 40560
13677.3, 1147, 3183, -10595, 1087, -101838, 38334, 9025, 40586
13683.0, 1192, 2514, -10243, 1156, -100560, 45417, 10303, 40584
13686.7, 1094, 2514, -10243, 1156, -100560, 45417, 10303, 40577
13689.0, 26, 2514, -10243, 1156, -100560, 45417, 10303, 40577
13694.7, 1223, 2181, -10366, 2103, -100491, 48838, 10578, 40581
13698.5, 1141, 2181, -10366, 2103, -100491, 48838, 10578, 40566
13702.7, 1157, 2341, -10263, 2870, -101234, 44945, 8194, 40566
13706.5, 1120, 2341, -10263, 2870, -101234, 44945, 8194, 40504
13710.8, 1130, 2341, -10263, 2870, -99375, 35879, 4886, 40504
13714.5, 1153, 2341, -10263, 2870, -99375, 35879, 4886, 40560
13716.8, 28, 2341, -10263, 2870, -99375, 35879, 4886, 40560
13721.0, 1164, 2481, -10292, 1284, -97813, 24447, 4178, 40560
13724.7, 1146, 2481, -10292, 1284, -97813, 24447, 4178, 40518
13727.0, 25, 2481, -10292, 1284, -97813, 24447, 4178, 40518
13732.7, 1250, 2559, -9869, 268, -95765, 14227, 6164, 40544
13736.4, 1130, 2559, -9869, 268, -95765, 14227, 6164, 40545
13740.7, 1154, 2559, -9869, 258, -92668, 6737, 7603, 40545
13744.4, 1134, 2559, -9869, 258, -92668, 6737, 7603, 40556
13746.6, 27, 2559, -9869, 258, -92668, 6737, 7603, 40556
13750.9, 1155, 2549, -10275, -260, -88748, 4383, 7135, 40556
13754.6, 1133, 2549, -10275, -260, -88748, 4383, 7135, 40524
13756.9, 25, 2549, -10275, -260, -88748, 4383, 7135, 40524
13762.6, 1250, 2319, -10442, -722, -84447, 4961, 6391, 40571
13766.3, 1120, 2319, -10442, -722, -84447, 4961, 6391, 40560
13770.6, 1133, 2123, -10442, -581, -79897, 6321, 7323, 40560
13774.3, 1128, 2123, -10442, -581, -79897, 6321, 7323, 40568
13778.6, 1120, 2123, -10442, -581, -79897, 6321, 7323, 40568
13782.3, 1144, 2123, -10442, -581, -79897, 6321, 7323, 40612
13786.1, 1115, 2123, -10442, -581, -79897, 6321, 7323, 40585
13790.3, 1165, 1717, -10283, -473, -67791, 4011, 9979, 40585
13794.0, 1116, 1717, -10283, -473, -67791, 4011, 9979, 40598
13798.3, 1147, 1717, -10283, -473, -67791, 4011, 9979, 40598
13802.0, 1121, 1717, -10283, -473, -67791, 4011, 9979, 40598
13805.7, 1148, 1717, -10283, -473, -67791, 4011, 9979, 40591
13809.9, 1151, 1712, -10522, -522, -57295, -4790, 4235, 40591
13813.7, 1117, 1712, -10522, -522, -57295, -4790, 4235, 40594
13817.9, 1162, 1844, -10522, -522, -57295, -4790, 4235, 40594
13821.6, 1101, 1844, -10522, -522, -57295, -4790, 4235, 40591
13823.9, 25, 1844, -10522, -522, -57295, -4790, 4235, 40591
13829.6, 1182, 2136, -10105, -801, -44380, -14866, 2349, 40603
13833.3, 1115, 2136, -10105, -801, -44380, -14866, 2349, 40601
13839.0, 1155, 2385, -10105, -801, -38929, -20772, 4436, 40603
13842.8, 1078, 2385, -10105, -801, -38929, -20772, 4436, 40600
13848.5, 1168, 2639, -9844, -617, -38929, -25891, 5910, 40616
13852.2, 1093, 2639, -9844, -617, -38929, -25891, 5910, 40642
13858.0, 1202, 2761, -9842, -635, -34116, -25891, 5910, 40621
13861.7, 1043, 2761, -9842, -635, -34116, -25891, 5910, 40630
13865.9, 1121, 2662, -10151, -663, -28591, -26451, 5495, 40630
13869.6, 1094, 2662, -10151, -663, -28591, -26451, 5495, 40606
13871.9, 23, 2662, -10151, -663, -28591, -26451, 5495, 40606
13877.6, 1164, 2051, -10149, -596, -25580, -20239, 4125, 40639
13881.3, 1050, 2051, -10149, -596, -25580, -20239, 4125, 40587
13885.6, 1116, 1961, -10158, -147, -21249, -10141, 3666, 40587
13889.3, 1099, 1961, -10158, -147, -21249, -10141, 3666, 40645
13891.5, 24, 1961, -10158, -147, -21249, -10141, 3666, 40645
13895.8, 1136, 2195, -10363, -362, -17019, 74, 4410, 40645
13899.6, 1060, 2195, -10363, -362, -17019, 74, 4410, 40745
13901.9, 21, 2195, -10363, -362, -17019, 74, 4410, 40745
13907.6, 1142, 2449, -10560, -304, -12285, 4567, 4615, 40781
13911.3, 1099, 2449, -10560, -304, -12285, 4567, 4615, 40756
13915.5, 1137, 2624, -10314, -448, -6925, 2966, 1903, 40756
13919.3, 1050, 2624, -10314, -448, -6925, 2966, 1903, 40778
13921.5, 23, 2624, -10314, -448, -6925, 2966, 1903, 40778
13925.8, 1107, 2370, -10258, -476, -1124, 131, -1701, 40778
13929.5, 1118, 2370, -10258, -476, -1124, 131, -1701, 40785
13933.7, 1110, 2032, -10164, -106, 4204, -5092, -4086, 40785
13937.5, 1061, 2032, -10164, -106, 4204, -5092, -4086, 40768
13941.2, 1128, 2032, -10164, -106, 4204, -5092, -4086, 40801
13945.4, 1110, 1841, -10341, 307, 10692, -14997, -5473, 40801
13949.1, 1041, 1841, -10341, 307, 10692, -14997, -5473, 40813
13953.3, 1063, 2027, -10586, -140, 16428, -25187, -6396, 40813
13957.1, 1120, 2027, -10586, -140, 16428, -25187, -6396, 40831
13960.9, 1086, 2027, -10586, -140, 16428, -25187, -6396, 40839
13965.2, 1052, 2099, -10540, -319, 23240, -26263, -6715, 40839
13968.9, 1086, 2099, -10540, -319, 23240, -26263, -6715, 40846
13973.1, 1115, 2154, -10428, -775, 30463, -19600, -5901, 40846
13976.8, 1104, 2154, -10428, -775, 30463, -19600, -5901, 40871
13980.6, 1094, 2154, -10428, -775, 30463, -19600, -5901, 40876
13984.8, 1104, 2256, -10467, -343, 35853, -14092, -5110, 40876
13988.6, 1054, 2256, -10467, -343, 35853, -14092, -5110, 40868
13992.8, 1104, 1963, -10788, 666, 40574, -14507, -5884, 40868
13996.5, 1071, 1963, -10788, 666, 40574, -14507, -5884, 40887
13998.8, 25, 1963, -10788, 666, 40574, -14507, -5884, 40887
14004.5, 1151, 1944, -10936, 1248, 45386, -23638, -8089, 40887
14008.2, 1090, 1944, -10936, 1248, 45386, -23638, -8089, 40900
14014.0, 1114, 2443, -10730, 971, 49097, -34532, -9051, 40875
14017.7, 1049, 2443, -10730, 971, 49097, -34532, -9051, 40914
14023.4, 1203, 3075, -10566, 535, 52846, -38894, -6313, 40927
14027.1, 1107, 3075, -10566, 535, 52846, -38894, -6313, 40940
14032.8, 1137, 3108, -11081, -68, 58735, -35241, -2358, 40948
14036.5, 1012, 3108, -11081, -68, 58735, -35241, -2358, 40954
14040.8, 1093, 2669, -11456, -1205, 65665, -26456, -2025, 40954
14044.5, 1080, 2669, -11456, -1205, 65665, -26456, -2025, 40960
14046.8, 22, 2669, -11456, -1205, 65665, -26456, -2025, 40960
14051.0, 1108, 2283, -11072, -1449, 72499, -14656, -5967, 40960
14054.7, 1036, 2283, -11072, -1449, 72499, -14656, -5967, 40964
14057.0, 20, 2283, -11072, -1449, 72499, -14656, -5967, 40964
14062.7, 1161, 2369, -10550, 320, 78571, -7428, -9323, 40969
14066.4, 1095, 2369, -10550, 320, 78571, -7428, -9323, 40977
14070.7, 1121, 2690, -10387, 2097, 83883, -12928, -8106, 40977
14074.4, 1021, 2690, -10387, 2097, 83883, -12928, -8106, 40991
14076.7, 20, 2690, -10387, 2097, 83883, -12928, -8106, 40991
14081.0, 1064, 2999, -10523, 2198, 88166, -25471, -4401, 40991
14084.7, 1131, 2999, -10523, 2198, 88166, -25471, -4401, 40993
14088.9, 1133, 2932, -10815, 1841, 90196, -32270, -2362, 40993
14092.7, 1062, 2932, -10815, 1841, 90196, -32270, -2362, 40993
14096.4, 1090, 2932, -10815, 1841, 90196, -32270, -2362, 41010
14100.7, 1115, 2724, -10569, 1551, 92156, -33793, -3053, 41010
14104.4, 1117, 2724, -10569, 1551, 92156, -33793, -3053, 40999
14108.6, 1124, 2712, -10393, 1918, 94838, -31233, -4672, 40999
14112.3, 1035, 2712, -10393, 1918, 94838, -31233, -4672, 41000
14116.1, 1033, 2712, -10393, 1918, 94838, -31233, -4672, 41023
14120.3, 1085, 2696, -10343, 1949, 98167, -24299, -6391, 41023
14124.0, 1135, 2696, -10343, 1949, 98167, -24299, -6391, 41016
14128.2, 1119, 2529, -10188, 1851, 102577, -16520, -8360, 41016
14132.0, 1031, 2529, -10188, 1851, 102577, -16520, -8360, 41026
14135.8, 1080, 2529, -10188, 1851, 102577, -16520, -8360, 41053
14140.0, 1069, 2402, -10236, 2599, 106594, -14376, -10482, 41053
14143.8, 1046, 2402, -10236, 2599, 106594, -14376, -10482, 41027
14148.0, 1093, 2685, -10227, 2955, 111135, -21927, -13028, 41027
14151.7, 1063, 2685, -10227, 2955, 111135, -21927, -13028, 41013
14154.0, 24, 2685, -10227, 2955, 111135, -21927, -13028, 41013
14159.7, 1144, 3115, -10360, 3291, 114359, -36680, -14875, 41035
14163.5, 1108, 3115, -10360, 3291, 114359, -36680, -14875, 41044
14167.7, 1088, 3427, -10083, 3031, 116556, -46541, -14175, 41044
14171.4, 1044, 3427, -10083, 3031, 116556, -46541, -14175, 41031
14173.7, 22, 3427, -10083, 3031, 116556, -46541, -14175, 41031
14179.4, 1130, 3512, -9876, 3029, 119850, -41650, -11554, 41059
14183.1, 1104, 3512, -9876, 3029, 119850, -41650, -11554, 41028
14188.8, 1214, 3439, -10092, 2974, 121040, -30087, -10732, 41020
14191.1, 28, 3439, -10092, 2974, 121040, -30087, -10732, 41020
14193.3, 3, 3439, -10092, 2974, 121040, -30087, -10732, 41020
14199.0, 1176, 3020, -10287, 2868, 123267, -17443, -13553, 41043
14201.3, 26, 3020, -10287, 2868, 123267, -17443, -13553, 41043
14205.5, 1105, 2636, -10028, 3144, 127244, -5635, -18012, 41043
14209.2, 1057, 2636, -10028, 3144, 127244, -5635, -18012, 41043
14211.5, 22, 2636, -10028, 3144, 127244, -5635, -18012, 41043
14215.7, 1153, 2662, -9990, 3464, 130867, -4471, -22920, 41043
14219.4, 1159, 2662, -9990, 3464, 130867, -4471, -22920, 41043
14221.7, 24, 2662, -9990, 3464, 130867, -4471, -22920, 41043
14225.9, 1097, 2823, -9686, 4219, 134144, -10609, -25716, 41043
14229.6, 1076, 2823, -9686, 4219, 134144, -10609, -25716, 40900
14231.9, 23, 2823, -9686, 4219, 134144, -10609, -25716, 40900
14237.6, 1129, 2986, -9479, 4385, 137980, -16130, -25147, 41054
14241.3, 1113, 2986, -9479, 4385, 137980, -16130, -25147, 41050
14245.6, 1150, 3209, -9190, 4445, 140107, -18060, -22549, 41050
14249.3, 1057, 3209, -9190, 4445, 140107, -18060, -22549, 41062
14251.6, 22, 3209, -9190, 4445, 140107, -18060, -22549, 41062
14255.9, 1077, 3266, -9351, 4472, 141660, -16708, -21555, 41062
14259.6, 1097, 3266, -9351, 4472, 141660, -16708, -21555, 41063
14263.8, 1154, 3125, -9435, 3945, 142224, -12499, -22430, 41063
14267.6, 1047, 3125, -9435, 3945, 142224, -12499, -22430, 41063
14271.3, 1098, 3125, -9435, 3945, 142224, -12499, -22430, 41071
14275.6, 1167, 3095, -9461, 4686, 143082, -4427, -24732, 41071
14279.3, 1102, 3095, -9461, 4686, 143082, -4427, -24732, 41059
14283.6, 1134, 3348, -9805, 5378, 143344, 419, -28188, 41059
14287.3, 1086, 3348, -9805, 5378, 143344, 419, -28188, 41064
14291.1, 1023, 3348, -9805, 5378, 143344, 419, -28188, 41064
14295.3, 1142, 3502, -9733, 5165, 143344, -691, -31728, 41064
14299.1, 1128, 3502, -9733, 5165, 143344, -691, -31728, 41057
14303.3, 1155, 3555, -9256, 4928, 143344, 498, -33758, 41057
14307.0, 1073, 3555, -9256, 4928, 143344, 498, -33758, 41067
14310.8, 1084, 3555, -9256, 4928, 143344, 498, -33758, 41064
14315.0, 1177, 3532, -8986, 4810, 143344, 993, -33762, 41064
14318.7, 1128, 3532, -8986, 4810, 143344, 993, -33762, 41069
14322.9, 1089, 3682, -8730, 5763, 143344, 419, -32616, 41069
14326.7, 1056, 3682, -8730, 5763, 143344, 419, -32616, 41069
14329.0, 24, 3682, -8730, 5763, 143344, 419, -32616, 41069
14334.7, 1157, 3702, -8429, 5783, 143344, -1846, -31710, 41085
14338.5, 1132, 3702, -8429, 5783, 143344, -1846, -31710, 41081
14342.7, 1095, 3759, -8222, 6051, 143344, -3727, -31373, 41081
14346.4, 1019, 3759, -8222, 6051, 143344, -3727, -31373, 41076
14348.7, 22, 3759, -8222, 6051, 143344, -3727, -31373, 41076
14354.5, 1231, 3572, -7955, 5909, 143344, -2782, -31644, 41079
14356.7, 28, 3572, -7955, 5909, 143344, -2782, -31644, 41079
14360.9, 1148, 3572, -7955, 5909, 143344, 1382, -32869, 41079
14364.6, 1118, 3572, -7955, 5909, 143344, 1382, -32869, 41074
14366.9, 24, 3572, -7955, 5909, 143344, 1382, -32869, 41074
14372.6, 1161, 3262, -7934, 6244, 143344, 8141, -35411, 41070
14376.3, 1083, 3262, -7934, 6244, 143344, 8141, -35411, 41039
14380.5, 1145, 2986, -7641, 5892, 143344, 8141, -39660, 41039
14384.3, 1109, 2986, -7641, 5892, 143344, 8141, -39660, 41064
14386.5, 25, 2986, -7641, 5892, 143344, 8141, -39660, 41064
14390.8, 1137, 2915, -7275, 6292, 143344, 16117, -44433, 41064
14394.6, 1045, 2915, -7275, 6292, 143344, 16117, -44433, 41069
14396.9, 21, 2915, -7275, 6292, 143344, 16117, -44433, 41069
14402.6, 1228, 3321, -7202, 7315, 143344, 6510, -48287, 41056
14406.3, 1195, 3321, -7202, 7315, 143344, 6510, -48287, 41063
14410.6, 1162, 3789, -6588, 7315, 143344, -472, -48165, 41063
14414.3, 1006, 3789, -6588, 7315, 143344, -472, -48165, 41058
14416.5, 23, 3789, -6588, 7315, 143344, -472, -48165, 41058
14420.8, 1209, 3891, -6082, 7365, 143344, 8898, -45802, 41058
14424.6, 1129, 3891, -6082, 7365, 143344, 8898, -45802, 41020
14428.8, 1124, 3614, -5931, 7365, 143344, 8898, -45802, 41020
14432.5, 1039, 3614, -5931, 7365, 143344, 8898, -45802, 41072
14436.3, 1120, 3614, -5931, 7365, 143344, 8898, -45802, 41072
14440.5, 1134, 2898, -5862, 6780, 143344, 39751, -49355, 41072
14444.3, 1132, 2898, -5862, 6780, 143344, 39751, -49355, 41038
14448.5, 1134, 1959, -5535, 6780, 143344, 39751, -49355, 41038
14452.2, 945, 1959, -5535, 6780, 143344, 39751, -49355, 41030
14456.0, 1089, 1959, -5535, 6780, 143344, 39751, -49355, 41021
14460.3, 1192, 2242, -5342, 8355, 143344, 26281, -61530, 41021
14464.0, 1299, 2242, -5342, 8355, 143344, 26281, -61530, 41028
14468.3, 1113, 3742, -5224, 8355, 143344, 26281, -61530, 41028
14472.0, 1009, 3742, -5224, 8355, 143344, 26281, -61530, 41039
14475.7, 1053, 3742, -5224, 8355, 143344, 26281, -61530, 41039
14480.0, 1122, 5597, -4963, 7987, 143344, -31163, -59194, 41039
14483.7, 1159, 5597, -4963, 7987, 143344, -31163, -59194, 41037
14488.0, 1089, 6741, -4362, 7987, 143344, -31163, -59194, 41037
14491.8, 1056, 6741, -4362, 7987, 143344, -31163, -59194, 41018
14495.5, 1119, 6741, -4362, 7987, 143344, -31163, -59194, 41051
14499.8, 1041, 5861, -3836, 7194, 143344, -14205, -28608, 41051
14503.5, 1000, 5861, -3836, 7194, 143344, -14205, -28608, 41032
14507.8, 1230, 4538, -3591, 7194, 143344, -14205, -28608, 41032
14511.5, 1104, 4538, -3591, 7194, 143344, -14205, -28608, 41010
14515.7, 1133, 3479, -3946, 7919, 143344, 5250, -23113, 41010
14519.4, 1167, 3479, -3946, 7919, 143344, 5250, -23113, 41065
14521.7, 27, 3479, -3946, 7919, 143344, 5250, -23113, 41065
14525.9, 1109, 3172, -4116, 8258, 143344, 14411, -31023, 41065
14529.6, 1083, 3172, -4116, 8258, 143344, 14411, -31023, 41011
14531.9, 25, 3172, -4116, 8258, 143344, 14411, -31023, 41011
14537.6, 1223, 3635, -3875, 8431, 143344, 9485, -44144, 40986
14541.3, 1343, 3635, -3875, 8431, 143344, 9485, -44144, 40972
14545.6, 1079, 4124, -3281, 9260, 143344, -5613, -51236, 40972
14549.3, 1082, 4124, -3281, 9260, 143344, -5613, -51236, 41001
14551.5, 25, 4124, -3281, 9260, 143344, -5613, -51236, 41001
14555.8, 1163, 4829, -2593, 9080, 143344, -19018, -46843, 41001
14559.6, 1053, 4829, -2593, 9080, 143344, -19018, -46843, 40976
14561.8, 23, 4829, -2593, 9080, 143344, -19018, -46843, 40976
14567.6, 1290, 5206, -2408, 8831, 143344, -22295, -38443, 40981
14571.3, 1498, 5206, -2408, 8831, 143344, -22295, -38443, 40975
14575.5, 1098, 4503, -2166, 7802, 143344, -18095, -32791, 40975
14579.6, 680, 4503, -2166, 7802, 143344, -18095, -32791, 40973
14583.9, 1161, 3784, -2076, 8455, 143344, -5613, -31150, 40973
14587.6, 785, 3784, -2076, 8455, 143344, -5613, -31150, 40975
14591.4, 1168, 3784, -2076, 8455, 143344, -5613, -31150, 41009
14595.6, 1537, 3661, -2100, 7628, 143344, 2275, -35976, 41009
14599.4, 1110, 3661, -2100, 7628, 143344, 2275, -35976, 40962
14603.6, 1030, 3690, -1694, 9302, 143344, -783, -44437, 40962
14607.3, 1005, 3690, -1694, 9302, 143344, -783, -44437, 40960
14611.0, 1641, 3690, -1694, 9302, 143344, -783, -44437, 40957
14615.3, 1305, 3921, -1085, 9028, 143344, -12657, -49127, 40957
14619.0, 1128, 3921, -1085, 9028, 143344, -12657, -49127, 40951
14623.2, 1037, 4433, -684, 8403, 143344, -18839, -48344, 40951
14627.0, 995, 4433, -684, 8403, 143344, -18839, -48344, 40940
14630.8, 1115, 4433, -684, 8403, 143344, -18839, -48344, 40940
14635.0, 1085, 4633, -337, 9292, 143344, -11790, -44625, 40940
14638.8, 909, 4633, -337, 9292, 143344, -11790, -44625, 40924
14643.0, 1489, 4640, -163, 8572, 143344, -5617, -40285, 40924
14646.7, 1109, 4640, -163, 8572, 143344, -5617, -40285, 40924
14649.0, 24, 4640, -163, 8572, 143344, -5617, -40285, 40924
14654.7, 1216, 4021, 44, 8364, 143344, 2415, -37748, 40924
14658.5, 1055, 4021, 44, 8364, 143344, 2415, -37748, 40926
14662.7, 987, 3329, -264, 8383, 143344, 11812, -36203, 40926
14666.5, 1022, 3329, -264, 8383, 143344, 11812, -36203, 40926
14668.8, 22, 3329, -264, 8383, 143344, 11812, -36203, 40926
14674.5, 1201, 3406, -539, 8366, 143344, 12118, -38771, 40921
14676.8, 28, 3406, -539, 8366, 143344, 12118, -38771, 40921
14681.0, 1299, 3747, 15, 8593, 143344, 6422, -43536, 40921
14684.7, 1040, 3747, 15, 8593, 143344, 6422, -43536, 40883
14687.0, 21, 3747, 15, 8593, 143344, 6422, -43536, 40883
14692.7, 1228, 4149, 754, 8782, 143344, 839, -44787, 40931
14696.4, 1045, 4149, 754, 8782, 143344, 839, -44787, 40905
14700.6, 1141, 4271, 1280, 8315, 143344, -774, -41134, 40905
14704.4, 1079, 4271, 1280, 8315, 143344, -774, -41134, 40902
14706.6, 26, 4271, 1280, 8315, 143344, -774, -41134, 40902
14710.9, 1217, 3929, 1743, 8360, 143344, 5744, -36768, 40902
14714.7, 1054, 3929, 1743, 8360, 143344, 5744, -36768, 40882
14717.0, 23, 3929, 1743, 8360, 143344, 5744, -36768, 40882
14722.7, 1122, 3507, 1840, 7881, 143344, 11992, -32546, 40876
14726.4, 913, 3507, 1840, 7881, 143344, 11992, -32546, 40872
14730.7, 1253, 3342, 1708, 8100, 143344, 17054, -30651, 40872
14734.5, 1158, 3342, 1708, 8100, 143344, 17054, -30651, 40871
14738.7, 1133, 3292, 1619, 7828, 143344, 16406, -31369, 40871
14742.5, 1003, 3292, 1619, 7828, 143344, 16406, -31369, 40883
14746.3, 1230, 3292, 1619, 7828, 143344, 16406, -31369, 40848
14750.5, 1139, 3186, 2143, 9028, 143344, 9222, -32541, 40848
14754.3, 1031, 3186, 2143, 9028, 143344, 9222, -32541, 40832
14758.5, 1086, 3147, 2129, 7124, 143344, 953, -33403, 40832
14762.2, 1129, 3147, 2129, 7124, 143344, 953, -33403, 40824
14766.0, 1150, 3147, 2129, 7124, 143344, 953, -33403, 40790
14770.2, 1150, 3627, 2312, 7667, 143344, 3731, -35862, 40790
14774.0, 1100, 3627, 2312, 7667, 143344, 3731, -35862, 40810
14778.2, 1128, 3949, 2504, 8194, 143344, 13549, -37643, 40810
14781.9, 1034, 3949, 2504, 8194, 143344, 13549, -37643, 40814
14785.6, 1137, 3949, 2504, 8194, 143344, 13549, -37643, 40795
14789.9, 1196, 3753, 2942, 7124, 143344, 23918, -37752, 40795
14793.6, 1131, 3753, 2942, 7124, 143344, 23918, -37752, 40802
14797.8, 1124, 3451, 3487, 7019, 143344, 32756, -33491, 40802
14801.6, 1096, 3451, 3487, 7019, 143344, 32756, -33491, 40758
14803.9, 24, 3451, 3487, 7019, 143344, 32756, -33491, 40758
14809.5, 1178, 2447, 3821, 7383, 143344, 32231, -27733, 40781
14813.3, 1148, 2447, 3821, 7383, 143344, 32231, -27733, 40766
14819.0, 1147, 2782, 3736, 7012, 143344, 24509, -24964, 40756
14822.7, 1097, 2782, 3736, 7012, 143344, 24509, -24964, 40749
14828.4, 1217, 2814, 3872, 7468, 143344, 20370, -30187, 40733
14832.2, 963, 2814, 3872, 7468, 143344, 20370, -30187, 40683
14837.9, 1210, 3398, 3813, 7197, 143344, 15303, -37538, 40727
14841.6, 934, 3398, 3813, 7197, 143344, 15303, -37538, 40712
14845.8, 1142, 3674, 4357, 6158, 143344, 20952, -39156, 40712
14849.6, 1252, 3674, 4357, 6158, 143344, 20952, -39156, 40686
14851.8, 32, 3674, 4357, 6158, 143344, 20952, -39156, 40686
14857.6, 1138, 4035, 4884, 5863, 142850, 34759, -34068, 40924
14861.3, 876, 4035, 4884, 5863, 142850, 34759, -34068, 40700
14865.6, 1124, 3826, 4773, 6559, 139691, 49976, -27156, 40700
14869.3, 1112, 3826, 4773, 6559, 139691, 49976, -27156, 40659
14871.6, 28, 3826, 4773, 6559, 139691, 49976, -27156, 40659
14875.8, 1087, 3125, 5100, 7089, 134078, 54491, -21367, 40659
14879.6, 1033, 3125, 5100, 7089, 134078, 54491, -21367, 40651
14881.8, 26, 3125, 5100, 7089, 134078, 54491, -21367, 40651
14887.6, 1123, 2721, 4782, 6716, 132105, 46927, -18690, 40665
14891.3, 1056, 2721, 4782, 6716, 132105, 46927, -18690, 40618
14895.6, 1160, 2109, 4632, 6313, 131081, 39095, -16349, 40618
14899.3, 1088, 2109, 4632, 6313, 131081, 39095, -16349, 40609
14901.6, 27, 2109, 4632, 6313, 131081, 39095, -16349, 40609
14905.8, 1044, 2215, 4491, 6445, 126338, 28875, -15728, 40609
14909.6, 984, 2215, 4491, 6445, 126338, 28875, -15728, 40596
14913.8, 1115, 2215, 4491, 6662, 121381, 18445, -17128, 40596
14917.5, 1187, 2215, 4491, 6662, 121381, 18445, -17128, 40556
14921.2, 1133, 2215, 4491, 6662, 121381, 18445, -17128, 40553
14925.5, 1052, 3241, 4908, 5478, 114889, 10268, -17714, 40553
14929.2, 1060, 3241, 4908, 5478, 114889, 10268, -17714, 40538
14933.4, 1096, 3241, 4908, 6519, 112294, 10224, -15955, 40538
14937.1, 1058, 3241, 4908, 6519, 112294, 10224, -15955, 40523
14940.9, 1105, 3241, 4908, 6519, 112294, 10224, -15955, 40531
14945.1, 1152, 3638, 5757, 4996, 102083, 6663, -9108, 40531
14948.9, 1042, 3638, 5757, 4996, 102083, 6663, -9108, 40479
14953.1, 1097, 3638, 5757, 4099, 92642, 14411, -3421, 40479
14956.8, 909, 3638, 5757, 4099, 92642, 14411, -3421, 40492
14960.6, 915, 3638, 5757, 4099, 92642, 14411, -3421, 40473
14964.8, 1112, 3492, 6546, 5021, 85226, 27029, -1369, 40473
14968.5, 824, 3492, 6546, 5021, 85226, 27029, -1369, 40824
14972.8, 734, 3492, 6546, 5021, 81818, 21140, 2826, 40824
14976.5, 936, 3492, 6546, 5021, 81818, 21140, 2826, 40453
14978.8, 22, 3492, 6546, 5021, 81818, 21140, 2826, 40453
14984.5, 978, 2553, 6055, 5199, 74004, 11847, 11738, 40447
14988.3, 931, 2553, 6055, 5199, 74004, 11847, 11738, 40365
14994.0, 1018, 2553, 6055, 80, 67537, 20059, 16095, 40411
14996.3, 26, 2553, 6055, 80, 67537, 20059, 16095, 40411
14998.5, 3, 2553, 6055, 80, 67537, 20059, 16095, 40411
15004.3, 1043, 2505, 5781, 5084, 56980, 25055, 19840, 40378
15006.5, 24, 2505, 5781, 5084, 56980, 25055, 19840, 40378
15010.8, 1079, 2505, 5781, 5084, 56980, 25055, 19840, 40378
15014.5, 1034, 2505, 5781, 5084, 56980, 25055, 19840, 39284
15016.8, 26, 2505, 5781, 5084, 56980, 25055, 19840, 39284
15022.5, 1409, 2803, 6457, 4648, 53200, 25926, 15575, 39224
15026.2, 1033, 2803, 6457, 4648, 53200, 25926, 15575, 39163
15030.5, 1130, 1861, 7022, 6071, 44350, 19285, 10670, 39163
15034.2, 1131, 1861, 7022, 6071, 44350, 19285, 10670, 39113
15036.5, 30, 1861, 7022, 6071, 44350, 19285, 10670, 39113
15040.7, 1064, 2456, 6043, 4438, 37756, 15308, 6291, 39113
15044.4, 1160, 2456, 6043, 4438, 37756, 15308, 6291, 39050
15046.7, 31, 2456, 6043, 4438, 37756, 15308, 6291, 39050
15050.9, 1134, 2455, 7222, 4412, 37533, 18957, 2865, 39050
15054.6, 1111, 2455, 7222, 4412, 37533, 18957, 2865, 38981
15058.9, 1092, 3035, 7484, 4012, 29474, 18957, 2865, 38981
15062.6, 1101, 3035, 7484, 4012, 29474, 18957, 2865, 38929
15066.4, 1081, 3035, 7484, 4012, 29474, 18957, 2865, 38873
15070.6, 1111, 2970, 6982, 6005, 20252, 24285, 1133, 38873
15074.4, 1165, 2970, 6982, 6005, 20252, 24285, 1133, 38807
15078.6, 1184, 2962, 7722, 2420, 14245, 24285, 1133, 38807
15082.3, 1047, 2962, 7722, 2420, 14245, 24285, 1133, 38717
15086.1, 1183, 2962, 7722, 2420, 14245, 24285, 1133, 38587
15090.3, 1100, 2786, 7674, 3634, 15548, 36068, -6838, 38587
15094.1, 1060, 2786, 7674, 3634, 15548, 36068, -6838, 38502
15098.3, 1150, 2462, 7487, 5425, 15605, 36068, -6838, 38502
15102.0, 1166, 2462, 7487, 5425, 15605, 36068, -6838, 38399
15105.7, 1085, 2462, 7487, 5425, 15605, 36068, -6838, 38308
15110.0, 1100, 2700, 7808, 4721, 10832, 25414, -11401, 38308
15113.7, 1112, 2700, 7808, 4721, 10832, 25414, -11401, 38239
15117.9, 1166, 2447, 8414, 4838, 3049, 18344, -11401, 38239
15121.7, 1012, 2447, 8414, 4838, 3049, 18344, -11401, 38140
15124.0, 22, 2447, 8414, 4838, 3049, 18344, -11401, 38140
15129.7, 1152, 2682, 8204, 5059, -3906, 13785, -13055, 38078
15133.5, 1097, 2682, 8204, 5059, -3906, 13785, -13055, 38025
15137.7, 1164, 2651, 8258, 4852, -9511, 8876, -13055, 38025
15141.4, 1034, 2651, 8258, 4852, -9511, 8876, -13055, 37928
15143.7, 23, 2651, 8258, 4852, -9511, 8876, -13055, 37928
15149.5, 1196, 2968, 7894, 4604, -14183, 2375, -14288, 37853
15153.2, 1115, 2968, 7894, 4604, -14183, 2375, -14288, 37788
15158.9, 1218, 2961, 8076, 5152, -18804, 2375, -14288, 37808
15161.1, 30, 2961, 8076, 5152, -18804, 2375, -14288, 37808
15163.5, 5, 2961, 8076, 5152, -18804, 2375, -14288, 37808
15169.2, 1249, 3378, 7737, 4910, -23030, -3180, -15505, 37768
15171.4, 31, 3378, 7737, 4910, -23030, -3180, -15505, 37768
15175.7, 1130, 3616, 8025, 5003, -26985, -7293, -16699, 37768
15179.4, 1139, 3616, 8025, 5003, -26985, -7293, -16699, 37712
15181.7, 28, 3616, 8025, 5003, -26985, -7293, -16699, 37712
15185.9, 1152, 3223, 8074, 4526, -28507, -8837, -16843, 37712
15189.6, 1129, 3223, 8074, 4526, -28507, -8837, -16843, 37677
15191.9, 29, 3223, 8074, 4526, -28507, -8837, -16843, 37677
15197.6, 1182, 3024, 8080, 4579, -30323, -8338, -15338, 37685
15201.3, 1068, 3024, 8080, 4579, -30323, -8338, -15338, 37678
15205.6, 1205, 2914, 8207, 5018, -33622, -9200, -12727, 37678
15209.3, 1127, 2914, 8207, 5018, -33622, -9200, -12727, 37689
15211.6, 27, 2914, 8207, 5018, -33622, -9200, -12727, 37689
15215.9, 1048, 2988, 8477, 4735, -35634, -9336, -11318, 37689
15219.6, 1154, 2988, 8477, 4735, -35634, -9336, -11318, 37685
15223.8, 1120, 2527, 8320, 4688, -36851, -16598, -7428, 37685
15227.6, 1077, 2527, 8320, 4688, -36851, -16598, -7428, 37599
15231.3, 1101, 2527, 8320, 4688, -36851, -16598, -7428, 37646
15235.6, 1044, 2599, 7777, 4410, -39493, -25012, -3880, 37646
15239.3, 1108, 2599, 7777, 4410, -39493, -25012, -3880, 37650
15243.5, 1112, 2808, 7880, 4412, -45474, -31522, -5630, 37650
15247.2, 1047, 2808, 7880, 4412, -45474, -31522, -5630, 37664
15251.0, 1024, 2808, 7880, 4412, -45474, -31522, -5630, 37656
15255.3, 1011, 2572, 7882, 5572, -52483, -36326, -10517, 37656
15259.0, 1075, 2572, 7882, 5572, -52483, -36326, -10517, 37692
15263.3, 1043, 2486, 8030, 4369, -50339, -39401, -11025, 37692
15267.0, 1038, 2486, 8030, 4369, -50339, -39401, -11025, 37737
15270.8, 1002, 2486, 8030, 4369, -50339, -39401, -11025, 37751
15275.0, 1112, 2359, 8516, 3879, -54754, -33556, -8443, 37751
15278.7, 1068, 2359, 8516, 3879, -54754, -33556, -8443, 37804
15282.9, 1081, 1972, 8413, 4896, -61832, -28271, -3495, 37804
15286.7, 1027, 1972, 8413, 4896, -61832, -28271, -3495, 37832
15289.0, 25, 1972, 8413, 4896, -61832, -28271, -3495, 37832
15294.7, 1230, 1998, 8150, 5386, -65656, -31329, 1347, 37843
15298.5, 1193, 1998, 8150, 5386, -65656, -31329, 1347, 37890
15302.7, 1081, 2136, 7698, 5053, -72853, -33941, 1518, 37890
15306.4, 1121, 2136, 7698, 5053, -72853, -33941, 1518, 37938
15308.7, 30, 2136, 7698, 5053, -72853, -33941, 1518, 37938
15314.4, 1260, 2420, 7298, 5221, -77705, -36208, -1540, 37964
15316.7, 29, 2420, 7298, 5221, -77705, -36208, -1540, 37964
15320.9, 1134, 2727, 6929, 5286, -80212, -38999, -2047, 37964
15324.6, 1254, 2727, 6929, 5286, -80212, -38999, -2047, 38018
15326.9, 35, 2727, 6929, 5286, -80212, -38999, -2047, 38018
15332.6, 1251, 2595, 6516, 5256, -85086, -39830, -949, 38084
15336.3, 1135, 2595, 6516, 5256, -85086, -39830, -949, 38124
15340.6, 1172, 2221, 6451, 5834, -89562, -44205, 3132, 38124
15344.3, 1199, 2221, 6451, 5834, -89562, -44205, 3132, 38165
15346.6, 31, 2221, 6451, 5834, -89562, -44205, 3132, 38165
15350.8, 1169, 1908, 6776, 6038, -94488, -49355, 12171, 38165
15354.6, 1186, 1908, 6776, 6038, -94488, -49355, 12171, 38223
15356.9, 29, 1908, 6776, 6038, -94488, -49355, 12171, 38223
15362.6, 1278, 1910, 6765, 5101, -103387, -52912, 18069, 38290
15366.3, 1171, 1910, 6765, 5101, -103387, -52912, 18069, 38275
15370.6, 1238, 2433, 6872, 5815, -108033, -54915, 17259, 38275
15374.3, 1226, 2433, 6872, 5815, -108033, -54915, 17259, 38440
15376.5, 33, 2433, 6872, 5815, -108033, -54915, 17259, 38440
15380.7, 1124, 2747, 6858, 6143, -110146, -54972, 13431, 38440
15384.5, 1197, 2747, 6858, 6143, -110146, -54972, 13431, 38552
15388.7, 1241, 3145, 6317, 5612, -115812, -59829, 10635, 38552
15392.5, 1189, 3145, 6317, 5612, -115812, -59829, 10635, 38649
15396.2, 1143, 3145, 6317, 5612, -115812, -59829, 10635, 38766
15400.4, 1188, 3341, 6132, 5901, -114950, -62554, 12385, 38766
15404.1, 1258, 3341, 6132, 5901, -114950, -62554, 12385, 38810
15408.3, 1148, 3260, 5569, 5809, -116341, -59518, 19504, 38810
15412.1, 1176, 3260, 5569, 5809, -116341, -59518, 19504, 38881
15415.8, 1169, 3260, 5569, 5809, -116341, -59518, 19504, 38931
15420.0, 1149, 3165, 5112, 6416, -117619, -52859, 26184, 38931
15423.8, 1115, 3165, 5112, 6416, -117619, -52859, 26184, 39003
15428.0, 1261, 2960, 4751, 6521, -122187, -47403, 28499, 39003
15431.7, 1191, 2960, 4751, 6521, -122187, -47403, 28499, 39020
15435.5, 1134, 2960, 4751, 6521, -122187, -47403, 28499, 39039
15439.7, 1197, 2810, 4847, 6726, -126054, -46865, 28070, 39039
15443.4, 1206, 2810, 4847, 6726, -126054, -46865, 28070, 39050
15449.1, 1265, 2769, 4650, 5723, -128762, -46507, 26801, 39120
15452.9, 1312, 2769, 4650, 5723, -128762, -46507, 26801, 39154
15458.6, 1131, 3354, 4433, 6438, -128657, -43461, 24679, 39203
15462.3, 1095, 3354, 4433, 6438, -128657, -43461, 24679, 39252
15468.0, 1187, 3883, 4383, 6810, -126422, -40031, 23332, 39310
15471.7, 1143, 3883, 4383, 6810, -126422, -40031, 23332, 39293
15476.0, 1107, 4308, 4319, 6730, -128303, -35858, 24592, 39293
15479.7, 1131, 4308, 4319, 6730, -128303, -35858, 24592, 39394
15482.0, 27, 4308, 4319, 6730, -128303, -35858, 24592, 39394
15487.7, 1300, 4323, 4424, 7388, -129602, -32235, 30647, 39394
15491.4, 1164, 4323, 4424, 7388, -129602, -32235, 30647, 39435
15495.7, 1149, 3543, 3914, 6101, -134345, -30087, 39270, 39435
15499.4, 1064, 3543, 3914, 6101, -134345, -30087, 39270, 39443
15501.7, 25, 3543, 3914, 6101, -134345, -30087, 39270, 39443
15505.9, 1250, 2768, 3504, 6766, -135964, -25996, 45334, 39443
15509.7, 1290, 2768, 3504, 6766, -135964, -25996, 45334, 39455
15511.9, 35, 2768, 3504, 6766, -135964, -25996, 45334, 39455
15517.6, 1271, 2887, 2438, 8427, -132879, -24128, 43413, 37890
15521.4, 1157, 2887, 2438, 8427, -132879, -24128, 43413, 39462
15525.6, 1181, 3440, 2093, 7222, -132052, -28967, 32594, 39462
15529.4, 1153, 3440, 2093, 7222, -132052, -28967, 32594, 39409
15531.7, 27, 3440, 2093, 7222, -132052, -28967, 32594, 39409
15536.0, 1106, 3926, 2542, 5801, -132748, -27405, 24517, 39409
15539.7, 1129, 3926, 2542, 5801, -132748, -27405, 24517, 39465
15544.0, 1145, 3926, 2542, 5801, -133089, -17163, 27908, 39465
15547.7, 1134, 3926, 2542, 5801, -133089, -17163, 27908, 39475
15551.4, 1139, 3926, 2542, 5801, -133089, -17163, 27908, 39472
15555.7, 1161, 4501, 2559, 7914, -134782, -14087, 36768, 39472
15559.4, 1130, 4501, 2559, 7914, -134782, -14087, 36768, 39497
15563.6, 1174, 4501, 2559, 7914, -136725, -8583, 40110, 39497
15567.3, 1139, 4501, 2559, 7914, -136725, -8583, 40110, 39488
15571.0, 1053, 4501, 2559, 7914, -136725, -8583, 40110, 40064
15575.3, 1266, 3554, 1940, 7628, -138707, -2887, 39393, 40064
15579.0, 1213, 3554, 1940, 7628, -138707, -2887, 39393, 40086
15583.2, 1195, 3554, 1940, 7628, -138707, -11904, 36671, 40086
15587.0, 1150, 3554, 1940, 7628, -138707, -11904, 36671, 40086
15590.8, 1161, 3554, 1940, 7628, -138707, -11904, 36671, 40124
15595.0, 1130, 4348, 1271, 7648, -132818, -21691, 33583, 40124
15598.8, 1092, 4348, 1271, 7648, -132818, -21691, 33583, 40146
15603.0, 1211, 4348, 1271, 7648, -132818, -18309, 31408, 40146
15606.7, 1138, 4348, 1271, 7648, -132818, -18309, 31408, 40165
15609.0, 29, 4348, 1271, 7648, -132818, -18309, 31408, 40165
15614.7, 1219, 5887, 1125, 7683, -126776, -5980, 32410, 40218
15618.5, 1098, 5887, 1125, 7683, -126776, -5980, 32410, 40202
15622.7, 1119, 5887, 1125, 7683, -126776, 7310, 38535, 40202
15626.5, 1124, 5887, 1125, 7683, -126776, 7310, 38535, 40223
15628.8, 29, 5887, 1125, 7683, -126776, 7310, 38535, 40223
15634.5, 1166, 4883, 640, 7317, -134962, 13287, 45242, 40238
15638.3, 1159, 4883, 640, 7317, -134962, 13287, 45242, 40261
15644.0, 1217, 4883, 640, 7317, -138540, 21227, 49403, 40264
15646.2, 28, 4883, 640, 7317, -138540, 21227, 49403, 40264
15650.5, 1091, 3896, 846, 7850, -138540, 21227, 49403, 40264
15654.2, 1249, 3896, 846, 7850, -138540, 21227, 49403, 40276
15656.5, 33, 3896, 846, 7850, -138540, 21227, 49403, 40276
15660.7, 1222, 3276, 646, 9619, -140584, 21057, 49263, 40276
15664.5, 1256, 3276, 646, 9619, -140584, 21057, 49263, 40304
15666.7, 31, 3276, 646, 9619, -140584, 21057, 49263, 40304
15671.0, 1141, 4133, 485, 9299, -139035, 1023, 42985, 40304
15674.7, 1112, 4133, 485, 9299, -139035, 1023, 42985, 40322
15677.0, 25, 4133, 485, 9299, -139035, 1023, 42985, 40322
15682.7, 1268, 5452, 195, 8282, -134419, -9581, 34724, 40360
15686.4, 1137, 5452, 195, 8282, -134419, -9581, 34724, 40361
15690.7, 1153, 6384, -229, 6982, -132057, -9664, 31518, 40361
15694.4, 1114, 6384, -229, 6982, -132057, -9664, 31518, 40347
15696.7, 27, 6384, -229, 6982, -132057, -9664, 31518, 40347
15700.9, 1142, 6167, -613, 8886, -131755, -3473, 38028, 40347
15704.7, 1129, 6167, -613, 8886, -131755, -3473, 38028, 40375
15708.9, 1117, 4787, -1257, 8334, -133627, 2310, 53402, 40375
15712.6, 1221, 4787, -1257, 8334, -133627, 2310, 53402, 40389
15716.4, 1182, 4787, -1257, 8334, -133627, 2310, 53402, 40402
15720.6, 1086, 3611, -1877, 6906, -136292, 8505, 64252, 40402
15724.4, 1084, 3611, -1877, 6906, -136292, 8505, 64252, 40475
15728.6, 1207, 2948, -2136, 8474, -138138, 17579, 62764, 40475
15732.3, 1384, 2948, -2136, 8474, -138138, 17579, 62764, 40447
15736.1, 1188, 2948, -2136, 8474, -138138, 17579, 62764, 40464
15740.3, 1122, 3165, -1965, 9816, -137666, 12140, 51647, 40464
15744.0, 1128, 3165, -1965, 9816, -137666, 12140, 51647, 40484
15748.2, 1233, 4380, -1806, 9413, -135159, -6094, 38583, 40484
15751.9, 1193, 4380, -1806, 9413, -135159, -6094, 38583, 40458
15755.7, 1176, 4380, -1806, 9413, -135159, -6094, 38583, 40519
15759.9, 1163, 5633, -1705, 7345, -132184, -13807, 33438, 40519
15763.7, 1123, 5633, -1705, 7345, -132184, -13807, 33438, 40551
15767.9, 1136, 5952, -2090, 7648, -131094, -6356, 38395, 40551
15771.6, 1120, 5952, -2090, 7648, -131094, -6356, 38395, 40554
15773.9, 27, 5952, -2090, 7648, -131094, -6356, 38395, 40554
15779.6, 1214, 5055, -2846, 8517, -130289, 7144, 50667, 40580
15783.3, 1128, 5055, -2846, 8517, -130289, 7144, 50667, 40595
15789.0, 1181, 3686, -3632, 7782, -131059, 17014, 61032, 40600
15792.7, 1096, 3686, -3632, 7782, -131059, 17014, 61032, 40625
15798.5, 1166, 2663, -4088, 7729, -133794, 23340, 60997, 40637
15800.7, 28, 2663, -4088, 7729, -133794, 23340, 60997, 40637
15803.0, 4, 2663, -4088, 7729, -133794, 23340, 60997, 40637
15808.7, 1179, 2420, -4162, 8532, -135933, 21166, 51398, 40649
15810.9, 29, 2420, -4162, 8532, -135933, 21166, 51398, 40649
15813.2, 5, 2420, -4162, 8532, -135933, 21166, 51398, 40649
15818.9, 1407, 3041, -3790, 10258, -136331, 9992, 38561, 40656
15821.2, 36, 3041, -3790, 10258, -136331, 9992, 38561, 40656
15825.5, 1095, 4573, -3578, 10390, -132573, -6234, 29592, 40656
15829.2, 1121, 4573, -3578, 10390, -132573, -6234, 29592, 40677
15831.5, 26, 4573, -3578, 10390, -132573, -6234, 29592, 40677
15835.7, 1209, 5869, -3698, 8076, -128417, -13492, 28503, 40677
15839.4, 1174, 5869, -3698, 8076, -128417, -13492, 28503, 40672
15841.7, 26, 5869, -3698, 8076, -128417, -13492, 28503, 40672
15845.9, 1138, 6291, -4232, 6723, -125608, -6680, 35123, 40672
15849.6, 1125, 6291, -4232, 6723, -125608, -6680, 35123, 40710
15851.9, 26, 6291, -4232, 6723, -125608, -6680, 35123, 40710
15857.6, 1253, 5360, -5187, 8067, -122340, 6400, 47207, 40724
15861.3, 1163, 5360, -5187, 8067, -122340, 6400, 47207, 40743
15865.6, 1136, 3872, -6246, 7405, -120865, 11173, 57466, 40743
15869.3, 1102, 3872, -6246, 7405, -120865, 11173, 57466, 40761
15871.5, 26, 3872, -6246, 7405, -120865, 11173, 57466, 40761
15875.8, 1095, 2901, -6446, 6635, -122821, 15303, 58608, 40761
15879.5, 1085, 2901, -6446, 6635, -122821, 15303, 58608, 40774
15883.7, 1234, 2387, -6037, 8345, -126146, 14883, 50238, 40774
15887.4, 1385, 2387, -6037, 8345, -126146, 14883, 50238, 40792
15891.1, 1256, 2387, -6037, 8345, -126146, 14883, 50238, 40800
15895.4, 1192, 2791, -5346, 10788, -127397, 3718, 38189, 40800
15899.1, 1131, 2791, -5346, 10788, -127397, 3718, 38189, 40814
15903.3, 1136, 4043, -4531, 9957, -121163, -10911, 30349, 40814
15907.1, 1092, 4043, -4531, 9957, -121163, -10911, 30349, 40838
15910.8, 1160, 4043, -4531, 9957, -121163, -10911, 30349, 40831
15915.1, 1142, 5338, -4528, 6033, -117702, -20982, 29247, 40831
15918.8, 1184, 5338, -4528, 6033, -117702, -20982, 29247, 40845
15923.0, 1169, 5441, -5000, 5967, -113423, -15741, 35604, 40845
15926.7, 1170, 5441, -5000, 5967, -113423, -15741, 35604, 40847
15930.5, 1153, 5441, -5000, 5967, -113423, -15741, 35604, 40845
15934.7, 1171, 4348, -6457, 7271, -108711, -984, 48738, 40845
15938.4, 1148, 4348, -6457, 7271, -108711, -984, 48738, 40847
15944.1, 1186, 3421, -8043, 6558, -106309, 6278, 56075, 40864
15947.9, 1151, 3421, -8043, 6558, -106309, 6278, 56075, 40876
15953.6, 1071, 2568, -8794, 6608, -107898, 13475, 51385, 40901
15957.3, 1087, 2568, -8794, 6608, -107898, 13475, 51385, 40892
15963.4, 886, 2240, -8185, 7636, -109840, 17084, 39765, 40907
15967.1, 1233, 2240, -8185, 7636, -109840, 17084, 39765, 40898
15972.8, 1249, 2606, -6972, 8929, -110855, 9401, 27698, 40910
15976.5, 1111, 2606, -6972, 8929, -110855, 9401, 27698, 40917
15980.8, 1109, 3499, -6071, 8965, -108256, 1220, 21674, 40917
15984.5, 1118, 3499, -6071, 8965, -108256, 1220, 21674, 40925
15986.7, 27, 3499, -6071, 8965, -108256, 1220, 21674, 40925
15992.5, 1216, 4746, -6095, 6579, -104874, -4843, 21512, 40932
15996.3, 1150, 4746, -6095, 6579, -104874, -4843, 21512, 40965
16000.5, 1126, 5273, -6586, 5888, -101309, -4904, 24894, 40965
16004.2, 1101, 5273, -6586, 5888, -101309, -4904, 24894, 40929
16006.5, 26, 5273, -6586, 5888, -101309, -4904, 24894, 40929
16010.7, 1122, 4462, -7361, 6270, -97515, 1592, 32226, 40929
16014.5, 1086, 4462, -7361, 6270, -97515, 1592, 32226, 40897
16016.7, 26, 4462, -7361, 6270, -97515, 1592, 32226, 40897
16022.5, 1243, 3554, -8354, 5943, -94239, 4361, 37765, 40921
16026.2, 1115, 3554, -8354, 5943, -94239, 4361, 37765, 40923
16030.4, 1145, 2918, -8746, 6077, -94597, 6212, 36107, 40923
16034.1, 1071, 2918, -8746, 6077, -94597, 6212, 36107, 40956
16036.4, 25, 2918, -8746, 6077, -94597, 6212, 36107, 40956
16040.6, 1121, 2498, -8161, 7292, -96317, 7406, 29186, 40956
16044.3, 1186, 2498, -8161, 7292, -96317, 7406, 29186, 40677
16048.5, 1206, 2696, -7293, 8112, -99178, 3640, 21695, 40677
16052.3, 1178, 2696, -7293, 8112, -99178, 3640, 21695, 40978
16056.0, 1141, 2696, -7293, 8112, -99178, 3640, 21695, 40991
16060.3, 1166, 3351, -6664, 7829, -100289, 3180, 17894, 40991
16064.0, 1136, 3351, -6664, 7829, -100289, 3180, 17894, 40995
16068.2, 1152, 4033, -6454, 6028, -99812, 6501, 18217, 40995
16071.9, 1145, 4033, -6454, 6028, -99812, 6501, 18217, 41027
16075.6, 1124, 4033, -6454, 6028, -99812, 6501, 18217, 40998
16079.9, 1094, 4483, -6906, 5314, -99099, 11318, 19779, 40998
16083.6, 1157, 4483, -6906, 5314, -99099, 11318, 19779, 41008
16087.9, 1172, 3909, -7771, 4885, -97612, 19070, 22190, 41008
16091.6, 1097, 3909, -7771, 4885, -97612, 19070, 22190, 41024
16093.9, 25, 3909, -7771, 4885, -97612, 19070, 22190, 41024
16099.7, 1162, 3265, -8633, 4807, -95949, 24662, 23165, 41025
16103.4, 1154, 3265, -8633, 4807, -95949, 24662, 23165, 41025
16109.1, 1156, 2809, -8928, 5173, -95534, 26639, 20160, 41028
16112.8, 1131, 2809, -8928, 5173, -95534, 26639, 20160, 41024
16118.6, 1161, 2812, -8632, 5754, -97686, 24071, 14927, 41013
16122.3, 1138, 2812, -8632, 5754, -97686, 24071, 14927, 41015
16128.0, 1263, 3088, -8066, 6838, -99961, 20558, 10032, 41018
16131.8, 1098, 3088, -8066, 6838, -99961, 20558, 10032, 41033
16136.0, 1147, 3088, -8066, 6932, -100587, 17924, 8159, 41033
16139.7, 1207, 3088, -8066, 6932, -100587, 17924, 8159, 41042
16142.0, 27, 3088, -8066, 6932, -100587, 17924, 8159, 41042
16147.7, 1185, 3642, -7319, 5594, -99099, 18834, 10049, 40993
16151.4, 1164, 3642, -7319, 5594, -99099, 18834, 10049, 41057
16155.6, 1156, 3642, -7319, 3806, -95761, 19009, 13295, 41057
16159.4, 1094, 3642, -7319, 3806, -95761, 19009, 13295, 41060
16161.7, 27, 3642, -7319, 3806, -95761, 19009, 13295, 41060
16165.9, 1144, 3991, -8499, 3675, -92738, 16913, 15325, 41060
16169.7, 1100, 3991, -8499, 3675, -92738, 16913, 15325, 41063
16172.0, 24, 3991, -8499, 3675, -92738, 16913, 15325, 41063
16177.7, 1227, 3445, -9586, 4066, -88205, 13895, 15610, 41218
16181.4, 1150, 3445, -9586, 4066, -88205, 13895, 15610, 41072
16185.7, 1149, 2857, -10122, 3909, -85392, 10876, 13623, 41072
16189.4, 1103, 2857, -10122, 3909, -85392, 10876, 13623, 41239
16191.7, 25, 2857, -10122, 3909, -85392, 10876, 13623, 41239
16196.0, 1139, 2404, -9747, 4272, -84346, 8225, 9940, 41239
16199.7, 1142, 2404, -9747, 4272, -84346, 8225, 9940, 41241
16204.0, 1133, 2404, -9747, 4272, -84346, 8225, 6720, 41241
16207.7, 1160, 2404, -9747, 4272, -84346, 8225, 6720, 41242
16211.4, 1146, 2404, -9747, 4272, -84346, 8225, 6720, 41245
16215.7, 1147, 2439, -8376, 5554, -89128, 12937, 4646, 41245
16219.4, 1155, 2439, -8376, 5554, -89128, 12937, 4646, 41247
16223.6, 1179, 2439, -8376, 5554, -89128, 12937, 4646, 41247
16227.3, 1181, 2439, -8376, 5554, -89128, 12937, 4646, 41249
16231.1, 1123, 2439, -8376, 5554, -89128, 12937, 4646, 41242
16235.3, 1137, 3400, -8707, 4878, -91115, 15583, 6370, 41242
16239.0, 1107, 3400, -8707, 4878, -91115, 15583, 6370, 41242
16243.2, 1164, 3400, -8707, 4878, -91115, 15583, 6370, 41242
16247.0, 1118, 3400, -8707, 4878, -91115, 15583, 6370, 41246
16250.7, 1148, 3400, -8707, 4878, -91115, 15583, 6370, 41260
16254.9, 1156, 3833, -9777, 1567, -83835, 5477, 8041, 41260
16258.7, 1115, 3833, -9777, 1567, -83835, 5477, 8041, 41260
16262.9, 1173, 3833, -9777, 1567, -83835, 5477, 8041, 41260
16266.6, 1103, 3833, -9777, 1567, -83835, 5477, 8041, 41279
16268.9, 25, 3833, -9777, 1567, -83835, 5477, 8041, 41279
16274.6, 1188, 2300, -10787, 2763, -74328, 8386, 10312, 41245
16278.3, 1145, 2300, -10787, 2763, -74328, 8386, 10312, 41302
16284.0, 1250, 2300, -10787, 2763, -74328, 8386, 10312, 41294
16286.3, 31, 2300, -10787, 2763, -74328, 8386, 10312, 41294
16288.5, 3, 2300, -10787, 2763, -74328, 8386, 10312, 41294
16294.2, 1255, 2063, -10627, 3159, -72166, 7713, 6181, 41287
16296.5, 30, 2063, -10627, 3159, -72166, 7713, 6181, 41287
16300.7, 1144, 2015, -10130, 3378, -72057, 6851, 6181, 41287
16304.4, 1147, 2015, -10130, 3378, -72057, 6851, 6181, 41291
16306.7, 26, 2015, -10130, 3378, -72057, 6851, 6181, 41291
16310.9, 1190, 2221, -9563, 3528, -72525, 5083, 4326, 41291
16314.6, 1152, 2221, -9563, 3528, -72525, 5083, 4326, 41282
16316.9, 25, 2221, -9563, 3528, -72525, 5083, 4326, 41282
16322.6, 1251, 2526, -9391, 3875, -74489, 4112, 3285, 41284
16326.3, 1149, 2526, -9391, 3875, -74489, 4112, 3285, 41285
16330.6, 1137, 2676, -9403, 4070, -75749, 5403, 3482, 41285
16334.3, 1128, 2676, -9403, 4070, -75749, 5403, 3482, 41281
16336.5, 28, 2676, -9403, 4070, -75749, 5403, 3482, 41281
16340.8, 1154, 2991, -9302, 3269, -76913, 5061, 4558, 41281
16344.5, 1116, 2991, -9302, 3269, -76913, 5061, 4558, 41270
16346.8, 25, 2991, -9302, 3269, -76913, 5061, 4558, 41270
16352.5, 1259, 3135, -9178, 2527, -76961, 3876, 5582, 41268
16356.3, 1128, 3135, -9178, 2527, -76961, 3876, 5582, 41267
16360.5, 1154, 2825, -9160, 2091, -76756, 4427, 6768, 41267
16364.2, 1114, 2825, -9160, 2091, -76756, 4427, 6768, 41267
16368.5, 1173, 2653, -9452, 1967, -75806, 6724, 7170, 41267
16372.2, 1144, 2653, -9452, 1967, -75806, 6724, 7170, 41255
16376.0, 1123, 2653, -9452, 1967, -75806, 6724, 7170, 41254
16380.3, 1143, 2349, -9655, 2294, -74091, 7630, 5967, 41254
16384.0, 1138, 2349, -9655, 2294, -74091, 7630, 5967, 41242
16388.3, 1128, 2182, -9864, 2536, -74231, 5263, 3959, 41242
16392.0, 1133, 2182, -9864, 2536, -74231, 5263, 3959, 41251
16395.7, 1142, 2182, -9864, 2536, -74231, 5263, 3959, 41244
16400.0, 1149, 2409, -9667, 2380, -75102, 2270, 2690, 41244
16403.7, 1141, 2409, -9667, 2380, -75102, 2270, 2690, 41252
16407.9, 1136, 2577, -9259, 2451, -77276, 2821, 3228, 41252
16411.7, 1088, 2577, -9259, 2451, -77276, 2821, 3228, 41248
16414.0, 24, 2577, -9259, 2451, -77276, 2821, 3228, 41248
16419.7, 1171, 2773, -9148, 2513, -79359, 3784, 4620, 41249
16423.5, 1111, 2773, -9148, 2513, -79359, 3784, 4620, 41222
16427.7, 1133, 2824, -9205, 2349, -82006, 7231, 5604, 41222
16431.4, 1106, 2824, -9205, 2349, -82006, 7231, 5604, 41207
16433.7, 23, 2824, -9205, 2349, -82006, 7231, 5604, 41207
16439.5, 1185, 2773, -9364, 2139, -85366, 12438, 5595, 41237
16443.2, 1139, 2773, -9364, 2139, -85366, 12438, 5595, 41228
16448.9, 1215, 2706, -9374, 1800, -88463, 18790, 5495, 41174
16451.1, 30, 2706, -9374, 1800, -88463, 18790, 5495, 41174
16453.4, 2, 2706, -9374, 1800, -88463, 18790, 5495, 41174
16459.1, 1222, 2867, -9413, 1754, -91084, 22605, 5928, 41245
16461.4, 29, 2867, -9413, 1754, -91084, 22605, 5928, 41245
16465.6, 1149, 3064, -9518, 1452, -93792, 21437, 6737, 41245
16469.4, 1112, 3064, -9518, 1452, -93792, 21437, 6737, 41219
16471.6, 26, 3064, -9518, 1452, -93792, 21437, 6737, 41219
16475.9, 1170, 3087, -9721, 1237, -94715, 16883, 7945, 41219
16479.6, 1136, 3087, -9721, 1237, -94715, 16883, 7945, 41199
16481.9, 26, 3087, -9721, 1237, -94715, 16883, 7945, 41199
16487.6, 1238, 2768, -9926, 312, -91911, 13637, 9883, 41187
16491.3, 1131, 2768, -9926, 312, -91911, 13637, 9883, 41189
16495.6, 1135, 2395, -10228, -168, -87798, 12582, 11502, 41189
16499.3, 1126, 2395, -10228, -168, -87798, 12582, 11502, 41180
16501.5, 28, 2395, -10228, -168, -87798, 12582, 11502, 41180
16505.7, 1144, 1851, -10364, -537, -83121, 11755, 11134, 41180
16509.5, 1110, 1851, -10364, -537, -83121, 11755, 11134, 41171
16511.7, 27, 1851, -10364, -537, -83121, 11755, 11134, 41171
16517.5, 1257, 1444, -10306, -556, -78427, 9966, 9073, 41183
16521.2, 1106, 1444, -10306, -556, -78427, 9966, 9073, 41136
16525.4, 1156, 1159, -10282, -597, -74599, 6969, 6825, 41136
16529.1, 1142, 1159, -10282, -597, -74599, 6969, 6825, 41149
16533.3, 1145, 1080, -10419, -855, -70736, 3701, 5718, 41149
16537.1, 1107, 1080, -10419, -855, -70736, 3701, 5718, 41127
16540.8, 1126, 1080, -10419, -855, -70736, 3701, 5718, 41124
16545.0, 1146, 1255, -10433, -1057, -66711, 1627, 5451, 41124
16548.8, 1110, 1255, -10433, -1057, -66711, 1627, 5451, 41052
16553.0, 1135, 1389, -10372, -1589, -63456, 1509, 5538, 41052
16556.7, 1132, 1389, -10372, -1589, -63456, 1509, 5538, 41097
16560.5, 1094, 1389, -10372, -1589, -63456, 1509, 5538, 41086
16564.7, 1151, 1766, -10413, -1158, -57860, 1640, 5070, 41086
16568.4, 1124, 1766, -10413, -1158, -57860, 1640, 5070, 41084
16574.1, 1190, 1952, -10326, -1146, -52413, 1168, 4685, 41075
16577.9, 1109, 1952, -10326, -1146, -52413, 1168, 4685, 41065
16583.6, 1159, 2113, -10185, -997, -47399, -30, 5140, 41056
16587.3, 1100, 2113, -10185, -997, -47399, -30, 5140, 41040
16593.0, 1148, 2158, -10209, -873, -43457, -1032, 5775, 41028
16596.7, 1054, 2158, -10209, -873, -43457, -1032, 5775, 41025
16599.0, 22, 2158, -10209, -873, -43457, -1032, 5775, 41025
16604.7, 1179, 2064, -10204, -860, -39550, -2165, 5731, 40964
16608.5, 1082, 2064, -10204, -860, -39550, -2165, 5731, 41037
16612.7, 1093, 1740, -10133, -730, -35718, -3898, 4948, 41037
16616.5, 1069, 1740, -10133, -730, -35718, -3898, 4948, 41023
16620.8, 1111, 1590, -9909, -693, -32493, -5814, 3784, 41023
16624.5, 1112, 1590, -9909, -693, -32493, -5814, 3784, 41012
16626.8, 28, 1590, -9909, -693, -32493, -5814, 3784, 41012
16631.0, 1122, 1670, -9785, -841, -29732, -5013, 3193, 41012
16634.7, 1109, 1670, -9785, -841, -29732, -5013, 3193, 41001
16637.0, 25, 1670, -9785, -841, -29732, -5013, 3193, 41001
16642.7, 1200, 1934, -9703, -826, -27221, 271, 4191, 41000
16646.4, 1098, 1934, -9703, -826, -27221, 271, 4191, 40974
16650.7, 1127, 2289, -9822, -437, -24504, 7061, 6164, 40974
16654.4, 1096, 2289, -9822, -437, -24504, 7061, 6164, 41000
16656.6, 27, 2289, -9822, -437, -24504, 7061, 6164, 41000
16660.9, 1116, 2645, -10097, 186, -20947, 10193, 7328, 41000
16664.6, 1109, 2645, -10097, 186, -20947, 10193, 7328, 40991
16666.9, 26, 2645, -10097, 186, -20947, 10193, 7328, 40991
16672.6, 1224, 2642, -10103, 406, -17360, 6803, 5871, 40995
16676.3, 1090, 2642, -10103, 406, -17360, 6803, 5871, 41026
16680.6, 1110, 2417, -9985, 204, -15759, -144, 2975, 41026
16684.3, 1094, 2417, -9985, 204, -15759, -144, 2975, 40993
16688.6, 1117, 2059, -10154, 215, -12744, -3928, 1618, 40993
16692.3, 1094, 2059, -10154, 215, -12744, -3928, 1618, 40998
16696.1, 1078, 2059, -10154, 215, -12744, -3928, 1618, 40992
16700.3, 1125, 1797, -10103, -602, -8982, -1671, 2248, 40992
16704.0, 1089, 1797, -10103, -602, -8982, -1671, 2248, 41008
16708.3, 1132, 2085, -9920, -725, -6895, 3574, 2979, 41008
16712.0, 1083, 2085, -9920, -725, -6895, 3574, 2979, 40989
16715.7, 1076, 2085, -9920, -725, -6895, 3574, 2979, 40986
16719.9, 1123, 2574, -10143, 89, -3386, 8811, 3985, 40986
16723.7, 1120, 2574, -10143, 89, -3386, 8811, 3985, 41025
16727.9, 1157, 2712, -10542, 148, 266, 12215, 4116, 41025
16731.6, 1051, 2712, -10542, 148, 266, 12215, 4116, 40923
16733.9, 22, 2712, -10542, 148, 266, 12215, 4116, 40923
16739.6, 1144, 2277, -10641, 184, 3539, 11602, 1198, 41010
16743.3, 1135, 2277, -10641, 184, 3539, 11602, 1198, 41018
16749.0, 1116, 2020, -10405, -267, 7721, 7783, -2419, 41018
16752.8, 979, 2020, -10405, -267, 7721, 7783, -2419, 41016
16758.5, 1144, 1652, -9988, -541, 12556, 3241, -3521, 41030
16762.2, 1098, 1652, -9988, -541, 12556, 3241, -3521, 41002
16768.0, 1170, 1652, -9988, -541, 19324, -2038, -2642, 41019
16771.7, 1050, 1652, -9988, -541, 19324, -2038, -2642, 41037
16775.9, 1109, 1112, -9962, -792, 19324, -9380, -3005, 41037
16779.6, 1096, 1112, -9962, -792, 19324, -9380, -3005, 41024
16781.9, 26, 1112, -9962, -792, 19324, -9380, -3005, 41024
16787.6, 1123, 1149, -10292, -1418, 36969, -20326, -6374, 41023
16791.3, 1088, 1149, -10292, -1418, 36969, -20326, -6374, 41040
16795.6, 1072, 1936, -11180, -1815, 36969, -24369, -11222, 41040
16799.3, 1033, 1936, -11180, -1815, 36969, -24369, -11222, 41022
16801.5, 24, 1936, -11180, -1815, 36969, -24369, -11222, 41022
16805.8, 1091, 2670, -10975, -1491, 51529, -10990, -13208, 41022
16809.6, 1085, 2670, -10975, -1491, 51529, -10990, -13208, 41060
16811.9, 24, 2670, -10975, -1491, 51529, -10990, -13208, 41060
16817.6, 1132, 2082, -10442, -49, 56232, 4703, -12451, 41078
16821.3, 1054, 2082, -10442, -49, 56232, 4703, -12451, 41084
16825.5, 1128, 1129, -10037, -49, 56980, 1505, -12180, 41084
16829.3, 1106, 1129, -10037, -49, 56980, 1505, -12180, 41082
16831.5, 27, 1129, -10037, -49, 56980, 1505, -12180, 41082
16835.8, 1013, 720, -10087, 2121, 58280, -17233, -11506, 41082
16839.5, 1070, 720, -10087, 2121, 58280, -17233, -11506, 41079
16843.7, 1105, 1284, -10220, 2121, 58280, -17233, -11506, 41079
16847.5, 1117, 1284, -10220, 2121, 58280, -17233, -11506, 41063
16851.2, 1069, 1284, -10220, 2121, 58280, -17233, -11506, 41106
16855.4, 1096, 2277, -10499, 2012, 60900, -47311, -7770, 41106
16859.1, 1148, 2277, -10499, 2012, 60900, -47311, -7770, 41113
16863.3, 1080, 2990, -10548, 1196, 60900, -47311, -7770, 41113
16867.1, 986, 2990, -10548, 1196, 60900, -47311, -7770, 41121
16870.9, 1040, 2990, -10548, 1196, 60900, -47311, -7770, 41118
16875.2, 1123, 3302, -10302, 340, 66986, -25012, -7875, 41118
16878.9, 1132, 3302, -10302, 340, 66986, -25012, -7875, 41118
16883.1, 1073, 3248, -10287, 176, 66986, -25012, -7875, 41118
16886.8, 1070, 3248, -10287, 176, 66986, -25012, -7875, 41138
16890.6, 1121, 3248, -10287, 176, 66986, -25012, -7875, 41117
16894.8, 1118, 2806, -10401, 869, 74804, -5210, -12727, 41117
16898.6, 1035, 2806, -10401, 869, 74804, -5210, -12727, 41121
16902.8, 1048, 2206, -10276, 1244, 74804, -5210, -12727, 41121
16906.5, 1060, 2206, -10276, 1244, 74804, -5210, -12727, 41124
16908.8, 23, 2206, -10276, 1244, 74804, -5210, -12727, 41124
16914.5, 1149, 1936, -10340, 1331, 85502, -18392, -12665, 41113
16918.2, 1023, 1936, -10340, 1331, 85502, -18392, -12665, 41115
16924.0, 1127, 1998, -10376, 1429, 89076, -26009, -11808, 41086
16927.7, 1001, 1998, -10376, 1429, 89076, -26009, -11808, 41122
16933.4, 1223, 2407, -10357, 1571, 89076, -26009, -11808, 41117
16937.1, 1168, 2407, -10357, 1571, 89076, -26009, -11808, 41119
16942.8, 1119, 2677, -10411, 1849, 92475, -27059, -11672, 41092
16946.5, 1043, 2677, -10411, 1849, 92475, -27059, -11672, 41134
16950.8, 1101, 2767, -10302, 1494, 94873, -20785, -12333, 41134
16954.5, 1063, 2767, -10302, 1494, 94873, -20785, -12333, 41148
16956.8, 23, 2767, -10302, 1494, 94873, -20785, -12333, 41148
16961.0, 1086, 2642, -10259, 2146, 98351, -9563, -13759, 41148
16964.7, 1116, 2642, -10259, 2146, 98351, -9563, -13759, 41167
16967.0, 26, 2642, -10259, 2146, 98351, -9563, -13759, 41167
16972.7, 1142, 2121, -10414, 2280, 101777, -1631, -15408, 41176
16976.4, 1042, 2121, -10414, 2280, 101777, -1631, -15408, 41140
16980.7, 1099, 1857, -10437, 2321, 104380, -1273, -16520, 41140
16984.4, 1035, 1857, -10437, 2321, 104380, -1273, -16520, 41154
16986.7, 23, 1857, -10437, 2321, 104380, -1273, -16520, 41154
16991.0, 1131, 2057, -10496, 2388, 108160, -3167, -17040, 41154
16994.7, 1072, 2057, -10496, 2388, 108160, -3167, -17040, 41171
16998.9, 1046, 2194, -10302, 2438, 112609, -5184, -16017, 41171
17002.7, 1040, 2194, -10302, 2438, 112609, -5184, -16017, 41131
17006.4, 1113, 2194, -10302, 2438, 112609, -5184, -16017, 41150
17010.7, 1138, 2402, -10264, 2482, 115930, -6881, -14507, 41150
17014.4, 1084, 2402, -10264, 2482, 115930, -6881, -14507, 41142
17018.6, 1099, 2664, -10276, 2740, 119220, -6965, -14341, 41142
17022.3, 1082, 2664, -10276, 2740, 119220, -6965, -14341, 41145
17026.1, 1052, 2664, -10276, 2740, 119220, -6965, -14341, 41142
17030.3, 1126, 2851, -10258, 3132, 120795, -3793, -15715, 41142
17034.0, 1119, 2851, -10258, 3132, 120795, -3793, -15715, 41161
17038.2, 1118, 2896, -10297, 3659, 122003, 2143, -17999, 41161
17042.0, 993, 2896, -10297, 3659, 122003, 2143, -17999, 41154
17045.8, 1093, 2896, -10297, 3659, 122003, 2143, -17999, 41194
17050.0, 1136, 2889, -9978, 3692, 123359, 8671, -20615, 41194
17053.8, 1046, 2889, -9978, 3692, 123359, 8671, -20615, 41180
17058.0, 1061, 2779, -9656, 3894, 125022, 13641, -22286, 41180
17061.7, 1076, 2779, -9656, 3894, 125022, 13641, -22286, 41183
17064.0, 25, 2779, -9656, 3894, 125022, 13641, -22286, 41183
17069.7, 1134, 2820, -9495, 4185, 126286, 13803, -23122, 41193
17073.5, 1051, 2820, -9495, 4185, 126286, 13803, -23122, 41199
17077.7, 1112, 3134, -9460, 3990, 127948, 10386, -23249, 41199
17081.4, 1117, 3134, -9460, 3990, 127948, 10386, -23249, 41206
17083.7, 27, 3134, -9460, 3990, 127948, 10386, -23249, 41206
17089.4, 1136, 3251, -9386, 4156, 129856, 5600, -24220, 41213
17093.1, 1089, 3251, -9386, 4156, 129856, 5600, -24220, 41220
17098.8, 1165, 3451, -9202, 4094, 131361, 5153, -26421, 41207
17101.1, 27, 3451, -9202, 4094, 131361, 5153, -26421, 41207
17103.3, 4, 3451, -9202, 4094, 131361, 5153, -26421, 41207
17109.0, 1200, 3495, -8992, 4281, 134117, 7258, -28617, 41211
17111.3, 27, 3495, -8992, 4281, 134117, 7258, -28617, 41211
17115.5, 1143, 3612, -8915, 4438, 136401, 8400, -30196, 41211
17119.2, 1104, 3612, -8915, 4438, 136401, 8400, -30196, 41226
17121.5, 24, 3612, -8915, 4438, 136401, 8400, -30196, 41226
17125.7, 1120, 3494, -8979, 4523, 138816, 10657, -31089, 41226
17129.4, 1174, 3494, -8979, 4523, 138816, 10657, -31089, 41226
17131.7, 26, 3494, -8979, 4523, 138816, 10657, -31089, 41226
17135.9, 1120, 3620, -8855, 5235, 140540, 12915, -31509, 41226
17139.6, 1090, 3620, -8855, 5235, 140540, 12915, -31509, 41179
17141.9, 25, 3620, -8855, 5235, 140540, 12915, -31509, 41179
17147.6, 1282, 3725, -8753, 5237, 142058, 10955, -32161, 41225
17151.3, 1112, 3725, -8753, 5237, 142058, 10955, -32161, 41228
17155.6, 1123, 3900, -8463, 5092, 142609, 8492, -32239, 41228
17159.3, 1102, 3900, -8463, 5092, 142609, 8492, -32239, 41237
17161.6, 24, 3900, -8463, 5092, 142609, 8492, -32239, 41237
17165.9, 1084, 3899, -8544, 5791, 142999, 6041, -31496, 41237
17169.6, 1119, 3899, -8544, 5791, 142999, 6041, -31496, 41264
17173.8, 1234, 3549, -8420, 5696, 143292, 4515, -31657, 41264
17177.6, 1125, 3549, -8420, 5696, 143292, 4515, -31657, 41224
17181.3, 1072, 3549, -8420, 5696, 143292, 4515, -31657, 41226
17185.6, 1146, 3599, -8520, 5968, 143344, 4816, -33574, 41226
17189.3, 1068, 3599, -8520, 5968, 143344, 4816, -33574, 41226
17193.6, 1159, 3620, -8367, 6068, 143344, 7000, -36986, 41226
17197.3, 1140, 3620, -8367, 6068, 143344, 7000, -36986, 41202
17201.1, 1111, 3620, -8367, 6068, 143344, 7000, -36986, 41213
17205.3, 1095, 3681, -8216, 6284, 143344, 6391, -41116, 41213
17209.1, 1138, 3681, -8216, 6284, 143344, 6391, -41116, 41200
17213.3, 1115, 3718, -7842, 6406, 143344, 7459, -42123, 41200
17217.0, 1153, 3718, -7842, 6406, 143344, 7459, -42123, 41190
17220.8, 1176, 3718, -7842, 6406, 143344, 7459, -42123, 41185
17225.0, 1166, 3978, -7633, 7001, 143344, 5691, -40548, 41185
17228.7, 1102, 3978, -7633, 7001, 143344, 5691, -40548, 41198
17232.9, 1071, 4256, -7442, 6813, 143344, 1032, -38662, 41198
17236.7, 1010, 4256, -7442, 6813, 143344, 1032, -38662, 41154
17239.0, 23, 4256, -7442, 6813, 143344, 1032, -38662, 41154
17244.7, 1255, 4060, -7266, 6531, 143344, -2808, -36540, 41168
17248.5, 1159, 4060, -7266, 6531, 143344, -2808, -36540, 41123
17252.7, 1037, 3720, -7211, 6734, 143344, -1889, -33731, 41123
17256.4, 1013, 3720, -7211, 6734, 143344, -1889, -33731, 41072
17258.7, 24, 3720, -7211, 6734, 143344, -1889, -33731, 41072
17264.5, 1231, 3406, -7335, 6669, 143344, 1203, -33014, 41100
17266.7, 29, 3406, -7335, 6669, 143344, 1203, -33014, 41100
17270.9, 1144, 3211, -7082, 7487, 143344, 4624, -35818, 41100
17274.6, 1112, 3211, -7082, 7487, 143344, 4624, -35818, 41036
17276.9, 25, 3211, -7082, 7487, 143344, 4624, -35818, 41036
17282.6, 1215, 3174, -6833, 7810, 143344, 8513, -39970, 41053
17286.3, 1130, 3174, -6833, 7810, 143344, 8513, -39970, 41019
17290.5, 1123, 3177, -6306, 8117, 143344, 10176, -43663, 41019
17294.3, 988, 3177, -6306, 8117, 143344, 10176, -43663, 41047
17296.5, 22, 3177, -6306, 8117, 143344, 10176, -43663, 41047
17300.8, 1182, 3129, -5924, 8163, 143344, 8351, -45015, 41047
17304.6, 1008, 3129, -5924, 8163, 143344, 8351, -45015, 41039
17306.9, 21, 3129, -5924, 8163, 143344, 8351, -45015, 41039
17312.6, 1251, 3016, -5742, 7917, 143344, 7761, -43741, 41022
17316.3, 1099, 3016, -5742, 7917, 143344, 7761, -43741, 40967
17320.6, 1106, 2998, -5734, 8074, 143344, 9397, -43068, 40967
17324.7, 787, 2998, -5734, 8074, 143344, 9397, -43068, 40999
17329.0, 1199, 3295, -5635, 8178, 143344, 10697, -45378, 40999
17332.7, 1135, 3295, -5635, 8178, 143344, 10697, -45378, 41063
17336.5, 1053, 3295, -5635, 8178, 143344, 10697, -45378, 41064
17340.7, 1146, 3640, -5338, 8595, 143344, 8435, -50330, 41064
17344.5, 1152, 3640, -5338, 8595, 143344, 8435, -50330, 41053
17348.7, 1098, 3559, -4744, 8946, 143344, 7560, -52758, 41053
17352.5, 953, 3559, -4744, 8946, 143344, 7560, -52758, 41080
17356.2, 1162, 3559, -4744, 8946, 143344, 7560, -52758, 41046
17360.5, 1186, 3409, -4223, 8423, 143344, 9935, -50978, 41046
17364.2, 1052, 3409, -4223, 8423, 143344, 9935, -50978, 41032
17368.4, 1090, 3231, -3990, 8502, 143344, 14288, -47950, 41032
17372.1, 1013, 3231, -3990, 8502, 143344, 14288, -47950, 41031
17375.9, 1138, 3231, -3990, 8502, 143344, 14288, -47950, 41003
17380.1, 1240, 3098, -3866, 7995, 143344, 17793, -46870, 41003
17383.8, 1136, 3098, -3866, 7995, 143344, 17793, -46870, 41017
17388.1, 1116, 3436, -3738, 8596, 143344, 17565, -49390, 41017
17391.8, 1106, 3436, -3738, 8596, 143344, 17565, -49390, 41018
17394.1, 25, 3436, -3738, 8596, 143344, 17565, -49390, 41018
17399.9, 1053, 3929, -3302, 9108, 143344, 11677, -52627, 41012
17403.6, 1148, 3929, -3302, 9108, 143344, 11677, -52627, 41026
17407.8, 1219, 4311, -2792, 8842, 143344, 2362, -51984, 41026
17411.6, 1110, 4311, -2792, 8842, 143344, 2362, -51984, 40992
17413.9, 27, 4311, -2792, 8842, 143344, 2362, -51984, 40992
17419.6, 913, 4409, -2536, 8934, 143344, -1369, -47626, 40983
17421.8, 18, 4409, -2536, 8934, 143344, -1369, -47626, 40983
17426.1, 1200, 4409, -2536, 8934, 143344, -1369, -47626, 40983
17429.9, 1246, 4409, -2536, 8934, 143344, -1369, -47626, 40977
17432.1, 30, 4409, -2536, 8934, 143344, -1369, -47626, 40977
17437.9, 1189, 4043, -2492, 8815, 143344, 2292, -38369, 40974
17441.5, 1043, 4043, -2492, 8815, 143344, 2292, -38369, 40973
17445.8, 1031, 3909, -2394, 8565, 143344, 2292, -38369, 40973
17449.5, 1125, 3909, -2394, 8565, 143344, 2292, -38369, 40960
17451.8, 49, 3909, -2394, 8565, 143344, 2292, -38369, 40960
17456.0, 1202, 3911, -2157, 8650, 143344, -1211, -39769, 40960
17459.7, 993, 3911, -2157, 8650, 143344, -1211, -39769, 40973
17462.0, 21, 3911, -2157, 8650, 143344, -1211, -39769, 40973
17467.7, 1222, 4015, -1798, 8874, 143344, -6895, -41165, 40935
17471.4, 1010, 4015, -1798, 8874, 143344, -6895, -41165, 40942
17475.7, 1368, 4345, -1318, 8915, 143344, -6895, -39747, 40942
17479.4, 1113, 4345, -1318, 8915, 143344, -6895, -39747, 40927
17481.7, 23, 4345, -1318, 8915, 143344, -6895, -39747, 40927
17486.0, 1076, 4554, -859, 8365, 143344, -12849, -35324, 40927
17489.7, 1049, 4554, -859, 8365, 143344, -12849, -35324, 40917
17494.0, 1154, 4529, -485, 8547, 143344, -12849, -35324, 40917
17497.8, 852, 4529, -485, 8547, 143344, -12849, -35324, 40918
17501.5, 1165, 4529, -485, 8547, 143344, -12849, -35324, 40919
17505.8, 1310, 4124, -113, 8067, 143344, -7385, -27479, 40919
17509.5, 1183, 4124, -113, 8067, 143344, -7385, -27479, 40906
17513.7, 1041, 3953, 66, 8472, 143344, -7385, -27479, 40906
17517.5, 1110, 3953, 66, 8472, 143344, -7385, -27479, 40927
17521.2, 1171, 3953, 66, 8472, 143344, -7385, -27479, 40881
17525.5, 1129, 3691, 248, 8501, 143344, -7630, -31618, 40881
17529.2, 1088, 3691, 248, 8501, 143344, -7630, -31618, 40884
17533.4, 1254, 3646, 413, 8059, 143344, -7630, -31618, 40884
17537.1, 1101, 3646, 413, 8059, 143344, -7630, -31618, 40878
17540.9, 1078, 3646, 413, 8059, 143344, -7630, -31618, 40891
17545.1, 1121, 3596, 944, 8395, 143344, -7953, -33272, 40891
17548.8, 673, 3596, 944, 8395, 143344, -7953, -33272, 40869
17553.1, 2216, 3682, 1164, 8173, 143344, -7953, -33272, 40869
17556.8, 1805, 3682, 1164, 8173, 143344, -7953, -33272, 40867
17559.1, 72, 3682, 1164, 8173, 143344, -7953, -33272, 40867
17564.9, 1058, 3782, 1384, 8425, 143344, -12184, -32546, 40854
17568.6, 991, 3782, 1384, 8425, 143344, -12184, -32546, 40852
17572.9, 1137, 3483, 1528, 8179, 143344, -12184, -32546, 40852
17576.6, 1205, 3483, 1528, 8179, 143344, -12184, -32546, 40843
17578.9, 31, 3483, 1528, 8179, 143344, -12184, -32546, 40843
17584.6, 1236, 3159, 1849, 8017, 143344, -6601, -32152, 40838
17586.8, 28, 3159, 1849, 8017, 143344, -6601, -32152, 40838
17591.0, 1154, 2970, 2085, 8140, 143344, -1211, -32624, 40838
17594.7, 1036, 2970, 2085, 8140, 143344, -1211, -32624, 40841
17597.0, 20, 2970, 2085, 8140, 143344, -1211, -32624, 40841
17602.7, 1553, 2795, 2104, 7943, 143344, -266, -35512, 40837
17606.4, 1170, 2795, 2104, 7943, 143344, -266, -35512, 40830
17610.6, 1065, 3001, 2349, 7896, 143344, -314, -39458, 40830
17614.4, 1027, 3001, 2349, 7896, 143344, -314, -39458, 40850
17616.6, 22, 3001, 2349, 7896, 143344, -314, -39458, 40850
17620.9, 1197, 3445, 2651, 7506, 143344, 1968, -42394, 40850
17624.7, 979, 3445, 2651, 7506, 143344, 1968, -42394, 40830
17627.0, 19, 3445, 2651, 7506, 143344, 1968, -42394, 40830
17632.7, 1225, 4018, 2899, 7734, 143344, 5683, -43094, 40809
17636.4, 1089, 4018, 2899, 7734, 143344, 5683, -43094, 40824
17640.7, 1106, 4347, 3311, 7668, 143344, 8701, -41134, 40824
17644.5, 1032, 4347, 3311, 7668, 143344, 8701, -41134, 40807
17648.7, 1053, 4066, 3510, 7438, 143344, 12092, -36649, 40807
17652.5, 1066, 4066, 3510, 7438, 143344, 12092, -36649, 40796
17656.3, 1115, 4066, 3510, 7438, 143344, 12092, -36649, 40787
17660.5, 1235, 3400, 3424, 7088, 143344, 15557, -29934, 40787
17664.3, 1045, 3400, 3424, 7088, 143344, 15557, -29934, 40772
17668.5, 1127, 2572, 3655, 7952, 143344, 16949, -23962, 40772
17672.2, 1117, 2572, 3655, 7952, 143344, 16949, -23962, 40750
17676.0, 1144, 2572, 3655, 7952, 143344, 16949, -23962, 40722
17680.2, 920, 2602, 4040, 6883, 143344, 12298, -23174, 40722
17684.0, 1099, 2602, 4040, 6883, 143344, 12298, -23174, 40707
17688.2, 2254, 2706, 4063, 6637, 143344, 6995, -27269, 40707
17691.9, 1152, 2706, 4063, 6637, 143344, 6995, -27269, 40704
17695.6, 945, 2706, 4063, 6637, 143344, 6995, -27269, 40682
17699.9, 1096, 2682, 4502, 6533, 143344, 9935, -30686, 40682
17703.6, 1106, 2682, 4502, 6533, 143344, 9935, -30686, 40677
17707.8, 1221, 3259, 4953, 5615, 143344, 16822, -30691, 40677
17711.6, 1101, 3259, 4953, 5615, 143344, 16822, -30691, 40662
17713.9, 25, 3259, 4953, 5615, 143344, 16822, -30691, 40662
17719.5, 1162, 3637, 4694, 7271, 143344, 23292, -30327, 40651
17723.3, 1121, 3637, 4694, 7271, 143344, 23292, -30327, 40629
17729.0, 1154, 2743, 5156, 6050, 143344, 26246, -28678, 40618
17732.7, 1110, 2743, 5156, 6050, 143344, 26246, -28678, 40610
17738.4, 1249, 2580, 5422, 5205, 143344, 35451, -25935, 40602
17742.2, 1004, 2580, 5422, 5205, 143344, 35451, -25935, 40564
17747.9, 1183, 1978, 4926, 5951, 143344, 46152, -25869, 40548
17751.6, 1188, 1978, 4926, 5951, 143344, 46152, -25869, 40523
17755.8, 1033, 2529, 5013, 6533, 143344, 44927, -31076, 40523
17759.6, 1045, 2529, 5013, 6533, 143344, 44927, -31076, 40498
17761.8, 23, 2529, 5013, 6533, 143344, 44927, -31076, 40498
17767.6, 1175, 2890, 5243, 5860, 143283, 34160, -35713, 40486
17771.3, 1096, 2890, 5243, 5860, 143283, 34160, -35713, 40443
17775.6, 1137, 2982, 5982, 5339, 142137, 28136, -34239, 40443
17779.3, 1058, 2982, 5982, 5339, 142137, 28136, -34239, 40445
17781.6, 24, 2982, 5982, 5339, 142137, 28136, -34239, 40445
17785.8, 1078, 2620, 5787, 5350, 136917, 23494, -28306, 40445
17789.6, 1040, 2620, 5787, 5350, 136917, 23494, -28306, 40431
17791.8, 23, 2620, 5787, 5350, 136917, 23494, -28306, 40431
17797.6, 1163, 3193, 6499, 4185, 135386, 24697, -21481, 40416
17801.3, 1059, 3193, 6499, 4185, 135386, 24697, -21481, 40349
17805.6, 1077, 3245, 6476, 5221, 131326, 32944, -17653, 40349
17809.3, 1058, 3245, 6476, 5221, 131326, 32944, -17653, 40395
17811.6, 23, 3245, 6476, 5221, 131326, 32944, -17653, 40395
17815.8, 1088, 3061, 6941, 4345, 123061, 38159, -14424, 40395
17819.6, 1047, 3061, 6941, 4345, 123061, 38159, -14424, 40387
17823.8, 1134, 2337, 6985, 4442, 116670, 41703, -10193, 40387
17827.5, 1065, 2337, 6985, 4442, 116670, 41703, -10193, 40384
17831.2, 952, 2337, 6985, 4442, 116670, 41703, -10193, 40391
17835.5, 959, 1633, 6989, 5099, 110671, 40924, -7376, 40391
17839.2, 1050, 1633, 6989, 5099, 110671, 40924, -7376, 40343
17843.4, 925, 1347, 6580, 5081, 103509, 31911, -8194, 40343
17847.1, 1068, 1347, 6580, 5081, 103509, 31911, -8194, 40323
17850.9, 1031, 1347, 6580, 5081, 103509, 31911, -8194, 40318
17855.1, 1062, 2382, 5296, 4651, 106708, 36991, -3307, 40318
17858.9, 1017, 2382, 5296, 4651, 106708, 36991, -3307, 40303
17863.1, 1085, 3297, 6188, 5057, 97034, 46467, -5031, 40303
17866.8, 1047, 3297, 6188, 5057, 97034, 46467, -5031, 40299
17870.6, 1059, 3297, 6188, 5057, 97034, 46467, -5031, 40283
17874.8, 1093, 3684, 6708, 4579, 86665, 44665, -11283, 40283
17878.5, 1061, 3684, 6708, 4579, 86665, 44665, -11283, 40274
17882.8, 1049, 2666, 7777, 4275, 76441, 32865, -5223, 40274
17886.5, 1036, 2666, 7777, 4275, 76441, 32865, -5223, 40269
17888.8, 23, 2666, 7777, 4275, 76441, 32865, -5223, 40269
17894.5, 1153, 2484, 7828, 4430, 65691, 27768, 8868, 40256
17898.3, 1040, 2484, 7828, 4430, 65691, 27768, 8868, 40230
17904.0, 1149, 2309, 8027, 6209, 53677, 30257, 19937, 40212
17906.3, 26, 2309, 8027, 6209, 53677, 30257, 19937, 40212
17908.5, 4, 2309, 8027, 6209, 53677, 30257, 19937, 40212
17914.3, 1176, 3031, 8486, 2152, 39765, 34449, 23568, 40211
17916.5, 26, 3031, 8486, 2152, 39765, 34449, 23568, 40211
17920.8, 1115, 2827, 8507, 2356, 45802, 57024, 17347, 40211
17924.5, 1111, 2827, 8507, 2356, 45802, 57024, 17347, 39402
17926.8, 25, 2827, 8507, 2356, 45802, 57024, 17347, 39402
17932.5, 1212, 2755, 7228, 4160, 44109, 63036, 11270, 39394
17936.2, 1070, 2755, 7228, 4160, 44109, 63036, 11270, 39383
17940.5, 1116, 2627, 6875, 4494, 37673, 42429, 10207, 39383
17944.2, 1097, 2627, 6875, 4494, 37673, 42429, 10207, 39366
17946.5, 26, 2627, 6875, 4494, 37673, 42429, 10207, 39366
17950.7, 1093, 1640, 7640, 3952, 25335, 21656, 10443, 39366
17954.4, 1042, 1640, 7640, 3952, 25335, 21656, 10443, 39405
17956.7, 23, 1640, 7640, 3952, 25335, 21656, 10443, 39405
17960.9, 1193, 1552, 8132, 3215, 20418, 15688, 8911, 39405
17964.6, 1076, 1552, 8132, 3215, 20418, 15688, 8911, 39336
17968.9, 1109, 1552, 8132, 3215, 17850, 19027, 7367, 39336
17972.6, 1075, 1552, 8132, 3215, 17850, 19027, 7367, 39335
17976.4, 1060, 1552, 8132, 3215, 17850, 19027, 7367, 39321
17980.6, 1139, 1933, 8383, 3764, 12578, 17128, 5013, 39321
17984.4, 1082, 1933, 8383, 3764, 12578, 17128, 5013, 39321
17988.6, 1113, 1933, 8383, 3764, 5355, 14717, -2563, 39321
17992.3, 1075, 1933, 8383, 3764, 5355, 14717, -2563, 39330
17996.1, 1111, 1933, 8383, 3764, 5355, 14717, -2563, 39327
18000.3, 1094, 1862, 8463, 3751, 936, 7551, -9139, 39327
18004.1, 1028, 1862, 8463, 3751, 936, 7551, -9139, 39338
18008.3, 1143, 1862, 8463, 3751, -3053, -3290, -10793, 39338
18012.0, 1122, 1862, 8463, 3751, -3053, -3290, -10793, 39368
18015.7, 1113, 1862, 8463, 3751, -3053, -3290, -10793, 39326
18020.0, 1122, 2653, 8359, 3453, -5770, -9546, -11160, 39326
18023.7, 1078, 2653, 8359, 3453, -5770, -9546, -11160, 39316
18027.9, 1122, 2653, 8359, 3453, -10788, -8666, -11733, 39316
18031.7, 1058, 2653, 8359, 3453, -10788, -8666, -11733, 39304
18034.0, 24, 2653, 8359, 3453, -10788, -8666, -11733, 39304
18039.7, 1116, 2593, 8554, 3726, -15999, -6461, -12657, 39266
18043.5, 1073, 2593, 8554, 3726, -15999, -6461, -12657, 39271
18047.7, 1087, 2593, 8554, 3726, -17959, -5359, -12731, 39271
18051.4, 1026, 2593, 8554, 3726, -17959, -5359, -12731, 39251
18053.7, 24, 2593, 8554, 3726, -17959, -5359, -12731, 39251
18059.5, 1156, 2227, 8413, 3875, -22850, -6396, -14704, 39174
18063.2, 1082, 2227, 8413, 3875, -22850, -6396, -14704, 39218
18068.9, 1145, 2227, 8413, 3875, -28311, -9603, -17622, 39189
18071.1, 30, 2227, 8413, 3875, -28311, -9603, -17622, 39189
18073.4, 4, 2227, 8413, 3875, -28311, -9603, -17622, 39189
18079.1, 1193, 2011, 8488, 3863, -32856, -16472, -17605, 39164
18081.4, 30, 2011, 8488, 3863, -32856, -16472, -17605, 39164
18085.6, 1068, 2095, 8509, 4103, -32856, -16472, -17605, 39164
18089.4, 1091, 2095, 8509, 4103, -32856, -16472, -17605, 39159
18091.7, 25, 2095, 8509, 4103, -32856, -16472, -17605, 39159
18095.9, 1095, 2444, 8523, 4072, -35473, -22925, -13995, 39159
18099.6, 1102, 2444, 8523, 4072, -35473, -22925, -13995, 39140
18101.9, 26, 2444, 8523, 4072, -35473, -22925, -13995, 39140
18107.6, 1194, 2288, 8650, 4063, -39769, -29868, -10399, 39137
18111.3, 1070, 2288, 8650, 4063, -39769, -29868, -10399, 39114
18115.6, 1084, 2000, 8599, 4135, -44122, -40600, -7336, 39114
18119.3, 1061, 2000, 8599, 4135, -44122, -40600, -7336, 39130
18121.6, 26, 2000, 8599, 4135, -44122, -40600, -7336, 39130
18125.9, 1055, 1905, 8350, 3800, -46778, -45876, -5455, 39130
18129.6, 1077, 1905, 8350, 3800, -46778, -45876, -5455, 39085
18133.8, 1072, 1594, 8146, 4074, -51516, -45299, -6370, 39085
18137.6, 1078, 1594, 8146, 4074, -51516, -45299, -6370, 39091
18141.3, 1060, 1594, 8146, 4074, -51516, -45299, -6370, 39083
18145.5, 1024, 1832, 7999, 3330, -54145, -42118, -9730, 39083
18149.3, 1116, 1832, 7999, 3330, -54145, -42118, -9730, 39078
18153.5, 1060, 1582, 8262, 4054, -61719, -40338, -13707, 39078
18157.2, 998, 1582, 8262, 4054, -61719, -40338, -13707, 39068
18161.0, 1062, 1582, 8262, 4054, -61719, -40338, -13707, 39047
18165.3, 1053, 1582, 7737, 3839, -65639, -43090, -19184, 39047
18169.0, 1014, 1582, 7737, 3839, -65639, -43090, -19184, 39042
18173.3, 1035, 2023, 7799, 3637, -62668, -40526, -25913, 39042
18177.0, 1047, 2023, 7799, 3637, -62668, -40526, -25913, 39042
18180.8, 1030, 2023, 7799, 3637, -62668, -40526, -25913, 39016
18185.0, 1080, 2632, 6253, 4700, -65249, -40849, -18300, 39016
18188.7, 1095, 2632, 6253, 4700, -65249, -40849, -18300, 39017
18192.9, 1083, 2610, 7447, 4710, -67677, -45723, -12762, 39017
18196.7, 1054, 2610, 7447, 4710, -67677, -45723, -12762, 38996
18199.0, 25, 2610, 7447, 4710, -67677, -45723, -12762, 38996
18204.7, 1142, 2402, 7998, 3693, -68850, -45509, -11252, 38954
18208.5, 1142, 2402, 7998, 3693, -68850, -45509, -11252, 38965
18212.7, 1177, 2489, 8256, 4119, -77434, -35359, -10395, 38965
18216.4, 1044, 2489, 8256, 4119, -77434, -35359, -10395, 38951
18218.7, 22, 2489, 8256, 4119, -77434, -35359, -10395, 38951
18224.4, 1336, 2654, 8336, 4682, -84731, -26084, -9498, 38934
18226.7, 86, 2654, 8336, 4682, -84731, -26084, -9498, 38934
18230.9, 1224, 2976, 8102, 4337, -91439, -25528, -7551, 38934
18234.6, 1133, 2976, 8102, 4337, -91439, -25528, -7551, 38932
18236.9, 31, 2976, 8102, 4337, -91439, -25528, -7551, 38932
18242.6, 1230, 2595, 7867, 5008, -95604, -30979, -2537, 38965
18246.3, 1138, 2595, 7867, 5008, -95604, -30979, -2537, 39002
18250.6, 1146, 2676, 7439, 4862, -94869, -38981, 5818, 39002
18254.3, 1148, 2676, 7439, 4862, -94869, -38981, 5818, 38989
18256.6, 31, 2676, 7439, 4862, -94869, -38981, 5818, 38989
18260.8, 1132, 2730, 7040, 5320, -100434, -48331, 13693, 38989
18264.6, 1128, 2730, 7040, 5320, -100434, -48331, 13693, 39012
18266.9, 28, 2730, 7040, 5320, -100434, -48331, 13693, 39012
18272.6, 1268, 2333, 7243, 5825, -108108, -60196, 19224, 38996
18276.3, 1129, 2333, 7243, 5825, -108108, -60196, 19224, 39057
18280.6, 1166, 2414, 7131, 6019, -113152, -63622, 22553, 39057
18284.3, 1158, 2414, 7131, 6019, -113152, -63622, 22553, 39086
18286.5, 31, 2414, 7131, 6019, -113152, -63622, 22553, 39086
18290.7, 1192, 2994, 6790, 5556, -118227, -60511, 21170, 39086
18294.5, 1138, 2994, 6790, 5556, -118227, -60511, 21170, 39113
18298.7, 1168, 3196, 6970, 5614, -121115, -57186, 19202, 39113
18302.5, 1168, 3196, 6970, 5614, -121115, -57186, 19202, 39139
18306.2, 1126, 3196, 6970, 5614, -121115, -57186, 19202, 39149
18310.4, 1195, 3343, 7202, 5440, -122357, -59185, 22037, 39149
18314.1, 1170, 3343, 7202, 5440, -122357, -59185, 22037, 39169
18318.3, 1160, 3357, 6758, 5590, -124020, -62966, 29396, 39169
18322.1, 1174, 3357, 6758, 5590, -124020, -62966, 29396, 39188
18325.8, 1152, 3357, 6758, 5590, -124020, -62966, 29396, 39209
18330.0, 1165, 3139, 6137, 6087, -124225, -64510, 37551, 39209
18333.8, 1143, 3139, 6137, 6087, -124225, -64510, 37551, 39230
18338.0, 1139, 2974, 5606, 5634, -125918, -64856, 42228, 39230
18341.7, 1132, 2974, 5606, 5634, -125918, -64856, 42228, 39315
18345.5, 1151, 2974, 5606, 5634, -125918, -64856, 42228, 39363
18349.7, 1151, 2951, 5359, 5743, -129909, -62047, 42866, 39363
18353.4, 1132, 2951, 5359, 5743, -129909, -62047, 42866, 39433
18359.1, 1200, 2695, 5532, 6647, -129103, -57781, 42022, 39463
18362.9, 1175, 2695, 5532, 6647, -129103, -57781, 42022, 39495
18368.6, 1207, 2860, 5480, 5805, -131383, -57142, 41116, 39528
18372.3, 1204, 2860, 5480, 5805, -131383, -57142, 41116, 39555
18378.0, 1130, 3264, 5289, 5927, -131134, -58547, 39379, 39047
18381.7, 1079, 3264, 5289, 5927, -131134, -58547, 39379, 39636
18386.0, 1182, 3571, 4989, 5885, -129523, -54390, 38229, 39636
18389.7, 1134, 3571, 4989, 5885, -129523, -54390, 38229, 39621
18392.0, 29, 3571, 4989, 5885, -129523, -54390, 38229, 39621
18397.7, 1234, 4341, 4616, 6426, -129475, -46953, 37485, 39648
18401.4, 1109, 4341, 4616, 6426, -129475, -46953, 37485, 39648
18405.7, 1115, 4235, 4537, 6760, -133982, -39371, 38518, 39648
18409.4, 1112, 4235, 4537, 6760, -133982, -39371, 38518, 39643
18411.7, 28, 4235, 4537, 6760, -133982, -39371, 38518, 39643
18415.9, 1129, 3771, 4585, 7433, -138742, -36798, 44748, 39643
18419.7, 1092, 3771, 4585, 7433, -138742, -36798, 44748, 38954
18421.9, 28, 3771, 4585, 7433, -138742, -36798, 44748, 38954
18427.6, 1161, 3045, 4256, 5872, -141774, -36151, 51490, 39617
18431.4, 1096, 3045, 4256, 5872, -141774, -36151, 51490, 39602
18435.6, 1186, 2721, 3903, 7028, -142224, -32699, 52977, 39602
18439.4, 1128, 2721, 3903, 7028, -142224, -32699, 52977, 39593
18441.7, 28, 2721, 3903, 7028, -142224, -32699, 52977, 39593
18446.0, 1096, 3324, 3696, 8255, -139074, -34418, 49158, 39593
18449.7, 1134, 3324, 3696, 8255, -139074, -34418, 49158, 39577
18454.0, 1163, 4406, 3375, 7001, -137145, -44389, 41751, 39577
18457.7, 1124, 4406, 3375, 7001, -137145, -44389, 41751, 39551
18461.4, 1104, 4406, 3375, 7001, -137145, -44389, 41751, 39553
18465.7, 1116, 5700, 3104, 6591, -133452, -41641, 37393, 39553
18469.4, 1131, 5700, 3104, 6591, -133452, -41641, 37393, 39668
18473.6, 1161, 5635, 2854, 6924, -131313, -30249, 44148, 39668
18477.3, 1146, 5635, 2854, 6924, -131313, -30249, 44148, 39672
18481.0, 1120, 5635, 2854, 6924, -131313, -30249, 44148, 39706
18485.3, 1173, 4472, 2333, 6814, -133444, -21398, 57737, 39706
18489.0, 1109, 4472, 2333, 6814, -133444, -21398, 57737, 39741
18493.2, 1111, 3641, 1899, 6578, -135548, -12753, 68189, 39741
18497.0, 1083, 3641, 1899, 6578, -135548, -12753, 68189, 39775
18500.8, 1098, 3641, 1899, 6578, -135548, -12753, 68189, 39807
18505.0, 1147, 3592, 1091, 7880, -136729, -8614, 67179, 39807
18508.8, 1161, 3592, 1091, 7880, -136729, -8614, 67179, 39866
18513.0, 1117, 4072, 1342, 8719, -134756, -14105, 56757, 39866
18516.7, 1090, 4072, 1342, 8719, -134756, -14105, 56757, 39881
18519.0, 24, 4072, 1342, 8719, -134756, -14105, 56757, 39881
18524.7, 1197, 4448, 1843, 7277, -132083, -18384, 49000, 39893
18528.5, 1109, 4448, 1843, 7277, -132083, -18384, 49000, 39932
18532.7, 1140, 5082, 1896, 7101, -130263, -10998, 49665, 39932
18536.5, 1077, 5082, 1896, 7101, -130263, -10998, 49665, 39967
18538.8, 24, 5082, 1896, 7101, -130263, -10998, 49665, 39967
18544.5, 1120, 5624, 1522, 9859, -126697, -4882, 56425, 40019
18548.3, 1129, 5624, 1522, 9859, -126697, -4882, 56425, 39969
18554.0, 1192, 4680, 873, 9060, -128907, -17876, 64107, 40059
18556.2, 29, 4680, 873, 9060, -128907, -17876, 64107, 40059
18560.5, 1118, 4680, 873, 9060, -129882, -28398, 71326, 40059
18564.2, 1100, 4680, 873, 9060, -129882, -28398, 71326, 40084
18566.5, 28, 4680, 873, 9060, -129882, -28398, 71326, 40084
18570.7, 1114, 3623, 390, 5757, -125761, -12031, 73041, 40084
18574.5, 1067, 3623, 390, 5757, -125761, -12031, 73041, 40098
18576.7, 25, 3623, 390, 5757, -125761, -12031, 73041, 40098
18581.0, 1133, 3446, -1856, 7654, -122112, 6873, 58429, 40098
18584.7, 1173, 3446, -1856, 7654, -122112, 6873, 58429, 40120
18587.0, 29, 3446, -1856, 7654, -122112, 6873, 58429, 40120
18592.7, 1201, 5098, -1530, 8901, -119080, 11852, 35761, 40191
18596.4, 1114, 5098, -1530, 8901, -119080, 11852, 35761, 40226
18600.7, 1135, 6602, -379, 8143, -117466, 11020, 23454, 40226
18604.4, 1070, 6602, -379, 8143, -117466, 11020, 23454, 40261
18606.7, 27, 6602, -379, 8143, -117466, 11020, 23454, 40261
18610.9, 1133, 6960, 585, 8153, -120253, 14030, 28127, 40261
18614.7, 1100, 6960, 585, 8153, -120253, 14030, 28127, 40303
18618.9, 1129, 6960, 585, 8153, -120253, 14030, 28127, 40303
18622.6, 1120, 6960, 585, 8153, -120253, 14030, 28127, 40339
18626.4, 1110, 6960, 585, 8153, -120253, 14030, 28127, 40372
18630.6, 1109, 4972, -174, 7581, -125932, 22487, 59658, 40372
18634.4, 1071, 4972, -174, 7581, -125932, 22487, 59658, 40397
18638.6, 1140, 4972, -174, 7581, -125932, 22487, 59658, 40397
18642.3, 1089, 4972, -174, 7581, -125932, 22487, 59658, 40409
18646.1, 1019, 4972, -174, 7581, -125932, 22487, 59658, 40392
18650.3, 1137, 3232, -1237, 7444, -129016, 47246, 46397, 40392
18654.0, 1157, 3232, -1237, 7444, -129016, 47246, 46397, 40454
18658.2, 1114, 3232, -1237, 7444, -129016, 47246, 46397, 40454
18661.9, 1111, 3232, -1237, 7444, -129016, 47246, 46397, 40470
18665.7, 1189, 3232, -1237, 7444, -129016, 47246, 46397, 40488
18669.9, 1126, 5422, -2066, 9622, -129095, 4121, 18392, 40488
18673.7, 1085, 5422, -2066, 9622, -129095, 4121, 18392, 40499
18677.9, 1146, 5422, -2066, 9622, -129095, 4121, 18392, 40499
18681.6, 1115, 5422, -2066, 9622, -129095, 4121, 18392, 40511
18683.9, 27, 5422, -2066, 9622, -129095, 4121, 18392, 40511
18689.6, 1157, 7511, -1294, 7605, -123573, -7901, 24929, 40547
18693.3, 1088, 7511, -1294, 7605, -123573, -7901, 24929, 40561
18699.0, 1136, 7511, -752, 7527, -124882, 11025, 42744, 40575
18702.7, 1093, 7511, -752, 7527, -124882, 11025, 42744, 40603
18708.8, 770, 6599, -752, 7527, -124882, 11025, 42744, 40631
18711.1, 15, 6599, -752, 7527, -124882, 11025, 42744, 40631
18713.4, 4, 6599, -752, 7527, -124882, 11025, 42744, 40631
18719.1, 1168, 5341, -1692, 8146, -126120, 28219, 55624, 40641
18721.3, 27, 5341, -1692, 8146, -126120, 28219, 55624, 40641
18725.6, 1140, 4539, -3055, 8575, -126986, 34803, 55624, 40641
18729.3, 1119, 4539, -3055, 8575, -126986, 34803, 55624, 40629
18731.6, 26, 4539, -3055, 8575, -126986, 34803, 55624, 40629
18735.8, 1113, 3727, -3680, 8816, -128828, 25191, 45544, 40629
18739.5, 1145, 3727, -3680, 8816, -128828, 25191, 45544, 40668
18741.8, 28, 3727, -3680, 8816, -128828, 25191, 45544, 40668
18746.0, 1164, 3558, -3800, 7893, -128084, 11506, 35271, 40668
18749.7, 1123, 3558, -3800, 7893, -128084, 11506, 35271, 40674
18752.0, 27, 3558, -3800, 7893, -128084, 11506, 35271, 40674
18757.7, 1215, 4108, -3806, 8391, -124199, 5000, 30126, 40673
18761.4, 1073, 4108, -3806, 8391, -124199, 5000, 30126, 40655
18765.7, 1115, 5661, -3792, 9013, -117982, -2266, 28608, 40655
18769.4, 1126, 5661, -3792, 9013, -117982, -2266, 28608, 40690
18771.6, 28, 5661, -3792, 9013, -117982, -2266, 28608, 40690
18775.9, 1108, 6263, -3720, 6818, -115589, -11716, 30958, 40690
18779.6, 1107, 6263, -3720, 6818, -115589, -11716, 30958, 40715
18783.8, 1112, 5322, -3787, 6765, -116442, -7686, 41208, 40715
18787.5, 1133, 5322, -3787, 6765, -116442, -7686, 41208, 40742
18791.2, 1091, 5322, -3787, 6765, -116442, -7686, 41208, 40771
18795.5, 1091, 3920, -4475, 7906, -119102, 7892, 55143, 40771
18799.2, 1119, 3920, -4475, 7906, -119102, 7892, 55143, 40748
18803.5, 1096, 3202, -5236, 8265, -123503, 16874, 59374, 40748
18807.2, 1103, 3202, -5236, 8265, -123503, 16874, 59374, 40775
18810.9, 1209, 3202, -5236, 8265, -123503, 16874, 59374, 40796
18815.1, 1197, 2959, -5169, 8791, -128627, 19272, 52194, 40796
18818.9, 1120, 2959, -5169, 8791, -128627, 19272, 52194, 40787
18823.1, 1129, 2979, -4944, 9225, -127336, 14910, 41007, 40787
18826.8, 1070, 2979, -4944, 9225, -127336, 14910, 41007, 40742
18830.6, 1081, 2979, -4944, 9225, -127336, 14910, 41007, 40809
18834.8, 1152, 3675, -4980, 7206, -124527, 7227, 30866, 40809
18838.5, 1108, 3675, -4980, 7206, -124527, 7227, 30866, 40815
18842.8, 1096, 4394, -5053, 5781, -123775, 5101, 25913, 40815
18846.5, 1121, 4394, -5053, 5781, -123775, 5101, 25913, 40840
18848.8, 27, 4394, -5053, 5781, -123775, 5101, 25913, 40840
18854.5, 1176, 4204, -5116, 7095, -125140, 9581, 30380, 40864
18858.3, 1079, 4204, -5116, 7095, -125140, 9581, 30380, 40865
18864.0, 1142, 3827, -5895, 8362, -125280, 9380, 39607, 40871
18867.7, 1075, 3827, -5895, 8362, -125280, 9380, 39607, 40874
18873.4, 1261, 3441, -6468, 7733, -127546, 7918, 44153, 40893
18877.2, 1162, 3441, -6468, 7733, -127546, 7918, 44153, 40916
18882.9, 1137, 3306, -6244, 6933, -130105, 7616, 41025, 40906
18886.6, 1061, 3306, -6244, 6933, -130105, 7616, 41025, 40930
18890.9, 1162, 3262, -5856, 7599, -130692, 9883, 34046, 40930
18894.6, 1192, 3262, -5856, 7599, -130692, 9883, 34046, 40929
18896.9, 29, 3262, -5856, 7599, -130692, 9883, 34046, 40929
18902.6, 1204, 3736, -5649, 7748, -131028, 7153, 27716, 40936
18906.3, 1076, 3736, -5649, 7748, -131028, 7153, 27716, 40946
18910.6, 1088, 4484, -5858, 7773, -127769, 2979, 25502, 40946
18914.3, 1073, 4484, -5858, 7773, -127769, 2979, 25502, 40948
18916.6, 25, 4484, -5858, 7773, -127769, 2979, 25502, 40948
18920.8, 1163, 4748, -6651, 5541, -123407, 4484, 27711, 40948
18924.6, 1161, 4748, -6651, 5541, -123407, 4484, 27711, 40603
18926.8, 27, 4748, -6651, 5541, -123407, 4484, 27711, 40603
18932.6, 1221, 4529, -7620, 4863, -119732, 10351, 32095, 40956
18936.3, 1113, 4529, -7620, 4863, -119732, 10351, 32095, 40959
18940.6, 1126, 3669, -8448, 6109, -115952, 16822, 36829, 40959
18944.3, 1074, 3669, -8448, 6109, -115952, 16822, 36829, 40951
18946.6, 24, 3669, -8448, 6109, -115952, 16822, 36829, 40951
18950.8, 1125, 2918, -9122, 5541, -113134, 16240, 37778, 40951
18954.6, 1141, 2918, -9122, 5541, -113134, 16240, 37778, 40979
18958.8, 1098, 2953, -9243, 5968, -113432, 12902, 32187, 40979
18962.5, 1112, 2953, -9243, 5968, -113432, 12902, 32187, 40976
18966.3, 1146, 2953, -9243, 5968, -113432, 12902, 32187, 40975
18970.6, 1104, 2890, -8469, 6809, -116118, 10014, 24159, 40975
18974.3, 1162, 2890, -8469, 6809, -116118, 10014, 24159, 40984
18978.5, 1182, 3165, -7302, 8038, -116731, 5608, 19805, 40984
18982.2, 1132, 3165, -7302, 8038, -116731, 5608, 19805, 40978
18986.0, 1119, 3165, -7302, 8038, -116731, 5608, 19805, 40997
18990.2, 1082, 3786, -6585, 7429, -113642, 4165, 21551, 40997
18993.9, 1138, 3786, -6585, 7429, -113642, 4165, 21551, 41014
18998.2, 1166, 4513, -6784, 5191, -111118, 1369, 25318, 41014
19001.9, 1109, 4513, -6784, 5191, -111118, 1369, 25318, 41002
19005.6, 1116, 4513, -6784, 5191, -111118, 1369, 25318, 41037
19009.8, 1140, 4514, -7637, 4454, -108598, 21, 28061, 41037
19013.6, 1121, 4514, -7637, 4454, -108598, 21, 28061, 41028
19017.8, 1157, 3794, -8889, 4788, -105570, 3373, 31071, 41028
19021.5, 1106, 3794, -8889, 4788, -105570, 3373, 31071, 41030
19023.8, 27, 3794, -8889, 4788, -105570, 3373, 31071, 41030
19029.5, 1186, 3361, -9837, 5096, -104139, 6405, 31999, 41042
19033.2, 1123, 3361, -9837, 5096, -104139, 6405, 31999, 41031
19039.0, 1237, 3062, -9745, 5262, -103903, 9406, 28761, 41022
19041.2, 28, 3062, -9745, 5262, -103903, 9406, 28761, 41022
19043.5, 5, 3062, -9745, 5262, -103903, 9406, 28761, 41022
19049.2, 1268, 2953, -8995, 5505, -105202, 12280, 23511, 41032
19051.4, 29, 2953, -8995, 5505, -105202, 12280, 23511, 41032
19055.7, 1149, 3107, -8366, 6192, -107359, 13637, 19127, 41032
19059.4, 1138, 3107, -8366, 6192, -107359, 13637, 19127, 41355
19061.7, 26, 3107, -8366, 6192, -107359, 13637, 19127, 41355
19067.4, 1236, 3412, -8213, 6211, -108191, 14945, 17395, 41347
19071.1, 1105, 3412, -8213, 6211, -108191, 14945, 17395, 41373
19075.4, 1176, 4022, -8519, 5456, -106909, 17425, 17434, 41373
19079.1, 1150, 4022, -8519, 5456, -106909, 17425, 17434, 41343
19081.4, 25, 4022, -8519, 5456, -106909, 17425, 17434, 41343
19085.6, 1147, 4465, -9030, 4283, -102875, 16813, 17032, 41343
19089.3, 1150, 4465, -9030, 4283, -102875, 16813, 17032, 41347
19091.6, 26, 4465, -9030, 4283, -102875, 16813, 17032, 41347
19095.8, 1178, 4187, -9430, 2940, -98128, 13505, 16782, 41347
19099.5, 1098, 4187, -9430, 2940, -98128, 13505, 16782, 41355
19103.7, 1166, 3742, -9753, 2960, -92265, 12363, 17408, 41355
19107.5, 1125, 3742, -9753, 2960, -92265, 12363, 17408, 41349
19111.3, 1129, 3742, -9753, 2960, -92265, 12363, 17408, 41374
19115.5, 1141, 3199, -9886, 4060, -88450, 12197, 18099, 41374
19119.3, 1118, 3199, -9886, 4060, -88450, 12197, 18099, 41378
19123.5, 1153, 3004, -9907, 4317, -86223, 9205, 17132, 41378
19127.3, 1102, 3004, -9907, 4317, -86223, 9205, 17132, 41380
19131.0, 1143, 3004, -9907, 4317, -86223, 9205, 17132, 41408
19135.2, 1172, 2813, -9416, 4489, -85795, 8465, 14905, 41408
19139.0, 1146, 2813, -9416, 4489, -85795, 8465, 14905, 41383
19143.2, 1137, 2724, -9052, 5160, -86595, 11090, 13120, 41383
19146.9, 1137, 2724, -9052, 5160, -86595, 11090, 13120, 41372
19150.6, 1130, 2724, -9052, 5160, -86595, 11090, 13120, 41360
19154.9, 1157, 2685, -9117, 5230, -86486, 16108, 12258, 41360
19158.6, 1130, 2685, -9117, 5230, -86486, 16108, 12258, 41322
19162.8, 1128, 3069, -9114, 3827, -85090, 19775, 11922, 41322
19166.6, 1078, 3069, -9114, 3827, -85090, 19775, 11922, 41352
19168.9, 25, 3069, -9114, 3827, -85090, 19775, 11922, 41352
19174.6, 1181, 3491, -9181, 3317, -83467, 19377, 11173, 41349
19178.4, 1114, 3491, -9181, 3317, -83467, 19377, 11173, 41325
19184.1, 1154, 3300, -9310, 3092, -82378, 14870, 10710, 41339
19187.8, 1123, 3300, -9310, 3092, -82378, 14870, 10710, 41323
19193.5, 1241, 3012, -9675, 3351, -80483, 9725, 11068, 41309
19195.8, 29, 3012, -9675, 3351, -80483, 9725, 11068, 41309
19198.1, 5, 3012, -9675, 3351, -80483, 9725, 11068, 41309
19203.8, 1219, 2931, -9893, 3271, -80855, 5512, 11095, 41307
19206.0, 28, 2931, -9893, 3271, -80855, 5512, 11095, 41307
19208.3, 6, 2931, -9893, 3271, -80855, 5512, 11095, 41307
19214.0, 1214, 3132, -9428, 4029, -80728, 1443, 9493, 41309
19216.3, 28, 3132, -9428, 4029, -80728, 1443, 9493, 41309
19220.5, 1132, 3132, -9428, 4029, -80728, 2441, 8588, 41309
19224.3, 1120, 3132, -9428, 4029, -80728, 2441, 8588, 41304
19226.6, 24, 3132, -9428, 4029, -80728, 2441, 8588, 41304
19230.8, 1156, 2910, -8698, 3743, -85571, 11327, 9388, 41304
19234.5, 1161, 2910, -8698, 3743, -85571, 11327, 9388, 41305
19236.8, 26, 2910, -8698, 3743, -85571, 11327, 9388, 41305
19241.0, 1167, 2812, -8538, 4401, -86648, 23463, 10040, 41305
19244.7, 1098, 2812, -8538, 4401, -86648, 23463, 10040, 41297
19247.0, 24, 2812, -8538, 4401, -86648, 23463, 10040, 41297
19252.7, 1244, 2945, -9042, 3139, -86053, 28621, 9458, 41299
19256.4, 1125, 2945, -9042, 3139, -86053, 28621, 9458, 41288
19260.7, 1153, 2945, -9042, 1859, -86753, 25519, 8417, 41288
19264.5, 1104, 2945, -9042, 1859, -86753, 25519, 8417, 41282
19268.7, 1135, 3220, -9052, 1859, -86753, 25519, 8417, 41282
19272.5, 1110, 3220, -9052, 1859, -86753, 25519, 8417, 41287
19276.2, 1120, 3220, -9052, 1859, -86753, 25519, 8417, 41269
19280.5, 1135, 3070, -9646, 2621, -84994, 13746, 7494, 41269
19284.2, 1132, 3070, -9646, 2621, -84994, 13746, 7494, 41263
19288.4, 1158, 2794, -9646, 2621, -84994, 13746, 7494, 41263
19292.1, 1132, 2794, -9646, 2621, -84994, 13746, 7494, 41252
19295.8, 1107, 2794, -9646, 2621, -84994, 13746, 7494, 41244
19300.1, 1136, 2775, -9777, 2547, -83747, 6698, 4926, 41244
19303.8, 1124, 2775, -9777, 2547, -83747, 6698, 4926, 41228
19308.1, 1135, 2794, -9779, 2547, -83747, 6698, 4926, 41228
19311.8, 1079, 2794, -9779, 2547, -83747, 6698, 4926, 41229
19314.1, 26, 2794, -9779, 2547, -83747, 6698, 4926, 41229
19319.9, 1153, 2810, -9575, 2372, -86026, 14743, 6020, 41199
19323.6, 1121, 2810, -9575, 2372, -86026, 14743, 6020, 41195
19327.8, 1131, 2855, -9569, 2372, -86026, 14743, 6020, 41195
19331.6, 1093, 2855, -9569, 2372, -86026, 14743, 6020, 41185
19333.8, 28, 2855, -9569, 2372, -86026, 14743, 6020, 41185
19339.6, 1175, 2636, -9644, 2216, -88525, 22597, 8548, 41169
19343.3, 1118, 2636, -9644, 2216, -88525, 22597, 8548, 41182
19349.0, 1174, 2591, -9827, 2216, -87969, 20125, 8898, 41196
19352.7, 1122, 2591, -9827, 2216, -87969, 20125, 8898, 41191
19358.4, 1201, 2464, -10208, 2276, -87969, 20125, 8898, 41205
19362.2, 1098, 2464, -10208, 2276, -87969, 20125, 8898, 41184
19367.9, 1191, 2389, -10255, 581, -83375, 9791, 8535, 41177
19371.6, 1080, 2389, -10255, 581, -83375, 9791, 8535, 41164
19375.9, 1116, 2210, -10263, -577, -79000, 1408, 8688, 41164
19379.6, 1086, 2210, -10263, -577, -79000, 1408, 8688, 41166
19381.9, 24, 2210, -10263, -577, -79000, 1408, 8688, 41166
19387.6, 1198, 1856, -10459, -662, -75714, -459, 8894, 41158
19391.3, 1070, 1856, -10459, -662, -75714, -459, 8894, 41120
19395.6, 1102, 1550, -10790, -568, -70666, 901, 7726, 41120
19399.3, 1082, 1550, -10790, -568, -70666, 901, 7726, 41139
19401.6, 24, 1550, -10790, -568, -70666, 901, 7726, 41139
19405.8, 1104, 1390, -10731, -442, -64877, 1736, 5053, 41139
19409.6, 1070, 1390, -10731, -442, -64877, 1736, 5053, 41137
19411.8, 24, 1390, -10731, -442, -64877, 1736, 5053, 41137
19417.5, 1219, 1447, -10615, -367, -59667, 756, 3058, 41123
19421.3, 1071, 1447, -10615, -367, -59667, 756, 3058, 41110
19425.5, 1134, 1492, -10526, -111, -54570, -1544, 3001, 41110
19429.2, 1092, 1492, -10526, -111, -54570, -1544, 3001, 41094
19433.5, 1118, 1477, -10308, -320, -51297, -3635, 4099, 41094
19437.2, 1091, 1477, -10308, -320, -51297, -3635, 4099, 41093
19440.9, 1102, 1477, -10308, -320, -51297, -3635, 4099, 41078
19445.2, 1133, 1663, -10034, 103, -47972, -4173, 4340, 41078
19448.9, 1103, 1663, -10034, 103, -47972, -4173, 4340, 41068
19453.1, 1151, 1649, -9875, 34, -44923, -6733, 4475, 41068
19456.8, 1100, 1649, -9875, 34, -44923, -6733, 4475, 41071
19460.6, 1064, 1649, -9875, 34, -44923, -6733, 4475, 41047
19464.8, 1131, 1620, -9942, -170, -42569, -10233, 4961, 41047
19468.6, 1107, 1620, -9942, -170, -42569, -10233, 4961, 41049
19472.8, 1127, 1738, -10164, -279, -40766, -12569, 4510, 41049
19476.5, 1073, 1738, -10164, -279, -40766, -12569, 4510, 41045
19478.8, 25, 1738, -10164, -279, -40766, -12569, 4510, 41045
19484.5, 1165, 1843, -10179, -319, -38929, -13068, 3727, 41039
19488.3, 1084, 1843, -10179, -319, -38929, -13068, 3727, 41044
19494.0, 1155, 2126, -10123, -23, -36124, -10390, 4160, 41044
19497.7, 1094, 2126, -10123, -23, -36124, -10390, 4160, 41030
19503.4, 1133, 2346, -10033, 282, -33876, -7485, 5718, 41045
19507.2, 1072, 2346, -10033, 282, -33876, -7485, 5718, 41009
19512.9, 1139, 2279, -9875, 95, -31434, -5315, 6947, 41002
19516.6, 1072, 2279, -9875, 95, -31434, -5315, 6947, 40995
19520.9, 1084, 2087, -9936, 183, -29772, -3246, 7083, 40995
19524.6, 1096, 2087, -9936, 183, -29772, -3246, 7083, 40995
19526.9, 24, 2087, -9936, 183, -29772, -3246, 7083, 40995
19532.6, 1169, 1988, -10063, 7, -26806, -1916, 6177, 40981
19536.3, 1081, 1988, -10063, 7, -26806, -1916, 6177, 40978
19540.5, 1118, 1919, -10121, -194, -23209, -818, 5136, 40978
19544.3, 1078, 1919, -10121, -194, -23209, -818, 5136, 40976
19546.6, 22, 1919, -10121, -194, -23209, -818, 5136, 40976
19550.9, 1080, 1884, -9927, 33, -19652, -1229, 4847, 40976
19554.6, 1100, 1884, -9927, 33, -19652, -1229, 4847, 40943
19556.9, 24, 1884, -9927, 33, -19652, -1229, 4847, 40943
19562.6, 1193, 2032, -9999, 433, -15903, -1644, 5385, 40965
19566.3, 1090, 2032, -9999, 433, -15903, -1644, 5385, 40953
19570.6, 1108, 2229, -10051, 508, -13453, -1889, 5429, 40953
19574.3, 1055, 2229, -10051, 508, -13453, -1889, 5429, 40952
19576.6, 24, 2229, -10051, 508, -13453, -1889, 5429, 40952
19580.8, 1101, 2434, -9997, 331, -10119, -2695, 4908, 40952
19584.6, 1112, 2434, -9997, 331, -10119, -2695, 4908, 40902
19588.8, 1129, 2457, -9927, 123, -6864, -1636, 4020, 40902
19592.6, 1087, 2457, -9927, 123, -6864, -1636, 4020, 40931
19596.3, 1072, 2457, -9927, 123, -6864, -1636, 4020, 40932
19600.6, 1129, 2420, -9814, -360, -4322, 2458, 3911, 40932
19604.3, 1085, 2420, -9814, -360, -4322, 2458, 3911, 40934
19608.5, 1140, 2447, -9994, 284, -1448, 7245, 4445, 40934
19612.2, 1087, 2447, -9994, 284, -1448, 7245, 4445, 40967
19616.0, 1019, 2447, -9994, 284, -1448, 7245, 4445, 40914
19620.2, 1118, 2328, -10081, 322, 253, 9043, 4060, 40914
19623.9, 1107, 2328, -10081, 322, 253, 9043, 4060, 40916
19628.1, 1127, 2385, -9893, 443, 4353, 7472, 1968, 40916
19631.9, 1052, 2385, -9893, 443, 4353, 7472, 1968, 40893
19635.6, 1061, 2385, -9893, 443, 4353, 7472, 1968, 40893
19639.8, 1165, 2394, -9867, 59, 9480, 6615, -83, 40893
19643.6, 1089, 2394, -9867, 59, 9480, 6615, -83, 40893
19647.8, 1100, 2173, -10119, -337, 14512, 6685, -586, 40893
19651.5, 1036, 2173, -10119, -337, 14512, 6685, -586, 40891
19653.8, 24, 2173, -10119, -337, 14512, 6685, -586, 40891
19659.5, 1176, 2092, -10289, -661, 17977, 5442, -2148, 40806
19663.2, 1097, 2092, -10289, -661, 17977, 5442, -2148, 40819
19669.0, 1136, 1924, -10270, -472, 22199, 3119, -4996, 40864
19672.7, 1041, 1924, -10270, -472, 22199, 3119, -4996, 40820
19678.4, 1160, 1985, -10307, -39, 26701, 214, -7188, 40820
19682.1, 1253, 1985, -10307, -39, 26701, 214, -7188, 40807
19687.8, 1190, 2252, -10280, 215, 29662, -4904, -8478, 40809
19691.5, 1059, 2252, -10280, 215, 29662, -4904, -8478, 40847
19695.8, 1105, 2422, -10161, 22, 32253, -7026, -8286, 40847
19699.5, 1086, 2422, -10161, 22, 32253, -7026, -8286, 40828
19701.8, 24, 2422, -10161, 22, 32253, -7026, -8286, 40828
19706.0, 1084, 2457, -10296, 4, 34943, -2843, -7183, 40828
19709.7, 982, 2457, -10296, 4, 34943, -2843, -7183, 40827
19712.0, 20, 2457, -10296, 4, 34943, -2843, -7183, 40827
19717.7, 1174, 2490, -10505, 280, 38273, 2800, -7363, 40828
19721.4, 1025, 2490, -10505, 280, 38273, 2800, -7363, 40823
19725.7, 1071, 2441, -10631, 269, 43636, 2905, -9327, 40823
19729.4, 1048, 2441, -10631, 269, 43636, 2905, -9327, 40829
19731.6, 25, 2441, -10631, 269, 43636, 2905, -9327, 40829
19735.8, 1167, 2075, -10812, -336, 49429, -131, -12267, 40829
19739.6, 1090, 2075, -10812, -336, 49429, -131, -12267, 40849
19741.8, 25, 2075, -10812, -336, 49429, -131, -12267, 40849
19747.6, 1069, 1664, -10816, -584, 56937, -2493, -14682, 40843
19751.3, 1036, 1664, -10816, -584, 56937, -2493, -14682, 40839
19755.6, 1134, 1616, -11138, -281, 64829, -6636, -15719, 40839
19759.3, 1110, 1616, -11138, -281, 64829, -6636, -15719, 40840
19763.6, 1047, 1616, -10985, -181, 70928, -11615, -15513, 40840
19767.3, 1058, 1616, -10985, -181, 70928, -11615, -15513, 40860
19771.0, 1083, 1616, -10985, -181, 70928, -11615, -15513, 40859
19775.3, 1104, 1972, -10979, 779, 77596, -18817, -14332, 40859
19779.0, 1089, 1972, -10979, 779, 77596, -18817, -14332, 40879
19783.2, 1099, 1972, -10972, 1545, 82330, -25419, -12429, 40879
19787.0, 1006, 1972, -10972, 1545, 82330, -25419, -12429, 40880
19790.7, 1045, 1972, -10972, 1545, 82330, -25419, -12429, 40879
19794.9, 1106, 2419, -10807, 1437, 85029, -30039, -10570, 40879
19798.7, 1067, 2419, -10807, 1437, 85029, -30039, -10570, 40865
19802.9, 1128, 2419, -10808, 2000, 88813, -30467, -9073, 40865
19806.6, 1060, 2419, -10808, 2000, 88813, -30467, -9073, 40898
19808.9, 23, 2419, -10808, 2000, 88813, -30467, -9073, 40898
19814.6, 1152, 2434, -10933, 2715, 92051, -31693, -8548, 40902
19818.3, 1073, 2434, -10933, 2715, 92051, -31693, -8548, 40894
19824.0, 1100, 2813, -10792, 3624, 95153, -40066, -8115, 40864
19827.7, 1077, 2813, -10792, 3624, 95153, -40066, -8115, 40898
19833.5, 1127, 2882, -10282, 2986, 98189, -50715, -6046, 40886
19837.2, 1049, 2882, -10282, 2986, 98189, -50715, -6046, 40901
19843.0, 1182, 2882, -10282, 2986, 98189, -52308, -2480, 40930
19846.7, 995, 2882, -10282, 2986, 98189, -52308, -2480, 40891
19850.9, 1091, 2603, -10079, 1551, 100639, -52308, -2480, 40891
19854.6, 1073, 2603, -10079, 1551, 100639, -52308, -2480, 40890
19856.9, 26, 2603, -10079, 1551, 100639, -52308, -2480, 40890
19862.6, 1165, 1917, -9905, 893, 101926, -19250, -1666, 40853
19866.3, 1056, 1917, -9905, 893, 101926, -19250, -1666, 40884
19870.6, 1103, 1689, -10259, 2036, 103588, -19250, -1666, 40884
19874.3, 1089, 1689, -10259, 2036, 103588, -19250, -1666, 40882
19876.6, 26, 1689, -10259, 2036, 103588, -19250, -1666, 40882
19880.8, 1109, 1998, -10308, 3059, 106252, -13291, -9502, 40882
19884.6, 1061, 1998, -10308, 3059, 106252, -13291, -9502, 40820
19886.8, 24, 1998, -10308, 3059, 106252, -13291, -9502, 40820
19892.6, 1169, 2411, -9838, 3009, 112601, -16878, -9358, 40880
19896.3, 1081, 2411, -9838, 3009, 112601, -16878, -9358, 40923
19900.6, 1099, 2752, -9534, 3082, 112601, -15995, -7056, 40923
19904.4, 1059, 2752, -9534, 3082, 112601, -15995, -7056, 40888
19906.6, 25, 2752, -9534, 3082, 112601, -15995, -7056, 40888
19910.9, 1135, 2493, -9562, 2755, 118118, -10889, -5608, 40888
19914.6, 1105, 2493, -9562, 2755, 118118, -10889, -5608, 40892
19918.8, 1107, 2494, -9857, 2708, 118118, -10889, -5608, 40892
19922.6, 1042, 2494, -9857, 2708, 118118, -10889, -5608, 40870
19926.3, 1070, 2494, -9857, 2708, 118118, -10889, -5608, 40914
19930.6, 1139, 2609, -10018, 3043, 124707, -770, -13737, 40914
19934.3, 1067, 2609, -10018, 3043, 124707, -770, -13737, 40902
19938.5, 1119, 2694, -9910, 3328, 124707, -770, -13737, 40902
19942.2, 1035, 2694, -9910, 3328, 124707, -770, -13737, 40912
19946.0, 1057, 2694, -9910, 3328, 124707, -770, -13737, 40910
19950.2, 1104, 2812, -9519, 3619, 129874, 4965, -18125, 40910
19953.9, 1123, 2812, -9519, 3619, 129874, 4965, -18125, 40914
19958.1, 1113, 2985, -9330, 4120, 129874, 4965, -18125, 40914
19961.9, 1072, 2985, -9330, 4120, 129874, 4965, -18125, 40883
19965.6, 1064, 2985, -9330, 4120, 129874, 4965, -18125, 40935
19969.8, 1087, 3157, -9248, 3997, 134725, 756, -15618, 40935
19973.6, 1099, 3157, -9248, 3997, 134725, 756, -15618, 40917
19977.8, 1136, 3162, -9334, 4194, 134725, 756, -15618, 40917
19981.5, 1013, 3162, -9334, 4194, 134725, 756, -15618, 40911
19983.8, 23, 3162, -9334, 4194, 134725, 756, -15618, 40911
19989.5, 1211, 3108, -9460, 4560, 135412, 5748, -17649, 40921
19993.2, 1047, 3108, -9460, 4560, 135412, 5748, -17649, 40935
19999.0, 1159, 3129, -9194, 4711, 135412, 5748, -19119, 40880
20002.7, 1084, 3129, -9194, 4711, 135412, 5748, -19119, 40948
20008.4, 1169, 3014, -8787, 4665, 134804, 7043, -19119, 40921
20012.1, 1084, 3014, -8787, 4665, 134804, 7043, -19119, 40930
20017.8, 1167, 2913, -8606, 4944, 136808, 8233, -19630, 40947
20021.5, 1073, 2913, -8606, 4944, 136808, 8233, -19630, 40934
20025.8, 1118, 3004, -8785, 5537, 137727, 7083, -19867, 40934
20029.5, 1050, 3004, -8785, 5537, 137727, 7083, -19867, 40944
20031.8, 25, 3004, -8785, 5537, 137727, 7083, -19867, 40944
20036.0, 1131, 3253, -8831, 5628, 138497, 2008, -20978, 40944
20039.7, 1122, 3253, -8831, 5628, 138497, 2008, -20978, 40931
20042.0, 27, 3253, -8831, 5628, 138497, 2008, -20978, 40931
20048.0, 768, 3525, -8844, 5654, 139647, -2721, -22570, 40933
20051.8, 1053, 3525, -8844, 5654, 139647, -2721, -22570, 40943
20057.5, 1052, 3636, -8775, 5573, 141354, -5022, -24089, 40936
20061.3, 1046, 3636, -8775, 5573, 141354, -5022, -24089, 40940
20065.5, 1201, 3717, -8524, 5539, 142443, -3198, -24994, 40940
20069.2, 1092, 3717, -8524, 5539, 142443, -3198, -24994, 40968
20071.5, 25, 3717, -8524, 5539, 142443, -3198, -24994, 40968
20075.8, 1105, 3878, -8409, 6005, 143130, -739, -26350, 40968
20079.5, 1044, 3878, -8409, 6005, 143130, -739, -26350, 40909
20083.7, 1078, 3708, -8123, 6250, 143305, 638, -26171, 40909
20087.5, 1189, 3708, -8123, 6250, 143305, 638, -26171, 40951
20091.2, 1117, 3708, -8123, 6250, 143305, 638, -26171, 40957
20095.4, 1124, 3552, -7936, 6168, 143344, 2852, -24067, 40957
20099.1, 1093, 3552, -7936, 6168, 143344, 2852, -24067, 40880
20103.3, 1107, 3448, -7771, 6835, 143344, 4414, -23078, 40880
20107.1, 1103, 3448, -7771, 6835, 143344, 4414, -23078, 40960
20110.8, 1125, 3448, -7771, 6835, 143344, 4414, -23078, 40993
20115.1, 1124, 3389, -7764, 7068, 143344, 2773, -24509, 40993
20118.8, 1151, 3389, -7764, 7068, 143344, 2773, -24509, 40916
20123.0, 1114, 3341, -7741, 6874, 143344, -1465, -27081, 40916
20126.7, 1032, 3341, -7741, 6874, 143344, -1465, -27081, 41003
20130.5, 1054, 3341, -7741, 6874, 143344, -1465, -27081, 40978
20134.7, 1140, 3449, -7441, 7028, 143344, -3587, -28227, 40978
20138.4, 1119, 3449, -7441, 7028, 143344, -3587, -28227, 40988
20144.1, 1152, 3413, -7216, 6806, 143344, -5398, -28486, 40981
20147.9, 1175, 3413, -7216, 6806, 143344, -5398, -28486, 40987
20153.6, 1189, 3321, -7124, 6903, 143344, -9126, -28989, 40953
20157.3, 1000, 3321, -7124, 6903, 143344, -9126, -28989, 41000
20163.0, 1265, 3361, -6769, 7033, 143344, -8977, -30642, 41010
20166.7, 1065, 3361, -6769, 7033, 143344, -8977, -30642, 40976
20171.0, 1130, 3515, -6544, 7868, 143344, -9537, -32948, 40976
20174.7, 1140, 3515, -6544, 7868, 143344, -9537, -32948, 40982
20177.0, 26, 3515, -6544, 7868, 143344, -9537, -32948, 40982
20182.7, 1112, 3714, -6110, 7767, 143344, -12578, -35481, 40977
20186.4, 1126, 3714, -6110, 7767, 143344, -12578, -35481, 40972
20190.7, 1152, 3597, -5648, 7761, 143344, -13952, -36523, 40972
20194.4, 1092, 3597, -5648, 7761, 143344, -13952, -36523, 40979
20196.6, 27, 3597, -5648, 7761, 143344, -13952, -36523, 40979
20200.9, 1056, 3347, -5355, 8054, 143344, -10994, -35359, 40979
20204.7, 975, 3347, -5355, 8054, 143344, -10994, -35359, 41017
20206.9, 24, 3347, -5355, 8054, 143344, -10994, -35359, 41017
20212.6, 1309, 3165, -5273, 7597, 143344, -9244, -34541, 40993
20216.4, 1078, 3165, -5273, 7597, 143344, -9244, -34541, 40989
20220.7, 1131, 3206, -5233, 7898, 143344, -8207, -35849, 40989
20224.4, 923, 3206, -5233, 7898, 143344, -8207, -35849, 40996
20226.6, 24, 3206, -5233, 7898, 143344, -8207, -35849, 40996
20230.9, 1134, 3558, -5223, 8048, 143344, -10994, -39406, 40996
20234.6, 1106, 3558, -5223, 8048, 143344, -10994, -39406, 40979
20238.8, 1207, 4027, -4986, 8367, 143344, -17850, -42941, 40979
20242.5, 1210, 4027, -4986, 8367, 143344, -17850, -42941, 41009
20246.2, 1044, 4027, -4986, 8367, 143344, -17850, -42941, 41000
20250.5, 1005, 4275, -4555, 8615, 143344, -23244, -43781, 41000
20254.2, 1258, 4275, -4555, 8615, 143344, -23244, -43781, 41014
20258.5, 1311, 4247, -3963, 8373, 143344, -25077, -41243, 41014
20262.2, 899, 4247, -3963, 8373, 143344, -25077, -41243, 41039
20265.9, 1071, 4247, -3963, 8373, 143344, -25077, -41243, 41023
20270.1, 1181, 4198, -3546, 8621, 143344, -21100, -37997, 41023
20273.9, 1118, 4198, -3546, 8621, 143344, -21100, -37997, 41012
20278.1, 1229, 3918, -3382, 8203, 143344, -13492, -36369, 41012
20281.8, 1094, 3918, -3382, 8203, 143344, -13492, -36369, 41011
20285.6, 969, 3918, -3382, 8203, 143344, -13492, -36369, 41015
20289.8, 948, 3667, -3348, 8605, 143344, -6807, -37551, 41015
20293.5, 1870, 3667, -3348, 8605, 143344, -6807, -37551, 41040
20297.8, 1203, 3489, -3250, 8244, 143344, -5875, -40521, 41040
20301.5, 1047, 3489, -3250, 8244, 143344, -5875, -40521, 41031
20303.8, 23, 3489, -3250, 8244, 143344, -5875, -40521, 41031
20309.5, 1235, 3646, -2967, 8601, 143344, -10381, -43601, 41005
20313.3, 1705, 3646, -2967, 8601, 143344, -10381, -43601, 41047
20319.0, 1132, 3751, -2542, 8447, 143344, -16655, -44468, 41047
20322.7, 677, 3751, -2542, 8447, 143344, -16655, -44468, 41040
20328.4, 1412, 4060, -2056, 8814, 143344, -21901, -43413, 41088
20330.7, 145, 4060, -2056, 8814, 143344, -21901, -43413, 41088
20333.0, 9, 4060, -2056, 8814, 143344, -21901, -43413, 41088
20338.7, 1181, 4167, -1862, 8321, 143344, -22199, -41462, 41050
20340.9, 28, 4167, -1862, 8321, 143344, -22199, -41462, 41050
20343.2, 4, 4167, -1862, 8321, 143344, -22199, -41462, 41050
20348.9, 1147, 4027, -1322, 8889, 143344, -17854, -40193, 41048
20351.2, 27, 4027, -1322, 8889, 143344, -17854, -40193, 41048
20355.4, 1140, 3641, -1202, 8980, 143344, -13759, -39126, 41048
20359.2, 1658, 3641, -1202, 8980, 143344, -13759, -39126, 40931
20361.5, 96, 3641, -1202, 8980, 143344, -13759, -39126, 40931
20365.7, 1123, 3598, -1212, 8395, 143344, -11637, -39677, 40931
20369.4, 974, 3598, -1212, 8395, 143344, -11637, -39677, 40909
20371.7, 23, 3598, -1212, 8395, 143344, -11637, -39677, 40909
20375.9, 1138, 3754, -1332, 8070, 143344, -10473, -42013, 40909
20379.6, 1131, 3754, -1332, 8070, 143344, -10473, -42013, 40927
20381.9, 29, 3754, -1332, 8070, 143344, -10473, -42013, 40927
20387.6, 1434, 3850, -948, 8155, 143344, -8776, -44105, 40909
20391.3, 1250, 3850, -948, 8155, 143344, -8776, -44105, 40898
20395.6, 1060, 4036, -377, 8397, 143344, -11029, -44573, 40898
20399.3, 955, 4036, -377, 8397, 143344, -11029, -44573, 40891
20401.6, 23, 4036, -377, 8397, 143344, -11029, -44573, 40891
20405.9, 1311, 4035, 96, 8786, 143344, -13020, -43125, 40891
20409.6, 1198, 4035, 96, 8786, 143344, -13020, -43125, 40876
20413.8, 1106, 4035, 96, 8333, 143344, -13523, -40272, 40876
20417.6, 1173, 4035, 96, 8333, 143344, -13523, -40272, 40878
20421.3, 1135, 4035, 96, 8333, 143344, -13523, -40272, 40843
20425.6, 1155, 3814, 868, 8103, 143344, -8579, -37813, 40843
20429.3, 1091, 3814, 868, 8103, 143344, -8579, -37813, 40821
20433.5, 1261, 3814, 868, 8383, 143344, -2695, -37888, 40821
20437.2, 1009, 3814, 868, 8383, 143344, -2695, -37888, 40801
20441.0, 1025, 3814, 868, 8383, 143344, -2695, -37888, 40785
20445.2, 1339, 3355, 1029, 7989, 143344, -153, -41808, 40785
20448.9, 1111, 3355, 1029, 7989, 143344, -153, -41808, 40759
20453.1, 1097, 3355, 1029, 7989, 143344, 1045, -45837, 40759
20456.9, 995, 3355, 1029, 7989, 143344, 1045, -45837, 40760
20460.6, 1194, 3355, 1029, 7989, 143344, 1045, -45837, 40713
20464.8, 1241, 3116, 1542, 8017, 143344, 1369, -48650, 40713
20468.6, 1204, 3116, 1542, 8017, 143344, 1369, -48650, 40686
20472.8, 1069, 3116, 1542, 8017, 143344, 1732, -50663, 40686
20476.5, 1098, 3116, 1542, 8017, 143344, 1732, -50663, 40683
20478.8, 28, 3116, 1542, 8017, 143344, 1732, -50663, 40683
20484.5, 1125, 3844, 1881, 7406, 143344, 813, -51262, 40674
20488.2, 1237, 3844, 1881, 7406, 143344, 813, -51262, 40673
20494.0, 1073, 3844, 1881, 7406, 143344, 6706, -50326, 41035
20496.2, 24, 3844, 1881, 7406, 143344, 6706, -50326, 41035
20498.5, 5, 3844, 1881, 7406, 143344, 6706, -50326, 41035
20504.2, 1150, 4076, 2172, 7759, 143344, 12722, -48830, 40645
20506.4, 26, 4076, 2172, 7759, 143344, 12722, -48830, 40645
20510.7, 1234, 4034, 2198, 7759, 143344, 12722, -48830, 40645
20514.4, 1330, 4034, 2198, 7759, 143344, 12722, -48830, 40644
20516.7, 36, 4034, 2198, 7759, 143344, 12722, -48830, 40644
20522.4, 1122, 3839, 2672, 8399, 143344, 15448, -47482, 40624
20526.1, 1020, 3839, 2672, 8399, 143344, 15448, -47482, 40628
20530.4, 1371, 3399, 3072, 7816, 143344, 18427, -45859, 40628
20534.1, 1102, 3399, 3072, 7816, 143344, 18427, -45859, 40601
20536.4, 24, 3399, 3072, 7816, 143344, 18427, -45859, 40601
20540.6, 1222, 3078, 3524, 7831, 143344, 21135, -44761, 40601
20544.3, 1214, 3078, 3524, 7831, 143344, 21135, -44761, 40576
20546.6, 29, 3078, 3524, 7831, 143344, 21135, -44761, 40576
20550.8, 1140, 3104, 3629, 7640, 143344, 22855, -45719, 40576
20554.5, 1090, 3104, 3629, 7640, 143344, 22855, -45719, 40559
20558.7, 1079, 3360, 3697, 7301, 143344, 25550, -48322, 40559
20562.5, 1241, 3360, 3697, 7301, 143344, 25550, -48322, 40499
20566.3, 1242, 3360, 3697, 7301, 143344, 25550, -48322, 40463
20570.5, 1141, 3503, 3793, 7049, 143344, 29032, -48838, 40463
20574.3, 1111, 3503, 3793, 7049, 143344, 29032, -48838, 40478
20578.5, 1153, 3419, 3857, 7563, 143344, 29199, -46104, 40478
20582.3, 1155, 3419, 3857, 7563, 143344, 29199, -46104, 40387
20586.0, 1144, 3419, 3857, 7563, 143344, 29199, -46104, 40426
20590.2, 1046, 3093, 4247, 7225, 143344, 24535, -42110, 40426
20594.0, 1142, 3093, 4247, 7225, 143344, 24535, -42110, 40370
20598.2, 1246, 2774, 4225, 7183, 143344, 21660, -39655, 40370
20601.9, 1065, 2774, 4225, 7183, 143344, 21660, -39655, 40375
20605.6, 1161, 2774, 4225, 7183, 143344, 21660, -39655, 40357
20609.9, 1176, 2587, 4562, 7373, 143252, 24439, -40180, 40357
20613.6, 1022, 2587, 4562, 7373, 143252, 24439, -40180, 40332
20617.8, 1176, 2695, 4856, 8297, 140479, 28669, -43759, 40332
20621.6, 1273, 2695, 4856, 8297, 140479, 28669, -43759, 40279
20623.9, 32, 2695, 4856, 8297, 140479, 28669, -43759, 40279
20629.6, 1202, 2758, 5015, 6613, 136454, 27659, -47648, 40289
20633.3, 1134, 2758, 5015, 6613, 136454, 27659, -47648, 40194
20639.1, 1043, 3148, 4864, 6047, 133859, 30502, -48042, 40251
20642.8, 1140, 3148, 4864, 6047, 133859, 30502, -48042, 40196
20648.6, 1242, 3276, 4964, 6769, 130670, 35726, -44997, 40209
20650.8, 29, 3276, 4964, 6769, 130670, 35726, -44997, 40209
20653.1, 6, 3276, 4964, 6769, 130670, 35726, -44997, 40209
20658.8, 1209, 3305, 5082, 5895, 129095, 32025, -40819, 40203
20661.0, 28, 3305, 5082, 5895, 129095, 32025, -40819, 40203
20663.3, 5, 3305, 5082, 5895, 129095, 32025, -40819, 40203
20669.0, 1200, 3412, 5417, 6033, 127323, 30012, -36641, 40180
20671.3, 28, 3412, 5417, 6033, 127323, 30012, -36641, 40180
20675.5, 1117, 2796, 5615, 5921, 122690, 34808, -32607, 40180
20679.3, 1112, 2796, 5615, 5921, 122690, 34808, -32607, 40759
20681.6, 24, 2796, 5615, 5921, 122690, 34808, -32607, 40759
20685.8, 1127, 2696, 5892, 6089, 120296, 40871, -30927, 40759
20689.5, 1005, 2696, 5892, 6089, 120296, 40871, -30927, 40144
20691.8, 22, 2696, 5892, 6089, 120296, 40871, -30927, 40144
20696.0, 1379, 2481, 6072, 6040, 116425, 42416, -31504, 40144
20699.7, 1035, 2481, 6072, 6040, 116425, 42416, -31504, 40138
20702.0, 24, 2481, 6072, 6040, 116425, 42416, -31504, 40138
20707.7, 1224, 2303, 6357, 6032, 112124, 38942, -31745, 40125
20711.4, 1115, 2303, 6357, 6032, 112124, 38942, -31745, 40132
20715.7, 1147, 2501, 6561, 6029, 108471, 28332, -29037, 40132
20719.5, 1060, 2501, 6561, 6029, 108471, 28332, -29037, 40101
20723.7, 1153, 2662, 6492, 4560, 105916, 15850, -24456, 40101
20727.5, 1078, 2662, 6492, 4560, 105916, 15850, -24456, 40087
20731.2, 1113, 2662, 6492, 4560, 105916, 15850, -24456, 40068
20735.5, 1133, 2543, 6578, 5629, 104747, 12482, -19989, 40068
20739.2, 1119, 2543, 6578, 5629, 104747, 12482, -19989, 40045
20743.4, 1085, 2462, 6561, 5307, 101926, 12950, -17049, 40045
20747.1, 1241, 2462, 6561, 5307, 101926, 12950, -17049, 40059
20750.9, 1178, 2462, 6561, 5307, 101926, 12950, -17049, 40055
20755.1, 1161, 2477, 6748, 5435, 99090, 16918, -18012, 40055
20758.8, 1081, 2477, 6748, 5435, 99090, 16918, -18012, 40039
20763.1, 1124, 2214, 7333, 5405, 91841, 20519, -19451, 40039
20766.8, 1095, 2214, 7333, 5405, 91841, 20519, -19451, 40048
20769.1, 25, 2214, 7333, 5405, 91841, 20519, -19451, 40048
20774.9, 1187, 2029, 7992, 4369, 83091, 24832, -19556, 40025
20778.6, 1203, 2029, 7992, 4369, 83091, 24832, -19556, 40009
20782.8, 1116, 2029, 7543, 4936, 81078, 21695, -16927, 40009
20786.6, 1082, 2029, 7543, 4936, 81078, 21695, -16927, 40019
20788.8, 25, 2029, 7543, 4936, 81078, 21695, -16927, 40019
20794.5, 1183, 2295, 7590, 5521, 82487, 17255, -13221, 40003
20798.3, 1092, 2295, 7590, 5521, 82487, 17255, -13221, 39995
20804.0, 1210, 3234, 7364, 4886, 79486, 10552, -8461, 40001
20807.7, 1161, 3234, 7364, 4886, 79486, 10552, -8461, 40021
20813.4, 1164, 3105, 7568, 4655, 74065, 6335, -3858, 39975
20817.2, 1070, 3105, 7568, 4655, 74065, 6335, -3858, 40000
20822.9, 1169, 2263, 7365, 4334, 70845, 4663, 1863, 39968
20826.6, 1043, 2263, 7365, 4334, 70845, 4663, 1863, 39927
20830.8, 1076, 1384, 6502, 6236, 66829, 15373, 13308, 39927
20834.6, 965, 1384, 6502, 6236, 66829, 15373, 13308, 39959
20836.8, 21, 1384, 6502, 6236, 66829, 15373, 13308, 39959
20842.6, 971, 1765, 7815, 4025, 66951, 27501, 8631, 39892
20846.3, 992, 1765, 7815, 4025, 66951, 27501, 8631, 39941
20850.6, 971, 1880, 7877, 3621, 63057, 35228, 2677, 39941
20854.3, 852, 1880, 7877, 3621, 63057, 35228, 2677, 39940
20856.6, 17, 1880, 7877, 3621, 63057, 35228, 2677, 39940
20860.8, 967, 1972, 7712, 4284, 59150, 33902, 656, 39940
20864.6, 935, 1972, 7712, 4284, 59150, 33902, 656, 39936
20866.8, 21, 1972, 7712, 4284, 59150, 33902, 656, 39936
20872.6, 1091, 2202, 7505, 3943, 55305, 27471, -691, 39945
20876.3, 978, 2202, 7505, 3943, 55305, 27471, -691, 39928
20880.6, 1016, 2807, 7601, 4389, 53021, 19088, -993, 39928
20884.3, 934, 2807, 7601, 4389, 53021, 19088, -993, 39915
20888.6, 1035, 2611, 8210, 4098, 48445, 19175, 1316, 39915
20892.3, 1032, 2611, 8210, 4098, 48445, 19175, 1316, 39916
20896.0, 976, 2611, 8210, 4098, 48445, 19175, 1316, 39926
20900.3, 1066, 2639, 8640, 2989, 45338, 24325, 5818, 39926
20904.0, 1054, 2639, 8640, 2989, 45338, 24325, 5818, 39901
20908.2, 989, 1643, 8234, 4929, 38102, 35411, 7328, 39901
20912.0, 994, 1643, 8234, 4929, 38102, 35411, 7328, 39435
20915.8, 1034, 1643, 8234, 4929, 38102, 35411, 7328, 39421
20920.0, 1023, 1049, 8222, 4217, 29054, 36006, 5188, 39421
20923.8, 1047, 1049, 8222, 4217, 29054, 36006, 5188, 39423
20928.0, 1039, 1254, 8105, 3604, 23205, 32686, -2384, 39423
20931.7, 988, 1254, 8105, 3604, 23205, 32686, -2384, 39420
20934.0, 23, 1254, 8105, 3604, 23205, 32686, -2384, 39420
20939.7, 1137, 1771, 7929, 3867, 17014, 24185, -9782, 39403
20943.5, 1069, 1771, 7929, 3867, 17014, 24185, -9782, 39391
20947.7, 1060, 2301, 8297, 3645, 12180, 10753, -13182, 39391
20951.4, 1045, 2301, 8297, 3645, 12180, 10753, -13182, 39376
20953.7, 25, 2301, 8297, 3645, 12180, 10753, -13182, 39376
20959.4, 1108, 2197, 8856, 3452, 9156, -787, -10574, 39360
20963.1, 1061, 2197, 8856, 3452, 9156, -787, -10574, 39345
20968.8, 1098, 2356, 9276, 3735, 11930, 4668, -6820, 39330
20972.5, 1052, 2356, 9276, 3735, 11930, 4668, -6820, 39305
20978.3, 1078, 2315, 8967, 3824, 7008, 6825, -3941, 39303
20982.0, 1053, 2315, 8967, 3824, 7008, 6825, -3941, 39293
20987.7, 1202, 1854, 8874, 3677, 1207, 5705, -5368, 39284
20991.4, 1033, 1854, 8874, 3677, 1207, 5705, -5368, 39287
20995.7, 1059, 1505, 8684, 3703, -3193, 3701, -9673, 39287
20999.4, 1054, 1505, 8684, 3703, -3193, 3701, -9673, 39286
21001.7, 22, 1505, 8684, 3703, -3193, 3701, -9673, 39286
21005.9, 1069, 1494, 8812, 3719, -6728, -1846, -12998, 39286
21009.6, 1045, 1494, 8812, 3719, -6728, -1846, -12998, 39283
21011.9, 23, 1494, 8812, 3719, -6728, -1846, -12998, 39283
21017.6, 1162, 2101, 8727, 3607, -7695, -11169, -14004, 39285
21021.3, 1049, 2101, 8727, 3607, -7695, -11169, -14004, 39310
21025.6, 1076, 2327, 8642, 3628, -9546, -19044, -15185, 39310
21029.3, 1045, 2327, 8642, 3628, -9546, -19044, -15185, 39301
21031.6, 21, 2327, 8642, 3628, -9546, -19044, -15185, 39301
21035.9, 1025, 2410, 8816, 3495, -11795, -23227, -15999, 39301
21039.6, 1104, 2410, 8816, 3495, -11795, -23227, -15999, 39311
21043.8, 1064, 2410, 8816, 3495, -11795, -23227, -15553, 39311
21047.6, 1048, 2410, 8816, 3495, -11795, -23227, -15553, 39304
21051.3, 1131, 2410, 8816, 3495, -11795, -23227, -15553, 39302
21055.6, 1123, 1677, 8732, 3798, -20952, -20510, -14586, 39302
21059.3, 1067, 1677, 8732, 3798, -20952, -20510, -14586, 39311
21063.5, 1039, 1677, 8732, 3798, -20952, -20510, -13886, 39311
21067.2, 1110, 1677, 8732, 3798, -20952, -20510, -13886, 39324
21071.0, 1142, 1677, 8732, 3798, -20952, -20510, -13886, 39326
21075.2, 1135, 1325, 8735, 3425, -26272, -25322, -13790, 39326
21078.9, 1093, 1325, 8735, 3425, -26272, -25322, -13790, 39340
21083.1, 1054, 1325, 8735, 3425, -26272, -25322, -13790, 39340
21086.9, 1066, 1325, 8735, 3425, -26272, -25322, -13790, 39335
21090.6, 1114, 1325, 8735, 3425, -26272, -25322, -13790, 39346
21094.8, 1091, 1887, 8878, 3795, -31754, -42324, -16235, 39346
21098.6, 1053, 1887, 8878, 3795, -31754, -42324, -16235, 39356
21102.8, 1077, 1887, 8878, 3795, -31754, -42324, -16235, 39356
21106.5, 1107, 1887, 8878, 3795, -31754, -42324, -16235, 39375
21108.8, 27, 1887, 8878, 3795, -31754, -42324, -16235, 39375
21114.5, 1146, 2067, 8853, 3616, -40543, -43212, -16529, 39374
21118.2, 1060, 2067, 8853, 3616, -40543, -43212, -16529, 39336
21124.0, 1155, 1845, 8077, 3873, -45006, -41952, -12945, 39392
21127.7, 1075, 1845, 8077, 3873, -45006, -41952, -12945, 39396
21133.4, 1246, 1845, 8077, 3873, -45006, -41952, -12945, 39398
21137.1, 1107, 1845, 8077, 3873, -45006, -41952, -12945, 39390
21142.8, 1257, 1693, 8027, 2985, -44013, -39568, -8036, 39412
21146.5, 1118, 1693, 8027, 2985, -44013, -39568, -8036, 39442
21150.8, 1112, 1647, 7843, 3686, -48213, -34506, -7568, 39442
21154.5, 1087, 1647, 7843, 3686, -48213, -34506, -7568, 39442
21156.8, 24, 1647, 7843, 3686, -48213, -34506, -7568, 39442
21161.0, 1132, 1514, 8263, 4408, -50182, -31811, -12608, 39442
21164.7, 1125, 1514, 8263, 4408, -50182, -31811, -12608, 39467
21167.0, 26, 1514, 8263, 4408, -50182, -31811, -12608, 39467
21172.7, 1243, 1864, 8167, 4305, -55506, -30791, -17333, 39485
21176.4, 1089, 1864, 8167, 4305, -55506, -30791, -17333, 39492
21180.7, 1170, 2200, 8292, 3567, -57050, -30345, -16686, 39492
21184.4, 1151, 2200, 8292, 3567, -57050, -30345, -16686, 39499
21186.6, 29, 2200, 8292, 3567, -57050, -30345, -16686, 39499
21190.9, 1125, 2054, 8071, 3951, -59181, -24994, -12057, 39499
21194.7, 1103, 2054, 8071, 3951, -59181, -24994, -12057, 39516
21198.9, 1141, 1856, 7993, 4141, -62891, -22719, -7485, 39516
21202.6, 1178, 1856, 7993, 4141, -62891, -22719, -7485, 39535
21206.4, 1174, 1856, 7993, 4141, -62891, -22719, -7485, 39556
21210.6, 1165, 1609, 8031, 4554, -67034, -25125, -4637, 39556
21214.4, 1198, 1609, 8031, 4554, -67034, -25125, -4637, 39554
21218.6, 1196, 1526, 8206, 4839, -72578, -30187, -1863, 39554
21222.3, 1173, 1526, 8206, 4839, -72578, -30187, -1863, 39582
21226.0, 1122, 1526, 8206, 4839, -72578, -30187, -1863, 39596
21230.3, 1187, 1527, 8260, 4500, -77653, -30866, -310, 39596
21234.0, 1155, 1527, 8260, 4500, -77653, -30866, -310, 39613
21238.2, 1159, 1487, 8429, 4586, -80216, -28341, -363, 39613
21242.0, 1084, 1487, 8429, 4586, -80216, -28341, -363, 39642
21245.7, 1182, 1487, 8429, 4586, -80216, -28341, -363, 39652
21249.9, 1134, 1614, 8112, 4865, -83051, -27702, -1010, 39652
21253.7, 1119, 1614, 8112, 4865, -83051, -27702, -1010, 39653
21257.9, 1164, 1770, 7967, 4854, -83905, -31745, -1907, 39653
21261.6, 1107, 1770, 7967, 4854, -83905, -31745, -1907, 39713
21263.9, 26, 1770, 7967, 4854, -83905, -31745, -1907, 39713
21269.6, 1158, 2080, 7613, 5072, -86937, -37586, -1885, 39729
21273.3, 1154, 2080, 7613, 5072, -86937, -37586, -1885, 39750
21279.0, 1186, 2227, 7599, 5485, -89076, -43269, 739, 39761
21282.7, 1115, 2227, 7599, 5485, -89076, -43269, 739, 39784
21288.5, 1089, 2236, 7518, 5218, -94313, -48230, 4725, 39775
21292.2, 1184, 2236, 7518, 5218, -94313, -48230, 4725, 39822
21298.0, 1238, 2048, 7719, 4668, -100272, -46520, 7791, 39823
21301.7, 1059, 2048, 7719, 4668, -100272, -46520, 7791, 39835
21305.9, 1128, 1881, 8101, 4893, -103829, -36658, 11108, 39835
21309.6, 1113, 1881, 8101, 4893, -103829, -36658, 11108, 39810
21311.9, 25, 1881, 8101, 4893, -103829, -36658, 11108, 39810
21317.6, 1274, 1844, 7965, 5431, -105601, -30288, 14162, 39828
21321.3, 1141, 1844, 7965, 5431, -105601, -30288, 14162, 39825
21325.6, 1123, 2233, 7721, 5648, -107346, -33079, 14319, 39825
21329.3, 1106, 2233, 7721, 5648, -107346, -33079, 14319, 39825
21331.6, 27, 2233, 7721, 5648, -107346, -33079, 14319, 39825
21335.8, 1115, 2166, 7425, 6223, -108156, -41567, 12543, 39825
21339.6, 1097, 2166, 7425, 6223, -108156, -41567, 12543, 39853
21341.8, 25, 2166, 7425, 6223, -108156, -41567, 12543, 39853
21347.5, 1206, 2050, 6986, 6031, -108759, -51039, 12832, 39830
21351.3, 1107, 2050, 6986, 6031, -108759, -51039, 12832, 39820
21355.6, 1156, 2098, 6585, 5581, -110934, -57099, 14857, 39820
21359.3, 1088, 2098, 6585, 5581, -110934, -57099, 14857, 39801
21361.5, 26, 2098, 6585, 5581, -110934, -57099, 14857, 39801
21365.8, 1194, 2155, 6343, 6067, -110693, -58271, 17732, 39801
21369.5, 1174, 2155, 6343, 6067, -110693, -58271, 17732, 39814
21373.7, 1125, 2458, 6107, 6154, -110645, -54618, 19735, 39814
21377.5, 1113, 2458, 6107, 6154, -110645, -54618, 19735, 39806
21381.3, 1122, 2458, 6107, 6154, -110645, -54618, 19735, 39805
21385.5, 1112, 2877, 6215, 6052, -111866, -48007, 19070, 39805
21389.6, 772, 2877, 6215, 6052, -111866, -48007, 19070, 39797
21393.8, 1168, 3019, 6228, 6058, -113690, -42683, 18471, 39797
21397.5, 1168, 3019, 6228, 6058, -113690, -42683, 18471, 39736
21401.2, 1105, 3019, 6228, 6058, -113690, -42683, 18471, 39782
21405.5, 1142, 2959, 6245, 5997, -113743, -38399, 19512, 39782
21409.2, 1150, 2959, 6245, 5997, -113743, -38399, 19512, 39783
21413.4, 1128, 2876, 5853, 5957, -113883, -36378, 20729, 39783
21417.2, 1081, 2876, 5853, 5957, -113883, -36378, 20729, 39730
21420.9, 1110, 2876, 5853, 5957, -113883, -36378, 20729, 39745
21425.1, 1217, 3038, 5583, 6491, -113563, -36334, 21149, 39745
21428.9, 1091, 3038, 5583, 6491, -113563, -36334, 21149, 39746
21433.1, 1195, 2956, 5435, 6711, -113484, -36194, 21122, 39746
21436.8, 1146, 2956, 5435, 6711, -113484, -36194, 21122, 39723
21440.6, 1119, 2956, 5435, 6711, -113484, -36194, 21122, 39695
21444.8, 1142, 2871, 5416, 8021, -114101, -34353, 23144, 39695
21448.6, 1120, 2871, 5416, 8021, -114101, -34353, 23144, 39707
21452.8, 1151, 2944, 4989, 7241, -116884, -32782, 26333, 39707
21456.5, 1104, 2944, 4989, 7241, -116884, -32782, 26333, 39680
21458.8, 26, 2944, 4989, 7241, -116884, -32782, 26333, 39680
21464.5, 1234, 2864, 4543, 5995, -117807, -25178, 26539, 39666
21466.7, 28, 2864, 4543, 5995, -117807, -25178, 26539, 39666
21471.0, 1153, 2941, 4244, 7441, -114766, -12678, 23809, 39666
21474.7, 1104, 2941, 4244, 7441, -114766, -12678, 23809, 39655
21477.0, 25, 2941, 4244, 7441, -114766, -12678, 23809, 39655
21482.7, 1257, 3187, 4076, 7529, -113668, -12101, 20291, 39636
21486.4, 1092, 3187, 4076, 7529, -113668, -12101, 20291, 39614
21490.7, 1162, 3506, 3926, 8191, -115401, -25773, 20107, 39614
21494.4, 1152, 3506, 3926, 8191, -115401, -25773, 20107, 39619
21496.7, 27, 3506, 3926, 8191, -115401, -25773, 20107, 39619
21500.9, 1140, 3420, 3672, 7640, -114377, -34851, 26350, 39619
21504.6, 1141, 3420, 3672, 7640, -114377, -34851, 26350, 39607
21506.9, 28, 3420, 3672, 7640, -114377, -34851, 26350, 39607
21512.6, 1225, 3284, 3180, 7135, -113581, -31137, 31509, 39603
21516.3, 1109, 3284, 3180, 7135, -113581, -31137, 31509, 39598
21520.6, 1122, 3300, 2834, 7781, -112636, -21039, 30765, 39598
21524.3, 1099, 3300, 2834, 7781, -112636, -21039, 30765, 39586
21526.6, 27, 3300, 2834, 7781, -112636, -21039, 30765, 39586
21530.9, 1113, 3385, 2846, 7457, -112658, -9021, 26018, 39586
21534.6, 1079, 3385, 2846, 7457, -112658, -9021, 26018, 39618
21538.8, 1183, 3711, 3008, 7324, -112273, 839, 22190, 39618
21542.6, 1142, 3711, 3008, 7324, -112273, 839, 22190, 39579
21546.3, 1102, 3711, 3008, 7324, -112273, 839, 22190, 39579
21550.6, 1099, 3921, 3079, 7504, -111301, 3430, 22242, 39579
21554.3, 1114, 3921, 3079, 7504, -111301, 3430, 22242, 39926
21558.6, 1140, 4124, 2957, 8332, -110273, -5315, 26652, 39926
21562.3, 1145, 4124, 2957, 8332, -110273, -5315, 26652, 39957
21566.1, 1084, 4124, 2957, 8332, -110273, -5315, 26652, 39980
21570.3, 1127, 4143, 2752, 7901, -109630, -17994, 33368, 39980
21574.1, 1077, 4143, 2752, 7901, -109630, -17994, 33368, 39958
21578.3, 1135, 4094, 2183, 8748, -107565, -20724, 38741, 39958
21582.0, 1153, 4094, 2183, 8748, -107565, -20724, 38741, 40033
21585.8, 1097, 4094, 2183, 8748, -107565, -20724, 38741, 40039
21590.0, 1118, 4063, 1601, 8268, -108738, -14665, 38973, 40039
21593.7, 1115, 4063, 1601, 8268, -108738, -14665, 38973, 40059
21597.9, 1136, 3809, 1758, 7939, -111555, -2401, 36194, 40059
21601.7, 1051, 3809, 1758, 7939, -111555, -2401, 36194, 40059
21604.0, 24, 3809, 1758, 7939, -111555, -2401, 36194, 40059
21609.7, 1164, 3581, 1977, 8156, -113668, 8137, 35206, 40112
21613.5, 1117, 3581, 1977, 8156, -113668, 8137, 35206, 40135
21617.7, 1092, 3505, 1922, 8916, -113034, 10080, 35162, 40135
21621.4, 1071, 3505, 1922, 8916, -113034, 10080, 35162, 40159
21623.7, 25, 3505, 1922, 8916, -113034, 10080, 35162, 40159
21629.5, 1201, 3929, 1484, 8407, -113384, 3486, 33521, 40202
21631.7, 31, 3929, 1484, 8407, -113384, 3486, 33521, 40202
21635.9, 1160, 3929, 1484, 8407, -111074, -7980, 31644, 40202
21639.6, 1159, 3929, 1484, 8407, -111074, -7980, 31644, 40178
21641.9, 31, 3929, 1484, 8407, -111074, -7980, 31644, 40178
21647.6, 1159, 4263, 608, 8723, -109109, -20965, 32563, 40199
21651.3, 1113, 4263, 608, 8723, -109109, -20965, 32563, 40228
21655.5, 1151, 4679, 608, 8723, -109446, -21302, 36523, 40228
21659.3, 1111, 4679, 608, 8723, -109446, -21302, 36523, 40222
21661.5, 29, 4679, 608, 8723, -109446, -21302, 36523, 40222
21665.8, 1110, 4613, 609, 9081, -110238, -7258, 43094, 40222
21669.6, 1057, 4613, 609, 9081, -110238, -7258, 43094, 40265
21671.9, 27, 4613, 609, 9081, -110238, -7258, 43094, 40265
21677.6, 1205, 4322, 359, 8685, -112583, 3233, 45780, 40287
21681.3, 1084, 4322, 359, 8685, -112583, 3233, 45780, 40309
21685.6, 1124, 4322, 268, 8392, -114066, 7201, 43295, 40309
21689.3, 1103, 4322, 268, 8392, -114066, 7201, 43295, 40323
21691.5, 31, 4322, 268, 8392, -114066, 7201, 43295, 40323
21695.8, 1132, 3279, 283, 9039, -113848, 4515, 41493, 40323
21699.6, 1085, 3279, 283, 9039, -113848, 4515, 41493, 40309
21703.8, 1129, 3279, 283, 9039, -113848, 4515, 41493, 40309
21707.5, 1106, 3279, 283, 9039, -113848, 4515, 41493, 40394
21711.3, 1049, 3279, 283, 9039, -113848, 4515, 41493, 40384
21715.5, 1179, 3781, -383, 8877, -109963, -18852, 39095, 40384
21719.3, 1241, 3781, -383, 8877, -109963, -18852, 39095, 40405
21723.5, 1151, 3781, -383, 8877, -109963, -18852, 39095, 40405
21727.2, 1084, 3781, -383, 8877, -109963, -18852, 39095, 40421
21731.0, 1093, 3781, -383, 8877, -109963, -18852, 39095, 40435
21735.3, 1098, 5330, -964, 8419, -106309, -19508, 34256, 40435
21739.0, 1098, 5330, -964, 8419, -106309, -19508, 34256, 40393
21743.3, 1139, 5330, -964, 8419, -106309, -19508, 34256, 40393
21747.0, 1123, 5330, -964, 8419, -106309, -19508, 34256, 40500
21750.7, 1086, 5330, -964, 8419, -106309, -19508, 34256, 40504
21755.0, 1135, 4156, -684, 9044, -111953, 13772, 45395, 40504
21758.7, 1106, 4156, -684, 9044, -111953, 13772, 45395, 40515
21763.0, 1084, 4156, -684, 9044, -111953, 13772, 45395, 40515
21766.8, 1043, 4156, -684, 9044, -111953, 13772, 45395, 40537
21770.5, 1100, 4156, -684, 9044, -111953, 13772, 45395, 40555
21774.8, 1113, 2514, -1585, 8246, -114106, 14428, 44765, 40555
21778.5, 1095, 2514, -1585, 8246, -114106, 14428, 44765, 39926
21782.8, 1024, 2514, -1585, 8246, -114106, 14428, 44765, 39926
21786.5, 1161, 2514, -1585, 8246, -114106, 14428, 44765, 40606
21790.7, 1204, 2941, -1696, 9752, -112045, 3189, 36151, 40606
21794.4, 1186, 2941, -1696, 9752, -112045, 3189, 36151, 40589
21796.7, 30, 2941, -1696, 9752, -112045, 3189, 36151, 40589
21800.9, 1135, 4107, -2146, 10161, -107206, -15693, 28538, 40589
21804.6, 1122, 4107, -2146, 10161, -107206, -15693, 28538, 40607
21806.9, 29, 4107, -2146, 10161, -107206, -15693, 28538, 40607
21812.6, 1198, 5237, -2289, 8414, -104306, -27125, 25502, 40661
21816.3, 1093, 5237, -2289, 8414, -104306, -27125, 25502, 40633
21820.6, 1111, 5261, -2201, 8094, -105736, -16642, 29977, 40633
21824.3, 1103, 5261, -2201, 8094, -105736, -16642, 29977, 40643
21826.5, 27, 5261, -2201, 8094, -105736, -16642, 29977, 40643
21830.8, 1146, 4536, -2332, 8424, -108707, 4160, 39975, 40643
21834.6, 1088, 4536, -2332, 8424, -108707, 4160, 39975, 40666
21836.8, 26, 4536, -2332, 8424, -108707, 4160, 39975, 40666
21842.6, 1209, 3554, -2978, 8361, -111179, 18493, 46030, 40685
21846.3, 1095, 3554, -2978, 8361, -111179, 18493, 46030, 40696
21850.5, 1108, 2943, -3405, 8060, -112478, 22627, 42066, 40696
21854.3, 1072, 2943, -3405, 8060, -112478, 22627, 42066, 40692
21856.5, 28, 2943, -3405, 8060, -112478, 22627, 42066, 40692
21860.8, 1141, 2991, -3400, 8146, -112378, 16095, 31968, 40692
21864.5, 1104, 2991, -3400, 8146, -112378, 16095, 31968, 40706
21868.7, 1168, 3223, -2980, 9463, -112456, 1071, 24062, 40706
21872.5, 1181, 3223, -2980, 9463, -112456, 1071, 24062, 40728
21876.3, 1131, 3223, -2980, 9463, -112456, 1071, 24062, 40737
21880.5, 1111, 4246, -3062, 9960, -109976, -12985, 23393, 40737
21884.2, 1073, 4246, -3062, 9960, -109976, -12985, 23393, 40755
21888.5, 1131, 5194, -3363, 8099, -107972, -18633, 26495, 40755
21892.2, 1111, 5194, -3363, 8099, -107972, -18633, 26495, 40762
21896.0, 1093, 5194, -3363, 8099, -107972, -18633, 26495, 40790
21900.2, 1150, 5271, -3391, 7755, -107443, -8098, 30052, 40790
21903.9, 1139, 5271, -3391, 7755, -107443, -8098, 30052, 40779
21908.1, 1148, 4417, -3650, 8535, -107329, 8054, 35766, 40779
21911.9, 1111, 4417, -3650, 8535, -107329, 8054, 35766, 40776
21915.6, 1125, 4417, -3650, 8535, -107329, 8054, 35766, 40782
21919.8, 1137, 3535, -4365, 8287, -106651, 14678, 39205, 40782
21923.6, 1084, 3535, -4365, 8287, -106651, 14678, 39205, 40791
21927.8, 1140, 3273, -4899, 7915, -104607, 12066, 36943, 40791
21931.5, 1085, 3273, -4899, 7915, -104607, 12066, 36943, 40813
21933.8, 24, 3273, -4899, 7915, -104607, 12066, 36943, 40813
21939.5, 1161, 3193, -5207, 8106, -104944, 6125, 30791, 40798
21943.2, 1188, 3193, -5207, 8106, -104944, 6125, 30791, 40803
21949.0, 1293, 3503, -5182, 8736, -106143, -1080, 25992, 40819
21951.2, 32, 3503, -5182, 8736, -106143, -1080, 25992, 40819
21953.5, 4, 3503, -5182, 8736, -106143, -1080, 25992, 40819
21959.2, 1219, 4099, -4969, 9147, -106042, -3976, 24570, 40817
21961.4, 29, 4099, -4969, 9147, -106042, -3976, 24570, 40817
21965.7, 1102, 4882, -4621, 7987, -104918, -2030, 24662, 40817
21969.4, 1100, 4882, -4621, 7987, -104918, -2030, 24662, 40831
21971.7, 26, 4882, -4621, 7987, -104918, -2030, 24662, 40831
21977.4, 1277, 4863, -4500, 7037, -105049, 3622, 25786, 40864
21981.1, 1156, 4863, -4500, 7037, -105049, 3622, 25786, 40845
21985.4, 1148, 4285, -4724, 8053, -105045, 10403, 29667, 40845
21989.1, 1104, 4285, -4724, 8053, -105045, 10403, 29667, 40852
21991.4, 26, 4285, -4724, 8053, -105045, 10403, 29667, 40852
21995.6, 1155, 3918, -5609, 9038, -102744, 8369, 33631, 40852
21999.3, 1119, 3918, -5609, 9038, -102744, 8369, 33631, 40853
22001.6, 26, 3918, -5609, 9038, -102744, 8369, 33631, 40853
22005.8, 1153, 3766, -6395, 7664, -102897, -2970, 34164, 40853
22009.5, 1086, 3766, -6395, 7664, -102897, -2970, 34164, 40859
22013.8, 1146, 3414, -6453, 7179, -104599, -6365, 32900, 40859
22017.5, 1056, 3414, -6453, 7179, -104599, -6365, 32900, 40859
22021.3, 1092, 3414, -6453, 7179, -104599, -6365, 32900, 40892
22025.6, 1171, 3179, -6298, 7369, -106322, -1846, 32091, 40892
22029.3, 1152, 3179, -6298, 7369, -106322, -1846, 32091, 40864
22033.6, 1164, 3021, -5996, 7950, -107482, -529, 30393, 40864
22037.3, 1085, 3021, -5996, 7950, -107482, -529, 30393, 40874
22041.0, 1109, 3021, -5996, 7950, -107482, -529, 30393, 40887
22045.3, 1146, 3422, -5964, 7648, -107364, 3040, 27387, 40887
22049.0, 1089, 3422, -5964, 7648, -107364, 3040, 27387, 40871
22053.3, 1090, 3862, -5924, 7039, -107311, 7923, 23152, 40871
22057.0, 1124, 3862, -5924, 7039, -107311, 7923, 23152, 40913
22060.8, 1119, 3862, -5924, 7039, -107311, 7923, 23152, 40903
22065.0, 1112, 3955, -5846, 6836, -106344, 8570, 20414, 40903
22068.8, 1090, 3955, -5846, 6836, -106344, 8570, 20414, 40923
22073.0, 1137, 3576, -6357, 6838, -103641, 2581, 22015, 40923
22076.7, 1098, 3576, -6357, 6838, -103641, 2581, 22015, 41167
22080.5, 1081, 3576, -6357, 6838, -103641, 2581, 22015, 41170
22084.7, 1137, 3220, -7234, 6019, -102757, -3167, 25462, 41170
22088.4, 1105, 3220, -7234, 6019, -102757, -3167, 25462, 41175
22094.1, 1187, 2948, -7520, 6229, -101541, -4003, 26394, 41155
22097.9, 1090, 2948, -7520, 6229, -101541, -4003, 26394, 41187
22103.6, 1199, 2812, -7560, 6792, -102595, -3508, 24386, 41160
22105.8, 28, 2812, -7560, 6792, -102595, -3508, 24386, 41160
22108.1, 5, 2812, -7560, 6792, -102595, -3508, 24386, 41160
22113.8, 1232, 2900, -7232, 7613, -105373, -2957, 21324, 41145
22116.0, 31, 2900, -7232, 7613, -105373, -2957, 21324, 41145
22118.3, 4, 2900, -7232, 7613, -105373, -2957, 21324, 41145
22124.0, 1235, 3212, -6799, 7550, -107145, -1771, 19215, 41168
22126.3, 29, 3212, -6799, 7550, -107145, -1771, 19215, 41168
22130.5, 1127, 3403, -6538, 6497, -106966, 962, 18716, 41168
22134.3, 1085, 3403, -6538, 6497, -106966, 962, 18716, 41109
22136.6, 25, 3403, -6538, 6497, -106966, 962, 18716, 41109
22140.8, 1148, 3976, -6765, 5997, -105373, 3810, 19119, 41109
22144.5, 1113, 3976, -6765, 5997, -105373, 3810, 19119, 41160
22146.8, 26, 3976, -6765, 5997, -105373, 3810, 19119, 41160
22151.0, 1126, 3818, -7259, 5903, -103291, 3167, 20313, 41160
22154.7, 1109, 3818, -7259, 5903, -103291, 3167, 20313, 41117
22157.0, 27, 3818, -7259, 5903, -103291, 3167, 20313, 41117
22162.7, 1213, 3448, -7870, 5195, -101217, 1093, 22247, 41155
22166.4, 1125, 3448, -7870, 5195, -101217, 1093, 22247, 41134
22170.7, 1128, 2816, -8020, 5378, -100456, 638, 24027, 41134
22174.4, 1079, 2816, -8020, 5378, -100456, 638, 24027, 41160
22176.7, 26, 2816, -8020, 5378, -100456, 638, 24027, 41160
22181.0, 1103, 2600, -8243, 5808, -102512, -1246, 23914, 41160
22184.7, 1129, 2600, -8243, 5808, -102512, -1246, 23914, 41148
22188.9, 1116, 2603, -8017, 6362, -106178, -3749, 21087, 41148
22192.7, 1116, 2603, -8017, 6362, -106178, -3749, 21087, 41152
22196.5, 1159, 2603, -8017, 6362, -106178, -3749, 21087, 41151
22200.7, 1169, 2952, -7662, 6586, -109315, -5110, 16922, 41151
22204.5, 1117, 2952, -7662, 6586, -109315, -5110, 16922, 41157
22208.7, 1104, 3309, -7412, 6470, -110649, -2393, 14813, 41157
22212.5, 1087, 3309, -7412, 6470, -110649, -2393, 14813, 41195
22216.2, 1109, 3309, -7412, 6470, -110649, -2393, 14813, 41188
22220.5, 1144, 3887, -7424, 5493, -110352, 262, 15321, 41188
22224.2, 1124, 3887, -7424, 5493, -110352, 262, 15321, 41176
22228.4, 1161, 3952, -7668, 5014, -109836, 433, 17338, 41176
22232.1, 1103, 3952, -7668, 5014, -109836, 433, 17338, 41186
22235.9, 1108, 3952, -7668, 5014, -109836, 433, 17338, 41196
22240.1, 1157, 3284, -8288, 4526, -109713, 371, 20177, 41196
22243.8, 1121, 3284, -8288, 4526, -109713, 371, 20177, 41194
22248.1, 1134, 2775, -8956, 3885, -108624, 3972, 22584, 41194
22251.8, 1089, 2775, -8956, 3885, -108624, 3972, 22584, 41217
22254.1, 25, 2775, -8956, 3885, -108624, 3972, 22584, 41217
22259.8, 1169, 2155, -9235, 4155, -108882, 6593, 22290, 41186
22263.6, 1104, 2155, -9235, 4155, -108882, 6593, 22290, 41184
22267.8, 1121, 1956, -9080, 4980, -110597, 7231, 18777, 41184
22271.5, 1066, 1956, -9080, 4980, -110597, 7231, 18777, 41182
22275.8, 1145, 1956, -9080, 4980, -110597, 7231, 18777, 41182
22279.5, 1159, 1956, -9080, 4980, -110597, 7231, 18777, 41196
22281.8, 27, 1956, -9080, 4980, -110597, 7231, 18777, 41196
22286.0, 1165, 2328, -8812, 5475, -113196, 3806, 9913, 41196
22289.7, 1141, 2328, -8812, 5475, -113196, 3806, 9913, 41201
22292.0, 27, 2328, -8812, 5475, -113196, 3806, 9913, 41201
22297.7, 1218, 2759, -8549, 5404, -115143, 5901, 10390, 41167
22301.4, 1119, 2759, -8549, 5404, -115143, 5901, 10390, 41224
22305.6, 1140, 3102, -8376, 4709, -115143, 8675, 14595, 41224
22309.4, 1068, 3102, -8376, 4709, -115143, 8675, 14595, 41226
22311.7, 24, 3102, -8376, 4709, -115143, 8675, 14595, 41226
22316.0, 1126, 3504, -8367, 3658, -108961, 5801, 19377, 41226
22319.7, 1116, 3504, -8367, 3658, -108961, 5801, 19377, 41240
22322.0, 26, 3504, -8367, 3658, -108961, 5801, 19377, 41240
22327.7, 1217, 3372, -9220, 1981, -105898, 1084, 21170, 41248
22331.4, 1104, 3372, -9220, 1981, -105898, 1084, 21170, 41258
22335.7, 1140, 2824, -10112, 1981, -100906, 573, 19399, 41258
22339.4, 1122, 2824, -10112, 1981, -100906, 573, 19399, 41254
22343.6, 1145, 2486, -10920, 1984, -100906, 573, 19399, 41254
22347.3, 1121, 2486, -10920, 1984, -100906, 573, 19399, 41286
22351.0, 1109, 2486, -10920, 1984, -100906, 573, 19399, 41301
22355.3, 1152, 2279, -11164, 2390, -94252, 1399, 10259, 41301
22359.0, 1131, 2279, -11164, 2390, -94252, 1399, 10259, 41266
22363.2, 1137, 2114, -10486, 3044, -94252, 1399, 10259, 41266
22367.0, 1109, 2114, -10486, 3044, -94252, 1399, 10259, 41270
22370.8, 1123, 2114, -10486, 3044, -94252, 1399, 10259, 41252
22375.0, 1115, 1914, -9917, 3077, -91443, 4598, 12009, 41252
22378.8, 1106, 1914, -9917, 3077, -91443, 4598, 12009, 41260
22383.0, 1101, 2048, -9754, 3176, -91443, 4598, 12009, 41260
22386.7, 1082, 2048, -9754, 3176, -91443, 4598, 12009, 41262
22389.0, 24, 2048, -9754, 3176, -91443, 4598, 12009, 41262
22394.7, 1205, 2348, -10014, 3466, -83130, 1671, 16380, 41256
22398.5, 1099, 2348, -10014, 3466, -83130, 1671, 16380, 41253
22402.7, 1128, 2693, -10237, 2015, -83130, 1671, 16380, 41253
22406.5, 1079, 2693, -10237, 2015, -83130, 1671, 16380, 41268
22408.8, 24, 2693, -10237, 2015, -83130, 1671, 16380, 41268
22414.5, 1142, 2618, -10166, 1163, -77377, -2428, 14310, 41200
22418.2, 1103, 2618, -10166, 1163, -77377, -2428, 14310, 41269
22424.0, 1160, 2467, -10264, 1539, -77377, -1049, 13518, 41256
22427.7, 1120, 2467, -10264, 1539, -77377, -1049, 13518, 41267
22433.4, 1201, 2210, -10386, 1691, -75089, -1049, 13518, 41264
22437.2, 1090, 2210, -10386, 1691, -75089, -1049, 13518, 41258
22442.9, 1193, 2134, -10274, 1584, -72494, -314, 12888, 41209
22446.6, 1076, 2134, -10274, 1584, -72494, -314, 12888, 41261
22450.9, 1125, 2081, -10110, 1844, -70394, 3622, 12888, 41261
22454.6, 1090, 2081, -10110, 1844, -70394, 3622, 12888, 41267
22456.9, 23, 2081, -10110, 1844, -70394, 3622, 12888, 41267
22462.6, 1177, 2215, -9973, 2005, -69156, 6129, 12853, 41248
22466.4, 1063, 2215, -9973, 2005, -69156, 6129, 12853, 41272
22470.6, 1129, 2362, -9846, 2415, -68329, 6877, 13024, 41272
22474.4, 1057, 2362, -9846, 2415, -68329, 6877, 13024, 41248
22476.6, 25, 2362, -9846, 2415, -68329, 6877, 13024, 41248
22480.9, 1113, 2352, -9826, 1673, -66872, 6418, 13462, 41248
22484.6, 1076, 2352, -9826, 1673, -66872, 6418, 13462, 41249
22486.9, 24, 2352, -9826, 1673, -66872, 6418, 13462, 41249
22492.6, 1184, 2429, -9742, 1554, -67047, 6024, 14218, 41240
22496.4, 1113, 2429, -9742, 1554, -67047, 6024, 14218, 41250
22500.6, 1126, 2452, -9824, 1834, -66767, 6991, 14293, 41250
22504.4, 1072, 2452, -9824, 1834, -66767, 6991, 14293, 41245
22508.6, 1133, 2373, -10043, 1628, -64077, 7450, 13833, 41245
22512.3, 1108, 2373, -10043, 1628, -64077, 7450, 13833, 41244
22516.1, 1077, 2373, -10043, 1628, -64077, 7450, 13833, 41245
22520.3, 1142, 2375, -10008, 1113, -61390, 5740, 12713, 41245
22524.0, 1082, 2375, -10008, 1113, -61390, 5740, 12713, 41260
22528.3, 1107, 2187, -9918, 1057, -59461, 2922, 11799, 41260
22532.0, 1094, 2187, -9918, 1057, -59461, 2922, 11799, 41249
22535.7, 1106, 2187, -9918, 1057, -59461, 2922, 11799, 41244
22539.9, 1111, 2047, -9858, 780, -56224, 1220, 11563, 41244
22543.7, 1063, 2047, -9858, 780, -56224, 1220, 11563, 41246
22547.9, 1146, 1893, -9951, 633, -53069, 371, 11484, 41246
22551.6, 1073, 1893, -9951, 633, -53069, 371, 11484, 41243
22553.9, 25, 1893, -9951, 633, -53069, 371, 11484, 41243
22559.6, 1159, 1935, -9915, 407, -50584, 69, 10959, 41226
22563.3, 1101, 1935, -9915, 407, -50584, 69, 10959, 41240
22569.0, 1142, 1943, -9884, 626, -48677, 643, 10368, 41257
22572.7, 1081, 1943, -9884, 626, -48677, 643, 10368, 41224
22578.5, 1161, 1977, -9954, 667, -46030, 1627, 10320, 41225
22582.2, 1076, 1977, -9954, 667, -46030, 1627, 10320, 41219
22587.9, 1181, 1858, -10010, 818, -42779, 3591, 10417, 41182
22591.6, 1036, 1858, -10010, 818, -42779, 3591, 10417, 41212
22595.9, 1116, 1703, -10128, 417, -39721, 3893, 9843, 41212
22599.6, 1091, 1703, -10128, 417, -39721, 3893, 9843, 41207
22601.9, 23, 1703, -10128, 417, -39721, 3893, 9843, 41207
22607.6, 1165, 1616, -10179, 209, -35744, 3167, 9248, 41198
22611.3, 1068, 1616, -10179, 209, -35744, 3167, 9248, 41207
22615.6, 1110, 1584, -10295, 204, -32034, 1325, 8706, 41207
22619.3, 1063, 1584, -10295, 204, -32034, 1325, 8706, 41180
22621.5, 24, 1584, -10295, 204, -32034, 1325, 8706, 41180
22625.8, 1092, 1813, -10395, 166, -27457, -1443, 7778, 41180
22629.6, 1057, 1813, -10395, 166, -27457, -1443, 7778, 41150
22631.9, 22, 1813, -10395, 166, -27457, -1443, 7778, 41150
22637.6, 1171, 2039, -10384, 254, -20344, -3123, 6947, 41169
22641.3, 1070, 2039, -10384, 254, -20344, -3123, 6947, 41159
22645.6, 1102, 2455, -10520, 568, -17189, -4633, 6300, 41159
22649.3, 1071, 2455, -10520, 568, -17189, -4633, 6300, 41161
22651.5, 24, 2455, -10520, 568, -17189, -4633, 6300, 41161
22655.8, 1104, 2641, -10051, 652, -13707, -5910, 5057, 41161
22659.5, 1083, 2641, -10051, 652, -13707, -5910, 5057, 41189
22663.7, 1123, 2321, -9957, 148, -9769, -5013, 4497, 41189
22667.4, 1089, 2321, -9957, 148, -9769, -5013, 4497, 41148
22671.1, 1090, 2321, -9957, 148, -9769, -5013, 4497, 40899
22675.4, 1137, 2102, -10294, -18, -6728, -1771, 4125, 40899
22679.1, 1087, 2102, -10294, -18, -6728, -1771, 4125, 40891
22683.3, 1100, 1926, -10377, 143, -4020, 896, 2384, 40891
22687.1, 1080, 1926, -10377, 143, -4020, 896, 2384, 40924
22690.8, 1081, 1926, -10377, 143, -4020, 896, 2384, 40898
22695.1, 1096, 1789, -10333, 325, 65, 1623, 1246, 40898
22698.8, 1071, 1789, -10333, 325, 65, 1623, 1246, 40880
22703.0, 1115, 1833, -10249, -83, 4423, 1119, 664, 40880
22706.7, 1049, 1833, -10249, -83, 4423, 1119, 664, 40880
22710.5, 1059, 1833, -10249, -83, 4423, 1119, 664, 40874
22714.7, 1138, 1906, -10194, -487, 8093, -678, -275, 40874
22718.4, 1085, 1906, -10194, -487, 8093, -678, -275, 40871
22724.1, 1177, 1902, -10125, -406, 11537, -319, -1211, 40805
22727.9, 1060, 1902, -10125, -406, 11537, -319, -1211, 40860
22733.6, 1141, 2148, -10225, -1011, 15583, 4869, -1264, 40840
22737.3, 1078, 2148, -10225, -1011, 15583, 4869, -1264, 40845
22743.0, 1134, 1998, -10150, 203, 16577, 12053, -590, 40835
22746.7, 1029, 1998, -10150, 203, 16577, 12053, -590, 40821
22751.0, 1084, 1899, -10422, 705, 19329, 10294, -1264, 40821
22754.7, 1063, 1899, -10422, 705, 19329, 10294, -1264, 40812
22757.0, 23, 1899, -10422, 705, 19329, 10294, -1264, 40812
22762.7, 1145, 1680, -10494, 381, 20803, 4659, -2996, 40804
22766.8, 675, 1680, -10494, 381, 20803, 4659, -2996, 40815
22772.5, 1123, 1554, -10502, 96, 22977, -144, -4646, 40783
22776.3, 1061, 1554, -10502, 96, 22977, -144, -4646, 40796
22780.5, 1080, 1665, -10384, -22, 25651, -4090, -5285, 40796
22784.2, 1013, 1665, -10384, -22, 25651, -4090, -5285, 40780
22786.5, 22, 1665, -10384, -22, 25651, -4090, -5285, 40780
22790.8, 1079, 1807, -10321, -35, 27374, -11016, -5950, 40780
22794.5, 1065, 1807, -10321, -35, 27374, -11016, -5950, 40790
22796.7, 25, 1807, -10321, -35, 27374, -11016, -5950, 40790
22802.5, 1175, 2067, -10318, -263, 29680, -16384, -6925, 40780
22806.2, 1038, 2067, -10318, -263, 29680, -16384, -6925, 40769
22810.4, 1121, 2338, -9965, -257, 31439, -13431, -6195, 40769
22814.1, 1048, 2338, -9965, -257, 31439, -13431, -6195, 40770
22816.4, 22, 2338, -9965, -257, 31439, -13431, -6195, 40770
22820.6, 1087, 2401, -9884, 433, 32909, -6037, -3526, 40770
22824.3, 1038, 2401, -9884, 433, 32909, -6037, -3526, 40767
22828.6, 1091, 2401, -9884, 433, 33613, -2686, -1789, 40767
22832.3, 1071, 2401, -9884, 433, 33613, -2686, -1789, 40772
22836.1, 1073, 2401, -9884, 433, 33613, -2686, -1789, 40745
22840.3, 1085, 1753, -10509, 1047, 35569, -4436, -3294, 40745
22844.1, 1037, 1753, -10509, 1047, 35569, -4436, -3294, 40725
22848.3, 1087, 1753, -10509, 1047, 38198, -9900, -6597, 40725
22852.0, 1091, 1753, -10509, 1047, 38198, -9900, -6597, 40719
22855.8, 1097, 1753, -10509, 1047, 38198, -9900, -6597, 40712
22860.0, 1063, 1613, -10398, 471, 40696, -18357, -8338, 40712
22863.8, 1064, 1613, -10398, 471, 40696, -18357, -8338, 40704
22868.0, 1095, 1613, -10398, 471, 41930, -28166, -7625, 40704
22871.7, 1044, 1613, -10398, 471, 41930, -28166, -7625, 40692
22875.5, 1017, 1613, -10398, 471, 41930, -28166, -7625, 40680
22879.7, 1117, 2114, -10264, 442, 42551, -34103, -5722, 40680
22883.4, 1069, 2114, -10264, 442, 42551, -34103, -5722, 40648
22889.1, 1142, 2182, -10441, 370, 43518, -32104, -4449, 40680
22892.9, 1032, 2182, -10441, 370, 43518, -32104, -4449, 40668
22898.6, 1119, 2093, -10491, 532, 46533, -30704, -5460, 40676
22902.3, 1057, 2093, -10491, 532, 46533, -30704, -5460, 40880
22908.0, 1136, 1935, -10430, 684, 50532, -35179, -8448, 40658
22911.7, 1025, 1935, -10430, 684, 50532, -35179, -8448, 40654
22916.0, 1111, 1935, -10430, 684, 50532, -35179, -8448, 40654
22919.7, 1018, 1935, -10430, 684, 50532, -35179, -8448, 40637
22922.0, 21, 1935, -10430, 684, 50532, -35179, -8448, 40637
22927.7, 1135, 1782, -10270, 315, 56070, -44905, -10723, 40655
22931.4, 1024, 1782, -10270, 315, 56070, -44905, -10723, 40624
22935.7, 1090, 1798, -10120, 936, 59255, -57912, -9353, 40624
22939.5, 1042, 1798, -10120, 936, 59255, -57912, -9353, 40623
