timestamp, 1659, 726, -9693, 1977, 3644, -874, 804, 55176
3057.0, 1489, 726, -9693, 1977, 3644, -874, 804, 55176
3062.7, 1667, 719, -9699, 2018, 3683, -96, 774, 55183
3066.4, 1651, 719, -9699, 2018, 3683, -96, 774, 55178
3070.8, 1667, 661, -9784, 2018, 3517, 345, 507, 55178
3074.5, 1641, 661, -9784, 2018, 3517, 345, 507, 55195
3076.8, 1475, 661, -9784, 2018, 3517, 345, 507, 55195
3081.0, 1602, 559, -9757, 2056, 3434, 704, 306, 55195
3084.7, 1581, 559, -9757, 2056, 3434, 704, 306, 55230
3087.0, 1478, 559, -9757, 2056, 3434, 704, 306, 55230
3092.7, 1653, 489, -9723, 2108, 3180, 988, 209, 55216
3096.4, 1648, 489, -9723, 2108, 3180, 988, 209, 55221
3100.7, 1605, 463, -9749, 2081, 3058, 809, 148, 55221
3104.5, 1540, 463, -9749, 2081, 3058, 809, 148, 55224
3108.7, 1606, 496, -9780, 2103, 2476, 258, 17, 55224
3112.5, 1679, 496, -9780, 2103, 2476, 258, 17, 55226
3116.2, 1707, 496, -9780, 2103, 2476, 258, 17, 55238
3120.5, 1615, 543, -9795, 2133, 2139, -1006, -218, 55238
3124.3, 1585, 543, -9795, 2133, 2139, -1006, -218, 55252
3128.5, 1592, 580, -9771, 2074, 1837, -1750, -245, 55252
3132.2, 1763, 580, -9771, 2074, 1837, -1750, -245, 55242
3136.0, 1659, 580, -9771, 2074, 1837, -1750, -245, 55257
3140.2, 1502, 573, -9793, 2076, 1706, -1999, -275, 55257
3144.0, 1461, 573, -9793, 2076, 1706, -1999, -275, 55252
3148.2, 1673, 493, -9773, 2104, 1666, -2222, -472, 55252
3151.9, 1670, 493, -9773, 2104, 1666, -2222, -472, 55252
3155.7, 1676, 493, -9773, 2104, 1666, -2222, -472, 55258
3159.9, 1719, 518, -9771, 2101, 1741, -2563, -682, 55258
3163.6, 1701, 518, -9771, 2101, 1741, -2563, -682, 55276
3167.9, 1592, 572, -9731, 2001, 1741, -2940, -459, 55276
3171.6, 1539, 572, -9731, 2001, 1741, -2940, -459, 55267
3173.9, 1402, 572, -9731, 2001, 1741, -2940, -459, 55267
3179.7, 1646, 701, -9715, 1962, 1649, -3106, 306, 55061
3183.4, 1678, 701, -9715, 1962, 1649, -3106, 306, 55079
3189.1, 1679, 693, -9780, 1960, 1526, -2878, 546, 55089
3191.4, 1459, 693, -9780, 1960, 1526, -2878, 546, 55089
3193.6, 1458, 693, -9780, 1960, 1526, -2878, 546, 55089
3199.4, 1681, 664, -9727, 1955, 1570, -2165, -30, 55000
3201.6, 1496, 664, -9727, 1955, 1570, -2165, -30, 55000
3205.9, 1715, 665, -9670, 1945, 1404, -1093, -293, 55000
3209.7, 1653, 665, -9670, 1945, 1404, -1093, -293, 55058
3212.0, 1406, 665, -9670, 1945, 1404, -1093, -293, 55058
3217.7, 1542, 658, -9729, 2033, 1238, -966, 17, 55032
3221.5, 1601, 658, -9729, 2033, 1238, -966, 17, 55058
3225.7, 1665, 601, -9731, 2115, 1233, -1373, 157, 55058
3229.5, 1720, 601, -9731, 2115, 1233, -1373, 157, 55041
3231.8, 1497, 601, -9731, 2115, 1233, -1373, 157, 55041
3236.0, 1582, 559, -9754, 2151, 1028, -1819, -328, 55041
3239.8, 1537, 559, -9754, 2151, 1028, -1819, -328, 55046
3242.1, 1414, 559, -9754, 2151, 1028, -1819, -328, 55046
3247.8, 1750, 588, -9687, 2003, 923, -2235, -678, 55038
3251.5, 1651, 588, -9687, 2003, 923, -2235, -678, 55041
3255.8, 1595, 611, -9667, 1992, 629, -2563, -419, 55041
3259.6, 1593, 611, -9667, 1992, 629, -2563, -419, 55017
3263.8, 1581, 641, -9705, 1977, 118, -2646, -74, 55017
3267.6, 1659, 641, -9705, 1977, 118, -2646, -74, 55044
3271.3, 1640, 641, -9705, 1977, 118, -2646, -74, 55036
3275.6, 1683, 647, -9749, 1931, -258, -2572, -402, 55036
3279.4, 1566, 647, -9749, 1931, -258, -2572, -402, 55045
3283.6, 1569, 675, -9728, 1919, -319, -1623, -909, 55045
3287.4, 1587, 675, -9728, 1919, -319, -1623, -909, 55045
3291.1, 1633, 675, -9728, 1919, -319, -1623, -909, 55041
3295.3, 1668, 700, -9775, 1969, -643, -581, -1098, 55041
3299.1, 1653, 700, -9775, 1969, -643, -581, -1098, 55012
3303.3, 1678, 724, -9795, 1967, -800, -297, -984, 55012
3307.0, 1628, 724, -9795, 1967, -800, -297, -984, 55027
3310.8, 1602, 724, -9795, 1967, -800, -297, -984, 55017
3315.1, 1634, 651, -9703, 2059, -1049, -314, -892, 55017
3318.8, 1638, 651, -9703, 2059, -1049, -314, -892, 55017
3323.1, 1659, 698, -9786, 1874, -861, -227, -1124, 55017
3326.8, 1626, 698, -9786, 1874, -861, -227, -1124, 54952
3330.6, 1609, 698, -9786, 1874, -861, -227, -1124, 55014
3334.8, 1657, 632, -9790, 2068, -1203, 419, -1176, 55014
3338.5, 1633, 632, -9790, 2068, -1203, 419, -1176, 55015
3344.3, 1675, 579, -9743, 2006, -879, -459, -1128, 55017
3348.0, 1624, 579, -9743, 2006, -879, -459, -1128, 55020
3353.7, 1704, 620, -9671, 1999, -1229, -454, -949, 55031
3355.9, 1450, 620, -9671, 1999, -1229, -454, -949, 55031
3358.3, 1408, 620, -9671, 1999, -1229, -454, -949, 55031
3364.0, 1649, 543, -9713, 2146, -1399, -494, -1124, 55030
3366.3, 1429, 543, -9713, 2146, -1399, -494, -1124, 55030
3370.5, 1674, 543, -9713, 2146, -1399, -494, -1124, 55030
3374.3, 1681, 543, -9713, 2146, -1399, -494, -1124, 55032
3376.6, 1463, 543, -9713, 2146, -1399, -494, -1124, 55032
3380.8, 1616, 576, -9736, 2076, -1973, -1277, -1981, 55032
3384.6, 1586, 576, -9736, 2076, -1973, -1277, -1981, 55039
3386.9, 1396, 576, -9736, 2076, -1973, -1277, -1981, 55039
3392.6, 1630, 521, -9732, 2046, -2393, -1163, -2078, 54996
3396.4, 1673, 521, -9732, 2046, -2393, -1163, -2078, 55007
3400.6, 1629, 597, -9724, 2029, -2782, -1242, -2021, 55007
3404.4, 1616, 597, -9724, 2029, -2782, -1242, -2021, 54995
3406.7, 1383, 597, -9724, 2029, -2782, -1242, -2021, 54995
3410.9, 1618, 611, -9772, 1957, -3294, -984, -2008, 54995
3414.7, 1670, 611, -9772, 1957, -3294, -984, -2008, 54968
3418.9, 1711, 649, -9745, 1903, -3294, -984, -2008, 54968
3422.7, 1661, 649, -9745, 1903, -3294, -984, -2008, 54955
3426.5, 1607, 649, -9745, 1903, -3294, -984, -2008, 54953
3430.8, 1693, 694, -9798, 1901, -3110, 463, -1750, 54953
3434.5, 1606, 694, -9798, 1901, -3110, 463, -1750, 54914
3438.8, 1489, 672, -9814, 1901, -3110, 463, -1750, 54914
3442.5, 1468, 672, -9814, 1901, -3110, 463, -1750, 54946
3446.2, 1625, 672, -9814, 1901, -3110, 463, -1750, 54968
3450.5, 1710, 638, -9860, 2011, -2388, 1382, -1605, 54968
3454.3, 1659, 638, -9860, 2011, -2388, 1382, -1605, 54921
3458.5, 1712, 553, -9898, 2011, -2388, 1382, -1605, 54921
3462.2, 1644, 553, -9898, 2011, -2388, 1382, -1605, 54932
3466.0, 1592, 553, -9898, 2011, -2388, 1382, -1605, 54904
3470.2, 1630, 555, -9855, 1958, -1434, 1465, -1080, 54904
3474.0, 1649, 555, -9855, 1958, -1434, 1465, -1080, 55041
3478.2, 1675, 565, -9783, 1958, -1434, 1465, -1080, 55041
3481.9, 1638, 565, -9783, 1958, -1434, 1465, -1080, 54907
3485.7, 1595, 565, -9783, 1958, -1434, 1465, -1080, 54916
3489.9, 1630, 641, -9770, 1967, -1793, 174, -905, 54916
3493.7, 1638, 641, -9770, 1967, -1793, 174, -905, 54901
3498.0, 1645, 684, -9786, 1967, -1793, 174, -905, 54901
3501.7, 1621, 684, -9786, 1967, -1793, 174, -905, 54909
3504.0, 1485, 684, -9786, 1967, -1793, 174, -905, 54909
3509.7, 1654, 630, -9678, 2049, -2095, 538, -1583, 54911
3513.4, 1628, 630, -9678, 2049, -2095, 538, -1583, 54878
3519.2, 1692, 605, -9678, 2049, -2095, 538, -1583, 54917
3521.4, 1505, 605, -9678, 2049, -2095, 538, -1583, 54917
3523.7, 1532, 605, -9678, 2049, -2095, 538, -1583, 54917
3529.4, 1589, 657, -9666, 2073, -2183, 472, -1281, 54920
3531.7, 1335, 657, -9666, 2073, -2183, 472, -1281, 54920
3536.0, 1608, 631, -9692, 2087, -2235, 236, -1207, 54920
3539.8, 1737, 631, -9692, 2087, -2235, 236, -1207, 54925
3542.1, 1514, 631, -9692, 2087, -2235, 236, -1207, 54925
3547.8, 1611, 601, -9664, 2190, -1728, 345, -1483, 54913
3551.5, 1557, 601, -9664, 2190, -1728, 345, -1483, 54940
3555.8, 1629, 540, -9798, 2161, -1951, -104, -2292, 54940
3559.6, 1646, 540, -9798, 2161, -1951, -104, -2292, 54943
3561.8, 1470, 540, -9798, 2161, -1951, -104, -2292, 54943
3566.1, 1666, 501, -9836, 2137, -1649, -284, -2546, 54943
3569.8, 1645, 501, -9836, 2137, -1649, -284, -2546, 54958
3574.1, 1640, 491, -9926, 2249, -971, -896, -2559, 54958
3577.9, 1577, 491, -9926, 2249, -971, -896, -2559, 54983
3581.6, 1591, 491, -9926, 2249, -971, -896, -2559, 54963
3585.9, 1636, 540, -10001, 2144, -599, -2095, -2804, 54963
3589.6, 1615, 540, -10001, 2144, -599, -2095, -2804, 54974
3593.8, 1672, 620, -9982, 2042, -113, -2765, -3180, 54974
3597.6, 1619, 620, -9982, 2042, -113, -2765, -3180, 54971
3601.4, 1618, 620, -9982, 2042, -113, -2765, -3180, 54946
3605.6, 1655, 702, -9962, 1967, 144, -2458, -3215, 54946
3609.4, 1626, 702, -9962, 1967, 144, -2458, -3215, 54983
3613.6, 1639, 671, -9954, 1920, 310, -1203, -3145, 54983
3617.4, 1619, 671, -9954, 1920, 310, -1203, -3145, 54975
3621.1, 1655, 671, -9954, 1920, 310, -1203, -3145, 54972
3625.4, 1604, 617, -9943, 2050, 555, -787, -3640, 54972
3629.2, 1567, 617, -9943, 2050, 555, -787, -3640, 54990
3633.4, 1643, 549, -9924, 2072, 349, -966, -4620, 54990
3637.1, 1662, 549, -9924, 2072, 349, -966, -4620, 54967
3640.9, 1680, 549, -9924, 2072, 349, -966, -4620, 54958
3645.2, 1594, 516, -9876, 2072, 314, -1601, -5245, 54958
3649.0, 1586, 516, -9876, 2072, 314, -1601, -5245, 54959
3653.2, 1658, 546, -9836, 2080, 542, -2668, -5171, 54959
3656.9, 1597, 546, -9836, 2080, 542, -2668, -5171, 54964
3660.7, 1617, 546, -9836, 2080, 542, -2668, -5171, 54942
3665.0, 1683, 605, -9817, 2093, 940, -3858, -4764, 54942
3668.8, 1747, 605, -9817, 2093, 940, -3858, -4764, 54961
3673.0, 1600, 658, -9898, 2011, 909, -4926, -4593, 54961
3676.7, 1497, 658, -9898, 2011, 909, -4926, -4593, 54990
3681.0, 1553, 677, -9830, 2004, 984, -5683, -5092, 54990
3684.7, 1686, 677, -9830, 2004, 984, -5683, -5092, 54943
3687.0, 1475, 677, -9830, 2004, 984, -5683, -5092, 54943
3692.7, 1719, 634, -9859, 1989, 783, -6041, -5945, 54946
3696.4, 1617, 634, -9859, 1989, 783, -6041, -5945, 54934
3700.7, 1551, 668, -9828, 1986, 1128, -5849, -6435, 54934
3704.5, 1547, 668, -9828, 1986, 1128, -5849, -6435, 54920
3706.8, 1407, 668, -9828, 1986, 1128, -5849, -6435, 54920
3711.0, 1689, 649, -9812, 1976, 1098, -5512, -6186, 54920
3714.7, 1669, 649, -9812, 1976, 1098, -5512, -6186, 54913
3717.0, 1467, 649, -9812, 1976, 1098, -5512, -6186, 54913
3722.8, 1636, 739, -9814, 1960, 1220, -5048, -5643, 54869
3726.5, 1604, 739, -9814, 1960, 1220, -5048, -5643, 54870
3730.8, 1644, 774, -9835, 1879, 1316, -5101, -5534, 54870
3734.6, 1676, 774, -9835, 1879, 1316, -5101, -5534, 54866
3736.9, 1480, 774, -9835, 1879, 1316, -5101, -5534, 54866
3742.6, 1634, 722, -9827, 1880, 1338, -5048, -5831, 54870
3746.4, 1545, 722, -9827, 1880, 1338, -5048, -5831, 54855
3750.6, 1648, 754, -9765, 1960, 1483, -4926, -6107, 54855
3754.3, 1666, 754, -9765, 1960, 1483, -4926, -6107, 54839
3758.5, 1666, 748, -9782, 2065, 1474, -5341, -5862, 54839
3762.3, 1634, 748, -9782, 2065, 1474, -5341, -5862, 54831
3766.0, 1679, 748, -9782, 2065, 1474, -5341, -5862, 54841
3770.3, 1666, 768, -9777, 1994, 1281, -5936, -5761, 54841
3774.1, 1526, 768, -9777, 1994, 1281, -5936, -5761, 54811
3778.3, 1597, 767, -9783, 1892, 1238, -5639, -5871, 54811
3782.0, 1629, 767, -9783, 1892, 1238, -5639, -5871, 54797
3785.8, 1667, 767, -9783, 1892, 1238, -5639, -5871, 54807
3790.1, 1662, 739, -9751, 1968, 1290, -4952, -5993, 54807
3793.8, 1592, 739, -9751, 1968, 1290, -4952, -5993, 54802
3798.0, 1651, 720, -9713, 1987, 1347, -4440, -6168, 54802
3801.7, 1604, 720, -9713, 1987, 1347, -4440, -6168, 54789
3804.0, 1462, 720, -9713, 1987, 1347, -4440, -6168, 54789
3809.7, 1685, 771, -9712, 1923, 1233, -4143, -5871, 54726
3813.4, 1757, 771, -9712, 1923, 1233, -4143, -5871, 54761
3819.1, 1629, 808, -9698, 1887, 1128, -4248, -5586, 54759
3822.9, 1517, 808, -9698, 1887, 1128, -4248, -5586, 54754
3828.6, 1631, 863, -9649, 1856, 866, -4243, -5355, 54750
3832.3, 1597, 863, -9649, 1856, 866, -4243, -5355, 54752
3838.1, 1574, 844, -9669, 1771, 288, -3780, -5302, 54751
3841.8, 1647, 844, -9669, 1771, 288, -3780, -5302, 54754
3846.0, 1651, 799, -9660, 1841, 209, -3010, -5350, 54754
3849.7, 1642, 799, -9660, 1841, 209, -3010, -5350, 54751
3852.0, 1422, 799, -9660, 1841, 209, -3010, -5350, 54751
3857.7, 1625, 787, -9684, 1895, 314, -2576, -5193, 54740
3861.4, 1640, 787, -9684, 1895, 314, -2576, -5193, 54728
3865.7, 1663, 857, -9661, 1835, 494, -2423, -5000, 54728
3869.5, 1606, 857, -9661, 1835, 494, -2423, -5000, 54726
3871.7, 1426, 857, -9661, 1835, 494, -2423, -5000, 54726
3876.0, 1638, 927, -9612, 1730, 678, -1798, -4445, 54726
3880.0, 1565, 927, -9612, 1730, 678, -1798, -4445, 54717
3882.3, 1416, 927, -9612, 1730, 678, -1798, -4445, 54717
3888.0, 1632, 962, -9611, 1899, 835, -1281, -3928, 54716
3891.7, 1598, 962, -9611, 1899, 835, -1281, -3928, 54708
3896.0, 1689, 980, -9648, 1908, 1028, -1290, -4046, 54708
3899.8, 1729, 980, -9648, 1908, 1028, -1290, -4046, 54697
3904.0, 1654, 980, -9625, 1869, 901, -634, -4178, 54697
3907.8, 1529, 980, -9625, 1869, 901, -634, -4178, 54704
3911.5, 1506, 980, -9625, 1869, 901, -634, -4178, 54712
3915.8, 1636, 989, -9631, 1864, 1010, 721, -3736, 54712
3919.6, 1658, 989, -9631, 1864, 1010, 721, -3736, 54719
3923.8, 1648, 989, -9643, 1950, 861, 1010, -3338, 54719
3927.6, 1661, 989, -9643, 1950, 861, 1010, -3338, 54728
3931.3, 1651, 989, -9643, 1950, 861, 1010, -3338, 54698
3935.6, 1681, 837, -9579, 1887, 673, 643, -3753, 54698
3939.4, 1663, 837, -9579, 1887, 673, 643, -3753, 54695
3943.6, 1574, 891, -9592, 1869, 275, 743, -4020, 54695
3947.4, 1491, 891, -9592, 1869, 275, 743, -4020, 54687
3951.1, 1470, 891, -9592, 1869, 275, 743, -4020, 54704
3955.4, 1650, 923, -9659, 1936, 301, 538, -3460, 54704
3959.2, 1649, 923, -9659, 1936, 301, 538, -3460, 54683
3963.4, 1700, 975, -9758, 1914, 192, -174, -2874, 54683
3967.2, 1645, 975, -9758, 1914, 192, -174, -2874, 54664
3970.9, 1665, 975, -9758, 1914, 192, -174, -2874, 54672
3975.2, 1605, 1024, -9742, 1739, 69, 188, -2712, 54672
3979.0, 1603, 1024, -9742, 1739, 69, 188, -2712, 54658
3983.2, 1658, 1086, -9717, 1750, -161, 1968, -2485, 54658
3986.9, 1605, 1086, -9717, 1750, -161, 1968, -2485, 54666
3990.7, 1575, 1086, -9717, 1750, -161, 1968, -2485, 54629
3995.0, 1642, 1057, -9741, 1908, -83, 3810, -2244, 54629
3998.8, 1645, 1057, -9741, 1908, -83, 3810, -2244, 54674
4003.0, 1633, 960, -9771, 2027, -336, 4913, -2419, 54674
4006.8, 1641, 960, -9771, 2027, -336, 4913, -2419, 54677
4011.0, 1644, 960, -9771, 2027, -336, 4913, -2419, 54677
4014.7, 1634, 960, -9771, 2027, -336, 4913, -2419, 54677
4017.0, 1436, 960, -9771, 2027, -336, 4913, -2419, 54677
4022.7, 1675, 913, -9783, 1966, -433, 5525, -2156, 54761
4026.4, 1591, 913, -9783, 1966, -433, 5525, -2156, 54679
4030.7, 1655, 858, -9723, 1980, -428, 5748, -2156, 54679
4034.5, 1657, 858, -9723, 1980, -428, 5748, -2156, 54683
4036.8, 1454, 858, -9723, 1980, -428, 5748, -2156, 54683
4041.0, 1614, 866, -9722, 1924, -424, 5643, -1434, 54683
4044.7, 1630, 866, -9722, 1924, -424, 5643, -1434, 54695
4047.0, 1469, 866, -9722, 1924, -424, 5643, -1434, 54695
4052.7, 1678, 839, -9733, 2109, -1176, 4348, -1592, 54712
4056.4, 1552, 839, -9733, 2109, -1176, 4348, -1592, 54718
4060.7, 1521, 816, -9772, 1992, -1176, 4348, -1526, 54718
4064.5, 1612, 816, -9772, 1992, -1176, 4348, -1526, 54696
4068.7, 1666, 933, -9796, 1996, -1281, 4760, -1526, 54696
4072.4, 1640, 933, -9796, 1996, -1281, 4760, -1526, 54693
4076.2, 1729, 933, -9796, 1996, -1281, 4760, -1526, 54722
4080.5, 1730, 947, -9780, 1978, -1338, 5066, -1045, 54722
4084.3, 1565, 947, -9780, 1978, -1338, 5066, -1045, 54675
4088.5, 1515, 940, -9751, 1861, -1325, 5700, -1045, 54675
4092.2, 1620, 940, -9751, 1861, -1325, 5700, -1045, 54675
4096.0, 1620, 940, -9751, 1861, -1325, 5700, -1045, 54665
4100.3, 1645, 939, -9699, 1901, -1570, 6278, -822, 54665
4104.1, 1623, 939, -9699, 1901, -1570, 6278, -822, 54678
4108.3, 1636, 888, -9729, 2021, -1758, 6278, -822, 54678
4112.0, 1664, 888, -9729, 2021, -1758, 6278, -822, 54680
4115.8, 1645, 888, -9729, 2021, -1758, 6278, -822, 54682
4120.0, 1658, 792, -9709, 2047, -1592, 5254, -874, 54682
4123.8, 1570, 792, -9709, 2047, -1592, 5254, -874, 54626
4128.0, 1617, 764, -9698, 1984, -1483, 5254, -874, 54626
4131.7, 1649, 764, -9698, 1984, -1483, 5254, -874, 54685
4134.0, 1462, 764, -9698, 1984, -1483, 5254, -874, 54685
4139.7, 1657, 777, -9718, 2117, -1006, 3963, -218, 54689
4143.4, 1663, 777, -9718, 2117, -1006, 3963, -218, 54696
4149.1, 1667, 830, -9686, 2024, -1207, 3963, -218, 54696
4152.9, 1487, 830, -9686, 2024, -1207, 3963, -218, 54704
4158.6, 1472, 877, -9665, 2057, -1220, 3640, -266, 54687
4160.9, 1402, 877, -9665, 2057, -1220, 3640, -266, 54687
4163.2, 1464, 877, -9665, 2057, -1220, 3640, -266, 54687
4168.9, 1690, 882, -9756, 2106, -1071, 3587, -319, 54703
4171.2, 1498, 882, -9756, 2106, -1071, 3587, -319, 54703
4173.4, 1474, 882, -9756, 2106, -1071, 3587, -319, 54703
4179.2, 1659, 883, -9742, 2070, -800, 3053, -594, 54723
4181.4, 1446, 883, -9742, 2070, -800, 3053, -594, 54723
4185.7, 1647, 862, -9686, 1987, -660, 3268, -686, 54723
4189.5, 1602, 862, -9686, 1987, -660, 3268, -686, 54725
4191.8, 1446, 862, -9686, 1987, -660, 3268, -686, 54725
4196.0, 1668, 859, -9662, 2008, -279, 3351, -363, 54725
4199.8, 1695, 859, -9662, 2008, -279, 3351, -363, 54748
4202.1, 1507, 859, -9662, 2008, -279, 3351, -363, 54748
4207.8, 1617, 904, -9713, 2076, -384, 2869, -8, 54755
4211.5, 1658, 904, -9713, 2076, -384, 2869, -8, 54764
4215.8, 1646, 874, -9759, 2037, -721, 2362, -118, 54764
4219.6, 1605, 874, -9759, 2037, -721, 2362, -118, 54772
4221.9, 1434, 874, -9759, 2037, -721, 2362, -118, 54772
4226.1, 1664, 857, -9767, 2021, -721, 2541, -201, 54772
4229.9, 1657, 857, -9767, 2021, -721, 2541, -201, 54810
4234.2, 1685, 836, -9756, 2101, -822, 3005, 4, 54810
4237.9, 1709, 836, -9756, 2101, -822, 3005, 4, 54778
4241.7, 1615, 836, -9756, 2101, -822, 3005, 4, 54780
4245.9, 1551, 829, -9766, 2108, -481, 2791, -4, 54780
4249.6, 1567, 829, -9766, 2108, -481, 2791, -4, 54791
4253.8, 1629, 890, -9730, 2096, -332, 2454, -26, 54791
4257.6, 1582, 890, -9730, 2096, -332, 2454, -26, 54789
4261.3, 1642, 890, -9730, 2096, -332, 2454, -26, 54811
4265.6, 1695, 940, -9671, 2032, -306, 1977, -174, 54811
4269.4, 1619, 940, -9671, 2032, -306, 1977, -174, 54811
4273.6, 1732, 961, -9646, 1984, -463, 1732, -201, 54811
4277.4, 1651, 961, -9646, 1984, -463, 1732, -201, 54745
4281.1, 1583, 961, -9646, 1984, -463, 1732, -201, 54814
4285.4, 1534, 920, -9695, 2080, -577, 2331, 30, 54814
4289.2, 1594, 920, -9695, 2080, -577, 2331, 30, 54814
4293.4, 1740, 842, -9761, 2176, -568, 2988, -69, 54814
4297.1, 1748, 842, -9761, 2176, -568, 2988, -69, 54806
4300.9, 1617, 842, -9761, 2176, -568, 2988, -69, 54814
4305.2, 1508, 793, -9822, 2203, -384, 2633, -664, 54814
4309.0, 1544, 793, -9822, 2203, -384, 2633, -664, 54812
4313.2, 1666, 753, -9863, 2160, -314, 2073, -778, 54812
4317.0, 1664, 753, -9863, 2160, -314, 2073, -778, 54812
4322.7, 1619, 677, -9838, 2178, -179, 1260, -446, 54813
4326.4, 1588, 677, -9838, 2178, -179, 1260, -446, 54813
4330.7, 1650, 720, -9793, 2111, 275, -52, -188, 54813
4334.5, 1658, 720, -9793, 2111, 275, -52, -188, 54766
4336.8, 1492, 720, -9793, 2111, 275, -52, -188, 54766
4341.0, 1643, 815, -9742, 2045, 240, -1159, 170, 54766
4344.7, 1600, 815, -9742, 2045, 240, -1159, 170, 54771
4347.0, 1479, 815, -9742, 2045, 240, -1159, 170, 54771
4352.7, 1663, 878, -9744, 1986, 153, -1518, 428, 54776
4356.4, 1643, 878, -9744, 1986, 153, -1518, 428, 54768
4360.7, 1699, 922, -9778, 1943, 30, -874, 533, 54768
4364.5, 1601, 922, -9778, 1943, 30, -874, 533, 54767
4366.7, 1449, 922, -9778, 1943, 30, -874, 533, 54767
4371.0, 1583, 851, -9769, 1984, 227, 402, 503, 54767
4374.7, 1615, 851, -9769, 1984, 227, 402, 503, 54780
4377.0, 1489, 851, -9769, 1984, 227, 402, 503, 54780
4382.7, 1771, 816, -9741, 2079, 726, 1343, 179, 54750
4386.4, 1720, 816, -9741, 2079, 726, 1343, 179, 54781
4390.7, 1514, 786, -9705, 2021, 901, 1719, 214, 54781
4394.5, 1528, 786, -9705, 2021, 901, 1719, 214, 54774
4398.7, 1622, 762, -9732, 2096, 1106, 1203, 393, 54774
4402.5, 1594, 762, -9732, 2096, 1106, 1203, 393, 54782
4406.2, 1559, 762, -9732, 2096, 1106, 1203, 393, 54781
4410.5, 1675, 741, -9716, 2096, 1058, 349, 411, 54781
4414.3, 1658, 741, -9716, 2096, 1058, 349, 411, 54768
4418.5, 1687, 752, -9701, 2024, 940, -476, 555, 54768
4422.2, 1623, 752, -9701, 2024, 940, -476, 555, 54776
4426.0, 1603, 752, -9701, 2024, 940, -476, 555, 54794
4430.2, 1637, 784, -9750, 2041, 1176, -949, 713, 54794
4434.0, 1600, 784, -9750, 2041, 1176, -949, 713, 54799
4438.2, 1629, 764, -9772, 2063, 1430, -778, 1028, 54799
4441.9, 1637, 764, -9772, 2063, 1430, -778, 1028, 54728
4445.7, 1680, 764, -9772, 2063, 1430, -778, 1028, 54813
4449.9, 1676, 784, -9750, 2141, 1063, -791, 1041, 54813
4453.6, 1589, 784, -9750, 2141, 1063, -791, 1041, 54808
4457.9, 1573, 811, -9690, 1992, 1386, -1448, 774, 54808
4461.6, 1579, 811, -9690, 1992, 1386, -1448, 774, 54799
4463.9, 1412, 811, -9690, 1992, 1386, -1448, 774, 54799
4469.7, 1676, 806, -9721, 2044, 975, -1981, 384, 54787
4473.4, 1803, 806, -9721, 2044, 975, -1981, 384, 54787
4479.2, 1597, 759, -9747, 2041, 905, -1907, 406, 54786
4482.9, 1448, 759, -9747, 2041, 905, -1907, 406, 54793
4488.6, 1559, 768, -9791, 2007, 1010, -1487, 708, 54815
4490.8, 1454, 768, -9791, 2007, 1010, -1487, 708, 54815
4493.1, 1480, 768, -9791, 2007, 1010, -1487, 708, 54815
4498.8, 1735, 775, -9733, 1992, 1295, -1233, 1036, 54788
4501.0, 1566, 775, -9733, 1992, 1295, -1233, 1036, 54788
4505.3, 1618, 775, -9733, 1982, 1281, -1115, 1185, 54788
4509.1, 1519, 775, -9733, 1982, 1281, -1115, 1185, 54784
4511.3, 1396, 775, -9733, 1982, 1281, -1115, 1185, 54784
4515.6, 1629, 824, -9748, 1981, 1251, -870, 1211, 54784
4519.3, 1547, 824, -9748, 1981, 1251, -870, 1211, 54785
4521.6, 1492, 824, -9748, 1981, 1251, -870, 1211, 54785
4525.9, 1661, 798, -9787, 2062, 1049, -594, 1233, 54785
4529.6, 1639, 798, -9787, 2062, 1049, -594, 1233, 54804
4531.9, 1487, 798, -9787, 2062, 1049, -594, 1233, 54804
4537.7, 2044, 758, -9842, 2100, 542, -1653, 1225, 54731
4541.4, 1782, 758, -9842, 2100, 542, -1653, 1225, 54781
4545.7, 1355, 746, -9702, 2012, 940, -1448, 1281, 54781
4549.4, 1203, 746, -9702, 2012, 940, -1448, 1281, 54796
4551.7, 1263, 746, -9702, 2012, 940, -1448, 1281, 54796
4556.0, 1681, 760, -9897, 2134, 1032, -1907, 1084, 54796
4559.8, 1669, 760, -9897, 2134, 1032, -1907, 1084, 54746
4564.0, 1671, 760, -9897, 2134, -4, -4195, 735, 54746
4567.7, 1655, 760, -9897, 2134, -4, -4195, 735, 54760
4571.5, 1665, 760, -9897, 2134, -4, -4195, 735, 54760
4575.7, 1662, 789, -9663, 1884, 2279, -4235, 1189, 54760
4579.5, 1681, 789, -9663, 1884, 2279, -4235, 1189, 54755
4583.7, 1660, 789, -9663, 1884, 1793, -3574, 1229, 54755
4587.4, 1550, 789, -9663, 1884, 1793, -3574, 1229, 54751
4591.2, 1647, 789, -9663, 1884, 1793, -3574, 1229, 54756
4595.4, 1770, 917, -9723, 1995, 2008, -4182, 1106, 54756
4599.1, 1655, 917, -9723, 1995, 2008, -4182, 1106, 54748
4603.3, 1464, 917, -9723, 1995, 2139, -4243, 1150, 54748
4607.1, 1494, 917, -9723, 1995, 2139, -4243, 1150, 54752
4610.8, 1579, 917, -9723, 1995, 2139, -4243, 1150, 54745
4615.1, 1656, 741, -9774, 2115, 2148, -3233, 1028, 54745
4618.8, 1695, 741, -9774, 2115, 2148, -3233, 1028, 54727
4623.0, 1874, 741, -9774, 2115, 2275, -2668, 888, 54727
4626.7, 1716, 741, -9774, 2115, 2275, -2668, 888, 54726
4629.0, 1429, 741, -9774, 2115, 2275, -2668, 888, 54726
4634.7, 1424, 694, -9708, 1951, 1916, -2397, 800, 54671
4638.4, 1533, 694, -9708, 1951, 1916, -2397, 800, 54704
4644.1, 2038, 694, -9708, 1951, 1566, -2751, 791, 54716
4646.4, 1654, 694, -9708, 1951, 1566, -2751, 791, 54716
4648.6, 1596, 694, -9708, 1951, 1566, -2751, 791, 54716
4654.4, 1368, 708, -9777, 2116, 2375, -3775, 822, 54724
4656.6, 1146, 708, -9777, 2116, 2375, -3775, 822, 54724
4660.9, 1373, 742, -9812, 2213, 2375, -3775, 822, 54724
4664.7, 1501, 742, -9812, 2213, 2375, -3775, 822, 54718
4667.0, 1488, 742, -9812, 2213, 2375, -3775, 822, 54718
4672.7, 1914, 721, -9934, 2206, 3010, -4777, 940, 54719
4676.4, 1956, 721, -9934, 2206, 3010, -4777, 940, 54727
4680.7, 1753, 766, -9955, 2203, 4528, -5490, 1023, 54727
4684.5, 1428, 766, -9955, 2203, 4528, -5490, 1023, 54754
4686.8, 1237, 766, -9955, 2203, 4528, -5490, 1023, 54754
4691.0, 1393, 766, -9845, 2026, 5661, -5744, 1378, 54754
4694.8, 1603, 766, -9845, 2026, 5661, -5744, 1378, 54773
4697.1, 1669, 766, -9845, 2026, 5661, -5744, 1378, 54773
4702.8, 1658, 809, -9895, 2295, 6733, -6081, 1413, 54766
4706.5, 1646, 809, -9895, 2295, 6733, -6081, 1413, 54788
4710.8, 1574, 794, -9943, 2411, 8400, -6125, 1395, 54788
4714.6, 1928, 794, -9943, 2411, 8400, -6125, 1395, 54775
4718.8, 1699, 689, -9945, 2287, 10145, -6488, 1574, 54775
4722.6, 1385, 689, -9945, 2287, 10145, -6488, 1574, 54769
4726.3, 1361, 689, -9945, 2287, 10145, -6488, 1574, 54752
4730.6, 1652, 715, -9930, 2245, 11891, -7153, 1693, 54752
4734.4, 2221, 715, -9930, 2245, 11891, -7153, 1693, 54713
4738.6, 1714, 676, -9994, 2426, 13269, -7599, 2095, 54713
4742.4, 1266, 676, -9994, 2426, 13269, -7599, 2095, 54750
4746.1, 1044, 676, -9994, 2426, 13269, -7599, 2095, 54738
4750.4, 1566, 615, -10113, 2663, 15732, -8360, 2450, 54738
4754.2, 1718, 615, -10113, 2663, 15732, -8360, 2450, 54737
4758.4, 1705, 480, -10240, 2782, 18646, -9358, 2384, 54737
4762.1, 1739, 480, -10240, 2782, 18646, -9358, 2384, 54770
4765.9, 1765, 480, -10240, 2782, 18646, -9358, 2384, 54794
4770.2, 1659, 467, -10315, 2877, 22352, -10491, 2288, 54794
4773.9, 1397, 467, -10315, 2877, 22352, -10491, 2288, 54749
4778.1, 1563, 485, -10226, 2621, 27007, -10381, 2738, 54749
4781.8, 1664, 485, -10226, 2621, 27007, -10381, 2738, 54766
4785.6, 1742, 485, -10226, 2621, 27007, -10381, 2738, 54749
4789.8, 1833, 659, -10146, 2709, 29868, -10351, 3583, 54749
4793.5, 1775, 659, -10146, 2709, 29868, -10351, 3583, 54763
4799.3, 1464, 769, -10174, 2854, 32169, -12560, 4073, 54788
4803.0, 1470, 769, -10174, 2854, 32169, -12560, 4073, 54816
4808.7, 1766, 800, -10113, 2885, 34366, -14022, 3823, 54855
4810.9, 1483, 800, -10113, 2885, 34366, -14022, 3823, 54855
4813.3, 1366, 800, -10113, 2885, 34366, -14022, 3823, 54855
4819.0, 1573, 687, -10012, 2927, 36089, -13812, 3465, 54900
4821.3, 1393, 687, -10012, 2927, 36089, -13812, 3465, 54900
4825.5, 1684, 535, -9933, 3164, 39016, -12372, 3320, 54900
4829.3, 1496, 535, -9933, 3164, 39016, -12372, 3320, 54912
4831.5, 1251, 535, -9933, 3164, 39016, -12372, 3320, 54912
4835.7, 1529, 412, -9969, 3288, 42061, -11432, 3211, 54912
4839.4, 1727, 412, -9969, 3288, 42061, -11432, 3211, 54925
4841.7, 1609, 412, -9969, 3288, 42061, -11432, 3211, 54925
4845.9, 1847, 409, -9795, 3338, 44770, -11274, 3228, 54925
4849.6, 1773, 409, -9795, 3338, 44770, -11274, 3228, 57287
4851.9, 1506, 409, -9795, 3338, 44770, -11274, 3228, 57287
4856.1, 1427, 640, -9772, 3535, 47320, -12552, 3600, 57287
4859.9, 1633, 640, -9772, 3535, 47320, -12552, 3600, 57409
4862.1, 1607, 640, -9772, 3535, 47320, -12552, 3600, 57409
4867.9, 1554, 672, -9808, 3744, 49788, -15260, 3696, 57512
4871.6, 1343, 672, -9808, 3744, 49788, -15260, 3696, 57605
4875.9, 1493, 758, -9792, 3507, 52776, -16778, 3014, 57605
4879.6, 1759, 758, -9792, 3507, 52776, -16778, 3014, 57701
4883.8, 1906, 633, -9551, 3610, 55506, -16017, 2493, 57701
4887.6, 2057, 633, -9551, 3610, 55506, -16017, 2493, 57802
4891.3, 1377, 633, -9551, 3610, 55506, -16017, 2493, 57892
4895.6, 1281, 692, -9644, 3792, 58520, -14831, 2708, 57892
4899.4, 1537, 692, -9644, 3792, 58520, -14831, 2708, 58056
4903.6, 1879, 607, -9581, 3969, 60892, -14577, 3281, 58056
4907.4, 1387, 607, -9581, 3969, 60892, -14577, 3281, 58132
4911.1, 1479, 607, -9581, 3969, 60892, -14577, 3281, 58182
4915.4, 1694, 631, -9550, 3875, 64094, -15037, 3736, 58182
4919.2, 1850, 631, -9550, 3875, 64094, -15037, 3736, 58276
4923.4, 1704, 702, -9742, 3948, 66702, -15159, 3968, 58276
4927.1, 1509, 702, -9742, 3948, 66702, -15159, 3968, 58395
4930.9, 1473, 702, -9742, 3948, 66702, -15159, 3968, 58553
4935.2, 2228, 670, -9626, 4003, 68456, -14765, 4296, 58553
4939.0, 1748, 670, -9626, 4003, 68456, -14765, 4296, 58672
4943.2, 1292, 635, -9734, 4227, 70403, -14122, 5005, 58672
4946.9, 1147, 635, -9734, 4227, 70403, -14122, 5005, 58723
4950.7, 1624, 635, -9734, 4227, 70403, -14122, 5005, 58875
4955.0, 2209, 538, -9719, 4418, 71436, -13466, 5061, 58875
4958.8, 1715, 538, -9719, 4418, 71436, -13466, 5061, 58975
4963.0, 1276, 614, -9551, 4311, 73050, -11930, 4230, 58975
4966.7, 1246, 614, -9551, 4311, 73050, -11930, 4230, 59050
4971.0, 1909, 607, -9504, 4320, 76336, -9174, 3675, 59050
4974.7, 2007, 607, -9504, 4320, 76336, -9174, 3675, 59006
4977.0, 1660, 607, -9504, 4320, 76336, -9174, 3675, 59006
4982.7, 1371, 676, -9482, 4564, 78235, -7958, 3775, 59177
4986.4, 1422, 676, -9482, 4564, 78235, -7958, 3775, 59282
4990.7, 1933, 859, -9279, 4329, 80243, -8338, 4760, 59282
4994.5, 1982, 859, -9279, 4329, 80243, -8338, 4760, 59361
4996.8, 1717, 859, -9279, 4329, 80243, -8338, 4760, 59361
5001.0, 1550, 834, -9214, 4579, 81831, -8610, 6540, 59361
5004.7, 1197, 834, -9214, 4579, 81831, -8610, 6540, 59414
5007.0, 1129, 834, -9214, 4579, 81831, -8610, 6540, 59414
5012.7, 2017, 667, -9256, 4847, 82050, -7608, 7385, 59487
5016.4, 1810, 667, -9256, 4847, 82050, -7608, 7385, 59556
5020.7, 1392, 561, -9248, 5026, 83410, -6256, 7433, 59556
5024.5, 1201, 561, -9248, 5026, 83410, -6256, 7433, 59656
5026.8, 1234, 561, -9248, 5026, 83410, -6256, 7433, 59656
5031.0, 1906, 482, -9232, 5174, 84018, -6426, 6746, 59656
5034.7, 1754, 482, -9232, 5174, 84018, -6426, 6746, 59785
5038.9, 1470, 556, -9110, 4834, 84788, -6903, 6348, 59785
5042.7, 1636, 556, -9110, 4834, 84788, -6903, 6348, 59917
5046.4, 1707, 556, -9110, 4834, 84788, -6903, 6348, 60003
5050.7, 1612, 750, -9073, 5002, 86022, -6483, 6426, 60003
5054.5, 2023, 750, -9073, 5002, 86022, -6483, 6426, 60061
5058.7, 1819, 894, -8967, 5157, 87689, -6138, 6475, 60061
5062.4, 1378, 894, -8967, 5157, 87689, -6138, 6475, 60132
5066.2, 1210, 894, -8967, 5157, 87689, -6138, 6475, 60241
5070.4, 1644, 943, -9120, 5355, 89058, -6916, 6028, 60241
5074.2, 1849, 943, -9120, 5355, 89058, -6916, 6028, 60343
5078.4, 1933, 866, -9011, 5734, 90375, -8076, 5818, 60343
5082.1, 1745, 866, -9011, 5734, 90375, -8076, 5818, 60442
5085.9, 1163, 866, -9011, 5734, 90375, -8076, 5818, 60531
5090.1, 1465, 917, -8943, 5694, 91587, -8382, 5923, 60531
5093.8, 1729, 917, -8943, 5694, 91587, -8382, 5923, 60628
5098.0, 1848, 846, -8824, 5849, 94540, -7813, 6291, 60628
5101.8, 1704, 846, -8824, 5849, 94540, -7813, 6291, 60790
5104.1, 1471, 846, -8824, 5849, 94540, -7813, 6291, 60790
5109.9, 1624, 774, -8801, 5957, 95674, -7560, 6864, 60924
5113.6, 1578, 774, -8801, 5957, 95674, -7560, 6864, 61045
5117.9, 1376, 893, -8624, 6037, 96172, -7599, 6418, 61045
5121.6, 1795, 893, -8624, 6037, 96172, -7599, 6418, 61164
5123.9, 1880, 893, -8624, 6037, 96172, -7599, 6418, 61164
5129.6, 1732, 1109, -8444, 5949, 96842, -7962, 4970, 61295
5131.9, 1390, 1109, -8444, 5949, 96842, -7962, 4970, 61295
5137.6, 1424, 1109, -8444, 6401, 96225, -6991, 3298, 61385
5141.3, 1628, 1109, -8444, 6401, 96225, -6991, 3298, 61391
5145.6, 1500, 1104, -8399, 6401, 97222, -5206, 2471, 61391
5149.3, 1833, 1104, -8399, 6401, 97222, -5206, 2471, 61433
5151.6, 1756, 1104, -8399, 6401, 97222, -5206, 2471, 61433
5155.9, 1748, 991, -8204, 6626, 97669, -4278, 3084, 61433
5159.6, 1677, 991, -8204, 6626, 97669, -4278, 3084, 61566
5161.9, 1739, 991, -8204, 6626, 97669, -4278, 3084, 61566
5167.6, 1413, 930, -8060, 6419, 98172, -5320, 3500, 61725
5171.3, 1046, 930, -8060, 6419, 98172, -5320, 3500, 61864
5175.6, 1800, 930, -8060, 6857, 100377, -5665, 3241, 61864
5179.3, 1884, 930, -8060, 6857, 100377, -5665, 3241, 61947
5181.6, 1553, 930, -8060, 6857, 100377, -5665, 3241, 61947
5185.9, 1949, 1133, -7881, 6714, 101519, -4803, 2178, 61947
5189.6, 1851, 1133, -7881, 6714, 101519, -4803, 2178, 62098
5191.9, 1397, 1133, -7881, 6714, 101519, -4803, 2178, 62098
5197.6, 1419, 1168, -7591, 6730, 100469, -1920, 1067, 62330
5201.4, 1750, 1168, -7591, 6730, 100469, -1920, 1067, 62458
5205.7, 2044, 1111, -7418, 7150, 100644, -1111, 419, 62458
5209.4, 2110, 1111, -7418, 7150, 100644, -1111, 419, 62558
5213.7, 1463, 1111, -7418, 7150, 100644, -1111, 419, 62558
5217.4, 922, 1111, -7418, 7150, 100644, -1111, 419, 62674
5221.2, 1543, 1111, -7418, 7150, 100644, -1111, 419, 62800
5225.4, 1830, 829, -7133, 7692, 99887, -980, -96, 62800
5229.1, 1839, 829, -7133, 7692, 99887, -980, -96, 62919
5233.3, 1779, 829, -7133, 7692, 99887, -980, -96, 62919
5237.1, 1654, 829, -7133, 7692, 99887, -980, -96, 62975
5240.8, 1722, 829, -7133, 7692, 99887, -980, -96, 63024
5245.1, 1733, 940, -7010, 7451, 98062, -4, -743, 63024
5248.8, 1815, 940, -7010, 7451, 98062, -4, -743, 63180
5253.1, 1842, 940, -7010, 7451, 98062, -4, -743, 63180
5256.8, 1787, 940, -7010, 7451, 98062, -4, -743, 63256
5259.1, 1490, 940, -7010, 7451, 98062, -4, -743, 63256
5264.9, 1373, 867, -6336, 7956, 96164, -4935, -2590, 63331
5268.6, 1773, 867, -6336, 7956, 96164, -4935, -2590, 63351
5272.8, 1625, 867, -6336, 7956, 96164, -4935, -2590, 63351
5276.6, 1654, 867, -6336, 7956, 96164, -4935, -2590, 63479
5278.8, 1816, 867, -6336, 7956, 96164, -4935, -2590, 63479
5284.9, 1678, 789, -6259, 7731, 96216, -625, -3014, 63513
5288.6, 1447, 789, -6259, 7731, 96216, -625, -3014, 63660
5292.9, 1528, 789, -6259, 7731, 96216, -625, -3482, 63660
5296.6, 1634, 789, -6259, 7731, 96216, -625, -3482, 63757
5300.9, 1820, 949, -6206, 7938, 96964, 328, -3482, 63757
5304.7, 1719, 949, -6206, 7938, 96964, 328, -3482, 63812
5306.9, 1447, 949, -6206, 7938, 96964, 328, -3482, 63812
5312.6, 1425, 943, -6154, 8402, 97533, -1767, -4580, 63882
5316.4, 1580, 943, -6154, 8402, 97533, -1767, -4580, 63955
5320.7, 1916, 836, -6038, 8259, 98145, -3526, -4703, 63955
5324.5, 1806, 836, -6038, 8259, 98145, -3526, -4703, 63811
5326.7, 1576, 836, -6038, 8259, 98145, -3526, -4703, 63811
5331.0, 1467, 915, -6026, 8140, 98635, -2143, -3985, 63811
5334.7, 1359, 915, -6026, 8140, 98635, -2143, -3985, 63846
5337.0, 1460, 915, -6026, 8140, 98635, -2143, -3985, 63846
5342.7, 2136, 952, -5959, 8348, 98259, -406, -4370, 63809
5346.4, 1465, 952, -5959, 8348, 98259, -406, -4370, 63814
5350.6, 836, 938, -5693, 8556, 99541, -984, -5731, 63814
5354.4, 1706, 938, -5693, 8556, 99541, -984, -5731, 63836
5356.7, 1793, 938, -5693, 8556, 99541, -984, -5731, 63836
5361.0, 2077, 818, -5467, 8324, 98876, 835, -6466, 63836
5364.7, 1727, 818, -5467, 8324, 98876, 835, -6466, 63894
5368.9, 1548, 833, -5312, 8430, 99515, 4182, -6431, 63894
5372.7, 1488, 833, -5312, 8430, 99515, 4182, -6431, 63939
5376.5, 1406, 833, -5312, 8430, 99515, 4182, -6431, 63996
5380.7, 1383, 856, -5237, 8360, 99414, 7035, -6409, 63996
5384.5, 1647, 856, -5237, 8360, 99414, 7035, -6409, 64095
5388.7, 1766, 808, -4987, 8658, 99406, 7560, -6068, 64095
5392.5, 1568, 808, -4987, 8658, 99406, 7560, -6068, 64157
5396.2, 1682, 808, -4987, 8658, 99406, 7560, -6068, 65288
5400.5, 1608, 650, -4878, 9044, 99747, 5481, -4869, 65288
5404.3, 1696, 650, -4878, 9044, 99747, 5481, -4869, 65329
5408.5, 1663, 495, -4809, 8834, 98548, 2957, -3666, 65329
5412.2, 1399, 495, -4809, 8834, 98548, 2957, -3666, 65353
5416.0, 1604, 495, -4809, 8834, 98548, 2957, -3666, 65362
5420.3, 1942, 492, -4689, 9135, 97900, 0, -3670, 65362
5424.0, 1794, 492, -4689, 9135, 97900, 0, -3670, 65347
5428.3, 1509, 519, -4524, 9429, 97122, -5057, -4519, 65347
5432.0, 1336, 519, -4524, 9429, 97122, -5057, -4519, 65339
5435.8, 1347, 519, -4524, 9429, 97122, -5057, -4519, 65370
5440.0, 1623, 570, -4408, 9470, 96986, -10456, -4641, 65370
5443.8, 1860, 570, -4408, 9470, 96986, -10456, -4641, 65328
5448.0, 1841, 680, -4289, 9409, 98106, -12779, -4366, 65328
5451.7, 1356, 680, -4289, 9409, 98106, -12779, -4366, 65319
5456.0, 1399, 973, -4107, 9034, 96120, -10990, -4414, 65319
5459.8, 1675, 973, -4107, 9034, 96120, -10990, -4414, 65318
5462.1, 1572, 973, -4107, 9034, 96120, -10990, -4414, 65318
5467.8, 1673, 1112, -3863, 9132, 96724, -7096, -4865, 65319
5471.5, 1576, 1112, -3863, 9132, 96724, -7096, -4865, 65284
5475.8, 1481, 1137, -3638, 9028, 96199, -3346, -6396, 65284
5479.6, 1670, 1137, -3638, 9028, 96199, -3346, -6396, 65273
5481.8, 1347, 1137, -3638, 9028, 96199, -3346, -6396, 65273
5486.1, 1662, 1095, -3285, 9002, 94252, -1570, -7048, 65273
5489.9, 1358, 1095, -3285, 9002, 94252, -1570, -7048, 65308
5492.1, 1604, 1095, -3285, 9002, 94252, -1570, -7048, 65308
5497.9, 1944, 940, -3115, 9246, 94177, -1496, -6553, 65311
5501.6, 1141, 940, -3115, 9246, 94177, -1496, -6553, 65322
5505.9, 1228, 774, -3005, 9205, 93180, -1518, -6015, 65322
5509.6, 1682, 774, -3005, 9205, 93180, -1518, -6015, 65340
5511.9, 1709, 774, -3005, 9205, 93180, -1518, -6015, 65340
5516.1, 1685, 620, -2962, 9114, 92659, -179, -5425, 65340
5519.9, 1726, 620, -2962, 9114, 92659, -179, -5425, 65283
5524.1, 1560, 689, -2967, 9025, 92073, 1990, -5193, 65283
5527.9, 1567, 689, -2967, 9025, 92073, 1990, -5193, 65295
5531.6, 1661, 689, -2967, 9025, 92073, 1990, -5193, 65311
5535.9, 1609, 786, -3036, 9457, 91263, 2471, -5407, 65311
5539.6, 1693, 786, -3036, 9457, 91263, 2471, -5407, 65301
5543.8, 1691, 778, -2769, 9380, 90673, 13, -6160, 65301
5547.6, 1467, 778, -2769, 9380, 90673, 13, -6160, 65296
5551.4, 1757, 778, -2769, 9380, 90673, 13, -6160, 65279
5555.6, 1644, 754, -2533, 9104, 91032, -1885, -6820, 65279
5559.4, 1321, 754, -2533, 9104, 91032, -1885, -6820, 65232
5563.6, 1633, 910, -2117, 8983, 89772, -1964, -7840, 65232
5567.4, 1685, 910, -2117, 8983, 89772, -1964, -7840, 65237
5571.1, 1779, 910, -2117, 8983, 89772, -1964, -7840, 65254
5575.4, 1718, 1007, -2033, 8989, 88446, -126, -9366, 65254
5579.2, 1324, 1007, -2033, 8989, 88446, -126, -9366, 65232
5583.4, 1537, 1056, -1850, 8933, 86967, 3158, -10355, 65232
5587.1, 1572, 1056, -1850, 8933, 86967, 3158, -10355, 65242
5590.9, 1627, 1056, -1850, 8933, 86967, 3158, -10355, 65237
5595.2, 1905, 974, -1793, 9097, 85410, 6597, -10325, 65237
5599.0, 1846, 974, -1793, 9097, 85410, 6597, -10325, 65242
5603.2, 1424, 848, -1404, 8893, 84018, 9410, -9148, 65242
5606.9, 1312, 848, -1404, 8893, 84018, 9410, -9148, 65249
5612.7, 1744, 786, -1209, 9127, 81665, 11195, -6956, 65256
5616.4, 1452, 786, -1209, 9127, 81665, 11195, -6956, 65257
5618.7, 1263, 786, -1209, 9127, 81665, 11195, -6956, 65257
5624.4, 1869, 557, -1237, 9427, 80890, 10132, -5595, 65300
5626.7, 1623, 557, -1237, 9427, 80890, 10132, -5595, 65300
5630.9, 1496, 566, -968, 9116, 78908, 8986, -6321, 65300
5634.7, 1392, 566, -968, 9116, 78908, 8986, -6321, 65262
5637.0, 1474, 566, -968, 9116, 78908, 8986, -6321, 65262
5642.7, 1494, 692, -821, 9357, 76891, 8439, -8413, 65248
5646.4, 1644, 692, -821, 9357, 76891, 8439, -8413, 65260
5650.6, 1820, 759, -569, 9485, 76021, 6610, -9165, 65260
5654.4, 1791, 759, -569, 9485, 76021, 6610, -9165, 65239
5656.7, 1332, 759, -569, 9485, 76021, 6610, -9165, 65239
5660.9, 1477, 866, -375, 9201, 73855, 7035, -8605, 65239
5664.7, 1767, 866, -375, 9201, 73855, 7035, -8605, 65251
5667.0, 1490, 866, -375, 9201, 73855, 7035, -8605, 65251
5672.7, 1610, 979, -369, 9186, 72766, 8067, -7949, 65209
5676.4, 1461, 979, -369, 9186, 72766, 8067, -7949, 65272
5680.7, 1560, 1033, -455, 9250, 71112, 9542, -7551, 65272
5684.5, 1695, 1033, -455, 9250, 71112, 9542, -7551, 65288
5688.7, 1742, 877, -355, 9272, 68574, 11060, -7021, 65288
5692.5, 1522, 877, -355, 9272, 68574, 11060, -7021, 65287
5696.3, 1668, 877, -355, 9272, 68574, 11060, -7021, 65277
5700.6, 1454, 821, -96, 8877, 66702, 11738, -5652, 65277
5704.3, 1599, 821, -96, 8877, 66702, 11738, -5652, 65257
5708.6, 1686, 622, 110, 9487, 64527, 13650, -4983, 65257
5712.3, 1764, 622, 110, 9487, 64527, 13650, -4983, 65253
5716.0, 1887, 622, 110, 9487, 64527, 13650, -4983, 65266
5720.3, 1381, 598, 375, 9306, 62926, 14971, -4550, 65266
5724.0, 1433, 598, 375, 9306, 62926, 14971, -4550, 65287
5728.3, 1650, 645, 408, 9354, 61845, 15268, -4405, 65287
5732.0, 1569, 645, 408, 9354, 61845, 15268, -4405, 65314
5735.8, 1680, 645, 408, 9354, 61845, 15268, -4405, 65287
5740.0, 1655, 535, 249, 9011, 62125, 14866, -4353, 65287
5743.8, 1468, 535, 249, 9011, 62125, 14866, -4353, 65282
5748.0, 1627, 394, 240, 9183, 60200, 13234, -4519, 65282
5751.7, 1575, 394, 240, 9183, 60200, 13234, -4519, 65291
5754.0, 1595, 394, 240, 9183, 60200, 13234, -4519, 65291
5759.7, 1448, 389, 245, 9634, 58897, 10053, -5184, 65300
5763.4, 1629, 389, 245, 9634, 58897, 10053, -5184, 65345
5769.1, 1556, 265, 531, 9667, 57414, 7761, -6120, 65375
5772.9, 1531, 265, 531, 9667, 57414, 7761, -6120, 65364
5778.6, 1689, 278, 657, 9616, 56149, 7564, -6321, 65354
5780.8, 1389, 278, 657, 9616, 56149, 7564, -6321, 65354
5783.1, 1242, 278, 657, 9616, 56149, 7564, -6321, 65354
5788.8, 1570, 475, 668, 9147, 55195, 8325, -6470, 65344
5791.0, 1371, 475, 668, 9147, 55195, 8325, -6470, 65344
5793.3, 1455, 475, 668, 9147, 55195, 8325, -6470, 65344
5799.0, 1818, 574, 731, 9157, 54001, 7678, -6947, 65336
5801.3, 1484, 574, 731, 9157, 54001, 7678, -6947, 65336
5805.5, 1805, 574, 731, 9157, 54001, 7678, -7266, 65336
5809.3, 1597, 574, 731, 9157, 54001, 7678, -7266, 65331
5811.6, 1088, 574, 731, 9157, 54001, 7678, -7266, 65331
5815.8, 1685, 594, 838, 9030, 49202, 5866, -7415, 65331
5819.6, 1661, 594, 838, 9030, 49202, 5866, -7415, 65306
5821.9, 1223, 594, 838, 9030, 49202, 5866, -7415, 65306
5827.6, 1633, 465, 1083, 9354, 49613, 4405, -6492, 65331
5831.3, 1740, 465, 1083, 9354, 49613, 4405, -6492, 65327
5835.6, 1459, 419, 1201, 9354, 48563, 7437, -6020, 65327
5839.3, 1648, 419, 1201, 9354, 48563, 7437, -6020, 65323
5841.6, 1610, 419, 1201, 9354, 48563, 7437, -6020, 65323
5845.9, 1692, 273, 1287, 9395, 49503, 7393, -5425, 65323
5849.6, 1662, 273, 1287, 9395, 49503, 7393, -5425, 65257
5853.9, 1585, 458, 977, 9395, 49503, 7393, -5425, 65257
5857.6, 1498, 458, 977, 9395, 49503, 7393, -5425, 65310
5861.3, 1603, 458, 977, 9395, 49503, 7393, -5425, 65300
5865.6, 1824, 276, 1060, 9103, 46366, 5455, -7389, 65300
5869.3, 1673, 276, 1060, 9103, 46366, 5455, -7389, 65306
5873.5, 1761, 379, 1300, 9103, 46366, 5455, -7389, 65306
5877.3, 1396, 379, 1300, 9103, 46366, 5455, -7389, 65306
5881.0, 1452, 379, 1300, 9103, 46366, 5455, -7389, 65294
5885.3, 1846, 319, 1710, 9235, 43020, 1146, -7122, 65294
5889.1, 1599, 319, 1710, 9235, 43020, 1146, -7122, 65285
5893.3, 1666, 461, 1941, 9235, 43020, 1146, -7122, 65285
5897.0, 1697, 461, 1941, 9235, 43020, 1146, -7122, 65257
5900.8, 1640, 461, 1941, 9235, 43020, 1146, -7122, 65267
5905.1, 1554, 506, 1922, 9429, 42936, 927, -5893, 65267
5908.8, 1532, 506, 1922, 9429, 42936, 927, -5893, 65264
5913.0, 1549, 354, 1821, 9429, 42936, 927, -5893, 65264
5916.7, 1607, 354, 1821, 9429, 42936, 927, -5893, 65257
5919.0, 1448, 354, 1821, 9429, 42936, 927, -5893, 65257
5924.7, 1657, 323, 1693, 9583, 41860, 83, -5845, 65242
5928.4, 1334, 323, 1693, 9583, 41860, 83, -5845, 65238
5934.1, 1634, 453, 1529, 9583, 43063, -520, -6208, 65240
5937.9, 1683, 453, 1529, 9583, 43063, -520, -6208, 65229
5943.6, 1983, 284, 1561, 9779, 43063, -520, -6208, 65218
5945.8, 1422, 284, 1561, 9779, 43063, -520, -6208, 65218
5948.1, 1044, 284, 1561, 9779, 43063, -520, -6208, 65218
5953.8, 1694, 199, 1737, 9071, 43260, 1369, -6798, 65227
5956.0, 1538, 199, 1737, 9071, 43260, 1369, -6798, 65227
5960.3, 1804, 267, 2015, 9183, 42171, 4331, -6890, 65227
5964.1, 1357, 267, 2015, 9183, 42171, 4331, -6890, 65234
5966.3, 1201, 267, 2015, 9183, 42171, 4331, -6890, 65234
5970.6, 1712, 227, 2102, 9495, 41252, 1557, -5971, 65234
5974.3, 1549, 227, 2102, 9495, 41252, 1557, -5971, 65207
5976.6, 1452, 227, 2102, 9495, 41252, 1557, -5971, 65207
5980.9, 2055, 150, 2450, 9628, 40478, -2633, -4208, 65207
5984.6, 1761, 150, 2450, 9628, 40478, -2633, -4208, 65216
5986.9, 1196, 150, 2450, 9628, 40478, -2633, -4208, 65216
5992.7, 1388, 4, 2485, 9364, 40377, -2690, -2305, 65222
5996.4, 1544, 4, 2485, 9364, 40377, -2690, -2305, 65251
6000.7, 1819, 127, 2306, 9598, 40902, 1163, -1780, 65251
6004.4, 1803, 127, 2306, 9598, 40902, 1163, -1780, 65254
6006.7, 1534, 127, 2306, 9598, 40902, 1163, -1780, 65254
6011.0, 1622, 199, 2341, 9591, 42608, 3854, -2887, 65254
6014.8, 1662, 199, 2341, 9591, 42608, 3854, -2887, 65259
6019.0, 1728, -23, 2463, 9584, 41134, 2839, -3889, 65259
6022.7, 1592, -23, 2463, 9584, 41134, 2839, -3889, 65310
6026.5, 1636, -23, 2463, 9584, 41134, 2839, -3889, 65287
6030.7, 1569, 129, 2595, 9412, 42678, 2244, -3959, 65287
6034.5, 1565, 129, 2595, 9412, 42678, 2244, -3959, 65287
6038.7, 1413, 183, 2635, 9583, 42897, 3941, -3898, 65287
6042.4, 1694, 183, 2635, 9583, 42897, 3941, -3898, 65266
6046.2, 1835, 183, 2635, 9583, 42897, 3941, -3898, 65248
6050.4, 1657, 215, 2979, 9552, 42901, 4108, -3714, 65248
6054.1, 1449, 215, 2979, 9552, 42901, 4108, -3714, 65251
6058.3, 1821, 337, 3117, 9132, 43387, 4125, -4134, 65251
6062.1, 1481, 337, 3117, 9132, 43387, 4125, -4134, 65283
6065.8, 1465, 337, 3117, 9132, 43387, 4125, -4134, 65274
6070.1, 1761, 187, 3089, 9424, 44161, 6335, -4668, 65274
6073.8, 1665, 187, 3089, 9424, 44161, 6335, -4668, 65269
6078.0, 1712, 113, 3190, 9500, 45281, 7319, -2756, 65269
6081.7, 1551, 113, 3190, 9500, 45281, 7319, -2756, 65233
6084.0, 1209, 113, 3190, 9500, 45281, 7319, -2756, 65233
6089.8, 1811, 315, 3000, 8965, 46375, 9682, -1916, 65220
6093.5, 1692, 315, 3000, 8965, 46375, 9682, -1916, 65279
6099.2, 1573, 272, 3074, 9304, 46997, 9979, -3281, 65281
6101.5, 1451, 272, 3074, 9304, 46997, 9979, -3281, 65281
6105.7, 1566, 184, 3429, 9127, 45553, 4725, -2660, 65281
6109.5, 1579, 184, 3429, 9127, 45553, 4725, -2660, 65220
6111.8, 1549, 184, 3429, 9127, 45553, 4725, -2660, 65220
6116.0, 1788, 98, 3665, 9166, 45229, 4707, -1426, 65220
6119.8, 1456, 98, 3665, 9166, 45229, 4707, -1426, 65233
6122.1, 1383, 98, 3665, 9166, 45229, 4707, -1426, 65233
6127.8, 1735, 314, 3672, 9070, 45505, 7280, -2261, 65213
6131.5, 1676, 314, 3672, 9070, 45505, 7280, -2261, 65255
6135.8, 1477, 192, 3845, 9460, 45789, 8413, -3981, 65255
6139.6, 1567, 192, 3845, 9460, 45789, 8413, -3981, 65307
6141.8, 1527, 192, 3845, 9460, 45789, 8413, -3981, 65307
6146.1, 1691, 239, 3649, 9492, 47290, 7612, -4344, 65307
6149.8, 1677, 239, 3649, 9492, 47290, 7612, -4344, 65271
6152.1, 1389, 239, 3649, 9492, 47290, 7612, -4344, 65271
6157.8, 1457, 135, 3409, 9342, 49858, 7319, -3443, 65231
6161.5, 1683, 135, 3409, 9342, 49858, 7319, -3443, 65215
6165.8, 1842, -46, 3427, 9249, 50147, 9296, -3421, 65215
6169.6, 1627, -46, 3427, 9249, 50147, 9296, -3421, 65189
6173.8, 1372, 6, 3587, 9242, 50501, 6409, -3088, 65189
6177.6, 1849, 6, 3587, 9242, 50501, 6409, -3088, 65192
6181.3, 1881, 6, 3587, 9242, 50501, 6409, -3088, 65203
6185.6, 1655, 99, 3627, 8799, 49092, 332, -1815, 65203
6189.4, 1262, 99, 3627, 8799, 49092, 332, -1815, 65223
6193.6, 1597, 123, 4107, 8803, 47452, 13, -2585, 65223
6197.4, 1702, 123, 4107, 8803, 47452, 13, -2585, 65227
6201.1, 1695, 123, 4107, 8803, 47452, 13, -2585, 65232
6205.3, 1556, 256, 4024, 9023, 47762, 2716, -5005, 65232
6209.1, 1614, 256, 4024, 9023, 47762, 2716, -5005, 65237
6213.3, 1864, 305, 4460, 8313, 47578, 4956, -6584, 65237
6217.0, 1783, 305, 4460, 8313, 47578, 4956, -6584, 65271
6220.8, 1438, 305, 4460, 8313, 47578, 4956, -6584, 65267
6225.0, 1591, 176, 4215, 8678, 46865, 4939, -4965, 65267
6228.7, 1424, 176, 4215, 8678, 46865, 4939, -4965, 65293
6232.9, 1708, -6, 4283, 9217, 47088, 3653, -3040, 65293
6236.7, 1900, -6, 4283, 9217, 47088, 3653, -3040, 65262
6239.0, 1518, -6, 4283, 9217, 47088, 3653, -3040, 65262
6244.7, 1509, -7, 4344, 8662, 47036, 853, -1421, 65210
6248.5, 1419, -7, 4344, 8662, 47036, 853, -1421, 65186
6254.2, 1756, -150, 3958, 9002, 47465, -2598, -909, 65205
6257.9, 1714, -150, 3958, 9002, 47465, -2598, -909, 65198
6263.7, 1519, -98, 4491, 8685, 46218, -3941, -3088, 65117
6265.9, 1335, -98, 4491, 8685, 46218, -3941, -3088, 65117
6268.3, 1349, -98, 4491, 8685, 46218, -3941, -3088, 65117
6274.0, 1636, 106, 4265, 8405, 47084, -4392, -5678, 65134
6276.3, 1453, 106, 4265, 8405, 47084, -4392, -5678, 65134
6280.5, 1603, 125, 4521, 8728, 45544, -5145, -6545, 65134
6284.3, 1482, 125, 4521, 8728, 45544, -5145, -6545, 65124
6286.5, 1300, 125, 4521, 8728, 45544, -5145, -6545, 65124
6290.7, 1756, 81, 4581, 8221, 45675, -6601, -3981, 65124
6294.4, 1838, 81, 4581, 8221, 45675, -6601, -3981, 65176
6296.7, 1649, 81, 4581, 8221, 45675, -6601, -3981, 65176
6300.9, 1542, 142, 4512, 8170, 44153, -6037, -1172, 65176
6304.6, 1501, 142, 4512, 8170, 44153, -6037, -1172, 65199
6306.9, 1533, 142, 4512, 8170, 44153, -6037, -1172, 65199
6311.1, 1790, 57, 4784, 8190, 42236, -5941, 174, 65199
6314.9, 1373, 57, 4784, 8190, 42236, -5941, 174, 65277
6317.1, 1183, 57, 4784, 8190, 42236, -5941, 174, 65277
6322.9, 1875, 93, 4607, 8172, 42123, -5569, 0, 65282
6326.6, 1509, 93, 4607, 8172, 42123, -5569, 0, 65217
6330.9, 1714, -36, 4832, 8295, 41226, -4983, -1076, 65217
6334.6, 1694, -36, 4832, 8295, 41226, -4983, -1076, 65262
6338.8, 1607, -36, 4924, 8204, 40701, -5827, -721, 65262
6342.6, 1730, -36, 4924, 8204, 40701, -5827, -721, 65241
6346.3, 1800, -36, 4924, 8204, 40701, -5827, -721, 65294
6350.6, 1933, -366, 4844, 8383, 40036, -10018, 1513, 65294
6354.3, 1362, -366, 4844, 8383, 40036, -10018, 1513, 65304
6358.6, 1336, -366, 4801, 8327, 38728, -14682, 3045, 65304
6362.4, 1601, -366, 4801, 8327, 38728, -14682, 3045, 65294
6366.2, 1632, -366, 4801, 8327, 38728, -14682, 3045, 65234
6370.4, 1692, -133, 5048, 8416, 39309, -18344, 3123, 65234
6374.2, 1840, -133, 5048, 8416, 39309, -18344, 3123, 65273
6378.4, 1541, 113, 5031, 7563, 38920, -18703, 2708, 65273
6382.1, 1625, 113, 5031, 7563, 38920, -18703, 2708, 65322
6385.9, 1574, 113, 5031, 7563, 38920, -18703, 2708, 65311
6390.1, 1765, 281, 5147, 7905, 37621, -17040, 1806, 65311
6393.9, 1678, 281, 5147, 7905, 37621, -17040, 1806, 65348
6398.1, 1720, 327, 5370, 7818, 36474, -16756, 1084, 65348
6401.8, 1431, 327, 5370, 7818, 36474, -16756, 1084, 65355
6405.6, 1566, 327, 5370, 7818, 36474, -16756, 1084, 65364
6409.8, 1555, 256, 5603, 8143, 34969, -16415, 1920, 65364
6413.5, 1707, 256, 5603, 8143, 34969, -16415, 1920, 65412
6419.3, 1731, 226, 5648, 7854, 34825, -16205, 4379, 65441
6423.0, 1574, 226, 5648, 7854, 34825, -16205, 4379, 65493
6428.7, 1705, 226, 5648, 7854, 32340, -14227, 5678, 65534
6430.9, 1407, 226, 5648, 7854, 32340, -14227, 5678, 65534
6433.3, 1254, 226, 5648, 7854, 32340, -14227, 5678, 65534
6439.0, 1621, 321, 5705, 8052, 31491, -14494, 5595, 65562
6441.3, 1409, 321, 5705, 8052, 31491, -14494, 5595, 65562
6445.5, 1759, 321, 5705, 8052, 31491, -14494, 5595, 65562
6449.3, 1778, 321, 5705, 8052, 31491, -14494, 5595, 65331
6451.6, 1597, 321, 5705, 8052, 31491, -14494, 5595, 65331
6455.8, 1426, 377, 5807, 7913, 31172, -14092, 4970, 65331
6459.6, 1457, 377, 5807, 7913, 31172, -14092, 4970, 65346
6461.9, 1461, 377, 5807, 7913, 31172, -14092, 4970, 65346
6467.6, 1693, 622, 5703, 7624, 28910, -13938, 4077, 65351
6471.4, 1699, 622, 5703, 7624, 28910, -13938, 4077, 65390
6475.6, 1849, 626, 5782, 7773, 28079, -13938, 4077, 65390
6479.4, 1587, 626, 5782, 7773, 28079, -13938, 4077, 65334
6481.7, 1442, 626, 5782, 7773, 28079, -13938, 4077, 65334
6486.0, 1813, 610, 5933, 7609, 24137, -10933, 5998, 65334
6489.7, 1690, 610, 5933, 7609, 24137, -10933, 5998, 66227
6493.9, 1841, 710, 5898, 7403, 24137, -10933, 5998, 66227
6497.7, 1607, 710, 5898, 7403, 24137, -10933, 5998, 66236
6501.4, 1415, 710, 5898, 7403, 24137, -10933, 5998, 66235
6505.7, 1614, 829, 5880, 7631, 23564, -5976, 6282, 66235
6509.5, 1703, 829, 5880, 7631, 23564, -5976, 6282, 66240
6513.7, 1511, 763, 6147, 7479, 23564, -5976, 6282, 66240
6517.5, 1624, 763, 6147, 7479, 23564, -5976, 6282, 66222
6521.2, 1607, 763, 6147, 7479, 23564, -5976, 6282, 66226
6525.5, 1604, 666, 5955, 7265, 21555, -7848, 5171, 66226
6529.2, 1528, 666, 5955, 7265, 21555, -7848, 5171, 66211
6533.4, 1628, 474, 5866, 7500, 21555, -7848, 5171, 66211
6537.1, 1595, 474, 5866, 7500, 21555, -7848, 5171, 66181
6540.9, 1571, 474, 5866, 7500, 21555, -7848, 5171, 66195
6545.1, 1570, 346, 6030, 7392, 20707, -9257, 2756, 66195
6548.8, 1634, 346, 6030, 7392, 20707, -9257, 2756, 66200
6553.0, 1538, 424, 6002, 7348, 20707, -9257, 2756, 66200
6556.8, 1515, 424, 6002, 7348, 20707, -9257, 2756, 66200
6559.1, 1397, 424, 6002, 7348, 20707, -9257, 2756, 66200
6564.9, 1751, 504, 6062, 7381, 18042, -13155, 923, 66214
6568.6, 1538, 504, 6062, 7381, 18042, -13155, 923, 66176
6572.9, 1595, 519, 6017, 7325, 18042, -13155, 923, 66176
6576.6, 1655, 519, 6017, 7325, 18042, -13155, 923, 66155
6578.9, 1563, 519, 6017, 7325, 18042, -13155, 923, 66155
6584.6, 1485, 717, 5867, 7153, 15150, -13724, -568, 66157
6586.9, 1237, 717, 5867, 7153, 15150, -13724, -568, 66157
6592.6, 1789, 796, 5972, 7277, 14297, -12298, -1500, 66133
6596.3, 1589, 796, 5972, 7277, 14297, -12298, -1500, 66160
6600.6, 1567, 890, 5962, 7327, 13672, -10583, -2165, 66160
6604.3, 1612, 890, 5962, 7327, 13672, -10583, -2165, 66044
6606.6, 1434, 890, 5962, 7327, 13672, -10583, -2165, 66044
6610.9, 1631, 837, 6084, 7228, 12954, -8995, -2270, 66044
6614.6, 1567, 837, 6084, 7228, 12954, -8995, -2270, 66085
6616.9, 1388, 837, 6084, 7228, 12954, -8995, -2270, 66085
6622.6, 1697, 931, 5876, 7103, 10823, -7630, -1929, 66072
6626.3, 1629, 931, 5876, 7103, 10823, -7630, -1929, 66024
6630.6, 1622, 882, 6172, 7011, 8120, -6724, -2200, 66024
6634.3, 1683, 882, 6172, 7011, 8120, -6724, -2200, 66002
6636.6, 1416, 882, 6172, 7011, 8120, -6724, -2200, 66002
6640.9, 1559, 805, 6424, 7280, 6085, -8614, -2712, 66002
6644.6, 1706, 805, 6424, 7280, 6085, -8614, -2712, 65977
6646.9, 1395, 805, 6424, 7280, 6085, -8614, -2712, 65977
6652.7, 1621, 787, 6469, 7477, 4567, -7966, -2296, 65931
6656.4, 1659, 787, 6469, 7477, 4567, -7966, -2296, 65923
6660.7, 1565, 832, 6445, 7079, 2747, -7660, -1623, 65923
6664.4, 1604, 832, 6445, 7079, 2747, -7660, -1623, 65901
6668.7, 1763, 822, 6444, 6933, 61, -5831, -1596, 65901
6672.4, 1570, 822, 6444, 6933, 61, -5831, -1596, 65893
6676.2, 1577, 822, 6444, 6933, 61, -5831, -1596, 65878
6680.4, 1589, 860, 6390, 7014, -2751, -6374, -1522, 65878
6684.1, 1594, 860, 6390, 7014, -2751, -6374, -1522, 65884
6688.3, 1715, 769, 6521, 7094, -5197, -7905, -1588, 65884
6692.1, 1621, 769, 6521, 7094, -5197, -7905, -1588, 65871
6696.2, 1576, 769, 6521, 7094, -5197, -7905, -1588, 65838
6700.4, 1581, 647, 6574, 7188, -7350, -7888, -1456, 65838
6704.2, 1591, 647, 6574, 7188, -7350, -7888, -1456, 65813
6708.4, 1704, 694, 6470, 7065, -8719, -7538, -901, 65813
6712.2, 1663, 694, 6470, 7065, -8719, -7538, -901, 65783
6716.0, 1611, 694, 6470, 7065, -8719, -7538, -901, 65745
6720.3, 1722, 624, 6303, 7141, -11073, -8163, -454, 65745
6724.0, 1648, 624, 6303, 7141, -11073, -8163, -454, 65744
6728.3, 1650, 588, 6172, 7113, -14013, -10097, -34, 65744
6732.0, 1589, 588, 6172, 7113, -14013, -10097, -34, 65700
6735.7, 1684, 588, 6172, 7113, -14013, -10097, -34, 65673
6739.9, 1584, 720, 6157, 7155, -15553, -11567, 17, 65673
6743.7, 1609, 720, 6157, 7155, -15553, -11567, 17, 65605
6747.9, 1658, 734, 6067, 7144, -18064, -11790, -223, 65605
6751.6, 1626, 734, 6067, 7144, -18064, -11790, -223, 65510
6755.9, 1594, 809, 5907, 7035, -19302, -12110, -65, 65510
6759.7, 1690, 809, 5907, 7035, -19302, -12110, -65, 65441
6761.9, 1447, 809, 5907, 7035, -19302, -12110, -65, 65441
6767.7, 1728, 734, 5888, 7001, -21284, -11650, 1207, 65337
6771.4, 1614, 734, 5888, 7001, -21284, -11650, 1207, 65302
6775.7, 1539, 840, 5985, 6704, -24417, -10561, 2966, 65302
6779.5, 1554, 840, 5985, 6704, -24417, -10561, 2966, 65214
6781.7, 1339, 840, 5985, 6704, -24417, -10561, 2966, 65214
6786.0, 1762, 730, 5867, 7251, -27195, -8903, 3832, 65214
6789.7, 1620, 730, 5867, 7251, -27195, -8903, 3832, 65125
6792.0, 1449, 730, 5867, 7251, -27195, -8903, 3832, 65125
6797.7, 1663, 614, 5944, 7320, -28643, -8575, 3911, 64993
6801.4, 1642, 614, 5944, 7320, -28643, -8575, 3911, 64947
6805.7, 1575, 549, 5874, 6765, -33224, -7205, 4672, 64947
6809.5, 1698, 549, 5874, 6765, -33224, -7205, 4672, 64868
6811.8, 1496, 549, 5874, 6765, -33224, -7205, 4672, 64868
6816.0, 1567, 570, 5672, 7109, -34681, -5761, 4904, 64868
6819.7, 1568, 570, 5672, 7109, -34681, -5761, 4904, 64797
6824.0, 1664, 652, 5681, 7560, -37923, -7608, 3753, 64797
6827.7, 1635, 652, 5681, 7560, -37923, -7608, 3753, 64628
6831.5, 1637, 652, 5681, 7560, -37923, -7608, 3753, 64584
6835.7, 1694, 581, 5781, 7491, -39257, -8986, 3237, 64584
6839.5, 1643, 581, 5781, 7491, -39257, -8986, 3237, 64524
6843.7, 1655, 760, 5573, 7019, -42936, -8627, 2961, 64524
6847.5, 1743, 760, 5573, 7019, -42936, -8627, 2961, 64506
6851.2, 1543, 760, 5573, 7019, -42936, -8627, 2961, 64415
6855.4, 1660, 923, 5733, 6962, -46528, -7481, 3871, 64415
6859.2, 1542, 923, 5733, 6962, -46528, -7481, 3871, 64391
6863.4, 1805, 943, 5598, 6925, -48397, -6291, 5145, 64391
6867.1, 1910, 943, 5598, 6925, -48397, -6291, 5145, 64337
6870.8, 1480, 943, 5598, 6925, -48397, -6291, 5145, 64320
6875.1, 1633, 976, 5520, 7253, -51809, -4353, 5748, 64320
6878.8, 1653, 976, 5520, 7253, -51809, -4353, 5748, 64324
6883.0, 1674, 910, 5700, 8166, -52295, -3071, 6571, 64324
6886.8, 1608, 910, 5700, 8166, -52295, -3071, 6571, 64317
6889.1, 1424, 910, 5700, 8166, -52295, -3071, 6571, 64317
6894.9, 1747, 829, 5511, 7548, -53073, -2012, 7638, 64280
6898.6, 1613, 829, 5511, 7548, -53073, -2012, 7638, 64189
6902.9, 1583, 1037, 4922, 7241, -56687, -984, 8693, 64189
6906.6, 1695, 1037, 4922, 7241, -56687, -984, 8693, 64093
6908.9, 1445, 1037, 4922, 7241, -56687, -984, 8693, 64093
6914.7, 1676, 1098, 4814, 7734, -58892, -2476, 8106, 64045
6917.0, 1414, 1098, 4814, 7734, -58892, -2476, 8106, 64045
6922.7, 1553, 964, 5024, 8104, -60021, -5460, 7450, 63988
6926.5, 1694, 964, 5024, 8104, -60021, -5460, 7450, 63950
6930.7, 1730, 800, 4920, 7749, -62226, -5985, 7879, 63950
6934.5, 1670, 800, 4920, 7749, -62226, -5985, 7879, 63927
6936.8, 1429, 800, 4920, 7749, -62226, -5985, 7879, 63927
6941.0, 1627, 882, 4815, 7401, -66536, -5236, 8863, 63927
6944.8, 1563, 882, 4815, 7401, -66536, -5236, 8863, 63850
6947.1, 1398, 882, 4815, 7401, -66536, -5236, 8863, 63850
6952.8, 1724, 971, 5085, 7343, -69200, -3679, 8885, 63887
6956.5, 1668, 971, 5085, 7343, -69200, -3679, 8885, 63867
6960.8, 1708, 1054, 4723, 8674, -69012, -4611, 8522, 63867
6964.6, 1681, 1054, 4723, 8674, -69012, -4611, 8522, 63856
6966.8, 1381, 1054, 4723, 8674, -69012, -4611, 8522, 63856
6971.1, 1664, 967, 4409, 8629, -68259, -4585, 8168, 63856
6974.8, 1665, 967, 4409, 8629, -68259, -4585, 8168, 63871
6979.1, 1791, 967, 4409, 8629, -68163, -1544, 8833, 63871
6982.9, 1673, 967, 4409, 8629, -68163, -1544, 8833, 63880
6986.6, 1582, 967, 4409, 8629, -68163, -1544, 8833, 63879
6990.9, 1675, 1211, 3340, 7825, -70539, 284, 9625, 63879
6994.6, 1736, 1211, 3340, 7825, -70539, 284, 9625, 63961
6998.8, 1812, 1211, 3340, 7825, -72241, -2572, 9555, 63961
7002.6, 1730, 1211, 3340, 7825, -72241, -2572, 9555, 64006
7006.4, 1583, 1211, 3340, 7825, -72241, -2572, 9555, 64036
7010.6, 1616, 1024, 3548, 8408, -76541, -5993, 9113, 64036
7014.4, 1781, 1024, 3548, 8408, -76541, -5993, 9113, 64037
7018.6, 1625, 1024, 3548, 8408, -77675, -5591, 8850, 64037
7022.4, 1623, 1024, 3548, 8408, -77675, -5591, 8850, 64065
7026.1, 1582, 1024, 3548, 8408, -77675, -5591, 8850, 64072
7030.4, 1789, 805, 3948, 8437, -78803, -3390, 8789, 64072
7034.2, 1809, 805, 3948, 8437, -78803, -3390, 8789, 64079
7038.4, 1587, 805, 3948, 8437, -79381, -2248, 9463, 64079
7042.1, 1568, 805, 3948, 8437, -79381, -2248, 9463, 65754
7045.9, 1610, 805, 3948, 8437, -79381, -2248, 9463, 65811
7050.1, 1692, 891, 3241, 9433, -77613, -4151, 10508, 65811
7053.9, 1667, 891, 3241, 9433, -77613, -4151, 10508, 65891
7058.1, 1655, 891, 3241, 9433, -78799, -7441, 10933, 65891
7061.8, 1701, 891, 3241, 9433, -78799, -7441, 10933, 65998
7067.6, 1652, 1019, 2581, 8639, -78799, -7441, 10933, 66073
7071.3, 1341, 1019, 2581, 8639, -78799, -7441, 10933, 66158
7073.6, 1281, 1019, 2581, 8639, -78799, -7441, 10933, 66158
7079.4, 1778, 1166, 2337, 8414, -80610, -9174, 9231, 66186
7081.6, 1519, 1166, 2337, 8414, -80610, -9174, 9231, 66186
7085.9, 1614, 1279, 2458, 9239, -80610, -9174, 9231, 66186
7089.7, 1662, 1279, 2458, 9239, -80610, -9174, 9231, 66204
7092.0, 1335, 1279, 2458, 9239, -80610, -9174, 9231, 66204
7097.7, 1726, 1152, 2762, 9014, -81765, -10662, 9721, 66267
7101.4, 1404, 1152, 2762, 9014, -81765, -10662, 9721, 66309
7105.6, 1492, 1237, 2961, 8550, -84600, -8553, 11427, 66309
7109.4, 1592, 1237, 2961, 8550, -84600, -8553, 11427, 66414
7111.7, 1414, 1237, 2961, 8550, -84600, -8553, 11427, 66414
7115.9, 1671, 1245, 2888, 9676, -83406, -5495, 12705, 66414
7119.7, 1683, 1245, 2888, 9676, -83406, -5495, 12705, 66494
7122.0, 1457, 1245, 2888, 9676, -83406, -5495, 12705, 66494
7127.7, 1626, 1298, 2459, 9458, -81411, -4663, 13155, 66561
7131.5, 1518, 1298, 2459, 9458, -81411, -4663, 13155, 66597
7135.7, 1614, 1430, 1675, 9122, -82373, -4795, 12302, 66597
7139.5, 1610, 1430, 1675, 9122, -82373, -4795, 12302, 66626
7143.7, 1640, 1453, 1532, 9373, -81975, -8343, 10915, 66626
7147.4, 1683, 1453, 1532, 9373, -81975, -8343, 10915, 66657
7151.2, 1602, 1453, 1532, 9373, -81975, -8343, 10915, 66724
7155.5, 1548, 1249, 1615, 9483, -81625, -9467, 11558, 66724
7159.3, 1714, 1249, 1615, 9483, -81625, -9467, 11558, 66740
7163.5, 1674, 1121, 1642, 9930, -82413, -10522, 13781, 66740
7167.2, 1645, 1121, 1642, 9930, -82413, -10522, 13781, 66745
7171.0, 1685, 1121, 1642, 9930, -82413, -10522, 13781, 66739
7175.2, 1731, 1237, 1680, 9669, -81004, -12000, 15168, 66739
7179.0, 1530, 1237, 1680, 9669, -81004, -12000, 15168, 66729
7183.2, 1538, 1405, 1554, 9082, -81630, -10797, 14564, 66729
7186.9, 1664, 1405, 1554, 9082, -81630, -10797, 14564, 66692
7190.7, 1576, 1405, 1554, 9082, -81630, -10797, 14564, 66675
7194.9, 1780, 1609, 1369, 9509, -81708, -9651, 12311, 66675
7198.6, 1686, 1609, 1369, 9509, -81708, -9651, 12311, 66650
7202.9, 1747, 1724, 1238, 9567, -80575, -9187, 10228, 66650
7206.6, 1563, 1724, 1238, 9567, -80575, -9187, 10228, 66618
7208.9, 1486, 1724, 1238, 9567, -80575, -9187, 10228, 66618
7214.7, 1555, 1677, 1097, 9420, -80540, -6606, 10320, 66613
7218.4, 1597, 1677, 1097, 9420, -80540, -6606, 10320, 66627
7224.1, 1458, 1618, 1018, 9497, -80286, -4860, 12328, 66643
7227.9, 1393, 1618, 1018, 9497, -80286, -4860, 12328, 66682
7233.6, 1450, 1604, 998, 9969, -80798, -4860, 15019, 66644
7235.8, 1201, 1604, 998, 9969, -80798, -4860, 15019, 66644
7238.2, 1501, 1604, 998, 9969, -80798, -4860, 15019, 66644
7243.9, 1708, 1573, 893, 10706, -78886, -5455, 16113, 66617
7246.2, 1423, 1573, 893, 10706, -78886, -5455, 16113, 66617
7248.4, 1366, 1573, 893, 10706, -78886, -5455, 16113, 66617
7254.2, 1623, 1640, 447, 9882, -77793, -7358, 15093, 66619
7256.4, 1334, 1640, 447, 9882, -77793, -7358, 15093, 66619
7260.7, 1601, 1672, 250, 9533, -76808, -7647, 12013, 66619
7264.4, 1625, 1672, 250, 9533, -76808, -7647, 12013, 66624
7266.7, 1416, 1672, 250, 9533, -76808, -7647, 12013, 66624
7271.0, 1583, 1576, -76, 9747, -75259, -6142, 10381, 66624
7274.8, 1567, 1576, -76, 9747, -75259, -6142, 10381, 66615
7277.1, 1423, 1576, -76, 9747, -75259, -6142, 10381, 66615
7282.8, 1612, 1625, -34, 9461, -75876, -2493, 10780, 66624
7286.5, 1536, 1625, -34, 9461, -75876, -2493, 10780, 66631
7290.8, 1598, 1802, 53, 9525, -75951, -1404, 12101, 66631
7294.6, 1653, 1802, 53, 9525, -75951, -1404, 12101, 66632
7298.8, 1727, 1755, 231, 9576, -77237, -3570, 13777, 66632
7302.6, 1671, 1755, 231, 9576, -77237, -3570, 13777, 66621
7306.3, 1751, 1755, 231, 9576, -77237, -3570, 13777, 66586
7310.6, 1981, 1749, 304, 9111, -80050, -2253, 15251, 66586
7314.4, 1835, 1749, 304, 9111, -80050, -2253, 15251, 66569
7318.6, 1804, 1768, 233, 9417, -81564, 2537, 14870, 66569
7322.3, 1720, 1768, 233, 9417, -81564, 2537, 14870, 66563
7326.1, 1509, 1768, 233, 9417, -81564, 2537, 14870, 66570
7330.4, 1377, 1746, -34, 9644, -81476, 4869, 12779, 66570
7334.2, 1335, 1746, -34, 9644, -81476, 4869, 12779, 66522
7338.4, 1316, 1582, -456, 10094, -79801, 5057, 11230, 66522
7342.1, 1186, 1582, -456, 10094, -79801, 5057, 11230, 66477
7345.9, 985, 1582, -456, 10094, -79801, 5057, 11230, 66422
7350.1, 729, 1562, -1022, 9883, -77478, 3723, 11305, 66422
7353.9, 546, 1562, -1022, 9883, -77478, 3723, 11305, 66395
7358.1, 368, 1601, -1574, 9216, -77368, 1995, 11738, 66395
7361.8, 247, 1601, -1574, 9216, -77368, 1995, 11738, 66373
7365.6, 242, 1601, -1574, 9216, -77368, 1995, 11738, 66327
7369.8, 300, 1588, -1705, 9058, -79416, 2966, 11852, 66327
7373.5, 338, 1588, -1705, 9058, -79416, 2966, 11852, 66307
7379.3, 479, 1510, -1386, 8841, -82365, 4816, 11935, 66303
7383.0, 586, 1510, -1386, 8841, -82365, 4816, 11935, 66310
7388.7, 700, 1421, -845, 8928, -86394, 6212, 11327, 66314
7392.4, 1017, 1421, -845, 8928, -86394, 6212, 11327, 66319
7398.1, 797, 1474, -395, 9038, -89990, 5538, 10036, 66331
7401.9, 979, 1474, -395, 9038, -89990, 5538, 10036, 66330
7406.1, 1039, 1489, -451, 9124, -94217, 4878, 8693, 66330
7409.9, 1048, 1489, -451, 9124, -94217, 4878, 8693, 66360
7412.1, 902, 1489, -451, 9124, -94217, 4878, 8693, 66360
7417.9, 1281, 1473, -1117, 10356, -90410, 3920, 7691, 66331
7421.6, 1380, 1473, -1117, 10356, -90410, 3920, 7691, 66329
7425.9, 1421, 1453, -2285, 9963, -85095, 349, 7822, 66329
7429.6, 1496, 1453, -2285, 9963, -85095, 349, 7822, 66316
7431.9, 1348, 1453, -2285, 9963, -85095, 349, 7822, 66316
7436.1, 1567, 1314, -3545, 8431, -85571, -2677, 8443, 66316
7439.9, 1601, 1314, -3545, 8431, -85571, -2677, 8443, 66320
7442.2, 1468, 1314, -3545, 8431, -85571, -2677, 8443, 66320
7447.9, 1729, 1323, -4098, 8780, -86495, -3723, 8190, 66306
7451.7, 1703, 1323, -4098, 8780, -86495, -3723, 8190, 66270
7455.9, 1781, 1501, -3642, 9049, -89492, -4891, 6798, 66270
7459.6, 1814, 1501, -3642, 9049, -89492, -4891, 6798, 66298
7463.9, 1941, 1556, -2590, 8354, -95429, -5031, 5057, 66298
7467.6, 1937, 1556, -2590, 8354, -95429, -5031, 5057, 66279
7471.4, 1825, 1556, -2590, 8354, -95429, -5031, 5057, 66289
7475.7, 2019, 1746, -1635, 8902, -100180, -2891, 4598, 66289
7479.4, 1853, 1746, -1635, 8902, -100180, -2891, 4598, 66257
7483.6, 1937, 1545, -1400, 9522, -100075, -336, 6037, 66257
7487.4, 1798, 1545, -1400, 9522, -100075, -336, 6037, 66278
7491.1, 1907, 1545, -1400, 9522, -100075, -336, 6037, 66293
7495.4, 2018, 1287, -2150, 9750, -95337, 1106, 9017, 66293
7499.2, 2071, 1287, -2150, 9750, -95337, 1106, 9017, 66312
7503.4, 2006, 1271, -3772, 9089, -92292, -2301, 10823, 66312
7507.1, 2041, 1271, -3772, 9089, -92292, -2301, 10823, 66336
7510.9, 2062, 1271, -3772, 9089, -92292, -2301, 10823, 66381
7515.1, 2030, 1136, -4899, 8755, -94536, -9380, 9743, 66381
7518.9, 2001, 1136, -4899, 8755, -94536, -9380, 9743, 66414
7523.1, 2020, 1223, -5030, 8845, -96334, -13470, 7739, 66414
7526.8, 2017, 1223, -5030, 8845, -96334, -13470, 7739, 66444
7530.6, 2117, 1223, -5030, 8845, -96334, -13470, 7739, 66434
7534.8, 2040, 1447, -4396, 8744, -99353, -12219, 5880, 66434
7538.5, 2086, 1447, -4396, 8744, -99353, -12219, 5880, 66433
7544.3, 2110, 1698, -3490, 8310, -104227, -9187, 4930, 66399
7548.0, 2016, 1698, -3490, 8310, -104227, -9187, 4930, 66386
7553.7, 1907, 1862, -2640, 8330, -109648, -7135, 5897, 66382
7555.9, 1856, 1862, -2640, 8330, -109648, -7135, 5897, 66382
7558.2, 1871, 1862, -2640, 8330, -109648, -7135, 5897, 66382
7563.9, 2128, 1696, -2580, 9604, -109652, -5451, 8426, 66375
7566.2, 1864, 1696, -2580, 9604, -109652, -5451, 8426, 66375
7568.5, 1843, 1696, -2580, 9604, -109652, -5451, 8426, 66375
7574.2, 2037, 1410, -3338, 8653, -107679, -4029, 11475, 66344
7576.5, 1827, 1410, -3338, 8653, -107679, -4029, 11475, 66344
7580.7, 2027, 1410, -3338, 8099, -105863, -2646, 12727, 66344
7584.4, 2043, 1410, -3338, 8099, -105863, -2646, 12727, 66340
7586.7, 1860, 1410, -3338, 8099, -105863, -2646, 12727, 66340
7590.9, 1979, 1562, -5855, 8438, -105771, -5486, 10298, 66340
7594.6, 1953, 1562, -5855, 8438, -105771, -5486, 10298, 66277
7596.9, 1835, 1562, -5855, 8438, -105771, -5486, 10298, 66277
7601.1, 1981, 1442, -5899, 8171, -108331, -8365, 7196, 66277
7604.9, 2004, 1442, -5899, 8171, -108331, -8365, 7196, 66260
7607.1, 1915, 1442, -5899, 8171, -108331, -8365, 7196, 66260
7612.9, 1927, 1331, -5365, 7801, -111958, -4891, 7415, 66289
7616.6, 1963, 1331, -5365, 7801, -111958, -4891, 7415, 66289
7620.9, 1995, 1392, -4835, 7968, -115663, 616, 9192, 66289
7624.6, 1919, 1392, -4835, 7968, -115663, 616, 9192, 65873
7628.8, 2024, 1392, -4835, 7968, -115663, 616, 9192, 65873
7632.6, 1975, 1392, -4835, 7968, -115663, 616, 9192, 65896
7636.3, 1779, 1392, -4835, 7968, -115663, 616, 9192, 65910
7640.6, 1876, 1261, -4893, 7963, -119863, 4541, 9839, 65910
7644.4, 1852, 1261, -4893, 7963, -119863, 4541, 9839, 65909
7648.6, 1943, 1261, -4893, 7963, -119863, 4541, 9839, 65909
7652.4, 2074, 1261, -4893, 7963, -119863, 4541, 9839, 65900
7656.1, 1954, 1261, -4893, 7963, -119863, 4541, 9839, 65880
7660.4, 1811, 1091, -6648, 7663, -116066, 2270, 8780, 65880
7664.2, 1688, 1091, -6648, 7663, -116066, 2270, 8780, 65865
7668.4, 1906, 1091, -6648, 7663, -116066, 2270, 8780, 65865
7672.1, 1928, 1091, -6648, 7663, -116066, 2270, 8780, 65885
7675.9, 1853, 1091, -6648, 7663, -116066, 2270, 8780, 65819
7680.2, 1701, 1506, -7877, 7211, -110912, 183, 6903, 65819
7684.0, 1759, 1506, -7877, 7211, -110912, 183, 6903, 65801
7688.2, 2051, 1506, -7877, 7211, -110912, 183, 7048, 65801
7691.9, 2265, 1506, -7877, 7211, -110912, 183, 7048, 65735
7695.7, 1742, 1506, -7877, 7211, -110912, 183, 7048, 65691
7700.0, 1420, 1596, -7009, 7372, -110956, 7809, 8793, 65691
7703.7, 1629, 1596, -7009, 7372, -110956, 7809, 8793, 65669
7707.9, 1841, 1596, -7009, 7372, -110956, 7809, 10837, 65669
7711.6, 1842, 1596, -7009, 7372, -110956, 7809, 10837, 65638
7713.9, 1662, 1596, -7009, 7372, -110956, 7809, 10837, 65638
7719.7, 1902, 1479, -6900, 7573, -110273, 14188, 11523, 65556
7722.0, 1764, 1479, -6900, 7573, -110273, 14188, 11523, 65556
7727.7, 1673, 1410, -7007, 6792, -110273, 14188, 11523, 65547
7731.4, 1724, 1410, -7007, 6792, -110273, 14188, 11523, 65486
7735.6, 1763, 1300, -7346, 7512, -110877, 15767, 10172, 65486
7739.4, 1858, 1300, -7346, 7512, -110877, 15767, 10172, 65457
7741.7, 1861, 1300, -7346, 7512, -110877, 15767, 10172, 65457
7745.9, 1716, 1223, -7519, 7514, -110466, 14533, 8561, 65457
7749.7, 1446, 1223, -7519, 7514, -110466, 14533, 8561, 65389
7751.9, 1459, 1223, -7519, 7514, -110466, 14533, 8561, 65389
7757.7, 1779, 1186, -7819, 7440, -112159, 15877, 7297, 65413
7761.4, 1772, 1186, -7819, 7440, -112159, 15877, 7297, 65407
7765.7, 2021, 1325, -7929, 7832, -111402, 15907, 5827, 65407
7769.5, 1812, 1325, -7929, 7832, -111402, 15907, 5827, 65377
7771.7, 1486, 1325, -7929, 7832, -111402, 15907, 5827, 65377
7776.0, 1527, 1222, -7935, 7186, -110470, 15391, 5210, 65377
7779.7, 1692, 1222, -7935, 7186, -110470, 15391, 5210, 65333
7784.0, 1732, 1271, -8045, 6829, -110164, 16073, 5687, 65333
7787.7, 1733, 1271, -8045, 6829, -110164, 16073, 5687, 65267
7791.4, 1750, 1271, -8045, 6829, -110164, 16073, 5687, 65252
7795.7, 1726, 1313, -8185, 7077, -108939, 17544, 5810, 65252
7799.5, 1676, 1313, -8185, 7077, -108939, 17544, 5810, 65235
7803.7, 1711, 1240, -8271, 6292, -108913, 20580, 5831, 65235
7807.4, 1732, 1240, -8271, 6292, -108913, 20580, 5831, 65238
7811.2, 1837, 1240, -8271, 6292, -108913, 20580, 5831, 65226
7815.4, 1980, 1352, -8475, 6205, -107959, 21954, 5556, 65226
7819.2, 1801, 1352, -8475, 6205, -107959, 21954, 5556, 65224
7823.4, 1428, 1389, -8460, 6093, -107543, 21853, 4418, 65224
7827.1, 1337, 1389, -8460, 6093, -107543, 21853, 4418, 65183
7830.8, 1597, 1389, -8460, 6093, -107543, 21853, 4418, 65184
7835.1, 1777, 1274, -8431, 6409, -107022, 21503, 3206, 65184
7838.8, 1690, 1274, -8431, 6409, -107022, 21503, 3206, 65176
7843.0, 1617, 908, -8740, 6439, -104174, 22619, 2642, 65176
7846.8, 1720, 908, -8740, 6439, -104174, 22619, 2642, 65138
7849.1, 1577, 908, -8740, 6439, -104174, 22619, 2642, 65138
7854.9, 1585, 728, -9184, 5772, -100701, 23979, 2205, 65094
7858.6, 1567, 728, -9184, 5772, -100701, 23979, 2205, 65078
7862.8, 1733, 814, -9479, 5660, -96566, 24399, 953, 65078
7866.6, 1653, 814, -9479, 5660, -96566, 24399, 953, 65039
7868.9, 1495, 814, -9479, 5660, -96566, 24399, 953, 65039
7874.7, 1680, 961, -9418, 5913, -93416, 20855, -2038, 65034
7878.4, 1619, 961, -9418, 5913, -93416, 20855, -2038, 65006
7884.1, 1681, 1031, -9047, 5469, -90813, 16021, -3933, 64952
7886.4, 1521, 1031, -9047, 5469, -90813, 16021, -3933, 64952
7888.7, 1434, 1031, -9047, 5469, -90813, 16021, -3933, 64952
7894.4, 1744, 1154, -8837, 5288, -89268, 14074, -3189, 64968
7896.7, 1648, 1154, -8837, 5288, -89268, 14074, -3189, 64968
7900.9, 1660, 1271, -8966, 5203, -87803, 14586, -1373, 64968
7904.7, 1556, 1271, -8966, 5203, -87803, 14586, -1373, 64927
7907.0, 1422, 1271, -8966, 5203, -87803, 14586, -1373, 64927
7912.7, 1876, 1176, -9175, 5080, -88078, 16808, -511, 65801
7916.5, 1739, 1176, -9175, 5080, -88078, 16808, -511, 64878
7920.7, 1449, 982, -9327, 4875, -88612, 20707, -1146, 64878
7924.5, 1383, 982, -9327, 4875, -88612, 20707, -1146, 64801
7926.7, 1422, 982, -9327, 4875, -88612, 20707, -1146, 64801
7931.0, 1699, 749, -9476, 5054, -88700, 24474, -3136, 64801
7934.8, 1644, 749, -9476, 5054, -88700, 24474, -3136, 64752
7939.0, 1696, 571, -9645, 5184, -87545, 25987, -5223, 64752
7942.8, 1654, 571, -9645, 5184, -87545, 25987, -5223, 64750
7946.5, 1609, 571, -9645, 5184, -87545, 25987, -5223, 64730
7950.8, 1655, 352, -9712, 4628, -87046, 25248, -6041, 64730
7954.6, 1616, 352, -9712, 4628, -87046, 25248, -6041, 64709
7958.8, 1634, 436, -9584, 4395, -84889, 22496, -6107, 64709
7962.6, 1654, 436, -9584, 4395, -84889, 22496, -6107, 64693
7966.4, 1664, 436, -9584, 4395, -84889, 22496, -6107, 64691
7970.6, 1656, 611, -9494, 4389, -84075, 17299, -5591, 64691
7974.4, 1556, 611, -9494, 4389, -84075, 17299, -5591, 64654
7978.6, 1571, 719, -9490, 3999, -82999, 12696, -4908, 64654
7982.4, 1612, 719, -9490, 3999, -82999, 12696, -4908, 64653
7986.1, 1614, 719, -9490, 3999, -82999, 12696, -4908, 64633
7990.3, 1602, 659, -9509, 3750, -82763, 12018, -4200, 64633
7994.1, 1522, 659, -9509, 3750, -82763, 12018, -4200, 64607
7998.3, 1579, 469, -9747, 3564, -81551, 14017, -3268, 64607
8002.0, 1525, 469, -9747, 3564, -81551, 14017, -3268, 64564
8005.7, 1646, 469, -9747, 3564, -81551, 14017, -3268, 64532
8010.0, 1586, 283, -9870, 3522, -79534, 16437, -2458, 64532
8013.7, 1555, 283, -9870, 3522, -79534, 16437, -2458, 64469
8017.9, 1669, 253, -9926, 3254, -77832, 17710, -2288, 64469
8021.7, 1554, 253, -9926, 3254, -77832, 17710, -2288, 64416
8023.9, 1375, 253, -9926, 3254, -77832, 17710, -2288, 64416
8029.7, 1604, 361, -9988, 3227, -75203, 19893, -2336, 64353
8033.5, 1579, 361, -9988, 3227, -75203, 19893, -2336, 64280
8039.2, 1657, 419, -9914, 3306, -73474, 21634, -2406, 64270
8041.5, 1511, 419, -9914, 3306, -73474, 21634, -2406, 64270
8043.7, 1454, 419, -9914, 3306, -73474, 21634, -2406, 64270
8049.5, 1635, 407, -9946, 3369, -72153, 20317, -1824, 64222
8051.7, 1472, 407, -9946, 3369, -72153, 20317, -1824, 64222
8056.0, 1614, 354, -9776, 3105, -71103, 20265, -301, 64222
8059.8, 1568, 354, -9776, 3105, -71103, 20265, -301, 64175
8062.1, 1425, 354, -9776, 3105, -71103, 20265, -301, 64175
8067.8, 1597, 253, -9970, 3188, -69187, 20969, 857, 64149
8071.6, 1538, 253, -9970, 3188, -69187, 20969, 857, 64096
8075.8, 1783, 140, -10264, 3251, -67516, 20510, 914, 64096
8079.6, 1541, 140, -10264, 3251, -67516, 20510, 914, 64081
8081.9, 1334, 140, -10264, 3251, -67516, 20510, 914, 64081
8088.0, 1709, 123, -10340, 2965, -64663, 20842, 559, 64079
8091.7, 1618, 123, -10340, 2965, -64663, 20842, 559, 64042
8096.0, 1593, 193, -10176, 2717, -61119, 22457, 1334, 64042
8099.8, 1605, 193, -10176, 2717, -61119, 22457, 1334, 63929
8102.0, 1461, 193, -10176, 2717, -61119, 22457, 1334, 63929
8107.8, 1584, 417, -10095, 2907, -57326, 23467, 3815, 63955
8111.6, 1560, 417, -10095, 2907, -57326, 23467, 3815, 63882
8115.8, 1615, 577, -10211, 3190, -53345, 22938, 5985, 63882
8119.6, 1700, 577, -10211, 3190, -53345, 22938, 5985, 63824
8123.8, 1719, 684, -10176, 2822, -50409, 22802, 7240, 63824
8127.6, 1409, 684, -10176, 2822, -50409, 22802, 7240, 63745
8131.3, 1386, 684, -10176, 2822, -50409, 22802, 7240, 63706
8135.6, 1454, 658, -10226, 2985, -47316, 24307, 7301, 63706
8139.4, 1413, 658, -10226, 2985, -47316, 24307, 7301, 63647
8143.6, 1645, 515, -10347, 3277, -44100, 24819, 6300, 63647
8147.4, 1647, 515, -10347, 3277, -44100, 24819, 6300, 63584
8151.1, 1476, 515, -10347, 3277, -44100, 24819, 6300, 63558
8155.4, 1393, 409, -10231, 3150, -39279, 25703, 5433, 63558
8159.2, 1627, 409, -10231, 3150, -39279, 25703, 5433, 63499
8163.4, 1622, 418, -10238, 3104, -33679, 27510, 5713, 63499
8167.1, 1497, 418, -10238, 3104, -33679, 27510, 5713, 63441
8170.9, 1485, 418, -10238, 3104, -33679, 27510, 5713, 63402
8175.2, 1611, 455, -10216, 3430, -27580, 27934, 6628, 63402
8178.9, 2018, 455, -10216, 3430, -27580, 27934, 6628, 63363
8183.1, 1703, 503, -10158, 3448, -20864, 23004, 5950, 63363
8186.8, 1184, 503, -10158, 3448, -20864, 23004, 5950, 63283
8190.6, 1295, 503, -10158, 3448, -20864, 23004, 5950, 63303
8194.8, 1664, 498, -10147, 3667, -15308, 16117, 3828, 63303
8198.6, 1674, 498, -10147, 3667, -15308, 16117, 3828, 63265
8202.8, 1613, 359, -10217, 3680, -9498, 11060, 1268, 63265
8206.5, 1630, 359, -10217, 3680, -9498, 11060, 1268, 63287
8208.8, 1512, 359, -10217, 3680, -9498, 11060, 1268, 63287
8214.5, 1817, 252, -10298, 3642, -3294, 7835, -494, 63313
8216.8, 1823, 252, -10298, 3642, -3294, 7835, -494, 63313
8222.6, 1686, 252, -10298, 3642, 3508, 4637, -1295, 63333
8226.4, 1126, 252, -10298, 3642, 3508, 4637, -1295, 63355
8230.6, 998, 288, -10394, 3692, 3508, 166, -1754, 63355
8234.4, 1424, 288, -10394, 3692, 3508, 166, -1754, 63362
8236.7, 1511, 288, -10394, 3692, 3508, 166, -1754, 63362
8240.9, 1635, 349, -10424, 3811, 19018, -3220, -2524, 63362
8244.7, 1718, 349, -10424, 3811, 19018, -3220, -2524, 63359
8246.9, 1664, 349, -10424, 3811, 19018, -3220, -2524, 63359
8252.7, 1894, 393, -10290, 3168, 25817, -4755, -2581, 63371
8256.4, 1398, 393, -10290, 3168, 25817, -4755, -2581, 63374
8260.7, 1275, 360, -10290, 3168, 32152, -5193, -1732, 63374
8264.5, 1453, 360, -10290, 3168, 32152, -5193, -1732, 63398
8266.8, 1615, 360, -10290, 3168, 32152, -5193, -1732, 63398
8271.0, 1827, 379, -10226, 3439, 37170, -4086, -1465, 63398
8274.7, 1875, 379, -10226, 3439, 37170, -4086, -1465, 63423
8278.9, 1353, 379, -10226, 3439, 37170, -4086, -1465, 63423
8282.7, 1281, 379, -10226, 3439, 37170, -4086, -1465, 63431
8286.5, 1682, 379, -10226, 3439, 37170, -4086, -1465, 63409
8290.7, 2067, 198, -10412, 3442, 46830, -3473, -3521, 63409
8294.5, 1600, 198, -10412, 3442, 46830, -3473, -3521, 63412
8298.7, 1287, 62, -10412, 3442, 46830, -3473, -3521, 63412
8302.5, 1375, 62, -10412, 3442, 46830, -3473, -3521, 63413
8306.2, 1523, 62, -10412, 3442, 46830, -3473, -3521, 63406
8310.5, 1283, 47, -10345, 3610, 58271, -3902, -984, 63406
8314.3, 1640, 47, -10345, 3610, 58271, -3902, -984, 63404
8318.5, 1952, 47, -10345, 3610, 58271, -3902, -984, 63404
8322.2, 2098, 47, -10345, 3610, 58271, -3902, -984, 63398
8326.0, 1667, 47, -10345, 3610, 58271, -3902, -984, 63414
8330.3, 1273, 5, -10298, 3696, 68364, -839, 3027, 63414
8334.0, 1661, 5, -10298, 3696, 68364, -839, 3027, 63441
8338.2, 1790, 5, -10298, 3696, 68364, -839, 3027, 63441
8341.9, 1354, 5, -10298, 3696, 68364, -839, 3027, 63447
8345.7, 1543, 5, -10298, 3696, 68364, -839, 3027, 63462
8349.9, 1760, -7, -10387, 4015, 75697, -4493, 2926, 63462
8353.7, 1929, -7, -10387, 4015, 75697, -4493, 2926, 63463
8357.9, 1436, -7, -10387, 4015, 75697, -4493, 2926, 63463
8361.6, 1274, -7, -10387, 4015, 75697, -4493, 2926, 63479
8363.9, 1273, -7, -10387, 4015, 75697, -4493, 2926, 63479
8369.7, 1814, -244, -10329, 3873, 78895, -7179, 1750, 63483
8372.0, 1467, -244, -10329, 3873, 78895, -7179, 1750, 63483
8377.7, 1641, -360, -10199, 4277, 84180, -8526, 1434, 63531
8381.5, 1450, -360, -10199, 4277, 84180, -8526, 1434, 63532
8385.7, 2049, -223, -10201, 4280, 89518, -11278, 2961, 63532
8389.5, 1747, -223, -10201, 4280, 89518, -11278, 2961, 63534
8391.8, 1334, -223, -10201, 4280, 89518, -11278, 2961, 63534
8396.0, 1101, -14, -10162, 4257, 93460, -13260, 5600, 63534
8399.8, 1567, -14, -10162, 4257, 93460, -13260, 5600, 63550
8402.1, 2052, -14, -10162, 4257, 93460, -13260, 5600, 63550
8407.8, 2064, 86, -10205, 4548, 95954, -12963, 6790, 63578
8411.5, 1113, 86, -10205, 4548, 95954, -12963, 6790, 63594
8415.7, 845, 173, -10174, 4606, 99143, -10876, 6015, 63594
8419.5, 1442, 173, -10174, 4606, 99143, -10876, 6015, 63580
8421.7, 1650, 173, -10174, 4606, 99143, -10876, 6015, 63580
8426.0, 1935, 126, -10078, 4808, 103059, -9927, 4528, 63580
8429.8, 2165, 126, -10078, 4808, 103059, -9927, 4528, 63655
8434.0, 1513, 200, -10092, 4951, 108037, -9616, 4064, 63655
8437.8, 880, 200, -10092, 4951, 108037, -9616, 4064, 63682
8441.5, 1745, 200, -10092, 4951, 108037, -9616, 4064, 63704
8445.8, 2195, 122, -9870, 5047, 111454, -8400, 5293, 63704
8449.5, 1271, 122, -9870, 5047, 111454, -8400, 5293, 63738
8453.8, 1211, 161, -9998, 5662, 117063, -10666, 6496, 63738
8457.6, 1570, 161, -9998, 5662, 117063, -10666, 6496, 63776
8461.4, 1841, 161, -9998, 5662, 117063, -10666, 6496, 63833
8465.6, 1955, 157, -9951, 5673, 120222, -16310, 5840, 63833
8469.4, 1603, 157, -9951, 5673, 120222, -16310, 5840, 63860
8473.6, 1249, 122, -9674, 5752, 123101, -18734, 5053, 63860
8477.4, 1400, 122, -9674, 5752, 123101, -18734, 5053, 63890
8481.1, 1900, 122, -9674, 5752, 123101, -18734, 5053, 63919
8485.4, 2293, 215, -9653, 5660, 124759, -16874, 5267, 63919
8489.2, 1760, 215, -9653, 5660, 124759, -16874, 5267, 63933
8493.4, 1077, 387, -9610, 5831, 128631, -13186, 6230, 63933
8497.2, 1160, 387, -9610, 5831, 128631, -13186, 6230, 63967
8501.0, 1962, 387, -9610, 5831, 128631, -13186, 6230, 64005
8505.3, 1950, 516, -9623, 6064, 131409, -10622, 5897, 64005
8509.0, 1487, 516, -9623, 6064, 131409, -10622, 5897, 64007
8513.2, 1189, 457, -9809, 6573, 135229, -10430, 4484, 64007
8517.0, 1576, 457, -9809, 6573, 135229, -10430, 4484, 64034
8522.7, 2028, 376, -9546, 6485, 137705, -9305, 3228, 64073
8526.4, 1869, 376, -9546, 6485, 137705, -9305, 3228, 64125
8528.7, 1921, 376, -9546, 6485, 137705, -9305, 3228, 64125
8534.5, 1052, 398, -9111, 6760, 141008, -10176, 3526, 64155
8536.7, 482, 398, -9111, 6760, 141008, -10176, 3526, 64155
8541.0, 1614, 403, -9017, 6910, 142920, -12696, 4668, 64155
8544.7, 2151, 403, -9017, 6910, 142920, -12696, 4668, 64173
8547.0, 1739, 403, -9017, 6910, 142920, -12696, 4668, 64173
8552.7, 1489, 410, -8842, 6982, 143327, -15128, 5350, 64185
8556.4, 1774, 410, -8842, 6982, 143327, -15128, 5350, 64187
8560.6, 2083, 507, -8737, 6705, 143344, -13938, 4668, 64187
8564.4, 1477, 507, -8737, 6705, 143344, -13938, 4668, 64211
8566.7, 1044, 507, -8737, 6705, 143344, -13938, 4668, 64211
8570.9, 1592, 748, -8139, 6873, 143344, -11567, 2222, 64211
8574.7, 1817, 748, -8139, 6873, 143344, -11567, 2222, 64167
8577.0, 1336, 748, -8139, 6873, 143344, -11567, 2222, 64167
8582.7, 1546, 926, -8028, 7674, 143344, -13413, -660, 64155
8586.4, 1552, 926, -8028, 7674, 143344, -13413, -660, 64143
8590.7, 1961, 906, -7750, 7468, 143344, -16174, -901, 64143
8594.5, 1912, 906, -7750, 7468, 143344, -16174, -901, 64124
8598.7, 1368, 889, -7737, 7164, 143344, -10902, 1150, 64124
8602.5, 1352, 889, -7737, 7164, 143344, -10902, 1150, 64118
8606.2, 1660, 889, -7737, 7164, 143344, -10902, 1150, 64060
8610.5, 1792, 774, -7801, 7243, 143344, -6374, 2156, 64060
8614.3, 1776, 774, -7801, 7243, 143344, -6374, 2156, 64089
8618.5, 2018, 869, -7513, 7445, 143344, -6938, 1098, 64089
8622.2, 1821, 869, -7513, 7445, 143344, -6938, 1098, 64078
8626.0, 1367, 869, -7513, 7445, 143344, -6938, 1098, 64073
8630.2, 1778, 821, -7068, 7689, 143344, -10399, -682, 64073
8634.0, 2158, 821, -7068, 7689, 143344, -10399, -682, 63594
8638.2, 1142, 768, -6550, 7759, 143344, -10189, -1837, 63594
8641.9, 719, 768, -6550, 7759, 143344, -10189, -1837, 64056
8645.7, 1370, 768, -6550, 7759, 143344, -10189, -1837, 64055
8649.9, 1786, 731, -6287, 8133, 143344, -6400, -2012, 64055
8653.6, 1852, 731, -6287, 8133, 143344, -6400, -2012, 64043
8657.9, 1869, 661, -6187, 7995, 143344, -5840, -1211, 64043
8661.6, 1808, 661, -6187, 7995, 143344, -5840, -1211, 64044
8663.9, 1577, 661, -6187, 7995, 143344, -5840, -1211, 64044
8669.7, 1750, 591, -6190, 7585, 143327, -8763, -638, 64014
8673.4, 1707, 591, -6190, 7585, 143327, -8763, -638, 64023
8679.1, 1415, 683, -6135, 8437, 143344, -12455, -1242, 64033
8682.9, 1639, 683, -6135, 8437, 143344, -12455, -1242, 64022
8688.6, 1616, 683, -5732, 7820, 143156, -14450, -2769, 64029
8690.9, 1290, 683, -5732, 7820, 143156, -14450, -2769, 64029
8693.2, 1328, 683, -5732, 7820, 143156, -14450, -2769, 64029
8698.9, 1592, 756, -5408, 7812, 142062, -13313, -3535, 64043
8701.2, 1393, 756, -5408, 7812, 142062, -13313, -3535, 64043
8703.4, 1612, 756, -5408, 7812, 142062, -13313, -3535, 64043
8709.2, 1373, 724, -5032, 8455, 141021, -13457, -3346, 64016
8711.4, 1276, 724, -5032, 8455, 141021, -13457, -3346, 64016
8715.7, 1745, 616, -4722, 8243, 140107, -14673, -2095, 64016
8719.4, 1531, 616, -4722, 8243, 140107, -14673, -2095, 64050
8721.7, 1398, 616, -4722, 8243, 140107, -14673, -2095, 64050
8725.9, 2015, 632, -4868, 8277, 138834, -17154, -756, 64050
8729.7, 2058, 632, -4868, 8277, 138834, -17154, -756, 64042
8731.9, 1509, 632, -4868, 8277, 138834, -17154, -756, 64042
8737.7, 1365, 522, -4846, 8367, 136156, -18602, -1338, 64878
8741.4, 1829, 522, -4846, 8367, 136156, -18602, -1338, 64873
8745.7, 1601, 589, -4674, 8745, 135631, -17224, -3058, 64873
8749.4, 1381, 589, -4674, 8745, 135631, -17224, -3058, 64885
8751.7, 1524, 589, -4674, 8745, 135631, -17224, -3058, 64885
8756.0, 1387, 592, -4473, 8414, 134651, -17850, -4891, 64885
8759.8, 1998, 592, -4473, 8414, 134651, -17850, -4891, 64925
8764.1, 1633, 655, -3988, 8308, 132564, -18484, -6133, 64925
8767.8, 1323, 655, -3988, 8308, 132564, -18484, -6133, 64934
8771.5, 1616, 655, -3988, 8308, 132564, -18484, -6133, 64901
8775.8, 1698, 612, -3451, 8536, 130893, -17981, -5897, 64901
8779.6, 1643, 612, -3451, 8536, 130893, -17981, -5897, 64961
8783.8, 1596, 710, -3306, 8967, 128998, -17754, -5175, 64961
8787.6, 1294, 710, -3306, 8967, 128998, -17754, -5175, 64976
8791.3, 1518, 710, -3306, 8967, 128998, -17754, -5175, 64984
8795.6, 2251, 652, -3195, 8805, 126575, -19084, -4996, 64984
8799.4, 1988, 652, -3195, 8805, 126575, -19084, -4996, 64999
8803.6, 1072, 677, -3136, 8754, 124553, -16104, -4926, 64999
8807.4, 961, 677, -3136, 8754, 124553, -16104, -4926, 65012
8811.2, 1660, 677, -3136, 8754, 124553, -16104, -4926, 65018
8815.4, 1715, 726, -3122, 9205, 125284, -14026, -5700, 65018
8819.2, 1781, 726, -3122, 9205, 125284, -14026, -5700, 65016
8823.4, 1791, 664, -2863, 8691, 124041, -14713, -7118, 65016
8827.2, 1499, 664, -2863, 8691, 124041, -14713, -7118, 65052
8830.9, 1469, 664, -2863, 8691, 124041, -14713, -7118, 65024
8835.2, 1947, 802, -2581, 9509, 123433, -15548, -7831, 65024
8838.9, 1616, 802, -2581, 9509, 123433, -15548, -7831, 65021
8843.2, 1337, 733, -2374, 9561, 123626, -16905, -7459, 65021
8847.0, 1652, 733, -2374, 9561, 123626, -16905, -7459, 65029
8852.7, 1741, 733, -2374, 9561, 123626, -16905, -7459, 65032
8856.4, 1403, 733, -2374, 9561, 123626, -16905, -7459, 65046
8860.7, 1589, 780, -2306, 9263, 123613, -15741, -6011, 65046
8864.5, 1653, 780, -2306, 9263, 123613, -15741, -6011, 65051
8866.8, 1297, 780, -2306, 9263, 123613, -15741, -6011, 65051
8871.0, 1827, 958, -2397, 9300, 125052, -12552, -5289, 65051
8874.7, 2127, 958, -2397, 9300, 125052, -12552, -5289, 65033
8877.0, 1832, 958, -2397, 9300, 125052, -12552, -5289, 65033
8882.8, 1316, 1001, -2106, 9300, 125030, -12600, -6365, 65012
8886.5, 1420, 1001, -2106, 9300, 125030, -12600, -6365, 64971
8890.8, 1630, 932, -2006, 9574, 125030, -12600, -6190, 64971
8894.5, 1980, 932, -2006, 9574, 125030, -12600, -6190, 64944
8896.8, 1667, 932, -2006, 9574, 125030, -12600, -6190, 64944
8901.0, 1517, 948, -1525, 9420, 124422, -5976, -6479, 64944
8904.7, 1482, 948, -1525, 9420, 124422, -5976, -6479, 64911
8907.0, 1555, 948, -1525, 9420, 124422, -5976, -6479, 64911
8912.7, 1513, 1137, -1381, 8825, 123687, -2874, -7122, 64869
8916.4, 1206, 1137, -1381, 8825, 123687, -2874, -7122, 64875
8920.7, 1643, 1234, -873, 9463, 123687, -901, -6877, 64875
8924.5, 1770, 1234, -873, 9463, 123687, -901, -6877, 64824
8928.7, 1802, 1133, -488, 9699, 122873, -901, -6877, 64824
8932.5, 1832, 1133, -488, 9699, 122873, -901, -6877, 64800
8936.2, 1865, 1133, -488, 9699, 122873, -901, -6877, 64750
8940.5, 1184, 1113, -200, 9519, 120016, 131, -4970, 64750
8944.2, 1359, 1113, -200, 9519, 120016, 131, -4970, 64718
8948.4, 1844, 1147, 81, 9281, 120016, 131, -4970, 64718
8952.1, 1650, 1147, 81, 9281, 120016, 131, -4970, 64700
8955.9, 1868, 1147, 81, 9281, 120016, 131, -4970, 64714
8960.1, 1834, 1204, 372, 9890, 119925, -398, -6453, 64714
8963.8, 1152, 1204, 372, 9890, 119925, -398, -6453, 64700
8968.0, 1654, 1314, 594, 9095, 119106, -398, -6453, 64700
8971.8, 1329, 1314, 594, 9095, 119106, -398, -6453, 64722
8974.1, 1336, 1314, 594, 9095, 119106, -398, -6453, 64722
8979.9, 1979, 1419, 1001, 9031, 116726, 966, -7923, 64693
8983.6, 2035, 1419, 1001, 9031, 116726, 966, -7923, 64678
8987.8, 1321, 1508, 1263, 8596, 116726, 966, -7923, 64678
8991.6, 1158, 1508, 1263, 8596, 116726, 966, -7923, 64701
8993.9, 1346, 1508, 1263, 8596, 116726, 966, -7923, 64701
8999.7, 1640, 1612, 1730, 8772, 112749, 1119, -5188, 64696
9003.4, 1769, 1612, 1730, 8772, 112749, 1119, -5188, 64723
9009.1, 2009, 1476, 2010, 9175, 112749, 1119, -5188, 64731
9011.4, 1526, 1476, 2010, 9175, 112749, 1119, -5188, 64731
9013.6, 1069, 1476, 2010, 9175, 112749, 1119, -5188, 64731
9019.4, 1552, 1298, 2048, 8454, 109499, 1780, -2323, 64748
9021.6, 1615, 1298, 2048, 8454, 109499, 1780, -2323, 64748
9025.9, 1765, 1250, 1909, 9270, 108344, 2660, -1128, 64748
9029.6, 1429, 1250, 1909, 9270, 108344, 2660, -1128, 64770
9031.9, 1527, 1250, 1909, 9270, 108344, 2660, -1128, 64770
9037.6, 1832, 1088, 1817, 8739, 107552, 3185, -1973, 64769
9041.3, 1265, 1088, 1817, 8739, 107552, 3185, -1973, 64785
9045.6, 1555, 1096, 1693, 8461, 104642, 3924, -3801, 64785
9049.3, 1500, 1096, 1693, 8461, 104642, 3924, -3801, 64818
9051.6, 1452, 1096, 1693, 8461, 104642, 3924, -3801, 64818
9055.9, 1745, 1150, 1695, 9128, 103859, 1316, -5626, 64818
9059.6, 1764, 1150, 1695, 9128, 103859, 1316, -5626, 64834
9061.9, 1516, 1150, 1695, 9128, 103859, 1316, -5626, 64834
9067.7, 1544, 891, 2008, 7932, 99904, -476, -6050, 64855
9071.4, 1771, 891, 2008, 7932, 99904, -476, -6050, 64866
9075.7, 1922, 882, 2234, 8351, 97537, -148, -4974, 64866
9079.4, 1336, 882, 2234, 8351, 97537, -148, -4974, 64899
9081.7, 1228, 882, 2234, 8351, 97537, -148, -4974, 64899
9086.0, 1366, 939, 2520, 8017, 95017, 96, -4230, 64899
9089.8, 1566, 939, 2520, 8017, 95017, 96, -4230, 64928
9094.0, 1908, 905, 2816, 8562, 93123, -796, -4125, 64928
9097.7, 1703, 905, 2816, 8562, 93123, -796, -4125, 64963
9101.5, 1480, 905, 2816, 8562, 93123, -796, -4125, 64977
9105.8, 1500, 929, 3017, 8264, 90594, -2183, -3819, 64977
9109.6, 1569, 929, 3017, 8264, 90594, -2183, -3819, 64999
9113.8, 2046, 886, 2898, 8251, 87479, -3198, -3438, 64999
9117.6, 1525, 886, 2898, 8251, 87479, -3198, -3438, 65021
9121.3, 1565, 886, 2898, 8251, 87479, -3198, -3438, 65080
9125.6, 1617, 634, 3253, 8294, 84784, -4641, -2607, 65080
9129.3, 1884, 634, 3253, 8294, 84784, -4641, -2607, 65062
9133.5, 1754, 815, 3070, 7962, 82330, -6273, -2611, 65062
9137.2, 1200, 815, 3070, 7962, 82330, -6273, -2611, 65079
9141.0, 1359, 815, 3070, 7962, 82330, -6273, -2611, 65059
9145.2, 1780, 908, 3162, 7987, 78440, -4860, -3185, 65059
9148.9, 1666, 908, 3162, 7987, 78440, -4860, -3185, 65026
9153.2, 1452, 1015, 3526, 8290, 76515, -6593, -4453, 65026
9157.0, 2099, 1015, 3526, 8290, 76515, -6593, -4453, 65079
9162.7, 1715, 958, 3998, 7978, 72853, -6536, -4773, 65064
9166.5, 1307, 958, 3998, 7978, 72853, -6536, -4773, 65045
9168.8, 1447, 958, 3998, 7978, 72853, -6536, -4773, 65045
9174.5, 1415, 1133, 4018, 8258, 71475, -5486, -3666, 65077
9176.8, 1210, 1133, 4018, 8258, 71475, -5486, -3666, 65077
9182.6, 1744, 1179, 3875, 8378, 70954, -4781, -2121, 65058
9186.3, 1775, 1179, 3875, 8378, 70954, -4781, -2121, 65063
9190.5, 1428, 1028, 3791, 8112, 69694, -5521, -524, 65063
9194.3, 1712, 1028, 3791, 8112, 69694, -5521, -524, 65052
9196.5, 1427, 1028, 3791, 8112, 69694, -5521, -524, 65052
9200.7, 1710, 841, 3631, 7950, 68220, -6260, 336, 65052
9204.4, 1924, 841, 3631, 7950, 68220, -6260, 336, 65056
9206.7, 1754, 841, 3631, 7950, 68220, -6260, 336, 65056
9210.9, 1621, 765, 4097, 8074, 66934, -6046, -866, 65056
9214.6, 1268, 765, 4097, 8074, 66934, -6046, -866, 65067
9216.9, 1460, 765, 4097, 8074, 66934, -6046, -866, 65067
9221.1, 1756, 899, 4383, 7785, 64847, -6475, -1763, 65067
9224.9, 1638, 899, 4383, 7785, 64847, -6475, -1763, 65107
9227.1, 1359, 899, 4383, 7785, 64847, -6475, -1763, 65107
9232.9, 1900, 960, 4824, 8158, 65092, -6938, -446, 65075
9236.6, 1671, 960, 4824, 8158, 65092, -6938, -446, 65020
9240.9, 1556, 1196, 4863, 8061, 62891, -7358, 454, 65020
9244.6, 1789, 1196, 4863, 8061, 62891, -7358, 454, 65043
9248.8, 1447, 1374, 5127, 7929, 61237, -6833, 529, 65043
9252.6, 1783, 1374, 5127, 7929, 61237, -6833, 529, 65056
9256.3, 2134, 1374, 5127, 7929, 61237, -6833, 529, 65035
9260.6, 1079, 1426, 4910, 7963, 61347, -4676, -61, 65035
9264.3, 1536, 1426, 4910, 7963, 61347, -4676, -61, 65046
9268.6, 1851, 1314, 4939, 8494, 62664, -1854, -796, 65046
9272.4, 2074, 1314, 4939, 8494, 62664, -1854, -796, 65012
9276.2, 1825, 1314, 4939, 8494, 62664, -1854, -796, 64994
9280.4, 1472, 1182, 5158, 7940, 63206, -1421, -503, 64994
9284.2, 1523, 1182, 5158, 7940, 63206, -1421, -503, 64972
9288.4, 1601, 1180, 5476, 7974, 62860, -997, 2590, 64972
9292.1, 1615, 1180, 5476, 7974, 62860, -997, 2590, 64828
9295.9, 1617, 1180, 5476, 7974, 62860, -997, 2590, 64981
9300.1, 1666, 1408, 5486, 7490, 60629, 1404, 2957, 64981
9303.9, 1751, 1408, 5486, 7490, 60629, 1404, 2957, 64887
9308.1, 1543, 1698, 5964, 7070, 58831, 2248, 874, 64887
9311.8, 1502, 1698, 5964, 7070, 58831, 2248, 874, 64923
9315.6, 1469, 1698, 5964, 7070, 58831, 2248, 874, 64937
9319.8, 1780, 1575, 6257, 7562, 57208, 1819, -3167, 64937
9323.5, 1782, 1575, 6257, 7562, 57208, 1819, -3167, 64945
9329.3, 1419, 1323, 6567, 7529, 55987, 2598, -5057, 64983
9333.0, 1584, 1323, 6567, 7529, 55987, 2598, -5057, 65000
9338.7, 1490, 1332, 6384, 8039, 56867, 2633, -4090, 65025
9340.9, 1376, 1332, 6384, 8039, 56867, 2633, -4090, 65025
9343.3, 1434, 1332, 6384, 8039, 56867, 2633, -4090, 65025
9349.0, 1602, 1215, 6038, 7636, 56407, 1448, -2616, 65021
9351.3, 1280, 1215, 6038, 7636, 56407, 1448, -2616, 65021
9355.5, 1675, 1216, 5918, 7214, 53944, 398, -2909, 65021
9359.3, 1576, 1216, 5918, 7214, 53944, 398, -2909, 65022
9361.6, 1394, 1216, 5918, 7214, 53944, 398, -2909, 65022
9365.8, 1894, 1411, 6017, 6889, 51695, 1715, -3303, 65022
9369.6, 1684, 1411, 6017, 6889, 51695, 1715, -3303, 65015
9371.9, 1154, 1411, 6017, 6889, 51695, 1715, -3303, 65015
9377.6, 1609, 1318, 6092, 7098, 48563, 3176, -3657, 65036
9381.4, 1473, 1318, 6092, 7098, 48563, 3176, -3657, 65036
9385.6, 1642, 1398, 6293, 7097, 47648, 4217, -3675, 65036
9389.4, 1889, 1398, 6293, 7097, 47648, 4217, -3675, 65035
9391.7, 1516, 1398, 6293, 7097, 47648, 4217, -3675, 65035
9396.0, 1623, 1307, 6189, 6890, 45325, 4121, -3110, 65035
9399.7, 1714, 1307, 6189, 6890, 45325, 4121, -3110, 65048
9403.9, 1829, 1307, 6189, 6890, 42691, 5057, -2130, 65048
9407.7, 1386, 1307, 6189, 6890, 42691, 5057, -2130, 65045
9411.4, 1435, 1307, 6189, 6890, 42691, 5057, -2130, 65057
9415.7, 1644, 611, 5744, 7107, 41873, 6361, -1579, 65057
9419.5, 1760, 611, 5744, 7107, 41873, 6361, -1579, 65024
9423.7, 1768, 611, 5744, 7107, 38745, -870, -3797, 65024
9427.5, 1607, 611, 5744, 7107, 38745, -870, -3797, 65047
9431.2, 1513, 611, 5744, 7107, 38745, -870, -3797, 65030
9435.5, 1573, 728, 6058, 6702, 38592, 2511, -3810, 65030
9439.2, 1638, 728, 6058, 6702, 38592, 2511, -3810, 65019
9443.4, 1634, 728, 6058, 6702, 35827, -3167, -4742, 65019
9447.1, 1715, 728, 6058, 6702, 35827, -3167, -4742, 65000
9450.9, 1755, 728, 6058, 6702, 35827, -3167, -4742, 64984
9455.1, 1516, 952, 6314, 6366, 32948, -5166, -5153, 64984
9458.8, 1456, 952, 6314, 6366, 32948, -5166, -5153, 64943
9463.0, 1721, 952, 6314, 6366, 30896, -7284, -5656, 64943
9466.8, 1719, 952, 6314, 6366, 30896, -7284, -5656, 64950
9469.1, 1358, 952, 6314, 6366, 30896, -7284, -5656, 64950
9474.9, 1764, 925, 6502, 6890, 30056, -11830, -6680, 64940
9478.6, 1546, 925, 6502, 6890, 30056, -11830, -6680, 64927
9482.9, 1557, 925, 6502, 6890, 26176, -15093, -7288, 64927
9487.0, 1633, 925, 6502, 6890, 26176, -15093, -7288, 64953
9492.7, 1697, 1116, 6555, 6516, 26176, -15093, -7288, 64923
9496.4, 1711, 1116, 6555, 6516, 26176, -15093, -7288, 64894
9498.7, 1434, 1116, 6555, 6516, 26176, -15093, -7288, 64894
9504.5, 1568, 1378, 6583, 6005, 20729, -7074, -8343, 64878
9506.7, 1281, 1378, 6583, 6005, 20729, -7074, -8343, 64878
9511.0, 1693, 1807, 6678, 6005, 20729, -7074, -8343, 64878
9514.8, 1608, 1807, 6678, 6005, 20729, -7074, -8343, 64874
9517.1, 1423, 1807, 6678, 6005, 20729, -7074, -8343, 64874
9522.8, 1703, 1621, 6888, 6600, 19495, 201, -8903, 64880
9526.5, 1658, 1621, 6888, 6600, 19495, 201, -8903, 64862
9530.7, 1654, 1473, 7096, 6360, 17421, 2091, -7787, 64862
9534.4, 1617, 1473, 7096, 6360, 17421, 2091, -7787, 64923
9536.7, 1446, 1473, 7096, 6360, 17421, 2091, -7787, 64923
9540.9, 1674, 1250, 7158, 6133, 15015, 2419, -6733, 64923
9544.6, 1768, 1250, 7158, 6133, 15015, 2419, -6733, 64798
9546.9, 1467, 1250, 7158, 6133, 15015, 2419, -6733, 64798
9551.1, 1668, 957, 7355, 6367, 14240, 358, -7000, 64798
9554.9, 1678, 957, 7355, 6367, 14240, 358, -7000, 64787
9559.2, 1650, 1039, 7448, 6155, 11103, -3740, -8063, 64787
9562.9, 1628, 1039, 7448, 6155, 11103, -3740, -8063, 64775
9566.7, 1562, 1039, 7448, 6155, 11103, -3740, -8063, 64746
9570.9, 1745, 1129, 7576, 6099, 8102, -7091, -8671, 64746
9574.7, 1589, 1129, 7576, 6099, 8102, -7091, -8671, 64741
9578.9, 1577, 1431, 7520, 5903, 5180, -7266, -8553, 64741
9582.6, 1821, 1431, 7520, 5903, 5180, -7266, -8553, 64765
9586.4, 1545, 1431, 7520, 5903, 5180, -7266, -8553, 64727
9590.7, 1778, 1511, 7622, 5880, 2835, -6072, -4681, 64727
9594.4, 1677, 1511, 7622, 5880, 2835, -6072, -4681, 64733
9598.6, 1644, 1625, 7602, 5694, -446, -2244, -4681, 64733
9602.4, 1560, 1625, 7602, 5694, -446, -2244, -4681, 64733
9606.1, 1685, 1625, 7602, 5694, -446, -2244, -4681, 64718
9610.3, 1621, 1532, 7767, 5915, -4711, 1973, -2349, 64718
9614.1, 1638, 1532, 7767, 5915, -4711, 1973, -2349, 64718
9618.3, 1588, 1484, 7539, 5790, -7205, 5442, -1154, 64718
9622.0, 1651, 1484, 7539, 5790, -7205, 5442, -1154, 64749
9625.8, 1726, 1484, 7539, 5790, -7205, 5442, -1154, 64747
9630.0, 1628, 1289, 7392, 5991, -12355, 6103, -1509, 64747
9633.7, 1646, 1289, 7392, 5991, -12355, 6103, -1509, 64743
9638.0, 1596, 1018, 7264, 5772, -16227, 3714, -1798, 64743
9641.7, 1704, 1018, 7264, 5772, -16227, 3714, -1798, 64752
9644.0, 1419, 1018, 7264, 5772, -16227, 3714, -1798, 64752
9649.8, 1642, 911, 7261, 5885, -19127, 2388, -1032, 64758
9653.5, 1597, 911, 7261, 5885, -19127, 2388, -1032, 64781
9659.3, 1632, 867, 7039, 6071, -22973, 1382, 363, 64771
9661.5, 1450, 867, 7039, 6071, -22973, 1382, 363, 64771
9663.8, 1385, 867, 7039, 6071, -22973, 1382, 363, 64771
9669.5, 1695, 883, 6868, 6144, -26219, 1159, 2008, 64780
9671.8, 1452, 883, 6868, 6144, -26219, 1159, 2008, 64780
9677.5, 1633, 869, 6651, 6060, -29785, -1264, 3508, 64800
9681.2, 1571, 869, 6651, 6060, -29785, -1264, 3508, 64782
9685.5, 1714, 677, 6485, 5963, -35354, -8286, 1154, 64782
9689.3, 1684, 677, 6485, 5963, -35354, -8286, 1154, 64786
9691.5, 1479, 677, 6485, 5963, -35354, -8286, 1154, 64786
9695.8, 1630, 661, 6646, 5644, -41200, -10810, -2734, 64786
9699.6, 1548, 661, 6646, 5644, -41200, -10810, -2734, 64801
9701.8, 1479, 661, 6646, 5644, -41200, -10810, -2734, 64801
9707.6, 1671, 887, 6681, 5696, -47167, -9695, -4930, 64796
9711.4, 1636, 887, 6681, 5696, -47167, -9695, -4930, 64808
9715.6, 1820, 948, 6680, 5773, -52815, -10600, -4528, 64808
9719.4, 1620, 948, 6680, 5773, -52815, -10600, -4528, 64806
9721.7, 1470, 948, 6680, 5773, -52815, -10600, -4528, 64806
9726.0, 1631, 1010, 6471, 6086, -57982, -10990, -2174, 64806
9729.7, 1553, 1010, 6471, 6086, -57982, -10990, -2174, 64777
9733.9, 1712, 949, 6523, 5825, -63814, -9401, 594, 64777
9737.7, 1772, 949, 6523, 5825, -63814, -9401, 594, 64825
9741.5, 1542, 949, 6523, 5825, -63814, -9401, 594, 64798
9745.7, 1669, 1211, 6091, 5810, -67603, -7122, 2489, 64798
9749.5, 1584, 1211, 6091, 5810, -67603, -7122, 2489, 64811
9753.7, 1615, 1085, 5912, 6603, -73111, -9012, 2996, 64811
9757.5, 1694, 1085, 5912, 6603, -73111, -9012, 2996, 64813
9761.2, 1685, 1085, 5912, 6603, -73111, -9012, 2996, 64854
9765.4, 1652, 906, 5915, 6460, -76747, -11305, 3701, 64854
9769.2, 1590, 906, 5915, 6460, -76747, -11305, 3701, 64872
9773.4, 1623, 836, 5763, 5946, -82662, -8898, 5499, 64872
9777.1, 1651, 836, 5763, 5946, -82662, -8898, 5499, 64861
9780.8, 1656, 836, 5763, 5946, -82662, -8898, 5499, 64881
9785.1, 1677, 888, 5632, 6275, -87020, -8802, 6938, 64881
9788.8, 1645, 888, 5632, 6275, -87020, -8802, 6938, 64835
9793.0, 1659, 822, 5608, 6320, -91749, -13392, 7122, 64835
9796.8, 1704, 822, 5608, 6320, -91749, -13392, 7122, 64828
9799.1, 1520, 822, 5608, 6320, -91749, -13392, 7122, 64828
9804.9, 1729, 961, 5724, 5909, -98837, -16288, 6702, 64831
9808.6, 1601, 961, 5724, 5909, -98837, -16288, 6702, 64836
9812.9, 1573, 1010, 5554, 6349, -105684, -15973, 5110, 64836
9816.6, 1682, 1010, 5554, 6349, -105684, -15973, 5110, 64832
9818.9, 1598, 1010, 5554, 6349, -105684, -15973, 5110, 64832
9824.7, 1794, 902, 5343, 7366, -107512, -15032, 3570, 64833
9827.0, 1620, 902, 5343, 7366, -107512, -15032, 3570, 64833
9832.7, 1638, 885, 5035, 6726, -111166, -12101, 4287, 64793
9836.5, 1710, 885, 5035, 6726, -111166, -12101, 4287, 64844
9840.7, 1741, 1120, 4458, 7152, -114421, -9489, 7494, 64844
9844.5, 1629, 1120, 4458, 7152, -114421, -9489, 7494, 64830
9846.8, 1471, 1120, 4458, 7152, -114421, -9489, 7494, 64830
9851.0, 1696, 1408, 3900, 7356, -117024, -11637, 10325, 64830
9854.8, 1735, 1408, 3900, 7356, -117024, -11637, 10325, 65335
9857.1, 1463, 1408, 3900, 7356, -117024, -11637, 10325, 65335
9862.8, 1668, 1467, 3781, 7035, -120795, -15435, 11077, 65350
9866.5, 1605, 1467, 3781, 7035, -120795, -15435, 11077, 65366
9870.8, 1657, 1262, 3784, 7309, -125188, -13405, 10084, 65366
9874.6, 1689, 1262, 3784, 7309, -125188, -13405, 10084, 64807
9876.8, 1515, 1262, 3784, 7309, -125188, -13405, 10084, 64807
9881.1, 1614, 1106, 3989, 6662, -126710, -8067, 9017, 64807
9884.9, 1591, 1106, 3989, 6662, -126710, -8067, 9017, 65374
9889.1, 1775, 1178, 3914, 6923, -132009, -6426, 9038, 65374
9892.9, 1645, 1178, 3914, 6923, -132009, -6426, 9038, 65374
9896.6, 1575, 1178, 3914, 6923, -132009, -6426, 9038, 65391
9900.9, 1610, 1021, 3894, 8377, -133767, -9489, 10845, 65391
9904.6, 1563, 1021, 3894, 8377, -133767, -9489, 10845, 65402
9908.8, 1644, 969, 3375, 8937, -133811, -11322, 15085, 65402
9912.6, 1623, 969, 3375, 8937, -133811, -11322, 15085, 65434
9916.4, 1745, 969, 3375, 8937, -133811, -11322, 15085, 65380
9920.6, 1725, 1048, 2476, 8857, -133076, -11585, 19687, 65380
9924.4, 1517, 1048, 2476, 8857, -133076, -11585, 19687, 65397
9928.6, 1508, 990, 1307, 7885, -135968, -14253, 21092, 65397
9932.4, 1619, 990, 1307, 7885, -135968, -14253, 21092, 65336
9936.1, 1858, 990, 1307, 7885, -135968, -14253, 21092, 65273
9940.4, 1707, 1215, 896, 8486, -136891, -16848, 18117, 65273
9944.2, 1717, 1215, 896, 8486, -136891, -16848, 18117, 65238
9948.4, 1513, 1526, 864, 7904, -140212, -17045, 12460, 65238
9952.1, 1578, 1526, 864, 7904, -140212, -17045, 12460, 65155
9955.9, 1733, 1526, 864, 7904, -140212, -17045, 12460, 65090
9960.1, 1578, 1848, 1317, 8561, -140789, -14026, 7875, 65090
9963.9, 1516, 1848, 1317, 8561, -140789, -14026, 7875, 65027
9968.1, 1576, 1938, 1944, 8615, -139258, -10224, 9056, 65027
9971.8, 1759, 1938, 1944, 8615, -139258, -10224, 9056, 64955
9977.6, 1558, 1938, 1944, 9001, -138121, -4965, 17075, 64903
9981.3, 1534, 1938, 1944, 9001, -138121, -4965, 17075, 64875
9983.6, 1402, 1938, 1944, 9001, -138121, -4965, 17075, 64875
9989.4, 1545, 1460, 1432, 9287, -136559, -538, 27676, 64871
9991.7, 1439, 1460, 1432, 9287, -136559, -538, 27676, 64871
9995.9, 1556, 1460, 1432, 9025, -136379, -419, 33132, 64871
9999.7, 1521, 1460, 1432, 9025, -136379, -419, 33132, 64856
10002.0, 1365, 1460, 1432, 9025, -136379, -419, 33132, 64856
10007.7, 1739, 1620, -539, 9908, -138694, -4948, 28665, 64812
10011.4, 1555, 1620, -539, 9908, -138694, -4948, 28665, 64790
10015.6, 1551, 1620, -539, 10432, -137788, -9200, 18379, 64790
10019.4, 1592, 1620, -539, 10432, -137788, -9200, 18379, 64760
10021.7, 1492, 1620, -539, 10432, -137788, -9200, 18379, 64760
10025.9, 1593, 1852, -804, 9107, -136195, -6330, 10788, 64760
10029.7, 1473, 1852, -804, 9107, -136195, -6330, 10788, 64749
10032.0, 1374, 1852, -804, 9107, -136195, -6330, 10788, 64749
10037.7, 1769, 2155, -622, 9771, -132604, -2231, 9717, 64710
10041.5, 1617, 2155, -622, 9771, -132604, -2231, 9717, 64626
10045.7, 1605, 1829, -8, 9488, -130600, -3920, 16817, 64626
10049.5, 1560, 1829, -8, 9488, -130600, -3920, 16817, 64571
10053.7, 1579, 1829, -8, 9488, -130600, -3920, 16817, 64571
10057.5, 1607, 1829, -8, 9488, -130600, -3920, 16817, 64543
10061.3, 1748, 1829, -8, 9488, -130600, -3920, 16817, 64544
10065.6, 1606, 1801, -416, 9190, -133789, -4186, 33180, 64544
10069.3, 1497, 1801, -416, 9190, -133789, -4186, 33180, 64532
10073.6, 1611, 1801, -416, 9190, -133789, -4186, 33180, 64532
10077.3, 1650, 1801, -416, 9190, -133789, -4186, 33180, 64509
10081.0, 1645, 1801, -416, 9190, -133789, -4186, 33180, 64433
10085.3, 1607, 1973, -1115, 9854, -138611, -3167, 19101, 64433
10089.1, 1672, 1973, -1115, 9854, -138611, -3167, 19101, 64406
10093.3, 1527, 1973, -1115, 9854, -138611, -3167, 19101, 64406
10097.0, 1571, 1973, -1115, 9854, -138611, -3167, 19101, 64394
10100.8, 1615, 1973, -1115, 9854, -138611, -3167, 19101, 64389
10105.1, 1619, 2001, -2261, 9969, -126986, -511, 14796, 64389
10108.8, 1624, 2001, -2261, 9969, -126986, -511, 14796, 64381
10113.0, 1646, 2001, -2261, 9969, -126986, -511, 14796, 64381
10116.7, 1632, 2001, -2261, 9969, -126986, -511, 14796, 64338
10119.0, 1439, 2001, -2261, 9969, -126986, -511, 14796, 64338
10124.7, 1603, 1951, -3232, 9357, -124501, -2340, 27016, 64308
10128.4, 1553, 1951, -3232, 9357, -124501, -2340, 27016, 64278
10134.1, 1600, 1770, -2911, 9019, -126662, -866, 27576, 64274
10137.9, 1670, 1770, -2911, 9019, -126662, -866, 27576, 64293
10143.6, 1720, 1770, -2911, 9019, -126662, -866, 27576, 64354
10145.8, 1521, 1770, -2911, 9019, -126662, -866, 27576, 64354
10148.2, 1461, 1770, -2911, 9019, -126662, -866, 27576, 64354
10153.9, 1645, 1746, -2289, 8973, -132118, 4195, 23384, 64384
10156.2, 1454, 1746, -2289, 8973, -132118, 4195, 23384, 64384
10158.4, 1509, 1746, -2289, 8973, -132118, 4195, 23384, 64384
10164.1, 1671, 1832, -1734, 9297, -135644, 9161, 16353, 64423
10166.4, 1298, 1832, -1734, 9297, -135644, 9161, 16353, 64423
10170.7, 1461, 1480, -1613, 10462, -133015, 9161, 16353, 64423
10174.4, 1630, 1480, -1613, 10462, -133015, 9161, 16353, 64476
10176.7, 1543, 1480, -1613, 10462, -133015, 9161, 16353, 64476
10181.0, 1692, 1594, -2789, 10310, -124645, 7651, 19753, 64476
10184.8, 1639, 1594, -2789, 10310, -124645, 7651, 19753, 64468
10187.1, 1531, 1594, -2789, 10310, -124645, 7651, 19753, 64468
10192.8, 1657, 1983, -4727, 9276, -118555, 1509, 22483, 64476
10196.5, 1665, 1983, -4727, 9276, -118555, 1509, 22483, 64444
10200.8, 1596, 1880, -6015, 8295, -115484, -3871, 21494, 64444
10204.6, 1560, 1880, -6015, 8295, -115484, -3871, 21494, 64402
10208.8, 1608, 1545, -5903, 8678, -114867, -1609, 19088, 64402
10212.6, 1691, 1545, -5903, 8678, -114867, -1609, 19088, 64358
10216.3, 1721, 1545, -5903, 8678, -114867, -1609, 19088, 64312
10220.6, 1646, 1585, -5408, 8874, -118284, 2506, 16778, 64312
10224.4, 1583, 1585, -5408, 8874, -118284, 2506, 16778, 64304
10228.6, 1542, 1624, -4159, 9224, -121858, 4086, 14975, 64304
10232.3, 1568, 1624, -4159, 9224, -121858, 4086, 14975, 64278
10236.1, 1673, 1624, -4159, 9224, -121858, 4086, 14975, 64238
10240.4, 1773, 1533, -3220, 9583, -123468, 5665, 16100, 64238
10244.2, 1556, 1533, -3220, 9583, -123468, 5665, 16100, 64264
10248.4, 1760, 1399, -3124, 9521, -121705, 9165, 19000, 64264
10252.1, 1553, 1399, -3124, 9521, -121705, 9165, 19000, 64337
10255.9, 1479, 1399, -3124, 9521, -121705, 9165, 19000, 64413
10260.1, 1444, 1727, -4397, 9331, -117877, 9165, 20155, 64413
10263.9, 1607, 1727, -4397, 9331, -117877, 9165, 20155, 64626
10268.1, 1721, 2014, -5955, 10143, -111135, 5184, 18060, 64626
10271.8, 1639, 2014, -5955, 10143, -111135, 5184, 18060, 64606
10275.6, 1611, 2014, -5955, 10143, -111135, 5184, 18060, 64642
10279.8, 1620, 1915, -6961, 8665, -107254, -1811, 14043, 64642
10283.5, 1661, 1915, -6961, 8665, -107254, -1811, 14043, 64698
10289.3, 1666, 1853, -7230, 7883, -106751, 651, 12018, 64645
10293.0, 1609, 1853, -7230, 7883, -106751, 651, 12018, 64604
10298.7, 1792, 1758, -6463, 8468, -108838, 5499, 12853, 64554
10302.4, 1700, 1758, -6463, 8468, -108838, 5499, 12853, 64502
10308.1, 1562, 1779, -5282, 8627, -111323, 6606, 15260, 64454
10311.9, 1748, 1779, -5282, 8627, -111323, 6606, 15260, 64376
10316.1, 1504, 1794, -4666, 8755, -114613, 9161, 17102, 64376
10319.9, 1521, 1794, -4666, 8755, -114613, 9161, 17102, 64332
10322.1, 1545, 1794, -4666, 8755, -114613, 9161, 17102, 64332
10327.9, 1610, 1421, -4625, 9270, -113725, 12989, 17045, 64263
10331.6, 1521, 1421, -4625, 9270, -113725, 12989, 17045, 64254
10335.9, 1655, 1197, -5307, 8293, -110938, 17631, 16415, 64254
10339.6, 1657, 1197, -5307, 8293, -110938, 17631, 16415, 64273
10341.9, 1542, 1197, -5307, 8293, -110938, 17631, 16415, 64273
10346.1, 1615, 1164, -6708, 8764, -107084, 19836, 14971, 64273
10349.9, 1451, 1164, -6708, 8764, -107084, 19836, 14971, 64347
10352.2, 1316, 1164, -6708, 8764, -107084, 19836, 14971, 64347
10357.9, 1677, 1382, -7547, 8326, -105124, 14678, 10977, 64383
10361.7, 1694, 1382, -7547, 8326, -105124, 14678, 10977, 64432
10365.9, 1629, 1272, -7609, 8368, -103321, 7433, 7245, 64432
10369.6, 1548, 1272, -7609, 8368, -103321, 7433, 7245, 64467
10373.9, 1691, 1231, -7133, 7391, -102551, 4921, 7227, 64467
10377.6, 1658, 1231, -7133, 7391, -102551, 4921, 7227, 64500
10381.4, 1599, 1231, -7133, 7391, -102551, 4921, 7227, 64509
10385.7, 1617, 1514, -6527, 7601, -103868, 8540, 8548, 64509
10389.4, 1549, 1514, -6527, 7601, -103868, 8540, 8548, 64464
10393.6, 1828, 1465, -6076, 7801, -106318, 9069, 8737, 64464
10397.4, 1566, 1465, -6076, 7801, -106318, 9069, 8737, 64475
10401.1, 1350, 1465, -6076, 7801, -106318, 9069, 8737, 64456
10405.4, 1621, 1293, -6210, 7754, -107254, 8710, 9060, 64456
10409.2, 1780, 1293, -6210, 7754, -107254, 8710, 9060, 64418
10413.4, 1665, 1127, -6723, 7782, -105994, 15181, 9397, 64418
10417.1, 1726, 1127, -6723, 7782, -105994, 15181, 9397, 64304
10420.9, 1651, 1127, -6723, 7782, -105994, 15181, 9397, 64325
10425.1, 1394, 1195, -7770, 7521, -104240, 19779, 7787, 64325
10428.9, 1336, 1195, -7770, 7521, -104240, 19779, 7787, 64294
10433.1, 1700, 1111, -8309, 7609, -101624, 21516, 4751, 64294
10436.8, 1671, 1111, -8309, 7609, -101624, 21516, 4751, 64291
10440.6, 1677, 1111, -8309, 7609, -101624, 21516, 4751, 64325
10444.8, 1655, 1008, -8542, 7187, -98539, 20212, 3513, 64325
10448.5, 1614, 1008, -8542, 7187, -98539, 20212, 3513, 64325
10454.3, 1699, 1162, -8447, 6862, -97249, 20842, 4055, 64393
10458.0, 1688, 1162, -8447, 6862, -97249, 20842, 4055, 64414
10463.7, 1658, 1070, -8218, 6942, -98404, 19381, 5053, 64484
10465.9, 1445, 1070, -8218, 6942, -98404, 19381, 5053, 64484
10468.2, 1485, 1070, -8218, 6942, -98404, 19381, 5053, 64484
10473.9, 1694, 1249, -7817, 6328, -98430, 19057, 6046, 64988
10476.2, 1550, 1249, -7817, 6328, -98430, 19057, 6046, 64988
10478.4, 1539, 1249, -7817, 6328, -98430, 19057, 6046, 64988
10484.1, 1849, 1198, -7659, 6270, -99742, 22776, 6308, 64984
10486.4, 1487, 1198, -7659, 6270, -99742, 22776, 6308, 64984
10490.6, 1309, 1034, -7713, 6578, -100180, 24539, 5460, 64984
10494.4, 1510, 1034, -7713, 6578, -100180, 24539, 5460, 65000
10496.7, 1372, 1034, -7713, 6578, -100180, 24539, 5460, 65000
10500.9, 1563, 668, -8039, 6975, -100136, 26740, 4768, 65000
10504.6, 1718, 668, -8039, 6975, -100136, 26740, 4768, 65024
10506.9, 1662, 668, -8039, 6975, -100136, 26740, 4768, 65024
10511.1, 1597, 333, -8622, 6087, -100123, 28079, 4423, 65024
10514.9, 1405, 333, -8622, 6087, -100123, 28079, 4423, 64994
10517.1, 1407, 333, -8622, 6087, -100123, 28079, 4423, 64994
10522.9, 1648, 324, -9096, 6169, -98351, 28066, 3071, 65004
10526.6, 1583, 324, -9096, 6169, -98351, 28066, 3071, 64974
10530.9, 1694, 483, -8993, 6247, -96527, 23804, 660, 64974
10534.6, 1661, 483, -8993, 6247, -96527, 23804, 660, 64639
10538.8, 1677, 711, -8610, 5385, -96448, 21188, -686, 64639
10542.6, 1625, 711, -8610, 5385, -96448, 21188, -686, 64971
10546.3, 1566, 711, -8610, 5385, -96448, 21188, -686, 64901
10550.6, 1647, 919, -8469, 5440, -96124, 22190, -608, 64901
10554.4, 1719, 919, -8469, 5440, -96124, 22190, -608, 64935
10558.6, 1917, 957, -8319, 5376, -96890, 21945, 83, 64935
10562.4, 1667, 957, -8319, 5376, -96890, 21945, 83, 64914
10566.1, 1333, 957, -8319, 5376, -96890, 21945, 83, 64896
10570.4, 1539, 779, -8398, 5392, -97922, 21424, 678, 64896
10574.2, 1810, 779, -8398, 5392, -97922, 21424, 678, 64861
10578.4, 1878, 592, -8825, 5119, -98500, 21310, 787, 64861
10582.1, 1491, 592, -8825, 5119, -98500, 21310, 787, 64896
10585.9, 1280, 592, -8825, 5119, -98500, 21310, 787, 64887
10590.2, 1573, 320, -9210, 5095, -98137, 23695, 358, 64887
10594.0, 1687, 320, -9210, 5095, -98137, 23695, 358, 64897
10598.2, 1673, 90, -9525, 5359, -94746, 24027, -441, 64897
10601.9, 1608, 90, -9525, 5359, -94746, 24027, -441, 64953
10605.7, 1612, 90, -9525, 5359, -94746, 24027, -441, 64903
10610.0, 1683, 94, -9558, 4520, -91058, 18012, -927, 64903
10613.7, 1761, 94, -9558, 4520, -91058, 18012, -927, 64912
10617.9, 1650, 273, -9394, 4716, -87781, 11996, -1128, 64912
10621.6, 1497, 273, -9394, 4716, -87781, 11996, -1128, 64903
10623.9, 1395, 273, -9394, 4716, -87781, 11996, -1128, 64903
10629.7, 1626, 673, -9162, 4671, -85016, 5989, -1478, 64891
10632.0, 1401, 673, -9162, 4671, -85016, 5989, -1478, 64891
10637.7, 1734, 673, -9162, 4671, -84346, 3714, -909, 64891
10641.4, 1628, 673, -9162, 4671, -84346, 3714, -909, 64891
10645.6, 1655, 856, -9136, 4238, -84346, 6033, 918, 64891
10649.4, 1720, 856, -9136, 4238, -84346, 6033, 918, 64874
10651.7, 1595, 856, -9136, 4238, -84346, 6033, 918, 64874
10655.9, 1556, 841, -9294, 4101, -82907, 10333, 2817, 64874
10659.7, 1561, 841, -9294, 4101, -82907, 10333, 2817, 64903
10661.9, 1512, 841, -9294, 4101, -82907, 10333, 2817, 64903
10667.7, 1474, 698, -9560, 4496, -82321, 14013, 2848, 64899
10671.4, 1469, 698, -9560, 4496, -82321, 14013, 2848, 64917
10675.7, 1543, 600, -10107, 4496, -79980, 15102, 275, 64917
10679.5, 1750, 600, -10107, 4496, -79980, 15102, 275, 64929
10681.7, 1521, 600, -10107, 4496, -79980, 15102, 275, 64929
10686.0, 1677, 492, -10173, 4444, -76935, 14442, -2891, 64929
10689.7, 1674, 492, -10173, 4444, -76935, 14442, -2891, 64953
10694.0, 1663, 458, -10173, 4444, -76935, 14442, -2891, 64953
10697.7, 1632, 458, -10173, 4444, -76935, 14442, -2891, 64946
10701.4, 1572, 458, -10173, 4444, -76935, 14442, -2891, 64942
10705.7, 1612, 330, -9756, 4159, -71952, 6405, -2393, 64942
10709.5, 1746, 330, -9756, 4159, -71952, 6405, -2393, 64953
10713.7, 1559, 371, -9756, 4159, -71952, 6405, -2393, 64953
10717.4, 1498, 371, -9756, 4159, -71952, 6405, -2393, 64921
10721.2, 1637, 371, -9756, 4159, -71952, 6405, -2393, 64897
10725.5, 1576, 649, -10060, 3558, -63775, 6015, 1198, 64897
10729.3, 1680, 649, -10060, 3558, -63775, 6015, 1198, 64886
10733.5, 1654, 587, -10060, 3558, -63775, 6015, 1198, 64886
10737.2, 1601, 587, -10060, 3558, -63775, 6015, 1198, 64850
10741.0, 1652, 587, -10060, 3558, -63775, 6015, 1198, 64829
10745.2, 1656, 623, -10141, 2934, -54867, 13129, 1872, 64829
10749.0, 1602, 623, -10141, 2934, -54867, 13129, 1872, 64825
10753.2, 1702, 623, -10141, 2934, -54867, 13129, 1872, 64825
10756.9, 1614, 623, -10141, 2934, -54867, 13129, 1872, 64769
10760.7, 1603, 623, -10141, 2934, -54867, 13129, 1872, 64740
10764.9, 1644, 515, -10162, 3621, -47767, 21485, 1028, 64740
10768.6, 1673, 515, -10162, 3621, -47767, 21485, 1028, 64715
10772.9, 1624, 427, -10162, 3621, -47767, 21485, 1028, 64715
10776.6, 1588, 427, -10162, 3621, -47767, 21485, 1028, 64703
10778.9, 1510, 427, -10162, 3621, -47767, 21485, 1028, 64703
10784.7, 1705, 183, -10143, 3657, -40963, 22785, 2073, 64698
10788.4, 1633, 183, -10143, 3657, -40963, 22785, 2073, 64714
10794.1, 1649, 141, -10143, 3657, -40963, 22785, 2073, 64682
10796.4, 1464, 141, -10143, 3657, -40963, 22785, 2073, 64682
10798.7, 1418, 141, -10143, 3657, -40963, 22785, 2073, 64682
10804.4, 1670, 32, -10092, 3757, -37253, 22111, 3600, 64657
10806.7, 1423, 32, -10092, 3757, -37253, 22111, 3600, 64657
10810.9, 1637, -6, -9985, 3544, -34904, 20195, 4633, 64657
10814.7, 1645, -6, -9985, 3544, -34904, 20195, 4633, 64618
10817.0, 1418, -6, -9985, 3544, -34904, 20195, 4633, 64618
10822.7, 1716, -70, -10165, 3565, -31229, 18694, 4221, 64562
10826.5, 1541, -70, -10165, 3565, -31229, 18694, 4221, 64535
10830.7, 1758, -25, -9948, 3390, -28962, 20484, 3049, 64535
10834.5, 1772, -25, -9948, 3390, -28962, 20484, 3049, 64501
10836.7, 1451, -25, -9948, 3390, -28962, 20484, 3049, 64501
10841.0, 1487, 94, -9870, 3498, -25655, 21249, 1487, 64501
10844.8, 1644, 94, -9870, 3498, -25655, 21249, 1487, 64455
10849.0, 1693, 79, -9935, 3629, -22837, 18327, 756, 64455
10852.8, 1652, 79, -9935, 3629, -22837, 18327, 756, 64413
10856.5, 1635, 79, -9935, 3629, -22837, 18327, 756, 64346
10860.8, 1691, -23, -9785, 3446, -20287, 15155, 616, 64346
10864.6, 1614, -23, -9785, 3446, -20287, 15155, 616, 64288
10868.8, 1686, -116, -9728, 3366, -17719, 14162, 468, 64288
10872.6, 1615, -116, -9728, 3366, -17719, 14162, 468, 64254
10876.7, 1714, -116, -9728, 3366, -17719, 14162, 468, 64220
10881.0, 1611, 65, -9817, 3198, -13969, 14030, 183, 64220
10884.7, 1486, 65, -9817, 3198, -13969, 14030, 183, 64188
10888.9, 1388, -10, -9613, 3360, -11659, 12985, -26, 64188
10892.7, 1649, -10, -9613, 3360, -11659, 12985, -26, 64133
10896.4, 2155, -10, -9613, 3360, -11659, 12985, -26, 64134
10900.7, 1700, 136, -9727, 3049, -7249, 10631, 131, 64134
10904.5, 1534, 136, -9727, 3049, -7249, 10631, 131, 64116
10908.7, 1520, -18, -9615, 3108, -4291, 10705, 363, 64116
10912.4, 1461, -18, -9615, 3108, -4291, 10705, 363, 64085
10916.2, 1477, -18, -9615, 3108, -4291, 10705, 363, 64051
10920.5, 1491, 198, -9656, 3070, 612, 11152, -205, 64051
10924.3, 1960, 198, -9656, 3070, 612, 11152, -205, 63992
10928.5, 1905, 327, -9820, 3334, 4882, 8325, -314, 63992
10932.2, 1562, 327, -9820, 3334, 4882, 8325, -314, 63947
10938.0, 1291, 270, -9732, 3287, 7166, 5779, 450, 63902
10941.7, 1538, 270, -9732, 3287, 7166, 5779, 450, 63846
10944.0, 1766, 270, -9732, 3287, 7166, 5779, 450, 63846
10949.7, 2249, 250, -10075, 3410, 13715, 3473, 538, 63806
10952.0, 1718, 250, -10075, 3410, 13715, 3473, 538, 63806
10957.7, 995, 92, -10232, 3715, 17224, 1819, -249, 63743
10961.4, 1195, 92, -10232, 3715, 17224, 1819, -249, 63678
10965.7, 1673, -169, -10117, 3866, 21205, 1019, -524, 63678
10969.4, 1358, -169, -10117, 3866, 21205, 1019, -524, 63644
10971.7, 1376, -169, -10117, 3866, 21205, 1019, -524, 63644
10975.9, 1751, 165, -10476, 3483, 28289, 520, 161, 63644
10979.7, 1774, 165, -10476, 3483, 28289, 520, 161, 63590
10982.0, 1581, 165, -10476, 3483, 28289, 520, 161, 63590
10987.7, 1796, -100, -10696, 3870, 32003, -109, 594, 63550
10991.4, 1886, -100, -10696, 3870, 32003, -109, 594, 63864
10995.7, 2254, -203, -10461, 3849, 37590, -3867, 275, 63864
10999.4, 1426, -203, -10461, 3849, 37590, -3867, 275, 63930
11001.7, 810, -203, -10461, 3849, 37590, -3867, 275, 63930
11006.0, 1248, -151, -10403, 4148, 41865, -8032, 345, 63930
11009.8, 1515, -151, -10403, 4148, 41865, -8032, 345, 63966
11014.1, 1164, -133, -10624, 4262, 47198, -10775, 1299, 63966
11017.8, 1579, -133, -10624, 4262, 47198, -10775, 1299, 63994
11021.6, 2386, -133, -10624, 4262, 47198, -10775, 1299, 64020
11025.8, 1954, -307, -10838, 4205, 53887, -11012, 1693, 64020
11029.6, 1279, -307, -10838, 4205, 53887, -11012, 1693, 64047
11033.8, 1549, -270, -10736, 4089, 62401, -11401, 1636, 64047
11037.6, 1530, -270, -10736, 4089, 62401, -11401, 1636, 64079
11041.3, 1587, -270, -10736, 4089, 62401, -11401, 1636, 64160
11045.6, 1399, -114, -10581, 4772, 69406, -15006, 2485, 64160
11049.4, 1824, -114, -10581, 4772, 69406, -15006, 2485, 64226
11053.6, 2227, 7, -10363, 4682, 76415, -18629, 4318, 64226
11057.4, 1714, 7, -10363, 4682, 76415, -18629, 4318, 64276
11061.1, 1595, 7, -10363, 4682, 76415, -18629, 4318, 64225
11065.4, 1330, -82, -10339, 4686, 82868, -17557, 6470, 64225
11069.2, 1183, -82, -10339, 4686, 82868, -17557, 6470, 64331
11073.4, 1590, -33, -10348, 5330, 91679, -15338, 7240, 64331
11077.1, 1756, -33, -10348, 5330, 91679, -15338, 7240, 64370
11080.9, 1704, -33, -10348, 5330, 91679, -15338, 7240, 64412
11085.2, 1147, -156, -10377, 5374, 100744, -15636, 6483, 64412
11089.0, 1714, -156, -10377, 5374, 100744, -15636, 6483, 64397
11093.2, 1907, -151, -10176, 5560, 108816, -17841, 5941, 64397
11097.0, 1934, -151, -10176, 5560, 108816, -17841, 5941, 64429
11100.7, 1722, -151, -10176, 5560, 108816, -17841, 5941, 64445
11105.0, 1692, -15, -10165, 6099, 115431, -21332, 5744, 64445
11108.8, 1327, -15, -10165, 6099, 115431, -21332, 5744, 64447
11113.0, 1295, -9, -10296, 6285, 120843, -24557, 5018, 64447
11116.7, 1324, -9, -10296, 6285, 120843, -24557, 5018, 64494
11121.0, 1933, -12, -10138, 6242, 126859, -23865, 4480, 64494
11124.7, 1618, -12, -10138, 6242, 126859, -23865, 4480, 64471
11127.0, 1551, -12, -10138, 6242, 126859, -23865, 4480, 64471
11132.7, 1930, -77, -10262, 6418, 133395, -20449, 3486, 64469
11136.4, 2036, -77, -10262, 6418, 133395, -20449, 3486, 64439
11140.7, 2494, 71, -10225, 6898, 139927, -19337, 1973, 64439
11144.5, 1463, 71, -10225, 6898, 139927, -19337, 1973, 64400
11146.7, 669, 71, -10225, 6898, 139927, -19337, 1973, 64400
11151.0, 436, 162, -9975, 6874, 142867, -21324, 1098, 64400
11154.7, 1361, 162, -9975, 6874, 142867, -21324, 1098, 64378
11157.0, 1761, 162, -9975, 6874, 142867, -21324, 1098, 64378
11162.7, 2161, 98, -10214, 7375, 143344, -22741, 949, 64337
11166.4, 1842, 98, -10214, 7375, 143344, -22741, 949, 64269
11170.7, 1961, 55, -9872, 6622, 143344, -18786, 1273, 64269
11174.5, 1575, 55, -9872, 6622, 143344, -18786, 1273, 64270
11176.8, 1150, 55, -9872, 6622, 143344, -18786, 1273, 64270
11181.0, 1416, 304, -10034, 7413, 143344, -15387, 778, 64270
11184.7, 1584, 304, -10034, 7413, 143344, -15387, 778, 64243
11188.9, 2214, 328, -9784, 7758, 143344, -17123, -218, 64243
11192.7, 2015, 328, -9784, 7758, 143344, -17123, -218, 64199
11196.5, 1896, 328, -9784, 7758, 143344, -17123, -218, 64120
11200.7, 1784, 326, -9572, 7264, 143344, -19127, -909, 64120
11204.5, 1493, 326, -9572, 7264, 143344, -19127, -909, 64115
11208.7, 1101, 313, -9518, 7841, 143344, -18160, -748, 64115
11212.5, 1116, 313, -9518, 7841, 143344, -18160, -748, 64074
11216.2, 1912, 313, -9518, 7841, 143344, -18160, -748, 64017
11220.5, 1492, 215, -9521, 7925, 143344, -15837, -288, 64017
11224.3, 1334, 215, -9521, 7925, 143344, -15837, -288, 63964
11228.5, 1557, 376, -9305, 7661, 143344, -14450, -96, 63964
11232.2, 2174, 376, -9305, 7661, 143344, -14450, -96, 63924
11236.0, 2139, 376, -9305, 7661, 143344, -14450, -96, 63846
11240.3, 1532, 397, -9193, 8097, 143344, -12958, -481, 63846
11244.1, 1397, 397, -9193, 8097, 143344, -12958, -481, 63816
11248.3, 1460, 559, -8785, 8032, 143344, -11563, -1434, 63816
11252.1, 1845, 559, -8785, 8032, 143344, -11563, -1434, 63764
11255.8, 1839, 559, -8785, 8032, 143344, -11563, -1434, 63710
11260.1, 1594, 574, -8392, 8099, 143344, -11007, -2231, 63710
11263.9, 1802, 574, -8392, 8099, 143344, -11007, -2231, 63668
11268.1, 2114, 651, -8024, 8205, 143344, -10307, -2506, 63668
11271.8, 1840, 651, -8024, 8205, 143344, -10307, -2506, 63638
11276.1, 1055, 651, -8024, 8205, 143344, -10307, -2506, 63638
11279.9, 1014, 651, -8024, 8205, 143344, -10307, -2506, 63585
11282.2, 1363, 651, -8024, 8205, 143344, -10307, -2506, 63585
11287.9, 1590, 692, -7797, 8317, 143344, -11567, -2611, 63532
11291.7, 1973, 692, -7797, 8317, 143344, -11567, -2611, 63480
11295.9, 1738, 789, -7587, 8873, 143344, -11567, -2611, 63480
11299.6, 1590, 789, -7587, 8873, 143344, -11567, -2611, 63423
11301.9, 1343, 789, -7587, 8873, 143344, -11567, -2611, 63423
11306.1, 1415, 876, -7216, 8011, 143344, -11681, -2471, 63423
11309.9, 1879, 876, -7216, 8011, 143344, -11681, -2471, 63411
11312.1, 1718, 876, -7216, 8011, 143344, -11681, -2471, 63411
11317.9, 1550, 905, -7057, 8630, 143344, -12626, -3241, 63318
11321.6, 1831, 905, -7057, 8630, 143344, -12626, -3241, 63288
11325.9, 1377, 802, -6625, 8714, 143344, -11370, -3084, 63288
11329.6, 1154, 802, -6625, 8714, 143344, -11370, -3084, 63208
11331.9, 1410, 802, -6625, 8714, 143344, -11370, -3084, 63208
11336.1, 2056, 802, -6136, 7950, 143344, -9065, -2629, 63208
11339.9, 1767, 802, -6136, 7950, 143344, -9065, -2629, 63168
11344.1, 1211, 952, -5815, 8355, 143344, -9065, -2629, 63168
11347.9, 1895, 952, -5815, 8355, 143344, -9065, -2629, 63130
11351.6, 1676, 952, -5815, 8355, 143344, -9065, -2629, 63095
11355.9, 1411, 906, -5367, 8129, 143344, -9848, -4300, 63095
11359.6, 1175, 906, -5367, 8129, 143344, -9848, -4300, 63015
11363.8, 1672, 815, -4826, 8561, 143344, -9848, -4300, 63015
11367.6, 1804, 815, -4826, 8561, 143344, -9848, -4300, 63020
11371.4, 1822, 815, -4826, 8561, 143344, -9848, -4300, 62971
11375.6, 1500, 589, -4378, 8639, 143344, -8172, -4602, 62971
11379.4, 1408, 589, -4378, 8639, 143344, -8172, -4602, 62935
11383.6, 1619, 651, -4265, 7935, 143344, -8172, -4602, 62935
11387.4, 1801, 651, -4265, 7935, 143344, -8172, -4602, 62850
11391.1, 1748, 651, -4265, 7935, 143344, -8172, -4602, 62865
11395.4, 1270, 780, -4158, 8390, 143344, -7590, -5980, 62865
11399.2, 1689, 780, -4158, 8390, 143344, -7590, -5980, 62815
11403.4, 1447, 754, -3763, 8163, 143344, -7590, -5980, 62815
11407.2, 1459, 754, -3763, 8163, 143344, -7590, -5980, 62771
11411.0, 1833, 754, -3763, 8163, 143344, -7590, -5980, 62765
11415.3, 1907, 864, -3285, 8160, 143344, -15890, -4900, 62765
11419.0, 1462, 864, -3285, 8160, 143344, -15890, -4900, 62727
11423.2, 1212, 677, -2703, 8160, 143344, -15890, -4900, 62727
11427.0, 1694, 677, -2703, 8160, 143344, -15890, -4900, 62702
11432.7, 1440, 689, -2200, 7652, 143344, -14800, -3206, 62674
11436.4, 1734, 689, -2200, 7652, 143344, -14800, -3206, 62642
11438.7, 1774, 689, -2200, 7652, 143344, -14800, -3206, 62642
11444.5, 1486, 868, -1816, 8367, 143344, -13833, -2891, 62611
11446.7, 1414, 868, -1816, 8367, 143344, -13833, -2891, 62611
11451.0, 1725, 818, -1671, 8026, 143344, -14599, -3937, 62611
11454.7, 1821, 818, -1671, 8026, 143344, -14599, -3937, 62618
11457.0, 1791, 818, -1671, 8026, 143344, -14599, -3937, 62618
11462.7, 1329, 732, -1430, 7773, 143344, -15767, -4366, 62583
11466.4, 995, 732, -1430, 7773, 143344, -15767, -4366, 62559
11470.6, 1675, 662, -1371, 8315, 143344, -17054, -3810, 62559
11474.4, 2030, 662, -1371, 8315, 143344, -17054, -3810, 62542
11476.7, 1511, 662, -1371, 8315, 143344, -17054, -3810, 62542
11480.9, 1470, 437, -1229, 8548, 143344, -17150, -2450, 62542
11484.7, 1464, 437, -1229, 8548, 143344, -17150, -2450, 62551
11487.0, 1455, 437, -1229, 8548, 143344, -17150, -2450, 62551
11492.7, 1720, 458, -1279, 7682, 143344, -16577, -1771, 62555
11496.4, 1721, 458, -1279, 7682, 143344, -16577, -1771, 62577
11500.7, 1526, 459, -1085, 7559, 141852, -17320, -3053, 62577
11504.5, 1775, 459, -1085, 7559, 141852, -17320, -3053, 62560
11508.7, 1471, 435, -527, 7966, 138702, -19355, -4668, 62560
11512.5, 1882, 435, -527, 7966, 138702, -19355, -4668, 62548
11516.2, 1682, 435, -527, 7966, 138702, -19355, -4668, 62538
11520.5, 1612, 482, -61, 7752, 133881, -19394, -5302, 62538
11524.3, 1564, 482, -61, 7752, 133881, -19394, -5302, 62539
11528.5, 1133, 692, 224, 8264, 129467, -18134, -5595, 62539
11532.2, 1682, 692, 224, 8264, 129467, -18134, -5595, 62581
11536.0, 1842, 692, 224, 8264, 129467, -18134, -5595, 62594
11540.2, 1579, 716, 344, 8648, 128071, -18392, -4904, 62594
11544.0, 1842, 716, 344, 8648, 128071, -18392, -4904, 62559
11548.2, 1462, 659, 321, 7886, 125070, -17504, -3622, 62559
11551.9, 1501, 659, 321, 7886, 125070, -17504, -3622, 62643
11555.7, 1885, 659, 321, 7886, 125070, -17504, -3622, 62658
11559.9, 1583, 606, 300, 8021, 122138, -13707, -2813, 62658
11563.6, 1769, 606, 300, 8021, 122138, -13707, -2813, 62815
11567.9, 1391, 591, 559, 8551, 120318, -10338, -3399, 62815
11571.6, 1493, 591, 559, 8551, 120318, -10338, -3399, 62836
11573.9, 1470, 591, 559, 8551, 120318, -10338, -3399, 62836
11579.7, 1677, 692, 902, 8177, 116446, -9056, -4900, 62867
11583.4, 1692, 692, 902, 8177, 116446, -9056, -4900, 62834
11589.1, 1437, 897, 1359, 8397, 112973, -9944, -7196, 62881
11592.9, 1750, 897, 1359, 8397, 112973, -9944, -7196, 62889
11598.6, 1552, 963, 1875, 8300, 109844, -10491, -8185, 62788
11600.9, 1602, 963, 1875, 8300, 109844, -10491, -8185, 62788
11603.1, 1630, 963, 1875, 8300, 109844, -10491, -8185, 62788
11608.8, 1418, 983, 2131, 8778, 108738, -9310, -6505, 62901
11611.0, 1756, 983, 2131, 8778, 108738, -9310, -6505, 62901
11613.3, 1914, 983, 2131, 8778, 108738, -9310, -6505, 62901
11619.0, 1060, 1103, 2016, 8670, 107893, -7945, -3915, 62897
11621.3, 1063, 1103, 2016, 8670, 107893, -7945, -3915, 62897
11625.5, 1602, 1135, 1765, 8504, 106791, -7581, -2546, 62897
11629.3, 1646, 1135, 1765, 8504, 106791, -7581, -2546, 62881
11631.6, 1557, 1135, 1765, 8504, 106791, -7581, -2546, 62881
11635.8, 1800, 1120, 1863, 8444, 106454, -7743, -2585, 62881
11639.6, 1917, 1120, 1863, 8444, 106454, -7743, -2585, 62864
11641.9, 1429, 1120, 1863, 8444, 106454, -7743, -2585, 62864
11647.6, 1271, 1151, 2107, 8102, 103251, -7161, -3189, 62866
11651.3, 1973, 1151, 2107, 8102, 103251, -7161, -3189, 62843
11655.6, 1652, 1147, 2560, 8662, 100814, -6146, -4068, 62843
11659.3, 1673, 1147, 2560, 8662, 100814, -6146, -4068, 62837
11661.6, 2015, 1147, 2560, 8662, 100814, -6146, -4068, 62837
11665.9, 1927, 1277, 3067, 8118, 98303, -3959, -4703, 62837
11669.6, 780, 1277, 3067, 8118, 98303, -3959, -4703, 62834
11673.9, 1511, 1462, 3309, 8187, 95232, -1369, -4978, 62834
11677.6, 1681, 1462, 3309, 8187, 95232, -1369, -4978, 62839
11681.3, 1741, 1462, 3309, 8187, 95232, -1369, -4978, 62846
11685.6, 1917, 1456, 3598, 8894, 96277, -2804, -4956, 62846
11689.3, 1420, 1456, 3598, 8894, 96277, -2804, -4956, 62860
11693.5, 1581, 1372, 3530, 8256, 94212, -4790, -4011, 62860
11697.3, 1452, 1372, 3530, 8256, 94212, -4790, -4011, 62852
11701.0, 1603, 1372, 3530, 8256, 94212, -4790, -4011, 62863
11705.3, 1831, 1384, 3662, 8552, 94470, -4860, -2506, 62863
11709.1, 1584, 1384, 3662, 8552, 94470, -4860, -2506, 62874
11713.3, 1546, 1426, 3668, 7887, 92029, -3670, -1876, 62874
11717.1, 1689, 1426, 3668, 7887, 92029, -3670, -1876, 62892
11720.9, 1792, 1426, 3668, 7887, 92029, -3670, -1876, 62879
11725.1, 1566, 1406, 3820, 8303, 90550, -5460, -3500, 62879
11728.9, 1323, 1406, 3820, 8303, 90550, -5460, -3500, 62906
11733.1, 1682, 1439, 4241, 8206, 88153, -2419, -5333, 62906
11736.8, 1668, 1439, 4241, 8206, 88153, -2419, -5333, 62879
11739.1, 1372, 1439, 4241, 8206, 88153, -2419, -5333, 62879
11744.9, 1804, 1402, 4700, 7981, 87278, -3591, -5810, 62893
11748.7, 1535, 1402, 4700, 7981, 87278, -3591, -5810, 62871
11752.9, 1757, 1395, 4990, 7639, 85672, -4497, -4466, 62871
11756.7, 1380, 1395, 4990, 7639, 85672, -4497, -4466, 62832
11759.0, 1295, 1395, 4990, 7639, 85672, -4497, -4466, 62832
11764.7, 1834, 1344, 5031, 7974, 84211, -4361, -2314, 62855
11767.0, 1642, 1344, 5031, 7974, 84211, -4361, -2314, 62855
11772.7, 1605, 1356, 5036, 7865, 82141, -4589, -1347, 62874
11776.5, 1525, 1356, 5036, 7865, 82141, -4589, -1347, 62877
11780.7, 1584, 1310, 4922, 7981, 80965, -5810, -2257, 62877
11784.4, 1967, 1310, 4922, 7981, 80965, -5810, -2257, 62902
11786.7, 1826, 1310, 4922, 7981, 80965, -5810, -2257, 62902
11790.9, 1483, 1217, 5131, 7539, 80418, -5993, -3145, 62902
11794.7, 1630, 1217, 5131, 7539, 80418, -5993, -3145, 62883
11796.9, 1621, 1217, 5131, 7539, 80418, -5993, -3145, 62883
11801.1, 1650, 1235, 5050, 7642, 79219, -4742, -2808, 62883
11804.9, 1693, 1235, 5050, 7642, 79219, -4742, -2808, 62904
11807.1, 1653, 1235, 5050, 7642, 79219, -4742, -2808, 62904
11812.9, 1797, 1318, 5229, 7395, 76537, -4606, -2209, 62913
11816.6, 1475, 1318, 5229, 7395, 76537, -4606, -2209, 62929
11820.9, 1659, 1340, 5179, 7598, 74804, -3526, -586, 62929
11824.6, 1692, 1340, 5179, 7598, 74804, -3526, -586, 62965
11828.8, 1786, 1340, 5179, 7598, 72394, -3500, 39, 62965
11832.6, 1807, 1340, 5179, 7598, 72394, -3500, 39, 62948
11836.4, 1286, 1340, 5179, 7598, 72394, -3500, 39, 62969
11840.6, 1354, 1239, 5673, 6905, 70036, -3530, 2655, 62969
11844.4, 1622, 1239, 5673, 6905, 70036, -3530, 2655, 62970
11848.6, 1662, 1239, 5673, 6905, 68885, -3727, 3495, 62970
11852.4, 1493, 1239, 5673, 6905, 68885, -3727, 3495, 62960
11856.1, 1795, 1239, 5673, 6905, 68885, -3727, 3495, 62979
11860.4, 1579, 917, 5956, 6727, 66916, -4116, 2340, 62979
11864.2, 1443, 917, 5956, 6727, 66916, -4116, 2340, 62983
11868.4, 1411, 917, 5956, 6727, 65402, -6930, -1496, 62983
11872.2, 1716, 917, 5956, 6727, 65402, -6930, -1496, 62954
11875.9, 1750, 917, 5956, 6727, 65402, -6930, -1496, 62969
11880.2, 1519, 767, 6069, 7109, 64786, -9170, -5385, 62969
11883.9, 1433, 767, 6069, 7109, 64786, -9170, -5385, 62973
11888.1, 1744, 767, 6069, 7109, 62699, -10745, -5061, 62973
11891.8, 1524, 767, 6069, 7109, 62699, -10745, -5061, 62966
11895.6, 1474, 767, 6069, 7109, 62699, -10745, -5061, 62962
11899.8, 1719, 1343, 6021, 6629, 60174, -13952, -4204, 62962
11903.5, 1746, 1343, 6021, 6629, 60174, -13952, -4204, 62965
11909.3, 1731, 1417, 6195, 6213, 57676, -14262, -4256, 62965
11913.0, 1622, 1417, 6195, 6213, 57676, -14262, -4256, 62985
11918.7, 1542, 1417, 6195, 6213, 57676, -12818, -5263, 62963
11920.9, 1556, 1417, 6195, 6213, 57676, -12818, -5263, 62963
11923.2, 1527, 1417, 6195, 6213, 57676, -12818, -5263, 62963
11928.9, 1465, 1435, 6387, 6354, 54898, -20309, -8045, 62963
11931.1, 1330, 1435, 6387, 6354, 54898, -20309, -8045, 62963
11933.4, 1475, 1435, 6387, 6354, 54898, -20309, -8045, 62963
11939.1, 1790, 1388, 7088, 6664, 50833, -8500, -7183, 62971
11941.4, 1316, 1388, 7088, 6664, 50833, -8500, -7183, 62971
11945.6, 1517, 1269, 6674, 5775, 50833, -8500, -7183, 62971
11949.4, 1593, 1269, 6674, 5775, 50833, -8500, -7183, 62966
11951.7, 1470, 1269, 6674, 5775, 50833, -8500, -7183, 62966
11955.9, 1594, 1591, 6708, 6683, 49272, -5350, -7529, 62966
11959.6, 1923, 1591, 6708, 6683, 49272, -5350, -7529, 62964
11961.9, 1726, 1591, 6708, 6683, 49272, -5350, -7529, 62964
11966.1, 1313, 1681, 6772, 6740, 47749, -10679, -8815, 62964
11969.8, 1584, 1681, 6772, 6740, 47749, -10679, -8815, 62952
11972.1, 1434, 1681, 6772, 6740, 47749, -10679, -8815, 62952
11977.8, 1727, 1418, 6976, 6270, 45579, -19543, -10158, 62973
11981.5, 1860, 1418, 6976, 6270, 45579, -19543, -10158, 62986
11985.8, 1797, 1472, 7061, 5799, 43234, -17635, -10158, 62986
11989.6, 1096, 1472, 7061, 5799, 43234, -17635, -10158, 62958
11993.8, 1496, 1648, 7103, 5712, 40648, -6453, -8522, 62958
11997.6, 1595, 1648, 7103, 5712, 40648, -6453, -8522, 62940
12001.3, 1634, 1648, 7103, 5712, 40648, -6453, -8522, 62924
12005.6, 1603, 2033, 7099, 6448, 39314, -1863, -7126, 62924
12009.3, 1777, 2033, 7099, 6448, 39314, -1863, -7126, 62904
12013.5, 1621, 1946, 7229, 6388, 38303, -3762, -6667, 62904
12017.2, 1649, 1946, 7229, 6388, 38303, -3762, -6667, 62895
12021.0, 1629, 1946, 7229, 6388, 38303, -3762, -6667, 62856
12025.2, 1795, 1819, 7351, 5749, 36566, -6440, -7161, 62856
12029.0, 1761, 1819, 7351, 5749, 36566, -6440, -7161, 62888
12033.2, 1613, 1572, 7341, 5773, 35193, -2187, -6965, 62888
12037.0, 1455, 1572, 7341, 5773, 35193, -2187, -6965, 62877
12040.7, 1718, 1572, 7341, 5773, 35193, -2187, -6965, 62869
12045.0, 1735, 1474, 7513, 5949, 32983, -1277, -6378, 62869
12048.7, 1580, 1474, 7513, 5949, 32983, -1277, -6378, 62858
12052.9, 1740, 1557, 7531, 6075, 31137, -4843, -6737, 62858
12056.7, 1616, 1557, 7531, 6075, 31137, -4843, -6737, 62855
12058.9, 1420, 1557, 7531, 6075, 31137, -4843, -6737, 62855
12064.7, 1748, 1471, 7523, 5522, 27895, -5346, -7415, 62844
12068.4, 1626, 1471, 7523, 5522, 27895, -5346, -7415, 62776
12074.1, 1646, 1510, 7622, 5693, 25633, -4515, -7678, 62795
12077.8, 1884, 1510, 7622, 5693, 25633, -4515, -7678, 62729
12083.5, 1671, 1479, 7591, 5797, 24071, -4011, -7424, 62785
12087.3, 1648, 1479, 7591, 5797, 24071, -4011, -7424, 62733
12093.0, 1853, 1479, 7628, 5879, 20449, -3031, -7529, 62740
12096.7, 1597, 1479, 7628, 5879, 20449, -3031, -7529, 62724
12100.9, 1746, 1486, 7740, 5397, 17889, -3810, -8456, 62724
12104.7, 1661, 1486, 7740, 5397, 17889, -3810, -8456, 62712
12107.0, 1416, 1486, 7740, 5397, 17889, -3810, -8456, 62712
12112.7, 1717, 1548, 7709, 5586, 15115, -3447, -9918, 62719
12116.4, 1680, 1548, 7709, 5586, 15115, -3447, -9918, 62729
12120.7, 1632, 1640, 7821, 5410, 12363, -3828, -10417, 62729
12124.4, 1588, 1640, 7821, 5410, 12363, -3828, -10417, 62724
12126.7, 1394, 1640, 7821, 5410, 12363, -3828, -10417, 62724
12131.0, 1715, 1771, 7824, 5148, 8492, -2620, -9826, 62724
12134.8, 1649, 1771, 7824, 5148, 8492, -2620, -9826, 62528
12137.1, 1344, 1771, 7824, 5148, 8492, -2620, -9826, 62528
12142.8, 1707, 1537, 7837, 5197, 5525, -1084, -8330, 62481
12146.5, 1825, 1537, 7837, 5197, 5525, -1084, -8330, 62486
12150.8, 1764, 1543, 7942, 5021, 888, -1338, -6361, 62486
12154.6, 1672, 1543, 7942, 5021, 888, -1338, -6361, 62488
12158.8, 1661, 1376, 7898, 5046, -3530, -1715, -4589, 62488
12162.6, 1643, 1376, 7898, 5046, -3530, -1715, -4589, 62482
12166.3, 1553, 1376, 7898, 5046, -3530, -1715, -4589, 62410
12170.6, 1609, 1529, 7935, 4656, -7717, -144, -3058, 62410
12174.4, 1698, 1529, 7935, 4656, -7717, -144, -3058, 62460
12178.6, 1698, 1639, 7752, 4731, -13024, 3688, -2012, 62460
12182.4, 1663, 1639, 7752, 4731, -13024, 3688, -2012, 62465
12186.1, 1566, 1639, 7752, 4731, -13024, 3688, -2012, 62465
12190.4, 1619, 1505, 7626, 4895, -18375, 7179, -1570, 62465
12194.2, 1673, 1505, 7626, 4895, -18375, 7179, -1570, 62452
12198.4, 1694, 1407, 7594, 5038, -23327, 6689, -1312, 62452
12202.1, 1620, 1407, 7594, 5038, -23327, 6689, -1312, 62459
12205.9, 1559, 1407, 7594, 5038, -23327, 6689, -1312, 62451
12210.1, 1730, 1249, 7605, 5190, -28927, 4200, -1526, 62451
12213.9, 1710, 1249, 7605, 5190, -28927, 4200, -1526, 62442
12218.1, 1708, 937, 7436, 5280, -34471, 3342, -1898, 62442
12221.8, 1595, 937, 7436, 5280, -34471, 3342, -1898, 62457
12225.6, 1601, 937, 7436, 5280, -34471, 3342, -1898, 62433
12229.8, 1592, 943, 7373, 5210, -39248, 301, -2266, 62433
12233.5, 1677, 943, 7373, 5210, -39248, 301, -2266, 62435
12239.3, 1732, 1015, 7204, 5315, -44035, -2865, -2113, 62446
12243.0, 1644, 1015, 7204, 5315, -44035, -2865, -2113, 62428
12248.7, 1667, 1116, 7141, 5321, -49538, -6698, -1715, 62446
12250.9, 1362, 1116, 7141, 5321, -49538, -6698, -1715, 62446
12253.3, 1381, 1116, 7141, 5321, -49538, -6698, -1715, 62446
12259.3, 1692, 1181, 7094, 5279, -55366, -8522, -1364, 62460
12261.6, 1491, 1181, 7094, 5279, -55366, -8522, -1364, 62460
12265.8, 1654, 1231, 7004, 5094, -60743, -8907, -1658, 62460
12269.6, 1630, 1231, 7004, 5094, -60743, -8907, -1658, 62474
12271.9, 1511, 1231, 7004, 5094, -60743, -8907, -1658, 62474
12277.6, 1747, 1173, 6947, 5243, -65888, -9366, -2253, 62501
12281.3, 1692, 1173, 6947, 5243, -65888, -9366, -2253, 62475
12285.6, 1464, 1051, 6949, 5690, -70674, -13339, -2660, 62475
12289.3, 1774, 1051, 6949, 5690, -70674, -13339, -2660, 62459
12291.6, 1544, 1051, 6949, 5690, -70674, -13339, -2660, 62459
12295.9, 1493, 1032, 6899, 5828, -75491, -13720, -1811, 62459
12299.6, 1576, 1032, 6899, 5828, -75491, -13720, -1811, 62460
12301.9, 1372, 1032, 6899, 5828, -75491, -13720, -1811, 62460
12307.7, 1681, 1354, 6480, 5879, -79525, -9507, -507, 62448
12311.4, 1554, 1354, 6480, 5879, -79525, -9507, -507, 62414
12315.7, 1550, 1753, 6258, 5651, -83721, -7503, -240, 62414
12319.4, 1614, 1753, 6258, 5651, -83721, -7503, -240, 62436
12323.7, 1635, 1612, 6221, 5552, -88787, -7227, 367, 62436
12327.4, 1531, 1612, 6221, 5552, -88787, -7227, 367, 62421
12331.2, 1518, 1612, 6221, 5552, -88787, -7227, 367, 62428
12335.4, 1537, 1317, 6323, 5344, -93967, -7393, 647, 62428
12339.2, 1698, 1317, 6323, 5344, -93967, -7393, 647, 62436
12343.4, 1578, 1036, 6393, 6180, -98535, -3740, 126, 62436
12347.2, 1563, 1036, 6393, 6180, -98535, -3740, 126, 62432
12350.9, 1639, 1036, 6393, 6180, -98535, -3740, 126, 62448
12355.2, 1634, 850, 6417, 6803, -100928, -2738, -1544, 62448
12359.0, 1646, 850, 6417, 6803, -100928, -2738, -1544, 62423
12363.2, 1712, 1013, 6129, 6463, -105443, -2848, -3618, 62423
12367.0, 1623, 1013, 6129, 6463, -105443, -2848, -3618, 62423
12370.7, 1554, 1013, 6129, 6463, -105443, -2848, -3618, 62427
12375.0, 1708, 1356, 5832, 6555, -108077, -7131, -3114, 62427
12378.7, 1730, 1356, 5832, 6555, -108077, -7131, -3114, 62447
12383.0, 1655, 1494, 5489, 6457, -112483, -12980, -297, 62447
12386.7, 1517, 1494, 5489, 6457, -112483, -12980, -297, 62477
12389.0, 1371, 1494, 5489, 6457, -112483, -12980, -297, 62477
12394.8, 1660, 1475, 5011, 7107, -114622, -15951, 2279, 62535
12398.5, 1604, 1475, 5011, 7107, -114622, -15951, 2279, 62547
12404.2, 1661, 1406, 4676, 7091, -115633, -13392, 3403, 62584
12406.5, 1545, 1406, 4676, 7091, -115633, -13392, 3403, 62584
12408.7, 1688, 1406, 4676, 7091, -115633, -13392, 3403, 62584
12414.4, 1547, 1389, 4320, 6142, -120541, -7008, 2590, 62611
12416.7, 1320, 1389, 4320, 6142, -120541, -7008, 2590, 62611
12421.0, 1567, 1389, 4129, 7403, -121224, -3596, 870, 62611
12424.7, 1647, 1389, 4129, 7403, -121224, -3596, 870, 62597
12427.0, 1399, 1389, 4129, 7403, -121224, -3596, 870, 62597
12432.7, 1547, 997, 4324, 7772, -121311, -5678, 857, 62646
12436.4, 1642, 997, 4324, 7772, -121311, -5678, 857, 62651
12440.7, 1781, 997, 4310, 7071, -126321, -7262, 4051, 62651
12444.4, 1680, 997, 4310, 7071, -126321, -7262, 4051, 62670
12446.7, 1425, 997, 4310, 7071, -126321, -7262, 4051, 62670
12450.9, 1540, 966, 3891, 7302, -131641, -6033, 6496, 62670
12454.6, 1701, 966, 3891, 7302, -131641, -6033, 6496, 62699
12456.9, 1702, 966, 3891, 7302, -131641, -6033, 6496, 62699
12461.1, 1772, 1217, 3614, 7457, -134113, -4781, 5805, 62699
12464.9, 1509, 1217, 3614, 7457, -134113, -4781, 5805, 62684
12469.2, 1533, 1217, 3614, 7457, -134113, -4781, 2362, 62684
12472.9, 1604, 1217, 3614, 7457, -134113, -4781, 2362, 62689
12476.7, 1673, 1217, 3614, 7457, -134113, -4781, 2362, 62705
12480.9, 1503, 1656, 2743, 8437, -133702, -1693, -581, 62705
12484.6, 1670, 1656, 2743, 8437, -133702, -1693, -581, 62711
12488.8, 1600, 1656, 2743, 8437, -133702, -1693, 494, 62711
12492.6, 1540, 1656, 2743, 8437, -133702, -1693, 494, 62719
12496.3, 1570, 1656, 2743, 8437, -133702, -1693, 494, 62682
12500.6, 1616, 1509, 2026, 8561, -130595, -7310, 5228, 62682
12504.4, 1674, 1509, 2026, 8561, -130595, -7310, 5228, 62660
12508.6, 1463, 1509, 2026, 8561, -130595, -7310, 10858, 62660
12512.4, 1613, 1509, 2026, 8561, -130595, -7310, 10858, 62661
12516.1, 1767, 1509, 2026, 8561, -130595, -7310, 10858, 62690
12520.4, 1598, 1368, 1599, 8231, -134117, 249, 12412, 62690
12524.2, 1606, 1368, 1599, 8231, -134117, 249, 12412, 62705
12528.4, 1619, 1368, 1599, 8231, -134117, 3298, 9240, 62705
12532.1, 1690, 1368, 1599, 8231, -134117, 3298, 9240, 62680
12535.9, 1573, 1368, 1599, 8231, -134117, 3298, 9240, 62691
12540.2, 1622, 1247, 2151, 8762, -139171, 7380, 4781, 62691
12544.0, 1633, 1247, 2151, 8762, -139171, 7380, 4781, 62716
12548.2, 1732, 1247, 2151, 8762, -139171, 9948, 2874, 62716
12551.9, 1597, 1247, 2151, 8762, -139171, 9948, 2874, 62688
12555.7, 1605, 1247, 2151, 8762, -139171, 9948, 2874, 62710
12560.0, 1580, 1467, 1779, 9534, -135285, 8570, 4620, 62710
12563.8, 1542, 1467, 1779, 9534, -135285, 8570, 4620, 62731
12568.0, 1667, 1467, 1779, 9534, -134879, 3456, 8365, 62731
12571.7, 1648, 1467, 1779, 9534, -134879, 3456, 8365, 62684
12576.0, 1516, 1732, 951, 9512, -134879, 3456, 8365, 62684
12579.7, 1584, 1732, 951, 9512, -134879, 3456, 8365, 62721
12582.0, 1396, 1732, 951, 9512, -134879, 3456, 8365, 62721
12587.7, 1588, 1688, 257, 9244, -136200, -2305, 11996, 62688
12591.4, 1802, 1688, 257, 9244, -136200, -2305, 11996, 62681
12595.7, 1692, 1613, 59, 9390, -135509, -3438, 14555, 62681
12599.5, 1563, 1613, 59, 9390, -135509, -3438, 14555, 62695
12601.7, 1311, 1613, 59, 9390, -135509, -3438, 14555, 62695
12606.0, 1652, 1591, -111, 9031, -139586, -1491, 14993, 62695
12609.7, 1631, 1591, -111, 9031, -139586, -1491, 14993, 62649
12612.0, 1488, 1591, -111, 9031, -139586, -1491, 14993, 62649
12617.7, 1637, 1288, 506, 9923, -138877, -3346, 14805, 62632
12621.4, 1608, 1288, 506, 9923, -138877, -3346, 14805, 62595
12625.7, 1721, 1329, 500, 8102, -135482, 909, 17207, 62595
12629.5, 1643, 1329, 500, 8102, -135482, 909, 17207, 62558
12631.8, 1446, 1329, 500, 8102, -135482, 909, 17207, 62558
12636.0, 1493, 1548, -220, 9016, -138199, 12674, 18270, 62558
12639.7, 1657, 1548, -220, 9016, -138199, 12674, 18270, 62549
12643.9, 1766, 1582, -448, 9860, -140592, 8973, 14463, 62549
12647.7, 1637, 1582, -448, 9860, -140592, 8973, 14463, 62509
12651.5, 1678, 1582, -448, 9860, -140592, 8973, 14463, 62495
12655.7, 1599, 1555, -701, 9081, -141297, -253, 12193, 62495
12659.5, 1535, 1555, -701, 9081, -141297, -253, 12193, 62478
12663.7, 1572, 1195, -1078, 9752, -141481, -201, 13217, 62478
12667.5, 1654, 1195, -1078, 9752, -141481, -201, 13217, 62453
12671.2, 1669, 1195, -1078, 9752, -141481, -201, 13217, 62448
12675.5, 1609, 1227, -1333, 8816, -141984, 962, 14993, 62448
12679.3, 1671, 1227, -1333, 8816, -141984, 962, 14993, 62447
12683.5, 1613, 1576, -1987, 9941, -139687, 2349, 15422, 62447
12687.2, 1644, 1576, -1987, 9941, -139687, 2349, 15422, 62535
12691.0, 1582, 1576, -1987, 9941, -139687, 2349, 15422, 62475
12695.3, 1654, 1317, -2075, 9425, -138650, -490, 14214, 62475
12699.1, 1686, 1317, -2075, 9425, -138650, -490, 14214, 62557
12703.3, 1570, 1109, -2239, 8145, -139494, 2467, 14249, 62557
12707.0, 1587, 1109, -2239, 8145, -139494, 2467, 14249, 62554
12710.8, 1672, 1109, -2239, 8145, -139494, 2467, 14249, 62552
12715.1, 1682, 1120, -2359, 9136, -140002, 8522, 14634, 62552
12718.9, 1671, 1120, -2359, 9136, -140002, 8522, 14634, 62565
12723.1, 1842, 1396, -2661, 9439, -142049, 7896, 13995, 62565
12726.8, 1458, 1396, -2661, 9439, -142049, 7896, 13995, 62574
12731.1, 1633, 1478, -2700, 9380, -143161, 2546, 12569, 62574
12734.9, 1637, 1478, -2700, 9380, -143161, 2546, 12569, 62585
12737.1, 1390, 1478, -2700, 9380, -143161, 2546, 12569, 62585
12742.9, 1576, 1328, -3017, 9771, -142780, -166, 13120, 62613
12746.6, 1719, 1328, -3017, 9771, -142780, -166, 13120, 62602
12750.9, 1655, 1391, -3534, 9516, -138182, 984, 15680, 62602
12754.6, 1673, 1391, -3534, 9516, -138182, 984, 15680, 62620
12756.9, 1483, 1391, -3534, 9516, -138182, 984, 15680, 62620
12761.1, 1708, 1501, -4575, 8935, -135955, 3819, 17176, 62620
12764.9, 1586, 1501, -4575, 8935, -135955, 3819, 17176, 62578
12767.1, 1445, 1501, -4575, 8935, -135955, 3819, 17176, 62578
12772.9, 1633, 1201, -4797, 9345, -134393, 3543, 17242, 62542
12776.6, 1642, 1201, -4797, 9345, -134393, 3543, 17242, 62551
12780.9, 1659, 932, -4783, 9198, -134953, 2099, 18462, 62551
12784.6, 1618, 932, -4783, 9198, -134953, 2099, 18462, 62550
12786.9, 1495, 932, -4783, 9198, -134953, 2099, 18462, 62550
12791.1, 1724, 933, -4749, 9645, -136357, 2121, 19801, 62550
12794.9, 1677, 933, -4749, 9645, -136357, 2121, 19801, 62542
12799.1, 1626, 1426, -4783, 8429, -135968, 2738, 19070, 62542
12802.9, 1687, 1426, -4783, 8429, -135968, 2738, 19070, 62509
12806.6, 1695, 1426, -4783, 8429, -135968, 2738, 19070, 62478
12810.9, 1436, 1587, -5003, 8752, -137280, 6330, 16397, 62478
12814.6, 1534, 1587, -5003, 8752, -137280, 6330, 16397, 62446
12818.8, 1639, 1264, -4716, 10223, -136462, 6899, 14739, 62446
12822.6, 1679, 1264, -4716, 10223, -136462, 6899, 14739, 62461
12826.4, 1866, 1264, -4716, 10223, -136462, 6899, 14739, 62448
12830.6, 1798, 946, -4880, 9475, -131151, 4357, 16931, 62448
12834.4, 1387, 946, -4880, 9475, -131151, 4357, 16931, 62467
12838.6, 1284, 1054, -6226, 8384, -126758, 1137, 20597, 62467
12842.4, 1521, 1054, -6226, 8384, -126758, 1137, 20597, 62492
12846.1, 1673, 1054, -6226, 8384, -126758, 1137, 20597, 62522
12850.4, 1715, 1275, -7095, 9460, -123009, 1518, 21455, 62522
12854.2, 1610, 1275, -7095, 9460, -123009, 1518, 21455, 62508
12858.4, 1636, 1123, -7234, 8620, -119430, 1487, 19307, 62508
12862.1, 1654, 1123, -7234, 8620, -119430, 1487, 19307, 62548
12865.9, 1705, 1123, -7234, 8620, -119430, 1487, 19307, 62518
12870.2, 1675, 1319, -6862, 8062, -119159, 2401, 16078, 62518
12874.0, 1602, 1319, -6862, 8062, -119159, 2401, 16078, 62504
12878.2, 1804, 1507, -6117, 8348, -120266, 5088, 13724, 62504
12881.9, 1633, 1507, -6117, 8348, -120266, 5088, 13724, 62548
12887.7, 1498, 1312, -5446, 8815, -120423, 6444, 13903, 62490
12891.4, 1657, 1312, -5446, 8815, -120423, 6444, 13903, 62456
12893.7, 1486, 1312, -5446, 8815, -120423, 6444, 13903, 62456
12899.4, 1711, 1366, -5338, 9278, -119771, 8618, 16292, 62432
12901.7, 1617, 1366, -5338, 9278, -119771, 8618, 16292, 62432
12905.9, 1636, 1164, -5902, 9102, -116858, 10539, 18519, 62432
12909.7, 1635, 1164, -5902, 9102, -116858, 10539, 18519, 62407
12912.0, 1407, 1164, -5902, 9102, -116858, 10539, 18519, 62407
12917.7, 1597, 1153, -6661, 8812, -115716, 12910, 18681, 62368
12921.4, 1682, 1153, -6661, 8812, -115716, 12910, 18681, 62369
12925.6, 1742, 1171, -7332, 9327, -113288, 8159, 15225, 62369
12929.4, 1721, 1171, -7332, 9327, -113288, 8159, 15225, 62369
12931.7, 1618, 1171, -7332, 9327, -113288, 8159, 15225, 62369
12935.9, 1619, 1299, -7633, 8029, -109809, 2318, 10885, 62369
12939.7, 1515, 1299, -7633, 8029, -109809, 2318, 10885, 62410
12942.0, 1452, 1299, -7633, 8029, -109809, 2318, 10885, 62410
12947.7, 1664, 1610, -7340, 7746, -112504, 6803, 9257, 62439
12951.4, 1714, 1610, -7340, 7746, -112504, 6803, 9257, 62472
12955.7, 1720, 1677, -6619, 7890, -112049, 8763, 9480, 62472
12959.5, 1645, 1677, -6619, 7890, -112049, 8763, 9480, 62503
12963.7, 1627, 1546, -6148, 7697, -113677, 10075, 10771, 62503
12967.5, 1681, 1546, -6148, 7697, -113677, 10075, 10771, 62555
12971.3, 1778, 1546, -6148, 7697, -113677, 10075, 10771, 62589
12975.6, 1748, 1234, -6209, 7647, -115554, 12967, 11445, 62589
12979.3, 1622, 1234, -6209, 7647, -115554, 12967, 11445, 62623
12983.6, 1406, 800, -6467, 8009, -117899, 13212, 10342, 62623
12987.3, 1509, 800, -6467, 8009, -117899, 13212, 10342, 62640
12991.0, 1852, 800, -6467, 8009, -117899, 13212, 10342, 62677
12995.2, 1670, 451, -7024, 8045, -116473, 11659, 8321, 62677
12999.0, 1580, 451, -7024, 8045, -116473, 11659, 8321, 62702
13003.3, 1651, 265, -8032, 7284, -116035, 11620, 6230, 62702
13007.0, 1604, 265, -8032, 7284, -116035, 11620, 6230, 62721
13010.8, 1568, 265, -8032, 7284, -116035, 11620, 6230, 62748
13015.0, 1655, 555, -8656, 6835, -115331, 8076, 2826, 62748
13018.8, 1678, 555, -8656, 6835, -115331, 8076, 2826, 62767
13023.0, 1669, 876, -8559, 6549, -115348, 629, -1233, 62767
13026.7, 1645, 876, -8559, 6549, -115348, 629, -1233, 62812
13029.0, 1427, 876, -8559, 6549, -115348, 629, -1233, 62812
13034.7, 1642, 1085, -8166, 6185, -115628, -1850, -2848, 62850
13038.4, 1740, 1085, -8166, 6185, -115628, -1850, -2848, 62901
13044.1, 1655, 1042, -7985, 6110, -115226, 660, -1399, 62957
13047.9, 1521, 1042, -7985, 6110, -115226, 660, -1399, 63010
13053.6, 1578, 940, -8148, 5868, -115523, 568, 844, 63058
13055.8, 1433, 940, -8148, 5868, -115523, 568, 844, 63058
13058.2, 1480, 940, -8148, 5868, -115523, 568, 844, 63058
13063.9, 1791, 853, -8352, 5711, -115738, 3871, 2905, 63125
13066.2, 1430, 853, -8352, 5711, -115738, 3871, 2905, 63125
13068.4, 1262, 853, -8352, 5711, -115738, 3871, 2905, 63125
13074.1, 1600, 654, -8949, 5948, -115878, 7363, 2905, 63202
13076.4, 1519, 654, -8949, 5948, -115878, 7363, 2905, 63202
13080.7, 1762, 654, -8949, 5948, -113148, 8920, 446, 63202
13084.4, 1584, 654, -8949, 5948, -113148, 8920, 446, 63292
13086.7, 1368, 654, -8949, 5948, -113148, 8920, 446, 63292
13091.0, 1753, 543, -9364, 5535, -112798, 9240, -2458, 63292
13094.8, 1632, 543, -9364, 5535, -112798, 9240, -2458, 63355
13097.0, 1444, 543, -9364, 5535, -112798, 9240, -2458, 63355
13102.7, 1668, 261, -9329, 5444, -110308, 2826, -3373, 63415
13106.5, 1646, 261, -9329, 5444, -110308, 2826, -3373, 63444
13110.7, 1508, 261, -9329, 5078, -106777, -3303, -1071, 63444
13114.5, 1635, 261, -9329, 5078, -106777, -3303, -1071, 63477
13116.8, 1541, 261, -9329, 5078, -106777, -3303, -1071, 63477
13121.1, 1716, 370, -9407, 4731, -103229, -4939, 2270, 63477
13124.8, 1634, 370, -9407, 4731, -103229, -4939, 2270, 63548
13129.1, 1661, 370, -9407, 4731, -103229, -4939, 2270, 63548
13132.9, 1681, 370, -9407, 4731, -103229, -4939, 2270, 63609
13136.6, 1707, 370, -9407, 4731, -103229, -4939, 2270, 63594
13140.9, 1656, 900, -9769, 4286, -97126, -1198, 3521, 63594
13144.6, 1571, 900, -9769, 4286, -97126, -1198, 3521, 63750
13148.8, 1492, 900, -9769, 4286, -97126, -1198, 3521, 63750
13152.6, 1736, 900, -9769, 4286, -97126, -1198, 3521, 63780
13156.3, 1903, 900, -9769, 4286, -97126, -1198, 3521, 63823
13160.6, 1695, 807, -9766, 4661, -93919, 131, 923, 63823
13164.4, 1386, 807, -9766, 4661, -93919, 131, 923, 63887
13168.6, 1565, 807, -9766, 4661, -93919, 131, 923, 63887
13172.4, 1658, 807, -9766, 4661, -93919, 131, 923, 63916
13176.1, 1589, 807, -9766, 4661, -93919, 131, 923, 63963
13180.4, 1529, 516, -9729, 4655, -91272, 4991, 3631, 63963
13184.2, 1544, 516, -9729, 4655, -91272, 4991, 3631, 63951
13188.4, 1675, 516, -9729, 4655, -91272, 4991, 3631, 63951
13192.1, 1668, 516, -9729, 4655, -91272, 4991, 3631, 64057
13195.9, 1684, 516, -9729, 4655, -91272, 4991, 3631, 64081
13200.2, 1674, 588, -9886, 4064, -82491, 6733, 4646, 64081
13204.0, 1619, 588, -9886, 4064, -82491, 6733, 4646, 64111
13208.2, 1642, 588, -9886, 4064, -82491, 6733, 4646, 64111
13211.9, 1622, 588, -9886, 4064, -82491, 6733, 4646, 64141
13217.7, 1660, 683, -9960, 4354, -79236, 4843, 4326, 64159
13221.4, 1655, 683, -9960, 4354, -79236, 4843, 4326, 64180
13225.7, 1640, 789, -9653, 4311, -76550, 883, 4077, 64180
13229.5, 1605, 789, -9653, 4311, -76550, 883, 4077, 64217
13231.8, 1532, 789, -9653, 4311, -76550, 883, 4077, 64217
13236.0, 1691, 852, -9777, 4148, -72556, -1583, 4151, 64217
13239.7, 1642, 852, -9777, 4148, -72556, -1583, 4151, 64255
13242.0, 1469, 852, -9777, 4148, -72556, -1583, 4151, 64255
13247.7, 1662, 790, -9709, 3908, -71339, -735, 4589, 64284
13251.4, 1646, 790, -9709, 3908, -71339, -735, 4589, 64215
13255.7, 1641, 894, -9894, 3913, -68640, 1185, 4952, 64215
13259.5, 1630, 894, -9894, 3913, -68640, 1185, 4952, 64287
13261.8, 1579, 894, -9894, 3913, -68640, 1185, 4952, 64287
13266.0, 1683, 768, -10089, 4268, -66676, 1911, 4357, 64287
13269.7, 1530, 768, -10089, 4268, -66676, 1911, 4357, 64236
13272.0, 1436, 768, -10089, 4268, -66676, 1911, 4357, 64236
13277.7, 1778, 568, -10220, 4067, -64239, 2231, 3228, 64228
13281.4, 1542, 568, -10220, 4067, -64239, 2231, 3228, 64211
13285.7, 1565, 555, -10155, 4209, -62235, 2572, 1618, 64211
13289.5, 1687, 555, -10155, 4209, -62235, 2572, 1618, 64203
13293.7, 1706, 629, -10157, 4172, -58188, 8, 258, 64203
13297.4, 1964, 629, -10157, 4172, -58188, 8, 258, 64310
13301.2, 1720, 629, -10157, 4172, -58188, 8, 258, 64190
13305.4, 1415, 747, -10264, 3812, -55620, -2813, 476, 64190
13309.2, 1329, 747, -10264, 3812, -55620, -2813, 476, 64163
13313.4, 1566, 710, -10200, 3519, -51573, -2270, 1841, 64163
13317.1, 1691, 710, -10200, 3519, -51573, -2270, 1841, 64151
13320.9, 1783, 710, -10200, 3519, -51573, -2270, 1841, 64168
13325.1, 2055, 601, -10422, 3732, -47110, -791, 2664, 64168
13328.8, 1885, 601, -10422, 3732, -47110, -791, 2664, 64162
13333.0, 1345, 496, -10425, 3315, -41589, -1334, 2349, 64162
13336.7, 1364, 496, -10425, 3315, -41589, -1334, 2349, 64157
13339.0, 1257, 496, -10425, 3315, -41589, -1334, 2349, 64157
13344.7, 1882, 460, -10321, 3393, -34383, -2769, 2165, 64180
13348.5, 1575, 460, -10321, 3393, -34383, -2769, 2165, 64169
13354.2, 1649, 496, -10170, 3526, -27243, -3460, 2756, 64195
13357.9, 2022, 496, -10170, 3526, -27243, -3460, 2756, 64226
13363.6, 1305, 609, -10311, 3661, -20112, -3298, 3683, 64234
13367.4, 1296, 609, -10311, 3661, -20112, -3298, 3683, 64284
13373.1, 1968, 711, -10365, 3826, -11782, -2878, 4869, 64262
13376.8, 1819, 711, -10365, 3826, -11782, -2878, 4869, 64296
13382.6, 1787, 600, -10465, 4040, -2773, -975, 6028, 64312
13386.3, 1422, 600, -10465, 4040, -2773, -975, 6028, 64241
13388.6, 1168, 600, -10465, 4040, -2773, -975, 6028, 64241
13394.3, 1472, 590, -10488, 4207, 5315, 1364, 6356, 64329
13396.6, 1172, 590, -10488, 4207, 5315, 1364, 6356, 64329
13400.8, 1684, 561, -10545, 4629, 15163, 822, 5083, 64329
13404.6, 1646, 561, -10545, 4629, 15163, 822, 5083, 64329
13406.9, 1283, 561, -10545, 4629, 15163, 822, 5083, 64329
13412.6, 1764, 611, -10633, 4508, 23375, -2681, 2966, 64249
13416.4, 1973, 611, -10633, 4508, 23375, -2681, 2966, 64363
13420.6, 2509, 422, -10498, 4730, 32852, -4541, 1671, 64363
13424.4, 1920, 422, -10498, 4730, 32852, -4541, 1671, 64396
13426.7, 1317, 422, -10498, 4730, 32852, -4541, 1671, 64396
13430.9, 1388, 584, -10752, 4501, 41834, -5845, 1719, 64396
13434.7, 1182, 584, -10752, 4501, 41834, -5845, 1719, 64385
13438.9, 1183, 487, -10579, 4680, 51512, -4681, 2489, 64385
13442.6, 1575, 487, -10579, 4680, 51512, -4681, 2489, 64417
13446.4, 1966, 487, -10579, 4680, 51512, -4681, 2489, 64461
13450.6, 1367, 472, -10656, 4917, 60240, -3605, 2069, 64461
13454.4, 1386, 472, -10656, 4917, 60240, -3605, 2069, 64487
13458.6, 1627, 282, -10644, 4961, 68548, -2852, 52, 64487
13462.3, 1742, 282, -10644, 4961, 68548, -2852, 52, 64523
13466.1, 2283, 282, -10644, 4961, 68548, -2852, 52, 64574
13470.4, 1960, 316, -10662, 5165, 77823, -905, -2034, 64574
13474.1, 1743, 316, -10662, 5165, 77823, -905, -2034, 64575
13478.4, 1334, 415, -10671, 5391, 86394, -796, -2712, 64575
13482.1, 1392, 415, -10671, 5391, 86394, -796, -2712, 64610
13485.8, 1081, 415, -10671, 5391, 86394, -796, -2712, 64636
13490.1, 1417, 378, -10872, 5715, 95582, -1644, -1933, 64636
13493.8, 1926, 378, -10872, 5715, 95582, -1644, -1933, 64664
13498.0, 1518, 308, -10834, 5614, 104074, 262, -818, 64664
13501.8, 1980, 308, -10834, 5614, 104074, 262, -818, 64688
13504.1, 1742, 308, -10834, 5614, 104074, 262, -818, 64688
13509.9, 1925, 465, -10709, 5602, 111135, 3298, -17, 64728
13513.6, 1854, 465, -10709, 5602, 111135, 3298, -17, 64722
13517.8, 1127, 539, -10499, 5815, 118765, 5040, -21, 64722
13521.6, 1081, 539, -10499, 5815, 118765, 5040, -21, 64754
13523.9, 1308, 539, -10499, 5815, 118765, 5040, -21, 64754
13529.7, 1895, 440, -10378, 5936, 126172, 6523, -594, 64766
13533.4, 2120, 440, -10378, 5936, 126172, 6523, -594, 64792
13539.1, 1729, 232, -10488, 5972, 134275, 7809, -1723, 64818
13541.4, 1630, 232, -10488, 5972, 134275, 7809, -1723, 64818
13543.6, 1596, 232, -10488, 5972, 134275, 7809, -1723, 64818
13549.4, 1075, 197, -10298, 6228, 141021, 9148, -2340, 64830
13551.6, 927, 197, -10298, 6228, 141021, 9148, -2340, 64830
13555.9, 1352, 212, -10296, 6684, 143161, 8715, -1531, 64830
13559.7, 1491, 212, -10296, 6684, 143161, 8715, -1531, 64841
13562.0, 1525, 212, -10296, 6684, 143161, 8715, -1531, 64841
13567.7, 1982, 178, -10271, 6554, 143344, 6356, -227, 64861
13571.4, 2065, 178, -10271, 6554, 143344, 6356, -227, 64835
13575.7, 1856, 221, -10033, 6610, 143344, 4528, 153, 64835
13579.4, 1299, 221, -10033, 6610, 143344, 4528, 153, 64830
13581.7, 747, 221, -10033, 6610, 143344, 4528, 153, 64830
13585.9, 1110, 345, -10075, 6818, 143344, 2598, -822, 64830
13589.7, 1933, 345, -10075, 6818, 143344, 2598, -822, 64811
13592.0, 2190, 345, -10075, 6818, 143344, 2598, -822, 64811
13597.7, 1924, 361, -9932, 7018, 143344, 2196, -1785, 64792
13601.5, 1609, 361, -9932, 7018, 143344, 2196, -1785, 64784
13605.7, 1503, 399, -9938, 6798, 143344, 2498, -2165, 64784
13609.5, 1239, 399, -9938, 6798, 143344, 2498, -2165, 64690
13613.7, 1207, 399, -9985, 7437, 143344, 1321, -2524, 64690
13617.4, 1770, 399, -9985, 7437, 143344, 1321, -2524, 64693
13621.2, 1727, 399, -9985, 7437, 143344, 1321, -2524, 64634
13625.4, 1629, 600, -9969, 7362, 143344, -2126, -2813, 64634
13629.1, 1660, 600, -9969, 7362, 143344, -2126, -2813, 64555
13633.3, 1936, 600, -9969, 7436, 143344, -3123, -2756, 64555
13637.1, 1895, 600, -9969, 7436, 143344, -3123, -2756, 64249
13640.9, 1626, 600, -9969, 7436, 143344, -3123, -2756, 64486
13645.1, 1304, 717, -9656, 7481, 143344, -1238, -2690, 64486
13649.2, 1266, 717, -9656, 7481, 143344, -1238, -2690, 64427
13653.5, 2038, 838, -9294, 7748, 143344, -651, -3189, 64427
13657.2, 2214, 838, -9294, 7748, 143344, -651, -3189, 64365
13660.9, 1962, 838, -9294, 7748, 143344, -651, -3189, 64309
13665.2, 1161, 813, -8916, 7843, 143344, -1176, -3657, 64309
13669.0, 1211, 813, -8916, 7843, 143344, -1176, -3657, 64249
13673.2, 1762, 724, -8346, 8124, 143344, -1426, -3740, 64249
13676.9, 1615, 724, -8346, 8124, 143344, -1426, -3740, 64173
13680.7, 1135, 724, -8346, 8124, 143344, -1426, -3740, 64082
13685.0, 1371, 661, -8073, 8575, 143344, -1999, -3535, 64082
13688.8, 2088, 661, -8073, 8575, 143344, -1999, -3535, 64047
13693.0, 2246, 671, -7823, 8435, 143344, -4926, -3097, 64047
13696.7, 1630, 671, -7823, 8435, 143344, -4926, -3097, 63977
13701.0, 650, 671, -7823, 8435, 143344, -4926, -3097, 63977
13704.7, 1590, 671, -7823, 8435, 143344, -4926, -3097, 63911
13707.0, 1858, 671, -7823, 8435, 143344, -4926, -3097, 63911
13712.7, 1781, 674, -7764, 8556, 143344, -7787, -2760, 63818
13716.4, 2373, 674, -7764, 8556, 143344, -7787, -2760, 63744
13720.7, 1984, 713, -7453, 8499, 143344, -9988, -2760, 63744
13724.5, 1221, 713, -7453, 8499, 143344, -9988, -2760, 63667
13726.8, 957, 713, -7453, 8499, 143344, -9988, -2760, 63667
13731.0, 1035, 698, -7077, 8247, 143344, -14783, -5525, 63667
13734.7, 1532, 698, -7077, 8247, 143344, -14783, -5525, 63590
13737.0, 1815, 698, -7077, 8247, 143344, -14783, -5525, 63590
13742.7, 2146, 890, -6515, 8834, 143344, -15247, -5285, 63519
13746.4, 1647, 890, -6515, 8834, 143344, -15247, -5285, 63434
13750.7, 1264, 817, -5925, 8429, 143344, -15247, -3871, 63434
13754.5, 1434, 817, -5925, 8429, 143344, -15247, -3871, 63364
13756.8, 1395, 817, -5925, 8429, 143344, -15247, -3871, 63364
13761.0, 1823, 847, -5512, 8513, 143344, -15282, -2931, 63364
13764.7, 1666, 847, -5512, 8513, 143344, -15282, -2931, 63261
13768.9, 1914, 741, -5154, 8834, 143344, -15282, -2931, 63261
13772.7, 1367, 741, -5154, 8834, 143344, -15282, -2931, 63146
13776.4, 1535, 741, -5154, 8834, 143344, -15282, -2931, 63087
13780.7, 2100, 555, -4877, 8400, 143344, -15207, -3893, 63087
13784.5, 1299, 555, -4877, 8400, 143344, -15207, -3893, 62996
13788.7, 1380, 716, -4675, 8536, 143344, -15207, -3893, 62996
13792.4, 1874, 716, -4675, 8536, 143344, -15207, -3893, 62913
13796.2, 2036, 716, -4675, 8536, 143344, -15207, -3893, 62791
13800.4, 1175, 717, -4155, 8325, 143344, -17333, -9935, 62791
13804.2, 1877, 717, -4155, 8325, 143344, -17333, -9935, 62785
13808.4, 1896, 705, -3575, 8865, 143344, -17333, -9935, 62785
13812.1, 1305, 705, -3575, 8865, 143344, -17333, -9935, 62708
13815.9, 1231, 705, -3575, 8865, 143344, -17333, -9935, 62648
13820.1, 1677, 705, -3297, 8344, 143344, -18213, -7879, 62648
13823.8, 1656, 705, -3297, 8344, 143344, -18213, -7879, 62528
13828.0, 1927, 599, -3144, 8733, 143344, -18213, -7879, 62528
13831.8, 1137, 599, -3144, 8733, 143344, -18213, -7879, 62524
13834.1, 1177, 599, -3144, 8733, 143344, -18213, -7879, 62524
13839.9, 1693, 762, -3268, 8748, 143344, -20449, -7240, 62471
13843.6, 2008, 762, -3268, 8748, 143344, -20449, -7240, 62406
13847.9, 1824, 622, -3018, 8501, 143344, -20449, -7240, 62406
13851.6, 1559, 622, -3018, 8501, 143344, -20449, -7240, 62114
13853.9, 1500, 622, -3018, 8501, 143344, -20449, -7240, 62114
13859.6, 1114, 547, -2792, 8493, 143344, -19005, -7166, 62108
13861.9, 1160, 547, -2792, 8493, 143344, -19005, -7166, 62108
13867.6, 1971, 501, -2379, 8526, 143344, -17036, -7441, 62069
13871.3, 1691, 501, -2379, 8526, 143344, -17036, -7441, 62084
13875.6, 1472, 547, -1766, 8446, 143344, -17771, -7402, 62084
13879.3, 1803, 547, -1766, 8446, 143344, -17771, -7402, 62069
13881.6, 1632, 547, -1766, 8446, 143344, -17771, -7402, 62069
13885.9, 1627, 665, -1378, 8166, 143344, -20939, -6960, 62069
13889.6, 1208, 665, -1378, 8166, 143344, -20939, -6960, 62086
13891.9, 1254, 665, -1378, 8166, 143344, -20939, -6960, 62086
13897.6, 2137, 722, -987, 8466, 143344, -23782, -7319, 62057
13901.3, 1712, 722, -987, 8466, 143344, -23782, -7319, 62095
13905.6, 1348, 708, -597, 8183, 143344, -23463, -8391, 62095
13909.3, 1535, 708, -597, 8183, 143344, -23463, -8391, 62047
13911.6, 1513, 708, -597, 8183, 143344, -23463, -8391, 62047
13915.9, 1678, 835, -478, 8268, 143344, -20160, -9629, 62047
13919.6, 1560, 835, -478, 8268, 143344, -20160, -9629, 62107
13921.9, 1390, 835, -478, 8268, 143344, -20160, -9629, 62107
13927.6, 1646, 990, -195, 8604, 143344, -19027, -11305, 62124
13931.4, 1505, 990, -195, 8604, 143344, -19027, -11305, 62125
13935.6, 1811, 1073, -29, 8547, 143344, -19154, -12022, 62125
13939.3, 1917, 1073, -29, 8547, 143344, -19154, -12022, 62135
13943.5, 1588, 1098, 278, 7759, 143344, -18314, -11515, 62135
13947.3, 1486, 1098, 278, 7759, 143344, -18314, -11515, 62115
13951.0, 1404, 1098, 278, 7759, 143344, -18314, -11515, 62045
13955.3, 1515, 1023, 560, 8377, 143344, -16388, -10548, 62045
13959.1, 1652, 1023, 560, 8377, 143344, -16388, -10548, 62105
13963.3, 1985, 885, 1090, 8474, 143344, -17408, -9493, 62105
13967.0, 1453, 885, 1090, 8474, 143344, -17408, -9493, 62104
13970.8, 1669, 885, 1090, 8474, 143344, -17408, -9493, 62090
13975.0, 1424, 1039, 1363, 7377, 143344, -18165, -8916, 62090
13978.8, 1597, 1039, 1363, 7377, 143344, -18165, -8916, 62135
13983.0, 1676, 1206, 1606, 7965, 143301, -19792, -10522, 62135
13986.7, 1479, 1206, 1606, 7965, 143301, -19792, -10522, 62113
13989.0, 1499, 1206, 1606, 7965, 143301, -19792, -10522, 62113
13994.7, 1525, 1346, 2044, 7780, 141192, -20466, -12718, 62101
13998.4, 1655, 1346, 2044, 7780, 141192, -20466, -12718, 62090
14004.1, 1632, 1503, 2365, 7797, 139486, -17526, -12735, 62099
14007.9, 1563, 1503, 2365, 7797, 139486, -17526, -12735, 62125
14013.6, 1622, 1334, 2508, 7978, 136248, -15137, -10740, 62143
14017.3, 1664, 1334, 2508, 7978, 136248, -15137, -10740, 62144
14023.1, 1737, 1191, 2729, 7626, 134489, -13155, -6846, 62157
14026.8, 1533, 1191, 2729, 7626, 134489, -13155, -6846, 62154
14031.1, 1410, 1207, 2461, 7592, 129554, -12521, -4755, 62154
14034.8, 1866, 1207, 2461, 7592, 129554, -12521, -4755, 62161
14037.1, 1652, 1207, 2461, 7592, 129554, -12521, -4755, 62161
14042.8, 1684, 1253, 2850, 7422, 126299, -14520, -6251, 62163
14046.5, 1574, 1253, 2850, 7422, 126299, -14520, -6251, 62160
14050.8, 1762, 1237, 3123, 7675, 122646, -14822, -8102, 62160
14054.6, 1018, 1237, 3123, 7675, 122646, -14822, -8102, 62147
14056.9, 1240, 1237, 3123, 7675, 122646, -14822, -8102, 62147
14062.6, 1736, 1330, 3430, 8225, 121889, -13698, -8041, 62148
14066.3, 1373, 1330, 3430, 8225, 121889, -13698, -8041, 62139
14070.6, 2014, 1422, 3584, 7484, 119946, -11602, -6352, 62139
14074.3, 1779, 1422, 3584, 7484, 119946, -11602, -6352, 62142
14076.6, 1297, 1422, 3584, 7484, 119946, -11602, -6352, 62142
14080.9, 1140, 1585, 3595, 6461, 115300, -8093, -3412, 62142
14084.6, 1921, 1585, 3595, 6461, 115300, -8093, -3412, 62150
14086.9, 1735, 1585, 3595, 6461, 115300, -8093, -3412, 62150
14092.7, 1733, 1472, 3820, 7966, 113371, -7157, -2143, 62158
14096.4, 1580, 1472, 3820, 7966, 113371, -7157, -2143, 62125
14100.7, 1521, 1338, 4005, 7086, 109910, -6671, -2633, 62125
14104.4, 1766, 1338, 4005, 7086, 109910, -6671, -2633, 62175
14108.7, 1443, 1235, 4292, 6918, 106913, -3478, -3775, 62175
14112.4, 1595, 1235, 4292, 6918, 106913, -3478, -3775, 62176
14116.2, 1667, 1235, 4292, 6918, 106913, -3478, -3775, 62163
14120.4, 1668, 1201, 4701, 7482, 104551, -5928, -5184, 62163
14124.1, 1799, 1201, 4701, 7482, 104551, -5928, -5184, 62157
14128.3, 1774, 1168, 5188, 6964, 100530, -9104, -4891, 62157
14132.1, 1729, 1168, 5188, 6964, 100530, -9104, -4891, 62121
14135.9, 1508, 1168, 5188, 6964, 100530, -9104, -4891, 62132
14140.1, 1553, 1328, 5391, 6865, 97043, -8894, -3259, 62132
14143.9, 1965, 1328, 5391, 6865, 97043, -8894, -3259, 62144
14148.1, 1556, 1756, 5304, 7083, 95245, -7380, -1981, 62144
14151.8, 1755, 1756, 5304, 7083, 95245, -7380, -1981, 62144
14154.1, 1573, 1756, 5304, 7083, 95245, -7380, -1981, 62144
14159.9, 1671, 1866, 5319, 6781, 92042, -4515, -1434, 62148
14163.6, 1616, 1866, 5319, 6781, 92042, -4515, -1434, 62186
14167.8, 1672, 1938, 5407, 6677, 91959, -2541, 74, 62186
14171.5, 1615, 1938, 5407, 6677, 91959, -2541, 74, 62157
14173.8, 1415, 1938, 5407, 6677, 91959, -2541, 74, 62157
14179.5, 1992, 1659, 5555, 6326, 88695, -157, 2323, 62175
14183.2, 1531, 1659, 5555, 6326, 88695, -157, 2323, 62185
14188.9, 1713, 1485, 5728, 6356, 83703, 1833, 4541, 62187
14191.2, 1147, 1485, 5728, 6356, 83703, 1833, 4541, 62187
14193.4, 1129, 1485, 5728, 6356, 83703, 1833, 4541, 62187
14199.2, 1606, 1242, 5935, 6890, 81332, 4427, 4690, 62203
14201.4, 1493, 1242, 5935, 6890, 81332, 4427, 4690, 62203
14205.7, 1647, 1292, 6147, 6865, 79460, 4633, 1876, 62203
14209.5, 1570, 1292, 6147, 6865, 79460, 4633, 1876, 62210
14211.7, 1557, 1292, 6147, 6865, 79460, 4633, 1876, 62210
14216.0, 1779, 1167, 6166, 6001, 75334, 2467, -3158, 62210
14219.8, 1353, 1167, 6166, 6001, 75334, 2467, -3158, 62226
14222.1, 1363, 1167, 6166, 6001, 75334, 2467, -3158, 62226
14227.8, 1679, 993, 6650, 6395, 71698, -713, -6203, 62265
14231.5, 1669, 993, 6650, 6395, 71698, -713, -6203, 62251
14235.8, 1817, 1137, 6751, 6454, 68741, -4020, -6037, 62251
14239.6, 1549, 1137, 6751, 6454, 68741, -4020, -6037, 62241
14241.8, 922, 1137, 6751, 6454, 68741, -4020, -6037, 62241
14246.1, 1613, 1350, 6766, 6900, 66912, -15448, -5630, 62241
14249.8, 1705, 1350, 6766, 6900, 66912, -15448, -5630, 62255
14254.0, 1663, 1350, 6766, 6900, 63705, -14910, -2458, 62255
14257.8, 1709, 1350, 6766, 6900, 63705, -14910, -2458, 62261
14261.5, 1662, 1350, 6766, 6900, 63705, -14910, -2458, 62260
14265.8, 1805, 1875, 6151, 5128, 59474, -7686, -524, 62260
14269.6, 1535, 1875, 6151, 5128, 59474, -7686, -524, 62234
14273.8, 1685, 1875, 6151, 5128, 56985, -10158, -2550, 62234
14277.6, 1677, 1875, 6151, 5128, 56985, -10158, -2550, 62225
14281.4, 1426, 1875, 6151, 5128, 56985, -10158, -2550, 62217
14285.6, 1753, 1563, 6910, 6293, 53047, -11733, -4178, 62217
14289.4, 1751, 1563, 6910, 6293, 53047, -11733, -4178, 62220
14293.6, 1800, 1563, 6910, 5837, 50330, -5232, -3206, 62220
14297.4, 1727, 1563, 6910, 5837, 50330, -5232, -3206, 62233
14301.1, 1681, 1563, 6910, 5837, 50330, -5232, -3206, 62228
14305.4, 1577, 1722, 7165, 5492, 48410, 454, -2257, 62228
14309.2, 1838, 1722, 7165, 5492, 48410, 454, -2257, 62226
14313.4, 1569, 1722, 7165, 5679, 45561, -118, -3010, 62226
14317.1, 1806, 1722, 7165, 5679, 45561, -118, -3010, 62230
14320.9, 1610, 1722, 7165, 5679, 45561, -118, -3010, 62240
14325.2, 1502, 1676, 7239, 5814, 41790, -3062, -5254, 62240
14329.0, 1685, 1676, 7239, 5814, 41790, -3062, -5254, 62269
14333.2, 1753, 1676, 7239, 5850, 39769, -4226, -6908, 62269
14336.9, 1800, 1676, 7239, 5850, 39769, -4226, -6908, 62257
14342.7, 1501, 1589, 7380, 5850, 39769, -4226, -6908, 62255
14346.4, 1626, 1589, 7380, 5850, 39769, -4226, -6908, 62246
14348.7, 1339, 1589, 7380, 5850, 39769, -4226, -6908, 62246
14354.4, 1779, 1608, 7504, 5835, 36059, -2143, -7236, 62241
14356.7, 1445, 1608, 7504, 5835, 36059, -2143, -7236, 62241
14360.9, 1742, 1712, 7442, 5835, 36059, -2143, -7236, 62241
14364.7, 1861, 1712, 7442, 5835, 36059, -2143, -7236, 62209
14367.0, 1446, 1712, 7442, 5835, 36059, -2143, -7236, 62209
14372.7, 1515, 1799, 7589, 5726, 33101, -4243, -7503, 62197
14376.4, 1657, 1799, 7589, 5726, 33101, -4243, -7503, 62172
14380.6, 1842, 1786, 7755, 5514, 30341, -6339, -6720, 62172
14384.4, 1676, 1786, 7755, 5514, 30341, -6339, -6720, 62160
14386.7, 1468, 1786, 7755, 5514, 30341, -6339, -6720, 62160
14390.9, 1784, 1926, 7758, 5638, 30279, -5302, -5088, 62160
14394.7, 1720, 1926, 7758, 5638, 30279, -5302, -5088, 62110
14397.0, 1426, 1926, 7758, 5638, 30279, -5302, -5088, 62110
14402.7, 2038, 1925, 7679, 5398, 26871, -2778, -3548, 62083
14406.4, 1612, 1925, 7679, 5398, 26871, -2778, -3548, 62073
14410.7, 1513, 1841, 7857, 5663, 25322, -1644, -3548, 62073
14414.5, 1715, 1841, 7857, 5663, 25322, -1644, -3548, 62055
14418.7, 1830, 1666, 8009, 5736, 25034, -778, -1448, 62055
14422.4, 1717, 1666, 8009, 5736, 25034, -778, -1448, 62052
14426.2, 1845, 1666, 8009, 5736, 25034, -778, -1448, 62052
14430.5, 1709, 1663, 7818, 5629, 24618, -546, 914, 62052
14434.3, 1620, 1663, 7818, 5629, 24618, -546, 914, 61880
14438.5, 1758, 1540, 7759, 5615, 22168, -2524, 1513, 61880
14442.2, 1654, 1540, 7759, 5615, 22168, -2524, 1513, 61877
14446.0, 1820, 1540, 7759, 5615, 22168, -2524, 1513, 61865
14450.2, 1836, 1534, 7961, 5551, 20685, -4405, 590, 61865
14454.0, 1670, 1534, 7961, 5551, 20685, -4405, 590, 61826
14458.2, 1736, 1520, 8051, 5532, 19044, -5162, -879, 61826
14461.9, 1698, 1520, 8051, 5532, 19044, -5162, -879, 61874
14465.7, 1725, 1520, 8051, 5532, 19044, -5162, -879, 61882
14469.9, 1680, 1686, 8108, 5332, 17211, -3976, -1859, 61882
14473.6, 1725, 1686, 8108, 5332, 17211, -3976, -1859, 61896
14477.9, 1752, 1767, 8117, 5231, 14853, -3373, -2371, 61896
14481.6, 1681, 1767, 8117, 5231, 14853, -3373, -2371, 61931
14483.9, 1436, 1767, 8117, 5231, 14853, -3373, -2371, 61931
14489.7, 1801, 1895, 8170, 5248, 13339, -3075, -2043, 61911
14493.4, 1736, 1895, 8170, 5248, 13339, -3075, -2043, 61916
14499.1, 1855, 1764, 8100, 5124, 10005, -2196, -1194, 61908
14502.9, 1542, 1764, 8100, 5124, 10005, -2196, -1194, 61916
14508.6, 1779, 1707, 8090, 5035, 7017, -1732, -568, 61924
14510.8, 1383, 1707, 8090, 5035, 7017, -1732, -568, 61924
14513.1, 1322, 1707, 8090, 5035, 7017, -1732, -568, 61924
14518.8, 1783, 1671, 8087, 5023, 4081, -1513, -678, 61919
14521.1, 1459, 1671, 8087, 5023, 4081, -1513, -678, 61919
14523.3, 1376, 1671, 8087, 5023, 4081, -1513, -678, 61919
14529.0, 1659, 1642, 8082, 4990, 770, -1001, -1067, 61905
14531.3, 1346, 1642, 8082, 4990, 770, -1001, -1067, 61905
14535.5, 1738, 1645, 8004, 5063, -2865, -1049, -1255, 61905
14539.3, 1696, 1645, 8004, 5063, -2865, -1049, -1255, 61898
14541.6, 1276, 1645, 8004, 5063, -2865, -1049, -1255, 61898
14545.8, 1755, 1617, 8090, 4924, -6181, -1255, -866, 61898
14549.6, 1718, 1617, 8090, 4924, -6181, -1255, -866, 61887
14551.9, 1394, 1617, 8090, 4924, -6181, -1255, -866, 61887
14557.6, 1734, 1896, 7852, 4397, -9944, 783, 599, 61874
14561.3, 1612, 1896, 7852, 4397, -9944, 783, 599, 61863
14565.6, 1790, 1880, 8001, 4561, -14245, 4125, 2213, 61863
14569.3, 1659, 1880, 8001, 4561, -14245, 4125, 2213, 61847
14571.6, 1339, 1880, 8001, 4561, -14245, 4125, 2213, 61847
14575.9, 1720, 1816, 7892, 4668, -18782, 6501, 2865, 61847
14579.6, 1673, 1816, 7892, 4668, -18782, 6501, 2865, 61825
14583.9, 1646, 1590, 7961, 4599, -23170, 8141, 2690, 61825
14587.6, 1568, 1590, 7961, 4599, -23170, 8141, 2690, 61798
14591.3, 1824, 1590, 7961, 4599, -23170, 8141, 2690, 61783
14595.6, 1588, 1511, 7960, 4726, -28534, 8063, 892, 61783
14599.3, 1661, 1511, 7960, 4726, -28534, 8063, 892, 61745
14603.5, 1725, 1845, 7837, 4370, -33101, 9611, -1312, 61745
14607.3, 1565, 1845, 7837, 4370, -33101, 9611, -1312, 61715
14611.0, 1693, 1845, 7837, 4370, -33101, 9611, -1312, 61677
14615.3, 1677, 1890, 7631, 4842, -37660, 10889, -2323, 61677
14619.0, 1641, 1890, 7631, 4842, -37660, 10889, -2323, 61573
14623.2, 1607, 1718, 7587, 4974, -43081, 8583, -966, 61573
14626.9, 1536, 1718, 7587, 4974, -43081, 8583, -966, 61562
14630.7, 1551, 1718, 7587, 4974, -43081, 8583, -966, 61523
14634.9, 1657, 1592, 7340, 5038, -48340, 8128, 1413, 61523
14638.7, 1595, 1592, 7340, 5038, -48340, 8128, 1413, 61498
14643.0, 1633, 1296, 7323, 5109, -52872, 7516, 2528, 61498
14646.7, 1622, 1296, 7323, 5109, -52872, 7516, 2528, 61485
14649.0, 1283, 1296, 7323, 5109, -52872, 7516, 2528, 61485
14654.7, 1662, 1301, 7191, 4970, -57295, 7061, 1364, 61467
14658.4, 1776, 1301, 7191, 4970, -57295, 7061, 1364, 61424
14664.2, 1434, 1276, 7162, 5295, -62139, 3600, -1364, 61407
14667.9, 1635, 1276, 7162, 5295, -62139, 3600, -1364, 61402
14673.6, 1735, 1247, 7057, 5456, -67914, -1281, -4383, 61391
14675.9, 1491, 1247, 7057, 5456, -67914, -1281, -4383, 61391
14678.1, 1371, 1247, 7057, 5456, -67914, -1281, -4383, 61391
14683.8, 1694, 1192, 7098, 5423, -72416, -5276, -6335, 61409
14686.0, 1486, 1192, 7098, 5423, -72416, -5276, -6335, 61409
14690.3, 1669, 1387, 7130, 5260, -77338, -8719, -6208, 61409
14694.1, 1487, 1387, 7130, 5260, -77338, -8719, -6208, 61364
14696.3, 1264, 1387, 7130, 5260, -77338, -8719, -6208, 61364
14700.6, 1770, 1611, 6930, 5782, -82421, -11523, -4401, 61364
14704.3, 1598, 1611, 6930, 5782, -82421, -11523, -4401, 61354
14706.6, 1346, 1611, 6930, 5782, -82421, -11523, -4401, 61354
14710.8, 1626, 1419, 6766, 5734, -85278, -9721, -3241, 61354
14714.5, 1425, 1419, 6766, 5734, -85278, -9721, -3241, 61319
14716.8, 1166, 1419, 6766, 5734, -85278, -9721, -3241, 61319
14721.0, 1733, 1568, 6366, 5933, -86858, -3416, -3040, 61319
14724.7, 1632, 1568, 6366, 5933, -86858, -3416, -3040, 61330
14727.0, 1372, 1568, 6366, 5933, -86858, -3416, -3040, 61330
14732.7, 1655, 1688, 6214, 6174, -88008, -1172, -2489, 61321
14736.4, 1533, 1688, 6214, 6174, -88008, -1172, -2489, 61357
14740.7, 1585, 1541, 6085, 6079, -91268, -3946, -1220, 61357
14744.5, 1579, 1541, 6085, 6079, -91268, -3946, -1220, 61334
14748.7, 1561, 1393, 6011, 5703, -96089, -5525, -428, 61334
14752.5, 1511, 1393, 6011, 5703, -96089, -5525, -428, 61400
14756.2, 1709, 1393, 6011, 5703, -96089, -5525, -428, 61419
14760.5, 1737, 1301, 5980, 5986, -100084, -5180, -2121, 61419
14764.3, 1498, 1301, 5980, 5986, -100084, -5180, -2121, 61427
14768.5, 1655, 1203, 6074, 6703, -102044, -4668, -5801, 61427
14772.2, 1655, 1203, 6074, 6703, -102044, -4668, -5801, 61446
14776.0, 1601, 1203, 6074, 6703, -102044, -4668, -5801, 61447
14780.3, 1734, 1122, 6168, 7278, -101860, -5451, -7673, 61447
14784.0, 1587, 1122, 6168, 7278, -101860, -5451, -7673, 61464
14788.2, 1579, 1159, 5819, 7064, -104459, -7345, -4860, 61464
14791.9, 1515, 1159, 5819, 7064, -104459, -7345, -4860, 61486
14795.7, 1571, 1159, 5819, 7064, -104459, -7345, -4860, 61503
14799.9, 1953, 1492, 5202, 7247, -107337, -8710, -376, 61503
14803.6, 1542, 1492, 5202, 7247, -107337, -8710, -376, 61510
14807.9, 1561, 1639, 4584, 7167, -109538, -10215, 927, 61510
14811.6, 1583, 1639, 4584, 7167, -109538, -10215, 927, 61489
14813.9, 1364, 1639, 4584, 7167, -109538, -10215, 927, 61489
14819.7, 1550, 1667, 4205, 7722, -110330, -10447, -1137, 61489
14823.4, 1582, 1667, 4205, 7722, -110330, -10447, -1137, 61465
14829.1, 1692, 1651, 4374, 7030, -110610, -7179, -2126, 61464
14831.4, 1580, 1651, 4374, 7030, -110610, -7179, -2126, 61464
14833.6, 1435, 1651, 4374, 7030, -110610, -7179, -2126, 61464
14839.4, 1607, 1684, 4435, 6940, -112933, -1942, -446, 61463
14841.6, 1463, 1684, 4435, 6940, -112933, -1942, -446, 61463
14845.9, 1528, 1684, 4702, 7805, -112973, 415, 2935, 61463
14849.7, 1477, 1684, 4702, 7805, -112973, 415, 2935, 61455
14852.0, 1423, 1684, 4702, 7805, -112973, 415, 2935, 61455
14857.7, 1743, 1265, 4585, 7799, -113550, 2585, 6571, 61443
14861.4, 1636, 1265, 4585, 7799, -113550, 2585, 6571, 61440
14865.7, 1389, 1384, 4041, 8942, -111971, 3119, 8382, 61440
14869.5, 1558, 1384, 4041, 8942, -111971, 3119, 8382, 61476
14871.8, 1621, 1384, 4041, 8942, -111971, 3119, 8382, 61476
14876.0, 1737, 1364, 3414, 8675, -112102, 131, 7643, 61476
14879.8, 1522, 1364, 3414, 8675, -112102, 131, 7643, 61481
14882.1, 1419, 1364, 3414, 8675, -112102, 131, 7643, 61481
14887.8, 1566, 1355, 2888, 7793, -114062, 179, 5971, 61490
14891.5, 1575, 1355, 2888, 7793, -114062, 179, 5971, 61497
14895.8, 1628, 1678, 2502, 8572, -113874, 3241, 4138, 61497
14899.6, 1612, 1678, 2502, 8572, -113874, 3241, 4138, 61507
14901.8, 1457, 1678, 2502, 8572, -113874, 3241, 4138, 61507
14906.1, 1610, 1648, 2876, 8247, -114661, 3031, 3346, 61507
14909.9, 1533, 1648, 2876, 8247, -114661, 3031, 3346, 61555
14914.2, 1724, 1648, 2876, 8247, -117597, 5009, 5910, 61555
14917.9, 1602, 1648, 2876, 8247, -117597, 5009, 5910, 61545
14921.7, 1548, 1648, 2876, 8247, -117597, 5009, 5910, 61500
14925.9, 1553, 1459, 3356, 9026, -115698, 8920, 9682, 61500
14929.6, 1775, 1459, 3356, 9026, -115698, 8920, 9682, 61550
14933.8, 1682, 1459, 3356, 9026, -115213, 11685, 13370, 61550
14937.6, 1570, 1459, 3356, 9026, -115213, 11685, 13370, 61516
14941.3, 1634, 1459, 3356, 9026, -115213, 11685, 13370, 61500
14945.6, 1722, 1408, 2625, 10121, -112369, 12118, 15509, 61500
14949.4, 1391, 1408, 2625, 10121, -112369, 12118, 15509, 61456
14953.6, 1509, 1408, 2625, 10121, -109814, 8623, 13956, 61456
14957.4, 1596, 1408, 2625, 10121, -109814, 8623, 13956, 61461
14961.1, 1623, 1408, 2625, 10121, -109814, 8623, 13956, 61448
14965.4, 1638, 1737, 809, 8652, -108051, 7061, 11020, 61448
14969.2, 1596, 1737, 809, 8652, -108051, 7061, 11020, 60850
14973.4, 1625, 1737, 809, 8652, -109831, 9200, 9192, 60850
14977.1, 1612, 1737, 809, 8652, -109831, 9200, 9192, 60861
14982.9, 1604, 1599, 638, 8069, -109831, 11204, 10211, 60899
14986.6, 1620, 1599, 638, 8069, -109831, 11204, 10211, 60881
14988.9, 1371, 1599, 638, 8069, -109831, 11204, 10211, 60881
14994.6, 1630, 1362, 1241, 8771, -115099, 13772, 14043, 60913
14996.9, 1449, 1362, 1241, 8771, -115099, 13772, 14043, 60913
15002.6, 1698, 1007, 2146, 8866, -115099, 13772, 14043, 60939
15006.4, 1783, 1007, 2146, 8866, -115099, 13772, 14043, 60985
15010.6, 1730, 903, 2542, 9388, -114683, 18922, 18274, 60985
15014.4, 1520, 903, 2542, 9388, -114683, 18922, 18274, 60990
15016.7, 1387, 903, 2542, 9388, -114683, 18922, 18274, 60990
15020.9, 1553, 975, 2276, 10274, -112426, 19884, 19381, 60990
15024.7, 1638, 975, 2276, 10274, -112426, 19884, 19381, 61032
15026.9, 1670, 975, 2276, 10274, -112426, 19884, 19381, 61032
15032.7, 1635, 1294, 1532, 10459, -108834, 12766, 17027, 61032
15036.4, 1504, 1294, 1532, 10459, -108834, 12766, 17027, 61018
15040.7, 1661, 1602, 556, 8919, -111581, 4580, 12525, 61018
15044.8, 1493, 1602, 556, 8919, -111581, 4580, 12525, 61022
15047.1, 1352, 1602, 556, 8919, -111581, 4580, 12525, 61022
15052.8, 1662, 1498, 13, 10150, -111612, -2209, 8925, 61047
15056.5, 1727, 1498, 13, 10150, -111612, -2209, 8925, 61017
15060.8, 1650, 1535, 22, 9052, -110820, -1920, 9922, 61017
15064.6, 1555, 1535, 22, 9052, -110820, -1920, 9922, 61050
15068.8, 1568, 1509, -1, 8941, -112526, 3027, 13343, 61050
15072.6, 1512, 1509, -1, 8941, -112526, 3027, 13343, 61034
15076.3, 1722, 1509, -1, 8941, -112526, 3027, 13343, 61027
15080.6, 1737, 1354, 508, 8830, -114018, 7931, 17045, 61027
15084.3, 1519, 1354, 508, 8830, -114018, 7931, 17045, 61045
15088.5, 1596, 1015, 902, 9866, -114902, 9520, 21166, 61045
15092.2, 1809, 1015, 902, 9866, -114902, 9520, 21166, 61117
15096.0, 1762, 1015, 902, 9866, -114902, 9520, 21166, 61157
15100.2, 1539, 975, 436, 10162, -115396, 6912, 23240, 61157
15104.0, 1572, 975, 436, 10162, -115396, 6912, 23240, 61182
15108.2, 1742, 1162, -410, 9851, -114373, 3408, 20978, 61182
15112.0, 1659, 1162, -410, 9851, -114373, 3408, 20978, 61239
15115.7, 1568, 1162, -410, 9851, -114373, 3408, 20978, 61255
15120.0, 1460, 1321, -1113, 10043, -112054, 231, 16165, 61255
15123.7, 1529, 1321, -1113, 10043, -112054, 231, 16165, 61285
15127.9, 1737, 1357, -1626, 9616, -111363, -2016, 12915, 61285
15131.7, 1681, 1357, -1626, 9616, -111363, -2016, 12915, 61288
15134.0, 1446, 1357, -1626, 9616, -111363, -2016, 12915, 61288
15139.7, 1603, 1150, -1664, 9862, -109298, -5306, 14280, 61308
15143.5, 1545, 1150, -1664, 9862, -109298, -5306, 14280, 61307
15149.2, 1594, 1138, -1740, 9306, -109844, -7778, 18922, 61296
15152.9, 1783, 1138, -1740, 9306, -109844, -7778, 18922, 61284
15158.7, 1696, 1214, -1607, 9401, -112583, -6873, 22872, 61285
15160.9, 1554, 1214, -1607, 9401, -112583, -6873, 22872, 61285
15163.3, 1519, 1214, -1607, 9401, -112583, -6873, 22872, 61285
15169.0, 1453, 1313, -1408, 9799, -112806, -4134, 23240, 61265
15171.3, 1319, 1313, -1408, 9799, -112806, -4134, 23240, 61265
15175.5, 1618, 1381, -1455, 9776, -110623, -594, 20930, 61265
15179.2, 1587, 1381, -1455, 9776, -110623, -594, 20930, 61247
15181.5, 1437, 1381, -1455, 9776, -110623, -594, 20930, 61247
15185.7, 1685, 1514, -1888, 9752, -106047, 813, 18117, 61247
15189.4, 1639, 1514, -1888, 9752, -106047, 813, 18117, 61237
15191.7, 1521, 1514, -1888, 9752, -106047, 813, 18117, 61237
15195.9, 1704, 1534, -2605, 8836, -106016, -39, 16830, 61237
15199.6, 1556, 1534, -2605, 8836, -106016, -39, 16830, 61233
15201.9, 1457, 1534, -2605, 8836, -106016, -39, 16830, 61233
15206.1, 1703, 1600, -2994, 9122, -108164, -3749, 17054, 61233
15209.9, 1689, 1600, -2994, 9122, -108164, -3749, 17054, 61265
15214.2, 1534, 1459, -2779, 9422, -110378, -5416, 18375, 61265
15217.9, 1519, 1459, -2779, 9422, -110378, -5416, 18375, 61244
15221.7, 1622, 1459, -2779, 9422, -110378, -5416, 18375, 61262
15225.9, 1621, 1086, -2383, 9952, -110225, -1426, 21507, 61262
15229.6, 1738, 1086, -2383, 9952, -110225, -1426, 21507, 61271
15233.8, 1803, 1102, -2280, 9512, -109079, 2721, 24920, 61271
15237.6, 1684, 1102, -2280, 9512, -109079, 2721, 24920, 61270
15241.4, 1568, 1102, -2280, 9512, -109079, 2721, 24920, 61273
15245.6, 1546, 1278, -2732, 9644, -111017, 2305, 24662, 61273
15249.4, 1627, 1278, -2732, 9644, -111017, 2305, 24662, 61264
15253.6, 1674, 1405, -3247, 9526, -110903, -1881, 20252, 61264
15257.4, 1920, 1405, -3247, 9526, -110903, -1881, 20252, 61240
15261.1, 1584, 1405, -3247, 9526, -110903, -1881, 20252, 61231
15265.4, 1399, 1561, -3557, 9064, -112399, -2975, 15373, 61231
15269.2, 1559, 1561, -3557, 9064, -112399, -2975, 15373, 61225
15273.4, 1685, 1815, -3769, 9192, -111958, -1833, 12136, 61225
15277.1, 1723, 1815, -3769, 9192, -111958, -1833, 12136, 61243
15280.9, 1638, 1815, -3769, 9192, -111958, -1833, 12136, 61256
15285.2, 1589, 1714, -3898, 8997, -111214, -2104, 12587, 61256
15288.9, 1640, 1714, -3898, 8997, -111214, -2104, 12587, 61271
15293.1, 1574, 1618, -4185, 8760, -110689, -1413, 16209, 61271
15296.8, 1619, 1618, -4185, 8760, -110689, -1413, 16209, 61291
15300.6, 1606, 1618, -4185, 8760, -110689, -1413, 16209, 61304
15304.8, 1616, 1226, -4326, 9093, -108423, -1124, 20554, 61304
15308.6, 1649, 1226, -4326, 9093, -108423, -1124, 20554, 61332
15314.3, 1547, 1082, -4655, 8613, -108011, -608, 23481, 61371
15316.5, 1593, 1082, -4655, 8613, -108011, -608, 23481, 61371
15318.8, 1652, 1082, -4655, 8613, -108011, -608, 23481, 61371
15324.5, 1597, 1220, -4917, 8896, -109674, -441, 22579, 61363
15326.8, 1657, 1220, -4917, 8896, -109674, -441, 22579, 61363
15332.6, 1738, 1210, -4939, 9278, -111608, -2161, 18589, 61399
15336.4, 1113, 1210, -4939, 9278, -111608, -2161, 18589, 61439
15340.6, 1435, 1177, -4938, 9218, -109543, -402, 15365, 61439
15344.4, 1613, 1177, -4938, 9218, -109543, -402, 15365, 61440
15346.7, 1495, 1177, -4938, 9218, -109543, -402, 15365, 61440
15350.9, 1624, 1289, -5230, 8315, -106515, 3675, 13864, 61440
15354.7, 1596, 1289, -5230, 8315, -106515, 3675, 13864, 61459
15357.0, 1534, 1289, -5230, 8315, -106515, 3675, 13864, 61459
15362.7, 1702, 1571, -5642, 8456, -106371, 5131, 12468, 61463
15366.4, 1627, 1571, -5642, 8456, -106371, 5131, 12468, 61477
15370.6, 1663, 1619, -5706, 8592, -107014, 433, 11948, 61477
15374.4, 1594, 1619, -5706, 8592, -107014, 433, 11948, 61523
15376.6, 1491, 1619, -5706, 8592, -107014, 433, 11948, 61523
15380.9, 1614, 1609, -5468, 8400, -108388, -1032, 13488, 61523
15384.7, 1554, 1609, -5468, 8400, -108388, -1032, 13488, 61532
15388.9, 1700, 1514, -5340, 8415, -109888, 4217, 15990, 61532
15392.6, 1727, 1514, -5340, 8415, -109888, 4217, 15990, 61537
15396.4, 1688, 1514, -5340, 8415, -109888, 4217, 15990, 61558
15400.6, 1551, 1329, -5313, 8695, -109919, 8470, 17832, 61558
15404.4, 1656, 1329, -5313, 8695, -109919, 8470, 17832, 61582
15408.6, 1763, 1286, -5492, 8367, -111809, 10093, 18248, 61582
15412.3, 1639, 1286, -5492, 8367, -111809, 10093, 18248, 61615
15416.1, 1522, 1286, -5492, 8367, -111809, 10093, 18248, 61613
15420.4, 1427, 1206, -5912, 8673, -111804, 9870, 16467, 61613
15424.1, 1625, 1206, -5912, 8673, -111804, 9870, 16467, 61639
15428.4, 1718, 1225, -6470, 8396, -109254, 9550, 12950, 61639
15432.1, 1756, 1225, -6470, 8396, -109254, 9550, 12950, 61645
15435.8, 1828, 1225, -6470, 8396, -109254, 9550, 12950, 61666
15440.1, 1395, 1067, -7043, 7707, -107276, 9673, 9747, 61666
15443.8, 1307, 1067, -7043, 7707, -107276, 9673, 9747, 61262
15448.0, 1700, 1322, -7378, 7206, -105517, 10294, 8487, 61262
15451.8, 1688, 1322, -7378, 7206, -105517, 10294, 8487, 61689
15454.1, 1500, 1322, -7378, 7206, -105517, 10294, 8487, 61689
15459.9, 1690, 1112, -7278, 8071, -105202, 12127, 8789, 61702
15463.6, 1678, 1112, -7278, 8071, -105202, 12127, 8789, 61718
15467.8, 1724, 1058, -7036, 7229, -104809, 14092, 10281, 61718
15471.6, 1699, 1058, -7036, 7229, -104809, 14092, 10281, 61710
15473.8, 1518, 1058, -7036, 7229, -104809, 14092, 10281, 61710
15479.6, 1738, 1076, -7070, 7343, -106104, 16555, 11178, 61728
15481.8, 1488, 1076, -7070, 7343, -106104, 16555, 11178, 61728
15486.1, 1649, 1076, -7070, 7343, -108287, 17019, 9979, 61728
15489.9, 1613, 1076, -7070, 7343, -108287, 17019, 9979, 61715
15492.2, 1530, 1076, -7070, 7343, -108287, 17019, 9979, 61715
15497.9, 1632, 1070, -7012, 7511, -111109, 18642, 7708, 61734
15501.6, 1537, 1070, -7012, 7511, -111109, 18642, 7708, 61762
15505.9, 1520, 991, -6980, 7511, -112220, 22181, 5285, 61762
15509.7, 1592, 991, -6980, 7511, -112220, 22181, 5285, 61785
15511.9, 1513, 991, -6980, 7511, -112220, 22181, 5285, 61785
15517.7, 1673, 836, -7820, 7356, -108370, 24172, 3801, 62568
15521.4, 1575, 836, -7820, 7356, -108370, 24172, 3801, 62605
15525.7, 1537, 687, -7820, 7356, -108948, 25799, 4081, 62605
15529.4, 1622, 687, -7820, 7356, -108948, 25799, 4081, 62638
15531.7, 1480, 687, -7820, 7356, -108948, 25799, 4081, 62638
15536.0, 1626, 825, -8344, 7051, -105198, 23231, 4248, 62638
15539.8, 1823, 825, -8344, 7051, -105198, 23231, 4248, 62624
15544.0, 1723, 825, -8344, 7051, -105198, 23231, 4248, 62624
15547.8, 1458, 825, -8344, 7051, -105198, 23231, 4248, 62686
15551.5, 1270, 825, -8344, 7051, -105198, 23231, 4248, 62715
15555.8, 1476, 754, -8113, 6345, -106099, 19906, 1968, 62715
15559.6, 1776, 754, -8113, 6345, -106099, 19906, 1968, 62742
15563.8, 1737, 754, -8113, 6345, -106099, 19906, 1968, 62742
15567.6, 1711, 754, -8113, 6345, -106099, 19906, 1968, 62770
15571.3, 1660, 754, -8113, 6345, -106099, 19906, 1968, 62805
15575.6, 1614, 646, -8281, 6012, -105951, 24767, 1815, 62805
15579.3, 1635, 646, -8281, 6012, -105951, 24767, 1815, 62786
15583.5, 1700, 646, -8281, 6012, -105951, 24767, 1815, 62786
15587.2, 1685, 646, -8281, 6012, -105951, 24767, 1815, 62858
15591.0, 1582, 646, -8281, 6012, -105951, 24767, 1815, 62891
15595.2, 1591, 680, -8568, 6087, -106808, 21980, -594, 62891
15598.9, 1636, 680, -8568, 6087, -106808, 21980, -594, 62921
15603.2, 1685, 680, -8568, 6087, -106808, 21980, -594, 62921
15607.0, 1776, 680, -8568, 6087, -106808, 21980, -594, 62113
15610.7, 1564, 680, -8568, 6087, -106808, 21980, -594, 62953
15615.0, 1499, 261, -8878, 5824, -104205, 25524, -494, 62953
15618.7, 1455, 261, -8878, 5824, -104205, 25524, -494, 62966
15623.0, 1610, 261, -8878, 5824, -104205, 25524, -494, 62966
15626.7, 1563, 261, -8878, 5824, -104205, 25524, -494, 62969
15629.0, 1491, 261, -8878, 5824, -104205, 25524, -494, 62969
15634.8, 1702, 116, -9466, 5328, -99204, 26294, -953, 63001
15638.5, 1590, 116, -9466, 5328, -99204, 26294, -953, 62971
15644.3, 1667, 116, -9466, 5328, -99204, 26294, -953, 62969
15646.5, 1445, 116, -9466, 5328, -99204, 26294, -953, 62969
15650.8, 1629, 373, -9296, 5327, -97393, 22137, -2905, 62969
15654.5, 1646, 373, -9296, 5327, -97393, 22137, -2905, 62992
15656.8, 1494, 373, -9296, 5327, -97393, 22137, -2905, 62992
15662.5, 1658, 530, -9375, 5100, -95035, 16765, -3946, 62996
15666.3, 1542, 530, -9375, 5100, -95035, 16765, -3946, 63031
15670.5, 1623, 482, -9145, 4766, -94536, 13322, -3552, 63031
15674.2, 1659, 482, -9145, 4766, -94536, 13322, -3552, 63053
15676.5, 1492, 482, -9145, 4766, -94536, 13322, -3552, 63053
15680.7, 1766, 557, -9092, 4672, -92099, 12167, -1924, 63053
15684.4, 1494, 557, -9092, 4672, -92099, 12167, -1924, 63102
15686.7, 1142, 557, -9092, 4672, -92099, 12167, -1924, 63102
15690.9, 1637, 393, -9339, 5081, -91837, 12228, -577, 63102
15694.6, 1644, 393, -9339, 5081, -91837, 12228, -577, 63136
15696.9, 1414, 393, -9339, 5081, -91837, 12228, -577, 63136
15701.1, 1706, 303, -9759, 4890, -89640, 11200, -594, 63136
15704.9, 1742, 303, -9759, 4890, -89640, 11200, -594, 63171
15709.1, 1661, 16, -9958, 4640, -89229, 14380, -1430, 63171
15712.9, 1469, 16, -9958, 4640, -89229, 14380, -1430, 63165
15716.6, 1540, 16, -9958, 4640, -89229, 14380, -1430, 62487
15720.9, 1613, 106, -9934, 4240, -86814, 18489, -2983, 62487
15724.6, 1642, 106, -9934, 4240, -86814, 18489, -2983, 63199
15728.8, 1709, 187, -9741, 4951, -86136, 17955, -4948, 63199
15732.6, 1700, 187, -9741, 4951, -86136, 17955, -4948, 63197
15736.4, 1616, 187, -9741, 4951, -86136, 17955, -4948, 63203
15740.6, 1615, 388, -9727, 4298, -84867, 9008, -5989, 63203
15744.4, 1613, 388, -9727, 4298, -84867, 9008, -5989, 63232
15748.6, 1852, 484, -9718, 3976, -82745, 3955, -4624, 63232
15752.3, 1857, 484, -9718, 3976, -82745, 3955, -4624, 63211
15756.1, 1519, 484, -9718, 3976, -82745, 3955, -4624, 63217
15760.3, 1344, 495, -9730, 3846, -81056, 2060, -2791, 63217
15764.1, 1630, 495, -9730, 3846, -81056, 2060, -2791, 63192
15768.3, 1841, 455, -9897, 3854, -78838, 2344, -2318, 63192
15772.0, 1457, 455, -9897, 3854, -78838, 2344, -2318, 62686
15775.7, 1395, 455, -9897, 3854, -78838, 2344, -2318, 63195
15780.0, 1591, 227, -10207, 3679, -74857, 2817, -3530, 63195
15783.7, 1891, 227, -10207, 3679, -74857, 2817, -3530, 63144
15788.0, 1647, -4, -10466, 3428, -70604, 6409, -4751, 63144
15791.7, 1503, -4, -10466, 3428, -70604, 6409, -4751, 63211
15794.0, 1321, -4, -10466, 3428, -70604, 6409, -4751, 63211
15799.7, 1747, 52, -10421, 3315, -64396, 10767, -4589, 63223
15802.0, 1611, 52, -10421, 3315, -64396, 10767, -4589, 63223
15807.7, 1844, 384, -10304, 3535, -58835, 12223, -3058, 63242
15811.4, 1396, 384, -10304, 3535, -58835, 12223, -3058, 63251
15815.7, 1351, 602, -10275, 3425, -53060, 9940, -262, 63251
15819.4, 1567, 602, -10275, 3425, -53060, 9940, -262, 63282
15821.7, 1473, 602, -10275, 3425, -53060, 9940, -262, 63282
15825.9, 1563, 646, -10216, 3702, -48051, 7376, 1001, 63282
15829.6, 1767, 646, -10216, 3702, -48051, 7376, 1001, 63305
15831.9, 1665, 646, -10216, 3702, -48051, 7376, 1001, 63305
15836.1, 1810, 542, -10118, 3621, -43461, 6628, 735, 63305
15839.9, 1882, 542, -10118, 3621, -43461, 6628, 735, 63320
15842.1, 1428, 542, -10118, 3621, -43461, 6628, 735, 63320
15847.9, 1412, 267, -10195, 3694, -37853, 6680, 1150, 63352
15851.6, 1305, 267, -10195, 3694, -37853, 6680, 1150, 63321
15855.9, 1826, 195, -10375, 4094, -31745, 8785, 2546, 63321
15859.6, 1845, 195, -10375, 4094, -31745, 8785, 2546, 63331
15861.9, 1549, 195, -10375, 4094, -31745, 8785, 2546, 63331
15866.1, 1891, 200, -10582, 4151, -25690, 10653, 2922, 63331
15869.8, 1551, 200, -10582, 4151, -25690, 10653, 2922, 63339
15874.1, 1533, 258, -10523, 4149, -19250, 11309, 1430, 63339
15877.9, 1654, 258, -10523, 4149, -19250, 11309, 1430, 63311
15881.6, 1560, 258, -10523, 4149, -19250, 11309, 1430, 63338
15885.9, 1056, 209, -10332, 4339, -11961, 10132, -122, 63338
15889.6, 1163, 209, -10332, 4339, -11961, 10132, -122, 63349
15893.8, 1564, 268, -10421, 4310, -4729, 9760, -249, 63349
15897.6, 1832, 268, -10421, 4310, -4729, 9760, -249, 63355
15901.3, 2118, 268, -10421, 4310, -4729, 9760, -249, 63407
15905.5, 2546, 272, -10420, 4408, 2541, 9900, 100, 63407
15909.3, 1766, 272, -10420, 4408, 2541, 9900, 100, 63379
15913.5, 1019, 283, -10416, 4189, 10119, 8474, -192, 63379
15917.2, 1173, 283, -10416, 4189, 10119, 8474, -192, 63402
15921.0, 1915, 283, -10416, 4189, 10119, 8474, -192, 63442
15925.2, 1887, 299, -10348, 4412, 16957, 8623, -476, 63442
15929.0, 1933, 299, -10348, 4412, 16957, 8623, -476, 63426
15933.2, 1219, 235, -10451, 4480, 24132, 11274, -1168, 63426
15937.0, 1291, 235, -10451, 4480, 24132, 11274, -1168, 63453
15940.7, 1764, 235, -10451, 4480, 24132, 11274, -1168, 63478
15945.0, 2422, 60, -10451, 4627, 31478, 11690, -2406, 63478
15948.8, 1721, 60, -10451, 4627, 31478, 11690, -2406, 63504
15953.0, 1235, -105, -10520, 4774, 39611, 9686, -3128, 63504
15956.8, 1298, -105, -10520, 4774, 39611, 9686, -3128, 63511
15962.5, 1631, -193, -10520, 4853, 48812, 6733, -2594, 63570
15966.2, 1237, -193, -10520, 4853, 48812, 6733, -2594, 63548
15968.5, 1339, -193, -10520, 4853, 48812, 6733, -2594, 63548
15974.3, 1767, -169, -10473, 4905, 56083, 4506, -866, 63555
15976.5, 1263, -169, -10473, 4905, 56083, 4506, -866, 63555
15980.8, 1513, -72, -10546, 5031, 64772, 3941, 341, 63555
15984.5, 1274, -72, -10546, 5031, 64772, 3941, 341, 63562
15986.8, 1293, -72, -10546, 5031, 64772, 3941, 341, 63562
15992.6, 2030, -20, -10697, 5051, 73138, 1675, 279, 63576
15996.3, 1508, -20, -10697, 5051, 73138, 1675, 279, 63564
16000.6, 1679, -72, -10698, 5001, 81328, 1596, -354, 63564
16004.4, 1894, -72, -10698, 5001, 81328, 1596, -354, 63601
16006.7, 1657, -72, -10698, 5001, 81328, 1596, -354, 63601
16010.9, 1763, 61, -10355, 4948, 90087, 3543, 223, 63601
16014.7, 1404, 61, -10355, 4948, 90087, 3543, 223, 63586
16016.9, 1373, 61, -10355, 4948, 90087, 3543, 223, 63586
16022.6, 2414, 128, -10328, 5556, 96177, 2983, 1649, 63617
16026.4, 1593, 128, -10328, 5556, 96177, 2983, 1649, 63616
16030.7, 1066, 139, -10383, 5612, 102731, 761, 2896, 63616
16034.5, 705, 139, -10383, 5612, 102731, 761, 2896, 63618
16038.7, 1820, 139, -10536, 5786, 109149, 1605, 2765, 63618
16042.4, 2148, 139, -10536, 5786, 109149, 1605, 2765, 63631
16046.2, 1467, 139, -10536, 5786, 109149, 1605, 2765, 63635
16050.4, 1213, 35, -10643, 5728, 117107, 5499, 1723, 63635
16054.2, 1697, 35, -10643, 5728, 117107, 5499, 1723, 63640
16058.4, 1873, 35, -10341, 6206, 124842, 6247, 761, 63640
16062.1, 2035, 35, -10341, 6206, 124842, 6247, 761, 63210
16065.9, 2097, 35, -10341, 6206, 124842, 6247, 761, 63631
16070.1, 1842, -37, -10125, 6355, 131606, 3246, 568, 63631
16073.8, 1433, -37, -10125, 6355, 131606, 3246, 568, 63130
16078.0, 1498, -37, -9992, 6713, 136725, -1225, 1378, 63130
16081.8, 1313, -37, -9992, 6713, 136725, -1225, 1378, 63084
16084.1, 1394, -37, -9992, 6713, 136725, -1225, 1378, 63084
16089.9, 1626, 136, -10079, 6721, 141446, -5429, 1863, 63035
16093.6, 1642, 136, -10079, 6721, 141446, -5429, 1863, 62964
16097.8, 2123, 136, -10121, 6530, 143174, -7161, 1084, 62964
16101.6, 1935, 136, -10121, 6530, 143174, -7161, 1084, 62915
16103.9, 1128, 136, -10121, 6530, 143174, -7161, 1084, 62915
16109.6, 1482, 232, -10021, 7003, 143344, -6339, -293, 62859
16113.4, 2238, 232, -10021, 7003, 143344, -6339, -293, 62795
16119.1, 1153, 294, -9903, 7450, 143344, -6676, -1653, 62732
16122.8, 1074, 294, -9903, 7450, 143344, -6676, -1653, 62666
16128.6, 2112, 294, -9903, 7450, 143344, -7013, -1968, 62594
16130.8, 2215, 294, -9903, 7450, 143344, -7013, -1968, 62594
16133.1, 1889, 294, -9903, 7450, 143344, -7013, -1968, 62594
16138.8, 1201, 390, -9696, 7513, 143344, -7148, -2065, 62519
16141.0, 1241, 390, -9696, 7513, 143344, -7148, -2065, 62519
16145.3, 1688, 390, -9696, 7513, 143344, -7148, -2065, 62519
16149.1, 1376, 390, -9696, 7513, 143344, -7148, -2065, 62455
16151.3, 1548, 390, -9696, 7513, 143344, -7148, -2065, 62455
16155.6, 1644, 497, -9455, 7932, 143344, -9642, -2996, 62455
16159.3, 1531, 497, -9455, 7932, 143344, -9642, -2996, 62396
16161.6, 1581, 497, -9455, 7932, 143344, -9642, -2996, 62396
16165.8, 2145, 514, -9300, 7901, 143344, -12534, -4681, 62396
16169.5, 1434, 514, -9300, 7901, 143344, -12534, -4681, 62334
16171.8, 936, 514, -9300, 7901, 143344, -12534, -4681, 62334
16176.0, 1551, 415, -9068, 7952, 143344, -11694, -4742, 62334
16179.7, 1999, 415, -9068, 7952, 143344, -11694, -4742, 62274
16182.0, 1559, 415, -9068, 7952, 143344, -11694, -4742, 62274
16187.7, 1473, 480, -8762, 8116, 143344, -10570, -5101, 62204
16191.4, 1581, 480, -8762, 8116, 143344, -10570, -5101, 62140
16195.7, 2003, 568, -8471, 8341, 143344, -9638, -5748, 62140
16199.5, 907, 568, -8471, 8341, 143344, -9638, -5748, 62077
16203.7, 1154, 401, -8340, 8344, 143344, -9638, -5748, 62077
16207.4, 1746, 401, -8340, 8344, 143344, -9638, -5748, 62026
16211.2, 1822, 401, -8340, 8344, 143344, -9638, -5748, 61986
16215.4, 2050, 331, -7780, 8142, 143344, -6733, -6050, 61986
16219.2, 2020, 331, -7780, 8142, 143344, -6733, -6050, 61931
16223.4, 1467, 351, -7728, 8411, 143344, -6733, -6050, 61931
16227.1, 1171, 351, -7728, 8411, 143344, -6733, -6050, 61880
16230.9, 1487, 351, -7728, 8411, 143344, -6733, -6050, 61836
16235.1, 1996, 489, -7475, 8539, 143344, -11646, -7542, 61836
16238.8, 1668, 489, -7475, 8539, 143344, -11646, -7542, 61797
16243.0, 1324, 358, -7179, 9075, 143344, -11646, -7542, 61797
16246.7, 1560, 358, -7179, 9075, 143344, -11646, -7542, 61733
16249.0, 1468, 358, -7179, 9075, 143344, -11646, -7542, 61733
16254.7, 1851, 227, -6853, 8482, 143344, -11235, -6746, 61708
16258.5, 1747, 227, -6853, 8482, 143344, -11235, -6746, 61649
16264.2, 1643, 380, -6613, 8522, 143344, -11235, -7161, 61596
16267.9, 1907, 380, -6613, 8522, 143344, -11235, -7161, 63278
16273.6, 1356, 460, -6242, 9000, 143344, -10189, -7161, 61522
16277.4, 1555, 460, -6242, 9000, 143344, -10189, -7161, 61484
16283.1, 1583, 544, -5745, 9080, 143344, -12180, -8115, 61458
16286.8, 1323, 544, -5745, 9080, 143344, -12180, -8115, 61421
16292.6, 1377, 579, -5339, 8715, 143344, -13707, -7988, 61368
16296.3, 1808, 579, -5339, 8715, 143344, -13707, -7988, 61324
16298.6, 1724, 579, -5339, 8715, 143344, -13707, -7988, 61324
16304.4, 1492, 559, -4917, 8767, 143344, -12762, -6934, 61302
16306.6, 1206, 559, -4917, 8767, 143344, -12762, -6934, 61302
16310.9, 1992, 580, -4467, 8528, 143344, -11060, -5853, 61302
16314.7, 1644, 580, -4467, 8528, 143344, -11060, -5853, 61289
16317.0, 1146, 580, -4467, 8528, 143344, -11060, -5853, 61289
16322.7, 1962, 522, -4247, 8625, 143344, -10745, -5726, 61255
16326.4, 1690, 522, -4247, 8625, 143344, -10745, -5726, 61223
16330.7, 1364, 522, -3950, 8638, 143344, -12683, -6956, 61223
16334.5, 1143, 522, -3950, 8638, 143344, -12683, -6956, 61198
16336.7, 1437, 522, -3950, 8638, 143344, -12683, -6956, 61198
16341.0, 1742, 686, -3470, 8571, 143344, -15181, -8903, 61198
16344.7, 1226, 686, -3470, 8571, 143344, -15181, -8903, 61136
16349.0, 1639, 544, -3050, 8730, 143344, -18169, -10119, 61136
16352.7, 1740, 544, -3050, 8730, 143344, -18169, -10119, 61142
16356.4, 1878, 544, -3050, 8730, 143344, -18169, -10119, 61121
16360.7, 1719, 367, -2685, 8440, 143344, -17347, -8728, 61121
16364.5, 1504, 367, -2685, 8440, 143344, -17347, -8728, 61082
16368.7, 1488, 382, -2671, 8127, 143344, -13742, -6492, 61082
16372.4, 1681, 382, -2671, 8127, 143344, -13742, -6492, 61077
16376.2, 1945, 382, -2671, 8127, 143344, -13742, -6492, 61020
16380.5, 1403, 451, -2468, 8853, 143344, -15645, -6973, 61020
16384.3, 1291, 451, -2468, 8853, 143344, -15645, -6973, 61022
16388.5, 2049, 396, -2036, 8249, 143344, -21162, -9493, 61022
16392.2, 1557, 396, -2036, 8249, 143344, -21162, -9493, 61002
16396.0, 1377, 396, -2036, 8249, 143344, -21162, -9493, 60976
16400.2, 1697, 555, -1555, 8313, 143344, -23021, -12508, 60976
16404.0, 1723, 555, -1555, 8313, 143344, -23021, -12508, 60960
16408.2, 1557, 662, -1401, 8372, 143344, -22076, -15321, 60960
16411.9, 1515, 662, -1401, 8372, 143344, -22076, -15321, 60954
16415.7, 1662, 662, -1401, 8372, 143344, -22076, -15321, 60903
16419.9, 1434, 677, -1128, 8053, 143344, -21372, -16283, 60903
16423.6, 1527, 677, -1128, 8053, 143344, -21372, -16283, 60947
16427.9, 1955, 686, -961, 8449, 143344, -21464, -14638, 60947
16431.6, 1461, 686, -961, 8449, 143344, -21464, -14638, 60920
16433.9, 1193, 686, -961, 8449, 143344, -21464, -14638, 60920
16440.0, 1680, 586, -798, 8246, 143344, -22006, -11974, 60909
16443.8, 1708, 586, -798, 8246, 143344, -22006, -11974, 60889
16448.0, 1487, 522, -759, 8737, 143344, -22404, -10495, 60889
16451.8, 1508, 522, -759, 8737, 143344, -22404, -10495, 60863
16456.0, 1797, 458, -490, 7939, 143344, -21118, -11432, 60863
16459.8, 1597, 458, -490, 7939, 143344, -21118, -11432, 60818
16462.1, 1379, 458, -490, 7939, 143344, -21118, -11432, 60818
16467.8, 1743, 688, -23, 8008, 143344, -18790, -14113, 60826
16471.6, 1931, 688, -23, 8008, 143344, -18790, -14113, 60821
16475.8, 1602, 665, 461, 8480, 143344, -21240, -16568, 60821
16479.6, 1123, 665, 461, 8480, 143344, -21240, -16568, 60807
16481.9, 1100, 665, 461, 8480, 143344, -21240, -16568, 60807
16487.6, 1778, 637, 780, 8607, 143344, -25174, -16668, 60816
16491.4, 1801, 637, 780, 8607, 143344, -25174, -16668, 60805
16495.6, 1456, 743, 824, 8483, 142863, -25117, -15050, 60805
16499.4, 1235, 743, 824, 8483, 142863, -25117, -15050, 60807
16501.7, 1310, 743, 824, 8483, 142863, -25117, -15050, 60807
16505.9, 1909, 780, 723, 8372, 142745, -25252, -14428, 60807
16509.7, 2074, 780, 723, 8372, 142745, -25252, -14428, 60788
16513.9, 1632, 822, 780, 8022, 140339, -25187, -14932, 60788
16517.6, 1522, 822, 780, 8022, 140339, -25187, -14932, 60784
16521.4, 1402, 822, 780, 8022, 140339, -25187, -14932, 60774
16525.7, 1333, 939, 946, 8047, 136707, -26014, -17137, 60774
16529.5, 1608, 939, 946, 8047, 136707, -26014, -17137, 60782
16533.7, 1898, 1061, 1523, 8438, 134896, -25707, -19315, 60782
16537.5, 1533, 1061, 1523, 8438, 134896, -25707, -19315, 60723
16541.2, 1561, 1061, 1523, 8438, 134896, -25707, -19315, 60769
16545.5, 1892, 1259, 1947, 7668, 130783, -23235, -19652, 60769
16549.3, 1464, 1259, 1947, 7668, 130783, -23235, -19652, 60733
16553.5, 1584, 1456, 2421, 7969, 129362, -20225, -18401, 60733
16557.2, 1766, 1456, 2421, 7969, 129362, -20225, -18401, 60715
16561.0, 1355, 1456, 2421, 7969, 129362, -20225, -18401, 60698
16565.2, 1540, 1506, 2662, 7824, 126741, -19346, -16332, 60698
16569.0, 1793, 1506, 2662, 7824, 126741, -19346, -16332, 60666
16573.2, 1622, 1472, 2852, 7971, 124527, -18843, -14498, 60666
16576.9, 1535, 1472, 2852, 7971, 124527, -18843, -14498, 60632
16580.7, 1479, 1472, 2852, 7971, 124527, -18843, -14498, 60600
16584.9, 1503, 1337, 3100, 8057, 122322, -18230, -14039, 60600
16588.6, 1761, 1337, 3100, 8057, 122322, -18230, -14039, 60567
16592.9, 1832, 1287, 3399, 7662, 119470, -17880, -13969, 60567
16596.6, 1822, 1287, 3399, 7662, 119470, -17880, -13969, 60589
16598.9, 1463, 1287, 3399, 7662, 119470, -17880, -13969, 60589
16604.7, 1420, 1267, 3713, 7526, 115672, -17425, -13680, 60583
16608.4, 1584, 1267, 3713, 7526, 115672, -17425, -13680, 60566
16614.1, 1465, 1396, 3948, 7941, 113699, -16603, -13147, 60572
16616.4, 1226, 1396, 3948, 7941, 113699, -16603, -13147, 60572
16618.7, 1300, 1396, 3948, 7941, 113699, -16603, -13147, 60572
16624.4, 1697, 1569, 4001, 8116, 112299, -16953, -12328, 60524
16626.7, 1625, 1569, 4001, 8116, 112299, -16953, -12328, 60524
16630.9, 1653, 1520, 4118, 7072, 109823, -17071, -11160, 60524
16634.7, 1228, 1520, 4118, 7072, 109823, -17071, -11160, 60512
16637.0, 1276, 1520, 4118, 7072, 109823, -17071, -11160, 60512
16642.7, 1791, 1494, 4085, 7265, 106441, -13829, -9773, 60493
16646.5, 1722, 1494, 4085, 7265, 106441, -13829, -9773, 60493
16650.7, 2009, 1365, 4238, 7587, 105093, -11812, -8771, 60493
16654.5, 1648, 1365, 4238, 7587, 105093, -11812, -8771, 60358
16656.7, 1193, 1365, 4238, 7587, 105093, -11812, -8771, 60358
16661.0, 1449, 1150, 4457, 6768, 100416, -11672, -8767, 60358
16664.8, 1664, 1150, 4457, 6768, 100416, -11672, -8767, 60359
16669.0, 1658, 1150, 4457, 6768, 98662, -10688, -9152, 60359
16672.8, 1890, 1150, 4457, 6768, 98662, -10688, -9152, 60358
16676.5, 1640, 1150, 4457, 6768, 98662, -10688, -9152, 60360
16680.8, 1586, 1149, 5073, 6794, 95219, -8771, -9655, 60360
16684.6, 1350, 1149, 5073, 6794, 95219, -8771, -9655, 60359
16688.8, 1813, 1149, 5073, 6794, 91478, -8207, -9664, 60359
16692.6, 1837, 1149, 5073, 6794, 91478, -8207, -9664, 60328
16696.4, 1876, 1149, 5073, 6794, 91478, -8207, -9664, 60385
16700.6, 1559, 1470, 5403, 6738, 88424, -8942, -8137, 60385
16704.4, 1227, 1470, 5403, 6738, 88424, -8942, -8137, 60382
16708.6, 1640, 1470, 5403, 6738, 86486, -8045, -6006, 60382
16712.4, 1539, 1470, 5403, 6738, 86486, -8045, -6006, 60358
16716.1, 1659, 1470, 5403, 6738, 86486, -8045, -6006, 60356
16720.4, 2060, 1481, 5221, 6710, 84561, -7778, -4042, 60356
16724.2, 1475, 1481, 5221, 6710, 84561, -7778, -4042, 60360
16728.4, 1483, 1481, 5221, 6690, 81039, -7901, -2721, 60360
16732.2, 1653, 1481, 5221, 6690, 81039, -7901, -2721, 60320
16735.9, 1693, 1481, 5221, 6690, 81039, -7901, -2721, 60274
16740.2, 2128, 1383, 5418, 6458, 78869, -5643, -1907, 60274
16743.9, 1164, 1383, 5418, 6458, 78869, -5643, -1907, 60278
16748.2, 1535, 1383, 5418, 6884, 76415, -3626, -1754, 60278
16751.9, 1669, 1383, 5418, 6884, 76415, -3626, -1754, 60258
16755.7, 1663, 1383, 5418, 6884, 76415, -3626, -1754, 60245
16759.9, 1844, 1372, 5806, 6778, 76349, -4497, -2646, 60245
16763.7, 1713, 1372, 5806, 6778, 76349, -4497, -2646, 60227
16767.9, 1752, 1372, 5806, 5483, 71908, -2051, -2734, 60227
16771.6, 1749, 1372, 5806, 5483, 71908, -2051, -2734, 60239
16775.9, 1720, 1278, 6082, 5483, 71908, -2051, -2734, 60239
16779.7, 1630, 1278, 6082, 5483, 71908, -2051, -2734, 60192
16782.0, 1459, 1278, 6082, 5483, 71908, -2051, -2734, 60192
16787.7, 2147, 1324, 6419, 5790, 68924, -253, -1999, 60184
16791.4, 1323, 1324, 6419, 5790, 68924, -253, -1999, 60165
16795.7, 1682, 1316, 6823, 6146, 65731, -1010, -1846, 60165
16799.5, 1544, 1316, 6823, 6146, 65731, -1010, -1846, 60129
16801.7, 1250, 1316, 6823, 6146, 65731, -1010, -1846, 60129
16806.0, 1627, 1171, 6898, 6997, 63714, -5534, -2913, 60129
16809.7, 1649, 1171, 6898, 6997, 63714, -5534, -2913, 60163
16812.0, 1541, 1171, 6898, 6997, 63714, -5534, -2913, 60163
16817.7, 1496, 1229, 6833, 6494, 61675, -9401, -9091, 60175
16821.4, 1491, 1229, 6833, 6494, 61675, -9401, -9091, 60169
16825.7, 1654, 1409, 6706, 5888, 59382, -16633, -9091, 60169
16829.5, 1558, 1409, 6706, 5888, 59382, -16633, -9091, 60172
16831.7, 1378, 1409, 6706, 5888, 59382, -16633, -9091, 60172
16836.0, 1998, 1522, 6563, 6382, 57330, -17618, -12845, 60172
16839.7, 1347, 1522, 6563, 6382, 57330, -17618, -12845, 60160
16843.9, 1449, 1705, 6879, 6390, 54333, -23017, -12845, 60160
16847.7, 1641, 1705, 6879, 6390, 54333, -23017, -12845, 60167
16851.4, 1627, 1705, 6879, 6390, 54333, -23017, -12845, 60137
16855.7, 1678, 1786, 7119, 6251, 51940, -25169, -8658, 60137
16859.5, 1708, 1786, 7119, 6251, 51940, -25169, -8658, 60177
16863.7, 1625, 1828, 7286, 5799, 49464, -23249, -8658, 60177
16867.4, 1395, 1828, 7286, 5799, 49464, -23249, -8658, 60168
16871.2, 1616, 1828, 7286, 5799, 49464, -23249, -8658, 60162
16875.5, 1849, 1864, 7578, 5019, 46507, -20151, -6435, 60162
16879.3, 1643, 1864, 7578, 5019, 46507, -20151, -6435, 60169
16883.5, 1542, 1931, 7789, 5720, 45347, -16682, -6435, 60169
16887.3, 1659, 1931, 7789, 5720, 45347, -16682, -6435, 60173
16891.0, 1480, 1931, 7789, 5720, 45347, -16682, -6435, 60163
16895.3, 1466, 1766, 8053, 6372, 44831, -33596, -12136, 60163
16899.0, 1704, 1766, 8053, 6372, 44831, -33596, -12136, 60187
16903.2, 1707, 1554, 7614, 6071, 40775, -33596, -12136, 60187
16906.9, 1665, 1554, 7614, 6071, 40775, -33596, -12136, 60184
16910.7, 1668, 1554, 7614, 6071, 40775, -33596, -12136, 60197
16914.9, 1531, 1630, 7819, 5231, 39865, -30367, -15146, 60197
16918.6, 1368, 1630, 7819, 5231, 39865, -30367, -15146, 60182
16922.8, 1621, 2124, 7569, 5480, 39331, -24439, -15146, 60182
16926.6, 1680, 2124, 7569, 5480, 39331, -24439, -15146, 60162
16928.8, 1350, 2124, 7569, 5480, 39331, -24439, -15146, 60162
16934.6, 1697, 2371, 7590, 5834, 39174, -23012, -9817, 60157
16936.8, 1474, 2371, 7590, 5834, 39174, -23012, -9817, 60157
16941.1, 1630, 2279, 7551, 5498, 37533, -24224, -4405, 60157
16944.8, 1636, 2279, 7551, 5498, 37533, -24224, -4405, 60130
16947.1, 1452, 2279, 7551, 5498, 37533, -24224, -4405, 60130
16952.8, 1636, 2173, 7574, 4853, 34913, -21332, -1386, 60121
16956.5, 1661, 2173, 7574, 4853, 34913, -21332, -1386, 60127
16960.8, 1753, 1965, 7869, 5000, 33723, -17202, -2253, 60127
16964.6, 1462, 1965, 7869, 5000, 33723, -17202, -2253, 60137
16966.8, 1336, 1965, 7869, 5000, 33723, -17202, -2253, 60137
16971.0, 1559, 1909, 8076, 5221, 31596, -11961, -3832, 60137
16974.7, 1781, 1909, 8076, 5221, 31596, -11961, -3832, 60100
16977.0, 1551, 1909, 8076, 5221, 31596, -11961, -3832, 60100
16982.7, 1795, 1869, 8101, 5355, 30144, -8916, -5315, 60083
16986.4, 1640, 1869, 8101, 5355, 30144, -8916, -5315, 60086
16990.7, 1597, 1868, 8138, 5033, 28376, -9891, -6260, 60086
16994.5, 1591, 1868, 8138, 5033, 28376, -9891, -6260, 60043
16996.8, 1483, 1868, 8138, 5033, 28376, -9891, -6260, 60043
17001.0, 1860, 1957, 7880, 4908, 26517, -8758, -3823, 60043
17004.7, 1766, 1957, 7880, 4908, 26517, -8758, -3823, 60079
17008.9, 1762, 1950, 7929, 4971, 24530, -6195, -1483, 60079
17012.7, 1467, 1950, 7929, 4971, 24530, -6195, -1483, 60054
17016.5, 1715, 1950, 7929, 4971, 24530, -6195, -1483, 60025
17020.7, 1641, 2024, 7785, 5120, 21897, -5110, -1505, 60025
17024.5, 1637, 2024, 7785, 5120, 21897, -5110, -1505, 60043
17028.7, 1758, 2165, 7831, 4937, 20488, -2463, -2782, 60043
17032.4, 1701, 2165, 7831, 4937, 20488, -2463, -2782, 59962
17036.2, 1767, 2165, 7831, 4937, 20488, -2463, -2782, 59919
17040.5, 1730, 1755, 7718, 5209, 19280, 3066, -3723, 59919
17044.3, 1774, 1755, 7718, 5209, 19280, 3066, -3723, 59890
17048.5, 1522, 1679, 7848, 5059, 17185, 1876, -3403, 59890
17052.2, 1660, 1679, 7848, 5059, 17185, 1876, -3403, 59844
17056.0, 1715, 1679, 7848, 5059, 17185, 1876, -3403, 59823
17060.3, 1658, 1618, 7954, 5110, 15212, 3653, -2016, 59823
17064.0, 1780, 1618, 7954, 5110, 15212, 3653, -2016, 59796
17068.3, 1614, 1592, 7950, 5154, 15597, 3793, -1960, 59796
17072.0, 1700, 1592, 7950, 5154, 15597, 3793, -1960, 59792
17075.8, 1633, 1592, 7950, 5154, 15597, 3793, -1960, 59785
17080.0, 1719, 1788, 7884, 4952, 11541, 3736, -3093, 59785
17083.8, 1805, 1788, 7884, 4952, 11541, 3736, -3093, 59847
17088.0, 1791, 1710, 7979, 5125, 10285, 7896, -5166, 59847
17091.7, 1721, 1710, 7979, 5125, 10285, 7896, -5166, 59831
17096.0, 1555, 1697, 8118, 5095, 8553, 7231, -4646, 59831
17099.8, 1734, 1697, 8118, 5095, 8553, 7231, -4646, 59833
17102.1, 1474, 1697, 8118, 5095, 8553, 7231, -4646, 59833
17107.8, 1864, 1740, 7746, 5096, 7770, 7721, -2279, 59833
17111.5, 1600, 1740, 7746, 5096, 7770, 7721, -2279, 59782
17115.7, 1722, 1545, 8219, 4764, 6440, 5814, -433, 59782
17119.5, 1696, 1545, 8219, 4764, 6440, 5814, -433, 59774
17121.8, 1421, 1545, 8219, 4764, 6440, 5814, -433, 59774
17126.0, 1697, 1467, 7995, 5002, 3692, 3858, -756, 59774
17129.8, 1675, 1467, 7995, 5002, 3692, 3858, -756, 59728
17132.1, 1449, 1467, 7995, 5002, 3692, 3858, -756, 59728
17137.8, 1724, 1603, 7996, 4823, 997, 7105, -3705, 59733
17141.5, 1697, 1603, 7996, 4823, 997, 7105, -3705, 59735
17145.8, 1757, 1658, 8285, 4812, -1334, 5385, -6588, 59735
17149.6, 1674, 1658, 8285, 4812, -1334, 5385, -6588, 59733
17151.8, 1362, 1658, 8285, 4812, -1334, 5385, -6588, 59733
17156.1, 1693, 1643, 8428, 4865, -2681, 2209, -6212, 59733
17159.8, 1723, 1643, 8428, 4865, -2681, 2209, -6212, 59726
17164.0, 1705, 1794, 8440, 4730, -5713, 1408, -2996, 59726
17167.8, 1707, 1794, 8440, 4730, -5713, 1408, -2996, 59730
17171.5, 1573, 1794, 8440, 4730, -5713, 1408, -2996, 59731
17175.8, 1767, 2106, 8286, 4338, -7389, 3574, 148, 59731
17179.6, 1593, 2106, 8286, 4338, -7389, 3574, 148, 59636
17183.8, 1712, 2364, 8093, 4450, -10570, 6702, 1631, 59636
17187.6, 1837, 2364, 8093, 4450, -10570, 6702, 1631, 59598
17191.3, 1617, 2364, 8093, 4450, -10570, 6702, 1631, 59549
17195.6, 1656, 2197, 8225, 4615, -13199, 9555, 1763, 59549
17199.4, 1569, 2197, 8225, 4615, -13199, 9555, 1763, 59496
17203.6, 1666, 1999, 8206, 4575, -15575, 12565, 2038, 59496
17207.4, 1668, 1999, 8206, 4575, -15575, 12565, 2038, 59444
17211.1, 1688, 1999, 8206, 4575, -15575, 12565, 2038, 59425
17215.4, 1601, 1814, 8188, 4756, -18230, 15955, 3425, 59425
17219.2, 1581, 1814, 8188, 4756, -18230, 15955, 3425, 59403
17223.4, 1633, 1946, 8096, 4787, -21481, 16721, 4130, 59403
17227.1, 1703, 1946, 8096, 4787, -21481, 16721, 4130, 59389
17230.9, 1613, 1946, 8096, 4787, -21481, 16721, 4130, 59343
17235.2, 1637, 1865, 7922, 4646, -24749, 17662, 4243, 59343
17239.0, 1590, 1865, 7922, 4646, -24749, 17662, 4243, 59416
17243.2, 1594, 1857, 8081, 4529, -28162, 18699, 3850, 59416
17246.9, 1575, 1857, 8081, 4529, -28162, 18699, 3850, 59413
17252.7, 1585, 1598, 8057, 4716, -32445, 20055, 3491, 59430
17256.4, 1523, 1598, 8057, 4716, -32445, 20055, 3491, 59410
17258.7, 1320, 1598, 8057, 4716, -32445, 20055, 3491, 59410
17264.4, 1687, 1605, 7938, 4826, -34322, 20020, 4646, 59451
17266.7, 1325, 1605, 7938, 4826, -34322, 20020, 4646, 59451
17270.9, 1553, 1605, 7863, 5036, -38382, 21079, 6335, 59451
17274.7, 1619, 1605, 7863, 5036, -38382, 21079, 6335, 59422
17277.0, 1293, 1605, 7863, 5036, -38382, 21079, 6335, 59422
17282.7, 1657, 1173, 7646, 5341, -42648, 17128, 7192, 59418
17286.4, 1483, 1173, 7646, 5341, -42648, 17128, 7192, 59426
17290.6, 1406, 1012, 7728, 5298, -47342, 9331, 5656, 59426
17294.4, 1598, 1012, 7728, 5298, -47342, 9331, 5656, 59405
17296.7, 1387, 1012, 7728, 5298, -47342, 9331, 5656, 59405
17300.9, 1564, 951, 7558, 5309, -50934, 2966, 3574, 59405
17304.7, 1523, 951, 7558, 5309, -50934, 2966, 3574, 59485
17307.0, 1297, 951, 7558, 5309, -50934, 2966, 3574, 59485
17312.7, 1633, 1021, 7453, 5341, -54723, -1859, 1172, 59508
17316.4, 1552, 1021, 7453, 5341, -54723, -1859, 1172, 59533
17320.7, 1528, 1255, 7447, 5180, -59094, -4571, -1426, 59533
17324.5, 1582, 1255, 7447, 5180, -59094, -4571, -1426, 59542
17328.7, 1626, 1255, 7447, 5180, -59094, -4571, -1426, 59542
17332.4, 1565, 1255, 7447, 5180, -59094, -4571, -1426, 59562
17336.2, 1567, 1255, 7447, 5180, -59094, -4571, -1426, 59486
17340.5, 1578, 1712, 7408, 5074, -65691, -9922, -1426, 59486
17344.3, 1632, 1712, 7408, 5074, -65691, -9922, -1426, 59529
17348.5, 1570, 1712, 7408, 5074, -65691, -9922, 266, 59529
17352.3, 1484, 1712, 7408, 5074, -65691, -9922, 266, 59507
17356.0, 1526, 1712, 7408, 5074, -65691, -9922, 266, 59561
17360.3, 1805, 1596, 7314, 5303, -73159, -5363, 2638, 59561
17364.0, 1436, 1596, 7314, 5303, -73159, -5363, 2638, 59586
17368.3, 1649, 1596, 7314, 5303, -73159, -5363, 4541, 59586
17372.0, 1712, 1596, 7314, 5303, -73159, -5363, 4541, 59601
17375.8, 1689, 1596, 7314, 5303, -73159, -5363, 4541, 59536
17380.0, 1638, 1565, 6927, 5806, -79114, -1710, 4843, 59536
17383.8, 1610, 1565, 6927, 5806, -79114, -1710, 4843, 59600
17388.0, 1603, 1565, 6927, 5806, -79114, -1710, 4956, 59600
17391.7, 1528, 1565, 6927, 5806, -79114, -1710, 4956, 59634
17394.0, 1330, 1565, 6927, 5806, -79114, -1710, 4956, 59634
17399.7, 1686, 1592, 6586, 5587, -85712, -240, 4952, 59657
17403.4, 1562, 1592, 6586, 5587, -85712, -240, 4952, 59638
17409.1, 1541, 1472, 6415, 5381, -89942, 1216, 5140, 59689
17412.9, 1519, 1472, 6415, 5381, -89942, 1216, 5140, 59692
17418.6, 1550, 1472, 6415, 5381, -89942, 1216, 5140, 59702
17420.8, 1315, 1472, 6415, 5381, -89942, 1216, 5140, 59702
17423.2, 1568, 1472, 6415, 5381, -89942, 1216, 5140, 59702
17428.9, 1610, 1361, 6406, 5770, -92900, 804, 4436, 59741
17431.2, 1335, 1361, 6406, 5770, -92900, 804, 4436, 59741
17433.4, 1396, 1361, 6406, 5770, -92900, 804, 4436, 59741
17439.2, 1548, 1175, 6374, 5751, -100823, -2629, 4655, 59723
17441.4, 1407, 1175, 6374, 5751, -100823, -2629, 4655, 59723
17445.7, 1782, 1041, 6339, 6255, -100823, -2629, 4655, 59723
17449.4, 1630, 1041, 6339, 6255, -100823, -2629, 4655, 59741
17451.7, 1371, 1041, 6339, 6255, -100823, -2629, 4655, 59741
17456.0, 1557, 1179, 6205, 6397, -103234, -2795, 6308, 59741
17459.8, 1598, 1179, 6205, 6397, -103234, -2795, 6308, 59750
17462.0, 1495, 1179, 6205, 6397, -103234, -2795, 6308, 59750
17467.8, 1691, 1587, 5580, 7253, -104673, -4195, 9091, 59718
17471.5, 1720, 1587, 5580, 7253, -104673, -4195, 9091, 59739
17475.8, 1550, 1899, 5012, 6866, -105395, -8500, 11296, 59739
17479.6, 1608, 1899, 5012, 6866, -105395, -8500, 11296, 59759
17483.8, 1613, 1948, 4552, 6458, -107810, -10233, 12779, 59759
17487.6, 1622, 1948, 4552, 6458, -107810, -10233, 12779, 59784
17491.3, 1564, 1948, 4552, 6458, -107810, -10233, 12779, 59819
17495.6, 1656, 1877, 4431, 6424, -110527, -8933, 12985, 59819
17499.4, 1751, 1877, 4431, 6424, -110527, -8933, 12985, 59798
17503.6, 1667, 1615, 4668, 6025, -115808, -4217, 12075, 59798
17507.4, 1520, 1615, 4668, 6025, -115808, -4217, 12075, 59807
17511.2, 1504, 1615, 4668, 6025, -115808, -4217, 12075, 59847
17515.4, 1517, 1523, 4782, 6838, -120642, 1260, 10517, 59847
17519.2, 1507, 1523, 4782, 6838, -120642, 1260, 10517, 59859
17523.4, 1683, 1115, 5199, 7695, -118822, 4300, 9918, 59859
17527.1, 1717, 1115, 5199, 7695, -118822, 4300, 9918, 59861
17530.9, 1692, 1115, 5199, 7695, -118822, 4300, 9918, 59880
17535.1, 1441, 1142, 5105, 7285, -121530, 7091, 13483, 59880
17538.9, 1629, 1142, 5105, 7285, -121530, 7091, 13483, 59916
17543.1, 1554, 1667, 4064, 8489, -123267, 4388, 17167, 59916
17546.8, 1525, 1667, 4064, 8489, -123267, 4388, 17167, 59863
17550.6, 1661, 1667, 4064, 8489, -123267, 4388, 17167, 59872
17554.8, 1713, 1543, 3375, 8178, -122011, -3618, 16774, 59872
17558.5, 1647, 1543, 3375, 8178, -122011, -3618, 16774, 59827
17564.3, 1569, 1527, 2822, 7188, -124908, -4440, 15767, 59529
17568.0, 1695, 1527, 2822, 7188, -124908, -4440, 15767, 59792
17573.7, 1802, 1713, 2472, 7545, -128959, 625, 14787, 59789
17577.4, 1514, 1713, 2472, 7545, -128959, 625, 14787, 59778
