timestamp, 1113, 1520, -9809, 1391, 905, -2887, -1181, 47345
4100.3, 1170, 1479, -9896, 1399, 958, -1837, -1189, 47345
4104.0, 1151, 1479, -9896, 1399, 958, -1837, -1189, 47350
4108.2, 1124, 1323, -10075, 1432, 958, -1837, -1189, 47350
4111.9, 1105, 1323, -10075, 1432, 958, -1837, -1189, 47349
4115.7, 1129, 1323, -10075, 1432, 958, -1837, -1189, 47305
4120.0, 1134, 1266, -9907, 1485, 2296, -4016, -1181, 47305
4123.7, 1119, 1266, -9907, 1485, 2296, -4016, -1181, 47277
4127.9, 1145, 1294, -9740, 1386, 2296, -4016, -1181, 47277
4131.6, 1079, 1294, -9740, 1386, 2296, -4016, -1181, 47328
4134.0, 35, 1294, -9740, 1386, 2296, -4016, -1181, 47328
4139.7, 1161, 1305, -9662, 1399, 1238, -5998, -463, 47332
4143.5, 1120, 1305, -9662, 1399, 1238, -5998, -463, 47335
4147.7, 1111, 1403, -9604, 1378, 1238, -5998, -463, 47335
4151.5, 1115, 1403, -9604, 1378, 1238, -5998, -463, 47335
4153.7, 39, 1403, -9604, 1378, 1238, -5998, -463, 47335
4159.4, 1215, 1468, -9624, 1427, 1295, -6378, -577, 47329
4161.6, 44, 1468, -9624, 1427, 1295, -6378, -577, 47329
4165.9, 1136, 1569, -9780, 1399, 463, -5407, -844, 47329
4169.7, 1095, 1569, -9780, 1399, 463, -5407, -844, 47326
4171.9, 43, 1569, -9780, 1399, 463, -5407, -844, 47326
4177.7, 1192, 1571, -9986, 1347, -323, -4134, -1133, 47326
4181.4, 1092, 1571, -9986, 1347, -323, -4134, -1133, 47326
4185.7, 1124, 1557, -9984, 1314, 441, -3346, -1194, 47326
4189.4, 1091, 1557, -9984, 1314, 441, -3346, -1194, 47331
4191.7, 45, 1557, -9984, 1314, 441, -3346, -1194, 47331
4195.9, 1129, 1515, -9875, 1290, 1006, -2690, -1456, 47331
4199.7, 1090, 1515, -9875, 1290, 1006, -2690, -1456, 47281
4201.9, 47, 1515, -9875, 1290, 1006, -2690, -1456, 47281
4207.6, 1201, 1497, -9738, 1313, 770, -2533, -1640, 47343
4211.4, 1072, 1497, -9738, 1313, 770, -2533, -1640, 47328
4215.6, 1137, 1404, -9632, 1344, 306, -2550, -1487, 47328
4219.4, 1084, 1404, -9632, 1344, 306, -2550, -1487, 47306
4221.6, 42, 1404, -9632, 1344, 306, -2550, -1487, 47306
4225.9, 1135, 1444, -9668, 1342, 8, -2520, -1189, 47306
4229.7, 1105, 1444, -9668, 1342, 8, -2520, -1189, 47303
4233.9, 1142, 1503, -9629, 1376, -804, -1701, -980, 47303
4237.6, 1115, 1503, -9629, 1376, -804, -1701, -980, 47305
4241.4, 1117, 1503, -9629, 1376, -804, -1701, -980, 47294
4245.7, 1149, 1467, -9886, 1393, -1036, -1338, -699, 47294
4249.4, 1110, 1467, -9886, 1393, -1036, -1338, -699, 47332
4253.6, 1162, 1497, -10016, 1383, -861, -1229, -818, 47332
4257.3, 1118, 1497, -10016, 1383, -861, -1229, -818, 47298
4261.0, 1114, 1497, -10016, 1383, -861, -1229, -818, 47310
4265.3, 1158, 1484, -10058, 1390, -87, -713, -958, 47310
4269.0, 1125, 1484, -10058, 1390, -87, -713, -958, 47299
4273.2, 1138, 1412, -9943, 1395, 454, -463, -1098, 47299
4277.0, 1077, 1412, -9943, 1395, 454, -463, -1098, 47282
4280.7, 1123, 1412, -9943, 1395, 454, -463, -1098, 47301
4285.0, 1149, 1447, -9733, 1398, 306, -984, -1264, 47301
4288.7, 1099, 1447, -9733, 1398, 306, -984, -1264, 47301
4292.9, 1124, 1506, -9558, 1246, -1036, -1496, -1570, 47301
4296.6, 1065, 1506, -9558, 1246, -1036, -1496, -1570, 47302
4298.9, 36, 1506, -9558, 1246, -1036, -1496, -1570, 47302
4304.6, 1176, 1567, -9494, 1283, -1596, -1041, -1238, 47323
4308.3, 1116, 1567, -9494, 1283, -1596, -1041, -1238, 47301
4314.0, 1172, 1627, -9661, 1309, -2235, 354, -909, 47296
4317.7, 1101, 1627, -9661, 1309, -2235, 354, -909, 47297
4323.5, 1179, 1610, -9944, 1365, -2454, 2270, -1238, 47291
4325.7, 46, 1610, -9944, 1365, -2454, 2270, -1238, 47291
4328.0, 16, 1610, -9944, 1365, -2454, 2270, -1238, 47291
4333.8, 1179, 1546, -10156, 1383, -1951, 3539, -1715, 47296
4336.0, 44, 1546, -10156, 1383, -1951, 3539, -1715, 47296
4338.3, 16, 1546, -10156, 1383, -1951, 3539, -1715, 47296
4344.0, 1220, 1366, -10049, 1427, -323, 4243, -1609, 47293
4346.3, 46, 1366, -10049, 1427, -323, 4243, -1609, 47293
4350.5, 1152, 1219, -9923, 1454, 673, 3867, -1168, 47293
4354.2, 1120, 1219, -9923, 1454, 673, 3867, -1168, 47323
4356.5, 42, 1219, -9923, 1454, 673, 3867, -1168, 47323
4360.7, 1154, 1144, -9637, 1454, 629, 1981, -1329, 47323
4364.4, 1122, 1144, -9637, 1454, 629, 1981, -1329, 47313
4366.7, 43, 1144, -9637, 1454, 629, 1981, -1329, 47313
4370.9, 1154, 1298, -9520, 1313, 336, -174, -1491, 47313
4374.6, 1114, 1298, -9520, 1313, 336, -174, -1491, 47238
4376.9, 43, 1298, -9520, 1313, 336, -174, -1491, 47238
4382.6, 1206, 1383, -9516, 1466, 559, -1618, -1176, 47281
4386.3, 1113, 1383, -9516, 1466, 559, -1618, -1176, 47266
4390.6, 1158, 1469, -9729, 1374, 240, -2025, -770, 47266
4394.3, 1073, 1469, -9729, 1374, 240, -2025, -770, 47278
4396.6, 41, 1469, -9729, 1374, 240, -2025, -770, 47278
4400.8, 1131, 1467, -9979, 1345, -118, -1491, -516, 47278
4404.6, 1134, 1467, -9979, 1345, -118, -1491, -516, 47275
4408.8, 1157, 1451, -10061, 1408, 551, -1067, -450, 47275
4412.6, 1098, 1451, -10061, 1408, 551, -1067, -450, 47268
4416.3, 1109, 1451, -10061, 1408, 551, -1067, -450, 47265
4420.6, 1155, 1375, -9896, 1420, 1225, -1067, -664, 47265
4424.3, 1116, 1375, -9896, 1420, 1225, -1067, -664, 47272
4428.5, 1161, 1390, -9781, 1443, 1058, -1500, -778, 47272
4432.2, 1098, 1390, -9781, 1443, 1058, -1500, -778, 47261
4436.0, 1084, 1390, -9781, 1443, 1058, -1500, -778, 47268
4440.3, 1123, 1406, -9687, 1339, 323, -2121, -1102, 47268
4444.0, 1115, 1406, -9687, 1339, 323, -2121, -1102, 47270
4448.3, 1093, 1476, -9625, 1269, -153, -2594, -1360, 47270
4452.0, 1131, 1476, -9625, 1269, -153, -2594, -1360, 47255
4455.7, 1114, 1476, -9625, 1269, -153, -2594, -1360, 47242
4460.0, 1123, 1581, -9595, 1281, -472, -2498, -1089, 47242
4463.7, 1110, 1581, -9595, 1281, -472, -2498, -1089, 47255
4468.0, 1118, 1618, -9629, 1342, -962, -1286, -341, 47255
4471.8, 1068, 1618, -9629, 1342, -962, -1286, -341, 47249
4477.5, 1142, 1658, -9799, 1336, -993, 459, 341, 47257
4481.3, 1079, 1658, -9799, 1336, -993, 459, 341, 47249
4483.6, 37, 1658, -9799, 1336, -993, 459, 341, 47249
4489.3, 1190, 1509, -10013, 1392, -800, 1889, 529, 47255
4491.5, 43, 1509, -10013, 1392, -800, 1889, 529, 47255
4495.8, 1112, 1307, -10031, 1444, -218, 1964, 643, 47255
4499.5, 1110, 1307, -10031, 1444, -218, 1964, 643, 47268
4501.8, 41, 1307, -10031, 1444, -218, 1964, 643, 47268
4507.5, 1243, 1198, -9911, 1490, 301, 1041, 800, 47250
4511.2, 1092, 1198, -9911, 1490, 301, 1041, 800, 47250
4515.5, 1142, 1182, -9833, 1404, 1146, -122, 713, 47250
4519.2, 1106, 1182, -9833, 1404, 1146, -122, 713, 47259
4521.5, 41, 1182, -9833, 1404, 1146, -122, 713, 47259
4525.7, 1144, 1270, -9775, 1436, 1001, -1566, 196, 47259
4529.4, 1106, 1270, -9775, 1436, 1001, -1566, 196, 47254
4531.7, 41, 1270, -9775, 1436, 1001, -1566, 196, 47254
4535.9, 1149, 1405, -9833, 1362, 1824, -1964, 65, 47254
4539.6, 1096, 1405, -9833, 1362, 1824, -1964, 65, 47252
4541.9, 42, 1405, -9833, 1362, 1824, -1964, 65, 47252
4547.6, 1208, 1475, -9763, 1381, 1601, -2384, 341, 47225
4551.3, 1100, 1475, -9763, 1381, 1601, -2384, 341, 47250
4555.5, 1123, 1582, -9764, 1362, 1019, -2821, 634, 47250
4559.3, 1089, 1582, -9764, 1362, 1019, -2821, 634, 47242
4563.5, 1141, 1582, -9764, 1362, 1194, -2200, 542, 47242
4567.2, 1112, 1582, -9764, 1362, 1194, -2200, 542, 47241
4571.0, 1084, 1582, -9764, 1362, 1194, -2200, 542, 47296
4575.3, 1117, 1528, -9858, 1366, 678, -923, 109, 47296
4579.0, 1097, 1528, -9858, 1366, 678, -923, 109, 47247
4583.3, 1146, 1528, -9858, 1366, 1194, -170, 52, 47247
4587.0, 1124, 1528, -9858, 1366, 1194, -170, 52, 47240
4590.8, 1112, 1528, -9858, 1366, 1194, -170, 52, 47239
4595.0, 1117, 1304, -9777, 1451, 1601, -581, 236, 47239
4598.7, 1104, 1304, -9777, 1451, 1601, -581, 236, 47253
4603.0, 1086, 1304, -9777, 1451, 1443, -2056, 192, 47253
4606.8, 1082, 1304, -9777, 1451, 1443, -2056, 192, 47230
4610.5, 1107, 1304, -9777, 1451, 1443, -2056, 192, 47244
4614.8, 1128, 1349, -9685, 1356, 905, -4073, -65, 47244
4618.5, 1103, 1349, -9685, 1356, 905, -4073, -65, 47246
4622.8, 1145, 1349, -9685, 1356, 249, -4904, -419, 47246
4626.5, 1068, 1349, -9685, 1356, 249, -4904, -419, 47249
4628.8, 38, 1349, -9685, 1356, 249, -4904, -419, 47249
4634.5, 1169, 1578, -9605, 1376, 161, -4322, -529, 47254
4638.3, 1083, 1578, -9605, 1376, 161, -4322, -529, 47255
4644.0, 1202, 1578, -9605, 1376, -104, -2572, -428, 47247
4646.3, 42, 1578, -9605, 1376, -104, -2572, -428, 47247
4648.5, 18, 1578, -9605, 1376, -104, -2572, -428, 47247
4654.3, 1214, 1587, -9812, 1409, -323, -603, -398, 47265
4656.5, 43, 1587, -9812, 1409, -323, -603, -398, 47265
4660.7, 1148, 1392, -10036, 1409, -323, -603, -398, 47265
4664.4, 1118, 1392, -10036, 1409, -323, -603, -398, 47241
4666.7, 42, 1392, -10036, 1409, -323, -603, -398, 47241
4670.9, 1133, 1218, -10106, 1500, 809, -415, -398, 47241
4674.6, 1128, 1218, -10106, 1500, 809, -415, -398, 47263
4676.9, 43, 1218, -10106, 1500, 809, -415, -398, 47263
4682.6, 1212, 1173, -9931, 1461, 914, -2244, -695, 47261
4686.3, 1114, 1173, -9931, 1461, 914, -2244, -695, 47263
4690.6, 1145, 1348, -9716, 1371, 437, -3946, -949, 47263
4694.3, 1107, 1348, -9716, 1371, 437, -3946, -949, 47272
4696.5, 41, 1348, -9716, 1371, 437, -3946, -949, 47272
4700.8, 1166, 1524, -9592, 1373, 450, -4388, -914, 47272
4704.6, 1097, 1524, -9592, 1373, 450, -4388, -914, 47265
4708.8, 1122, 1683, -9702, 1213, -179, -3434, -905, 47265
4712.5, 1136, 1683, -9702, 1213, -179, -3434, -905, 47232
4716.3, 1134, 1683, -9702, 1213, -179, -3434, -905, 47270
4720.5, 1151, 1674, -9878, 1244, -778, -713, -463, 47270
4724.3, 1098, 1674, -9878, 1244, -778, -713, -463, 47269
4728.5, 1164, 1577, -9981, 1321, -704, 1561, -43, 47269
4732.2, 1121, 1577, -9981, 1321, -704, 1561, -43, 47275
4736.0, 1114, 1577, -9981, 1321, -704, 1561, -43, 47279
4740.3, 1140, 1441, -10053, 1409, -625, 2520, -323, 47279
4744.0, 1120, 1441, -10053, 1409, -625, 2520, -323, 47276
4748.2, 1138, 1351, -9995, 1459, -476, 2244, -791, 47276
4752.0, 1124, 1351, -9995, 1459, -476, 2244, -791, 47291
4755.7, 1120, 1351, -9995, 1459, -476, 2244, -791, 47288
4760.0, 1139, 1226, -9909, 1467, 218, 1434, -966, 47288
4763.7, 1123, 1226, -9909, 1467, 218, 1434, -966, 47285
4767.9, 1134, 1226, -9855, 1398, 634, 188, -1150, 47285
4771.7, 1079, 1226, -9855, 1398, 634, 188, -1150, 47287
4774.0, 39, 1226, -9855, 1398, 634, 188, -1150, 47287
4779.7, 1158, 1262, -9820, 1447, 1382, -1544, -1553, 47309
4783.5, 1098, 1262, -9820, 1447, 1382, -1544, -1553, 47291
4787.7, 1106, 1412, -9728, 1331, 1124, -2835, -1675, 47291
4791.4, 1096, 1412, -9728, 1331, 1124, -2835, -1675, 47292
4793.7, 41, 1412, -9728, 1331, 1124, -2835, -1675, 47292
4799.5, 1152, 1620, -9641, 1302, 699, -3211, -1662, 47282
4803.2, 1107, 1620, -9641, 1302, 699, -3211, -1662, 47299
4808.9, 1190, 1744, -9608, 1266, 218, -2253, -1194, 47285
4811.1, 40, 1744, -9608, 1266, 218, -2253, -1194, 47285
4813.5, 19, 1744, -9608, 1266, 218, -2253, -1194, 47285
4819.2, 1198, 1697, -9678, 1293, -126, -293, -726, 47284
4821.5, 39, 1697, -9678, 1293, -126, -293, -726, 47284
4825.7, 1129, 1508, -9827, 1450, -227, 1399, -288, 47284
4829.4, 1100, 1508, -9827, 1450, -227, 1399, -288, 47285
4831.7, 37, 1508, -9827, 1450, -227, 1399, -288, 47285
4835.9, 1153, 1271, -9917, 1496, 608, 1553, -96, 47285
4839.6, 1103, 1271, -9917, 1496, 608, 1553, -96, 47285
4841.9, 37, 1271, -9917, 1496, 608, 1553, -96, 47285
4847.6, 1220, 1197, -9866, 1543, 1369, 586, -245, 47294
4851.3, 1099, 1197, -9866, 1543, 1369, 586, -245, 47290
4855.6, 1135, 1144, -9769, 1534, 1465, -1233, -485, 47290
4859.3, 1101, 1144, -9769, 1534, 1465, -1233, -485, 47294
4861.5, 38, 1144, -9769, 1534, 1465, -1233, -485, 47294
4865.8, 1129, 1210, -9755, 1462, 1220, -3626, -787, 47294
4869.6, 1085, 1210, -9755, 1462, 1220, -3626, -787, 47291
4873.8, 1135, 1354, -9656, 1379, 1452, -5481, -1084, 47291
4877.5, 1121, 1354, -9656, 1379, 1452, -5481, -1084, 47329
4881.3, 1129, 1354, -9656, 1379, 1452, -5481, -1084, 47291
4885.5, 1124, 1444, -9703, 1360, 1154, -5810, -1277, 47291
4889.3, 1092, 1444, -9703, 1360, 1154, -5810, -1277, 47313
4893.5, 1133, 1529, -9777, 1329, 713, -5018, -1334, 47313
4897.2, 1102, 1529, -9777, 1329, 713, -5018, -1334, 47296
4901.0, 1080, 1529, -9777, 1329, 713, -5018, -1334, 47287
4905.2, 1149, 1473, -9872, 1370, 516, -4147, -936, 47287
4908.9, 1118, 1473, -9872, 1370, 516, -4147, -936, 47291
4913.1, 1134, 1439, -9930, 1385, 1106, -3416, -770, 47291
4916.9, 1110, 1439, -9930, 1385, 1106, -3416, -770, 47275
4920.6, 1105, 1439, -9930, 1385, 1106, -3416, -770, 47281
4924.8, 1133, 1411, -9892, 1398, 1535, -3189, -918, 47281
4928.6, 1083, 1411, -9892, 1398, 1535, -3189, -918, 47309
4932.8, 1153, 1410, -9783, 1392, 1518, -3784, -923, 47309
4936.5, 1077, 1410, -9783, 1392, 1518, -3784, -923, 47288
4938.8, 37, 1410, -9783, 1392, 1518, -3784, -923, 47288
4944.5, 1167, 1460, -9770, 1409, 1404, -4808, -664, 47281
4948.2, 1109, 1460, -9770, 1409, 1404, -4808, -664, 47278
4954.0, 1159, 1526, -9772, 1311, 888, -5376, -896, 47255
4957.7, 1092, 1526, -9772, 1311, 888, -5376, -896, 47275
4963.4, 1157, 1552, -9822, 1292, 284, -4641, -1238, 47273
4967.1, 1100, 1552, -9822, 1292, 284, -4641, -1238, 47281
4972.8, 1206, 1518, -9899, 1289, -345, -3325, -1189, 47307
4976.5, 1096, 1518, -9899, 1289, -345, -3325, -1189, 47280
4980.8, 1129, 1463, -9983, 1329, -319, -2401, -980, 47280
4984.5, 1090, 1463, -9983, 1329, -319, -2401, -980, 47271
4986.8, 36, 1463, -9983, 1329, -319, -2401, -980, 47271
4991.0, 1135, 1347, -9982, 1467, 288, -2030, -450, 47271
4994.7, 1095, 1347, -9982, 1467, 288, -2030, -450, 47286
4997.0, 36, 1347, -9982, 1467, 288, -2030, -450, 47286
5002.7, 1203, 1310, -9867, 1432, 901, -2301, -428, 47303
5006.4, 1091, 1310, -9867, 1432, 901, -2301, -428, 47295
5010.7, 1121, 1356, -9854, 1383, 870, -2738, -861, 47295
5014.4, 1087, 1356, -9854, 1383, 870, -2738, -861, 47287
5016.6, 38, 1356, -9854, 1383, 870, -2738, -861, 47287
5020.9, 1094, 1328, -9795, 1409, 770, -3259, -1220, 47287
5024.7, 1069, 1328, -9795, 1409, 770, -3259, -1220, 47292
5028.9, 1101, 1462, -9791, 1422, 813, -4068, -1456, 47292
5032.6, 1094, 1462, -9791, 1422, 813, -4068, -1456, 47283
5036.4, 1102, 1462, -9791, 1422, 813, -4068, -1456, 47290
5040.6, 1093, 1590, -9751, 1377, -205, -4720, -1636, 47290
5044.4, 1068, 1590, -9751, 1377, -205, -4720, -1636, 47279
5048.6, 1132, 1685, -9640, 1261, -349, -4200, -1273, 47279
5052.3, 1112, 1685, -9640, 1261, -349, -4200, -1273, 47278
5056.1, 1081, 1685, -9640, 1261, -349, -4200, -1273, 47286
5060.3, 1118, 1744, -9727, 1183, -415, -2121, -651, 47286
5064.1, 1099, 1744, -9727, 1183, -415, -2121, -651, 47286
5068.3, 1138, 1662, -9838, 1227, -616, 590, -135, 47286
5072.0, 1098, 1662, -9838, 1227, -616, 590, -135, 47290
5075.7, 1105, 1662, -9838, 1227, -616, 590, -135, 47284
5079.9, 1110, 1622, -9985, 1293, -402, 2953, 319, 47284
5083.7, 1115, 1622, -9985, 1293, -402, 2953, 319, 47287
5087.9, 1140, 1534, -9944, 1267, -192, 4296, 783, 47287
5091.6, 1083, 1534, -9944, 1267, -192, 4296, 783, 47289
5093.9, 37, 1534, -9944, 1267, -192, 4296, 783, 47289
5099.6, 1173, 1539, -9895, 1343, 424, 5442, 1404, 47286
5103.7, 744, 1539, -9895, 1343, 424, 5442, 1404, 47300
5109.3, 1160, 1529, -9875, 1398, 559, 6321, 1837, 47306
5113.1, 1093, 1529, -9875, 1398, 559, 6321, 1837, 47315
5118.8, 1136, 1679, -9696, 1383, -249, 6846, 1938, 47297
5122.5, 1088, 1679, -9696, 1383, -249, 6846, 1938, 47281
5128.2, 1157, 1878, -9610, 1467, -1098, 8058, 2305, 47301
5132.0, 1016, 1878, -9610, 1467, -1098, 8058, 2305, 47303
5137.7, 1148, 2082, -9658, 1191, -2108, 10670, 2961, 47309
5141.4, 1059, 2082, -9658, 1191, -2108, 10670, 2961, 47326
5145.6, 1045, 2082, -9658, 951, -2769, 15273, 4676, 47326
5149.4, 1026, 2082, -9658, 951, -2769, 15273, 4676, 47303
5151.7, 29, 2082, -9658, 951, -2769, 15273, 4676, 47303
5155.9, 1055, 1764, -9897, 877, -1955, 21157, 7323, 47303
5159.7, 1048, 1764, -9897, 877, -1955, 21157, 7323, 47296
5161.9, 30, 1764, -9897, 877, -1955, 21157, 7323, 47296
5167.6, 1171, 1444, -9780, 909, -743, 25891, 9498, 47306
5171.4, 1076, 1444, -9780, 909, -743, 25891, 9498, 47299
5175.6, 1052, 1394, -9822, 710, 1334, 29466, 10403, 47299
5179.4, 1053, 1394, -9822, 710, 1334, 29466, 10403, 47295
5181.6, 34, 1394, -9822, 710, 1334, 29466, 10403, 47295
5185.9, 1107, 1512, -9711, 872, 5145, 32922, 11047, 47295
5189.7, 1046, 1512, -9711, 872, 5145, 32922, 11047, 47280
5193.9, 1075, 1512, -9711, 872, 5145, 32922, 12569, 47280
5197.6, 1078, 1512, -9711, 872, 5145, 32922, 12569, 47308
5201.4, 1115, 1512, -9711, 872, 5145, 32922, 12569, 47323
5205.6, 1121, 2126, -9569, 432, 15702, 41694, 14739, 47323
5209.4, 1108, 2126, -9569, 432, 15702, 41694, 14739, 47318
5213.6, 1140, 2126, -9569, 432, 15702, 41694, 16529, 47318
5217.3, 1098, 2126, -9569, 432, 15702, 41694, 16529, 47323
5221.1, 1061, 2126, -9569, 432, 15702, 41694, 16529, 47325
5225.3, 1113, 2294, -9679, 745, 26504, 63954, 16927, 47325
5229.0, 1110, 2294, -9679, 745, 26504, 63954, 16927, 47346
5233.2, 1098, 2294, -9679, 745, 26504, 63954, 16927, 47346
5237.0, 1050, 2294, -9679, 745, 26504, 63954, 16927, 47337
5240.7, 1098, 2294, -9679, 745, 26504, 63954, 16927, 47331
5244.9, 1101, 1491, -9843, 1258, 28884, 82242, 11335, 47331
5248.7, 1119, 1491, -9843, 1258, 28884, 82242, 11335, 47332
5252.9, 1139, 1491, -9843, 1258, 28884, 82242, 11335, 47332
5256.6, 1092, 1491, -9843, 1258, 28884, 82242, 11335, 47340
5258.9, 33, 1491, -9843, 1258, 28884, 82242, 11335, 47340
5264.6, 1145, -89, -9355, 2266, 27374, 82102, 1264, 47348
5268.3, 1110, -89, -9355, 2266, 27374, 82102, 1264, 47340
5274.0, 1158, -473, -9393, 2769, 27969, 72788, -831, 47346
5277.7, 1123, -473, -9393, 2769, 27969, 72788, -831, 47359
5283.5, 1167, -473, -9393, 2748, 31693, 60629, -2533, 47365
5287.2, 1079, -473, -9393, 2748, 31693, 60629, -2533, 47388
5293.0, 1134, -623, -9026, 2748, 31693, 60629, -2533, 47419
5296.7, 1045, -623, -9026, 2748, 31693, 60629, -2533, 47424
5301.0, 1080, -687, -8869, 3215, 34379, 46318, -4808, 47424
5304.7, 1101, -687, -8869, 3215, 34379, 46318, -4808, 47424
5307.0, 31, -687, -8869, 3215, 34379, 46318, -4808, 47424
5312.7, 1190, -687, -9188, 3619, 36229, 27204, -7105, 47473
5316.4, 1008, -687, -9188, 3619, 36229, 27204, -7105, 47509
5320.7, 1095, -507, -9508, 3175, 35140, 9183, -10080, 47509
5324.4, 1088, -507, -9508, 3175, 35140, 9183, -10080, 47535
5326.7, 31, -507, -9508, 3175, 35140, 9183, -10080, 47535
5330.9, 1162, -487, -9386, 3366, 36011, -4011, -12635, 47535
5334.6, 1095, -487, -9386, 3366, 36011, -4011, -12635, 47576
5336.9, 31, -487, -9386, 3366, 36011, -4011, -12635, 47576
5342.6, 1154, -431, -9191, 3454, 38408, -15715, -15308, 47622
5346.3, 1057, -431, -9191, 3454, 38408, -15715, -15308, 47656
5350.6, 1144, -406, -9017, 3562, 40276, -28039, -17933, 47656
5354.3, 1196, -406, -9017, 3562, 40276, -28039, -17933, 47744
5356.5, 37, -406, -9017, 3562, 40276, -28039, -17933, 47744
5360.8, 1093, -266, -9329, 3734, 41541, -42477, -18760, 47744
5364.5, 1054, -266, -9329, 3734, 41541, -42477, -18760, 47803
5368.7, 1085, 351, -9790, 3242, 43654, -58752, -18331, 47803
5372.5, 1209, 351, -9790, 3242, 43654, -58752, -18331, 47878
5376.2, 1126, 351, -9790, 3242, 43654, -58752, -18331, 47917
5380.5, 1045, 1308, -10195, 3049, 45706, -70858, -19455, 47917
5384.3, 1082, 1308, -10195, 3049, 45706, -70858, -19455, 48027
5388.5, 1084, 2246, -10248, 2717, 47692, -74621, -21752, 48027
5392.2, 1075, 2246, -10248, 2717, 47692, -74621, -21752, 49023
5396.0, 1062, 2246, -10248, 2717, 47692, -74621, -21752, 48186
5400.2, 1106, 2762, -10283, 2501, 50580, -70412, -23603, 48186
5403.9, 1170, 2762, -10283, 2501, 50580, -70412, -23603, 49110
5408.1, 1111, 2815, -10483, 2818, 52330, -63543, -23804, 49110
5411.9, 1111, 2815, -10483, 2818, 52330, -63543, -23804, 49162
5415.6, 1059, 2815, -10483, 2818, 52330, -63543, -23804, 48997
5419.8, 1127, 2516, -10550, 2761, 52925, -56744, -22067, 48997
5423.6, 1090, 2516, -10550, 2761, 52925, -56744, -22067, 49128
5427.8, 1150, 1981, -10762, 2907, 53393, -48948, -18852, 49128
5431.5, 1085, 1981, -10762, 2907, 53393, -48948, -18852, 49138
5433.8, 33, 1981, -10762, 2907, 53393, -48948, -18852, 49138
5439.5, 1079, 1526, -10978, 3416, 54045, -45229, -17075, 49184
5443.2, 1089, 1526, -10978, 3416, 54045, -45229, -17075, 49264
5449.0, 1248, 1328, -11292, 3637, 54368, -46445, -18366, 49260
5452.7, 1109, 1328, -11292, 3637, 54368, -46445, -18366, 49295
5458.4, 1133, 1281, -11320, 3390, 55471, -46935, -21227, 49263
5462.1, 1106, 1281, -11320, 3390, 55471, -46935, -21227, 49357
5467.8, 1232, 1506, -11408, 3350, 57510, -47399, -24246, 49397
5471.5, 1081, 1506, -11408, 3350, 57510, -47399, -24246, 49401
5475.8, 1122, 1784, -11094, 3316, 60389, -47491, -26775, 49401
5479.5, 1117, 1784, -11094, 3316, 60389, -47491, -26775, 49496
5481.8, 33, 1784, -11094, 3316, 60389, -47491, -26775, 49496
5486.0, 1055, 2218, -10639, 3431, 61784, -46712, -26893, 49496
5489.7, 1091, 2218, -10639, 3431, 61784, -46712, -26893, 49581
5492.0, 30, 2218, -10639, 3431, 61784, -46712, -26893, 49581
5497.7, 1197, 2503, -10264, 3528, 64182, -44503, -25095, 49600
5501.4, 1113, 2503, -10264, 3528, 64182, -44503, -25095, 49652
5505.7, 1086, 2648, -10179, 3525, 65739, -40071, -22111, 49652
5509.4, 1111, 2648, -10179, 3525, 65739, -40071, -22111, 49695
5511.6, 35, 2648, -10179, 3525, 65739, -40071, -22111, 49695
5515.9, 1088, 2730, -10360, 3739, 68478, -36645, -18895, 49695
5519.7, 1077, 2730, -10360, 3739, 68478, -36645, -18895, 49743
5523.9, 1135, 3001, -10503, 4510, 72521, -37091, -17062, 49743
5527.6, 1035, 3001, -10503, 4510, 72521, -37091, -17062, 49790
5531.4, 1039, 3001, -10503, 4510, 72521, -37091, -17062, 49867
5535.6, 1067, 3120, -10156, 3707, 74612, -36597, -17176, 49867
5539.4, 1182, 3120, -10156, 3707, 74612, -36597, -17176, 49902
5543.6, 1111, 2942, -10146, 3867, 79149, -31483, -16778, 49902
5547.3, 1033, 2942, -10146, 3867, 79149, -31483, -16778, 49938
5551.1, 987, 2942, -10146, 3867, 79149, -31483, -16778, 49969
5555.3, 1042, 2489, -9759, 3708, 79236, -23415, -15115, 49969
5559.0, 1099, 2489, -9759, 3708, 79236, -23415, -15115, 50001
5563.2, 1098, 2046, -9722, 4301, 80663, -15702, -12342, 50001
5566.9, 1081, 2046, -9722, 4301, 80663, -15702, -12342, 50031
5570.7, 1043, 2046, -9722, 4301, 80663, -15702, -12342, 50059
5574.9, 1029, 1726, -9597, 4688, 84504, -11572, -10626, 50059
5578.7, 1040, 1726, -9597, 4688, 84504, -11572, -10626, 50098
5582.9, 1056, 1544, -9431, 4942, 86153, -11362, -11169, 50098
5586.6, 989, 1544, -9431, 4942, 86153, -11362, -11169, 50144
5588.9, 32, 1544, -9431, 4942, 86153, -11362, -11169, 50144
5594.6, 1121, 1425, -9221, 5828, 88205, -16769, -12425, 50118
5598.3, 1032, 1425, -9221, 5828, 88205, -16769, -12425, 50221
5604.0, 1003, 1681, -9259, 5804, 88376, -27182, -12473, 50237
5607.7, 1014, 1681, -9259, 5804, 88376, -27182, -12473, 50266
5613.5, 1136, 2145, -9489, 5794, 89951, -40412, -10858, 50329
5615.7, 40, 2145, -9489, 5794, 89951, -40412, -10858, 50329
5618.0, 10, 2145, -9489, 5794, 89951, -40412, -10858, 50329
5623.7, 1100, 2806, -9323, 5784, 95210, -54430, -7616, 50322
5625.9, 41, 2806, -9323, 5784, 95210, -54430, -7616, 50322
5628.2, 13, 2806, -9323, 5784, 95210, -54430, -7616, 50322
5633.9, 1126, 3395, -9068, 5333, 95179, -66067, -3640, 50352
5636.2, 40, 3395, -9068, 5333, 95179, -66067, -3640, 50352
5640.5, 1022, 3705, -8994, 5723, 96111, -71125, 380, 50352
5644.2, 1079, 3705, -8994, 5723, 96111, -71125, 380, 50363
5646.5, 42, 3705, -8994, 5723, 96111, -71125, 380, 50363
5650.7, 1036, 3760, -8946, 5659, 97695, -70250, 2891, 50363
5654.4, 1073, 3760, -8946, 5659, 97695, -70250, 2891, 50374
5656.7, 42, 3760, -8946, 5659, 97695, -70250, 2891, 50374
5660.9, 1102, 3669, -8944, 5499, 98710, -64475, 4033, 50374
5664.6, 1061, 3669, -8944, 5499, 98710, -64475, 4033, 50338
5666.9, 39, 3669, -8944, 5499, 98710, -64475, 4033, 50338
5672.6, 1128, 3718, -8908, 6320, 104297, -57256, 3762, 50377
5676.3, 1001, 3718, -8908, 6320, 104297, -57256, 3762, 50397
5680.6, 1137, 3309, -8683, 5803, 103334, -45085, 1938, 50397
5684.3, 1140, 3309, -8683, 5803, 103334, -45085, 1938, 50348
5686.5, 61, 3309, -8683, 5803, 103334, -45085, 1938, 50348
5690.8, 996, 2645, -8307, 6480, 102941, -22549, -809, 50348
5694.6, 1109, 2645, -8307, 6480, 102941, -22549, -809, 50357
5698.8, 1176, 1901, -7676, 6854, 99611, 3040, -5280, 50357
5702.5, 1062, 1901, -7676, 6854, 99611, 3040, -5280, 50341
5706.3, 1018, 1901, -7676, 6854, 99611, 3040, -5280, 50321
5710.5, 1143, 1305, -7316, 7229, 95459, 21910, -11116, 50321
5714.3, 1174, 1305, -7316, 7229, 95459, 21910, -11116, 50300
5718.5, 1063, 1130, -7180, 7883, 94453, 28888, -16900, 50300
5722.2, 1027, 1130, -7180, 7883, 94453, 28888, -16900, 50296
5726.0, 1081, 1130, -7180, 7883, 94453, 28888, -16900, 50278
5730.3, 1131, 1472, -6809, 8314, 97174, 21477, -21494, 50278
5734.0, 1171, 1472, -6809, 8314, 97174, 21477, -21494, 50267
5738.3, 1154, 2243, -6818, 7846, 99904, 39, -21770, 50267
5742.0, 1137, 2243, -6818, 7846, 99904, 39, -21770, 50263
5745.7, 1123, 2243, -6818, 7846, 99904, 39, -21770, 50259
5750.0, 1182, 3247, -6931, 7774, 109591, -27676, -16012, 50259
5753.7, 1139, 3247, -6931, 7774, 109591, -27676, -16012, 50247
5758.0, 1146, 4157, -6646, 6735, 116136, -48235, -5219, 50247
5761.8, 1113, 4157, -6646, 6735, 116136, -48235, -5219, 50257
5765.5, 1158, 4157, -6646, 6735, 116136, -48235, -5219, 50245
5769.8, 1094, 4651, -7031, 6412, 119535, -52487, 5547, 50245
5773.6, 1139, 4651, -7031, 6412, 119535, -52487, 5547, 49938
5777.8, 1158, 4630, -7032, 6418, 123547, -40801, 10115, 49938
5781.5, 1162, 4630, -7032, 6418, 123547, -40801, 10115, 50281
5785.7, 1156, 4630, -7032, 6418, 125131, -21070, 6269, 50281
5789.4, 1104, 4630, -7032, 6418, 125131, -21070, 6269, 50262
5791.7, 64, 4630, -7032, 6418, 125131, -21070, 6269, 50262
5795.9, 1204, 4373, -7369, 6897, 128211, -1369, -3080, 50262
5799.6, 1204, 4373, -7369, 6897, 128211, -1369, -3080, 50271
5801.9, 73, 4373, -7369, 6897, 128211, -1369, -3080, 50271
5807.6, 1210, 4307, -7715, 8356, 128316, 12565, -12075, 50292
5811.3, 1118, 4307, -7715, 8356, 128316, 12565, -12075, 50314
5815.6, 1110, 3835, -7715, 8356, 127218, 16275, -16935, 50314
5819.3, 1114, 3835, -7715, 8356, 127218, 16275, -16935, 50307
5821.5, 43, 3835, -7715, 8356, 127218, 16275, -16935, 50307
5825.8, 1130, 3513, -7558, 8132, 125669, 17491, -15102, 50307
5829.6, 1101, 3513, -7558, 8132, 125669, 17491, -15102, 50350
5831.8, 41, 3513, -7558, 8132, 125669, 17491, -15102, 50350
5837.6, 1295, 2249, -6388, 8153, 126050, 19035, -10150, 50359
5841.3, 1060, 2249, -6388, 8153, 126050, 19035, -10150, 50371
5845.6, 1059, 2249, -6071, 8330, 126929, 20029, -7695, 50371
5849.4, 1151, 2249, -6071, 8330, 126929, 20029, -7695, 50424
5853.6, 1381, 1667, -6071, 8330, 126929, 20029, -7695, 50424
5857.3, 1150, 1667, -6071, 8330, 126929, 20029, -7695, 50365
5861.1, 1118, 1667, -6071, 8330, 126929, 20029, -7695, 50367
5865.3, 1066, 1688, -5559, 7952, 130552, 13807, -18602, 50367
5869.1, 1055, 1688, -5559, 7952, 130552, 13807, -18602, 50360
5873.3, 1240, 2185, -5559, 7952, 130552, 13807, -18602, 50360
5877.0, 1155, 2185, -5559, 7952, 130552, 13807, -18602, 50339
5880.7, 1089, 2185, -5559, 7952, 130552, 13807, -18602, 50347
5885.0, 1103, 2961, -4671, 7667, 138650, -3246, -26757, 50347
5888.7, 1156, 2961, -4671, 7667, 138650, -3246, -26757, 50348
5892.9, 1191, 3381, -4671, 7667, 138650, -3246, -26757, 50348
5896.7, 1031, 3381, -4671, 7667, 138650, -3246, -26757, 50355
5899.0, 31, 3381, -4671, 7667, 138650, -3246, -26757, 50355
5904.7, 1240, 3245, -4462, 7484, 143112, 13917, -18165, 50373
5908.5, 1167, 3245, -4462, 7484, 143112, 13917, -18165, 50343
5912.7, 1118, 2685, -4462, 7484, 143112, 13917, -18165, 50343
5916.4, 1031, 2685, -4462, 7484, 143112, 13917, -18165, 50359
5918.7, 31, 2685, -4462, 7484, 143112, 13917, -18165, 50359
5924.5, 1192, 2126, -4161, 8338, 143344, 44017, -21665, 50357
5928.3, 1082, 2126, -4161, 8338, 143344, 44017, -21665, 50362
5934.0, 1098, 1926, -4161, 8338, 143344, 45933, -31172, 50375
5937.7, 1081, 1926, -4161, 8338, 143344, 45933, -31172, 50375
5943.5, 1256, 1890, -3738, 9021, 143344, 45933, -31172, 50373
5945.7, 41, 1890, -3738, 9021, 143344, 45933, -31172, 50373
5948.0, 12, 1890, -3738, 9021, 143344, 45933, -31172, 50373
5953.7, 1175, 2070, -3404, 9090, 143344, 43173, -40189, 50372
5955.9, 36, 2070, -3404, 9090, 143344, 43173, -40189, 50372
5960.2, 1203, 2200, -3326, 9562, 143344, 41418, -44503, 50372
5964.0, 1084, 2200, -3326, 9562, 143344, 41418, -44503, 50405
5966.2, 34, 2200, -3326, 9562, 143344, 41418, -44503, 50405
5970.5, 1107, 1916, -3188, 9181, 143344, 40898, -43146, 50405
5974.2, 1141, 1916, -3188, 9181, 143344, 40898, -43146, 50136
5976.5, 38, 1916, -3188, 9181, 143344, 40898, -43146, 50136
5980.7, 1175, 1817, -3297, 8871, 143344, 42035, -38986, 50136
5984.4, 1057, 1817, -3297, 8871, 143344, 42035, -38986, 50125
5986.7, 35, 1817, -3297, 8871, 143344, 42035, -38986, 50125
5990.9, 1143, 2027, -3139, 9013, 143344, 42814, -35945, 50125
5994.6, 1159, 2027, -3139, 9013, 143344, 42814, -35945, 50122
5996.9, 39, 2027, -3139, 9013, 143344, 42814, -35945, 50122
6002.6, 1150, 2271, -2824, 8862, 143344, 41711, -36278, 50115
6006.3, 1068, 2271, -2824, 8862, 143344, 41711, -36278, 50109
6010.6, 1178, 2318, -2315, 8606, 143344, 41125, -38977, 50109
6014.3, 1125, 2318, -2315, 8606, 143344, 41125, -38977, 50101
6018.5, 1147, 2467, -1929, 8251, 143344, 42333, -39778, 50101
6022.2, 1078, 2467, -1929, 8251, 143344, 42333, -39778, 50081
6026.0, 1043, 2467, -1929, 8251, 143344, 42333, -39778, 50085
6030.3, 1069, 2478, -1774, 8608, 143344, 43352, -37971, 50085
6034.0, 1123, 2478, -1774, 8608, 143344, 43352, -37971, 50067
6038.3, 1143, 2143, -1549, 8678, 143344, 45229, -33044, 50067
6042.0, 1113, 2143, -1549, 8678, 143344, 45229, -33044, 50050
6045.8, 1035, 2143, -1549, 8678, 143344, 45229, -33044, 50030
6050.0, 1091, 1779, -1612, 8909, 143344, 45430, -26819, 50030
6053.7, 1128, 1779, -1612, 8909, 143344, 45430, -26819, 50004
6057.9, 1105, 1643, -1440, 9038, 143344, 42963, -22107, 50004
6061.6, 1078, 1643, -1440, 9038, 143344, 42963, -22107, 49995
6063.9, 30, 1643, -1440, 9038, 143344, 42963, -22107, 49995
6069.6, 1159, 1703, -1195, 8797, 143344, 38373, -20221, 49958
6073.4, 1098, 1703, -1195, 8797, 143344, 38373, -20221, 49970
6079.1, 1118, 1524, -891, 9092, 143344, 32091, -21245, 49970
6082.8, 1115, 1524, -891, 9092, 143344, 32091, -21245, 49955
6088.5, 1148, 1441, -498, 8644, 143344, 28293, -23183, 50305
6092.3, 1002, 1441, -498, 8644, 143344, 28293, -23183, 49934
6098.0, 1163, 1393, -274, 8464, 143344, 27212, -23927, 49913
6101.7, 1055, 1393, -274, 8464, 143344, 27212, -23927, 49925
6107.5, 1109, 1443, -93, 8843, 143344, 25554, -22658, 49904
6111.2, 1019, 1443, -93, 8843, 143344, 25554, -22658, 49860
6113.4, 33, 1443, -93, 8843, 143344, 25554, -22658, 49860
6119.1, 1184, 1658, 55, 9116, 143344, 18987, -19884, 49854
6121.4, 37, 1658, 55, 9116, 143344, 18987, -19884, 49854
6125.6, 1110, 1996, 261, 7970, 143344, 8220, -17054, 49854
6129.3, 1076, 1996, 261, 7970, 143344, 8220, -17054, 49825
6131.6, 36, 1996, 261, 7970, 143344, 8220, -17054, 49825
6135.8, 1074, 2045, 796, 7612, 143344, 748, -13549, 49825
6139.5, 1061, 2045, 796, 7612, 143344, 748, -13549, 49793
6141.8, 38, 2045, 796, 7612, 143344, 748, -13549, 49793
6146.0, 1141, 2353, 1549, 7933, 143344, -1325, -9940, 49793
6149.7, 1078, 2353, 1549, 7933, 143344, -1325, -9940, 49764
6152.0, 44, 2353, 1549, 7933, 143344, -1325, -9940, 49764
6157.7, 1148, 2648, 2132, 8297, 143344, -3224, -8868, 49764
6161.4, 1101, 2648, 2132, 8297, 143344, -3224, -8868, 49742
6165.7, 1106, 2716, 2572, 7720, 143344, -2891, -10732, 49742
6169.4, 1027, 2716, 2572, 7720, 143344, -2891, -10732, 49721
6171.7, 43, 2716, 2572, 7720, 143344, -2891, -10732, 49721
6176.0, 1041, 2285, 2646, 8026, 143344, 1566, -13960, 49721
6179.7, 1091, 2285, 2646, 8026, 143344, 1566, -13960, 49646
6183.9, 1155, 2062, 2519, 7503, 143344, 9025, -16301, 49646
6187.7, 1075, 2062, 2519, 7503, 143344, 9025, -16301, 49695
6191.4, 1126, 2062, 2519, 7503, 143344, 9025, -16301, 49661
6195.6, 1071, 1846, 2078, 8109, 143344, 17697, -15155, 49661
6199.4, 1005, 1846, 2078, 8109, 143344, 17697, -15155, 49663
6203.6, 1112, 1758, 2191, 8023, 143344, 19950, -13147, 49663
6207.3, 1095, 1758, 2191, 8023, 143344, 19950, -13147, 49642
6211.1, 1095, 1758, 2191, 8023, 143344, 19950, -13147, 49636
6215.3, 1101, 1664, 2379, 8048, 143344, 11064, -11427, 49636
6219.0, 1054, 1664, 2379, 8048, 143344, 11064, -11427, 49617
6223.2, 1081, 1529, 2947, 7658, 143344, 883, -9664, 49617
6227.0, 987, 1529, 2947, 7658, 143344, 883, -9664, 49605
6230.7, 1076, 1529, 2947, 7658, 143344, 883, -9664, 49574
6234.9, 1190, 1568, 3544, 6155, 142929, 4939, -9948, 49574
6238.7, 1060, 1568, 3544, 6155, 142929, 4939, -9948, 49556
6242.9, 1056, 1594, 3896, 7865, 139722, 10841, -16795, 49556
6246.6, 992, 1594, 3896, 7865, 139722, 10841, -16795, 49498
6248.9, 26, 1594, 3896, 7865, 139722, 10841, -16795, 49498
6254.6, 1157, 1597, 4550, 7206, 138217, 12967, -24688, 49504
6258.3, 1030, 1597, 4550, 7206, 138217, 12967, -24688, 49484
6264.1, 1101, 1668, 4227, 6324, 134087, 19416, -30778, 49466
6266.3, 29, 1668, 4227, 6324, 134087, 19416, -30778, 49466
6268.6, 7, 1668, 4227, 6324, 134087, 19416, -30778, 49466
6274.3, 1213, 1746, 4657, 6905, 135810, 29514, -32821, 49438
6276.6, 31, 1746, 4657, 6905, 135810, 29514, -32821, 49438
6280.9, 999, 1952, 5072, 7966, 136029, 34073, -27860, 49438
6284.7, 1042, 1952, 5072, 7966, 136029, 34073, -27860, 49429
6286.9, 28, 1952, 5072, 7966, 136029, 34073, -27860, 49429
6292.6, 1173, 2112, 4892, 7862, 133199, 29347, -19416, 49368
6296.4, 1046, 2112, 4892, 7862, 133199, 29347, -19416, 49421
6300.6, 1067, 2190, 5115, 6610, 130009, 20339, -11200, 49421
6304.4, 1086, 2190, 5115, 6610, 130009, 20339, -11200, 49433
6306.7, 27, 2190, 5115, 6610, 130009, 20339, -11200, 49433
6310.9, 1085, 1923, 5277, 6046, 123180, 16078, -4773, 49433
6314.7, 1055, 1923, 5277, 6046, 123180, 16078, -4773, 49434
6316.9, 28, 1923, 5277, 6046, 123180, 16078, -4773, 49434
6322.6, 1128, 1667, 5093, 5895, 120699, 18554, -4484, 49450
6326.4, 1165, 1667, 5093, 5895, 120699, 18554, -4484, 49435
6330.6, 1093, 1271, 5554, 6139, 117501, 27781, -12902, 49435
6334.4, 1039, 1271, 5554, 6139, 117501, 27781, -12902, 49421
6338.6, 1080, 1006, 5937, 6311, 117037, 36221, -22024, 49421
6342.3, 1092, 1006, 5937, 6311, 117037, 36221, -22024, 49404
6346.0, 1090, 1006, 5937, 6311, 117037, 36221, -22024, 49404
6350.3, 1104, 1148, 5948, 5338, 115510, 42586, -27339, 49404
6354.0, 1079, 1148, 5948, 5338, 115510, 42586, -27339, 49381
6358.2, 1050, 1602, 5720, 5750, 120515, 49394, -28556, 49381
6362.0, 1062, 1602, 5720, 5750, 120515, 49394, -28556, 49372
6365.8, 1078, 1602, 5720, 5750, 120515, 49394, -28556, 49351
6370.0, 1078, 1983, 6155, 5937, 125092, 55025, -28792, 49351
6373.8, 1045, 1983, 6155, 5937, 125092, 55025, -28792, 49340
6378.0, 1056, 2033, 6500, 5857, 117212, 59907, -30222, 49340
6381.7, 1061, 2033, 6500, 5857, 117212, 59907, -30222, 49331
6384.0, 37, 2033, 6500, 5857, 117212, 59907, -30222, 49331
6389.8, 1092, 1935, 7140, 6593, 112115, 65131, -30047, 49289
6393.5, 1075, 1935, 7140, 6593, 112115, 65131, -30047, 49231
6397.7, 1077, 1378, 7949, 6856, 109761, 64077, -25791, 49231
6401.5, 1052, 1378, 7949, 6856, 109761, 64077, -25791, 49246
6403.8, 39, 1378, 7949, 6856, 109761, 64077, -25791, 49246
6409.5, 1090, 702, 8560, 5800, 102101, 59811, -17434, 49174
6413.2, 1073, 702, 8560, 5800, 102101, 59811, -17434, 49201
6419.0, 1054, -40, 7910, 5871, 96045, 56744, -6422, 49197
6422.7, 1089, -40, 7910, 5871, 96045, 56744, -6422, 49187
6428.4, 1142, -40, 7910, 5827, 98089, 47272, 1045, 49161
6432.1, 1056, -40, 7910, 5827, 98089, 47272, 1045, 49185
6437.9, 1126, -284, 7051, 5827, 98587, 35092, 2209, 49117
6441.6, 1068, -284, 7051, 5827, 98587, 35092, 2209, 49153
6445.9, 1027, -220, 6954, 5806, 98587, 24316, -533, 49153
6450.0, 668, -220, 6954, 5806, 98587, 24316, -533, 49129
6452.3, 23, -220, 6954, 5806, 98587, 24316, -533, 49129
6458.0, 1160, 235, 6987, 5297, 89610, 17443, -4392, 49116
6461.7, 1070, 235, 6987, 5297, 89610, 17443, -4392, 49114
6467.4, 1186, 713, 7298, 5297, 85226, 16559, -6807, 49103
6471.1, 1071, 713, 7298, 5297, 85226, 16559, -6807, 49086
6475.4, 1063, 1015, 7710, 5547, 85226, 16559, -6610, 49086
6479.1, 1041, 1015, 7710, 5547, 85226, 16559, -6610, 49071
6481.4, 31, 1015, 7710, 5547, 85226, 16559, -6610, 49071
6485.6, 1130, 901, 8513, 5323, 75837, 33114, -4493, 49071
6489.3, 1042, 901, 8513, 5323, 75837, 33114, -4493, 49050
6491.6, 27, 901, 8513, 5323, 75837, 33114, -4493, 49050
6495.8, 1083, 852, 7996, 4935, 75644, 41296, -5919, 49050
6499.5, 1088, 852, 7996, 4935, 75644, 41296, -5919, 49031
6503.7, 1064, 371, 8618, 5188, 75644, 41296, -5919, 49031
6507.5, 1081, 371, 8618, 5188, 75644, 41296, -5919, 49014
6511.3, 1080, 371, 8618, 5188, 75644, 41296, -5919, 48999
6515.5, 1085, 202, 7660, 3661, 83353, 50956, -8045, 48999
6519.3, 1030, 202, 7660, 3661, 83353, 50956, -8045, 48986
6523.5, 1072, 35, 7025, 3314, 83353, 50956, -8045, 48986
6527.3, 997, 35, 7025, 3314, 83353, 50956, -8045, 48939
6531.0, 719, 35, 7025, 3314, 83353, 50956, -8045, 48919
6535.3, 467, -214, 7304, 4134, 88722, 57597, -14293, 48919
6539.0, 650, -214, 7304, 4134, 88722, 57597, -14293, 48898
6543.2, 854, 79, 8155, 4343, 88722, 57597, -14293, 48898
6546.9, 936, 79, 8155, 4343, 88722, 57597, -14293, 48870
6550.6, 927, 79, 8155, 4343, 88722, 57597, -14293, 48867
6554.9, 943, -168, 8509, 4561, 82833, 58429, -4851, 48867
6558.6, 1031, -168, 8509, 4561, 82833, 58429, -4851, 48849
6562.8, 965, -261, 8293, 4513, 82833, 58429, -4851, 48849
6566.6, 995, -261, 8293, 4513, 82833, 58429, -4851, 48828
6568.8, 39, -261, 8293, 4513, 82833, 58429, -4851, 48828
6574.6, 1073, -59, 8407, 4784, 73369, 50702, 5477, 48799
6578.3, 1009, -59, 8407, 4784, 73369, 50702, 5477, 48801
6584.0, 1089, -306, 8667, 4243, 73369, 50702, 5477, 48792
6586.3, 31, -306, 8667, 4243, 73369, 50702, 5477, 48792
6588.5, 14, -306, 8667, 4243, 73369, 50702, 5477, 48792
6594.2, 1120, -295, 8645, 4073, 69410, 49709, 9060, 45818
6596.5, 30, -295, 8645, 4073, 69410, 49709, 9060, 45818
6600.7, 1060, -418, 9140, 4144, 66562, 49219, 10150, 45818
6604.5, 1032, -418, 9140, 4144, 66562, 49219, 10150, 44971
6606.7, 27, -418, 9140, 4144, 66562, 49219, 10150, 44971
6611.0, 1049, -472, 9291, 3612, 58057, 50037, 7332, 44971
6614.7, 1015, -472, 9291, 3612, 58057, 50037, 7332, 44275
6617.0, 26, -472, 9291, 3612, 58057, 50037, 7332, 44275
6622.8, 1148, -334, 9283, 3332, 52522, 50759, 2905, 43658
6626.5, 1080, -334, 9283, 3332, 52522, 50759, 2905, 43091
6630.8, 1049, -316, 9263, 3062, 52973, 49110, -516, 43091
6634.5, 1061, -316, 9263, 3062, 52973, 49110, -516, 42513
6636.8, 29, -316, 9263, 3062, 52973, 49110, -516, 42513
6641.0, 1069, -1271, 9346, 4037, 48922, 39174, 739, 42513
6644.7, 1063, -1271, 9346, 4037, 48922, 39174, 739, 42086
6649.0, 1094, -646, 9821, 2133, 48563, 29676, 3745, 42086
6652.8, 1065, -646, 9821, 2133, 48563, 29676, 3745, 41496
6656.5, 1076, -646, 9821, 2133, 48563, 29676, 3745, 40867
6660.8, 1050, -766, 7858, 5373, 29592, 22789, 2594, 40867
6664.5, 1072, -766, 7858, 5373, 29592, 22789, 2594, 40582
6668.8, 1122, -732, 9685, 3614, 48900, 13553, -594, 40582
6672.5, 1089, -732, 9685, 3614, 48900, 13553, -594, 40196
6676.3, 1077, -732, 9685, 3614, 48900, 13553, -594, 39711
6680.6, 1002, -774, 10149, 3117, 47351, 24469, -1456, 39711
6684.3, 1060, -774, 10149, 3117, 47351, 24469, -1456, 39570
6688.5, 1099, -187, 10104, 2593, 40355, 25034, 3696, 39570
6692.3, 1079, -187, 10104, 2593, 40355, 25034, 3696, 39587
6696.0, 1070, -187, 10104, 2593, 40355, 25034, 3696, 39319
6700.2, 1091, -166, 9655, 2486, 35464, 17202, 6562, 39319
6704.0, 1098, -166, 9655, 2486, 35464, 17202, 6562, 39284
6708.2, 1098, -345, 9937, 2444, 32274, 8780, 1938, 39284
6711.9, 1089, -345, 9937, 2444, 32274, 8780, 1938, 39183
6715.7, 1083, -345, 9937, 2444, 32274, 8780, 1938, 39039
6719.9, 1096, -616, 10180, 2750, 29234, 4974, -3570, 39039
6723.6, 1107, -616, 10180, 2750, 29234, 4974, -3570, 38997
6727.8, 1080, -796, 10204, 3003, 23314, -43, -5827, 38997
6731.6, 1009, -796, 10204, 3003, 23314, -43, -5827, 38986
6733.8, 32, -796, 10204, 3003, 23314, -43, -5827, 38986
6739.6, 1058, -879, 10195, 3069, 17517, -6715, -4138, 38940
6743.3, 1084, -879, 10195, 3069, 17517, -6715, -4138, 38809
6749.0, 1175, -625, 10018, 2877, 10924, -12464, -3810, 38856
6751.2, 31, -625, 10018, 2877, 10924, -12464, -3810, 38856
6753.5, 11, -625, 10018, 2877, 10924, -12464, -3810, 38856
6759.2, 1175, -461, 9932, 2753, 4256, -15028, -5324, 38959
6761.5, 30, -461, 9932, 2753, 4256, -15028, -5324, 38959
6765.7, 1008, -448, 9829, 2815, -1373, -17036, -5827, 38959
6769.5, 1015, -448, 9829, 2815, -1373, -17036, -5827, 38981
6771.8, 25, -448, 9829, 2815, -1373, -17036, -5827, 38981
6776.0, 1113, -619, 9703, 2872, -7083, -19005, -6413, 38981
6779.7, 1138, -619, 9703, 2872, -7083, -19005, -6413, 39032
6782.0, 29, -619, 9703, 2872, -7083, -19005, -6413, 39032
6787.7, 1142, -772, 9419, 2717, -13855, -22487, -8745, 39236
6791.4, 1053, -772, 9419, 2717, -13855, -22487, -8745, 39297
6795.7, 1003, -929, 9190, 2465, -21284, -26902, -11427, 39297
6799.4, 1056, -929, 9190, 2465, -21284, -26902, -11427, 39366
6801.7, 26, -929, 9190, 2465, -21284, -26902, -11427, 39366
6806.0, 990, -908, 9236, 1830, -29181, -32493, -14800, 39366
6809.7, 1098, -908, 9236, 1830, -29181, -32493, -14800, 39462
6814.0, 1117, -809, 9232, 1559, -35468, -38329, -16546, 39462
6817.7, 1076, -809, 9232, 1559, -35468, -38329, -16546, 39551
6821.4, 1046, -809, 9232, 1559, -35468, -38329, -16546, 39632
6825.7, 1064, -886, 9530, 2121, -38251, -46257, -15382, 39632
6829.4, 1125, -886, 9530, 2121, -38251, -46257, -15382, 39707
6833.6, 1116, -689, 10012, 2455, -41427, -52675, -15225, 39707
6837.3, 1126, -689, 10012, 2455, -41427, -52675, -15225, 39807
6841.0, 992, -689, 10012, 2455, -41427, -52675, -15225, 39903
6845.3, 1037, -601, 10138, 3226, -48274, -58722, -15247, 39903
6849.0, 1147, -601, 10138, 3226, -48274, -58722, -15247, 40051
6853.2, 1115, -638, 9974, 3281, -56941, -68071, -16905, 40051
6857.0, 1053, -638, 9974, 3281, -56941, -68071, -16905, 40200
6860.8, 1060, -638, 9974, 3281, -56941, -68071, -16905, 40371
6865.0, 1042, -1111, 8400, 3780, -65332, -78935, -21713, 40371
6868.8, 1094, -1111, 8400, 3780, -65332, -78935, -21713, 40560
6873.0, 1138, -205, 9549, 3090, -72914, -89422, -27707, 40560
6876.7, 992, -205, 9549, 3090, -72914, -89422, -27707, 40750
6879.0, 29, -205, 9549, 3090, -72914, -89422, -27707, 40750
6884.7, 1104, -123, 9367, 3460, -74389, -96605, -31189, 40974
6888.5, 1063, -123, 9367, 3460, -74389, -96605, -31189, 41261
6892.7, 1057, -129, 10021, 3803, -73107, -98487, -23389, 41261
6896.5, 1044, -129, 10021, 3803, -73107, -98487, -23389, 41552
6898.8, 32, -129, 10021, 3803, -73107, -98487, -23389, 41552
6904.5, 979, 132, 10432, 3803, -84058, -100950, -10333, 41846
6908.3, 1017, 132, 10432, 3803, -84058, -100950, -10333, 42144
6914.0, 1185, -83, 10786, 3336, -106935, -99952, -796, 42452
6916.2, 33, -83, 10786, 3336, -106935, -99952, -796, 42452
6920.5, 941, 407, 9734, 2797, -129895, -91985, 4843, 42452
6924.3, 986, 407, 9734, 2797, -129895, -91985, 4843, 42719
6926.5, 28, 407, 9734, 2797, -129895, -91985, 4843, 42719
6930.8, 396, 592, 8870, 2748, -133846, -72735, 3736, 42719
6934.5, 504, 592, 8870, 2748, -133846, -72735, 3736, 43036
6936.8, 15, 592, 8870, 2748, -133846, -72735, 3736, 43036
6941.0, 268, 313, 8640, 3093, -127900, -52990, -4445, 43036
6944.7, 304, 313, 8640, 3093, -127900, -52990, -4445, 43284
6947.0, 10, 313, 8640, 3093, -127900, -52990, -4445, 43284
6952.7, 193, 330, 8626, 3653, -125074, -41786, -12503, 43495
6956.4, 153, 330, 8626, 3653, -125074, -41786, -12503, 43636
6960.7, 261, 294, 8170, 4527, -127940, -37704, -15815, 43636
6964.4, 500, 294, 8170, 4527, -127940, -37704, -15815, 43698
6966.7, 16, 294, 8170, 4527, -127940, -37704, -15815, 43698
6970.9, 320, -38, 7990, 4974, -135268, -37139, -14914, 43698
6974.7, 564, -38, 7990, 4974, -135268, -37139, -14914, 43706
6978.9, 309, -38, 7990, 4917, -141857, -38041, -13947, 43706
6982.6, 508, -38, 7990, 4917, -141857, -38041, -13947, 43582
6986.4, 384, -38, 7990, 4917, -141857, -38041, -13947, 43506
6990.6, 281, -353, 6933, 5199, -143344, -38771, -15588, 43506
6994.4, 666, -353, 6933, 5199, -143344, -38771, -15588, 43366
6998.6, 533, -353, 6933, 5717, -143344, -38745, -17447, 43366
7002.3, 606, -353, 6933, 5717, -143344, -38745, -17447, 43347
7006.1, 714, -353, 6933, 5717, -143344, -38745, -17447, 43317
7010.3, 374, -1127, 6715, 5385, -143344, -40613, -16625, 43317
7014.0, 1134, -1127, 6715, 5385, -143344, -40613, -16625, 43339
7018.2, 1020, -1127, 6715, 5385, -143344, -50129, -10692, 43339
7021.9, 708, -1127, 6715, 5385, -143344, -50129, -10692, 43314
7025.7, 1272, -1127, 6715, 5385, -143344, -50129, -10692, 43251
7030.0, 1099, -876, 6781, 5651, -143344, -68784, -1128, 43251
7033.7, 1361, -876, 6781, 5651, -143344, -68784, -1128, 39462
7037.9, 1424, -876, 6781, 5651, -143344, -88350, 7328, 39462
7041.6, 478, -876, 6781, 5651, -143344, -88350, 7328, 43372
7043.9, 119, -876, 6781, 5651, -143344, -88350, 7328, 43372
7049.6, 1379, 182, 7105, 5563, -143344, -98211, 10172, 43465
7053.3, 964, 182, 7105, 5563, -143344, -98211, 10172, 43537
7059.0, 2218, 1197, 6691, 5184, -143344, -94602, 5814, 43555
7062.8, 893, 1197, 6691, 5184, -143344, -94602, 5814, 43544
7068.5, 1633, 1197, 6691, 5184, -143344, -78834, -1995, 43497
7070.7, 183, 1197, 6691, 5184, -143344, -78834, -1995, 43497
7073.0, 12, 1197, 6691, 5184, -143344, -78834, -1995, 43497
7078.7, 1766, 1984, 6441, 4883, -143344, -61250, -5053, 43460
7080.9, 138, 1984, 6441, 4883, -143344, -61250, -5053, 43460
7083.2, 14, 1984, 6441, 4883, -143344, -61250, -5053, 43460
7088.9, 1729, 2362, 6573, 4764, -143344, -49853, 2905, 43443
7091.2, 116, 2362, 6573, 4764, -143344, -49853, 2905, 43443
7095.5, 1048, 2651, 6655, 4764, -143344, -49853, 2905, 43443
7099.2, 2016, 2651, 6655, 4764, -143344, -49853, 2905, 43415
7101.5, 1124, 2651, 6655, 4764, -143344, -49853, 2905, 43415
7105.7, 1388, 2862, 6881, 6571, -143344, -51433, 19784, 43415
7109.4, 1055, 2862, 6881, 6571, -143344, -51433, 19784, 42937
7111.7, 41, 2862, 6881, 6571, -143344, -51433, 19784, 42937
7115.9, 1436, 2907, 7005, 8364, -143344, -60699, 38141, 42937
7119.6, 1178, 2907, 7005, 8364, -143344, -60699, 38141, 42959
7121.9, 45, 2907, 7005, 8364, -143344, -60699, 38141, 42959
7127.6, 2200, 2527, 7305, 7541, -143344, -46703, 60069, 42970
7131.3, 1091, 2527, 7305, 7541, -143344, -46703, 60069, 42980
7135.6, 1004, 1384, 6630, 6287, -143344, -46703, 60069, 42980
7139.4, 1200, 1384, 6630, 6287, -143344, -46703, 60069, 42979
7143.6, 1570, -211, 5520, 4943, -143344, -18349, 61461, 42979
7147.3, 1233, -211, 5520, 4943, -143344, -18349, 61461, 42977
7151.1, 1734, -211, 5520, 4943, -143344, -18349, 61461, 42953
7155.3, 1228, -1121, 3918, 6932, -143344, 7490, 58402, 42953
7159.1, 1353, -1121, 3918, 6932, -143344, 7490, 58402, 42984
7163.3, 1252, -982, 3248, 9410, -143344, 5731, 50475, 42984
7167.0, 1263, -982, 3248, 9410, -143344, 5731, 50475, 43004
7170.7, 1494, -982, 3248, 9410, -143344, 5731, 50475, 42998
7175.0, 1446, -299, 2699, 8531, -143344, -27606, 39279, 42998
7178.7, 1735, -299, 2699, 8531, -143344, -27606, 39279, 43130
7182.9, 1756, 446, 1591, 7192, -143344, -63246, 31277, 43130
7186.7, 1239, 446, 1591, 7192, -143344, -63246, 31277, 43178
7189.0, 61, 446, 1591, 7192, -143344, -63246, 31277, 43178
7194.6, 1011, 1147, 411, 6470, -143344, -76603, 29527, 43253
7198.4, 1422, 1147, 411, 6470, -143344, -76603, 29527, 43338
7204.1, 2007, 1537, -1000, 7287, -143344, -64488, 29299, 43342
7207.8, 1405, 1537, -1000, 7287, -143344, -64488, 29299, 43386
7213.5, 1207, 1180, -972, 7074, -143344, -38001, 26377, 43419
7217.3, 1164, 1180, -972, 7074, -143344, -38001, 26377, 43466
7223.0, 1647, 1002, -1327, 6509, -143344, -18454, 24198, 43482
7226.7, 1192, 1002, -1327, 6509, -143344, -18454, 24198, 43582
7232.5, 1229, 1446, -1901, 6187, -143344, -5880, 22527, 43682
7236.2, 1167, 1446, -1901, 6187, -143344, -5880, 22527, 43743
7238.5, 43, 1446, -1901, 6187, -143344, -5880, 22527, 43743
7244.2, 1363, 2239, -1917, 5704, -143344, 1098, 21389, 43866
7246.5, 50, 2239, -1917, 5704, -143344, 1098, 21389, 43866
7250.7, 1371, 3288, -2305, 6919, -143344, 6881, 19819, 43866
7254.5, 1928, 3288, -2305, 6919, -143344, 6881, 19819, 43962
7256.8, 821, 3288, -2305, 6919, -143344, 6881, 19819, 43962
7262.5, 1372, 3902, -2514, 7482, -143344, 8548, 17968, 44079
7266.3, 1259, 3902, -2514, 7482, -143344, 8548, 17968, 44123
7270.5, 1170, 3863, -2890, 7743, -143344, 5250, 18515, 44123
7274.3, 1186, 3863, -2890, 7743, -143344, 5250, 18515, 43063
7276.5, 50, 3863, -2890, 7743, -143344, 5250, 18515, 43063
7280.8, 1535, 2947, -3025, 7568, -143344, 5801, 23979, 43063
7284.6, 1647, 2947, -3025, 7568, -143344, 5801, 23979, 44226
7286.8, 142, 2947, -3025, 7568, -143344, 5801, 23979, 44226
7292.6, 1316, 1749, -3284, 7257, -143344, 17198, 33464, 44237
7296.3, 1209, 1749, -3284, 7257, -143344, 17198, 33464, 44247
7300.6, 1318, 1072, -3993, 7810, -143344, 26613, 38719, 44247
7304.4, 1471, 1072, -3993, 7810, -143344, 26613, 38719, 44250
7308.6, 1208, 1681, -4277, 7813, -143344, 18852, 35683, 44250
7312.3, 1066, 1681, -4277, 7813, -143344, 18852, 35683, 44254
7316.1, 1711, 1681, -4277, 7813, -143344, 18852, 35683, 44243
7320.4, 1811, 3152, -4497, 8521, -143344, -1373, 29321, 44243
7324.2, 1283, 3152, -4497, 8521, -143344, -1373, 29321, 44287
7328.4, 1212, 4602, -3912, 8856, -143344, -21875, 26635, 44287
7332.1, 1159, 4602, -3912, 8856, -143344, -21875, 26635, 44328
7335.9, 1364, 4602, -3912, 8856, -143344, -21875, 26635, 44358
7340.1, 1286, 3969, -3111, 6590, -143344, -28236, 33521, 44358
7343.9, 1441, 3969, -3111, 6590, -143344, -28236, 33521, 44404
7348.1, 1163, 2347, -3159, 8234, -143344, -14153, 49928, 44404
7351.8, 1221, 2347, -3159, 8234, -143344, -14153, 49928, 44446
7355.6, 1400, 2347, -3159, 8234, -143344, -14153, 49928, 44450
7359.8, 1198, 355, -3452, 9003, -143344, 6518, 66260, 44450
7363.6, 1267, 355, -3452, 9003, -143344, 6518, 66260, 44504
7367.8, 1527, -1194, -5087, 9128, -143344, 21009, 71143, 44504
7371.6, 1494, -1194, -5087, 9128, -143344, 21009, 71143, 44522
7373.9, 446, -1194, -5087, 9128, -143344, 21009, 71143, 44522
7379.6, 1311, -2018, -6736, 8624, -143344, 19906, 58761, 44519
7383.3, 1242, -2018, -6736, 8624, -143344, 19906, 58761, 44518
7389.1, 1309, -1752, -8024, 7823, -143344, 2795, 33806, 44472
7392.8, 1250, -1752, -8024, 7823, -143344, 2795, 33806, 44438
7398.5, 1607, -706, -7373, 7504, -143344, -17325, 9489, 44416
7400.8, 86, -706, -7373, 7504, -143344, -17325, 9489, 44416
7403.0, 18, -706, -7373, 7504, -143344, -17325, 9489, 44416
7408.7, 1260, 187, -5961, 8861, -143344, -39025, 328, 44422
7410.9, 57, 187, -5961, 8861, -143344, -39025, 328, 44422
7415.2, 1745, 1317, -4684, 8974, -143344, -51717, 7214, 44422
7419.0, 1356, 1317, -4684, 8974, -143344, -51717, 7214, 44414
7421.2, 62, 1317, -4684, 8974, -143344, -51717, 7214, 44414
7425.5, 1170, 1436, -4610, 8682, -143344, -52107, 22465, 44414
7429.2, 1455, 1436, -4610, 8682, -143344, -52107, 22465, 44425
7431.5, 93, 1436, -4610, 8682, -143344, -52107, 22465, 44425
7435.7, 1197, 1053, -5577, 7693, -143344, -42468, 36579, 44425
7439.4, 1462, 1053, -5577, 7693, -143344, -42468, 36579, 44461
7441.7, 334, 1053, -5577, 7693, -143344, -42468, 36579, 44461
7445.9, 1513, 683, -7134, 7457, -143344, -30034, 39865, 44461
7449.6, 1371, 683, -7134, 7457, -143344, -30034, 39865, 44543
7451.9, 63, 683, -7134, 7457, -143344, -30034, 39865, 44543
7457.6, 1592, 719, -8057, 6756, -143344, -24999, 29229, 44583
7461.3, 1262, 719, -8057, 6756, -143344, -24999, 29229, 44642
7465.6, 1134, 1383, -8188, 7125, -143344, -24653, 13952, 44642
7469.3, 1037, 1383, -8188, 7125, -143344, -24653, 13952, 44683
7473.5, 1326, 2460, -7982, 8526, -143344, -26193, 4453, 44683
7477.2, 1756, 2460, -7982, 8526, -143344, -26193, 4453, 44690
7481.0, 1392, 2460, -7982, 8526, -143344, -26193, 4453, 44731
7485.3, 1459, 3081, -7644, 7962, -143344, -24986, 5630, 44731
7489.0, 1184, 3081, -7644, 7962, -143344, -24986, 5630, 44694
7493.3, 1050, 2920, -7368, 7347, -143344, -17439, 15299, 44694
7497.0, 1353, 2920, -7368, 7347, -143344, -17439, 15299, 44678
7500.8, 1378, 2920, -7368, 7347, -143344, -17439, 15299, 44661
7505.0, 1634, 2471, -7375, 7613, -143344, -4620, 26880, 44661
7508.7, 1240, 2471, -7375, 7613, -143344, -4620, 26880, 44654
7512.9, 1032, 1532, -8059, 7731, -143344, 7437, 32769, 44654
7516.7, 1101, 1532, -8059, 7731, -143344, 7437, 32769, 44677
7519.0, 35, 1532, -8059, 7731, -143344, 7437, 32769, 44677
7524.7, 1532, 792, -9237, 8511, -143344, 14442, 27821, 44685
7528.5, 1634, 792, -9237, 8511, -143344, 14442, 27821, 44716
7532.7, 1184, 531, -9777, 8410, -143344, 13440, 13750, 44716
7536.4, 1025, 531, -9777, 8410, -143344, 13440, 13750, 44731
7538.7, 30, 531, -9777, 8410, -143344, 13440, 13750, 44731
7544.5, 1902, 1004, -9202, 8178, -143344, 5149, 126, 44762
7548.2, 1461, 1004, -9202, 8178, -143344, 5149, 126, 44780
7553.9, 1245, 1862, -8301, 7757, -143344, -7078, -2957, 44812
7556.1, 43, 1862, -8301, 7757, -143344, -7078, -2957, 44812
7558.4, 15, 1862, -8301, 7757, -143344, -7078, -2957, 44812
7564.1, 1303, 2391, -7849, 6622, -143344, -17294, 6549, 44847
7566.3, 52, 2391, -7849, 6622, -143344, -17294, 6549, 44847
7570.6, 1593, 2391, -8650, 5693, -143344, -19998, 20834, 44847
7574.4, 1257, 2391, -8650, 5693, -143344, -19998, 20834, 44874
7576.6, 64, 2391, -8650, 5693, -143344, -19998, 20834, 44874
7580.9, 1376, 2292, -10198, 4292, -143344, -12512, 29024, 44874
7584.6, 1129, 2292, -10198, 4292, -143344, -12512, 29024, 44894
7586.9, 43, 2292, -10198, 4292, -143344, -12512, 29024, 44894
7592.6, 1182, 2100, -11552, 3568, -143344, 8, 24990, 44907
7596.3, 1335, 2100, -11552, 3568, -143344, 8, 24990, 44935
7600.6, 1451, 2100, -11837, 3979, -143344, 11716, 13217, 44935
7604.3, 1214, 2100, -11837, 3979, -143344, 11716, 13217, 44915
7606.5, 48, 2100, -11837, 3979, -143344, 11716, 13217, 44915
7610.8, 1266, 2341, -11335, 3642, -143344, 16577, 4160, 44915
7614.6, 1228, 2341, -11335, 3642, -143344, 16577, 4160, 44908
7618.8, 1300, 2341, -11335, 3642, -143344, 16577, 3263, 44908
7622.5, 1324, 2341, -11335, 3642, -143344, 16577, 3263, 44901
7626.3, 1293, 2341, -11335, 3642, -143344, 16577, 3263, 44915
7630.5, 1273, 2425, -10516, 2930, -143344, 12604, 8312, 44915
7634.2, 1248, 2425, -10516, 2930, -143344, 12604, 8312, 44928
7638.5, 1254, 2425, -10516, 2930, -143344, 12604, 13886, 44928
7642.2, 1121, 2425, -10516, 2930, -143344, 12604, 13886, 44947
7646.0, 1225, 2425, -10516, 2930, -143344, 12604, 13886, 44972
7650.3, 1263, 1451, -11106, 3350, -138370, 26823, 15115, 44972
7654.0, 1199, 1451, -11106, 3350, -138370, 26823, 15115, 44990
7658.3, 1376, 1451, -11106, 3350, -138370, 26823, 10797, 44990
7662.0, 1454, 1451, -11106, 3350, -138370, 26823, 10797, 45002
7665.8, 1371, 1451, -11106, 3350, -138370, 26823, 10797, 44988
7670.0, 1342, 74, -11873, 4199, -124545, 32598, 3570, 44988
7673.7, 1143, 74, -11873, 4199, -124545, 32598, 3570, 45015
7677.9, 1149, 74, -11873, 4199, -124545, 32598, -2314, 45015
7681.7, 1190, 74, -11873, 4199, -124545, 32598, -2314, 45196
7684.0, 48, 74, -11873, 4199, -124545, 32598, -2314, 45196
7689.7, 1346, 508, -10588, 4651, -116271, -6046, -3491, 45190
7693.5, 1223, 508, -10588, 4651, -116271, -6046, -3491, 45210
7697.7, 1249, 508, -10588, 4651, -116271, -23975, 1168, 45210
7701.4, 1239, 508, -10588, 4651, -116271, -23975, 1168, 45217
7703.7, 48, 508, -10588, 4651, -116271, -23975, 1168, 45217
7709.5, 1327, 2100, -10226, 3328, -113559, -33858, 9135, 45189
7713.2, 1241, 2100, -10226, 3328, -113559, -33858, 9135, 45216
7718.9, 1339, 2100, -10226, 3328, -113559, -34073, 17456, 45236
7721.1, 60, 2100, -10226, 3328, -113559, -34073, 17456, 45236
7723.5, 21, 2100, -10226, 3328, -113559, -34073, 17456, 45236
7729.2, 1325, 2900, -10580, 2270, -105167, -25213, 23647, 45238
7731.5, 59, 2900, -10580, 2270, -105167, -25213, 23647, 45238
7735.7, 1290, 3473, -10831, 1332, -105167, -25213, 23647, 45238
7739.4, 1273, 3473, -10831, 1332, -105167, -25213, 23647, 45246
7741.7, 64, 3473, -10831, 1332, -105167, -25213, 23647, 45246
7745.9, 1306, 3623, -11226, 2006, -96107, -8737, 25913, 45246
7749.6, 1278, 3623, -11226, 2006, -96107, -8737, 25913, 45314
7751.9, 65, 3623, -11226, 2006, -96107, -8737, 25913, 45314
7757.6, 1377, 3370, -11574, 3784, -76498, 9673, 22492, 45273
7761.3, 1251, 3370, -11574, 3784, -76498, 9673, 22492, 45350
7765.6, 1280, 2609, -11446, 2192, -67564, 20247, 12722, 45350
7769.3, 1244, 2609, -11446, 2192, -67564, 20247, 12722, 45317
7771.5, 58, 2609, -11446, 2192, -67564, 20247, 12722, 45317
7775.8, 1361, 1776, -11622, 2784, -56591, 17784, 459, 45317
7779.6, 1217, 1776, -11622, 2784, -56591, 17784, 459, 45340
7783.8, 1231, 906, -10358, 1801, -44700, 10150, -5761, 45340
7787.5, 1208, 906, -10358, 1801, -44700, 10150, -5761, 45355
7791.3, 1379, 906, -10358, 1801, -44700, 10150, -5761, 45366
7795.5, 1279, 622, -9718, 1158, -33744, 4401, -2318, 45366
7799.3, 1229, 622, -9718, 1158, -33744, 4401, -2318, 45395
7803.5, 1269, 798, -9557, 1188, -22509, 3241, 5967, 45395
7807.2, 1237, 798, -9557, 1188, -22509, 3241, 5967, 45419
7811.0, 1228, 798, -9557, 1188, -22509, 3241, 5967, 45383
7815.3, 1246, 1323, -10356, 796, -13348, 2008, 9603, 45383
7819.0, 1259, 1323, -10356, 796, -13348, 2008, 9603, 45475
7823.3, 1194, 1746, -10576, 494, -4186, 844, 5665, 45475
7827.0, 1246, 1746, -10576, 494, -4186, 844, 5665, 45468
7830.7, 1247, 1746, -10576, 494, -4186, 844, 5665, 45489
7835.0, 1263, 1928, -10346, 116, 3395, 1854, -293, 45489
7838.7, 1254, 1928, -10346, 116, 3395, 1854, -293, 45489
7842.9, 1259, 1911, -9985, 479, 9423, 5228, -3233, 45489
7846.7, 1182, 1911, -9985, 479, 9423, 5228, -3233, 45481
7849.0, 42, 1911, -9985, 479, 9423, 5228, -3233, 45481
7854.7, 1276, 1826, -9708, 1019, 12237, 9712, -2922, 45160
7858.8, 774, 1826, -9708, 1019, 12237, 9712, -2922, 45497
7863.0, 1178, 1895, -9592, 1335, 11782, 15177, -1491, 45497
7866.8, 1169, 1895, -9592, 1335, 11782, 15177, -1491, 45480
7869.1, 44, 1895, -9592, 1335, 11782, 15177, -1491, 45480
7874.8, 1460, 2044, -9439, 1459, 9979, 19495, -669, 45483
7878.6, 1204, 2044, -9439, 1459, 9979, 19495, -669, 45512
7882.8, 1075, 1817, -9506, 985, 11913, 23997, 962, 45512
7886.5, 1278, 1817, -9506, 985, 11913, 23997, 962, 45466
7890.8, 1743, 1076, -9986, 219, 16800, 29684, 2646, 45466
7894.5, 1539, 1076, -9986, 219, 16800, 29684, 2646, 45466
7896.8, 94, 1076, -9986, 219, 16800, 29684, 2646, 45466
7901.0, 1126, 304, -10247, -205, 25624, 33591, 3521, 45466
7904.7, 1015, 304, -10247, -205, 25624, 33591, 3521, 45449
7907.0, 41, 304, -10247, -205, 25624, 33591, 3521, 45449
7912.7, 1363, -337, -10138, -235, 33163, 35302, 3206, 45416
7916.4, 1194, -337, -10138, -235, 33163, 35302, 3206, 45364
7920.7, 1587, -199, -10131, 370, 37048, 32147, 2966, 45364
7924.4, 1292, -199, -10131, 370, 37048, 32147, 2966, 45320
7926.6, 53, -199, -10131, 370, 37048, 32147, 2966, 45320
7930.9, 1073, 551, -10980, 895, 45535, 21262, 1378, 45320
7934.7, 1809, 551, -10980, 895, 45535, 21262, 1378, 45289
7938.9, 1347, 1307, -11720, 384, 52942, 13217, -2856, 45289
7942.6, 1223, 1307, -11720, 384, 52942, 13217, -2856, 45275
7946.4, 1155, 1307, -11720, 384, 52942, 13217, -2856, 45237
7950.6, 1567, 1524, -12167, 346, 59137, 17999, -8653, 45237
7954.4, 1793, 1524, -12167, 346, 59137, 17999, -8653, 45236
7958.6, 1198, 1098, -12556, 2261, 66977, 27134, -14673, 45236
7962.3, 745, 1098, -12556, 2261, 66977, 27134, -14673, 45236
7966.0, 1085, 1098, -12556, 2261, 66977, 27134, -14673, 45249
7970.3, 1847, 943, -11709, 3860, 70521, 27313, -18550, 45249
7974.0, 1454, 943, -11709, 3860, 70521, 27313, -18550, 45242
7978.3, 1233, 1533, -10465, 4412, 68872, 13116, -17517, 45242
7982.0, 1017, 1533, -10465, 4412, 68872, 13116, -17517, 45250
7985.7, 1196, 1533, -10465, 4412, 68872, 13116, -17517, 45209
7990.0, 1534, 2382, -9683, 3711, 65052, -8627, -12263, 45209
7993.7, 1652, 2382, -9683, 3711, 65052, -8627, -12263, 45269
7998.0, 1253, 2772, -9725, 2757, 61255, -24596, -5915, 45269
8001.7, 1158, 2772, -9725, 2757, 61255, -24596, -5915, 45221
8004.0, 49, 2772, -9725, 2757, 61255, -24596, -5915, 45221
8009.8, 1290, 2191, -10578, 1977, 56854, -25489, -1999, 45267
8013.5, 1115, 2191, -10578, 1977, 56854, -25489, -1999, 45239
8017.7, 1189, 1065, -11334, 2333, 56862, -18055, -1181, 45239
8021.5, 1236, 1065, -11334, 2333, 56862, -18055, -1181, 45213
8023.8, 98, 1065, -11334, 2333, 56862, -18055, -1181, 45213
8029.5, 1383, 342, -11775, 2852, 60218, -18143, -4659, 45180
8033.2, 1171, 342, -11775, 2852, 60218, -18143, -4659, 45181
8039.0, 1172, 115, -11153, 2702, 62099, -30590, -10942, 45475
8041.2, 57, 115, -11153, 2702, 62099, -30590, -10942, 45475
8043.5, 41, 115, -11153, 2702, 62099, -30590, -10942, 45475
8049.3, 1167, 460, -10280, 2182, 60144, -48274, -15859, 45236
8051.5, 58, 460, -10280, 2182, 60144, -48274, -15859, 45236
8055.8, 1160, 1253, -10038, 2807, 60196, -65853, -16677, 45236
8059.5, 1153, 1253, -10038, 2807, 60196, -65853, -16677, 45259
8061.8, 60, 1253, -10038, 2807, 60196, -65853, -16677, 45259
8066.0, 1583, 2380, -10110, 3403, 63224, -75216, -15124, 45259
8069.7, 1579, 2380, -10110, 3403, 63224, -75216, -15124, 45259
8072.0, 101, 2380, -10110, 3403, 63224, -75216, -15124, 45259
8077.7, 1272, 3224, -10200, 2824, 63171, -70692, -14564, 45301
8081.4, 1028, 3224, -10200, 2824, 63171, -70692, -14564, 45287
8085.6, 1586, 3244, -9809, 2845, 66072, -54557, -14590, 45287
8089.4, 2131, 3244, -9809, 2845, 66072, -54557, -14590, 45306
8091.6, 737, 3244, -9809, 2845, 66072, -54557, -14590, 45306
8095.9, 1208, 2643, -9488, 3432, 68167, -40268, -15111, 45306
8099.7, 1045, 2643, -9488, 3432, 68167, -40268, -15111, 45309
8103.9, 1151, 1900, -9355, 4119, 68758, -37966, -15982, 45309
8107.6, 1953, 1900, -9355, 4119, 68758, -37966, -15982, 45275
8111.4, 1292, 1900, -9355, 4119, 68758, -37966, -15982, 45290
8115.6, 1212, 1667, -9571, 4613, 72442, -42468, -18143, 45290
8119.4, 1169, 1667, -9571, 4613, 72442, -42468, -18143, 45291
8123.6, 1176, 1515, -9672, 3900, 69497, -41055, -21682, 45291
8127.3, 1251, 1515, -9672, 3900, 69497, -41055, -21682, 45283
8131.0, 1644, 1515, -9672, 3900, 69497, -41055, -21682, 45287
8135.3, 1481, 1694, -9709, 3891, 70163, -30524, -25388, 45287
8139.0, 1241, 1694, -9709, 3891, 70163, -30524, -25388, 45266
8143.2, 1144, 1891, -9461, 4217, 72963, -20602, -28472, 45266
8147.0, 1144, 1891, -9461, 4217, 72963, -20602, -28472, 45269
8150.7, 1644, 1891, -9461, 4217, 72963, -20602, -28472, 45263
8155.0, 1430, 2281, -9259, 4421, 73851, -20029, -29518, 45263
8158.7, 1093, 2281, -9259, 4421, 73851, -20029, -29518, 45257
8162.9, 1164, 2522, -9404, 4804, 74979, -26442, -28735, 45257
8166.6, 1318, 2522, -9404, 4804, 74979, -26442, -28735, 45258
8168.9, 58, 2522, -9404, 4804, 74979, -26442, -28735, 45258
8174.6, 1443, 2608, -9771, 4604, 75093, -31412, -27606, 45244
8178.3, 1107, 2608, -9771, 4604, 75093, -31412, -27606, 45229
8184.0, 1331, 2600, -9811, 4217, 76563, -31351, -27939, 45193
8187.8, 1548, 2600, -9811, 4217, 76563, -31351, -27939, 45193
8193.5, 1403, 2694, -9674, 4031, 75111, -25939, -30122, 45128
8197.2, 1564, 2694, -9674, 4031, 75111, -25939, -30122, 45080
8202.9, 1149, 2694, -9340, 4098, 72158, -17600, -33644, 45077
8206.6, 720, 2694, -9340, 4098, 72158, -17600, -33644, 45072
8210.9, 1580, 2803, -9340, 4098, 71234, -10942, -36658, 45072
8214.6, 1706, 2803, -9340, 4098, 71234, -10942, -36658, 45014
8216.9, 1218, 2803, -9340, 4098, 71234, -10942, -36658, 45014
8222.6, 1176, 2927, -9455, 5219, 69563, -9607, -38172, 45022
8226.3, 891, 2927, -9455, 5219, 69563, -9607, -38172, 44974
8230.6, 1220, 3004, -9455, 5219, 66938, -10508, -36702, 44974
8234.3, 1852, 3004, -9455, 5219, 66938, -10508, -36702, 44953
8236.6, 1252, 3004, -9455, 5219, 66938, -10508, -36702, 44953
8240.8, 1211, 2893, -9105, 4765, 63315, -12447, -32204, 44953
8244.6, 1058, 2893, -9105, 4765, 63315, -12447, -32204, 44929
8246.8, 31, 2893, -9105, 4765, 63315, -12447, -32204, 44929
8252.6, 1836, 2749, -9617, 5957, 64313, -18777, -27164, 44893
8256.3, 1598, 2749, -9617, 5957, 64313, -18777, -27164, 44871
8260.6, 1138, 2749, -10037, 5512, 66584, -28989, -25112, 44871
8264.4, 983, 2749, -10037, 5512, 66584, -28989, -25112, 44883
8266.6, 30, 2749, -10037, 5512, 66584, -28989, -25112, 44883
8270.9, 1255, 3314, -10235, 5571, 68334, -38898, -26460, 44883
8274.6, 1263, 3314, -10235, 5571, 68334, -38898, -26460, 44875
8278.8, 1497, 3314, -10235, 5571, 68334, -38898, -26460, 44875
8282.6, 1167, 3314, -10235, 5571, 68334, -38898, -26460, 44881
8286.4, 1155, 3314, -10235, 5571, 68334, -38898, -26460, 44884
8290.6, 1364, 3485, -8951, 5020, 64672, -45697, -28849, 44884
8294.4, 1494, 3485, -8951, 5020, 64672, -45697, -28849, 44878
8298.6, 1297, 3485, -8951, 5020, 64672, -45697, -28849, 44878
8302.3, 1326, 3485, -8951, 5020, 64672, -45697, -28849, 44855
8306.1, 1281, 3485, -8951, 5020, 64672, -45697, -28849, 44850
8310.3, 1237, 2347, -9042, 5748, 61845, -20895, -22067, 44850
8314.1, 1169, 2347, -9042, 5748, 61845, -20895, -22067, 44856
8318.3, 1145, 2347, -9042, 5748, 61845, -20895, -22067, 44856
8322.0, 1749, 2347, -9042, 5748, 61845, -20895, -22067, 44853
8325.7, 1529, 2347, -9042, 5748, 61845, -20895, -22067, 44855
8330.0, 1119, 2532, -9244, 6693, 60844, -4746, -29404, 44855
8333.7, 1086, 2532, -9244, 6693, 60844, -4746, -29404, 44825
8337.9, 1166, 2532, -9244, 6693, 60844, -4746, -29404, 44825
8341.7, 1831, 2532, -9244, 6693, 60844, -4746, -29404, 44849
8344.0, 456, 2532, -9244, 6693, 60844, -4746, -29404, 44849
8349.7, 1322, 4364, -8389, 6772, 58936, -34199, -38146, 44850
8353.5, 1154, 4364, -8389, 6772, 58936, -34199, -38146, 44848
8357.7, 1191, 4364, -8389, 6772, 58936, -34199, -38146, 44848
8361.4, 1260, 4364, -8389, 6772, 58936, -34199, -38146, 44845
8363.7, 389, 4364, -8389, 6772, 58936, -34199, -38146, 44845
8369.5, 1195, 4833, -8050, 5577, 58254, -64685, -20221, 44850
8371.7, 36, 4833, -8050, 5577, 58254, -64685, -20221, 44850
8376.0, 1179, 4651, -8176, 5752, 64331, -64685, -20221, 44850
8379.7, 1395, 4651, -8176, 5752, 64331, -64685, -20221, 44840
8382.0, 639, 4651, -8176, 5752, 64331, -64685, -20221, 44840
8387.7, 1393, 4054, -8722, 5192, 69073, -59846, -12604, 44823
8391.4, 1005, 4054, -8722, 5192, 69073, -59846, -12604, 44804
8395.7, 1039, 3317, -9606, 5102, 74577, -46502, -15601, 44804
8399.4, 1164, 3317, -9606, 5102, 74577, -46502, -15601, 44795
8401.7, 205, 3317, -9606, 5102, 74577, -46502, -15601, 44795
8405.9, 1760, 2778, -9829, 5612, 78803, -33167, -27068, 44795
8409.6, 1317, 2778, -9829, 5612, 78803, -33167, -27068, 44794
8411.9, 50, 2778, -9829, 5612, 78803, -33167, -27068, 44794
8417.6, 1257, 3056, -9408, 6725, 83511, -35481, -40132, 44778
8421.3, 1157, 3056, -9408, 6725, 83511, -35481, -40132, 44803
8425.6, 1174, 3809, -8617, 7450, 87497, -57654, -45325, 44803
8429.3, 1747, 3809, -8617, 7450, 87497, -57654, -45325, 44801
8431.6, 323, 3809, -8617, 7450, 87497, -57654, -45325, 44801
8435.8, 1371, 4529, -7764, 6292, 89995, -81936, -38819, 44801
8439.6, 1153, 4529, -7764, 6292, 89995, -81936, -38819, 44804
8443.8, 1229, 4131, -7829, 6131, 92707, -85799, -26596, 44804
8447.5, 1257, 4131, -7829, 6131, 92707, -85799, -26596, 44804
8451.3, 1288, 4131, -7829, 6131, 92707, -85799, -26596, 44805
8455.5, 1272, 3320, -7916, 5390, 92567, -65976, -21223, 44805
8459.3, 1213, 3320, -7916, 5390, 92567, -65976, -21223, 44765
8463.5, 1254, 2756, -7712, 5163, 94960, -34287, -29137, 44765
8467.2, 1335, 2756, -7712, 5163, 94960, -34287, -29137, 44797
8471.0, 1267, 2756, -7712, 5163, 94960, -34287, -29137, 44782
8475.2, 1203, 3113, -6760, 5520, 96667, -8312, -45448, 44782
8478.9, 1135, 3113, -6760, 5520, 96667, -8312, -45448, 44769
8483.1, 1148, 4140, -5915, 6544, 96890, 1785, -59299, 44769
8486.9, 1674, 4140, -5915, 6544, 96890, 1785, -59299, 44747
8490.6, 1633, 4140, -5915, 6544, 96890, 1785, -59299, 44723
8494.8, 1264, 5304, -5544, 6396, 96584, -4965, -61946, 44723
8498.6, 1167, 5304, -5544, 6396, 96584, -4965, -61946, 44660
8502.8, 1217, 5888, -6035, 5726, 99204, -18742, -53262, 44660
8506.5, 1338, 5888, -6035, 5726, 99204, -18742, -53262, 44697
8508.8, 68, 5888, -6035, 5726, 99204, -18742, -53262, 44697
8514.5, 1246, 5397, -7297, 5026, 105474, -26027, -39305, 44674
8518.2, 1383, 5397, -7297, 5026, 105474, -26027, -39305, 44675
8524.0, 1344, 4408, -8426, 4816, 113231, -20370, -28621, 44677
8526.2, 56, 4408, -8426, 4816, 113231, -20370, -28621, 44677
8528.5, 30, 4408, -8426, 4816, 113231, -20370, -28621, 44677
8534.2, 1230, 3343, -8901, 4182, 122313, -3871, -27886, 44683
8536.4, 59, 3343, -8901, 4182, 122313, -3871, -27886, 44683
8540.7, 1324, 2888, -8057, 4669, 129243, 15290, -37713, 44683
8544.4, 2154, 2888, -8057, 4669, 129243, 15290, -37713, 44856
8546.7, 1419, 2888, -8057, 4669, 129243, 15290, -37713, 44856
8552.4, 1331, 3762, -6187, 5959, 130525, 23187, -53270, 44720
8556.1, 1012, 3762, -6187, 5959, 130525, 23187, -53270, 44720
8560.4, 1147, 4842, -4615, 6997, 129554, 18178, -62913, 44720
8564.1, 1467, 4842, -4615, 6997, 129554, 18178, -62913, 44743
8566.4, 94, 4842, -4615, 6997, 129554, 18178, -62913, 44743
8570.6, 1239, 5334, -4157, 6957, 126614, 10193, -58822, 44743
8574.3, 1192, 5334, -4157, 6957, 126614, 10193, -58822, 44757
8576.6, 48, 5334, -4157, 6957, 126614, 10193, -58822, 44757
8580.8, 1287, 4969, -5096, 6535, 123398, 11677, -44507, 44757
8584.5, 1235, 4969, -5096, 6535, 123398, 11677, -44507, 44709
8586.8, 179, 4969, -5096, 6535, 123398, 11677, -44507, 44709
8591.0, 1347, 3974, -6041, 5729, 122655, 26460, -30459, 44709
8594.7, 1181, 3974, -6041, 5729, 122655, 26460, -30459, 44706
8598.9, 1082, 2763, -6625, 4921, 124015, 49127, -24530, 44706
8602.7, 1221, 2763, -6625, 4921, 124015, 49127, -24530, 44664
8606.4, 1551, 2763, -6625, 4921, 124015, 49127, -24530, 44619
8610.7, 1491, 2726, -6245, 5108, 128749, 62795, -29798, 44619
8614.4, 1259, 2726, -6245, 5108, 128749, 62795, -29798, 44634
8618.6, 1077, 3353, -4968, 6023, 134235, 55707, -41431, 44634
8622.3, 1183, 3353, -4968, 6023, 134235, 55707, -41431, 44616
8626.1, 1709, 3353, -4968, 6023, 134235, 55707, -41431, 44804
8630.3, 1611, 4126, -3763, 6070, 136751, 38924, -49315, 44804
8634.0, 1260, 4126, -3763, 6070, 136751, 38924, -49315, 44587
8638.2, 1106, 4254, -2969, 5615, 137110, 27374, -49245, 44587
8642.0, 1115, 4254, -2969, 5615, 137110, 27374, -49245, 44587
8645.7, 1300, 4254, -2969, 5615, 137110, 27374, -49245, 44589
8650.0, 1252, 3784, -2716, 5499, 140317, 28879, -43881, 44589
8653.7, 1272, 3784, -2716, 5499, 140317, 28879, -43881, 44595
8657.9, 1545, 3248, -3011, 5830, 142863, 40845, -37686, 44595
8661.6, 1207, 3248, -3011, 5830, 142863, 40845, -37686, 44596
8663.9, 55, 3248, -3011, 5830, 142863, 40845, -37686, 44596
8669.6, 1392, 2591, -3467, 6434, 143344, 50103, -36785, 44607
8673.3, 1443, 2591, -3467, 6434, 143344, 50103, -36785, 44621
8679.0, 1360, 2866, -3458, 7578, 143344, 47662, -41020, 44628
8682.7, 1157, 2866, -3458, 7578, 143344, 47662, -41020, 44620
8688.5, 1134, 3780, -2944, 7476, 143344, 36054, -45995, 44646
8690.7, 104, 3780, -2944, 7476, 143344, 36054, -45995, 44646
8693.0, 612, 3780, -2944, 7476, 143344, 36054, -45995, 44646
8698.7, 1397, 4239, -2536, 7040, 143344, 21975, -47342, 44625
8700.9, 61, 4239, -2536, 7040, 143344, 21975, -47342, 44625
8703.2, 18, 4239, -2536, 7040, 143344, 21975, -47342, 44625
8708.9, 1284, 4077, -2120, 6251, 143344, 19757, -42853, 44615
8711.2, 50, 4077, -2120, 6251, 143344, 19757, -42853, 44615
8715.4, 1248, 3608, -2097, 6428, 143344, 30402, -34956, 44615
8719.2, 1335, 3608, -2097, 6428, 143344, 30402, -34956, 44598
8721.5, 54, 3608, -2097, 6428, 143344, 30402, -34956, 44598
8725.7, 1263, 3150, -1989, 6400, 143344, 45947, -27751, 44598
8729.4, 1140, 3150, -1989, 6400, 143344, 45947, -27751, 44598
8731.7, 41, 3150, -1989, 6400, 143344, 45947, -27751, 44598
8735.9, 1351, 2963, -2358, 6783, 143344, 56814, -25244, 44598
8739.6, 1197, 2963, -2358, 6783, 143344, 56814, -25244, 44585
8741.9, 44, 2963, -2358, 6783, 143344, 56814, -25244, 44585
8747.6, 1250, 3357, -1966, 7895, 143344, 56040, -28919, 44110
8751.3, 1338, 3357, -1966, 7895, 143344, 56040, -28919, 44584
8755.6, 2149, 3891, -1315, 8135, 143344, 46712, -34331, 44584
8759.3, 1545, 3891, -1315, 8135, 143344, 46712, -34331, 44092
8761.6, 69, 3891, -1315, 8135, 143344, 46712, -34331, 44092
8765.9, 788, 3664, -650, 7327, 143344, 36772, -36173, 44092
8769.6, 1198, 3664, -650, 7327, 143344, 36772, -36173, 44070
8773.8, 1964, 3002, -59, 7405, 143279, 35534, -32708, 44070
8777.6, 1547, 3002, -59, 7405, 143279, 35534, -32708, 44062
8781.4, 1159, 3002, -59, 7405, 143279, 35534, -32708, 44045
8785.6, 1143, 2179, -13, 7622, 143301, 43418, -27042, 44045
8789.4, 1222, 2179, -13, 7622, 143301, 43418, -27042, 43999
8793.6, 1298, 1562, 38, 7890, 143344, 53143, -23454, 43999
8797.3, 1137, 1562, 38, 7890, 143344, 53143, -23454, 44038
8801.1, 1211, 1562, 38, 7890, 143344, 53143, -23454, 44007
8805.3, 1868, 1660, -13, 8764, 143279, 58577, -25427, 44007
8809.1, 1323, 1660, -13, 8764, 143279, 58577, -25427, 43992
8813.3, 1151, 1787, 238, 8882, 141126, 59216, -30787, 43992
8817.0, 1066, 1787, 238, 8882, 141126, 59216, -30787, 43937
8820.7, 1181, 1787, 238, 8882, 141126, 59216, -30787, 43959
8825.0, 1735, 1925, 689, 8514, 136646, 57195, -36190, 43959
8828.7, 1224, 1925, 689, 8514, 136646, 57195, -36190, 43936
8833.0, 1151, 2349, 1212, 8807, 132000, 52597, -40303, 43936
8836.8, 1182, 2349, 1212, 8807, 132000, 52597, -40303, 43910
8842.5, 1243, 2589, 1774, 9106, 130832, 48462, -41816, 43927
8846.2, 1639, 2589, 1774, 9106, 130832, 48462, -41816, 43867
8848.5, 145, 2589, 1774, 9106, 130832, 48462, -41816, 43867
8854.2, 1334, 2916, 2154, 9271, 131033, 48138, -40814, 43856
8856.5, 52, 2916, 2154, 9271, 131033, 48138, -40814, 43856
8860.7, 1237, 2916, 2154, 9271, 131033, 48138, -37139, 43856
8864.4, 1609, 2916, 2154, 9271, 131033, 48138, -37139, 43842
8866.7, 626, 2916, 2154, 9271, 131033, 48138, -37139, 43842
8870.9, 1185, 2856, 2172, 8968, 131825, 47539, -30695, 43842
8874.6, 1213, 2856, 2172, 8968, 131825, 47539, -30695, 43814
8876.9, 46, 2856, 2172, 8968, 131825, 47539, -30695, 43814
8882.6, 1311, 2717, 1984, 8106, 134323, 46012, -22225, 43820
8886.3, 1548, 2717, 1984, 8106, 134323, 46012, -22225, 43801
8890.5, 1425, 2654, 1840, 8776, 134323, 43076, -15124, 43801
8894.3, 1282, 2654, 1840, 8776, 134323, 43076, -15124, 43786
8896.6, 48, 2654, 1840, 8776, 134323, 43076, -15124, 43786
8900.9, 1176, 2803, 2120, 8977, 136489, 37358, -12762, 43786
8904.6, 1104, 2803, 2120, 8977, 136489, 37358, -12762, 43778
8906.9, 38, 2803, 2120, 8977, 136489, 37358, -12762, 43778
8912.6, 1318, 2709, 2663, 8575, 138409, 33123, -15737, 43767
8916.3, 2172, 2709, 2663, 8575, 138409, 33123, -15737, 43742
8920.6, 1391, 2682, 2663, 8575, 140457, 36492, -19652, 43742
8924.3, 1211, 2682, 2663, 8575, 140457, 36492, -19652, 43700
8928.5, 1035, 2084, 2913, 9273, 140457, 36492, -19652, 43700
8932.2, 1288, 2084, 2913, 9273, 140457, 36492, -19652, 43659
8936.0, 1211, 2084, 2913, 9273, 140457, 36492, -19652, 43585
8940.3, 1230, 1853, 3694, 8672, 132472, 48952, -19464, 43585
8944.0, 1278, 1853, 3694, 8672, 132472, 48952, -19464, 43585
8948.3, 1133, 1594, 3664, 8433, 132472, 48952, -19464, 43585
8952.0, 940, 1594, 3664, 8433, 132472, 48952, -19464, 43559
8955.8, 1659, 1594, 3664, 8433, 132472, 48952, -19464, 43535
8960.0, 1497, 1837, 4214, 8217, 125087, 43606, -23109, 43535
8963.7, 1240, 1837, 4214, 8217, 125087, 43606, -23109, 43531
8967.9, 1173, 2085, 5005, 8462, 125087, 43606, -23109, 43531
8971.6, 1168, 2085, 5005, 8462, 125087, 43606, -23109, 43523
8973.9, 35, 2085, 5005, 8462, 125087, 43606, -23109, 43523
8979.7, 1233, 2008, 5334, 7926, 128290, 42486, -29623, 43497
8983.4, 1441, 2008, 5334, 7926, 128290, 42486, -29623, 43518
8989.1, 1371, 2044, 5563, 7566, 128290, 44284, -28066, 43532
8992.8, 1106, 2044, 5563, 7566, 128290, 44284, -28066, 43551
8998.5, 1227, 1666, 5690, 8625, 132433, 44284, -28066, 43588
9002.3, 1274, 1666, 5690, 8625, 132433, 44284, -28066, 43579
9008.0, 1255, 1575, 5375, 8631, 130258, 40010, -22207, 43594
9011.7, 1138, 1575, 5375, 8631, 130258, 40010, -22207, 43598
9017.4, 1228, 1314, 5094, 7371, 127909, 37113, -16695, 43584
9021.1, 1684, 1314, 5094, 7371, 127909, 37113, -16695, 43609
9023.4, 422, 1314, 5094, 7371, 127909, 37113, -16695, 43609
9029.2, 1257, 1454, 4753, 6936, 124575, 40810, -15947, 43606
9031.4, 49, 1454, 4753, 6936, 124575, 40810, -15947, 43606
9035.6, 1219, 1769, 4929, 8144, 126750, 43129, -19827, 43606
9039.3, 1233, 1769, 4929, 8144, 126750, 43129, -19827, 43616
9041.6, 53, 1769, 4929, 8144, 126750, 43129, -19827, 43616
9045.8, 1261, 1875, 5248, 7183, 129270, 40749, -23839, 43616
9049.5, 1141, 1875, 5248, 7183, 129270, 40749, -23839, 43621
9051.8, 47, 1875, 5248, 7183, 129270, 40749, -23839, 43621
9056.0, 1201, 1644, 5095, 6496, 127892, 42713, -26937, 43621
9059.7, 1130, 1644, 5095, 6496, 127892, 42713, -26937, 43634
9062.0, 46, 1644, 5095, 6496, 127892, 42713, -26937, 43634
9067.7, 1521, 1321, 5160, 6699, 131221, 51477, -28289, 43601
9071.4, 1124, 1321, 5160, 6699, 131221, 51477, -28289, 43598
9075.7, 1141, 1454, 5420, 6976, 137101, 58919, -28416, 43598
9079.4, 1491, 1454, 5420, 6976, 137101, 58919, -28416, 43605
9081.7, 517, 1454, 5420, 6976, 137101, 58919, -28416, 43605
9085.9, 1368, 1697, 5770, 7666, 134056, 60056, -29702, 43605
9089.7, 1300, 1697, 5770, 7666, 134056, 60056, -29702, 43612
9093.9, 1198, 2126, 7138, 9224, 127489, 48125, -27335, 43612
9097.7, 1050, 2126, 7138, 9224, 127489, 48125, -27335, 43597
9101.4, 1271, 2126, 7138, 9224, 127489, 48125, -27335, 43577
9105.7, 1360, 2036, 7661, 7018, 113021, 29452, -17211, 43577
9109.4, 1187, 2036, 7661, 7018, 113021, 29452, -17211, 43617
9113.6, 1270, 1603, 7047, 5320, 102481, 23161, -7568, 43617
9117.3, 1067, 1603, 7047, 5320, 102481, 23161, -7568, 43621
9121.1, 1151, 1603, 7047, 5320, 102481, 23161, -7568, 43609
9125.3, 1498, 1049, 6552, 5437, 110658, 32611, -6496, 43609
9129.0, 1337, 1049, 6552, 5437, 110658, 32611, -6496, 43598
9133.3, 1226, 1007, 6214, 6166, 120213, 47858, -15535, 43598
9137.0, 1151, 1007, 6214, 6166, 120213, 47858, -15535, 43592
9140.7, 1256, 1007, 6214, 6166, 120213, 47858, -15535, 43595
9145.0, 1236, 1320, 6550, 6291, 122773, 57125, -28871, 43595
9148.7, 1184, 1320, 6550, 6291, 122773, 57125, -28871, 43586
9152.9, 1235, 1520, 7067, 5568, 110623, 57365, -38224, 43586
9156.6, 1239, 1520, 7067, 5568, 110623, 57365, -38224, 43589
9158.9, 40, 1520, 7067, 5568, 110623, 57365, -38224, 43589
9164.6, 1144, 1415, 7715, 5640, 100031, 54920, -37603, 43576
9168.3, 1239, 1415, 7715, 5640, 100031, 54920, -37603, 43576
9174.0, 1327, 1308, 8360, 5714, 97244, 53305, -28385, 43570
9176.3, 53, 1308, 8360, 5714, 97244, 53305, -28385, 43570
9178.5, 10, 1308, 8360, 5714, 97244, 53305, -28385, 43570
9184.3, 1356, 733, 8630, 6022, 99860, 51350, -17237, 43602
9186.5, 51, 733, 8630, 6022, 99860, 51350, -17237, 43602
9190.7, 1290, -16, 9319, 6078, 99690, 44783, -7490, 43602
9194.4, 1271, -16, 9319, 6078, 99690, 44783, -7490, 43574
9196.7, 52, -16, 9319, 6078, 99690, 44783, -7490, 43574
9200.9, 1382, -495, 8886, 5781, 91605, 34716, -1054, 43574
9204.6, 1274, -495, 8886, 5781, 91605, 34716, -1054, 43569
9206.9, 48, -495, 8886, 5781, 91605, 34716, -1054, 43569
9212.6, 1271, -466, 8048, 5771, 88372, 24010, 664, 43566
9216.3, 1274, -466, 8048, 5771, 88372, 24010, 664, 43569
9220.6, 1340, -205, 7490, 5736, 92480, 16874, 463, 43569
9224.3, 1229, -205, 7490, 5736, 92480, 16874, 463, 43568
9226.5, 50, -205, 7490, 5736, 92480, 16874, 463, 43568
9230.8, 1298, 573, 7591, 5446, 91495, 12937, 1574, 43568
9234.6, 1229, 573, 7591, 5446, 91495, 12937, 1574, 43552
9238.8, 1258, 1141, 7347, 5257, 79810, 7879, 4226, 43552
9242.5, 1206, 1141, 7347, 5257, 79810, 7879, 4226, 43545
9246.3, 1289, 1141, 7347, 5257, 79810, 7879, 4226, 43527
9250.5, 1252, 1100, 7596, 4287, 70898, 4042, 7188, 43527
9254.3, 1224, 1100, 7596, 4287, 70898, 4042, 7188, 43524
9258.5, 1179, 1164, 8197, 2807, 72127, 11204, 12477, 43524
9262.2, 1104, 1164, 8197, 2807, 72127, 11204, 12477, 43532
9266.3, 947, 1164, 8197, 2807, 72127, 11204, 12477, 43515
9270.6, 1231, 1006, 7561, 4570, 83406, 25860, 16883, 43515
9274.3, 1122, 1006, 7561, 4570, 83406, 25860, 16883, 43504
9278.5, 1071, 963, 8479, 4982, 93985, 33425, 18064, 43504
9282.3, 1095, 963, 8479, 4982, 93985, 33425, 18064, 43520
9286.0, 1112, 963, 8479, 4982, 93985, 33425, 18064, 43516
9290.3, 1025, 533, 8293, 4425, 86893, 37752, 18773, 43516
9294.0, 1230, 533, 8293, 4425, 86893, 37752, 18773, 43512
9298.2, 1167, 23, 8701, 2865, 73899, 39589, 16822, 43512
9302.0, 1123, 23, 8701, 2865, 73899, 39589, 16822, 43464
9305.8, 1225, 23, 8701, 2865, 73899, 39589, 16822, 43490
9310.0, 1156, 44, 6069, 5638, 74398, 33727, 13409, 43490
9313.8, 1134, 44, 6069, 5638, 74398, 33727, 13409, 43484
9318.0, 1100, -61, 8011, 3230, 89177, 32134, 6667, 43484
9321.7, 1153, -61, 8011, 3230, 89177, 32134, 6667, 43484
9324.0, 33, -61, 8011, 3230, 89177, 32134, 6667, 43484
9329.8, 1126, -33, 8152, 3296, 83393, 48580, 9852, 43037
9333.6, 1171, -33, 8152, 3296, 83393, 48580, 9852, 43023
9337.8, 1127, 610, 8316, 3368, 68924, 57571, 17040, 43023
9341.5, 1077, 610, 8316, 3368, 68924, 57571, 17040, 43015
9345.8, 1148, 485, 8570, 3503, 58722, 60179, 15260, 43015
9349.5, 1197, 485, 8570, 3503, 58722, 60179, 15260, 42962
9351.8, 44, 485, 8570, 3503, 58722, 60179, 15260, 42962
9356.0, 1087, 512, 9545, 3546, 56189, 59925, 12797, 42962
9359.7, 1154, 512, 9545, 3546, 56189, 59925, 12797, 42921
9362.0, 43, 512, 9545, 3546, 56189, 59925, 12797, 42921
9367.8, 1222, 136, 9059, 3707, 49394, 59343, 12193, 42820
9371.5, 1151, 136, 9059, 3707, 49394, 59343, 12193, 42685
9375.8, 1141, -157, 8542, 4201, 50571, 55300, 12429, 42685
9379.5, 1130, -157, 8542, 4201, 50571, 55300, 12429, 42515
9381.8, 38, -157, 8542, 4201, 50571, 55300, 12429, 42515
9386.0, 1193, 159, 8791, 3716, 50339, 52483, 15098, 42515
9389.7, 1164, 159, 8791, 3716, 50339, 52483, 15098, 42397
9394.0, 1018, 159, 8791, 3818, 47193, 52172, 19924, 42397
9397.7, 1107, 159, 8791, 3818, 47193, 52172, 19924, 42264
9401.4, 1201, 159, 8791, 3818, 47193, 52172, 19924, 42139
9405.7, 1124, 100, 8763, 3568, 45592, 49648, 22759, 42139
9409.4, 1083, 100, 8763, 3568, 45592, 49648, 22759, 41896
9413.6, 1114, 100, 8763, 3854, 46629, 47452, 21350, 41896
9417.3, 1187, 100, 8763, 3854, 46629, 47452, 21350, 41731
9421.1, 1192, 100, 8763, 3854, 46629, 47452, 21350, 41421
9425.3, 1150, 15, 8900, 2867, 43575, 47071, 16467, 41421
9429.0, 1163, 15, 8900, 2867, 43575, 47071, 16467, 41125
9433.2, 1061, 15, 8900, 2867, 35713, 42429, 11808, 41125
9437.0, 1164, 15, 8900, 2867, 35713, 42429, 11808, 40912
9440.7, 1176, 15, 8900, 2867, 35713, 42429, 11808, 40760
9445.0, 1188, 324, 9630, 2994, 34685, 34803, 7966, 40760
9448.7, 1141, 324, 9630, 2994, 34685, 34803, 7966, 40564
9453.0, 1068, 324, 9630, 2994, 34234, 26613, 5923, 40564
9456.7, 1174, 324, 9630, 2994, 34234, 26613, 5923, 40516
9459.0, 32, 324, 9630, 2994, 34234, 26613, 5923, 40516
9464.8, 1165, 120, 10124, 2616, 34444, 23494, 5398, 40457
9468.5, 1101, 120, 10124, 2616, 34444, 23494, 5398, 40222
9472.7, 1132, 120, 10124, 2693, 32419, 21800, 5722, 40222
9476.4, 1142, 120, 10124, 2693, 32419, 21800, 5722, 40122
9478.7, 33, 120, 10124, 2693, 32419, 21800, 5722, 40122
9484.4, 1170, -562, 10178, 2758, 26862, 15527, 4453, 40008
9488.1, 1148, -562, 10178, 2758, 26862, 15527, 4453, 40052
9493.8, 1227, -562, 10178, 2758, 23336, 6886, 2681, 40002
9496.1, 34, -562, 10178, 2758, 23336, 6886, 2681, 40002
9498.3, 11, -562, 10178, 2758, 23336, 6886, 2681, 40002
9504.1, 1198, -479, 10121, 2421, 20046, 2668, -1579, 39958
9506.3, 34, -479, 10121, 2421, 20046, 2668, -1579, 39958
9510.6, 1107, -851, 10121, 2421, 20046, 2668, -1579, 39958
9514.3, 1145, -851, 10121, 2421, 20046, 2668, -1579, 39998
9516.6, 33, -851, 10121, 2421, 20046, 2668, -1579, 39998
9520.8, 1157, -633, 9871, 2564, 13886, 284, -8513, 39998
9524.5, 1138, -633, 9871, 2564, 13886, 284, -8513, 40059
9526.8, 35, -633, 9871, 2564, 13886, 284, -8513, 40059
9532.5, 1251, -223, 9738, 2933, 10543, -2410, -13868, 40348
9536.2, 1156, -223, 9738, 2933, 10543, -2410, -13868, 40753
9540.5, 1163, -415, 9759, 3084, 7227, -3495, -13868, 40753
9544.2, 1085, -415, 9759, 3084, 7227, -3495, -13868, 41043
9546.5, 32, -415, 9759, 3084, 7227, -3495, -13868, 41043
9550.7, 1119, -406, 9574, 3105, 4388, -4615, -12333, 41043
9554.4, 1082, -406, 9574, 3105, 4388, -4615, -12333, 41176
9556.7, 32, -406, 9574, 3105, 4388, -4615, -12333, 41176
9560.9, 1188, -237, 9659, 3053, -6960, -10780, -13667, 41176
9564.6, 1163, -237, 9659, 3053, -6960, -10780, -13667, 41232
9568.8, 1101, 61, 9359, 2988, -6960, -10780, -13667, 41232
9572.6, 1106, 61, 9359, 2988, -6960, -10780, -13667, 41369
9576.3, 1103, 61, 9359, 2988, -6960, -10780, -13667, 41434
9580.6, 1068, 135, 8915, 3065, -17320, -22203, -23218, 41434
9584.3, 1089, 135, 8915, 3065, -17320, -22203, -23218, 41536
9588.5, 1034, 330, 9096, 2898, -17320, -22203, -23218, 41536
9592.2, 1148, 330, 9096, 2898, -17320, -22203, -23218, 41624
9596.0, 1140, 330, 9096, 2898, -17320, -22203, -23218, 41649
9600.3, 1071, -81, 9699, 3154, -29334, -25537, -25152, 41649
9604.0, 1135, -81, 9699, 3154, -29334, -25537, -25152, 41715
9608.3, 1039, -113, 9781, 3263, -29334, -25537, -25152, 41715
9612.0, 1127, -113, 9781, 3263, -29334, -25537, -25152, 41693
9615.7, 1126, -113, 9781, 3263, -29334, -25537, -25152, 41717
9620.0, 1123, 27, 9358, 3133, -35893, -27186, -13492, 41717
9623.7, 1123, 27, 9358, 3133, -35893, -27186, -13492, 41750
9627.9, 1109, 72, 9061, 2746, -35893, -27186, -13492, 41750
9631.7, 1066, 72, 9061, 2746, -35893, -27186, -13492, 41802
9634.0, 30, 72, 9061, 2746, -35893, -27186, -13492, 41802
9639.7, 1090, 150, 8569, 2587, -47158, -31784, -20925, 41851
9643.5, 1091, 150, 8569, 2587, -47158, -31784, -20925, 41921
9647.7, 1078, 349, 8648, 2925, -47158, -31784, -20925, 41921
9651.4, 1080, 349, 8648, 2925, -47158, -31784, -20925, 41949
9653.7, 31, 349, 8648, 2925, -47158, -31784, -20925, 41949
9659.5, 1222, 269, 9067, 3009, -53660, -34698, -25231, 42031
9661.7, 33, 269, 9067, 3009, -53660, -34698, -25231, 42031
9666.0, 1077, -4, 9068, 3056, -58280, -36479, -25025, 42031
9669.7, 1133, -4, 9068, 3056, -58280, -36479, -25025, 42043
9672.0, 31, -4, 9068, 3056, -58280, -36479, -25025, 42043
9677.7, 1227, -223, 8743, 3212, -60030, -36387, -21875, 42063
9681.4, 1144, -223, 8743, 3212, -60030, -36387, -21875, 42110
9685.7, 1119, -404, 8563, 3227, -63390, -34234, -19591, 42110
9689.4, 1103, -404, 8563, 3227, -63390, -34234, -19591, 42159
9691.7, 30, -404, 8563, 3227, -63390, -34234, -19591, 42159
9695.9, 1088, -378, 8682, 3171, -68544, -32734, -19276, 42159
9699.6, 1086, -378, 8682, 3171, -68544, -32734, -19276, 42189
9701.9, 29, -378, 8682, 3171, -68544, -32734, -19276, 42189
9707.6, 1302, -446, 8602, 3240, -72591, -36072, -21586, 42249
9711.3, 1128, -446, 8602, 3240, -72591, -36072, -21586, 42255
9715.6, 1113, -573, 8909, 3818, -75885, -42866, -26744, 42255
9719.3, 1108, -573, 8909, 3818, -75885, -42866, -26744, 42293
9721.5, 31, -573, 8909, 3818, -75885, -42866, -26744, 42293
9725.8, 1082, -884, 9004, 4694, -80916, -50763, -33648, 42293
9729.5, 1058, -884, 9004, 4694, -80916, -50763, -33648, 42324
9733.7, 1023, -1223, 9116, 4349, -84364, -57672, -39205, 42324
9737.5, 1157, -1223, 9116, 4349, -84364, -57672, -39205, 42366
9741.2, 1104, -1223, 9116, 4349, -84364, -57672, -39205, 42391
9745.4, 1048, -1231, 9013, 4121, -88393, -61229, -39244, 42391
9749.1, 1128, -1231, 9013, 4121, -88393, -61229, -39244, 42433
9753.4, 995, -756, 8630, 3948, -91749, -63333, -33994, 42433
9757.1, 1112, -756, 8630, 3948, -91749, -63333, -33994, 42459
9760.8, 1106, -756, 8630, 3948, -91749, -63333, -33994, 42495
9765.1, 1018, -183, 8543, 3981, -92965, -67034, -26368, 42495
9768.8, 1065, -183, 8543, 3981, -92965, -67034, -26368, 42486
9773.1, 1121, 157, 8598, 4448, -97240, -70801, -21389, 42486
9776.8, 1098, 157, 8598, 4448, -97240, -70801, -21389, 42499
9780.6, 1133, 157, 8598, 4448, -97240, -70801, -21389, 42489
9784.8, 1045, 392, 9206, 4476, -101882, -73715, -19840, 42489
9788.5, 1147, 392, 9206, 4476, -101882, -73715, -19840, 42464
9792.8, 1215, 124, 9375, 4941, -115427, -75754, -23292, 42464
9796.5, 1094, 124, 9375, 4941, -115427, -75754, -23292, 42439
9798.8, 36, 124, 9375, 4941, -115427, -75754, -23292, 42439
9804.5, 1223, -75, 9317, 5053, -120935, -75399, -27208, 42441
9808.2, 1166, -75, 9317, 5053, -120935, -75399, -27208, 42424
9814.0, 1216, -123, 9044, 4779, -123276, -73225, -26832, 42403
9817.7, 1198, -123, 9044, 4779, -123276, -73225, -26832, 42439
9823.4, 1257, 381, 8918, 4889, -123753, -69795, -20278, 42410
9827.1, 969, 381, 8918, 4889, -123753, -69795, -20278, 42461
9832.8, 1492, 399, 8338, 4718, -124737, -68570, -12206, 42516
9836.5, 1292, 399, 8338, 4718, -124737, -68570, -12206, 42539
9840.8, 1263, 634, 8165, 5182, -124641, -74328, -6881, 42539
9844.5, 1022, 634, 8165, 5182, -124641, -74328, -6881, 42616
9846.8, 33, 634, 8165, 5182, -124641, -74328, -6881, 42616
9851.0, 1168, 687, 8231, 5486, -122060, -81923, -2594, 42616
9854.7, 958, 687, 8231, 5486, -122060, -81923, -2594, 42665
9857.0, 34, 687, 8231, 5486, -122060, -81923, -2594, 42665
9862.8, 1448, 421, 7435, 5366, -120996, -85348, -1124, 42693
9866.5, 1290, 421, 7435, 5366, -120996, -85348, -1124, 42730
9870.8, 885, 205, 7401, 5543, -117991, -79328, -3333, 42730
9874.5, 697, 205, 7401, 5543, -117991, -79328, -3333, 42760
9876.8, 23, 205, 7401, 5543, -117991, -79328, -3333, 42760
9881.0, 1220, -99, 7004, 5796, -116573, -69524, -4895, 42760
9884.7, 780, -99, 7004, 5796, -116573, -69524, -4895, 42778
9888.9, 983, 38, 6574, 5868, -114062, -63591, -3941, 42778
9892.7, 1186, 38, 6574, 5868, -114062, -63591, -3941, 42797
9896.4, 1323, 38, 6574, 5868, -114062, -63591, -3941, 42788
9900.6, 853, 445, 6293, 6144, -113314, -63771, -542, 42788
9904.4, 834, 445, 6293, 6144, -113314, -63771, -542, 42783
9908.6, 1181, 632, 6246, 6358, -114381, -68132, 4703, 42783
9912.3, 1357, 632, 6246, 6358, -114381, -68132, 4703, 42806
9916.1, 1443, 632, 6246, 6358, -114381, -68132, 4703, 42821
9920.3, 1359, 678, 6094, 5903, -122331, -71479, 8710, 42821
9924.0, 1290, 678, 6094, 5903, -122331, -71479, 8710, 42830
9928.2, 1463, 483, 5391, 6205, -127349, -70989, 7796, 42830
9931.9, 977, 483, 5391, 6205, -127349, -70989, 7796, 42787
9935.7, 1415, 483, 5391, 6205, -127349, -70989, 7796, 42871
9939.9, 1309, 260, 5304, 6083, -119706, -64300, 2301, 42871
9943.7, 1322, 260, 5304, 6083, -119706, -64300, 2301, 42889
9947.9, 1344, 326, 5088, 5592, -113375, -51805, -3517, 42889
9951.6, 1467, 326, 5088, 5592, -113375, -51805, -3517, 42927
9953.9, 218, 326, 5088, 5592, -113375, -51805, -3517, 42927
9959.6, 1422, 996, 4841, 6038, -108838, -40263, -6400, 43018
9963.3, 1600, 996, 4841, 6038, -108838, -40263, -6400, 43032
9969.0, 1439, 1718, 4944, 7298, -104034, -35066, -5061, 43099
9972.8, 1407, 1718, 4944, 7298, -104034, -35066, -5061, 43189
9978.5, 1517, 2033, 5252, 8075, -107950, -38898, -293, 43286
9980.8, 66, 2033, 5252, 8075, -107950, -38898, -293, 43286
9983.0, 35, 2033, 5252, 8075, -107950, -38898, -293, 43286
9988.7, 1499, 1927, 5011, 7163, -119610, -45120, 4278, 43393
9990.9, 65, 1927, 5011, 7163, -119610, -45120, 4278, 43393
9993.2, 73, 1927, 5011, 7163, -119610, -45120, 4278, 43393
9998.9, 1406, 1381, 4744, 7000, -125717, -45238, 6947, 43497
10001.2, 73, 1381, 4744, 7000, -125717, -45238, 6947, 43497
10005.5, 1468, 724, 4427, 7487, -122825, -41169, 8509, 43497
10009.2, 1128, 724, 4427, 7487, -122825, -41169, 8509, 43593
10011.5, 43, 724, 4427, 7487, -122825, -41169, 8509, 43593
10015.7, 1189, 716, 4364, 6464, -119610, -34427, 8741, 43593
10019.4, 1288, 716, 4364, 6464, -119610, -34427, 8741, 43704
10021.7, 346, 716, 4364, 6464, -119610, -34427, 8741, 43704
10025.9, 1521, 1066, 4122, 7604, -119588, -27790, 8308, 43704
10029.6, 1355, 1066, 4122, 7604, -119588, -27790, 8308, 43775
10031.9, 115, 1066, 4122, 7604, -119588, -27790, 8308, 43775
10037.6, 1628, 1794, 4344, 8763, -116359, -28696, 9192, 43868
10041.3, 1302, 1794, 4344, 8763, -116359, -28696, 9192, 43942
10045.6, 1380, 1961, 4358, 8102, -124969, -33499, 10329, 43942
10049.4, 1415, 1961, 4358, 8102, -124969, -33499, 10329, 44013
10053.6, 1487, 1961, 4358, 8102, -124969, -34943, 10837, 44013
10057.4, 1506, 1961, 4358, 8102, -124969, -34943, 10837, 44080
10061.1, 1430, 1961, 4358, 8102, -124969, -34943, 10837, 44148
10065.4, 1337, 783, 3684, 7688, -130993, -30266, 10141, 44148
10069.1, 1184, 783, 3684, 7688, -130993, -30266, 10141, 44209
10073.3, 1313, 783, 3684, 7688, -130993, -20147, 8395, 44209
10077.0, 1510, 783, 3684, 7688, -130993, -20147, 8395, 44258
10080.7, 1342, 783, 3684, 7688, -130993, -20147, 8395, 44300
10085.0, 1182, 818, 3092, 8181, -125013, -9633, 7612, 44300
10088.7, 1453, 818, 3092, 8181, -125013, -9633, 7612, 44311
10092.9, 1552, 818, 3092, 8181, -125013, -7625, 8321, 44311
10096.7, 1331, 818, 3092, 8181, -125013, -7625, 8321, 44332
10099.0, 78, 818, 3092, 8181, -125013, -7625, 8321, 44332
10104.7, 1350, 2427, 3244, 8963, -126242, -16279, 9331, 44344
10108.4, 1350, 2427, 3244, 8963, -126242, -16279, 9331, 42778
10114.1, 1406, 2445, 3187, 7905, -135972, -22417, 10465, 44385
10117.8, 1364, 2445, 3187, 7905, -135972, -22417, 10465, 44395
10123.5, 1503, 2445, 2662, 8433, -138685, -20374, 10346, 44400
10127.3, 1275, 2445, 2662, 8433, -138685, -20374, 10346, 44449
10133.0, 1377, 1836, 2662, 8433, -134756, -17071, 7940, 44469
10136.7, 1204, 1836, 2662, 8433, -134756, -17071, 7940, 44512
10142.5, 1537, 1504, 2443, 9028, -134756, -17071, 7940, 44552
10146.2, 1124, 1504, 2443, 9028, -134756, -17071, 7940, 44585
10148.5, 44, 1504, 2443, 9028, -134756, -17071, 7940, 44585
10154.2, 1463, 1466, 1793, 8984, -122615, -11397, 6068, 44609
10156.5, 47, 1466, 1793, 8984, -122615, -11397, 6068, 44609
10160.7, 1221, 2059, 1277, 8878, -122615, -11397, 6068, 44609
10164.5, 1427, 2059, 1277, 8878, -122615, -11397, 6068, 44629
10166.8, 207, 2059, 1277, 8878, -122615, -11397, 6068, 44629
10172.5, 1293, 2968, 846, 8540, -117846, -7564, 9927, 44583
10176.3, 1416, 2968, 846, 8540, -117846, -7564, 9927, 44641
10180.5, 1358, 3403, 333, 8274, -118463, -2205, 13829, 44641
10184.2, 1400, 3403, 333, 8274, -118463, -2205, 13829, 44625
10186.5, 54, 3403, 333, 8274, -118463, -2205, 13829, 44625
10190.7, 1486, 3332, -160, 8507, -119155, 3753, 15120, 44625
10194.5, 1279, 3332, -160, 8507, -119155, 3753, 15120, 44626
10196.7, 43, 3332, -160, 8507, -119155, 3753, 15120, 44626
10202.5, 1264, 2962, -243, 8386, -119907, 6094, 12412, 44613
10206.2, 1373, 2962, -243, 8386, -119907, 6094, 12412, 44593
10210.4, 1312, 2482, -219, 7969, -123372, 3220, 9235, 44593
10214.1, 1378, 2482, -219, 7969, -123372, 3220, 9235, 44647
10216.4, 54, 2482, -219, 7969, -123372, 3220, 9235, 44647
10220.6, 1360, 2142, -75, 8739, -116302, 2743, 8645, 44647
10224.3, 1414, 2142, -75, 8739, -116302, 2743, 8645, 44674
10228.5, 1650, 1803, 589, 9270, -109289, 2861, 12363, 44674
10232.3, 1306, 1803, 589, 9270, -109289, 2861, 12363, 44643
10236.0, 1249, 1803, 589, 9270, -109289, 2861, 12363, 44705
10240.3, 1280, 1700, 844, 9266, -111643, -6426, 19574, 44705
10244.0, 1305, 1700, 844, 9266, -111643, -6426, 19574, 44742
10248.2, 1496, 1790, 945, 9666, -114119, -21643, 27737, 44742
10251.9, 1721, 1790, 945, 9666, -114119, -21643, 27737, 44695
10255.6, 1330, 1790, 945, 9666, -114119, -21643, 27737, 44692
10259.9, 1255, 1366, 275, 10231, -117671, -27912, 31898, 44692
10263.6, 1358, 1366, 275, 10231, -117671, -27912, 31898, 44685
10267.8, 1341, 708, -946, 9273, -126076, -28157, 26972, 44685
10271.6, 1276, 708, -946, 9273, -126076, -28157, 26972, 44684
10273.8, 152, 708, -946, 9273, -126076, -28157, 26972, 44684
10279.6, 1306, 1521, -1949, 8730, -118673, -24644, 14192, 44680
10283.3, 1311, 1521, -1949, 8730, -118673, -24644, 14192, 44721
10289.0, 1727, 2289, -1325, 8814, -116061, -14275, 4440, 44697
10292.7, 1371, 2289, -1325, 8814, -116061, -14275, 4440, 44714
10298.4, 1282, 3179, -1095, 10319, -115304, -8404, 6851, 44741
10302.2, 1357, 3179, -1095, 10319, -115304, -8404, 6851, 44748
10307.9, 1466, 3788, -559, 10736, -115388, -16135, 19810, 44766
10311.6, 1280, 3788, -559, 10736, -115388, -16135, 19810, 44775
10315.9, 1385, 3371, -851, 8904, -123932, -24570, 33994, 44775
10319.7, 1474, 3371, -851, 8904, -123932, -24570, 33994, 44771
10322.0, 69, 3371, -851, 8904, -123932, -24570, 33994, 44771
10327.7, 1203, 2359, -1289, 8851, -130018, -25484, 39975, 44762
10331.4, 1132, 2359, -1289, 8851, -130018, -25484, 39975, 44769
10335.6, 1424, 1746, -1667, 9629, -130468, -23865, 36085, 44769
10339.4, 1523, 1746, -1667, 9629, -130468, -23865, 36085, 44779
10341.6, 76, 1746, -1667, 9629, -130468, -23865, 36085, 44779
10345.9, 1172, 1629, -2019, 9647, -127878, -20562, 25979, 44779
10349.7, 1331, 1629, -2019, 9647, -127878, -20562, 25979, 44757
10352.0, 51, 1629, -2019, 9647, -127878, -20562, 25979, 44757
10357.7, 1471, 1884, -2094, 9424, -121828, -13462, 17325, 44760
10361.4, 1243, 1884, -2094, 9424, -121828, -13462, 17325, 44756
10365.7, 1237, 2291, -2094, 9037, -119172, -3381, 15610, 44756
10369.5, 1279, 2291, -2094, 9037, -119172, -3381, 15610, 44746
10373.7, 1217, 2490, -2286, 9052, -121539, 6374, 20470, 44746
10377.5, 1632, 2490, -2286, 9052, -121539, 6374, 20470, 44708
10381.3, 1533, 2490, -2286, 9052, -121539, 6374, 20470, 44742
10385.5, 1323, 2263, -2738, 9757, -127410, 13007, 25974, 44742
10389.3, 1404, 2263, -2738, 9757, -127410, 13007, 25974, 44729
10393.5, 1407, 2157, -3539, 10678, -130145, 8286, 27471, 44729
10397.3, 1179, 2157, -3539, 10678, -130145, 8286, 27471, 44703
10401.0, 1259, 2157, -3539, 10678, -130145, 8286, 27471, 44712
10405.3, 1162, 2038, -3984, 9320, -129887, -1084, 23739, 44712
10409.0, 1334, 2038, -3984, 9320, -129887, -1084, 23739, 44651
10413.3, 1448, 1921, -4167, 8268, -130512, -1124, 18099, 44651
10417.0, 1160, 1921, -4167, 8268, -130512, -1124, 18099, 44629
10420.8, 1137, 1921, -4167, 8268, -130512, -1124, 18099, 44588
10425.0, 1496, 2004, -4231, 9737, -124873, 8456, 15973, 44588
10428.8, 1526, 2004, -4231, 9737, -124873, 8456, 15973, 44587
10433.0, 1281, 2567, -4209, 10539, -115991, 16004, 19049, 44587
10436.7, 1170, 2567, -4209, 10539, -115991, 16004, 19049, 44543
10440.5, 1198, 2567, -4209, 10539, -115991, 16004, 19049, 44705
10444.7, 1666, 2910, -4094, 8901, -114495, 16581, 24815, 44705
10448.4, 1452, 2910, -4094, 8901, -114495, 16581, 24815, 44512
10454.2, 1270, 2708, -4545, 8041, -120231, 15343, 30389, 44521
10457.9, 1254, 2708, -4545, 8041, -120231, 15343, 30389, 44507
10463.6, 1493, 2434, -5190, 8810, -120887, 15728, 32353, 44514
10465.8, 83, 2434, -5190, 8810, -120887, 15728, 32353, 44514
10468.1, 11, 2434, -5190, 8810, -120887, 15728, 32353, 44514
10473.8, 1451, 2059, -5544, 8239, -122550, 22041, 28849, 44532
10476.0, 64, 2059, -5544, 8239, -122550, 22041, 28849, 44532
10478.3, 10, 2059, -5544, 8239, -122550, 22041, 28849, 44532
10484.0, 1876, 1685, -6117, 8412, -123438, 30936, 20549, 44545
10486.3, 896, 1685, -6117, 8412, -123438, 30936, 20549, 44545
10490.5, 1218, 1466, -6054, 8873, -118717, 39292, 12447, 44545
10494.3, 1302, 1466, -6054, 8873, -118717, 39292, 12447, 44602
10496.6, 57, 1466, -6054, 8873, -118717, 39292, 12447, 44602
10500.8, 1268, 1272, -5944, 7835, -116849, 42827, 10434, 44602
10504.5, 1350, 1272, -5944, 7835, -116849, 42827, 10434, 44437
10506.8, 59, 1272, -5944, 7835, -116849, 42827, 10434, 44437
10511.0, 1379, 1349, -6235, 7660, -117545, 41261, 14949, 44437
10514.7, 1452, 1349, -6235, 7660, -117545, 41261, 14949, 44424
10517.0, 77, 1349, -6235, 7660, -117545, 41261, 14949, 44424
10522.7, 1685, 1131, -6784, 8633, -116385, 35884, 20365, 44415
10526.4, 1194, 1131, -6784, 8633, -116385, 35884, 20365, 44402
10530.7, 1195, 1116, -7392, 8469, -116858, 25252, 21162, 44402
10534.5, 1342, 1116, -7392, 8469, -116858, 25252, 21162, 44407
10538.7, 1427, 1170, -7402, 8242, -116368, 16717, 16992, 44407
10542.5, 1198, 1170, -7402, 8242, -116368, 16717, 16992, 44409
10546.2, 1289, 1170, -7402, 8242, -116368, 16717, 16992, 44422
10550.5, 1505, 1297, -6797, 8518, -112251, 15089, 13138, 44422
10554.2, 1346, 1297, -6797, 8518, -112251, 15089, 13138, 44434
10558.4, 1343, 1508, -6103, 8195, -110124, 17662, 13396, 44434
10562.1, 1225, 1508, -6103, 8195, -110124, 17662, 13396, 44458
10565.9, 1332, 1508, -6103, 8195, -110124, 17662, 13396, 44509
10570.1, 1639, 1828, -5662, 8121, -107084, 20619, 17745, 44509
10573.8, 1509, 1828, -5662, 8121, -107084, 20619, 17745, 44495
10578.1, 1300, 1984, -5549, 8042, -106384, 22356, 23581, 44495
10581.8, 1169, 1984, -5549, 8042, -106384, 22356, 23581, 44516
10584.1, 36, 1984, -5549, 8042, -106384, 22356, 23581, 44516
10589.9, 1473, 2176, -5796, 7498, -109451, 23113, 27112, 44539
10593.6, 1629, 2176, -5796, 7498, -109451, 23113, 27112, 44539
10597.8, 1349, 1984, -6401, 7800, -111507, 24255, 26561, 44539
10601.6, 1232, 1984, -6401, 7800, -111507, 24255, 26561, 44557
10603.8, 42, 1984, -6401, 7800, -111507, 24255, 26561, 44557
10609.6, 1545, 1671, -6681, 7299, -112784, 26591, 22308, 44563
10613.3, 1171, 1671, -6681, 7299, -112784, 26591, 22308, 44557
10619.0, 1285, 1192, -6702, 7136, -116258, 29977, 17290, 44575
10622.7, 1200, 1192, -6702, 7136, -116258, 29977, 17290, 44572
10628.4, 1552, 727, -6424, 7780, -118866, 34287, 15833, 44545
10632.5, 845, 727, -6424, 7780, -118866, 34287, 15833, 44534
10638.2, 1383, 501, -6763, 8257, -116893, 35236, 19005, 44534
10641.9, 1387, 501, -6763, 8257, -116893, 35236, 19005, 44555
10647.6, 1489, 208, -7540, 7842, -113773, 30481, 22290, 44471
10651.3, 1211, 208, -7540, 7842, -113773, 30481, 22290, 44562
10655.6, 1227, 208, -7540, 6646, -113410, 22597, 21385, 44562
10659.3, 1137, 208, -7540, 6646, -113410, 22597, 21385, 44586
10661.6, 120, 208, -7540, 6646, -113410, 22597, 21385, 44586
10665.8, 1355, -150, -9067, 6361, -115808, 16813, 16633, 44586
10669.5, 1557, -150, -9067, 6361, -115808, 16813, 16633, 44513
10671.8, 167, -150, -9067, 6361, -115808, 16813, 16633, 44513
10676.0, 1547, 33, -9331, 6961, -113865, 12744, 10473, 44513
10679.7, 1516, 33, -9331, 6961, -113865, 12744, 10473, 44577
10682.0, 118, 33, -9331, 6961, -113865, 12744, 10473, 44577
10687.7, 1403, 224, -9156, 6192, -111787, 7415, 4681, 44450
10691.4, 1257, 224, -9156, 6192, -111787, 7415, 4681, 44570
10695.7, 1584, 236, -8834, 5106, -111936, 5407, 962, 44570
10699.4, 1669, 236, -8834, 5106, -111936, 5407, 962, 44555
10703.6, 1372, 236, -8834, 5106, -111936, 5407, 962, 44555
10707.3, 1200, 236, -8834, 5106, -111936, 5407, 962, 44572
10711.0, 1347, 236, -8834, 5106, -111936, 5407, 962, 44571
10715.3, 1665, -72, -9119, 5327, -102997, 18445, 4908, 44571
10719.0, 1637, -72, -9119, 5327, -102997, 18445, 4908, 44569
10723.2, 1572, -72, -9119, 5327, -102997, 18445, 4908, 44569
10727.0, 1296, -72, -9119, 5327, -102997, 18445, 4908, 44578
10730.8, 1475, -72, -9119, 5327, -102997, 18445, 4908, 44590
10735.0, 1568, 133, -10292, 5043, -97739, 10032, 6409, 44590
10738.8, 1439, 133, -10292, 5043, -97739, 10032, 6409, 44589
10743.0, 1327, 133, -10292, 5043, -97739, 10032, 6409, 44589
10746.7, 1305, 133, -10292, 5043, -97739, 10032, 6409, 44597
10749.0, 79, 133, -10292, 5043, -97739, 10032, 6409, 44597
10754.8, 1384, 1065, -10034, 5720, -92112, -844, -2349, 44598
10758.5, 1209, 1065, -10034, 5720, -92112, -844, -2349, 44620
10762.7, 1189, 1065, -10034, 5720, -92112, -844, -2349, 44620
10766.5, 1514, 1065, -10034, 5720, -92112, -844, -2349, 44628
10768.8, 493, 1065, -10034, 5720, -92112, -844, -2349, 44628
10774.5, 1644, 1396, -8827, 5699, -87558, 5306, -3128, 44648
10778.2, 1420, 1396, -8827, 5699, -87558, 5306, -3128, 44672
10784.0, 1266, 1396, -8685, 5789, -85152, 7275, 2069, 44685
10787.7, 1182, 1396, -8685, 5789, -85152, 7275, 2069, 44692
10793.4, 1558, 1329, -8685, 5789, -85152, 7275, 2069, 44729
10797.2, 1347, 1329, -8685, 5789, -85152, 7275, 2069, 44741
10802.9, 1257, 1068, -8974, 5755, -86517, 8365, 7730, 44753
10806.6, 1110, 1068, -8974, 5755, -86517, 8365, 7730, 44704
10810.9, 1280, 793, -9449, 6016, -87147, 9524, 12158, 44704
10814.7, 1217, 793, -9449, 6016, -87147, 9524, 12158, 44756
10817.0, 53, 793, -9449, 6016, -87147, 9524, 12158, 44756
10822.7, 1284, 425, -9864, 5663, -87728, 13658, 13173, 44749
10826.4, 1219, 425, -9864, 5663, -87728, 13658, 13173, 44728
10830.7, 1561, 125, -10110, 5268, -86788, 15142, 8929, 44728
10834.4, 1720, 125, -10110, 5268, -86788, 15142, 8929, 44748
10836.6, 275, 125, -10110, 5268, -86788, 15142, 8929, 44748
10840.9, 1224, 12, -9976, 4880, -83900, 13768, 2800, 44748
10844.7, 1114, 12, -9976, 4880, -83900, 13768, 2800, 44791
10848.9, 1181, -17, -9772, 4815, -79320, 10145, -1614, 44791
10852.6, 1187, -17, -9772, 4815, -79320, 10145, -1614, 44808
10856.4, 1343, -17, -9772, 4815, -79320, 10145, -1614, 44859
10860.6, 1360, 51, -9833, 4579, -77574, 3718, -3530, 44859
10864.4, 1295, 51, -9833, 4579, -77574, 3718, -3530, 44871
10868.6, 1333, -13, -10051, 4212, -75876, -2288, -2935, 44871
10872.3, 1142, -13, -10051, 4212, -75876, -2288, -2935, 44843
10876.1, 1228, -13, -10051, 4212, -75876, -2288, -2935, 44872
10880.3, 1317, 80, -10133, 3666, -71991, -5503, -673, 44872
10884.1, 1227, 80, -10133, 3666, -71991, -5503, -673, 44908
10888.3, 1223, 314, -10094, 3952, -67424, -6457, 1649, 44908
10892.0, 1196, 314, -10094, 3952, -67424, -6457, 1649, 44874
10895.7, 1549, 314, -10094, 3952, -67424, -6457, 1649, 44852
10900.0, 1408, 473, -10020, 4140, -63228, -4711, 1596, 44852
10903.7, 1243, 473, -10020, 4140, -63228, -4711, 1596, 44884
10908.0, 1213, 530, -9765, 3448, -59203, -1487, -800, 44884
10911.7, 1202, 530, -9765, 3448, -59203, -1487, -800, 44905
10914.0, 41, 530, -9765, 3448, -59203, -1487, -800, 44905
10919.7, 1303, 379, -9393, 3147, -56797, 1684, -3600, 44904
10923.5, 1185, 379, -9393, 3147, -56797, 1684, -3600, 44929
10927.7, 1171, 50, -9215, 3906, -54163, 5543, -5162, 44929
10931.5, 1290, 50, -9215, 3906, -54163, 5543, -5162, 44930
10933.8, 48, 50, -9215, 3906, -54163, 5543, -5162, 44930
10939.5, 1329, -165, -9169, 4188, -51770, 6951, -5061, 44936
10943.2, 1236, -165, -9169, 4188, -51770, 6951, -5061, 44947
10949.0, 1327, -218, -9302, 4097, -49713, 1513, -4016, 44942
10951.2, 55, -218, -9302, 4097, -49713, 1513, -4016, 44942
10953.5, 19, -218, -9302, 4097, -49713, 1513, -4016, 44942
10959.2, 1414, -114, -9165, 3891, -47097, -7013, -2996, 44958
10961.5, 63, -114, -9165, 3891, -47097, -7013, -2996, 44958
10965.8, 1211, 90, -9178, 3753, -43295, -12696, -1728, 44958
10969.5, 1249, 90, -9178, 3753, -43295, -12696, -1728, 44975
10971.8, 66, 90, -9178, 3753, -43295, -12696, -1728, 44975
10976.0, 1360, 273, -9160, 3288, -39966, -13763, -770, 44975
10979.7, 1241, 273, -9160, 3288, -39966, -13763, -770, 44967
10982.0, 58, 273, -9160, 3288, -39966, -13763, -770, 44967
10987.7, 1314, 381, -9183, 2914, -38146, -14914, -511, 44969
10991.4, 1271, 381, -9183, 2914, -38146, -14914, -511, 44986
10995.6, 1241, 521, -9335, 2695, -34917, -16607, -621, 44986
10999.4, 1178, 521, -9335, 2695, -34917, -16607, -621, 44992
11001.6, 56, 521, -9335, 2695, -34917, -16607, -621, 44992
11005.9, 1335, 693, -9617, 2780, -30594, -16406, -485, 44992
11009.7, 1521, 693, -9617, 2780, -30594, -16406, -485, 44993
11013.9, 1369, 736, -10046, 2988, -26285, -15203, -498, 44993
11017.6, 1238, 736, -10046, 2988, -26285, -15203, -498, 44729
11021.4, 1157, 736, -10046, 2988, -26285, -15203, -498, 44994
11025.6, 1219, 733, -10363, 2904, -20379, -13497, -761, 44994
11029.4, 1165, 733, -10363, 2904, -20379, -13497, -761, 45017
11033.6, 1395, 503, -10450, 2606, -15597, -11760, -1640, 45017
11037.3, 1597, 503, -10450, 2606, -15597, -11760, -1640, 45024
11041.0, 1550, 503, -10450, 2606, -15597, -11760, -1640, 45054
11045.3, 1327, 321, -10295, 2457, -9765, -11283, -2528, 45054
11049.0, 1166, 321, -10295, 2457, -9765, -11283, -2528, 45027
11053.2, 1092, 259, -9928, 2441, -5398, -11344, -2716, 45027
11057.0, 1147, 259, -9928, 2441, -5398, -11344, -2716, 45024
11060.7, 1562, 259, -9928, 2441, -5398, -11344, -2716, 45017
11065.0, 1364, 346, -9910, 2661, -2209, -10727, -2415, 45017
11068.7, 1340, 346, -9910, 2661, -2209, -10727, -2415, 45021
11072.9, 1407, 397, -10110, 2860, 2782, -8741, -1325, 45021
11076.6, 1137, 397, -10110, 2860, 2782, -8741, -1325, 45018
11078.9, 44, 397, -10110, 2860, 2782, -8741, -1325, 45018
11084.6, 1257, 383, -10402, 3007, 8207, -6396, -1080, 45017
11088.3, 1315, 383, -10402, 3007, 8207, -6396, -1080, 45023
11094.0, 1239, 248, -10470, 3202, 14122, -4287, -2187, 45035
11097.7, 1325, 248, -10470, 3202, 14122, -4287, -2187, 45036
11103.5, 1438, 17, -10229, 3119, 19031, -4029, -2935, 45021
11107.2, 1339, 17, -10229, 3119, 19031, -4029, -2935, 44991
11113.0, 1225, -125, -10039, 2962, 23892, -6387, -3088, 45027
11116.7, 1105, -125, -10039, 2962, 23892, -6387, -3088, 45002
11120.9, 1526, 112, -10024, 2671, 30529, -10701, -3040, 45002
11124.6, 2015, 112, -10024, 2671, 30529, -10701, -3040, 45044
11126.9, 997, 112, -10024, 2671, 30529, -10701, -3040, 45044
11132.6, 1241, 550, -9777, 2344, 35486, -14617, -3206, 45035
11136.3, 1074, 550, -9777, 2344, 35486, -14617, -3206, 45062
11140.6, 1265, 942, -9419, 3007, 39148, -15828, -2852, 45062
11144.3, 1246, 942, -9419, 3007, 39148, -15828, -2852, 45079
11146.6, 51, 942, -9419, 3007, 39148, -15828, -2852, 45079
11150.8, 1238, 1381, -9391, 3431, 42219, -16432, -328, 45079
11154.6, 1191, 1381, -9391, 3431, 42219, -16432, -328, 45083
11156.8, 156, 1381, -9391, 3431, 42219, -16432, -328, 45083
11162.6, 1885, 1637, -9662, 3425, 46371, -17299, 3758, 45648
11166.3, 1206, 1637, -9662, 3425, 46371, -17299, 3758, 45679
11170.6, 787, 1732, -9959, 3445, 51612, -15688, 6715, 45679
11174.3, 873, 1732, -9959, 3445, 51612, -15688, 6715, 45693
11176.5, 273, 1732, -9959, 3445, 51612, -15688, 6715, 45693
11180.8, 1545, 1697, -10164, 3504, 56158, -11790, 6803, 45693
11184.5, 1310, 1697, -10164, 3504, 56158, -11790, 6803, 45715
11188.7, 1269, 1550, -10119, 3363, 59448, -7822, 4711, 45715
11192.5, 1152, 1550, -10119, 3363, 59448, -7822, 4711, 45714
11196.2, 1123, 1550, -10119, 3363, 59448, -7822, 4711, 45752
11200.4, 1310, 1381, -10022, 3656, 60804, -3963, 2213, 45752
11204.1, 1937, 1381, -10022, 3656, 60804, -3963, 2213, 45728
11208.4, 1258, 1168, -9999, 4263, 65770, 1255, 279, 45728
11212.1, 1125, 1168, -9999, 4263, 65770, 1255, 279, 45730
11215.8, 1174, 1168, -9999, 4263, 65770, 1255, 279, 45722
11220.1, 1195, 728, -9783, 4204, 71611, 8566, -984, 45722
11223.8, 1375, 728, -9783, 4204, 71611, 8566, -984, 45710
11228.1, 1759, 43, -9539, 4080, 74559, 14087, -1741, 45710
11231.8, 1271, 43, -9539, 4080, 74559, 14087, -1741, 45725
11235.6, 1168, 43, -9539, 4080, 74559, 14087, -1741, 45717
11239.8, 985, -544, -9409, 4688, 76397, 12958, -1745, 45717
11243.5, 1567, -544, -9409, 4688, 76397, 12958, -1745, 45742
11247.8, 1761, -926, -9317, 4722, 76646, 5083, -1421, 45742
11251.5, 1260, -926, -9317, 4722, 76646, 5083, -1421, 45765
11253.8, 50, -926, -9317, 4722, 76646, 5083, -1421, 45765
11259.5, 1285, -909, -9574, 4960, 76323, -6374, -866, 45739
11263.2, 1302, -909, -9574, 4960, 76323, -6374, -866, 45729
11269.0, 1978, -742, -9775, 5330, 77828, -15251, -1084, 45735
11272.7, 1605, -742, -9775, 5330, 77828, -15251, -1084, 45733
11278.4, 920, -443, -9940, 5203, 78235, -18672, -2795, 45705
11282.1, 1138, -443, -9940, 5203, 78235, -18672, -2795, 45691
11287.8, 2261, -443, -9940, 5203, 77220, -17942, -5989, 45668
11291.5, 1992, -443, -9940, 5203, 77220, -17942, -5989, 45643
11295.8, 1299, -69, -9838, 5042, 77946, -16047, -9375, 45643
11299.5, 1265, -69, -9838, 5042, 77946, -16047, -9375, 45633
11301.8, 49, -69, -9838, 5042, 77946, -16047, -9375, 45633
11306.0, 1378, 356, -9559, 5047, 79569, -15846, -10880, 45633
11309.7, 1614, 356, -9559, 5047, 79569, -15846, -10880, 45621
11312.0, 772, 356, -9559, 5047, 79569, -15846, -10880, 45621
11317.8, 1321, 795, -9312, 5653, 80921, -18458, -10670, 45625
11321.5, 917, 795, -9312, 5653, 80921, -18458, -10670, 45611
11325.8, 1654, 1370, -9312, 5653, 83174, -20352, -9270, 45611
11329.5, 1314, 1370, -9312, 5653, 83174, -20352, -9270, 45595
11331.8, 59, 1370, -9312, 5653, 83174, -20352, -9270, 45595
11336.0, 1844, 2045, -9586, 5245, 85243, -17220, -7507, 45595
11339.7, 1574, 2045, -9586, 5245, 85243, -17220, -7507, 45576
11343.9, 1380, 2045, -9586, 5245, 85243, -17220, -7507, 45576
11347.7, 1517, 2045, -9586, 5245, 85243, -17220, -7507, 45549
11351.4, 1346, 2045, -9586, 5245, 85243, -17220, -7507, 45553
11355.6, 1206, 1884, -9498, 5325, 89723, 6448, -1850, 45553
11359.4, 1560, 1884, -9498, 5325, 89723, 6448, -1850, 45525
11363.6, 1933, 1311, -9498, 5325, 89723, 6448, -1850, 45525
11367.3, 1544, 1311, -9498, 5325, 89723, 6448, -1850, 45497
11371.1, 1140, 1311, -9498, 5325, 89723, 6448, -1850, 45470
11375.3, 1184, 875, -9224, 6658, 89347, 22907, -2458, 45470
11379.0, 1575, 875, -9224, 6658, 89347, 22907, -2458, 45461
11383.2, 1430, 602, -9224, 6658, 89347, 22907, -2458, 45461
11386.9, 1707, 602, -9224, 6658, 89347, 22907, -2458, 45429
11390.7, 1622, 602, -9224, 6658, 89347, 22907, -2458, 45414
11394.9, 1263, 516, -8953, 7018, 89457, 10176, -8806, 45414
11398.7, 517, 516, -8953, 7018, 89457, 10176, -8806, 45397
11402.9, 2257, 431, -8727, 7018, 89457, 10176, -8806, 45397
11406.6, 1335, 431, -8727, 7018, 89457, 10176, -8806, 45383
11408.9, 59, 431, -8727, 7018, 89457, 10176, -8806, 45383
11414.6, 1347, 378, -8706, 7071, 93591, -1697, -6313, 45377
11418.3, 1815, 378, -8706, 7071, 93591, -1697, -6313, 45377
11424.0, 1276, 325, -8585, 7071, 92108, -3237, -4353, 45381
11427.7, 1239, 325, -8585, 7071, 92108, -3237, -4353, 45349
11433.5, 1964, 226, -8514, 6674, 92108, -3237, -4353, 45326
11435.7, 933, 226, -8514, 6674, 92108, -3237, -4353, 45326
11438.0, 629, 226, -8514, 6674, 92108, -3237, -4353, 45326
11443.7, 1196, 323, -8281, 6973, 94042, -4816, -4357, 45316
11445.9, 40, 323, -8281, 6973, 94042, -4816, -4357, 45316
11448.2, 26, 323, -8281, 6973, 94042, -4816, -4357, 45316
11453.9, 2098, 560, -7991, 7157, 97774, -7021, -6265, 45287
11456.2, 835, 560, -7991, 7157, 97774, -7021, -6265, 45287
11460.5, 1307, 690, -7616, 7204, 100727, -9305, -8443, 45287
11464.2, 841, 690, -7616, 7204, 100727, -9305, -8443, 45266
11466.5, 31, 690, -7616, 7204, 100727, -9305, -8443, 45266
11470.7, 2365, 812, -7529, 7429, 102245, -11633, -8785, 45266
11474.4, 2135, 812, -7529, 7429, 102245, -11633, -8785, 45153
11476.7, 987, 812, -7529, 7429, 102245, -11633, -8785, 45153
11480.9, 1184, 951, -7588, 8023, 105001, -13138, -7140, 45153
11484.6, 1128, 951, -7588, 8023, 105001, -13138, -7140, 45197
11486.9, 40, 951, -7588, 8023, 105001, -13138, -7140, 45197
11492.6, 2100, 781, -7476, 8054, 104341, -11230, -4213, 45158
11496.3, 2195, 781, -7476, 8054, 104341, -11230, -4213, 45138
11500.6, 1378, 493, -7386, 7280, 102516, -4580, -1824, 45138
11504.4, 1230, 493, -7386, 7280, 102516, -4580, -1824, 45109
11508.6, 1102, 291, -7232, 7697, 107591, 9003, -1290, 45109
11512.3, 1693, 291, -7232, 7697, 107591, 9003, -1290, 45092
11516.1, 1800, 291, -7232, 7697, 107591, 9003, -1290, 45063
11520.4, 1442, 275, -6973, 7672, 112531, 23944, -3430, 45063
11524.1, 1170, 275, -6973, 7672, 112531, 23944, -3430, 45044
11528.3, 1478, 636, -6631, 7010, 112386, 29396, -7595, 45044
11532.0, 1847, 636, -6631, 7010, 112386, 29396, -7595, 45025
11535.7, 1608, 636, -6631, 7010, 112386, 29396, -7595, 45009
11540.0, 1000, 988, -6362, 7827, 111664, 25987, -9388, 45009
11543.7, 1252, 988, -6362, 7827, 111664, 25987, -9388, 45004
11547.9, 1459, 1119, -6067, 8067, 112483, 20904, -6260, 45004
11551.7, 1697, 1119, -6067, 8067, 112483, 20904, -6260, 45000
11554.0, 134, 1119, -6067, 8067, 112483, 20904, -6260, 45000
11559.7, 1515, 1106, -6111, 7597, 110733, 17487, -682, 44986
11563.4, 1290, 1106, -6111, 7597, 110733, 17487, -682, 44955
11569.1, 1311, 1001, -6384, 7709, 110089, 17434, 3893, 44924
11572.8, 1426, 1001, -6384, 7709, 110089, 17434, 3893, 44899
11578.5, 1270, 398, -6454, 8033, 111603, 23257, 7511, 44871
11582.3, 1531, 398, -6454, 8033, 111603, 23257, 7511, 44849
11588.0, 1392, -420, -6679, 7313, 110291, 30651, 10736, 44818
11591.7, 1270, -420, -6679, 7313, 110291, 30651, 10736, 44832
11597.5, 1490, -1020, -6773, 7975, 110553, 34510, 11764, 44803
11601.2, 1381, -1020, -6773, 7975, 110553, 34510, 11764, 44776
11603.5, 71, -1020, -6773, 7975, 110553, 34510, 11764, 44776
11609.2, 1240, -1073, -6355, 8378, 109932, 31579, 9091, 44784
11611.5, 42, -1073, -6355, 8378, 109932, 31579, 9091, 44784
11615.7, 1211, -597, -5934, 8247, 108199, 22150, 3351, 44784
11619.5, 1355, -597, -5934, 8247, 108199, 22150, 3351, 44783
11621.8, 484, -597, -5934, 8247, 108199, 22150, 3351, 44783
11627.5, 2051, -224, -5414, 8271, 109796, 12302, -678, 44787
11631.3, 1188, -224, -5414, 8271, 109796, 12302, -678, 44703
11635.5, 387, 35, -5129, 8271, 113476, 5145, 8, 44703
11639.2, 1395, 35, -5129, 8271, 113476, 5145, 8, 44759
11641.5, 1961, 35, -5129, 8271, 113476, 5145, 8, 44759
11645.7, 1825, 344, -5076, 8166, 117076, 516, 5206, 44759
11649.5, 1211, 344, -5076, 8166, 117076, 516, 5206, 44724
11651.7, 46, 344, -5076, 8166, 117076, 516, 5206, 44724
11657.5, 1173, 510, -5066, 8217, 119631, -3110, 12385, 44691
11661.2, 1550, 510, -5066, 8217, 119631, -3110, 12385, 44709
11665.4, 2071, 823, -5159, 8508, 119312, -4440, 17425, 44709
11669.1, 1332, 823, -5159, 8508, 119312, -4440, 17425, 44655
11671.4, 49, 823, -5159, 8508, 119312, -4440, 17425, 44655
11675.6, 896, 977, -4960, 8758, 118192, -3679, 17351, 44655
11679.3, 1524, 977, -4960, 8758, 118192, -3679, 17351, 44643
11683.5, 1643, 933, -4803, 8545, 114928, -1159, 12110, 44643
11687.3, 1331, 933, -4803, 8545, 114928, -1159, 12110, 44632
11691.0, 1138, 933, -4803, 8545, 114928, -1159, 12110, 44642
11695.3, 1179, 738, -4426, 8606, 114692, 3482, 5967, 44642
11699.0, 1311, 738, -4426, 8606, 114692, 3482, 5967, 44637
11703.2, 1227, 522, -4198, 8716, 116376, 7433, 2874, 44637
11706.9, 1934, 522, -4198, 8716, 116376, 7433, 2874, 44642
11710.6, 1500, 522, -4198, 8716, 116376, 7433, 2874, 44648
11714.9, 1203, 250, -3714, 8536, 118603, 9340, 4506, 44648
11718.6, 1268, 250, -3714, 8536, 118603, 9340, 4506, 44645
11722.8, 1774, -110, -3595, 8706, 117164, 8693, 8645, 44645
11726.6, 1519, -110, -3595, 8706, 117164, 8693, 8645, 44682
11728.8, 234, -110, -3595, 8706, 117164, 8693, 8645, 44682
11734.5, 1285, -62, -3282, 8793, 117794, 6265, 11440, 44668
11738.3, 1216, -62, -3282, 8793, 117794, 6265, 11440, 44683
11744.0, 1261, 195, -3131, 9111, 118822, 1137, 9620, 44698
11747.7, 1210, 195, -3131, 9111, 118822, 1137, 9620, 44654
11753.4, 1295, 369, -2819, 9469, 121679, -3145, 5705, 44695
11757.1, 1362, 369, -2819, 9469, 121679, -3145, 5705, 44698
11762.9, 1456, 500, -2874, 9649, 122672, -3723, 2318, 44684
11766.6, 1285, 500, -2874, 9649, 122672, -3723, 2318, 44671
11770.9, 1947, 169, -2868, 10269, 126912, -4300, 2559, 44671
11774.7, 1482, 169, -2868, 10269, 126912, -4300, 2559, 44669
11777.0, 240, 169, -2868, 10269, 126912, -4300, 2559, 44669
11782.7, 1011, 138, -2989, 9611, 127655, -6794, 7695, 44636
11786.4, 1148, 138, -2989, 9611, 127655, -6794, 7695, 44666
11790.6, 2214, 422, -3119, 9242, 127375, -14722, 14783, 44666
11794.4, 1345, 422, -3119, 9242, 127375, -14722, 14783, 44664
11796.6, 47, 422, -3119, 9242, 127375, -14722, 14783, 44664
11800.9, 1013, 814, -2764, 9187, 128005, -23082, 20138, 44664
11804.7, 1820, 814, -2764, 9187, 128005, -23082, 20138, 44649
11807.0, 1744, 814, -2764, 9187, 128005, -23082, 20138, 44649
11812.7, 1179, 1116, -2330, 8884, 126627, -26123, 21516, 44343
11816.4, 1137, 1116, -2330, 8884, 126627, -26123, 21516, 44336
11820.7, 1353, 1040, -1693, 8983, 124777, -23743, 18279, 44336
11824.5, 1164, 1040, -1693, 8983, 124777, -23743, 18279, 44364
11828.7, 1744, 1040, -1693, 9165, 124168, -16017, 13536, 44364
11832.5, 2305, 1040, -1693, 9165, 124168, -16017, 13536, 44344
11836.3, 1173, 1040, -1693, 9165, 124168, -16017, 13536, 44345
11840.5, 1027, 149, -1036, 9488, 124768, -5110, 11353, 44345
11844.3, 1064, 149, -1036, 9488, 124768, -5110, 11353, 44336
11848.5, 1513, 149, -1145, 9444, 124602, 2292, 13269, 44336
11852.3, 1118, 149, -1145, 9444, 124602, 2292, 13269, 44328
11856.0, 1243, 149, -1145, 9444, 124602, 2292, 13269, 44328
11860.3, 1524, -641, -1182, 8787, 124125, 6501, 17999, 44328
11864.0, 1578, -641, -1182, 8787, 124125, 6501, 17999, 44312
11868.3, 1259, -641, -1205, 9238, 122900, 4318, 20925, 44312
11872.0, 642, -641, -1205, 9238, 122900, 4318, 20925, 44271
11875.8, 1352, -641, -1205, 9238, 122900, 4318, 20925, 44314
11880.0, 1514, -389, -605, 9432, 123547, -1588, 19224, 44314
11883.8, 1866, -389, -605, 9432, 123547, -1588, 19224, 44295
11888.0, 1890, -248, -5, 9515, 121683, -6479, 13777, 44295
11891.7, 1255, -248, -5, 9515, 121683, -6479, 13777, 44291
11895.5, 851, -248, -5, 9515, 121683, -6479, 13777, 44523
11899.7, 1269, -238, 422, 9412, 122812, -7896, 7000, 44523
11903.4, 1189, -238, 422, 9412, 122812, -7896, 7000, 44302
11909.2, 1523, -208, 500, 9415, 127034, -4790, 1854, 44294
11912.9, 1544, -208, 500, 9415, 127034, -4790, 1854, 44293
11918.6, 1442, -208, 500, 9415, 129712, 415, 971, 44321
11920.8, 71, -208, 500, 9415, 129712, 415, 971, 44321
11923.1, 13, -208, 500, 9415, 129712, 415, 971, 44321
11928.8, 1116, -235, 349, 10088, 129108, 984, 4506, 44294
11931.0, 50, -235, 349, 10088, 129108, 984, 4506, 44294
11933.3, 754, -235, 349, 10088, 129108, 984, 4506, 44294
11939.0, 1592, 192, 388, 9573, 127800, -2086, 10062, 44274
11941.3, 73, 192, 388, 9573, 127800, -2086, 10062, 44274
11945.5, 1404, 192, 388, 9573, 127800, -2086, 10062, 44274
11949.3, 1044, 192, 388, 9573, 127800, -2086, 10062, 44503
11951.6, 35, 192, 388, 9573, 127800, -2086, 10062, 44503
11955.8, 1638, 813, 518, 9056, 125262, -7945, 13339, 44503
11959.5, 1990, 813, 518, 9056, 125262, -7945, 13339, 44248
11961.8, 529, 813, 518, 9056, 125262, -7945, 13339, 44248
11966.0, 1378, 1145, 1284, 9184, 123810, -11747, 9585, 44248
11970.1, 746, 1145, 1284, 9184, 123810, -11747, 9585, 44244
11974.3, 1023, 1348, 1895, 9233, 123810, -11747, 9585, 44244
11978.1, 2600, 1348, 1895, 9233, 123810, -11747, 9585, 44229
11981.8, 1981, 1348, 1895, 9233, 123810, -11747, 9585, 44201
11987.6, 1175, 1442, 2394, 8761, 127423, 5118, 183, 44174
11991.3, 1120, 1442, 2394, 8761, 127423, 5118, 183, 44165
11995.6, 1549, 1296, 2498, 9845, 129537, 13715, 2248, 44165
11999.3, 1623, 1296, 2498, 9845, 129537, 13715, 2248, 44155
12003.5, 1002, 1019, 2360, 9776, 129537, 13715, 2248, 44155
12007.2, 1085, 1019, 2360, 9776, 129537, 13715, 2248, 44157
12011.0, 1707, 1019, 2360, 9776, 129537, 13715, 2248, 44146
12015.3, 1370, 1053, 2096, 9245, 130215, 16555, 18055, 44146
12019.0, 1480, 1053, 2096, 9245, 130215, 16555, 18055, 44143
12023.3, 1239, 1022, 1799, 9428, 130215, 16555, 18055, 44143
12027.0, 1145, 1022, 1799, 9428, 130215, 16555, 18055, 44132
12030.7, 1859, 1022, 1799, 9428, 130215, 16555, 18055, 44129
12035.0, 1502, 1353, 2397, 8890, 123153, 4532, 28354, 44129
12038.7, 1306, 1353, 2397, 8890, 123153, 4532, 28354, 44127
12042.9, 1331, 683, 2601, 10010, 123153, 4532, 28354, 44127
12046.7, 1207, 683, 2601, 10010, 123153, 4532, 28354, 44114
12049.0, 45, 683, 2601, 10010, 123153, 4532, 28354, 44114
12054.7, 1469, 273, 3333, 8203, 117151, 4086, 19259, 44117
12058.4, 1189, 273, 3333, 8203, 117151, 4086, 19259, 44035
12064.1, 1336, 25, 3533, 7486, 117151, 4086, 19259, 44107
12067.8, 1919, 25, 3533, 7486, 117151, 4086, 19259, 44086
12073.5, 1586, -163, 4002, 8294, 124238, 13623, 10600, 44061
12077.3, 763, -163, 4002, 8294, 124238, 13623, 10600, 44057
12083.0, 1792, 253, 4201, 8639, 131195, 21236, 3740, 44016
12086.7, 2049, 253, 4201, 8639, 131195, 21236, 3740, 44004
12092.5, 1537, 799, 4536, 8729, 129992, 26722, 542, 43985
12096.2, 896, 799, 4536, 8729, 129992, 26722, 542, 43993
12100.4, 1111, 902, 4850, 9010, 124973, 23537, 2104, 43993
12104.1, 1174, 902, 4850, 9010, 124973, 23537, 2104, 43963
12106.4, 69, 902, 4850, 9010, 124973, 23537, 2104, 43963
12110.6, 1916, 538, 4511, 7409, 121447, 20864, 5306, 43963
12114.3, 1356, 538, 4511, 7409, 121447, 20864, 5306, 43947
12116.6, 52, 538, 4511, 7409, 121447, 20864, 5306, 43947
12120.8, 1654, 169, 4800, 7660, 125962, 27361, 6873, 43947
12124.5, 1400, 169, 4800, 7660, 125962, 27361, 6873, 43949
12126.8, 57, 169, 4800, 7660, 125962, 27361, 6873, 43949
12131.0, 1156, -124, 4572, 7823, 126076, 32331, 4659, 43949
12134.7, 1088, -124, 4572, 7823, 126076, 32331, 4659, 43946
12137.0, 38, -124, 4572, 7823, 126076, 32331, 4659, 43946
12142.7, 2266, 139, 4737, 7502, 125411, 34821, -376, 44321
12146.4, 1840, 139, 4737, 7502, 125411, 34821, -376, 43906
12150.7, 1282, 66, 5203, 8116, 124479, 35617, -3290, 43906
12154.4, 1215, 66, 5203, 8116, 124479, 35617, -3290, 43925
12158.6, 1541, 117, 5938, 8263, 120813, 31478, 367, 43925
12162.3, 1147, 117, 5938, 8263, 120813, 31478, 367, 43834
12166.0, 890, 117, 5938, 8263, 120813, 31478, 367, 43905
12170.3, 2008, -35, 5681, 7060, 113239, 25769, 6947, 43905
12174.0, 1752, -35, 5681, 7060, 113239, 25769, 6947, 43920
12178.2, 1567, -128, 5391, 7134, 111940, 25370, 11261, 43920
12182.0, 1158, -128, 5391, 7134, 111940, 25370, 11261, 43839
12185.8, 1122, -128, 5391, 7134, 111940, 25370, 11261, 43877
12190.0, 1522, -90, 5050, 7601, 116656, 24832, 11572, 43877
12193.8, 1784, -90, 5050, 7601, 116656, 24832, 11572, 43889
12198.0, 1769, 69, 4655, 6888, 119238, 24889, 5315, 43889
12201.7, 1086, 69, 4655, 6888, 119238, 24889, 5315, 43845
12204.0, 35, 69, 4655, 6888, 119238, 24889, 5315, 43845
12209.7, 1733, -9, 4730, 6603, 122488, 30323, -3224, 43829
12213.5, 2187, -9, 4730, 6603, 122488, 30323, -3224, 43826
12217.7, 970, 111, 5225, 5931, 121403, 39905, -7730, 43826
12221.5, 707, 111, 5225, 5931, 121403, 39905, -7730, 43811
12223.8, 21, 111, 5225, 5931, 121403, 39905, -7730, 43811
12229.5, 1921, 282, 5513, 5925, 116674, 47255, -7520, 43807
12233.2, 1541, 282, 5513, 5925, 116674, 47255, -7520, 43808
12239.0, 1348, 684, 6026, 6481, 116849, 49639, -5713, 43806
12242.7, 1273, 684, 6026, 6481, 116849, 49639, -5713, 43804
12248.4, 1299, 705, 6908, 6479, 116810, 48642, -4506, 43816
12252.2, 1166, 705, 6908, 6479, 116810, 48642, -4506, 43805
12257.9, 1827, 343, 7150, 6676, 110759, 49040, -4046, 43819
12261.6, 1171, 343, 7150, 6676, 110759, 49040, -4046, 43816
12265.9, 1377, -239, 7776, 7262, 108523, 50440, -2603, 43816
12269.6, 1167, -239, 7776, 7262, 108523, 50440, -2603, 43813
12271.9, 45, -239, 7776, 7262, 108523, 50440, -2603, 43813
12277.6, 1259, -902, 7646, 6946, 104590, 46970, 1679, 43801
12281.4, 966, -902, 7646, 6946, 104590, 46970, 1679, 43786
12285.6, 1338, -1323, 7109, 6056, 99182, 41506, 7590, 43786
12289.4, 1382, -1323, 7109, 6056, 99182, 41506, 7590, 43767
12291.6, 90, -1323, 7109, 6056, 99182, 41506, 7590, 43767
12295.9, 1348, -1511, 6500, 5490, 98355, 36295, 11891, 43767
12299.7, 1644, -1511, 6500, 5490, 98355, 36295, 11891, 43751
12303.9, 1335, -1278, 6215, 5123, 98767, 33727, 12849, 43751
12307.6, 996, -1278, 6215, 5123, 98767, 33727, 12849, 43760
12311.4, 1179, -1278, 6215, 5123, 98767, 33727, 12849, 43735
12315.6, 1501, -753, 5868, 5544, 99471, 31902, 8023, 43735
12319.4, 1317, -753, 5868, 5544, 99471, 31902, 8023, 43727
12323.6, 1492, -53, 6633, 5584, 102083, 25974, -1933, 43727
12327.3, 1627, -53, 6633, 5584, 102083, 25974, -1933, 43724
12331.1, 1281, -53, 6633, 5584, 102083, 25974, -1933, 43726
12335.3, 1079, 381, 7689, 5218, 96312, 23047, -9896, 43726
12339.1, 1213, 381, 7689, 5218, 96312, 23047, -9896, 43753
12343.3, 1221, 400, 7946, 5772, 91644, 23021, -9568, 43753
12347.0, 1168, 400, 7946, 5772, 91644, 23021, -9568, 43698
12350.7, 1347, 400, 7946, 5772, 91644, 23021, -9568, 43712
12355.0, 905, 183, 7671, 5753, 90222, 21302, -3150, 43712
12358.7, 1373, 183, 7671, 5753, 90222, 21302, -3150, 43719
12363.0, 1288, -2, 7361, 5462, 87580, 20217, 4388, 43719
12366.7, 1205, -2, 7361, 5462, 87580, 20217, 4388, 43698
12369.0, 35, -2, 7361, 5462, 87580, 20217, 4388, 43698
12374.7, 1473, -332, 7506, 5212, 87912, 23021, 10145, 43905
12378.5, 1340, -332, 7506, 5212, 87912, 23021, 10145, 43729
12382.7, 1361, -401, 7400, 4320, 82391, 27164, 11983, 43729
12386.5, 1253, -401, 7400, 4320, 82391, 27164, 11983, 43729
12388.8, 35, -401, 7400, 4320, 82391, 27164, 11983, 43729
12394.5, 1375, -451, 7351, 4160, 72389, 29833, 8067, 43661
12398.2, 1341, -451, 7351, 4160, 72389, 29833, 8067, 43716
12404.0, 1387, -443, 7389, 4264, 69541, 27737, -83, 43710
12406.2, 52, -443, 7389, 4264, 69541, 27737, -83, 43710
12408.5, 8, -443, 7389, 4264, 69541, 27737, -83, 43710
12414.2, 1461, -254, 8151, 4383, 71217, 23437, -7271, 43694
12416.5, 58, -254, 8151, 4383, 71217, 23437, -7271, 43694
12420.8, 1315, -495, 8670, 4393, 72626, 21022, -6995, 43694
12424.5, 1378, -495, 8670, 4393, 72626, 21022, -6995, 43690
12426.8, 62, -495, 8670, 4393, 72626, 21022, -6995, 43690
12431.0, 1332, -923, 9055, 4634, 73899, 24172, -4598, 43690
12434.7, 1457, -923, 9055, 4634, 73899, 24172, -4598, 43453
12437.0, 132, -923, 9055, 4634, 73899, 24172, -4598, 43453
12442.7, 1323, -1347, 8832, 3605, 74144, 31080, -4480, 43427
12446.4, 1216, -1347, 8832, 3605, 74144, 31080, -4480, 43415
12450.6, 1288, -1543, 8335, 3507, 71961, 35354, -4462, 43415
12454.4, 1238, -1543, 8335, 3507, 71961, 35354, -4462, 43365
12456.6, 48, -1543, 8335, 3507, 71961, 35354, -4462, 43365
12460.9, 1252, -1004, 8149, 3199, 74240, 31027, -3058, 43365
12464.7, 1212, -1004, 8149, 3199, 74240, 31027, -3058, 43301
12468.9, 1239, -1004, 8149, 3199, 73649, 26337, -717, 43301
12472.6, 1201, -1004, 8149, 3199, 73649, 26337, -717, 43242
12476.4, 1292, -1004, 8149, 3199, 73649, 26337, -717, 43202
12480.6, 1228, -686, 8209, 3826, 72809, 22312, -2113, 43202
12484.4, 1224, -686, 8209, 3826, 72809, 22312, -2113, 43154
12488.6, 1198, -686, 8209, 3826, 68596, 18055, -10648, 43154
12492.3, 1166, -686, 8209, 3826, 68596, 18055, -10648, 43041
12496.0, 1212, -686, 8209, 3826, 68596, 18055, -10648, 42914
12500.3, 1250, -1186, 9616, 3053, 64702, 24277, -17985, 42914
12504.0, 1204, -1186, 9616, 3053, 64702, 24277, -17985, 42788
12508.2, 1172, -1186, 9616, 3053, 67962, 35000, -17237, 42788
12512.0, 1138, -1186, 9616, 3053, 67962, 35000, -17237, 42666
12515.7, 1183, -1186, 9616, 3053, 67962, 35000, -17237, 42529
12520.0, 1194, -1107, 8261, 3754, 69659, 41589, -9375, 42529
12523.7, 1147, -1107, 8261, 3754, 69659, 41589, -9375, 42395
12527.9, 1174, -1107, 8261, 3754, 66728, 38347, -61, 42395
12531.6, 1203, -1107, 8261, 3754, 66728, 38347, -61, 43591
12533.9, 35, -1107, 8261, 3754, 66728, 38347, -61, 43591
12539.6, 1209, -362, 8770, 2740, 56937, 31014, 953, 41797
12543.3, 1125, -362, 8770, 2740, 56937, 31014, 953, 41464
12549.0, 1149, -624, 9063, 3277, 57895, 21494, -4007, 41095
12552.7, 1099, -624, 9063, 3277, 57895, 21494, -4007, 40770
12558.5, 1175, -600, 9359, 3009, 60647, 14210, -11230, 40409
12562.2, 1113, -600, 9359, 3009, 60647, 14210, -11230, 40102
12568.0, 1197, -600, 9359, 3009, 60647, 14210, -11230, 39804
12571.7, 1128, -600, 9359, 3009, 60647, 14210, -11230, 39463
12575.9, 1143, -993, 9806, 2916, 59658, 13597, -17145, 39463
12579.6, 1103, -993, 9806, 2916, 59658, 13597, -17145, 39365
12581.9, 35, -993, 9806, 2916, 59658, 13597, -17145, 39365
12587.6, 1180, -1630, 9690, 2024, 58577, 17815, -19801, 39290
12591.3, 1136, -1630, 9690, 2024, 58577, 17815, -19801, 39217
12595.6, 1131, -1914, 9475, 2388, 59929, 21779, -17854, 39217
12599.3, 1102, -1914, 9475, 2388, 59929, 21779, -17854, 39271
12601.6, 33, -1914, 9475, 2388, 59929, 21779, -17854, 39271
12605.8, 1071, -1743, 9399, 1999, 55200, 24570, -15859, 39271
12609.6, 1071, -1743, 9399, 1999, 55200, 24570, -15859, 39496
12611.8, 33, -1743, 9399, 1999, 55200, 24570, -15859, 39496
12617.6, 1179, -1304, 9275, 2105, 49167, 21083, -15247, 39863
12621.3, 1119, -1304, 9275, 2105, 49167, 21083, -15247, 40121
12625.6, 1109, -1134, 10306, 1703, 43365, 12849, -17132, 40121
12629.3, 1065, -1134, 10306, 1703, 43365, 12849, -17132, 40301
12631.5, 31, -1134, 10306, 1703, 43365, 12849, -17132, 40301
12635.8, 1092, -1125, 10399, 2065, 37638, 2786, -19648, 40301
12639.5, 1089, -1125, 10399, 2065, 37638, 2786, -19648, 40523
12643.7, 1087, -1264, 10392, 1528, 33460, -4624, -22492, 40523
12647.5, 1088, -1264, 10392, 1528, 33460, -4624, -22492, 40594
12651.2, 1101, -1264, 10392, 1528, 33460, -4624, -22492, 43427
12655.4, 1081, -1999, 10482, 1814, 28634, -7411, -24001, 43427
12659.1, 1044, -1999, 10482, 1814, 28634, -7411, -24001, 40869
12663.4, 1027, -2111, 9871, 1848, 26276, -7293, -20488, 40869
12667.1, 1097, -2111, 9871, 1848, 26276, -7293, -20488, 41005
12670.8, 1117, -2111, 9871, 1848, 26276, -7293, -20488, 41217
12675.1, 1107, -1596, 9476, 1603, 20444, -7126, -17889, 41217
12678.8, 1060, -1596, 9476, 1603, 20444, -7126, -17889, 41474
12683.1, 1038, -1295, 9349, 1251, 13567, -8124, -19110, 41474
12686.8, 1117, -1295, 9349, 1251, 13567, -8124, -19110, 41746
12690.6, 1071, -1295, 9349, 1251, 13567, -8124, -19110, 41910
12694.8, 1083, -1407, 9397, 1408, 7853, -10115, -22015, 41910
12698.5, 1055, -1407, 9397, 1408, 7853, -10115, -22015, 42048
12702.8, 1064, -1534, 9372, 1883, 3141, -13676, -25055, 42048
12706.5, 1061, -1534, 9372, 1883, 3141, -13676, -25055, 42914
12708.8, 31, -1534, 9372, 1883, 3141, -13676, -25055, 42914
12714.5, 1100, -1648, 9324, 2064, -358, -18655, -25944, 42236
12718.2, 1074, -1648, 9324, 2064, -358, -18655, -25944, 42303
12724.0, 1089, -2152, 9161, 2197, -3320, -22702, -24452, 42360
12727.7, 993, -2152, 9161, 2197, -3320, -22702, -24452, 42449
12733.4, 1132, -2256, 9007, 1870, -7866, -25773, -23389, 42456
12737.1, 1120, -2256, 9007, 1870, -7866, -25773, -23389, 42515
12742.8, 1163, -2218, 8925, 1863, -13094, -28136, -24259, 42628
12746.5, 1066, -2218, 8925, 1863, -13094, -28136, -24259, 42794
12750.8, 1113, -1544, 8960, 1511, -18055, -30555, -28013, 42794
12754.5, 984, -1544, 8960, 1511, -18055, -30555, -28013, 42932
12756.8, 27, -1544, 8960, 1511, -18055, -30555, -28013, 42932
12761.0, 1124, -1724, 9215, 1743, -22317, -33009, -31439, 42932
12764.7, 1096, -1724, 9215, 1743, -22317, -33009, -31439, 43053
12767.0, 31, -1724, 9215, 1743, -22317, -33009, -31439, 43053
12772.7, 1178, -1667, 8959, 1667, -25550, -33618, -33696, 43143
12776.4, 1050, -1667, 8959, 1667, -25550, -33618, -33696, 43268
12780.7, 1072, -1958, 9436, 2038, -27571, -30266, -33447, 43268
12784.4, 1062, -1958, 9436, 2038, -27571, -30266, -33447, 43351
12786.6, 31, -1958, 9436, 2038, -27571, -30266, -33447, 43351
12790.9, 1144, -1936, 9236, 2248, -31964, -29054, -30914, 43351
12794.7, 1077, -1936, 9236, 2248, -31964, -29054, -30914, 43418
12798.9, 1042, -1962, 9179, 2126, -36050, -31802, -27799, 43418
12802.6, 1091, -1962, 9179, 2126, -36050, -31802, -27799, 43520
12806.4, 1073, -1962, 9179, 2126, -36050, -31802, -27799, 43636
12810.6, 1095, -1725, 9126, 2189, -41186, -38246, -25707, 43636
12814.4, 1098, -1725, 9126, 2189, -41186, -38246, -25707, 43696
12818.6, 1056, -1581, 9305, 2200, -47841, -45942, -24496, 43696
12822.3, 1113, -1581, 9305, 2200, -47841, -45942, -24496, 43791
12826.1, 1080, -1581, 9305, 2200, -47841, -45942, -24496, 43849
12830.3, 1088, -1594, 9716, 2542, -54233, -51201, -24001, 43849
12834.0, 1105, -1594, 9716, 2542, -54233, -51201, -24001, 43879
12838.2, 1064, -1745, 9836, 2897, -60025, -56224, -22413, 43879
12841.9, 1115, -1745, 9836, 2897, -60025, -56224, -22413, 43892
12845.7, 1071, -1745, 9836, 2897, -60025, -56224, -22413, 43863
12849.9, 1058, -2081, 9339, 3177, -64247, -59702, -21660, 43863
12853.7, 1024, -2081, 9339, 3177, -64247, -59702, -21660, 43870
12857.9, 1144, -2157, 8547, 2709, -67835, -60883, -20217, 43870
12861.6, 1108, -2157, 8547, 2709, -67835, -60883, -20217, 43784
12863.9, 33, -2157, 8547, 2709, -67835, -60883, -20217, 43784
12869.6, 1105, -1866, 8078, 2267, -76515, -61202, -19569, 43697
12873.3, 1043, -1866, 8078, 2267, -76515, -61202, -19569, 43694
12879.0, 1091, -1698, 8386, 2547, -85536, -64291, -19259, 43625
12882.8, 1101, -1698, 8386, 2547, -85536, -64291, -19259, 43530
12888.5, 1149, -1788, 9260, 2903, -91832, -67857, -19123, 43438
12890.8, 31, -1788, 9260, 2903, -91832, -67857, -19123, 43438
12893.0, 13, -1788, 9260, 2903, -91832, -67857, -19123, 43438
12898.7, 1091, -1854, 10345, 3176, -95065, -67227, -20300, 43296
12900.9, 28, -1854, 10345, 3176, -95065, -67227, -20300, 43296
12903.2, 13, -1854, 10345, 3176, -95065, -67227, -20300, 43296
12908.9, 1128, -2352, 9945, 3766, -103627, -62633, -26329, 43180
12911.2, 30, -2352, 9945, 3766, -103627, -62633, -26329, 43180
12915.5, 1058, -2922, 9332, 3853, -102586, -55567, -34392, 43180
12919.2, 1009, -2922, 9332, 3853, -102586, -55567, -34392, 43019
12921.5, 29, -2922, 9332, 3853, -102586, -55567, -34392, 43019
12925.7, 998, -2307, 10994, 1249, -105675, -45911, -39874, 43019
12929.4, 960, -2307, 10994, 1249, -105675, -45911, -39874, 42872
12931.7, 27, -2307, 10994, 1249, -105675, -45911, -39874, 42872
12935.9, 1118, -1314, 6867, 3866, -121513, -31723, -37253, 42872
12939.6, 1046, -1314, 6867, 3866, -121513, -31723, -37253, 42723
12941.9, 30, -1314, 6867, 3866, -121513, -31723, -37253, 42723
12947.6, 1222, -1599, 7110, 2918, -126811, -28621, -31391, 42698
12951.3, 1026, -1599, 7110, 2918, -126811, -28621, -31391, 42622
12955.6, 906, -2117, 6774, 3008, -126058, -33451, -31084, 42622
12959.4, 539, -2117, 6774, 3008, -126058, -33451, -31084, 42546
12963.6, 622, -2907, 7263, 4101, -117317, -38233, -35648, 42546
12967.4, 540, -2907, 7263, 4101, -117317, -38233, -35648, 42499
12971.1, 422, -2907, 7263, 4101, -117317, -38233, -35648, 42464
12975.4, 429, -3592, 8172, 5580, -107399, -41795, -42678, 42464
12979.1, 532, -3592, 8172, 5580, -107399, -41795, -42678, 42417
12983.3, 325, -3828, 9067, 5609, -104896, -39935, -46406, 42417
12987.0, 603, -3828, 9067, 5609, -104896, -39935, -46406, 42370
12990.7, 472, -3828, 9067, 5609, -104896, -39935, -46406, 42351
12995.0, 358, -3259, 8668, 5341, -113397, -41274, -41431, 42351
12998.7, 593, -3259, 8668, 5341, -113397, -41274, -41431, 42323
13002.9, 388, -2124, 7788, 4779, -115011, -53432, -27974, 42323
13006.7, 476, -2124, 7788, 4779, -115011, -53432, -27974, 42301
13009.0, 30, -2124, 7788, 4779, -115011, -53432, -27974, 42301
13014.7, 446, -1350, 6981, 4468, -110356, -72586, -12805, 42266
13018.5, 602, -1350, 6981, 4468, -110356, -72586, -12805, 42262
13022.7, 1022, -905, 6598, 4935, -103356, -86967, -3823, 42262
13026.4, 635, -905, 6598, 4935, -103356, -86967, -3823, 42275
13028.7, 39, -905, 6598, 4935, -103356, -86967, -3823, 42275
13034.5, 851, -573, 6536, 5681, -99055, -89413, -5175, 42331
13038.2, 610, -573, 6536, 5681, -99055, -89413, -5175, 42374
13043.9, 797, -487, 6488, 6582, -100364, -80221, -13855, 42425
13047.6, 1077, -487, 6488, 6582, -100364, -80221, -13855, 42499
13053.3, 1246, -875, 6620, 6479, -106804, -60922, -21499, 42558
13057.0, 967, -875, 6620, 6479, -106804, -60922, -21499, 42593
13062.8, 1176, -1414, 6602, 5387, -121574, -41773, -20532, 42631
13066.5, 1220, -1414, 6602, 5387, -121574, -41773, -20532, 42661
13070.8, 611, -1414, 6366, 5023, -135535, -34195, -11020, 42661
13074.5, 809, -1414, 6366, 5023, -135535, -34195, -11020, 42705
13076.8, 27, -1414, 6366, 5023, -135535, -34195, -11020, 42705
13082.5, 1276, -1699, 6041, 5928, -135075, -36960, 726, 42716
13086.3, 1246, -1699, 6041, 5928, -135075, -36960, 726, 42404
13090.5, 1264, -1699, 6265, 6952, -126474, -44966, 6711, 42404
13094.2, 1294, -1699, 6265, 6952, -126474, -44966, 6711, 42420
13096.5, 87, -1699, 6265, 6952, -126474, -44966, 6711, 42420
13100.7, 1111, -1351, 6351, 6992, -126470, -54710, 3228, 42420
13104.5, 1095, -1351, 6351, 6992, -126470, -54710, 3228, 42431
13106.7, 284, -1351, 6351, 6992, -126470, -54710, 3228, 42431
13112.5, 1877, -1492, 6315, 7533, -129510, -59448, -3696, 42451
13116.2, 1550, -1492, 6315, 7533, -129510, -59448, -3696, 42448
13120.4, 1147, -1930, 6628, 7511, -136117, -59842, -6510, 42448
13124.1, 1266, -1930, 6628, 7511, -136117, -59842, -6510, 42471
13126.4, 650, -1930, 6628, 7511, -136117, -59842, -6510, 42471
13130.6, 1751, -2228, 6383, 7417, -142032, -63644, -1115, 42471
13134.3, 885, -2228, 6383, 7417, -142032, -63644, -1115, 42454
13138.5, 1340, -2228, 6383, 7417, -142032, -63644, -1115, 42454
13142.3, 1730, -2228, 6383, 7417, -142032, -63644, -1115, 42483
13146.0, 1592, -2228, 6383, 7417, -142032, -63644, -1115, 42491
13150.3, 1621, -2048, 5510, 7465, -143344, -85125, 20838, 42491
13154.0, 1200, -2048, 5510, 7465, -143344, -85125, 20838, 42504
13158.2, 1517, -2048, 5510, 7465, -143344, -85125, 20838, 42504
13161.9, 1398, -2048, 5510, 7465, -143344, -85125, 20838, 42511
13165.6, 1351, -2048, 5510, 7465, -143344, -85125, 20838, 42506
13169.9, 1625, -771, 3901, 7904, -143344, -96487, 18449, 42506
13173.6, 1440, -771, 3901, 7904, -143344, -96487, 18449, 42560
13177.8, 1653, -771, 3901, 7904, -143344, -96487, 18449, 42560
13181.6, 1877, -771, 3901, 7904, -143344, -96487, 18449, 42513
13183.8, 768, -771, 3901, 7904, -143344, -96487, 18449, 42513
13189.6, 1116, -375, 3363, 7185, -142841, -76218, 157, 42516
13193.3, 1743, -375, 3363, 7185, -142841, -76218, 157, 42512
13199.0, 1367, -674, 3084, 6985, -143314, -56674, 1242, 42548
13202.7, 1592, -674, 3084, 6985, -143314, -56674, 1242, 42499
13208.4, 1578, -674, 3084, 6985, -142916, -41528, 8518, 42515
13212.1, 1676, -674, 3084, 6985, -142916, -41528, 8518, 42509
13217.9, 1858, -732, 2958, 7251, -142916, -41528, 8518, 42528
13221.6, 1504, -732, 2958, 7251, -142916, -41528, 8518, 42563
13225.9, 1450, -291, 2638, 7708, -141621, -33088, 14236, 42563
13229.7, 1012, -291, 2638, 7708, -141621, -33088, 14236, 42574
13232.0, 458, -291, 2638, 7708, -141621, -33088, 14236, 42574
13237.7, 1529, 381, 2503, 8070, -140002, -29781, 14617, 42591
13241.4, 2009, 381, 2503, 8070, -140002, -29781, 14617, 42566
13245.6, 1143, 940, 2103, 8920, -135364, -27042, 8649, 42566
13249.4, 1268, 940, 2103, 8920, -135364, -27042, 8649, 42639
13251.6, 555, 940, 2103, 8920, -135364, -27042, 8649, 42639
13255.9, 1470, 1047, 2374, 9746, -132923, -22290, 1544, 42639
13259.7, 1169, 1047, 2374, 9746, -132923, -22290, 1544, 42665
13262.0, 151, 1047, 2374, 9746, -132923, -22290, 1544, 42665
13267.7, 1610, 523, 1442, 7693, -139455, -15680, -752, 42671
13271.4, 1473, 523, 1442, 7693, -139455, -15680, -752, 42707
13275.7, 1591, -603, 619, 6731, -141371, 87, 647, 42707
13279.5, 1298, -603, 619, 6731, -141371, 87, 647, 42720
13283.7, 1000, -1685, -19, 7794, -142522, 14280, 2025, 42720
13287.8, 1274, -1685, -19, 7794, -142522, 14280, 2025, 42724
13291.6, 1903, -1685, -19, 7794, -142522, 14280, 2025, 42708
13295.9, 1666, -1991, -434, 8705, -141997, 17277, -2471, 42708
13299.6, 1256, -1991, -434, 8705, -141997, 17277, -2471, 42780
13303.8, 1551, -1636, -244, 10058, -140724, 8500, -15382, 42780
13307.5, 1622, -1636, -244, 10058, -140724, 8500, -15382, 42802
13311.3, 1330, -1636, -244, 10058, -140724, 8500, -15382, 42815
13315.5, 944, -755, 248, 8682, -141104, -8111, -29942, 42815
13319.3, 1285, -755, 248, 8682, -141104, -8111, -29942, 42819
13323.5, 1755, 91, 454, 8708, -136576, -20147, -37463, 42819
13327.2, 1211, 91, 454, 8708, -136576, -20147, -37463, 42816
13331.0, 884, 91, 454, 8708, -136576, -20147, -37463, 42471
13335.2, 1266, 503, 1197, 8975, -128705, -26040, -32301, 42471
13338.9, 1604, 503, 1197, 8975, -128705, -26040, -32301, 42836
13343.1, 1715, 742, 1180, 9621, -125525, -30887, -18795, 42836
13346.9, 1576, 742, 1180, 9621, -125525, -30887, -18795, 42843
13350.6, 1498, 742, 1180, 9621, -125525, -30887, -18795, 42854
13354.8, 1190, 1170, 1357, 10661, -117558, -36361, -3548, 42854
13358.6, 1292, 1170, 1357, 10661, -117558, -36361, -3548, 42826
13362.8, 1430, 1146, 1356, 8857, -123407, -37087, 7988, 42826
13366.5, 1409, 1146, 1356, 8857, -123407, -37087, 7988, 42897
13368.8, 227, 1146, 1356, 8857, -123407, -37087, 7988, 42897
13374.5, 1670, 914, 946, 8713, -134944, -29584, 10802, 42904
13376.8, 599, 914, 946, 8713, -134944, -29584, 10802, 42904
13382.5, 1397, 699, 1191, 10157, -139652, -21717, 7708, 42918
13386.3, 1029, 699, 1191, 10157, -139652, -21717, 7708, 42938
13390.5, 1708, 570, 1195, 9238, -142583, -17775, 1946, 42938
13394.3, 1451, 570, 1195, 9238, -142583, -17775, 1946, 42938
13396.5, 127, 570, 1195, 9238, -142583, -17775, 1946, 42938
13400.8, 1368, 754, 656, 9559, -143344, -14638, -5341, 42938
13404.6, 1220, 754, 656, 9559, -143344, -14638, -5341, 42944
13406.9, 132, 754, 656, 9559, -143344, -14638, -5341, 42944
13412.6, 1705, 561, 485, 10559, -139066, -9371, -9721, 42980
13416.3, 1598, 561, 485, 10559, -139066, -9371, -9721, 43010
13420.6, 1581, 87, -50, 10311, -141734, -4361, -8120, 43010
13424.3, 1526, 87, -50, 10311, -141734, -4361, -8120, 43050
13426.5, 64, 87, -50, 10311, -141734, -4361, -8120, 43050
13430.8, 1233, -197, -491, 9017, -143296, -4270, -1588, 43050
13434.6, 1564, -197, -491, 9017, -143296, -4270, -1588, 43097
13438.8, 1794, -358, -1124, 8916, -143344, -9559, 6068, 43097
13442.5, 1517, -358, -1124, 8916, -143344, -9559, 6068, 43104
13446.3, 1366, -358, -1124, 8916, -143344, -9559, 6068, 43210
13450.5, 1267, -371, -1783, 9421, -143344, -19324, 10325, 43210
13454.3, 1410, -371, -1783, 9421, -143344, -19324, 10325, 43251
13458.5, 1507, -134, -2374, 8158, -143344, -30179, 8627, 43251
13462.2, 1709, -134, -2374, 8158, -143344, -30179, 8627, 43305
13466.0, 1420, -134, -2374, 8158, -143344, -30179, 8627, 43348
13470.3, 1223, 355, -3499, 9955, -143344, -36343, 2931, 43348
13474.0, 1350, 355, -3499, 9955, -143344, -36343, 2931, 43411
13478.3, 1544, 939, -3625, 9044, -142797, -37494, -2804, 43411
13482.0, 1710, 939, -3625, 9044, -142797, -37494, -2804, 43458
13485.7, 1519, 939, -3625, 9044, -142797, -37494, -2804, 43519
13490.0, 1206, 1203, -4407, 9619, -143056, -32200, -7625, 43519
13493.7, 1240, 1203, -4407, 9619, -143056, -32200, -7625, 43602
13497.9, 1290, 857, -4066, 8537, -143322, -23288, -8369, 43602
13501.7, 1207, 857, -4066, 8537, -143322, -23288, -8369, 43634
13504.0, 52, 857, -4066, 8537, -143322, -23288, -8369, 43634
13509.7, 1417, 136, -4015, 7968, -143344, -7945, -1154, 43695
13513.5, 1400, 136, -4015, 7968, -143344, -7945, -1154, 43748
13517.7, 1430, -144, -3641, 8480, -143344, 3255, 8793, 43748
13521.4, 1508, -144, -3641, 8480, -143344, 3255, 8793, 43801
13523.7, 234, -144, -3641, 8480, -143344, 3255, 8793, 43801
13529.5, 1550, -330, -3690, 9900, -143344, 1986, 15286, 43883
13533.2, 1299, -330, -3690, 9900, -143344, 1986, 15286, 43969
13538.9, 1733, -221, -4240, 9294, -143344, -7494, 16922, 43991
13541.1, 255, -221, -4240, 9294, -143344, -7494, 16922, 43991
13543.5, 83, -221, -4240, 9294, -143344, -7494, 16922, 43991
13549.2, 1503, 384, -5452, 7932, -143344, -18773, 12626, 44028
13551.5, 56, 384, -5452, 7932, -143344, -18773, 12626, 44028
13555.7, 1251, 956, -6432, 7832, -143344, -26696, 4073, 44028
13559.4, 1283, 956, -6432, 7832, -143344, -26696, 4073, 44090
13561.7, 49, 956, -6432, 7832, -143344, -26696, 4073, 44090
13565.9, 1154, 1191, -6724, 6859, -143344, -28004, -2821, 44090
13569.6, 1279, 1191, -6724, 6859, -143344, -28004, -2821, 44138
13571.9, 50, 1191, -6724, 6859, -143344, -28004, -2821, 44138
13577.6, 1638, 1264, -6622, 7245, -143344, -23870, -2769, 44177
13581.3, 1504, 1264, -6622, 7245, -143344, -23870, -2769, 44225
13585.5, 1253, 1180, -6143, 7420, -143344, -14310, 4755, 44225
13589.3, 1287, 1180, -6143, 7420, -143344, -14310, 4755, 44247
13591.5, 54, 1180, -6143, 7420, -143344, -14310, 4755, 44247
13595.8, 1258, 736, -6451, 6859, -143344, -5853, 12810, 44247
13599.6, 1452, 736, -6451, 6859, -143344, -5853, 12810, 44281
13603.8, 1465, 133, -7193, 7384, -143344, 406, 17959, 44281
13607.5, 1316, 133, -7193, 7384, -143344, 406, 17959, 44262
13611.3, 1247, 133, -7193, 7384, -143344, 406, 17959, 44340
13615.5, 1262, -551, -8084, 7398, -143344, 5241, 19070, 44340
13619.3, 1194, -551, -8084, 7398, -143344, 5241, 19070, 44343
13623.5, 1411, -1018, -9077, 8229, -143344, 6352, 15124, 44343
13627.2, 1420, -1018, -9077, 8229, -143344, 6352, 15124, 44367
13631.0, 1505, -1018, -9077, 8229, -143344, 6352, 15124, 44351
13635.3, 1266, -985, -8949, 7952, -141708, 3045, 9148, 44351
13639.0, 1482, -985, -8949, 7952, -141708, 3045, 9148, 44411
13643.3, 1268, -463, -8447, 6958, -142793, -4016, 3753, 44411
13647.0, 1391, -463, -8447, 6958, -142793, -4016, 3753, 44431
13650.7, 1126, -463, -8447, 6958, -142793, -4016, 3753, 44438
13655.0, 1238, 231, -7476, 7330, -142596, -8430, 494, 44438
13658.7, 1244, 231, -7476, 7330, -142596, -8430, 494, 44475
13662.9, 1728, 664, -6574, 8298, -140942, -7157, 839, 44475
13666.7, 1623, 664, -6574, 8298, -140942, -7157, 839, 44435
13669.0, 387, 664, -6574, 8298, -140942, -7157, 839, 44435
13674.7, 1300, 818, -6466, 9326, -137814, -3933, 3246, 44448
13678.5, 1303, 818, -6466, 9326, -137814, -3933, 3246, 44756
13682.7, 1605, 784, -6744, 8974, -138313, -3342, 6151, 44756
13686.4, 1182, 784, -6744, 8974, -138313, -3342, 6151, 44753
13688.7, 43, 784, -6744, 8974, -138313, -3342, 6151, 44753
13694.5, 1446, 658, -7398, 8386, -141323, -6510, 8330, 44777
13698.2, 1407, 658, -7398, 8386, -141323, -6510, 8330, 44779
13703.9, 1464, 619, -7564, 8036, -142837, -9038, 11147, 44732
13706.2, 66, 619, -7564, 8036, -142837, -9038, 11147, 44732
13708.5, 13, 619, -7564, 8036, -142837, -9038, 11147, 44732
13714.2, 1574, 674, -7513, 7530, -143283, -9830, 12867, 44724
13716.5, 93, 674, -7513, 7530, -143283, -9830, 12867, 44724
13720.7, 1224, 674, -7513, 7530, -143344, -10001, 11755, 44724
13724.4, 1333, 674, -7513, 7530, -143344, -10001, 11755, 44713
13726.7, 58, 674, -7513, 7530, -143344, -10001, 11755, 44713
13730.9, 1375, 876, -7202, 7144, -143344, -9585, 9152, 44713
13734.6, 1298, 876, -7202, 7144, -143344, -9585, 9152, 44706
13736.9, 54, 876, -7202, 7144, -143344, -9585, 9152, 44706
13742.6, 1362, 1417, -7056, 7664, -143344, -7223, 7332, 44696
13746.3, 1220, 1417, -7056, 7664, -143344, -7223, 7332, 44691
13750.6, 1319, 1417, -7056, 7664, -143344, -4580, 7660, 44691
13754.3, 1265, 1417, -7056, 7664, -143344, -4580, 7660, 44675
13756.6, 52, 1417, -7056, 7664, -143344, -4580, 7660, 44675
13760.9, 1185, 1430, -8185, 6945, -143344, -2340, 9576, 44675
13764.6, 1477, 1430, -8185, 6945, -143344, -2340, 9576, 44676
13768.8, 1752, 1430, -8185, 6945, -143344, -2340, 9576, 44676
13772.6, 1431, 1430, -8185, 6945, -143344, -2340, 9576, 44670
13776.3, 1304, 1430, -8185, 6945, -143344, -2340, 9576, 44673
13780.5, 1327, 806, -9752, 3999, -143344, 8666, 14008, 44673
13784.3, 1231, 806, -9752, 3999, -143344, 8666, 14008, 44638
13788.5, 1220, 99, -9752, 3999, -143344, 8666, 14008, 44638
13792.2, 1432, 99, -9752, 3999, -143344, 8666, 14008, 44621
13796.0, 1238, 99, -9752, 3999, -143344, 8666, 14008, 44609
13800.3, 1406, -918, -10526, 3487, -143344, 11318, 6943, 44609
13804.0, 1330, -918, -10526, 3487, -143344, 11318, 6943, 44599
13808.3, 1215, -918, -10526, 3487, -143344, 11318, 6943, 44599
13812.0, 1232, -918, -10526, 3487, -143344, 11318, 6943, 44594
13815.7, 1282, -918, -10526, 3487, -143344, 11318, 6943, 44644
13820.0, 1392, -436, -11243, 3008, -143344, -3841, -4606, 44644
13823.7, 1276, -436, -11243, 3008, -143344, -3841, -4606, 44594
13827.9, 1366, -436, -11243, 3008, -143344, -3841, -4606, 44594
13831.7, 1124, -436, -11243, 3008, -143344, -3841, -4606, 44594
13834.0, 35, -436, -11243, 3008, -143344, -3841, -4606, 44594
13839.7, 1457, 232, -11910, 1981, -143344, -19276, -4156, 44590
13843.5, 1510, 232, -11910, 1981, -143344, -19276, -4156, 44555
13847.7, 1322, 629, -11910, 1981, -143344, -19276, -4156, 44555
13851.4, 1118, 629, -11910, 1981, -143344, -19276, -4156, 44585
13853.7, 35, 629, -11910, 1981, -143344, -19276, -4156, 44585
13859.4, 1428, 464, -12160, 1849, -140536, -17242, 1093, 44581
13861.7, 60, 464, -12160, 1849, -140536, -17242, 1093, 44581
13865.9, 1518, 10, -12306, 1974, -133234, -11243, 4799, 44581
13869.6, 1432, 10, -12306, 1974, -133234, -11243, 4799, 44566
13871.9, 67, 10, -12306, 1974, -133234, -11243, 4799, 44566
13877.6, 1342, -221, -12109, 2522, -125253, -4755, 4186, 44591
13881.3, 1087, -221, -12109, 2522, -125253, -4755, 4186, 44575
13885.6, 1537, -69, -11764, 3457, -118210, 1872, -249, 44575
13889.3, 1355, -69, -11764, 3457, -118210, 1872, -249, 44574
13891.6, 61, -69, -11764, 3457, -118210, 1872, -249, 44574
13895.8, 1310, 361, -11406, 4290, -116420, 2415, -5595, 44574
13899.6, 1224, 361, -11406, 4290, -116420, 2415, -5595, 44575
13901.9, 49, 361, -11406, 4290, -116420, 2415, -5595, 44575
13907.6, 1487, 610, -11164, 4077, -114911, -905, -7297, 44577
13911.3, 1188, 610, -11164, 4077, -114911, -905, -7297, 44617
13915.6, 1350, 775, -10959, 3602, -110908, -1295, -3193, 44617
13919.3, 1297, 775, -10959, 3602, -110908, -1295, -3193, 44544
13921.5, 57, 775, -10959, 3602, -110908, -1295, -3193, 44544
13925.8, 1333, 838, -10533, 3344, -105412, -673, 3771, 44544
13929.5, 1364, 838, -10533, 3344, -105412, -673, 3771, 44587
13933.7, 1313, 774, -10087, 2538, -102455, -5263, 9187, 44587
13937.5, 1306, 774, -10087, 2538, -102455, -5263, 9187, 44597
13941.3, 1181, 774, -10087, 2538, -102455, -5263, 9187, 44590
13945.5, 1293, 732, -9801, 2099, -98509, -10329, 11327, 44590
13949.3, 1346, 732, -9801, 2099, -98509, -10329, 11327, 44617
13953.5, 1382, 749, -9960, 1886, -91504, -10863, 11082, 44617
13957.2, 1172, 749, -9960, 1886, -91504, -10863, 11082, 44630
13961.0, 1267, 749, -9960, 1886, -91504, -10863, 11082, 44643
13965.3, 1331, 964, -10488, 1053, -84071, -12591, 9209, 44643
13969.0, 1286, 964, -10488, 1053, -84071, -12591, 9209, 44647
13973.3, 1308, 946, -11433, 1116, -69716, -8697, 5696, 44647
13977.0, 1255, 946, -11433, 1116, -69716, -8697, 5696, 44671
13980.7, 1306, 946, -11433, 1116, -69716, -8697, 5696, 44695
13985.0, 1334, 226, -11952, 756, -53660, -393, 1745, 44695
13988.7, 1329, 226, -11952, 756, -53660, -393, 1745, 44713
13992.9, 1249, -345, -11845, 726, -38504, 1448, -3145, 44713
13996.7, 1186, -345, -11845, 726, -38504, 1448, -3145, 44731
13999.0, 35, -345, -11845, 726, -38504, 1448, -3145, 44731
14004.7, 1363, -374, -10907, 832, -22225, -1723, -6545, 44742
14008.5, 1250, -374, -10907, 832, -22225, -1723, -6545, 44727
14012.7, 1276, -281, -10022, 902, -7791, -6234, -6693, 44727
14016.5, 1223, -281, -10022, 902, -7791, -6234, -6693, 44765
14018.7, 38, -281, -10022, 902, -7791, -6234, -6693, 44765
14024.5, 1395, -32, -9061, 821, 2668, -11589, -4803, 44792
14026.7, 50, -32, -9061, 821, 2668, -11589, -4803, 44792
14031.0, 1221, 210, -9077, 1383, 8995, -14350, -1679, 44792
14034.7, 1284, 210, -9077, 1383, 8995, -14350, -1679, 44806
14037.0, 49, 210, -9077, 1383, 8995, -14350, -1679, 44806
14042.7, 1378, 495, -9656, 1372, 14634, -13912, -1041, 44820
14046.4, 1230, 495, -9656, 1372, 14634, -13912, -1041, 44864
14050.7, 1220, 529, -10301, 1444, 19762, -12223, -3591, 44864
14054.4, 1217, 529, -10301, 1444, 19762, -12223, -3591, 44926
14056.7, 44, 529, -10301, 1444, 19762, -12223, -3591, 44926
14060.9, 1387, 562, -10601, 1616, 25970, -11112, -6575, 44926
14064.6, 1636, 562, -10601, 1616, 25970, -11112, -6575, 44931
14066.9, 141, 562, -10601, 1616, 25970, -11112, -6575, 44931
14072.6, 1316, 553, -10551, 1317, 32791, -10653, -8194, 44943
14076.3, 1177, 553, -10551, 1317, 32791, -10653, -8194, 44962
14080.6, 1216, 483, -10484, 649, 39983, -8907, -8225, 44962
14084.3, 1254, 483, -10484, 649, 39983, -8907, -8225, 45003
14086.6, 114, 483, -10484, 649, 39983, -8907, -8225, 45003
14090.8, 1288, 143, -10398, 305, 45220, -3998, -8592, 45003
14094.6, 1124, 143, -10398, 305, 45220, -3998, -8592, 45013
14098.8, 1264, -181, -10130, 207, 48357, 2970, -9747, 45013
14102.5, 1226, -181, -10130, 207, 48357, 2970, -9747, 44999
14106.3, 1277, -181, -10130, 207, 48357, 2970, -9747, 45003
14110.6, 1268, -413, -9799, 369, 49140, 9218, -10163, 45003
14114.3, 1238, -413, -9799, 369, 49140, 9218, -10163, 44999
14118.5, 1336, -525, -10035, 759, 54530, 11480, -8190, 44999
14122.2, 1677, -525, -10035, 759, 54530, 11480, -8190, 44990
14125.9, 1545, -525, -10035, 759, 54530, 11480, -8190, 44575
14130.2, 1252, -599, -10689, 605, 62712, 8316, -6142, 44575
14133.9, 1036, -599, -10689, 605, 62712, 8316, -6142, 44968
14138.1, 1087, -372, -11279, 790, 68898, 3508, -6523, 44968
14141.9, 1170, -372, -11279, 790, 68898, 3508, -6523, 44946
14145.6, 1217, -372, -11279, 790, 68898, 3508, -6523, 44942
14149.8, 1528, -40, -11356, 1310, 72289, 643, -7691, 44942
14153.6, 1207, -40, -11356, 1310, 72289, 643, -7691, 44927
14157.8, 1190, 436, -11547, 1992, 77425, -1736, -7656, 44927
14161.5, 1255, 436, -11547, 1992, 77425, -1736, -7656, 44861
14163.8, 43, 436, -11547, 1992, 77425, -1736, -7656, 44861
14169.5, 1507, 413, -11410, 2462, 84031, -3237, -7319, 44840
14173.2, 1105, 413, -11410, 2462, 84031, -3237, -7319, 44804
14179.0, 1525, 259, -11093, 2943, 88048, -7175, -6015, 44769
14182.7, 1248, 259, -11093, 2943, 88048, -7175, -6015, 44735
14188.4, 1472, 677, -11038, 3659, 92348, -15247, -2379, 44696
14192.1, 1252, 677, -11038, 3659, 92348, -15247, -2379, 44678
14197.8, 1180, 1366, -10925, 3140, 93591, -19372, 2550, 44615
14201.5, 1029, 1366, -10925, 3140, 93591, -19372, 2550, 44579
14205.8, 1266, 1451, -10999, 2288, 88770, -14988, 4641, 44579
14209.5, 1687, 1451, -10999, 2288, 88770, -14988, 4641, 44535
14211.8, 275, 1451, -10999, 2288, 88770, -14988, 4641, 44535
14216.0, 1146, 1257, -11054, 2467, 88013, -6111, 2060, 44535
14219.7, 1075, 1257, -11054, 2467, 88013, -6111, 2060, 44510
14222.0, 184, 1257, -11054, 2467, 88013, -6111, 2060, 44510
14227.7, 1708, 732, -10114, 2096, 85436, 2555, -1015, 44141
14231.4, 1498, 732, -10114, 2096, 85436, 2555, -1015, 44153
14235.7, 1205, 38, -9433, 2487, 82890, 6632, 297, 44153
14239.4, 740, 38, -9433, 2487, 82890, 6632, 297, 44173
14241.6, 30, 38, -9433, 2487, 82890, 6632, 297, 44173
14245.9, 1489, -547, -9052, 3766, 81616, 3320, 5945, 44173
14249.7, 1569, -547, -9052, 3766, 81616, 3320, 5945, 44410
14253.9, 1186, -611, -9484, 4661, 82308, -6759, 11440, 44410
14257.6, 1131, -611, -9484, 4661, 82308, -6759, 11440, 44172
14261.4, 1134, -611, -9484, 4661, 82308, -6759, 11440, 44138
14265.6, 2150, -537, -9707, 4402, 82811, -16769, 12648, 44138
14269.4, 1382, -537, -9707, 4402, 82811, -16769, 12648, 44182
14273.6, 1122, -420, -9836, 3892, 84237, -23708, 9380, 44182
14277.3, 1036, -420, -9836, 3892, 84237, -23708, 9380, 44162
14281.0, 1934, -420, -9836, 3892, 84237, -23708, 9380, 44166
14285.3, 1380, -490, -9527, 3485, 84959, -26889, 4974, 44166
14289.0, 1221, -490, -9527, 3485, 84959, -26889, 4974, 44133
14293.2, 1122, -435, -9079, 3620, 84469, -31067, 2445, 44133
14296.9, 1358, -435, -9079, 3620, 84469, -31067, 2445, 44169
14300.7, 1191, -435, -9079, 3620, 84469, -31067, 2445, 44164
14304.9, 1348, -79, -8550, 4075, 84758, -41606, 2747, 44164
14308.7, 1361, -79, -8550, 4075, 84758, -41606, 2747, 44175
14312.9, 1492, 624, -8370, 4021, 81581, -55130, 5184, 44175
14316.6, 1274, 624, -8370, 4021, 81581, -55130, 5184, 44203
14318.9, 154, 624, -8370, 4021, 81581, -55130, 5184, 44203
14324.6, 1361, 1272, -8614, 3688, 80956, -62974, 8421, 44201
14328.3, 1255, 1272, -8614, 3688, 80956, -62974, 8421, 44210
14334.0, 1287, 1343, -9370, 3711, 86490, -57064, 11497, 44230
14337.7, 1124, 1343, -9370, 3711, 86490, -57064, 11497, 44268
14343.5, 1147, 1343, -9370, 3711, 87046, -42241, 10460, 44268
14345.7, 230, 1343, -9370, 3711, 87046, -42241, 10460, 44268
14348.0, 581, 1343, -9370, 3711, 87046, -42241, 10460, 44268
14353.7, 1170, 961, -9286, 3733, 84482, -30371, 4681, 44280
14355.9, 38, 961, -9286, 3733, 84482, -30371, 4681, 44280
14358.2, 320, 961, -9286, 3733, 84482, -30371, 4681, 44280
14364.0, 1490, 29, -8880, 4994, 85432, -25449, -682, 44293
14366.2, 51, 29, -8880, 4994, 85432, -25449, -682, 44293
14370.5, 1330, 29, -8880, 4994, 85432, -25449, -682, 44293
14374.2, 1489, 29, -8880, 4994, 85432, -25449, -682, 44303
14376.5, 61, 29, -8880, 4994, 85432, -25449, -682, 44303
14380.7, 1274, -83, -8625, 5915, 86814, -28092, -6125, 44303
14384.4, 1437, -83, -8625, 5915, 86814, -28092, -6125, 44318
14386.7, 53, -83, -8625, 5915, 86814, -28092, -6125, 44318
14390.9, 1217, 240, -8528, 6047, 90625, -41475, -6903, 44318
14394.6, 1187, 240, -8528, 6047, 90625, -41475, -6903, 44341
14396.9, 463, 240, -8528, 6047, 90625, -41475, -6903, 44341
14402.6, 1469, 661, -8547, 5815, 93263, -42853, -5250, 44387
14406.3, 1378, 661, -8547, 5815, 93263, -42853, -5250, 44400
14410.6, 1246, 1152, -8790, 5545, 94904, -40237, -2681, 44400
14414.3, 1157, 1152, -8790, 5545, 94904, -40237, -2681, 44446
14416.5, 40, 1152, -8790, 5545, 94904, -40237, -2681, 44446
14420.8, 2187, 1381, -8825, 5366, 96002, -36212, -415, 44446
14424.5, 1751, 1381, -8825, 5366, 96002, -36212, -415, 44437
14428.7, 1197, 1708, -8862, 5272, 96002, -36212, -415, 44437
14432.5, 1198, 1708, -8862, 5272, 96002, -36212, -415, 44422
14436.2, 1167, 1708, -8862, 5272, 96002, -36212, -415, 44448
14440.4, 1961, 2031, -9113, 5604, 102748, -19114, -1329, 44448
14444.1, 1300, 2031, -9113, 5604, 102748, -19114, -1329, 44455
14448.3, 1223, 2166, -9310, 5915, 102748, -19114, -1329, 44455
14452.1, 1346, 2166, -9310, 5915, 102748, -19114, -1329, 44457
14455.8, 1294, 2166, -9310, 5915, 102748, -19114, -1329, 44494
14460.1, 1226, 1938, -9230, 5408, 100079, 17491, -8448, 44494
14463.8, 1131, 1938, -9230, 5408, 100079, 17491, -8448, 44446
14468.0, 1454, 1375, -8832, 5657, 100079, 17491, -8448, 44446
14471.7, 1507, 1375, -8832, 5657, 100079, 17491, -8448, 44449
14475.4, 1218, 1375, -8832, 5657, 100079, 17491, -8448, 44427
14479.7, 1104, 704, -8439, 6300, 97087, 41427, -11200, 44427
14483.4, 1259, 704, -8439, 6300, 97087, 41427, -11200, 44407
14489.1, 1745, 385, -8018, 6532, 97087, 41427, -11414, 44396
14492.9, 1394, 385, -8018, 6532, 97087, 41427, -11414, 44370
14498.6, 1135, 308, -7846, 6937, 96251, 38636, -11414, 44381
14502.3, 1284, 308, -7846, 6937, 96251, 38636, -11414, 44389
14508.0, 1796, 327, -7743, 7075, 94956, 31933, -11152, 44350
14511.7, 1162, 327, -7743, 7075, 94956, 31933, -11152, 44328
14516.0, 1164, 412, -7797, 7240, 97008, 25764, -9900, 44328
14519.7, 1098, 412, -7797, 7240, 97008, 25764, -9900, 44311
14522.0, 36, 412, -7797, 7240, 97008, 25764, -9900, 44311
14527.7, 1367, 300, -7807, 7170, 96185, 25003, -8137, 44318
14531.4, 2057, 300, -7807, 7170, 96185, 25003, -8137, 44292
14535.7, 1536, 186, -8068, 7791, 94610, 28446, -7070, 44292
14539.4, 1242, 186, -8068, 7791, 94610, 28446, -7070, 44280
14541.7, 39, 186, -8068, 7791, 94610, 28446, -7070, 44280
14546.0, 1470, 53, -8053, 8246, 93219, 33438, -7612, 44280
14549.7, 1246, 53, -8053, 8246, 93219, 33438, -7612, 44269
14552.0, 228, 53, -8053, 8246, 93219, 33438, -7612, 44269
14557.8, 1449, -123, -7909, 7916, 88074, 41073, -9690, 44270
14561.5, 1107, -123, -7909, 7916, 88074, 41073, -9690, 44254
14565.8, 903, -384, -7734, 7869, 83830, 50523, -13155, 44254
14569.5, 1212, -384, -7734, 7869, 83830, 50523, -13155, 44217
14573.8, 1904, -320, -7263, 8036, 83406, 57628, -16686, 44217
14577.5, 1690, -320, -7263, 8036, 83406, 57628, -16686, 44239
14581.3, 1255, -320, -7263, 8036, 83406, 57628, -16686, 44210
14585.6, 1042, -145, -6996, 8061, 81490, 60091, -19770, 44210
14589.3, 870, -145, -6996, 8061, 81490, 60091, -19770, 44198
14593.5, 1571, 151, -6552, 8254, 84683, 59584, -20689, 44198
14597.3, 2453, 151, -6552, 8254, 84683, 59584, -20689, 44164
14601.1, 1677, 151, -6552, 8254, 84683, 59584, -20689, 44141
14605.3, 1083, 553, -6387, 7968, 86237, 56517, -18060, 44141
14609.1, 573, 553, -6387, 7968, 86237, 56517, -18060, 44120
14613.3, 1150, 1052, -6023, 8586, 92178, 51774, -11200, 44120
14617.0, 2087, 1052, -6023, 8586, 92178, 51774, -11200, 44097
14620.8, 1863, 1052, -6023, 8586, 92178, 51774, -11200, 44080
14625.0, 1444, 1590, -5790, 8583, 90997, 42613, -1798, 44080
14628.8, 1054, 1590, -5790, 8583, 90997, 42613, -1798, 44086
14633.0, 1311, 1817, -5930, 8723, 94225, 32104, 7170, 44086
14636.7, 1172, 1817, -5930, 8723, 94225, 32104, 7170, 44067
14640.5, 1429, 1817, -5930, 8723, 94225, 32104, 7170, 44052
14644.7, 1532, 1534, -6219, 8231, 92825, 27173, 14179, 44052
14648.4, 2105, 1534, -6219, 8231, 92825, 27173, 14179, 44041
14654.1, 1247, 1246, -6484, 7883, 95542, 27151, 16765, 44033
14657.9, 783, 1246, -6484, 7883, 95542, 27151, 16765, 44006
14663.6, 1686, -29, -6960, 8225, 96907, 33075, 17023, 43980
14667.6, 1053, -29, -6960, 8225, 96907, 33075, 17023, 43978
14673.3, 1287, -726, -6915, 8403, 97402, 40228, 15947, 43955
14677.0, 1175, -726, -6915, 8403, 97402, 40228, 15947, 43935
14682.8, 1746, -960, -6581, 9257, 98062, 41935, 13825, 43923
14686.5, 1180, -960, -6581, 9257, 98062, 41935, 13825, 43902
14690.8, 1236, -1070, -6087, 9293, 97905, 33307, 11278, 43902
14694.5, 1047, -1070, -6087, 9293, 97905, 33307, 11278, 43882
14696.8, 581, -1070, -6087, 9293, 97905, 33307, 11278, 43882
14702.5, 1444, -899, -5883, 9571, 99222, 21757, 10027, 43863
14706.3, 1300, -899, -5883, 9571, 99222, 21757, 10027, 43867
14710.5, 1276, -719, -4976, 8704, 98176, 9240, 9384, 43867
14714.2, 1135, -719, -4976, 8704, 98176, 9240, 9384, 43824
14716.5, 41, -719, -4976, 8704, 98176, 9240, 9384, 43824
14720.8, 1045, -710, -4691, 8854, 99672, 468, 9629, 43824
14724.5, 1273, -710, -4691, 8854, 99672, 468, 9629, 43805
14726.7, 55, -710, -4691, 8854, 99672, 468, 9629, 43805
14732.5, 1692, -565, -4303, 8775, 99865, -4935, 11287, 43799
14736.2, 1530, -565, -4303, 8775, 99865, -4935, 11287, 43793
14740.4, 1268, -321, -4493, 8245, 100075, -10854, 11502, 43793
14744.1, 1256, -321, -4493, 8245, 100075, -10854, 11502, 43793
14748.4, 1214, -142, -4713, 8520, 104572, -15430, 9878, 43793
14752.1, 1178, -142, -4713, 8520, 104572, -15430, 9878, 43750
14755.8, 1569, -142, -4713, 8520, 104572, -15430, 9878, 43778
14760.1, 1346, 153, -4740, 8129, 107753, -18047, 7358, 43778
14763.9, 1117, 153, -4740, 8129, 107753, -18047, 7358, 43772
14768.1, 1269, 301, -4907, 8426, 109893, -18130, 4970, 43772
14771.8, 1505, 301, -4907, 8426, 109893, -18130, 4970, 43757
14775.6, 1389, 301, -4907, 8426, 109893, -18130, 4970, 43743
14779.8, 1124, 178, -4636, 8050, 110680, -16078, 4856, 43743
14783.6, 1131, 178, -4636, 8050, 110680, -16078, 4856, 43752
14787.8, 1152, 105, -4624, 8187, 109175, -11423, 5888, 43752
14791.5, 1351, 105, -4624, 8187, 109175, -11423, 5888, 43741
14793.8, 69, 105, -4624, 8187, 109175, -11423, 5888, 43741
14799.5, 1358, 135, -4481, 8374, 109932, -9209, 5840, 43746
14803.2, 1554, 135, -4481, 8374, 109932, -9209, 5840, 43752
14809.0, 1235, -6, -4503, 8615, 113064, -11493, 5757, 43756
14812.7, 1174, -6, -4503, 8615, 113064, -11493, 5757, 43763
14818.4, 1343, -142, -4377, 8560, 116026, -15553, 7065, 43765
14822.1, 1573, -142, -4377, 8560, 116026, -15553, 7065, 43771
14827.8, 1474, -233, -4353, 9043, 118262, -20755, 10644, 43760
14831.5, 1179, -233, -4353, 9043, 118262, -20755, 10644, 43751
14835.8, 938, -25, -4007, 8867, 119631, -27759, 14748, 43751
14839.5, 1000, -25, -4007, 8867, 119631, -27759, 14748, 43746
14841.8, 250, -25, -4007, 8867, 119631, -27759, 14748, 43746
14846.0, 1970, 44, -3698, 8458, 118021, -31889, 16170, 43746
14849.7, 1079, 44, -3698, 8458, 118021, -31889, 16170, 43748
14852.0, 41, 44, -3698, 8458, 118021, -31889, 16170, 43748
14857.7, 1408, -13, -3044, 8250, 118555, -32056, 13650, 43736
14861.4, 1947, -13, -3044, 8250, 118555, -32056, 13650, 43779
14865.7, 1064, -251, -2596, 8324, 119653, -27873, 9695, 43779
14869.4, 1014, -251, -2596, 8324, 119653, -27873, 9695, 43792
14871.7, 39, -251, -2596, 8324, 119653, -27873, 9695, 43792
14875.9, 2286, -456, -2388, 8693, 121220, -21770, 5915, 43792
14879.7, 1611, -456, -2388, 8693, 121220, -21770, 5915, 43802
14881.9, 122, -456, -2388, 8693, 121220, -21770, 5915, 43802
14887.6, 1175, -530, -2344, 9114, 125805, -14162, 3885, 43599
14891.4, 1218, -530, -2344, 9114, 125805, -14162, 3885, 43823
14895.6, 1402, -433, -2587, 9443, 126728, -11563, 3631, 43823
14899.4, 1216, -433, -2587, 9443, 126728, -11563, 3631, 43576
14901.6, 48, -433, -2587, 9443, 126728, -11563, 3631, 43576
14905.9, 1191, -193, -2686, 9446, 126811, -17167, 4392, 43576
14909.6, 1165, -193, -2686, 9446, 126811, -17167, 4392, 43550
14913.8, 1476, -193, -2686, 9165, 127043, -25598, 6759, 43550
14917.5, 1521, -193, -2686, 9165, 127043, -25598, 6759, 43536
14921.2, 1144, -193, -2686, 9165, 127043, -25598, 6759, 43514
14925.5, 1898, 631, -1981, 9020, 125140, -31837, 7498, 43514
14929.2, 1338, 631, -1981, 9020, 125140, -31837, 7498, 43504
14933.4, 1105, 631, -1981, 9020, 123862, -33530, 5197, 43504
14937.1, 1044, 631, -1981, 9020, 123862, -33530, 5197, 43533
14940.9, 1648, 631, -1981, 9020, 123862, -33530, 5197, 43500
14945.1, 1264, 265, -806, 9028, 121976, -28061, 2174, 43500
14948.9, 1153, 265, -806, 9028, 121976, -28061, 2174, 43503
14953.1, 1176, 265, -806, 9028, 122843, -18125, 476, 43503
14956.8, 1778, 265, -806, 9028, 122843, -18125, 476, 43513
14960.6, 2150, 265, -806, 9028, 122843, -18125, 476, 43497
14964.8, 1107, -114, -772, 9376, 126107, -10119, 2213, 43497
14968.5, 1145, -114, -772, 9376, 126107, -10119, 2213, 43526
14972.8, 1162, -114, -772, 9376, 127078, -11729, 6759, 43526
14976.5, 1458, -114, -772, 9376, 127078, -11729, 6759, 43518
14978.8, 117, -114, -772, 9376, 127078, -11729, 6759, 43518
14984.5, 1297, 550, -954, 9535, 126098, -21656, 11703, 43447
14988.3, 1225, 550, -954, 9535, 126098, -21656, 11703, 43504
14994.0, 1340, 550, -954, 9535, 122768, -33307, 15308, 43472
14996.3, 53, 550, -954, 9535, 122768, -33307, 15308, 43472
14998.5, 23, 550, -954, 9535, 122768, -33307, 15308, 43472
15004.3, 1407, 993, 306, 9125, 121290, -37839, 16437, 43446
15006.5, 73, 993, 306, 9125, 121290, -37839, 16437, 43446
15010.7, 1130, 1039, 306, 9125, 121290, -37839, 16437, 43446
15014.4, 1306, 1039, 306, 9125, 121290, -37839, 16437, 43444
15016.7, 425, 1039, 306, 9125, 121290, -37839, 16437, 43444
15020.9, 1501, 526, 891, 8569, 116442, -29995, 13711, 43444
15024.6, 1314, 526, 891, 8569, 116442, -29995, 13711, 43404
15026.9, 53, 526, 891, 8569, 116442, -29995, 13711, 43404
15032.6, 1134, 86, 1279, 8718, 118122, -13317, 8881, 43394
15036.3, 1344, 86, 1279, 8718, 118122, -13317, 8881, 43371
15040.6, 1216, -99, 1333, 9272, 121836, 3276, 3793, 43371
15044.3, 1514, -99, 1333, 9272, 121836, 3276, 3793, 43362
15046.5, 269, -99, 1333, 9272, 121836, 3276, 3793, 43362
15050.8, 1220, 368, 1051, 10033, 124973, 9100, 1128, 43362
15054.6, 1236, 368, 1051, 10033, 124973, 9100, 1128, 43370
15058.8, 1146, 860, 945, 9734, 125183, 4620, 3618, 43370
15062.5, 1071, 860, 945, 9734, 125183, 4620, 3618, 43367
15066.3, 2278, 860, 945, 9734, 125183, 4620, 3618, 43365
15070.5, 1910, 1405, 754, 9351, 123976, -6899, 9747, 43365
15074.2, 1338, 1405, 754, 9351, 123976, -6899, 9747, 43364
15078.5, 1236, 1581, 1351, 9599, 121797, -17815, 15461, 43364
15082.2, 974, 1581, 1351, 9599, 121797, -17815, 15461, 43356
15086.0, 1208, 1581, 1351, 9599, 121797, -17815, 15461, 43349
15090.3, 2052, 1088, 1922, 8965, 118555, -19840, 18296, 43349
15094.0, 1488, 1088, 1922, 8965, 118555, -19840, 18296, 43340
15098.3, 1189, 405, 2307, 8918, 117715, -11278, 15268, 43340
15102.0, 1285, 405, 2307, 8918, 117715, -11278, 15268, 43334
15105.7, 1141, 405, 2307, 8918, 117715, -11278, 15268, 43294
15110.0, 1115, 123, 2565, 9016, 122624, 2288, 1054, 43294
15113.7, 1481, 123, 2565, 9016, 122624, 2288, 1054, 43270
15117.9, 1371, 381, 2603, 8657, 126947, 13855, 1054, 43270
15121.7, 1449, 381, 2603, 8657, 126947, 13855, 1054, 43234
15124.0, 185, 381, 2603, 8657, 126947, 13855, 1054, 43234
15129.7, 1268, 956, 2580, 9073, 129178, 18563, -1154, 43219
15133.5, 1381, 956, 2580, 9073, 129178, 18563, -1154, 43182
15137.7, 1218, 1584, 2950, 8977, 127419, 14201, 2874, 43182
15141.4, 1828, 1584, 2950, 8977, 127419, 14201, 2874, 43152
15143.7, 891, 1584, 2950, 8977, 127419, 14201, 2874, 43152
15149.5, 1145, 1749, 3503, 9320, 123070, 5967, 17434, 43161
15153.2, 1203, 1749, 3503, 9320, 123070, 5967, 17434, 43151
15158.9, 1645, 1494, 3953, 8742, 118520, 433, 17434, 43089
15161.1, 93, 1494, 3953, 8742, 118520, 433, 17434, 43089
15163.5, 17, 1494, 3953, 8742, 118520, 433, 17434, 43089
15169.2, 1410, 684, 4148, 8659, 117125, 3981, 17854, 43160
15171.5, 53, 684, 4148, 8659, 117125, 3981, 17854, 43160
15175.7, 951, 59, 4246, 7833, 119058, 15492, 13847, 43160
15179.4, 1941, 59, 4246, 7833, 119058, 15492, 13847, 43140
15181.7, 954, 59, 4246, 7833, 119058, 15492, 13847, 43140
15185.9, 1557, -96, 3937, 8312, 124921, 28674, 7511, 43140
15189.6, 1129, -96, 3937, 8312, 124921, 28674, 7511, 43137
15191.9, 41, -96, 3937, 8312, 124921, 28674, 7511, 43137
15197.6, 1302, 340, 3625, 9628, 134472, 36483, 4379, 43105
15201.3, 1102, 340, 3625, 9628, 134472, 36483, 4379, 43126
15205.6, 1261, 724, 3474, 7868, 135005, 37008, 629, 43126
15209.3, 1294, 724, 3474, 7868, 135005, 37008, 629, 43107
15211.6, 56, 724, 3474, 7868, 135005, 37008, 629, 43107
15215.8, 1249, 1166, 3355, 7225, 131571, 37481, -2099, 43107
15219.6, 1189, 1166, 3355, 7225, 131571, 37481, -2099, 43102
15223.8, 1711, 1136, 4047, 7767, 130788, 39988, -669, 43102
15227.6, 2050, 1136, 4047, 7767, 130788, 39988, -669, 43116
15231.3, 1755, 1136, 4047, 7767, 130788, 39988, -669, 43054
15235.6, 1071, 1238, 5176, 8163, 128351, 36431, 1666, 43054
15239.3, 1153, 1238, 5176, 8163, 128351, 36431, 1666, 43045
15243.5, 1280, 753, 5832, 7551, 121714, 34191, 1133, 43045
15247.2, 1375, 753, 5832, 7551, 121714, 34191, 1133, 43038
15251.0, 1193, 753, 5832, 7551, 121714, 34191, 1133, 42994
15255.3, 1445, 251, 6169, 6636, 117934, 39581, 599, 42994
15259.0, 1343, 251, 6169, 6636, 117934, 39581, 599, 42977
15263.3, 1181, -72, 5983, 7590, 122970, 49512, -629, 42977
15267.0, 1123, -72, 5983, 7590, 122970, 49512, -629, 43003
15270.8, 1179, -72, 5983, 7590, 122970, 49512, -629, 43006
15275.0, 1545, -145, 5741, 7626, 125218, 54819, -1732, 43006
15278.7, 1474, -145, 5741, 7626, 125218, 54819, -1732, 42984
15282.9, 1184, -150, 5537, 7846, 120419, 52680, -1207, 42984
15286.7, 1176, -150, 5537, 7846, 120419, 52680, -1207, 42973
15289.0, 38, -150, 5537, 7846, 120419, 52680, -1207, 42973
15294.7, 1230, -37, 5603, 6966, 116385, 46804, 1636, 42968
15298.5, 1024, -37, 5603, 6966, 116385, 46804, 1636, 42959
15302.7, 1779, -1, 5446, 6855, 112080, 43965, 5569, 42959
15306.4, 1317, -1, 5446, 6855, 112080, 43965, 5569, 42933
15308.7, 43, -1, 5446, 6855, 112080, 43965, 5569, 42933
15314.5, 1434, -67, 5800, 7204, 112203, 41602, 6549, 42912
15316.7, 51, -67, 5800, 7204, 112203, 41602, 6549, 42912
15321.0, 1256, -387, 6595, 6499, 109551, 39134, 4948, 42912
15324.7, 1281, -387, 6595, 6499, 109551, 39134, 4948, 42900
15327.0, 43, -387, 6595, 6499, 109551, 39134, 4948, 42900
15332.7, 1443, -504, 6757, 5869, 102949, 38854, 1671, 42835
15336.4, 1186, -504, 6757, 5869, 102949, 38854, 1671, 42888
15340.7, 1183, -379, 6742, 6138, 102420, 38238, -590, 42888
15344.4, 1277, -379, 6742, 6138, 102420, 38238, -590, 42865
15346.7, 46, -379, 6742, 6138, 102420, 38238, -590, 42865
15350.9, 1042, 71, 6865, 6497, 107027, 33854, 1163, 42865
15354.6, 1730, 71, 6865, 6497, 107027, 33854, 1163, 42854
15356.9, 248, 71, 6865, 6497, 107027, 33854, 1163, 42854
15362.6, 1225, 680, 6671, 6887, 108291, 26661, 5285, 42854
15366.3, 1004, 680, 6671, 6887, 108291, 26661, 5285, 42862
15370.5, 1428, 863, 6761, 6713, 104275, 22636, 11182, 42862
15374.3, 1169, 863, 6761, 6713, 104275, 22636, 11182, 43152
15376.5, 54, 863, 6761, 6713, 104275, 22636, 11182, 43152
15380.8, 1282, 740, 6590, 6156, 95455, 25086, 16563, 43152
15384.5, 1229, 740, 6590, 6156, 95455, 25086, 16563, 42903
15388.7, 1372, 66, 6945, 6043, 87553, 31281, 20029, 42903
15392.5, 1228, 66, 6945, 6043, 87553, 31281, 20029, 42886
15396.3, 1018, 66, 6945, 6043, 87553, 31281, 20029, 42868
15400.5, 1356, -648, 6836, 5822, 81153, 37266, 21236, 42868
15404.3, 1227, -648, 6836, 5822, 81153, 37266, 21236, 42887
15408.5, 1224, -1186, 6781, 5887, 76891, 39677, 20851, 42887
15412.2, 1211, -1186, 6781, 5887, 76891, 39677, 20851, 42723
15416.0, 1139, -1186, 6781, 5887, 76891, 39677, 20851, 42698
15420.3, 1289, -1279, 6817, 5395, 75233, 36846, 19512, 42698
15424.0, 1233, -1279, 6817, 5395, 75233, 36846, 19512, 42721
15428.3, 1270, -771, 6898, 4914, 73033, 30809, 17858, 42721
15432.0, 1187, -771, 6898, 4914, 73033, 30809, 17858, 42736
15435.7, 1251, -771, 6898, 4914, 73033, 30809, 17858, 42737
15440.0, 1372, -41, 7366, 4759, 70674, 24911, 18047, 42737
15443.7, 1307, -41, 7366, 4759, 70674, 24911, 18047, 42757
15447.9, 1190, 474, 7242, 5132, 71300, 17793, 19224, 42757
15451.7, 1025, 474, 7242, 5132, 71300, 17793, 19224, 42731
15454.0, 35, 474, 7242, 5132, 71300, 17793, 19224, 42731
15459.7, 1298, 192, 7186, 5702, 71956, 8098, 17889, 42715
15463.5, 1260, 192, 7186, 5702, 71956, 8098, 17889, 42714
15467.7, 1268, 320, 7489, 5484, 69953, 4020, 15982, 42714
15471.4, 1174, 320, 7489, 5484, 69953, 4020, 15982, 42705
15473.7, 36, 320, 7489, 5484, 69953, 4020, 15982, 42705
15479.5, 1422, 203, 7743, 4919, 63534, 8264, 15789, 42735
15481.7, 53, 203, 7743, 4919, 63534, 8264, 15789, 42735
15486.0, 1242, -244, 8142, 4934, 55278, 14162, 17767, 42735
15489.7, 1288, -244, 8142, 4934, 55278, 14162, 17767, 42663
15492.0, 49, -244, 8142, 4934, 55278, 14162, 17767, 42663
15497.7, 1277, -549, 7835, 4558, 51783, 17368, 19670, 42693
15501.4, 1183, -549, 7835, 4558, 51783, 17368, 19670, 42693
15505.7, 1247, -335, 7777, 3604, 53502, 24762, 19189, 42693
15509.4, 1269, -335, 7777, 3604, 53502, 24762, 19189, 42691
15511.7, 48, -335, 7777, 3604, 53502, 24762, 19189, 42691
15515.9, 1293, -531, 8781, 4171, 49534, 27698, 19617, 42691
15519.6, 1196, -531, 8781, 4171, 49534, 27698, 19617, 42659
15521.9, 40, -531, 8781, 4171, 49534, 27698, 19617, 42659
15527.6, 1312, -535, 8596, 4567, 47591, 30721, 20077, 42646
15531.3, 1120, -535, 8596, 4567, 47591, 30721, 20077, 42626
15535.6, 1289, -419, 8717, 4175, 47438, 34471, 19202, 42626
15539.3, 1176, -419, 8717, 4175, 47438, 34471, 19202, 42621
15541.5, 39, -419, 8717, 4175, 47438, 34471, 19202, 42621
15545.8, 1247, -445, 8623, 4295, 44406, 35162, 18506, 42621
15549.5, 1241, -445, 8623, 4295, 44406, 35162, 18506, 42601
15553.7, 1201, -445, 8623, 4295, 44406, 31881, 18274, 42601
15557.5, 1168, -445, 8623, 4295, 44406, 31881, 18274, 42564
15561.2, 1182, -445, 8623, 4295, 44406, 31881, 18274, 42546
15565.5, 1206, -659, 8479, 3949, 40644, 24933, 18987, 42546
15569.3, 1242, -659, 8479, 3949, 40644, 24933, 18987, 42541
15573.5, 1232, -659, 8479, 3949, 40644, 21415, 18226, 42541
15577.2, 1135, -659, 8479, 3949, 40644, 21415, 18226, 42529
15581.0, 1246, -659, 8479, 3949, 40644, 21415, 18226, 42505
15585.3, 1190, -405, 8456, 4025, 37148, 22566, 16529, 42505
15589.0, 1204, -405, 8456, 4025, 37148, 22566, 16529, 42533
15593.3, 1157, -405, 8456, 4025, 37148, 25147, 14857, 42533
15597.0, 1149, -405, 8456, 4025, 37148, 25147, 14857, 42522
15600.7, 1211, -405, 8456, 4025, 37148, 25147, 14857, 42498
15605.0, 1226, -217, 8708, 4481, 36238, 27869, 14809, 42498
15608.7, 1212, -217, 8708, 4481, 36238, 27869, 14809, 42480
15612.9, 1136, -217, 8708, 4481, 36238, 28836, 16682, 42480
15616.7, 980, -217, 8708, 4481, 36238, 28836, 16682, 42462
15619.0, 22, -217, 8708, 4481, 36238, 28836, 16682, 42462
15624.7, 1235, -37, 8592, 4378, 32169, 25353, 18134, 42443
15628.5, 1166, -37, 8592, 4378, 32169, 25353, 18134, 42391
15632.7, 1160, -37, 8592, 4378, 32169, 18576, 16940, 42391
15636.4, 1171, -37, 8592, 4378, 32169, 18576, 16940, 42350
15638.7, 31, -37, 8592, 4378, 32169, 18576, 16940, 42350
15644.5, 1269, 43, 8703, 3971, 22019, 13370, 11370, 42299
15646.7, 37, 43, 8703, 3971, 22019, 13370, 11370, 42299
15651.0, 1205, -270, 8646, 3847, 22019, 13370, 11370, 42299
15654.7, 1151, -270, 8646, 3847, 22019, 13370, 11370, 42269
15657.0, 35, -270, 8646, 3847, 22019, 13370, 11370, 42269
15662.7, 1285, -471, 9057, 3647, 17810, 9835, 3539, 42238
15666.4, 1213, -471, 9057, 3647, 17810, 9835, 3539, 42189
15670.7, 1188, -488, 9359, 3806, 14332, 7888, -3924, 42189
15674.4, 1187, -488, 9359, 3806, 14332, 7888, -3924, 42167
15676.7, 38, -488, 9359, 3806, 14332, 7888, -3924, 42167
15680.9, 1224, -500, 9393, 3857, 11620, 6422, -7673, 42167
15684.6, 1170, -500, 9393, 3857, 11620, 6422, -7673, 42085
15686.9, 39, -500, 9393, 3857, 11620, 6422, -7673, 42085
15692.6, 1270, -480, 9616, 3938, 9769, 5250, -8137, 42017
15696.3, 1194, -480, 9616, 3938, 9769, 5250, -8137, 42714
15700.6, 1167, -372, 9608, 3787, 6138, 4821, -6063, 42714
15704.3, 1166, -372, 9608, 3787, 6138, 4821, -6063, 41889
15706.6, 35, -372, 9608, 3787, 6138, 4821, -6063, 41889
15710.9, 1149, -307, 9336, 3817, 2384, 2878, -3946, 41889
15714.6, 1172, -307, 9336, 3817, 2384, 2878, -3946, 41827
15718.8, 1187, -174, 9352, 3768, 8, 74, -4471, 41827
15722.6, 1132, -174, 9352, 3768, 8, 74, -4471, 41760
15726.3, 1172, -174, 9352, 3768, 8, 74, -4471, 41722
15730.6, 1193, -160, 9311, 3664, -2856, -2410, -7402, 41722
15734.3, 1135, -160, 9311, 3664, -2856, -2410, -7402, 41643
15738.6, 1121, -23, 9132, 3779, -4379, -4348, -11392, 41643
15742.3, 1106, -23, 9132, 3779, -4379, -4348, -11392, 41587
15746.1, 1150, -23, 9132, 3779, -4379, -4348, -11392, 41519
15750.3, 1171, 1, 9015, 3968, -6037, -7144, -14188, 41519
15754.1, 1133, 1, 9015, 3968, -6037, -7144, -14188, 41468
15758.3, 1094, -38, 9020, 4080, -7875, -10732, -15308, 41468
15762.0, 1128, -38, 9020, 4080, -7875, -10732, -15308, 41404
15765.8, 1158, -38, 9020, 4080, -7875, -10732, -15308, 41352
15770.0, 1150, -291, 9012, 4188, -10876, -13698, -15172, 41352
15773.7, 1106, -291, 9012, 4188, -10876, -13698, -15172, 41297
15777.9, 1114, -355, 8731, 4171, -12534, -15290, -14564, 41297
15781.7, 1105, -355, 8731, 4171, -12534, -15290, -14564, 41202
15784.0, 28, -355, 8731, 4171, -12534, -15290, -14564, 41202
15789.7, 1175, -308, 8645, 4074, -15658, -17810, -14879, 41103
15793.5, 1071, -308, 8645, 4074, -15658, -17810, -14879, 41037
15797.7, 1078, -40, 8701, 3862, -20190, -21980, -17093, 41037
15801.5, 1108, -40, 8701, 3862, -20190, -21980, -17093, 40980
15803.8, 29, -40, 8701, 3862, -20190, -21980, -17093, 40980
15809.5, 1236, 214, 8746, 3948, -24006, -25979, -20698, 40946
15811.8, 35, 214, 8746, 3948, -24006, -25979, -20698, 40946
15817.5, 1253, 250, 8852, 4221, -25839, -29676, -23809, 40934
15821.2, 1141, 250, 8852, 4221, -25839, -29676, -23809, 40914
15825.5, 1160, 66, 9057, 4170, -29374, -31539, -25655, 40914
15829.2, 1153, 66, 9057, 4170, -29374, -31539, -25655, 40894
15831.5, 35, 66, 9057, 4170, -29374, -31539, -25655, 40894
15835.7, 1171, -120, 9202, 4076, -35127, -31579, -26337, 40894
15839.4, 1152, -120, 9202, 4076, -35127, -31579, -26337, 40929
15841.7, 34, -120, 9202, 4076, -35127, -31579, -26337, 40929
15845.9, 1174, -277, 9445, 3975, -41318, -31229, -25476, 40929
15849.6, 1114, -277, 9445, 3975, -41318, -31229, -25476, 40935
15851.9, 33, -277, 9445, 3975, -41318, -31229, -25476, 40935
15857.6, 1223, -315, 9116, 4048, -46861, -35284, -24574, 40958
15861.3, 1185, -315, 9116, 4048, -46861, -35284, -24574, 40974
15865.6, 1166, -50, 8668, 4345, -49692, -44078, -22960, 40974
15869.3, 1104, -50, 8668, 4345, -49692, -44078, -22960, 40998
15871.6, 32, -50, 8668, 4345, -49692, -44078, -22960, 40998
15875.8, 1154, -248, 8484, 4345, -50833, -53047, -22426, 40998
15879.6, 1134, -248, 8484, 4345, -50833, -53047, -22426, 40976
15883.8, 1090, -268, 8120, 4524, -53227, -58407, -23192, 40976
15887.5, 1029, -268, 8120, 4524, -53227, -58407, -23192, 41046
15891.3, 1171, -268, 8120, 4524, -53227, -58407, -23192, 41077
15895.5, 1112, -567, 8085, 5004, -59999, -60074, -24902, 41077
15899.3, 1044, -567, 8085, 5004, -59999, -60074, -24902, 41108
15903.5, 1107, -448, 8209, 4627, -68745, -59142, -26727, 41108
15907.2, 1181, -448, 8209, 4627, -68745, -59142, -26727, 41118
15911.0, 1088, -448, 8209, 4627, -68745, -59142, -26727, 41197
15915.3, 1079, -441, 8557, 4630, -78344, -56342, -27274, 41197
15919.0, 1020, -441, 8557, 4630, -78344, -56342, -27274, 41244
15923.3, 964, -394, 8291, 4580, -87995, -55558, -28774, 41244
15927.0, 1168, -394, 8291, 4580, -87995, -55558, -28774, 41296
15930.7, 1065, -394, 8291, 4580, -87995, -55558, -28774, 41382
15935.0, 1000, -81, 8198, 4472, -92213, -55270, -30782, 41382
15938.7, 754, -81, 8198, 4472, -92213, -55270, -30782, 41401
15943.0, 861, -27, 8084, 4714, -92620, -55209, -32441, 41401
15946.8, 985, -27, 8084, 4714, -92620, -55209, -32441, 42927
15949.1, 30, -27, 8084, 4714, -92620, -55209, -32441, 42927
15954.8, 953, -324, 8213, 5246, -92322, -54723, -33285, 42933
15958.6, 679, -324, 8213, 5246, -92322, -54723, -33285, 42955
15962.8, 967, -561, 8508, 5573, -95700, -53117, -31382, 42955
15966.5, 941, -561, 8508, 5573, -95700, -53117, -31382, 43004
15970.7, 848, -711, 8297, 5486, -108611, -50142, -26810, 43004
15974.4, 696, -711, 8297, 5486, -108611, -50142, -26810, 43005
15976.7, 30, -711, 8297, 5486, -108611, -50142, -26810, 43005
15980.9, 1209, -830, 7975, 5565, -121696, -51017, -21844, 43005
15984.6, 1030, -830, 7975, 5565, -121696, -51017, -21844, 43030
15986.9, 39, -830, 7975, 5565, -121696, -51017, -21844, 43030
15992.6, 1436, -835, 7624, 5458, -127944, -56862, -17754, 43088
15996.3, 1564, -835, 7624, 5458, -127944, -56862, -17754, 43088
16000.6, 1285, -765, 6986, 5539, -126474, -64667, -15772, 43088
16004.3, 894, -765, 6986, 5539, -126474, -64667, -15772, 43130
16006.5, 227, -765, 6986, 5539, -126474, -64667, -15772, 43130
16010.8, 1527, -548, 6565, 5953, -116740, -71090, -14030, 43130
16014.6, 1289, -548, 6565, 5953, -116740, -71090, -14030, 43149
16016.8, 61, -548, 6565, 5953, -116740, -71090, -14030, 43149
16022.5, 1403, -512, 6482, 5414, -109919, -71825, -10088, 43196
16026.3, 1354, -512, 6482, 5414, -109919, -71825, -10088, 43241
16030.6, 1323, -725, 6194, 5092, -117553, -68373, -5127, 43241
16034.3, 1174, -725, 6194, 5092, -117553, -68373, -5127, 43329
16036.6, 44, -725, 6194, 5092, -117553, -68373, -5127, 43329
16040.9, 1320, -690, 5644, 5491, -123613, -66741, -2747, 43329
16044.6, 1139, -690, 5644, 5491, -123613, -66741, -2747, 43423
16048.8, 1088, -552, 5605, 5700, -126767, -68745, -6597, 43423
16052.6, 1286, -552, 5605, 5700, -126767, -68745, -6597, 43573
16056.3, 1253, -552, 5605, 5700, -126767, -68745, -6597, 43650
16060.5, 1367, -236, 5504, 5625, -131317, -71081, -14704, 43650
16064.3, 1126, -236, 5504, 5625, -131317, -71081, -14704, 43715
16068.5, 1193, 299, 5160, 6334, -125008, -68539, -22308, 43715
16072.2, 1377, 299, 5160, 6334, -125008, -68539, -22308, 43764
16076.3, 968, 299, 5160, 6334, -125008, -68539, -22308, 43787
16080.6, 1307, 734, 5227, 6370, -117453, -61487, -25607, 43787
16084.3, 1139, 734, 5227, 6370, -117453, -61487, -25607, 43814
16088.6, 970, 1099, 4954, 6275, -119386, -53454, -22977, 43814
16092.3, 1464, 1099, 4954, 6275, -119386, -53454, -22977, 43870
16096.0, 1348, 1099, 4954, 6275, -119386, -53454, -22977, 43833
16100.3, 1287, 1412, 4746, 7106, -124212, -50860, -15741, 43833
16104.1, 1178, 1412, 4746, 7106, -124212, -50860, -15741, 43819
16108.3, 1102, 1585, 4860, 7252, -125975, -53432, -6173, 43819
16112.0, 1241, 1585, 4860, 7252, -125975, -53432, -6173, 43802
16117.7, 1361, 1439, 4708, 6255, -133120, -51507, 1019, 43762
16121.4, 1363, 1439, 4708, 6255, -133120, -51507, 1019, 43770
16123.7, 83, 1439, 4708, 6255, -133120, -51507, 1019, 43770
16129.4, 1257, 1115, 4149, 6564, -136926, -40338, 2248, 43775
16131.7, 38, 1115, 4149, 6564, -136926, -40338, 2248, 43775
16135.9, 1228, 1115, 4149, 6564, -134450, -21713, -594, 43775
16139.7, 1054, 1115, 4149, 6564, -134450, -21713, -594, 43784
16142.0, 32, 1115, 4149, 6564, -134450, -21713, -594, 43784
16147.7, 1476, 843, 3754, 7027, -134428, -3014, -5241, 43803
16151.4, 1304, 843, 3754, 7027, -134428, -3014, -5241, 43829
16155.6, 1180, 544, 3754, 7027, -129108, 4773, -10106, 43829
16159.4, 1057, 544, 3754, 7027, -129108, 4773, -10106, 43855
16161.6, 33, 544, 3754, 7027, -129108, 4773, -10106, 43855
16165.9, 1256, 628, 3642, 8181, -129270, 1535, -12534, 43855
16169.7, 1076, 628, 3642, 8181, -129270, 1535, -12534, 43862
16172.0, 34, 628, 3642, 8181, -129270, 1535, -12534, 43862
16177.7, 1462, 906, 3567, 8164, -135583, -7958, -11309, 43899
16181.4, 1197, 906, 3567, 8164, -135583, -7958, -11309, 43880
16185.7, 1251, 975, 3680, 8386, -140732, -17495, -7870, 43880
16189.4, 1188, 975, 3680, 8386, -140732, -17495, -7870, 43871
16191.7, 36, 975, 3680, 8386, -140732, -17495, -7870, 43871
16196.0, 1250, 732, 3580, 8848, -142859, -22929, -5705, 43871
16199.7, 1125, 732, 3580, 8848, -142859, -22929, -5705, 43897
16203.9, 1073, 732, 3580, 8848, -142859, -22929, -5705, 43897
16207.7, 1376, 732, 3580, 8848, -142859, -22929, -5705, 43901
16211.4, 1255, 732, 3580, 8848, -142859, -22929, -5705, 43906
16215.6, 1260, 161, 3054, 9147, -141209, -15251, -11383, 43906
16219.4, 1088, 161, 3054, 9147, -141209, -15251, -11383, 43907
16223.6, 1107, 161, 3054, 9147, -141209, -15251, -11383, 43907
16227.3, 1305, 161, 3054, 9147, -141209, -15251, -11383, 43912
16231.1, 1258, 161, 3054, 9147, -141209, -15251, -11383, 43921
16235.3, 1215, 602, 2699, 8281, -140291, -11182, -15500, 43921
16239.0, 988, 602, 2699, 8281, -140291, -11182, -15500, 43939
16243.2, 1290, 602, 2699, 8281, -140291, -11182, -15500, 43939
16247.0, 1233, 602, 2699, 8281, -140291, -11182, -15500, 43961
16250.7, 1331, 602, 2699, 8281, -140291, -11182, -15500, 43992
16254.9, 1172, 1310, 2772, 9309, -142881, -13606, -11786, 43992
16258.7, 992, 1310, 2772, 9309, -142881, -13606, -11786, 43986
16262.9, 1568, 1310, 2772, 9309, -142881, -13606, -11786, 43986
16266.6, 1334, 1310, 2772, 9309, -142881, -13606, -11786, 43969
16268.9, 70, 1310, 2772, 9309, -142881, -13606, -11786, 43969
16274.6, 1171, 1512, 2627, 9147, -142229, -14848, -20339, 43999
16278.3, 1230, 1512, 2627, 9147, -142229, -14848, -20339, 43993
16284.0, 1182, 1512, 2627, 9147, -142229, -14848, -20339, 43985
16286.3, 33, 1512, 2627, 9147, -142229, -14848, -20339, 43985
16288.5, 25, 1512, 2627, 9147, -142229, -14848, -20339, 43985
16294.2, 1219, 1521, 1933, 8016, -139661, -8264, -21660, 44000
16296.5, 35, 1521, 1933, 8016, -139661, -8264, -21660, 44000
16300.7, 1300, 1838, 1149, 9098, -129948, -2248, -17705, 44000
16304.4, 1087, 1838, 1149, 9098, -129948, -2248, -17705, 43975
16306.7, 30, 1838, 1149, 9098, -129948, -2248, -17705, 43975
16310.9, 1284, 2261, 987, 8629, -126452, -6860, -10180, 43975
16314.6, 1135, 2261, 987, 8629, -126452, -6860, -10180, 43952
16316.9, 33, 2261, 987, 8629, -126452, -6860, -10180, 43952
16322.6, 1541, 2181, 401, 9846, -131619, -14118, -2756, 43978
16326.3, 1280, 2181, 401, 9846, -131619, -14118, -2756, 43986
16330.5, 1200, 1578, 493, 11170, -137871, -16984, 3163, 43986
16334.3, 1109, 1578, 493, 11170, -137871, -16984, 3163, 43983
16336.5, 65, 1578, 493, 11170, -137871, -16984, 3163, 43983
16340.8, 1292, 812, -151, 10223, -142360, -14761, 4366, 43983
16344.6, 1104, 812, -151, 10223, -142360, -14761, 4366, 44010
16348.8, 1250, 98, -943, 9186, -143344, -4943, -704, 44010
16352.5, 1446, 98, -943, 9186, -143344, -4943, -704, 44004
16356.3, 1306, 98, -943, 9186, -143344, -4943, -704, 44009
16360.5, 1289, -201, -1580, 9651, -143344, 5376, -8732, 44009
16364.3, 1109, -201, -1580, 9651, -143344, 5376, -8732, 44039
16368.5, 1232, 38, -1701, 9815, -142977, 8172, -15741, 44039
16372.2, 1414, 38, -1701, 9815, -142977, 8172, -15741, 44069
16376.0, 1794, 38, -1701, 9815, -142977, 8172, -15741, 44069
16380.3, 1323, 273, -1250, 9278, -143231, 3801, -18913, 44069
16384.0, 1156, 273, -1250, 9278, -143231, 3801, -18913, 43829
16388.3, 1424, 669, -843, 10453, -143344, -6426, -16909, 43829
16392.0, 1453, 669, -843, 10453, -143344, -6426, -16909, 44082
16395.7, 1092, 669, -843, 10453, -143344, -6426, -16909, 44094
16400.0, 1156, 877, -733, 9232, -143336, -15107, -11817, 44094
16403.7, 1413, 877, -733, 9232, -143336, -15107, -11817, 44098
16407.9, 1484, 891, -1577, 8502, -143344, -13724, -11313, 44098
16411.7, 1198, 891, -1577, 8502, -143344, -13724, -11313, 44092
16414.0, 61, 891, -1577, 8502, -143344, -13724, -11313, 44092
16419.7, 1369, 809, -2181, 9302, -140186, -4781, -15614, 44079
16423.5, 1387, 809, -2181, 9302, -140186, -4781, -15614, 44100
16427.7, 1215, 908, -2852, 9835, -137937, 1706, -19937, 44100
16431.4, 1379, 908, -2852, 9835, -137937, 1706, -19937, 44108
16433.7, 132, 908, -2852, 9835, -137937, 1706, -19937, 44108
16439.5, 1353, 1180, -2880, 9409, -131939, 4663, -20715, 44138
16443.2, 1329, 1180, -2880, 9409, -131939, 4663, -20715, 44193
16448.9, 1566, 1348, -2937, 9317, -134113, 3714, -14682, 44240
16451.1, 250, 1348, -2937, 9317, -134113, 3714, -14682, 44240
16453.5, 55, 1348, -2937, 9317, -134113, 3714, -14682, 44240
16459.2, 1221, 1548, -3134, 9100, -134717, 3128, -4698, 44275
16461.5, 36, 1548, -3134, 9100, -134717, 3128, -4698, 44275
16465.7, 1500, 1429, -3401, 8715, -136419, 4703, 2940, 44275
16469.4, 1385, 1429, -3401, 8715, -136419, 4703, 2940, 44297
16471.7, 52, 1429, -3401, 8715, -136419, 4703, 2940, 44297
16475.9, 1229, 1104, -4662, 9797, -137386, 8041, 3832, 44297
16479.6, 1126, 1104, -4662, 9797, -137386, 8041, 3832, 44807
16481.9, 146, 1104, -4662, 9797, -137386, 8041, 3832, 44807
16487.6, 1346, 538, -3838, 9213, -141201, 10727, -4707, 44785
16491.3, 1123, 538, -3838, 9213, -141201, 10727, -4707, 44810
16495.6, 1607, -696, -4383, 8379, -143130, 20532, -16235, 44810
16499.3, 1378, -696, -4383, 8379, -143130, 20532, -16235, 44827
16501.5, 126, -696, -4383, 8379, -143130, 20532, -16235, 44827
16505.8, 1307, -823, -3610, 10675, -134844, 31251, -20807, 44827
16509.6, 1221, -823, -3610, 10675, -134844, 31251, -20807, 44800
16513.8, 1319, -125, -3571, 10779, -129502, 22063, -19215, 44800
16517.5, 1298, -125, -3571, 10779, -129502, 22063, -19215, 44825
16521.3, 1216, -125, -3571, 10779, -129502, 22063, -19215, 44828
16525.6, 1266, 980, -3674, 9518, -126837, 6243, -13637, 44828
16529.3, 1240, 980, -3674, 9518, -126837, 6243, -13637, 44856
16533.5, 1429, 1621, -3951, 8986, -125590, -2248, -5057, 44856
16537.2, 1407, 1621, -3951, 8986, -125590, -2248, -5057, 44879
16541.0, 1325, 1621, -3951, 8986, -125590, -2248, -5057, 44872
16545.3, 1169, 2047, -4525, 7760, -130372, -7542, 2108, 44872
16549.0, 1461, 2047, -4525, 7760, -130372, -7542, 2108, 44888
16553.3, 1525, 2012, -5074, 7692, -132284, -8579, 5293, 44888
16557.0, 1308, 2012, -5074, 7692, -132284, -8579, 5293, 44854
16560.8, 1205, 2012, -5074, 7692, -132284, -8579, 5293, 44849
16565.0, 1214, 1710, -5544, 8750, -127375, -2931, 5871, 44849
16568.7, 1307, 1710, -5544, 8750, -127375, -2931, 5871, 44857
16572.9, 1715, 1496, -5852, 9076, -122943, 8360, 4865, 44857
16576.7, 1408, 1496, -5852, 9076, -122943, 8360, 4865, 44862
16579.0, 69, 1496, -5852, 9076, -122943, 8360, 4865, 44862
16584.7, 1159, 1296, -6311, 8994, -122742, 19315, 3303, 44874
16588.5, 1279, 1296, -6311, 8994, -122742, 19315, 3303, 44884
16592.7, 1524, 1069, -6391, 8743, -124400, 25878, 2891, 44884
16596.4, 1672, 1069, -6391, 8743, -124400, 25878, 2891, 44873
16598.7, 465, 1069, -6391, 8743, -124400, 25878, 2891, 44873
16604.5, 1350, 613, -6541, 9415, -126728, 25834, 4256, 44931
16608.2, 1270, 613, -6541, 9415, -126728, 25834, 4256, 44945
16613.9, 1324, 167, -6256, 8660, -128447, 18760, 7271, 44954
16616.1, 45, 167, -6256, 8660, -128447, 18760, 7271, 44954
16618.5, 96, 167, -6256, 8660, -128447, 18760, 7271, 44954
16624.2, 1726, -66, -6327, 8882, -132551, 8168, 9817, 44927
16626.5, 94, -66, -6327, 8882, -132551, 8168, 9817, 44927
16630.7, 1281, 67, -6521, 9833, -127493, 61, 10871, 44927
16634.4, 1276, 67, -6521, 9833, -127493, 61, 10871, 44960
16636.7, 41, 67, -6521, 9833, -127493, 61, 10871, 44960
16640.9, 1281, 274, -6704, 8062, -129773, -6133, 8588, 44960
16644.6, 1250, 274, -6704, 8062, -129773, -6133, 8588, 44957
16646.9, 45, 274, -6704, 8062, -129773, -6133, 8588, 44957
16652.6, 1355, 416, -6904, 7542, -130849, -8601, 4506, 44956
16656.3, 1315, 416, -6904, 7542, -130849, -8601, 4506, 44995
16660.6, 1426, 255, -6674, 8143, -130740, -6790, 3845, 44995
16664.3, 1484, 255, -6674, 8143, -130740, -6790, 3845, 44968
16666.6, 71, 255, -6674, 8143, -130740, -6790, 3845, 44968
16670.8, 1176, 105, -6796, 8199, -130009, -7735, 7105, 44968
16674.6, 1245, 105, -6796, 8199, -130009, -7735, 7105, 44974
16678.8, 1447, -31, -6795, 7097, -134253, -14017, 11335, 44974
16682.6, 1432, -31, -6795, 7097, -134253, -14017, 11335, 44981
16686.3, 1314, -31, -6795, 7097, -134253, -14017, 11335, 44980
16690.6, 1266, -17, -6969, 7185, -139512, -22518, 14962, 44980
16694.3, 1311, -17, -6969, 7185, -139512, -22518, 14962, 44997
16698.5, 1321, 53, -7182, 7511, -142710, -32047, 17723, 44997
16702.2, 1346, 53, -7182, 7511, -142710, -32047, 17723, 45002
16706.0, 1107, 53, -7182, 7511, -142710, -32047, 17723, 44997
16710.3, 1137, 224, -7876, 7929, -143344, -43391, 19000, 44997
16714.0, 1503, 224, -7876, 7929, -143344, -43391, 19000, 45007
16718.3, 1656, 392, -8862, 8378, -143344, -53865, 18904, 45007
16722.0, 1569, 392, -8862, 8378, -143344, -53865, 18904, 45006
16725.8, 1226, 392, -8862, 8378, -143344, -53865, 18904, 45001
16730.0, 1240, 630, -9521, 6244, -143344, -62458, 18462, 45001
16733.7, 1284, 630, -9521, 6244, -143344, -62458, 18462, 44993
16737.9, 1363, 647, -9586, 3640, -143344, -64361, 18244, 44993
16741.7, 1217, 647, -9586, 3640, -143344, -64361, 18244, 44976
16744.0, 51, 647, -9586, 3640, -143344, -64361, 18244, 44976
16749.7, 1400, 123, -9218, 3110, -142513, -52290, 21105, 44995
16753.5, 1499, 123, -9218, 3110, -142513, -52290, 21105, 44995
16757.7, 1358, -739, -9194, 3350, -140299, -32073, 25497, 44995
16761.4, 1236, -739, -9194, 3350, -140299, -32073, 25497, 44992
16763.7, 49, -739, -9194, 3350, -140299, -32073, 25497, 44992
16769.5, 1437, -1292, -9892, 4530, -136349, -18121, 25432, 44979
16771.7, 57, -1292, -9892, 4530, -136349, -18121, 25432, 44979
16776.0, 1164, -1292, -9892, 4530, -136349, -18121, 17972, 44979
16779.7, 1273, -1292, -9892, 4530, -136349, -18121, 17972, 44966
16782.0, 57, -1292, -9892, 4530, -136349, -18121, 17972, 44966
16787.7, 1616, -1325, -10645, 5483, -131085, -25134, 6006, 44956
16791.4, 1366, -1325, -10645, 5483, -131085, -25134, 6006, 44956
16795.7, 1804, -898, -11339, 6416, -131085, -35267, -3762, 44956
16799.4, 1618, -898, -11339, 6416, -131085, -35267, -3762, 44945
16801.7, 98, -898, -11339, 6416, -131085, -35267, -3762, 44945
16805.9, 1225, -378, -11274, 6075, -120301, -42018, -7533, 44945
16809.6, 1243, -378, -11274, 6075, -120301, -42018, -7533, 44874
16811.9, 53, -378, -11274, 6075, -120301, -42018, -7533, 44874
16817.6, 1421, 185, -10340, 4795, -115506, -44091, -3465, 44928
16821.3, 1290, 185, -10340, 4795, -115506, -44091, -3465, 44906
16825.5, 1290, 863, -9171, 5035, -114036, -37428, 5665, 44906
16829.3, 1389, 863, -9171, 5035, -114036, -37428, 5665, 44901
16831.5, 74, 863, -9171, 5035, -114036, -37428, 5665, 44901
16835.8, 1271, 1593, -8520, 5898, -116818, -28451, 12298, 44901
16839.5, 1323, 1593, -8520, 5898, -116818, -28451, 12298, 44900
16843.7, 1202, 2306, -8732, 5718, -116818, -28451, 12298, 44900
16847.5, 1424, 2306, -8732, 5718, -116818, -28451, 12298, 44913
16851.3, 1531, 2306, -8732, 5718, -116818, -28451, 12298, 44912
16855.5, 1248, 2998, -9364, 5182, -120476, -7363, 8732, 44912
16859.3, 1299, 2998, -9364, 5182, -120476, -7363, 8732, 44918
16863.5, 1256, 3084, -9739, 5031, -120476, -7363, 8732, 44918
16867.2, 1249, 3084, -9739, 5031, -120476, -7363, 8732, 44928
16871.0, 1246, 3084, -9739, 5031, -120476, -7363, 8732, 44907
16875.3, 1460, 2961, -9535, 4492, -116468, 13488, 8273, 44907
16879.0, 1469, 2961, -9535, 4492, -116468, 13488, 8273, 44925
16883.3, 1292, 2312, -9494, 4683, -116468, 13488, 8273, 44925
16887.0, 1184, 2312, -9494, 4683, -116468, 13488, 8273, 44931
16890.7, 1209, 2312, -9494, 4683, -116468, 13488, 8273, 44920
16895.0, 1376, 1733, -9484, 4430, -107215, 17793, 7945, 44920
16898.7, 1374, 1733, -9484, 4430, -107215, 17793, 7945, 44926
16902.9, 1411, 1336, -9425, 3800, -107215, 17793, 7945, 44926
16906.7, 1182, 1336, -9425, 3800, -107215, 17793, 7945, 44922
16909.0, 42, 1336, -9425, 3800, -107215, 17793, 7945, 44922
16914.7, 1347, 1062, -9434, 3118, -100963, 21345, -1767, 44920
16918.5, 1492, 1062, -9434, 3118, -100963, 21345, -1767, 44916
16922.7, 1687, 742, -9397, 3279, -100963, 21345, -1767, 44916
16926.4, 1310, 742, -9397, 3279, -100963, 21345, -1767, 44893
16928.7, 48, 742, -9397, 3279, -100963, 21345, -1767, 44893
16934.5, 1426, 516, -9717, 2970, -92808, 21328, -6059, 44952
16936.7, 56, 516, -9717, 2970, -92808, 21328, -6059, 44952
16941.0, 1208, 225, -9852, 2141, -82150, 18541, -7468, 44952
16944.7, 1394, 225, -9852, 2141, -82150, 18541, -7468, 44941
16947.0, 62, 225, -9852, 2141, -82150, 18541, -7468, 44941
16952.7, 1363, 1, -9903, 1898, -73737, 14157, -6050, 44957
16956.4, 1200, 1, -9903, 1898, -73737, 14157, -6050, 44959
16960.7, 1294, -108, -10014, 2345, -65713, 9345, -3714, 44959
16964.4, 1277, -108, -10014, 2345, -65713, 9345, -3714, 44951
16966.7, 53, -108, -10014, 2345, -65713, 9345, -3714, 44951
16970.9, 1192, -34, -10092, 2606, -60039, 2546, -3513, 44951
16974.6, 1208, -34, -10092, 2606, -60039, 2546, -3513, 44912
16976.9, 49, -34, -10092, 2606, -60039, 2546, -3513, 44912
16982.6, 1441, 300, -10025, 2552, -55856, -4563, -5468, 44983
16986.3, 1278, 300, -10025, 2552, -55856, -4563, -5468, 44962
16990.6, 1332, 612, -9969, 2520, -55987, -8356, -7315, 44962
16994.4, 1294, 612, -9969, 2520, -55987, -8356, -7315, 44962
16996.6, 57, 612, -9969, 2520, -55987, -8356, -7315, 44962
17000.9, 1269, 804, -10000, 2622, -53804, -11615, -7231, 44962
17004.6, 1416, 804, -10000, 2622, -53804, -11615, -7231, 44949
17008.8, 1359, 827, -10261, 2404, -50024, -16082, -4773, 44949
17012.6, 1133, 827, -10261, 2404, -50024, -16082, -4773, 44941
17016.3, 1210, 827, -10261, 2404, -50024, -16082, -4773, 44922
17020.5, 1339, 832, -10460, 2131, -44717, -19757, -1824, 44922
17024.3, 1286, 832, -10460, 2131, -44717, -19757, -1824, 44935
17028.5, 1322, 850, -10513, 1944, -41331, -22430, -100, 44935
17032.2, 1222, 850, -10513, 1944, -41331, -22430, -100, 44891
17036.0, 1161, 850, -10513, 1944, -41331, -22430, -100, 44872
17040.3, 1331, 755, -10752, 1555, -39834, -24093, -927, 44872
17044.0, 1293, 755, -10752, 1555, -39834, -24093, -927, 44867
17048.3, 1264, 580, -10638, 1362, -36558, -23249, -3355, 44867
17052.0, 1275, 580, -10638, 1362, -36558, -23249, -3355, 44855
17055.7, 1289, 580, -10638, 1362, -36558, -23249, -3355, 44824
17060.0, 1278, 277, -10522, 1505, -34265, -21669, -6037, 44824
17063.7, 1319, 277, -10522, 1505, -34265, -21669, -6037, 44805
17067.9, 1274, 70, -10317, 1638, -31448, -22295, -7476, 44805
17071.7, 1088, 70, -10317, 1638, -31448, -22295, -7476, 44786
17074.0, 37, 70, -10317, 1638, -31448, -22295, -7476, 44786
17079.7, 1341, -62, -10242, 1814, -27234, -25191, -7735, 44782
17083.5, 1247, -62, -10242, 1814, -27234, -25191, -7735, 44752
17087.7, 1266, -111, -10031, 1829, -24872, -30135, -7288, 44752
17091.4, 1221, -111, -10031, 1829, -24872, -30135, -7288, 44718
17093.7, 44, -111, -10031, 1829, -24872, -30135, -7288, 44718
17099.5, 1417, 1, -9865, 1807, -23437, -36120, -5521, 44718
17101.7, 62, 1, -9865, 1807, -23437, -36120, -5521, 44718
17106.0, 1294, 330, -9720, 1655, -21582, -41965, -2791, 44718
17109.7, 1295, 330, -9720, 1655, -21582, -41965, -2791, 44705
17112.0, 58, 330, -9720, 1655, -21582, -41965, -2791, 44705
17117.7, 1394, 657, -9878, 1487, -18926, -45723, -358, 44704
17121.4, 1204, 657, -9878, 1487, -18926, -45723, -358, 44635
17125.7, 1307, 1305, -9833, 1255, -16529, -45386, 1391, 44635
17129.4, 1274, 1305, -9833, 1255, -16529, -45386, 1391, 44682
17131.7, 60, 1305, -9833, 1255, -16529, -45386, 1391, 44682
17135.9, 1346, 1738, -9948, 979, -14866, -41523, 2187, 44682
17139.6, 1304, 1738, -9948, 979, -14866, -41523, 2187, 44665
17141.9, 61, 1738, -9948, 979, -14866, -41523, 2187, 44665
17147.6, 1369, 1976, -9917, 885, -13129, -35376, 2795, 44663
17151.3, 1236, 1976, -9917, 885, -13129, -35376, 2795, 44647
17155.6, 1271, 2179, -9975, 823, -10626, -27471, 3145, 44647
17159.3, 1230, 2179, -9975, 823, -10626, -27471, 3145, 44633
17161.6, 56, 2179, -9975, 823, -10626, -27471, 3145, 44633
17165.9, 1276, 2052, -10040, 688, -8001, -16511, 3346, 44633
17169.6, 1281, 2052, -10040, 688, -8001, -16511, 3346, 44630
17173.8, 1282, 1704, -9826, 799, -6028, -4318, 3828, 44630
17177.6, 1223, 1704, -9826, 799, -6028, -4318, 3828, 44611
17181.3, 1212, 1704, -9826, 799, -6028, -4318, 3828, 44586
17185.6, 1357, 1218, -9770, 829, -5180, 5425, 5009, 44586
17189.3, 1237, 1218, -9770, 829, -5180, 5425, 5009, 44566
17193.6, 1211, 833, -9672, 725, -1526, 10093, 6702, 44566
17197.3, 1223, 833, -9672, 725, -1526, 10093, 6702, 44551
17201.1, 1358, 833, -9672, 725, -1526, 10093, 6702, 44527
17205.3, 1380, 741, -9632, 871, 2979, 10854, 7665, 44527
17209.1, 1278, 741, -9632, 871, 2979, 10854, 7665, 44509
17213.3, 1223, 835, -9654, 1008, 6269, 11340, 6628, 44509
17217.0, 1170, 835, -9654, 1008, 6269, 11340, 6628, 44506
17220.8, 1139, 835, -9654, 1008, 6269, 11340, 6628, 44490
17225.0, 1304, 1060, -9656, 1154, 7551, 13672, 5123, 44490
17228.7, 1280, 1060, -9656, 1154, 7551, 13672, 5123, 44469
17232.9, 1407, 1158, -9728, 1219, 9445, 17220, 5285, 44469
17236.7, 1170, 1158, -9728, 1219, 9445, 17220, 5285, 44459
17239.0, 42, 1158, -9728, 1219, 9445, 17220, 5285, 44459
17244.7, 1307, 1151, -9972, 997, 13641, 20129, 6956, 44447
17248.5, 1141, 1151, -9972, 997, 13641, 20129, 6956, 44439
17252.7, 1149, 917, -9841, 664, 16848, 22002, 8251, 44439
17256.5, 1198, 917, -9841, 664, 16848, 22002, 8251, 44437
17258.8, 44, 917, -9841, 664, 16848, 22002, 8251, 44437
17264.5, 1453, 603, -9589, 790, 17307, 23695, 8995, 44413
17266.8, 65, 603, -9589, 790, 17307, 23695, 8995, 44413
17272.5, 1331, 443, -9704, 1408, 17894, 23371, 9323, 44407
17276.2, 1120, 443, -9704, 1408, 17894, 23371, 9323, 44401
17280.5, 1188, 284, -9949, 1631, 17854, 21520, 7844, 44401
17284.2, 1799, 284, -9949, 1631, 17854, 21520, 7844, 44382
17286.5, 1426, 284, -9949, 1631, 17854, 21520, 7844, 44382
17290.7, 1466, 63, -10344, 1827, 17570, 18414, 4650, 44382
17294.4, 1228, 63, -10344, 1827, 17570, 18414, 4650, 44374
17296.7, 56, 63, -10344, 1827, 17570, 18414, 4650, 44374
17300.9, 1278, 124, -10477, 2044, 21665, 13392, 1513, 44374
17304.6, 1240, 124, -10477, 2044, 21665, 13392, 1513, 44333
17306.9, 58, 124, -10477, 2044, 21665, 13392, 1513, 44333
17312.6, 1270, 72, -9786, 1747, 21805, 9458, 673, 44336
17316.3, 1307, 72, -9786, 1747, 21805, 9458, 673, 44325
17320.6, 1342, 11, -9279, 2006, 20085, 5490, 3469, 44325
17324.4, 1023, 11, -9279, 2006, 20085, 5490, 3469, 44303
17328.6, 984, 11, -9279, 2006, 16633, -1561, 5976, 44303
17332.3, 1155, 11, -9279, 2006, 16633, -1561, 5976, 44248
17336.1, 2448, 11, -9279, 2006, 16633, -1561, 5976, 44270
17340.3, 1760, -282, -9555, 2047, 13882, -10548, 4816, 44270
17344.1, 1338, -282, -9555, 2047, 13882, -10548, 4816, 44263
17348.3, 1297, -282, -9555, 2047, 17810, -17784, 428, 44263
17352.0, 1312, -282, -9555, 2047, 17810, -17784, 428, 44262
17355.7, 1262, -282, -9555, 2047, 17810, -17784, 428, 44258
17360.0, 1101, 75, -10004, 1003, 21691, -20724, -4405, 44258
17363.7, 867, 75, -10004, 1003, 21691, -20724, -4405, 44211
17367.9, 1214, 75, -10004, 1003, 23660, -23651, -5770, 44211
17371.7, 2096, 75, -10004, 1003, 23660, -23651, -5770, 44179
17374.0, 939, 75, -10004, 1003, 23660, -23651, -5770, 44179
17379.7, 1304, 1135, -10091, 2034, 26416, -29238, -2358, 44162
17383.5, 1180, 1135, -10091, 2034, 26416, -29238, -2358, 44132
17387.7, 1337, 1135, -10091, 2034, 31216, -32327, 26, 44132
17391.4, 1272, 1135, -10091, 2034, 31216, -32327, 26, 44097
17393.7, 51, 1135, -10091, 2034, 31216, -32327, 26, 44097
17399.5, 1107, 1369, -10481, 1405, 36251, -26959, -1264, 44090
17403.2, 892, 1369, -10481, 1405, 36251, -26959, -1264, 44060
17408.9, 2160, 1063, -10188, 1931, 39734, -18261, -3530, 44087
17412.6, 1407, 1063, -10188, 1931, 39734, -18261, -3530, 44082
17418.3, 1321, 1063, -10188, 1931, 39734, -13672, -3644, 44100
17422.0, 1226, 1063, -10188, 1931, 39734, -13672, -3644, 44111
17427.8, 1196, 826, -10028, 2355, 44083, -13672, -3644, 44124
17431.5, 984, 826, -10028, 2355, 44083, -13672, -3644, 44116
17435.8, 1367, 522, -9903, 2349, 46970, -13317, -2931, 44116
17439.5, 2223, 522, -9903, 2349, 46970, -13317, -2931, 44119
17441.8, 619, 522, -9903, 2349, 46970, -13317, -2931, 44119
17447.5, 1188, 326, -10098, 2409, 47045, -15973, -2200, 44100
17451.3, 1054, 326, -10098, 2409, 47045, -15973, -2200, 44130
17455.5, 2315, 459, -10637, 2613, 51385, -19963, -2576, 44130
17459.2, 1379, 459, -10637, 2613, 51385, -19963, -2576, 44139
17461.5, 57, 459, -10637, 2613, 51385, -19963, -2576, 44139
17465.7, 1060, 850, -10932, 2292, 54933, -24526, -5188, 44139
17469.5, 1069, 850, -10932, 2292, 54933, -24526, -5188, 44143
17471.7, 250, 850, -10932, 2292, 54933, -24526, -5188, 44143
17477.5, 1464, 1438, -11179, 2628, 57444, -28538, -12000, 44114
17481.2, 1190, 1438, -11179, 2628, 57444, -28538, -12000, 44152
17485.4, 1319, 2043, -11233, 2872, 61084, -28538, -12000, 44152
17489.5, 760, 2043, -11233, 2872, 61084, -28538, -12000, 44160
17493.8, 1179, 2258, -10847, 2195, 63972, -24535, -13505, 44160
17497.5, 1188, 2258, -10847, 2195, 63972, -24535, -13505, 44163
17501.2, 1203, 2258, -10847, 2195, 63972, -24535, -13505, 44206
17505.5, 1579, 2129, -10514, 2306, 62410, -9507, -9695, 44206
17509.2, 1540, 2129, -10514, 2306, 62410, -9507, -9695, 44171
17513.4, 1236, 1866, -10473, 2941, 63381, -9507, -9695, 44171
17517.2, 1307, 1866, -10473, 2941, 63381, -9507, -9695, 44185
17520.9, 1332, 1866, -10473, 2941, 63381, -9507, -9695, 44187
17525.1, 1267, 1721, -10672, 2991, 64934, -7275, -11782, 44187
17528.9, 1125, 1721, -10672, 2991, 64934, -7275, -11782, 44167
17533.1, 1194, 1792, -10832, 2532, 61762, -7275, -11782, 44167
17536.8, 1231, 1792, -10832, 2532, 61762, -7275, -11782, 44202
17540.6, 1226, 1792, -10832, 2532, 61762, -7275, -11782, 44203
17544.8, 1492, 2057, -10855, 2533, 57418, -12972, -24097, 44203
17548.5, 1372, 2057, -10855, 2533, 57418, -12972, -24097, 44202
17552.8, 1122, 2350, -10756, 3147, 54714, -21280, -24097, 44202
17556.5, 1151, 2350, -10756, 3147, 54714, -21280, -24097, 44239
17558.8, 47, 2350, -10756, 3147, 54714, -21280, -24097, 44239
17564.6, 1954, 2186, -10476, 3352, 54640, -27479, -27611, 44212
17568.3, 1664, 2186, -10476, 3352, 54640, -27479, -27611, 44222
17574.1, 1202, 1506, -10167, 3285, 53983, -30406, -27611, 44235
17577.8, 1163, 1506, -10167, 3285, 53983, -30406, -27611, 44219
17583.5, 1430, 888, -10158, 3242, 60599, -30367, -22426, 44219
17585.7, 57, 888, -10158, 3242, 60599, -30367, -22426, 44219
17588.0, 31, 888, -10158, 3242, 60599, -30367, -22426, 44219
17593.7, 1292, 19, -9999, 2577, 63679, -24439, -14472, 44217
17595.9, 46, 19, -9999, 2577, 63679, -24439, -14472, 44217
17600.2, 1096, -491, -10647, 3193, 64317, -14621, -6820, 44217
17604.0, 1594, -491, -10647, 3193, 64317, -14621, -6820, 45127
17606.2, 98, -491, -10647, 3193, 64317, -14621, -6820, 45127
17610.5, 1708, -647, -11043, 4441, 68592, -8225, -5346, 45127
17614.2, 1329, -647, -11043, 4441, 68592, -8225, -5346, 45102
17616.5, 51, -647, -11043, 4441, 68592, -8225, -5346, 45102
17620.7, 1046, -440, -11011, 4750, 72241, -7516, -11576, 45102
17624.4, 1086, -440, -11011, 4750, 72241, -7516, -11576, 45097
17626.7, 281, -440, -11011, 4750, 72241, -7516, -11576, 45097
17630.9, 1467, -226, -10228, 4572, 74813, -12092, -20379, 45097
17634.6, 1450, -226, -10228, 4572, 74813, -12092, -20379, 45081
17636.9, 59, -226, -10228, 4572, 74813, -12092, -20379, 45081
17642.6, 1327, 299, -9404, 5120, 82544, -20449, -24522, 45062
17646.3, 1164, 299, -9404, 5120, 82544, -20449, -24522, 45073
17650.6, 1382, 625, -8848, 5006, 85243, -25624, -22137, 45073
17654.3, 1263, 625, -8848, 5006, 85243, -25624, -22137, 45073
17658.5, 1265, 791, -8891, 4669, 87685, -23918, -15518, 45073
17662.2, 1263, 791, -8891, 4669, 87685, -23918, -15518, 45039
17666.0, 1183, 791, -8891, 4669, 87685, -23918, -15518, 45057
17670.3, 1783, 902, -8842, 4506, 88463, -19709, -8763, 45057
17674.0, 1180, 902, -8842, 4506, 88463, -19709, -8763, 45017
17678.3, 1127, 1467, -8858, 4740, 89045, -17469, -4895, 45017
17682.0, 1163, 1467, -8858, 4740, 89045, -17469, -4895, 45013
17685.8, 1589, 1467, -8858, 4740, 89045, -17469, -4895, 45017
17690.0, 1391, 2177, -8887, 5626, 93902, -17837, -5223, 45017
17693.7, 1105, 2177, -8887, 5626, 93902, -17837, -5223, 44991
17697.9, 1209, 2806, -8779, 5691, 96741, -20597, -8522, 44991
17701.6, 1781, 2806, -8779, 5691, 96741, -20597, -8522, 45019
17703.9, 131, 2806, -8779, 5691, 96741, -20597, -8522, 45019
17709.7, 1187, 3041, -8953, 5736, 96540, -22802, -10972, 45004
17713.4, 1188, 3041, -8953, 5736, 96540, -22802, -10972, 45001
17719.1, 1286, 3102, -9050, 6042, 98504, -22850, -8859, 44993
17722.8, 1263, 3102, -9050, 6042, 98504, -22850, -8859, 44953
17728.5, 1299, 2858, -9288, 6241, 100469, -19687, -3171, 44902
17732.3, 1624, 2858, -9288, 6241, 100469, -19687, -3171, 44867
17738.0, 1226, 2734, -9078, 5539, 97962, -14271, 2830, 44825
17741.7, 1089, 2734, -9078, 5539, 97962, -14271, 2830, 44791
17747.5, 1639, 2404, -8882, 5632, 98089, -4821, 6225, 44751
17751.2, 1107, 2404, -8882, 5632, 98089, -4821, 6225, 44712
17753.5, 53, 2404, -8882, 5632, 98089, -4821, 6225, 44712
17759.2, 1265, 1609, -8958, 5992, 96610, 10968, 5718, 44664
17761.5, 43, 1609, -8958, 5992, 96610, 10968, 5718, 44664
17765.8, 1884, 888, -9219, 6037, 94160, 28936, -332, 44664
17769.5, 1191, 888, -9219, 6037, 94160, 28936, -332, 44634
17771.8, 41, 888, -9219, 6037, 94160, 28936, -332, 44634
17777.5, 1246, 110, -9455, 6864, 94890, 40395, -8452, 44598
17781.3, 1082, 110, -9455, 6864, 94890, 40395, -8452, 44571
17785.5, 1114, -151, -9226, 7016, 95350, 40456, -13825, 44571
17789.3, 1277, -151, -9226, 7016, 95350, 40456, -13825, 44533
17791.5, 532, -151, -9226, 7016, 95350, 40456, -13825, 44533
17795.8, 1239, -14, -8763, 7285, 96461, 27694, -14446, 44533
17799.6, 1061, -14, -8763, 7285, 96461, 27694, -14446, 44504
17803.8, 1095, 756, -7905, 7241, 97144, 6164, -10377, 44504
17807.5, 1242, 756, -7905, 7241, 97144, 6164, -10377, 44468
17811.3, 1356, 756, -7905, 7241, 97144, 6164, -10377, 44462
17815.5, 1239, 1664, -7612, 7264, 98736, -14372, -2848, 44462
17819.3, 1062, 1664, -7612, 7264, 98736, -14372, -2848, 44482
17823.5, 1111, 2370, -7768, 7383, 101619, -29487, 5110, 44482
17827.2, 2031, 2370, -7768, 7383, 101619, -29487, 5110, 44493
17831.0, 1320, 2370, -7768, 7383, 101619, -29487, 5110, 44456
17835.3, 1085, 2670, -8432, 7132, 103741, -37249, 11528, 44456
17839.0, 1106, 2670, -8432, 7132, 103741, -37249, 11528, 44446
17843.3, 1480, 2542, -8894, 7264, 105146, -33985, 15977, 44446
17847.0, 1249, 2542, -8894, 7264, 105146, -33985, 15977, 44432
17850.7, 1173, 2542, -8894, 7264, 105146, -33985, 15977, 44438
17855.0, 1220, 2107, -8542, 6226, 102446, -18620, 16240, 44438
17858.7, 1249, 2107, -8542, 6226, 102446, -18620, 16240, 44425
17862.9, 1197, 1245, -7842, 5764, 100744, 10058, 12149, 44425
17866.7, 1038, 1245, -7842, 5764, 100744, 10058, 12149, 44440
17869.0, 60, 1245, -7842, 5764, 100744, 10058, 12149, 44440
17874.7, 1336, 627, -7012, 6444, 98058, 37756, 3259, 44401
17878.4, 1293, 627, -7012, 6444, 98058, 37756, 3259, 44412
17884.1, 1182, 659, -5958, 7345, 100416, 48445, -7083, 44386
17887.8, 1018, 659, -5958, 7345, 100416, 48445, -7083, 44356
17893.5, 1414, 623, -6115, 8478, 101094, 45968, -13728, 44344
17897.3, 1182, 623, -6115, 8478, 101094, 45968, -13728, 44330
17903.0, 1241, 891, -5803, 8706, 101856, 33884, -14918, 44301
17906.7, 1149, 891, -5803, 8706, 101856, 33884, -14918, 44257
17912.5, 1493, 1141, -5883, 8913, 105211, 18322, -9664, 44247
17916.2, 1126, 1141, -5883, 8913, 105211, 18322, -9664, 44237
17920.4, 985, 1141, -6068, 8934, 106966, 3368, -1461, 44237
17924.1, 1159, 1141, -6068, 8934, 106966, 3368, -1461, 44211
17926.4, 46, 1141, -6068, 8934, 106966, 3368, -1461, 44211
17930.6, 1434, 1685, -6147, 8572, 106016, -8916, 3228, 44211
17934.3, 1175, 1685, -6147, 8572, 106016, -8916, 3228, 44867
17936.6, 45, 1685, -6147, 8572, 106016, -8916, 3228, 44867
17940.8, 1043, 2109, -5888, 7679, 105447, -17137, 2134, 44867
17944.5, 1079, 2109, -5888, 7679, 105447, -17137, 2134, 44211
17946.8, 48, 2109, -5888, 7679, 105447, -17137, 2134, 44211
17951.0, 1502, 2197, -5778, 7518, 106602, -16052, -1728, 44211
17954.7, 1167, 2197, -5778, 7518, 106602, -16052, -1728, 44230
17957.0, 44, 2197, -5778, 7518, 106602, -16052, -1728, 44230
17962.7, 1278, 2079, -5905, 7252, 108724, -6820, -7271, 44252
17966.4, 1184, 2079, -5905, 7252, 108724, -6820, -7271, 44278
17970.7, 1636, 1826, -6253, 7642, 109263, 5884, -12578, 44278
17974.4, 1120, 1826, -6253, 7642, 109263, 5884, -12578, 44293
17978.6, 1159, 1826, -6253, 7642, 109263, 16489, -15500, 44293
17982.3, 1061, 1826, -6253, 7642, 109263, 16489, -15500, 44298
17986.0, 1262, 1826, -6253, 7642, 109263, 16489, -15500, 44291
17990.3, 1473, 765, -6236, 8145, 109648, 22584, -15330, 44291
17994.0, 1489, 765, -6236, 8145, 109648, 22584, -15330, 44269
17998.2, 1233, 765, -6236, 8145, 109648, 22584, -13453, 44269
18002.0, 936, 765, -6236, 8145, 109648, 22584, -13453, 44242
18005.8, 925, 765, -6236, 8145, 109648, 22584, -13453, 44212
18010.0, 1184, 375, -4685, 8266, 103032, 20969, -13142, 44212
18013.8, 1456, 375, -4685, 8266, 103032, 20969, -13142, 44175
18018.0, 1595, 375, -4685, 8266, 103032, 19727, -16900, 44175
18021.7, 1262, 375, -4685, 8266, 103032, 19727, -16900, 44137
18024.0, 59, 375, -4685, 8266, 103032, 19727, -16900, 44137
18029.8, 1037, 341, -4310, 8673, 98977, 19057, -22588, 44058
18033.5, 1229, 341, -4310, 8673, 98977, 19057, -22588, 44065
18037.7, 1244, 341, -4310, 8673, 98977, 16209, -24898, 44065
18041.5, 1107, 341, -4310, 8673, 98977, 16209, -24898, 44048
18043.8, 57, 341, -4310, 8673, 98977, 16209, -24898, 44048
18049.5, 1179, 1185, -5352, 7899, 101142, 14883, -21013, 44024
18053.2, 1143, 1185, -5352, 7899, 101142, 14883, -21013, 44013
18059.0, 1288, 1511, -5770, 8386, 106585, 9695, -13453, 43996
18062.7, 1222, 1511, -5770, 8386, 106585, 9695, -13453, 43990
18068.4, 1326, 1511, -5770, 8386, 106585, 9695, -13453, 43968
18072.2, 1264, 1511, -5770, 8386, 106585, 9695, -13453, 43964
18077.9, 1229, 2079, -5706, 8592, 110299, -1750, -5451, 43946
18081.6, 1114, 2079, -5706, 8592, 110299, -1750, -5451, 43933
18085.9, 1221, 2261, -5328, 8236, 112303, -13313, 1701, 43933
18089.7, 995, 2261, -5328, 8236, 112303, -13313, 1701, 43935
18092.0, 37, 2261, -5328, 8236, 112303, -13313, 1701, 43935
18097.7, 1561, 2117, -4641, 7901, 112010, -15338, 5258, 43938
18101.4, 1245, 2117, -4641, 7901, 112010, -15338, 5258, 43936
18105.7, 1077, 1869, -3789, 7479, 111026, -9498, 3508, 43936
18109.4, 1097, 1869, -3789, 7479, 111026, -9498, 3508, 43914
18111.6, 42, 1869, -3789, 7479, 111026, -9498, 3508, 43914
18115.9, 1386, 1517, -3238, 7734, 111376, -472, -389, 43914
18119.7, 1066, 1517, -3238, 7734, 111376, -472, -389, 43946
18123.9, 1226, 1359, -3022, 7706, 112478, 8675, -5569, 43946
18127.6, 1289, 1359, -3022, 7706, 112478, 8675, -5569, 43965
18131.4, 1327, 1359, -3022, 7706, 112478, 8675, -5569, 43992
18135.6, 1060, 1288, -3280, 8062, 115024, 13015, -8570, 43992
18139.4, 1029, 1288, -3280, 8062, 115024, 13015, -8570, 44054
18143.6, 1586, 1320, -3489, 8613, 118161, 10482, -7927, 44054
18147.3, 1157, 1320, -3489, 8613, 118161, 10482, -7927, 44062
18151.1, 1493, 1320, -3489, 8613, 118161, 10482, -7927, 44095
18155.3, 1199, 1478, -3683, 9226, 119273, 2441, -3968, 44095
18159.1, 815, 1478, -3683, 9226, 119273, 2441, -3968, 44108
18163.3, 1296, 1368, -3428, 8915, 118651, -4655, 1176, 44108
18167.0, 1380, 1368, -3428, 8915, 118651, -4655, 1176, 44145
18170.7, 1352, 1368, -3428, 8915, 118651, -4655, 1176, 44163
18175.0, 1183, 1219, -3029, 8264, 115462, -7310, 4506, 44163
18178.7, 1212, 1219, -3029, 8264, 115462, -7310, 4506, 44158
18183.0, 1147, 934, -2509, 8144, 114736, -4191, 2624, 44158
18186.7, 1094, 934, -2509, 8144, 114736, -4191, 2624, 44095
18189.0, 47, 934, -2509, 8144, 114736, -4191, 2624, 44095
18194.7, 1145, 665, -1919, 7899, 115431, 2139, -3399, 44123
18198.5, 1358, 665, -1919, 7899, 115431, 2139, -3399, 44105
18202.7, 1235, 510, -1849, 8014, 118179, 6676, -8058, 44105
18206.5, 1201, 510, -1849, 8014, 118179, 6676, -8058, 44077
18208.8, 47, 510, -1849, 8014, 118179, 6676, -8058, 44077
18214.5, 1210, 696, -1911, 8378, 123547, 4768, -8518, 44054
18218.2, 1365, 696, -1911, 8378, 123547, 4768, -8518, 44026
18224.0, 1253, 893, -1916, 8806, 126780, -1496, -3578, 43994
18226.2, 45, 893, -1916, 8806, 126780, -1496, -3578, 43994
18228.5, 496, 893, -1916, 8806, 126780, -1496, -3578, 43994
18234.2, 1417, 1104, -1966, 9343, 125695, -9874, 3185, 43981
18236.5, 50, 1104, -1966, 9343, 125695, -9874, 3185, 43981
18240.8, 926, 1195, -1594, 9343, 124116, -16607, 6247, 43981
18244.5, 1165, 1195, -1594, 9343, 124116, -16607, 6247, 43692
18246.8, 40, 1195, -1594, 9343, 124116, -16607, 6247, 43692
18251.0, 1544, 1193, -1050, 8511, 121596, -17911, 3963, 43692
18254.7, 1288, 1193, -1050, 8511, 121596, -17911, 3963, 43706
18257.0, 263, 1193, -1050, 8511, 121596, -17911, 3963, 43706
18262.7, 1161, 1339, -463, 8720, 123412, -13654, -39, 43710
18266.4, 1227, 1339, -463, 8720, 123412, -13654, -39, 43695
18270.6, 1163, 1786, -83, 8675, 126155, -10977, -1373, 43695
18274.4, 1366, 1786, -83, 8675, 126155, -10977, -1373, 43680
18276.6, 49, 1786, -83, 8675, 126155, -10977, -1373, 43680
18280.9, 1016, 2314, -191, 8727, 127174, -11646, 1001, 43680
18284.7, 1307, 2314, -191, 8727, 127174, -11646, 1001, 43669
18288.9, 1293, 2258, -530, 9035, 127025, -11423, 7791, 43669
18292.6, 1130, 2258, -530, 9035, 127025, -11423, 7791, 43622
18296.4, 1281, 2258, -530, 9035, 127025, -11423, 7791, 43570
18300.6, 1356, 1661, -716, 8325, 122410, -7376, 15159, 43570
18304.4, 1289, 1661, -716, 8325, 122410, -7376, 15159, 43519
18308.6, 1191, 884, -671, 8620, 118525, 4506, 17364, 43519
18312.3, 1141, 884, -671, 8620, 118525, 4506, 17364, 43480
18316.0, 1096, 884, -671, 8620, 118525, 4506, 17364, 43427
18320.3, 1306, 162, -10, 9091, 115676, 17268, 12123, 43427
18324.0, 1307, 162, -10, 9091, 115676, 17268, 12123, 43386
18328.2, 1215, -59, 663, 8971, 112793, 24185, 1916, 43386
18332.0, 1018, -59, 663, 8971, 112793, 24185, 1916, 43361
18335.7, 891, -59, 663, 8971, 112793, 24185, 1916, 43334
18340.0, 1264, 255, 1297, 9351, 115130, 22492, -8373, 43334
18343.7, 1329, 255, 1297, 9351, 115130, 22492, -8373, 43255
18347.9, 1332, 883, 1994, 9610, 121718, 16021, -11283, 43255
18351.6, 1176, 883, 1994, 9610, 121718, 16021, -11283, 43292
18353.9, 40, 883, 1994, 9610, 121718, 16021, -11283, 43292
18359.6, 1476, 1601, 1966, 10347, 127472, 4554, -5617, 43245
18363.3, 2868, 1601, 1966, 10347, 127472, 4554, -5617, 43207
18369.0, 1166, 2085, 1656, 10068, 129384, -11397, 4751, 43164
18372.7, 1028, 2085, 1656, 10068, 129384, -11397, 4751, 43103
18378.5, 1384, 2221, 1417, 9293, 130827, -19495, 16437, 43052
18382.2, 1345, 2221, 1417, 9293, 130827, -19495, 16437, 43009
18388.0, 1224, 2146, 1262, 8718, 128648, -16712, 23822, 42981
18391.7, 1017, 2146, 1262, 8718, 128648, -16712, 23822, 42934
18395.9, 1197, 1883, 1622, 8723, 128902, -5149, 21787, 42934
18399.6, 2085, 1883, 1622, 8723, 128902, -5149, 21787, 42943
18401.9, 660, 1883, 1622, 8723, 128902, -5149, 21787, 42943
18407.6, 1140, 1577, 2291, 9287, 129685, 8999, 13588, 42926
18411.3, 1106, 1577, 2291, 9287, 129685, 8999, 13588, 42859
18415.6, 1177, 1507, 2721, 9250, 129572, 16813, 6125, 42859
18419.3, 1159, 1507, 2721, 9250, 129572, 16813, 6125, 42840
18421.6, 44, 1507, 2721, 9250, 129572, 16813, 6125, 42840
18425.8, 1117, 1524, 3197, 8794, 129558, 19022, 5350, 42840
18429.6, 1297, 1524, 3197, 8794, 129558, 19022, 5350, 42818
18431.8, 60, 1524, 3197, 8794, 129558, 19022, 5350, 42818
18437.6, 1759, 1571, 3663, 8733, 128850, 20488, 11353, 42850
18441.3, 1016, 1571, 3663, 8733, 128850, 20488, 11353, 42836
18445.6, 965, 1592, 3862, 8819, 126828, 18716, 16892, 42836
18449.3, 1261, 1592, 3862, 8819, 126828, 18716, 16892, 42842
18451.5, 54, 1592, 3862, 8819, 126828, 18716, 16892, 42842
18455.8, 1116, 1363, 4189, 8199, 123328, 15999, 17185, 42842
18459.5, 1140, 1363, 4189, 8199, 123328, 15999, 17185, 42837
18463.7, 1770, 1071, 4555, 8099, 125302, 20877, 11410, 42837
18467.5, 1439, 1071, 4555, 8099, 125302, 20877, 11410, 42786
18471.3, 1495, 1071, 4555, 8099, 125302, 20877, 11410, 42879
18475.5, 1162, 878, 4929, 9075, 130425, 27961, 5070, 42879
18479.2, 1205, 878, 4929, 9075, 130425, 27961, 5070, 42863
18483.5, 1145, 728, 4973, 8271, 131615, 31854, 3692, 42863
18487.2, 1116, 728, 4973, 8271, 131615, 31854, 3692, 42883
18491.0, 1113, 728, 4973, 8271, 131615, 31854, 3692, 42893
18495.3, 1405, 810, 4721, 7297, 131895, 33101, 5656, 42893
18499.0, 1349, 810, 4721, 7297, 131895, 33101, 5656, 42911
18503.3, 1218, 760, 4612, 8060, 131943, 31229, 9826, 42911
18507.0, 1158, 760, 4612, 8060, 131943, 31229, 9826, 43570
18510.7, 1020, 760, 4612, 8060, 131943, 31229, 9826, 42944
18515.0, 1310, 1008, 4789, 7919, 132665, 24767, 12937, 42944
18518.7, 1651, 1008, 4789, 7919, 132665, 24767, 12937, 42924
18522.9, 1362, 1417, 5003, 7958, 133085, 21805, 11659, 42924
18526.7, 1114, 1417, 5003, 7958, 133085, 21805, 11659, 42938
18529.0, 33, 1417, 5003, 7958, 133085, 21805, 11659, 42938
18534.7, 1484, 1299, 5222, 7270, 135758, 25147, 5980, 42922
18538.5, 1761, 1299, 5222, 7270, 135758, 25147, 5980, 42943
18542.7, 1330, 1168, 5318, 7503, 136086, 34948, 179, 42943
18546.4, 1015, 1168, 5318, 7503, 136086, 34948, 179, 42925
18548.7, 29, 1168, 5318, 7503, 136086, 34948, 179, 42925
18554.5, 1385, 808, 5441, 7555, 134988, 42346, -4545, 42943
18556.7, 48, 808, 5441, 7555, 134988, 42346, -4545, 42943
18561.0, 1021, 808, 5441, 6254, 128452, 46038, -6689, 42943
18564.7, 1509, 808, 5441, 6254, 128452, 46038, -6689, 42949
18567.0, 76, 808, 5441, 6254, 128452, 46038, -6689, 42949
18572.7, 1473, 1147, 5531, 6867, 129073, 48773, -7879, 42940
18576.4, 1011, 1147, 5531, 6867, 129073, 48773, -7879, 42962
18580.7, 1188, 1147, 5531, 6631, 134025, 49263, -9511, 42962
18584.4, 1076, 1147, 5531, 6631, 134025, 49263, -9511, 42917
18586.7, 37, 1147, 5531, 6631, 134025, 49263, -9511, 42917
18590.9, 1646, 1928, 6115, 6287, 131247, 48401, -12517, 42917
18594.6, 1592, 1928, 6115, 6287, 131247, 48401, -12517, 42905
18596.9, 90, 1928, 6115, 6287, 131247, 48401, -12517, 42905
18602.6, 1071, 1896, 6642, 7272, 129983, 47591, -12797, 42904
18606.3, 1231, 1896, 6642, 7272, 129983, 47591, -12797, 42897
18610.6, 1764, 1722, 7319, 7591, 126767, 46200, -7175, 42897
18614.3, 1330, 1722, 7319, 7591, 126767, 46200, -7175, 42907
18616.6, 52, 1722, 7319, 7591, 126767, 46200, -7175, 42907
18620.8, 1158, 1426, 7625, 6896, 117466, 41900, 2336, 42907
18624.6, 1271, 1426, 7625, 6896, 117466, 41900, 2336, 42901
18628.9, 1269, 1426, 7625, 6896, 117466, 41900, 2336, 42901
18632.6, 1226, 1426, 7625, 6896, 117466, 41900, 2336, 42902
18636.3, 1115, 1426, 7625, 6896, 117466, 41900, 2336, 42916
18640.6, 1313, 22, 6870, 5791, 106056, 40670, 20164, 42916
18644.3, 1349, 22, 6870, 5791, 106056, 40670, 20164, 42861
18648.6, 1208, 22, 6870, 5791, 106056, 40670, 20164, 42861
18652.3, 1157, 22, 6870, 5791, 106056, 40670, 20164, 42889
18656.1, 1093, 22, 6870, 5791, 106056, 40670, 20164, 42891
18660.3, 1266, -676, 6238, 5535, 101296, 46257, 11392, 42891
18664.1, 1270, -676, 6238, 5535, 101296, 46257, 11392, 42887
18668.3, 1164, -676, 6238, 5535, 101296, 46257, 11392, 42887
18672.0, 1113, -676, 6238, 5535, 101296, 46257, 11392, 42905
18675.8, 1282, -676, 6238, 5535, 101296, 46257, 11392, 42910
18680.0, 1428, 262, 6677, 6176, 105675, 40613, -10246, 42910
18683.7, 1321, 262, 6677, 6176, 105675, 40613, -10246, 42911
18687.9, 1247, 262, 6677, 6176, 105675, 40613, -10246, 42911
18691.7, 926, 262, 6677, 6176, 105675, 40613, -10246, 42900
18694.0, 28, 262, 6677, 6176, 105675, 40613, -10246, 42900
18699.7, 1295, 1073, 7230, 5970, 92025, 17220, -3346, 42920
18703.5, 1179, 1073, 7230, 5970, 92025, 17220, -3346, 42904
18707.7, 1148, 1073, 7230, 5970, 92025, 17220, -3346, 42904
18711.4, 1098, 1073, 7230, 5970, 92025, 17220, -3346, 42903
18713.7, 31, 1073, 7230, 5970, 92025, 17220, -3346, 42903
18719.5, 1394, 1289, 7326, 5336, 82719, 196, 14105, 42903
18721.7, 55, 1289, 7326, 5336, 82719, 196, 14105, 42903
18725.9, 1216, 1298, 7343, 5062, 79875, 196, 14105, 42903
18729.6, 1246, 1298, 7343, 5062, 79875, 196, 14105, 42906
18731.9, 51, 1298, 7343, 5062, 79875, 196, 14105, 42906
18737.6, 1311, 1086, 7336, 4788, 79429, 4628, 17255, 42923
18741.3, 1131, 1086, 7336, 4788, 79429, 4628, 17255, 42958
18745.5, 1292, 389, 7784, 5130, 74568, 12630, 14883, 42958
18749.3, 1276, 389, 7784, 5130, 74568, 12630, 14883, 42924
18751.5, 53, 389, 7784, 5130, 74568, 12630, 14883, 42924
18755.8, 1248, -413, 8236, 5112, 63749, 17465, 11917, 42924
18759.6, 1244, -413, 8236, 5112, 63749, 17465, 11917, 42937
18761.9, 42, -413, 8236, 5112, 63749, 17465, 11917, 42937
18767.6, 1340, -827, 7942, 4944, 53935, 16244, 10487, 42937
18771.3, 1193, -827, 7942, 4944, 53935, 16244, 10487, 42930
18775.6, 1292, -658, 7286, 5045, 53927, 9296, 11095, 42930
18779.4, 1251, -658, 7286, 5045, 53927, 9296, 11095, 42921
18783.6, 1158, 190, 7246, 4861, 57939, 332, 11064, 42921
18787.3, 1198, 190, 7246, 4861, 57939, 332, 11064, 42941
18791.1, 1310, 190, 7246, 4861, 57939, 332, 11064, 42923
18795.3, 1233, 1167, 7557, 4549, 56945, -7096, 9082, 42923
18799.1, 1180, 1167, 7557, 4549, 56945, -7096, 9082, 42911
18803.3, 1182, 1296, 7611, 4805, 53371, -7433, 8925, 42911
18807.0, 1142, 1296, 7611, 4805, 53371, -7433, 8925, 42676
18810.7, 1297, 1296, 7611, 4805, 53371, -7433, 8925, 42643
18815.0, 1274, 1714, 7887, 3529, 52264, 1701, 8181, 42643
18818.7, 1209, 1714, 7887, 3529, 52264, 1701, 8181, 42598
18822.9, 1119, 974, 8888, 3595, 50011, 16104, 6956, 42598
18826.7, 1041, 974, 8888, 3595, 50011, 16104, 6956, 42894
18829.0, 25, 974, 8888, 3595, 50011, 16104, 6956, 42894
18834.6, 1253, 294, 8210, 3963, 54202, 28923, 8544, 42553
18838.7, 796, 294, 8210, 3963, 54202, 28923, 8544, 42541
18844.4, 1281, -90, 8036, 4467, 61001, 36116, 8758, 42547
18848.1, 1165, -90, 8036, 4467, 61001, 36116, 8758, 42525
18853.8, 1213, 267, 8414, 4467, 58380, 36247, 10924, 42468
18857.5, 1085, 267, 8414, 4467, 58380, 36247, 10924, 42434
18863.3, 1162, 445, 7965, 4227, 54478, 32567, 16021, 42410
18867.0, 1119, 445, 7965, 4227, 54478, 32567, 16021, 42373
18872.7, 1239, 607, 8275, 4183, 54220, 29089, 19727, 42327
18876.4, 1214, 607, 8275, 4183, 54220, 29089, 19727, 42280
18880.7, 1134, 799, 8657, 4232, 53314, 23752, 20418, 42280
18884.4, 1137, 799, 8657, 4232, 53314, 23752, 20418, 42269
18886.7, 39, 799, 8657, 4232, 53314, 23752, 20418, 42269
18890.9, 1212, 1139, 8773, 4419, 50492, 16581, 22185, 42269
18894.6, 1178, 1139, 8773, 4419, 50492, 16581, 22185, 42211
18896.9, 40, 1139, 8773, 4419, 50492, 16581, 22185, 42211
18902.6, 1175, 705, 9448, 3969, 44835, 11121, 22829, 42191
18906.3, 1174, 705, 9448, 3969, 44835, 11121, 22829, 42183
18910.6, 1156, 226, 9593, 3820, 38513, 10465, 20274, 42183
18914.3, 1147, 226, 9593, 3820, 38513, 10465, 20274, 42148
18916.5, 37, 226, 9593, 3820, 38513, 10465, 20274, 42148
18920.8, 1171, -416, 9297, 3765, 35560, 14293, 18287, 42148
18924.6, 1131, -416, 9297, 3765, 35560, 14293, 18287, 42102
18926.8, 38, -416, 9297, 3765, 35560, 14293, 18287, 42102
18932.6, 1175, -257, 9381, 3354, 33517, 14945, 17679, 42081
18936.3, 1206, -257, 9381, 3354, 33517, 14945, 17679, 42032
18940.6, 1151, -25, 9198, 3110, 29466, 12066, 15942, 42032
18944.4, 1105, -25, 9198, 3110, 29466, 12066, 15942, 41904
18948.6, 1123, 165, 9268, 3219, 26005, 8610, 12438, 41904
18952.3, 1093, 165, 9268, 3219, 26005, 8610, 12438, 41842
18956.1, 1187, 165, 9268, 3219, 26005, 8610, 12438, 41761
18960.3, 1139, 198, 9389, 3370, 22842, 5302, 8185, 41761
18964.1, 1076, 198, 9389, 3370, 22842, 5302, 8185, 41674
18968.3, 1143, 426, 9674, 3279, 18567, 2983, 3377, 41674
18972.0, 1133, 426, 9674, 3279, 18567, 2983, 3377, 41610
18975.7, 1162, 426, 9674, 3279, 18567, 2983, 3377, 41536
18980.0, 1156, 244, 9915, 3279, 14652, 2883, -367, 41536
18983.7, 1122, 244, 9915, 3279, 14652, 2883, -367, 41427
18987.9, 1076, -5, 9608, 3421, 12245, 3351, -2270, 41427
18991.7, 1158, -5, 9608, 3421, 12245, 3351, -2270, 41383
18994.0, 32, -5, 9608, 3421, 12245, 3351, -2270, 41383
18999.7, 1156, 35, 9244, 3766, 11869, 3154, -3329, 41319
19003.5, 1093, 35, 9244, 3766, 11869, 3154, -3329, 41241
19007.7, 1090, 195, 9331, 3230, 9988, 879, -4523, 41241
19011.4, 1155, 195, 9331, 3230, 9988, 879, -4523, 41144
19013.7, 34, 195, 9331, 3230, 9988, 879, -4523, 41144
19019.4, 1150, 305, 9341, 3088, 3018, -1233, -7275, 41128
19023.2, 1100, 305, 9341, 3088, 3018, -1233, -7275, 41065
19028.9, 1134, 281, 9101, 3212, -1006, -3950, -11515, 41021
19032.6, 1098, 281, 9101, 3212, -1006, -3950, -11515, 41023
19038.3, 1182, 396, 9069, 3349, -2992, -5963, -15535, 40963
19042.0, 1154, 396, 9069, 3349, -2992, -5963, -15535, 40939
19047.8, 1117, 543, 9056, 3304, -6068, -7328, -17819, 40918
19051.5, 1136, 543, 9056, 3304, -6068, -7328, -17819, 40869
19055.8, 1166, 518, 9045, 3406, -9511, -8439, -18970, 40869
19059.5, 1092, 518, 9045, 3406, -9511, -8439, -18970, 40897
19061.8, 34, 518, 9045, 3406, -9511, -8439, -18970, 40897
19067.5, 1187, 458, 9040, 3527, -11283, -9493, -18729, 40904
19071.3, 1139, 458, 9040, 3527, -11283, -9493, -18729, 40896
19075.5, 1091, 411, 8988, 3443, -13348, -10198, -18690, 40896
19079.2, 1115, 411, 8988, 3443, -13348, -10198, -18690, 40925
19081.5, 32, 411, 8988, 3443, -13348, -10198, -18690, 40925
19085.8, 1101, 357, 9564, 2047, -22111, -12810, -20256, 40925
19089.5, 1065, 357, 9564, 2047, -22111, -12810, -20256, 40925
19091.7, 34, 357, 9564, 2047, -22111, -12810, -20256, 40925
19097.4, 1207, 345, 8280, 4953, -26324, -19075, -24605, 40944
19101.2, 1105, 345, 8280, 4953, -26324, -19075, -24605, 41002
19105.4, 1115, 250, 9003, 3888, -20295, -26368, -30179, 41002
19109.1, 1040, 250, 9003, 3888, -20295, -26368, -30179, 41024
19113.4, 1075, 493, 9152, 3787, -21507, -24986, -32318, 41024
19117.1, 1119, 493, 9152, 3787, -21507, -24986, -32318, 41068
19120.8, 1097, 493, 9152, 3787, -21507, -24986, -32318, 41118
19125.1, 1159, 675, 9043, 3634, -23397, -22842, -27961, 41118
19128.8, 1083, 675, 9043, 3634, -23397, -22842, -27961, 42102
19133.0, 1065, 269, 9486, 3626, -28822, -22299, -22955, 42102
19136.7, 1168, 269, 9486, 3626, -28822, -22299, -22955, 41184
19140.5, 1093, 269, 9486, 3626, -28822, -22299, -22955, 41222
19144.7, 1112, 265, 9105, 3617, -32218, -21722, -20510, 41222
19148.5, 1074, 265, 9105, 3617, -32218, -21722, -20510, 41253
19154.2, 1112, 412, 8983, 3526, -34488, -20873, -21599, 41328
19157.9, 1070, 412, 8983, 3526, -34488, -20873, -21599, 41280
19163.6, 1111, 195, 9036, 3768, -38522, -21407, -25270, 41374
19167.3, 1163, 195, 9036, 3768, -38522, -21407, -25270, 41439
19173.0, 1118, -109, 8888, 4103, -41795, -23857, -29474, 41461
19176.8, 1070, -109, 8888, 4103, -41795, -23857, -29474, 41510
19179.1, 32, -109, 8888, 4103, -41795, -23857, -29474, 41510
19184.9, 1121, -309, 8954, 4269, -42451, -30078, -32012, 41608
19188.6, 1092, -309, 8954, 4269, -42451, -30078, -32012, 41606
19192.8, 1042, -388, 8968, 4302, -43317, -37236, -33088, 41606
19196.6, 1127, -388, 8968, 4302, -43317, -37236, -33088, 41664
19200.8, 1113, -388, 8968, 4302, -43317, -37236, -33998, 41664
19204.5, 1064, -388, 8968, 4302, -43317, -37236, -33998, 41710
19206.8, 30, -388, 8968, 4302, -43317, -37236, -33998, 41710
19211.0, 1144, -438, 9043, 4206, -47548, -46388, -34746, 41710
19214.7, 1074, -438, 9043, 4206, -47548, -46388, -34746, 41739
19217.0, 32, -438, 9043, 4206, -47548, -46388, -34746, 41739
19222.7, 1247, -260, 8974, 4208, -52426, -50037, -36369, 41790
19226.4, 1140, -260, 8974, 4208, -52426, -50037, -36369, 41833
19230.7, 1113, -198, 9009, 4359, -55558, -51643, -36479, 41833
19234.4, 1088, -198, 9009, 4359, -55558, -51643, -36479, 41876
19236.6, 31, -198, 9009, 4359, -55558, -51643, -36479, 41876
19240.9, 1078, 275, 8708, 3937, -57925, -51717, -35652, 41876
19244.7, 1065, 275, 8708, 3937, -57925, -51717, -35652, 41919
19246.9, 34, 275, 8708, 3937, -57925, -51717, -35652, 41919
19252.6, 1220, 311, 8428, 4051, -60953, -50917, -38281, 41946
19256.4, 1131, 311, 8428, 4051, -60953, -50917, -38281, 41988
19260.6, 1119, 308, 8428, 4051, -63315, -48331, -41427, 41988
19264.4, 1044, 308, 8428, 4051, -63315, -48331, -41427, 42045
19266.6, 31, 308, 8428, 4051, -63315, -48331, -41427, 42045
19270.9, 1143, 209, 8341, 4890, -63434, -45141, -43260, 42045
19274.7, 1073, 209, 8341, 4890, -63434, -45141, -43260, 42091
19278.9, 1065, -37, 8341, 4890, -63434, -45141, -43260, 42091
19282.6, 1229, -37, 8341, 4890, -63434, -45141, -43260, 42147
19286.4, 1154, -37, 8341, 4890, -63434, -45141, -43260, 42204
19290.7, 1115, -360, 8193, 4755, -71672, -48453, -45820, 42204
19294.4, 994, -360, 8193, 4755, -71672, -48453, -45820, 42257
19298.6, 1144, -360, 8193, 4755, -71672, -48453, -45820, 42257
19302.3, 1196, -360, 8193, 4755, -71672, -48453, -45820, 42318
19306.1, 1155, -360, 8193, 4755, -71672, -48453, -45820, 42333
19310.3, 1007, -277, 8581, 4769, -78633, -53130, -46388, 42333
19314.0, 1049, -277, 8581, 4769, -78633, -53130, -46388, 42366
19318.2, 1062, -43, 8581, 4769, -78633, -53130, -46388, 42366
19322.0, 1180, -43, 8581, 4769, -78633, -53130, -46388, 42440
19325.7, 1134, -43, 8581, 4769, -78633, -53130, -46388, 42420
19330.0, 996, 288, 8000, 4919, -85449, -44752, -44179, 42420
19333.7, 794, 288, 8000, 4919, -85449, -44752, -44179, 42443
19337.9, 1228, 384, 8000, 4919, -85449, -44752, -44179, 42443
19341.6, 1213, 384, 8000, 4919, -85449, -44752, -44179, 42456
19343.9, 55, 384, 8000, 4919, -85449, -44752, -44179, 42456
19349.6, 558, 276, 7959, 5516, -85020, -37170, -39016, 42471
19353.3, 953, 276, 7959, 5516, -85020, -37170, -39016, 42477
19359.1, 1088, 111, 8053, 5516, -85020, -37170, -39016, 42494
19361.3, 29, 111, 8053, 5516, -85020, -37170, -39016, 42494
19363.6, 17, 111, 8053, 5516, -85020, -37170, -39016, 42494
19369.3, 1007, -39, 7810, 5517, -87177, -35704, -33954, 42484
19371.5, 28, -39, 7810, 5517, -87177, -35704, -33954, 42484
19375.8, 1025, -314, 8140, 5757, -90730, -37341, -29470, 42484
19379.5, 679, -314, 8140, 5757, -90730, -37341, -29470, 42530
19381.8, 27, -314, 8140, 5757, -90730, -37341, -29470, 42530
19387.5, 1548, -480, 8075, 6144, -95949, -43986, -26473, 42513
19391.2, 1104, -480, 8075, 6144, -95949, -43986, -26473, 42502
19395.5, 1095, -580, 7843, 6834, -96452, -55134, -25515, 42502
19399.2, 1023, -580, 7843, 6834, -96452, -55134, -25515, 42522
19401.5, 137, -580, 7843, 6834, -96452, -55134, -25515, 42522
19405.7, 1370, -576, 7621, 6711, -92944, -66571, -24859, 42522
19409.4, 729, -576, 7621, 6711, -92944, -66571, -24859, 42517
19411.7, 20, -576, 7621, 6711, -92944, -66571, -24859, 42517
19415.9, 1404, -205, 6893, 6074, -90113, -67997, -23082, 42517
19419.6, 1094, -205, 6893, 6074, -90113, -67997, -23082, 42536
19423.9, 1148, 497, 6098, 5214, -86818, -57497, -19600, 42536
19427.6, 1471, 497, 6098, 5214, -86818, -57497, -19600, 42579
19431.4, 1288, 497, 6098, 5214, -86818, -57497, -19600, 42561
19435.6, 1211, 978, 5863, 5021, -86814, -50221, -17268, 42561
19439.4, 933, 978, 5863, 5021, -86814, -50221, -17268, 42572
19443.6, 1222, 821, 5900, 5414, -87190, -49027, -15185, 42572
19447.3, 1487, 821, 5900, 5414, -87190, -49027, -15185, 42580
19451.1, 1069, 821, 5900, 5414, -87190, -49027, -15185, 42570
19455.3, 1512, 547, 6290, 5999, -83804, -48038, -11563, 42570
19459.1, 1400, 547, 6290, 5999, -83804, -48038, -11563, 42603
19463.3, 1234, 506, 6537, 6945, -84469, -45579, -7446, 42603
19467.0, 1603, 506, 6537, 6945, -84469, -45579, -7446, 42247
19470.7, 1536, 506, 6537, 6945, -84469, -45579, -7446, 42613
19475.0, 1110, 530, 6448, 7002, -86333, -40451, -4151, 42613
19478.7, 1063, 530, 6448, 7002, -86333, -40451, -4151, 42245
19482.9, 1599, 733, 6342, 6804, -89325, -35473, -1089, 42245
19486.7, 1676, 733, 6342, 6804, -89325, -35473, -1089, 42236
19489.0, 347, 733, 6342, 6804, -89325, -35473, -1089, 42236
19494.6, 1432, 684, 6049, 7366, -89019, -36527, 4081, 42219
19498.4, 1155, 684, 6049, 7366, -89019, -36527, 4081, 42202
19504.1, 1049, 443, 5932, 7707, -87457, -43706, 12342, 42200
19507.8, 1584, 443, 5932, 7707, -87457, -43706, 12342, 42190
19513.5, 1340, 177, 5724, 7430, -90542, -49998, 20217, 42208
19517.3, 1387, 177, 5724, 7430, -90542, -49998, 20217, 42220
19523.0, 1460, -55, 5255, 7470, -95144, -52163, 23319, 42250
19526.7, 1347, -55, 5255, 7470, -95144, -52163, 23319, 42281
19532.4, 1483, -203, 4890, 6998, -96234, -48029, 20764, 42306
19536.1, 1171, -203, 4890, 6998, -96234, -48029, 20764, 42343
19540.4, 1278, -382, 4875, 7129, -95717, -37769, 14288, 42343
19544.1, 1201, -382, 4875, 7129, -95717, -37769, 14288, 42324
19546.4, 35, -382, 4875, 7129, -95717, -37769, 14288, 42324
19550.6, 1080, -353, 5047, 7192, -97152, -27794, 9458, 42324
19554.3, 1223, -353, 5047, 7192, -97152, -27794, 9458, 42398
19556.6, 408, -353, 5047, 7192, -97152, -27794, 9458, 42398
19560.8, 1245, -223, 4906, 7899, -97192, -21954, 8876, 42398
19564.5, 941, -223, 4906, 7899, -97192, -21954, 8876, 42424
19566.8, 260, -223, 4906, 7899, -97192, -21954, 8876, 42424
19571.0, 1432, 12, 4971, 8428, -97157, -24202, 10543, 42424
19574.7, 1216, 12, 4971, 8428, -97157, -24202, 10543, 42452
19579.0, 1189, 239, 4653, 8254, -100049, -31469, 11204, 42452
19582.8, 1346, 239, 4653, 8254, -100049, -31469, 11204, 42484
19586.5, 1224, 239, 4653, 8254, -100049, -31469, 11204, 42497
19590.8, 1438, 253, 4175, 7801, -104669, -37284, 9152, 42497
19594.5, 1464, 253, 4175, 7801, -104669, -37284, 9152, 42516
19598.7, 1381, 470, 3750, 7833, -103190, -36466, 5363, 42516
19602.5, 1514, 470, 3750, 7833, -103190, -36466, 5363, 42533
19606.3, 1331, 470, 3750, 7833, -103190, -36466, 5363, 42557
19610.5, 1346, 658, 3608, 8118, -98762, -30564, 1732, 42557
19614.3, 1067, 658, 3608, 8118, -98762, -30564, 1732, 42565
19618.5, 1506, 1054, 3553, 8041, -97813, -26237, -498, 42565
19622.3, 1609, 1054, 3553, 8041, -97813, -26237, -498, 42553
19626.0, 1226, 1054, 3553, 8041, -97813, -26237, -498, 42568
19630.3, 1154, 1429, 3544, 8650, -96715, -26626, 844, 42568
19634.0, 1218, 1429, 3544, 8650, -96715, -26626, 844, 42581
19638.2, 1614, 1735, 3649, 8998, -97292, -31867, 6046, 42581
19641.9, 1642, 1735, 3649, 8998, -97292, -31867, 6046, 42594
19645.6, 1380, 1735, 3649, 8998, -97292, -31867, 6046, 42539
19649.9, 1275, 1735, 3529, 8669, -100596, -35140, 10303, 42539
19653.6, 1299, 1735, 3529, 8669, -100596, -35140, 10303, 42601
19657.8, 1466, 1495, 3482, 7961, -105404, -31929, 10386, 42601
19661.6, 1308, 1495, 3482, 7961, -105404, -31929, 10386, 42600
19663.8, 82, 1495, 3482, 7961, -105404, -31929, 10386, 42600
19669.6, 1302, 1517, 3294, 8301, -104992, -24395, 7153, 42612
19673.3, 1518, 1517, 3294, 8301, -104992, -24395, 7153, 42618
19679.0, 1459, 1714, 3294, 9081, -99366, -19346, 3307, 42648
19681.2, 47, 1714, 3294, 9081, -99366, -19346, 3307, 42648
19683.5, 25, 1714, 3294, 9081, -99366, -19346, 3307, 42648
19689.3, 1327, 2009, 3299, 8666, -97669, -19508, 2161, 42665
19691.5, 188, 2009, 3299, 8666, -97669, -19508, 2161, 42665
19695.8, 1538, 2254, 2919, 9232, -96347, -22465, 4396, 42665
19699.5, 1156, 2254, 2919, 9232, -96347, -22465, 4396, 42689
19701.8, 35, 2254, 2919, 9232, -96347, -22465, 4396, 42689
19706.0, 1469, 2293, 2817, 9204, -92799, -26407, 8675, 42689
19709.7, 1330, 2293, 2817, 9204, -92799, -26407, 8675, 42719
19712.0, 197, 2293, 2817, 9204, -92799, -26407, 8675, 42719
19717.7, 1435, 2123, 2941, 8411, -99261, -26784, 11720, 42732
19721.4, 1154, 2123, 2941, 8411, -99261, -26784, 11720, 42747
19725.6, 1306, 1743, 2969, 8287, -106699, -22479, 11895, 42747
19729.4, 1564, 1743, 2969, 8287, -106699, -22479, 11895, 42716
19731.6, 671, 1743, 2969, 8287, -106699, -22479, 11895, 42716
19735.9, 1480, 1467, 3111, 9799, -103829, -16262, 10010, 42716
19739.7, 1165, 1467, 3111, 9799, -103829, -16262, 10010, 42762
19743.9, 1422, 1467, 3111, 10091, -100504, -12941, 7971, 42762
19747.6, 1521, 1467, 3111, 10091, -100504, -12941, 7971, 42783
19751.4, 1322, 1467, 3111, 10091, -100504, -12941, 7971, 42794
19755.6, 1349, 1522, 3570, 8772, -107206, -13650, 8089, 42794
19759.4, 1251, 1522, 3570, 8772, -107206, -13650, 8089, 42799
19763.6, 1522, 1522, 3570, 8740, -108733, -14354, 11397, 42799
19767.3, 1567, 1522, 3570, 8740, -108733, -14354, 11397, 42807
19771.0, 1372, 1522, 3570, 8740, -108733, -14354, 11397, 42834
19775.3, 1227, 1363, 2219, 9538, -103706, -14971, 15863, 42834
19779.0, 1374, 1363, 2219, 9538, -103706, -14971, 15863, 42843
19783.2, 1660, 1363, 2219, 9840, -104244, -20361, 14967, 42843
19787.0, 1566, 1363, 2219, 9840, -104244, -20361, 14967, 42857
19790.7, 1339, 1363, 2219, 9840, -104244, -20361, 14967, 42876
19795.0, 1201, 1412, 1198, 9601, -108825, -28092, 8155, 42876
19798.7, 1434, 1412, 1198, 9601, -108825, -28092, 8155, 42902
19802.9, 1510, 1412, 1198, 8704, -110803, -30323, 354, 42902
19806.6, 1286, 1412, 1198, 8704, -110803, -30323, 354, 42921
19808.9, 59, 1412, 1198, 8704, -110803, -30323, 354, 42921
19814.6, 1380, 1708, 874, 8522, -111148, -23529, -4497, 42917
19818.3, 1519, 1708, 874, 8522, -111148, -23529, -4497, 42958
19824.0, 1410, 1976, 910, 9065, -108353, -13680, -4195, 42972
19827.7, 1492, 1976, 910, 9065, -108353, -13680, -4195, 42990
19833.5, 1462, 2484, 792, 9175, -106165, -9240, 459, 43012
19837.2, 1468, 2484, 792, 9175, -106165, -9240, 459, 43026
19842.9, 1535, 2484, 792, 9175, -106165, -9240, 6343, 43030
19846.6, 1228, 2484, 792, 9175, -106165, -9240, 6343, 43029
19850.9, 1157, 2848, 440, 9299, -107324, -11659, 6343, 43029
19854.6, 1328, 2848, 440, 9299, -107324, -11659, 6343, 43028
19856.9, 56, 2848, 440, 9299, -107324, -11659, 6343, 43028
19862.6, 1441, 2911, 109, 8711, -109634, -16157, 13825, 43024
19866.3, 1266, 2911, 109, 8711, -109634, -16157, 13825, 43034
19870.6, 1242, 2525, -453, 8870, -114241, -15102, 13825, 43034
19874.3, 1281, 2525, -453, 8870, -114241, -15102, 13825, 43059
19876.6, 43, 2525, -453, 8870, -114241, -15102, 13825, 43059
19880.8, 1203, 2069, -870, 8977, -116600, -10644, 10080, 43059
19884.6, 1322, 2069, -870, 8977, -116600, -10644, 10080, 43076
19886.8, 43, 2069, -870, 8977, -116600, -10644, 10080, 43076
19892.6, 1319, 1599, -1088, 9132, -115475, 3705, 6750, 43067
19896.3, 1155, 1599, -1088, 9132, -115475, 3705, 6750, 43143
19900.6, 1410, 1365, -993, 8909, -115475, 3705, 6763, 43143
19904.3, 1468, 1365, -993, 8909, -115475, 3705, 6763, 43161
19906.5, 64, 1365, -993, 8909, -115475, 3705, 6763, 43161
19910.8, 1256, 1247, -931, 8984, -113738, 5560, 10850, 43161
19914.5, 1307, 1247, -931, 8984, -113738, 5560, 10850, 43191
19918.7, 1259, 1580, -983, 9397, -113738, 5560, 10850, 43191
19922.4, 1388, 1580, -983, 9397, -113738, 5560, 10850, 43225
19926.2, 1477, 1580, -983, 9397, -113738, 5560, 10850, 43267
19930.4, 1275, 2127, -1211, 8787, -117168, -9489, 16843, 43267
19934.1, 1325, 2127, -1211, 8787, -117168, -9489, 16843, 43304
19938.4, 1490, 2420, -1748, 9582, -121456, -9489, 16843, 43304
19942.1, 1265, 2420, -1748, 9582, -121456, -9489, 16843, 43303
19945.8, 1251, 2420, -1748, 9582, -121456, -9489, 16843, 43385
19950.1, 1215, 2602, -2129, 9617, -119649, -14516, 13593, 43385
19953.8, 1227, 2602, -2129, 9617, -119649, -14516, 13593, 43440
19958.1, 1236, 2349, -2342, 8432, -120148, -14516, 13593, 43440
19961.8, 1238, 2349, -2342, 8432, -120148, -14516, 13593, 43414
19965.6, 1287, 2349, -2342, 8432, -120148, -14516, 13593, 43454
19969.8, 1418, 1957, -2402, 8394, -120016, 9682, 17259, 43454
19973.6, 1396, 1957, -2402, 8394, -120016, 9682, 17259, 43491
19977.8, 1220, 1269, -2559, 9672, -118546, 9682, 17259, 43491
19981.5, 1132, 1269, -2559, 9672, -118546, 9682, 17259, 43495
19983.8, 40, 1269, -2559, 9672, -118546, 9682, 17259, 43495
19989.5, 1580, 543, -2766, 8240, -124077, 22159, 17872, 43507
19993.2, 1497, 543, -2766, 8240, -124077, 22159, 17872, 43513
19998.9, 1383, 890, -3196, 8490, -124378, 22159, 17872, 43531
20002.7, 1227, 890, -3196, 8490, -124378, 22159, 17872, 43558
20008.4, 1331, 1537, -3279, 9381, -123223, 16078, 12818, 43576
20012.1, 1214, 1537, -3279, 9381, -123223, 16078, 12818, 43620
20017.8, 1308, 2191, -3344, 9421, -124243, 6129, 6860, 43637
20021.5, 1265, 2191, -3344, 9421, -124243, 6129, 6860, 43646
20025.8, 1349, 2395, -3095, 9275, -123902, -21, 3176, 43646
20029.5, 1467, 2395, -3095, 9275, -123902, -21, 3176, 43665
20031.8, 63, 2395, -3095, 9275, -123902, -21, 3176, 43665
20036.0, 1181, 2283, -2953, 9399, -121123, -2086, 5245, 43665
20039.7, 1199, 2283, -2953, 9399, -121123, -2086, 5245, 43682
20042.0, 39, 2283, -2953, 9399, -121123, -2086, 5245, 43682
20047.7, 1316, 2204, -2980, 8910, -118953, -4886, 12328, 43689
20051.4, 1155, 2204, -2980, 8910, -118953, -4886, 12328, 43698
20055.7, 1255, 2035, -3108, 8767, -119286, -6243, 20908, 43698
20059.4, 1522, 2035, -3108, 8767, -119286, -6243, 20908, 43692
20061.6, 82, 2035, -3108, 8767, -119286, -6243, 20908, 43692
20065.9, 1218, 1836, -3466, 8938, -117435, -1627, 27304, 43692
20069.7, 1251, 1836, -3466, 8938, -117435, -1627, 27304, 43662
20073.9, 1247, 1678, -4165, 8638, -118271, 4834, 27112, 43662
20077.6, 1195, 1678, -4165, 8638, -118271, 4834, 27112, 43714
20081.4, 1149, 1678, -4165, 8638, -118271, 4834, 27112, 43706
20085.7, 1245, 1499, -4481, 8120, -118577, 13737, 19854, 43706
20089.4, 1347, 1499, -4481, 8120, -118577, 13737, 19854, 43710
20093.6, 1281, 1123, -4626, 8062, -117431, 27125, 11235, 43710
20097.3, 1320, 1123, -4626, 8062, -117431, 27125, 11235, 43697
20101.1, 1215, 1123, -4626, 8062, -117431, 27125, 11235, 43749
20105.3, 1280, 996, -4566, 8685, -112233, 36982, 6461, 43749
20109.0, 1191, 996, -4566, 8685, -112233, 36982, 6461, 43776
20113.2, 1239, 1060, -4555, 9152, -111244, 35893, 6129, 43776
20116.9, 1252, 1060, -4555, 9152, -111244, 35893, 6129, 44182
20120.7, 1173, 1060, -4555, 9152, -111244, 35893, 6129, 44175
20124.9, 1538, 1313, -4788, 9665, -112391, 27506, 8920, 44175
20128.7, 1247, 1313, -4788, 9665, -112391, 27506, 8920, 44217
20132.9, 1234, 1478, -5358, 9558, -113428, 19302, 12976, 44217
20136.6, 1157, 1478, -5358, 9558, -113428, 19302, 12976, 44214
20138.9, 40, 1478, -5358, 9558, -113428, 19302, 12976, 44214
20144.6, 1307, 1738, -6083, 8782, -115497, 10828, 14940, 44223
20148.3, 1181, 1738, -6083, 8782, -115497, 10828, 14940, 44256
20154.0, 1233, 1630, -6430, 7968, -117479, 6601, 14770, 44257
20158.1, 958, 1630, -6430, 7968, -117479, 6601, 14770, 44229
20163.8, 1424, 1462, -6492, 7909, -118166, 10202, 16472, 44225
20166.0, 61, 1462, -6492, 7909, -118166, 10202, 16472, 44225
20168.3, 11, 1462, -6492, 7909, -118166, 10202, 16472, 44225
20174.0, 1370, 1389, -6696, 8200, -114390, 15483, 19924, 44232
20176.2, 57, 1389, -6696, 8200, -114390, 15483, 19924, 44232
20180.5, 1270, 1423, -6709, 7524, -115449, 16297, 23012, 44232
20184.3, 1269, 1423, -6709, 7524, -115449, 16297, 23012, 44260
20186.6, 49, 1423, -6709, 7524, -115449, 16297, 23012, 44260
20190.8, 1260, 1195, -7032, 7551, -117645, 16091, 24732, 44260
20194.5, 1364, 1195, -7032, 7551, -117645, 16091, 24732, 44267
20196.8, 59, 1195, -7032, 7551, -117645, 16091, 24732, 44267
20201.0, 1116, 1021, -7460, 7874, -116573, 17889, 25318, 44267
20204.7, 1267, 1021, -7460, 7874, -116573, 17889, 25318, 44275
20207.0, 49, 1021, -7460, 7874, -116573, 17889, 25318, 44275
20212.7, 1201, 707, -7619, 7603, -116538, 21057, 24408, 44296
20216.4, 1121, 707, -7619, 7603, -116538, 21057, 24408, 44303
20220.7, 1413, 499, -7567, 7395, -118546, 23214, 22999, 44303
20224.4, 1386, 499, -7567, 7395, -118546, 23214, 22999, 44295
20226.6, 64, 499, -7567, 7395, -118546, 23214, 22999, 44295
20230.9, 1235, 624, -7724, 7780, -116858, 23957, 21709, 44295
20234.7, 1407, 624, -7724, 7780, -116858, 23957, 21709, 44316
20238.9, 1132, 695, -7406, 7152, -115738, 23686, 19976, 44316
20242.6, 1153, 695, -7406, 7152, -115738, 23686, 19976, 44330
20246.4, 1198, 695, -7406, 7152, -115738, 23686, 19976, 44344
20250.7, 1360, 589, -7367, 7031, -117361, 22037, 17994, 44344
20254.4, 1333, 589, -7367, 7031, -117361, 22037, 17994, 44350
20258.6, 1275, 476, -7525, 7242, -115672, 19836, 17189, 44350
20262.3, 1223, 476, -7525, 7242, -115672, 19836, 17189, 44373
20266.0, 1164, 476, -7525, 7242, -115672, 19836, 17189, 44372
20270.3, 1240, 220, -7613, 6771, -115497, 19158, 17649, 44372
20274.0, 1114, 220, -7613, 6771, -115497, 19158, 17649, 44365
20278.2, 1181, 88, -7810, 6684, -116687, 18519, 19101, 44365
20282.0, 1372, 88, -7810, 6684, -116687, 18519, 19101, 44365
20285.7, 1487, 88, -7810, 6684, -116687, 18519, 19101, 44371
20289.9, 1322, 269, -8276, 7289, -113900, 16073, 20352, 44371
20293.7, 1220, 269, -8276, 7289, -113900, 16073, 20352, 44373
20297.9, 1132, 705, -8363, 6708, -110194, 10771, 20029, 44373
20301.6, 975, 705, -8363, 6708, -110194, 10771, 20029, 44387
20303.9, 30, 705, -8363, 6708, -110194, 10771, 20029, 44387
20309.6, 1442, 1033, -8400, 6176, -112535, 3893, 17054, 44375
20313.3, 1347, 1033, -8400, 6176, -112535, 3893, 17054, 44381
20319.0, 1258, 1113, -8441, 6641, -110212, 844, 14643, 44395
20322.7, 1197, 1113, -8441, 6641, -110212, 844, 14643, 44405
20328.5, 1285, 987, -8321, 6189, -107941, 4182, 14923, 44422
20330.7, 53, 987, -8321, 6189, -107941, 4182, 14923, 44422
20333.0, 14, 987, -8321, 6189, -107941, 4182, 14923, 44422
20338.7, 1277, 631, -8594, 6136, -105959, 9152, 16161, 44429
20340.9, 52, 631, -8594, 6136, -105959, 9152, 16161, 44429
20343.2, 12, 631, -8594, 6136, -105959, 9152, 16161, 44429
20349.0, 1360, 439, -8918, 6126, -102888, 13203, 18174, 44448
20351.2, 57, 439, -8918, 6126, -102888, 13203, 18174, 44448
20355.5, 1362, 276, -9610, 6164, -99821, 14621, 18926, 44448
20359.2, 1341, 276, -9610, 6164, -99821, 14621, 18926, 44462
20361.5, 62, 276, -9610, 6164, -99821, 14621, 18926, 44462
20365.7, 1332, 391, -9961, 5871, -95630, 12197, 16944, 44462
20369.4, 1258, 391, -9961, 5871, -95630, 12197, 16944, 44472
20371.7, 53, 391, -9961, 5871, -95630, 12197, 16944, 44472
20375.9, 1285, 169, -9868, 5532, -94505, 8181, 12132, 44472
20379.6, 1227, 169, -9868, 5532, -94505, 8181, 12132, 44448
20381.9, 49, 169, -9868, 5532, -94505, 8181, 12132, 44448
20387.6, 1316, 163, -9400, 5605, -93600, 7288, 7336, 44472
20391.3, 1228, 163, -9400, 5605, -93600, 7288, 7336, 44476
20395.6, 1392, -45, -9047, 5793, -91570, 11545, 5350, 44476
20399.3, 1228, -45, -9047, 5793, -91570, 11545, 5350, 44461
20401.6, 51, -45, -9047, 5793, -91570, 11545, 5350, 44461
20405.9, 1315, -352, -8773, 5937, -88835, 13978, 5810, 44461
20409.6, 1280, -352, -8773, 5937, -88835, 13978, 5810, 44455
20413.8, 1240, -352, -8773, 5937, -87129, 9975, 6785, 44455
20417.6, 1234, -352, -8773, 5937, -87129, 9975, 6785, 44501
20421.3, 1245, -352, -8773, 5937, -87129, 9975, 6785, 44502
20425.6, 1355, -343, -9282, 5528, -84880, 2126, 7555, 44502
20429.3, 1324, -343, -9282, 5528, -84880, 2126, 7555, 44267
20433.5, 1229, -343, -9282, 5528, -82273, -5836, 6685, 44267
20437.2, 1146, -343, -9282, 5528, -82273, -5836, 6685, 44536
20441.0, 1245, -343, -9282, 5528, -82273, -5836, 6685, 44522
20445.2, 1252, 11, -9412, 4916, -81052, -13623, 3911, 44522
20448.9, 1163, 11, -9412, 4916, -81052, -13623, 3911, 44566
20453.1, 1280, 11, -9412, 4916, -80431, -18751, 1710, 44566
20456.9, 1222, 11, -9412, 4916, -80431, -18751, 1710, 44573
20460.6, 1279, 11, -9412, 4916, -80431, -18751, 1710, 44589
20464.8, 1233, 860, -9360, 4728, -78886, -19972, 1478, 44589
20468.6, 1202, 860, -9360, 4728, -78886, -19972, 1478, 44602
20472.8, 1209, 860, -9360, 4728, -75286, -15706, 2848, 44602
20476.5, 1205, 860, -9360, 4728, -75286, -15706, 2848, 44601
20478.8, 39, 860, -9360, 4728, -75286, -15706, 2848, 44601
20484.5, 1372, 969, -9815, 4133, -70928, -8561, 4821, 44606
20488.2, 1249, 969, -9815, 4133, -70928, -8561, 4821, 44602
20494.0, 1284, 969, -9815, 4133, -65849, -1579, 5411, 44602
20496.2, 48, 969, -9815, 4133, -65849, -1579, 5411, 44602
20498.5, 14, 969, -9815, 4133, -65849, -1579, 5411, 44602
20504.2, 1349, 659, -10202, 3914, -59789, 3268, 3556, 44610
20506.4, 53, 659, -10202, 3914, -59789, 3268, 3556, 44610
20510.7, 1222, 202, -10372, 3875, -59789, 3268, 3556, 44610
20514.4, 1180, 202, -10372, 3875, -59789, 3268, 3556, 44620
20516.7, 48, 202, -10372, 3875, -59789, 3268, 3556, 44620
20522.4, 1365, -141, -10484, 4740, -54032, 5411, -205, 44618
20526.1, 1416, -141, -10484, 4740, -54032, 5411, -205, 44631
20530.4, 1299, -43, -9932, 4634, -39721, 12298, -2397, 44631
20534.1, 1217, -43, -9932, 4634, -39721, 12298, -2397, 44650
20536.4, 48, -43, -9932, 4634, -39721, 12298, -2397, 44650
20540.6, 1269, -577, -9452, 1637, -55694, 15811, -1378, 44650
20544.3, 1197, -577, -9452, 1637, -55694, 15811, -1378, 44666
20546.6, 48, -577, -9452, 1637, -55694, 15811, -1378, 44666
20550.8, 1243, 11, -10193, 4110, -55830, -975, -5429, 44666
20554.5, 1199, 11, -10193, 4110, -55830, -975, -5429, 44680
20558.8, 1242, -477, -9255, 4118, -49967, -4633, -7564, 44680
20562.5, 1157, -477, -9255, 4118, -49967, -4633, -7564, 44711
20566.3, 1257, -477, -9255, 4118, -49967, -4633, -7564, 44698
20570.5, 1265, -657, -9763, 3890, -50129, -10845, -7035, 44698
20574.3, 1190, -657, -9763, 3890, -50129, -10845, -7035, 44699
20578.6, 1221, -479, -9723, 4308, -46708, -22960, -2401, 44699
20582.3, 1134, -479, -9723, 4308, -46708, -22960, -2401, 44711
20586.0, 1151, -479, -9723, 4308, -46708, -22960, -2401, 44718
20590.3, 1291, 267, -10054, 3715, -45085, -30520, 3298, 44718
20594.0, 1257, 267, -10054, 3715, -45085, -30520, 3298, 44717
20598.3, 1254, 816, -10312, 3064, -42315, -30507, 5298, 44717
20602.0, 1185, 816, -10312, 3064, -42315, -30507, 5298, 44670
20605.8, 1174, 816, -10312, 3064, -42315, -30507, 5298, 44729
20610.0, 1176, 1021, -10317, 2418, -39988, -27191, 2957, 44729
20613.8, 1144, 1021, -10317, 2418, -39988, -27191, 2957, 44732
20618.0, 1188, 894, -10146, 2122, -38509, -22037, -1369, 44732
20621.7, 1270, 894, -10146, 2122, -38509, -22037, -1369, 44746
20625.5, 1230, 894, -10146, 2122, -38509, -22037, -1369, 44792
20629.7, 1244, 726, -9899, 2356, -36711, -14393, -4462, 44792
20633.4, 1205, 726, -9899, 2356, -36711, -14393, -4462, 44771
20639.2, 1263, 472, -9835, 2555, -35258, -8028, -5709, 44786
20642.9, 1158, 472, -9835, 2555, -35258, -8028, -5709, 44800
20648.6, 1346, 181, -9790, 2560, -32633, -6330, -6085, 44812
20650.8, 52, 181, -9790, 2560, -32633, -6330, -6085, 44812
20653.1, 24, 181, -9790, 2560, -32633, -6330, -6085, 44812
20658.9, 1263, 10, -9730, 2686, -29728, -7503, -4611, 44891
20661.1, 50, 10, -9730, 2686, -29728, -7503, -4611, 44891
20663.4, 26, 10, -9730, 2686, -29728, -7503, -4611, 44891
20669.1, 1360, -26, -9681, 2749, -27869, -9738, -1561, 44890
20671.4, 57, -26, -9681, 2749, -27869, -9738, -1561, 44890
20675.6, 1313, 115, -9793, 2836, -27037, -12622, 735, 44890
20679.3, 1233, 115, -9793, 2836, -27037, -12622, 735, 44869
20681.6, 56, 115, -9793, 2836, -27037, -12622, 735, 44869
20685.8, 1271, 123, -9856, 2620, -26687, -15632, 612, 44869
20689.5, 1225, 123, -9856, 2620, -26687, -15632, 612, 44864
20691.8, 57, 123, -9856, 2620, -26687, -15632, 612, 44864
20696.0, 1323, 195, -9806, 2392, -26854, -17364, -1054, 44864
20699.7, 1241, 195, -9806, 2392, -26854, -17364, -1054, 44829
20702.0, 60, 195, -9806, 2392, -26854, -17364, -1054, 44829
20707.7, 1333, 241, -9644, 2386, -27107, -18069, -2821, 44822
20711.4, 1290, 241, -9644, 2386, -27107, -18069, -2821, 44800
20715.7, 1327, 251, -9461, 2478, -28783, -19972, -4134, 44800
20719.4, 1227, 251, -9461, 2478, -28783, -19972, -4134, 44955
20721.7, 56, 251, -9461, 2478, -28783, -19972, -4134, 44955
20725.9, 1298, 402, -9489, 2346, -29063, -22623, -4287, 44955
20729.7, 1259, 402, -9489, 2346, -29063, -22623, -4287, 44790
20733.9, 1268, 396, -9705, 2026, -27379, -23069, -3425, 44790
20737.6, 1156, 396, -9705, 2026, -27379, -23069, -3425, 44722
20741.4, 1250, 396, -9705, 2026, -27379, -23069, -3425, 44772
20745.7, 1280, 345, -9969, 1931, -26547, -20825, -1999, 44772
20749.4, 1407, 345, -9969, 1931, -26547, -20825, -1999, 44768
20753.6, 1295, 291, -10226, 2128, -25244, -18528, -1281, 44768
20757.3, 1287, 291, -10226, 2128, -25244, -18528, -1281, 44765
20761.0, 1280, 291, -10226, 2128, -25244, -18528, -1281, 44783
20765.3, 1299, 353, -10269, 1856, -23082, -17574, -1500, 44783
20769.0, 1216, 353, -10269, 1856, -23082, -17574, -1500, 44763
20773.2, 1235, 480, -10106, 1666, -20943, -17627, -2891, 44763
20777.0, 1280, 480, -10106, 1666, -20943, -17627, -2891, 44937
20780.7, 1316, 480, -10106, 1666, -20943, -17627, -2891, 44778
20785.0, 1272, 597, -9774, 1715, -19565, -17316, -4160, 44778
20788.7, 1235, 597, -9774, 1715, -19565, -17316, -4160, 44770
20792.9, 1291, 617, -9481, 1651, -20864, -16529, -4493, 44770
20796.6, 1277, 617, -9481, 1651, -20864, -16529, -4493, 44775
20798.9, 59, 617, -9481, 1651, -20864, -16529, -4493, 44775
20804.6, 1327, 515, -9386, 1917, -22395, -16047, -3828, 44803
20808.3, 1224, 515, -9386, 1917, -22395, -16047, -3828, 44786
20814.1, 1379, 414, -9543, 2158, -22461, -16782, -2178, 44769
20816.3, 58, 414, -9543, 2158, -22461, -16782, -2178, 44769
20818.6, 30, 414, -9543, 2158, -22461, -16782, -2178, 44769
20824.3, 1327, 448, -9879, 2156, -22592, -19202, -993, 44779
20826.6, 54, 448, -9879, 2156, -22592, -19202, -993, 44779
20830.9, 1324, 550, -10268, 2011, -21993, -21660, -953, 44779
20834.7, 1309, 550, -10268, 2011, -21993, -21660, -953, 44740
20836.9, 59, 550, -10268, 2011, -21993, -21660, -953, 44740
20842.7, 1373, 686, -10424, 1869, -20974, -22540, -1509, 44761
20846.4, 1329, 686, -10424, 1869, -20974, -22540, -1509, 44754
20850.7, 1295, 745, -10231, 1784, -19740, -20934, -2878, 44754
20854.4, 1205, 745, -10231, 1784, -19740, -20934, -2878, 44754
20856.7, 48, 745, -10231, 1784, -19740, -20934, -2878, 44754
20861.0, 1268, 702, -9933, 1733, -19819, -18331, -4046, 44754
20864.7, 1250, 702, -9933, 1733, -19819, -18331, -4046, 44763
20867.0, 52, 702, -9933, 1733, -19819, -18331, -4046, 44763
20872.7, 1423, 651, -9713, 1783, -19985, -16962, -4563, 44739
20876.4, 1294, 651, -9713, 1783, -19985, -16962, -4563, 44733
20880.7, 1279, 498, -9565, 1692, -20361, -17382, -4475, 44733
20884.5, 1220, 498, -9565, 1692, -20361, -17382, -4475, 44723
20888.7, 1250, 391, -9616, 1706, -20160, -18344, -3963, 44723
20892.5, 1308, 391, -9616, 1706, -20160, -18344, -3963, 44723
20896.2, 1301, 391, -9616, 1706, -20160, -18344, -3963, 44712
20900.5, 1316, 324, -9844, 1646, -19180, -18327, -3443, 44712
20904.2, 1243, 324, -9844, 1646, -19180, -18327, -3443, 44711
20908.4, 1287, 339, -10120, 1588, -17946, -17592, -3421, 44711
20912.1, 1320, 339, -10120, 1588, -17946, -17592, -3421, 44696
20915.8, 1303, 339, -10120, 1588, -17946, -17592, -3421, 44691
20920.1, 1357, 355, -10233, 1600, -16647, -17338, -3858, 44691
20923.8, 1188, 355, -10233, 1600, -16647, -17338, -3858, 44710
20928.1, 1269, 472, -10171, 1701, -14582, -18349, -4256, 44710
20931.8, 1271, 472, -10171, 1701, -14582, -18349, -4256, 44687
20934.1, 53, 472, -10171, 1701, -14582, -18349, -4256, 44687
20939.9, 1334, 723, -9824, 1519, -12420, -19451, -4659, 44674
20943.6, 1245, 723, -9824, 1519, -12420, -19451, -4659, 44651
20947.8, 1316, 851, -9567, 1439, -11458, -19477, -4641, 44651
20951.6, 1280, 851, -9567, 1439, -11458, -19477, -4641, 44644
20953.9, 58, 851, -9567, 1439, -11458, -19477, -4641, 44644
20959.6, 1353, 902, -9418, 1470, -10784, -19057, -4195, 44632
20963.4, 1190, 902, -9418, 1470, -10784, -19057, -4195, 44640
20969.1, 1288, 970, -9610, 1490, -9366, -17548, -3815, 44609
20972.8, 1300, 970, -9610, 1490, -9366, -17548, -3815, 44584
20978.6, 1346, 1033, -9701, 1347, -7118, -14402, -4178, 44573
20980.8, 45, 1033, -9701, 1347, -7118, -14402, -4178, 44573
20983.2, 24, 1033, -9701, 1347, -7118, -14402, -4178, 44573
20988.9, 1365, 894, -9966, 1422, -4510, -11488, -4624, 44559
20991.2, 45, 894, -9966, 1422, -4510, -11488, -4624, 44559
20995.4, 1325, 894, -9966, 1422, -844, -11033, -4882, 44559
20999.1, 1266, 894, -9966, 1422, -844, -11033, -4882, 44555
21001.4, 44, 894, -9966, 1422, -844, -11033, -4882, 44555
21005.6, 1375, 778, -10180, 1462, 1325, -11257, -4781, 44555
21009.3, 1288, 778, -10180, 1462, 1325, -11257, -4781, 44545
21011.6, 45, 778, -10180, 1462, 1325, -11257, -4781, 44545
21015.8, 1368, 585, -10091, 1509, 3215, -11296, -4563, 44545
21019.5, 1292, 585, -10091, 1509, 3215, -11296, -4563, 44536
21021.8, 48, 585, -10091, 1509, 3215, -11296, -4563, 44536
21026.0, 1376, 825, -9882, 1490, 4318, -12801, -4847, 44536
21029.7, 1286, 825, -9882, 1490, 4318, -12801, -4847, 44549
21034.0, 1318, 825, -9882, 1490, 4318, -12801, -4847, 44549
21037.8, 1350, 825, -9882, 1490, 4318, -12801, -4847, 44517
21041.5, 1311, 825, -9882, 1490, 4318, -12801, -4847, 44498
21045.8, 1375, 1165, -9984, 1648, 9113, -15872, -4786, 44498
21049.5, 1335, 1165, -9984, 1648, 9113, -15872, -4786, 44486
21053.7, 1260, 1165, -9984, 1648, 9113, -15872, -4786, 44486
21057.5, 1341, 1165, -9984, 1648, 9113, -15872, -4786, 44473
21061.3, 1264, 1165, -9984, 1648, 9113, -15872, -4786, 44469
21065.5, 1290, 825, -10305, 1612, 13567, -12810, -4458, 44469
21069.3, 1226, 825, -10305, 1612, 13567, -12810, -4458, 44446
21073.5, 1270, 825, -10305, 1612, 13567, -12810, -4130, 44446
21077.3, 1321, 825, -10305, 1612, 13567, -12810, -4130, 44432
21081.0, 1326, 825, -10305, 1612, 13567, -12810, -4130, 44415
21085.3, 1327, 349, -9631, 1457, 14232, -16410, -3823, 44415
21089.0, 1276, 349, -9631, 1457, 14232, -16410, -3823, 44396
21093.2, 1384, 349, -9631, 1457, 14232, -16410, -3911, 44396
21096.9, 1352, 349, -9631, 1457, 14232, -16410, -3911, 44381
21100.6, 1323, 349, -9631, 1457, 14232, -16410, -3911, 44367
21104.9, 1305, 1009, -9223, 1255, 8295, -19609, -4978, 44367
21108.6, 1249, 1009, -9223, 1255, 8295, -19609, -4978, 44351
21112.8, 1394, 1009, -9223, 1255, 8295, -19609, -4978, 44351
21116.6, 1288, 1009, -9223, 1255, 8295, -19609, -4978, 44337
21118.8, 63, 1009, -9223, 1255, 8295, -19609, -4978, 44337
21124.6, 1334, 1421, -10037, 1508, 7389, -5963, -5464, 44317
21128.3, 1323, 1421, -10037, 1508, 7389, -5963, -5464, 44301
21134.0, 1397, 1421, -10037, 1508, 7389, -5963, -5464, 44285
21136.2, 47, 1421, -10037, 1508, 7389, -5963, -5464, 44285
21138.5, 25, 1421, -10037, 1508, 7389, -5963, -5464, 44285
21144.2, 1390, 1278, -10342, 1160, 6133, 8194, -1163, 44264
21146.5, 48, 1278, -10342, 1160, 6133, 8194, -1163, 44264
21150.7, 1337, 950, -10447, 1393, 6706, 8194, -1163, 44264
21154.5, 1251, 950, -10447, 1393, 6706, 8194, -1163, 44249
21156.7, 43, 950, -10447, 1393, 6706, 8194, -1163, 44249
21161.0, 1369, 765, -10437, 1649, 7945, 11025, -1819, 44249
21164.7, 1295, 765, -10437, 1649, 7945, 11025, -1819, 43718
21167.0, 46, 765, -10437, 1649, 7945, 11025, -1819, 43718
21172.7, 1507, 716, -10133, 1462, 5998, 10539, -4983, 43717
21176.4, 1344, 716, -10133, 1462, 5998, 10539, -4983, 43704
21180.7, 1378, 698, -9710, 1475, 4410, 9056, -6374, 43704
21184.4, 1289, 698, -9710, 1475, 4410, 9056, -6374, 43690
21186.7, 46, 698, -9710, 1475, 4410, 9056, -6374, 43690
21190.9, 1331, 668, -9555, 1599, 4781, 7953, -4655, 43690
21194.7, 1283, 668, -9555, 1599, 4781, 7953, -4655, 43658
21198.9, 1333, 652, -9631, 1758, 5293, 7271, -2708, 43658
21202.6, 1387, 652, -9631, 1758, 5293, 7271, -2708, 43678
21206.4, 1357, 652, -9631, 1758, 5293, 7271, -2708, 43674
21210.6, 1352, 715, -9836, 1862, 5197, 5726, -2261, 43674
21214.4, 1302, 715, -9836, 1862, 5197, 5726, -2261, 43667
21218.6, 1418, 795, -10100, 1829, 6033, 3329, -2760, 43667
21222.3, 1385, 795, -10100, 1829, 6033, 3329, -2760, 43659
21226.1, 1421, 795, -10100, 1829, 6033, 3329, -2760, 43652
21230.3, 1280, 795, -10101, 1735, 7350, 1093, -3250, 43652
21234.0, 1309, 795, -10101, 1735, 7350, 1093, -3250, 43618
21238.2, 1383, 713, -9999, 1786, 8286, -686, -3504, 43618
21242.0, 1321, 713, -9999, 1786, 8286, -686, -3504, 43655
21245.7, 1336, 713, -9999, 1786, 8286, -686, -3504, 43641
21250.0, 1332, 757, -9881, 1728, 8763, -2747, -3985, 43641
21253.7, 1356, 757, -9881, 1728, 8763, -2747, -3985, 43642
21257.9, 1422, 756, -9898, 1705, 9248, -4646, -5420, 43642
21261.6, 1333, 756, -9898, 1705, 9248, -4646, -5420, 43628
21263.9, 68, 756, -9898, 1705, 9248, -4646, -5420, 43628
21269.6, 1386, 872, -9781, 1501, 9218, -4396, -6667, 43629
21273.3, 1373, 872, -9781, 1501, 9218, -4396, -6667, 43622
21279.0, 1394, 980, -9766, 1637, 8610, -3018, -6750, 43612
21282.7, 1342, 980, -9766, 1637, 8610, -3018, -6750, 43626
21288.5, 1443, 1009, -9816, 1753, 8601, -2835, -6461, 43615
21292.2, 1312, 1009, -9816, 1753, 8601, -2835, -6461, 43622
21298.0, 1443, 994, -9887, 1884, 9060, -3670, -6317, 43573
21301.7, 1268, 994, -9887, 1884, 9060, -3670, -6317, 43614
21306.0, 1309, 911, -9874, 1920, 10390, -4956, -6273, 43614
21309.7, 1312, 911, -9874, 1920, 10390, -4956, -6273, 43605
21312.0, 51, 911, -9874, 1920, 10390, -4956, -6273, 43605
21317.7, 1447, 779, -9907, 1941, 11195, -6986, -6146, 43602
21321.4, 1287, 779, -9907, 1941, 11195, -6986, -6146, 43600
21325.7, 1324, 671, -9786, 1955, 11445, -10368, -5700, 43600
21329.4, 1277, 671, -9786, 1955, 11445, -10368, -5700, 43780
21331.7, 46, 671, -9786, 1955, 11445, -10368, -5700, 43780
21335.9, 1351, 784, -9513, 1866, 10679, -14442, -5215, 43780
21339.6, 1276, 784, -9513, 1866, 10679, -14442, -5215, 43583
21341.9, 48, 784, -9513, 1866, 10679, -14442, -5215, 43583
21347.6, 1462, 893, -9402, 1963, 10600, -17657, -4812, 43576
21351.3, 1298, 893, -9402, 1963, 10600, -17657, -4812, 43531
21355.6, 1303, 1018, -9464, 2072, 11073, -19858, -5245, 43531
21359.3, 1269, 1018, -9464, 2072, 11073, -19858, -5245, 43565
21361.5, 49, 1018, -9464, 2072, 11073, -19858, -5245, 43565
21365.8, 1345, 1061, -9681, 1812, 11309, -20842, -6383, 43565
21369.5, 1290, 1061, -9681, 1812, 11309, -20842, -6383, 43575
21373.7, 1331, 1113, -9854, 1660, 11278, -19189, -7021, 43575
21377.5, 1318, 1113, -9854, 1660, 11278, -19189, -7021, 43570
21381.2, 1281, 1113, -9854, 1660, 11278, -19189, -7021, 43540
21385.5, 1279, 1078, -9855, 1526, 10412, -15439, -6286, 43540
21389.3, 1302, 1078, -9855, 1526, 10412, -15439, -6286, 43564
21393.5, 1391, 1121, -9769, 1639, 9178, -12066, -4956, 43564
21397.2, 1330, 1121, -9769, 1639, 9178, -12066, -4956, 43553
21401.0, 1272, 1121, -9769, 1639, 9178, -12066, -4956, 43546
21405.3, 1314, 1195, -9661, 1737, 8544, -10088, -4431, 43546
21409.0, 1353, 1195, -9661, 1737, 8544, -10088, -4431, 43545
21413.3, 1386, 1173, -9564, 1810, 8658, -8561, -4830, 43545
21417.0, 1362, 1173, -9564, 1810, 8658, -8561, -4830, 43537
21420.7, 1234, 1173, -9564, 1810, 8658, -8561, -4830, 43539
21425.0, 1332, 1209, -9437, 1837, 8474, -6930, -5149, 43539
21428.7, 1383, 1209, -9437, 1837, 8474, -6930, -5149, 43522
21432.9, 1372, 1161, -9410, 1888, 7210, -5731, -4681, 43522
21436.7, 1252, 1161, -9410, 1888, 7210, -5731, -4681, 43506
21439.0, 55, 1161, -9410, 1888, 7210, -5731, -4681, 43506
21444.7, 1389, 1161, -9504, 1980, 6671, -4589, -3902, 43512
21448.5, 1322, 1161, -9504, 1980, 6671, -4589, -3902, 43500
21452.7, 1361, 1094, -9693, 2009, 6711, -3114, -3386, 43500
21456.4, 1285, 1094, -9693, 2009, 6711, -3114, -3386, 43489
21458.7, 55, 1094, -9693, 2009, 6711, -3114, -3386, 43489
21464.5, 1495, 1038, -9765, 1881, 5709, -980, -2883, 43517
21466.7, 56, 1038, -9765, 1881, 5709, -980, -2883, 43517
21471.0, 1268, 816, -9798, 1910, 5153, 621, -1889, 43517
21474.7, 1307, 816, -9798, 1910, 5153, 621, -1889, 43478
21477.0, 49, 816, -9798, 1910, 5153, 621, -1889, 43478
21482.7, 1466, 612, -9807, 2006, 6168, 1509, -629, 43477
21486.4, 1293, 612, -9807, 2006, 6168, 1509, -629, 43452
21490.7, 1349, 486, -9789, 2179, 6475, 1185, -319, 43452
21494.4, 1345, 486, -9789, 2179, 6475, 1185, -319, 43431
21496.7, 54, 486, -9789, 2179, 6475, 1185, -319, 43431
21500.9, 1357, 433, -9869, 2207, 5193, -236, -1089, 43431
21504.6, 1322, 433, -9869, 2207, 5193, -236, -1089, 43463
21506.9, 52, 433, -9869, 2207, 5193, -236, -1089, 43463
21512.6, 1489, 619, -10070, 2197, 4090, -2091, -2169, 43451
21516.3, 1283, 619, -10070, 2197, 4090, -2091, -2169, 43397
21520.6, 1310, 882, -10250, 2134, 3316, -3325, -2808, 43397
21524.3, 1321, 882, -10250, 2134, 3316, -3325, -2808, 43463
21526.6, 53, 882, -10250, 2134, 3316, -3325, -2808, 43463
21530.9, 1311, 1205, -10259, 1998, 2970, -3167, -2918, 43463
